:020000041000EA
:1000000054040014C0035FD600000000000000008C
:1000100000000000000000000000000000000000E0
:1000200000000000000000000000000000000000D0
:1000300000000000000000000000000000000000C0
:1000400000000000000000000000000000000000B0
:1000500000000000000000000000000000000000A0
:100060000000000000000000000000000000000090
:100070000000000000000000000000000000000080
:1000800004050014C0035FD600000000000000005B
:100090000000000000000000000000000000000060
:1000A0000000000000000000000000000000000050
:1000B0000000000000000000000000000000000040
:1000C0000000000000000000000000000000000030
:1000D0000000000000000000000000000000000020
:1000E0000000000000000000000000000000000010
:1000F0000000000000000000000000000000000000
:1001000090040014C0035FD600000000000000004F
:1001100000000000000000000000000000000000DF
:1001200000000000000000000000000000000000CF
:1001300000000000000000000000000000000000BF
:1001400000000000000000000000000000000000AF
:10015000000000000000000000000000000000009F
:10016000000000000000000000000000000000008F
:10017000000000000000000000000000000000007F
:100180007F2003D5F7030014C0035FD600000000F2
:10019000000000000000000000000000000000005F
:1001A000000000000000000000000000000000004F
:1001B000000000000000000000000000000000003F
:1001C000000000000000000000000000000000002F
:1001D000000000000000000000000000000000001F
:1001E000000000000000000000000000000000000F
:1001F00000000000000000000000000000000000FF
:10020000DC030014C0035FD6000000000000000003
:1002100000000000000000000000000000000000DE
:1002200000000000000000000000000000000000CE
:1002300000000000000000000000000000000000BE
:1002400000000000000000000000000000000000AE
:10025000000000000000000000000000000000009E
:10026000000000000000000000000000000000008E
:10027000000000000000000000000000000000007E
:1002800084040014C0035FD60000000000000000DA
:10029000000000000000000000000000000000005E
:1002A000000000000000000000000000000000004E
:1002B000000000000000000000000000000000003E
:1002C000000000000000000000000000000000002E
:1002D000000000000000000000000000000000001E
:1002E000000000000000000000000000000000000E
:1002F00000000000000000000000000000000000FE
:1003000010040014C0035FD60000000000000000CD
:1003100000000000000000000000000000000000DD
:1003200000000000000000000000000000000000CD
:1003300000000000000000000000000000000000BD
:1003400000000000000000000000000000000000AD
:10035000000000000000000000000000000000009D
:10036000000000000000000000000000000000008D
:10037000000000000000000000000000000000007D
:100380007F2003D57F030014C0035FD60000000068
:10039000000000000000000000000000000000005D
:1003A000000000000000000000000000000000004D
:1003B000000000000000000000000000000000003D
:1003C000000000000000000000000000000000002D
:1003D000000000000000000000000000000000001D
:1003E000000000000000000000000000000000000D
:1003F00000000000000000000000000000000000FD
:100400007F2003D563030014C0035FD60000000003
:1004100000000000000000000000000000000000DC
:1004200000000000000000000000000000000000CC
:1004300000000000000000000000000000000000BC
:1004400000000000000000000000000000000000AC
:10045000000000000000000000000000000000009C
:10046000000000000000000000000000000000008C
:10047000000000000000000000000000000000007C
:100480007F2003D547030014C0035FD6000000009F
:10049000000000000000000000000000000000005C
:1004A000000000000000000000000000000000004C
:1004B000000000000000000000000000000000003C
:1004C000000000000000000000000000000000002C
:1004D000000000000000000000000000000000001C
:1004E000000000000000000000000000000000000C
:1004F00000000000000000000000000000000000FC
:100500007F2003D52B030014C0035FD6000000003A
:1005100000000000000000000000000000000000DB
:1005200000000000000000000000000000000000CB
:1005300000000000000000000000000000000000BB
:1005400000000000000000000000000000000000AB
:10055000000000000000000000000000000000009B
:10056000000000000000000000000000000000008B
:10057000000000000000000000000000000000007B
:100580007F2003D50F030014C0035FD600000000D6
:10059000000000000000000000000000000000005B
:1005A000000000000000000000000000000000004B
:1005B000000000000000000000000000000000003B
:1005C000000000000000000000000000000000002B
:1005D000000000000000000000000000000000001B
:1005E000000000000000000000000000000000000B
:1005F00000000000000000000000000000000000FB
:100600007F2003D5F3020014C0035FD60000000072
:1006100000000000000000000000000000000000DA
:1006200000000000000000000000000000000000CA
:1006300000000000000000000000000000000000BA
:1006400000000000000000000000000000000000AA
:10065000000000000000000000000000000000009A
:10066000000000000000000000000000000000008A
:10067000000000000000000000000000000000007A
:100680007F2003D5D7020014C0035FD6000000000E
:10069000000000000000000000000000000000005A
:1006A000000000000000000000000000000000004A
:1006B000000000000000000000000000000000003A
:1006C000000000000000000000000000000000002A
:1006D000000000000000000000000000000000001A
:1006E000000000000000000000000000000000000A
:1006F00000000000000000000000000000000000FA
:100700007F2003D5BB020014C0035FD600000000A9
:1007100000000000000000000000000000000000D9
:1007200000000000000000000000000000000000C9
:1007300000000000000000000000000000000000B9
:1007400000000000000000000000000000000000A9
:100750000000000000000000000000000000000099
:100760000000000000000000000000000000000089
:100770000000000000000000000000000000000079
:0C0780007F2003D59F020014C0035FD649
:1010000000000090002040F900003FD60000009052
:10101000002440F9E00300AA0100805201000039D9
:1010200000000090002840F9E00300AA210080524F
:101030000100003977000014C0035FD61F2003D5DC
:10104000603900100000000000B100100000000036
:1010500068390010000000000000000000000000DF
:101060009F3F03D51F7508D5BF3F03D5220039D553
:10107000406858D303084092A30500B4040080D20E
:101080000C000014080500D1091C00530921C99A5D
:10109000290105AACA1C0053EA20CA9A29010AAAF2
:1010A000497608D508FFFFB5870300B58404009191
:1010B0009F0003EB82030054600080D2807C009B81
:1010C000001C00534024C09A000840921F0800F101
:1010D000E3FEFF5485F87FD3E00305AA00001AD58C
:1010E0009F3F03D5000039D501084092261000919A
:1010F000013043D321244092076C4DD3E73840920E
:101100002010C05A007C40D31F8000F181000054A1
:10111000000400D102000014E70400D1E80301AA92
:10112000DAFFFF179F3F03D5DF3F03D50000009094
:1011300000A440F9E00300AA210080520100003918
:1011400034000014C0035FD600B10010000000009E
:10115000C0035FD600000000000000000000000097
:10116000C0035FD600000000000000000000000087
:10117000C0035FD600000000000000000000000077
:10118000C0035FD600000000000000000000000067
:10119000C0035FD600000000000000000000000057
:1011A000C0035FD600000000000000000000000047
:1011B000C0035FD600000000000000000000000037
:1011C000C0035FD600000000000000000000000027
:1011D000C0035FD600000000000000000000000017
:1011E000C0035FD600000000000000000000000007
:1011F000C0035FD6000000000000000000000000F7
:10120000C0035FD6000000000000000000000000E6
:101210004005005800C01ED500C01CD500C018D520
:10122000000080D200101ED500101CD5001018D56B
:1012300000000090005841F9E10300AA3F0000912E
:10124000000080D240111ED540111CD51F111ED5A3
:10125000DF3F03D5010080522100153221001632F4
:1012600021001D3221001E3221001F3201111ED526
:10127000DF3F03D50200B0D202111CD5A00038D543
:10128000A0001CD5000038D500001CD51F211CD59E
:1012900000088F52A02FA072E00300AA00E01BD527
:1012A0001F870ED51F7108D506000014C0035FD636
:1012B000A09B0210000000000000001000000000D1
:1012C000FD7BBFA9FD030091A2070094000180529D
:1012D0001C07009400008CD2040000902025B0F27E
:1012E000020440D1E55E8B12E35E8B52010040B9EF
:1012F000849C41F92100052A213C0012010000B91B
:10130000442000B902A09452010040B92100030A10
:101310002100022A010000B9BF3F03D58004B0D2EA
:1013200021008052019C01B90A010014FD7BC1A873
:10133000C0035FD61F2003D560100010000000001E
:10134000FE7FBFA9FC77BFA9FA6FBFA9F867BFA945
:10135000F65FBFA9F457BFA9F24FBFA9F047BFA9D5
:10136000EE3FBFA9EC37BFA9EA2FBFA9E827BFA965
:10137000E61FBFA9E417BFA9E20FBFA9E007BFA9F5
:1013800000443BD521443BD5E007BFA9FE7FBFAD5C
:10139000FC77BFADFA6FBFADF867BFADF65FBFAD0D
:1013A000F457BFADF24FBFADF047BFADEE3FBFAD9D
:1013B000EC37BFADEA2FBFADE827BFADE61FBFAD2D
:1013C000E417BFADE20FBFADE007BFAD03403ED5B0
:1013D00022403ED5E20FBFA972000094E417C1A8D5
:1013E00005401ED524401ED59F3F03D5DF3F03D5C2
:1013F000E007C1ACE20FC1ACE417C1ACE61FC1AC61
:10140000E827C1ACEA2FC1ACEC37C1ACEE3FC1ACB0
:10141000F047C1ACF24FC1ACF457C1ACF65FC1AC00
:10142000F867C1ACFA6FC1ACFC77C1ACFE7FC1AC50
:10143000E007C1A800441BD521441BD5E007C1A883
:10144000E20FC1A8E417C1A8E61FC1A8E827C1A8F8
:10145000EA2FC1A8EC37C1A8EE3FC1A8F047C1A848
:10146000F24FC1A8F457C1A8F65FC1A8F867C1A898
:10147000FA6FC1A8FC77C1A8FE7FC1A8E0039FD680
:10148000C0035FD600000000000000000000000064
:10149000BF4000D5E007BFA9E20FBFA9E417BFA96D
:1014A000E61FBFA9E827BFA9EA2FBFA9EC37BFA94C
:1014B000EE3FBFA9F047BFA9F24FBFA9FD7BBFA96F
:1014C00010000094FD7BC1A8F24FC1A8F047C1A84D
:1014D000EE3FC1A8EC37C1A8EA2FC1A8E827C1A8F0
:1014E000E61FC1A8E417C1A8E20FC1A8E007C1A880
:1014F000E0039FD6C0035FD600000000000000009C
:10150000FD7BBEA9FD030091F30B00F939030094A4
:10151000138000511F7C007169020054000000908C
:1015200001BC42F921CC338B0000009002000090F6
:1015300000C442F943C842F9020040394404001192
:1015400004000039737822B8BF3F03D5200040F96A
:1015500000003FD6E003132AF30B40F9FD7BC2A83D
:1015600018030014E103002A0000009000C042F9B3
:10157000014C218BEDFFFF1710CC01100000000083
:101580000050001000000000085100100000000092
:1015900010510010000000000000000000000000DA
:1015A000FD7BBDA9FD030091F51300F90D03009427
:1015B000E103002A00F00F511F0C007109050054CF
:1015C00015008052F35301A9020000900000009022
:1015D00034800051534443F9004843F962024039D2
:1015E0004304001163020039147822B8BF3F03D5C9
:1015F000FF4103D5DF3F03D53F7C00710802005453
:1016000000000090005043F9005861F800003FD6F8
:10161000DF4103D5DF3F03D561024039E003142ADF
:101620002104005161020039F35341A9350100350D
:10163000F51340F9FD7BC3A8DA0200140000009006
:10164000004C43F900D874F800003FD6F1FFFF17B3
:10165000F51340F9FD7BC3A8DA020014E5020094FB
:10166000E103002A00F00F51350080521F0C007179
:1016700069000054F35301A9D4FFFF17F51340F993
:10168000FD7BC3A8E705001408510010000000000E
:10169000105100100000000010CC011000000000EC
:1016A00000500010000000000000000000000000DA
:1016B000FD7BBFA9FD030091EA0300944D04009453
:1016C0004404009433040094FD7BC1A83904001441
:1016D000FD7BBEA960008052FD030091F30B00F971
:1016E00034060094200282522000A072B9060094B1
:1016F00060008052DF050094E00180D2A0CC1ED5AE
:10170000330080D2B3CC18D5400080D260C818D541
:1017100060CC18D500068052C201009441020094AA
:10172000E003132A93020094E01F80D2004618D5EC
:10173000E003132A17020094600080D2E0CC1ED58B
:10174000F30B40F9FD7BC2A8C0035FD60000000088
:10175000FD7BBEA900000090FD030091F35301A999
:10176000140844F9800240396003003700000090FB
:10177000130C44F9000080526A080094600240395A
:101780002003003620008052660800941101009466
:101790003401009460024039000300364D04009487
:1017A000C4FFFF9747010094400080525D080094F9
:1017B00060024039C0010036C6FFFF97A9050094BA
:1017C000000080D2874400949F020039B13C00940D
:1017D0000000001400000090130C44F97F0200394F
:1017E000E5FFFF1747040094E7FFFF170D00009483
:1017F000E8000094F1FFFF17CE0300946002403927
:10180000E0FC07378B060094E5FFFF171F2003D588
:10181000683900100000000000B100100000000056
:10182000FD7BB9A960008052FD030091F35301A92B
:10183000F55B02A9F76303A9F96B04A9FB7305A97A
:10184000DC050094050000900B0000900A00009059
:1018500006000090040000900E0000900000009030
:101860000F0000900D0000900C0000900900009007
:101870000800009007000090030000900200009014
:1018800001000090BB8445F9058082D27E9945F91C
:101890002525B0F2519D45F9B9000491CBAC45F92D
:1018A000B70008918AB045F9B5000C91D88D45F97B
:1018B000B300109100C045F9B2001491B000189126
:1018C000AE001C91FA8945F9E03700F9B69145F967
:1018D000949545F92FA145F90DA545F9ECA845F9D1
:1018E00069B445F9030080D248B845F9820080D236
:1018F00027BC45F9010080D260F07DD3646B61B8EC
:101900001C00058B666B62B863040091046825B8FF
:101910000400198B860700B91C00178B466B61B851
:10192000066839B8466B62B8860400B90400158BA6
:10193000066B61B8066837B8066B62B8860700B9EF
:101940001C00138BC66A61B8066835B8C66A62B8EF
:10195000860400B90400128B866A61B8066833B841
:10196000866A62B8860700B91C00108BC66B61B826
:10197000066832B8C66B62B8860400B904000E8BE4
:10198000266A61B8066830B8266A62B8860700B968
:10199000068083D22625B0F21C00068BE66961B86A
:1019A00006682EB8E66962B8860400B904A083D23E
:1019B0002425B0F20600048BE63300F9068083D2BA
:1019C0002625B0F2A46961B8046826B8A46962B893
:1019D000840700B9048080D2866961B82425B0F2FA
:1019E0001C00048B04A083D22425B0F2066824B81E
:1019F000E63340F9846962B8C40400B904A080D217
:101A00002425B0F20600048B840004D1E63300F9EB
:101A1000666961B8066824B8666962B8860700B965
:101A200006C080D2446961B82625B0F21C00068B3E
:101A3000C60004D1046826B8E63340F9446962B8A8
:101A4000C40400B904E080D22425B0F20600048B5F
:101A5000E63300F906C080D22625B0F2246961B8C9
:101A6000046826B8246962B8840700B9040081D2EA
:101A7000066961B82425B0F21C00048B840004D1EF
:101A8000066824B8E63340F9046962B8C40400B9B2
:101A9000042081D2060081D22425B0F22625B0F29E
:101AA0000400048BE43300F9E46861B8046826B8E4
:101AB000E46862B8E63740F9840700B9042081D2AF
:101AC0002425B0F2DC6861B8212000911C6824B89C
:101AD000E43340F9C06862B842200091800400B944
:101AE0007F4000F1A1F0FF54F35341A96000805200
:101AF000F55B42A9F76343A9F96B44A9FB7345A9B8
:101B0000FD7BC7A8DB04001410EF011000000000EB
:101B100090EE01100000000010EE01100000000027
:101B200090ED01100000000010ED01100000000019
:101B300090EC01100000000010EC0110000000000B
:101B400090EB01100000000010EB011000000000FD
:101B500090EA01100000000010EA011000000000EF
:101B600090E901100000000010E9011000000000E1
:101B700090E801100000000010E8011000000000D3
:101B800090E70110000000000000000000000000CD
:101B90000084B1D2010040B981010037010040B991
:101BA00002088F52A22FA07221781F12010000B9E3
:101BB000022000B91F0800B91F0C00B9010040B98C
:101BC00021000032010000B9C0035FD60000000010
:101BD000C0035FD60000000000000000000000000D
:101BE000FF8300D1E10700F9E10740F9210300B4C8
:101BF000E10740F921FC43D3010300B4010C018B40
:101C0000E20300AA002000915F0000F93F0000EB12
:101C100081FFFF54E00740F900084092E00F00F90F
:101C2000E00F40F9400100B4E00F40F9000100B4BA
:101C3000000080D21F2003D53F68203800040091A7
:101C4000E20F40F95F0000EB88FFFF549F3F03D590
:101C5000FF830091C0035FD6E10300AAEEFFFF17E8
:101C6000FD7BBFA90000009001000090FD030091E2
:101C7000005446F9215046F9210000CBD9FFFF97C7
:101C8000FD7BC1A80000009001000090005C46F9B7
:101C9000215846F9210000CBD2FFFF171F2003D5A2
:101CA00000B1001000000000005000100000000013
:101CB000A0FB01100000000000F301100000000074
:101CC000FD7BBDA90000009001000090FD03009184
:101CD00000AC46F9F35301A934B046F9F51300F905
:101CE000000014CB1F0000F12D01005415FC43939C
:101CF000130080D21F2003D5807A73F873060091F9
:101D000000003FD6BF0213EB8CFFFF540000009091
:101D10000100009000B446F934B846F9000014CB35
:101D200015FC43931F0000F1ED000054130080D216
:101D3000807A73F87306009100003FD6BF0213EB60
:101D40008CFFFF54F35341A9F51340F9FD7BC3A861
:101D5000C0035FD61F2003D5F8F201100000000079
:101D6000F8F2011000000000F8F20110000000007D
:101D7000F8F2011000000000000000000000000068
:101D800001000090001F80D2210447F93F0000B9F4
:101D9000004618D5000000900360B0D20400009007
:101DA000A260B0D2050847F9000080D2610040B9B6
:101DB000840C47F921080032A60040B9610000B93F
:101DC000A10440B946000CB941040CB91F2003D549
:101DD00001080011827860B821000C910004009184
:101DE000627821B81FF400F141FFFF54FF4F03D583
:101DF000DF3F03D5000580D2210080528060B0F221
:101E0000010000B9C0035FD60451001000000000BB
:101E100080E601100000000090E6011000000000C4
:101E20000160B0D200041C12200000B9C0035FD6CC
:101E300000800011022080D20260B0F221008052A6
:101E4000037C05532020C01A407823B8C0035FD616
:101E500000800011023080D20260B0F22100805276
:101E6000037C05532020C01A407823B8C0035FD6F6
:101E700000800011038080D20360B0F2E21F805224
:101E8000047C025300041D534220C01A657864B8D4
:101E90002120C01AA200220A2100022A617824B857
:101EA000C0035FD60000000000000000000000003A
:101EB000E000F837007C409303208CD20360B0F23E
:101EC000E203022A410001AA617820F8C0035FD62C
:101ED00000800011038081D20360B0F26200805262
:101EE000047C0453000C1F534220C01A657864B868
:101EF0002120C01AA200220A2100022A617824B8F7
:101F0000C0035FD6000000000000000000000000D9
:101F100000800011025080D20260B0F22100805295
:101F2000037C05532020C01A407823B8C0035FD635
:101F300002800011051080D20560B0F2001000127E
:101F4000427C0553230080522400030A210441D31C
:101F5000A70032916320C01AA67862B88420C01A04
:101F60002120C01AC000230A8000002AA07822B8CD
:101F7000E07862B80300230A2100032AE17822B83E
:101F8000C0035FD600000000000000000000000059
:101F9000810080D2040441930160B0F203004093B9
:101FA0002504805222C447B80518A47240100012BC
:101FB0000000050B00787ED3230000B921100091AA
:101FC000247C0CB93F0000EB81FFFF54C0035FD6B7
:101FD0000002F8370080001103029CD20360B0F2C7
:101FE00021000012047C045342008052000C1F5355
:101FF0004100014B62008052657864B84220C01AEB
:102000002020C01AA100220A0000012A607824B80A
:10201000C0035FD6000000000000000000000000C8
:10202000810480D2400080528160B0F2200000B96B
:1020300020005FB800781E1220001FB820005FB893
:10204000A0001036214000D11F2003D5200040B948
:10205000C0FF1737C0035FD600000000000000007B
:10206000022080D221008052A260B0F22120C01A4A
:10207000410000B9C0035FD600000000000000006E
:10208000023080D221008052A260B0F22120C01A1A
:10209000410000B9C0035FD600000000000000004E
:1020A00003087E92A260B0D26300028B00041D532D
:1020B000E21F80524220C01A640044B92120C01A95
:1020C0008200220A2100022A610004B9C0035FD6FF
:1020D000031044D3A460B0D2000C1F53620080529E
:1020E0008308038B4220C01A2120C01A60004CB91B
:1020F0000200220A2100022A61000CB9C0035FD647
:10210000025080D221008052A260B0F22120C01A79
:10211000410000B9C0035FD60000000000000000CD
:10212000041080D200100012A460B0F2230000124C
:1021300022008052210441D3850040B94220C01AB8
:102140006320C01AA500220A2120C01A6300052AB4
:10215000830000B983804CB96200220A2100022A60
:1021600081800CB9C0035FD60000000000000000B1
:10217000011080D202004093A160B0F200044193AC
:10218000220000B920800CB9C0035FD60000000017
:10219000000180D28060B0F2000440B9C0035FD675
:1021A000FF4300D100800011005C4092E00700F97D
:1021B000E00740F920C818D5FF430091C0035FD65F
:1021C000FF4300D100800011005C4092E00700F95D
:1021D000E00740F920CC18D5FF430091C0035FD63B
:1021E00000C838D5005C0012C0035FD600000000B4
:1021F00000CC38D5005C0012C0035FD600000000A0
:10220000FF4300D10500A8D21F040071A0000054B4
:102210001F080071050082D20004A0D2A510809A88
:10222000600040F9FF0F00B9640840F9000002CBDC
:10223000E70F40B90008C59A8208C59A00707D93DF
:102240000000018BE603022A5F00076B4D02005479
:10225000610C40F9E40300AA0020009122004092A2
:1022600061000036620440F9220002AAE10F40B981
:10227000820000F921040011E10F00B9610440F966
:10228000E20F40B92100058B610400F9DF00026B09
:102290000CFEFF54FF430091C0035FD60000000016
:1022A000E80300AAFD7BBCA9E97740B2FD030091D9
:1022B000000040F9010540F9E00702A9010940F9D1
:1022C000E11B00F9020D40F9E21F00F91F0009EBC4
:1022D00048040054020000900100018B0A00B8D2AB
:1022E000421C43F9E20F00F93F000AEB880A005450
:1022F0000A00B0D23F000AEB281400542A050091CE
:102300003F000AEB690F0054E10F40F9440100CB94
:10231000E3830091020080D240008052E41B00F968
:10232000B8FFFF97E41340F901000090050940F958
:1023300084000ACB212043F98400058BE2030AAA1A
:1023400040008052EA1300F9E41B00F9ADFFFF974B
:10235000FD7BC4A8C0035FD6EA7B40B21F000AEB36
:10236000E8030054020000900100018B0B00B8D27A
:10237000422043F9E20F00F93F000BEB880C0054B8
:102380004B0500913F000BEB29130054E10F40F97E
:10239000640100CB2205009140008052E38300914C
:1023A000E41B00F997FFFF9701000090E2030BAADE
:1023B000E41340F940008052212443F9EB1300F963
:1023C000050940F984000BCB8400058BE41B00F960
:1023D0008CFFFF97FD7BC4A8C0035FD60900A8123D
:1023E0001F0009EB28070054020000900100018B38
:1023F0002B050091422443F9E20F00F93F000BEB5B
:1024000009110054E10F40F9640100CB420500912D
:1024100040008052E3830091E41B00F979FFFF97AD
:1024200001000090E2030BAAE41340F9400080523F
:10243000212843F9EB1300F9E2FFFF172B05009168
:10244000E3830091640100CBE10302AA40008052C3
:10245000020080D2E41B00F96AFFFF97EB1300F93A
:1024600001000090E2030BAA40008052EB1B00F930
:10247000212043F963FFFF97EB1B00F90100009057
:102480000200B0D240008052E21300F9212443F947
:102490005CFFFF97EA1300F9050140F90100009085
:1024A000040940F9E2030AAA212843F98400058BB4
:1024B00084000ACB40008052E41B00F951FFFF97D3
:1024C000FD7BC4A8C0035FD6E27F40B21F0002EBD1
:1024D000A80900540100009022050091E3830091B7
:1024E00040008052212843F946FFFF97BAFFFF17AB
:1024F000E10F40F9E3830091020080D24000805256
:1025000040FFFF97FD7BC4A8C0035FD64C05009138
:10251000E10302AA840100CBE3830091220500912C
:1025200040008052E41B00F92905009135FFFF9718
:10253000EC1300F901000090E2030CAA4000805265
:10254000E91B00F9212443F92EFFFF97EB1300F953
:10255000050140F901000090040940F9E2030BAACB
:10256000212843F98400058B84000BCB4000805266
:10257000E41B00F923FFFF9797FFFF17E10F40F9D6
:102580002B050091640100CBE3830091020080D20F
:1025900040008052E41B00F91AFFFF97EB1300F98B
:1025A00001000090E2030BAA40008052EB1B00F9EF
:1025B000212043F913FFFF97EA1300F9050140F9C1
:1025C00001000090040940F9E2030AAA212443F91A
:1025D0008400058B84000BCB40008052E41B00F983
:1025E00008FFFF97FD7BC4A8C0035FD6E10F40F949
:1025F00022050091E38300914000805201FFFF9784
:1026000075FFFF170100009042040091E3830091E1
:1026100020008052212C43F9FAFEFF976EFFFF172E
:10262000E10F40F942050091E383009140008052A0
:10263000F4FEFF9768FFFF1700A0001000000000E5
:10264000009000100000000000800010000000005A
:10265000007000100000000020B00010000000001A
:10266000FD7BBFA900000090FD030091007C43F9B1
:102670000100003201201ED50500009004000090EA
:10268000030000900200009001000090AD9043F91B
:10269000848043F9AE011891638443F9840440B205
:1026A000428843F9630440B2218C43F9420440B2AA
:1026B000040C00A9210440B2020401A91F2003D583
:1026C000E0030DAAAD810091F6FEFF97DF010DEB4F
:1026D00081FFFF54E09F88D20080A0F20081C1F208
:1026E00000A21ED5A0A386D22010B0F240201ED595
:1026F000FD7BC1A8C0035FD600B000100000000041
:1027000000A0001000000000009000100000000079
:1027100000800010000000000070001000000000A9
:1027200070390010000000000000000000000000F0
:10273000FD7BBFA960008052FD0300911D02009443
:10274000012080D20240A0522125B0F260008052C8
:10275000220000B9220400B9220800B9220C00B9F5
:10276000221000B9221400B9220010B9220410B9B5
:10277000220810B9220C10B9221010B9221410B975
:10278000221810B9FD7BC1A8BA0100140000000096
:1027900000103ED59F3F03D5000074B200101ED537
:1027A000DF3F03D5C0035FD600000000000000003B
:1027B00000103ED59F3F03D500007EB200101ED50D
:1027C000DF3F03D5C0035FD600000000000000001B
:1027D00000103ED59F3F03D5000040B200101ED52B
:1027E000DF3F03D5C0035FD60000000000000000FB
:1027F0009F3F03D51F7508D5BF3F03D52B0039D5A3
:102800006A6958D38A0500B44AF97FD3050080D29B
:1028100009008052EC03805205000014A5080091C5
:10282000290D00115F0105EB200400546025C99AB1
:102830001F047FF240FFFF5405001AD59F3F03D5C8
:10284000040039D5863043D388084092DF0000F178
:10285000C310C05A63108C1A08110011846C4DD338
:10286000C720C39AE70005AA8220C89AE00002AAFE
:10287000407608D5260200B4420005AAE00306AA65
:10288000000400D10120C39A210002AA417608D594
:1028900080FFFFB544FCFFB4840400D18220C89AB5
:1028A000400007AA407608D5F4FFFF179F3F03D5E5
:1028B000DF3F03D5C0035FD624FBFFB4840400D1FF
:1028C000EAFFFF1700000000000000000000000009
:1028D0000125B0D20200009000C08852210440B906
:1028E0006078A472427C44F9212048D30020C11AA8
:1028F000400000B9C0035FD6005100100000000086
:10290000FD7BBDA920008052FD0300918D01009444
:10291000034088D201008CD22305B0F222A0945249
:102920002125B0F2600040B90000022A600000B921
:10293000200040B90000022A200000B9BF3F03D5A3
:102940008204B0D20125B0D224008052E001A0520E
:10295000449C01B9220440B9200400B9200440B9C4
:10296000200440B9200440B9200440B9200440B9F3
:10297000200440B9200440B9200440B90005B0D279
:10298000C2C080524200A072020000B9020040B9E9
:10299000020040B9020040B9020040B9020040B94B
:1029A000020040B9020040B9020040B9E2FDBF1286
:1029B000020800B9020840B9020840B9020840B94B
:1029C000020840B9020840B9020840B9020840B9FB
:1029D000020840B902C0BF12020C00B9020C40B993
:1029E000020C40B9020C40B9020C40B9020C40B9CB
:1029F000020C40B9020C40B9000C40B9050000902F
:102A0000230440B902C0885200889352A50047F9B8
:102A1000632048D36278A4724220C31AA20000B98E
:102A2000247000B91F2003D51F2003D500040051D6
:102A3000003C0072A1FFFF540225B0D2402040911B
:102A4000E307805221008052438000B9E203012A4B
:102A500001100079E17F805201180079440B801247
:102A60004101805223008012E11700B910000014C8
:102A70000440003902000039030000390200003927
:102A800001004039211C00123F0400716000005415
:102A900001504039211C0012E11740B921040051B6
:102AA000E11700B901504039A1000036E11740B9E3
:102AB00001FEFF35FD7BC3A8DA000014000490D2AC
:102AC000210080520025B0F2E37F8052E203012A08
:102AD000440B8012011000794101805203180079E3
:102AE00023008012E11B00B91000001404400039DB
:102AF00002000039030000390200003901004039AA
:102B0000211C00123F040071600000540150403944
:102B1000211C0012E11B40B921040051E11B00B946
:102B200001504039A1000036E11B40B901FEFF35DC
:102B3000FD7BC3A8BB000014000890D22100805286
:102B40000025B0F2E37F8052E203012A440B801299
:102B5000011000794101805203180079230080128E
:102B6000E11F00B9100000140440003902000039D0
:102B7000030000390200003901004039211C001215
:102B80003F0400716000005401504039211C0012C4
:102B9000E11F40B921040051E11F00B90150403943
:102BA000A1000036E11F40B901FEFF35FD7BC3A83F
:102BB0009C000014000C90D2210080520025B0F23D
:102BC000E37F8052E203012A440B80120110007956
:102BD000410180520318007923008012E12300B9DB
:102BE00010000014044000390200003903000039CD
:102BF0000200003901004039211C00123F0400711D
:102C00006000005401504039211C0012E12340B9FA
:102C100021040051E12300B9015040398100003600
:102C2000E12340B901FEFF35A3FFFF17001090D24A
:102C3000210080520025B0F2E37F8052E203012A96
:102C4000440B801201100079410180520318007971
:102C500023008012E12700B910000014044000395D
:102C60000200003903000039020000390100403938
:102C7000211C00123F0400716000005401504039D3
:102C8000211C0012E12740B921040051E12700B9BD
:102C90000150403981000036E12740B901FEFF357F
:102CA00085FFFF17001490D2210080520025B0F25A
:102CB000E37F8052E203012A440B80120110007965
:102CC000410180520318007923008012E12B00B9E2
:102CD00010000014044000390200003903000039DC
:102CE0000200003901004039211C00123F0400712C
:102CF0006000005401504039211C0012E12B40B902
:102D000021040051E12B00B9015040398100003607
:102D1000E12B40B901FEFF3567FFFF17001890D285
:102D2000210080520025B0F2E37F8052E203012AA5
:102D3000440B801201100079410180520318007980
:102D400023008012E12F00B9100000140440003964
:102D50000200003903000039020000390100403947
:102D6000211C00123F0400716000005401504039E2
:102D7000211C0012E12F40B921040051E12F00B9BC
:102D80000150403981000036E12F40B901FEFF3586
:102D900049FFFF178004B0D2019C41B98100003582
:102DA0001F2003D5019C41B9C1FFFF34044088D2E4
:102DB000C35F8B522405B0F201008CD202A0945262
:102DC0002125B0F2800040B90000030A0000022A69
:102DD000800000B9200040B90000030A0000022A68
:102DE000200000B9BF3F03D58004B0D2210080523B
:102DF000019C01B9FD7BC3A8C0035FD61F2003D58A
:102E00000051001000000000000000000000000061
:102E1000000000140000000000000000000000009E
:102E2000C0035FD6000000000000000000000000AA
:102E3000C00000B4E10300AA4280A052000080520A
:102E4000220000B9C0035FD6FD7BBFA9FD0300913E
:102E5000F4FFFF9720008052FD7BC1A8C0035FD61E
:102E6000C8FBFF1700000000000000000000000089
:102E7000034638D5010080D2014618D58104B0D26E
:102E8000229C41B9820000351F2003D5229C41B904
:102E9000C2FFFF3401000090E003002A219847F9A7
:102EA000227860785F3C0072C0000054227860781D
:102EB000423C001242040051423C00122278207829
:102EC000217860783F3C007261020054010000905C
:102ED000054088D22505B0F204A09452269C47F9FB
:102EE00002008CD2A10040B92225B0F2C0786078EF
:102EF0002100042AE003202A003C00122100000ADD
:102F0000A10000B9410040B92100042A2000000AB4
:102F1000400000B9BF3F03D58004B0D221008052E9
:102F2000019C01B9034618D5C0035FD61F2003D505
:102F3000706C001000000000703F001000000000E6
:102F4000034088D204008CD2003C001201008012A1
:102F50002305B0F22425B0F28504B0D21F2003D59A
:102F6000620040B95F00006AE1000054820040B98D
:102F70005F00006A81000054A29C41B94200003405
:102F8000C0035FD621040071C1FEFF548004B0D29B
:102F9000019C41B961FFFF351F2003D5019C41B958
:102FA000C1FFFF34C0035FD6000000000000000036
:102FB000FD7BBFA9FD030091084638D5010080D2F2
:102FC000014618D5010000B0E603002A274C40F95D
:102FD000E07866781F3C0072400500548004B0D24F
:102FE000019C41B901040034E07866781F3C00720E
:102FF00021020054000000B0044088D22405B0F241
:1030000002008CD2005040F903A09452810040B9D4
:103010002225B0F2007866782100002A2100032AD8
:10302000810000B9410040B90000012A0000032AD4
:10303000400000B9E0786678003C001200040011FE
:10304000003C0012E0782678BF3F03D58004B0D260
:1030500021008052019C01B9084618D5FD7BC1A80A
:10306000C0035FD61F2003D5019C41B9E1FBFF35AA
:103070001F2003D5019C41B961FFFF34DBFFFF171F
:1030800000000090005040F900786678ADFFFF978F
:10309000D6FFFF171F2003D5706C00100000000042
:1030A000703F001000000000000000000000000061
:1030B00002000090E103002A42A040F9400040F9DC
:1030C000400100B403000090210C001121747E9295
:1030D00063A440F90100018B3F0003EBA8010054F9
:1030E000410000F9C0035FD600000090030000908B
:1030F000210C0011009C40F921747E9263A440F9D8
:103100000100018B400000F93F0003EBA9FEFF54D2
:10311000FD7BBFA9FD030091EE3E0094E10300AAF0
:103120008201805200008092220000B9FD7BC1A87C
:10313000C0035FD61F2003D5A0FB011000000000D4
:10314000786C001000000000A07B0210000000005E
:10315000000080528104B0D2230080521F2003D58A
:10316000222040B96420C01A4224C01AE20000376D
:10317000222040B98400022A242000B9BF3F03D591
:10318000E203002A237822B822A041B96420C01AA1
:103190004224C01A0201003722A041B98400022A49
:1031A00024A001B9BF3F03D5E203002A4280019168
:1031B000237822B8000400111F20007121FDFF5464
:1031C000C0035FD600000000000000000000000007
:1031D000067C1053054080D22525B0F2043C48D32C
:1031E00022008052031C0012A77866B84420C41A3B
:1031F0004120C01AA208068BE400240AA47826B84D
:10320000A47866B82400040A8024C01AC0000034E0
:103210001F2003D5400040B90000010A0024C31A52
:1032200080FFFF35C0035FD60000000000000000F3
:10323000FF4300D1FF3F0039E03F4039001C00123E
:103240001F20007108060054000000900A208252DE
:103250000A01A072058841F9E13F4039E03F403959
:10326000231C7CD3A110218B4001200BE20301AA77
:10327000004C1453A36863B8260840B924104039A1
:10328000030800B9281440392738403943344039FD
:1032900021304039090840B99F3F03D5DF3F03D5AE
:1032A0000205042A020C00B9020C40B99F3F03D565
:1032B000DF3F03D5620001534178012A2100072A2C
:1032C000011001B9011041B99F3F03D5DF3F03D57C
:1032D000061401B9001441B99F3F03D5DF3F03D560
:1032E000E03F4039001C001200040011001C0012D5
:1032F000E03F0039E03F4039001C00121F20007100
:10330000C9FAFF54FF430091C0035FD61F2003D5C5
:10331000783F0010000000000000000000000000E6
:10332000420040B9261C0012273C48D349001D1218
:10333000453C4AD33F141E7281030054040C278B72
:10334000C8701D53E31F8052E103072A6320C81A87
:103350008A004AB9A520C81A4301230A6300052A36
:1033600083000AB9A9030034870046B9452444D331
:10337000E30780526320C81AE300230AA520C81A75
:103380006300052A830006B90000018B410C43D37A
:103390002120C61A020050392100022A211C0012E5
:1033A00001001039C0035FD6080C278BC3100051F1
:1033B000E41F8052E103072A63701D530A054AB9CE
:1033C0008420C31A4401240AA520C31A8400052AB4
:1033D00004050AB9090400350300018B2A00805254
:1033E0004421C61A841C0012E503242A48041F1233
:1033F00069005039A51C0012A900090A690010399A
:103400001F090071A0030054430841D37F040071D9
:10341000A9FCFF54A204003702486738A500020A3D
:10342000054827380104018BC0781F536200805281
:103430004220C01A240044796320C01A803C001244
:103440000000220A0000032A003C00122000047938
:10345000C0035FD6070546B9452444D3E40780522C
:103460008420C31AE400240AA320C31A8300032A79
:10347000030506B9C5FFFF170104018BC6781F536A
:10348000600080520020C61A220044794A21C61AE0
:10349000423C00124000200A00000A2A003C0012B0
:1034A00020000479C0035FD602486738421C00122E
:1034B0008400022A04482738DBFFFF1700000000C1
:1034C000E20301AA051C0012E103002A400040B9F2
:1034D000233C48D3E00580367F30007169040054F6
:1034E00008001D12023C4AD33F141E7240060054CD
:1034F0008605B0D2A4100051C60C238BE11F805268
:1035000084701D53E703032AC9044AB92120C41A51
:103510004220C41A2101210A2100022AC1040AB949
:1035200048070034C30446B9022444D3E10780525B
:103530002120C41A6100210A4220C41A2100022A53
:10354000C10406B9018080D2000C43D38105B0F2DA
:103550000020C51A226867380000022A001C0012E9
:1035600020682738C0035FD68425B0D2200080525F
:103570008400238B0320C51A6005B0D28500703902
:103580006300052A631C00128300303965FFFF17B2
:103590008025B0D2240080520300238B8420C51ADA
:1035A00065007039A51C0012A400240A640030399B
:1035B0005CFFFF178405B0D2A6701D53840C238BCB
:1035C000E11F80522120C61AE703032A4220C61AAF
:1035D00089004AB92101210A2100022A81000AB981
:1035E00048010034830046B9022444D3E1078052E5
:1035F0002120C61A6100210A4220C61A2100022A8F
:10360000810006B9D0FFFF178405B0D28A00078B6E
:103610002900805206041F122121C51A211C001204
:1036200048015039E203212A421C00124800080ACE
:1036300048011039DF080071C0020054060841D368
:10364000DF04007109F9FF54C00300368048633875
:10365000001C00122100002A814823388005B0D2C6
:10366000A5781F530704078B600080520020C51AFD
:10367000C620C51AE1004479213C00122000200A2E
:103680000000062A003C0012E0000479C0035FD667
:103690008404078BA5781F53600080520020C51A50
:1036A000810044792921C51A213C00122000200AFA
:1036B0000000092A003C001280000479C0035FD694
:1036C000804863384200000A82482338E4FFFF172D
:1036D000FD7BBEA9FD030091201100B4F30B00F99E
:1036E000F30301AAA11000B4E20300AA200440F9E8
:1036F000001000B4410040B9804A8A52E009AA7221
:103700003F00006B40100054610A40F9610F00B4A3
:10371000400000B940008052530800F925FEFF9791
:103720006C0240792C0100346B0640F96C4D2C8BF7
:10373000600540B9E1030BAA6B21009161FFFF977F
:103740007F010CEB61FFFF5440008052C9FDFF97E1
:10375000730A40F94000805216FEFF9767C200913D
:10376000060080D2030080528805B0D200C1268BAB
:10377000E2104079E403062A411C00120030783937
:10378000427C0853000019125F3800710008005491
:1037900005001C325F780071A21C00124000801AE4
:1037A000E20440B92000002A001C00125F040071EE
:1037B000A0070054E10C40B90114012A211C001299
:1037C000E04441B802C1248BC60400911F0400717B
:1037D0000020C41A6000002A001C00124130383951
:1037E0000300831ADF1000F121FCFF5464420091B2
:1037F000E60313AA050080D20A0080528805B0D2E1
:10380000CC0040390B01058B82304039A97C4093B4
:10381000870040B90001098B42000C2A421C0012AB
:1038200062013839FF040071010200546B097839D4
:1038300029010E91820840B90C1180526B010C0ACB
:10384000811040390909098BE720C51A6209022A4B
:103850004701072A421C0012EA1C00122100022A1A
:103860008234403922110039C20440B984400091A9
:10387000C62000912110022A211C001201083839AB
:10388000450200B5250080D2DEFFFF1700001D3283
:10389000E20440B92000002A001C00125F040071FD
:1038A000A1F8FF54E11040B94220C41A054178390B
:1038B0000114012A4200052A421C0012211C001298
:1038C00002413839BFFFFF174A151E53400080528E
:1038D0004311032A631C00120345383965FDFF9725
:1038E000F30B40F900008052FD7BC2A8C0035FD6F5
:1038F0002000407900F0FF34F30B40F949FDFF97B9
:1039000020008052FD7BC2A8C0035FD645FDFF9713
:10391000F30B40F9C0018052F4FFFF1700000000D4
:103920001F08007140000054C0035FD600000090E3
:1039300001A444F9200840F980FFFFB40000009082
:1039400000A844F963FFFF1740CB011000000000FE
:1039500080F80110000000001F2003D51F2003D5B0
:08396000C0031FD6C0035FD6AF
:10396800010000000000000000000000000000004E
:10397800000000000000000000000010000000002F
:10398800400400000000600000000010000000007B
:1039980000000010000000000000200000000000EF
:1039A800410400000000000000002010000000009A
:1039B80000000010000000000000200000000000CF
:1039C8004504000000000000000040100000000056
:1039D80000004010000000000000C00F00000000C0
:1039E800400400000000600000000020000000000B
:1039F800000000200000000000002001000000007E
:103A08004506000000000000000020210000000022
:103A180000002021000000000000E00E000000006F
:103A280040040000000060000000003000000000BA
:103A38000000004000000000000000080000000036
:103A480045040000000000000000003800000000ED
:103A5800000000480000000000000008000000000E
:103A680045040000000000000000004000000000C5
:103A780000000040000000000000000800000000F6
:103A880041040000000000000000004800000000A1
:103A980000000048000000000000000800000000CE
:103AA8004104000000000000000000500000000079
:103AB80000000050000000000000000800000000A6
:103AC8004104000000000000000000580000000051
:103AD800000000580000000000000008000000007E
:103AE8004104000000000000000000600000000029
:103AF8000000005000000000000000080000000066
:103B080045040000000000000000006800000000FC
:103B1800000000580000000000000008000000003D
:103B280045040000000000000000007000000000D4
:103B38000000007000000000000000040000000009
:103B480041040000000000000000007400000000B4
:103B580000000074000000000000000400000000E5
:103B68004104000000000000000000780000000090
:103B780000000078000000000000000400000000C1
:103B880041040000000000000000007C000000006C
:103B98000000007C0000000000000004000000009D
:103BA8004104000000000000000000800000000048
:103BB800000000800000000000000001000000007C
:103BC8004D060000000060000000008100000000B9
:103BD800000000810000000000000001000000005B
:103BE8004D06000000006000000000820000000098
:103BF800000000820000000000000001000000003A
:103C08004004000000006000000000830000000085
:103C180000000083000000000000200000000000F9
:103C2800490600000000600000002083000000003A
:103C380000002083000000000000E00000000000F9
:103C48004004000000006000000000840000000044
:103C580000000070000000000000000400000000E8
:103C6800450400000000000000000088000000007B
:103C780000000088000000000000000200000000B2
:103C88004D060000000060000000008A00000000EF
:103C98000000008A00000000000000020000000090
:103CA80040040000000060000000008C00000000DC
:103CB8000000008C0000000000000001000000006F
:103CC80049060000000060000000008D00000000B0
:103CD8000000008D0000000000000003000000004C
:103CE8004004000000006000000000900000000098
:103CF80000000090000000000000400000000000EC
:103D08004D0400000000600000004090000000002A
:103D180000004090000000000000C001000000000A
:103D28004004000000006000000000920000000055
:103D380000000092000000000000000100000000E8
:103D48004D04000000006000000000930000000027
:103D580000000093000000000000000100000000C7
:103D68004004000000006000000000940000000013
:103D780000000074000000000000000400000000C3
:103D8800450400000000000000000098000000004A
:103D9800000000780000000000000004000000009F
:103DA80045040000000000000000009C0000000026
:103DB8000000007C0000000000000004000000007B
:103DC8004504000000000000000000A00000000002
:103DD800000000A00000000000000010000000002B
:103DE8004504000000000000000000B000000000D2
:103DF800000000B0000000000000001000000000FB
:103E08004504000000000000000000C000000000A1
:103E1800000000C00000000000000040000000009A
:103E28004504000000000000000000000100000040
:103E38000000000001000000000000000100000078
:103E480040040000000060000000000002000000C4
:103E58000000000002000000000000000200000056
:103E68004104000000000000000000000400000001
:103E78000000000004000000000000000200000034
:103E880041040000000000000000000006000000DF
:103E98000000000006000000000000000200000012
:103EA80041040000000000000000000000000000C5
:103EB80000000000000000000000000000000000FA
:103EC8004004000000006000000000000000000046
:103ED80000000000000000000000000000000000DA
:103EE8004004000000006000000000000000000026
:103EF80000000000000000000000000000000000BA
:103F08004004000000006000000000000000000005
:103F18000000000000000000000000000000000099
:103F280040040000000060000000000000000000E5
:103F38000000000000000000000000000000000079
:103F480040040000000060000000000000000000C5
:103F58000000000000000000000000000000000059
:103F68004004000000006000010002000400080096
:103F780003000000000000000F000F000101030013
:103F880001000000000000000F000F000101010007
:103F980003000000000000000F000F0001010300F3
:103FA80001000000000000000F000F0001010100E7
:103FB80001000000000000000F000F0001010100D7
:103FC8000F000000000000000F000F0001010F00AB
:103FD80001000000000000000F000F0001010100B7
:103FE80003000000000000000F000F0001010300A3
:103FF80003000000000000000F000F000101030093
:020000041001E9
:10000000FD7BBBA9FD030091E0230191F35301A9FE
:10001000F55B02A9F76303A9FF4B00B985CBFF97F6
:100020000100009000000090E4274139211041F9BF
:10003000E32B4139E22F4139001441F9310D00948D
:1000400000000090001841F9160E00940100009085
:1000500000000090211C41F9132041F9E00313AA8C
:10006000AC090094A0070035010000901600009034
:1000700015000090E00313AA212441F9A50700947C
:1000800001000090E00313AA213841F90D09009402
:10009000F403002A2009003500000090220080525D
:1000A00061018052004041F9160D0094E00313AA4B
:1000B000C1018052B708009400000090004841F947
:1000C000F80D0094050000900400009003000090DB
:1000D000020000900100009000000090B54C41F932
:1000E000935041F9785441F9575841F9345C41F93A
:1000F000166041F91F2003D5A00240B91F0400710A
:1001000040010054800240B91F04007161FFFF5498
:10011000E00316AA9F0200B9E20D0094A00240B9C4
:100120001F04007101FFFF5466164029E00318AA5E
:10013000640A4129BF0200B9610E4229210400115D
:1001400063B01D11EF0C0094E00240F9000840F983
:10015000A40E0094ECFFFF17F403002A1600009091
:100160000000009015000090012841F9C02E41F9CF
:10017000E40C0094A03241F9E103142AE10C00944C
:10018000000020D401000090E00313AA212441F9CB
:100190006007009401000090C02E41F9213441F91C
:1001A000D80C0094A03241F9E103142AD50C009434
:1001B000000020D4B3FFFF1701000090C02E41F9CA
:1001C000213C41F9CF0C0094A03241F9E103142AFB
:1001D000CC0C0094000020D400000090220080523B
:1001E00061018052004041F9C60C0094E00313AA5B
:1001F000C10180526708009401000090C02E41F9AF
:10020000214441F9BF0C0094A03241F9E103142AC2
:10021000BC0C0094000020D4A8FFFF171F2003D5BA
:10022000D0C1011000000000D8C101100000000082
:10023000F8C301100000000000CB01100000000016
:10024000F0F801100000000060B60110000000008E
:10025000D0C5011000000000E8C50110000000003A
:1002600000C601100000000020C6011000000000C0
:1002700090C901100000000048C6011000000000F5
:1002800070C6011000000000A0C6011000000000B0
:10029000C8C601100000000004F3011000000000B7
:1002A00008F3011000000000D0C60110000000009B
:1002B00058C001100000000000F301100000000011
:1002C000F0C6011000000000000000000000000067
:1002D000000040B9200200341F08007140000054A3
:1002E000C0035FD6FD7BBFA9010000900000009015
:1002F000FD030091219C41F900A041F9C50700943C
:10030000000000902100805200A441F9010000B9D2
:10031000FD7BC1A8C0035FD6000000902100805281
:10032000009841F9010000B9C0035FD61F2003D532
:1003300000F301100000000008F3011000000000AD
:10034000F0F801100000000004F3011000000000AC
:10035000FD7BBCA90000009001000090FD0300910E
:10036000F35301A9130842F9F55B02A9600240B9F1
:10037000F71B00F90003003400000090370C42F92D
:10038000161442F900000090001842F9150840F9CF
:10039000140440A9A20240F9E00314AA40003FD689
:1003A000A30640F9F303002AE10240B9E00314AACE
:1003B00002008052C142218B60003FD6F55B42A90A
:1003C000E003132AF35341A9F71B40F9FD7BC4A8AE
:1003D000C0035FD60000009003000090370C42F984
:1003E000028080D2001042F901008052761442F956
:1003F000FF0200B91F0000B9E00316AAD10E009455
:1004000020008052600200B9DFFFFF171F2003D5D4
:100410003CF701100000000034F70110000000005C
:1004200030F701100000000030F301100000000060
:1004300050CA011000000000000000000000000091
:10044000FD7BBEA902000090FD030091F35301A9BA
:10045000F40300AAF303012A408442F9000040B9E2
:10046000C0040034F3040034020000900100009046
:100470000000009027008052488842F9E30314AA44
:10048000228C42F98542338B069042F9E700144BE7
:10049000010140B91F2003D5400040B91F00016B86
:1004A000C0FFFF54C4486138210400113F0010719F
:1004B00064000039E000030B21309F1A63040091AF
:1004C0009F280071A00000549F340071E000005488
:1004D0007F0005EB21FEFF54010100B9F35341A950
:1004E000FD7BC2A8C0035FD6C44861389F28007155
:1004F00000FFFF54F9FFFF1796FFFF97DAFFFF1782
:1005000000008052F6FFFF173CF7011000000000CA
:1005100030F701100000000034F701100000000067
:1005200030F3011000000000000000000000000097
:10053000FD7BBEA902000090FD030091F35301A9C9
:10054000F30300AAF403012A40D042F9000040B9A5
:10055000200200340000009003000090E10313AA81
:10056000E203142A00D842F973D442F9030840F98F
:10057000000040F97F0200B9630840F960003FD6EF
:10058000610240B9E1FFFF34F35341A9FD7BC2A8EA
:10059000C0035FD66FFFFF97EFFFFF171F2003D544
:1005A0003CF701100000000038F7011000000000C7
:1005B00050CA011000000000000000000000000010
:1005C000FD7BBEA901000090FD030091F30B00F933
:1005D000F30300AA202C43F9000040B9A003003423
:1005E000330300B4600640B9A00008360100009053
:1005F00022008052213043F9220000B94002103617
:100600000000009001000090640A40B9003443F9F2
:10061000223843F9030040B9010040B94448233867
:100620003FFC0F7188000054010040B92104001103
:10063000010000B9010040B93FFC0F7149000054AE
:100640001F0000B9F30B40F9FD7BC2A8C0035FD6C1
:1006500040FFFF97E3FFFF173CF701100000000089
:1006600038F701100000000034F70110000000000E
:1006700030F3011000000000000000000000000046
:10068000FD7BBCA903000090FD03009163A043F92A
:10069000F35301A9F403002AF30302AA600040F90E
:1006A000600000B4022440F9020300B49F4E0071C0
:1006B0006803005400000090947E7C93F51300F9C9
:1006C00000A443F91500148B006874B81F040031AE
:1006D00040020054E00301AAE103132A59FFFF97E7
:1006E0001F04003160020054A10E40B96002004BAB
:1006F0002100000BA10E00B9F51340F9F35341A9F5
:10070000FD7BC4A8C0035FD6E11F00F9E50D00948E
:10071000E11F40F9E6FFFF17F51340F96D0900945A
:1007200021018052010000B900008012F4FFFF1780
:10073000F51340F900008012F1FFFF171F2003D5C9
:1007400058C001100000000040F701100000000038
:10075000FD7BBDA903000090FD030091630C44F9EB
:10076000F35301A9137C4093F40301AA600040F9FC
:10077000F51300F9F503022A600000B4012440F9E2
:10078000A10300B47F4E0071C80300540000009024
:10079000617E7C93001044F90200018B016861B80E
:1007A0003F040031E0020054BF0A0071A801005468
:1007B000BF060071000100541310138BE00314AA4C
:1007C000740E00B9F35341A9F51340F9FD7BC3A89A
:1007D000C0035FD6410C80B9940201ABE5FEFF5423
:1007E0003C090094C1028052010000B900008092CF
:1007F000F5FFFF17AB0D00947F4E007189FCFF548D
:100800003409009421018052010000B90000809257
:10081000EDFFFF171F2003D558C001100000000096
:1008200040F7011000000000000000000000000080
:10083000FD7BBCA903000090FD030091638C44F98B
:10084000F35301A9F303002AF40302AA600040F95C
:10085000600000B4022440F9420300B47F4E0071EE
:10086000A804005400000090737E7C93F51300F9F7
:10087000009044F91500138B006873B81F04003111
:1008800080030054E00301AAE103142A29FFFF9723
:10089000E103002AA003F837A20E40B98002004B02
:1008A0004200000BA20E00B99F02016B2001005410
:1008B000F51340F9F35341A9FD7BC4A8C0035FD6EB
:1008C000E11F00F9770D0094E11F40F9E4FFFF17E5
:1008D00000090094E10300AAF51340F900008052DA
:1008E0003F0000B9F35341A9FD7BC4A8C0035FD604
:1008F000F51340F9F708009421018052010000B976
:1009000000008012ECFFFF17F51340F90000801281
:10091000E9FFFF171F2003D558C001100000000099
:1009200040F701100000000000000000000000007F
:10093000FD7BBEA901000090FD030091F30B00F9BF
:10094000F303002A20DC44F9000040F9600000B401
:10095000012440F9E10100B47F4E007128020054E7
:1009600000000090737E7C9301E044F9206873B826
:100970001F04003160010054020080120000805208
:10098000226833B8F30B40F9FD7BC2A8C0035FD6E1
:10099000440D00947F4E007149FEFF541F2003D583
:1009A000CC080094E10300AA2201805200008012CA
:1009B000220000B9F4FFFF1758C00110000000002A
:1009C00040F70110000000000000000000000000DF
:1009D0000004004F03008452028080D20000805245
:1009E0003F3000F9200000AD200002AD230400B923
:1009F000200001AD222400F9C0035FD600000000F2
:100A0000FD7BBEA901000090FD030091F30B00F9EE
:100A1000F303002A204045F9000040F9600000B4CB
:100A2000012440F9C10100B47F4E0071E801005477
:100A300001000090607E7C93214445F9206860B8F5
:100A40001F040031200100547F060071E0879F1AC7
:100A5000F30B40F9FD7BC2A8C0035FD6110D0094D3
:100A60007F4E007169FEFF549A080094E10300AACA
:100A70002201805200008052220000B9F5FFFF17CA
:100A800058C001100000000040F7011000000000F5
:100A9000FD7BBFA9FD0300915AFDFF970000805226
:100AA000FD7BC1A8C0035FD600000000000000006D
:100AB000C0008052C0035FD60000000000000000AC
:100AC000FD7BBCA9FD030091F35301A9F30300AA28
:100AD000002440F9E00200B4041440A9F4A30091FA
:100AE000E49702A9030840F9830A00F9651A40F95E
:100AF000632240F9642A40F9A5004039050800291D
:100B0000010800B9040800F960003FD6602640F9EA
:100B1000A00000B4E28F42A9020C00A9810A40F9AA
:100B2000010800F9F35341A9FD7BC4A8C0035FD6B7
:100B3000F4A30091E00314AAEDFFFF1700000000EA
:100B4000021840F9011840B9421C40F9C20100B432
:100B500041000034C0035FD6021C40F9410840B98F
:100B6000032040F921780B1221000B32410800B913
:100B70001F0800F903FFFFB40210805201008052E9
:100B8000D0FFFF17021C40F9A1FEFF3404084039D2
:100B9000030840F9840400129F080071C00100544A
:100BA00065004039440440B9A4200033440400B92E
:100BB000020040F942441053E403022A2100024B90
:100BC0006300048B030800F9011800B941FCFF35EC
:100BD000E2FFFF1765004079440440B9A4200033C8
:100BE000440400B9F3FFFF170000000000000000FC
:100BF000FD7BBFA9FD030091A00100B4810100B4F9
:100C0000E40300AAA02A89526068AA72850440B948
:100C1000BF00006B41010054810C04A90000805208
:100C2000822800F9FD7BC1A8C0035FD67DC8FF976D
:100C300020008052FD7BC1A8C0035FD679C8FF9712
:100C4000E0008052FD7BC1A8C0035FD60000000019
:100C5000FD7BBFA9FD030091000800B4030440B967
:100C6000A22A89526268AA727F00026BE1070054CF
:100C7000021C40F9431440B9636458D37F040071E7
:100C8000C8060054430840B9C4FD9F52C4F9BF725E
:100C90006400040A440800B963740A12440840B9A5
:100CA000A40100361F2003D51F2003D5021C40F9E4
:100CB000440840B9040100361F2003D5021C40F946
:100CC000440840B924FF0737030000141F2003D550
:100CD000021C40F9440840B9A4FF2737441040B92A
:100CE00006EE9F52210040B9E511805226E6BF7200
:100CF000C519A0722100060A8400050A1F0800F920
:100D00002100042A411000B9430800B9410840B944
:100D10006100014AC10000361F2003D5021C40F9C2
:100D2000410840B92100034A81FF0737410840B913
:100D30006100014AC10020361F2003D5011C40F983
:100D4000210840B92100034A81FF27370000805263
:100D5000FD7BC1A8C0035FD632C8FF972000805238
:100D6000FD7BC1A8C0035FD62EC8FF97E00080526C
:100D7000FD7BC1A8C0035FD600000000000000009A
:100D8000FD7BBFA9FD030091800100B4610100B4A7
:100D9000020440B9A02A89526068AA725F00006B01
:100DA000410100540004002F00008052FD7BC1A8C7
:100DB000200000FDC0035FD61AC8FF9720008052B4
:100DC000FD7BC1A8C0035FD616C8FF97E000805224
:100DD000FD7BC1A8C0035FD600000000000000003A
:100DE000FD7BBFA9FD030091E00300B4E20300AA6C
:100DF000A02A89526068AA72430440B97F00006B40
:100E0000A1020054C0008052C1010836401C40F9C4
:100E1000030840B963740A12030800B9004840B9D6
:100E2000C000F0371F2003D51F2003D5401C40F918
:100E3000004840B9A0FFF736000080525F1800B9A3
:100E400061000036000080525F2800B9FD7BC1A818
:100E5000C0035FD6F3C7FF97E0008052FD7BC1A8B7
:100E6000C0035FD6EFC7FF9720008052F8FFFF173F
:100E7000FD7BBFA9FD030091C00100B4A10100B436
:100E8000E20300AAA02A89526068AA72430440B90A
:100E90007F00006B61010054432840B9000080527C
:100EA000230000B95F2800B9FD7BC1A8C0035FD64D
:100EB000DCC7FF9720008052FD7BC1A8C0035FD62E
:100EC000D8C7FF97E0008052FD7BC1A8C0035FD662
:100ED000FD7BBEA9FD030091600500B4410500B48F
:100EE00022050034E30300AAA02A89526068AA728E
:100EF000640440B99F00006BE10500546808403964
:100F0000080500121F090071C0040054601840B9A0
:100F100080050035641C40F9650040F9860840B939
:100F2000C6740A12860800B9A5441053860840B951
:100F3000E703052A4200054B2500078B650800F9E9
:100F4000C5000C32621800B9850800B91F0900718C
:100F5000E000005421004039820440B922200033CF
:100F6000820400B9FD7BC2A8C0035FD6220040798D
:100F7000810440B941200033810400B9FD7BC2A83F
:100F8000C0035FD6A7C7FF9720008052E01F00B9BB
:100F9000A4C7FF97E01F40B9FD7BC2A8C0035FD67E
:100FA0004100003742FB07369EC7FF976000805222
:100FB000F7FFFF179BC7FF97E0008052F4FFFF1772
:100FC00098C7FF9700018052E7FFFF17000000005D
:100FD000FD7BBFA903000090020000B0000000B03C
:100FE000FD03009163FC47F961B08052420040F973
:100FF000000440F987C7FF9718C7011000000000E0
:1010000000E601100000000020C7011000000000F1
:10101000C0008052C0035FD6000000000000000046
:10102000FD7BBDA9FD030091F35301A9F40300AAC0
:10103000F303022AF51300F9E003022A35101D53C9
:101040008203F83783C3FF9752C4FF97E303002A54
:10105000615C409202008052637C78D3E003132AE3
:10106000631C6092210003AA92C3FF97E103152A33
:10107000E003132A7FC3FF97E003132A4100805245
:10108000ACC3FF97E003132A21008052D1C3FF971E
:101090007382001100000090F51340F9008840F9B8
:1010A00014D833F8F35341A9FD7BC3A8C0035FD61E
:1010B000F4C3FF9737C4FF97E303002A615C4092B3
:1010C00002008052637C78D3E003132A631C609291
:1010D000210003AA77C3FF97E103152AE003132A2F
:1010E000F0C3FF97E003132A410080520DC4FF971D
:1010F0007382001100000090F51340F9008840F958
:1011000014D833F8F35341A9FD7BC3A8C0035FD6BD
:1011100090510010000000000000000000000000DE
:10112000FD7BBEA9FD030091E00E00B4F30B00F9B6
:10113000F30300AAA02A89526068AA72610640B926
:101140003F00006B610D0054611E40F97F0600B93D
:101150003F0800B9200840B9400100361F2003D5E0
:101160001F2003D5611E40F9200840B9A0FF0737B2
:10117000200840B9A00020361F2003D5611E40F989
:10118000200840B9A0FF2737601A40F9221440B95F
:10119000001440B942740612221400B9A005F837B1
:1011A0002CC3FF97601A40F9002C40B9A005F8370E
:1011B00028C3FF97601A40F9001C40B9A005F83712
:1011C00024C3FF97601A40F9002440B9A005F837FE
:1011D00020C3FF972000805276C7FF97601A40F91E
:1011E000002840F9003C40B91F040071A0050054DC
:1011F000034638D5000080D2004618D5601A40F961
:10120000000040391F10007188060054046080D22D
:10121000012000110405B0F2E20304AA200080526C
:10122000840040B90020C11A0000042A400000B91F
:10123000400040B9034618D5200080520DC7FF97E3
:10124000F30B40F900008052FD7BC2A8C0035FD6BB
:101250008CC3FF97601A40F9002C40B9A0FAFF3602
:1012600088C3FF97601A40F9001C40B9A0FAFF3606
:1012700084C3FF97601A40F9002440B9A0FAFF36F2
:1012800080C3FF97200080524AC7FF97601A40F939
:10129000002840F9003C40B91F040071A1FAFF5436
:1012A000034638D5010080D2014618D5621A40F9AC
:1012B0000105B0D2240043B9420040394240001138
:1012C0000020C21A0000042A200003B9200043B9FC
:1012D000034618D5D9FFFF17016380D22000805242
:1012E0000125B0F2E20301AA240040B9CFFFFF17A5
:1012F000CCC6FF97F30B40F9E0008052FD7BC2A8FB
:10130000C0035FD6C7C6FF9720008052CFFFFF17EC
:10131000FD7BBEA9FD030091600200B4410200B450
:1013200022020034E30300AAA02A89526068AA724C
:10133000640440B99F00006BE1020054600840392A
:10134000000400121F080071C0010054602840B959
:1013500080020035611000F9622800B9FD7BC2A847
:10136000C0035FD6AFC6FF9720008052E01F00B9D0
:10137000ACC6FF97E01F40B9FD7BC2A8C0035FD693
:101380004100003742FE0736A6C6FF976000805234
:10139000F7FFFF17A3C6FF97E0008052F4FFFF1787
:1013A000A0C6FF9700018052EDFFFF17000000006C
:1013B000FD7BBDA9FD030091E02200B4F35301A918
:1013C000F40301AA412800B4F55B02A9352840F9CD
:1013D000F52100B4F30300AAA01A40F9802100B45B
:1013E000A00A40F9402100B4610640B9A02A895200
:1013F0006068AA723F00006B603F0054A13E40B994
:10140000E007805282024039E3FF81523F040071BD
:10141000210080520010831A2120C21A3F00006A66
:10142000C0220054A12240B93F140071002300548F
:101430003F0C0071610000540024C21A00230036E2
:10144000800A40B91F040071201E0054801640B964
:10145000E01DF837801E40B9A01DF837802640B93E
:10146000601DF837822E40B9221DF8377F020039FF
:10147000E00313AA630A4039810640B9842240F987
:101480003F000071E1179F1A642200F92104001146
:10149000741A00F9842640F923040033630A0039E2
:1014A0007F9204A981A24039DEFEFF978142403934
:1014B000E00313AA821640B9DAFEFF978162403931
:1014C000E00313AA821E40B9D6FEFF9781824039FD
:1014D000E00313AA822640B9D2FEFF972000805273
:1014E000B4C6FF97A03E40B91F040071A01A005473
:1014F000034638D5000080D2004618D58102403915
:101500003F10007109270054046380D2200080122C
:101510000425B0F2E20304AA840040B90000040AE2
:10152000400000B9400040B9E00080523F0C00711B
:1015300040360054083800543F04007140170054EE
:101540003F080071611B005401008BD20100B0F212
:10155000220040B900040051001C0072A1FFFF549A
:10156000034618D52000805242C6FF97A01A40F9C2
:10157000601E00F91F0800B9010840B921010036BA
:101580001F2003D5601E40F9010840B9A1FF0737AD
:10159000010840B9A10020361F2003D5601E40F984
:1015A000010840B9A1FF2737822A40F90102805281
:1015B00023008052E5FF8152463C40B9010C00B93E
:1015C00081E09F5201E0BF72011000B96140825278
:1015D000011400B91F1800B9DF00036BE17F8052CE
:1015E0002110851A840240396320C41A7F00016AE1
:1015F00060000054E1E3A352012400B9810640B920
:10160000666082523F0C0071A00000543F000071E0
:101610006600825261408252C600811A470C4029FE
:10162000452440B9810E40B9E904085363001153C1
:10163000A5000B536300092AA138012A483840B994
:101640002100032A850A40B92100062A432040B917
:101650001F19007126001932C100811A011400B946
:101660006304001261041C32C5000034BF0800711D
:1016700003608052052080526310851A2100032ADE
:10168000460840B9E5080051C3080012DF000071A8
:1016900063040051630808536300012A63000432A5
:1016A0006110811A010C00B9BF0400714911005486
:1016B000410840F905EE9F52031040B9E6118052EF
:1016C00025E6BF72C619A072210040B96300060A60
:1016D0002100050A2100032A011000B9411440F934
:1016E00006028052422840B9E6A0B772A53E40B932
:1016F00023B068D3219060D342000012633C1053A2
:101700006120012A2100022A013000B9066800B9CF
:101710007F0A00F97F1A00B97F1200F97F2A00B909
:10172000BF040071A0100054601A40F9161440B9AB
:10173000E003162AB60FF837F6C1FF97E003162A22
:10174000BCC1FF97601A40F9162C40B9E003162A75
:10175000560EF837EFC1FF97E003162AB5C1FF9781
:10176000A03E40B91F04007120110054601A40F9D6
:10177000141C40B9E003142A940CF837E5C1FF9714
:10178000E003142AABC1FF97601A40F9142440B952
:10179000E003142A340BF837DEC1FF97E003142A64
:1017A000A4C1FF97601E40F9218280522100A072DF
:1017B000010800B9010840B9410100371F2003D5D5
:1017C0001F2003D5601E40F9010840B9A1FF07366C
:1017D000000840B9A00020371F2003D5601E40F943
:1017E000000840B9A0FF2736A11E40B9A22A89529D
:1017F000F55B42A96268AA726286002900008052E5
:10180000F35341A9FD7BC3A8C0035FD6F35341A99D
:10181000F55B42A983C5FF9720008052FD7BC3A8DA
:10182000C0035FD601808AD2000400510100B0F2EB
:10183000001C0072210040B961FFFF5449FFFF17EF
:10184000034638D5010080D2014618D50205B0D232
:1018500081024039440043B9254000110020C51AD7
:101860008000200A400003B9400043B93F2C0071BA
:10187000C90C0054D7FDFF976AC5FF97F35341A9E0
:1018800040AF8052F55B42A9E5FFFF17A11E40B9AA
:10189000E0FF9F523F00006B41DDFF5461C5FF97A1
:1018A000F35341A960008052F55B42A9DCFFFF17AA
:1018B00001008AD20100B0F2220040B900040051B8
:1018C000001C0072A1FFFF5426FFFF17F35341A92C
:1018D000D1FFFF17011040B9211C1832011000B9C7
:1018E000FF080071C1EFFF54011040B921001B3205
:1018F000011000B97AFFFF1702C2FF97E003142A14
:10190000D8C1FF97A8FFFF17FEC1FF97E003142A75
:10191000D4C1FF979DFFFF17FAC1FF97E003162A76
:10192000D0C1FF978FFFFF17F6C1FF97E003162A7C
:10193000CCC1FF9784FFFF179F1C0071290800543A
:101940004205B0D280200051E1008052439442B958
:1019500000741E532020C01A6000200A409402B96F
:10196000601A40F941008052001440B90016F8375F
:1019700058C1FF97601A40F901008052002C40B90D
:101980002015F83753C1FF9768FFFF1780024039D1
:101990001F1C0071690400544205B0D200200051A0
:1019A000E1008052439442B900741E532020C01AB3
:1019B0006000200A409402B9601A40F94100805248
:1019C000001C40B9C012F83742C1FF97601A40F9B5
:1019D00001008052002440B9E011F8373DC1FF9763
:1019E00063FFFF17046080D2252000110405B0F2C8
:1019F00020008052E20304AA0020C51A840040B9E6
:101A0000E003202AC6FEFF1700000090004446F9BC
:101A100000486138620000104088208B00001FD60B
:101A20004205B0D200741E53E1008052439042B987
:101A30002020C01A6000200A409002B9DFFFFF1783
:101A40004105B0D284741E53E0008052229042B906
:101A50000020C41A4000200A209002B9C1FFFF17DD
:101A6000010081D2E00080526102B2F21F2003D552
:101A7000220040B900040051001C0072A1FFFF5475
:101A8000B8FEFF17018080D2E00080526102B2F2FE
:101A9000220040B900040051001C0072A1FFFF5455
:101AA000B0FEFF17E00080526102B2D21F2003D5C2
:101AB000220040B900040051001C0072A1FFFF5435
:101AC000A8FEFF17010083D2E00080526100B2F24D
:101AD000220040B900040051001C0072A1FFFF5415
:101AE000A0FEFF17018082D2E00080526100B2F2B6
:101AF000220040B900040051001C0072A1FFFF54F5
:101B000098FEFF17010082D2E00080526100B2F21D
:101B1000220040B900040051001C0072A1FFFF54D4
:101B200090FEFF17018081D2E00080526100B2F286
:101B3000220040B900040051001C0072A1FFFF54B4
:101B400088FEFF17010081D2E00080526100B2F2EE
:101B5000220040B900040051001C0072A1FFFF5494
:101B600080FEFF17018080D2E00080526100B2F257
:101B7000220040B900040051001C0072A1FFFF5474
:101B800078FEFF17E00080526100B2D21F2003D51B
:101B9000220040B900040051001C0072A1FFFF5454
:101BA00070FEFF17018081D2E00080526102B2F224
:101BB000220040B900040051001C0072A1FFFF5434
:101BC00068FEFF17008083D26000B2F21F2003D5A9
:101BD000020040B921040051211C0072A1FFFF54F2
:101BE00060FEFF178FC4FF97F35341A9C0018052D5
:101BF000F55B42A90AFFFF1701808BD20100B0F20A
:101C0000220040B900040051001C0072A1FFFF54E3
:101C100054FEFF172FC1FF97D5FEFF172DC1FF9769
:101C20006BFFFF172BC1FF97C0FEFF1729C1FF975E
:101C300051FFFF1702008CD20200B0F23F1000717A
:101C40002001005442FC7F913F14007141E1FF5498
:101C5000410040B900040051001C0072A1FFFF5474
:101C600040FEFF17410040B900040051001C007203
:101C700080C7FF54410040B900040051001C0072AD
:101C800021FFFF5437FEFF17F0E5011000000000B0
:101C9000000000900200009001000090006846F9EA
:101CA000426446F900004039216046F900040051C1
:101CB000407860B80080001120D860F8A1FBFF17C1
:101CC00090510010000000001051001000000000B2
:101CD000085100100000000000000000000000009B
:101CE000FD7BBDA90000009002000090FD03009163
:101CF00000E446F9F30B00F942E046F901000090D8
:101D00000000403921DC46F900040051407860B8F9
:101D10000080001133D860F8611E40F9602A40B994
:101D2000210040B921200012E12F00B90001003547
:101D3000602240F9A00200B4E00313AA820080529E
:101D4000F30B40F9FD7BC3A85EFBFF17620240F96D
:101D5000E1B30091601240F9424450D30906009467
:101D6000610240F9621240F9602A40B9234450D31D
:101D7000214410534200038B0000014B621200F912
:101D8000602A00B980000034F30B40F9FD7BC3A842
:101D9000C0035FD6602240F980FFFFB4E00313AABE
:101DA00022008052F30B40F901008052FD7BC3A852
:101DB00044FBFF171F2003D59051001000000000C6
:101DC0001051001000000000085100100000000039
:101DD000000000900200009001000090001C47F9F4
:101DE000421847F900004039211447F90004005116
:101DF000407860B80080001120D860F8011C40F9DC
:101E0000220840B942740A12220800B9210840B9D8
:101E1000012040F9810000B442008052010080524C
:101E200028FBFF17C0035FD6905100100000000090
:101E300010510010000000000851001000000000C8
:101E4000000000900200009001000090008047F91F
:101E5000427C47F900004039217847F900040051DD
:101E6000407860B80080001120D860F8031C40F969
:101E7000610040B9644840B921200012826058D303
:101E800042681B536401E037840005120520A35209
:101E90004260442A646840B98400052A646800B935
:101EA000634840B9032040F9230200B405FBFF1743
:101EB000654840B99F0065F244001C3242041D325F
:101EC0004210841A44001A32BF0071F28200821A52
:101ED000646840B90520A3528400052A646800B9EB
:101EE000634840B9032040F923FEFFB5C0035FD625
:101EF0009051001000000000105100100000000080
:101F00000851001000000000000000000000000068
:101F1000FD7BBFA9FD030091401200B4211200B463
:101F2000020040B960888A52400AA0725F00006BCC
:101F300081010054240040B99FEC007188000054D6
:101F4000260440B9DFEC007149010054B5C3FF9786
:101F5000B4C3FF9760008052FD7BC1A8C0035FD669
:101F6000B0C3FF97E0008052FD7BC1A8C0035FD6DD
:101F7000290840B93F5D0071A8FEFF5422004229A4
:101F800005900151BF8C017142984B7A08FEFF54B5
:101F9000030000B0280C40B947040011630441F964
:101FA0000C3D005163C862385F040071200E00547C
:101FB0001F01007102C1437AA8FCFF54FF080071A1
:101FC0002D0E005402B01D11EA03072AA001805211
:101FD000AB9999528B99B9724208420B4001001B90
:101FE00042000C0BA32489520A0092D24392A4729D
:101FF0000A20B0F2007CAB9B00FC62D30000020B15
:102000000B7CA39B6BFD60D302000B4B6205420B64
:10201000427C02534B701D536201024B0000024B85
:1020200000180011037CA39B63FC60D30200034BE8
:102030006204420B427C025343701D536200024B08
:102040000200024B221800B9400140B9400A38375B
:10205000841C0012A09999528099B972D01C001268
:102060002F1D00120E1D0012421C0012887CA09B26
:10207000EC1C0012077EA09BE67DA09BAA1C001210
:1020800008FD63D3457CA09BD17DA09BE7FC63D377
:10209000837DA09B0D09080BC6FC63D3EB08070BDF
:1020A000A5FC63D3407DA09B010092D28D040D4B13
:1020B0000120B0F2C908060B24FE63D3A811082A38
:1020C0000B060B4BAD08050B63FC63D3081D001218
:1020D0006711072AE905094B8B08040B00FC63D341
:1020E000281400B92611062A42040D4B6908030B77
:1020F000E71C0012271800B9C61C00124510052A5B
:10210000C8050B4B0208000B261C00B9A51C0012C9
:102110000411042A8605094B252000B94205024B0B
:10212000841C0012C310032A242400B94010002A82
:10213000631C0012232800B9001C0012202C00B9D7
:10214000200040B960053837200040B9000019323E
:10215000200000B900008052FD7BC1A8C0035FD6FB
:1021600030C3FF9720008052FD7BC1A8C0035FD61B
:102170001F0440F2600300541F01007102C1437A42
:1021800068EEFF544A34001102AC1D1190FFFF1796
:102190001F2003D5400940B9C0FF0F37020092D27B
:1021A0000220B0F2400840B900000032400800B9F7
:1021B000400840B9800008371F2003D5400840B9C7
:1021C000C0FF0F362200422924184029470400117D
:1021D0002920412905900151221840B99DFFFF1780
:1021E000030500517F70007128EBFF54E6FFFF17D5
:1021F000200840B900781F12200800B90000805262
:10220000D6FFFF171F2003D570E601100000000065
:10221000FD7BBFA9FD030091800A00B4610A00B4F0
:10222000020040B960888A52400AA0725F00006BC9
:10223000410A0054020092D20220B0F2400840B994
:10224000A00008361F2003D51F2003D5400840B941
:10225000C0FF0F37020092D20220B0F2400840B90E
:1022600000000032400800B9400840B9800008373B
:102270001F2003D5400840B9C0FF0F36030092D29B
:10228000000080520320B0F2621440B9440C0012E6
:10229000421C44D34208020B8204020B421C00126F
:1022A000220000B9621840B9440C0012421C44D309
:1022B0004208020B8204020B421C0012220400B9E5
:1022C000621C40B9440C0012421C44D34208020B69
:1022D0008204020B421C0012220800B9622040B99D
:1022E000440C0012421C44D34208020B8204020B2D
:1022F000421C0012221800B9622440B9440C00129A
:10230000421C44D34208020B8204020B421C0012FE
:10231000220C00B9622840B9440C0012421C44D37C
:102320004208020B8204020B421C001242040051BC
:10233000221000B9622C40B9440C0012421C44D354
:102340004208020B8204020B421C0012429001114F
:10235000221400B9610840B921781F12610800B940
:10236000FD7BC1A8C0035FD6AEC2FF97200080529C
:10237000FD7BC1A8C0035FD6AAC2FF97E0008052D0
:10238000FD7BC1A8C0035FD6000000000000000074
:10239000FD7BBDA9FD030091600800B4F35301A9C2
:1023A000F30300AAF403012A60888A52610240B94B
:1023B000400AA0723F00006B01060054600640F91D
:1023C000001C40B96007F837F51300F99532005149
:1023D000BF0A0071848A507AC002005494460051AA
:1023E0009F0A0071480500549ABEFF97000092D2E0
:1023F0000020B0F2010440B9A10A0033010400B981
:10240000600640F9131C40B9E003132AF302F837C1
:10241000C0BEFF97E003132A86BEFF97F35341A97E
:1024200000008052F51340F9FD7BC3A8C0035FD6BE
:1024300088BEFF97801E00129F3A007188FDFF54EE
:10244000010092D2002C00510120B0F2220440B9C8
:1024500002080033220400B9600640F9131C40B999
:10246000E003132A73FDFF3626BFFF97E003132A0C
:10247000FCBEFF97EAFFFF176AC2FF97F35341A91B
:10248000E0008052FD7BC3A8C0035FD665C2FF9702
:10249000F35341A960008052F51340F9FD7BC3A8B6
:1024A000C0035FD65FC2FF9720008052DFFFFF1797
:1024B0005CC2FF97F35341A960018052DBFFFF1715
:1024C000FD7BBCA9FD030091F51300F9600E00B47B
:1024D000F35301A9F30301AAE10D00B4F40300AA28
:1024E00060888A52400AA072810240B93F00006BA6
:1024F000010F0054800640F9001440B9800FF837EE
:10250000612A40B93F5C40F2A10A0054752640B9E7
:10251000B53E0872410A0054619640398100003688
:10252000610640B93FEC0071A8090054619A403936
:102530000109003747BEFF9760964039600A0036B0
:1025400062124039A09999528099B972407CA09B3F
:1025500000FC63D30108000B4104014B2010002A4A
:10256000001C0012E0FF0039020092D2E0FF403967
:10257000619A40390220B0F2001C0012404000B9BC
:10258000E107003662224039A09999528099B972C8
:10259000407CA09B00FC63D30108000B4104014B6D
:1025A0002010002A001C0012E0FF003961B24039FF
:1025B000030092D266B640390320B0F262BA4039C5
:1025C00065BE403921181F5360C24039C6141E53DE
:1025D00064C6403942101D53A50C1C532100062A25
:1025E0004200052A00081B5384041A5365AE403983
:1025F0002100022A0000042AE2FF40392100002ABB
:102600002100052A401C0012604400B9211C00135F
:10261000614800B9600440B900001C32600400B990
:10262000800640F9131440B9E003132A3304F83745
:1026300038BEFF97E003132AFEBDFF97F35341A96D
:10264000E003152AF51340F9FD7BC4A8C0035FD64B
:10265000610A40B93F5C0071E9F6FF54F1C1FF9790
:1026600075008052EFC1FF97F35341A9E003152A8B
:10267000F51340F9FD7BC4A8C0035FD6E007805284
:10268000E0FF0039CAFFFF17E00F8052E0FF00397A
:10269000B6FFFF17F35341A9E2C1FF9735008052FF
:1026A000E003152AF51340F9FD7BC4A8C0035FD6EB
:1026B00094BEFF97E003132A6ABEFF97F35341A924
:1026C000E003152AF51340F9FD7BC4A8C0035FD6CB
:1026D000D4C1FF97F5008052F35341A9E003152AB6
:1026E000F51340F9FD7BC4A8C0035FD6CDC1FF97A9
:1026F00075018052F35341A9E003152AF51340F9FF
:10270000FD7BC4A8C0035FD60000000000000000ED
:10271000FD7BBCA9FD030091F35301A9C00D00B4DA
:10272000F40301AA810D00B4F55B02A9F50300AA28
:1027300060888A52400AA072A10240B93F00006B33
:10274000400E0054838A42A900F8BF12810640B9A6
:10275000B48E00A9BF8A01A93F00006B880C005409
:102760002000805213C2FF97014638D5000080D266
:10277000004618D51325B0D2601A43B900781A1252
:10278000601A03B9601A43B9014618D52000805277
:10279000B8C1FF9763DE49D1932580521F2003D52E
:1027A000620040B973060071C1FFFF54600040B978
:1027B00000001B32600000B9600040B900001C320C
:1027C000600000B9603C40B9810640B92054003334
:1027D000603C00B9961E40B97604F836961640B9AA
:1027E0003601F83660888A52400AA072A00200B909
:1027F000F55B42A9E003132AF35341A9FD7BC4A86A
:10280000C0035FD69442403962BEFF97E303002ABB
:1028100002008052645C4092E003162A637C78D305
:10282000611C6092810001AAA2BDFF97E003162AF5
:1028300081121D538FBDFF97E003162A410080527D
:10284000BCBDFF97E003162A21008052E1BDFF972F
:10285000D682001100000090008C44F915D836F89B
:10286000E1FFFF17F71B00F99762403949BEFF9758
:10287000E303002A02008052645C4092E003162ABF
:10288000637C78D3611C6092810001AA89BDFF97A7
:10289000E1121D53E003162A76BDFF97E003162AC6
:1028A00041008052A3BDFF97E003162A2100805209
:1028B000C8BDFF97D682001100000090F71B40F9B9
:1028C000008C44F915D836F8961640B9D6F8FF377B
:1028D000CDFFFF1753C1FF9733008052E003132A47
:1028E000F35341A9FD7BC4A8C0035FD64DC1FF9738
:1028F00073008052F55B42A9E003132AF35341A908
:10290000FD7BC4A8C0035FD646C1FF97D3018052A8
:10291000F55B42A9B8FFFF179051001000000000BE
:10292000FD7BBDA9FD030091F30B00F9FF4103D529
:10293000DF3F03D5000000900100009002000090EE
:1029400000E844F921E444F90000403942EC44F93C
:1029500000040051217860B82080001153D860F83D
:10296000620A40F9420200B4630640F9600E40F981
:10297000631440B97F00016BE1079F1A21781F5350
:10298000000200B4041440A9E41702A9631240F93C
:10299000010000B9030400F940003FD6600E40F981
:1029A000600000B4E20F42A9020C00A9DF4103D588
:1029B000DF3F03D5F30B40F9FD7BC3A8C0035FD60F
:1029C000E0830091F2FFFF1710510010000000009B
:1029D000085100100000000090510010000000009D
:1029E000C0035FD6000000000000000000000000EF
:1029F000FD7BBEA9637C4093FD030091F30B00F9BE
:102A0000F30301AA2124C0791A080094E000F8B762
:102A1000614A40F92100008B614A00F9F30B40F94B
:102A2000FD7BC2A8C0035FD66122407921781312D2
:102A300061220079F30B40F9FD7BC2A8C0035FD689
:102A4000FD7BBDA9FD0300912420C079F35301A9AA
:102A5000F30301AAF40300AAF55B02A9F50302AA95
:102A6000F603032A840140376126C0798478131263
:102A700064220079C37E4093E20315AAE00314AAFE
:102A80007C000094F35341A9F55B42A9FD7BC3A8E8
:102A9000C0035FD62124C07943008052020080D257
:102AA000DC0700946422C079F0FFFF1700000000EB
:102AB000FD7BBEA9FD030091F30B00F9F30301AA0E
:102AC0002124C079D30700946122C0791F0400B18A
:102AD000E00000542100143261220079604A00F9BC
:102AE000F30B40F9FD7BC2A8C0035FD62178131217
:102AF00061220079F30B40F9FD7BC2A8C0035FD6C9
:102B00002124C079730300140000000000000000BD
:102B100000000000000000000000000000000000B5
:102B200000000000000000000000000000000000A5
:102B30000000000000000000000000000000000095
:102B40005F2403D5042C40929F803FF1C8060054B7
:102B5000020C40A9E8C300B2440008CB45D800B23B
:102B6000660008CB67D800B2840025EAC500278A32
:102B7000A00840FA000100548430859A000180D2F8
:102B8000840CC0DAE033809A8410C0DA000C448BE5
:102B9000C0035FD6020C41A9440008CB45D800B25F
:102BA000660008CB67D800B2840025EAC500278AF2
:102BB000A00840FA400100548430859A000380D276
:102BC000840CC0DA060280D28410C0DAC030809A49
:102BD000000C448BC0035FD61F2003D501E87B9215
:102BE0002108C1AD20AC226E00AC206E0098200EF2
:102BF0000300669E63FFFFB42098204E200000CBA8
:102C0000630000354098204E0040009100840C0F76
:102C10000300669E6300C0DA6210C0DA0008428BCF
:102C2000C0035FD601E87B92628081520206B872CF
:102C300021A0404C400C044E2198204E4298204E3A
:102C4000211C204E421C204E20BC224E00BC204E97
:102C50000300669E04F87FD36324C49A23FCFFB468
:102C60006300C0DA6010C0DA00FC41D3C0035FD655
:102C7000FD7BBEA9FD030091F35301A9740000B0D0
:102C8000F30300AAE003012AE10302AA9F5A09B94B
:102C9000E20303AAE7F6FF97017C40931F0400318B
:102CA000A0000054F35341A9E00301AAFD7BC2A890
:102CB000C0035FD6805A49B960FFFF34600200B993
:102CC000E00301AAF35341A9FD7BC2A8C0035FD66C
:102CD000400000D0002C40F9C0035FD60000000087
:102CE000FD7BBAA9FD030091F35301A9345C009167
:102CF000F55B02A9F50300AA9FBA00F1A80C0054E5
:102D00003F8000F188190054EA020094140480D234
:102D1000010A80D280008052560000B0D6821A91FB
:102D2000C102018B00080011214000D1330C40F991
:102D30007F0201EBC11D0054D31240F9460000B0E0
:102D4000C6C01A917F0206EB600F0054610640F97D
:102D500021F47E92220014CB5F7C00F1AC2700545A
:102D6000C61A02A98217F8B6C50640F93FFC07F15A
:102D7000C81E005422FC43D3230080D2410400111A
:102D8000427C021321781F536220C29AA50002AA36
:102D9000C1CE218B22045FF8C50600F9620601A9A5
:102DA000330800F9530C00F9017C0213240080D28F
:102DB0008420C19A9F0005EBA80C00549F0005EAEF
:102DC000C100005400741E1284F87FD3001000115B
:102DD0009F0005EAA0FFFF54E9018092070400115B
:102DE000E803002AE7781F5327CD278BC702078BFC
:102DF000E50307AAA10C40F909000014220440F9D8
:102E0000F30301AA210C40F942F47E92430014CB53
:102E10007F7C00F12C1E0054E31FF8B6BF0001EBCD
:102E2000E1FEFF541FF900712D240054A5400091CC
:102E3000080500111F0540F2E1FDFF5405000014D4
:102E4000E1045FF8000400513F0007EB0134005437
:102E50001F0440F261FFFF54C00640F90000248ABD
:102E6000C00600F984F87FD3810400D13F0000EB55
:102E7000830000543600001484F87FD30811001139
:102E80009F0000EAA0FFFF54E003082AD4FFFF17C9
:102E900094EE7C92E27B40B29F0202EB229054FAC5
:102EA000A80C0054830200949FDE07F1891C005493
:102EB00081FE49D3810C00B43F1000F1A8170054E3
:102EC00081FE46D320E4001125E0001104781F5351
:102ED000847C7D93560000B0D6821A91C402048B84
:102EE000844000D1930C40F99F0013EBE1000054A3
:102EF00092FFFF17630E40F9C211F8B6F30303AA5D
:102F00009F0003EBA0F1FF54610640F921F47E928B
:102F1000220014CB5F7C00F1EDFEFF54D31240F988
:102F2000460000B0C6C01A91E003052A7F0206EBF6
:102F3000E1F0FF54C50640F9017C0213240080D261
:102F40008420C19A9F0005EBA9F3FF54D30A40F9EE
:102F5000F76303A9770640F9F7F67E92E00214CBF7
:102F60001F7C00F1E0C254FA420A0054610000B034
:102F7000FB7305A95C0000B021A844F9E30382D2E9
:102F8000824B43F98102018B3800038B2180009131
:102F90005F0400B118CF74921813819AE00315AA48
:102FA000E10318AA7B02178BF96B04A9D9060094D8
:102FB000F90300AA1F0400B1A00600547F0300EB30
:102FC000280600547A0000B0411B49B92100180BB3
:102FD000411B09B9E003012A811700547F2F40F2F9
:102FE00041170054C20A40F9E002188B000040B2B9
:102FF000400400F91F2003D5600000B0217C4093FD
:1030000002A444F93F0002EB4900005401A404F972
:1030100060000090D30A40F902A044F93F0002EB9F
:103020004900005401A004F9600640F900F47E92C2
:103030001A00001480018052130080D2A00200B94F
:103040000C000014048080D200088052E5078052F2
:10305000A1FFFF176102018BE00315AA73420091E3
:10306000220440F9420040B2220400F91502009403
:10307000F55B42A9E00313AAF35341A9FD7BC6A85F
:10308000C0035FD67F0216EB80110054D30A40F9CB
:10309000600640F900F47E929F0200EB000014CB22
:1030A00004985FFAAD190054F96B44A9FB7345A964
:1030B0006202148B940240B2740600F9010040B21F
:1030C000C20A00F9410400F9E00315AA7342009115
:1030D000FC010094F55B42A9E00313AAF35341A954
:1030E000F76343A9FD7BC6A8C0035FD6619240A9E0
:1030F000E00315AA630E40F921F47E926102018B70
:10310000220440F9830C00F9420040B2640800F93F
:10311000220400F973420091EA010094F55B42A990
:10312000E00313AAF35341A9FD7BC6A8C0035FD6F1
:10313000640A40F96102018BE00315AA220440F9F8
:10314000830C00F9F1FFFF1722FC49D33FFC27F164
:10315000890900545F5000F1E814005444700111D3
:10316000436C011184781F53847C7D93C402048BCB
:1031700082045FF89F0002EBA10000548500001458
:10318000420840F99F0002EBA0000054430440F9BC
:1031900063F47E927F0001EB48FFFF54440C40F93A
:1031A000621201A9930800F9530C00F9FFFEFF1702
:1031B0003F5000F1290700543F5001F1C81200545C
:1031C00081FE4CD320BC011125B8011104781F5396
:1031D000847C7D9340FFFF17640A40F9800240B26F
:1031E000600600F97402148B650040B2E00315AA72
:1031F000810C00F9240800F9D45202A9859A00A98B
:10320000860E00F9636A22F873420091AD010094C2
:1032100098FFFF176202028BE00315AA640E41F8C3
:10322000430440F9630040B2430400F9810C00F903
:10323000240800F9A30100948EFFFF1780FE43D3FA
:103240000104001121781F53217C7D93B3FEFF17E9
:103250006302148B940240B2740600F9440040B239
:10326000C30E02A9E00315AA649800A9660C00F930
:10327000626A21F873420091920100947DFFFF176A
:1032800022FC46D344E4001143E0001184781F532C
:10329000847C7D93B6FFFF1720700111256C01110E
:1032A00004781F53847C7D930BFFFF1708050011E2
:1032B000A5800091DFFEFF177A000090401B49B9FE
:1032C0000000180B401B09B9814B43F93F0400B1C2
:1032D000200B00543B031BCB00001B0B401B09B908
:1032E0003C0F40F22006005439031CCB1B0282D253
:1032F000394300917B031CCB3803188BE00315AADC
:103300007B0318CB7B2F4092E1031BAA010600949C
:103310001F0400B1400B0054000019CBE2031B2A2C
:1033200018001B8B401B49B9180340B2D90A00F999
:103330004100000B411B09B9380700F97F0216EB69
:10334000C0E5FF54FF7E00F149040054620640F9D5
:10335000430000F0E06200D160E4C33D00EC7C92E9
:103360006302008B42004092420000AA620600F90C
:103370006080803C1F7C00F109E4FF5461420091B1
:10338000E00315AAC7040094411B49B91BFFFF17AE
:10339000637C0213210080D22120C39AA50001AAD8
:1033A000C50600F97FFFFF173B03188BE00315AA42
:1033B000FB031BCB7B2F4092E1031BAAD505009496
:1033C000020080521F0400B181FAFF54D6FFFF179C
:1033D000200080D2200700F9E00315AA130080D254
:1033E00038010094F76343A9F96B44A9FB7345A91D
:1033F00020FFFF175F5001F12802005422FC4CD33C
:1034000044BC011143B8011184781F53847C7D931F
:1034100057FFFF173F5005F12802005481FE4FD39C
:1034200020E0011125DC011104781F53847C7D9379
:10343000A9FEFF17994B03F9AAFFFF175F5005F18B
:103440008802005422FC4FD344E0011143DC0111F7
:1034500084781F53847C7D9345FFFF173F5015F1FF
:103460008802005481FE52D320F4011125F001118D
:1034700004781F53847C7D9397FEFF179C4300D1F3
:103480000200805218031C8B180319CBA6FFFF17EC
:103490005F5015F16801005422FC52D344F401112D
:1034A00043F0011184781F53847C7D9330FFFF1714
:1034B00004FE80D2E00F8052C50F805286FEFF17B7
:1034C00004FE80D2C30F805229FFFF17C00640F9C7
:1034D00065FEFF1700000000000000000000000073
:1034E000400000B000404039C0035FD6000000003B
:1034F0004000009000C03E91C0035FD60000000075
:10350000FD7BAFA9EB068012EA0F8012FD0300914C
:10351000EC430391E8430491490000B0E82303A978
:10352000E80300AAEC2300F9EB2B0929202D40F930
:10353000E017803DE0C341ADE11B803DE21F803DCF
:10354000E323803DE427803DE52B803DE62F803D51
:10355000E733803DE18B0DA9E20308AAE3930EA9AE
:10356000E3430091E59B0FA9E78700F9E0C300ADB5
:10357000010840F9D7060094FD7BD1A8C0035FD6AF
:103580005F2403D52400028B0500028B5F0002F14B
:10359000880700545F8000F1C80300545F4000F1C9
:1035A000C3000054261C40A98C347FA9061C00A926
:1035B000AC343FA9C0035FD6C2001836260040F9DC
:1035C00087805FF8060000F9A7801FF8C0035FD668
:1035D000C2001036260040B988C05FB8060000B9A6
:1035E000A8C01FB8C0035FD6020100B44EFC41D38F
:1035F000260040398AF05F3828686E3806000039A6
:1036000008682E38AAF01F38C0035FD61F2003D5E4
:10361000261C40A9282441A98A2C7EA98C347FA984
:103620005F0001F1E8000054061C00A9082401A96C
:10363000AA2C3EA9AC343FA9C0035FD61F2003D5F6
:103640002E3C42A9304443A95F8001F1A9000054F7
:10365000820C7CA981107DA9A20C3CA9A1103DA9D6
:10366000061C00A9082401A90E3C02A9104403A9C4
:10367000AA2C3EA9AC343FA9C0035FD61F2003D5B6
:103680000E0001CB2EFCFFB4DF0102EBA3040054BB
:103690002C3440A90E0C409203EC7C9221000ECBFE
:1036A00042000E8B261C41A90C3400A9282442A9F3
:1036B0002A2C43A92C34C4A9424002F169010054C8
:1036C000661C01A9261C41A9682402A9282442A934
:1036D0006A2C03A92A2C43A96C3484A92C34C4A9CC
:1036E000420001F1E8FEFF548E3C7CA9661C01A952
:1036F000861C7DA9682402A988247EA96A2C03A9B6
:103700008A2C7FA96C3404A9AE3C3CA9A61C3DA917
:10371000A8243EA9AA2C3FA9C0035FD61F2003D529
:103720008C347FA9AE0C409284000ECB42000ECBAD
:10373000861C7FA9AC343FA988247EA98A2C7DA948
:103740008C34FCA9A5000ECB420002F169010054A3
:10375000A61C3FA9861C7FA9A8243EA988247EA96F
:10376000AA2C3DA98A2C7DA9AC34BCA98C34FCA917
:10377000420001F1E8FEFF54220C43A9A61C3FA918
:10378000261C42A9A8243EA9282441A9AA2C3DA967
:103790002A2C40A9AC343CA9020C03A9061C02A99E
:1037A000082401A90A2C00A9C0035FD6000000006C
:1037B000FD7BBAA9FD030091F35301A9F40300AA0C
:1037C000F30301AAE00301AADEFCFF97822640F979
:1037D00004040091E6030191410000B0230080D26F
:1037E00021C00F9145008052E61700F9E53300B97A
:1037F000E4CF03A9E08704A9E32F00F9930A40F975
:10380000820400B461B240B96022C079410000373F
:1038100080034836C000683761B240B900001332F7
:10382000602200792078121260B200B9E00314AA75
:10383000E10313AAE2A30091CA04009461B240B963
:103840001F0000715401805294029F5A610000379A
:1038500060224079A0004836E003142AF35341A9BE
:10386000FD7BC6A8C0035FD6605240F99113009457
:10387000E003142AF35341A9FD7BC6A8C0035FD619
:10388000605240F9871300946022C079E2FFFF176D
:10389000E00314AA83010094DBFFFF17000000007F
:1038A000420000B0E10300AA402C40F9C1FFFF171D
:1038B0006000009000402E917A1300140000000078
:1038C0006000009000402E917A1300140000000068
:1038D000FD7BBEA9FD030091F35301A97400009084
:1038E000F30300AA9F5A09B9E003012A11F4FF97D4
:1038F0001F04003180000054F35341A9FD7BC2A88E
:10390000C0035FD6815A49B981FFFF34610200B913
:10391000F35341A9FD7BC2A8C0035FD6000000009D
:10392000FD7BBDA9FD0300912220C079F35301A9BD
:10393000F30301AAF55B02A9F60300AAE207183710
:103940004000153220200079210840B93F00007165
:103950008D0B0054642640F9640600B4611A40F9E6
:10396000D40240B9DF0200B9620B6037020080D296
:10397000E00316AA2300805280003FD6E20300AA8B
:103980001F0400B1E00B0054611A40F9642640F9AD
:103990006022C079E0001036602E40F9630A80B9D9
:1039A000420003CB600000B4607280B9420000CBDB
:1039B000E00316AA0300805280003FD61F0400B126
:1039C000E1080054C30240B96122C0797F740071DC
:1039D000A8060054220080D20208A4F24224C39A0E
:1039E00022060036640E40F922781412640200F9AF
:1039F0007F0A00B96222007941006036E307003493
:103A0000612E40F9D40200B9E10000B460D2019106
:103A10003F0000EB60000054E00316AA210300946D
:103A20007F2E00F900008052F35341A9F55B42A9B3
:103A3000FD7BC3A8C0035FD6350C40F955FFFFB42A
:103A4000210040F9750200F900008052210015CBD9
:103A5000F403012A5F0440F241000054602240B99F
:103A6000600E00B93F000071AC000054EEFFFF177C
:103A7000B5C2208B9F0200716DFDFF54611A40F9A1
:103A8000E303142A642240F9E20315AAE00316AA0C
:103A900080003FD69402004B1F000071ACFEFF5423
:103AA0006122C07921001A3261220079F35341A9C1
:103AB00000008012F55B42A9FD7BC3A8C0035FD65E
:103AC000617240B93F0000716CF4FF5400008052F5
:103AD000D6FFFF17624A40F9AFFFFF176122C07996
:103AE000630E40F922781412630200F97F0A00B9CC
:103AF0006222007961F86736604A00F9C1FFFF175A
:103B0000C00240B920F4FF341F7400710418567AC3
:103B100081FCFF5400008052D40200B9C3FFFF179C
:103B2000FD7BBDA9FD030091F35301A9F30301AA95
:103B3000F40300AAF51300F9600000B4012440F971
:103B4000810400B46022C0791500805280010034E5
:103B500061B240B941000037C0014836E10313AA01
:103B6000E00314AA6FFFFF97F503002A61B240B982
:103B70006100003760224079E0014836F35341A9E3
:103B8000E003152AF51340F9FD7BC3A8C0035FD6F7
:103B9000605240F9C3120094E10313AAE00314AA8F
:103BA00060FFFF97F503002A61B240B981FE073735
:103BB000F1FFFF17605240F9BE120094F35341A980
:103BC000E003152AF51340F9FD7BC3A8C0035FD6B7
:103BD000B4000094DCFFFF170000000000000000AC
:103BE000E00400B4FD7BBDA9FD030091F35301A9DE
:103BF000F30300AA400000B0F51300F9152C40F9BA
:103C0000750000B4A02640F9800200B46022C0799B
:103C1000140080528001003461B240B94100003785
:103C200020024836E10313AAE00315AA3DFFFF97DF
:103C3000F403002A61B240B9610000376022407984
:103C400080014836F51340F9E003142AF35341A9E3
:103C5000FD7BC3A8C0035FD6E00315AA91000094C2
:103C6000EBFFFF17605240F98E120094EEFFFF1732
:103C7000605240F98F120094F3FFFF17420000B02A
:103C800001000090400000B042E0069121802C919C
:103C900000800191E7040014000000000000000013
:103CA000420000B0210000B042E0069121001B91CB
:103CB000400000B000800191DE040014000000000C
:103CC000FD7BBEA96200009042802591FD0300911A
:103CD000010440F9F30B00F9F30300AA3F0002EBE3
:103CE0004000005477120094610A40F9600000908F
:103CF000006028913F0000EB60000054E00313AA2D
:103D000070120094610E40F96000009000402B9109
:103D10003F0000EBA0000054E00313AAF30B40F9AE
:103D2000FD7BC2A867120014F30B40F9FD7BC2A80B
:103D3000C0035FD60000000000000000000000008B
:103D4000FD7BBCA96000009062000090FD03009123
:103D5000F35301A913802591830080520100009044
:103D60002180329141C405F9020180D201008052C4
:103D7000F55B02A9F4FFFFF0F71B00F994022C9108
:103D80001FB004F960000090002028917F0600F920
:103D9000631200B9F6FFFFF07F0E00F9D6022991F9
:103DA0007F2200B9F5FFFFF07F2A00B9B5C22A9142
:103DB0007FB200B963000094F7FFFFF0600000904D
:103DC000F7C2279100002891735E03A9765604A9D3
:103DD000742A00F92B12009423018052020180D230
:103DE0002300A072010080526000009000002B911F
:103DF0007F5E00F97F6200F963CA00B97F6A00F94B
:103E00007FDA00B97FE200B97F6A01B94D00009402
:103E100061000090216028916000009000E02A91EC
:103E200061DE0EA976D60FA9748600F915120094EA
:103E300043028052020180D24300A07201008052EE
:103E40006000009000E02D917FBA00F97FBE00F97C
:103E5000638201B97FC600F97F9201B97F9A01B9E7
:103E60007F2202B9370000946100009021402B911D
:103E7000615E1AA96000009000C02D9176561BA9C2
:103E800074E200F9F35341A9F55B42A9F71B40F92D
:103E9000FD7BC4A8FB11001400000000000000001E
:103EA000FD7BBEA9FD030091F35301A9F40300AA11
:103EB0007300009073622E91E00313AAF91100942D
:103EC000802640F9E00000B56100009000000090FD
:103ED00000003391802600F920C445F9A00000B409
:103EE000E00313AAF35341A9FD7BC2A8F11100140A
:103EF00094FFFF97E00313AAF35341A9FD7BC2A8E7
:103F0000EC110014000000000000000000000000A0
:103F10006000009000602E91E2110014000000008B
:103F20006000009000602E91E2110014000000007B
:103F30000000000000000000000000000000000081
:103F40005F2403D5200C014E0400028B5F8001F139
:103F5000880300545F4000F1E2010054013C084E28
:103F600082001836010000F981801FF8C0035FD677
:103F700082001036010000B981C01FB8C0035FD6AF
:103F8000820000B4010000394200083681E01F7849
:103F9000C0035FD60000803DC200303780009F3CE8
:103FA000620028360004803D80009E3CC0035FD63E
:103FB0000004803D000001AD80003FADC0035FD62E
:103FC000211C001203EC7C920000803D5F8002F116
:103FD0002028407A41020054E5003BD5A5104092CC
:103FE000BF1000F1C10100546004803D600001ADCC
:103FF00063E47A92820003CB420002D11F2003D5F2
:104000006300019123740BD5420001F1A8FFFF5416
:1040100080003EAD80003FADC0035FD6820003CB81
:10402000634000D1424001D1600001AD600082AD2B
:10403000420001F1A8FFFF5480003EAD80003FAD7B
:10404000C0035FD600000000000000000000000078
:10405000FD7BBAA9FD030091F55B02A9F50302AA55
:10406000211000B4F35301A9F30301AAF60300AA37
:10407000F76303A9784200D1B45E0091F96B04A9FB
:104080000CFEFF97F90318AA000740F917F47E9277
:104090009FBA00F108090054010080523F000071EE
:1040A000140480D2800255FA43090054FF0214EB35
:1040B0004A0A0054210000F0FB7305A93C801A91C4
:1040C0000203178B830B40F9410440F97F0002EB98
:1040D000A00E005423F87F924300038B630440F941
:1040E000630B003721F47E92E302018B9F0203EB06
:1040F0008D070054800100377B025FF81B031BCB48
:10410000600740F900F47E922100008B3A00178B83
:104110009F021AEBED180054FA02008B9F021AEB73
:104120006D140054E10315AAE00316AAEDFAFF97F7
:10413000F50300AA201D00B4010740F9024000D198
:1041400021F87F920103018B3F0002EB40110054E4
:10415000E22200D15F2001F1681600545F9C00F15B
:1041600048110054E10313AA220040F9020000F9AB
:10417000220440F9020400F9210840F9010800F97D
:10418000E10313AAE00316AA46010094E00316AA6D
:10419000CCFDFF97F35341A9E00315AAF55B42A9B3
:1041A000F76343A9F96B44A9FB7345A9FD7BC6A836
:1041B000C0035FD694EE7C92E17B40B29F0201EB9C
:1041C000E1979F1A3F000071800255FA02F7FF54F1
:1041D00080018052150080D2C00200B91500001481
:1041E000410041A9F70303AAFB7345A9200C00F97C
:1041F000010800F91F2003D5210740F9E00214CB84
:104200002203178B210040921F7C00F148030054C9
:10421000E10201AA210700F9400440F9000040B280
:10422000400400F9F50313AAE00316AAA5FDFF97C1
:10423000F35341A9E00315AAF55B42A9F76343A92B
:10424000F96B44A9FD7BC6A8C0035FD6C0F607374B
:104250007B025FF81B031BCB600740F900F47E92E2
:10426000AEFFFF17F55B42A9E10302AAFD7BC6A8DA
:104270009CFAFF172403148B810201AA210700F97D
:10428000030040B281400091E00316AA830400F9C4
:10429000430440F9630040B2430400F90101009473
:1042A000E1FFFF1721F47E92838200912200178B99
:1042B0005F0003EB4A0E005460F307377B025FF8A0
:1042C0001B031BCB600740F900F47E922100008B9A
:1042D0003A00178B7F001AEB0CF2FF54F5031BAA70
:1042E000E22200D1600F40F9A10E41F8200C00F944
:1042F000010800F95F2001F168110054E00315AADC
:104300005F9C00F129010054600240F9600B00F944
:10431000600640F9600F00F95FDC00F1C81000543E
:104320007342009160830091610240F9010000F93D
:10433000610640F9010400F9610A40F9010800F939
:104340006203148B410314CB820B00F9210040B2AD
:10435000E00316AA410400F9610740F921004092E8
:10436000210014AA610700F956FDFF97FB7345A9C8
:10437000B0FFFF17200440F9FB7345A900F47E92BB
:10438000F702008B9DFFFF17600240F9A00200F9C1
:10439000600640F9A00600F95FDC00F1E805005472
:1043A00061420091A042009170FFFF17F5031BAA24
:1043B000E22200D1A10E41F8600F40F9200C00F973
:1043C000010800F95F2001F108040054E00315AA78
:1043D0005F9C00F129010054600240F9600B00F974
:1043E000600640F9600F00F95FDC00F148060054F8
:1043F0007342009160830091610240F9010000F96D
:10440000610640F9010400F9610A40F9010800F968
:10441000F9031BAAF30315AAFB7345A9F7031AAA0C
:1044200076FFFF17E10313AA56FCFF9755FFFF170E
:10443000410041A9200C00F9F5031BAAE22200D19A
:10444000010800F9DCFFFF17E10313AAE00315AA36
:104450004CFCFF97EFFFFF17600A40F9A00A00F934
:10446000600E40F9A00E00F95F2001F10004005435
:1044700061820091A08200913CFFFF170303148B1F
:10448000410014CB830B00F9210040B2E00316AACF
:10449000F50313AA610400F9010740F921004092D5
:1044A000210014AA010700F906FDFF97FB7345A937
:1044B00060FFFF17600A40F9601300F9600E40F9D1
:1044C000601700F95F2001F100020054738200912F
:1044D00060C30091C9FFFF17E00316AA150080D240
:1044E000F8FCFF97FB7345A952FFFF17601240F9D4
:1044F000A01200F961C20091A0C20091621640F9B9
:10450000A21600F919FFFF17601240F9601B00F9AD
:1045100073C200916003019161825FF8611F00F92D
:10452000B6FFFF17E10313AAE00315AA15FCFF97D6
:1045300084FFFF17600A40F9601300F9600E40F92C
:10454000601700F95F2001F1800000547382009130
:1045500060C3009175FFFF17601240F9601B00F9FE
:1045600073C200916003019161825FF8611F00F9DD
:104570006EFFFF17000000000000000000000000B8
:10458000FD7BBCA9FD030091F55B02A9360000F09C
:10459000D6821A91F50300AAF35301A9F71B00F97B
:1045A000F70301AAC3FCFF97C00A40F9140440F9BD
:1045B00094F67E92937E3F91730217CB73CE7492E2
:1045C000730640D17FFE3FF10D010054010080D2FF
:1045D000E00315AA4F010094C10A40F92100148B91
:1045E0001F0001EB20010054E00315AAB5FCFF9762
:1045F000F35341A900008052F55B42A9F71B40F933
:10460000FD7BC4A8C0035FD6E10313CBE00315AA6A
:10461000400100941F0400B120020054420000F049
:10462000940213CBC30A40F9940240B2411849B92D
:10463000E00315AA2100134B740400F9411809B9CD
:10464000A0FCFF97F35341A920008052F55B42A9DB
:10465000F71B40F9FD7BC4A8C0035FD6010080D2E0
:10466000E00315AA2B010094C20A40F9010002CB15
:104670003F7C00F1ADFBFF54240000F0210040B26C
:10468000410400F9430000F0814843F9000001CBE8
:10469000601809B9D5FFFF170000000000000000F6
:1046A000210A00B4FD7BBEA9FD030091F35301A9CB
:1046B000F30301AAF40300AA7EFCFF9765825FF86A
:1046C000634200D1200000F000801A91A2F87F928E
:1046D0006400028B060840F9810440F921F47E92BF
:1046E000DF0004EB000C0054810400F98600018B0C
:1046F0004503003767025FF8250000F0C60440F963
:10470000630007CB4200078BA5C01A91C6004092F8
:10471000670840F9FF0005EB40090054680C40F9B8
:10472000E80C00F9070900F9C60100B54200018B49
:10473000810840F93F0005EBA00E0054850C40F9BC
:10474000250C00F9440040B2A10800F9640400F906
:10475000626822F806000014C50440F9A506003678
:10476000410040B2610400F9820000F95FFC07F1EA
:10477000C903005441FC49D35FFC27F1C809005428
:1047800041FC46D324E4001125E0001184781F5336
:10479000847C7D930400048B81045FF89F0001EB0F
:1047A000A100005453000014210840F99F0001EBC0
:1047B000A0000054200440F900F47E921F0002EB98
:1047C00048FFFF54240C40F9611001A9E00314AA2A
:1047D000830800F9230C00F9F35341A9FD7BC2A81B
:1047E00038FCFF17C0035FD644FC43D3220080D2BD
:1047F00081040011050440F921781F53847C0213C1
:1048000001CC218B4220C49A420005AA020400F97F
:1048100020045FF8600401A9230800F9030C00F9E3
:10482000E00314AAF35341A9FD7BC2A825FCFF179E
:10483000250000F04200018BA5C01A91BDFFFF17B3
:10484000860900B5850041A92100028BA00C00F962
:10485000220040B2050800F9620400F9616821F8FD
:10486000F0FFFF174100018BE500003762025FF89F
:10487000630002CB2100028B640841A9820C00F97D
:10488000440800F9220000F0240040B2640400F95A
:10489000424C43F9030800F95F0001EB28FCFF5488
:1048A000410000F0E00314AA21A844F935FFFF9766
:1048B000DCFFFF173F5000F1290100543F5001F188
:1048C0002803005441FC4CD324BC011125B801112C
:1048D00084781F53847C7D93AFFFFF1724700111F0
:1048E000256C011184781F53847C7D93AAFFFF17E8
:1048F000060440F9A57C0213220080D24220C59A0A
:10490000420006AA020400F9B0FFFF17030C02A937
:10491000410040B2619400A9650C00F9626822F878
:10492000C0FFFF173F5005F1E800005441FC4FD392
:1049300024E0011125DC011184781F53847C7D93D0
:1049400095FFFF173F5015F1E800005441FC52D38A
:1049500024F4011125F0011184781F53847C7D9388
:104960008DFFFF1704FE80D2C50F80528AFFFF170C
:10497000400040B2600400F9820000F9A9FFFF176F
:10498000230000AAE40300AA7F0840F2400847FA87
:10499000090100541100001425144038460400D1C8
:1049A00065140038C5000034E40303AAE20306AA34
:1049B000E30304AA22FFFFB5C0035FD68400028B85
:1049C000C6FFFFB41F2003D57F1400387F0004EB1F
:1049D000C1FFFF54C0035FD6E6DB07B2E6DF9FF2FC
:1049E00006000014422000D1858400F821200091A7
:1049F0005F1C00F1E9FDFF54250040F9A300068B80
:104A00006300258A7FC001F2E0FEFF54E9FFFF1733
:104A1000FD7BBEA9FD030091F35301A9540000F0F2
:104A2000F30300AA9F5A09B9E003012AE10302AA8D
:104A3000E203032A47EFFF971F0400B180000054F0
:104A4000F35341A9FD7BC2A8C0035FD6815A49B97F
:104A500081FFFF34610200B9F35341A9FD7BC2A875
:104A6000C0035FD60000000000000000000000004E
:104A7000FD7BBEA9FD030091F35301A9540000F092
:104A8000F30300AAE003012AE10302AA9F5A09B92D
:104A9000E20303AAFBEEFF97017C40931F04003161
:104AA000A0000054F35341A9E00301AAFD7BC2A872
:104AB000C0035FD6805A49B960FFFF34600200B975
:104AC000E00301AAF35341A9FD7BC2A8C0035FD64E
:104AD000E30300AA410100B45FFC037188000054A5
:104AE0002000805222000039C0035FD6411180525D
:104AF00000008012610000B9C0035FD60000805240
:104B0000C0035FD6000000000000000000000000AD
:104B1000FD7BBEA9FD030091F35301A9540000F0F1
:104B2000F30300AA9F5A09B9E00301AA61B9FF97EC
:104B30001F0400B180000054F35341A9FD7BC2A8BB
:104B4000C0035FD6815A49B981FFFF34610200B9C1
:104B5000F35341A9FD7BC2A8C0035FD6000000004B
:104B6000FD7BBAA9FD030091F55B02A9F50300AA3C
:104B7000400840F9C00A00B42520C079F35301A9C8
:104B8000F30301AAFB7305A9FB0302AA850A1836E1
:104B9000200C40F9400A00B4F76303A9740340F9FC
:104BA000E5030836611A40F9170080D2642240F903
:104BB000160080D2F85376B2DF0218EBE20317AA90
:104BC000C392989AE00315AA560200B480003FD61B
:104BD0001F0000716D210054610B40F9007C40936F
:104BE000F702008BD60200CB200000CB600B00F94F
:104BF000C02000B4DF0218EBE20317AA611A40F9E3
:104C0000C392989A642240F9E00315AA16FEFFB5F4
:104C1000975A40A994420091E8FFFF17F96B04A945
:104C2000650A003618008052000080521A0080D2B7
:104C3000190080D21F2003D5F90700B460080034A2
:104C4000600240F9177F4093610E40F9FF0219EBB3
:104C5000760E40B9F792999A632240B91F0001EB92
:104C60007600160BE482567AAC1900547F00176B5D
:104C7000EC170054611A40F9E2031AAA642240F9C1
:104C8000E00315AA80003FD6F603002A1F0000713A
:104C9000CD0300541803166B20008052E00200542C
:104CA000610B40F9D67E40935A03168B390316CB1D
:104CB000210016CB610B00F901FCFFB5F35341A9AC
:104CC000F76343A9F96B44A9FB7345A9000080521F
:104CD000F55B42A9FD7BC6A8C0035FD6E10313AA1A
:104CE000E00315AAFF0E0094A00100356522C079EB
:104CF000F76303A9AAFFFF17E10313AAE00315AAAC
:104D000088FBFF97E0FCFF34F96B44A96022C0796F
:104D1000F76343A900001A3260220079F35341A9D6
:104D200000008012F55B42A9FB7345A9FD7BC6A874
:104D3000C0035FD6990640F9E00314AA944200919B
:104D4000B9FFFFB41A0040F9E20319AAE0031AAA56
:104D500041018052AB0E0094180400911F0000F135
:104D600018031ACB1817991AB6FFFF17640240F9F7
:104D70001C0080D2610E40B91A0080D21F2003D5DA
:104D8000E00304AAF803012AFA0300B42504483614
:104D9000377C4093FF021AEBC9080054417F4093CF
:104DA000F90301AAE00304AAF70301AAF8031A2AE7
:104DB000E1031CAAE20317AAF2F9FF97640240F983
:104DC000610E40B98400178B640200F92100184B72
:104DD000610E00B9600B40F99C03198B5A0319CB83
:104DE000000019CB600B00F9A0F6FFB4640240F993
:104DF000610E40B96522C079E00304AAF803012AD4
:104E00007AFCFFB59C6A40A994420091DDFFFF1730
:104E1000600E40F91F0004EB43020054652240B9C4
:104E20005FC325EBE3010054E07B40B25F0300EB7E
:104E30004393809AE2031CAA611A40F9E00315AA81
:104E4000630CC51A642240F9637C051B80003FD6C1
:104E50001F000071ADF5FF54197C4093DEFFFF1772
:104E6000237C4093E00304AA7F001AEBE1031CAA11
:104E700078909A9A197F4093E20319AAC1F9FF9793
:104E8000640240F9610E40B98400198B640200F994
:104E90002100184B610E00B9E1F9FF35E10313AAB7
:104EA000E00315AA1FFBFF9760F9FF3497FFFF1778
:104EB000597F409301908052BF00016AA0F7FF54D0
:104EC000662240B9610E40F9C604060B990001CB79
:104ED000C67C460B367F4093D77C0113C0060091F9
:104EE00000001A8BE27E40935F0000EB82000054CA
:104EF00026070011D7001A0BE27E40938506503634
:104F0000E10302AAE00315AA76F7FF97F80300AAC7
:104F1000400800B4610E40F9E20316AA99F9FF9720
:104F200060224079019080120000010A00001932CD
:104F3000602200790003168BE402194B597F4093DD
:104F4000600200F9640E00B9E10319AA780E00F9B5
:104F5000E40300AA772200B9F8031A2A3F031AEBE8
:104F600008F2FF54F70319AA92FFFF17FC7E409343
:104F7000E1031AAAE2031CAA82F9FF97600240F932
:104F8000F603172A610E40B900001C8B600200F97D
:104F90002100174B610E00B93FFFFF17D77E4093EA
:104FA000E1031AAAE20317AA76F9FF97620240F911
:104FB000E10313AAE00315AA4200178B620200F96D
:104FC000D8FAFF9780E6FF3450FFFF17E00315AAD9
:104FD00020FCFF97F80300AAE0FAFFB5610E40F944
:104FE000E00315AAAFFDFF976022C07981018052CE
:104FF000F96B44A900781812A10200B945FFFF1708
:105000006022C07943FFFF17F35341A9F76343A917
:10501000FB7345A92EFFFF17F96B44A9810180524C
:105020006022C079A10200B93AFFFF17000000001A
:10503000FD7BBBA9FD030091F55B02A9F60302AA63
:1050400015008052F76303A9F70300AAF80301AA29
:10505000F35301A9F92300F9191780521F2003D532
:10506000D40A40B9D30A40F99F0200710D020054DE
:10507000944EB99B1F2003D5632240797F040071B1
:10508000090100546326C079E10313AAE00317AABB
:105090007F0400316000005400033FD6B502002AAF
:1050A00073E202917F0214EB81FEFF54D60240F9B5
:1050B00096FDFFB5F35341A9E003152AF55B42A91C
:1050C000F76343A9F92340F9FD7BC5A8C0035FD668
:1050D000FF430AD1FD7B00A9FD030091F55B02A906
:1050E000F50301AA610040F9E13F00F9610440F9CC
:1050F000E15300F9610840F9E18700F9611840B90E
:10510000E19300B9611C40B9F35301A9F40303AA68
:10511000F30300AAF76303A9F70302AAE1F700B9B2
:10512000F4F8FF97000040F9E05B00F985F6FF977F
:10513000E05700F9020180D2E0E3059101008052BE
:1051400080FBFF97730000B4602640F940CB00B4A9
:10515000A1B240B9A022C07941000037E0A2483690
:10516000C0006837A1B240B900001332A022007914
:1051700021781212A1B200B9E0051836A10E40F94B
:10518000A10500B4410380520100010A3F280071CB
:1051900040060054F6430891E827066D08E4002F06
:1051A000340000D0EA0317AA94C23A91FB7305A910
:1051B000FC0316AA400000D000900291F96B04A9EC
:1051C000FF7700B9E04300F9FF9700B9FF7F0EA910
:1051D000FFF300B9FFFF0FA9F6CB00F9FF9B01B960
:1051E000FFD300F9F7030AAAF8030AAA1F2003D580
:1051F000997640F9BBF8FF97E4E30591037C40936F
:10520000E20317AAE1B30591E00313AA20033FD6F6
:105210001F000071800500348B040054E16F41B918
:105220003F940071A0390054007C4093F702008B3A
:10523000F0FFFF17E10315AAE00313AAA90D0094DC
:10524000E04E0135A022C079410380520100010ADD
:105250003F28007101FAFF54A126C079C1F9FF3738
:10526000A1B240B941000037C0184936800640ADB0
:10527000E20317AAE10315AAE3C30491E00313AA0A
:10528000E08709AD4F0C0094E07700B9FD7B40A9A1
:10529000F35341A9F55B42A9F76343A9E07740B90D
:1052A000FF430A91C0035FD6E0E30591020180D27B
:1052B0000100805223FBFF97200080D2F702008B71
:1052C000CCFFFF17FA03002AE00218CBEA0318AA62
:1052D000FB03002AA0E30034E2D340F9617F40934E
:1052E000E09B41B94200018B8A0700A9000400112C
:1052F000E09B01B99C430091E2D300F91F1C0071AF
:105300002C450054E07740B900001B0BE07700B952
:10531000DAE10034EA060091E8064039070080121D
:105320000B00805209008052F8030B2AF703092A68
:10533000F903072AFA030AAAFF7F05395A070091E1
:10534000008100511F680171C8000054E14340F919
:10535000205860786100001020A8208B00001FD624
:10536000E903172AEB03182AEA031AAAE8DE003435
:105370003A008052FBA30691F7031A2A01008052DB
:10538000190080D20700805218008052FF8B00B9AC
:10539000FF9B00B9FF7F0539E8A306391F2003D51D
:1053A00032011F72420B0011E0D340F95A109A1AD1
:1053B0008E1080522E010E6A8100005464011A4B37
:1053C0009F0000716C1A0054A1010034E19B41B9A7
:1053D000E27F059100040091820300F9210400118D
:1053E000220080D2820700F99C430091E19B01B921
:1053F000E0D300F93F1C00714C3E0054B201003470
:10540000E19B41B9E283059100080091820300F914
:1054100021040011420080D2820700F99C430091D0
:10542000E19B01B9E0D300F93F1C00710C730054FB
:10543000DF010271E0290054E700174BFF00007103
:105440000C050054290E4037E19B41B9EC7E409396
:1054500000000C8B9B3300A921040011E19B01B9D2
:10546000E0D300F93F1C00714C2200549C43009192
:105470008900103677011A4BFF0200710C7300543B
:10548000E17740B97F011A6B63A19A1A2100030BDF
:10549000E17700B9002300B5FF9B01B9D90000B442
:1054A000E10319AAE00313AAEA4700F97DFCFF977C
:1054B000EA4740F9FC0316AA4BFFFF1700C1005151
:1054C00018008052481740380B0B180B18040B0BB0
:1054D00000C100511F24007169FFFF5499FFFF179D
:1054E000440000D0E19B41B984800591FF400071E8
:1054F0008D050054E2031CAA0D0280D2FC030AAA07
:10550000E9BB00B9E8C300B9EBCB00B9F7D300B9E8
:10551000F703072AF8DB00B9F80304AA0400001413
:10552000F7420051FF420071AD020054004000916B
:1055300021040011583400A942400091E19B01B9B7
:10554000E0D300F93F1C0071CDFEFF54E243069109
:10555000E10315AAE00313AA0A0C0094A01D00356C
:10556000F7420051E19B41B9E0D340F9E20316AAAA
:105570000D0280D2FF420071ACFDFF54E703172AF1
:10558000E40318AAE9BB40B9EA031CAAE8C340B97E
:10559000FC0302AAEBCB40B9F7D340B9F8DB40B922
:1055A000E77C4093210400110000078B841F00A9B1
:1055B0009C430091E19B01B9E0D300F93F1C0071CD
:1055C0002DF4FF54E2430691E10315AAE00313AA68
:1055D000E9BB00B9E8C300B9EBCB00B9EA6B00F94D
:1055E000E80B009460190035E9BB40B9FC0316AA2A
:1055F000EA6B40F9E0D340F9E8C340B9EBCB40B9DE
:1056000049F247361F2003D51F9501712D250054FF
:105610000821601E01100054E19B41B90004009173
:10562000220000F0240080D2426022912104001167
:10563000821300A99C430091E19B01B9E0D300F9DA
:105640003F1C00718CB00054E29740B9E16B41B946
:105650003F00026BAA7B0054E28F4AA9830B00A98A
:10566000E19B41B99C43009121040011E19B01B9E8
:105670000000028BE0D300F93F1C0071EC8800545D
:10568000E19740B937040051FF0200712DEFFF543C
:10569000440000D0E19B41B984800591FF42007134
:1056A0004DBC0054E2031CAAF80304AAFC030AAA96
:1056B0001B0280D2E98B00B9EB9B00B904000014F7
:1056C000F7420051FF4200716DBA00540040009152
:1056D00021040011586C00A942400091E19B01B9DE
:1056E000E0D300F93F1C0071CDFEFF54E243069168
:1056F000E10315AAE00313AAA20B0094A010003541
:10570000E0D340F9E20316AAE19B41B9EDFFFF1790
:105710004D0000D0E19B41B9ADC105919F400071A2
:105720004D060054E2031CAA0F0280D2FC030AAA11
:10573000F2BB00B9EEC300B9E9CB00B9E8D300B9B8
:10574000EBDB00B9E71301B9F71B01B9F703042A32
:10575000F82301B9F8030DAA04000014F742005120
:10576000FF420071AD02005400400091210400117D
:10577000583C00A942400091E19B01B9E0D300F9F7
:105780003F1C0071CDFEFF54E2430691E10315AAD0
:10579000E00313AA7B0B0094C00B0035F7420051C5
:1057A000E19B41B9E0D340F9E20316AA0F0280D28F
:1057B000FF420071ACFDFF54E403172AED0318AA61
:1057C000F2BB40B9EA031CAAEEC340B9FC0302AA2B
:1057D000E9CB40B9E8D340B9EBDB40B9E71341B9B5
:1057E000F71B41B9F82341B9847C4093210400118F
:1057F0000000048B8D1300A9E19B01B9E0D300F9EF
:105800003F1C0071AC920054E17F45399C430091EC
:10581000EEFEFF17E26B41B95F0000714C5E005471
:10582000E19B41B900040091240000F0270080D2E0
:105830008460229121040011841F00A99C430091DF
:10584000E19B01B9E0D300F93F1C0071CC07015482
:10585000E19740B92100022A61D70034E3934AA9B5
:10586000840F00A9E19B41B98643009121040011F6
:10587000E19B01B96000008BE0D300F93F1C00718F
:105880008CD70054421EF937E29780B921040011E9
:10589000DB0800A9DC4000914000008BE19B01B9CE
:1058A000E0D300F93F1C00714DDEFF541F2003D5EB
:1058B000E2430691E10315AAE00313AAE98B00B9BC
:1058C000EB9B00B9EA5F00F92E0B00942002003533
:1058D000EA5F40F9FC0316AAE0D340F9E98B40B92E
:1058E000EB9B40B9E3FEFF1748034039F7021C3237
:1058F00093FEFF17E2430691E10315AAE00313AA02
:10590000EA4700F91F0B0094EA4740F960DCFF34D6
:10591000E10319AA610000B4E00313AA61FBFF9739
:10592000A022C079A1B240B981170036F96B44A911
:10593000FB7345A9E827466DE0173137FD7B40A989
:10594000F35341A9F55B42A9F76343A9E07740B956
:10595000FF430A91C0035FD6FA03002AE00218CB86
:10596000EA0318AAFB03002A60CDFF345BFEFF1791
:105970006D011A4BBF0100710DD6FF54440000D0D9
:10598000E19B41B984800591BF410071CD05005470
:10599000E2031CAA0E0280D2FC030AAAE9BB00B9EA
:1059A000E8C300B9EBCB00B9E7D300B9F7DB00B926
:1059B000F7030D2AF81301B9F80304AA0400001430
:1059C000F7420051FF420071AD02005400400091C7
:1059D00021040011583800A942400091E19B01B90F
:1059E000E0D300F93F1C0071CDFEFF54E243069165
:1059F000E10315AAE00313AAE20A0094A0F8FF3518
:105A0000F7420051E19B41B9E0D340F9E20316AA05
:105A10000E0280D2FF420071ACFDFF54ED03172A45
:105A2000E40318AAE9BB40B9EA031CAAE8C340B9D9
:105A3000FC0302AAEBCB40B9E7D340B9F7DB40B98E
:105A4000F81341B9AD7D40932104001100000D8B86
:105A5000843700A99C430091E19B01B9E0D300F990
:105A60003F1C0071ADCEFF54E2430691E10315AA3D
:105A7000E00313AAE9BB00B9E8C300B9EBCB00B956
:105A8000E7D300B9EA6F00F9BE0A009420F4FF35AD
:105A9000EA6F40F9FC0316AAE0D340F9E9BB40B92C
:105AA000E8C340B9EBCB40B9E7D340B963FEFF1779
:105AB000E19B41B900040091E39740B98243009112
:105AC000210400117F0400718D110054240080D244
:105AD0009B1300A9E19B01B9E0D300F93F1C0071C1
:105AE0008C520054E3934AA921040011440C00A9EC
:105AF00042400091E19B01B90000038BE0D300F923
:105B00003F1C00714C5300540821601EE39740B9BC
:105B100077040051E0110054F77E409321040011F6
:105B20000000178BE19B01B9E0D300F965070091F4
:105B3000450000F9570400F93F1C00710C61005446
:105B400042400091E4F380B921040011E5C30591BE
:105B5000451000A98000008BE19B01B95C400091D9
:105B6000E0D300F93F1C00714DC8FF54E243069199
:105B7000E10315AAE00313AAE98B00B9EB9B00B976
:105B8000EA5F00F97F0A009440ECFF35EA5F40F9D4
:105B9000FC0316AAE0D340F9E98B40B9EB9B40B96E
:105BA00034FEFF17E2430691E10315AAE00313AAAE
:105BB000740A009460EBFF35FC0316AAD2FDFF17B0
:105BC000E2430691E10315AAE00313AAF2BB00B970
:105BD000EEC300B9E9CB00B9E8D300B9EBDB00B9FB
:105BE000E71301B9EA8F00F9660A009420E9FF354E
:105BF000EA8F40F9FC0316AAE0D340F9F2BB40B9A2
:105C0000EEC340B9E9CB40B9E8D340B9EBDB40B9CA
:105C1000E71341B9FAFDFF17A0E84F37A05240F94A
:105C2000A40A0094A022C07941FFFF17E0F740B911
:105C3000E903172AEB03182AE703192AEA031AAA29
:105C4000894C183600D2F837E03F40F9003C00910B
:105C500000EC7C9201400091E13F00F90000C03D62
:105C6000E98B00B9E89B00B9EBBB00B9E7C300B909
:105C7000EA6700F91B150094EA6740F90840601EC6
:105C8000E98B40B9E89B40B9EBBB40B9E7C340B9E9
:105C900000C1601E0002F0920100679E0020611E9C
:105CA0000D7100541821601E64CE0054E17F453907
:105CB000200000F0250000F01F1D0171000021915F
:105CC000A5202191FF8B00B97A008052FF9B00B97B
:105CD00029791812BBC0809AF7031A2A190080D2BA
:105CE0000700805218008052C1B5FF341F2003D531
:105CF0005A070011ABFDFF17A9EE0737240080D229
:105D00009B1300A9E19B01B9E0D300F93F1C00718E
:105D1000ADF1FF54E2430691E10315AAE00313AA93
:105D2000E98B00B9EB9B00B9EA5F00F9150A009412
:105D300000DFFF35EA5F40F9E20316AAE0D340F93D
:105D4000E98B40B9EB9B40B9E19B41B97EFFFF175E
:105D5000E39740B97F0400716DEFFF54440000D019
:105D6000848005917F4400718D4E0054FC030B2A02
:105D7000F80304AA1B0280D2E98B00B9EA4F00F9AC
:105D800004000014F7420051FF420071ED4C005432
:105D90000040009121040011586C00A9424000917C
:105DA000E19B01B9E0D300F93F1C0071CDFEFF5427
:105DB000E2430691E10315AAE00313AAF109009456
:105DC00080DAFF35E0D340F9E20316AAE19B41B93E
:105DD000EDFFFF17E903172AEB03182AEA031AAAB3
:105DE0001F0D0171E0540054C9542037E09340B9AD
:105DF000E0E1F837E03F40F9012C009121F07D927D
:105E0000E13F00F9000040B93A008052F8A3069142
:105E1000F7031A2AE0A30639FB0318AA01008052EF
:105E2000190080D20700805218008052FF8B00B901
:105E3000FF9B00B9FF7F05395AFDFF17E09340B97A
:105E4000E903172AEB03182AE703192AEA031AAA17
:105E50006044F837E03F40F9013C009121F07D9229
:105E6000E13F00F91B0040F9FF7F05391B8400B4B6
:105E70001F4D0171C070005438011C128970203709
:105E800047B2F837E27C4093E0031BAA010080523E
:105E9000E78B00B9E99B00B9EBBB00B9EA6300F9F5
:105EA000580A0094EA6340F9F90300AAE78B40B965
:105EB000E99B40B9EBBB40B9401001B4E17F4539E3
:105EC00003001BCBFF8B00B97F000071FF9B00B963
:105ED000F703032A7AA09F1A07008052190080D284
:105EE000680E8052E1A5FF3482FFFF17F803184BBC
:105EF000E03F00F948034039F7021E3210FDFF175A
:105F0000E1031AAA281440381FA90071C01C0154CB
:105F100000C10051FA0301AA070080521900805203
:105F20001F240071E8A0FF5428144038E708070B2D
:105F30000704070B00C100511F24007169FFFF54C3
:105F4000FF000071FA0301AAF9A09F5AFDFCFF1798
:105F50006005805248034039E07F0539F8FCFF179F
:105F6000E09340B9003DF837E03F40F9002C009144
:105F700000F07D92E13F40F9380040B998FBFF37CF
:105F800048034039E03F00F9EDFCFF17E00313AA96
:105F900058F5FF97000440F9E07700F9E9F2FF9720
:105FA000E10300AAFB0301AAE00313AAE18300F9BD
:105FB00050F5FF97000840F9E07F00F97F0300F1FA
:105FC000041840FA2034005401004039E00216322F
:105FD000480340393F0000711710971AD8FCFF178B
:105FE00048034039F7020032D5FCFF17E07F4539FE
:105FF00048034039409AFF3500048052E07F05395C
:10600000CFFCFF17EB03182AE703192AEA031AAAA1
:10601000E9021C32E09340B9490028372933203681
:10602000404FF837E03F40F9013C009121F07D926C
:10603000E13F00F9000040F93A7915120100805261
:1060400002008052E27F0539270EF8371F0000F169
:10605000497B1812E008407A810D0054810C00350C
:1060600057030012BA1B0036FB2F0891000680521E
:1060700007008052E02F0839E17F4539FF00176B98
:10608000FF8B00B9FAA0971AFF9B00B9190080D2C4
:10609000180080526198FF3416FFFF1748034039FB
:1060A000F7021D32A6FCFF17EA031AAAEB03182A0F
:1060B000E703192AFA021C32E09340B95A00283744
:1060C0007A292036E048F837E03F40F9013C00915A
:1060D00021F07D92E13F00F9000040F9210080525B
:1060E000D8FFFF17480340391FB101712037005412
:1060F000F7021C3292FCFF17480340391FA10171BF
:1061000000370054F7021A328DFCFF17480340395C
:10611000F7021B328AFCFF17E09340B9E903172A04
:10612000EB03182AE703192AEA031AAA402CF837C6
:10613000E03F40F9013C009121F07D92E13F00F900
:10614000000040F902068F52230000D03A011F32AE
:106150006380219141008052080F8052E37300F95F
:10616000E2C30279B7FFFF17E09340B9E903172AAA
:10617000EA031AAAE9262836406DF837E03F40F9CD
:10618000013C009121F07D92E13F00F9000040F9CF
:10619000E17780B9010000F913FCFF17EB03182A1F
:1061A000E703192AEA031AAAE9021C32E09340B96C
:1061B00049002837E9222036C043F837E03F40F94C
:1061C000013C009121F07D92E13F00F9010040F98E
:1061D000E00301AA0123F8B7E70EF8371F0000F12A
:1061E00029791812E008407A610E0054FB330891B7
:1061F0000700805217008052A0FFFF174803403964
:10620000F70219324EFCFF17FA03092A3F04007106
:10621000400D0054F7330891FB0317AA3F080071A3
:1062200041010054E27340F9010C409200FC44D358
:106230004168613861FF1F3880FFFFB5F7021B4BD3
:10624000E9031A2A8DFFFF1701080012E2031BAAB7
:1062500021C0001161FF1F3800FC43D360FFFFB570
:106260003FC00071E0079F1A5F03006A80FEFF5481
:10627000420800D100068052E9031A2AF702024BB5
:1062800060F31F38FB0302AA7CFFFF17E24306916D
:10629000E10315AAE00313AAEEBB00B9E9C300B9F4
:1062A000E8CB00B9EBD300B9E7DB00B9EA8B00F922
:1062B000B4080094E0B2FF35EA8B40F9FC0316AA5B
:1062C000E0D340F9EEBB40B9E9C340B9E8CB40B9EF
:1062D000EBD340B9E7DB40B956FCFF174D0000B0E7
:1062E000E19B41B9ADC10591FF420071ED0300543E
:1062F000F8030DAA1B0280D2EB8B00B9EA4F00F91C
:1063000004000014F7420051FF4200718D02005456
:106310000040009121040011986F00A99C43009156
:10632000E19B01B9E0D300F93F1C0071CDFEFF54A1
:10633000E2430691E10315AAE00313AA9108009431
:1063400080AEFF35F7420051E19B41B9E0D340F9FF
:10635000FC0316AAFF420071CCFDFF54EA4F40F93E
:10636000ED0318AAEB8B40B9F77E4093210400118E
:106370000000178B8D5F00A9E19B01B9E0D300F904
:106380003F1C0071ED87FF54E2430691E10315AA1B
:10639000E00313AAEB8B00B9EA4F00F979080094E7
:1063A00080ABFF35EA4F40F9E0D340F9EB8B40B9C1
:1063B00034FCFF17FA03092A1F2400F1A8540054E3
:1063C00000C00011E9031A2AFB2F08913700805200
:1063D000E02F083929FFFF17FB330891070080528F
:1063E00026FFFF17E19740B91F03016B17D3811AEE
:1063F0002C7C4093FF0200716D010054E19B41B978
:10640000E27E40930000028B9B0B00A92104001147
:10641000E19B01B99C430091E0D300F93F1C00715E
:10642000CCB30054FF020071E4A29F1A1703044B7F
:10643000FF0200714C59005468C3388B09955037DE
:10644000E19740B9F76B41B9FF02016B6B2600542D
:1064500049260037E19740B97B030C8B7B0308CBBF
:106460003700174BFF021B6BFBB29B1A7F030071B7
:106470006D010054E19B41B9627F40930000028BA3
:10648000880B00A921040011E19B01B99C430091F4
:10649000E0D300F93F1C0071ECB600547F0300719B
:1064A0007BA39F1AF7021B4BFF0200712D7EFF5446
:1064B000440000B0E19B41B984800591FF42007126
:1064C0004D4B0054E2031CAAF80304AAFC030AAAD9
:1064D0001B0280D2E98B00B9EB9B00B904000014C9
:1064E000F7420051FF4200716D4900540040009195
:1064F00021040011586C00A942400091E19B01B9B0
:10650000E0D300F93F1C0071CDFEFF54E243069139
:10651000E10315AAE00313AA1A080094A09FFF350F
:10652000E0D340F9E20316AAE19B41B9EDFFFF1762
:10653000E2430691E10315AAE00313AAE98B00B92F
:10654000EB9B00B9EA5F00F90E080094209EFF352E
:10655000EA5F40F9E20316AAE0D340F9E98B40B9BB
:10656000EB9B40B9E19B41B95FFDFF17E243069108
:10657000E10315AAE00313AAE98B00B9EB9B00B96C
:10658000EA5F00F9FF070094409CFF350821601E78
:10659000E39740B9EA5F40F9E20316AAE0D340F975
:1065A00077040051E98B40B9EB9B40B9E19B41B9BD
:1065B00000BDFF5459FDFF17A05240F9390800945F
:1065C000A022C079E7FAFF174975073623FCFF17A9
:1065D0000087F837E03F40F9013C0091080040FD9A
:1065E00021F07D92E13F00F9AAFDFF17FA4F303606
:1065F0002079F837E03F40F9012C009121F07D929D
:10660000E13F00F900004079210080528DFEFF1724
:10661000095530366072F837E03F40F9012C00919F
:1066200021F07D92E13F00F900008079E10300AAAA
:1066300041DDFFB6E00300CBFA03092AA205805230
:106640002100805280FEFF17480340393CFBFF17B2
:1066500049D92737896B3037A9BB4836E0D6F83798
:10666000E03F40F9013C009121F07D92E13F00F9CB
:10667000000040F9E1D3413901000039DAFAFF178F
:10668000694C3036C070F837E03F40F9012C00917A
:1066900021F07D9200004079E13F00F967FEFF178D
:1066A000E903172AEB03182AE703192AEA031AAAAF
:1066B000BFFEFF17E09340B9012000113F000071B9
:1066C0002D9E0054E03F40F9E19300B9023C009157
:1066D00041F07D92E13F00F99AFEFF17E09340B947
:1066E000012000113F0000714D9C0054E03F40F933
:1066F000E19300B9023C009141F07D92E13F00F945
:10670000D9FDFF17E09340B9012000113F0000714F
:106710002D9A0054E03F40F9E19300B9002C00911C
:1067200000F07D9214FEFF17EA4F40F9EB031C2A9C
:10673000E98B40B9E40318AAF77E409321040011C5
:106740000000178BE19B01B9E0D300F9440000F988
:10675000570400F93F1C00714D9FFF54E24306911E
:10676000E10315AAE00313AAE98B00B9EB9B00B97A
:10677000EA5F00F983070094C08CFF35EA5F40F9B7
:10678000E20316AAE0D340F9E98B40B9EB9B40B98C
:10679000E19B41B9ECFCFF17E2430691E10315AA26
:1067A000E00313AAE98B00B9EB9B00B9EA5F00F99B
:1067B00074070094E08AFF35EA5F40F9FC0316AAEB
:1067C000E0D340F9E98B40B9EB9B40B9ADFBFF1733
:1067D00048074039F7021B325A070091D8FAFF17D1
:1067E00048074039F70217325A070091D4FAFF17C9
:1067F000EA031AAAEB03182AE703192AFA03172A4D
:106800002EFEFF17E903172AEB03182AE703192ABC
:10681000EA031AAA200000D000E02191E07300F9F9
:10682000E09340B9090B2837E90A2037494130364F
:106830006068F837E03F40F9012C009121F07D922B
:1068400000004079E13F00F955000014200000D01D
:10685000E903172A00802191EB03182AE703192A7C
:10686000EA031AAAE07300F9EEFFFF17E903172AFB
:10687000EB03182AE703192AEA031AAAE6FDFF1711
:10688000E0230691020180D201008052E98B00B919
:10689000E89B00B9EBBB00B9EA6300F9A9F5FF97E3
:1068A000E09340B9EA6340F9E98B40B9E89B40B90D
:1068B000EBBB40B9A03EF837E03F40F9012C009116
:1068C00021F07D92E13F00F9020040B9F8A3069162
:1068D000E3230691E10318AAE00313AAE98B00B9A8
:1068E000E89B00B9EBBB00B9EA6300F941070094EB
:1068F000EA6340F9F703002AE98B40B91F0400312D
:10690000E89B40B9EBBB40B9A0C900541F0000711F
:106910001AA09F1A41FDFF17E28F4AA9830B00A915
:10692000E19B41B99C43009121040011E19B01B915
:106930000000028BE0D300F93F1C0071CDD8FF545A
:10694000E2430691E10315AAE00313AAEC4700F91C
:10695000E99B00B9EBBB00B9E82B0CA9090700942F
:10696000807DFF35EC4740F9FC0316AAE82B4CA9C3
:10697000E0D340F9E99B40B9EBBB40B9F76B41B9B3
:10698000B5FEFF17A001F837E03F40F9013C009148
:1069900021F07D92E13F00F9000040F91F0000F175
:1069A000E1079F1A3F01016AC11400543A79151298
:1069B00041008052A3FDFF17E09340B90120001170
:1069C0003F0000718D380054E03F40F9E19300B979
:1069D000023C009141F07D92E13F00F9EFFFFF178B
:1069E000E09340B9012000113F000071AD32005426
:1069F000E03F40F9E19300B9023C009141F07D9203
:106A0000E13F00F9B5FDFF17E09340B90120001107
:106A10003F0000710D330054E03F40F9E19300B9AD
:106A2000023C009141F07D92E13F00F982FDFF17A9
:106A3000E09340B9012000113F0000718D2F0054F8
:106A4000E03F40F9E19300B9023C009141F07D92B2
:106A5000E13F00F9DEFDFF17E2430691E10315AACD
:106A6000E00313AAF2BB00B9EEC300B9E9CB00B949
:106A7000E8D300B9EBDB00B9E71301B9EA8F00F9FD
:106A8000C00600946074FF35EA8F40F9FC0316AA33
:106A9000E0D340F9E17F4539F2BB40B9EEC340B9DC
:106AA000E9CB40B9E8D340B9EBDB40B9E71341B9D2
:106AB00046FAFF17E00313AAFAF4FF97A5F9FF17A8
:106AC0000021681EE69C005417791A12FF06017116
:106AD000C1300054010F80521F850171000B80529C
:106AE0000010811A01068052E1830539E0870539DB
:106AF000FBA30691190080D2FF8C0171EC54005465
:106B00000001669E00FC60D32054F8360041611EEF
:106B1000A0058052E0BB00B9E0A30591E98B00B964
:106B2000E8AF1229EA6300F9E7F300B90110009415
:106B30000110681EE98B40B9EA6340F90108611E43
:106B4000E8AF5229E7F340B92820601E61000054E5
:106B500020008052E06B01B9E303072A1F85017111
:106B600063040091200000D0220000D00080219119
:106B700042E021916303038B4210809A0210661E4B
:106B8000E0031BAA030000142820601E2099005473
:106B90002108621EEC0300AA2100781E2000621E5C
:106BA00044C86138041400382138601E7F0000EBAF
:106BB000C1FEFF5400106C1E3020601E8C0000547B
:106BC0002020601EA102005481020036ECC700F9AB
:106BD000E10300AA443C403903F05F387F00046BB6
:106BE000210100540706805227F01F38E1C740F901
:106BF000230400D1E3C700F923F05F389F00036B43
:106C000040FFFF5464040011841C00127FE40071F3
:106C1000804E005424F01F38F86B41B900001B4B24
:106C2000013D001129011F32211C00122200805257
:106C3000E09700B900070051E06B01B9670100144B
:106C40000106805229011F32E1830539E8870539A1
:106C500057FFFF17E2430691E10315AAE00313AAC9
:106C6000E98B00B9EB9B00B9EA5F00F94506009497
:106C70000065FF35EA5F40F9FC0316AAE0D340F94E
:106C8000E98B40B9EB9B40B970FAFF17E00306911E
:106C9000020180D201008052E98B00B9E89B00B963
:106CA000EBBB00B9E7C300B9EA6700F9FBC700F91D
:106CB000A4F4FF97E7C340B9EA6740F9E98B40B90C
:106CC000E89B40B9EBBB40B9074BF837180080D2BE
:106CD00017008052FA03082AF903072AF54700F93A
:106CE000F503172AF70318AAF8030AAAE99B00B9C3
:106CF000EBBB00B90D000014E3030691E1A306917C
:106D0000E00313AA3B0600941F04003120850054C1
:106D1000A002000B1F00196BEC000054F712009149
:106D200020930054F503002AE0C740F9026877B8C1
:106D300042FEFF35F703152AE99B40B9F54740F9B4
:106D4000E8031A2AEBBB40B9EA0318AAF763003438
:106D5000FF8E01716D770054E1060011E00313AA64
:106D6000E98B00B9217C4093E89B00B9EBBB00B9EB
:106D7000EA6300F9DBEFFF97EA6340F9FB0300AA3F
:106D8000E98B40B9E89B40B9EBBB40B900B000B417
:106D9000F90300AA020180D201008052E0030691AB
:106DA000E98B00B9E89B00B9EBBB00B9EA6300F9D5
:106DB00064F4FF97E07E4093E4030691F80300AA91
:106DC000E30300AAE2230691E1031BAAE00313AA4E
:106DD000800A0094EA6340F91F0300EBE98B40B995
:106DE000E89B40B9EBBB40B981AC00547FCB37384E
:106DF000FF020071FF8B00B9FAA29F1AE17F4539AB
:106E000007008052FF9B00B918008052A12CFF346C
:106E1000B8FBFF17E98B40B9EA031CAAEB9B40B90A
:106E2000FC0302AAE40318AAF77E40932104001190
:106E30000000178BE19B01B9E0D300F9845F00A942
:106E40003F1C00716C53FF549C43009189F9FF175C
:106E5000F733089143031612F8E702B2E20317AAC8
:106E6000E40317AA05008052F70313AAB89999F210
:106E7000F303032AE30315AAF57F40F90700001482
:106E8000197CD89B39FF43D31F2400F149020054D9
:106E9000E00319AAE2031BAA197CD89BA5040011E0
:106EA0005B0400D139FF43D3210B198B010401CBC3
:106EB00021C0001141F01F3853FEFF34A1024039B8
:106EC0003FFC03712010457AC1FDFF541F2400F1DF
:106ED00068620054F30317AAF70304AAE59700B900
:106EE000F57F00F9F50303AAD5FCFF17FF18007121
:106EF000C3008052FA90831A250000D0F7031A2AA3
:106F0000BB402291190080D20100805207008052BC
:106F100018008052FF8B00B9FF9B00B921F9FF17C1
:106F2000E09340B9012000113F0000712D2400546E
:106F3000E03F40F9E19300B9023C009141F07D92BD
:106F4000E13F00F992FCFF17E0D340F9E03000B5D3
:106F5000A022C079FF9B01B973FAFF17440000B06B
:106F6000E19B41B984800591FF420071AD1B005443
:106F7000E2031CAA080280D2FC030AAAEC5F00F913
:106F8000E9C300B9EBCB00B9F8D300B9F80304AA00
:106F900004000014F7420051FF4200714D190054E3
:106FA0000040009121040011582000A942400091A6
:106FB000E19B01B9E0D300F93F1C0071CDFEFF5405
:106FC000E2430691E10315AAE00313AA6D050094BC
:106FD000004AFF35E0D340F9E20316AAE19B41B92C
:106FE000080280D2ECFFFF17FA2048364080F837BD
:106FF000E03F40F9012C009121F07D92E13F00F942
:1070000000004039210080520EFCFF17C92048368D
:10701000807CF837E03F40F9012C009121F07D920F
:1070200000004039E13F00F904FCFF17E25340F94A
:10703000E09340B9E19300B940C0208B64FCFF1796
:10704000E25340F9E09340B9E19300B940C0208B8E
:1070500022FCFF17A91C4836E06EF837E03F40F9E4
:10706000012C009121F07D9200004039E13F00F9B0
:107070004BFEFF17E25340F9E09340B9E19300B9AA
:1070800040C0208BECFBFF17E09340B901200011BA
:107090003F000071AD1F0054E03F40F9E19300B99B
:1070A000022C009141F07D92E13F00F907FEFF17AD
:1070B000891C4836C07DF837E03F40F9012C00912B
:1070C00021F07D92E13F00F900008039E10300AA40
:1070D00041FCFF17E25340F9E09340B9E19300B956
:1070E00040C0208B2DFEFF17FF04003160270054A5
:1070F000FF1E0171E008407AE7149F1A0001669EA6
:107100003901183200FC60D3E079F8370941601E7C
:10711000FFBB00B9E9A312292041601EEBC300B9EF
:10712000EA6700F9FF1A0171C1420054E203072A1D
:1071300061008052E5230691E4030691E3A30591E3
:10714000E00313AAE78B00B9120A0094E78B40B959
:10715000FB0300AA01004039EA6740F93FC0007113
:10716000E9A3522900C0278BEBC340B94052005419
:10717000E16B41B901C0218B2821601E604F005492
:10718000E0C740F9030680523F0000EBE9000054DD
:1071900002040091E2C700F903000039E0C740F99A
:1071A0003F0000EB68FFFF54F86B41B900001BCBB8
:1071B000E09700B9FF1E0171002200540007005142
:1071C000FF1A017140500054011D0012020080524C
:1071D000190080D2E06B01B9E1C305396105805225
:1071E0008000F836200080520000184BA105805224
:1071F000E1C705391F240071CD5B0054EC3F0691B7
:10720000AD999952E4030CAA8D99B972027CAD9B99
:10721000E30304AAE503002A840400D142FC63D3FB
:107220004108020B0104014BE003022A21C00011B6
:1072300061F01F38BF8C0171ACFEFF5440C00011DB
:1072400080F01F38600800D11F000CEB827E0054D4
:10725000E1CB059102144038221400381F000CEBDA
:10726000A1FFFF54E0430A91030003CB60F40351F4
:10727000E0F300B9E09740B9E1F340B91700010B22
:107280001F0400716D5B0054E0AB40B9F702000BC6
:1072900029791512FF02007129011832FAA29F1AEA
:1072A00018008052FF8B00B9FF9B00B9E0BB40B9CA
:1072B000001B0035E17F4539070080522107FF346C
:1072C0008CFAFF17EC5F40F9E40318AAE9C340B950
:1072D000EA031CAAEBCB40B9FC0302AAF8D340B9DD
:1072E000E77E4093210400110000078B841F00A952
:1072F0009C430091E19B01B9E0D300F93F1C007170
:10730000CD89FF54E2430691E10315AAE00313AAD5
:10731000EC5F00F9E9C300B9EBCB00B9EA6B00F907
:1073200098040094602FFF35EC5F40F9FC0316AA27
:10733000EA6B40F9E0D340F9E9C340B9EBCB40B97F
:107340003EFCFF1769090736E28F4AA9830B00A9A3
:10735000E19B41B98643009121040011E19B01B9F1
:107360004000008BE0D300F93F1C0071ED28FF5472
:10737000E2430691E10315AAE00313AAE98B00B9E1
:10738000EB9B00B9EA5F00F97E040094202CFF35E6
:10739000EA5F40F9E60316AAE0D340F9E98B40B969
:1073A000EB9B40B9E26B41B9E19B41B936F9FF175C
:1073B000E25340F9E09340B9E19300B940C0208B1B
:1073C00073FBFF17C062F837E03F40F9013C0091C2
:1073D00021F07D92E13F00F9000040F9E1EB4079B6
:1073E0000100007980F7FF17E067F837E03F40F9C8
:1073F000012C009121F07D92000040B9E13F00F99D
:1074000067FDFF174050F837E03F40F9012C00912D
:1074100021F07D92E13F00F9000040B92100805247
:1074200008FBFF178063F837E03F40F9012C00911B
:1074300021F07D92000040B9E13F00F9FFFAFF170B
:10744000605CF837E03F40F9012C009121F07D921B
:10745000E13F00F9000080B9E10300AA5EFBFF17DD
:10746000E09340B9012000113F0000718D5100549C
:10747000E03F40F9E19300B9022C009141F07D9288
:10748000E13F00F969FCFF17E25340F9E09340B98E
:10749000E19300B940C0208B0CFDFF17E09340B989
:1074A000012000113F0000716D5D0054E03F40F984
:1074B000E19300B9022C009141F07D9200004079E7
:1074C000E13F00F9DDFAFF17E0031BAAE9BB00B9B1
:1074D000EBC300B9190080D2EA6700F999EDFF9774
:1074E000E17F45391F000071FF8B00B9F703002AC7
:1074F000FF9B00B91AA09F1AEA6740F90700805263
:10750000E9BB40B9680E8052EBC340B9A1F4FE3428
:10751000F8F9FF17E09340B9012000113F00007116
:10752000CD4D0054E03F40F9E19300B9022C0091A9
:1075300041F07D92E13F00F933FCFF17E09340B941
:10754000012000113F000071ED490054E03F40F977
:10755000E19300B9022C009141F07D920000407946
:10756000E13F00F90EFDFF17E00313AAE243069185
:10757000E10315AA03040094C0CEFF34E9F8FF1715
:10758000A05240F94B04009439F7FF170041601EE8
:10759000FFBB00B961FDFF17E1040011E00313AA6E
:1075A000E78B00B9217C4093E9A31229EA5F00F937
:1075B000EBF300B9CBEDFF97EA5F40F9FB0300AABC
:1075C000E78B40B9E9A35229EBF340B9806300B4DB
:1075D000F90300AA4BFDFF17C7008052C8FEFF1732
:1075E000442840398CFDFF17E0C740F9F86B41B9DA
:1075F00000001BCBE09700B91F03076B01DB433A88
:10760000EA1700540809005100070051EFFEFF1768
:10761000A00580525A070011A10580520700805230
:10762000E07F05395FF7FF17E4030691E223069137
:10763000E00313AA030080D2010080D2E98B00B9D5
:10764000E89B00B9EBBB00B9EA6300F9610800945C
:10765000EA6340F9F703002AE98B40B91F040031BF
:10766000E89B40B9EBBB40B920690054FBC700F967
:10767000B7FDFF17A0058052A1058052E07F0539B4
:107680008CF9FF17E0F740B9014000113F0000718D
:107690006D380054E03F40F9E1F700B9003C00913B
:1076A00000EC7C9201400091E13F00F96CF9FF177A
:1076B000E0F740B9014000113F000071ED34005483
:1076C000E03F40F9E1F700B9023C0091080040FDBD
:1076D00041F07D92E13F00F96EF9FF17E18B40B96F
:1076E0003F000071E19B40B920D8407A0D660054FC
:1076F0006D030C8BE2031CAA44000090FC03012ADA
:1077000084800591F8030DAA170280D2F34F00F987
:10771000F95F00F9F90308AAEC6F00F9E91301B960
:10772000FB8F00F9EB2301B9FA2701B9FBEB4FA955
:10773000EA9700F9280000149C070051E19B41B929
:1077400000001A8BE37740F921040011436800A977
:1077500042400091E19B01B9E0D300F93F1C007168
:107760006C08005461034039050319CBE30318AAE0
:107770003F00056B33B0851A7F0200718D01005404
:10778000E19B41B96A7E409300000A8B592800A909
:1077900021040011E19B01B9E0D300F93F1C007105
:1077A0004C09005461034039424000917F0200714E
:1077B00065A29F1A3300054B7F020071AC01005493
:1077C000E58B40B93903218BBF00007180DB407A23
:1077D0008D4D00549F0300710CFBFF54E18B40B9A9
:1077E0007B0700D121040051E18B00B9D4FFFF17C2
:1077F0004A000090E19B41B94A8105917F420071A6
:10780000ED040054E3130CA9F86B00F9F84F40F9AC
:1078100004000014734200517F420071CD030054F4
:107820000040009121040011445C00A942400091F5
:10783000E19B01B9E0D300F93F1C0071CDFEFF547C
:10784000E2430691E10315AAE00318AA4D03009450
:10785000E0150035E0D340F943000090E19B41B9C9
:10786000E20316AA64800591EBFFFF17E04F40F991
:10787000E2430691E10315AA420300942056003525
:10788000E0D340F941000090E20316AA248005915C
:10789000B5FFFF17E32B4CA9F86B40F9657E4093C9
:1078A000210400110000058B4A1400A9E19B01B9D5
:1078B000E0D300F93F1C00710C1100546103403902
:1078C00042400091BFFFFF17E04F40F9E2430691AD
:1078D000E10315AAF86300F92A0300942053003548
:1078E000E36340F944000090E0D340F9E20316AAB4
:1078F0006103403984800591ADFFFF17E19740B9DE
:107900001F03016BAB170054E0AB40B93F0140F2DD
:107910000C03000B9711981A690050361F03007171
:107920000C2F0054FF020071E80C8052FAA29F1A3B
:10793000E903192A190080D2FF8B00B9FF9B00B917
:107940005BFEFF17E2430691E10315AAE00313AAC9
:10795000E98B00B9EB9B00B9EA5F00F909030094D9
:1079600080FDFE35EA5F40F9FC0316AAE0D340F93A
:10797000E98B40B9EB9B40B9E26B41B9B5F7FF1712
:10798000FF16017141030054F804001141008052B8
:10799000E203182AE5230691E4030691E3A3059187
:1079A000E00313AAE78B00B9FA070094FB0300AACF
:1079B000EA6740F901C0388BE78B40B9E9A3522947
:1079C000EBC340B9EDFDFF17E17F45391A00805246
:1079D000FF8B00B907008052FF9B00B9180080524E
:1079E000190080D2E1CDFE34C2F8FF17E203072A66
:1079F000E5230691E4030691E3A30591E00313AAAE
:107A000041008052E78B00B9E2070094E9A35229B4
:107A1000FB0300AAEA6740F9E78B40B9EBC340B922
:107A200049DE073661C3278BD4FDFF17E09340B9C9
:107A3000012000113F0000710D1E0054E03F40F98D
:107A4000E19300B9022C009141F07D92E13F00F9F1
:107A5000EDF8FF17E25340F9E09340B9E19300B924
:107A600042C0208BE03F40F9E23F00F942F9FF17A6
:107A7000E25340F9E09340B9E19300B940C0208B54
:107A8000F9F8FF17E25340F9E09340B9E19300B9E8
:107A900040C0208BABF9FF17E2430691E10315AA22
:107AA000E00313AAEC5F00F9E9C300B9EBCB00B91E
:107AB000EA6B00F9B3020094C0F2FE35EC5F40F9C6
:107AC000FC0316AAEA6B40F9E0D340F9E9C340B9D8
:107AD000EBCB40B954FAFF17E04F40F9E24306916F
:107AE000E10315AAE36300F9A6020094A042003561
:107AF000E36340F944000090E0D340F9E20316AAA2
:107B000061034039848005912EFFFF17E15F40F942
:107B1000F30318AA21F0FEB582F7FF17E17740F9C9
:107B2000E88B00B9E08340F9EB9F1229E3AB0BA986
:107B30007B0300CBE20300AAE0031BAAE46700F981
:107B400090F3FF97A006403905008052E3AB4BA9A4
:107B50001F000071E46740F9B506959AE88B40B9BB
:107B6000EB9F5229CBFCFF17F86B41B9E00301AA48
:107B70008FFDFF17E2430691E10315AAE00313AA64
:107B8000E98B00B9EB9B00B9EA5F00F97D02009434
:107B900000ECFE35E1AF5229FC0316AAF76B41B9A0
:107BA000EA5F40F93700174BE0D340F9E98B40B961
:107BB0003BFAFF172821601E41310054F86B41B990
:107BC00000C0388B00001B4BE09700B92001001269
:107BD0000000072A1F030071AD33005480180035E0
:107BE000F703182AC80C8052E9185037FF020071B9
:107BF000FAA29F1A4FFFFF17E1AB40B9E80C805281
:107C00003700000B1F0300710CFFFF54EC02184BF0
:107C100097050031FA529F1A46FFFF17A0B240B9EC
:107C2000A0000037A022407960004837A05240F9F8
:107C3000A002009400008012E07700B940F7FF171F
:107C4000FBA30691190080D253FCFF17440000905B
:107C5000F703024B848005915F400031EA04005431
:107C6000E20315AAFC03092AF503172A180280D299
:107C7000F70302AAF94700F9F90304AAEB9B00B93C
:107C8000EA5F00F904000014B5420051BF420071E0
:107C90004D0200540040009121040011D96000A958
:107CA000C6400091E19B01B9E0D300F93F1C00718F
:107CB000CDFEFF54E2430691E10317AAE00313AAA5
:107CC0003002009460250035E0D340F9E60316AA9F
:107CD000E19B41B9EDFFFF17EA5F40F9E20317AA04
:107CE000E40319AAEB9B40B9F94740F9F703152AB9
:107CF000E9031C2AF50302AAF77E40932104001130
:107D00000000178BC45C00A9C6400091E19B01B93B
:107D1000E0D300F93F1C00718DDBFE54E243069175
:107D2000E10315AAE00313AAE98B00B9EB9B00B9A4
:107D3000EA5F00F913020094C0DEFE35EA5F40F905
:107D4000E60316AAE0D340F9E98B40B9EB9B40B9B2
:107D5000E19B41B9CDF6FF17E28740F9E0F740B962
:107D6000E1F700B940C0208B080040FDC9F7FF17BC
:107D7000E1CB059182000035E1CF059102068052EA
:107D8000E2CB053900C0001120140038E2C3059190
:107D90002000024BE0F300B937FDFF17E28740F9FE
:107DA000E0F740B9E1F700B940C0208BACF7FF170E
:107DB000F54740F9010080D2A022C07900001A32B4
:107DC000A0220079A1DAFEB5D6F6FF17201AF837FF
:107DD000E03F40F9013C009121F07D92E13F00F944
:107DE000000040F9E17740B9010000B9FEF4FF1747
:107DF00009A5073625FDFF17E25340F9E09340B986
:107E0000E19300B940C0208BFFF7FF17E09340B922
:107E1000012000113F000071CD1E0054E03F40F9E9
:107E2000E19300B9022C009141F07D92E13F00F90D
:107E30007AFDFF17E09340B9012000113F00007167
:107E40002D1E0054E03F40F9E19300B9022C00914F
:107E500041F07D9200004039E13F00F9D0FAFF1770
:107E60000001669EE017F8B7E17F4539200000B0B9
:107E7000250000B01F1D017100402191A5602191D6
:107E800091F7FF17E25340F9E09340B9E19300B94D
:107E900040C0208B00004079C1FAFF17E25340F93F
:107EA000E09340B9E19300B940C0208BDFF9FF17A0
:107EB000E1001B0B030680522100004B220400113D
:107EC00002C0228BA16AFF37031400385F0000EB69
:107ED000C1FFFF5451FBFF17E25340F9E09340B953
:107EE000E19300B940C0208BC7F9FF17E0AB40B960
:107EF000C80C8052EC00000B9701180B3BFFFF17DA
:107F0000E80C8052E17F40F9200040391FFC0371EA
:107F100080240054030080520200805205000014A7
:107F200042040011210400911FFC03712001005440
:107F30001F00186BEA0000541803004B200440395E
:107F400000FFFF352000403963040011F7FFFF17E1
:107F5000E28B00B9E39B00B9E17F00F9E18B40B906
:107F6000E903192AE09B40B9190080D20000010BF7
:107F7000E10341B9175C011BFF020071FAA29F1ACD
:107F8000CBFCFF17F54740F9E8031A2AE99B40B9F3
:107F9000EA0318AAEBBB40B9F703192A6CFBFF17D9
:107FA000E09340B9012000113F0000716D160054AC
:107FB000E03F40F9E19300B9022C009141F07D923D
:107FC00000004039E13F00F91CF8FF17E09340B989
:107FD000012000113F000071CD150054E03F40F931
:107FE000E19300B9022C009141F07D92E13F00F94C
:107FF00019FDFF17E09340B9012000113F00007107
:108000006D0E0054E03F40F9E19300B9022C00915D
:1080100041F07D92E13F00F9FAFBFF17E09340B990
:10802000012000113F000071AD150054E03F40F900
:10803000E19300B9023C009141F07D92E13F00F9EB
:10804000E6FCFF17A00580520941611EE0BB00B9A4
:1080500031FCFF17E25340F9E09340B9E19300B9D6
:1080600040C0208B00004079F4F7FF17E09340B93F
:10807000012000113F0000710D0A0054E03F40F95B
:10808000E19300B9022C009141F07D92E13F00F9AB
:108090000EFCFF17E09340B9012000113F00007172
:1080A0008D120054E03F40F9E19300B9022C009199
:1080B00041F07D92000040B9E13F00F9DFF7FF1782
:1080C000E17F4539FA03072AFF8B00B9F703072A36
:1080D000FF9B00B907008052680E80522196FE3443
:1080E00004F7FF17E09340B9012000113F00007131
:1080F000CD110054E03F40F9E19300B9022C00910A
:1081000041F07D92000040B9E13F00F924FAFF17E9
:10811000E09340B9012000113F0000716D08005448
:10812000E03F40F9E19300B9023C009141F07D92BB
:10813000E13F00F92BFFFF17E09340B90120001148
:108140003F0000716D100054E03F40F9E19300B929
:10815000023C009141F07D92E13F00F945F9FF17A3
:10816000A0058052A1058052E07F053940FFFF172E
:10817000E14740F9F50317AA01BDFEB5E9F5FF1780
:10818000F34F40F9E80319AAF95F40F9FB7F00F9C2
:10819000EC6F40F9FC0302AAFB8F40F9EA9740F923
:1081A000E91341B9EB2341B9FA2741B91F0103EBA8
:1081B0000891839AA3F8FF17E25340F9E09340B97E
:1081C000E19300B940C0208BC0FBFF17E25340F998
:1081D000E09340B9E19300B940C0208B89FBFF17C1
:1081E000210080522100074BE16B01B9E2FBFF1730
:1081F000E25340F9E09340B9E19300B940C0208BCD
:1082000086FCFF17E25340F9E09340B9E19300B9CF
:1082100040C0208B00004039E1F9FF174000805238
:10822000E0F300B914FCFF17E25340F9E09340B9C2
:10823000E19300B940C0208BEAFEFF17A022C0796D
:1082400000001A32A0220079B7F5FF17A000003510
:108250003A008052C80C8052F7031A2AB5FDFF1766
:10826000E0AB40B9C80C80520C0400119701072BF9
:10827000FA529F1AAFFDFF17E25340F9E09340B95D
:10828000E19300B940C0208B000040396BF7FF1725
:10829000E25340F9E09340B9E19300B940C0208B2C
:1082A0006DFCFF17E29340B90203F837E03F40F955
:1082B000002C009100F07D92E33F40F9E03F00F98F
:1082C00048074039FA0301AAE29300B9670040B9B0
:1082D000FF000071F9A09F5A19F4FF17E25340F90B
:1082E000E09340B9E19300B940C0208B3BFCFF17FD
:1082F000E25340F9E09340B9E19300B940C0208BCC
:10830000000040B94DF7FF17E09340B9022000117B
:10831000E03F40F95F0000716D020054002C0091B5
:1083200000F07D92E5FFFF17E25340F9E09340B97A
:10833000E19300B940C0208B000040B998F9FF17C5
:10834000E15F40F9F34F40F981AEFEB575F5FF17D7
:10835000E25340F9E09340B9E19300B940C0208B6B
:10836000C4F8FF17E45340F9E39340B983C0238B6B
:10837000E33F00F9D1FFFF17A022C079E10319AA5A
:1083800000001A32A02200798FFEFF17A022C079C8
:10839000010080D200001A32A02200798AFEFF1765
:1083A000FF8B00B9FF9B00B9EDFEFF1763030C8B39
:1083B0007FFFFF1700000000000000000000000029
:1083C000FF4314D1FD7B00A9FD030091F35301A9E4
:1083D000F30301AA21204079F40303AAE3430491A3
:1083E000661A40F921781E12652240F9F55B02A950
:1083F0006726407964B240B9F60302AA028080522F
:10840000F50300AAE0E30391E32F00F9E26700B966
:10841000E1D30079E7D70079E33B00F9E27B00B9CB
:10842000FF8300B9E64700F9E54F00F9E40B01B915
:1084300094000094800640ADE20316AAE3C30091C5
:10844000E1630191E00315AAE08701AD21F3FF97F5
:10845000F403002AC000F837E1630191E00315AA94
:10846000B0EDFF971F00007194029F5AE0D340794E
:10847000800030366022407900001A326022007994
:10848000E07F40F983000094FD7B40A9E003142ABB
:10849000F35341A9F55B42A9FF431491C0035FD692
:1084A000FD7BBBA9FD03009123B040B9F76303A98D
:1084B000F80302AA63056836F55B02A9F50300AA72
:1084C000400840F9F35301A9F40301AAF96B04A988
:1084D0005A0040F9C00300B4566740A939FF42D39F
:1084E000F703192A3F030071AD020054130080D234
:1084F00003000014FF02136B0D020054C17A73B81D
:10850000E20314AAE00315AA73060091090A009475
:108510001F04003101FFFF54F35341A9F55B42A949
:10852000F96B44A91F0B00B91F0B00F9F76343A9AE
:10853000FD7BC5A8C0035FD6000B40F900C839CB4E
:10854000000B00F95A43009180FCFFB5F35341A999
:1085500000008052F55B42A9F96B44A9F2FFFF17B6
:1085600080F1FF971F0B00B91F0B00F9F76343A9B8
:10857000FD7BC5A8C0035FD600000000000000001E
:10858000440840F9440000B4C6FFFF1700008052C1
:108590005F0800B9C0035FD60000000000000000C3
:1085A000FF4300D13F0000F1E03300910100819AC8
:1085B000220100B4630100B440004039200000B93A
:1085C000400040391F000071E0079F1AFF430091EF
:1085D000C0035FD600008052FF430091C0035FD606
:1085E00020008012FAFFFF170000000000000000CA
:1085F000FD7BBDA904F00491FD030091F35301A993
:10860000F30303AA7F0200F1030000F09300939AA2
:10861000F40300AA64C847F9E30313AA210100B4D4
:1086200080003FD6E103002A207C40933F040031C4
:1086300060010054F35341A9FD7BC3A8C0035FD67A
:10864000E18300910200805280003FD6E103002ABE
:10865000207C40933F040031E1FEFF547F0200B9CB
:1086600041118052810200B900008092F35341A968
:10867000FD7BC3A8C0035FD600000000000000001F
:10868000C0035FD6000000000000000000000000F2
:10869000C0035FD6000000000000000000000000E2
:1086A000C0035FD6000000000000000000000000D2
:1086B000C0035FD6000000000000000000000000C2
:1086C000FD7BBDA9FD030091F51300F9610600B41F
:1086D000F35301A9F30301AAF40300AA600000B454
:1086E000012440F9410600B460B240B96122C0796A
:1086F0000005003701064836E10313AAE00314AA77
:1087000088ECFF97F503002A622A40F9C20000B402
:10871000611A40F9E00314AA40003FD61F0000711F
:10872000B5A29F5A6022407920063837612E40F961
:10873000E10000B460D201913F0000EB6000005402
:10874000E00314AAD7EFFF977F2E00F9613E40F9AE
:10875000810000B4E00314AAD2EFFF977F3E00F936
:10876000ECEDFF977F22007960B240B9A00300369C
:10877000605240F9C7FFFF97EAEDFF97F35341A915
:10878000E003152AF51340F9FD7BC3A8C0035FD6AB
:1087900041FBFF35F35341A915008052E003152A30
:1087A000F51340F9FD7BC3A8C0035FD6BDEDFF976D
:1087B000CEFFFF17605240F9BAFFFF976022C079E1
:1087C000C0F9FF3560B240B960FE0737605240F92A
:1087D00015008052B7FFFF97F35341A9F0FFFF1731
:1087E000605240F9B3FFFF97E2FFFF17610E40F9B7
:1087F000E00314AAABEFFF97CDFFFF1700000000C6
:108800005F2403D5820600B4258080520502A87239
:10881000200C014E03E87B92A50C044E091040F297
:108820004A1040920002005461A0DF4C248100D124
:10883000420004AB238C206E448C206E631C254EBA
:10884000841C254E66BC244EC6BC264EC63C084E33
:1088500024F97FD3C624C49AC620C49A290200549E
:10886000C60200B561A0DF4C428000F1238C206E6F
:10887000448C206EA9000054661CA44EC6BCE64E73
:10888000C63C084E06FFFFB4631C254E841C254ED3
:1088900066BC244EC6BC264EC63C084EE2000054C0
:1088A0004401098B84104092848000D1E40704CBFA
:1088B000C620C49AC624C49AC600C0DA638000D118
:1088C000DF0000F1C610C0DA6004468BE003809A36
:1088D000C0035FD6000080D2C0035FD60000000056
:1088E000FD7BBEA922000090FD030091F35301A976
:1088F000F40300AAF30301AA402C40F9600000B47D
:10890000012440F9610700B46222C079620418367C
:10891000610E40F9C10200B442010036602240B944
:108920007F0E00B9E003004B602A00B900008052BE
:10893000410100B4F35341A9FD7BC2A8C0035FD637
:108940000000805242000837602240B9600E00B932
:108950000000805201FFFFB5E2FE3F3642001A32AE
:108960000000801262220079F3FFFF17005080524E
:108970004000000A1F00087100FDFF54E10313AA24
:10898000E00314AA230000946222C079610E40F92A
:1089900082FD0736E2FFFF1702032036C2001037C0
:1089A000610E40F942001D326222007961FBFFB581
:1089B000EFFFFF17612E40F9010100B460D2019171
:1089C0003F0000EB80000054E00314AA35EFFF974E
:1089D0006222C0797F2E00F9610E40F98004801276
:1089E0004200000A610200F97F0A00B9EEFFFF179A
:1089F0002CEDFF97C5FFFF1720018052800200B9C0
:108A000042001A320000801262220079CAFFFF176A
:108A1000FD7BB5A9FD0300912220C079F35301A984
:108A2000F30301AA2201083620DC019121008052C3
:108A3000600200F9600E00F9612200B9F35341A908
:108A4000FD7BCBA8C0035FD62124C079F40300AA24
:108A5000F55B02A9F71B00F98103F837E2230191C6
:108A6000540800940003F837E04F40B9168080D2D4
:108A700015008152E10316AA000C14121F08407160
:108A8000E00314AAF7179F1A96E8FF97200300B592
:108A90006022C0796005483700741E1261DE0191C2
:108AA000F55B42A900001F32F71B40F922008052FB
:108AB000610200F960220079610E00F9622200B9BA
:108AC000DFFFFF176222C0795F0079F2000880D2D1
:108AD000168080D2D602809AE10316AAE00314AA77
:108AE00017008052150080527EE8FF9720FDFFB4EA
:108AF0006222C079600200F94200193262220079D4
:108B0000600E00F9762200B9170100354200152ADF
:108B100062220079F35341A9F55B42A9F71B40F9A2
:108B2000FD7BCBA8C0035FD66126C079E00314AA01
:108B300034080094C00000356222C079F4FFFF17AA
:108B4000F55B42A9F71B40F9BDFFFF176222407990
:108B500042741E1242000032423C0013ECFFFF1729
:108B6000FD7BBEA9FD030091023440F9F35301A936
:108B7000F30300AAF403012A420100B4817E40936A
:108B8000407861F8E00100B4030040F9437821F82F
:108B90001F0800F9F35341A9FD7BC2A8C0035FD6AB
:108BA000220880D2010180D2DA020094603600F9F6
:108BB000E20300AA40FEFFB5000080D2F6FFFF17D7
:108BC00021008052E00313AA3320D41A210080D25E
:108BD000627E4093421C009142F47ED3CD02009409
:108BE000C0FEFFB4144C0129EAFFFF17000000008B
:108BF000C10000B4003440F9220880B9037862F85B
:108C0000230000F9017822F8C0035FD600000000BD
:108C1000FD7BBCA927600091050080D2FD03009177
:108C2000F35301A9F303032A341440B9F55B02A9F5
:108C3000F50301AAF60300AAE47865B8833C0012A4
:108C4000847C1053634C021B663C0012637C1053FF
:108C5000830C021BC440030BE47825B8A5040091E3
:108C6000737C10539F02056B8CFEFF54130100347C
:108C7000A00E40B91F00146B4D010054A0CA348BE4
:108C800094060011131800B9B41600B9F35341A9A2
:108C9000E00315AAF55B42A9FD7BC4A8C0035FD61B
:108CA000A10A40B9E00316AAF71B00F9210400113C
:108CB000ACFFFF97F70300AA600200B4A21680B9C8
:108CC000A1420091004000914208009142F47ED3FD
:108CD0002CEAFF97C03640F9A10A80B9027861F802
:108CE000A20200F9157821F8F50317AAA0CA348B5F
:108CF00094060011F71B40F9131800B9B41600B917
:108D0000E3FFFF1723000090200000906380229172
:108D100000E02291020080D2411780523DA8FF97C7
:108D2000E103002AE2FF9F52000080523F00026BE5
:108D300068000054213C10530002805202E0BF1230
:108D40003F00026B6800005400200011215C1853A2
:108D50000200BE123F00026B6800005400100011B8
:108D6000216C1C530200B8123F00026B89000054B2
:108D7000E103212A007C410BC0035FD622741E53FD
:108D8000C100E8375F0062F2000C0011010480525C
:108D90000010811AC0035FD600080011C0035FD61F
:108DA000E20300AA00008052410040B93F0840F2AF
:108DB000E0000054A1000037A1030836217C0153D4
:108DC00020008052410000B9C0035FD63F3C0072D2
:108DD00061000054217C1053000280523F1C00723D
:108DE0006100005400200011217C08533F0C40F228
:108DF0006100005400100011217C04533F0440F234
:108E00006100005400080011217C025381000037EA
:108E100000040011217C015361000034410000B9BD
:108E2000C0035FD600048052C0035FD6217C02538A
:108E300040008052410000B9C0035FD6000000002E
:108E4000FD7BBEA9FD030091023440F9F35301A953
:108E5000F30300AAF403012A820100B4400440F99C
:108E6000E00200B4010040F9410400F9210000F0E3
:108E7000141800B9F35341A9204841FD000800FD32
:108E8000FD7BC2A8C0035FD6220880D2010180D238
:108E900020020094603600F9E20300AA00FEFFB54C
:108EA00023000090200000906380229100E0229136
:108EB000020080D2A1288052D6A7FF97E00313AA10
:108EC000820480D2210080D212020094A0FEFFB45E
:108ED000210000F0141800B9F35341A9204441FDCA
:108EE000210000F0000400FD204841FD000800FDC5
:108EF000FD7BC2A8C0035FD6000000000000000098
:108F0000FD7BBCA9FD030091F55B02A9F50301AA55
:108F1000361440B9F71B00F9571440B9F35301A9AF
:108F2000F40302AADF02176BEB000054E203172AD6
:108F3000E10314AAF703162AF40315AAF603022A7A
:108F4000F50301AA810A4129F302160B5F00136B96
:108F500021A4811A03FFFF97800B00B407600091E2
:108F6000E8C8338BE30307AAFF0008EB8200005434
:108F70007F4400B81F0103EBC8FFFF54A6620091B5
:108F80008B620091C9C8368B65C9378BDF0009EB4E
:108F900022080054AA0014CB946600914A6500D1BF
:108FA000810080D24AF57E92BF0014EB4A01018B0A
:108FB0004A21819A07000014637C1053C3030035D3
:108FC000C6100091E71000913F0106EB49060054DE
:108FD000C30040B96D3C007200FFFF54EC0307AAC8
:108FE000E4030BAA0E008052814440B8830140B9CB
:108FF000223C00126F3C0012217C1053637C105302
:10900000423C0D1B210C0D1B42000E0B2140420B5C
:10901000223C1033824500B82E7C1053BF0004EB75
:1090200048FEFF54EE682AB8C30040B9637C105371
:1090300083FCFF34E10040B9ED0307AAE4030BAA67
:109040000E008052EC03012A820040794238031B53
:1090500042404C0B413C1033A14500B8814440B81C
:10906000AC0140B9217C10538E3D00122138031B06
:109070002140420B2E7C1053BF0004EB68FEFF54CE
:10908000C6100091E1682AB8E71000913F0106EB95
:1090900008FAFF547F0200718C0000540500001490
:1090A000730600716000005401CD5FB8A1FFFF346A
:1090B000F55B42A9F71B40F9131400B9F35341A91A
:1090C000FD7BC4A8C0035FD6030000F0000000F0E1
:1090D0006380229100E02291020080D2412C8052D4
:1090E0004CA7FF97000000000000000000000000F7
:1090F000FD7BBDA9FD030091F35301A9F303022AEF
:1091000042040072F55B02A9F60300AAF50301AA66
:10911000C1040054737E0213F3020034D43240F9C8
:10912000540500B4F3000037737E0113530200347A
:10913000800240F9A00200B4F40300AA73FF0736CE
:10914000E20314AAE10315AAE00316AA6DFFFF9734
:10915000D50000B4C13640F9A20A80B9237862F87C
:10916000A30200F9357822F8F50300AA737E0113F3
:1091700013FEFF35F35341A9E00315AAF55B42A99D
:10918000FD7BC3A8C0035FD6E20314AAE10314AABF
:10919000E00316AA5BFFFF97800200F9F40300AA20
:1091A0001F0000F9E6FFFF1742040051240000D021
:1091B000840006910300805282D862B895FEFF9722
:1091C000F50300AAD4FFFF17E00316AA210080527E
:1091D00064FEFF97F40300AAE00000B4200080D2F0
:1091E000204EC0F2804201F8D43200F99F0200F90B
:1091F000CDFFFF17030000F0000000F06380229114
:1092000000E02291020080D2A128805201A7FF979E
:10921000FD7BBCA9FD030091F76303A9587C0513EE
:10922000371440B9230C40B91703170BF35301A9A6
:10923000F40301AAF55B02A9F5060011210840B963
:10924000F303022AF60300AABF02036BAD00005429
:1092500063781F5321040011BF02036BACFFFF545E
:10926000E00316AA3FFEFF97A00700B40560009137
:109270001F0300712D010054041B0011E30305AA14
:1092800004C8248B1F2003D57F4400B87F0004EB63
:10929000C1FFFF54A548388B861680B983620091C0
:1092A000671200726608068B80040054080480521E
:1092B000E10305AA0801074B040080521F2003D5D3
:1092C000620040B94220C71A4200042A224400B872
:1092D000644440B88424C81ADF0003EB28FFFF541D
:1092E000C10014CB82660091216400D1DF0002EB43
:1092F00021F47E92820080D22100028B2120829A6A
:10930000A46821B844000035F503172AC13640F996
:10931000820A80B9F76343A9237862F8151400B96B
:10932000F55B42A9830200F9347822F8F35341A98E
:10933000FD7BC4A8C0035FD6614440B8A14400B817
:10934000DF0003EB29FEFF54614440B8A14400B89C
:10935000DF0003EB28FFFF54ECFFFF17030000F0D2
:10936000000000F06380229100E02291020080D290
:10937000C13B8052A7A6FF9700000000000000003C
:10938000221440B9E50300AA001440B90000026BA2
:10939000E1010054437C7E93A5600091216000911F
:1093A000A200038B2100038B03000014BF0002EB1B
:1093B000E200005444CC5FB823CC5FB89F00036B3D
:1093C00060FFFF540000801200349F1AC0035FD674
:1093D000FD7BBDA9FD030091F35301A9F30301AA8D
:1093E000F40302AA211440B9421440B9F51300F95C
:1093F0002100026B41020035427C7E936162009144
:10940000846200912300028B8400028B030000140D
:109410003F0003EB620A005466CC5FB885CC5FB8AE
:10942000DF00056B60FFFF54E10314AAF5279F1AC4
:109430009432939A7332819A05000014E10314AABE
:10944000F5579F1A9442939A7342819A810A40B9C0
:10945000C4FDFF97000B00B4681680B989620091C3
:10946000871640B9626200910B600091050380D2BB
:109470004808088B010080522AC9278B151000B9B3
:10948000866A65B8646A65B8C33C0012C67C10532E
:109490006320244BC440444B6300010B8440830B86
:1094A000833C1033036825B8A5100091817C10130C
:1094B0006402058B1F0104EB48FEFF54040113CB2B
:1094C00062660091846400D11F0102EBE6379F1AA7
:1094D000880080D282FC42D3DF00007145040091F5
:1094E000A5F47ED3A510889A2801058B6501058B0C
:1094F0005F0108EB890400544A0500D1040080D2C2
:109500004A0108CB49FD42D3027964B83F0104EB1C
:109510004300010B2120220B427C10534140810B60
:10952000233C1033A37824B8217C101384040091C9
:10953000C1FEFF544AF57E92A1000A8B83000035DC
:1095400022CC5FB8E7040051C2FFFF34071400B912
:10955000F35341A9F51340F9FD7BC3A8C0035FD6BF
:10956000010080527FFDFF97800100B4210080D26E
:10957000014001F8F35341A9F51340F9FD7BC3A85D
:10958000C0035FD642F47ED3DF00007142109F9A81
:109590006101028BEAFFFF17030000F0000000F0FA
:1095A0006380229100E02291020080D2E146805245
:1095B00018A6FF97030000F0000000F063802291DE
:1095C00000E02291020080D2A148805211A6FF97AC
:1095D000FD7BBCA9FD030091E81300FD0840601E5F
:1095E000F35301A9F40301AAF30302AA2100805254
:1095F0005CFDFF97E00700B40301669EE40300AA48
:1096000065F874D360CC60D301000C32BF000071E8
:109610002010801AE03F00B983020035E0F300918A
:10962000E0FDFF97E13F40B923008052831400B969
:1096300000800011811800B9A5030034A5CC105199
:10964000E81340FDA500000B850200B9A306805277
:109650006300004B630200B9E00304AAF35341A97D
:10966000FD7BC4A8C0035FD6E0E30091E83B00BDEA
:10967000CCFDFF97E13F40B980030034E33B40B9A4
:10968000E203004B2220C21A4200032A2124C01AFE
:10969000E13F00B93F00007182040329E3079F1AEC
:1096A00063040011831400B9A5FCFF3561008092AA
:1096B00000C8105121C8238B800200B98000018BA3
:1096C00063681B53001840B996FDFF97E81340FDEF
:1096D0006300004B630200B9F35341A9E00304AAFD
:1096E000FD7BC4A8C0035FD6E23B40B9EAFFFF1789
:1096F000030000F0000000F06380229100E022915E
:10970000020080D2E1618052C2A5FF9700000000F4
:10971000FD7BBEA9237CC29B217C029BFD030091A3
:10972000F30B00F9630400B56EE5FF97F30300AA9D
:10973000600400B402805FF842F47E92422000D1BF
:109740005F2001F1C80100545F9C00F1C900005482
:109750000004004F0040009100009F3C5FDC00F1DE
:10976000A80100541F7C00A91F0800F9E00313AAF8
:10977000F30B40F9FD7BC2A8C0035FD60100805205
:10978000F0E9FF97E00313AAF30B40F9FD7BC2A8B1
:10979000C0035FD66006803D608200915F2001F1CA
:1097A00021FEFF5460C20091600A803DEEFFFF176A
:1097B00048E5FF9781018052010000B9130080D273
:1097C000E00313AAF30B40F9FD7BC2A8C0035FD6E8
:1097D000E50304AAE40303AA0300809239060014F7
:1097E000FD7BBCA9FD030091F35301A9341440B9DA
:1097F000F76303A9F80300AA001440B91F00146B13
:109800008B0B005494060051336000911763009154
:10981000F55B02A98A7E4093807E7E937602008B60
:10982000EB02008B627A6AB8E37A6AB842040011EC
:109830007508C21A7F00026BC3040054E70313AA21
:10984000E60317AA09008052080080521F2003D5A2
:10985000E34440B8C40040B9653C0012637C105337
:10986000823C0012A524151BA97C10534220254BD5
:109870004200080B6324151B407C10130020234B6F
:10988000697C10530340440B623C1033C24400B85F
:10989000687C1013DF0207EBC2FDFF54E07A6AB860
:1098A00080010035601100D1FF0200EBA3000054DD
:1098B0000700001494060051FF0200EB82000054E0
:1098C000020040B9001000D162FFFF34141700B944
:1098D000E00318AAABFEFF970004F837E00317AACD
:1098E000040080521F2003D5634640B8020040B9EF
:1098F000413C00122120234B2100040B247C101337
:109900008340434B6240420B413C1033014400B85A
:10991000447C1013DF0213EB82FEFF54E1DA74B8CB
:10992000E0CA348B81010035001000D11F0017EB15
:10993000A80000540700001494060051FF0200EB39
:1099400082000054010040B9001000D161FFFF34D3
:10995000141700B9B5060011F35341A9E003152A05
:10996000F55B42A9F76343A9FD7BC4A8C0035FD69A
:10997000F35341A900008052F76343A9FD7BC4A8BB
:10998000C0035FD6000000000000000000000000DF
:10999000FD7BB4A9FD030091062840F9F35301A90A
:1099A000F30300AAF55B02A9F40304AAF76303A971
:1099B000F703012AF80305AAF96B04A9FA03022A9E
:1099C000FB7305A91C00669EE34300F9E827066DBA
:1099D0000840601E060100B4035840B922008052BE
:1099E000E10306AA4220C31AC308012981FCFF979C
:1099F0007F2A00F90001669E0941601E0100805225
:109A000000FC60D3F503002AA000F8361578001298
:109A100021008052BC7E60B38903679EA22A0C128B
:109A2000810200B900FEAF525F00006B800E00544F
:109A30002821601E61020054E14340F92000805259
:109A4000200000B9980000B4000000F000642291EA
:109A5000000300F9170000F0F7622291F35341A9C7
:109A6000E00317AAF55B42A9F76343A9F96B44A980
:109A7000FB7345A9E827466DFD7BCCA8C0035FD6E4
:109A80002041601EE2E30291E1F30291E00313AA98
:109A9000D0FEFF97F40300AAA07E1453A00C00355B
:109AA000E30757290001669E6100010B22C81011CF
:109AB0005F800071AD2E00542548101104088052BB
:109AC0008200024B0024C51AB522C21AA002002A45
:109AD0000000631E2004005121008052E1A700B95C
:109AE00004C2BF520200669E41FC60D32100040BF9
:109AF000227C60B34200679E01106F1E210000D0DF
:109B00000300621E4138611E244C41FD210000D03B
:109B1000205041FD210000D02000441F225441FD6F
:109B20006000421F1820601E0500781E442A005461
:109B30006000004B06040051BF5800710828005413
:109B4000210000D02100079120D865FC1020691E5B
:109B50002C2D0054FFA300B9070080521F00007194
:109B60008C00005427008052E700004B0600805212
:109B7000C600050B1B008052E58B00B9FF26007163
:109B800068070054FF1600716D280054F712005149
:109B900019008052FF0E0071605900542D2F00549F
:109BA000FF120071A12D005420008052E07B00B90B
:109BB0005F0300716D530054F5031A2AE0031A2A5B
:109BC000FAAB00B9047C40931F7C0071CD050054B2
:109BD000230080528200805242781F53E103032AFF
:109BE00063040011407C4093007000911F0004EB5F
:109BF00049FFFF54615A00B926000014E14340F9BF
:109C0000E0E18452200000B92001669E1FCC40F2A2
:109C100001020054170000F0186200B4000000F0C8
:109C2000F762249100802491000300F98CFFFF1754
:109C30002201669EE3BB40B900FC0F51FFA700B9AB
:109C400041CC60D321240C32227C60B3AAFFFF17E1
:109C5000170000F0F85F00B4000000F0F7A22491B4
:109C600000AC2491000300F97DFFFF1739008052FA
:109C700017008052150080121A008052F97B00B93B
:109C8000F5AB00B9010080527F5A00B91F2003D5FF
:109C9000E00313AAE79B1129E59B00B9B1FBFF97ED
:109CA000E79B5129F60300AAE59B40B9C07200B4B6
:109CB000BF3A0071762A00F9E0879F1AE303152A5C
:109CC0000400190A1F00196AE00A0054E08B40B929
:109CD0001F0000716D440054E403002A210000D0ED
:109CE000E00304AA21000791020C4092807C041337
:109CF000207862FCE10304AA014E4036210000D026
:109D0000000C00126200805221D840FD2119611E12
:109D100060010034210000D0214006911F2003D5AE
:109D200080000036220040FD420400110008621E3F
:109D3000007C01132120009140FFFF352118601E97
:109D4000E0A340B98000003400106E1E3020601E79
:109D5000C45400544200621E0090631E0298BF5219
:109D60004000411F0000669E01FC60D32100020BF1
:109D7000207C60B3153E0034FC8B40B9E403152A07
:109D80002100781E0200679E82040051280000D046
:109D900008010791C90600912000621E20C0001131
:109DA000E17B40B9001C001203D962FC2138601E1F
:109DB000E148003400106C1EC00200390018631E18
:109DC0000038621E1020611E4C6800542200805230
:109DD000E00309AA4200094B04106E1E0390641EA2
:109DE0000A0000142108631E0008631E2100781E6B
:109DF0002200621E21C00011011400382138621EA9
:109E00003020601E245E00548238611E5020601E87
:109E1000C41700544100000B3F00046B4BFEFF547D
:109E20003C01669EE0BF40B9E18B40B91F00007164
:109E300020A84E7A6D3D0054E17B40B9813C00344E
:109E4000FF0600716D4F0054A30600517F03036BA2
:109E50000B520054E000154BE08F00B96303034B35
:109E6000755EF836E00313AA21008052E79300B92B
:109E7000E69B00B9E5A700B9E3AF00B9F1FBFF9796
:109E8000E79340B9F90300AAE69B40B9E5A740B9BA
:109E9000E3AF40B9E18F40B93F000071C4C8407AD8
:109EA000ED0000543F00066B20D0861AE700004BFF
:109EB000C600004B2100004BE18F00B9FB010034CC
:109EC000E07B40B9E04C003483510035E10314AA33
:109ED000E2031B2AE00313AAE79300B9E69B00B94B
:109EE000E5A700B983FCFF97E79340B9F40300AA04
:109EF000E69B40B9E5A740B9E00313AA21008052D0
:109F0000E79300B9E69B00B9E5A700B9CDFBFF9741
:109F1000E5A740B9FB0300AAE79340B9E69B40B927
:109F200065380035FF0600718D1C005420008052FA
:109F3000C000000B00100072003100540104805278
:109F40002100004B3F1000712D44005481038052CA
:109F50002000004BE18F40B9E700000BC600000B6A
:109F60002100000BE18F00B9FF0000714D0100548A
:109F7000E10314AAE203072AE00313AAE69300B957
:109F8000E59B00B9A3FCFF97E69340B9F40300AA50
:109F9000E59B40B9DF0000710D010054E1031BAAED
:109FA000E203062AE00313AAE59300B999FCFF97A0
:109FB000FB0300AAE59340B9E0A340B9FF0A007192
:109FC000E4D79F1AE0180035BF02007184D8407AA8
:109FD000E00D00549527003503008052A200805206
:109FE000E1031BAAE00313AA0AFBFF97FB0300AAE5
:109FF000E1031BAAE00314AAF70316AAE1FCFF97EA
:10A000001F0000710D260054E08B40B9D606009168
:10A010001C04001120068052E0020039E1031BAA53
:10A02000E00313AAF3FAFF97590800B4E10319AA51
:10A03000E00313AAEFFAFF973E00001421008052BC
:10A04000E1A300B907008052E600F83725D9FF36B2
:10A05000E700054BFB03054BE58B00B9050080527B
:10A06000C7FEFF172700805206008052E700004B12
:10A07000F7FFFF17A100621E2020601EE1079F1A54
:10A08000A500014BABFEFF17E203024B0020C21AF2
:10A0900090FEFF1739008052FF0E007140310054CE
:10A0A0000CD8FF54FF0A0071C05300547F5A00B906
:10A0B000E00313AA01008052E77B00B9E69711295B
:10A0C000A8FAFF97E77B40B9F60300AAE697512963
:10A0D000A05100B4000080121A008052E303002A4D
:10A0E000F503002A762A00F9F97B00B9E0AB00B944
:10A0F0004DFFFF17A5040051FFA300B9D2FFFF17C2
:10A100001F0016EBA0420054E20300AA01FC5F38D6
:10A110003FE4007160FFFF5421040011211C001274
:10A12000F70316AAF60302AA010000391F2003D57F
:10A13000E10314AAE00313AAAEFAFF97DF02003985
:10A14000E14340F980070011200000B998C8FFB42E
:10A15000160300F942FEFF1720008052B70080521C
:10A16000E07B00B9E08B40B94003000BE0AB00B9E5
:10A1700015040011BF020071A0C69F1A92FEFF17BE
:10A1800057008052FF7B00B98AFEFF17E07B40B981
:10A19000000E0034E28F40B95F000071ED00005402
:10A1A000E10319AAE00313AAE57B00B919FCFF97A4
:10A1B000E57B40B9F90300AAF93F00F9453E0035B7
:10A1C000D5C2358B80030012F64B00F9E0A700B929
:10A1D000E1031BAAE00314AA82FDFF971AC0001135
:10A1E000E10319AAE0A300B9E00314AA65FCFF97F4
:10A1F000E23F40F9E1031BAAE08F00B9E00313AA94
:10A2000074FCFF97E10300AA001040B980110035EB
:10A21000E00314AAE14F00F95AFCFF97E203002A79
:10A22000E14F40F9E00313AAE29B00B971FAFF97EE
:10A23000E29B40B9E002022AC0140035E0A740B911
:10A24000E03F0034E08F40B96012F837E04B40F94E
:10A250001A140038E04B00F9BF0200EB003D005437
:10A26000E10314AA0300805242018052E00313AAC2
:10A2700068FAFF97F40300AAE03F40F9E10319AA46
:10A2800003008052420180523F0300EBE00313AA17
:10A29000E01000545FFAFF97F90300AAE13F40F98C
:10A2A000E00313AA030080524201805259FAFF973B
:10A2B000E03F00F9C7FFFF179FCF40F281E3FF5453
:10A2C00080FF60D31F286CF220E3FF5425008052EA
:10A2D000E7040011C6040011E003052A15FFFF176B
:10A2E000E1031BAAE00314AAE59300B9E49B00B9BB
:10A2F00024FCFF97E59340B9E49B40B960E6FF3644
:10A30000E08B40B9E10314AA03008052420180525D
:10A3100000040051E08B00B9E00313AAE59300B9F3
:10A32000E49B00B93BFAFF97F40300AAE07B40B935
:10A33000E59340B9E49B40B9E0390035E0AB40B962
:10A340001F000071F503002A84D8407A41E4FF54CD
:10A35000170080D207000014E10314AAE00313AA37
:10A3600003008052420180522AFAFF97F40300AAA8
:10A37000E1031BAAE00314AA1AFDFF971AC00011FB
:10A38000DA6A3738F7060091BF02176B6CFEFF548C
:10A39000BF020071B5060051200080D215D4959AF5
:10A3A000D502158B170080D222008052E10314AA37
:10A3B000E00313AA97FBFF97E1031BAAF40300AA8B
:10A3C000F0FBFF971F0000718C0000543D0100144A
:10A3D000BF0216EB80280054E20315AAB50600D18F
:10A3E00040F05F381FE4007140FFFF54FC8B40B920
:10A3F00000040011A0020039E1031BAAE00313AA24
:10A40000E23F00F9FBF9FF97E23F40F9B91D00B4C4
:10A41000FF0200F1E41259FAC0000054E10317AA48
:10A42000E00313AAE23F00F9F2F9FF97E23F40F997
:10A43000F70316AAF60302AAFDFEFF17E00313AA0C
:10A44000ECF9FF97E08F40B9C000F837E08F40B9D2
:10A450009C030012E002002A9C03002ABC04003581
:10A4600022008052E10314AAE00313AA69FBFF97BC
:10A47000E1031BAAF40300AAC2FBFF971F000071AF
:10A480008D3100545FE70071002C0054E0A340B907
:10A490001AC40011E24B40F9F70319AAF93F40F939
:10A4A000FC8B40B95A140038D4FFFF17D9F9FF9735
:10A4B000F90300AAE03F00F946FFFF171B0080D216
:10A4C000190080D2FC033A2AF70316AAD4FEFF171C
:10A4D000E08F40B94030F837E1A740B9E002002AE8
:10A4E0002000002AC02F00345F0000710DEBFF54E4
:10A4F0005FE70071A0280054E24B40F95A070011B1
:10A50000F70319AAFC8B40B9F93F40F95A140038F7
:10A51000BAFFFF174200621E0090631E0298BF52EE
:10A520004000411F0000669E01FC60D32100020B29
:10A53000207C60B30290621E0000679E2138621E7C
:10A540003020601E6C0600540040611E3020601EEA
:10A5500064FBFF5433FEFF17800380527EFEFF171B
:10A56000E0130054E08B40B9210000B021000791B6
:10A57000E003004B020C4092007C0413227862FC42
:10A580002209621EC02900344140601E210000B033
:10A590002140069108008052420080521F2003D5BE
:10A5A000A0000036200040FD42040011E803042A08
:10A5B0002108601E007C01132120009120FFFF353F
:10A5C0001F010071211C621EDEFDFF17E3031B2A21
:10A5D000190080D2FF7B00B9E78F00B92EFEFF176C
:10A5E000200000B0000007915F030071A0BA407A1C
:10A5F00001D861FCEC15005435F6FF350090621E61
:10A600002108601E8003679E3020601E8AF5FF547B
:10A61000F70316AA1B0080D2190080D27BFEFF1719
:10A620003A008052F5031A2A96FDFF17E10300AAAB
:10A63000E203052AE00313AAE79300B9E69B00B9F9
:10A64000ACFAFF97E79340B9FB0300AAE69B40B939
:10A65000FF0600710D02005405008052601740B9DA
:10A66000E79300B900040051E69B00B9E5A700B9E3
:10A6700060CB208B001840B9AAF9FF9701048052E3
:10A68000E79340B9E69B40B92000004BE5A740B9ED
:10A6900028FEFF179FCF40F201FEFF5480FF60D3DA
:10A6A0001F286CF2A0FDFF54E7040011C60400113E
:10A6B00025008052EAFFFF172141601E42008052B0
:10A6C00094FDFF17FF7B00B9A7FEFF17C0020039FA
:10A6D0004208631EC042248BE20309AA0390641E51
:10A6E0009F040071401C00542108631E2100781E45
:10A6F0002000621E21C00011411400382138601E64
:10A700001F0002EB21FFFF5400106C1E4328601E47
:10A710007020611EA4CFFF540038621E1020611EFD
:10A720008C040054E0BF40B93C01669E1F000071DC
:10A73000E08B40B900A84E7AACF4FF54E08B40B9EE
:10A74000F70316AAF60309AA01D960FC2019611EB5
:10A7500060040051C002008B0390641E0100781E4B
:10A760002000621E22C00011E202003900A4411F35
:10A77000BF06007141010054970000140218611EC9
:10A780004100781E2200621E22C00011C21600384D
:10A790004080411F1F0016EB001200540008631E8A
:10A7A0000820601EC1FEFF54FC8B40B961FEFF17FC
:10A7B000E20300AA01FC5F383FC00071A0FFFF5414
:10A7C000F70316AAF60302AA5AFEFF178107805262
:10A7D0002000004BA0BCFF54DFFDFF172141601E8D
:10A7E0004200805257FDFF1775E9FF34E4AB40B9D2
:10A7F0009F0000716DB1FF54420400110390641E6C
:10A800000090631EE08B40B94200621E2108631E67
:10A810001C0400510898BF522000421F0000669E91
:10A8200001FC60D32100080B207C60B355FDFF17AD
:10A83000E1A740B98109003400CC1011E3031B2AC1
:10A84000C600000BE78F00B9E700000B86FDFF177D
:10A85000F7A2249182FCFF17F762249180FCFF1776
:10A86000E10314AAE2031B2AE00313AAE79300B949
:10A87000E69B00B9E5A700B91EFAFF97E79340B938
:10A88000F40300AAE69B40B9E5A740B99BFDFF177A
:10A8900060001B4BC600150BFB03032AA500000B31
:10A8A00003008052E78F00B9A702070B6EFDFF1768
:10A8B000F70316AA8903679ED6060091A4FFFF1727
:10A8C00041000054BAD80737E20315AAB50600D1F3
:10A8D00040F05F381FC0007180FFFF54FC8B40B90F
:10A8E000C6FEFF17E08B40B91C0400112006805201
:10A8F000C0020039C1FEFF17E203032AE10319AACF
:10A90000E00313AAE39300B9E79B00B9E6A700B9F7
:10A91000E5AF00B9F7F9FF97E20314AAF90300AA1B
:10A92000E10319AAE00313AA76F9FF97E10314AA39
:10A93000F40300AAE00313AAAEF8FF97E39340B92B
:10A94000E79B40B9E6A740B97B03036BE5AF40B98D
:10A9500040ADFF545EFDFF179C0700112106805299
:10A96000F0FDFF17E1BB40B9C0068052E3031B2A8C
:10A97000E78F00B90000014BC600000BE700000B99
:10A9800039FDFF17210B40B9E00313AA75F8FF97B3
:10A99000FA0300AAA00A00B4221780B9214300914B
:10A9A000004000914208009142F47ED3F5E2FF9707
:10A9B000E1031AAAE00313AA2200805215FAFF97B6
:10A9C000E03F00F9FFFDFF17F70316AAF60300AA00
:10A9D000D8FDFF17E00316AA0028601E1020611E94
:10A9E0000C0200540020611E41000054A1010037F8
:10A9F000FC8B40B9F60300AACEFDFF17F70319AA96
:10AA0000F93F40F969FEFF17F54B40F9F70319AA22
:10AA1000F93F40F920078052A01600386FFEFF175B
:10AA2000FC8B40B9F60317AAB8FDFF17C600150B3B
:10AA3000E78F00B9A702070B0BFDFF175FE7007157
:10AA400040FEFF54E24B40F9F70319AAFC075129D5
:10AA5000E0A340B93F00007100C40011F93F40F984
:10AA60001AC09A1A5A14003864FEFF17E00309AAA4
:10AA700026FFFF17E10319AAE00313AA030080527F
:10AA800042018052E57B00B9E49300B961F8FF9779
:10AA9000F5AB40B9F90300AAE49340B9BF020071D5
:10AAA00084D8407A21010054E57B40B9BAFDFF17F4
:10AAB00021CFFF549ACE073777FEFF174140601E23
:10AAC000420080529FFCFF17F5AB40B942FDFF17D3
:10AAD000F70316AAF60309AA96FDFF175F00007197
:10AAE0000CCCFF546CFEFF17030000D0000000D018
:10AAF0006380229100C02491020080D2E15D8052E7
:10AB0000C4A0FF97030000D0000000D06380229112
:10AB100000C02491020080D2E1358052BDA0FF9791
:10AB2000FF7B00B923FCFF170000000000000000BD
:10AB30000200669E1F0000B90402B01241F860D303
:10AB400043FC60D33F00046BE80200542200022A59
:10AB5000A2020034040080527F286CF221010054CC
:10AB6000016AE8D22100679EA40680120008611ED7
:10AB70000100669E21FC60D3E303012A21780012C4
:10AB80000200669E63500112217C141363200B3275
:10AB900021F80F512100040B010000B9627C60B361
:10ABA0004000679EC0035FD6000000000000000068
:10ABB000FD7BBEA9FD030091F35301A9340000B051
:10ABC000F30300AA9F5A09B9E003012AE10302AA8C
:10ABD00080D7FF971F04003180000054F35341A930
:10ABE000FD7BC2A8C0035FD6815A49B981FFFF34FB
:10ABF000610200B9F35341A9FD7BC2A8C0035FD62F
:10AC0000FD7BBEA9FD030091F35301A9340000B000
:10AC1000F30300AA9F5A09B9E003012A79D7FF97E5
:10AC20001F04003180000054F35341A9FD7BC2A8EA
:10AC3000C0035FD6815A49B981FFFF34610200B970
:10AC4000F35341A9FD7BC2A8C0035FD600000000FA
:10AC5000FD7BBCA9FD030091F35301A9F403012A74
:10AC6000F30302AAF51300F9F50300AA1DE2FF970A
:10AC70001F04007181000054800600511FF8037109
:10AC8000A904005463A20291E203142AE1E30091B3
:10AC9000E00315AA57F6FF971F0400B10004005403
:10ACA000C00100B4630E40B9E1E3403963040051D0
:10ACB000630E00B9A300F836642A40B97F00046B24
:10ACC00024A84A7A40010054630240F964040091C8
:10ACD000640200F961000039F51340F9E003142A19
:10ACE000F35341A9FD7BC4A8C0035FD6E20313AAB6
:10ACF000E00315AA370000941F040031E1FEFF5461
:10AD000000008012F35341A9F51340F9FD7BC4A85C
:10AD1000C0035FD6F4E30039E3FFFF1760224079F8
:10AD200000001A326022007900008012F6FFFF173F
:10AD3000FD7BBDA9FD030091F35301A9F40300AA13
:10AD400040B040B9F30302AA4220C0794000003766
:10AD500022034836C200683760B240B9420013325D
:10AD6000622200790000133260B200B9E00314AA35
:10AD7000E20313AAB7FFFF97F403002A61B240B9B8
:10AD80006100003760224079A0004836E003142AB1
:10AD9000F35341A9FD7BC3A8C0035FD6605240F9BD
:10ADA00044F6FF97E003142AF35341A9FD7BC3A89F
:10ADB000C0035FD6605240F9E12F00B939F6FF9722
:10ADC0006222C079E12F40B9E3FFFF1700000000C5
:10ADD000FD7BBDA9FD030091F35301A9F403012AF2
:10ADE000F30302AAF55B02A9F50300AA600000B410
:10ADF000012440F9610800B46022C079612A40B999
:10AE0000610E00B9E0031836610E40F9A10300B4E9
:10AE1000961E0012941E001260046836600240F90B
:10AE2000622240B9010001CB5F00016B0D050054A7
:10AE300021040011620E40B903040091630200F97D
:10AE400042040051620E00B916000039602240B978
:10AE50001F00016BA00400549F2A007160224079FA
:10AE6000E1179F1A3F00006A01040054F55B42A9F4
:10AE7000E003142AF35341A9FD7BC3A8C0035FD6A6
:10AE8000E10313AAE00315AA96F6FF9760030035C5
:10AE90006022C079961E0012610E40F9941E0012C5
:10AEA000E0FB6F3762B240B90000133260220079D4
:10AEB0004078121260B200B9600240F9622240B9D3
:10AEC000010001CB5F00016B4CFBFF54E10313AAAF
:10AED000E00315AA13E3FF9700010035600240F973
:10AEE00021008052D4FFFF17E10313AAE00315AA43
:10AEF0000CE3FF97C0FBFF3414008012DCFFFF1748
:10AF0000E8E3FF97BDFFFF1700000000000000000E
:10AF1000FD7BB8A9BF0000F1FD030091F35301A927
:10AF2000F40300AA00100591F55B02A9F60302AA3A
:10AF3000F50301AAF76303A9F70306AAF96B04A9AD
:10AF40001900859AFB7305A95C0040F9010900B45A
:10AF5000F30304AA840A00B47A0400D1430A00B4BB
:10AF60001B0080D2F53700F90A000014F50300B584
:10AF7000804740B8400600349F0013EB820900541C
:10AF80005A0700D1FB0304AA5F0700B1E001005497
:10AF9000E47240F9E30319AA820340B9E1C30191C5
:10AFA000380340F9E00314AA80003FD61F040031A3
:10AFB00020060054017C409324001B8B9F0013EB60
:10AFC00069FDFF54380300F9F35341A9E0031BAABC
:10AFD000F55B42A9F76343A9F96B44A9FB7345A943
:10AFE000FD7BC8A8C0035FD61F000071ED010054AF
:10AFF000E23740F9270080D2430400D11F2003D557
:10B00000E2C301913F0007EB4200078B42F05F383B
:10B0100062682738E704009141FFFF54E13740F9A7
:10B020002040208BE03700F9C00240F90010009169
:10B03000C00200F9804740B800FAFF35550000B45F
:10B04000DF0200F93F0300B99B0400D1F35341A98B
:10B05000E0031BAAF55B42A9F76343A9F96B44A976
:10B06000FB7345A9FD7BC8A8C0035FD6130080927F
:10B07000BAFFFF1740118052800200B93F0300B9A8
:10B080001B008092F35341A9E0031BAAF55B42A980
:10B09000F76343A9F96B44A9FB7345A9FD7BC8A8D5
:10B0A000C0035FD61B0080D2C8FFFF17FB0304AAB2
:10B0B000C6FFFF17000000000000000000000000B5
:10B0C000000000B006000090C6C03A91002C40F984
:10B0D00090FFFF17000000000000000000000000CB
:10B0E000FD7BBEA90200669E0300AE9EFD0300919B
:10B0F000F30B00F904443BD5E00303AA61FC7FD3C2
:10B1000063F870D3E50301AA00BC7DD36704009106
:10B11000261C0012E80301AA00F442AA41F07DD3E4
:10B12000FF347FF220090054E77F87926300078B8A
:10B130007FF81FF1ED02005484046AF2C007005446
:10B140009F0050F1201500549F0060F1E0179F1AF6
:10B15000DF00006A010700549F0050F1C015005441
:10B160009F0060F1E0179F1ADF00006A410600545B
:10B170001302F0928002805273FE05AACD00009463
:10B180006002679EF30B40F9FD7BC2A8C0035FD647
:10B190007F0000F1AD0A0054FF1F02EB0200805255
:10B1A000E7079F9AE1F041AA211000AA3F0000F1B1
:10B1B000E0079F1A4000000A3F0840F2C015005403
:10B1C00084046A929F0050F1400200549F0060F195
:10B1D000000D0054840C00B5220C40925F1000F169
:10B1E000A10A005421D843D363280012020080D260
:10B1F0006012003422CC40B30003805262284CB36A
:10B20000C20041B3F30302AAAA000094DDFFFF17B6
:10B21000C50B00B52120009122004992200900357C
:10B22000620B00B4620400917FF81FF161110054B9
:10B2300044F9FFB5B30041D380028052732A4CB267
:10B240009C000094CFFFFF17020001AA030200B583
:10B25000B30041D362F9FFB484046A929F0050F1B5
:10B26000E00C00549F0060F1600B00549F0000F15F
:10B27000A00080D201049F9A080080D221D843D335
:10B28000082900120003805233000014220200B487
:10B29000E2FF8FD201F0C19300FC72D37F0002EB7A
:10B2A00021FC43D30000005221004DB200009F1A40
:10B2B000F3FF805233D013AA73FE05AA00F6FF35C0
:10B2C0006002679EF30B40F9FD7BC2A8C0035FD606
:10B2D000B30041D3732A4CB26002679EF30B40F96E
:10B2E000FD7BC2A8C0035FD67FD000B16BFBFF54CB
:10B2F000A70780D2E80003CB00004DB21FFD00F18C
:10B30000EC040054680C0011E700034B220080524B
:10B31000030080D22920C89A3F0100F1E9079F9AD3
:10B320002124C79A210009AA0020C89A010001AA75
:10B330009FFFFF17211000912200499220F7FF3450
:10B34000420100B468040091010080D20829001273
:10B350000003805228D008AA13FD05AA55000094C6
:10B3600088FFFF1740010034E80303AAC4FFFF175A
:10B3700025F5FFB5C0000034E80303AAE30308AADB
:10B38000E80303AABEFFFF1700FFFF3521D843D310
:10B390006828001200028052EFFFFF17620C0111B3
:10B3A0001F0101F147008012E300034B0220C29A03
:10B3B000220002AA4110819A0024C39A3F0000F1A2
:10B3C00022008052E1079F9A030080D2210000AA48
:10B3D00077FFFF17210080D225FDFFB4080080D23F
:10B3E000210180D2A6FFFF17650100B513FEEFD241
:10B3F000800280522F00009462FFFF17210180D24B
:10B40000E5F3FFB4030080D2210080D2E80303AA51
:10B410009BFFFF17BF0000F10002E09201FEEFD298
:10B420000000679E2100679E80028052001C611E02
:10B430001300669E1F00009452FFFF1722CC40B3FA
:10B440000002805262284CB3C20041B3F30302AA47
:10B45000180000944BFFFF170302FC920002805279
:10B46000610C418A22D002AA53FC05AA1100009463
:10B4700044FFFF1721D843D373280012E0000035A2
:10B48000020080D222CC40B3622A4CB3C20041B346
:10B49000F30302AA3BFFFF17802C0B5300701D53D0
:10B4A00085FFFF1700000000000000000000000002
:10B4B000800000360104000F2018211E21443BD5D6
:10B4C000A000083601102E1E0204000F2018221EB4
:10B4D00021443BD500011036C2B598520110B0127C
:10B4E000A293AE722100271E4200271E2028221E92
:10B4F00021443BD5800018360144040F2008211E4A
:10B5000021443BD5C00020360010B01202102E1E80
:10B510000100271E2038221E20443BD5C0035FD6E1
:10B520001000000000000000017A520004781E01A3
:10B530001B0C1F0010000000180000000476FFFF25
:10B5400030010000000000001000000000000000BA
:10B55000017A520004781E011B0C1F00100000002D
:10B56000180000001C80FFFF2C02000000000000FB
:10B570001000000000000000017A520004781E0153
:10B580001B0C1F001000000018000000B489FFFF12
:10B590000401000000000000100000000000000096
:10B5A000017A520004781E011B0C1F0010000000DD
:10B5B0001800000000000000CC00000000000000A7
:10B5C0001000000000000000017A520004781E0103
:10B5D0001B0C1F00100000001800000000000000FD
:10B5E0003401000000000000100000000000000016
:10B5F000017A520004781E011B0C1F00100000008D
:10B6000018000000000000002C01000000000000F5
:10B610001000000000000000017A520004781E01B2
:10B620001B0C1F00100000001800000000000000AC
:10B63000B401000000000000100000000000000045
:10B64000017A520004781E011B0C1F00100000003C
:10B6500018000000ACD1FFFFDC000000000000007B
:10B6600032000000000000000B0000001700000086
:10B67000030000007E000000040000000000000045
:10B680000000000000000000103500000000000075
:10B69000FFFFFFFFFFFFFFFF0000020000000000B0
:10B6A000000000000000000000000000000000009A
:10B6B000A0B6011000000000A0B6011000000000BC
:10B6C000B0B6011000000000B0B60110000000008C
:10B6D000C0B6011000000000C0B60110000000005C
:10B6E000D0B6011000000000D0B60110000000002C
:10B6F000E0B6011000000000E0B6011000000000FC
:10B70000F0B6011000000000F0B6011000000000CB
:10B7100000B701100000000000B701100000000099
:10B7200010B701100000000010B701100000000069
:10B7300020B701100000000020B701100000000039
:10B7400030B701100000000030B701100000000009
:10B7500040B701100000000040B7011000000000D9
:10B7600050B701100000000050B7011000000000A9
:10B7700060B701100000000060B701100000000079
:10B7800070B701100000000070B701100000000049
:10B7900080B701100000000080B701100000000019
:10B7A00090B701100000000090B7011000000000E9
:10B7B000A0B7011000000000A0B7011000000000B9
:10B7C000B0B7011000000000B0B701100000000089
:10B7D000C0B7011000000000C0B701100000000059
:10B7E000D0B7011000000000D0B701100000000029
:10B7F000E0B7011000000000E0B7011000000000F9
:10B80000F0B7011000000000F0B7011000000000C8
:10B8100000B801100000000000B801100000000096
:10B8200010B801100000000010B801100000000066
:10B8300020B801100000000020B801100000000036
:10B8400030B801100000000030B801100000000006
:10B8500040B801100000000040B8011000000000D6
:10B8600050B801100000000050B8011000000000A6
:10B8700060B801100000000060B801100000000076
:10B8800070B801100000000070B801100000000046
:10B8900080B801100000000080B801100000000016
:10B8A00090B801100000000090B8011000000000E6
:10B8B000A0B8011000000000A0B8011000000000B6
:10B8C000B0B8011000000000B0B801100000000086
:10B8D000C0B8011000000000C0B801100000000056
:10B8E000D0B8011000000000D0B801100000000026
:10B8F000E0B8011000000000E0B8011000000000F6
:10B90000F0B8011000000000F0B8011000000000C5
:10B9100000B901100000000000B901100000000093
:10B9200010B901100000000010B901100000000063
:10B9300020B901100000000020B901100000000033
:10B9400030B901100000000030B901100000000003
:10B9500040B901100000000040B9011000000000D3
:10B9600050B901100000000050B9011000000000A3
:10B9700060B901100000000060B901100000000073
:10B9800070B901100000000070B901100000000043
:10B9900080B901100000000080B901100000000013
:10B9A00090B901100000000090B9011000000000E3
:10B9B000A0B9011000000000A0B9011000000000B3
:10B9C000B0B9011000000000B0B901100000000083
:10B9D000C0B9011000000000C0B901100000000053
:10B9E000D0B9011000000000D0B901100000000023
:10B9F000E0B9011000000000E0B9011000000000F3
:10BA0000F0B9011000000000F0B9011000000000C2
:10BA100000BA01100000000000BA01100000000090
:10BA200010BA01100000000010BA01100000000060
:10BA300020BA01100000000020BA01100000000030
:10BA400030BA01100000000030BA01100000000000
:10BA500040BA01100000000040BA011000000000D0
:10BA600050BA01100000000050BA011000000000A0
:10BA700060BA01100000000060BA01100000000070
:10BA800070BA01100000000070BA01100000000040
:10BA900080BA01100000000080BA01100000000010
:10BAA00090BA01100000000090BA011000000000E0
:10BAB000A0BA011000000000A0BA011000000000B0
:10BAC000B0BA011000000000B0BA01100000000080
:10BAD000C0BA011000000000C0BA01100000000050
:10BAE000D0BA011000000000D0BA01100000000020
:10BAF000E0BA011000000000E0BA011000000000F0
:10BB0000F0BA011000000000F0BA011000000000BF
:10BB100000BB01100000000000BB0110000000008D
:10BB200010BB01100000000010BB0110000000005D
:10BB300020BB01100000000020BB0110000000002D
:10BB400030BB01100000000030BB011000000000FD
:10BB500040BB01100000000040BB011000000000CD
:10BB600050BB01100000000050BB0110000000009D
:10BB700060BB01100000000060BB0110000000006D
:10BB800070BB01100000000070BB0110000000003D
:10BB900080BB01100000000080BB0110000000000D
:10BBA00090BB01100000000090BB011000000000DD
:10BBB000A0BB011000000000A0BB011000000000AD
:10BBC000B0BB011000000000B0BB0110000000007D
:10BBD000C0BB011000000000C0BB0110000000004D
:10BBE000D0BB011000000000D0BB0110000000001D
:10BBF000E0BB011000000000E0BB011000000000ED
:10BC0000F0BB011000000000F0BB011000000000BC
:10BC100000BC01100000000000BC0110000000008A
:10BC200010BC01100000000010BC0110000000005A
:10BC300020BC01100000000020BC0110000000002A
:10BC400030BC01100000000030BC011000000000FA
:10BC500040BC01100000000040BC011000000000CA
:10BC600050BC01100000000050BC0110000000009A
:10BC700060BC01100000000060BC0110000000006A
:10BC800070BC01100000000070BC0110000000003A
:10BC900080BC01100000000080BC0110000000000A
:10BCA00090BC01100000000090BC011000000000DA
:10BCB000A0BC011000000000A0BC011000000000AA
:10BCC000B0BC011000000000B0BC0110000000007A
:10BCD000C0BC011000000000C0BC0110000000004A
:10BCE000D0BC011000000000D0BC0110000000001A
:10BCF000E0BC011000000000E0BC011000000000EA
:10BD0000F0BC011000000000F0BC011000000000B9
:10BD100000BD01100000000000BD01100000000087
:10BD200010BD01100000000010BD01100000000057
:10BD300020BD01100000000020BD01100000000027
:10BD400030BD01100000000030BD011000000000F7
:10BD500040BD01100000000040BD011000000000C7
:10BD600050BD01100000000050BD01100000000097
:10BD700060BD01100000000060BD01100000000067
:10BD800070BD01100000000070BD01100000000037
:10BD900080BD01100000000080BD01100000000007
:10BDA00090BD01100000000090BD011000000000D7
:10BDB000A0BD011000000000A0BD011000000000A7
:10BDC000B0BD011000000000B0BD01100000000077
:10BDD000C0BD011000000000C0BD01100000000047
:10BDE000D0BD011000000000D0BD01100000000017
:10BDF000E0BD011000000000E0BD011000000000E7
:10BE0000F0BD011000000000F0BD011000000000B6
:10BE100000BE01100000000000BE01100000000084
:10BE200010BE01100000000010BE01100000000054
:10BE300020BE01100000000020BE01100000000024
:10BE400030BE01100000000030BE011000000000F4
:10BE500040BE01100000000040BE011000000000C4
:10BE600050BE01100000000050BE01100000000094
:10BE700060BE01100000000060BE01100000000064
:10BE800070BE01100000000070BE01100000000034
:10BE900080BE01100000000080BE01100000000004
:10BEA00090BE01100000000090BE011000000000D4
:10BEB000430000000000000000000000000000003F
:10BEC0000000000000000000000000000000000072
:10BED000430000000000000000000000000000001F
:10BEE0000000000000000000000000000000000052
:10BEF00043000000000000000000000000000000FF
:10BF00000000000000000000000000000000000031
:10BF100043000000000000000000000000000000DE
:10BF20000000000000000000000000000000000011
:10BF300043000000000000000000000000000000BE
:10BF400000000000000000000000000000000000F1
:10BF5000430000000000000000000000000000009E
:10BF600000000000000000000000000000000000D1
:10BF7000430000000000000000000000000000007E
:10BF800000000000000000000000000000000000B1
:10BF9000D04A011000000000A08501100000000040
:10BFA0000000000000000000A0EF011000000000F1
:10BFB000E0C701100000000000C8011000000000F0
:10BFC00000C801100000000000C8011000000000BF
:10BFD00000C801100000000000C8011000000000AF
:10BFE00000C801100000000000C80110000000009F
:10BFF00000C801100000000000C80110000000008F
:10C00000FFFFFFFFFFFFFFFFFFFFFFFFFFFF00003E
:10C0100001004153434949000000000000000000B6
:10C020000000000000000000000000000000000010
:10C030000000415343494900000000000000000097
:10C0400000000000000000000000000000000000F0
:10C05000000000000000000060C0011000000000AF
:10C06000000000000000000060F901100000000066
:10C0700018FA011000000000D0FA011000000000C2
:10C0800000000000000000000000000000000000B0
:10C0900000000000000000000000000000000000A0
:10C0A0000000000000000000000000000000000090
:10C0B0000000000000000000000000000000000080
:10C0C0000000000000000000000000000000000070
:10C0D0000000000000000000000000000000000060
:10C0E0000000000000000000000000000000000050
:10C0F0000000000000000000000000000000000040
:10C10000000000000000000000000000000000002F
:10C11000000000000000000000000000000000001F
:10C12000000000000000000000000000000000000F
:10C1300001000000000000000E33CDAB34126DE6AC
:10C14000ECDE05000B000000000000000000000015
:10C1500000000000000000000000000000000000DF
:10C1600000000000000000000000000000000000CF
:10C1700000000000000000000000000000000000BF
:10C1800000000000000000000000000000000000AF
:10C19000000000000000000000000000000000009F
:10C1A000000000000000000000000000000000008F
:10C1B000000000000000000000000000000000007F
:10C1C000030000000000000060F901100000000002
:10C1D000342E312E300000000D0A2A2A2A2A2A2A5B
:10C1E0002A2A2A2A2A2A2A2A2A2A2A2A2A2A2A2AAF
:10C1F0002A2A2A2A2A2A2A2A2A2A2A2A2A2A2A2A9F
:10C200002A2A2A2A2A2A2A2A2A2A2A2A2A2A2A2A8E
:10C210002A2A2A2A2A2A2A2A2A2A2A2A2A2A2A2A7E
:10C220002A2A2A2A2A2A2A2A2A2A0D0A2A202020C9
:10C2300052656E6573617320465350204578616D79
:10C24000706C652050726F6A65637420666F72202F
:10C25000725F727463204D6F64756C6520202020BE
:10C2600020202020202020202020202020202020CE
:10C2700020202020202020202020202A0D0A2A20D3
:10C2800020204578616D706C652050726F6A65631F
:10C29000742056657273696F6E20257320202020EC
:10C2A000202020202020202020202020202020208E
:10C2B000202020202020202020202020202020207E
:10C2C000202020202020202020202A0D0A2A202083
:10C2D00020466C657820536F6674776172652050D4
:10C2E00061636B2056657273696F6E2025642E251D
:10C2F000642E2564202020202020202020202020A3
:10C30000202020202020202020202020202020202D
:10C310002020202020202020202020202020202A13
:10C320000D0A2A2A2A2A2A2A2A2A2A2A2A2A2A2AAA
:10C330002A2A2A2A2A2A2A2A2A2A2A2A2A2A2A2A5D
:10C340002A2A2A2A2A2A2A2A2A2A2A2A2A2A2A2A4D
:10C350002A2A2A2A2A2A2A2A2A2A2A2A2A2A2A2A3D
:10C360002A2A2A2A2A2A2A2A2A2A2A2A2A2A2A2A2D
:10C370002A2A0D0A526566657220746F2072656103
:10C38000646D652E7478742066696C6520666F72C2
:10C39000206D6F72652064657461696C73206F6EC7
:10C3A000204578616D706C652050726F6A656374AA
:10C3B00020616E640D0A46535020557365722773D1
:10C3C000204D616E75616C20666F72206D6F7265B5
:10C3D00020696E666F726D6174696F6E2061626F45
:10C3E000757420725F727463206472697665720D71
:10C3F0000A000000000000000A5468697320657894
:10C40000616D706C652070726F6A6563742064651D
:10C410006D6F6E73747261746573207468652075D6
:10C420007365206F6620746865205265616C2D54B9
:10C43000696D6520436C6F636B202852544329203B
:10C440006F6E207468650D0A525A2F4E3248206D67
:10C450006963726F70726F636573736F722E2049B8
:10C460007420696E697469616C697A657320746897
:10C470006520525443206D6F64756C652077697434
:10C480006820612073746172742063616C656E64EE
:10C4900061722074696D6520616E6420656E6162F1
:10C4A0006C65732E0D0A4120312D7365636F6E64C8
:10C4B00020706572696F64696320696E7465727259
:10C4C0007570742E204F6E206561636820706572F0
:10C4D000696F64696320696E746572727570742C1B
:10C4E000207468652063757272656E742063616C78
:10C4F000656E6461722074696D6520697320726570
:10C5000061640D0A616E6420646973706C617965A1
:10C5100064207669612074686520546572612054D6
:10C5200065726D2E0D0A41206861726477617265D3
:10C5300020616C61726D20697320636F6E6669673C
:10C540007572656420746F20747269676765722004
:10C550007768656E2074686520686F757220616EFB
:10C5600064206D696E757465206D61746368206107
:10C570006E640D0A7468652063757272656E74204E
:10C580006461792D6F662D7765656B206973206511
:10C590006E61626C65642E20416E792041504920A5
:10C5A0006661696C75726520697320616C736F20B8
:10C5B000646973706C61796564206F6E207468655E
:10C5C00020636F6E736F6C652E0D0000000000001D
:10C5D000525F5254435F4F70656E20415049206650
:10C5E00061696C65640D0A005B4552525D20496EBD
:10C5F0002046756E6374696F6E3A202573000000E3
:10C600000D0A52657475726E6564204572726F72A0
:10C6100020436F64653A203078257820200D0A0089
:10C62000525F5254435F43616C656E64617254693A
:10C630006D6553657420415049206661696C65647D
:10C640000D0A000000000000525F5254435F436136
:10C650006C656E646172416C61726D5365742041EA
:10C660005049206661696C65640D0A000000000095
:10C670000D0A5B5254435D204861726477617265B4
:10C6800020616C61726D2069732073657420617420
:10C6900020253032643A253032640D0A0000000053
:10C6A000525F5254435F506572696F6469634972A7
:10C6B0007152617465536574204150492066616907
:10C6C0006C65640D0A0000000D0A0D0000000000FA
:10C6D0000D253032642F253032642F25303464200C
:10C6E000253032643A253032643A25303264000015
:10C6F0000D0A5B5254435D20534F465457415245F7
:10C7000020414C41524D20545249474745524544DF
:10C710000D00000000000000636F6E640000000068
:10C720002F686F6D652F6769746C61622D72756E0D
:10C730006E65722F6275696C64732F657061702FFE
:10C74000744854385A4D3373542F302F65702D610F
:10C75000702D6465762F727A2D65702D61702D6451
:10C7600065762F6578616D706C655F70726F6A6554
:10C770006374732F727A6E32685F65766B2F727492
:10C78000632F7274635F727A6E32685F65766B5F77
:10C79000636135355F305F65702F65327374756422
:10C7A000696F2F727A2F6673702F696E632F6170B5
:10C7B000692F2E2E2F2E2E2F7372632F6273702FE0
:10C7C0006D63752F616C6C2F6273705F6D6F647534
:10C7D0006C655F73746F702E6800000000000000CD
:10C7E0002E000000000000004C435F434F4C4C41C2
:10C7F00054450000000000004C435F43545950452D
:10C8000000000000000000004C435F4D4F4E4554B7
:10C8100041525900000000004C435F4E554D4552B7
:10C8200049430000000000004C435F54494D45005F
:10C830004C435F4D455353414745530000000000B2
:10C84000494E460000000000696E660000000000CE
:10C850004E414E00000000006E616E0000000000BE
:10C860003031323334353637383961626364656666
:10C87000000000000000000030313233343536371C
:10C8800038394142434445460000000000000000A2
:10C89000286E756C6C29000030000000000000005C
:10C8A00042616C6C6F632073756363656564656476
:10C8B00000000000000000002F646174612F6A65B1
:10C8C0006E6B696E732F776F726B73706163652F18
:10C8D000474E552D746F6F6C636861696E2F61727E
:10C8E0006D2D31332F7372632F6E65776C69622DF6
:10C8F00063796777696E2F6E65776C69622F6C69F3
:10C9000062632F7374646C69622F6D707265632E3D
:10C910006300000000000000496E66696E6974796A
:10C9200000000000000000004E614E00000000000A
:10C930002F646174612F6A656E6B696E732F776FF8
:10C94000726B73706163652F474E552D746F6F6CFA
:10C95000636861696E2F61726D2D31332F7372635D
:10C960002F6E65776C69622D63796777696E2F6EBC
:10C9700065776C69622F6C6962632F7374646C698C
:10C98000622F64746F612E630000000000000000DD
:10C9900000000000010000000B000000000000008B
:10C9A0000000000000000000000000000000000087
:10C9B0000000000000010100000000000000000174
:10C9C0000000000000000000000000000000000067
:10C9D0000000000000000000000000000000000057
:10C9E0000000000000000000000000000000000047
:10C9F0000000000000000000000000000000000037
:10CA00000000000000000000000E00000000000018
:10CA1000000000000000000000000000000E000008
:10CA20000000000000000000000000000000000006
:10CA3000000E0000000000000000000000000000E8
:10CA400000000000000E00000000000000000000D8
:10CA500098F801100000000068CA011000000000F2
:10CA600018E60110000000000000000002000000B5
:10CA700000000000000000000C0000004F02000059
:10CA80000C000000500200000C00000051020000E9
:10CA90000C0000004E02000000000000000000003A
:10CAA0000000000000000000C005011000000000B0
:10CAB0000000000000000000C0CA011000000000DB
:10CAC0000000000001000000000000000000000065
:10CAD00088B60110000000000F000000FFFF0000FA
:10CAE0000000000000000000000000000101000044
:10CAF0000050008000000000000000000000000066
:10CB000002000000EFFA0200000000000000000038
:10CB10000C000000EF0100000C000000F10100001B
:10CB2000FF000000DFFFFFFFD00201100000000047
:10CB300000000000000000000000000000000000F5
:10CB4000160000000000000060CB01100000000093
:10CB5000D0C901100000000000000000000000002B
:10CB600004000000070200000400000000030000B1
:10CB700004000000010300000400000002030000A4
:10CB8000188800000108000018400000020800009A
:10CB90001840000003080000188800000408000086
:10CBA00004000000000B000004000100030E000060
:10CBB00004000100060E000004000100070E000042
:10CBC000040001000112000004000100071600002B
:10CBD000040001000017000002000100021B000019
:10CBE00002000100031B000048890100041B000033
:10CBF00048890100051B000002000100061B00001F
:10CC000002000100031F000004000100061F0000D5
:10CC10000000000000000000000000000000000014
:10CC20000000000000000000000000000000000004
:10CC300000000000000000000000000000000000F4
:10CC400000000000000000000000000000000000E4
:10CC500000000000000000000000000000000000D4
:10CC600000000000000000000000000000000000C4
:10CC700000000000000000000000000000000000B4
:10CC800000000000000000000000000000000000A4
:10CC90000000000000000000000000000000000094
:10CCA0000000000000000000000000000000000084
:10CCB0000000000000000000000000000000000074
:10CCC0000000000000000000000000000000000064
:10CCD0000000000000000000000000000000000054
:10CCE0000000000000000000000000000000000044
:10CCF0000000000000000000000000000000000034
:10CD00000000000000000000000000000000000023
:10CD10000000000000000000000000000000000013
:10CD20000000000000000000000000000000000003
:10CD300000000000000000000000000000000000F3
:10CD400000000000000000000000000000000000E3
:10CD500000000000000000000000000000000000D3
:10CD600000000000000000000000000000000000C3
:10CD700000000000000000000000000000000000B3
:10CD800000000000000000000000000000000000A3
:10CD90000000000000000000000000000000000093
:10CDA0000000000000000000000000000000000083
:10CDB0000000000000000000000000000000000073
:10CDC0000000000000000000000000000000000063
:10CDD0000000000000000000000000000000000053
:10CDE0000000000000000000000000000000000043
:10CDF0000000000000000000000000000000000033
:10CE00000000000000000000000000000000000022
:10CE10000000000000000000000000000000000012
:10CE20000000000000000000000000000000000002
:10CE300000000000000000000000000000000000F2
:10CE400000000000000000000000000000000000E2
:10CE500000000000000000000000000000000000D2
:10CE600000000000000000000000000000000000C2
:10CE700000000000000000000000000000000000B2
:10CE800000000000000000000000000000000000A2
:10CE90000000000000000000000000000000000092
:10CEA0000000000000000000000000000000000082
:10CEB0000000000000000000000000000000000072
:10CEC0000000000000000000000000000000000062
:10CED0000000000000000000000000000000000052
:10CEE0000000000000000000000000000000000042
:10CEF0000000000000000000000000000000000032
:10CF00000000000000000000000000000000000021
:10CF10000000000000000000000000000000000011
:10CF20000000000000000000000000000000000001
:10CF300000000000000000000000000000000000F1
:10CF400000000000000000000000000000000000E1
:10CF500000000000000000000000000000000000D1
:10CF600000000000000000000000000000000000C1
:10CF700000000000000000000000000000000000B1
:10CF800000000000000000000000000000000000A1
:10CF90000000000000000000000000000000000091
:10CFA0000000000000000000000000000000000081
:10CFB0000000000000000000000000000000000071
:10CFC0000000000000000000000000000000000061
:10CFD0000000000000000000000000000000000051
:10CFE0000000000000000000000000000000000041
:10CFF0000000000000000000000000000000000031
:10D000000000000000000000000000000000000020
:10D010000000000000000000000000000000000010
:10D020000000000000000000000000000000000000
:10D0300000000000000000000000000000000000F0
:10D0400000000000000000000000000000000000E0
:10D0500000000000000000000000000000000000D0
:10D0600000000000000000000000000000000000C0
:10D0700000000000000000000000000000000000B0
:10D0800000000000000000000000000000000000A0
:10D090000000000000000000000000000000000090
:10D0A0000000000000000000000000000000000080
:10D0B0000000000000000000000000000000000070
:10D0C0000000000000000000000000000000000060
:10D0D0000000000000000000000000000000000050
:10D0E0000000000000000000000000000000000040
:10D0F0000000000000000000000000000000000030
:10D10000000000000000000000000000000000001F
:10D11000000000000000000000000000000000000F
:10D1200000000000000000000000000000000000FF
:10D1300000000000000000000000000000000000EF
:10D1400000000000000000000000000000000000DF
:10D1500000000000000000000000000000000000CF
:10D1600000000000000000000000000000000000BF
:10D1700000000000000000000000000000000000AF
:10D18000000000000000000000000000000000009F
:10D19000000000000000000000000000000000008F
:10D1A000000000000000000000000000000000007F
:10D1B000000000000000000000000000000000006F
:10D1C000000000000000000000000000000000005F
:10D1D000000000000000000000000000000000004F
:10D1E000000000000000000000000000000000003F
:10D1F000000000000000000000000000000000002F
:10D20000000000000000000000000000000000001E
:10D21000000000000000000000000000000000000E
:10D2200000000000000000000000000000000000FE
:10D2300000000000000000000000000000000000EE
:10D2400000000000000000000000000000000000DE
:10D2500000000000000000000000000000000000CE
:10D2600000000000000000000000000000000000BE
:10D2700000000000000000000000000000000000AE
:10D28000000000000000000000000000000000009E
:10D29000000000000000000000000000000000008E
:10D2A000000000000000000000000000000000007E
:10D2B000000000000000000000000000000000006E
:10D2C000000000000000000000000000000000005E
:10D2D000000000000000000000000000000000004E
:10D2E000000000000000000000000000000000003E
:10D2F000000000000000000000000000000000002E
:10D30000000000000000000000000000000000001D
:10D31000000000000000000000000000000000000D
:10D3200000000000000000000000000000000000FD
:10D3300000000000000000000000000000000000ED
:10D3400000000000000000000000000000000000DD
:10D3500000000000000000000000000000000000CD
:10D3600000000000000000000000000000000000BD
:10D3700000000000000000000000000000000000AD
:10D38000000000000000000000000000000000009D
:10D39000000000000000000000000000000000008D
:10D3A000000000000000000000000000000000007D
:10D3B000000000000000000000000000000000006D
:10D3C000000000000000000000000000000000005D
:10D3D000000000000000000000000000000000004D
:10D3E000000000000000000000000000000000003D
:10D3F000000000000000000000000000000000002D
:10D40000000000000000000000000000000000001C
:10D41000000000000000000000000000000000000C
:10D4200000000000000000000000000000000000FC
:10D4300000000000000000000000000000000000EC
:10D4400000000000000000000000000000000000DC
:10D4500000000000000000000000000000000000CC
:10D4600000000000000000000000000000000000BC
:10D4700000000000000000000000000000000000AC
:10D48000000000000000000000000000000000009C
:10D49000000000000000000000000000000000008C
:10D4A000000000000000000000000000000000007C
:10D4B000000000000000000000000000000000006C
:10D4C000000000000000000000000000000000005C
:10D4D000000000000000000000000000000000004C
:10D4E000000000000000000000000000000000003C
:10D4F000000000000000000000000000000000002C
:10D50000000000000000000000000000000000001B
:10D51000000000000000000000000000000000000B
:10D5200000000000000000000000000000000000FB
:10D5300000000000000000000000000000000000EB
:10D5400000000000000000000000000000000000DB
:10D5500000000000000000000000000000000000CB
:10D5600000000000000000000000000000000000BB
:10D5700000000000000000000000000000000000AB
:10D58000000000000000000000000000000000009B
:10D59000000000000000000000000000000000008B
:10D5A000000000000000000000000000000000007B
:10D5B000000000000000000000000000000000006B
:10D5C000000000000000000000000000000000005B
:10D5D000000000000000000000000000000000004B
:10D5E000000000000000000000000000000000003B
:10D5F000000000000000000000000000000000002B
:10D60000000000000000000000000000000000001A
:10D61000000000000000000000000000000000000A
:10D6200000000000000000000000000000000000FA
:10D6300000000000000000000000000000000000EA
:10D6400000000000000000000000000000000000DA
:10D6500000000000000000000000000000000000CA
:10D6600000000000000000000000000000000000BA
:10D6700000000000000000000000000000000000AA
:10D68000000000000000000000000000000000009A
:10D69000000000000000000000000000000000008A
:10D6A000000000000000000000000000000000007A
:10D6B000000000000000000000000000000000006A
:10D6C000000000000000000000000000000000005A
:10D6D000000000000000000000000000000000004A
:10D6E000000000000000000000000000000000003A
:10D6F000000000000000000000000000000000002A
:10D700000000000000000000000000000000000019
:10D710000000000000000000000000000000000009
:10D7200000000000000000000000000000000000F9
:10D7300000000000000000000000000000000000E9
:10D7400000000000000000000000000000000000D9
:10D7500000000000000000000000000000000000C9
:10D7600000000000000000000000000000000000B9
:10D7700000000000000000000000000000000000A9
:10D780000000000000000000000000000000000099
:10D790000000000000000000000000000000000089
:10D7A0000000000000000000000000000000000079
:10D7B0000000000000000000000000000000000069
:10D7C0000000000000000000000000000000000059
:10D7D0000000000000000000000000000000000049
:10D7E0000000000000000000000000000000000039
:10D7F0000000000000000000000000000000000029
:10D800000000000000000000000000000000000018
:10D810000000000000000000000000000000000008
:10D8200000000000000000000000000000000000F8
:10D8300000000000000000000000000000000000E8
:10D8400000000000000000000000000000000000D8
:10D8500000000000000000000000000000000000C8
:10D8600000000000000000000000000000000000B8
:10D8700000000000000000000000000000000000A8
:10D880000000000000000000000000000000000098
:10D890000000000000000000000000000000000088
:10D8A0000000000000000000000000000000000078
:10D8B0000000000000000000000000000000000068
:10D8C0000000000000000000000000000000000058
:10D8D0000000000000000000000000000000000048
:10D8E0000000000000000000000000000000000038
:10D8F0000000000000000000000000000000000028
:10D900000000000000000000000000000000000017
:10D910000000000000000000000000000000000007
:10D9200000000000000000000000000000000000F7
:10D9300000000000000000000000000000000000E7
:10D9400000000000000000000000000000000000D7
:10D9500000000000000000000000000000000000C7
:10D9600000000000000000000000000000000000B7
:10D9700000000000000000000000000000000000A7
:10D980000000000000000000000000000000000097
:10D990000000000000000000000000000000000087
:10D9A0000000000000000000000000000000000077
:10D9B0000000000000000000000000000000000067
:10D9C0000000000000000000000000000000000057
:10D9D0000000000000000000000000000000000047
:10D9E0000000000000000000000000000000000037
:10D9F0000000000000000000000000000000000027
:10DA00000000000000000000000000000000000016
:10DA10000000000000000000000000000000000006
:10DA200000000000000000000000000000000000F6
:10DA300000000000000000000000000000000000E6
:10DA400000000000000000000000000000000000D6
:10DA500000000000000000000000000000000000C6
:10DA600000000000000000000000000000000000B6
:10DA700000000000000000000000000000000000A6
:10DA80000000000000000000000000000000000096
:10DA90000000000000000000000000000000000086
:10DAA0000000000000000000000000000000000076
:10DAB0000000000000000000000000000000000066
:10DAC0000000000000000000000000000000000056
:10DAD0000000000000000000000000000000000046
:10DAE0000000000000000000000000000000000036
:10DAF0000000000000000000000000000000000026
:10DB00000000000000000000000000000000000015
:10DB10000000000000000000000000000000000005
:10DB200000000000000000000000000000000000F5
:10DB300000000000000000000000000000000000E5
:10DB400000000000000000000000000000000000D5
:10DB500000000000000000000000000000000000C5
:10DB600000000000000000000000000000000000B5
:10DB700000000000000000000000000000000000A5
:10DB8000000000000000000020290110000000003B
:10DB9000000000000000000020290110000000002B
:10DBA0000000000000000000000000000000000075
:10DBB0000000000000000000000000000000000065
:10DBC0000000000000000000000000000000000055
:10DBD0000000000000000000000000000000000045
:10DBE0000000000000000000000000000000000035
:10DBF0000000000000000000000000000000000025
:10DC00000000000000000000000000000000000014
:10DC10000000000000000000000000000000000004
:10DC200000000000000000000000000000000000F4
:10DC300000000000000000000000000000000000E4
:10DC400000000000000000000000000000000000D4
:10DC500000000000000000000000000000000000C4
:10DC600000000000000000000000000000000000B4
:10DC700000000000000000000000000000000000A4
:10DC80000000000000000000000000000000000094
:10DC90000000000000000000000000000000000084
:10DCA0000000000000000000000000000000000074
:10DCB0000000000000000000000000000000000064
:10DCC0000000000000000000000000000000000054
:10DCD0000000000000000000000000000000000044
:10DCE0000000000000000000000000000000000034
:10DCF0000000000000000000000000000000000024
:10DD00000000000000000000000000000000000013
:10DD10000000000000000000000000000000000003
:10DD200000000000000000000000000000000000F3
:10DD300000000000000000000000000000000000E3
:10DD400000000000000000000000000000000000D3
:10DD500000000000000000000000000000000000C3
:10DD600000000000000000000000000000000000B3
:10DD700000000000000000000000000000000000A3
:10DD80000000000000000000000000000000000093
:10DD90000000000000000000000000000000000083
:10DDA0000000000000000000000000000000000073
:10DDB0000000000000000000000000000000000063
:10DDC0000000000000000000000000000000000053
:10DDD0000000000000000000000000000000000043
:10DDE0000000000000000000000000000000000033
:10DDF0000000000000000000000000000000000023
:10DE00000000000000000000000000000000000012
:10DE10000000000000000000000000000000000002
:10DE200000000000000000000000000000000000F2
:10DE300000000000000000000000000000000000E2
:10DE400000000000000000000000000000000000D2
:10DE500000000000000000000000000000000000C2
:10DE600000000000000000000000000000000000B2
:10DE700000000000000000000000000000000000A2
:10DE8000401E011000000000E01C01100000000016
:10DE9000901C011000000000D01D011000000000C7
:10DEA0000000000000000000000000000000000072
:10DEB0000000000000000000000000000000000062
:10DEC0000000000000000000000000000000000052
:10DED0000000000000000000000000000000000042
:10DEE0000000000000000000000000000000000032
:10DEF0000000000000000000000000000000000022
:10DF00000000000000000000000000000000000011
:10DF10000000000000000000000000000000000001
:10DF200000000000000000000000000000000000F1
:10DF300000000000000000000000000000000000E1
:10DF400000000000000000000000000000000000D1
:10DF500000000000000000000000000000000000C1
:10DF600000000000000000000000000000000000B1
:10DF700000000000000000000000000000000000A1
:10DF80000000000000000000000000000000000091
:10DF90000000000000000000000000000000000081
:10DFA0000000000000000000000000000000000071
:10DFB0000000000000000000000000000000000061
:10DFC0000000000000000000000000000000000051
:10DFD0000000000000000000000000000000000041
:10DFE0000000000000000000000000000000000031
:10DFF0000000000000000000000000000000000021
:10E000000000000000000000000000000000000010
:10E010000000000000000000000000000000000000
:10E0200000000000000000000000000000000000F0
:10E0300000000000000000000000000000000000E0
:10E0400000000000000000000000000000000000D0
:10E0500000000000000000000000000000000000C0
:10E0600000000000000000000000000000000000B0
:10E0700000000000000000000000000000000000A0
:10E080000000000000000000000000000000000090
:10E090000000000000000000000000000000000080
:10E0A0000000000000000000000000000000000070
:10E0B0000000000000000000000000000000000060
:10E0C0000000000000000000000000000000000050
:10E0D0000000000000000000000000000000000040
:10E0E0000000000000000000000000000000000030
:10E0F0000000000000000000000000000000000020
:10E10000000000000000000000000000000000000F
:10E1100000000000000000000000000000000000FF
:10E1200000000000000000000000000000000000EF
:10E1300000000000000000000000000000000000DF
:10E1400000000000000000000000000000000000CF
:10E1500000000000000000000000000000000000BF
:10E1600000000000000000000000000000000000AF
:10E17000000000000000000000000000000000009F
:10E18000000000000000000000000000000000008F
:10E19000000000000000000000000000000000007F
:10E1A000000000000000000000000000000000006F
:10E1B000000000000000000000000000000000005F
:10E1C000000000000000000000000000000000004F
:10E1D000000000000000000000000000000000003F
:10E1E000000000000000000000000000000000002F
:10E1F000000000000000000000000000000000001F
:10E20000000000000000000000000000000000000E
:10E2100000000000000000000000000000000000FE
:10E2200000000000000000000000000000000000EE
:10E2300000000000000000000000000000000000DE
:10E2400000000000000000000000000000000000CE
:10E2500000000000000000000000000000000000BE
:10E2600000000000000000000000000000000000AE
:10E27000000000000000000000000000000000009E
:10E28000000000000000000000000000000000008E
:10E29000000000000000000000000000000000007E
:10E2A000000000000000000000000000000000006E
:10E2B000000000000000000000000000000000005E
:10E2C000000000000000000000000000000000004E
:10E2D000000000000000000000000000000000003E
:10E2E000000000000000000000000000000000002E
:10E2F000000000000000000000000000000000001E
:10E30000000000000000000000000000000000000D
:10E3100000000000000000000000000000000000FD
:10E3200000000000000000000000000000000000ED
:10E3300000000000000000000000000000000000DD
:10E3400000000000000000000000000000000000CD
:10E3500000000000000000000000000000000000BD
:10E3600000000000000000000000000000000000AD
:10E37000000000000000000000000000000000009D
:10E38000000000000000000000000000000000008D
:10E39000000000000000000000000000000000007D
:10E3A000000000000000000000000000000000006D
:10E3B000000000000000000000000000000000005D
:10E3C000000000000000000000000000000000004D
:10E3D000000000000000000000000000000000003D
:10E3E000000000000000000000000000000000002D
:10E3F000000000000000000000000000000000001D
:10E40000000000000000000000000000000000000C
:10E4100000000000000000000000000000000000FC
:10E4200000000000000000000000000000000000EC
:10E4300000000000000000000000000000000000DC
:10E4400000000000000000000000000000000000CC
:10E4500000000000000000000000000000000000BC
:10E4600000000000000000000000000000000000AC
:10E47000000000000000000000000000000000009C
:10E48000000000000000000000000000000000008C
:10E49000000000000000000000000000000000007C
:10E4A000000000000000000000000000000000006C
:10E4B000000000000000000000000000000000005C
:10E4C000000000000000000000000000000000004C
:10E4D000000000000000000000000000000000003C
:10E4E000000000000000000000000000000000002C
:10E4F000000000000000000000000000000000001C
:10E50000000000000000000000000000000000000B
:10E5100000000000000000000000000000000000FB
:10E5200000000000000000000000000000000000EB
:10E5300000000000000000000000000000000000DB
:10E5400000000000000000000000000000000000CB
:10E5500000000000000000000000000000000000BB
:10E5600000000000000000000000000000000000AB
:10E57000000000000000000000000000000000009B
:10E58000000000000000000000000000000000008B
:10E59000000000000000000000000000000000007B
:10E5A000000000000000000000000000000000006B
:10E5B000000000000000000000000000000000005B
:10E5C000000000000000000000000000000000004B
:10E5D000000000000000000000000000000000003B
:10E5E000000000000000000000000000000000002B
:10E5F0005951494139312969211910610000000040
:10E600006273705F6173736572745F6368616E6E6D
:10E61000656C000000000000B01301100000000055
:10E620001013011000000000D00E011000000000C7
:10E63000500C011000000000800D011000000000CF
:10E64000E00D011000000000F00B011000000000C0
:10E650002011011000000000700E011000000000E9
:10E66000B00A0110000000001010011000000000AE
:10E670001F1C1F1E1F1E1F1F1E1F1E1F000000002D
:10E68000AAAAAAAA000002000000000000000000E0
:10E69000AAAAAAAAAAAAAAAAAAAAAAAAAAAAAAAADA
:10E6A000AAAAAAAA00000000A8AAAAAAAAAAAAAA74
:10E6B000AAAAAAAAAAAAAAAAAAAAAAAAAAAAAAAABA
:10E6C000AAAAAAAAAAAAAAAAAAAAAAAAAAAAAAAAAA
:10E6D000AAAAAAAAAAAAAAAAAAAAAAAAAAAAAAAA9A
:10E6E000AAAAAAAAAAAAAAAAAAAAAAAAAAAA0200DC
:10E6F0000000000000A0AAAA2AAAAAAAAAAAAAAA56
:10E70000AAAAAA2A00000080AAAAAAAA0AA8AAAAB3
:10E71000AA02AAAAAAAA80AAAAAA2A00000080AAD3
:10E72000AAA2828A82828282828282820200A0A03F
:10E73000820A2A08A0AAAAAAAAAAAAAAAAAAAA8255
:10E740000A2A08000000000000000000000000008D
:10E7500000000000000000000000000000000000B9
:10E760000000AAAAAAAAAAAAAAAAAAAAAAAAAAAA5D
:10E77000AAAAAAAAAAAAAAAAAAAAAAAAAAAAAAAAF9
:10E78000AAAA2A000000000000000000000000000B
:10E7900000000000000C000000000000000C000061
:10E7A00000000000000C000000000000000C000051
:10E7B00000000000000C000000000000000C000041
:10E7C00000000000000C000000000000000C000031
:10E7D00000000000000C000000000000000C000021
:10E7E00000000000000C000000000000000C000011
:10E7F00000000000000C000000000000000C000001
:10E8000000000000000C000000000000000C0000F0
:10E8100000000000000000000000000000000000F8
:10E8200000000000000000000000000000000000E8
:10E8300000000000000000000000000000000000D8
:10E8400000000000000000000000000000000000C8
:10E8500000000000000000000000000000000000B8
:10E8600000000000000000000000000000000000A8
:10E870000000000000000000000000000000000098
:10E880000000000000000000000000000000000088
:10E8900000000000000C000000000000000C000060
:10E8A00000000000000C000000000000000C000050
:10E8B00000000000000C000000000000000C000040
:10E8C00000000000000C000000000000000C000030
:10E8D00000000000000C000000000000000C000020
:10E8E00000000000000C000000000000000C000010
:10E8F00000000000000C000000000000000C000000
:10E9000000000000000C000000000000000C0000EF
:10E9100000000000000C000000000000000C0000DF
:10E9200000000000000C000000000000000C0000CF
:10E9300000000000000C000000000000000C0000BF
:10E9400000000000000C000000000000000C0000AF
:10E9500000000000000C000000000000000C00009F
:10E9600000000000000C000000000000000C00008F
:10E9700000000000000C000000000000000C00007F
:10E9800000000000000C000000000000000C00006F
:10E9900000000000000C000000000000000C00005F
:10E9A00000000000000C000000000000000C00004F
:10E9B00000000000000C000000000000000C00003F
:10E9C00000000000000C000000000000000C00002F
:10E9D00000000000000C000000000000000C00001F
:10E9E00000000000000C000000000000000C00000F
:10E9F00000000000000C000000000000000C0000FF
:10EA000000000000000C000000000000000C0000EE
:10EA100000000000000C000000000000000C0000DE
:10EA200000000000000C000000000000000C0000CE
:10EA300000000000000C000000000000000C0000BE
:10EA400000000000000C000000000000000C0000AE
:10EA500000000000000C000000000000000C00009E
:10EA600000000000000C000000000000000C00008E
:10EA700000000000000C000000000000000C00007E
:10EA800000000000000C000000000000000C00006E
:10EA900000000000000C000000000000000C00005E
:10EAA00000000000000C000000000000000C00004E
:10EAB00000000000000C000000000000000C00003E
:10EAC00000000000000C000000000000000C00002E
:10EAD00000000000000C000000000000000C00001E
:10EAE00000000000000C000000000000000C00000E
:10EAF00000000000000C000000000000000C0000FE
:10EB000000000000000C000000000000000C0000ED
:10EB100000000000000C000000000000000C0000DD
:10EB200000000000000C000000000000000C0000CD
:10EB300000000000000C000000000000000C0000BD
:10EB400000000000000C000000000000000C0000AD
:10EB500000000000000C000000000000000C00009D
:10EB600000000000000C000000000000000C00008D
:10EB700000000000000C000000000000000C00007D
:10EB800000000000000C000000000000000C00006D
:10EB900000000000000C000000000000000C00005D
:10EBA00000000000000C000000000000000C00004D
:10EBB00000000000000C000000000000000C00003D
:10EBC00000000000000C000000000000000C00002D
:10EBD00000000000000C000000000000000C00001D
:10EBE00000000000000C000000000000000C00000D
:10EBF00000000000000C000000000000000C0000FD
:10EC000000000000000C000000000000000C0000EC
:10EC100000000000000C000000000000000C0000DC
:10EC200000000000000C000000000000000C0000CC
:10EC300000000000000C000000000000000C0000BC
:10EC400000000000000C000000000000000C0000AC
:10EC500000000000000C000000000000000C00009C
:10EC600000000000000C000000000000000C00008C
:10EC700000000000000C000000000000000C00007C
:10EC800000000000000C000000000000000C00006C
:10EC900000000000000C000000000000000C00005C
:10ECA00000000000000C000000000000000C00004C
:10ECB00000000000000C000000000000000C00003C
:10ECC00000000000000C000000000000000C00002C
:10ECD00000000000000C000000000000000C00001C
:10ECE00000000000000C000000000000000C00000C
:10ECF00000000000000C000000000000000C0000FC
:10ED000000000000000C000000000000000C0000EB
:10ED100000000000000C000000000000000C0000DB
:10ED200000000000000C000000000000000C0000CB
:10ED300000000000000C000000000000000C0000BB
:10ED400000000000000C000000000000000C0000AB
:10ED500000000000000C000000000000000C00009B
:10ED600000000000000C000000000000000C00008B
:10ED700000000000000C000000000000000C00007B
:10ED800000000000000C000000000000000C00006B
:10ED90000000000000000000000000000000000073
:10EDA0000000000000000000000000000000000063
:10EDB0000000000000000000000000000000000053
:10EDC0000000000000000000000000000000000043
:10EDD0000000000000000000000000000000000033
:10EDE0000000000000000000000000000000000023
:10EDF0000000000000000000000000000000000013
:10EE00000000000000000000000000000000000002
:10EE100000000000000000000000000000000000F2
:10EE200000000000000000000000000000000000E2
:10EE300000000000000000000000000000000000D2
:10EE400000000000000000000000000000000000C2
:10EE500000000000000000000000000000000000B2
:10EE600000000000000000000000000000000000A2
:10EE70000000000000000000000000000000000092
:10EE80000000000000000000000000000000000082
:10EE900000000000000C000000000000000C00005A
:10EEA00000000000000C000000000000000C00004A
:10EEB00000000000000C000000000000000C00003A
:10EEC00000000000000C000000000000000C00002A
:10EED00000000000000C000000000000000C00001A
:10EEE00000000000000C000000000000000C00000A
:10EEF00000000000000C000000000000000C0000FA
:10EF000000000000000C000000000000000C0000E9
:10EF100000000000000C000000000000000C0000D9
:10EF200000000000000C000000000000000C0000C9
:10EF300000000000000C000000000000000C0000B9
:10EF400000000000000C000000000000000C0000A9
:10EF500000000000000C000000000000000C000099
:10EF600000000000000C000000000000000C000089
:10EF700000000000000C000000000000000C000079
:10EF800000000000000C000000000000000C000069
:10EF9000090000000000000009000000000000005F
:10EFA0000020202020202020202028282828282059
:10EFB0002020202020202020202020202020202051
:10EFC00020881010101010101010101010101010B9
:10EFD00010040404040404040404041010101010A9
:10EFE0001010414141414141010101010101010173
:10EFF00001010101010101010101010110101010C5
:10F000001010424242424242020202020202020244
:10F010000202020202020202020202021010101098
:10F0200020000000000000000000000000000000C0
:10F0300000000000000000000000000000000000D0
:10F0400000000000000000000000000000000000C0
:10F0500000000000000000000000000000000000B0
:10F0600000000000000000000000000000000000A0
:10F070000000000000000000000000000000000090
:10F080000000000000000000000000000000000080
:10F090000000000000000000000000000000000070
:10F0A0000000000023030000000020030000000017
:10F0B00000000B03000000000003FC020000E5025A
:10F0C000E8020000A70357005700570057005700F9
:10F0D00057005700570057000000000000000000D4
:10F0E000000000000000330200009D028F03330285
:10F0F0003302330200000000000000004F03000054
:10F1000000002903000000000000B70200005203C5
:10F1100000000000290500000000000000000000C1
:10F12000000000000000330200009D02D004330202
:10F13000330233026603D004620100006103000061
:10F14000820343056E036B030000B70262012405CE
:10F15000000000003B05000062010000000000000C
:10F16000303030303030303030303030303030309F
:10F17000202020202020202020202020202020208F
:10F1800005000000190000007D00000000000000E4
:10F190000080E03779C34143176E05B5B5B8934693
:10F1A000F5F93FE9034F384D321D30F94877825A5F
:10F1B0003CBF737FDD4F15750000000000000000AC
:10F1C000000000000000F03F0000000000002440AC
:10F1D00000000000000059400000000000408F4087
:10F1E000000000000088C34000000000006AF840F2
:10F1F0000000000080842E4100000000D012634116
:10F200000000000084D797410000000065CDCD418B
:10F21000000000205FA00242000000E8764837426C
:10F22000000000A2941A6D42000040E59C30A2420A
:10F230000000901EC4BCD64200003426F56B0C437F
:10F240000080E03779C3414300A0D8855734764326
:10F2500000C84E676DC1AB43003D9160E458E14387
:10F26000408CB5781DAF154450EFE2D6E41A4B44FC
:10F2700092D54D06CFF08044F64AE1C7022DB54441
:10F28000B49DD9794378EA440100000002000000EF
:10F29000000000000100000061436F63A787D23FB8
:10F2A000B3C8608B288AC63FFB799F501344D33F75
:10F2B0004275696C74207769746820525A2F4E2009
:10F2C000466C657869626C6520536F66747761720D
:10F2D00065205061636B6167652076657273696F45
:10F2E0006E20342E322E3000342E322E30000000AC
:08F2F000000002040000000010
:0400000510001000D7
:00000001FF
