:1000000018F09FE518F09FE518F09FE518F09FE5C0
:1000100018F09FE518F09FE518F09FE518F09FE5B0
:100020004000000095201000C4130000992010002B
:100030009D201000A120100090150000A5201000A8
:10004000310F19EEFC1F01E3001040E3010000E056
:10005000031000E3101040E3010080E14FF07FF552
:10006000310F09EE6FF07FF5D03104E3103040E33B
:100070000300A0E10110A0E30010C0E5ED0704EAD1
:100100002DE9F041D0E902850446A8EB05074068D7
:1001100097422844154408D80E463A46A5EB0805F0
:100120000AF0E8FD2A466068F1190AF0E3FDBFF322
:100130005F8FE560BDE8F0812DE9F8434FF00008DE
:10014000064689461746D0E902243369151B9C42AE
:1001500003F1FF3125BF03F1FF339B180B1B1B1B62
:10016000BD4228BF3D469D4228BF1D467068494696
:100170002A4620440AF0BEFDB2682C44A24208BFC1
:100180000024A844A9447F1BBFF35F8FF460002FB5
:10019000DBD14046BDE8F883F8B546F20014C1F261
:1001A0001804A822002120460AF096FD4BF6001202
:1001B00046F2B81046F2A811002303254FF4006759
:1001C0001026C0F20002C1F21800C1F21801256128
:1001D0006561A261E0612762A3626362E3622266F5
:1001E0006166A6662367E3666367BFF35F8F074BAD
:1001F0009C46A3F11000ACEB030213F9011D8342EE
:10020000A154F8D1BFF35F8FF8BD00BF70C30000E9
:1002100038B546F2001400EB4003C1F21804013077
:1002200004EBC30300EB400004EBC000DC6A8C4627
:10023000012C154612D0022C0CD0FCB99A6A596ACE
:100240008A429CBF1B6AD218013A511A8D4218D9B2
:10025000204638BDBDE83840FFF76EBF9A6A5C6A39
:10026000A2429CBF1B6AD218013A141BAC4228BFA1
:100270002C462246FFF744FF204638BD0024204686
:1002800038BD2A466146FFF73BFF2C46E0E700BF3A
:1002900046F2001370B5C1F218031B780446532BC5
:1002A0000D46164601D0FFF777FF32462946204615
:1002B000BDE87040FFF7ACBFD0E9013210B504468D
:1002C000501C984207D8236899540246E168636835
:1002D0000131A060E1609A4200D010BD2168206920
:1002E000FFF7D6FFA368984215BF4FF0FF330023F6
:1002F000E360A36010BD00BF2DE9F84F9142DDE936
:100300000A940F46154683461E4669D30B464FF0A6
:100310000108B3FBF5F39D4208F10108F9D9B04596
:1003200038BFB04614F0010A02D1B9F1000F41D133
:10033000DBF80C30002B2EDB012401E005FB04F47C
:10034000012E06F1FF36F9D8B7FBF4F39D4205D82C
:1003500005FB04F4B7FBF4F39D42F9D94CF278366F
:10036000C0F2000606E0AC42B4FBF5F30CD31C4629
:10037000B7FBF3F3F156584604FB1377FFF79CFFE6
:10038000DBF80C30002BEEDAB9F1000F0CBF0023C4
:100390000AF001034BB9BDE8F88F20215846FFF75A
:1003A0008BFFDBF80C30002BF5DBC14509F1FF3981
:1003B000F3D8F0E7B6FA86F35B0913EA540314BFE7
:1003C0003024202409E021465846FFF775FFDBF86A
:1003D0000C3009F1FF39002BDDDBC145F3D8A7E76D
:1003E0004FF001089BE700BFDFED8F0B00232DE9E5
:1003F000F04F9BB00DF1280905AC44F98F078046FA
:100400000D461746CDE90730CDF8109006E004A858
:10041000FFF752FF079B002BC0F2818015F9011BEB
:10042000002900F08E802529F1D100262B4613F9F2
:10043000011BA1F123020D2A08D8DFE802F05F07B3
:100440000707070707075B0763070757A1F1300294
:10045000D2B2092A4FF000040FD804EB840401EB58
:10046000440493F900101D46A1F13002D2B2092ACA
:10047000A4F1300403F10103EFD92E2953D04FF03A
:10048000000B95F90010584601E015F9011F21F005
:100490000403682BF9D0252938D05839CBB2202B4A
:1004A00037D8202935D8DFE811F071003400340046
:1004B000340034003400340034003400340034009C
:1004C000FD00C30034003400340034003400340034
:1004D00034003400340034003400AD003400340003
:1004E0008800340082003400340071001D4646F05C
:1004F00002069BE71D4646F0040697E71D4646F0B8
:10050000080693E71D4646F001068FE704A8FFF7AB
:10051000D3FE079B002B05F10105BFF67FAF184600
:100520001BB0BDE8F08F95F901102A2915D13B6861
:1005300002351A1D3A600120D3F800B095F9001079
:10054000A5E7079B002BEADD069C002C40F0B48059
:10055000234418461BB0BDE8F08FA1F13003DBB295
:10056000092B4FF0000B05F1010500F2E6800BEBC3
:100570008B0201EB420215F9011FA2F1300BA1F130
:100580003003DBB2092BF2D9012080E710225B4651
:10059000D7F800C00DEB0200DCF80010CDE90046F2
:1005A0000CF104043C60FFF7A7FE079BB2E75B4633
:1005B0000A22D7F800C004A8EEE74BF60C133968FE
:1005C000C0F200030C1D3C600C680BF10102002C12
:1005D00004BF00201C4600F0010604EB020A0CE0F8
:1005E000544514BF002306F00103002B91D104A849
:1005F000FFF762FE079B002B8CDB14F9011B00291F
:10060000EED186E70823102200263C680DEB02009D
:10061000216804343C60CDE90036FFF76DFE079B8E
:1006200078E700BFAFF3008040000000000000004A
:100630003B681A6804333B6082EAE273A3EBE2731F
:10064000092B03927BDD4CF6CD404FF0010ACCF62E
:10065000CC401946A0FB03C363290AF1010A4FEA03
:10066000D303F6DCDA4538BFDA4674BB07990024B9
:100670000B460029FFF653AF039B002B4CDB73079F
:1006800056D406F00303022B08BFBBF1000F5FD066
:100690005B460A22CDE90046039904A8FFF72CFE29
:1006A000079B37E73B6804A81A1D93F900103A60CE
:1006B000FFF702FE079B2DE722464946404603937B
:1006C000FFF7E6FD039B234443E7039A06F002038A
:1006D000002A17DB720715D4002B33D0BBF1000FB3
:1006E0000DD0F00709D50AE0202104A8FFF7E4FDAA
:1006F000079B013C002BFFF612AFA245F4D30799EC
:100700000B46B6E7013C13B1BBF1000FF7D0F2077F
:10071000F5D4002CF1D1A9E75B422D2104A8039365
:10072000FFF7CAFD079900290B46FFF6F8AEA8E7C8
:100730002B2104A8FFF7C0FDF4E75846A7E64FF0C9
:10074000010A8FE7F107D8D5079B002BA0DAE6E670
:10075000002C9DD009E0302104A8FFF7ADFD0799DA
:10076000013C00290B46FFF6DAAEA245F3D30B1E7F
:10077000FFF6D5AE8CE700BF0EB400B582B003AB78
:1007800053F8041B01AA0193FFF72EFE02B05DF897
:1007900004EB03B0704700BF2DE9F04F002489B08F
:1007A00007A8079402F12EFB4BF614124BF61C110E
:1007B0009DF81D009DF81E30C0F20002CDE900300A
:1007C000C0F200019DF81F302046FFF7D5FF4BF621
:1007D00044314BF64409C0F200012046FFF7CCFF3C
:1007E0004BF6A0514BF64005C0F2000999F80330D2
:1007F00099F80020019399F80230C0F200010093AB
:10080000204699F80130FFF7B7FF4BF6C451C0F20C
:100810000005EB784BF63C060193AB78C0F2000183
:1008200000936B782A782046FFF7A6FF4BF6E85135
:10083000C0F20006F378C0F200010193B3782046BD
:10084000009373783278FFF797FF4BF60C612046E0
:10085000C0F20001FFF790FF4BF648014BF638035A
:10086000C0F2000108683246406829460069C0F2BB
:1008700000030090484604F047F9002840F08480C7
:100880004BF62C610546C0F20001FFF775FF2846C4
:1008900009F038FA4EF200124BF6D4614BF6BC6CFC
:1008A0004EF205174EF204184EF6D04BC0F200027D
:1008B000C0F20001CDE90321C0F2000CC0F2000734
:1008C000C0F20008C0F2000BCDF814C000220125D0
:1008D000144697F800A03A7058460DF11B02E1B299
:1008E00001F09AFC50BB9DF81B2005FA04F301347B
:1008F00012B13A7813433B70032CEDD10646012424
:1009000039788AEA010388F8003004FA06F2D0B296
:100910001A4223EA00030BD03A7888F800301040DE
:1009200018BF0020324614BF05990499FFF724FF31
:100930000136032E0BD098F80030E6E74BF68861BD
:10094000034622460020C0F20001FFF715FF039E78
:100950003468ACB904F0E6FB90B14BF6EC610125CC
:1009600099F8032099F802302046CDE90032C0F210
:10097000000199F8013099F800203560FFF7FCFE7E
:10098000642009F067FBA1E74BF64C612046C0F2FA
:100990000001FFF7F1FE7DE702464BF6207110B52E
:1009A000C2F3074382B0140ECDE90034C0F2000157
:1009B000C2F307230020D2B2FFF7DEFE02B010BD63
:1009C00018232DE9F04F97B0089302E0642009F056
:1009D00041FB04F0A7FB0028F8D04BF62C71002057
:1009E000C0F20001FFF7C8FE06220121022005F037
:1009F00013FB431C054600F0048141F22703022447
:100A00001822284610A98DF84140ADF8423005F073
:100A100013FC021EC0F2E78000224FF0FF310424D5
:100A200009AB099128461146009405F017FE0A21EA
:100A3000284606F035F94BF6E87A4BF6AC714CF2E5
:100A4000080B4EF208180020C0F20001C0F2000AA4
:100A5000FFF792FECDE9055AC0F2000B6E4EC0F2D0
:100A60000008CDF81CB01823059C08AA20460AA946
:100A7000089305F03FFFB0F1FF3F81460DD14BF6E3
:100A8000D4710020C0F20001FFF776FE204605F089
:100A900067FD002009F036F9E5E706990020FFF729
:100AA0006BFE0C98FFF778FFBDF82A20079952BA21
:100AB00092B20020FFF760FE042000224FF0FF31C9
:100AC00009AB009009914846114605F0C7FD4CF26C
:100AD00010014CF22003C0F20001C0F20003CDE986
:100AE0000313002340F2DC524146484605F086FFDE
:100AF000041E11DC5ED14CF29C01C0F20001FFF734
:100B00003BFE484605F02CFD4CF2E4010020C0F20B
:100B10000001FFF731FEA6E703990020FFF72CFE46
:100B20000C98FFF739FFBDF82A2042F2107352BA31
:100B3000049992B200200094FFF71EFE4CF23C0193
:100B4000402C25464FF00000A8BF40254EF2081B60
:100B50004CF24807C0F20001FFF70EFEC0F2000B96
:100B6000C0F2000708EB050A1BF8012B3946B35603
:100B7000002013F0970F08BF2E22FFF7FDFDDA4586
:100B8000F2D1AC421FDC4CF250010020C0F2000157
:100B9000FFF7F2FD224600234146484605F0C6FF16
:100BA000021E18DB4CF274010020C0F20001FFF7B6
:100BB000E3FD96E74CF2C4012246C0F2000100209A
:100BC000FFF7DAFD9DE74CF24C010020C0F2000176
:100BD000FFF7D2FDD7E74CF254010020C0F200012C
:100BE000FFF7CAFD8DE74BF67C710020C0F20001D3
:100BF000FFF7C2FD284605F0B3FC002009F082F89B
:100C00000AE74BF65C710020C0F20001FFF7B4FD6B
:100C1000002009F077F8F0E6BCDF000002464BF652
:100C2000207110B5C2F3074382B0140ECDE9003431
:100C3000C0F20001C2F307230020D2B2FFF79CFDEF
:100C400002B010BD18232DE9F04F93B0049302E0D9
:100C5000642009F0FFF904F065FA0028F8D04CF29E
:100C6000FC010020C0F20001FFF786FD02211122E5
:100C7000084605F0D1F9B0F1FF3F814600F0D3807E
:100C800041F227030224182248460CA98DF831406E
:100C9000ADF8323005F0D0FA021EC0F2B680002264
:100CA0004FF0FF31042405AB0591484611460094EE
:100CB00005F0D4FC4CF284110020C0F20001FFF7D3
:100CC0005BFD4CF224234CF208224EF2E867C0F29E
:100CD0000003C0F20002594EC0F2000702930392D3
:100CE000182404AD01950DEB04050095002340F296
:100CF000DC5239464846049405F026FA051E58DDB4
:100D00004CF2AC110020C0F20001FFF735FD08984D
:100D1000FFF784FF4CF22001BDF81A2042F2107355
:100D200052BAC0F2000192B200200095FFF724FDF4
:100D30004CF23C01402DAA464FF00000A8BF4FF0F6
:100D4000400A4EF2E8644CF2480BC0F20001FFF793
:100D500013FDC0F2000407EB0A08C0F2000B14F800
:100D6000012B5946B356002013F0970F08BF2E22CF
:100D7000FFF702FDA045F2D155453EDC4CF2500193
:100D80000020C0F20001FFF7F7FC049C2A46019402
:100D900006AC002339464846009405F0A7FA021E27
:100DA0000CDA4CF2BC110020C0F20001FFF7E4FCA9
:100DB00096E719D10399FFF7DFFC91E74CF2DC11BC
:100DC0000020C0F20001FFF7D7FC0898FFF726FFCC
:100DD0004CF20801BDF81A20C0F2000152BA92B2DA
:100DE0000020FFF7C9FC7BE72A4602990020FFF7A5
:100DF000C3FC0A2009F02EF972E74CF24C010020E6
:100E0000C0F20001FFF7B8FCB8E74CF25411002023
:100E1000C0F20001FFF7B0FC484605F0A1FB00203E
:100E200008F070FF3BE74CF22C110020C0F20001EB
:100E3000FFF7A2FC002008F065FF21E7BCDF0000FF
:100E4000704700BFFFF7FCBF704700BF38B54FF2D7
:100E50007864C0F200044FF0FF31206808F07CFB9A
:100E6000012803D000212068FFF7EEFF4FF27C63DA
:100E7000C0F200031A7802B138BD01224FF280653A
:100E80001A70FFF7DFFFC0F200052B68013B2B60F3
:100E9000002BF1D0002320681A46194608F030FADA
:100EA0000128F2D000212068FFF7CEFF2B68013B1C
:100EB0002B60002BEED138BD4FF2806C4FF27C637B
:100EC0004FF2306210B50024C0F20003C0F2000CF3
:100ED00001214FF48070C0F200021C70CCF8004079
:100EE00008F0E4F94FF27863C0F20003186048B1EB
:100EF00000F036F800F074F800F0B2F808F082FF65
:100F0000002010BD0146FFF79FFFF1E730B44FF21C
:100F1000D0134FF2D0544FF48075C0F20004C0F2E9
:100F2000000304600B60156030BC704730B44EF6AF
:100F300070534FF270144FF48075C0F20004C0F289
:100F4000000304600B60156030BC704710B50446A8
:100F5000FFF77CFF2046BDE81040FFF71DBC00BF37
:100F600070B54FF2886545F6105401264FF2806C3B
:100F70004CF234534CF2442140F64D7084B0C0F230
:100F80000204C0F20005C0F2000C02950096019424
:100F9000DCF80040C0F2000334444FF48062CCF827
:100FA0000040C0F20001C0F2000008F031FE4FF234
:100FB0008463C0F20003186008B104B070BD01463C
:100FC00004B0BDE87040FFF73FBF00BF10B5044656
:100FD000FFF73CFF2046BDE81040FFF7F1BC00BF23
:100FE00070B54FF2EC6546F6105401264FF2806C56
:100FF0004CF2E4734CF2502140F6CD7084B0C0F254
:101000000204C0F20005C0F2000C029500960194A3
:10101000DCF80040C0F2000334444FF48062CCF8A6
:101020000040C0F20001C0F2000008F0F1FD4FF2F4
:10103000E863C0F20003186008B104B070BD014657
:1010400004B0BDE87040FFF7FFBE00BF10B5044616
:10105000FFF7FCFE2046BDE81040FFF7F3BD00BFE0
:1010600070B54FF2507547F6105401264FF2806C60
:101070004CF2E8734CF2602141F24D0084B0C0F2B2
:101080000204C0F20005C0F2000C02950096019423
:10109000DCF80040C0F2000334444FF48062CCF826
:1010A0000040C0F20001C0F2000008F0B1FD4FF2B4
:1010B0004C73C0F20003186008B104B070BD014663
:1010C00004B0BDE87040FFF7BFBE00BF00B583B0FD
:1010D00007F0B8FE0190019B03B05DF804FB00BF70
:1010E0002DE9F04F4FF0000A41F2D5240346C0EF3E
:1010F000100040F808A9C0F2000440F98F0711F071
:10110000010F43E905414FF006304FF0053143F838
:10111000482C0CBF1F223F2243E90D104FF0123B19
:101120004FF011394FF010384FF0093E4FF0083CA6
:101130004FF007374FF002364FF001354FF00331D3
:101140004FF00434A3F1500043F80C2C43E9079B03
:1011500043E909E843E90B7C43E90F1443E91156DD
:1011600040F98F07BDE8F08F72B6BFF34F8FBFF322
:101170006F8F14EE163F082B06D0082304EE163F9F
:10118000BFF34F8FBFF36F8F62B6BFF34F8FBFF3C5
:101190006F8F4BF6A803C0F200031A6801321A6081
:1011A0001B68012B00D070474FF2B073C0F20003F0
:1011B0001B68002BF7D000BE704700BF4BF6A8039A
:1011C000C0F200031A68AAB11A68013A1A601B68D3
:1011D00083B972B6BFF34F8FBFF36F8FFF2304EE57
:1011E000163FBFF34F8FBFF36F8F62B6BFF34F8FC2
:1011F000BFF36F8F704700BF08B572B6BFF34F8F54
:10120000BFF36F8F082304EE163FBFF34F8FBFF37A
:101210006F8F62B6BFF34F8FBFF36F8F08F038FF49
:1012200028B14FF2B4730122C0F200031A6072B603
:10123000BFF34F8FBFF36F8FFF2304EE163FBFF353
:101240004F8FBFF36F8F62B6BFF34F8FBFF36F8FB8
:1012500008BD00BF10B451EC2E0F4FF2BC74C0F2A9
:1012600000042468221841F1000343EC2E2F5DF89E
:10127000044BFFF7C1BF000080B972B6BFF34F8FB8
:10128000BFF36F8FFF2304EE163FBFF34F8FBFF303
:101290006F8F62B6BFF34F8FBFF36F8F704700BF82
:1012A00072B6BFF34F8FBFF36F8F14EE163F082B4C
:1012B00008BF012007D0082304EE163FBFF34F8F6D
:1012C000BFF36F8F002062B6BFF34F8FBFF36F8FF6
:1012D000704700BF08B54FF2B073C0F200031B683F
:1012E000013300D000BEFFF7DBFFFEE71CEE7B3FC3
:1012F000072B00D800BE1CEE7C3F5B0700D500BE6C
:10130000704700BF70B553EC0E2F0A2416461D46D9
:1013100053EC0E2F9D4208BF964206D1012108468C
:1013200001F17EFD013CF3D100BE002344F6D3540D
:1013300043F2F87141F255204FF2BC72C8F62043D7
:101340001B6AC1F26204A4FB0343C0F21001C0F2A5
:101350000000C0F200029B098867136051EC0E0F79
:1013600014680025221841F1000343EC2E2F0123BD
:101370000EEE323F2B464FF0804043F6C002C9F2DA
:101380001143D3F88010C0F210020143C3F880105B
:10139000D3F81C1421F47F01C3F81C14D3F81C14D7
:1013A00041F47001C3F81C149567C3F88002D3F8A8
:1013B00000210243C3F8002162B6BFF36F8F70BDF6
:1013C00001F132BA1F056DF91F0002F1FF5F2DE92F
:1013D0008C209FE5001092E504102DE584209FE508
:1013E000003092E5000053E3101AF11E200B2D1D72
:1013F000200B6D1D04102D1504302DE568009FE5B0
:10140000001090E500D081E560009FE530FF2FE1FE
:1014100054009FE5001090E500D091E544009FE561
:1014200004109DE4001080E5000051E304009D14C9
:10143000200BFD1C200BBD1C100AE11E20009FE5A7
:1014400004109DE4001080E5000051E3FF40A0037C
:101450001C409F1500409415164F04EEFF5FBDE839
:10146000000ABDF8A8B80000B8F70000F8DB0100DA
:10147000B5A00000B0D400001F0002F14FF07FF5CE
:101480006FF07FF54C009FE5001090E500D091E5EE
:1014900044009FE504109DE4001080E5000051E346
:1014A00004009D14200BFD1C200BBD1C100AE11E26
:1014B00028009FE504109DE4001080E5000051E342
:1014C000FF40A00318409F1500409415164F04EEEE
:1014D000FF5FBDE8000ABDF8F8DB0100B8F70000C7
:1014E000A8B80000B0D400004FF48063FF200822A9
:1014F00000B5C9F2004393F8201083B0C9B28DF84B
:10150000061083F8200093F82030DBB28DF8073006
:101510009DF80730D90707D49DF80730013A4FEA04
:1015200053038DF80730F3D19DF807301F2B00D0FF
:1015300000BE4FF480629DF80630C9F20042DBB273
:1015400082F82030EFF3008303F01F03102B19D033
:101550001CEE7C3F5A0700D500BE1CEE7C3F5B07AB
:1015600003D5002003B05DF804FB72B6BFF34F8FC4
:10157000BFF36F8FFFF7C6FEFFF77EEF002003B0CB
:101580005DF804FB00BE002003B05DF804FB00BF63
:1015900004E04EE204E02DE500E04FE104E02DE53B
:1015A000130002F11F102DE9100AF1EE200B2DEDB2
:1015B000200B6DED04002DE54C319FE5001093E507
:1015C000014081E2004083E51C0F1CEE0D20A0E1EC
:1015D000042002E202D04DE01F402DE92C119FE5CE
:1015E00031FF2FE11F40BDE802D08DE080000CF1FB
:1015F0004FF07FF56FF07FF53C0F0CEE001083E5A8
:10160000000051E30300001A04119FE5000091E57A
:10161000000050E30900001A04009DE4200BFDECDB
:10162000200BBDEC100AE1EE1F10BDE8120002F124
:1016300004E09DE40EF06FE104E09DE40EF0B0E103
:101640000000A0E3000081E504009DE4200BFDEC18
:10165000200BBDEC100AE1EE1F10BDE8120002F1F4
:1016600004E09DE40EF06FE104E09DE41F056DF9D8
:101670001F0002F1FF5F2DE998209FE5001092E521
:1016800004102DE590209FE5003092E5000053E323
:10169000101AF11E200B2D1D200B6D1D04102D1591
:1016A00004302DE574009FE5001090E500D081E541
:1016B0006C009FE530FF2FE160009FE5001090E592
:1016C00000D091E550009FE504109DE4001080E5F6
:1016D000000051E304009D14200BFD1C200BBD1CD9
:1016E000100AE11E2C009FE504109DE4001080E527
:1016F000000051E3FF40A00328409F1500409415CF
:10170000164F04EEFF5FBDE8000ABDF8B0F7000019
:10171000C1130000B4F70000A8B80000B8F700003B
:10172000F8DB0100B5A00000B0D4000008B54BF60E
:101730004803C0F200031B689A68186893699847C9
:10174000B0FA80F0400908BD70B516468A6A0D46A9
:101750003B2A9EBF3C238B621A464BF64803C0F2DD
:1017600000031B68496A9C68186863699847B0FA67
:1017700080F4012E4FEA541401D0204670BD284653
:1017800002F084FC204670BDF0B54BF64804C0F270
:10179000000423680546596883B04A78012A02D1BB
:1017A00000BE236859684FF2D4729E68C0F20002EE
:1017B0001868336815609847002818BF0E282368FA
:1017C0009A68186817D14FF2DC7493699847C0F291
:1017D00000042368064623B34FF2D875C0F2000513
:1017E0002B6863B14EB923683BB12868003818BF35
:1017F000012003B0F0BD536898470020F9E70427A3
:101800004CF2802141F645004FF48072019500971B
:10181000C0F20001C0F2000008F044FA002EECD142
:10182000E1E704254CF2702141F6AD004FF48072DF
:1018300001940095C0F20001C0F2000008F032FAF5
:10184000CAE700BF2DE9F04340F6A1754FF2D47707
:1018500000234BF6480641F28839A846C0F200073B
:101860003A6883B001928DF80030C0F200064FF460
:101870007A7008F0EFFB33689A68186893699847A4
:101880008542044604D028B93B68186A03F0B4F8CE
:101890002546ECE7484518BF4045E8D10021684699
:1018A00003F084F90128E2D12546E0E72DE9F04173
:1018B0004BF648084FF2D477002684B0C0F20008F7
:1018C000C0F2000717E0019B3868616AC4E90A307A
:1018D00004F0A2FAB5F57A6F18BF002D0CBF0125F0
:1018E000002500280CBF002505F00105206315BB6D
:1018F000204602F0CBFB00214FF0FF32084608F0F3
:10190000E5FD002140F2EA50019602F0E7FB0446B3
:101910000028F0D0D8F8003001AAD3E90115C96930
:101920001868AB680191616A984705460028CAD0DB
:1019300000230196C8E7606A03F066F901280346B0
:10194000D6D1002102A88DF80830039403F02EF9B7
:101950000128CDD1D5E700BF002100B5037983B0C0
:10196000032B019102D003B05DF804FB836813F0F0
:10197000C00FF8D04FF2DC73C0F2000318680028E3
:10198000F1D001AA08F0EEFD019B002BEBD04FF245
:10199000B4730122C0F200031A60E4E770B54FF29D
:1019A000C07605464CF29422C0F200060C462B4647
:1019B00011213046C0F2000209F02EF941F289707F
:1019C00041F2497141F22D730022C0F20001C0F2D0
:1019D0000003C0F20000C4E90150266020466261A5
:1019E000A261E26122626262E160236104F020F997
:1019F000204670BD38B5054609F0D0F8044609F018
:101A0000CDF80346A4B244EA034401202C6038BD5B
:101A1000002300B583B0019301A8FFF7EBFF019805
:101A20000028F9D003B05DF804FB00BF10B578B111
:101A300071B1844644F64500DCF80040C4F25450CD
:101A4000844209D10020CCE90B32CCF8281010BD1B
:101A500001F1D6F9012010BD01F1D2F9072010BD26
:101A600070B580B344F645030268C4F254539A42F9
:101A7000044624D10D46416800F12403496B00F16E
:101A80002002C96851F82500816800688E6904F158
:101A90001801B04738B9A269531E052B03D86368F3
:101AA000197819B170BD40F6A17070BD5B6B294605
:101AB000BDE870401B69D2B2186801F045BA01F167
:101AC0009FF9072070BD01F19BF9012070BD00BF97
:101AD0002DE9F047002866D044F645030446006827
:101AE000C4F2545398425AD18E46002968D0606897
:101AF0001546C3699A425AD8637F002B5BD0276989
:101B0000D7F8C0309B0741D4D0F83480E368D8F8C8
:101B100004C04FEA031A0CEB0316D6F80C90B9F187
:101B2000000F2BDB90F80190B9F1000F2BD18069E9
:101B300050F823304CF80A305CF80A0009F0DAF863
:101B4000E36860684FF03042C5F30D0545F000458D
:101B5000B560F260027D0133934228BF0023E36049
:101B6000D8F8043003EB0213BFF35F8F002407F5AE
:101B700080572046C7F82031BDE8F08740F6A374AF
:101B80002046BDE8F0874CF80A10DBE701F138F990
:101B900040F6A27401F134F92046BDE8F08701F166
:101BA0002FF90724F6E701F12BF90124F2E701F1FF
:101BB00027F90324EEE701F123F940F6A174E9E7E0
:101BC00001F11EF90224E5E72DE9F041002862D079
:101BD00044F645030268C4F254539A42044655D170
:101BE0004368B3F92030002B46DB01215A099200EB
:101BF00003F01F0302F1144201FA03F3C2F8843127
:101C0000BFF34F8FBFF36F8F43F6C00300206168AF
:101C1000C0F21003B1F92020203243F82200D1F89D
:101C200034802769D8F80C60351F0C3655F8043F0E
:101C30001BB19A68186853689847B542F6D1636833
:101C40001B782BB9D8F810309A68186853689847F1
:101C50000023184607F58052C2F834313A6863F31E
:101C600000023A603A6863F341023A60C4E9003323
:101C7000A382A383BDE8F08101220021203302FA70
:101C800003F3C9F21141C1F88031B9E701F1B8F8A5
:101C90000720BDE8F08101F1B3F80120EAE700BFB9
:101CA0002DE9F04100283FD044F645030268C4F214
:101CB00054539A4233D1437D002B39D00369D3F872
:101CC000C020920725D4D0E90142616B94F815C079
:101CD0000968160101EB021EDEF80C50002D0FDB27
:101CE000257DD4F81880AC18013262454FF0414789
:101CF00028BF002258F824408C51CEF80C70826026
:101D0000002001EB0C1103F58053C3F82811BDE846
:101D1000F08101F175F840F6A270BDE8F08101F1A3
:101D20006FF80720BDE8F08101F16AF80120EEE7C5
:101D300001F166F840F6A170E9E700BF2DE9F04136
:101D40000446002853D044F6450316460268C4F200
:101D500054539A423ED10D4600294CD0002E4AD011
:101D6000437F002B4BD00369D3F8C0309B072BD4A3
:101D700043685F6BA1683B6803EB0113DA68002AD4
:101D800042DBD86800F0405CBCF1405F16D1D868F7
:101D900010F4804012D1DB686268C3F30E08137D33
:101DA000B8F13B0F0B44916951F8231006D95378D1
:101DB000ABB12960C6F80080BDE8F0812046FFF78E
:101DC0006FFF0028D6D0F7E701F11AF840F6A270AD
:101DD000BDE8F08101F114F80720BDE8F081284644
:101DE000424608F087FF2046FFF75AFFE2E701F17D
:101DF00007F86368FFDE01F103F80220DCE700F179
:101E0000FFFF40F6A170D7E74FF47A60D4E700BF38
:101E100070B5002837D044F6450203460068C4F286
:101E20005452904227D191B35C686278012A26D13E
:101E3000606B9A6800684FEA021E00EB021CDCF837
:101E40000C50002DB8BF40F6A67013DB4FF0414692
:101E50001D6940F80E10CCF80C60617D01328A4299
:101E600028BF002200EB0111002005F5805C9A607C
:101E7000CCF8281170BD00F1C3FF072070BD00F140
:101E8000BFFF052070BD00F1BBFF012070BD00F158
:101E9000B7FF022070BD00BF10B550B344F6450334
:101EA0000268C4F254539A421FD131B3036903F557
:101EB0008053D3F84431B3B14068426B52689B1AE7
:101EC0000F2B94BF037D1B09013B02EB0312D46867
:101ED000002C08DBD268920005D58269002052F8F8
:101EE00023300B6010BD222010BD00F189FF0720B8
:101EF00010BD00F185FF012010BD00F181FF02201F
:101F000010BD00BF2DE9F043C46A87B0064689467C
:101F100090461F4601AD14B3A646AC46BEE80F007E
:101F2000ACE80F00DEF80030CCF8003073682046D3
:101F30001B7884F804902360336BC4F80880C4E9EC
:101F40000373B36A9847F46A34B1AC46BCE80F0037
:101F50000FC4DCF80030236007B0BDE8F0832C46E6
:101F6000E4E700BF2DE9F84F0546036992461A6879
:101F700022F001021A601A6822F002021A60D3F8F5
:101F8000002322F47F02C3F800238888D3F80023BB
:101F900060F30F02C3F800236F680A687E6BC3F812
:101FA00004237269DAB1D3F8081341F00041C3F891
:101FB0000813D3F8081321F47F01C3F80813D3F8EA
:101FC000081321F07C51C3F808139088D3F8081344
:101FD00060F30F01C3F808131268C3F80C23B26949
:101FE000DAB1D3F8101341F00041C3F81013D3F85D
:101FF000101321F47F01C3F81013D3F8101321F04C
:102000007C51C3F810139088D3F8101360F30F01BC
:10201000C3F810131268C3F814233A7D00217068C6
:10202000120108F059FE7C7DB4B1336800214FF0F5
:102030004146387DBA6903EB041402EB8002103389
:1020400052F8040BA34243F8100C43F80C1C43F85D
:10205000081C43F8046CF2D1C0EF1000696805F168
:1020600008042B694F6B44F98F074FF0010B4FF0B9
:10207000020C4FF6FE7E9868CC7803F5805264F32C
:1020800000009860087DD7F80480441EC4F309045A
:1020900008EB0010C2F82C41C2F81481C2F82001EC
:1020A000D2F804010F2540EA0B00C2F80401D3F86E
:1020B000000DC0F2010E40EA0C00C3F8000DD3F889
:1020C000000D6FF070466CF38300C3F8000D487D7F
:1020D0003C68C969471E0EEA4101C7F3090704EBD2
:1020E0000010C2F83071C2F81C41C2F82801C2F8D1
:1020F0000811D2F808114FF0000941EA0B01C2F8AB
:102100000811D3F8A010DA456CF30101C3F8A01050
:10211000D3F8A41021F4E021C3F8A410D3F8A4103C
:1021200041F48011C3F8A410D3F83C1D41F008011C
:10213000C3F83C1DD3F83C1D6BF30201C3F83C1DF2
:10214000D3F8301D65F31851C3F8301DD3F8301D96
:1021500041F01001C3F8301DD3F8301D41F00801E3
:10216000C3F8301DD3F8301D41F02001C3F8301DF5
:10217000D3F8301C21F00701C3F8301CD3F8301C11
:1021800041F01001C3F8301C6FF0C021C3F8349C3B
:10219000C3F80C67C3F81067C3F800184FF00301C9
:1021A000C3F8A418C3F8C4580BD04FF6C560D3F8D1
:1021B000B41069F30411C3F8B410C2F83401BDE8D7
:1021C000F88FD3F8B42042F01002C3F8B420BDE871
:1021D000F88F00BF10B5D8B144F645030268C4F2C9
:1021E00054539A4204460FD1012243680277196979
:1021F000FFF7B8FE032223690020C3F8C0201A6845
:1022000042F001021A6010BD00F1FAFD072010BD76
:1022100000F1F6FD012010BD10B580B344F6450372
:102220000468C4F254539C4221D162B3032922D8DA
:1022300043685B6BDB6803EB0113E3B14DF2C8430A
:10224000C0F200035B5C90F815C003EA0C0133EAAE
:102250000C031CBF0023137001D0002010BD437F6E
:10226000002099430CBF022301231370F6E700F10D
:10227000C7FD072010BD00F1C3FD032010BD00F114
:10228000BFFD012010BD00F1BBFD022010BD00BF4D
:1022900038B543685B6B1C69254654B1D4E901131A
:1022A00020681B689847054618B1A36820685B68DA
:1022B0009847284638BD00BF43682DE9F0415B6B65
:1022C000DF68A7F1040846460C3756F8044F54B1AE
:1022D000D4E9011320681B689847054648B9A368EC
:1022E00020685B699847BE42EFD100252846BDE8CB
:1022F000F08158F8043F1BB19A68186853689847F2
:10230000B845F6D12846BDE8F08100BF4DF2145320
:10231000F0B505468BB0C0F2000303F10C0E03F1DB
:1023200018040E4693E8070001AF0DF1100C0AAB3C
:1023300087E807009EE807008CE8070094E807009C
:1023400003E90700002D00F04981002E00F03481E0
:102350003369002B00F030813378022B00F2428188
:10236000B6F92020002AC0F24181776B002F00F0DF
:102370002381B269002A00F01F813868002800F02C
:102380001B817A68002A00F0178144F6450229680B
:10239000C4F25452914200F02D8100240AAA02EBAB
:1023A000830353F8243C6E602B61AC82AC83AC6039
:1023B000727D2146120108F08FFC6B68EC601A7D7B
:1023C00021461201786808F087FC6B685A7D197DF8
:1023D000CA420DD09869DA69002150F8240008F04B
:1023E0007BFC6B6801341A7D597D0A44A242F1D806
:1023F0000024B26A336B0120AA622B63EC6200F105
:10240000C9FD14EE160F04EE164F22463378C8F2BB
:102410002802D2F810136FF00102002B40F0A980BF
:1024200011400022C8F22802012BC2F81013D2F882
:10243000102304BF07234FF0124240F0A080013B5D
:1024400013F0FF031168FAD104EE160F33780AAACD
:1024500002EB830353F8180C00F1F6FD33780AAA57
:1024600002EB830353F80C0C00F1EEFD012000F1A8
:1024700019FD3378002B00F090802846FFF71CFFF1
:1024800041F288339842044600F0918000286DD1D3
:102490002B6903F580531A6842F001021A601A682A
:1024A000D207FCD403215A6842F001025A605A68EC
:1024B00042F480525A605A6842F002025A605A68E6
:1024C00042F004025A605A6842F008025A605A68A0
:1024D00061F313425A605A6861F31B62FF215A602C
:1024E0001A6822F440321A606A68B2F92030566ADB
:1024F00003F00302D200D71C002B01FA02F26FEAAC
:10250000020203F1200006FA07F677DB012743F603
:10251000C00C5909890001F1144103F01F0E07FA9C
:102520000EF7D1F884E023F003034EEA070EC1F85A
:1025300084E003F11443D3F820E4C0F2100C02EA63
:102540000E02C3F82024D3F820243243C3F82024F9
:102550004CF82050C1F88472D1F804313B43C1F8E3
:10256000043144F64503C4F254532B6020460BB0AB
:10257000F0BD012203F10F04A240D24350E7022B29
:1025800022D0002B64D100220723C8F21002013BA5
:1025900013F0FF031168FAD156E72846FFF778FEDB
:1025A000044600283FF469AF20460BB0F0BD40F66A
:1025B000A57420460BB0F0BD00F122FC022400F10E
:1025C0001FFC20460BB0F0BD00220723C9F20122F8
:1025D000013B13F0FF031168FAD135E700F110FC5D
:1025E0000124ECE700F10CFC0424E8E700F108FC0E
:1025F0000324E4E700F104FC0E24E0E700210127B6
:1026000043F6C00CC9F21141D1F880E0874020F0B8
:1026100003034EEA070E03F11443C1F880E003F50B
:102620008813D3F800E4C0F2100C02EA0E02C3F8DB
:102630000024D3F800243243C3F800244CF820507F
:10264000C1F88072D1F800313B43C1F8003188E70E
:102650004CF29C234DF2B4424CF2A42040F2DE71C5
:10266000C0F20003C0F20002C0F2000000F1C6FB9D
:102670002DE9F0472DED028B82B0002800F0358166
:1026800044F645030268C4F254539A42044640F0AB
:10269000A980037FD0F80490022B00F0AB804DF2AC
:1026A000C8480025D9F8343094F81DA0DE68C0F27F
:1026B0000008043E56F8043FC3B1636818F805707B
:1026C0005B6B1A7A012A21D1217D637D0F4207EAD3
:1026D000030241D052BB3B43637529462046FFF7B6
:1026E000BFF9637F60B323EA070363770135042DE5
:1026F000E0D1BAF1000F42D1637F002B40F0988007
:10270000002002B0BDEC028BBDE8F087DB6853F817
:102710002530002B62D09A681868D369984741F237
:10272000883398425AD0637D1F42D4D0637F1F42C2
:10273000DCD129462046FFF793F90028D6D1637FE4
:102740003B436377A36A002BD0D002463B4601216E
:102750002046FFF7D7FBC9E7002AC7D0FA4313404A
:102760006375637FD2B21A40A36A6277002BBDD033
:102770003B46002202212046FFF7C4FBB6E7637DFB
:10278000002BBDD1236903F580531A6842F0010282
:102790001A601A68D207FCD403215A6842F0010279
:1027A0005A605A6842F480525A605A6842F00202F3
:1027B0005A605A6842F004025A605A6842F00802AD
:1027C0005A605A6861F313425A605A6861F31B6297
:1027D0005A601A6822F440321A6091E7637D1F4202
:1027E00084D0BBE700F10CFB072002B0BDEC028BEC
:1027F000BDE8F0870023856A037725B11A4619469C
:10280000FFF780FBA56A04F12C06204626F98F8786
:10281000677DFFF7D9F900286BD149462046FFF7BD
:1028200075FD002865D16775A56206F98F8736E7C3
:1028300052462046D9F81010FFF794FB65682369CB
:102840002A78002A5AD11A686AF3CF321A601A68B5
:1028500042F480421A601A6842F400521A602A79DF
:10286000012A00F087800021D3F8302D22F4703245
:10287000C3F8302DD3F8302D22F47062C3F8302D18
:10288000D3F8302D22F08002C3F8302D1A6F22F0D9
:1028900002021A67C3F890101A6842F400121A6014
:1028A0001A6842F480121A601A6842F002021A6032
:1028B0001A6842F001021A60227F012A7FF420AFD9
:1028C00044F645032168C4F25453994240F09E8077
:1028D00020462969FFF746FB03222369C3F8C0207D
:1028E0001A6842F001021A600AE700F189FA012031
:1028F00007E7019000F184FA019802E7A269013A22
:10290000052A00F28680DFE802F01C14072D290357
:102910001A6822F4004299E71A6842F400421A60E9
:102920001A6842F480421A601A6822F400521A604F
:1029300099E71A6842F400421A601A6822F4804249
:1029400088E71A6842F400421A601A6822F480424A
:102950001A601A6822F400521A6084E71A6822F496
:102960000042DCE71A6842F400421A601A6842F436
:1029700080426FE74DF2CC47D4E90821960001F080
:10298000030106F00C06C0F2000700220E4307F117
:10299000010C02E0082A3FF47FAF17F822101CF860
:1029A00022003140814207EB820E02F10102F1D197
:1029B0009EF802009EF8036001281DD10221D3F881
:1029C000302D61F39132C3F8302DD3F8302D60F300
:1029D0000B22C3F8302DD3F8302D42F08002C3F81B
:1029E000302D1A6FCFF6FF721A671A6F61F3061255
:1029F0001A671A6F0A431A67012E7FF44DAFD3F896
:102A0000902042F00102C3F8902045E700F1F8F968
:102A100076E61A6822F400421A601A6842F480428C
:102A20001A601A6842F400521A601CE7C3680BB1BE
:102A300082681A75704700BF43F67C0143F6800236
:102A400043F6C00370B5C0F210010978C0F210025D
:102A5000013932F91120C0F21003203253F822500C
:102A600082B02B6903F580539C68E0070FD4E10323
:102A700009D52B69D3F82C2DC3F82C2DD3F82C3D78
:102A80000093009B0093A20313D402B070BDD3F84F
:102A90006021C3F86021D3F8603101930199AB6ADA
:102AA0000191002BE3D0002303212846FFF72AFAE7
:102AB000DDE72C69D4F8B030DB06E6D5AB6AD4F894
:102AC000C0602BB10023324604212846FFF71AFAD2
:102AD00006F02106012E15BF022303232B77C4F82D
:102AE000C03002B070BD00BFF8B5002800F077819B
:102AF0000E46002900F06B810B78002B40F06B81B3
:102B0000B1F90230002BC0F26E8144F65413026812
:102B1000C5F257339A42074600F069810B691B7969
:102B2000012B07D18B68002B00F05181CB68002B63
:102B300000F04D8100244FF480622346C8F2110258
:102B4000C8F21103C8F212040120C7E903327E6003
:102B5000BC6000F11FFA14EE161F002304EE163FAE
:102B6000C8F22803D3F8102322F00202C3F810237E
:102B7000D3F810333378002B40F03D8107256B1ECE
:102B800013F0FF052268FAD104EE161F0220C0F2EE
:102B9000040000F159FA012000F184F942F20841E1
:102BA0004FF4805340F60B02D4F81408C8F2120315
:102BB00061F30D00C4F81408D4F8140CC0F200122C
:102BC00061F30D00C4F8140C586961F30D005861ED
:102BD000D3F8140461F30D00C3F81404C4F80828F2
:102BE000C4F8082C9A60C3F80824A36843F470233F
:102BF000A360A36843F00F03A360C4F80054D4F8A3
:102C0000003443F00803C4F80034D4F8003443F02F
:102C10000403C4F80034D4F8003443F00203C4F8C9
:102C20000034D4F8003443F00103C4F80034E368FE
:102C300043F00F03E360636943F00F036361A3692B
:102C400043F00F03A361D4F8403243F00103C4F80A
:102C50004032D4F8443243F00103C4F84432D4F88B
:102C6000483243F00103C4F84832D4F84C3243F000
:102C70000103C4F84C3233691A78012A5DD0D4F8C4
:102C8000803465F30003C4F88034FF217A68B2F918
:102C90000230107903F00302D200D51C002B01FA98
:102CA00002F26FEA020203F1200400FA05F064DB8D
:102CB000012143F6C00C5D09AD0005F1144503F098
:102CC0001F0E01FA0EF1D5F884E023F003034EEA5B
:102CD000010EC5F884E003F11443D3F820E4C0F2F8
:102CE000100C02EA0E02C3F82024D3F82024024379
:102CF000C3F820244CF82470C5F88412D5F80431A8
:102D00000B43C5F8043133691B79012B0ED1002325
:102D1000C8F21203D3F8002642F4E062C3F800269A
:102D2000D3F8002642F00102C3F8002644F65413FB
:102D3000C5F2573300203B60F8BD5A88D4F8803480
:102D400062F31F43C4F88034D4F8803465F345132C
:102D5000C4F88034D4F8803465F30413C4F88034A4
:102D6000D4F8803443F00203C4F88034D4F88034BB
:102D700043F00103C4F8803487E70021012543F6BE
:102D8000C00CC9F21141D1F880E0A54024F0030342
:102D90004EEA050E03F11443C1F880E003F58813F1
:102DA000D3F800E4C0F2100C02EA0E02C3F80024CB
:102DB000D3F800241043C3F800044CF82470C1F881
:102DC0008052D1F800312B43C1F800319BE700F16C
:102DD00017F80220F8BD00F113F80420F8BD00F147
:102DE0000FF80120F8BD00F10BF80320F8BD00F149
:102DF00007F80E20F8BD4CF29C234DF238524CF2ED
:102E0000A42040F2DE71C0F20003C0F20002C0F262
:102E10000000FFF0F3FF00BF10B5002800F0908025
:102E200044F654130168C5F257339942024640F004
:102E3000838042F208409368D3F8004603F580513E
:102E400024F4E064C3F80046D3F8004624F00104FB
:102E5000C3F80046D3F8404224F00104C3F84042CE
:102E6000D3F8444224F00104C3F84442D3F8484262
:102E700024F00104C3F84842D3F84C4224F0010482
:102E8000C3F84C42D3F8144860F30D04C3F8144857
:102E9000D3F8144C60F30D04C3F8144C4C6960F380
:102EA0000D044C61D1F8144460F30D044FF400603C
:102EB000C1F814449C68C0F2001024F470249C6093
:102EC0009C6824F00F049C605468B4F902C0C3F8F5
:102ED0000808BCF1000FC3F8080C8860C1F80804AA
:102EE0001FDB01214FEA5C139B000CF01F0C03F168
:102EF000144301FA0CF1C3F88411BFF34F8FBFF3F1
:102F00006F8F43F6C00100235068C0F21001B0F982
:102F100002C018460CF1200C41F82C30C2E90033F5
:102F200010BD012300210CF1200C03FA0CF3C9F2AF
:102F30001141C1F88031E0E7FFF062FF072010BDCA
:102F4000FFF05EFF012010BD10B5002840D044F610
:102F500054130468C5F257339C4232D10129836867
:102F600033D0022913D0032081B903F608010B687E
:102F7000013A23F0007323F48163052A2CD8DFE89B
:102F800002F0120E0A031C1800200B6010BD03F59E
:102F900080510831EBE7002043F48063F5E700201F
:102FA00043F00073F1E743F00073002043F48063C3
:102FB000EBE7002043F00803E7E7002043F48163D8
:102FC000E3E7FFF01DFF072010BD03F60841CEE741
:102FD000FFF016FF012010BD0320D6E743F67C0169
:102FE00043F6800243F6C0032DE9F04FC0F2100112
:102FF0000978C0F21002013932F91120C0F2100331
:10300000203253F822808FB0D8F808300026D3F849
:1030100004B6C3F804B6D3F804261BF4E06F059297
:10302000059A059206D0D8F804201169097901297A
:1030300000F091811BF0200F40F0E3801BF0006F47
:1030400040F09280BBF1000FC0F2BF801BF0804FB8
:1030500063D11BF0005F02D10FB0BDE8F08FD8F84C
:103060000850D5F8083513F4702FC5F80835C3F3A8
:103070000342F1D04FF2E0734CF6FF184FF0000B13
:103080004FF44A4AC3F69A38C0F2000358460193F7
:10309000CB46C3F69A3AC146B04600E00130012360
:1030A00083401A42FAD04FF4585CCCF2654C674624
:1030B00022EA030200F0030602920090019B002125
:1030C0001B680EE0D5F8C845C2F38018002CC2F387
:1030D000062BB8BF544402DB4C45C8BFE41901219C
:1030E0008BB9C5F8C465D5F8C425D006EAD4029AD0
:1030F000009819B1CDE90C4B8DF82880002ACDD16C
:103100000FB0BDE8F08F1020CDE90C4B9DF80010FA
:103110008DF828800AAA9847D0E74FF2E475D8F8CE
:103120000830C0F2000503F54053D3F8C07E2A688A
:10313000C3F8C07E002A8CD0F90709D5D3F89C3E8D
:103140004FF48070C3F30B43ADF828300AA99047C1
:10315000BF047FF57EAF002240F201102B680AA960
:10316000ADF82820984774E74FF2EC73C0F20003E3
:103170001D68002D3FF466AF0020D8F8083003F535
:10318000095304331A4652F8E81B03F1B007C9B2D9
:10319000A3F15C0C002940F0088153F85C1C03F596
:1031A0008063C9B2002940F0F6803968C9B20029AD
:1031B00040F0F7801168CF0640F0E8800130032826
:1031C000E0D1BBF1000FBFF641AFD8F8083003F5EE
:1031D0004053D3F8842FC3F8842F4FF2E873C0F222
:1031E00000031B68002B3FF431AFC2F30B01C2F3A5
:1031F0000342ADF828100020ADF82A200AA998470C
:1032000024E7D8F8083003F5405ADAF8103C002BD0
:103210003FF414AF44F6541200234FF2F077C5F296
:103220005732CDE900B40296CDF80C901E46D14637
:103230009346C0F20007D9F8105C00244FF0010A51
:10324000C9F8105C0EE0202B42D038D8012B54D0A6
:10325000102B04D13B6813B100210420984701349E
:10326000102C23D00AFA04F32B40F8D0802B4BD03B
:10327000E9D9B3F5804F39D0B3F5004F2FD0B3F56E
:10328000807FECD1D8F800305B454ED1D8F80830BB
:10329000D3F8403C5B074CD43B6813B101210020BC
:1032A00098470134102C4FF00006DBD1D9F8103CC0
:1032B000002BC0D1DDE900B4DDE90269BEE6402B98
:1032C000CDD13B68002BCAD0002105209847C6E726
:1032D0003B68002BC3D0012104209847BFE73B681F
:1032E000002BBCD0012108469847B8E73B68002B6B
:1032F000B5D0002101209847B1E73B68002BAED044
:10330000032106209847AAE7D8F800305B4517D17B
:10331000D8F80830D3F840385A0715D43B68002B4A
:10332000BFD0002108469847BBE7FFF069FD002E9B
:10333000B2D03B6813B101210220984701268EE7E5
:10334000FFF05EFD002EE9D03B68002BF6D0002197
:1033500002209847F2E7117803F580550691D3F8DB
:103360004018D3F8400C2B6CC0F3800003F004032A
:10337000C1F3800143EA40030B430893D2E90231D1
:103380008DF81C60099106A8984753E6032113683D
:103390001360A84756E6DCF800300121CCF8003075
:1033A000F7E73B6802213B60F3E71A6800211A60E7
:1033B000EFE700BF08B580B144F653020168C4F2DC
:1033C00054529142034602BF002210461A6000D1B7
:1033D00008BDFFF015FD072008BDFFF011FD01201D
:1033E00008BD00BF2DE9F041002800F0D180002980
:1033F00000F0CE8041600D780446032D00F2CD80B0
:10340000CB78022B00F0848044F653032268C4F288
:1034100054539A4200F0C5804FF2F4730026C0F274
:1034200000031F78C8F21106A660002F78D0002391
:103430000120A5274FF6FE764FF48072C8F21103E3
:103440001F6018601E6018609868C8F2110220F0B2
:1034500007009860D3F8080302EB850220F007000C
:10346000C3F80803D3F8040320F00700C3F80403EB
:103470001368887823F48F7323F0010300283BD16D
:10348000087944F65306012808BF43F4807313609B
:10349000002391F801C001226FEA0C011F46C8F217
:1034A00011035869AA4000F0070001F0010120EA69
:1034B0000200A940014338460CFA05FC5D69C4F2DC
:1034C000545661F302055D615969C1F3021121EAA5
:1034D00002014CEA010C59696CF306115961D3F8E9
:1034E00014110A43D3F8141162F30301C3F8141141
:1034F0001F602660BDE8F08101283FD0032818BF77
:103500001368BDD1C878002852D143F00803B7E74B
:103510008B78032B3FF478AFFFF072FC0320E9E7D0
:103520004FF00108404683F80080FFF033FD14EEB1
:10353000161F04EE167F0023C8F22803D3F81023C9
:1035400022F00802C3F81023D3F81033336833682D
:103550003368336833683368336804EE161F052018
:10356000C0F20400FFF070FD0620C0F20400FFF07E
:103570006BFD4046FFF096FC616858E7C878A0B143
:1035800043F005034879012808BF43F0100377E7AB
:10359000FFF036FC0120BDE8F081FFF031FC042093
:1035A000A8E7FFF02DFC0E20A4E743F00403E9E7B1
:1035B00001280CBF43F0090343F00A0360E700BF92
:1035C00038B500284ED044F653030468C4F254536F
:1035D0009C4243D14368022993F802C02AD0A52512
:1035E0001C78836801201D604FF6FE7584421860C8
:1035F00008BF03F582741D60186007D0032C08BF54
:1036000003F5867402D0E4B103F58474002918BF71
:10361000BCF1000F206820F4817020F0010013D16C
:10362000012A4FF0000208BF40F48070206010466D
:103630001A6038BDBCF1030FD1D0FFF0E1FB0320CD
:1036400038BD03F58074E1E7012908BF40F00100AF
:10365000E6D0022908BF40F00200E1E7FFF0D0FB0E
:10366000072038BDFFF0CCFB012038BD0620704795
:1036700038B5E0B144F659030268C5F250239A42C6
:10368000044610D1054655F8043F5B69DB689A682B
:10369000186853689847C0EF1000002345F98F075A
:1036A0001846236038BDFFF0ABFB072038BDFFF0A4
:1036B000A7FB012038BD00BF10B5002800F0B08086
:1036C0001F290CD8B2F5803F09D2446863695B7842
:1036D000042B30D8DFE803F0073151070700FFF073
:1036E0008FFB032010BD637880685B0503F078735F
:1036F000D0F8044243EA014392B243F4806343F0BA
:10370000050362F30F04C0F80442C0F80032D0F899
:103710000032D9070FD54FF44A42C3F69A32D0F897
:103720000032013A03F0010383F0010308BF43F0C4
:103730000103002BF3D0002010BD637880685B018B
:1037400003F478730B43C0F80437C0F80827D0F8A7
:103750000037DA07EFD54FF44A42C3F69A32D0F871
:103760000037013A6FEA030303F0010308BF43F097
:103770000103002BF3D00020DEE78068B0F810359D
:103780001B0444BF4FF44A43C3F69A3302D406E005
:10379000013BD0D0B0F810C51CF4004FF8D190F820
:1037A000173543F0010380F8173590F81635DB071D
:1037B00044BF4FF44A43C3F69A3302D406E0013BB8
:1037C000B9D090F816C51CF0010FF8D140F20123D2
:1037D0006478C9B292B280F8124580F81315A0F847
:1037E0001425A0F81035B0F81035190444BF4FF473
:1037F0004A43C3F69A3302D405E0013B9BD0B0F8AC
:1038000010251204F9D4B0F810355B0458BFB0F895
:10381000103590F8173523F0010380F817358AE743
:10382000FFF0EEFA012010BD10B5002800F0B180C5
:10383000002A00F0B2801F2900F2A7804468636963
:103840005B78042B04D8DFE803F0082A4B08080053
:103850004FF6FF731360002010BD637880685B052E
:1038600003F0787343EA014343F4816343F00503B3
:10387000C0F80032D0F80032DC0744BF4FF44A43AE
:10388000C3F69A3302D405E0013BE1D0D0F8001230
:10389000C907F9D4D0F804329BB21360DBE7637830
:1038A00080685B0103F478730B4343F40043C0F872
:1038B0000437D0F80017CC0744BF4FF44A43C3F68F
:1038C0009A3302D405E0013BC2D0D0F80017CC07F0
:1038D000F9D48B07BCD4D0F808379BB21360BAE791
:1038E0008068B0F810351B0444BF4FF44A43C3F658
:1038F0009A3302D406E0013BAAD0B0F810C51CF4FC
:10390000004FF8D190F8173543F0010380F81735D0
:1039100090F81635DB0744BF4FF44A43C3F69A3399
:1039200002D406E0013B93D090F816C51CF0010FBD
:10393000F8D140F201136478C9B280F8124580F8DA
:103940001315A0F81035B0F810351C0444BF4FF41F
:103950004A43C3F69A3303D406E0013B3FF478AF01
:10396000B0F810150904F8D4B0F810355B0458BF4E
:10397000B0F81035B0F8141590F8173589B223F067
:103980000103116080F8173565E7FFF039FA03206D
:1039900010BDFFF035FA012010BDFFF031FA022012
:1039A00010BD00BF10B582B018B344F659030268C9
:1039B000C5F250239A42044616D1012101AAFFF70D
:1039C00033FF012101AA2046FFF72EFF4FF6FF72B9
:1039D000019B41F2883099B2914203D013F0040F59
:1039E00018BF002002B010BDFFF00AFA072002B095
:1039F00010BDFFF005FA0120F4E700BF10B582B05A
:103A000020B344F659030268C5F250239A42044693
:103A100017D143685B691B79012B0DD14FF490528C
:103A20000021FFF749FE042120460DEB0102FFF7BC
:103A3000FBFE002002B010BDFFF0E2F9052002B04D
:103A400010BDFFF0DDF9072002B010BDFFF0D8F97E
:103A50000120EFE72DE9F04383B000286BD00D463D
:103A600000296CD04F69002F69D044F659030268D1
:103A7000C5F250239A42044600F0E0800B78032BF5
:103A800061D87B78042B4DD8BB78042B4AD8FB78BF
:103A9000012B47D80022D7F80C807B69C0E90113BD
:103AA000D8E90001D8F808301B68E260984706465C
:103AB000002833D1D8F80830D8F800009E68BB78C9
:103AC000042B9EBF4DF26052C0F20002D15CFA7826
:103AD00088BFFF2112B1012A18BFFF22B047064656
:103AE000E0B93B78002B39D063681D7B012D00F0D5
:103AF0000A81596938798A78012828D0022A00F089
:103B00000081032A08BF4FF4005206D1CB78002B66
:103B100000F08880012B00F083800326304603B03C
:103B2000BDE8F083FFF06CF90326FFF069F9304639
:103B300003B0BDE8F083FFF063F90126F5E7FFF07D
:103B40005FF90226F1E7FFF05BF90426EDE7042AAE
:103B5000E3D8DFE802F077A69F978E004FF2F87166
:103B6000C0F200010B46D5F8148001F1080CB8F83A
:103B7000060033F8022B824200F09E809C45F8D16B
:103B80002B7821F813000220FFF004FAB8F8063071
:103B9000B3F5506F4FEA132180F0368100220120E7
:103BA0009446C8F22C12551895F8005CDBB2984088
:103BB00045FA03F313F0010FC8F22B0C18BF62464D
:103BC000535C23EA000353540121D8F80800FFF0A6
:103BD00027F9B8F806300022B3F5506F4FEA1321E9
:103BE000DBB280F0088101209446C8F22C125518EF
:103BF00095F8005C984045FA03F313F0010FC8F202
:103C00002B0C18BF6246535C0343DBB25354D8F805
:103C100008000121FFF004F90220FFF043F963E7F7
:103C200042F4807200212046FFF746FD0023E36046
:103C300044F65903C5F2502323606FE7FFF0E0F824
:103C40000E2672E7CA780025012A40F2E11218BF59
:103C5000A1225B7B0421012B08BF42F44062E26099
:103C60002046FFF729FD2A4609212046FFF724FDBB
:103C7000DEE70122C978914214BF4FF480754FF4FA
:103C80004075E6E7CA780025012A40F2811218BF84
:103C90008122DEE7CA780025012A14BF2122612291
:103CA000D7E7C97840F2E112012916BF4FF48075B9
:103CB0004FF44075A122CCE72B7821F8130098F837
:103CC0000430012B7FF410AF4FF400420021204656
:103CD000FFF7F2FC4FF000084FF6FF7901AA002130
:103CE0002046FFF7A1FD019B9AB24A4502D01B0472
:103CF0007FF5FAAE6B68434508F10108EED2142651
:103D00000CE7002202E74FF000081D214246204642
:103D1000CDF80480FFF7D0FC1E2101AA2046FFF752
:103D200083FD019A1E2122F0010242F00202204688
:103D30000192FFF7C1FC6368596991F80590B9F1E8
:103D4000010F15D0B9F1020F39D0B9F1000F7FF48E
:103D5000D1AE122101AA2046FFF766FD019A122179
:103D6000204622F08002FFF7A7FC63685969C1E68C
:103D7000122101AA2046FFF757FD019A122142F0B5
:103D8000200220460192FFF797FC4A461F21204659
:103D9000FFF792FC132101AA2046FFF745FD1321EE
:103DA000019B23F00C0343F008022046FFF784FC3C
:103DB00042461F212046FFF77FFC636899E61221E7
:103DC00001AA2046FFF730FD019A122142F020029D
:103DD00020460192FFF770FC2A461F212046FFF77C
:103DE0006BFC132101AA2046FFF71EFD019A132147
:103DF00042F00C02D9E70120C8F22C029840535C33
:103E00000343DBB2535402E700220120DBB2C8F2C5
:103E10002C029840535C23EA00035354D4E600BFBD
:103E20002DE9F04F85B0002800F0A28044F6590C2F
:103E30001F460368C5F2502C6345044640F0878056
:103E40000D46002900F089801646002A00F0858082
:103E5000002F00F082804368D3F8149099F8048012
:103E6000B8F1010F16D003AA0021FFF7DDFC039B78
:103E70005A0666D403F480729B0474D5002A14BFDA
:103E800004220322002318462A6033603B6005B0F9
:103E9000BDE8F08F00236A464146CDE90133039324
:103EA000FFF7C2FC6A4641462046FFF7BDFCDDF83D
:103EB00000A01AF0040F78D01AF0200F00F09580BF
:103EC000D4F80CB001AA05212046FFF7ADFCCBF3D6
:103ED00080235B001BF4006F18BF43F001033360C5
:103EE000019BC3F3802252001E0548BF42F001022D
:103EF00098063A6004D51BF0200F1CBF01222A60EF
:103F0000590604D51BF0400F1CBF02222A601A0676
:103F100004D51BF0800F1CBF03222A60DF0504D5E7
:103F20001BF4807F1CBF04232B601AF4807F41D1D7
:103F30002B68013B042B56D8DFE803F0291E3331F0
:103F40002D0013F4807F14BF062205229AE7FEF0AD
:103F500057FF072005B0BDE8F08FFEF051FF0220AB
:103F600005B0BDE8F08F002A14BF0222012289E7C4
:103F7000FEF046FF01208AE700214246D9F80C30C6
:103F80009C681868A36805B0BDE8F04F18474FF06B
:103F900000084146F1E74FF000080221EDE701215A
:103FA000EBE701214FF00008E7E7FEF029FF41F2BF
:103FB00088306CE7092102AA2046FFF735FC0A2168
:103FC000204603AAFFF730FC039B5E0504D5029A46
:103FD000D40544BF05222A601805A9D5029B99057E
:103FE000A6D506232B600221C7E7FEF009FF41F2A8
:103FF00089304CE7704700BF2DE9F0414FF6782536
:10400000C0F20005286820B1003818BF0120BDE8C3
:10401000F0810A214FF630220846C0F2000205F076
:1040200045F9286060B34CF23431C0F2000105F06C
:104030004BFB4FF680204FF600044FF68026C0F26F
:10404000000004F0F9FF4FF00008C0F2000404F58E
:104050000C77C0F200062046C4F8248004F0FEFF6E
:104060002146E4603046383405F00AF8BC42F2D10B
:104070004FF67C230A22C0F2000328681A60C3E7C7
:1040800000BE28680028BFD0CDE700BF70B5044649
:10409000406A10B10A3804F043FE0025C4E909550E
:1040A000FDF762F84FF680202369C0F200008342DA
:1040B00010D0214604F0D6FFFDF780F84FF67820A7
:1040C000C0F200002B462A462946BDE87040006831
:1040D00005F016B9BDE87040FDF770B84128F8B595
:1040E00011D90446C31C84BF012004F0030342D944
:1040F0005A1FA24204D30434E41A14F10B0F46D918
:1041000000252846F8BD44244E274FF67823C0F2F8
:10411000000318680028F3D005F01EFA0128EFD13B
:104120004FF68026C0F20006FDF71EF8F368DD6842
:10413000284604F0BFFFFDF741F84FF67C23C0F29C
:10414000000319683268914288BF1A606B6A03B134
:1041500000BE002CD5D0384604F006FD686210B3CE
:10416000C0EF100040F80A5B05F12C03C5E9090413
:1041700043F98F07C5E7023414F0030308BF18465C
:10418000BBD05A1FA2424FF00000B4D2B8E704F1EE
:104190000A0780F00100002FB4BF002000F00100EA
:1041A0000028B2D1ACE72846FFF770FFA8E700BFB0
:1041B0002DE9F04F4FF0000A4FF0FF3B83B04FF076
:1041C000FF09064688465446514D0192CDF800B08D
:1041D00011E006223146284606F054FD20B3B845CA
:1041E00050D0AB79994584BFA24699460134062C3C
:1041F00005F1100520D055F8047C002EE9D1B84512
:10420000EFD1BBF1000F7BDB4FF6A423C0F200031C
:1042100022014FEA0B1C03EB04149E50C4E9016613
:10422000E66043F80C803AE0B8452DD0A34601344F
:10423000062C05F11005DED1BBF1000F4FF6A422CC
:10424000009B42DB002B2DDA4FEA0B1AC0F2000272
:1042500042F80A80002E42D04FEA0B1A4FF4CB717D
:1042600030680AF10403D050B088134498800AF1F2
:1042700008039244274AD152019BCAF80C3003B07C
:10428000BDE8F08F0094B1E74FF4CB71214B2401CE
:1042900004F1080299521C44019BC4F80A3003B08F
:1042A000BDE8F08F0023009CC0F2000202EB041A6C
:1042B00020014FEA0B111350CAE90133CAF80C3040
:1042C00042F80180002EC7D1E9E7002B0EDA4FEA51
:1042D0000A1AC0F2000242F80A80002EBED105225E
:1042E0000C4B0AF1080A23F80A20D8E7009BC0F219
:1042F00000024FEA031A42F80A80002EAED1CEE740
:104300004FF6A4232401C0F2000343F80480C6E75B
:10431000A8FA0000A6FA0000F0B1F8B507460E466C
:1043200000250E4C04E00135062D04F1100412D0D6
:1043300054F8043CB342F6D106223946204606F032
:10434000A1FC0028EFD14FF6A4239622C0F200036F
:1043500003EB05139A72F8BD704700BFA8FA00007E
:1043600070B5054608460C46164601F0DDFC30B136
:10437000324621462846BDE87040FFF719BF70BDA0
:104380002DE9F84305460E461446D9B1ADB1BCB18E
:104390000023D5F800902360484601F095FC0746BD
:1043A000484601F0D5FA8046A0B17FB1BB6B3360BF
:1043B000BB8FB3802760012309E000BE002CE7D14A
:1043C00000BEE5E700BE002DE1D1F6E70223184666
:1043D000BDE8F883484601F09DFA074668BB09F03E
:1043E0007F43B3F17F4F19D0286801F09DFC00286E
:1043F00039D0296820600029E8D04FF6A422C0F205
:1044000000023B01D05802EB071C814207F1010773
:1044100031D0062FF5D100232960D8E74DF6D463BB
:10442000C0F200031A689B8848463260B38001F0EE
:104430007BFC0028BFD02060BDE73146484601F034
:104440005DFB404601F012FC014630B9BEE700209A
:1044500001F01CFC01460028B8D091F840305B0701
:10446000F5D42160A7E7402001F016FD2060002868
:10447000ACD08168BFE79CF80B0050B11F1DD0592C
:104480003A44306092880123B280DCF80C2022602C
:10449000C2E70223C0E700BF8446F0B5002840D041
:1044A000DCF82830292B00D800BEDCF83030D3B33C
:1044B0004DF68464DCF82450C0F20004AE4604F1EA
:1044C000200726460EF1100E0FCEBE4204F1100456
:1044D0004EF8100C4EF80C1C4EF8082C4EF8043C0C
:1044E000EFD1A3882068AEF80430CEF80000DCF8E5
:1044F00030309A6BC5F806202A229B8F6B81DCF83E
:104500003030996BC5F816109B8F6B83DCF8303018
:104510001B68EB61DCF81430C5F82630CCF8282095
:10452000F0BD00BEBCE700BEC2E700BF70B50546E7
:104530000E4682B02A200021FFF7D0FD48B3044682
:10454000EB6E4661C0E90B35FFF7A6FFA36A3B2B74
:1045500006D80021626AD15401333C2BFAD1A36200
:1045600000F0CEFF40B1E86E98B101222146C36849
:1045700002B0BDE87040184702234FF0FF31684693
:1045800001948DF8003000F011FB10B92046FFF7C0
:104590007DFD02B070BD00BF90F84020520701D4ED
:1045A000036803B97047FFF7C1BF00BF2DE9F041B1
:1045B000446A056BE38986B0B3F5807F03D00020A1
:1045C00006B0BDE8F081238A082BF8D1A37C062B26
:1045D000F5D1E37C042BF2D14FF69C26E769C0F2BB
:1045E000000633680097D4F82680002B55D1A37DB0
:1045F00013F00103E3D13ABA02F10142B2F1807F34
:1046000034BF00220122002D08BF0022002AD6D08C
:104610002A68974250D095F840100907CFD5A18A53
:10462000B1F5807F68D0B1F5007FC8D1D4F82610ED
:104630008A4200F0CD804FF6A422C0F20002180199
:10464000105802EB0311874203F1010300F0BC8014
:10465000062BF4D141F2F814C0F2010420680028BE
:10466000ADD000F071FD1428A9D123685A6AD2F8A0
:104670001A209742A3D10122002104A805938DF8A6
:10468000102000F093FA012802D02068FFF7FEFC0A
:104690000020206000F0F6FE91E74BF6AC014FF6EB
:1046A0009420C0F20001C0F2000005F0A7FE01282E
:1046B00004BF002333609AE73368002B7FF47FAF99
:1046C0000123394628463360FFF766FF05F0DAFC20
:1046D0004FF6A02302464FF69420C0F20003C0F22A
:1046E00000001A6005F064FE4BF6AC0342F2107253
:1046F000C0F200031A6062E742453CD047457FF4B0
:104700005EAF6B687A401A427FF459AF374B04F1C1
:10471000200693E80300ADF80C104DF6D46102902A
:1047200006223046C0F2000106F0ACFA38B106228B
:10473000304602A906F0A6FA00287FF440AF1634EE
:104740000622214605F1380006F09CFA00283FF4C5
:1047500036AF684601AA04A9FFF712FE01287FF4CC
:104760002EAF019BAB427FF42AAF2A462046009928
:10477000FFF7F6FD23E705F1380804F116060622D7
:104780003146404606F07EFA00283FF418AF38461E
:1047900001F0CAFA20B12A4639463046FFF708FD33
:1047A000002302202375D4F8163060752362B38885
:1047B000C4F82670A384AB6BC4F81630B8F8043084
:1047C000B3802B68E361FBE6CB7A002B3FF442AF6A
:1047D000384601F0A9FA00283FF43CAF2A46394692
:1047E00004F11600FFF7E4FC34E700BFACDE000084
:1047F00010B5044601F098FA28B190F8402052070D
:1048000001D4036803B910BD2146BDE81040FFF78D
:104810008DBE00BF70B54FF6A424C0F2000404F1B1
:10482000600504E0032B0BD91034AC4218D0A37AF6
:10483000002BF9D0013BE27ADBB2A372002AF1D15E
:104840002668304601F070FA18B190F84020510700
:104850002BD5A37A002BE7D123601034AC42E6D1EC
:104860004FF6A02505F00EFCC0F200052B680646A9
:1048700023B144F62062C31A934211D941F2542362
:10488000C0F201031C6854B194F840301A0703D5F4
:10489000216809B15B0704D5246F002CF4D12E6088
:1048A00070BD2046FFF742FEF6E70368002BD0D02C
:1048B0003146FFF73BFECCE7436A026B9989082932
:1048C00018BFB1F5C16F00D000BED3F81A10D2E9FD
:1048D00000324B40134015D14FF6A42210B5C0F260
:1048E00000021C01145902EB031CA14203F1010355
:1048F0000AD0062BF5D1006B90F840305B0709D544
:10490000012010BD002070479CF80B30002BF2D026
:10491000002010BD0368002BF2D0FFF707FEEFE781
:104920000146A0B14FF6A42310B40024C0F2000346
:1049300003F16000DA688A4204BFC3E90044C3E9B6
:10494000024410338342F5D15DF8044B70474FF6B3
:10495000A4206022C0F2000006F0BEB94FF6083075
:104960004FF48E7208B50021C0F2000006F0B4F9D1
:104970004FF604330022C0F200031A6008BD00BFE6
:10498000836A70B5292B044606D9656A95F82230EA
:10499000082B07D0002070BD00BE836A292BF4D8F5
:1049A0000020F8E7D5F81E300026D5F81A20C5F803
:1049B0001A304023C5F81E20AB75204685F82260CA
:1049C0002E756E752E766E7600F0BEFB05F10E012B
:1049D0000246304600F00EFE43BADB43A16A0122D4
:1049E00028462B8300F09CFE022070BD41F2E813A4
:1049F000C0F201031868704790F8403043F0080394
:104A000080F840305B0700D5704742F2107000F02C
:104A1000EDBC00BF30B50025037F83B023F0010358
:104A2000037704468DF80050019000F069FD41F2D3
:104A3000F411C0F2010108682B462A46694604F0C9
:104A40005FFC012806D0012241F2EC131546C0F2AA
:104A500001031A60237F65F34103237703B030BD60
:104A6000F0B585B001F0F8F830B300F0B1FD0025E5
:104A700041F2880341F2D00208210F2041F2F414E0
:104A80000095C0F20103C0F2010204F0D9FBC0F2AC
:104A90000104206068B14CF24031C0F2000104F022
:104AA00013FEFFF7A9FA012808D0206804F0E2FD00
:104AB0002560002005B0F0BD00BED6E74FF62446C5
:104AC0004FF6884401F096FA03274CF2483144F639
:104AD0009550C0F20006C0F200042B464FF4A062CD
:104AE000CDE901460097C0F20001C0F2000005F0D8
:104AF0008FF841F2E8120346401B18BF0120C0F2B4
:104B00000102136005B0F0BD2DE9F04341F2BC1481
:104B1000C0F2010485B007468846002021461546AC
:104B20001E46DDF83090FCF739FF41F2481143464C
:104B30003A462046CDF8089001960095C0F2010152
:104B400001F026F805B0BDE8F043FFF789BF00BFCC
:104B500041F2E4120346002110B5C0F201021068D0
:104B600082B001918DF8003070B95BB941F2F41454
:104B7000C0F2010400F0C4FC002369461A46206814
:104B800004F0BEFB02B010BD072BEFD141F2F414CC
:104B90000120C0F2010400F059FC206804F058FD27
:104BA0000028E7D0012002B010BD00BF41F2E4139D
:104BB00070B50446C0F2010318680D4694F9003040
:104BC00090B903BB41F2F416C0F2010600F098FC64
:104BD00000230128214618BF2A463068BDE87040EE
:104BE00008BF1A4604F08CBB072BEBD141F2F41638
:104BF0000120C0F2010600F029FC306804F028FD15
:104C00000028E3D0012070BDA8B110B58389044607
:104C10005ABA92B2B2F5C06F9BB201D8002010BD53
:104C2000B3F5C16F18BF082BF8D1002101F05CF873
:104C300018B1012010BD002070474DF6D460062247
:104C40002146C0F2000006F01DF80028F1D04DF614
:104C5000CC6006222146C0F2000006F013F80028BE
:104C6000DCD04DF6C46006222146C0F2000006F0FA
:104C700009F80028D2D04DF6BC6006222146C0F2C9
:104C8000000005F0FFFF0028C8D04DF6B4600622F2
:104C90002146C0F2000005F0F5FF0028BED02378C1
:104CA000012BBBD16378002BB8D1A3785E2BB5D193
:104CB000E078C043C0F3C01010BD00BFF0B5836AF8
:104CC00004463B2B0E4687B006D80025606AC554C3
:104CD00001333C2BFAD1A3620023656A206B019358
:104CE000AB89E8B1082BC76E33D0AA1D13461968EB
:104CF00029609B88AB80236B996BC5F806109B8F4E
:104D0000938000F0FDFB012803D0A6B900BE07B0D8
:104D1000F0BD324621463846FB68984707B0F0BDE3
:104D2000082BF4D1D5F81E0000F0FEFF2063002808
:104D3000EDD0AB89D6E741F2E4130222C0F20103C1
:104D40001B6805948DF810208BB92046FFF79EF95B
:104D5000DDE7D5F81E3002A904F1300201A8019365
:104D6000FFF70EFB0128C0D102ABAA1DBFE700F080
:104D7000C7FB41F2F415421EC0F2010518BF4FF007
:104D8000FF320023286804A904F0BAFA0028DCD016
:104D900007B0F0BD2DE9804840F6B8308BB000F088
:104DA0003DFB41F25023C0F201031E6841F2F415AD
:104DB00041F2EC14002E00F03A8100274FF0010977
:104DC0000DF11008C0F20105C0F20104337F23F099
:104DD0000103337705968DF8107000F091FB0023E6
:104DE00041461A46286804F08BFA012814BF0122B4
:104DF0000022337F18BFC4F8009062F34103337779
:104E0000766A002EE2D14FF47A7000F0D7FA0020D3
:104E100000F038FBFFF7A2FD41F2E413012241F25A
:104E2000F81A4FF018090026C0F201031A60C0F208
:104E3000010A00F0F1F900F0C5F902A9024628685C
:104E400004F0FAFAD0B9FF238DF808302368002B5C
:104E5000EFD0266000F000FF20B9EAE700F002FF83
:104E60000028E6D0037F9B07F8D5009000F054FBA4
:104E70000098037F23F002030377EFE79DF90830E2
:104E80000B2BE3D801A252F823F000BF854F00009E
:104E90004D4F00003D4F0000374F00004D4E0000C9
:104EA0002F4F00004D4E0000274F00000B4F000019
:104EB0004D4E0000C54E0000BD4E0000039801F0AD
:104EC00067FBC3E7039F8DF810903B7A13F0010353
:104ED00006D102228DF81120BA6A12BA0692BB627C
:104EE000B7F838C000239CFA9CFCADF812C0182219
:104EF000414638463E8701F0A3FA3B68384643F006
:104F000010033B6001F0E4FCA0E7039F384602F089
:104F1000A5FB00289AD03B68384643F004033B6069
:104F200001F0D6FC92E7012000F090FA8EE703989A
:104F300003F022FD8AE7FFF76DFC87E70399C86A53
:104F4000002883D00122C36898477FE7039F002F82
:104F50003FF47CAFFB6A8BB13B6B7BB1BA6A0D2A25
:104F60000CD9D7F824B0BBF80C10B1F5C16F4CD0F8
:104F70004DF68650814201D0082907D03846FFF708
:104F800085F863E7039800F0C7FA5FE7212AF5D9AF
:104F90009BF80E100E3A890001F03C039342EDD8C5
:104FA000132BEBD91A4601939BF817303946584614
:104FB000009300F0D7FC0246796A9BF80E00012AA4
:104FC00001F8060C27D1BBF80C10082902D1019B6F
:104FD000142B33D8009B112B3BD03846019200F0A4
:104FE00069FF01286ED0BBF80C10019A08297FD008
:104FF000042A67D0009B062B00F08280012BBDD1D4
:105000003846FFF7BDFC024605E0292AB6D93846E6
:10501000FFF7CCFA0246032A3FF418AF042A51D016
:10502000022AABD138460121FFF748FE0EE70DF109
:105030001008C0F20105C0F20104E4E6384600F0B1
:105040001DFD0246002899D0009B112BC5D10428D4
:1050500038D000224DF6865C796A0492CA8C888921
:1050600052BA604592B241D0082805D1088A40BAA8
:1050700080B21438824281D82A20D7F828C06045EF
:105080003FF67CAF072A7FF679AFACEB000C083A0D
:10509000944584BF8018B86291F8222091F82300CB
:1050A00042EA0022BA86D1F81A0042467861898C19
:1050B000384603F069FC01283FF4C8AE049A012A7F
:1050C0007FF45CAFBBF80C30082B03D0B3F5C16F95
:1050D0007FF454AFDAF80030002B7FF44FAF4FF479
:1050E000FA60CAF8007000F051F9AFE63E20C4E75C
:1050F000DBF81A100BF10600FFF70EF9019A77E7BB
:105100003846009202F09EF90128009A3FF49EAEC4
:10511000032A85D19AE600BF41F2E413C0F20103ED
:105120001868704741F25423C0F201031B6813B999
:1051300007E01B6F2BB193F8400010F00800F8D186
:1051400070470120704700BF4DF68653426A908930
:10515000984214BF14202820704700BF30B1037A52
:1051600013F0010F14BF282014207047142070473B
:1051700038B50378D90722D59A07044600F104050B
:1051800010D52846256905F013F9B5FA85F30120F5
:1051900022785B09834022F0030203431343E56056
:1051A000237038BD00F10C01284605F027F918B12D
:1051B000237843F00203237023789B07E1D4002077
:1051C00038BD00BF41F22423C0F201031A7842F235
:1051D0001070D20703D5DB68984228BF184641F209
:1051E0005423C0F201031B6853B193F84820D10740
:1051F00003D55A6D904228BF10461B6F002BF4D187
:1052000041F21023C0F201031A78D20703D5DB68FC
:10521000984228BF1846704741F2242070B5C0F26A
:105220000100FFF7A5FF002840F0A98041F23824D3
:10523000C0F201042046FFF79BFF68B141F2F81568
:10524000C0F20105286838B1237823F001032370E8
:10525000FEF71CFF00232B6041F25423C0F2010330
:105260001C68A4B931E02846A56D05F0A1F8B5FA8F
:1052700085F394F848205B095B0022F0030243F0B9
:1052800001031343656584F84830246FECB194F84A
:105290004830DA07F9D513F0020F04F14C05E2D1DA
:1052A00004F14C05284604F1540105F0A7F828B193
:1052B00094F8483043F0020384F8483094F84830BA
:1052C0009B07D0D4246F002CE1D141F2F413C0F23B
:1052D0000103186804F0BCF940BB41F21020C0F291
:1052E0000100FFF745FF012001F01EFD0546264C99
:1052F000204605F05DF8B5FA85F314F8042C5B0937
:105300005B0022F0030243F001031343A56004F89D
:10531000043C41F24C26002001F0FCFEC0F20106E4
:10532000002001F007FF336853B170BD41F2102037
:10533000C0F20100FFF71CFF0028EAD00020D3E7ED
:1053400041F2FC10C0F20100FFF712FF0028ECD080
:1053500041F25023C0F201031C68012214B90CE091
:10536000646A54B1237F13F00105F9D12046FFF799
:1053700051FB646A2A46002CF4D1326070BD0320D0
:10538000FFF7E6FB52E700BF1412010038B50546EF
:10539000094C204605F00CF8B5FA85F314F8042CF6
:1053A0005B095B0022F0030243F001031343A56095
:1053B00004F8043C38BD00BF3C12010038B541F28E
:1053C00010240546C0F20104201D256104F0F0FF01
:1053D000B5FA85F322785B095B0022F0030243F003
:1053E00001031343E560237038BD00BF38B541F2B7
:1053F00024240546C0F20104201D256104F0D8FFD5
:10540000B5FA85F322785B095B0022F0030243F0D2
:1054100001031343E560237038BD00BF38B541F286
:10542000FC140546C0F20104201D256104F0C0FFF4
:10543000B5FA85F322785B095B0022F0030243F0A2
:1054400001031343E560237038BD00BF41F2102211
:10545000031E18BF0123C0F2010211785B0021F086
:10546000030143F001030B431370704741F22423FF
:10547000003818BF0120C0F201031A7860F300025F
:105480001A70704741F23823003818BF0120C0F26B
:1054900001031A7860F300021A70704741F24C233E
:1054A000C0F2010318607047837B112B10D0062BCC
:1054B0000BD05A1E012A0ED90268003A18BF0122E9
:1054C0003A2B18BF002232B97047436919827047DE
:1054D0004369D980704743695980704768B110F8B3
:1054E000303C03F0D003402B04D1830705D150F8A2
:1054F000340C704700BE8307F9D00020704700BF0E
:1055000010B504F0BDFF0446FFF770FA201AB0FA98
:1055100080F0400910BD00BF38B50546002855D0C1
:10552000AB68002B50D00020FFF7A0FF284600F00A
:105530009DFB044678B194F84030204623F00803E0
:1055400084F84030FFF7ECF92146284600F09EFB36
:1055500004460028EFD12846AB689847012804D0BC
:10556000BDE838400020FFF799BF2B7F284643F065
:1055700001032B7700F07AFB044640B923E0FFF7E4
:105580003BFA2146284600F081FB0446D8B194F846
:10559000403020465B07F2D4E269636A2260226AE7
:1055A000A16A6260E26AA3602261636B226BE160C0
:1055B0006261A361FFF720FA2146284600F066FBEE
:1055C00004460028E3D138BD00BEACE700BEA7E723
:1055D00008B5FFF7A1FD00B100BE41F2F413C0F21F
:1055E00001031B6803B100BEFFF700FA00B100BE63
:1055F00008BD00BF2DE9F04390FA90FC11F00107BF
:105600004FF0000E1FFA8CFC01F003030BD04FEAA1
:105610000C2080B240EA1C2C002A60D011F8010B4B
:10562000013A60F30F2E013B012B6BD922F00303EB
:105630000C2B38BF0C23B3F10C046FD04FF6F07570
:10564000E0460026CFF6FF7501F110036D1A53F8FE
:10565000100C194610EB080C53F80C0C28BF01363F
:1056600010EB0C0C53F8080C28BF013610EB0C00A3
:1056700053F804CC03F1100328BF013605EB0309EE
:105680001CEB000C28BF0136A145E046DFD34FEAF2
:105690001C4010FA8CF002F00E04304402F00102BB
:1056A0006CB1013C24F001058B1E66080D4433F8F3
:1056B000024F9D422044FAD1741C01EB440112B107
:1056C0000B7863F3070E7044030C13FA80F0030C9D
:1056D00013FA80F06FB940BA80B2BDE8F0831FFAC8
:1056E0008CF000EB1C40030C13FA80F0030C13FA4F
:1056F00080F003029BB2C0F30720184340BA80B287
:10570000BDE8F083012A9CBF1FFA8CF000EB1C401F
:10571000D5D931F8023B023A9C4487E72646B6E7E2
:1057200000234DF6865C2DE9F04788B0CDE90133C2
:10573000CDE90333CDE90533079385890446082D68
:1057400018BF65450F46164601D000BE8589082D55
:10575000059404D041F2342008B0BDE8F087394602
:10576000204601AA00F0D8F920B1BDF8100008B019
:10577000BDE8F0879DF81280B8F1110F48D0B8F15C
:10578000060F67D008F1FF33012B40F28180019BA7
:1057900044F22130003B18BF0123B8F13A0F18BF83
:1057A0000023002BD8D0BDF81E90DDF808A0BDF86E
:1057B0000C50002E67D14D45CCD8CAF5BB630433DD
:1057C0004B45C7D308F1FF33012B76D9019B6BB949
:1057D000059908EB090080B209F108021A31ADF809
:1057E0001000FFF707FFC343ADF810305EB3049B12
:1057F00023F07F43B3F5881F08BF4FF6FF7103D036
:10580000BDF8101049BA89B201A8FFF74DFE1EE09D
:10581000BDF81E90B9F1070F9CD9DDF808A00AF178
:1058200016039F4296D30395002E53D1069BDB8827
:10583000002B4DD0CAF5BB6A0AF1040AD14589D8BC
:10584000019B002BC4D0BDF81030002B40D14FF687
:10585000FF7081E7BDF81E90B9F1130F7FF67AAFA4
:10586000DDF808A00AF122039F42FFF473AF069B04
:105870001B7B4F2B4FEA13157FF66CAFAD000395E2
:10588000ADB2002E97D0002101A8FFF70DFE92E7E0
:10589000BDF81E90B9F1070F7FF65CAFDDF808A0E8
:1058A0000AF116039F42FFF455AF039596B9CAF566
:1058B000BB63043399453FF64DAF0AF10E014A46EA
:1058C00000202144FFF796FEC343ADF810308DE76A
:1058D000002041E7014601A8FFF7E6FD6DE700BFA4
:1058E0008842A8BF08467047884228BF08467047CC
:1058F000884228BF0846704731B14B1E0344B3FBB2
:10590000F1F301FB03F0704700BE7047008840BA16
:1059100080B2704700BA00F10050B0F1805F2CBF38
:1059200000200120704700BF0369C26818BA00F167
:105930000140B0F1807F2CBF0020012013BA03F199
:105940000143B3F1807F38BF80F00100704700BF92
:1059500000BA00F10140B0F1807F2CBF002001208F
:10596000704700BF2DE9F843838AD0F81E6023F00A
:10597000C003D0F81A7023B9837B0446453B0A2B39
:1059800002D90020BDE8F88396FA86F808F10143B1
:10599000B3F1807F0D463DD204F10E00FFF7C4FF46
:1059A0000128EED0D5E90913212BEAD98A7BA2F18F
:1059B00045000A28E5D8920002F03C0202F10E00F0
:1059C0008342DED3088A40BA80B200F10E05AB42B2
:1059D000D7D3CD7D112D07D0062D08BF02F12205AA
:1059E00004D0013D012DCCD802F11605AB42C8D33D
:1059F000801A0728C5D9C2F5BB6204329042C0D8CC
:105A0000E37D112B18BF0120BCD1088D003818BFD1
:105A10000120B7E797FA87F909F10143B3F1807FD5
:105A2000BAD3304600F050F9F0B13F0EFF2FA8D0A6
:105A30004DF6D46006222146C0F2000005F022F99E
:105A400010B9360EFF2E9CD106224DF6D460A11857
:105A5000C0F2000005F016F9002892D009F10059B3
:105A6000B9F1805F8DD39DE7330EFF2BDDD008F1B8
:105A70000058B8F1805F84D2D7E700BFF8B506467A
:105A8000446A826AA57B223AA90001F03C01A1F197
:105A900014070E31D21B214404F1220005F002F953
:105AA000B36A25F00F05DB1BB362238A45F00505B9
:105AB0005BBA9BB2DB1B1A0A42EA0323A5730120DF
:105AC0002382F8BD002818BF002908D000224FF01B
:105AD000080C8968436A416183F80CC05A7300203E
:105AE000704700BF002818BF002905D002234B7063
:105AF0004269838E8A604B802A20704701224FF0D2
:105B00005E0C03BA0A80C0F306201A0A81F802C0AC
:105B1000C8700A714B71704770B500241569146024
:105B2000B5F810C0AB7B9CFA9CFC03F00F039B0004
:105B30001FFA8CFE7345536024D821291DD903F127
:105B40000E068E4282BF41F234230520938113D882
:105B5000A2F818C00EF10E0C61453EBF41F234238D
:105B60000620938108D306442046AEEB030EEB7D5E
:105B700056619373A2F81AE070BD41F234230420F9
:105B8000938170BD41F234230320938170BD00BF27
:105B9000002918BF00282DE9F0410C460CBF012157
:105BA000002101D1BDE8F0811E4615460746D4F814
:105BB00070807422204605F08FF8C4F87080336836
:105BC00006992A686360096862EA0303A16007997D
:105BD000096863616368E1602362A368E2616362EC
:105BE0006369E1682363A36922696363089BA16217
:105BF000E2621B68A363089B9B88E766A3873B6AF6
:105C00009BB141F25422C0F2010213680BB909E0C2
:105C100013469C42C6D01A6F002AF9D122671C672E
:105C2000BDE8F08123671460BCE73C62E9E700BF90
:105C300068B141F25022C0F2010213682BB9106022
:105C4000436270475A6A1AB113468342FAD17047C9
:105C500058624262704700BF41F25023C0F2010314
:105C60001868704700B1406A704700BF41F2542382
:105C7000C0F201030246186830B112B904E0006FA7
:105C800010B1C36E9342FAD1704700BF034649B1C9
:105C9000086F30B113B904E0006F98B1C26E9A4238
:105CA000FAD1704741F25422C0F201021068002874
:105CB000F7D01BB9F5E7006F0028F2D0C26E93420F
:105CC000F9D1EEE7704700BF41F25423C0F201035F
:105CD0000246186830B112B904E0006F10B10368D1
:105CE0009342FAD1704700BF70B50646044688B1AA
:105CF00041F25423C0F201031C680D4654B15DB952
:105D00000622314604F1380004F0BCFF10B1246FC4
:105D1000002CF4D1204670BDE36EAB42F0D0246F6E
:105D2000002CF9D1204670BD41F25423C0F201038A
:105D30000146186848B14B1C02D106E0006F20B143
:105D4000D0E900324B401342F8D170472DE9F041C1
:105D50004DF6865541F254244E1B0022B6FA86F6C3
:105D6000C0F20104246888B0CDE90022CDE9022206
:105D7000CDE90422CDE906220E9F7609002C31D010
:105D80000546984610B919E0246F5CB3E36E9D4256
:105D9000FAD113E0079A236801320792D8F800205D
:105DA0000394934201BF049B009401330493BCF11C
:105DB000000F24D0FFF76AFF044698B13946062247
:105DC00004F1380004F05EFF94F840308446C3F3D9
:105DD0008003B34221462846DCD0FFF757FF044634
:105DE0000028EBD1002304AA52F8041B00290BDC85
:105DF0000133042BF8D1002008B0BDE8F081069BE8
:105E0000029401330693D5E708AA02EB830353F803
:105E1000200C08B0BDE8F08110B58C4686468CB0E9
:105E200051B38B1C9B0728D10020BCF80C10CDE986
:105E300005000829CDE909000490089007900B900F
:105E40001DD0B1F5C16F15D1BCF81430B3F5807F0A
:105E50001DD0B3F5007F16D0BCF80440DCF800007C
:105E6000ADF80C4002AC029008AB704604AA009456
:105E7000FFF76CFF0CB010BD00BE00BED4E7DCF82D
:105E80001E300893E8E7DCF81C300893E4E7DCF800
:105E900026300893E0E700BF41F25423C0F201032B
:105EA000186810B904E0006F10B18368002BFAD0B5
:105EB000704700BF10B50446FFF746F9142801D01B
:105EC000002010BD2046BDE81040FEF7F5BC00BF25
:105ED00070B50446002942D0D0F88830B0F866206A
:105EE000B3FBF2F2013A032A9FBF4DF6DC60C0F229
:105EF000000050F8321000EBC20098BF4268D4F89E
:105F0000800084BF5022142150B948F21F5003FB77
:105F100001F1C5F2EB10A0FB01014909C4F88010A2
:105F2000D4F8841051B948F21F5103FB02F2C5F2B4
:105F3000EB11A1FB02125209C4F88420043323F0B0
:105F4000030505F1140002F00FFED8B10023036031
:105F500043608360C3600561C4F8900070BDD0F8F1
:105F60008C600D46043626F0030606F1140002F09C
:105F7000FBFD38B1056045608560C5600661C4F809
:105F8000940070BD94F85E30204643F0040308216D
:105F900084F85E3001F0E0F8002070BD90F85E30CB
:105FA00013F0040323D190F86D2010B50446DAB144
:105FB000083A012A18D990F85D20C2F3401200294E
:105FC00008BF42F001020AB1184610BDD0F8941083
:105FD00009B1012010BDFFF77BFFD4F89430002BEE
:105FE000F7D16FF00B0010BD6FF07F0010BD6FF0A8
:105FF0000B00704741F2702008B5C0F2010003F0B9
:106000001BF8BDE8084041F25C20C0F2010003F03B
:1060100013B800BF0000000020F00803022B2DE998
:10602000F04106460D4614462AD000BE7ABB012D2B
:1060300008BF062403D0022D0CBF11240024FFF753
:106040006BF8C0B1022E08BF012224D141F27023A7
:10605000C0F201039B68013300D000BE41F25C2313
:10606000C0F201039B68013300D000BE112C15D093
:10607000062C57D000BE4FF0FF352846BDE8F08112
:10608000002ADCD1012D08BF0624D4D1D7E7FFF7C1
:1060900043F80028EFD000BE0022D7E7022DE9D157
:1060A0004FF05C08002AE6D0404602F05DFD054650
:1060B0000028E0D002F0CCFE0746C0B342460021E3
:1060C000284604F009FE022E08BF2B7A6F6004BF39
:1060D00023F001032B72112C2DD040F2B45140F665
:1060E000B830A5F86610C5F88800FFF705FCC0EFCA
:1060F000110005F1F803C5F88C0043F98F0705F18D
:106100000C0002F0ABFFDFED0E0B022205F12003C5
:10611000AD6143F98F0785F83A2085F83B40284662
:10612000BDE8F081012DA5D14FF4B078BAE728463B
:1061300002F0F6FD9FE705F1480002F07DFFDEE783
:1061400010270000102700002DE9F0431D46431ED4
:10615000033387B006D8C36904461BB190F83B30BF
:10616000112B05D06FF01504204607B0BDE8F08371
:106170009146836C026A0E460392B3B97AB3E9067C
:106180002DD404A804F014F903E004A804F036F9AF
:1061900028BB039F0023412160680122009702F081
:1061A00065FEA36C03A9002BEFD0002B17DD03F0D5
:1061B00075FE636D6A07D3F80C8013D503F076FE85
:1061C000B8F1000F0BD04046FEF7BEFF142818BFF1
:1061D0006FF015040AD04046FDF758FFC4E76FF092
:1061E0000A04C1E7404602F065FFE7E740460E9922
:1061F000FFF778FC0F9B13B118230F9A1360D8F8A0
:106200002410D8F828400144EB07A4EB000448BF51
:10621000316009D515F0050F4FEAD47308BF43F07C
:106220000103002BA0D0D6E74C45A8BF4C46304612
:10623000224604F05FFDEDE730B505460C468BB015
:1062400021B14B7803F0F703022B35D1FFF758F952
:1062500000B100BE6B1E033303D96FF015000BB005
:1062600030BDEB69002BF8D10A2203958DF8082088
:10627000002C32D06278022A06D1A268297A12BA9A
:1062800063F30001AA62297263885BBA2B874FF01F
:10629000FF3102A8FEF78AFC28B34FF0FF34002339
:1062A000686801221021009402F0E0FDEB69002BE8
:1062B000D3D000200BB030BD0868E3684968A268FD
:1062C0000DF1100CACE80F000223206961698DF814
:1062D0001130ACE8030004ACB8E72C87AC62EC6288
:1062E0002C636C63D3E76FF08B00B8E72DE9F047C0
:1062F0008CB0149D07460E4614469A46002D6FD06A
:106300006A7802F0F702022A09D10EB36B78022BE9
:1063100018BF6FF0150014D00CB0BDE8F0874FF037
:10632000020E28686968AA68EB680DF1180CACE8E1
:106330000F00286969698DF819E0ACE8030006AD23
:1063400036B1B4F5B86F05D900200CB0BDE8F087C0
:1063500000BEDBE77B1E0333F6D897F83B30112BEA
:10636000F2D1FA69002A5FD07B6A1AF0100F01930C
:1063700055D0002301931AF0010A33D03046FFF7BD
:10638000ADF880460028DFD0019E04F12A090523DC
:106390008DF81030002305933B6CC8F830306B78D3
:1063A000022B48D06B88C8F82890A8F83430FB68D6
:1063B0003146A8F8363097F83A20D8F8243004A8A7
:1063C0009A71CDF81480FEF7F1FB012808BF204632
:1063D000A2D0BAF1000FB7D14046FDF757FEB3E7A0
:1063E00000BE92E702A804F12A0903F0E1FF484643
:1063F0000199FDF773FE80460028A5D0406A31461A
:1064000022462A3004F076FC02A801A903F0F6FF28
:1064100001280ABF5646019ECDF804A0B7E7FFF752
:106420006FF80028A5D1A6E711463846FFF704FF0C
:10643000002889D198E729464046FFF743FBB1E79A
:106440002DE9F04F85B00193431E033306460F46F6
:1064500000D900BE41F2702541F25C2396F83B2042
:10646000C0F20105C0F20103062A08BF1D46002F35
:1064700073D0B7F80290B9F1000F34D144F2141878
:106480004FF47C44CDF80C9005F1080BC0F2104895
:1064900003A8FBF7AFFAF8B1BDF80C309A0AA8FBD5
:1064A0000212C2EB8212A3EB822A0AF5806A9AFAE0
:1064B0009AFA1FFA8AF9FEF72FFE90B1EA6893451F
:1064C00003D10EE0526893450BD013689945F9D17A
:1064D000013CA4B2002CDBD100237B806FF07C0058
:1064E00023E0A7F802A0019B1BB196F83B20062AE7
:1064F00009D0FEF711FE20B1EA6805F108009042CC
:1065000019D1B7F80290B86899FA99F2C6F80C90C8
:106510003287C0B9306CD8B103681BBAB362284661
:1065200006F10C0102F09EFD002005B0BDE8F08FE1
:1065300052689042E5D011688945F9D16FF06F003B
:1065400005B0BDE8F08FFFF7BFFB30640028E3D152
:10655000B062F06230637063E1E700BEBEE700BF87
:106560000B2300B583B08DF80030431E0333019038
:1065700088BF002009D84FF0FF316846FEF716FBB0
:10658000002814BF01204FF0FF3003B05DF804FB7A
:10659000F8B590F83B300546062B12D0EB691BB1DD
:1065A00005F10C0002F086FD95F83B30112B43D02D
:1065B000686808B102F018FD284602F0B1FB00201F
:1065C000F8BDD0F8900008B102F0AAFBD5F894000D
:1065D00008B102F0A5FB41F25C2695F86D30C0F2DF
:1065E0000106012BF4682F8F06F1080601D117E090
:1065F0006468B442D2D0E36893F86D20012AF7D1E1
:106600001A8FBA42F4D1B3F86820002AF0D0013AC8
:10661000A3F86820C2E790F85C3013F0060F1AD197
:10662000B442BBD0E068646890F86D30012BF7D0BD
:10663000038FBB42F4D1EEE7AB6C002BB8D06B6D8F
:10664000DC68204602F036FD2046FDF71FFDAB6CEE
:10665000002BF4D1ACE7FFF79BFFE1E7411E0331CC
:1066600002D96FF01500704710B5044682B0122AA7
:106670000BD8DFE802F09194730A0E0E0A0A0A0A98
:106680000A203040A0C40ADD7D006FF06C0002B02B
:1066900010BD90F83B10062940F0CC80042A00F091
:1066A000DB80D0F89020002A40F0C4801B68C0F83E
:1066B00088300020EBE790F83B20062A40F0BA80B3
:1066C0001B68002B00F0C18090F85C3043F0080399
:1066D00080F85C30EDE790F83B20062A40F0AA8075
:1066E0001B68002B00F0AA8090F85C3043F0100388
:1066F00080F85C30DDE790F83B20062A40F09A8075
:10670000D0F89420002A40F09580B0F86610186800
:106710000193FFF7F1F894F83B20C4F88C00062AA7
:1067200040F08880D4F89020002A40F08380C0EFA9
:106730001100019B9A6804F1F803C4F8882043F91A
:106740008F0794F80031DB07B3D5B4F8663004F551
:10675000827480EE903B44F98F07AAE790F83A20C4
:10676000002B00F0858042F0020280F83A20A0E77A
:1067700090F83B20062A5DD123F98F7737EE103B46
:1067800017EE102A9A4255D2D0F888209A4251D357
:10679000803404F98F778CE71B68036289E790F8EF
:1067A0003B201B68112A04D143F69822934228BF4C
:1067B000134663627DE790F83B20062A3AD11B68B6
:1067C00090F80021003B18BF012390F86D1063F38F
:1067D0004102042980F800217FF66BAFD0F89400C5
:1067E00000283FF466AF00F07DFB00283FF461AF66
:1067F00001230720A4F86430FEF7AAF959E790F8BE
:106800003B20062A16D11B680121003B18BF01233B
:10681000C26D5B0422F4003222F4807243F4807370
:106820001343A4F86410E3650720FEF791F940E7ED
:10683000C3633EE76FF0150002B010BD90F85C2016
:1068400063F3041280F85C2033E790F85C2063F374
:10685000C30280F85C202CE7D0F89420002AE9D10C
:10686000B0F866101868FFF747F8C4F88C0020E706
:1068700022F0020280F83A201BE700BF10B5044660
:10688000FEF74AFC80B141F27021C0F20101CB68F1
:1068900008318B4203D108E05B688B4205D01A684F
:1068A0009442F9D1D86810B110BD002010BD00BECF
:1068B00010BD00BF037ADB0708D44FF406730B80CA
:1068C000826A038F12BA5BBA8A604B8018207047C5
:1068D000C36B10B5044603B19847606808B12168DE
:1068E00011B90023236010BD02F044FB0023236094
:1068F00010BD00BF2DE9F041431E033388B006D818
:10690000C36904461BB190F83B30062B05D04FF00D
:10691000FF35284608B0BDE8F08190F85C800E464F
:1069200018F00808174618BF4FF0000803D190F878
:106930006D30012BEBD103F0B1FA94F85C301907FC
:1069400057D4256F002D34D095F85C309A0730D598
:10695000236F0BB10023236795F85C3023F002030B
:1069600085F85C3003F0A2FA0FB118233B602B7A54
:10697000C3F3000383F00103002E0CBF002303F0D8
:10698000010343B102237370AA6CB5F8583012BAF0
:106990005BBAB260738094F85C301B07B9D40823EB
:1069A0004FF0FF3106A807948DF81830FEF7FEF877
:1069B000AFE703F07BFAB8F1000F05D1236A039328
:1069C000CBB104A803F0F4FC03A904A803F016FD5E
:1069D000034680B9039A042100926068012202F004
:1069E00045FA03F05BFA94F85C304FF001081907A0
:1069F000A7D52546AAE700258BE700BF2DE9F04F74
:106A00001E46431E033387B006D8C36904461BB134
:106A100090F83B30062B05D06FF01505284607B0DF
:106A2000BDE8F08F002914BF002306F001030F46D4
:106A300006F0010B002BEFD1D0F8900090460546F0
:106A400010B100F04FFA0546002206F0100A03E0EC
:106A500000F048FA01220546002D36D194F86D3039
:106A60004BB3083B012B26D90DF1100952B9236A0B
:106A70000393002BD2D0BAF1000FCFD104A88146E6
:106A800003F096FC484603A903F0B8FC034600282F
:106A9000C4D10398012200906121606802F0E6F9F8
:106AA000D4F890000028D3D194F86D30A3F10802F7
:106AB0000BB1012AE6D894F85E3013F0040F14BF2E
:106AC0006FF00B056FF07F05A8E7A7DDD4F8900005
:106AD000BBF1000F23D1C6F3800643463A46594620
:106AE000009600F0B7FA94F95C300546002B95DA71
:106AF000D4F8900000F0ECF9D4F8843098428DD3AB
:106B00000122B4F85C30A4F8642023F4C07343F489
:106B10008073A4F85C300720FEF71AF87EE7394648
:106B200007B0BDE8F04F00F00DBA00BF2DE9F04FFF
:106B30009946431E033389B006D8C36904461BB186
:106B400090F83B30062B05D06FF01507384609B09A
:106B5000BDE8F08F884611460292FFF71FFA071E24
:106B6000F4DD029AD4F89400154600F0A7F9029AD1
:106B7000002A4DDD4FF0000BC2465F465E46039291
:106B8000002826DD94F85C10A8420346A8BF2B46D7
:106B900011F010015ED0A8426EDA52460021D4F8FE
:106BA000940000F0E5F983464FF00103A4F8643047
:106BB000FEF7A6FC00285BD0B5EB0B050CBF01224D
:106BC0000022B8F1000F08BF42F001025F44EAB9A9
:106BD000DA44002E37D1636A0593FEF791FC059BDA
:106BE000A3B109F01003034310D106A803F0E0FBA2
:106BF00005980023009001222221606802F036F9F6
:106C0000E3691BB194F83B30062B0DD0002F9DD1CA
:106C100094F86D30062B34BF6FF01B076FF07F07C1
:106C2000384609B0BDE8F08F20460399FFF7B6F962
:106C30000028EBDBD4F8940000F040F9002D4FF071
:106C400001069DDCE2E705A906A803F0D7FB0028B2
:106C5000CED0DBE75246D4F8940000F089F94FF02B
:106C60000103A4F864308346FEF74AFC0028A3D150
:106C70000720FDF76DFF9FE7029303F00FF994F8EB
:106C80005C20002142F0400284F85C20029B5246C6
:106C9000D4F8940000F06CF9834603F007F983E719
:106CA000431E03330AD8C36910B504461BB190F8DC
:106CB0003B30062B05D06FF05E0010BD6FF05E001C
:106CC000704790F86D3013F0F70FF4D14FF6FF7066
:106CD000FEF706FE94F85C30A4F86A001B071DD589
:106CE000D4F8900008B100F011F9D4F8940008B17C
:106CF00000F00CF95622002104F19A0003F0ECFF99
:106D00006022002104F5807003F0E6FF0023E365B4
:106D100094F85C3043F0080384F85C30204601218D
:106D200000F01AFA002010BD2DE9F047804603F06C
:106D3000A9F941F2582341F25C27C0F201031E6811
:106D4000C0F20107FD68861B012E07F1080738BF56
:106D50000126BD424FF47A7A186024D04FF0000922
:106D600010E09B1BA4F86430216819B1B8F1000F42
:106D70001CD1C246B4F8643013B19A4528BF9A4674
:106D8000BD4210D0EC686D68B4F86430002BF7D0C9
:106D9000B342E6D82046A4F8649000F029FB00280E
:106DA000E2DABD42EED15046BDE8F087E36B43B175
:106DB00020469847606808B1216829B900232360FC
:106DC000D8E760680028F9D002F0D4F800232360E7
:106DD000D0E700BF41F25C2C82B070B5C0F2010C6C
:106DE00004A880E80C00DCF80C300CF1080C6345BA
:106DF0004FF000001BD0099A089D1FFA81FE94B243
:106E000002E05B68634512D0DA68118F7145F8D1F2
:106E100092F86D1001290ED0B2F85810A142F0D1AD
:106E2000002DEED10499966C8E42EAD11046BDE851
:106E3000704002B070471046E3E700BFF8B50D465A
:106E4000D0F89010044616461F4699B132460846BF
:106E50003B46294600F08CF806460DB13046F8BD99
:106E600094F95C30002B0EDA2368304643F00103BE
:106E70002360F8BD0121FFF72BF801460028E5D17A
:106E80004FF0FF36EAE7D4F8900000F021F8D4F88C
:106E900080309842E8D80122B4F85C30A4F864202D
:106EA00043F4C073A4F85C300720FDF751FEDBE724
:106EB0000369501A1B1828BF184670470369826877
:106EC000006818440138801A834298BFC01A70477E
:106ED0000369C268006818440138801A834298BF69
:106EE000C01A70470369026880681844801A834298
:106EF00098BFC01A704700BF036942688068184491
:106F0000801A834298BFC01A704700BF0023836075
:106F10000360C36043607047426810B483680469CB
:106F200023449B1A9C42426898BF1B1B994294BF02
:106F30005218D218944298BF121B42605DF8044B5D
:106F4000704700BF03468C461A69016810B4046894
:106F5000806814331044001B0B4482425DF8044BDC
:106F600098BF801A511ACCF80030FEF7C1BC00BFA0
:106F70002DE9F8430F4616461946826803690468EE
:106F8000054604EB030C0CF1FF3CACEB020C634533
:106F900098BFACEB030C67452CBF0020ACEB07009F
:106FA000FEF7A6FC044668B3D5F81080D5F8089023
:106FB000AFB14F44B8453ED976B12146A8EB0700A2
:106FC000FEF796FC804607F11400314642462844FD
:106FD00003F090FE444533D8FAF7C6F809E0A6B9A5
:106FE00004EB0907FAF7C0F8B84598BFA7EB080704
:106FF000AF60EA682B68D21AFB1A9A4298BFEF601A
:10700000FAF7DCF82046BDE8F8830146A8EB090052
:10701000FEF76EFC074609F1140031463A46284453
:1070200003F068FEBC42DBD9F119E21B05F1140044
:1070300003F060FED4E7A7EB0807002EBDD1CBE735
:1070400006EB0801A4EB080205F1140003F052FE60
:10705000C2E700BF2DE9F0470E4617461946026801
:1070600003698468054604EB030CACEB020C634532
:1070700098BFACEB030C66452CBF0020ACEB0600C0
:10708000FEF736FC0446B8B1D5F810A0D5F800805C
:10709000AEB1B044C2452FD977B12146AAEB080062
:1070A000FEF726FC814608F1140138464A46294479
:1070B00003F020FE4C4524D82046BDE8F08777B188
:1070C0000146AAEB0800FEF713FC814608F1140103
:1070D00038464A46294403F00DFE4C4511D8089B1A
:1070E0001E43E9D104EB08039A4598BFA3EB0A03BA
:1070F00020462B60BDE8F087A8EB0A08002FCCD112
:10710000DAE707EB0900A4EB090205F1140103F02B
:10711000F1FDE4E738B541F288240546C0F20104E8
:107120002068A84218BF002801D0FFF731FA256077
:1071300038BD00BF38B541F284240546C0F20104D1
:107140002068A84218BF002803D0B0F86A10FFF7E3
:10715000A7FD256038BD00BF082918BF04292DE907
:10716000F04190F86D700D468CBF01220022082F6F
:1071700018BF042FA7F102038CBF01210021022BAD
:1071800098BF082D04460CBF0126002600F09B8006
:10719000914270D090F85C305E074CD5180740F1F2
:1071A00083802646002A00F09780336F002B00F082
:1071B000D8803846336843F00403336000232367E4
:1071C00094F85C3023F0060343F0020384F85C304B
:1071D00000F0B8FB10B90023A4F8643015F0F70FE5
:1071E00084F86D5035D1B44268D002F057FE94F85F
:1071F0005C3013F0060F01D0190773D502F056FE6C
:10720000082D26D194F85C301A0722D5033F012FB0
:107210001FD841F284250023C0F20105286884F8B4
:107220006D30984218BF844203D0B0F86A10FFF75F
:1072300037FD2C600DE038462646002A4BD02368E7
:1072400043F00803236000F07DFB0028C3D084F8DE
:107250006D5002F017FF002294F85D30E06723F0D4
:10726000060384F8742084F85D3002F00BFFA067F9
:10727000AEB9BDE8F08115F0F70F80F86D501DD064
:1072800002F000FF94F85D3084F8746023F0060388
:10729000E06784F85D3002F0F5FE2646A0673046D0
:1072A000BDE8F041FFF714BB266F002E4DD0002A39
:1072B0007FF47BAF10E0082380F86D30266F002E3E
:1072C00008BF264691E7002AF5D190F85C305907AF
:1072D00001D51B0736D526463368384643F02003D0
:1072E000336075E741F25C21C0F20101CB680831DF
:1072F0008B420DD0DA685B689442F9D0B2F838C09E
:10730000208F8445F4D1106F8442F1D1002313679C
:1073100094F85C3023F0060384F85C30FEF7F0F854
:1073200070B141F28828C0F20108D8F800000028A6
:1073300018BF844201D0FFF72BF9C8F800405DE781
:1073400000BEEEE7066F002EC6D100BE5AB194F81B
:107350005C6094F86D0016F004063FF470AF0026F0
:107360002CE7346725E71368FFDE00BF30B544F62D
:10737000206590F86D3083B0022B0446019511D042
:10738000B0F8640008B103B030BDD4F8F41001AA1D
:1073900004F5807001F0BAFA019BD3B9F8B9284618
:1073A0002A4618E090F85D301B075CBF4FF4FA7076
:1073B00003460AD594F86C30022B84BF42F6F820BD
:1073C000034602D873B901200346A4F8643003B021
:1073D00030BD9AB21046A4F8642003B030BD01203D
:1073E0000246F8E740F6B830013B984083B2ECE73C
:1073F00090F86D3010B5042B044606D9D0F89430BF
:10740000ABB100F0E5FF94F86D30A3F10202B2FADF
:1074100082F25209042B88BF42F001023AB9204699
:10742000FFF7A4FF2046BDE8104000F099BA2046BF
:1074300000F080FF2046FFF799FF2046BDE810408E
:1074400000F08EBA2DE9F04190B0002800F0B58030
:10745000436A002B00F0AF800590FDF775FE059B99
:1074600000F12202996A914204D20026304610B0FF
:10747000BDE8F0814DF686525B6A0E301D181F5A2A
:107480006C8899897FBA64BA91426E7BBFB2A4B20C
:1074900000F09580D3F81A00002300BA0DF12C0CEF
:1074A0000DF1180EF04603970B900F93BCE80F00F8
:1074B000AEE80F00DCF8003008AFCEF8003097E8F7
:1074C00007008DE80700214698E80C000020FFF730
:1074D00081FC0446002862D090F86D0000F032FA7A
:1074E00000285CD0002294F86D3084F86C20012BC9
:1074F00000F09180710771D406F01F06A6F1020614
:10750000B6FA86F6042B4FEA561698BF0026002ED0
:10751000ABD12046FDF722FE1027059B00F10E019E
:107520005E6A00F1A80372187158D2F804E0D2F82C
:1075300008C0D668E1502344C3F804E0C3F808C08B
:10754000DE6011692044196180F8B57002F09AFD7F
:10755000002294F85D30E06723F0060384F85D3084
:1075600084F8742002F08EFDA0672B7B03F0F003FB
:10757000502B98BF012667D8EB8920465BBA9BB297
:1075800005A9C4F8F43000F00FFA059818B1FCF71B
:107590007DFD002305932046FFF7E8FE66E706F031
:1075A0001F03102B3FF461AF70073FF55EAF0598E6
:1075B00000F068FF59E700BE4EE700BE48E70DF156
:1075C0002C0CE646D3F81600D3F81A10D3F81E2078
:1075D000D3F82230AEE80F00012361E7022B26D05A
:1075E0006D68D4F810112DBAA94228D0284601F0B0
:1075F000B7F800283FF439AFD4F81011D4F80431AB
:107600002846194401F0A8F800283FF42EAF059849
:1076100000F036FF29E706F01F03022BC4D12046F5
:10762000059900F0A9FB044600288FD11DE7AB683F
:10763000D4F82C111BBA013199427FF416AF1146D0
:107640002046FFF789FD10E72046059900F02EF847
:10765000064600283FF409AF8EE700BF41F25C21E7
:10766000C0F20101CB6808318B42B0F838C01BD0A2
:107670009CFA9CFC10B51FFA8CFC044602E05B6887
:107680008B420FD01A686245F9D1DA6892F83BE074
:10769000BEF1060FF3D192F85C008007EFD5012010
:1076A000226710BD002010BD0020704770B50C4649
:1076B00006460846FDF748FD656A00F10E031D44C5
:1076C0002B7B502B1ED9A26A223082421AD91C0968
:1076D000053CA400121AE4B2A24213D394B11435AB
:1076E0000DE0012B08D0012C3FD0022B0CD06B7881
:1076F000012B3AD9A34238D8E41A1D4402D02B7882
:10770000002BEED1012070BD032C2ED96B78042BF9
:107710002BD1A81CFEF7FAF8B0FA80F3B6F8662071
:107720005B09904208BF0023FBB9B0F5067F38BF64
:107730004FF40670904216D2D6F8042181B2B2FB03
:10774000F0F261F30F0361F31F4300FB02F2C6F88E
:107750005C3196F85C30A6F8661043F00103C6F879
:10776000042186F85C300423C6E7002070BD00BF0A
:10777000F8B504460D46466AFDF7E6FC034620468A
:107780000E331E44FDF7E0FC337B676A9B0803F071
:107790003C0300F10E021A443A44A16A2A60646A6A
:1077A0000E39B4F80CC0BCF1080F18BF002402D188
:1077B000248A64BAA4B28C42A8BF0C461844737BD6
:1077C0008442D4BF0024241A9B0601D42046F8BD6D
:1077D000718A204649BA89B20A442A60FEF780F8C5
:1077E000241A2046F8BD00BF2DE9F0411446054695
:1077F00084B010461E460F46FDF7A6FC636A03449C
:10780000D3F812801EB195F86D30032B06D80023F3
:10781000184685F83C3104B0BDE8F0810023D5F866
:1078200090000393F0B1FFF749FB034603AA98FACF
:1078300088F1009205F58070324601F005F8011ECE
:1078400013DB039B0BB1F61A1F443A462846334616
:10785000FFF7F4FA864208D0204600F013FE4FF0FE
:10786000FF30D8E7D5F88830E0E7002004B0BDE865
:10787000F08100BF38B5044608464D6AFDF764FC48
:107880000E3005446B7BA968DB0742BFD4F8143186
:107890000133C4F8103194F85D30980639D443F0C0
:1078A00020010B46D4F8202184F85D101906C4F895
:1078B00024213BD5013213F04003C4F8202104BF3A
:1078C0006B73C4F82C211CD094F85E300821DB4384
:1078D00003F001031B016B732046FFF73DFCD4F856
:1078E00020216B7BC4F82C215BB12046FDF736FCD0
:1078F00094F83C311433DBB218449B002B73C0B2B4
:1079000038BD94F83C3100201433DBB29B002B735C
:1079100038BDD4F8242109BA501C884202BF43F074
:10792000800384F85D30DBB21906C3D41123C4F898
:1079300020210A216B732046FFF70EFCD4F820218A
:107940006B7BCFE70B289FBF40F6813323FA00F013
:1079500000F0010080F0010088BF0120704700BFE7
:1079600090F86D2010B5082A044607D840F223137A
:10797000D340DA0748BF002000D510BD02F082FBDB
:1079800047F23053E26F801A984201D8012010BDAF
:1079900020460821FFF7E0FB94F85C305B0748BF06
:1079A0004FF0FF30F2D510BD2DE9F04F04460868C6
:1079B00087B00D46466AFDF7C7FB0E30064405A9A1
:1079C0002868D6F8048096F80DA0FFF7D1FE94F849
:1079D0006D300746042B98FA88F80BD9D4F810219B
:1079E00008F101039A4202BF94F85D3043F00103AD
:1079F00084F85D30D4F8183108EB070BABEB0303C8
:107A0000002BC8BFC4F818B13B4620462A68059928
:107A1000FFF7EAFE0028C0F259812046296800F0ED
:107A2000F1FC94F86D308146042B0AF001021DD060
:107A300092B194F85D2051060ED442F040029006B7
:107A400084F85D2058BF94F85E20C4F814B15CBF80
:107A500042F0010284F85E20023B082B68D8DFE880
:107A600003F00D6C0D534141676741000AF01F0A96
:107A7000BAF1020F00F09E80002ADAD12B6820466E
:107A80005E6AFDF76BFB94F86D200E30022A0CBF86
:107A90001221102106EB000898F80D30D8F8046088
:107AA00003F017038B4236BA6CD008212046FFF74B
:107AB00053FBD8F80830C4F810611BBAC4F82C3155
:107AC00098F80D30204643F0040388F80D30FDF798
:107AD00045FB09F1140909EB00064FEA890988F80A
:107AE0000C9004E020462968FFF7C4FE0646002EED
:107AF00006DD33463A462946204600F0A9FC0646F4
:107B0000304607B0BDE8F08F2B6820465E6AFDF76F
:107B100025FB0E3006EB0008B8F80E3098F80D6023
:107B20005BBA9BB2F106D8F804A0C4F8F4304DD487
:107B30000026304607B0BDE8F08F3146204600F001
:107B400073FA1223814673732046FDF707FB4844FE
:107B500009F114094FEA890986F80C90042100F113
:107B600014062046FFF7F8FA08F10103C4F81831AB
:107B7000C4F81031D4F81C310133C4F83431C4F8DE
:107B80002031B4E7B4F85830022AA4F85A31238FD0
:107B9000A4F8583100F09D80D4F81C310133002F37
:107BA00060D1C4F81061C4F82C3105212046FFF7DC
:107BB000D3FABDE7032120460392FFF7CDFA039ADB
:107BC00094F86D30002A3FF447AF32E7D8F8081038
:107BD00004F5807B584609BA00F0BAFED4F8942028
:107BE000002818BF002A52D112B1204600F0F0FB45
:107BF000D4F8203194F85D2006F00106C4F82C3149
:107C000002F0100333431BD09206D4F8103151D444
:107C1000FB1A9AFA8AFA584603EB0A0600F0A6FE07
:107C20008246584600F06CFE002818BFBAF1000FDB
:107C30003ED1012E04DCD4F814310133C4F81031E4
:107C4000102388F80D30002F75D1B9F1000F7FF4A3
:107C50006FAF3A462946204600F054FA061E3FF719
:107C600048AF65E7C4F82C311023204688F80D3062
:107C7000FDF774FA09F1140909EB00064FEA8909C6
:107C80000521204688F80C90FFF766FA2FE7034697
:107C90001046002211460092FFF7DCF918B1236864
:107CA00043F002032360D4F89420002A9DD19FE77B
:107CB000012EC5DC94F85D30204643F0100384F8B3
:107CC0005D302968FFF7D6FD064610E74FF0FF3616
:107CD00016E72046FDF742FA1023204480F8B5301D
:107CE0003146D4F82C2188F80D3004F58070B4F8B2
:107CF000663000F075FD3B1E18BF012394F86D201F
:107D00000136022A08BF43F00103D4F82021C4F849
:107D100018610132C4F82021D4F83421C4F810616C
:107D20000132C4F83421D4F81C210132C4F82C21CA
:107D3000002B99D139E72046FDF710FA09F1140319
:107D40001E189B0088F80C3094F85D309B0644BFE9
:107D5000D4F82431C4F82031B9F1000F7FF4C7AE54
:107D60004A462946204600F0CDF90028C8BF0646FD
:107D70003FF7BFAEBBE600BF38B5054608460C4628
:107D8000FDF7E2F9142801D0002038BD214628462D
:107D9000BDE8384000F044B870B50C4604F120034B
:107DA00063F98F0700F1200686B046F98F07054674
:107DB00094F83A6004F1800E85F83A606EF98F0A03
:107DC00000F1800C4CF98F0A04F1F80262F98F0778
:107DD00000F1F80343F98F0769462046FEF76AFD74
:107DE00095F85C302C6743F0040385F85C30B4F8F8
:107DF0006830226F0133A4F868307AB10123182269
:107E000069462846FEF71CFB10B9012006B070BD7C
:107E10002846FEF7BDFB002006B070BD2567EDE7E4
:107E2000002818BF002901D1002070472DE9F84330
:107E30000B6B0D464E6A2BB104461B68D6F81E002C
:107E4000984202D00020BDE8F883738CD6F81A203F
:107E5000218FF9F7DDFD80460028F3D094F85C30DF
:107E60001A072ED5002743F00403246784F85C30FA
:107E70002846D5F82490FDF767F9237A296B8144C9
:107E800023F00103D9F8122021642372738C12BAF3
:107E90005BBAA4F85830D6F81A3020461BBAC4F89A
:107EA0001021A364C4F82C8100F036FC204600F0B9
:107EB000A3F8012820D0002FC4D02046FEF768FB8D
:107EC000C0E7B4F86820B4F86A309A4210D20622AB
:107ED00001210220FEF7A0F8431E0333074607D80E
:107EE0002146FFF759FF0028ACD03C460127BFE7E9
:107EF000284600F0C7FAA5E720460321FFF72CF932
:107F0000D5E90912562A28BF562204F19A0002F038
:107F1000F1FE2046BDE8F88370B504464E6AD0F8FD
:107F200090000E32164468B3FEF7D2FF054629468C
:107F3000D4F80401FDF7D8FC8022E16DC0F2020202
:107F40000A40002A18BF0020B4F866104FF6FC73F0
:107F5000A94294BF01250025814298BF0025002D2C
:107F600018BF0846834228BF03465BBAD4F81021E5
:107F7000F38194F85D30024423F0010384F85D300E
:107F8000226670BDD4F88850D1E700BF70B54D6A45
:107F90000E32154490F85D20044691070FD5D0F8B5
:107FA0002C3122F00602013B42F004021BBA80F899
:107FB0005D206B60D4F810311BBAAB6070BD1E46FB
:107FC000D0F82C311BBA6B606B7BDB07F2D5FDF769
:107FD000C5F8D4F82C21A6F114031344D4F82421B5
:107FE0001B1A93421EBF6B7B23F001036B73D4F803
:107FF00010311BBAAB6070BD40F2B453D0E93E12F1
:1080000010B5B0F8664082B00194D0F82C4103FB63
:1080100002F203FB01F100F580700369009400F0A7
:10802000A3FB02B010BD00BF034640F2024CB3F800
:10803000663004201A0AA1F814C08A75CB757047FF
:108040002DE9F0414DF68065C0F200052D68074628
:108050000E4614469846FDB151B11C4422343846B0
:10806000FDF77CF820443446B0622046BDE8F0813C
:1080700040F2F25800214046FCF730F80446002850
:10808000F3D05622606AC4F8288007F19A0102F002
:1080900031FE2046BDE8F081FDF760F8444422340B
:1080A00000EB0408B8F1560F38BF4FF05608002E09
:1080B000E0D0B36A4345D2D229464046FCF70EF8D9
:1080C00004460028D1D0C4F82880D6E90912606A95
:1080D00002F010FE3046FBF7D9FF2046BDE8F081E4
:1080E00010B50C4618B1006C08B1206310BD142AFD
:1080F00018BF0020F9D1636AD3F81E00FDF714FE03
:10810000206310BD2DE9F0470B68884604461646EB
:1081100084B000F19A0503B15D6A2046FDF71EF8B0
:1081200000230E30054403936B7B04F5807943F004
:1081300010036B73D4F894301BB1B4F86630012B84
:108140001DD894F86D30052B08BF002757D094F840
:108150005D7017F003070ED000276B7B143603F019
:10816000F703B20043F010032A736B732046FCF749
:10817000F5FF06443744384604B0BDE8F08748466A
:10818000D4F8F41003AA00F08FFB071E04DCD8D04B
:10819000384604B0BDE8F08733463A462046D8F862
:1081A0000010FFF74DFF00285FD0D0F824A0C8F8DA
:1081B00000002046FCF7D2FF00F10E052046FCF738
:1081C000CDFFD4F8943006F122081968039A804450
:1081D0001846FEF76DFE0123D04400930146424647
:1081E0003B46D4F89400FEF735FF94F85C308046A7
:1081F0005906554466D494F86D30052B58D194F83F
:108200005C309A0634D494F87430032B29D8002FAC
:108210004ED194F85D70FB079BD401F033FF4DF213
:10822000C04240F6B833A16FC0F20102401A94F880
:108230007410002908BF1346834288D201F022FF40
:1082400040F6C41394F85D70A4F8643094F8743068
:1082500047F002070133A06784F85D7084F874303A
:1082600077E708212046FEF777FF4FF0FF3782E7D8
:10827000484600F045FB0028C5D094F85C30062144
:1082800023F0200384F85C306B7B204643F001032D
:108290006B7394F85D3023F0210343F0210384F8DD
:1082A0005D30D4F82031C4F82431FEF755FFAAE739
:1082B0006B7B143603F0F70343F018036B73B300C2
:1082C0002B7353E7D4F8940003998268FEF7F0FD0E
:1082D000804590D16B7B43F001036B73D4F82C3154
:1082E0003B44C4F8243194F85D3043F0200384F813
:1082F0005D3080E72DE9F04108264FF00008054683
:108300000F46002239462846FFF7FCFE041E0BDD0F
:10831000396851EA05030AD000232246284600F0B6
:10832000B3F8013EA044ECD14046BDE8F08100BE68
:10833000F2E700BF70B590F86D3082B0022B30D1FB
:1083400090F86C300446022B04D90821FEF704FF94
:10835000002523E090F85D301A0731D52046FCF760
:10836000FDFE40F20242B4F8663000F1A806264451
:10837000190AF375B175B2822046FCF7EFFE602151
:10838000002394F86C2000F1180501323173204667
:1083900084F86C2019462A4600F076F8284602B088
:1083A00070BD002301A90193FFF7A4FF019B0546BF
:1083B000002BF3D01846FBF769FE284602B070BDCB
:1083C000037ADB07CAD400F03BF90128C0D1C5E726
:1083D00010B50446D0F89400FEF78EFD011E00DCB7
:1083E00010BDD4F8943004F580705A681B6900F011
:1083F0003FFA011EF4DDD4F89400BDE81040FEF70A
:108400008BBD00BF38B5044608464D6AFCF79CFE9C
:1084100094F86D200346042A94F83C0103D994F89B
:108420005C20D10700D438BD40F2024C602103F13A
:108430000E002B1822F0010284F85C20A3F814C06F
:10844000B4F866201973110ADA759975042038BDDD
:1084500070B51C46064608680D46FCF775FE0CB95B
:10846000204670BD296856EA010306D03046002335
:10847000224600F009F8204670BD00BEF6E700BFB6
:1084800001207047012070472DE9F0434FF00009AB
:1084900093B007461646CDF80490002900F0BB8043
:1084A00098460B6B0D464C6A002B00F08480002F21
:1084B00072D0142229463846FFF72EFD3346142287
:1084C00029463846FFF762FDBB6C1BBAC4F81E3064
:1084D0002B6B1B68C4F81A3041F2F0138027002080
:1084E000C0F20103A7751F88320A97FA97FC42EA87
:1084F0000622A4F812C0228204F10E011422207573
:1085000060752076607601371F80FDF773F843BAF7
:10851000DB43A96A012223832046FDF701F9A38CDE
:10852000628C0E36A2846384AE62D4F81E3001AA37
:10853000684602A90093FBF723FF012809BF019AAF
:108540002A6B02AB2A6318BFA31D002A3AD01A680F
:10855000A61D22609B88A3802B6B9A6BC4F8062013
:108560009B8F6381A96A3B2906D800226B6A5A5403
:1085700001313C29FAD1A9622B6BD86E002839D081
:10858000C368002B3CD0294642469847B8F1000FFB
:1085900021D013B0BDE8F083D4F82620D4F82A30D7
:1085A000C4F82A20D4F81A20C4F82630D4F81E3093
:1085B000C4F81E208EE71422FFF792FD2B6B002BD0
:1085C0007FF475AFB8F1010FE3D12846FBF75EFDEC
:1085D00013B0BDE8F083638CA18CD4F81E20A38473
:1085E00023686184C4F81A203360A388B38013B071
:1085F000BDE8F08300BE2B6BD86EC368002BC2D1E0
:1086000000BE2B6B2946D86E4246C3689847B8F126
:10861000000FBED1DFE7382204A802F05DFB56232D
:108620001422384607F19A0404A9CDE90D43FFF757
:1086300057FD109B002BACD0C84604AD37E700BFF8
:1086400070B50446A36C84B01BBA02A901A804F15A
:1086500040020193FBF794FE01280AD094F86C3095
:108660000198013384F86C30FCF7C2F8002004B0A4
:1086700070BDB4F85830A26C218FA06AF9F7C8F920
:1086800005460028F2D0002694F85D30314643F0CC
:10869000080384F85D30562204F19A0084F86C6077
:1086A00002F01AFB4522082384F8A82034224FF454
:1086B000D061C4F82C514FF4147584F8A630BDF87D
:1086C0000C3084F8AB20A4F8A430A36CB4F8582084
:1086D0001BBAC4F8B430238F029852BA5BBAC4F8FC
:1086E000A000A4F8B0102046A4F8BC20A4F8BE3026
:1086F00084F8A76084F8AA60C4F81061A4F8C85090
:1087000000F00AF82046FFF777FCA0F10100B0FA6C
:1087100080F0400904B070BD037ADB0700D57047D4
:1087200000F000B8026C10B5044632B1D2E9001274
:10873000836C1BBA4B40134204D140F2B450A4F8EE
:10874000660010BD40F2B4514FF4AF60FDF7CCF8B5
:1087500080B2A4F8660010BD401AC00F704700BF79
:10876000081AC00F704700BF70B40126039C049D17
:10877000826080EE904B844681EE903BB0F85C20A6
:1087800006604160ADB1B0F85E0008B1ACF85E5073
:10879000B2FA82F04009954238BF40F0010040B182
:1087A000B1FBF5F105FB01F1AAB2ACF85C20CCF805
:1087B00004104FF4FA75CCF844200CF10C010CF1C4
:1087C0002802CCF83850012041F98F17CCE9063443
:1087D000CCF82040CCF8344070BC42F98F07704789
:1087E00030B4012481EE901B046080EE902BB0F831
:1087F0005C40B3B1B0F85E500DB1A0F85E309C4261
:1088000094BF00250125002C08BF45F0010545B1A6
:108810004468B4FBF3FC9CB203FB0CF3A0F85C408F
:1088200043604FF4FA75446400F1280300F10C042E
:10883000856344F98F1730BCC0E9061202624263B7
:1088400043F98F07704700BF30B40025029C84466F
:1088500025600469934228BF8C420BBFA4180120F5
:1088600000204FF0FF3008BFCCF8104030BC7047FC
:1088700038B5836C002BC8BF002501DD284638BD04
:10888000456C04468D4228BF0D460023406B63654E
:10889000E2642064A56401F0F5FB636B20652B4462
:1088A0002846636338BD00BFF8B5856C85B11646B0
:1088B00090F856200446D20790F854300DD5826BBC
:1088C00002FA03F701F0DEFB236DC01A874202D9DA
:1088D00000252846F8BD94F8543094F8562001330A
:1088E00084F8543042F0010384F8563001F0CAFB9A
:1088F000236C2065E362E36C28463360F8BD00BF5B
:10890000806CB0FA80F04009704700BF38B5002392
:1089100013600446806C48B194F85630DB0706D4E7
:10892000B4F85E00814234BF0020012038BD1546F6
:1089300001F0A8FB94F85410226DA36B8B40811AB0
:108940008B4202D913441B1A2B60012038BD00BF93
:108950000346806C20B11A6A02448A4201D9002081
:10896000704700211A629964704700BF03698069EB
:10897000181AC043C00F704718B1436A9B89082B6F
:1089800000D0704700F014B830B1436A43B19B89FE
:10899000082B0AD00020704700BE436A002BF6D196
:1089A00000BE436A9B89082BF4D100F0A1B800BF38
:1089B0002DE9F0410446636982B0656A0093236B38
:1089C0006846294601AA0193A66AFBF7D9FC236BE6
:1089D0005BB1022803D001280AD0002872D02046BB
:1089E000FBF754FB02B0BDE8F081019B2363F0E785
:1089F000676A0022BE464DF6FC6CA38E2A3EAB840D
:108A0000E38EB6B26B8406F108035BBAEB8485F89B
:108A1000282085F829201EF8068FC0F2000CBCE83B
:108A20000F00C7F80600CEF80410BCE80300CEF82B
:108A30000820CEF80C30CEF81000CEF81410626981
:108A4000236B1C3676BA2E82C5F81E2013B11B6824
:108A5000C5F81A30002620462E756E752E766E7675
:108A6000FCF772FB05F10E0102463046FCF7C2FD31
:108A700040BAC04318F00208288304BF85F8288054
:108A800085F829802ED1236B002BA8D0996B626AC0
:108A9000D86EC2F806109B8F5381A36A3B2B06D871
:108AA0000021626AD15401333C2BFAD1A362002821
:108AB00098D0C368002B95D001222146984702B078
:108AC000BDE8F08102460099FBF74AFC6069FDF7BA
:108AD0002BF92063002882D0009B20466361FBF7BE
:108AE000DBFCD0E701222846A16AFCF719FECAE7A1
:108AF0002DE9F04104469046F0B1666A06B3084697
:108B0000276BFDF7BBFE00230546C8F80030D0B147
:108B10000FB13B68D3B901F0C1F9214605F1480016
:108B200000F0A0FA01F0C2F9686810B1012100F06C
:108B300021FA0120BDE8F08100BE666A002EDED178
:108B400000BE666ADBE70020BDE8F0812046FBF747
:108B5000B3FE012808BFC8F80000F4D0D6F81A10F8
:108B6000B01DFBF7D9FBD6E7F8B5431E0A3300F278
:108B70008F8010F0070300F1080440F0988001F0A6
:108B80008DF941F29C20C0F2010003682546002BBC
:108B900000F0A280002CC0F2858041F29827C0F23C
:108BA00001073B68A3427DD341F2A023C0F2010339
:108BB0001A68594D41F2A82CAA4294BF0023012300
:108BC000C0F2010C624538BF43F0010303B100BE9F
:108BD00041F2A02E5368C0F2010EA3420FD311E060
:108BE000AB4294BF00210121634538BF41F0010130
:108BF00001B100BE59689646A1421A4602D21368D6
:108C0000002BEDD1036893424CD0DEF800600836AB
:108C100066452CBF00230123AE4288BF43F0010309
:108C200003B100BE1368CEF800305368A34201D2EE
:108C300000BE5368191B10290CD91019450702D022
:108C400000BE5168091B23464160DEF80010016038
:108C5000CEF8000041F294203968C0F201000468A7
:108C6000C91AA14238BF0160396041F29021002049
:108C7000C0F2010143F0004353600B681060013300
:108C80000B6001F013F973070FD000BE3046F8BD3A
:108C900001F004F941F29C200025C0F201000368B4
:108CA0002C46CBB101F002F900263046F8BDA3F105
:108CB0000902A242ECD31030C41A01F0EFF841F2DD
:108CC0009C20C0F20100036825462BB1002DE9DB92
:108CD000002C7FF462AFE5E741F2A02141F2A82326
:108CE00041F2942E41F2982C4CF2F87200260B4F70
:108CF000C0F20103C0F20101C0F2010EC0F2010C8A
:108D00007E601F60C1E9003607609E50CEF80020EB
:108D1000CCF800205A60D9E7A7DA0100A0DA0100F8
:108D2000002867D0F8B5464FA0F10805BD4241F2D2
:108D3000A82694BF00230123C0F20106B54238BF24
:108D400043F00103044603B100BE54F8043C002B79
:108D50000DDB00BE54F8083C002B4CD000BE54F88C
:108D6000043C002B02DA54F8082C22B1F8BD54F868
:108D7000082C002AF2D123F0004344F8043C01F00F
:108D80008DF841F2A02141F29822C0F201010B4678
:108D9000C0F20102106854F804CC604410601A4616
:108DA0001B689D42FBD88A420CD0B2422CBF0026E1
:108DB0000126BA4288BF46F001061EB100BE54F833
:108DC00004CC136851685018854219D005EB0C018A
:108DD0008B422CD044F8083CAA4218BF156041F2DF
:108DE0008C23C0F201031A6801321A60BDE8F84012
:108DF00001F05CB8704754F8043C002BBBDBF8BDB5
:108E00008C4402EB0C018B42C2F804C0E7D141F262
:108E10009C21C0F201010968994208BF1360DED0AD
:108E20001546D3E900016144C5E90001D4E741F2E8
:108E30009C21C0F2010109689942F2D1CAE700BF42
:108E4000A7DA010041F29823C0F2010318687047C5
:108E500038B51C20FFF788FE044628B1002540F8ED
:108E6000045B00F0E9F82576204638BD2DE9F04294
:108E70000C4691461F460646002837D0B4F1807F45
:108E800013D294B101F002FBA0B9069B1BB300BE44
:108E900001F004F83568002F50D12C4210D1B9F1FF
:108EA000000118BF012109062FE000BE01F0EEFA13
:108EB0000028EAD000F0F2FF3568CFB92C4237D055
:108EC000B9F1000F0DD025EA0404346000F0EEFF84
:108ED0002846BDE8F08200F0E1FF356897BB2C42E0
:108EE000EED100F0E3FF2846BDE8F08200BEC5E702
:108EF00034EA0503E4D0069B002BF2D0B9F100015F
:108F000018BF0121090641F08061069A2143301DF6
:108F100001F02CF900F0CAFF00B900DF01F0C8FA37
:108F20008301054612D525F07F452846BDE8F0822D
:108F3000069B002BB3D100F0B9FFD4E734EA050358
:108F4000DCD1BDE734EA0503CBD1B9E7F8F70CF97A
:108F5000356857B92C4205D0B9F1000F02D025EA87
:108F600004043460F8F72AF9DDE734EA0503F9D19F
:108F7000F2E700BF2DE9F84307460D4690B3B5F17F
:108F8000807F00D300BE00F089FF3B683C6907F199
:108F90000C092B43A1453B601ED04FF0000809E0AF
:108FA00036B1D30148BF48EA050801F0A3F93B6890
:108FB000A1450FD020460268646822F07F4512F078
:108FC000806F43F0007105EA0306E9D0B542E8D0AE
:108FD000A145EFD123EA08033B6000F067FF386842
:108FE000BDE8F88300BECAE738B5044610B300F008
:108FF00055FF6368A3B104F10C0505E04FF0007163
:1090000001F078F963685BB12069A842F6D100BE2F
:109010004FF00071206901F06DF96368002BF3D106
:1090200000F044FF237E03B138BD2046BDE8384040
:10903000FFF776BE00BEDAE700F1080310B40022A5
:109040004FF0FF3480EE903B00F10C01C0E9013499
:1090500041F98F075DF8044B0260704700230361FC
:10906000704700BF10B4D0E9003294680133C1E901
:109070000124616091605DF8044B086103607047F2
:1090800030B40D686B1C18BF00F108030ED01C46ED
:109090005B681A68AA42FAD902684B60013299608B
:1090A0008C60616030BC086102607047046963686D
:1090B000F2E700BF0346026910B45468406899683B
:1090C0009C428160486008BF5160002110685DF8D3
:1090D000044B013819611060704700BF70B5164627
:1090E000026C0446856B0AB386B9406801F002FE43
:1090F0006368216CA2680B44934205F1010563602B
:1091000015D3236800206360A56370BDC06801F0BB
:10911000F1FD226CE36851429B1A2268E36093429E
:109120003EBFA3685B18E360022E03D00135002028
:10913000A56370BD012D38BF0125F8E770B5054660
:10914000F8F712F895F845305CB2002C14DD05F103
:10915000240603E0631EDAB25CB26AB16B6A5BB1EB
:10916000304601F05BF80028F4D001F081F9631E6D
:10917000DAB25CB2002AF1D1FF2385F84530F8F766
:109180001DF8F7F7F1FF95F844305CB2002C14DDC0
:1091900005F1100603E0631EDAB25CB26AB12B6916
:1091A0005BB1304601F03AF80028F4D001F060F9E4
:1091B000631EDAB25CB2002AF1D1FF2385F8443095
:1091C000BDE87040F7F7FABF28B370B5C56B044629
:1091D000F5B1026CA2FB0525D5B90E46F7F7C4FF21
:1091E000D4E90F31FF2001FB03F32268591A6260B2
:1091F00013440A44A563C4E9023284F8440084F8A5
:109200004500A6B9236953B9F7F7D8FF012070BD0F
:1092100000BE002070BD00BE00BE0020704704F1FB
:10922000100000F0FBFF0028EED000DFECE704F1B7
:109230001000FFF701FF04F12400FFF7FDFEE3E754
:10924000002B2FD000282ED010B51C460B1E18BFA7
:109250000123002A08BF43F0010382B0F3B1B1FA41
:1092600081F35B09002A18BF43F00103B3B148231F
:109270000193019B482B00D000BE0123002908BFA9
:109280002246E06321642046019984F8463019465D
:109290002260FFF799FF204602B010BD00BE0020FB
:1092A00002B010BD00BE00BE00207047031E18BFF4
:1092B0000123884238BF0023F3B130B5144683B090
:1092C000AAB148230193019B0D46482B00D000BE54
:1092D00001210023E0632460204684F846102364C3
:1092E000019AFFF771FF2046A56303B030BD00BEB1
:1092F00000BE002003B030BD00BE0020704700BF9C
:109300002DE9F04385B0894604469846019200282D
:109310006CD0B9F1000F6DD0B8F1020F71D001F02F
:10932000B5F810B9019B002B70D1A8F102060025F9
:10933000B6FA86F62F46760907E0F7F73FFF204694
:10934000FFF7FCFE00F0B2FD0125F7F70DFFA36B60
:10935000E26B93422CBF304646F00100002837D123
:10936000019B002B5CD07DB3F7F728FF00F096FD42
:10937000F7F7FAFE94F84430FF2B08BF84F84470E6
:1093800094F84530FF2B08BF84F84570F7F716FFB7
:1093900001A902A801F032F8002847D1F7F7E4FE4E
:1093A000A26BE36B9A42C8D1F7F708FF019904F169
:1093B000100000F0C7FE2046FFF7C0FE00F076FD6B
:1093C0000028C1D100DFBFE702A801F009F8CBE710
:1093D000424649462046FFF781FE636AC3B9E8B9B1
:1093E000F7F7ECFE012005B0BDE8F08300BEB9F14F
:1093F000000F91D1236C002B8ED000BEB8F1020F6C
:109400008DD1E36B012B8AD000BE88E700BE8CE7CC
:1094100004F1240000F002FF0028E1D000DFDFE7C4
:10942000F7F7CCFE002005B0BDE8F0832046FFF73B
:1094300085FE00F03BFDF5E7F0B585B00E4604462D
:10944000019200285FD0002E60D001F01FF810B903
:10945000019B002B5FD1F7F787FEA56B002D5CD138
:10946000019BA3B302A800F0BBFF2F46F7F7A6FEAF
:1094700000F014FDF7F778FE94F84430FF2B08BF96
:1094800084F8447094F84530FF2B08BF84F8457089
:10949000F7F794FE01A902A800F0B0FFE0B9F7F7D2
:1094A00063FEA36B2BBBF7F789FE019904F124003F
:1094B00000F048FE2046FFF741FE00F0F7FC00B345
:1094C000F7F752FEA56B45BB019B002BCED1F7F7FA
:1094D00075FE002005B0F0BD2046FFF72FFE00F01E
:1094E000E5FCF7F741FEA36B002BF0D0F7F766FE23
:1094F000E6E7F7F763FE2046FFF720FE00F0D6FC14
:10950000DEE700DFDCE700BE002E9ED1236C002BDF
:109510009BD000BE99E700BE9DE7226C5AB1E1687E
:10952000A36811449942E16028BF2168304628BFF2
:10953000E16001F0DFFB2369013DA56323B9F7F783
:109540003DFE012005B0F0BD04F1100000F066FE04
:109550000028F4D000DFF2E770B584B00446019132
:10956000002862D0236C03B100BE00F08FFF10B959
:10957000019B002B57D1F7F7F7FDA56B002D56D1B6
:10958000019BA3B302A800F02BFF2E46F7F716FEAF
:1095900000F084FCF7F7E8FD94F84430FF2B08BF97
:1095A00084F8446094F84530FF2B08BF84F8456088
:1095B000F7F704FE01A902A800F020FFE0B9F7F7D1
:1095C000D3FDA36B2BBBF7F7F9FD019904F1240040
:1095D00000F0B8FD2046FFF7B1FD00F067FC00B3D6
:1095E000F7F7C2FDA56B15BB019B002BCED1F7F79A
:1095F000E5FD002004B070BD2046FFF79FFD00F0A0
:1096000055FCF7F7B1FDA36B002BF0D0F7F7D6FDB3
:10961000E6E7F7F7D3FD2046FFF790FD00F046FCA4
:10962000DEE700DFDCE700BEA5E700BE9AE72369BE
:10963000013DA56323B9F7F7C1FD012004B070BD5A
:1096400004F1100000F0EAFD0028F4D000DFF2E79A
:1096500010B5044630B1F7F787FDA46BF7F7AEFD00
:10966000204610BD00BEF7F77FFDA46BF7F7A6FDFF
:10967000204610BD10B408B30023124C54F8332018
:10968000D900904203F1010307D00A2BF6D190F8DC
:1096900046307BB15DF8044B70474DF6A823C0EF10
:1096A0001000C0F201031944C1ED000B90F84630E0
:1096B000002BEFD15DF8044BFFF732BB00BE00BEBC
:1096C000DAE700BFACDA010010B321B34DF6A82CE5
:1096D00030B40024C0F2010C2346624604E001339A
:1096E0000A2B02F108020ED05568854214D0002CD6
:1096F000F5D15CF833500133002D08BF14460A2B16
:1097000002F10802F0D10CB1C4E9001030BC70477E
:1097100000BE0029DAD170470CEBC304F4E700BFA8
:1097200070B504460E461546F7F71EFD94F8443012
:10973000FF2B04BF002384F8443094F84530FF2BFE
:1097400004BF002384F84530F7F738FDA36B23B13D
:109750002046BDE87040FFF7F1BC04F124002A4622
:10976000314600F02FFD2046BDE87040FFF7E6BC13
:109770002DE9F8430446F7F7F7FC4DF620334DF694
:10978000F836C0F201031A68C0F2010601321A600D
:109790003268002A42D04DF614374DF69435C0F2A7
:1097A00001073A68E36AC0F201056AB34DF6043274
:1097B0004DF61831C0F201021068C0F2010101300B
:1097C00010600A689A4238BF0B6003EB830305EB15
:1097D000830041689B00D1F808C0221DA160C4F835
:1097E0000CC0CCF804208A60EA5860610132EA506B
:1097F000F7F7E4FC3B682BB13268E36AD26A9A421D
:1098000000D200DFBDE8F8834DF694353268C0F22F
:109810000105D26A9A4298BF3460C7E734601B687A
:109820004DF69435012B07D04DF61437E36AC0F29C
:109830000105C0F20107B9E7C0F201052F4605F1A5
:10984000640838461437FFF7F7FBB845F9D14DF6F1
:1098500080394DF66C38C0F201094846C0F2010863
:10986000FFF7EAFB4046FFF7E7FB4DF65030C0F24A
:109870000100FFF7E1FB4DF63C30C0F20100FFF7BD
:10988000DBFB4DF62430C0F20100FFF7D5FB4DF6AF
:1098900068324DF664334DF61437C0F20103C0F25E
:1098A0000102C2F80090C0F20107C3F80080E36A29
:1098B0007CE700BF2DE9F8434DF61C354DF66832C4
:1098C0004DF664334DF6F834C0F201052F680546B5
:1098D000C0F20103C0F20102C0F20104D2F800801C
:1098E000D3F8009020680E460430FFF7E3FBA5F1A3
:1098F000FF33B3FA83F3002E4FEA531308BF00235C
:10990000B3B14DF62433C0F20103276826682068FE
:10991000216825681C685A6801341C60946804300A
:109920000431BA60F460606091606B61BDE8F883F7
:1099300023687F1921685F6005D34846BDE8F84376
:109940000431FFF79DBB40460431FFF799FB4DF60C
:109950000033C0F201031A68BA4288BF1F60BDE835
:10996000F88300BF2DE9F04702F18042DDE9099557
:109970002F6B013A07EB82079A468046089B27F037
:10998000070779B101F1FF3C01F10F0605F1330E34
:109990001CF9014F0EF8014F0CB1B445F8D100226B
:1099A00085F84320042B98BFC3F1050402D900BEFB
:1099B00001240423EB62281DFFF750FB05F118007A
:1099C000FFF74CFB524641463846AC612D616D6253
:1099D000F7F786FB2860B9F1000F01D0C9F80050F5
:1099E000BDE8F087F8B54DF63835C0F201052B68B3
:1099F0005BB34DF63C374DF62036C0F20107C0F29E
:109A0000010606E0012B21D0022B00D000BE2B68FE
:109A1000DBB1F7F7A9FBFB68DC68201DFFF74AFB09
:109A20003368013B33602B68013B2B60F7F7C6FBC3
:109A300094F85D30002BE5D1206BFFF771F92046DB
:109A4000FFF76EF92B68002BE3D1F8BD2046FFF736
:109A500067F9DCE74DF6943408B5C0F20104FFF76E
:109A6000C1FF2368012B00D900DFF7F72FFBF6E7D2
:109A70004DF61C334DF600312DE9F04FC0F20103D5
:109A80001D6885B001351D60C0F2010135BB4DF682
:109A9000683EC0F2010EDEF800301B6803B100BE64
:109AA0004DF664324DF60833C0F20102DEF80010C4
:109AB0001068C0F20103CEF8000011601A684DF67C
:109AC000003101321A60DEF800301B68002B40F0D4
:109AD00091804FF0FF33C0F201010B600B689D4293
:109AE00038BF00207BD34DF6683EC0F2010EDEF891
:109AF00000301868002800F086804DF6F83300200A
:109B00004DF618364DF69434C0F201030746CDE900
:109B10000153C0F20106C0F20104039152E0D3F8F0
:109B200014C0D3E90229C2F80890C9F80420DCF86F
:109B300004208A42DCF8002008BFCCF80490013AE7
:109B40005F61CCF80020D3F828C0BCF1000F11D021
:109B5000D3E90729C2F80890C9F80420DCF80420EA
:109B60004245DCF8002008BFCCF80490013A9F621F
:109B7000CCF80020DA6AD6F8008002EB820C04EB05
:109B80008C0ADAF8049054F82C50D9F808B0C3F8CD
:109B90000890C3F80CB04245CBF80410C9F808107F
:109BA000C3F814A0029B88BF3260196805F1010850
:109BB000DEF8003044F82C80C96A1B688A4288BFEE
:109BC0000120FBB1DEF80030019DDB68DB685A68DC
:109BD000191D954203F11808A1D203990A604DF6A8
:109BE0000C33C0F201031B68002B18BF012005B025
:109BF000BDE8F08FDEF80030C0F20101DB681B68C1
:109C00000B606BE703994FF0FF330B60E7E700BF92
:109C10002DE9F043002487B0DDF83C90049405461C
:109C2000884617461E46109CB9F1000F26D044B353
:109C300060230593059B602B00D000BE059BB9F106
:109C4000000F17D060220021204601F045F8284679
:109C50000E9DC4F8309000950225029484F85D5062
:109C600004AD33463A4641460195FFF77BFE204658
:109C7000FFF77EFD049807B0BDE8F08300BE002C1E
:109C8000D6D100BE60230593059B602B05D000BE96
:109C90000498059B07B0BDE8F0830498059B07B0C6
:109CA000BDE8F0832DE9F043074685B090001646E5
:109CB00088469946FEF758FFF8B105466020FEF742
:109CC00053FF0446B0B16022002101F005F825637E
:109CD0000D9D4B4601950C9D3246414638460294F7
:109CE0000095FFF73FFE2046FFF742FD012005B03B
:109CF000BDE8F0832846FFF713F84FF0FF3005B0BA
:109D0000BDE8F083F8B504464DF6F836F7F72CFABF
:109D1000C0F20106002C65D0271D3846FFF7CAF9AE
:109D2000A36A1BB104F11800FFF7C4F94DF6043320
:109D30004DF61435C0F201031A6831680132C0F2E1
:109D40000105A1421A602B6839D04DF620334DF63B
:109D50006832C0F201031968C0F2010201391960CA
:109D600013681B68BBB14DF600331268C0F20103E3
:109D7000D26812681A60F7F721FA94F85D30BBB127
:109D8000012B3AD0022B00D000BE2B6813B13368F0
:109D9000A34229D0F8BD4DF600334FF0FF32C0F298
:109DA00001031A60F7F70AFA94F85D30002BE7D147
:109DB000206BFEF7B5FF2046FEF7B2FFE5E7002B6C
:109DC000C3D04DF63C303946C0F20100FFF74AF9E6
:109DD0004DF63833C0F201031A6801321A60F7F702
:109DE000EDF9D2E7346897E74DF6F823C0F20103A6
:109DF0001B6803B100BE00DFF8BD2046FEF790FFF0
:109E0000C3E700BF44F2494330B500248DB0C4F22B
:109E10004C5307AA06A905A80893CDE905448DF877
:109E20002440F7F773F8DDE9051249F65520CDE92E
:109E300001212346079A009408A9C0F20000FFF709
:109E4000E7FE4DF6FC23C0F20103186030B94DF671
:109E50001473C0F200031B680DB030BD00F0CEFDDE
:109E60000128054603D00135F1D100BEEFE7F7F731
:109E700017FA4DF600314DF614324DF61C334FF003
:109E8000FF30C0F20101C0F20102C0F2010308601C
:109E900015601C60F7F728FBD9E700BF4DF6F823E3
:109EA000C0F201031A6801321A6070472DE9F04FC1
:109EB0004DF6F82483B0C0F20104F7F755F9236892
:109EC00003B900BE2368013B2360D4F80080B8F1D9
:109ED000000F40F0A9804DF62033C0F201031B684B
:109EE000002B00F0A1804DF6503EC0F2010EDEF8CE
:109EF0000030002B00F0A7804DF60C334DF61839DA
:109F00004DF6943C4DF6F83B4746C0F20103C0F2D3
:109F10000109C0F2010CC0F2010B00930194DEF8BC
:109F20000C30DB68996AD3E90720906042604A6888
:109F300003F11804A2420A6808BF4860013A9F6210
:109F40000A605969D3E90220906042604A681D1D89
:109F5000AA420A6808BF4860013A0A60D9F80000BE
:109F6000DA6A824288BFC9F80020DBF8000002EB01
:109F70008201D0F82C800CEB8106424588BF01227B
:109F800074685CF82100D4F808A09C60C3F80CA0A9
:109F9000CAF80450A5605E6188BF009B00F1010013
:109FA00088BF1A60DEF800304CF82100002BB6D1D3
:109FB0004DF66833C0F201031A68019C1268002A4A
:109FC00039D04DF600321B68C0F20102DB681B6815
:109FD00013604DF61036C0F201063568A5B10127B1
:109FE000DDF8008006E0FFF743FD08B1C8F8007017
:109FF000013D08D02368002BF5D03368013D03F103
:10A0000001033360F6D13560009B1B6863B14DF6E8
:10A01000F833C0F201031B6800DF0124F7F7CEF824
:10A02000204603B0BDE8F08F0024F7F7C7F82046BC
:10A0300003B0BDE8F08F4DF600334FF0FF32C0F2B1
:10A0400001031A60C5E74DF60C33C0F2010300931B
:10A05000BFE700BF08B900DF704708B54DF6F82329
:10A06000C0F201031A6801321A601B68012B00D08C
:10A0700000BE0021FFF71EFCFFF718FF00B900DF4C
:10A0800008BD00BF4DF61C33C0F2010318687047CD
:10A090004DF6F823C0F201031B680BB9FFF7E8BCCB
:10A0A0004DF61033C0F201031A68002001321A6025
:10A0B000704700BF4DF6F823C0F201031B6833B1AF
:10A0C0004DF60C330122C0F201031A6070474DF6C1
:10A0D0000C324DF6183C4DF69431C0F2010210B529
:10A0E000C0F2010C1360DCF80030C0F2010103EB98
:10A0F000830251F82240980001EB82023CB903B977
:10A1000000BE52F8140D013B0028F8D09800C21888
:10A1100001EB820E7146DEF80420083150684DF6DE
:10A12000F8328842CEF8040008BFDEF80C00C0F216
:10A130000102C16808BFCEF804001160CCF80030FD
:10A14000136810BD10B50C4668B14DF6F833C0F277
:10A15000010319681831FEF793FF2046BDE810404F
:10A160000121FFF7A7BB00BEEFE700BFF0B4044634
:10A1700010462CB34DF6F823C0F201031B6803B957
:10A1800000BED4E900264DF6F833C0F20103D3F83F
:10A1900000C041F00045B768CCF818501D68013286
:10A1A000EE611D6801212F621D6818357D601D68F4
:10A1B0001F681835B560BC622260F0BCFFF77ABB3F
:10A1C00000BED7E770B403460D46114618B34DF6EE
:10A1D000F83C0029C0F2010C5C6808BF2846DCF896
:10A1E0000050A6681A68EC61DCF8005002F1010228
:10A1F0002E62DCF8005018BF4FF0FF301835756044
:10A20000DCF80050DCF800601835A560B36270BC63
:10A210001A60FFF74FBB00BED9E700BFC368F0B4B8
:10A22000DB68002B64D0D3E907019A6A816048603B
:10A23000506803F11805A84208BF51604DF6F82197
:10A2400000261068C0F201010138DC6A9E621060CD
:10A250000A68002A3DD1D3E902015A698160486049
:10A2600050681E1DB04208BF51601168013911606D
:10A270004DF61832C0F201021168A14238BF1460D5
:10A280004DF6943204EB8401C0F201024FEA810CD6
:10A2900002EB81014D6852F80C00AF6801309D60FF
:10A2A000DF607E60AE60596142F80C004DF6F83315
:10A2B000C0F201031B68DB6AA342F0BC3FBF4DF64E
:10A2C0000C330122C0F2010310462CBF00201A609B
:10A2D00070474DF65032C0F20102106851680130EB
:10A2E00010608868D961186245608D609A62DDE708
:10A2F00000BE98E74DF6F823C0F201031B68F0B5E5
:10A3000003B900BEC36841F000410160002B4CD08E
:10A31000D0E9014100270269A1604C6054681E1D0C
:10A320008442D3E9025408BF5160116807610139C2
:10A3300011605969AC604A680868B2424DF618323B
:10A3400000F1FF30C0F20102656008BF4C60086098
:10A35000D86A11684DF6F834884288BF10604DF60F
:10A36000943200EB8001C0F20102C0F201042468C3
:10A370004FEA810C02EB81014D68D4F82CE0AF6804
:10A3800052F80C4070459D60DF6004F101047E606E
:10A39000AE60596188BF4DF60C3342F80C4082BF65
:10A3A0000122C0F201031A60F0BD00BEB0E700BF99
:10A3B00010B5044688B1F6F7D7FE4DF608324DF6D3
:10A3C0001C33C0F20102C0F2010312681B68C4E929
:10A3D0000023BDE81040F6F7F1BE00BEEBE700BF7A
:10A3E0004DF608324DF61C33C0F20102C0F20103F3
:10A3F00012681B68C0E90023704700BFF8B5044627
:10A400000D4648B35DB3F6F7AFFE4DF61C332A6830
:10A41000C0F20103511C1E6819D04DF6083CC0F271
:10A42000010CDCF8000021686768091A18BF0121D7
:10A43000B74288BF0021A1B9F01B824211D9DCF8D4
:10A440000010921B1B683A442A60C4E900130024E0
:10A45000F6F7B4FE2046F8BD00BE002DD3D100BEF5
:10A46000D1E7002301242B60F6F7A8FE2046F8BDB3
:10A470004DF60C330122C0F201031A60704700BF91
:10A480004DF6F833C0F20103186870474DF61433E7
:10A49000C0F201031B684BB14DF6F823C0F2010373
:10A4A0001868B0FA80F040094000704701207047FA
:10A4B0004DF6F833C0F20103196818681A68C36AC8
:10A4C0008869C3F105039361704700BF2DE9F84324
:10A4D00088460546164600B100BE4DF6F823C0F288
:10A4E00001031A6801321A604DF6F834C0F2010413
:10A4F000F6F73AFE236805F1160753F8273033B90B
:10A500004FF0010923682B4483F85C90D6B9F6F725
:10A5100055FEFFF7CBFCF6F727FE236853F82760BC
:10A5200036B12368B8F1000F18D0002243F8272075
:10A53000002223682B4483F85C20F6F73FFE304668
:10A54000BDE8F883F6F73AFE49463046FFF7B2F920
:10A55000FFF7ACFC0028DED100DFDCE7721E43F819
:10A560002720E5E72DE9F0410C4605461646B8B12F
:10A5700004B100BEF6F7BAFEF6F792FE02212B19DF
:10A5800093F85C2005EB840483F85C10A36D012A2A
:10A5900003F10103A36505D0BDE8F041F6F76CBEF9
:10A5A00000BEE5E7AB6A03B100BE4DF6F823C0F28A
:10A5B00001031B68EA6A23B34DF65033C0F201036E
:10A5C0001C68596801341C608C6805F11807E96142
:10A5D0002C6267608F60AB624DF6F833C0F2010306
:10A5E0001B68DB6A9342D7D20EB1012333604DF66C
:10A5F0000C33BDE8F0410122C0F201031A60F6F706
:10A600003BBE6969D5E90243A3605C604C6805F113
:10A61000040C644508BF4B604DF618330C68C0F25B
:10A620000103013C0C601968914238BF1A604DF675
:10A63000943302EB8201C0F201034FEA810E03EB77
:10A6400081014F6853F80E40D7F808800134AF609D
:10A65000C5F80C80C8F804C0C7F808C0696143F8A1
:10A660000E40B9E7F0B54DF6C84483B0C0F201041E
:10A67000F6F77AFD256825B103B0BDE8F040F6F79E
:10A680009DBD4DF6E8464DF6D447C0F20106304672
:10A69000C0F20107FEF7D0FC3846FEF7CDFC4DF6C0
:10A6A000CC434DF6D041C0F2010300954DF648422F
:10A6B0001F604DF6FC33C0F201010E600A200C2130
:10A6C000C0F20103C0F20102FEF7BAFD20600028CB
:10A6D000D2D04CF25031C0F20001FEF7F5FFCBE7CB
:10A6E0002DE9F0474DF6D047C0F201073B6805461B
:10A6F000DB688946DC6804F104084046FEF7DAFCB2
:10A7000094F824305A075CBF23F0010384F8243006
:10A710000AD42046236ABDE8F04718478A4220D869
:10A720002046236A98473546A269A9EB0501AE1871
:10A730002CBF01230023B14524616660EED283F073
:10A740000103A9452CBF002303F00103002BE7D12F
:10A7500038684146FEF794FC2046236ABDE8F0477E
:10A7600018474DF6CC43C0F2010318684146FEF786
:10A7700087FC2046236ABDE8F04718472DE9F04FD3
:10A780004DF6D0454DF6C0464DF6CC484DF6C84482
:10A79000002785B0C0F20105C0F20106C0F2010831
:10A7A000C0F201042B68D3F800A0BAF1000F00F04A
:10A7B000E480DB68D3F800A0FFF770FBFFF762FCD2
:10A7C0003368814698423AD3824588BF0022306080
:10A7D00000F2E480FFF76AFB49465046FFF780FF2E
:10A7E000CDE9017703970022206801A9FEF724FE36
:10A7F0000028D7D0019B002BF5DBDDF80C90D9F8B1
:10A8000014301BB109F10400FEF754FCFFF73AFCC9
:10A8100033688246984226D3019BC6F800A0013BCC
:10A82000082BE0D8DFE803F02929747B9B292974E1
:10A830007B00DB684FF0FF311868FFF751FF2B6892
:10A840001A68002AF5D1D8F80020C6F80090C8F898
:10A8500000302A60FFF72AFBC2E7DB684FF0FF31C8
:10A860001868FFF73DFF2B681A68002AF5D1D8F861
:10A870000020C8F800302A60CEE799F824C0029979
:10A88000D9F818204CF001008B1889F824002CBF4F
:10A89000012000205345C9F81090C9F8043000F297
:10A8A0009680AAEB01018A4252D81CF0040F04BF23
:10A8B0002CF0010C89F824C00ED14846D9F820307C
:10A8C000984790E7824200F29280D9F820304846BB
:10A8D00098475B46D9F8182012EB030B2CBF0121D7
:10A8E0000021DA45AAEB0300C9F804B0C9F81090BA
:10A8F000E8D281F001019A452CBF002101F001014D
:10A900000029E2D1286809F10401FEF7B9FBD4E778
:10A9100099F8243023F0010389F8243063E799F88B
:10A920002420029B42F00102C9F8183089F8242043
:10A93000002B3FD100BED9F81820C9F8109002EBC7
:10A940000A035345C9F804303BD8002A3FF44BAF03
:10A95000D8F8000009F10401FEF792FB43E799F8EB
:10A9600024309A0744BF23F0010389F824303FF5CF
:10A970003AAF4846FEF7D4F935E7FFF78FFAFFF70D
:10A9800081FB336881469842FFF459AFD8F8003014
:10A99000C6F800901A68B2FA82F252092068AAEB4F
:10A9A0000901FEF7BDFEFFF781FA00287FF418AF1A
:10A9B00000DF15E753449A45C9F81090C9F80430F0
:10A9C000C6D2286809F10401FEF75AFB0BE780F0B4
:10A9D0000100514594BF002000F0010000287FF4E1
:10A9E00064AF286809F10401FEF74AFBFBE6D8F8DA
:10A9F000000009F10401FEF743FB5EE710B588B0E3
:10AA0000FFF730FE4DF6C843C0F201031B6813B3D5
:10AA1000002407AA06A905A8CDE90544F6F786FA99
:10AA200003224CF258314AF27D702346059C009275
:10AA30000294069C079AC0F20001C0F20000019443
:10AA4000FFF7E6F84DF6C443C0F20103186010B1F9
:10AA5000012008B010BD00BE002008B010BD00BF2E
:10AA600053B94AB9002908BF00281CBF4FF0FF3175
:10AA70004FF0FF3000F090B8ADF1080C6DE904CE56
:10AA800000F006F8DDF804E0DDE9022304B07047C9
:10AA90002DE9F04390420D4675EB0301044638BFA3
:10AAA0000020079F38BF014664D3B3FA83F6002B1A
:10AAB00069D0B5FA85F1002D61D0761AA6F1200C87
:10AAC000C6F1200EB34002FA0CF102FA06F80B436D
:10AAD00022FA0EF2444543EA020375EB03023CBF3F
:10AAE000002001460AD30120B4EB080465EB0305FE
:10AAF00000FA0CF120FA0EF21143B040D6B34FEA3F
:10AB00005802B04642EAC3725B080AE0A41A65EB39
:10AB1000030524196D41013445F10005B8F1010820
:10AB200008D0944275EB0309F0D224196D41B8F1B5
:10AB30000108F6D1001905FA0EFE24FA06F441EBDD
:10AB4000050125FA0CFC44EA0E0444EA0C04F54025
:10AB5000A6F1200CC6F1200305FA06F204FA0CFC5B
:10AB600024FA03F342EA0C021A4304FA06F3C01A69
:10AB700061EB02010FB1C7E90045BDE8F083B4FA0B
:10AB800084F1203199E7B2FA82F6B5FA85F12036E0
:10AB9000002D92D1F3E700BF704700BF164B10B5F0
:10ABA0001C68236BB3B9182000F0B2F8024620638A
:10ABB00020B9124B52211248F8F020F91149124BDA
:10ABC000C0E900130021114B83600B238381012016
:10ABD000C2E90401216B0E480E4A0B694C695843C7
:10ABE00002FB0400A3FB0232013340EB0200C1E987
:10ABF000043020F0004010BDB0B8000018DF0000A5
:10AC00002FDF00000E33CDAB34126DE6ECDE050015
:10AC10002DF451582D7F954C0CB4194B30B50C1EAA
:10AC20009DB01D6808DA4FF0FF308B232B601DB0FC
:10AC3000BDE8304002B070474FF402730290ADF8A7
:10AC4000143002A94FF0000306901B93284614BF4E
:10AC500004F1FF332346209A049307934FF6FF73C2
:10AC6000ADF8163021AB019300F062F9431CBCBF74
:10AC70008B232B60002CDAD0029B00221A70D6E7BF
:10AC8000B0B800000139024410B5904201D1002053
:10AC900005E0037811F8014FA34201D0181B10BD45
:10ACA0000130F2E710B5884201EB020402D92346D5
:10ACB000844207D8431EA14208D011F8012B03F8A3
:10ACC000012FF8E7024401468A4200D110BD13F873
:10ACD000014D02F8014DF7E702440346934200D1CB
:10ACE000704703F8011BF9E7014B1868704700BF74
:10ACF000B0B800000A44431E914200D1704710B51D
:10AD000011F8014B03F8014F9142F9D110BD000039
:10AD1000024B0146186800F025B800BFB0B800002B
:10AD200070B50C460E4E0546316811B900F090FB27
:10AD300030602146284600F08BFB431C03D14FF0C6
:10AD4000FF34204670BDC41C24F00304A042F8D098
:10AD5000211A284600F07CFB0130F2D1EFE700BF5A
:10AD6000FCDC01002DE9F843CD1C25F00305083576
:10AD700006460C2D38BF0C25002D01DBA94204D955
:10AD80000C2333600020BDE8F883DFF8D08000F0AA
:10AD900067F8D8F800301C4644BB29463046FFF718
:10ADA000BFFF0446431C57D1D8F800402746002F68
:10ADB00042D1002C4AD023683946304604EB0309BF
:10ADC00000F046FB814541D1216830466D1A294685
:10ADD000FFF7A6FF013039D023682B442360D8F851
:10ADE00000305A685ABBC8F800700EE02268521B47
:10ADF0001FD40B2A16D925606119A34214BF5960CC
:10AE0000C8F80010636862514B60304600F02EF8BD
:10AE100004F10B00231D20F00700C21A1CBF1B1AEF
:10AE2000A350B0E76268A3420CBFC8F800205A6084
:10AE3000EBE723466468AFE73C467F68B7E71A460E
:10AE40005B68A342FBD100235360DEE70C2330464E
:10AE5000336000F00BF895E70560D6E700DD0100F0
:10AE6000014800F005BB00BF04DD0100014800F00F
:10AE700000BB00BF04DD01002DE9F0471F468E68CE
:10AE80000B6882460C469046BE422DD8B1F90C2084
:10AE900012F4906F26D06569096905EB4505A3EBAF
:10AEA00001097B1C05EBD5754B446D109D4238BFE5
:10AEB0001D46530527D52946FFF754FF064660B3C4
:10AEC00021694A46FFF716FFA38923F4906343F0F4
:10AED0008003A38126614E4426603E466561A5EB52
:10AEE0000905A560BE4200D93E462068324641466B
:10AEF000FFF7D8FEA36800209B1BA36023683344A0
:10AF00002360BDE8F0872A4600F00CFB06460028C7
:10AF1000E0D12169504600F0BBFA0C23CAF800309A
:10AF2000A3894FF0FF3043F04003A381E9E700001D
:10AF30002DE9F04F98468B899DB007460D46144683
:10AF40001B0610D50B6973B94021FFF70BFF286072
:10AF5000286130B90C233B604FF0FF301DB0BDE8D5
:10AF6000F08F40236B61CDF80C804FF00109DFF8C2
:10AF7000A4810023099320238DF8293030238DF8F4
:10AF80002A3023469A4613F8012B0AB1252AF9D113
:10AF9000BAEB040B0BD05B46224629463846FFF736
:10AFA0006BFF013000F0A780099A5A4409929AF881
:10AFB0000030002B00F09F800AF1010A00234FF0BF
:10AFC000FF3204930793CDE905238DF853301A938C
:10AFD000544605224F4814F8011B00F04BFA049A1E
:10AFE000D8B9D00644BF20238DF85330110744BF91
:10AFF0002B238DF853309AF800302A2B15D0079A5E
:10B00000544600204FF00A0C214611F8013B303B1A
:10B01000092B4BD9B0B1079214E0A0EB0803A2466C
:10B0200009FA03F313430493D2E7039B191D039119
:10B030001B68002BAFBF07935B4242F002020793ED
:10B04000B8BF049223782E2B0AD163782A2B32D1F1
:10B05000039B02341A1D03921B6843EAE3730593B2
:10B06000DFF8C0A003222178504600F003FA38B17F
:10B07000A0EB0A004022049B013482401343049356
:10B0800014F8011B062224488DF8281000F0F2F96C
:10B09000002836D0214B1BBB039B073323F007034B
:10B0A00008330393099B334409936AE70CFB02328C
:10B0B0000C460120A8E70023013419464FF00A0C82
:10B0C0000593204610F8012B303A092A03D9002BAA
:10B0D000C6D00591C4E70CFB012104460123F0E72B
:10B0E00003AB2A46009304A90D4B3846AFF300800A
:10B0F0000646421CD6D1AB895B063FF52DAF0998B9
:10B100002CE703AB2A46009304A9054B384600F010
:10B110007DF8EDE788DF000092DF0000000000000E
:10B1200079AE00008EDF00002DE9F0471646984604
:10B130008A6807460B690C46DDF820909342B8BF39
:10B140001346336091F843200AB10133336023681A
:10B15000990642BF336802333360256815F006054F
:10B1600006D104F1190AE36832689B1AAB422BDC62
:10B1700094F843302268003B18BF0123920630D474
:10B1800004F1430241463846C847013023D02368C2
:10B190001A3454F80A2C03F00603042B12BF0025BE
:10B1A00054F80E5C33684FF0000608BFED1A54F8EF
:10B1B000123C08BF25EAE5759342C4BF9B1AED18FF
:10B1C000B5421AD1002008E00123524641463846D4
:10B1D000C847013003D14FF0FF30BDE8F08701359B
:10B1E000C1E7E1185A1C30202244023381F84300A1
:10B1F00094F8451082F84310C2E7012322464146E5
:10B200003846C8470130E6D00136D9E72DE9F04F7E
:10B2100080460C4687B00F7E91469A4601F1430B5B
:10B22000782F109D07D8622F0AD8002F00F0D38006
:10B23000582F00F0BC8004F1420584F842703BE0D6
:10B24000A7F16303152BF6D801A252F823F000BF33
:10B25000A9B20000BDB2000037B2000037B2000052
:10B2600037B2000037B20000BDB2000037B20000B4
:10B2700037B2000037B2000037B20000BDB30000A3
:10B28000E7B200007BB3000037B2000037B2000025
:10B29000DFB3000037B20000E7B2000037B20000B1
:10B2A00037B2000083B300002B681A1D2A601B68A8
:10B2B00001F1420581F8423001239DE009682B68C5
:10B2C0001A1D2A600D0601D51E6803E04806FBD54D
:10B2D000B3F90060002E03DA76422D2384F8433060
:10B2E000594B0A2711E00A682B68110653F8046BC2
:10B2F00002D4520648BFB6B26F2F2B60524B14BF18
:10B300000A270827002284F8432062685D46A2606D
:10B31000002A05DB2168324321F0040121600CD0B2
:10B3200030463946039300F061FA039B5A5C05F8F6
:10B33000012D324697420646F2D9082F0BD12368D9
:10B34000DE0708D5236962689A42DEBF302305F81C
:10B35000013C05F1FF35ABEB050323614B4605AA24
:10B3600021464046CDF800A0FFF7DEFE013048D16F
:10B370004FF0FF3007B0BDE8F08F0B6843F02003BB
:10B380000B60324B782784F84570226829681706CD
:10B3900051F8046B02D4500648BFB6B2D7072960F3
:10B3A00044BF42F0200222601EB11027AAE7264BBC
:10B3B000E9E7226822F020022260F6E72B6808689D
:10B3C0004A69191D296005061B6801D51A6002E04B
:10B3D0004106FBD51A8000235D462361BEE72B683A
:10B3E0001A1D2A604A6800211D68284600F042F8AC
:10B3F00008B1401B606063682361002384F8433018
:10B40000ACE723692A4649464046D0470130AFD0D1
:10B4100023689B0713D4E068059B9842B8BF184681
:10B42000A8E70123324649464046D04701309FD025
:10B430000135E36805995B1AAB42F2DCEBE70025C6
:10B4400004F11906F5E700BF99DF0000AADF00004C
:10B4500038B50446054D084600232B60F7F016FE6C
:10B46000431C02D12B6803B1236038BD08DD010005
:10B4700070477047C9B20346024410B5184693425C
:10B4800001D1002003E0047801338C42F6D110BDD5
:10B4900038B50546002941D051F8043C0C1F002B5B
:10B4A000B8BFE418FFF7DCFC1D4A136833B96360CA
:10B4B00014602846BDE83840FFF7D8BCA34208D93D
:10B4C000206821188B4201BF19685B680918216048
:10B4D000EDE71A465B680BB1A342FAD91168501820
:10B4E000A0420BD120680144116050188342E0D182
:10B4F00018685B68084453601060DAE702D90C23CF
:10B500002B60D6E7206821188B4202BF19685B6860
:10B510000918636008BF21605460CAE738BD00BFE6
:10B5200000DD01002DE9F041074614460D4621B922
:10B53000BDE8F0411146FFF715BC2AB92546FFF7D3
:10B54000A7FF2846BDE8F08100F01AF806468442BD
:10B5500002D8B4EB500FF4D821463846FFF702FC6E
:10B56000804608B94546ECE7B4422246294628BF42
:10B570003246FFF7BFFB29463846FFF789FFF1E760
:10B5800051F8043C181F002BBCBF0B58C018704763
:10B590004A1E08BF7047C0F02481884240F21681DD
:10B5A000114200F01781B0FA80F3B1FA81F2A2EBF8
:10B5B0000303C3F11F0304A202EB03134FF00002C5
:10B5C0009F4600BFAFF30080B0EBC17F00BF42EBEE
:10B5D000020228BFA0EBC170B0EB817F00BF42EB3D
:10B5E000020228BFA0EB8170B0EB417F00BF42EBAD
:10B5F000020228BFA0EB4170B0EB017F00BF42EB1D
:10B60000020228BFA0EB0170B0EBC16F00BF42EB9C
:10B61000020228BFA0EBC160B0EB816F00BF42EB1C
:10B62000020228BFA0EB8160B0EB416F00BF42EB8C
:10B63000020228BFA0EB4160B0EB016F00BF42EBFC
:10B64000020228BFA0EB0160B0EBC15F00BF42EB7C
:10B65000020228BFA0EBC150B0EB815F00BF42EBFC
:10B66000020228BFA0EB8150B0EB415F00BF42EB6C
:10B67000020228BFA0EB4150B0EB015F00BF42EBDC
:10B68000020228BFA0EB0150B0EBC14F00BF42EB5C
:10B69000020228BFA0EBC140B0EB814F00BF42EBDC
:10B6A000020228BFA0EB8140B0EB414F00BF42EB4C
:10B6B000020228BFA0EB4140B0EB014F00BF42EBBC
:10B6C000020228BFA0EB0140B0EBC13F00BF42EB3C
:10B6D000020228BFA0EBC130B0EB813F00BF42EBBC
:10B6E000020228BFA0EB8130B0EB413F00BF42EB2C
:10B6F000020228BFA0EB4130B0EB013F00BF42EB9C
:10B70000020228BFA0EB0130B0EBC12F00BF42EB1B
:10B71000020228BFA0EBC120B0EB812F00BF42EB9B
:10B72000020228BFA0EB8120B0EB412F00BF42EB0B
:10B73000020228BFA0EB4120B0EB012F00BF42EB7B
:10B74000020228BFA0EB0120B0EBC11F00BF42EBFB
:10B75000020228BFA0EBC110B0EB811F00BF42EB7B
:10B76000020228BFA0EB8110B0EB411F00BF42EBEB
:10B77000020228BFA0EB4110B0EB011F00BF42EB5B
:10B78000020228BFA0EB0110B0EBC10F00BF42EBDB
:10B79000020228BFA0EBC100B0EB810F00BF42EB5B
:10B7A000020228BFA0EB8100B0EB410F00BF42EBCB
:10B7B000020228BFA0EB4100B0EB010F00BF42EB3B
:10B7C000020228BFA0EB0100104670470CBF012009
:10B7D00000207047B1FA81F2C2F11F0220FA02F094
:10B7E000704708B14FF0FF30FFF7D6B90029F8D005
:10B7F0002DE90340FFF7CCFEBDE8064002FB00F355
:10B80000A1EB0301704700BF100000000000000022
:10B81000017A5200027C0E011B0C0D00100000008A
:10B8200018000000000000001000000000000000F0
:08B8300060F2FF7F010000003F
:10B838000A3C0102C0A80003FFFFFF00C0A8006483
:10B84800B0C3000000000000005A1810005418107F
:10B85800004E18100048181000421810003C18102C
:10B868000036181000301810002A1810002418107C
:10B87800001E18100018181000121810000C1810CC
:10B88800000618100000181000112233445500005B
:10B8980010C4000064C40000B8C400000000000028
:10B8A8000F27000010270000B4B8000000000000B7
:10B8B8000000000068000000D00000000000000048
:10B8C8000000000000000000000000000000000070
:10B8D8000000000000000000000000000000000060
:10B8E8000000000000000000000000000000000050
:10B8F80000000000000000005465726D696E616C04
:10B9080000000000284E554C4C290000342E312EE2
:10B91800300000000D0A2A2A2A2A2A2A2A2A2A2A34
:10B928002A2A2A2A2A2A2A2A2A2A2A2A2A2A2A2A6F
:10B938002A2A2A2A2A2A2A2A2A2A2A2A2A2A2A2A5F
:10B948002A2A2A2A2A2A2A2A2A2A2A2A2A2A2A2A4F
:10B958002A2A2A2A2A2A2A2A2A2A2A2A2A2A2A2A3F
:10B968002A2A2A2A2A2A0D0A2A20202052656E65A8
:10B9780073617320465350204578616D706C652063
:10B9880050726F6A65637420666F7220726D5F46CD
:10B9980072656552544F53506C7573544350204D23
:10B9A8006F64756C65202020202020202020202016
:10B9B800202020202020202A0D0A2A202020457817
:10B9C800616D706C652050726F6A6563742056658E
:10B9D8007273696F6E20257320202020202020207C
:10B9E800202020202020202020202020202020204F
:10B9F800202020202020202020202020202020203F
:10BA08002020202020202A0D0A2A202020466C658C
:10BA18007820536F667477617265205061636B207C
:10BA280056657273696F6E2025642E25642E256411
:10BA380020202020202020202020202020202020FE
:10BA480020202020202020202020202020202020EE
:10BA580020202020202020202020202A0D0A2A2AE9
:10BA68002A2A2A2A2A2A2A2A2A2A2A2A2A2A2A2A2E
:10BA78002A2A2A2A2A2A2A2A2A2A2A2A2A2A2A2A1E
:10BA88002A2A2A2A2A2A2A2A2A2A2A2A2A2A2A2A0E
:10BA98002A2A2A2A2A2A2A2A2A2A2A2A2A2A2A2AFE
:10BAA8002A2A2A2A2A2A2A2A2A2A2A2A2A2A0D0A2B
:10BAB800526566657220746F20726561646D652ECB
:10BAC8007478742066696C6520666F72206D6F7279
:10BAD800652064657461696C73206F6E20457861B8
:10BAE8006D706C652050726F6A65637420616E6456
:10BAF8000D0A46535020557365722773204D616EA9
:10BB080075616C20666F72206D6F726520696E6654
:10BB18006F726D6174696F6E2061626F75742072E7
:10BB28006D5F4672656552544F53506C757354433C
:10BB380050206472697665720D0A00000D0A546817
:10BB48006973206578616D706C652070726F6A65C5
:10BB580063742064656D6F6E7374726174657320AD
:10BB680045746865726E657420636F6D6D756E6976
:10BB7800636174696F6E206F6E203320706F72740A
:10BB8800733A20455448302C20455448312C2061C4
:10BB98006E6420455448322E0D0A54686520626F41
:10BBA80061726420757365732061207374617469B0
:10BBB8006320495076342061646472657373202869
:10BBC8003139322E3136382E302E3130302920613D
:10BBD8006E6420737570706F72747320746865205A
:10BBE800666F6C6C6F77696E67206F7065726174D1
:10BBF800696F6E733A0D0A2020312E2050696E67E6
:10BC0800207265706C7920636865636B2066726F5B
:10BC18006D20686F73742050430D0A2020322E2047
:10BC2800554450206563686F20736572766572208D
:10BC380074657374207573696E67205061636B65F2
:10BC4800742053656E64657220284164647265735C
:10BC5800733A203139322E3136382E302E31303089
:10BC68002C20506F72743A2031303030302C204103
:10BC7800534349492074657874290D0A2020332ECE
:10BC880020544350206563686F207365727665722F
:10BC98002074657374207573696E67205061636BD7
:10BCA80065742053656E646572202841646472650A
:10BCB80073733A203139322E3136382E302E3130E6
:10BCC800302C20506F72743A2031303030302C20B4
:10BCD80041534349492074657874290D0A466F72A7
:10BCE800206561636820746573742C2076657269B9
:10BCF800667920626F74682074686520686F737451
:10BD08002D7369646520726573756C7420616E6447
:10BD18002074686520636F72726573706F6E6469F2
:10BD28006E67206C6F6773206F6E20746865205291
:10BD38005454205669657765722E0D0A4C696E6BEE
:10BD48002075702F646F776E20737461747573201B
:10BD5800666F7220656163682045746865726E65F8
:10BD68007420706F727420697320616C736F206D1A
:10BD78006F6E69746F72656420616E642070726999
:10BD88006E746564206F6E2074686520636F6E73CF
:10BD98006F6C652E0D0A0000426F61726420495075
:10BDA800202020202020202020203A2025752E2504
:10BDB800752E25752E25750D0A0000004E65746DCB
:10BDC80061736B20202020202020202020203A2072
:10BDD80025752E25752E25752E25750D0A00000052
:10BDE8004761746577617920202020202020202059
:10BDF80020203A2025752E25752E25752E25750DA2
:10BE08000A0000005544502F544350206563686F62
:10BE180020706F7274203A2031303030300D0A0DA6
:10BE28000A0000004672656552544F535F495049F5
:10BE38006E697420415049206661696C65640D0A19
:10BE4800000000004672656552544F535F495049DF
:10BE58006E69742041504920737563636573732C50
:10BE68002077616974696E6720666F72206E6574E9
:10BE7800776F726B2075702E2E2E0D0A0000000051
:10BE8800525F474D41435F425F4765744C696E6B33
:10BE980053746174757328706F72743D2575292009
:10BEA8006661696C65642C206572723D25640D0AB3
:10BEB80000000000506F7274202575206C696E6B4D
:10BEC8002069732075700D0A00000000506F7274AD
:10BED800202575206C696E6B20697320646F776EFE
:10BEE8000D0A00004E6574776F726B2069732075B8
:10BEF800702C20626F6172642069732072656163BF
:10BF08006861626C652061742025752E25752E2563
:10BF1800752E25750D0A000025752E25752E25759B
:10BF28002E257500544350206563686F2073657231
:10BF38007665723A206E6574776F726B206973202C
:10BF480075702C207374617274696E672E2E2E0DB5
:10BF58000A00000054435020736F636B65742063BC
:10BF680072656174696F6E206661696C65640D0A3B
:10BF7800000000004672656552544F535F62696E57
:10BF88006420666F722054435020736F636B65742E
:10BF9800206661696C65642C207265743D25640DAA
:10BFA8000A000000544350206563686F207365726F
:10BFB8007665722073746172746564206F6E207088
:10BFC8006F72742031303030300D0A0054435020E5
:10BFD800616363657074206661696C65640D0A004D
:10BFE8005B5443505D20636C69656E7420636F6EAB
:10BFF8006E65637465642066726F6D2000000000D2
:10C008003A25750D0A0000005B5443502052585DD4
:10C018002066726F6D2000003A2575202D3E206C39
:10C028006F63616C3A25752C206C656E3D25640D37
:10C038000A00000041534349493A20220000000009
:10C04800256300002E2E2E00220D0A005B5443505B
:10C058002054585D206563686F206661696C65646B
:10C068002C207265743D25640D0A00005B54435012
:10C078002054585D206563686F207375636365732A
:10C08800732C2073656E743D256420627974657322
:10C098000D0A00005B5443505D20636C69656E7443
:10C0A80020646973636F6E6E6563746564206E6F78
:10C0B800726D616C6C790D0A000000005B5443508E
:10C0C8005D2073657373696F6E20636C6F7365644D
:10C0D8002C207265743D25640D0A00005B544350A2
:10C0E8005D20736F636B657420636C6F7365640D9B
:10C0F8000A000000554450206563686F207365721C
:10C108007665723A206E6574776F726B206973205A
:10C1180075702C207374617274696E672E2E2E0DE3
:10C128000A0000004672656552544F535F736F638F
:10C138006B657420666F722055445020736F636B73
:10C148006574206661696C65640D0A0046726565F0
:10C1580052544F535F62696E6420666F7220554473
:10C168005020736F636B6574206661696C65642C1D
:10C17800207265743D25640D0A0000005544502066
:10C188006563686F20736572766572207374617277
:10C19800746564206F6E20706F7274203130303097
:10C1A800300D0A005B5544502052585D2066726F6E
:10C1B8006D2000005B5544502054585D206563682D
:10C1C8006F206661696C65642C207265743D256416
:10C1D8000D0A00005B5544502054585D2065636883
:10C1E8006F20737563636573732C2073656E743D7C
:10C1F800256420627974657320746F200000000044
:10C208005B5544505D204E6F2064617461207265F7
:10C218006365697665640D0A000000005B5544504B
:10C228005D2052656365697665206661696C656441
:10C238002C207265743D25640D0A00004E6574203B
:10C248005468726561640000544350204563686F08
:10C258002053657276657200554450204563686FB7
:10C268002053657276657200525848616E646C6539
:10C27800725461736B000000436865636B4C696EB0
:10C288006B5374617475735461736B0065746825BE
:10C2980075000000636F6E6400000000433A2F5081
:10C2A8006572736F6E616C2F5461736B2F455041CB
:10C2B800502F746573745F3432302F7265677265FE
:10C2C8007373696F6E5F546573742F73656C665F03
:10C2D8006372656174655F4C335F434135352F4642
:10C2E80072656552544F53706C75735443505F7246
:10C2F8007A7432685F65766B5F637235325F305F80
:10C3080065702F727A2F6673702F7372632F627342
:10C31800702F6D63752F616C6C2F6273705F6D6F1A
:10C3280064756C655F73746F702E68004E65744237
:10C33800756653656D0000004E657445766E740031
:10C3480049502D5461736B00546D72510000000008
:10C35800546D7220537663000000000000005454AE
:10C368005220524547474553000000000000000096
:10C378003031323334353637383941424344454613
:10C3880000000000000000000000000000000000A5
:10C39800000E00000000000E00000000000E00006B
:10C3A8000000000E00000000D0EC0000BCC300003C
:10C3B800ECD40000000000010000000000000000B4
:10C3C8000000000090B800000808000050B8000005
:10C3D80000060000800100000C0000005919000050
:10C3E8000000000000000000F4C300000060181006
:10C3F800806018100000000098B800000CC500000C
:10C40800000000000000000004ED00001CC4000053
:10C4180068D50000000000000000020000000000D5
:10C42800010000000000000034C400000000030107
:10C438000100000B983A00004CC400000000000006
:10C448000000108014ED000058C4000054D500000E
:10C4580000000001010000000000000020ED0000C5
:10C4680070C4000068D5000001010000000002004F
:10C4780000000000010000000000000088C4000067
:10C48800000003010100000B983A0000A0C400005E
:10C49800000000000000108030ED0000ACC4000077
:10C4A80054D5000001000001010000000000000058
:10C4B8003CED0000C4C4000068D500000202000082
:10C4C8000000020000000000010000000000000061
:10C4D800DCC40000000001010100000B983A0000D4
:10C4E800F4C4000000000000000010804CED0000C3
:10C4F80000C5000054D5000002000302010000003E
:10C508000000000058ED000018C500004CD50000E0
:10C51800000081010C0000002D2A0000D0EC000072
:10C528002CC50000000001E0000000000000000031
:10C538005400000044C5000088C300000400000047
:10C5480007060000188800000108000018400000D5
:10C5580002080000184000000308000018880000C6
:10C568000408000004000000000B000004000100A3
:10C57800001200000400010001120000F88C010004
:10C5880000140000F884010001140000F884010080
:10C5980002140000F884010003140000F88401006C
:10C5A80004140000F884010005140000F8000100DC
:10C5B80006140000F800010007140000F80001004C
:10C5C80000150000F800010001150000F800010046
:10C5D80002150000F8040100031500000805010019
:10C5E80004150000080501000515000018010100E8
:10C5F800061500002884010007150000F8840100D2
:10C6080001160000F800010002160000F800010001
:10C6180003160000F80001000416000004000100E1
:10C6280007160000040001000017000004000100C4
:10C63800011700000400010005170000F88C010034
:10C6480005180000F884010006180000F8840100AD
:10C6580007180000F884010000190000F8840100A0
:10C6680001190000F884010002190000F800010017
:10C6780003190000F800010004190000F800010087
:10C6880005190000F800010006190000F800010073
:10C6980007190000F8040100001A0000080501004D
:10C6A800011A000008050100021A00001801010023
:10C6B800031A000028840100041A0000F88401000D
:10C6C800061A0000F8000100071A0000F80001002F
:10C6D800001B0000F8000100011B0000F88C01009D
:10C6E800011D0000F88C0100021D0000F88C0100FB
:10C6F800031D0000F88C0100041D0000F88C0100E7
:10C70800051D0000F88C0100061D0000F80001005E
:10C71800071D0000F8000100001E0000F8000100DD
:10C72800011E0000F8000100021E0000F8000100D0
:10C73800031E0000F8000100041E00001805010097
:10C74800071E000028840100001F000004000100EB
:10C7580002200000F88C010002210000F88C010082
:10C7680003210000F88C010004210000F88C01006E
:10C7780005210000F88C010006210000F88C01005A
:10C7880007210000F800010000220000F800010065
:10C7980001220000F800010002220000F800010058
:10C7A80003220000F800010004220000F800010044
:10C7B8000522000028840100062200000200010072
:10C7C800032300000200010004230000020001000E
:10C7D80005230000020001000623000000000000FD
:10C7E8000000000000000000000000000000000041
:10C7F8000000000000000000000000000000000031
:10C808000000000000000000000000000000000020
:10C818000000000000000000000000000000000010
:10C828000000000000000000000000000000000000
:10C8380000000000000000000000000000000000F0
:10C8480000000000000000000000000000000000E0
:10C8580000000000000000000000000000000000D0
:10C8680000000000000000000000000000000000C0
:10C8780000000000000000000000000000000000B0
:10C8880000000000000000000000000000000000A0
:10C898000000000000000000000000000000000090
:10C8A8000000000000000000000000000000000080
:10C8B8000000000000000000000000000000000070
:10C8C8000000000000000000000000000000000060
:10C8D8000000000000000000000000000000000050
:10C8E8000000000000000000000000000000000040
:10C8F8000000000000000000000000000000000030
:10C90800000000000000000000000000000000001F
:10C91800000000000000000000000000000000000F
:10C9280000000000000000000000000000000000FF
:10C9380000000000000000000000000000000000EF
:10C9480000000000000000000000000000000000DF
:10C9580000000000000000000000000000000000CF
:10C9680000000000000000000000000000000000BF
:10C9780000000000000000000000000000000000AF
:10C98800000000000000000000000000000000009F
:10C99800000000000000000000000000000000008F
:10C9A800000000000000000000000000000000007F
:10C9B800000000000000000000000000000000006F
:10C9C800000000000000000000000000000000005F
:10C9D800000000000000000000000000000000004F
:10C9E800000000000000000000000000000000003F
:10C9F800000000000000000000000000000000002F
:10CA0800000000000000000000000000000000001E
:10CA1800000000000000000000000000000000000E
:10CA280000000000000000000000000000000000FE
:10CA380000000000000000000000000000000000EE
:10CA480000000000000000000000000000000000DE
:10CA580000000000000000000000000000000000CE
:10CA680000000000000000000000000000000000BE
:10CA780000000000000000000000000000000000AE
:10CA8800000000000000000000000000000000009E
:10CA9800000000000000000000000000000000008E
:10CAA800000000000000000000000000000000007E
:10CAB800000000000000000000000000000000006E
:10CAC800000000000000000000000000000000005E
:10CAD800000000000000000000000000000000004E
:10CAE8000000000000000000F2012B02000000001E
:10CAF800000000000000000000000000000000002E
:10CB0800000000000000000000000000000000001D
:10CB1800000000000000000000000000000000000D
:10CB280000000000000000000000000000000000FD
:10CB380000000000000000000000000000000000ED
:10CB480000000000000000000000000000000000DD
:10CB580000000000000000000000000000000000CD
:10CB680000000000000000000000000000000000BD
:10CB780000000000000000000000000000000000AD
:10CB8800000000000000000000000000000000009D
:10CB9800000000000000000000000000000000008D
:10CBA800000000000000000000000000000000007D
:10CBB800000000000000000000000000000000006D
:10CBC800000000000000000000000000000000005D
:10CBD800000000000000000000000000000000004D
:10CBE800000000000000000000000000000000003D
:10CBF800000000000000000000000000000000002D
:10CC0800000000000000000000000000000000001C
:10CC1800000000000000000000000000000000000C
:10CC280000000000000000000000000000000000FC
:10CC380000000000000000000000000000000000EC
:10CC480000000000000000000000000000000000DC
:10CC580000000000000000000000000000000000CC
:10CC680000000000000000000000000000000000BC
:10CC780000000000000000000000000000000000AC
:10CC8800000000000000000000000000000000009C
:10CC9800000000000000000000000000000000008C
:10CCA800000000000000000000000000000000007C
:10CCB800000000000000000000000000000000006C
:10CCC800000000000000000000000000000000005C
:10CCD800000000000000000000000000000000004C
:10CCE800000000000000000000000000000000003C
:10CCF800000000000000000000000000000000002C
:10CD0800000000000000000000000000000000001B
:10CD1800000000000000000000000000000000000B
:10CD280000000000000000000000000000000000FB
:10CD380000000000000000000000000000000000EB
:10CD480000000000000000000000000000000000DB
:10CD580000000000000000000000000000000000CB
:10CD680000000000000000000000000000000000BB
:10CD780000000000000000000000000000000000AB
:10CD8800000000000000000000000000000000009B
:10CD9800000000000000000000000000000000008B
:10CDA800000000000000000000000000000000007B
:10CDB800000000000000000000000000000000006B
:10CDC800000000000000000000000000000000005B
:10CDD800000000000000000000000000000000004B
:10CDE800000000000000000000000000000000003B
:10CDF800000000000000000000000000000000002B
:10CE0800000000000000000000000000000000001A
:10CE1800000000000000000000000000000000000A
:10CE280000000000000000000000000000000000FA
:10CE380000000000000000000000000000000000EA
:10CE480000000000000000000000000000000000DA
:10CE580000000000000000000000000000000000CA
:10CE680000000000000000000000000000000000BA
:10CE780000000000000000000000000000000000AA
:10CE8800000000000000000000000000000000009A
:10CE9800000000000000000000000000000000008A
:10CEA800000000000000000000000000000000007A
:10CEB800000000000000000000000000000000006A
:10CEC800000000000000000000000000000000005A
:10CED800000000000000000000000000000000004A
:10CEE800000000000000000000000000000000003A
:10CEF800000000000000000000000000000000002A
:10CF08000000000000000000000000000000000019
:10CF18000000000000000000000000000000000009
:10CF280000000000000000000000000000000000F9
:10CF380000000000000000000000000000000000E9
:10CF480000000000000000000000000000000000D9
:10CF580000000000000000000000000000000000C9
:10CF680000000000000000000000000000000000B9
:10CF780000000000000000000000000000000000A9
:10CF88000000000000000000000000000000000099
:10CF98000000000000000000000000000000000089
:10CFA8000000000000000000000000000000000079
:10CFB8000000000000000000000000000000000069
:10CFC8000000000000000000000000000000000059
:10CFD8000000000000000000000000000000000049
:10CFE8000000000000000000000000000000000039
:10CFF8000000000000000000000000000000000029
:10D008000000000000000000000000000000000018
:10D018000000000000000000000000000000000008
:10D0280000000000000000000000000000000000F8
:10D0380000000000000000000000000000000000E8
:10D0480000000000000000000000000000000000D8
:10D0580000000000000000000000000000000000C8
:10D0680000000000000000000000000000000000B8
:10D0780000000000000000000000000000000000A8
:10D088000000000000000000000000000000000098
:10D098000000000000000000000000000000000088
:10D0A8000000000000000000000000000000000078
:10D0B8000000000000000000000000000000000068
:10D0C8000000000000000000000000000000000058
:10D0D8000000000000000000000000000000000048
:10D0E8000000000000000000000000000000000038
:10D0F8000000000000000000000000000000000028
:10D108000000000000000000000000000000000017
:10D118000000000000000000000000000000000007
:10D1280000000000000000000000000000000000F7
:10D1380000000000000000000000000000000000E7
:10D1480000000000000000000000000000000000D7
:10D1580000000000000000000000000000000000C7
:10D1680000000000000000000000000000000000B7
:10D1780000000000000000000000000000000000A7
:10D188000000000000000000000000000000000097
:10D198000000000000000000000000000000000087
:10D1A8000000000000000000000000000000000077
:10D1B8000000000000000000000000000000000067
:10D1C8000000000000000000000000000000000057
:10D1D8000000000000000000000000000000000047
:10D1E8000000000000000000000000000000000037
:10D1F8000000000000000000000000000000000027
:10D208000000000000000000000000000000000016
:10D218000000000000000000000000000000000006
:10D228000000000000000000392A0000DD2F000087
:10D2380000000000000000000000000000000000E6
:10D2480000000000000000000000000000000000D6
:10D2580000000000000000000000000000000000C6
:10D2680000000000000000000000000000000000B6
:10D2780000000000000000000000000000000000A6
:10D288000000000000000000000000000000000096
:10D298000000000000000000000000000000000086
:10D2A8000000000000000000000000000000000076
:10D2B8000000000000000000000000000000000066
:10D2C8000000000000000000000000000000000056
:10D2D8000000000000000000000000000000000046
:10D2E8000000000000000000000000000000000036
:10D2F8000000000000000000000000000000000026
:10D308000000000000000000000000000000000015
:10D318000000000000000000000000000000000005
:10D3280000000000000000000000000000000000F5
:10D3380000000000000000000000000000000000E5
:10D3480000000000000000000000000000000000D5
:10D3580000000000000000000000000000000000C5
:10D3680000000000000000000000000000000000B5
:10D3780000000000000000000000000000000000A5
:10D388000000000000000000000000000000000095
:10D398000000000000000000000000000000000085
:10D3A8000000000000000000000000000000000075
:10D3B8000000000000000000000000000000000065
:10D3C8000000000000000000000000000000000055
:10D3D8000000000000000000000000000000000045
:10D3E8000000000000000000000000000000000035
:10D3F8000000000000000000000000000000000025
:10D408000000000000000000000000000000000014
:10D418000000000000000000000000000000000004
:10D4280000000000000000000000000000000000F4
:10D4380000000000000000000000000000000000E4
:10D4480000000000000000000000000000000000D4
:10D4580000000000000000000000000000000000C4
:10D4680000000000000000000000000000000000B4
:10D4780000000000000000000000000000000000A4
:10D488000000000000000000000000000000000094
:10D498000000000000000000000000000000000084
:10D4A8000000000000000000080000006273705FC8
:10D4B8006173736572745F6368616E6E656C00009A
:10D4C800010204080C0000000E0400000F06000012
:10D4D8000F0701000E0800000A0A01010F0C0000E6
:10D4E8000F0D00010D230000C91B00003D1D0000A9
:10D4F800A11C0000111E0000D11A000071260000B6
:10D50800D5210000991E00002D1A0000000010808F
:10D5180000000092000001920000040010000400C6
:10D5280012000400010004001100040013000400AC
:10D538006273705F6173736572745F6368616E6E46
:10D54800656C0000E92A0000192E0000E533000090
:10D55800B5330000C13500000102000102000000DF
:10D56800553A0000713600006D3600002938000079
:10D57800B9360000FD390000213E0000A539000041
:10D58800AAAAAAAAAAAAAAAAAAAAAAAAAAAAAAAAF3
:10D59800AAAAAAAA00000000A8AAAAAAAAAAAAAA8D
:10D5A800AAAAAAAAAAAAAAAAAAAAAAAAAAAAAAAAD3
:10D5B800AAAAAAAAAAAAAAAAAAAAAAAAAAAAAAAAC3
:10D5C800AAAAAAAAAAAAAAAAAAAAAAAAAAAAAAAAB3
:10D5D800AAAAAAAAAAAAAAAAAAAAAAAAAAAA0200F5
:10D5E8000000000000A0AAAA2AAAAAAAAAAAAAAA6F
:10D5F800AAAAAA2A00000080AAAAAAAA0AA8AAAACD
:10D60800AA02AAAAAAAA80AAAAAA2A00000080AAEC
:10D61800AAA2828A82828282828282820200A0A058
:10D62800820A2A08A0AAAAAAAAAAAAAAAAAAAA826E
:10D638000A2A0800000000000000000000000000A6
:10D6480000000000000000000000000000000000D2
:10D658000000AAAAAAAAAAAAAAAAAAAAAAAAAAAA76
:10D66800AAAAAAAAAAAAAAAAAAAAAAAAAAAAAAAA12
:10D67800AAAA2A000000000000000000000C000018
:10D6880000000000000C000000000000000C00007A
:10D6980000000000000C000000000000000C00006A
:10D6A80000000000000C000000000000000C00005A
:10D6B80000000000000C000000000000000C00004A
:10D6C80000000000000C000000000000000C00003A
:10D6D80000000000000C000000000000000C00002A
:10D6E80000000000000C000000000000000C00001A
:10D6F80000000000000C0000000000000000000016
:10D708000000000000000000000000000000000011
:10D718000000000000000000000000000000000001
:10D7280000000000000000000000000000000000F1
:10D7380000000000000000000000000000000000E1
:10D7480000000000000000000000000000000000D1
:10D7580000000000000000000000000000000000C1
:10D7680000000000000000000000000000000000B1
:10D77800000000000000000000000000000C000095
:10D7880000000000000C000000000000000C000079
:10D7980000000000000C000000000000000C000069
:10D7A80000000000000C000000000000000C000059
:10D7B80000000000000C000000000000000C000049
:10D7C80000000000000C000000000000000C000039
:10D7D80000000000000C000000000000000C000029
:10D7E80000000000000C000000000000000C000019
:10D7F80000000000000C000000000000000C000009
:10D8080000000000000C000000000000000C0000F8
:10D8180000000000000C000000000000000C0000E8
:10D8280000000000000C000000000000000C0000D8
:10D8380000000000000C000000000000000C0000C8
:10D8480000000000000C000000000000000C0000B8
:10D8580000000000000C000000000000000C0000A8
:10D8680000000000000C000000000000000C000098
:10D8780000000000000C000000000000000C000088
:10D8880000000000000C000000000000000C000078
:10D8980000000000000C000000000000000C000068
:10D8A80000000000000C000000000000000C000058
:10D8B80000000000000C000000000000000C000048
:10D8C80000000000000C000000000000000C000038
:10D8D80000000000000C000000000000000C000028
:10D8E80000000000000C000000000000000C000018
:10D8F80000000000000C000000000000000C000008
:10D9080000000000000C000000000000000C0000F7
:10D9180000000000000C000000000000000C0000E7
:10D9280000000000000C000000000000000C0000D7
:10D9380000000000000C000000000000000C0000C7
:10D9480000000000000C000000000000000C0000B7
:10D9580000000000000C000000000000000C0000A7
:10D9680000000000000C000000000000000C000097
:10D9780000000000000C000000000000000C000087
:10D9880000000000000C000000000000000C000077
:10D9980000000000000C000000000000000C000067
:10D9A80000000000000C000000000000000C000057
:10D9B80000000000000C000000000000000C000047
:10D9C80000000000000C000000000000000C000037
:10D9D80000000000000C000000000000000C000027
:10D9E80000000000000C000000000000000C000017
:10D9F80000000000000C000000000000000C000007
:10DA080000000000000C000000000000000C0000F6
:10DA180000000000000C000000000000000C0000E6
:10DA280000000000000C000000000000000C0000D6
:10DA380000000000000C000000000000000C0000C6
:10DA480000000000000C000000000000000C0000B6
:10DA580000000000000C000000000000000C0000A6
:10DA680000000000000C000000000000000C000096
:10DA780000000000000C000000000000000C000086
:10DA880000000000000C000000000000000C000076
:10DA980000000000000C000000000000000C000066
:10DAA80000000000000C000000000000000C000056
:10DAB80000000000000C000000000000000C000046
:10DAC80000000000000C000000000000000C000036
:10DAD80000000000000C000000000000000C000026
:10DAE80000000000000C000000000000000C000016
:10DAF80000000000000C000000000000000C000006
:10DB080000000000000C000000000000000C0000F5
:10DB180000000000000C000000000000000C0000E5
:10DB280000000000000C000000000000000C0000D5
:10DB380000000000000C000000000000000C0000C5
:10DB480000000000000C000000000000000C0000B5
:10DB580000000000000C000000000000000C0000A5
:10DB680000000000000C000000000000000C000095
:10DB780000000000000C000000000000000C000085
:10DB880000000000000C000000000000000C000075
:10DB980000000000000C000000000000000C000065
:10DBA80000000000000C000000000000000C000055
:10DBB80000000000000C000000000000000C000045
:10DBC80000000000000C000000000000000C000035
:10DBD80000000000000C000000000000000C000025
:10DBE80000000000000C000000000000000C000015
:10DBF80000000000000C000000000000000C000005
:10DC080000000000000C000000000000000C0000F4
:10DC180000000000000C000000000000000C0000E4
:10DC280000000000000C000000000000000C0000D4
:10DC380000000000000C000000000000000C0000C4
:10DC480000000000000C000000000000000C0000B4
:10DC580000000000000C000000000000000C0000A4
:10DC680000000000000C000000000000000C000094
:10DC780000000000000C0000000000000000000090
:10DC8800000000000000000000000000000000008C
:10DC9800000000000000000000000000000000007C
:10DCA800000000000000000000000000000000006C
:10DCB800000000000000000000000000000000005C
:10DCC800000000000000000000000000000000004C
:10DCD800000000000000000000000000000000003C
:10DCE800000000000000000000000000000000002C
:10DCF800000000000000000000000000000000001C
:10DD0800000000000000000000000000000000000B
:10DD180000000000000000000000000000000000FB
:10DD280000000000000000000000000000000000EB
:10DD380000000000000000000000000000000000DB
:10DD480000000000000000000000000000000000CB
:10DD580000000000000000000000000000000000BB
:10DD680000000000000000000000000000000000AB
:10DD7800000000000000000000000000000C00008F
:10DD880000000000000C000000000000000C000073
:10DD980000000000000C000000000000000C000063
:10DDA80000000000000C000000000000000C000053
:10DDB80000000000000C000000000000000C000043
:10DDC80000000000000C000000000000000C000033
:10DDD80000000000000C000000000000000C000023
:10DDE80000000000000C000000000000000C000013
:10DDF80000000000000C000000000000000C000003
:10DE080000000000000C000000000000000C0000F2
:10DE180000000000000C000000000000000C0000E2
:10DE280000000000000C000000000000000C0000D2
:10DE380000000000000C000000000000000C0000C2
:10DE480000000000000C000000000000000C0000B2
:10DE580000000000000C000000000000000C0000A2
:10DE680000000000000C000000000000000C000092
:10DE780000000000000C000000000000FFFFFFFF92
:10DE8800FFFF00000000000008060001080006046B
:10DE98000001000000000000000000000000000079
:10DEA8000000000000000000000000003333000004
:10DEB80000FB000001005E0000FB0000333300019E
:10DEC8000003000001005E0000FC0000FFFFFFFFF0
:10DED800FFFF0000000000006400000032000000A6
:10DEE8006400000022000000640000001900000027
:10DEF8006400000000000000000008004500000069
:10DF08000000000080110000000000000400000074
:10DF18005245454E54206D616C6C6F632073756378
:10DF2800636565646564002F646174612F6A656E5A
:10DF38006B696E732F776F726B73706163652F47B0
:10DF48004E552D746F6F6C636861696E2F61726DC9
:10DF58002D31332F7372632F6E65776C69622D6371
:10DF6800796777696E2F6E65776C69622F6C696265
:10DF7800632F7374646C69622F72616E642E630020
:10DF8800232D302B2000686C4C006566674546479A
:10DF9800003031323334353637383941424344451D
:10DFA800460030313233343536373839616263648C
:10DFB80065660000202020202020202020282828F6
:10DFC8002828202020202020202020202020202039
:10DFD8002020202088101010101010101010101081
:10DFE80010101010040404040404040404041010A1
:10DFF800101010101041414141414101010101013E
:10E0080001010101010101010101010101010110E9
:10E018001010101010424242424242020202020212
:10E0280002020202020202020202020202020210BA
:10E038001010102000000000000000000000000088
:10E0480000000000000000000000000000000000C8
:10E0580000000000000000000000000000000000B8
:10E0680000000000000000000000000000000000A8
:10E078000000000000000000000000000000000098
:10E088000000000000000000000000000000000088
:10E098000000000000000000000000000000000078
:10E0A8000000000000000000000000000000000068
:10E0B800000000004275696C74207769746820520A
:10E0C8005A2F5420466C657869626C6520536F66D8
:10E0D8007477617265205061636B6167652076654E
:10E0E8007273696F6E20342E322E3000342E322E29
:08E0F8003000000000000204EA
:020000040010EA
:10200000893603E3103040E333FF2FE1D03104E39E
:10201000103040E30300A0E10010A0E30010C0E591
:10202000983603E3103040E30300A0E10110A0E381
:102030000010C0E5FFFFFFEA83070BE3000040E369
:10204000300F81EE111F91EE021281E3111F81EE1C
:1020500034009FE5100F0CEE101F1FEE021081E3FD
:10206000011081E34FF07FF5101F0FEE6FF07FF549
:1020700000000FE11F00C0E3130080E300F36EE1F6
:1020800008109FE501F32EE16E0060E10000000002
:10209000A8201000704700BF704700BF704700BF06
:1020A000704700BF704700BFD83108E3D82107E36D
:1020B000D8110AE3D80109E3D8C105E3D8E106E362
:1020C000103040E3102040E3101040E3100040E3E4
:1020D00010C040E310E040E3110002F103D0A0E1A2
:1020E000120002F102D0A0E1170002F101D0A0E13C
:1020F0001B0002F100D0A0E11F0002F10CD0A0E112
:10210000130002F10ED0A0E1FFFFFFEA10402DE91D
:10211000080000FA100000FA0030A0E3243148E380
:10212000002093E5012C82E3002083E5E80300FA18
:10213000560500EA1080BDE811EE503F43F47003ED
:1021400001EE503FBFF36F8FF8EE103A43F080433B
:10215000E8EE103ABFF36F8F704700BF1BEE103FE1
:10216000BFF34F8F43F003030BEE103FBFF36F8FAE
:10217000704700BFF82304EE163F01230CEEFC3F2E
:102180001CEE9C3F43F001030CEE9C3FBFF36F8FAE
:10219000704700BF43F29865C0F2100508B52B7870
:1021A00044F2D01443BBC0F21004002001F05CFAEA
:1021B000237833B3012001F057FA00F00FFA00F052
:1021C00033FA237843B300F045FC00F065FB00F0E0
:1021D00075FA022001F048FA2378C3B1FFF7CAFF6D
:1021E00000F05EFE23787BB1002001F703FF00239F
:1021F0002B70FEF661FEFEE70023C0F21004237090
:10220000D3E700F039FCD5E700F028FAECE700F05E
:102210000BF800F0CBF9E1E700F07AFB2378002B14
:10222000D1D100F081FFCEE72DE9F04F0320A9B016
:1022300000F0B0FE4DF60053C0F200031F934DF6C0
:102240008013C0F200031E934DF60013C0F200038A
:102250001A934DF68003C0F200031C934DF6000361
:10226000C0F2000320934DF28073C0F20003199373
:102270004DF20073C0F200031B934DF28063C0F275
:1022800000031D934FF4A053C8F2291303934FF496
:10229000A853C8F2291313934FF4B053C8F229136B
:1022A00014934FF4B853C8F2291315934FF4C05345
:1022B000C8F2291316934FF4C8534FF4D85CC8F2F0
:1022C0002913179363464DF68042C8F229131893D9
:1022D0004FF4E053C0F200024DF600414DF680305D
:1022E0004DF600344DF680254DF6002727921A460C
:1022F0004DF6006A4DF680594FF4D05B042600235A
:10230000C0F20001C0F20000C0F20004C0F20005FB
:10231000C0F20007C8F2291223912590C0F2000AEA
:10232000269422952497C0F20009C8F2291B219215
:102330005AF83310039A59F806E042F833101F9AFE
:102340005AF8061052F833204FF4E85C0492894A98
:102350004FF4806752F833204FF4A0650592279A16
:102360004FF4C06452F833204FF4E0600692824A82
:10237000C8F2291C52F83320C8F229170792239A71
:10238000C8F2291552F83320C8F2291408927B4A62
:10239000C8F2291052F8332008360992259A842E63
:1023A00052F833200A92764A52F833200B92269A3A
:1023B00052F833200C92734A52F833200D92229A2D
:1023C00052F833200E924FF40062C8F229120192A3
:1023D0004FF41062C8F2291202926B4A52F833206D
:1023E0000F92039A02EBC308C8F80410139A59F825
:1023F000331002EBC30842F83310149A0499C8F85A
:1024000004E042F8331002EBC30E059A0699CEF8A9
:102410000420159A42F8331002EBC30E079A08996C
:10242000CEF80420169A42F8331002EBC30E099A34
:102430000A99CEF80420179A42F8331002EBC30E23
:102440000B9ACEF804200C9A0BEBC30E4BF83320FA
:102450000D9A0E99CEF80420189A42F8331002EB28
:10246000C30E0F9ACEF80420249A52F83320114656
:10247000219A42F83310454902EBC30E51F833104C
:1024800004911E9951F833100591414951F83310C8
:1024900006911A9951F8331007913E4951F83310BB
:1024A00008911C9951F8331009913B4951F83310A8
:1024B0000A91209951F833100B91384951F8331093
:1024C0000C91199951F833100D91354951F8331089
:1024D0000E911B9951F833100F91324951F8331076
:1024E00010911D9951F8331011912F4951F8331063
:1024F00012910499CEF8041005994CF833100699FE
:102500000CEBC30CCCF80410079947F8331008996A
:1025100007EBC3077960099945F833100A9905EB71
:10252000C30569600B9944F833100C9904EBC3049C
:1025300061600D99109A40F833100E9900EBC300BA
:1025400041600F99019840F8331000EBC3014A60D5
:102550001199029A42F83310129902EBC3025160AA
:1025600003F101037FF4E4AE032029B0BDE8F04F8E
:1025700000F098BC04DD000084DC000004DC0000F6
:1025800084DB000004DB000084DA000004DA0000D1
:1025900084D9000004D9000084D8000004D80000C9
:1025A00084D7000004D7000084D600000023C8F6BA
:1025B00020431A6812F001020ED147F64000196854
:1025C000C0F27D1021F00101196018629A60DA6092
:1025D0001A6842F001021A60704700BF704700BFDE
:1025E00084B00191019BDBB1019B9B081AD00021B3
:1025F00000EB83030246043083421160FAD1019A52
:1026000002F003020392039A42B1039A32B100220C
:1026100010469854039901329142FAD8BFF34F8F74
:1026200004B070470346EAE744F2D01143F2F87071
:10263000C0F21001C0F21000091A08B5FFF7D0FF70
:10264000BDE808404DF610514EF20010C0F20101F5
:10265000C0F20000091AFFF7C3BF00BF012038B560
:1026600000F098FC14EE161F002504EE165F2B46B2
:102670002C46C8F22803D3F80823C9F2010422F03B
:102680002002C3F80823D3F80833237A237A237A65
:10269000237A237A237A237A04EE161F012000F08E
:1026A00001FC237965F300032371237965F3051396
:1026B0002371637965F30413637138BD4EF200131F
:1026C00070B54EF20015C0F20003C0F200055B1BAE
:1026D000002B07DD00249E1055F8043B0134984779
:1026E000A642F9DC4EF200134EF20015C0F20003D0
:1026F000C0F200055B1B002B4FEAA30606DD002499
:1027000055F8043B01349847A642F9DC70BD00BF80
:10271000A0F101000028FBD1704700BF2DE9F04374
:1027200000273C463E4D3B4640F2FF3CAE1CC0F20B
:10273000FF37C8F22A040CE041EA070203F583716F
:10274000013310B14CEA00400240502B44F82120E4
:102750000AD035F8232036F8230022F0FC21002A85
:10276000EAD16FF0FC22E9E700254FF0144029463A
:102770002C460268C9F2104142F00202294B026065
:102780004D6104F2023253F8041F0134182C40F852
:102790002210F6D14DF288554FF0020E4FF014473B
:1027A0001F4EC0F200050023B44618460AE055F853
:1027B0002920CA4002F003029A400233202B40EA4B
:1027C00002000FD03CF8022B0EFA03F802F00F01C2
:1027D0004FEA12194900002AE9D10233202B40EABE
:1027E0000800EFD104F202330134222C47F8230011
:1027F00006F12006D7D100224FF0FF3193000132BD
:1028000003F114430D2AC3F88412C3F88413F5D1DD
:1028100062B661B664B6BFF36F8FBDE8F08300BFE8
:10282000F0CA000084D5000040F2FF33C0F3090C69
:102830009C452ED010B543F67C0443F68001C0F2CF
:1028400010042378ACF1200212B2C0F2100121F87A
:102850001320013380B22370BFF35F8F62B6BFF3E2
:102860006F8F10F4787F15BF4CF6304343F2F87346
:10287000C0F20003C0F2100314BF53F8223053F823
:102880002C30984772B6BFF36F8F2378013B2370CB
:1028900010BD00F0B5BA00BF08B511EE103FBFF390
:1028A0004F8F23F4003301EE103FBFF36F8F4BF6D1
:1028B000FF33C4F288430AEE123F4FF48063C0F640
:1028C00008430AEE323FBFF36F8F43F29C60002350
:1028D000C0F2100000F1040C50F833105CF8332003
:1028E00006EE323FBFF34F8F06EE131F06EE332F77
:1028F000BFF36F8F0133182BEED100F04DF800F0CD
:102900003FF800F025F8BDE8084000F02DB800BF02
:1029100008B5032000F03EFB4FF480714FF488525D
:102920004FF00073C8F22912C8F229110B6003207E
:102930004B608B60CB600B614B61136053609360A5
:10294000D360136153619361BDE8084000F0AABAF7
:1029500011EE103FBFF34F8F43F4805301EE103F51
:10296000BFF36F8F704700BF11EE103FBFF34F8F63
:1029700043F0040301EE103FBFF36F8F704700BFB9
:1029800011EE103FBFF34F8F43F0010301EE103FF4
:10299000BFF36F8F704700BF2DE9F043BFF34F8F38
:1029A0004FF0000C07EE15CFBFF35F8F30EE305FB6
:1029B00015F0E06FC5F3026605D1BDE8F0830CF1B8
:1029C000010C66453DD00CEB4C0325FA03F313F0E4
:1029D000060F4FEA4C0EF2D040EE10EFBFF34F8FD0
:1029E00030EE104F04F00709C4F3C907B7FA87F0B7
:1029F00009F10409C4F34E344FB307FA00F848EA6A
:102A00000E0804FA09F148EA010307EE563FA7B1A0
:102A10003B4641EA0E01013B03FA00F20A4307EE8E
:102A2000562F002BF7D1002CC9D0013C04FA09F134
:102A300048EA010307EE563FEAE7002CBFD0013C0D
:102A4000DFE7BFF34F8FBFF36F8FBDE8F0831F2029
:102A5000D3E700BF00214FF4CA4343F67802C8F21F
:102A600028114968C1F6CD5301F00301C0F21002EC
:102A70008B401360704700BF30B5012089B000F073
:102A80005DFA4FF480424AF201504FF4C043C8F25D
:102A90002902D2F80012C8F229130143C2F8001229
:102AA0001A6802431A60BFF35F8F002301241A469D
:102AB0004FF47021C8F22403C3F89C41C8F22812D5
:102AC0005368516053685368536853685368536838
:102AD00053685368002340F20661C8F22803C0F22D
:102AE0000201196019681968196819681968196864
:102AF000196819684FF6FF71C0F210019960996862
:102B000099689968996899689968996899686FF05F
:102B10007E41D960D968D968D968D968D968D96837
:102B2000D968DB684FF4CA4143F6780049F6404360
:102B30005568C1F6CD5105F0030C01FA0CF1C0F255
:102B400010000160146700BF013B9BB2002BFAD15B
:102B500000224FF400433F25012140F2FF3E0A24AA
:102B6000C8F22813C8F22812C2F880504FF0A50C02
:102B70001981FE20A3F80CE001940EE083F810C048
:102B80001970187019701A78012A00D01A7D019AEC
:102B9000013A01921A7DD50707D5019A002AEDD195
:102BA00009B0BDE8304000F02BB9012140F2FF35FB
:102BB0000A244FF4004219854FF0A50C9D85FE2094
:102BC000C8F22812029414E082F830C082F8201073
:102BD00082F8200082F8201092F82030012B01D0DA
:102BE00092F83430029B013B029392F83430DC07B8
:102BF00007D5029B002BE7D109B0BDE8304000F0BB
:102C0000FFB8012140F2FF3C0A254FF40043A2F82F
:102C10004810A524A2F84CC0FE20C8F22813039542
:102C200014E083F8504083F8401083F8400083F8A4
:102C3000401093F84020012A01D093F85420039AC1
:102C4000013A039293F85420D20707D5039A002A39
:102C5000E7D109B0BDE8304000F0D2B8012140F220
:102C6000FF3C0A254FF40042A3F86810A524A3F8FE
:102C70006CC0FE20C8F22812049514E082F870405F
:102C800082F8601082F8600082F8601092F860307C
:102C9000012B01D092F87430049B013B049392F80D
:102CA0007430DD0703D5049B002BE7D178E70121C1
:102CB00040F2FF3C0A254FF40043A2F88810A524F7
:102CC000A2F88CC0FE20C8F22813059514E083F802
:102CD000904083F8801083F8800083F8801093F888
:102CE0008020012A01D093F89420059A013A059298
:102CF00093F89420D20703D5059A002AE7D14FE72D
:102D0000012140F2FF3C0A254FF40042A3F8A8102D
:102D1000A524A3F8ACC0FE20C8F22812069514E042
:102D200082F8B04082F8A01082F8A00082F8A010CB
:102D300092F8A030012B01D092F8B430069B013BF1
:102D4000069392F8B430DD0703D5069B002BE7D13C
:102D500026E7012140F2FF340A204FF40043A2F895
:102D6000C8104FF0A50CA2F8CC40FE25C8F22813DD
:102D7000079014E083F8D0C083F8C01083F8C050E7
:102D800083F8C01093F8C020012A01D093F8D42012
:102D9000079A013A079293F8D420D20703D5079AED
:102DA000002AE7D1FCE60023C8F22403D3F89C21D3
:102DB00022B900BFD3F89C21002AFAD04FF48041F9
:102DC00045F6FE204FF4C042C8F22901D1F8003286
:102DD000C8F22912034043F42543C1F800321368B6
:102DE000034043F425431360BFF35F8F00230122A8
:102DF000C8F22403C3F89C2109B030BDFEE700BF30
:102E0000704700BF08B530B1002203461046C0F23B
:102E100002421A6008BDFFF7F3FF012008BD00BFA2
:102E200038B543F6780441F2597C4FF47A7E4FF47A
:102E30004A4200FB01F1C0F210042068CDF2B71C39
:102E4000ACFB000CA1FB0E40C3F69A324FEA5C3C8F
:102E5000B2FBFCF270B949F28060C0F29800002326
:102E6000A1FB000107F7FCFD800880B1BDE83840F8
:102E7000FFF74EBC920042F21073B1FBF2F103FB7C
:102E800001F1A1FB0E131BB908460028EED138BD95
:102E90004FF0FF352846BDE83840FFF739BC00BF8A
:102EA000FFF73CBC00B514EE161F002304EE163FDE
:102EB000C8F22403D3F89C2122B900BFD3F89C2187
:102EC000002AFAD044F2C013C0F2100333F81020E5
:102ED00092B22AB133F81020013A92B223F81020AE
:102EE00033F810309BB2EBB943F25C734FF4804E71
:102EF000C0F2100333F810304FF4C04CDB43C8F27B
:102F0000290EDEF800229BB242F425421A40C8F294
:102F1000291CCEF80022DCF8002042F425421340A0
:102F2000CCF80030BFF35F8F00230122C8F22403E6
:102F3000C3F89C2104EE161F5DF804FB4FF480419A
:102F40004FF4C04C00B54FF0000E4FF0FF33C8F205
:102F50002901C8F2291CC8F2240ED1F8002202422D
:102F600008D1DCF80020024204D1DEF89C210AB12D
:102F70005DF804FB013BF0D10023C8F22403D3F831
:102F80009C21002AF4D100BFD3F89C21002AFAD05A
:102F90005DF804FB70B5044614EE166F002304EED2
:102FA000163F44F2C015C0F2100535F810309BB240
:102FB000002B3FD00023C8F22403D3F89C2172B326
:102FC00035F814309BB2CBB94FF4804043F25C73B8
:102FD0004FF4C041C8F22900C0F21003D0F800221B
:102FE00033F81430C8F229111A4342F42542C0F8CC
:102FF00000220A68134343F425430B6035F814306C
:1030000001339BB225F81430BFF35F8F00230122F8
:10301000C8F22403C3F89C2104EE166F70BD00BFF4
:10302000D3F89C21002ACBD100BFD3F89C21002AE1
:10303000F5D0C5E743F25C73C0F2100333F810001B
:10304000FFF77CFFBCE700BF01214FF4107C072392
:1030500010B400F01F0483B0A140C0F3044200F498
:103060008000C8F2280C024301915CF82200019C08
:103070000CEB820120EA04004CF822000A68013BB4
:10308000FCD103B05DF8044B704700BF44F2C81296
:10309000C0F2100208B503461068A0B145F6105101
:1030A000033323F003030344C0F202018B4298BFB1
:1030B000136000D808BD07F717FE0C2203464FF037
:1030C000FF301A6008BD4DF61051C0F201010846EC
:1030D0001160E3E7002201201346C8F22402116ABE
:1030E00000FA03FCD940C90707D4116A4CEA010170
:1030F0001162BFF35F8F42F82300D2F8A01100FAEB
:1031000003FCD940C9070BD4D2F8A0114CEA010145
:10311000C2F8A011BFF35F8F03F1600142F82100F4
:103120000133082BDBD1704700232DE9F04383B036
:103130008DF807309DF80730082B4CD843F26470A7
:103140004FF0100E4FF0080CC0F210009DF8073041
:103150001A01855800EB0314DBB295B39DF80710F4
:103160001EFB03C201F5012303F580731B0387587F
:103170009D6094F80490667994F80C80617B9A685D
:10318000A47BBFF34F8FBFF36F8F46EA4906DE6023
:10319000DA68BFF34F8FBFF36F8FCA0742EA8872B6
:1031A0002243C3F81021D3F81021BFF34F8FBFF390
:1031B0006F8FC3F81471D3F81431BFF34F8FBFF37F
:1031C0006F8F9DF807300133DBB28DF807309DF823
:1031D0000730082BBAD903B0BDE8F083537892F8D2
:1031E00000C011F0FC0F2DE9F0434FEA93034FF0BC
:1031F000FF084FEA11245FFA81FE0CF008062BD17C
:1032000000EBC405D5F8001A4FEACE0708FA07F814
:1032100003FA07F921EA080343EA0903C5F8003A6B
:1032200056B33F211288D5F80036C2F30512B940D3
:10323000BA4023EA01031343C5F80036204490F84E
:103240000034CCF3C00C0CFA0EFC43EA0C03DBB2E6
:1032500080F80034BDE8F08300EBC407AEF104054C
:10326000D7F8041AED0008FA05F8AB4021EA080186
:103270001943C7F8041A86BB012707FA0EF2D2B227
:10328000D143031993F800640CF006050E40022D9B
:1032900083F80064C9B22ED0CCF34105012DD9D9F1
:1032A000035D1CF0010F04BF194001554FF00301ED
:1032B0001CBF1A43025500EB4400B0F800224FEA4D
:1032C0004E039D4092B201FA03F322EA03032B431B
:1032D0009BB2A0F80032BDE8F0833F211288D7F8F6
:1032E0000436C2F30512A940AA4023EA010313439E
:1032F000C7F80436A2E7032200EB4400B0F800321E
:103300000EFA07FE9BB202FA0EF207FA0EF723EA54
:1033100002033B439BB2A0F80032BDE8F08300BF3C
:103320000A4601469078F0B5C4074FEA11235FFAC8
:1033300081FE54D50C2B3CD91078547811F0FC0F39
:103340004FEA940400F008055BD04FF0FF0CDE005C
:1033500006F10046AEF1040706F53016FF0004FA48
:1033600007F1D6F8044A0CFA07FC24EA0C0C4CEAE4
:103370000101C6F8041A002D67D03F241188D6F841
:103380000426C1F30511BC40B94022EA04020A43F5
:10339000C6F8042603F1004303F5301393F8002424
:1033A000C0F3C00000FA0EF00243D2B283F800244A
:1033B000F0BD012003F1014303F5301393F800CC75
:1033C00000FA0EF0BDE8F0404CEA000C00205FFA75
:1033D0008CFC83F800CCC8F22B00FFF7FFBE002066
:1033E0004FF0010CC8F22C1003440CFA0EFE93F8B7
:1033F00000CC2CEA0E0CBDE8F04083F800CCFFF7BF
:10340000EDBEFF27DE0006F1004606F53016D6F8C1
:10341000001A4FEACE0C07FA0CF704FA0CF421EA72
:1034200007012143C6F8001A7DB13F241188D6F860
:103430000026C1F3051104FA0CF401FA0CF122EA9A
:1034400004020A43C6F80026A4E74FF0010C002747
:103450000CFA0EF2D2B2D143C8F22C07FE1896F83D
:10346000005400F006040D40022C86F80054C9B246
:1034700024D0C0F34104012C9AD9C00757BFFA5C8D
:10348000F95C1140F95448BF0A434FF0030148BFAB
:10349000FA545B0003F1004303F53013B3F8002244
:1034A0004FEA4E0E92B201FA0EF104FA0EF422EA3D
:1034B0000102224392B2A3F80022F0BD032003FAD6
:1034C0000CF303F1004303F53013B3F800220EFAB6
:1034D0000CFE92B200FA0EF00CFA0EF122EA000293
:1034E0000A4392B2A3F80022F0BD00BF2DE9F041DB
:1034F000002800F0AF800D46002900F0AB804A683C
:103500000346002A00F0A28045F254221968C5F251
:103510004F02914200F0A380A968002900F09A8030
:1035200002201A609D60FFF735FD2E884EB16C6851
:1035300004EBC606A08821460834FFF7F1FEB4422A
:10354000F8D10220FFF7AEFC0220AC68FFF722FDA5
:1035500000208646A44621460546C8F22C0E0B8A5A
:103560000EEB000696F80C2E1F0A02F080020E2FBA
:10357000DBB208BF42F0080203D01E2F08BF42F0A2
:103580001002CF7B1343012F48D08A7C43EA4213B9
:10359000DBB286F80C3E8A7B0631012A04BF8240EA
:1035A0002A4300F1010008BFD5B20428D7D1002278
:1035B00016461146671CC8F22C0614F812E09CF857
:1035C000070040EA0E0006EB020E8EF8000E9CF893
:1035D0000400012816D190409EF8023E0843C1B273
:1035E0009CF8060003F0880343EA80039CF805007A
:1035F000DBB29CF80880034302F5607006EB8000A4
:1036000080F8048017F812000CF1050C43EA00134F
:10361000DBB28EF8023E6AB90122CEE79EF8102E88
:1036200087403A43CF7CD2B243EA47138EF8102E3C
:10363000DBB2AEE7890041EA0511C9B2022086F883
:10364000111EFFF72FFC0020BDE8F0810A88002A38
:103650003FF45AAFFFF7D4FB0120BDE8F081FFF73C
:10366000CFFB0E20F0E700BF022800D070474CF2DD
:103670003851C0F200018B68002BF7D04EF6C440E1
:10368000C0F20000FFF732BF704700BF000000002B
:0836900004F01FE59521100074
:103698000100000012000000C7FF07001200100020
:1036A800C7FF100002000010C3FF17101200181007
:1036B800C7FF1F1012000021C9FF072112001021A7
:1036C800C9FF102112000040C7FFFF4F1200005031
:1036D800C7FFFF5F12000070C7FFFF73120000747E
:1036E800C7FFFF7712000078C7FFFF7B1200007C3E
:1036F800C7FFFF7F13000080CBFFFF811300008806
:10370800CBFFFF891300008CC9FFFF8C13000090CA
:10371800CBFF3F9013000092CBFFFF921300009461
:10372800C9FF1F94130000A0CBFFFFAF130000B028
:10373800CBFFFFBF020000C0C3FFFFDF020000E0B5
:10374800C7FFFFFF000000000000000000000000AD
:10375800000000000100020004000800030000004F
:10376800000000000F000F0001010300010000002D
:10377800000000000F000F0001010100030000001D
:10378800000000000F000F0001010300010000000D
:10379800000000000F000F000101010001000000FF
:1037A800000000000F000F00010101000F000000E1
:1037B800000000000F000F0001010F0001000000D1
:1037C800000000000F000F000101010003000000CD
:1037D800000000000F000F000101030003000000BB
:1037E800000000000F000F000101030000000000AE
:020000041018D2
:1000000000000000000000000000000000000000F0
:1000100000000000000000000000000000000000E0
:1000200000000000000000000000000000000000D0
:1000300000000000000000000000000000000000C0
:1000400000000000000000000000000000000000B0
:1000500000000000000000000000000000000000A0
:100060000000000000000000000000000000000090
:100070000000000000000000000000000000000080
:100080000000000000000000000000000000000070
:100090000000000000000000000000000000000060
:1000A0000000000000000000000000000000000050
:1000B0000000000000000000000000000000000040
:1000C0000000000000000000000000000000000030
:1000D0000000000000000000000000000000000020
:1000E0000000000000000000000000000000000010
:1000F0000000000000000000000000000000000000
:1001000000000000000000000000000000000000EF
:1001100000000000000000000000000000000000DF
:1001200000000000000000000000000000000000CF
:1001300000000000000000000000000000000000BF
:1001400000000000000000000000000000000000AF
:10015000000000000000000000000000000000009F
:10016000000000000000000000000000000000008F
:10017000000000000000000000000000000000007F
:10018000000000000000000000000000000000006F
:10019000000000000000000000000000000000005F
:1001A000000000000000000000000000000000004F
:1001B000000000000000000000000000000000003F
:1001C000000000000000000000000000000000002F
:1001D000000000000000000000000000000000001F
:1001E000000000000000000000000000000000000F
:1001F00000000000000000000000000000000000FF
:1002000000000000000000000000000000000000EE
:1002100000000000000000000000000000000000DE
:1002200000000000000000000000000000000000CE
:1002300000000000000000000000000000000000BE
:1002400000000000000000000000000000000000AE
:10025000000000000000000000000000000000009E
:10026000000000000000000000000000000000008E
:10027000000000000000000000000000000000007E
:10028000000000000000000000000000000000006E
:10029000000000000000000000000000000000005E
:1002A000000000000000000000000000000000004E
:1002B000000000000000000000000000000000003E
:1002C000000000000000000000000000000000002E
:1002D000000000000000000000000000000000001E
:1002E000000000000000000000000000000000000E
:1002F00000000000000000000000000000000000FE
:1003000000000000000000000000000000000000ED
:1003100000000000000000000000000000000000DD
:1003200000000000000000000000000000000000CD
:1003300000000000000000000000000000000000BD
:1003400000000000000000000000000000000000AD
:10035000000000000000000000000000000000009D
:10036000000000000000000000000000000000008D
:10037000000000000000000000000000000000007D
:10038000000000000000000000000000000000006D
:10039000000000000000000000000000000000005D
:1003A000000000000000000000000000000000004D
:1003B000000000000000000000000000000000003D
:1003C000000000000000000000000000000000002D
:1003D000000000000000000000000000000000001D
:1003E000000000000000000000000000000000000D
:1003F00000000000000000000000000000000000FD
:1004000000000000000000000000000000000000EC
:1004100000000000000000000000000000000000DC
:1004200000000000000000000000000000000000CC
:1004300000000000000000000000000000000000BC
:1004400000000000000000000000000000000000AC
:10045000000000000000000000000000000000009C
:10046000000000000000000000000000000000008C
:10047000000000000000000000000000000000007C
:10048000000000000000000000000000000000006C
:10049000000000000000000000000000000000005C
:1004A000000000000000000000000000000000004C
:1004B000000000000000000000000000000000003C
:1004C000000000000000000000000000000000002C
:1004D000000000000000000000000000000000001C
:1004E000000000000000000000000000000000000C
:1004F00000000000000000000000000000000000FC
:1005000000000000000000000000000000000000EB
:1005100000000000000000000000000000000000DB
:1005200000000000000000000000000000000000CB
:1005300000000000000000000000000000000000BB
:1005400000000000000000000000000000000000AB
:10055000000000000000000000000000000000009B
:10056000000000000000000000000000000000008B
:10057000000000000000000000000000000000007B
:10058000000000000000000000000000000000006B
:10059000000000000000000000000000000000005B
:1005A000000000000000000000000000000000004B
:1005B000000000000000000000000000000000003B
:1005C000000000000000000000000000000000002B
:1005D000000000000000000000000000000000001B
:1005E000000000000000000000000000000000000B
:1005F00000000000000000000000000000000000FB
:1006000000000000000000000000000000000000EA
:1006100000000000000000000000000000000000DA
:1006200000000000000000000000000000000000CA
:1006300000000000000000000000000000000000BA
:1006400000000000000000000000000000000000AA
:10065000000000000000000000000000000000009A
:10066000000000000000000000000000000000008A
:10067000000000000000000000000000000000007A
:10068000000000000000000000000000000000006A
:10069000000000000000000000000000000000005A
:1006A000000000000000000000000000000000004A
:1006B000000000000000000000000000000000003A
:1006C000000000000000000000000000000000002A
:1006D000000000000000000000000000000000001A
:1006E000000000000000000000000000000000000A
:1006F00000000000000000000000000000000000FA
:1007000000000000000000000000000000000000E9
:1007100000000000000000000000000000000000D9
:1007200000000000000000000000000000000000C9
:1007300000000000000000000000000000000000B9
:1007400000000000000000000000000000000000A9
:100750000000000000000000000000000000000099
:100760000000000000000000000000000000000089
:100770000000000000000000000000000000000079
:100780000000000000000000000000000000000069
:100790000000000000000000000000000000000059
:1007A0000000000000000000000000000000000049
:1007B0000000000000000000000000000000000039
:1007C0000000000000000000000000000000000029
:1007D0000000000000000000000000000000000019
:1007E0000000000000000000000000000000000009
:1007F00000000000000000000000000000000000F9
:1008000000000000000000000000000000000000E8
:1008100000000000000000000000000000000000D8
:1008200000000000000000000000000000000000C8
:1008300000000000000000000000000000000000B8
:1008400000000000000000000000000000000000A8
:100850000000000000000000000000000000000098
:100860000000000000000000000000000000000088
:100870000000000000000000000000000000000078
:100880000000000000000000000000000000000068
:100890000000000000000000000000000000000058
:1008A0000000000000000000000000000000000048
:1008B0000000000000000000000000000000000038
:1008C0000000000000000000000000000000000028
:1008D0000000000000000000000000000000000018
:1008E0000000000000000000000000000000000008
:1008F00000000000000000000000000000000000F8
:1009000000000000000000000000000000000000E7
:1009100000000000000000000000000000000000D7
:1009200000000000000000000000000000000000C7
:1009300000000000000000000000000000000000B7
:1009400000000000000000000000000000000000A7
:100950000000000000000000000000000000000097
:100960000000000000000000000000000000000087
:100970000000000000000000000000000000000077
:100980000000000000000000000000000000000067
:100990000000000000000000000000000000000057
:1009A0000000000000000000000000000000000047
:1009B0000000000000000000000000000000000037
:1009C0000000000000000000000000000000000027
:1009D0000000000000000000000000000000000017
:1009E0000000000000000000000000000000000007
:1009F00000000000000000000000000000000000F7
:100A000000000000000000000000000000000000E6
:100A100000000000000000000000000000000000D6
:100A200000000000000000000000000000000000C6
:100A300000000000000000000000000000000000B6
:100A400000000000000000000000000000000000A6
:100A50000000000000000000000000000000000096
:100A60000000000000000000000000000000000086
:100A70000000000000000000000000000000000076
:100A80000000000000000000000000000000000066
:100A90000000000000000000000000000000000056
:100AA0000000000000000000000000000000000046
:100AB0000000000000000000000000000000000036
:100AC0000000000000000000000000000000000026
:100AD0000000000000000000000000000000000016
:100AE0000000000000000000000000000000000006
:100AF00000000000000000000000000000000000F6
:100B000000000000000000000000000000000000E5
:100B100000000000000000000000000000000000D5
:100B200000000000000000000000000000000000C5
:100B300000000000000000000000000000000000B5
:100B400000000000000000000000000000000000A5
:100B50000000000000000000000000000000000095
:100B60000000000000000000000000000000000085
:100B70000000000000000000000000000000000075
:100B80000000000000000000000000000000000065
:100B90000000000000000000000000000000000055
:100BA0000000000000000000000000000000000045
:100BB0000000000000000000000000000000000035
:100BC0000000000000000000000000000000000025
:100BD0000000000000000000000000000000000015
:100BE0000000000000000000000000000000000005
:100BF00000000000000000000000000000000000F5
:100C000000000000000000000000000000000000E4
:100C100000000000000000000000000000000000D4
:100C200000000000000000000000000000000000C4
:100C300000000000000000000000000000000000B4
:100C400000000000000000000000000000000000A4
:100C50000000000000000000000000000000000094
:100C60000000000000000000000000000000000084
:100C70000000000000000000000000000000000074
:100C80000000000000000000000000000000000064
:100C90000000000000000000000000000000000054
:100CA0000000000000000000000000000000000044
:100CB0000000000000000000000000000000000034
:100CC0000000000000000000000000000000000024
:100CD0000000000000000000000000000000000014
:100CE0000000000000000000000000000000000004
:100CF00000000000000000000000000000000000F4
:100D000000000000000000000000000000000000E3
:100D100000000000000000000000000000000000D3
:100D200000000000000000000000000000000000C3
:100D300000000000000000000000000000000000B3
:100D400000000000000000000000000000000000A3
:100D50000000000000000000000000000000000093
:100D60000000000000000000000000000000000083
:100D70000000000000000000000000000000000073
:100D80000000000000000000000000000000000063
:100D90000000000000000000000000000000000053
:100DA0000000000000000000000000000000000043
:100DB0000000000000000000000000000000000033
:100DC0000000000000000000000000000000000023
:100DD0000000000000000000000000000000000013
:100DE0000000000000000000000000000000000003
:100DF00000000000000000000000000000000000F3
:100E000000000000000000000000000000000000E2
:100E100000000000000000000000000000000000D2
:100E200000000000000000000000000000000000C2
:100E300000000000000000000000000000000000B2
:100E400000000000000000000000000000000000A2
:100E50000000000000000000000000000000000092
:100E60000000000000000000000000000000000082
:100E70000000000000000000000000000000000072
:100E80000000000000000000000000000000000062
:100E90000000000000000000000000000000000052
:100EA0000000000000000000000000000000000042
:100EB0000000000000000000000000000000000032
:100EC0000000000000000000000000000000000022
:100ED0000000000000000000000000000000000012
:100EE0000000000000000000000000000000000002
:100EF00000000000000000000000000000000000F2
:100F000000000000000000000000000000000000E1
:100F100000000000000000000000000000000000D1
:100F200000000000000000000000000000000000C1
:100F300000000000000000000000000000000000B1
:100F400000000000000000000000000000000000A1
:100F50000000000000000000000000000000000091
:100F60000000000000000000000000000000000081
:100F70000000000000000000000000000000000071
:100F80000000000000000000000000000000000061
:100F90000000000000000000000000000000000051
:100FA0000000000000000000000000000000000041
:100FB0000000000000000000000000000000000031
:100FC0000000000000000000000000000000000021
:100FD0000000000000000000000000000000000011
:100FE0000000000000000000000000000000000001
:100FF00000000000000000000000000000000000F1
:1010000000000000000000000000000000000000E0
:1010100000000000000000000000000000000000D0
:1010200000000000000000000000000000000000C0
:1010300000000000000000000000000000000000B0
:1010400000000000000000000000000000000000A0
:101050000000000000000000000000000000000090
:101060000000000000000000000000000000000080
:101070000000000000000000000000000000000070
:101080000000000000000000000000000000000060
:101090000000000000000000000000000000000050
:1010A0000000000000000000000000000000000040
:1010B0000000000000000000000000000000000030
:1010C0000000000000000000000000000000000020
:1010D0000000000000000000000000000000000010
:1010E0000000000000000000000000000000000000
:1010F00000000000000000000000000000000000F0
:1011000000000000000000000000000000000000DF
:1011100000000000000000000000000000000000CF
:1011200000000000000000000000000000000000BF
:1011300000000000000000000000000000000000AF
:10114000000000000000000000000000000000009F
:10115000000000000000000000000000000000008F
:10116000000000000000000000000000000000007F
:10117000000000000000000000000000000000006F
:10118000000000000000000000000000000000005F
:10119000000000000000000000000000000000004F
:1011A000000000000000000000000000000000003F
:1011B000000000000000000000000000000000002F
:1011C000000000000000000000000000000000001F
:1011D000000000000000000000000000000000000F
:1011E00000000000000000000000000000000000FF
:1011F00000000000000000000000000000000000EF
:1012000000000000000000000000000000000000DE
:1012100000000000000000000000000000000000CE
:1012200000000000000000000000000000000000BE
:1012300000000000000000000000000000000000AE
:10124000000000000000000000000000000000009E
:10125000000000000000000000000000000000008E
:10126000000000000000000000000000000000007E
:10127000000000000000000000000000000000006E
:10128000000000000000000000000000000000005E
:10129000000000000000000000000000000000004E
:1012A000000000000000000000000000000000003E
:1012B000000000000000000000000000000000002E
:1012C000000000000000000000000000000000001E
:1012D000000000000000000000000000000000000E
:1012E00000000000000000000000000000000000FE
:1012F00000000000000000000000000000000000EE
:1013000000000000000000000000000000000000DD
:1013100000000000000000000000000000000000CD
:1013200000000000000000000000000000000000BD
:1013300000000000000000000000000000000000AD
:10134000000000000000000000000000000000009D
:10135000000000000000000000000000000000008D
:10136000000000000000000000000000000000007D
:10137000000000000000000000000000000000006D
:10138000000000000000000000000000000000005D
:10139000000000000000000000000000000000004D
:1013A000000000000000000000000000000000003D
:1013B000000000000000000000000000000000002D
:1013C000000000000000000000000000000000001D
:1013D000000000000000000000000000000000000D
:1013E00000000000000000000000000000000000FD
:1013F00000000000000000000000000000000000ED
:1014000000000000000000000000000000000000DC
:1014100000000000000000000000000000000000CC
:1014200000000000000000000000000000000000BC
:1014300000000000000000000000000000000000AC
:10144000000000000000000000000000000000009C
:10145000000000000000000000000000000000008C
:10146000000000000000000000000000000000007C
:10147000000000000000000000000000000000006C
:10148000000000000000000000000000000000005C
:10149000000000000000000000000000000000004C
:1014A000000000000000000000000000000000003C
:1014B000000000000000000000000000000000002C
:1014C000000000000000000000000000000000001C
:1014D000000000000000000000000000000000000C
:1014E00000000000000000000000000000000000FC
:1014F00000000000000000000000000000000000EC
:1015000000000000000000000000000000000000DB
:1015100000000000000000000000000000000000CB
:1015200000000000000000000000000000000000BB
:1015300000000000000000000000000000000000AB
:10154000000000000000000000000000000000009B
:10155000000000000000000000000000000000008B
:10156000000000000000000000000000000000007B
:10157000000000000000000000000000000000006B
:10158000000000000000000000000000000000005B
:10159000000000000000000000000000000000004B
:1015A000000000000000000000000000000000003B
:1015B000000000000000000000000000000000002B
:1015C000000000000000000000000000000000001B
:1015D000000000000000000000000000000000000B
:1015E00000000000000000000000000000000000FB
:1015F00000000000000000000000000000000000EB
:1016000000000000000000000000000000000000DA
:1016100000000000000000000000000000000000CA
:1016200000000000000000000000000000000000BA
:1016300000000000000000000000000000000000AA
:10164000000000000000000000000000000000009A
:10165000000000000000000000000000000000008A
:10166000000000000000000000000000000000007A
:10167000000000000000000000000000000000006A
:10168000000000000000000000000000000000005A
:10169000000000000000000000000000000000004A
:1016A000000000000000000000000000000000003A
:1016B000000000000000000000000000000000002A
:1016C000000000000000000000000000000000001A
:1016D000000000000000000000000000000000000A
:1016E00000000000000000000000000000000000FA
:1016F00000000000000000000000000000000000EA
:1017000000000000000000000000000000000000D9
:1017100000000000000000000000000000000000C9
:1017200000000000000000000000000000000000B9
:1017300000000000000000000000000000000000A9
:101740000000000000000000000000000000000099
:101750000000000000000000000000000000000089
:101760000000000000000000000000000000000079
:101770000000000000000000000000000000000069
:101780000000000000000000000000000000000059
:101790000000000000000000000000000000000049
:1017A0000000000000000000000000000000000039
:1017B0000000000000000000000000000000000029
:1017C0000000000000000000000000000000000019
:1017D0000000000000000000000000000000000009
:1017E00000000000000000000000000000000000F9
:1017F00000000000000000000000000000000000E9
:1018000000000000000000000000000000000000D8
:1018100000000000000000000000000000000000C8
:1018200000000000000000000000000000000000B8
:1018300000000000000000000000000000000000A8
:101840000000000000000000000000000000000098
:101850000000000000000000000000000000000088
:101860000000000000000000000000000000000078
:101870000000000000000000000000000000000068
:101880000000000000000000000000000000000058
:101890000000000000000000000000000000000048
:1018A0000000000000000000000000000000000038
:1018B0000000000000000000000000000000000028
:1018C0000000000000000000000000000000000018
:1018D0000000000000000000000000000000000008
:1018E00000000000000000000000000000000000F8
:1018F00000000000000000000000000000000000E8
:1019000000000000000000000000000000000000D7
:1019100000000000000000000000000000000000C7
:1019200000000000000000000000000000000000B7
:1019300000000000000000000000000000000000A7
:101940000000000000000000000000000000000097
:101950000000000000000000000000000000000087
:101960000000000000000000000000000000000077
:101970000000000000000000000000000000000067
:101980000000000000000000000000000000000057
:101990000000000000000000000000000000000047
:1019A0000000000000000000000000000000000037
:1019B0000000000000000000000000000000000027
:1019C0000000000000000000000000000000000017
:1019D0000000000000000000000000000000000007
:1019E00000000000000000000000000000000000F7
:1019F00000000000000000000000000000000000E7
:101A000000000000000000000000000000000000D6
:101A100000000000000000000000000000000000C6
:101A200000000000000000000000000000000000B6
:101A300000000000000000000000000000000000A6
:101A40000000000000000000000000000000000096
:101A50000000000000000000000000000000000086
:101A60000000000000000000000000000000000076
:101A70000000000000000000000000000000000066
:101A80000000000000000000000000000000000056
:101A90000000000000000000000000000000000046
:101AA0000000000000000000000000000000000036
:101AB0000000000000000000000000000000000026
:101AC0000000000000000000000000000000000016
:101AD0000000000000000000000000000000000006
:101AE00000000000000000000000000000000000F6
:101AF00000000000000000000000000000000000E6
:101B000000000000000000000000000000000000D5
:101B100000000000000000000000000000000000C5
:101B200000000000000000000000000000000000B5
:101B300000000000000000000000000000000000A5
:101B40000000000000000000000000000000000095
:101B50000000000000000000000000000000000085
:101B60000000000000000000000000000000000075
:101B70000000000000000000000000000000000065
:101B80000000000000000000000000000000000055
:101B90000000000000000000000000000000000045
:101BA0000000000000000000000000000000000035
:101BB0000000000000000000000000000000000025
:101BC0000000000000000000000000000000000015
:101BD0000000000000000000000000000000000005
:101BE00000000000000000000000000000000000F5
:101BF00000000000000000000000000000000000E5
:101C000000000000000000000000000000000000D4
:101C100000000000000000000000000000000000C4
:101C200000000000000000000000000000000000B4
:101C300000000000000000000000000000000000A4
:101C40000000000000000000000000000000000094
:101C50000000000000000000000000000000000084
:101C60000000000000000000000000000000000074
:101C70000000000000000000000000000000000064
:101C80000000000000000000000000000000000054
:101C90000000000000000000000000000000000044
:101CA0000000000000000000000000000000000034
:101CB0000000000000000000000000000000000024
:101CC0000000000000000000000000000000000014
:101CD0000000000000000000000000000000000004
:101CE00000000000000000000000000000000000F4
:101CF00000000000000000000000000000000000E4
:101D000000000000000000000000000000000000D3
:101D100000000000000000000000000000000000C3
:101D200000000000000000000000000000000000B3
:101D300000000000000000000000000000000000A3
:101D40000000000000000000000000000000000093
:101D50000000000000000000000000000000000083
:101D60000000000000000000000000000000000073
:101D70000000000000000000000000000000000063
:101D80000000000000000000000000000000000053
:101D90000000000000000000000000000000000043
:101DA0000000000000000000000000000000000033
:101DB0000000000000000000000000000000000023
:101DC0000000000000000000000000000000000013
:101DD0000000000000000000000000000000000003
:101DE00000000000000000000000000000000000F3
:101DF00000000000000000000000000000000000E3
:101E000000000000000000000000000000000000D2
:101E100000000000000000000000000000000000C2
:101E200000000000000000000000000000000000B2
:101E300000000000000000000000000000000000A2
:101E40000000000000000000000000000000000092
:101E50000000000000000000000000000000000082
:101E60000000000000000000000000000000000072
:101E70000000000000000000000000000000000062
:101E80000000000000000000000000000000000052
:101E90000000000000000000000000000000000042
:101EA0000000000000000000000000000000000032
:101EB0000000000000000000000000000000000022
:101EC0000000000000000000000000000000000012
:101ED0000000000000000000000000000000000002
:101EE00000000000000000000000000000000000F2
:101EF00000000000000000000000000000000000E2
:101F000000000000000000000000000000000000D1
:101F100000000000000000000000000000000000C1
:101F200000000000000000000000000000000000B1
:101F300000000000000000000000000000000000A1
:101F40000000000000000000000000000000000091
:101F50000000000000000000000000000000000081
:101F60000000000000000000000000000000000071
:101F70000000000000000000000000000000000061
:101F80000000000000000000000000000000000051
:101F90000000000000000000000000000000000041
:101FA0000000000000000000000000000000000031
:101FB0000000000000000000000000000000000021
:101FC0000000000000000000000000000000000011
:101FD0000000000000000000000000000000000001
:101FE00000000000000000000000000000000000F1
:101FF00000000000000000000000000000000000E1
:1020000000000000000000000000000000000000D0
:1020100000000000000000000000000000000000C0
:1020200000000000000000000000000000000000B0
:1020300000000000000000000000000000000000A0
:102040000000000000000000000000000000000090
:102050000000000000000000000000000000000080
:102060000000000000000000000000000000000070
:102070000000000000000000000000000000000060
:102080000000000000000000000000000000000050
:102090000000000000000000000000000000000040
:1020A0000000000000000000000000000000000030
:1020B0000000000000000000000000000000000020
:1020C0000000000000000000000000000000000010
:1020D0000000000000000000000000000000000000
:1020E00000000000000000000000000000000000F0
:1020F00000000000000000000000000000000000E0
:1021000000000000000000000000000000000000CF
:1021100000000000000000000000000000000000BF
:1021200000000000000000000000000000000000AF
:10213000000000000000000000000000000000009F
:10214000000000000000000000000000000000008F
:10215000000000000000000000000000000000007F
:10216000000000000000000000000000000000006F
:10217000000000000000000000000000000000005F
:10218000000000000000000000000000000000004F
:10219000000000000000000000000000000000003F
:1021A000000000000000000000000000000000002F
:1021B000000000000000000000000000000000001F
:1021C000000000000000000000000000000000000F
:1021D00000000000000000000000000000000000FF
:1021E00000000000000000000000000000000000EF
:1021F00000000000000000000000000000000000DF
:1022000000000000000000000000000000000000CE
:1022100000000000000000000000000000000000BE
:1022200000000000000000000000000000000000AE
:10223000000000000000000000000000000000009E
:10224000000000000000000000000000000000008E
:10225000000000000000000000000000000000007E
:10226000000000000000000000000000000000006E
:10227000000000000000000000000000000000005E
:10228000000000000000000000000000000000004E
:10229000000000000000000000000000000000003E
:1022A000000000000000000000000000000000002E
:1022B000000000000000000000000000000000001E
:1022C000000000000000000000000000000000000E
:1022D00000000000000000000000000000000000FE
:1022E00000000000000000000000000000000000EE
:1022F00000000000000000000000000000000000DE
:1023000000000000000000000000000000000000CD
:1023100000000000000000000000000000000000BD
:1023200000000000000000000000000000000000AD
:10233000000000000000000000000000000000009D
:10234000000000000000000000000000000000008D
:10235000000000000000000000000000000000007D
:10236000000000000000000000000000000000006D
:10237000000000000000000000000000000000005D
:10238000000000000000000000000000000000004D
:10239000000000000000000000000000000000003D
:1023A000000000000000000000000000000000002D
:1023B000000000000000000000000000000000001D
:1023C000000000000000000000000000000000000D
:1023D00000000000000000000000000000000000FD
:1023E00000000000000000000000000000000000ED
:1023F00000000000000000000000000000000000DD
:1024000000000000000000000000000000000000CC
:1024100000000000000000000000000000000000BC
:1024200000000000000000000000000000000000AC
:10243000000000000000000000000000000000009C
:10244000000000000000000000000000000000008C
:10245000000000000000000000000000000000007C
:10246000000000000000000000000000000000006C
:10247000000000000000000000000000000000005C
:10248000000000000000000000000000000000004C
:10249000000000000000000000000000000000003C
:1024A000000000000000000000000000000000002C
:1024B000000000000000000000000000000000001C
:1024C000000000000000000000000000000000000C
:1024D00000000000000000000000000000000000FC
:1024E00000000000000000000000000000000000EC
:1024F00000000000000000000000000000000000DC
:1025000000000000000000000000000000000000CB
:1025100000000000000000000000000000000000BB
:1025200000000000000000000000000000000000AB
:10253000000000000000000000000000000000009B
:10254000000000000000000000000000000000008B
:10255000000000000000000000000000000000007B
:10256000000000000000000000000000000000006B
:10257000000000000000000000000000000000005B
:10258000000000000000000000000000000000004B
:10259000000000000000000000000000000000003B
:1025A000000000000000000000000000000000002B
:1025B000000000000000000000000000000000001B
:1025C000000000000000000000000000000000000B
:1025D00000000000000000000000000000000000FB
:1025E00000000000000000000000000000000000EB
:1025F00000000000000000000000000000000000DB
:1026000000000000000000000000000000000000CA
:1026100000000000000000000000000000000000BA
:1026200000000000000000000000000000000000AA
:10263000000000000000000000000000000000009A
:10264000000000000000000000000000000000008A
:10265000000000000000000000000000000000007A
:10266000000000000000000000000000000000006A
:10267000000000000000000000000000000000005A
:10268000000000000000000000000000000000004A
:10269000000000000000000000000000000000003A
:1026A000000000000000000000000000000000002A
:1026B000000000000000000000000000000000001A
:1026C000000000000000000000000000000000000A
:1026D00000000000000000000000000000000000FA
:1026E00000000000000000000000000000000000EA
:1026F00000000000000000000000000000000000DA
:1027000000000000000000000000000000000000C9
:1027100000000000000000000000000000000000B9
:1027200000000000000000000000000000000000A9
:102730000000000000000000000000000000000099
:102740000000000000000000000000000000000089
:102750000000000000000000000000000000000079
:102760000000000000000000000000000000000069
:102770000000000000000000000000000000000059
:102780000000000000000000000000000000000049
:102790000000000000000000000000000000000039
:1027A0000000000000000000000000000000000029
:1027B0000000000000000000000000000000000019
:1027C0000000000000000000000000000000000009
:1027D00000000000000000000000000000000000F9
:1027E00000000000000000000000000000000000E9
:1027F00000000000000000000000000000000000D9
:1028000000000000000000000000000000000000C8
:1028100000000000000000000000000000000000B8
:1028200000000000000000000000000000000000A8
:102830000000000000000000000000000000000098
:102840000000000000000000000000000000000088
:102850000000000000000000000000000000000078
:102860000000000000000000000000000000000068
:102870000000000000000000000000000000000058
:102880000000000000000000000000000000000048
:102890000000000000000000000000000000000038
:1028A0000000000000000000000000000000000028
:1028B0000000000000000000000000000000000018
:1028C0000000000000000000000000000000000008
:1028D00000000000000000000000000000000000F8
:1028E00000000000000000000000000000000000E8
:1028F00000000000000000000000000000000000D8
:1029000000000000000000000000000000000000C7
:1029100000000000000000000000000000000000B7
:1029200000000000000000000000000000000000A7
:102930000000000000000000000000000000000097
:102940000000000000000000000000000000000087
:102950000000000000000000000000000000000077
:102960000000000000000000000000000000000067
:102970000000000000000000000000000000000057
:102980000000000000000000000000000000000047
:102990000000000000000000000000000000000037
:1029A0000000000000000000000000000000000027
:1029B0000000000000000000000000000000000017
:1029C0000000000000000000000000000000000007
:1029D00000000000000000000000000000000000F7
:1029E00000000000000000000000000000000000E7
:1029F00000000000000000000000000000000000D7
:102A000000000000000000000000000000000000C6
:102A100000000000000000000000000000000000B6
:102A200000000000000000000000000000000000A6
:102A30000000000000000000000000000000000096
:102A40000000000000000000000000000000000086
:102A50000000000000000000000000000000000076
:102A60000000000000000000000000000000000066
:102A70000000000000000000000000000000000056
:102A80000000000000000000000000000000000046
:102A90000000000000000000000000000000000036
:102AA0000000000000000000000000000000000026
:102AB0000000000000000000000000000000000016
:102AC0000000000000000000000000000000000006
:102AD00000000000000000000000000000000000F6
:102AE00000000000000000000000000000000000E6
:102AF00000000000000000000000000000000000D6
:102B000000000000000000000000000000000000C5
:102B100000000000000000000000000000000000B5
:102B200000000000000000000000000000000000A5
:102B30000000000000000000000000000000000095
:102B40000000000000000000000000000000000085
:102B50000000000000000000000000000000000075
:102B60000000000000000000000000000000000065
:102B70000000000000000000000000000000000055
:102B80000000000000000000000000000000000045
:102B90000000000000000000000000000000000035
:102BA0000000000000000000000000000000000025
:102BB0000000000000000000000000000000000015
:102BC0000000000000000000000000000000000005
:102BD00000000000000000000000000000000000F5
:102BE00000000000000000000000000000000000E5
:102BF00000000000000000000000000000000000D5
:102C000000000000000000000000000000000000C4
:102C100000000000000000000000000000000000B4
:102C200000000000000000000000000000000000A4
:102C30000000000000000000000000000000000094
:102C40000000000000000000000000000000000084
:102C50000000000000000000000000000000000074
:102C60000000000000000000000000000000000064
:102C70000000000000000000000000000000000054
:102C80000000000000000000000000000000000044
:102C90000000000000000000000000000000000034
:102CA0000000000000000000000000000000000024
:102CB0000000000000000000000000000000000014
:102CC0000000000000000000000000000000000004
:102CD00000000000000000000000000000000000F4
:102CE00000000000000000000000000000000000E4
:102CF00000000000000000000000000000000000D4
:102D000000000000000000000000000000000000C3
:102D100000000000000000000000000000000000B3
:102D200000000000000000000000000000000000A3
:102D30000000000000000000000000000000000093
:102D40000000000000000000000000000000000083
:102D50000000000000000000000000000000000073
:102D60000000000000000000000000000000000063
:102D70000000000000000000000000000000000053
:102D80000000000000000000000000000000000043
:102D90000000000000000000000000000000000033
:102DA0000000000000000000000000000000000023
:102DB0000000000000000000000000000000000013
:102DC0000000000000000000000000000000000003
:102DD00000000000000000000000000000000000F3
:102DE00000000000000000000000000000000000E3
:102DF00000000000000000000000000000000000D3
:102E000000000000000000000000000000000000C2
:102E100000000000000000000000000000000000B2
:102E200000000000000000000000000000000000A2
:102E30000000000000000000000000000000000092
:102E40000000000000000000000000000000000082
:102E50000000000000000000000000000000000072
:102E60000000000000000000000000000000000062
:102E70000000000000000000000000000000000052
:102E80000000000000000000000000000000000042
:102E90000000000000000000000000000000000032
:102EA0000000000000000000000000000000000022
:102EB0000000000000000000000000000000000012
:102EC0000000000000000000000000000000000002
:102ED00000000000000000000000000000000000F2
:102EE00000000000000000000000000000000000E2
:102EF00000000000000000000000000000000000D2
:102F000000000000000000000000000000000000C1
:102F100000000000000000000000000000000000B1
:102F200000000000000000000000000000000000A1
:102F30000000000000000000000000000000000091
:102F40000000000000000000000000000000000081
:102F50000000000000000000000000000000000071
:102F60000000000000000000000000000000000061
:102F70000000000000000000000000000000000051
:102F80000000000000000000000000000000000041
:102F90000000000000000000000000000000000031
:102FA0000000000000000000000000000000000021
:102FB0000000000000000000000000000000000011
:102FC0000000000000000000000000000000000001
:102FD00000000000000000000000000000000000F1
:102FE00000000000000000000000000000000000E1
:102FF00000000000000000000000000000000000D1
:1030000000000000000000000000000000000000C0
:1030100000000000000000000000000000000000B0
:1030200000000000000000000000000000000000A0
:103030000000000000000000000000000000000090
:103040000000000000000000000000000000000080
:103050000000000000000000000000000000000070
:103060000000000000000000000000000000000060
:103070000000000000000000000000000000000050
:103080000000000000000000000000000000000040
:103090000000000000000000000000000000000030
:1030A0000000000000000000000000000000000020
:1030B0000000000000000000000000000000000010
:1030C0000000000000000000000000000000000000
:1030D00000000000000000000000000000000000F0
:1030E00000000000000000000000000000000000E0
:1030F00000000000000000000000000000000000D0
:1031000000000000000000000000000000000000BF
:1031100000000000000000000000000000000000AF
:10312000000000000000000000000000000000009F
:10313000000000000000000000000000000000008F
:10314000000000000000000000000000000000007F
:10315000000000000000000000000000000000006F
:10316000000000000000000000000000000000005F
:10317000000000000000000000000000000000004F
:10318000000000000000000000000000000000003F
:10319000000000000000000000000000000000002F
:1031A000000000000000000000000000000000001F
:1031B000000000000000000000000000000000000F
:1031C00000000000000000000000000000000000FF
:1031D00000000000000000000000000000000000EF
:1031E00000000000000000000000000000000000DF
:1031F00000000000000000000000000000000000CF
:1032000000000000000000000000000000000000BE
:1032100000000000000000000000000000000000AE
:10322000000000000000000000000000000000009E
:10323000000000000000000000000000000000008E
:10324000000000000000000000000000000000007E
:10325000000000000000000000000000000000006E
:10326000000000000000000000000000000000005E
:10327000000000000000000000000000000000004E
:10328000000000000000000000000000000000003E
:10329000000000000000000000000000000000002E
:1032A000000000000000000000000000000000001E
:1032B000000000000000000000000000000000000E
:1032C00000000000000000000000000000000000FE
:1032D00000000000000000000000000000000000EE
:1032E00000000000000000000000000000000000DE
:1032F00000000000000000000000000000000000CE
:1033000000000000000000000000000000000000BD
:1033100000000000000000000000000000000000AD
:10332000000000000000000000000000000000009D
:10333000000000000000000000000000000000008D
:10334000000000000000000000000000000000007D
:10335000000000000000000000000000000000006D
:10336000000000000000000000000000000000005D
:10337000000000000000000000000000000000004D
:10338000000000000000000000000000000000003D
:10339000000000000000000000000000000000002D
:1033A000000000000000000000000000000000001D
:1033B000000000000000000000000000000000000D
:1033C00000000000000000000000000000000000FD
:1033D00000000000000000000000000000000000ED
:1033E00000000000000000000000000000000000DD
:1033F00000000000000000000000000000000000CD
:1034000000000000000000000000000000000000BC
:1034100000000000000000000000000000000000AC
:10342000000000000000000000000000000000009C
:10343000000000000000000000000000000000008C
:10344000000000000000000000000000000000007C
:10345000000000000000000000000000000000006C
:10346000000000000000000000000000000000005C
:10347000000000000000000000000000000000004C
:10348000000000000000000000000000000000003C
:10349000000000000000000000000000000000002C
:1034A000000000000000000000000000000000001C
:1034B000000000000000000000000000000000000C
:1034C00000000000000000000000000000000000FC
:1034D00000000000000000000000000000000000EC
:1034E00000000000000000000000000000000000DC
:1034F00000000000000000000000000000000000CC
:1035000000000000000000000000000000000000BB
:1035100000000000000000000000000000000000AB
:10352000000000000000000000000000000000009B
:10353000000000000000000000000000000000008B
:10354000000000000000000000000000000000007B
:10355000000000000000000000000000000000006B
:10356000000000000000000000000000000000005B
:10357000000000000000000000000000000000004B
:10358000000000000000000000000000000000003B
:10359000000000000000000000000000000000002B
:1035A000000000000000000000000000000000001B
:1035B000000000000000000000000000000000000B
:1035C00000000000000000000000000000000000FB
:1035D00000000000000000000000000000000000EB
:1035E00000000000000000000000000000000000DB
:1035F00000000000000000000000000000000000CB
:1036000000000000000000000000000000000000BA
:1036100000000000000000000000000000000000AA
:10362000000000000000000000000000000000009A
:10363000000000000000000000000000000000008A
:10364000000000000000000000000000000000007A
:10365000000000000000000000000000000000006A
:10366000000000000000000000000000000000005A
:10367000000000000000000000000000000000004A
:10368000000000000000000000000000000000003A
:10369000000000000000000000000000000000002A
:1036A000000000000000000000000000000000001A
:1036B000000000000000000000000000000000000A
:1036C00000000000000000000000000000000000FA
:1036D00000000000000000000000000000000000EA
:1036E00000000000000000000000000000000000DA
:1036F00000000000000000000000000000000000CA
:1037000000000000000000000000000000000000B9
:1037100000000000000000000000000000000000A9
:103720000000000000000000000000000000000099
:103730000000000000000000000000000000000089
:103740000000000000000000000000000000000079
:103750000000000000000000000000000000000069
:103760000000000000000000000000000000000059
:103770000000000000000000000000000000000049
:103780000000000000000000000000000000000039
:103790000000000000000000000000000000000029
:1037A0000000000000000000000000000000000019
:1037B0000000000000000000000000000000000009
:1037C00000000000000000000000000000000000F9
:1037D00000000000000000000000000000000000E9
:1037E00000000000000000000000000000000000D9
:1037F00000000000000000000000000000000000C9
:1038000000000000000000000000000000000000B8
:1038100000000000000000000000000000000000A8
:103820000000000000000000000000000000000098
:103830000000000000000000000000000000000088
:103840000000000000000000000000000000000078
:103850000000000000000000000000000000000068
:103860000000000000000000000000000000000058
:103870000000000000000000000000000000000048
:103880000000000000000000000000000000000038
:103890000000000000000000000000000000000028
:1038A0000000000000000000000000000000000018
:1038B0000000000000000000000000000000000008
:1038C00000000000000000000000000000000000F8
:1038D00000000000000000000000000000000000E8
:1038E00000000000000000000000000000000000D8
:1038F00000000000000000000000000000000000C8
:1039000000000000000000000000000000000000B7
:1039100000000000000000000000000000000000A7
:103920000000000000000000000000000000000097
:103930000000000000000000000000000000000087
:103940000000000000000000000000000000000077
:103950000000000000000000000000000000000067
:103960000000000000000000000000000000000057
:103970000000000000000000000000000000000047
:103980000000000000000000000000000000000037
:103990000000000000000000000000000000000027
:1039A0000000000000000000000000000000000017
:1039B0000000000000000000000000000000000007
:1039C00000000000000000000000000000000000F7
:1039D00000000000000000000000000000000000E7
:1039E00000000000000000000000000000000000D7
:1039F00000000000000000000000000000000000C7
:103A000000000000000000000000000000000000B6
:103A100000000000000000000000000000000000A6
:103A20000000000000000000000000000000000096
:103A30000000000000000000000000000000000086
:103A40000000000000000000000000000000000076
:103A50000000000000000000000000000000000066
:103A60000000000000000000000000000000000056
:103A70000000000000000000000000000000000046
:103A80000000000000000000000000000000000036
:103A90000000000000000000000000000000000026
:103AA0000000000000000000000000000000000016
:103AB0000000000000000000000000000000000006
:103AC00000000000000000000000000000000000F6
:103AD00000000000000000000000000000000000E6
:103AE00000000000000000000000000000000000D6
:103AF00000000000000000000000000000000000C6
:103B000000000000000000000000000000000000B5
:103B100000000000000000000000000000000000A5
:103B20000000000000000000000000000000000095
:103B30000000000000000000000000000000000085
:103B40000000000000000000000000000000000075
:103B50000000000000000000000000000000000065
:103B60000000000000000000000000000000000055
:103B70000000000000000000000000000000000045
:103B80000000000000000000000000000000000035
:103B90000000000000000000000000000000000025
:103BA0000000000000000000000000000000000015
:103BB0000000000000000000000000000000000005
:103BC00000000000000000000000000000000000F5
:103BD00000000000000000000000000000000000E5
:103BE00000000000000000000000000000000000D5
:103BF00000000000000000000000000000000000C5
:103C000000000000000000000000000000000000B4
:103C100000000000000000000000000000000000A4
:103C20000000000000000000000000000000000094
:103C30000000000000000000000000000000000084
:103C40000000000000000000000000000000000074
:103C50000000000000000000000000000000000064
:103C60000000000000000000000000000000000054
:103C70000000000000000000000000000000000044
:103C80000000000000000000000000000000000034
:103C90000000000000000000000000000000000024
:103CA0000000000000000000000000000000000014
:103CB0000000000000000000000000000000000004
:103CC00000000000000000000000000000000000F4
:103CD00000000000000000000000000000000000E4
:103CE00000000000000000000000000000000000D4
:103CF00000000000000000000000000000000000C4
:103D000000000000000000000000000000000000B3
:103D100000000000000000000000000000000000A3
:103D20000000000000000000000000000000000093
:103D30000000000000000000000000000000000083
:103D40000000000000000000000000000000000073
:103D50000000000000000000000000000000000063
:103D60000000000000000000000000000000000053
:103D70000000000000000000000000000000000043
:103D80000000000000000000000000000000000033
:103D90000000000000000000000000000000000023
:103DA0000000000000000000000000000000000013
:103DB0000000000000000000000000000000000003
:103DC00000000000000000000000000000000000F3
:103DD00000000000000000000000000000000000E3
:103DE00000000000000000000000000000000000D3
:103DF00000000000000000000000000000000000C3
:103E000000000000000000000000000000000000B2
:103E100000000000000000000000000000000000A2
:103E20000000000000000000000000000000000092
:103E30000000000000000000000000000000000082
:103E40000000000000000000000000000000000072
:103E50000000000000000000000000000000000062
:103E60000000000000000000000000000000000052
:103E70000000000000000000000000000000000042
:103E80000000000000000000000000000000000032
:103E90000000000000000000000000000000000022
:103EA0000000000000000000000000000000000012
:103EB0000000000000000000000000000000000002
:103EC00000000000000000000000000000000000F2
:103ED00000000000000000000000000000000000E2
:103EE00000000000000000000000000000000000D2
:103EF00000000000000000000000000000000000C2
:103F000000000000000000000000000000000000B1
:103F100000000000000000000000000000000000A1
:103F20000000000000000000000000000000000091
:103F30000000000000000000000000000000000081
:103F40000000000000000000000000000000000071
:103F50000000000000000000000000000000000061
:103F60000000000000000000000000000000000051
:103F70000000000000000000000000000000000041
:103F80000000000000000000000000000000000031
:103F90000000000000000000000000000000000021
:103FA0000000000000000000000000000000000011
:103FB0000000000000000000000000000000000001
:103FC00000000000000000000000000000000000F1
:103FD00000000000000000000000000000000000E1
:103FE00000000000000000000000000000000000D1
:103FF00000000000000000000000000000000000C1
:1040000000000000000000000000000000000000B0
:1040100000000000000000000000000000000000A0
:104020000000000000000000000000000000000090
:104030000000000000000000000000000000000080
:104040000000000000000000000000000000000070
:104050000000000000000000000000000000000060
:104060000000000000000000000000000000000050
:104070000000000000000000000000000000000040
:104080000000000000000000000000000000000030
:104090000000000000000000000000000000000020
:1040A0000000000000000000000000000000000010
:1040B0000000000000000000000000000000000000
:1040C00000000000000000000000000000000000F0
:1040D00000000000000000000000000000000000E0
:1040E00000000000000000000000000000000000D0
:1040F00000000000000000000000000000000000C0
:1041000000000000000000000000000000000000AF
:10411000000000000000000000000000000000009F
:10412000000000000000000000000000000000008F
:10413000000000000000000000000000000000007F
:10414000000000000000000000000000000000006F
:10415000000000000000000000000000000000005F
:10416000000000000000000000000000000000004F
:10417000000000000000000000000000000000003F
:10418000000000000000000000000000000000002F
:10419000000000000000000000000000000000001F
:1041A000000000000000000000000000000000000F
:1041B00000000000000000000000000000000000FF
:1041C00000000000000000000000000000000000EF
:1041D00000000000000000000000000000000000DF
:1041E00000000000000000000000000000000000CF
:1041F00000000000000000000000000000000000BF
:1042000000000000000000000000000000000000AE
:10421000000000000000000000000000000000009E
:10422000000000000000000000000000000000008E
:10423000000000000000000000000000000000007E
:10424000000000000000000000000000000000006E
:10425000000000000000000000000000000000005E
:10426000000000000000000000000000000000004E
:10427000000000000000000000000000000000003E
:10428000000000000000000000000000000000002E
:10429000000000000000000000000000000000001E
:1042A000000000000000000000000000000000000E
:1042B00000000000000000000000000000000000FE
:1042C00000000000000000000000000000000000EE
:1042D00000000000000000000000000000000000DE
:1042E00000000000000000000000000000000000CE
:1042F00000000000000000000000000000000000BE
:1043000000000000000000000000000000000000AD
:10431000000000000000000000000000000000009D
:10432000000000000000000000000000000000008D
:10433000000000000000000000000000000000007D
:10434000000000000000000000000000000000006D
:10435000000000000000000000000000000000005D
:10436000000000000000000000000000000000004D
:10437000000000000000000000000000000000003D
:10438000000000000000000000000000000000002D
:10439000000000000000000000000000000000001D
:1043A000000000000000000000000000000000000D
:1043B00000000000000000000000000000000000FD
:1043C00000000000000000000000000000000000ED
:1043D00000000000000000000000000000000000DD
:1043E00000000000000000000000000000000000CD
:1043F00000000000000000000000000000000000BD
:1044000000000000000000000000000000000000AC
:10441000000000000000000000000000000000009C
:10442000000000000000000000000000000000008C
:10443000000000000000000000000000000000007C
:10444000000000000000000000000000000000006C
:10445000000000000000000000000000000000005C
:10446000000000000000000000000000000000004C
:10447000000000000000000000000000000000003C
:10448000000000000000000000000000000000002C
:10449000000000000000000000000000000000001C
:1044A000000000000000000000000000000000000C
:1044B00000000000000000000000000000000000FC
:1044C00000000000000000000000000000000000EC
:1044D00000000000000000000000000000000000DC
:1044E00000000000000000000000000000000000CC
:1044F00000000000000000000000000000000000BC
:1045000000000000000000000000000000000000AB
:10451000000000000000000000000000000000009B
:10452000000000000000000000000000000000008B
:10453000000000000000000000000000000000007B
:10454000000000000000000000000000000000006B
:10455000000000000000000000000000000000005B
:10456000000000000000000000000000000000004B
:10457000000000000000000000000000000000003B
:10458000000000000000000000000000000000002B
:10459000000000000000000000000000000000001B
:1045A000000000000000000000000000000000000B
:1045B00000000000000000000000000000000000FB
:1045C00000000000000000000000000000000000EB
:1045D00000000000000000000000000000000000DB
:1045E00000000000000000000000000000000000CB
:1045F00000000000000000000000000000000000BB
:1046000000000000000000000000000000000000AA
:10461000000000000000000000000000000000009A
:10462000000000000000000000000000000000008A
:10463000000000000000000000000000000000007A
:10464000000000000000000000000000000000006A
:10465000000000000000000000000000000000005A
:10466000000000000000000000000000000000004A
:10467000000000000000000000000000000000003A
:10468000000000000000000000000000000000002A
:10469000000000000000000000000000000000001A
:1046A000000000000000000000000000000000000A
:1046B00000000000000000000000000000000000FA
:1046C00000000000000000000000000000000000EA
:1046D00000000000000000000000000000000000DA
:1046E00000000000000000000000000000000000CA
:1046F00000000000000000000000000000000000BA
:1047000000000000000000000000000000000000A9
:104710000000000000000000000000000000000099
:104720000000000000000000000000000000000089
:104730000000000000000000000000000000000079
:104740000000000000000000000000000000000069
:104750000000000000000000000000000000000059
:104760000000000000000000000000000000000049
:104770000000000000000000000000000000000039
:104780000000000000000000000000000000000029
:104790000000000000000000000000000000000019
:1047A0000000000000000000000000000000000009
:1047B00000000000000000000000000000000000F9
:1047C00000000000000000000000000000000000E9
:1047D00000000000000000000000000000000000D9
:1047E00000000000000000000000000000000000C9
:1047F00000000000000000000000000000000000B9
:1048000000000000000000000000000000000000A8
:104810000000000000000000000000000000000098
:104820000000000000000000000000000000000088
:104830000000000000000000000000000000000078
:104840000000000000000000000000000000000068
:104850000000000000000000000000000000000058
:104860000000000000000000000000000000000048
:104870000000000000000000000000000000000038
:104880000000000000000000000000000000000028
:104890000000000000000000000000000000000018
:1048A0000000000000000000000000000000000008
:1048B00000000000000000000000000000000000F8
:1048C00000000000000000000000000000000000E8
:1048D00000000000000000000000000000000000D8
:1048E00000000000000000000000000000000000C8
:1048F00000000000000000000000000000000000B8
:1049000000000000000000000000000000000000A7
:104910000000000000000000000000000000000097
:104920000000000000000000000000000000000087
:104930000000000000000000000000000000000077
:104940000000000000000000000000000000000067
:104950000000000000000000000000000000000057
:104960000000000000000000000000000000000047
:104970000000000000000000000000000000000037
:104980000000000000000000000000000000000027
:104990000000000000000000000000000000000017
:1049A0000000000000000000000000000000000007
:1049B00000000000000000000000000000000000F7
:1049C00000000000000000000000000000000000E7
:1049D00000000000000000000000000000000000D7
:1049E00000000000000000000000000000000000C7
:1049F00000000000000000000000000000000000B7
:104A000000000000000000000000000000000000A6
:104A10000000000000000000000000000000000096
:104A20000000000000000000000000000000000086
:104A30000000000000000000000000000000000076
:104A40000000000000000000000000000000000066
:104A50000000000000000000000000000000000056
:104A60000000000000000000000000000000000046
:104A70000000000000000000000000000000000036
:104A80000000000000000000000000000000000026
:104A90000000000000000000000000000000000016
:104AA0000000000000000000000000000000000006
:104AB00000000000000000000000000000000000F6
:104AC00000000000000000000000000000000000E6
:104AD00000000000000000000000000000000000D6
:104AE00000000000000000000000000000000000C6
:104AF00000000000000000000000000000000000B6
:104B000000000000000000000000000000000000A5
:104B10000000000000000000000000000000000095
:104B20000000000000000000000000000000000085
:104B30000000000000000000000000000000000075
:104B40000000000000000000000000000000000065
:104B50000000000000000000000000000000000055
:104B60000000000000000000000000000000000045
:104B70000000000000000000000000000000000035
:104B80000000000000000000000000000000000025
:104B90000000000000000000000000000000000015
:104BA0000000000000000000000000000000000005
:104BB00000000000000000000000000000000000F5
:104BC00000000000000000000000000000000000E5
:104BD00000000000000000000000000000000000D5
:104BE00000000000000000000000000000000000C5
:104BF00000000000000000000000000000000000B5
:104C000000000000000000000000000000000000A4
:104C10000000000000000000000000000000000094
:104C20000000000000000000000000000000000084
:104C30000000000000000000000000000000000074
:104C40000000000000000000000000000000000064
:104C50000000000000000000000000000000000054
:104C60000000000000000000000000000000000044
:104C70000000000000000000000000000000000034
:104C80000000000000000000000000000000000024
:104C90000000000000000000000000000000000014
:104CA0000000000000000000000000000000000004
:104CB00000000000000000000000000000000000F4
:104CC00000000000000000000000000000000000E4
:104CD00000000000000000000000000000000000D4
:104CE00000000000000000000000000000000000C4
:104CF00000000000000000000000000000000000B4
:104D000000000000000000000000000000000000A3
:104D10000000000000000000000000000000000093
:104D20000000000000000000000000000000000083
:104D30000000000000000000000000000000000073
:104D40000000000000000000000000000000000063
:104D50000000000000000000000000000000000053
:104D60000000000000000000000000000000000043
:104D70000000000000000000000000000000000033
:104D80000000000000000000000000000000000023
:104D90000000000000000000000000000000000013
:104DA0000000000000000000000000000000000003
:104DB00000000000000000000000000000000000F3
:104DC00000000000000000000000000000000000E3
:104DD00000000000000000000000000000000000D3
:104DE00000000000000000000000000000000000C3
:104DF00000000000000000000000000000000000B3
:104E000000000000000000000000000000000000A2
:104E10000000000000000000000000000000000092
:104E20000000000000000000000000000000000082
:104E30000000000000000000000000000000000072
:104E40000000000000000000000000000000000062
:104E50000000000000000000000000000000000052
:104E60000000000000000000000000000000000042
:104E70000000000000000000000000000000000032
:104E80000000000000000000000000000000000022
:104E90000000000000000000000000000000000012
:104EA0000000000000000000000000000000000002
:104EB00000000000000000000000000000000000F2
:104EC00000000000000000000000000000000000E2
:104ED00000000000000000000000000000000000D2
:104EE00000000000000000000000000000000000C2
:104EF00000000000000000000000000000000000B2
:104F000000000000000000000000000000000000A1
:104F10000000000000000000000000000000000091
:104F20000000000000000000000000000000000081
:104F30000000000000000000000000000000000071
:104F40000000000000000000000000000000000061
:104F50000000000000000000000000000000000051
:104F60000000000000000000000000000000000041
:104F70000000000000000000000000000000000031
:104F80000000000000000000000000000000000021
:104F90000000000000000000000000000000000011
:104FA0000000000000000000000000000000000001
:104FB00000000000000000000000000000000000F1
:104FC00000000000000000000000000000000000E1
:104FD00000000000000000000000000000000000D1
:104FE00000000000000000000000000000000000C1
:104FF00000000000000000000000000000000000B1
:1050000000000000000000000000000000000000A0
:105010000000000000000000000000000000000090
:105020000000000000000000000000000000000080
:105030000000000000000000000000000000000070
:105040000000000000000000000000000000000060
:105050000000000000000000000000000000000050
:105060000000000000000000000000000000000040
:105070000000000000000000000000000000000030
:105080000000000000000000000000000000000020
:105090000000000000000000000000000000000010
:1050A0000000000000000000000000000000000000
:1050B00000000000000000000000000000000000F0
:1050C00000000000000000000000000000000000E0
:1050D00000000000000000000000000000000000D0
:1050E00000000000000000000000000000000000C0
:1050F00000000000000000000000000000000000B0
:10510000000000000000000000000000000000009F
:10511000000000000000000000000000000000008F
:10512000000000000000000000000000000000007F
:10513000000000000000000000000000000000006F
:10514000000000000000000000000000000000005F
:10515000000000000000000000000000000000004F
:10516000000000000000000000000000000000003F
:10517000000000000000000000000000000000002F
:10518000000000000000000000000000000000001F
:10519000000000000000000000000000000000000F
:1051A00000000000000000000000000000000000FF
:1051B00000000000000000000000000000000000EF
:1051C00000000000000000000000000000000000DF
:1051D00000000000000000000000000000000000CF
:1051E00000000000000000000000000000000000BF
:1051F00000000000000000000000000000000000AF
:10520000000000000000000000000000000000009E
:10521000000000000000000000000000000000008E
:10522000000000000000000000000000000000007E
:10523000000000000000000000000000000000006E
:10524000000000000000000000000000000000005E
:10525000000000000000000000000000000000004E
:10526000000000000000000000000000000000003E
:10527000000000000000000000000000000000002E
:10528000000000000000000000000000000000001E
:10529000000000000000000000000000000000000E
:1052A00000000000000000000000000000000000FE
:1052B00000000000000000000000000000000000EE
:1052C00000000000000000000000000000000000DE
:1052D00000000000000000000000000000000000CE
:1052E00000000000000000000000000000000000BE
:1052F00000000000000000000000000000000000AE
:10530000000000000000000000000000000000009D
:10531000000000000000000000000000000000008D
:10532000000000000000000000000000000000007D
:10533000000000000000000000000000000000006D
:10534000000000000000000000000000000000005D
:10535000000000000000000000000000000000004D
:10536000000000000000000000000000000000003D
:10537000000000000000000000000000000000002D
:10538000000000000000000000000000000000001D
:10539000000000000000000000000000000000000D
:1053A00000000000000000000000000000000000FD
:1053B00000000000000000000000000000000000ED
:1053C00000000000000000000000000000000000DD
:1053D00000000000000000000000000000000000CD
:1053E00000000000000000000000000000000000BD
:1053F00000000000000000000000000000000000AD
:10540000000000000000000000000000000000009C
:10541000000000000000000000000000000000008C
:10542000000000000000000000000000000000007C
:10543000000000000000000000000000000000006C
:10544000000000000000000000000000000000005C
:10545000000000000000000000000000000000004C
:10546000000000000000000000000000000000003C
:10547000000000000000000000000000000000002C
:10548000000000000000000000000000000000001C
:10549000000000000000000000000000000000000C
:1054A00000000000000000000000000000000000FC
:1054B00000000000000000000000000000000000EC
:1054C00000000000000000000000000000000000DC
:1054D00000000000000000000000000000000000CC
:1054E00000000000000000000000000000000000BC
:1054F00000000000000000000000000000000000AC
:10550000000000000000000000000000000000009B
:10551000000000000000000000000000000000008B
:10552000000000000000000000000000000000007B
:10553000000000000000000000000000000000006B
:10554000000000000000000000000000000000005B
:10555000000000000000000000000000000000004B
:10556000000000000000000000000000000000003B
:10557000000000000000000000000000000000002B
:10558000000000000000000000000000000000001B
:10559000000000000000000000000000000000000B
:1055A00000000000000000000000000000000000FB
:1055B00000000000000000000000000000000000EB
:1055C00000000000000000000000000000000000DB
:1055D00000000000000000000000000000000000CB
:1055E00000000000000000000000000000000000BB
:1055F00000000000000000000000000000000000AB
:10560000000000000000000000000000000000009A
:10561000000000000000000000000000000000008A
:10562000000000000000000000000000000000007A
:10563000000000000000000000000000000000006A
:10564000000000000000000000000000000000005A
:10565000000000000000000000000000000000004A
:10566000000000000000000000000000000000003A
:10567000000000000000000000000000000000002A
:10568000000000000000000000000000000000001A
:10569000000000000000000000000000000000000A
:1056A00000000000000000000000000000000000FA
:1056B00000000000000000000000000000000000EA
:1056C00000000000000000000000000000000000DA
:1056D00000000000000000000000000000000000CA
:1056E00000000000000000000000000000000000BA
:1056F00000000000000000000000000000000000AA
:105700000000000000000000000000000000000099
:105710000000000000000000000000000000000089
:105720000000000000000000000000000000000079
:105730000000000000000000000000000000000069
:105740000000000000000000000000000000000059
:105750000000000000000000000000000000000049
:105760000000000000000000000000000000000039
:105770000000000000000000000000000000000029
:105780000000000000000000000000000000000019
:105790000000000000000000000000000000000009
:1057A00000000000000000000000000000000000F9
:1057B00000000000000000000000000000000000E9
:1057C00000000000000000000000000000000000D9
:1057D00000000000000000000000000000000000C9
:1057E00000000000000000000000000000000000B9
:1057F00000000000000000000000000000000000A9
:105800000000000000000000000000000000000098
:105810000000000000000000000000000000000088
:105820000000000000000000000000000000000078
:105830000000000000000000000000000000000068
:105840000000000000000000000000000000000058
:105850000000000000000000000000000000000048
:105860000000000000000000000000000000000038
:105870000000000000000000000000000000000028
:105880000000000000000000000000000000000018
:105890000000000000000000000000000000000008
:1058A00000000000000000000000000000000000F8
:1058B00000000000000000000000000000000000E8
:1058C00000000000000000000000000000000000D8
:1058D00000000000000000000000000000000000C8
:1058E00000000000000000000000000000000000B8
:1058F00000000000000000000000000000000000A8
:105900000000000000000000000000000000000097
:105910000000000000000000000000000000000087
:105920000000000000000000000000000000000077
:105930000000000000000000000000000000000067
:105940000000000000000000000000000000000057
:105950000000000000000000000000000000000047
:105960000000000000000000000000000000000037
:105970000000000000000000000000000000000027
:105980000000000000000000000000000000000017
:105990000000000000000000000000000000000007
:1059A00000000000000000000000000000000000F7
:1059B00000000000000000000000000000000000E7
:1059C00000000000000000000000000000000000D7
:1059D00000000000000000000000000000000000C7
:1059E00000000000000000000000000000000000B7
:1059F00000000000000000000000000000000000A7
:105A00000000000000000000000000000000000096
:105A10000000000000000000000000000000000086
:105A20000000000000000000000000000000000076
:105A30000000000000000000000000000000000066
:105A40000000000000000000000000000000000056
:105A50000000000000000000000000000000000046
:105A60000000000000000000000000000000000036
:105A70000000000000000000000000000000000026
:105A80000000000000000000000000000000000016
:105A90000000000000000000000000000000000006
:105AA00000000000000000000000000000000000F6
:105AB00000000000000000000000000000000000E6
:105AC00000000000000000000000000000000000D6
:105AD00000000000000000000000000000000000C6
:105AE00000000000000000000000000000000000B6
:105AF00000000000000000000000000000000000A6
:105B00000000000000000000000000000000000095
:105B10000000000000000000000000000000000085
:105B20000000000000000000000000000000000075
:105B30000000000000000000000000000000000065
:105B40000000000000000000000000000000000055
:105B50000000000000000000000000000000000045
:105B60000000000000000000000000000000000035
:105B70000000000000000000000000000000000025
:105B80000000000000000000000000000000000015
:105B90000000000000000000000000000000000005
:105BA00000000000000000000000000000000000F5
:105BB00000000000000000000000000000000000E5
:105BC00000000000000000000000000000000000D5
:105BD00000000000000000000000000000000000C5
:105BE00000000000000000000000000000000000B5
:105BF00000000000000000000000000000000000A5
:105C00000000000000000000000000000000000094
:105C10000000000000000000000000000000000084
:105C20000000000000000000000000000000000074
:105C30000000000000000000000000000000000064
:105C40000000000000000000000000000000000054
:105C50000000000000000000000000000000000044
:105C60000000000000000000000000000000000034
:105C70000000000000000000000000000000000024
:105C80000000000000000000000000000000000014
:105C90000000000000000000000000000000000004
:105CA00000000000000000000000000000000000F4
:105CB00000000000000000000000000000000000E4
:105CC00000000000000000000000000000000000D4
:105CD00000000000000000000000000000000000C4
:105CE00000000000000000000000000000000000B4
:105CF00000000000000000000000000000000000A4
:105D00000000000000000000000000000000000093
:105D10000000000000000000000000000000000083
:105D20000000000000000000000000000000000073
:105D30000000000000000000000000000000000063
:105D40000000000000000000000000000000000053
:105D50000000000000000000000000000000000043
:105D60000000000000000000000000000000000033
:105D70000000000000000000000000000000000023
:105D80000000000000000000000000000000000013
:105D90000000000000000000000000000000000003
:105DA00000000000000000000000000000000000F3
:105DB00000000000000000000000000000000000E3
:105DC00000000000000000000000000000000000D3
:105DD00000000000000000000000000000000000C3
:105DE00000000000000000000000000000000000B3
:105DF00000000000000000000000000000000000A3
:105E00000000000000000000000000000000000092
:105E10000000000000000000000000000000000082
:105E20000000000000000000000000000000000072
:105E30000000000000000000000000000000000062
:105E40000000000000000000000000000000000052
:105E50000000000000000000000000000000000042
:105E60000000000000000000000000000000000032
:105E70000000000000000000000000000000000022
:105E80000000000000000000000000000000000012
:105E90000000000000000000000000000000000002
:105EA00000000000000000000000000000000000F2
:105EB00000000000000000000000000000000000E2
:105EC00000000000000000000000000000000000D2
:105ED00000000000000000000000000000000000C2
:105EE00000000000000000000000000000000000B2
:105EF00000000000000000000000000000000000A2
:105F00000000000000000000000000000000000091
:105F10000000000000000000000000000000000081
:105F20000000000000000000000000000000000071
:105F30000000000000000000000000000000000061
:105F40000000000000000000000000000000000051
:105F50000000000000000000000000000000000041
:105F60000000000000000000000000000000000031
:105F70000000000000000000000000000000000021
:105F80000000000000000000000000000000000011
:105F90000000000000000000000000000000000001
:105FA00000000000000000000000000000000000F1
:105FB00000000000000000000000000000000000E1
:105FC00000000000000000000000000000000000D1
:105FD00000000000000000000000000000000000C1
:105FE00000000000000000000000000000000000B1
:105FF00000000000000000000000000000000000A1
:106000000000000000000000000000000000000090
:106010000000000000000000000000000000000080
:106020000000000000000000000000000000000070
:106030000000000000000000000000000000000060
:106040000000000000000000000000000000000050
:106050000000000000000000000000000000000040
:106060000000000000000000000000000000000030
:106070000000000000000000000000000000000020
:106080000000000000000000000000000000000010
:106090000000000000000000000000000000000000
:1060A00000000000000000000000000000000000F0
:1060B00000000000000000000000000000000000E0
:1060C00000000000000000000000000000000000D0
:1060D00000000000000000000000000000000000C0
:1060E00000000000000000000000000000000000B0
:1060F00000000000000000000000000000000000A0
:0400000500102000C7
:00000001FF
