:020000041000EA
:1000000054040014C0035FD600000000000000008C
:1000100000000000000000000000000000000000E0
:1000200000000000000000000000000000000000D0
:1000300000000000000000000000000000000000C0
:1000400000000000000000000000000000000000B0
:1000500000000000000000000000000000000000A0
:100060000000000000000000000000000000000090
:100070000000000000000000000000000000000080
:1000800004050014C0035FD600000000000000005B
:100090000000000000000000000000000000000060
:1000A0000000000000000000000000000000000050
:1000B0000000000000000000000000000000000040
:1000C0000000000000000000000000000000000030
:1000D0000000000000000000000000000000000020
:1000E0000000000000000000000000000000000010
:1000F0000000000000000000000000000000000000
:1001000090040014C0035FD600000000000000004F
:1001100000000000000000000000000000000000DF
:1001200000000000000000000000000000000000CF
:1001300000000000000000000000000000000000BF
:1001400000000000000000000000000000000000AF
:10015000000000000000000000000000000000009F
:10016000000000000000000000000000000000008F
:10017000000000000000000000000000000000007F
:100180007F2003D5F7030014C0035FD600000000F2
:10019000000000000000000000000000000000005F
:1001A000000000000000000000000000000000004F
:1001B000000000000000000000000000000000003F
:1001C000000000000000000000000000000000002F
:1001D000000000000000000000000000000000001F
:1001E000000000000000000000000000000000000F
:1001F00000000000000000000000000000000000FF
:10020000DC030014C0035FD6000000000000000003
:1002100000000000000000000000000000000000DE
:1002200000000000000000000000000000000000CE
:1002300000000000000000000000000000000000BE
:1002400000000000000000000000000000000000AE
:10025000000000000000000000000000000000009E
:10026000000000000000000000000000000000008E
:10027000000000000000000000000000000000007E
:1002800084040014C0035FD60000000000000000DA
:10029000000000000000000000000000000000005E
:1002A000000000000000000000000000000000004E
:1002B000000000000000000000000000000000003E
:1002C000000000000000000000000000000000002E
:1002D000000000000000000000000000000000001E
:1002E000000000000000000000000000000000000E
:1002F00000000000000000000000000000000000FE
:1003000010040014C0035FD60000000000000000CD
:1003100000000000000000000000000000000000DD
:1003200000000000000000000000000000000000CD
:1003300000000000000000000000000000000000BD
:1003400000000000000000000000000000000000AD
:10035000000000000000000000000000000000009D
:10036000000000000000000000000000000000008D
:10037000000000000000000000000000000000007D
:100380007F2003D57F030014C0035FD60000000068
:10039000000000000000000000000000000000005D
:1003A000000000000000000000000000000000004D
:1003B000000000000000000000000000000000003D
:1003C000000000000000000000000000000000002D
:1003D000000000000000000000000000000000001D
:1003E000000000000000000000000000000000000D
:1003F00000000000000000000000000000000000FD
:100400007F2003D563030014C0035FD60000000003
:1004100000000000000000000000000000000000DC
:1004200000000000000000000000000000000000CC
:1004300000000000000000000000000000000000BC
:1004400000000000000000000000000000000000AC
:10045000000000000000000000000000000000009C
:10046000000000000000000000000000000000008C
:10047000000000000000000000000000000000007C
:100480007F2003D547030014C0035FD6000000009F
:10049000000000000000000000000000000000005C
:1004A000000000000000000000000000000000004C
:1004B000000000000000000000000000000000003C
:1004C000000000000000000000000000000000002C
:1004D000000000000000000000000000000000001C
:1004E000000000000000000000000000000000000C
:1004F00000000000000000000000000000000000FC
:100500007F2003D52B030014C0035FD6000000003A
:1005100000000000000000000000000000000000DB
:1005200000000000000000000000000000000000CB
:1005300000000000000000000000000000000000BB
:1005400000000000000000000000000000000000AB
:10055000000000000000000000000000000000009B
:10056000000000000000000000000000000000008B
:10057000000000000000000000000000000000007B
:100580007F2003D50F030014C0035FD600000000D6
:10059000000000000000000000000000000000005B
:1005A000000000000000000000000000000000004B
:1005B000000000000000000000000000000000003B
:1005C000000000000000000000000000000000002B
:1005D000000000000000000000000000000000001B
:1005E000000000000000000000000000000000000B
:1005F00000000000000000000000000000000000FB
:100600007F2003D5F3020014C0035FD60000000072
:1006100000000000000000000000000000000000DA
:1006200000000000000000000000000000000000CA
:1006300000000000000000000000000000000000BA
:1006400000000000000000000000000000000000AA
:10065000000000000000000000000000000000009A
:10066000000000000000000000000000000000008A
:10067000000000000000000000000000000000007A
:100680007F2003D5D7020014C0035FD6000000000E
:10069000000000000000000000000000000000005A
:1006A000000000000000000000000000000000004A
:1006B000000000000000000000000000000000003A
:1006C000000000000000000000000000000000002A
:1006D000000000000000000000000000000000001A
:1006E000000000000000000000000000000000000A
:1006F00000000000000000000000000000000000FA
:100700007F2003D5BB020014C0035FD600000000A9
:1007100000000000000000000000000000000000D9
:1007200000000000000000000000000000000000C9
:1007300000000000000000000000000000000000B9
:1007400000000000000000000000000000000000A9
:100750000000000000000000000000000000000099
:100760000000000000000000000000000000000089
:100770000000000000000000000000000000000079
:0C0780007F2003D59F020014C0035FD649
:1010000000000090002040F900003FD60000009052
:10101000002440F9E00300AA0100805201000039D9
:1010200000000090002840F9E00300AA210080524F
:101030000100003977000014C0035FD61F2003D5DC
:10104000B03A00100000000000B1001000000000E5
:10105000B83A00100000000000000000000000008E
:101060009F3F03D51F7508D5BF3F03D5220039D553
:10107000406858D303084092A30500B4040080D20E
:101080000C000014080500D1091C00530921C99A5D
:10109000290105AACA1C0053EA20CA9A29010AAAF2
:1010A000497608D508FFFFB5870300B58404009191
:1010B0009F0003EB82030054600080D2807C009B81
:1010C000001C00534024C09A000840921F0800F101
:1010D000E3FEFF5485F87FD3E00305AA00001AD58C
:1010E0009F3F03D5000039D501084092261000919A
:1010F000013043D321244092076C4DD3E73840920E
:101100002010C05A007C40D31F8000F181000054A1
:10111000000400D102000014E70400D1E80301AA92
:10112000DAFFFF179F3F03D5DF3F03D50000009094
:1011300000A440F9E00300AA210080520100003918
:1011400034000014C0035FD600B10010000000009E
:10115000C0035FD600000000000000000000000097
:10116000C0035FD600000000000000000000000087
:10117000C0035FD600000000000000000000000077
:10118000C0035FD600000000000000000000000067
:10119000C0035FD600000000000000000000000057
:1011A000C0035FD600000000000000000000000047
:1011B000C0035FD600000000000000000000000037
:1011C000C0035FD600000000000000000000000027
:1011D000C0035FD600000000000000000000000017
:1011E000C0035FD600000000000000000000000007
:1011F000C0035FD6000000000000000000000000F7
:10120000C0035FD6000000000000000000000000E6
:101210004005005800C01ED500C01CD500C018D520
:10122000000080D200101ED500101CD5001018D56B
:1012300000000090005841F9E10300AA3F0000912E
:10124000000080D240111ED540111CD51F111ED5A3
:10125000DF3F03D5010080522100153221001632F4
:1012600021001D3221001E3221001F3201111ED526
:10127000DF3F03D50200B0D202111CD5A00038D543
:10128000A0001CD5000038D500001CD51F211CD59E
:1012900000088F52A02FA072E00300AA00E01BD527
:1012A0001F870ED51F7108D506000014C0035FD636
:1012B00058A902100000000000000010000000000B
:1012C000FD7BBFA9FD030091F60700940001805249
:1012D0005807009400008CD2040000902025B0F242
:1012E000020440D1E55E8B12E35E8B52010040B9EF
:1012F000849C41F92100052A213C0012010000B91B
:10130000442000B902A09452010040B92100030A10
:101310002100022A010000B9BF3F03D58004B0D2EA
:1013200021008052019C01B90A010014FD7BC1A873
:10133000C0035FD61F2003D560100010000000001E
:10134000FE7FBFA9FC77BFA9FA6FBFA9F867BFA945
:10135000F65FBFA9F457BFA9F24FBFA9F047BFA9D5
:10136000EE3FBFA9EC37BFA9EA2FBFA9E827BFA965
:10137000E61FBFA9E417BFA9E20FBFA9E007BFA9F5
:1013800000443BD521443BD5E007BFA9FE7FBFAD5C
:10139000FC77BFADFA6FBFADF867BFADF65FBFAD0D
:1013A000F457BFADF24FBFADF047BFADEE3FBFAD9D
:1013B000EC37BFADEA2FBFADE827BFADE61FBFAD2D
:1013C000E417BFADE20FBFADE007BFAD03403ED5B0
:1013D00022403ED5E20FBFA972000094E417C1A8D5
:1013E00005401ED524401ED59F3F03D5DF3F03D5C2
:1013F000E007C1ACE20FC1ACE417C1ACE61FC1AC61
:10140000E827C1ACEA2FC1ACEC37C1ACEE3FC1ACB0
:10141000F047C1ACF24FC1ACF457C1ACF65FC1AC00
:10142000F867C1ACFA6FC1ACFC77C1ACFE7FC1AC50
:10143000E007C1A800441BD521441BD5E007C1A883
:10144000E20FC1A8E417C1A8E61FC1A8E827C1A8F8
:10145000EA2FC1A8EC37C1A8EE3FC1A8F047C1A848
:10146000F24FC1A8F457C1A8F65FC1A8F867C1A898
:10147000FA6FC1A8FC77C1A8FE7FC1A8E0039FD680
:10148000C0035FD600000000000000000000000064
:10149000BF4000D5E007BFA9E20FBFA9E417BFA96D
:1014A000E61FBFA9E827BFA9EA2FBFA9EC37BFA94C
:1014B000EE3FBFA9F047BFA9F24FBFA9FD7BBFA96F
:1014C00010000094FD7BC1A8F24FC1A8F047C1A84D
:1014D000EE3FC1A8EC37C1A8EA2FC1A8E827C1A8F0
:1014E000E61FC1A8E417C1A8E20FC1A8E007C1A880
:1014F000E0039FD6C0035FD600000000000000009C
:10150000FD7BBEA9FD030091F30B00F93D030094A0
:10151000138000511F7C007169020054000000908C
:1015200001BC42F921CC338B0000009002000090F6
:1015300000C442F943C842F9020040394404001192
:1015400004000039737822B8BF3F03D5200040F96A
:1015500000003FD6E003132AF30B40F9FD7BC2A83D
:101560001C030014E103002A0000009000C042F9AF
:10157000014C218BEDFFFF17E0D9011000000000A6
:101580000050001000000000085100100000000092
:1015900010510010000000000000000000000000DA
:1015A000FD7BBDA9FD030091F51300F91103009423
:1015B000E103002A00F00F511F0C007109050054CF
:1015C00015008052F35301A9020000900000009022
:1015D00034800051534443F9004843F962024039D2
:1015E0004304001163020039147822B8BF3F03D5C9
:1015F000FF4103D5DF3F03D53F7C00710802005453
:1016000000000090005043F9005861F800003FD6F8
:10161000DF4103D5DF3F03D561024039E003142ADF
:101620002104005161020039F35341A9350100350D
:10163000F51340F9FD7BC3A8DE0200140000009002
:10164000004C43F900D874F800003FD6F1FFFF17B3
:10165000F51340F9FD7BC3A8DE020014E9020094F3
:10166000E103002A00F00F51350080521F0C007179
:1016700069000054F35301A9D4FFFF17F51340F993
:10168000FD7BC3A8FF0500140851001000000000F6
:101690001051001000000000E0D90110000000000F
:1016A00000500010000000000000000000000000DA
:1016B000FD7BBFA9FD030091020400946504009422
:1016C0005C0400944B040094FD7BC1A851040014F9
:1016D000FD7BBEA960008052FD030091F30B00F971
:1016E00070060094200282522000A0720D07009420
:1016F000600080521B060094E00180D2A0CC1ED571
:10170000330080D2B3CC18D5400080D260C818D541
:1017100060CC18D500068052C601009445020094A2
:10172000E003132A97020094E01F80D2004618D5E8
:10173000E003132A1B020094600080D2E0CC1ED587
:10174000F30B40F9FD7BC2A8C0035FD60000000088
:10175000FD7BBEA900000090FD030091F35301A999
:10176000140844F9800240396003003700000090FB
:10177000130C44F900008052BE0800946002403906
:101780002003003620008052BA0800941101009412
:10179000340100946002403900030036650400946F
:1017A000C4FFFF974701009440008052B1080094A5
:1017B00060024039C0010036C6FFFF97E50500947E
:1017C000000080D2D34600949F020039553E009419
:1017D0000000001400000090130C44F97F0200394F
:1017E000E5FFFF175F040094E7FFFF170D0000946B
:1017F000E8000094F1FFFF17E6030094600240390F
:10180000E0FC0737DF060094E5FFFF171F2003D534
:10181000B83A00100000000000B100100000000005
:10182000FD7BB9A960008052FD030091F35301A92B
:10183000F55B02A9F76303A9F96B04A9FB7305A97A
:1018400018060094050000900B0000900A0000901C
:1018500006000090040000900E0000900000009030
:101860000F0000900D0000900C0000900900009007
:101870000800009007000090030000900200009014
:1018800001000090BB8445F9058082D27E9945F91C
:101890002525B0F2519D45F9B9000491CBAC45F92D
:1018A000B70008918AB045F9B5000C91D88D45F97B
:1018B000B300109100C045F9B2001491B000189126
:1018C000AE001C91FA8945F9E03700F9B69145F967
:1018D000949545F92FA145F90DA545F9ECA845F9D1
:1018E00069B445F9030080D248B845F9820080D236
:1018F00027BC45F9010080D260F07DD3646B61B8EC
:101900001C00058B666B62B863040091046825B8FF
:101910000400198B860700B91C00178B466B61B851
:10192000066839B8466B62B8860400B90400158BA6
:10193000066B61B8066837B8066B62B8860700B9EF
:101940001C00138BC66A61B8066835B8C66A62B8EF
:10195000860400B90400128B866A61B8066833B841
:10196000866A62B8860700B91C00108BC66B61B826
:10197000066832B8C66B62B8860400B904000E8BE4
:10198000266A61B8066830B8266A62B8860700B968
:10199000068083D22625B0F21C00068BE66961B86A
:1019A00006682EB8E66962B8860400B904A083D23E
:1019B0002425B0F20600048BE63300F9068083D2BA
:1019C0002625B0F2A46961B8046826B8A46962B893
:1019D000840700B9048080D2866961B82425B0F2FA
:1019E0001C00048B04A083D22425B0F2066824B81E
:1019F000E63340F9846962B8C40400B904A080D217
:101A00002425B0F20600048B840004D1E63300F9EB
:101A1000666961B8066824B8666962B8860700B965
:101A200006C080D2446961B82625B0F21C00068B3E
:101A3000C60004D1046826B8E63340F9446962B8A8
:101A4000C40400B904E080D22425B0F20600048B5F
:101A5000E63300F906C080D22625B0F2246961B8C9
:101A6000046826B8246962B8840700B9040081D2EA
:101A7000066961B82425B0F21C00048B840004D1EF
:101A8000066824B8E63340F9046962B8C40400B9B2
:101A9000042081D2060081D22425B0F22625B0F29E
:101AA0000400048BE43300F9E46861B8046826B8E4
:101AB000E46862B8E63740F9840700B9042081D2AF
:101AC0002425B0F2DC6861B8212000911C6824B89C
:101AD000E43340F9C06862B842200091800400B944
:101AE0007F4000F1A1F0FF54F35341A96000805200
:101AF000F55B42A9F76343A9F96B44A9FB7345A9B8
:101B0000FD7BC7A817050014E0FC011000000000D1
:101B100060FC011000000000E0FB0110000000006C
:101B200060FB011000000000E0FA0110000000005E
:101B300060FA011000000000E0F901100000000050
:101B400060F9011000000000E0F801100000000042
:101B500060F8011000000000E0F701100000000034
:101B600060F7011000000000E0F601100000000026
:101B700060F6011000000000E0F501100000000018
:101B800060F50110000000000000000000000000EF
:101B90000084B1D2010040B981010037010040B991
:101BA00002088F52A22FA07221781F12010000B9E3
:101BB000022000B91F0800B91F0C00B9010040B98C
:101BC00021000032010000B9C0035FD60000000010
:101BD000C0035FD60000000000000000000000000D
:101BE000FF8300D1E10700F9E10740F9210300B4C8
:101BF000E10740F921FC43D3010300B4010C018B40
:101C0000E20300AA002000915F0000F93F0000EB12
:101C100081FFFF54E00740F900084092E00F00F90F
:101C2000E00F40F9400100B4E00F40F9000100B4BA
:101C3000000080D21F2003D53F68203800040091A7
:101C4000E20F40F95F0000EB88FFFF549F3F03D590
:101C5000FF830091C0035FD6E10300AAEEFFFF17E8
:101C6000FD7BBFA90000009001000090FD030091E2
:101C7000005446F9215046F9210000CBD9FFFF97C7
:101C8000FD7BC1A80000009001000090005C46F9B7
:101C9000215846F9210000CBD2FFFF171F2003D5A2
:101CA00000B1001000000000005000100000000013
:101CB0005809021000000000D000021000000000CF
:101CC000FD7BBDA90000009001000090FD03009184
:101CD00000AC46F9F35301A934B046F9F51300F905
:101CE000000014CB1F0000F12D01005415FC43939C
:101CF000130080D21F2003D5807A73F873060091F9
:101D000000003FD6BF0213EB8CFFFF540000009091
:101D10000100009000B446F934B846F9000014CB35
:101D200015FC43931F0000F1ED000054130080D216
:101D3000807A73F87306009100003FD6BF0213EB60
:101D40008CFFFF54F35341A9F51340F9FD7BC3A861
:101D5000C0035FD61F2003D5C8000210000000009A
:101D6000C800021000000000C800021000000000BF
:101D7000C800021000000000000000000000000089
:101D8000000400D11F0000F1C1FFFF54C0035FD663
:101D900001000090001F80D2210C47F93F0000B9DC
:101DA000004618D5000000900360B0D204000090F7
:101DB000A260B0D2051047F9000080D2610040B99E
:101DC000841447F921080032A60040B9610000B927
:101DD000A10440B946000CB941040CB91F2003D539
:101DE00001080011827860B821000C910004009174
:101DF000627821B81FF400F141FFFF54FF4F03D573
:101E0000DF3F03D5000580D2210080528060B0F210
:101E1000010000B9C0035FD60451001000000000AB
:101E200050F401100000000060F4011000000000F8
:101E30000160B0D200041C12200000B9C0035FD6BC
:101E400000800011022080D20260B0F22100805296
:101E5000037C05532020C01A407823B8C0035FD606
:101E600000800011023080D20260B0F22100805266
:101E7000037C05532020C01A407823B8C0035FD6E6
:101E800000800011038080D20360B0F2E21F805214
:101E9000047C025300041D534220C01A657864B8C4
:101EA0002120C01AA200220A2100022A617824B847
:101EB000C0035FD60000000000000000000000002A
:101EC000E000F837007C409303208CD20360B0F22E
:101ED000E203022A410001AA617820F8C0035FD61C
:101EE00000800011038081D20360B0F26200805252
:101EF000047C0453000C1F534220C01A657864B858
:101F00002120C01AA200220A2100022A617824B8E6
:101F1000C0035FD6000000000000000000000000C9
:101F200000800011025080D20260B0F22100805285
:101F3000037C05532020C01A407823B8C0035FD625
:101F400002800011051080D20560B0F2001000126E
:101F5000427C0553230080522400030A210441D30C
:101F6000A70032916320C01AA67862B88420C01AF4
:101F70002120C01AC000230A8000002AA07822B8BD
:101F8000E07862B80300230A2100032AE17822B82E
:101F9000C0035FD600000000000000000000000049
:101FA000810080D2040441930160B0F203004093A9
:101FB0002504805222C447B80518A47240100012AC
:101FC0000000050B00787ED3230000B9211000919A
:101FD000247C0CB93F0000EB81FFFF54C0035FD6A7
:101FE0000002F8370080001103029CD20360B0F2B7
:101FF00021000012047C045342008052000C1F5345
:102000004100014B62008052657864B84220C01ADA
:102010002020C01AA100220A0000012A607824B8FA
:10202000C0035FD6000000000000000000000000B8
:10203000810480D2400080528160B0F2200000B95B
:1020400020005FB800781E1220001FB820005FB883
:10205000A0001036214000D11F2003D5200040B938
:10206000C0FF1737C0035FD600000000000000006B
:10207000022080D221008052A260B0F22120C01A3A
:10208000410000B9C0035FD600000000000000005E
:10209000023080D221008052A260B0F22120C01A0A
:1020A000410000B9C0035FD600000000000000003E
:1020B00003087E92A260B0D26300028B00041D531D
:1020C000E21F80524220C01A640044B92120C01A85
:1020D0008200220A2100022A610004B9C0035FD6EF
:1020E000031044D3A460B0D2000C1F53620080528E
:1020F0008308038B4220C01A2120C01A60004CB90B
:102100000200220A2100022A61000CB9C0035FD636
:10211000025080D221008052A260B0F22120C01A69
:10212000410000B9C0035FD60000000000000000BD
:10213000041080D200100012A460B0F2230000123C
:1021400022008052210441D3850040B94220C01AA8
:102150006320C01AA500220A2120C01A6300052AA4
:10216000830000B983804CB96200220A2100022A50
:1021700081800CB9C0035FD60000000000000000A1
:10218000011080D202004093A160B0F2000441939C
:10219000220000B920800CB9C0035FD60000000007
:1021A000000180D28060B0F2000440B9C0035FD665
:1021B000FF4300D100800011005C4092E00700F96D
:1021C000E00740F920C818D5FF430091C0035FD64F
:1021D000FF4300D100800011005C4092E00700F94D
:1021E000E00740F920CC18D5FF430091C0035FD62B
:1021F00000C838D5005C0012C0035FD600000000A4
:1022000000CC38D5005C0012C0035FD6000000008F
:10221000FF4300D10500A8D21F040071A0000054A4
:102220001F080071050082D20004A0D2A510809A78
:10223000600040F9FF0F00B9640840F9000002CBCC
:10224000E70F40B90008C59A8208C59A00707D93CF
:102250000000018BE603022A5F00076B4D02005469
:10226000610C40F9E40300AA002000912200409292
:1022700061000036620440F9220002AAE10F40B971
:10228000820000F921040011E10F00B9610440F956
:10229000E20F40B92100058B610400F9DF00026BF9
:1022A0000CFEFF54FF430091C0035FD60000000006
:1022B000E80300AAFD7BBCA9E97740B2FD030091C9
:1022C000000040F9010540F9E00702A9010940F9C1
:1022D000E11B00F9020D40F9E21F00F91F0009EBB4
:1022E00048040054020000900100018B0A00B8D29B
:1022F000422443F9E20F00F93F000AEB880A005438
:102300000A00B0D23F000AEB281400542A050091BD
:102310003F000AEB690F0054E10F40F9440100CB84
:10232000E3830091020080D240008052E41B00F958
:10233000B8FFFF97E41340F901000090050940F948
:1023400084000ACB212843F98400058BE2030AAA02
:1023500040008052EA1300F9E41B00F9ADFFFF973B
:10236000FD7BC4A8C0035FD6EA7B40B21F000AEB26
:10237000E8030054020000900100018B0B00B8D26A
:10238000422843F9E20F00F93F000BEB880C0054A0
:102390004B0500913F000BEB29130054E10F40F96E
:1023A000640100CB2205009140008052E38300913C
:1023B000E41B00F997FFFF9701000090E2030BAACE
:1023C000E41340F940008052212C43F9EB1300F94B
:1023D000050940F984000BCB8400058BE41B00F950
:1023E0008CFFFF97FD7BC4A8C0035FD60900A8122D
:1023F0001F0009EB28070054020000900100018B28
:102400002B050091422C43F9E20F00F93F000BEB42
:1024100009110054E10F40F9640100CB420500911D
:1024200040008052E3830091E41B00F979FFFF979D
:1024300001000090E2030BAAE41340F9400080522F
:10244000213043F9EB1300F9E2FFFF172B05009150
:10245000E3830091640100CBE10302AA40008052B3
:10246000020080D2E41B00F96AFFFF97EB1300F92A
:1024700001000090E2030BAA40008052EB1B00F920
:10248000212843F963FFFF97EB1B00F9010000903F
:102490000200B0D240008052E21300F9212C43F92F
:1024A0005CFFFF97EA1300F9050140F90100009075
:1024B000040940F9E2030AAA213043F98400058B9C
:1024C00084000ACB40008052E41B00F951FFFF97C3
:1024D000FD7BC4A8C0035FD6E27F40B21F0002EBC1
:1024E000A80900540100009022050091E3830091A7
:1024F00040008052213043F946FFFF97BAFFFF1793
:10250000E10F40F9E3830091020080D24000805245
:1025100040FFFF97FD7BC4A8C0035FD64C05009128
:10252000E10302AA840100CBE3830091220500911C
:1025300040008052E41B00F92905009135FFFF9708
:10254000EC1300F901000090E2030CAA4000805255
:10255000E91B00F9212C43F92EFFFF97EB1300F93B
:10256000050140F901000090040940F9E2030BAABB
:10257000213043F98400058B84000BCB400080524E
:10258000E41B00F923FFFF9797FFFF17E10F40F9C6
:102590002B050091640100CBE3830091020080D2FF
:1025A00040008052E41B00F91AFFFF97EB1300F97B
:1025B00001000090E2030BAA40008052EB1B00F9DF
:1025C000212843F913FFFF97EA1300F9050140F9A9
:1025D00001000090040940F9E2030AAA212C43F902
:1025E0008400058B84000BCB40008052E41B00F973
:1025F00008FFFF97FD7BC4A8C0035FD6E10F40F939
:1026000022050091E38300914000805201FFFF9773
:1026100075FFFF170100009042040091E3830091D1
:1026200020008052213443F9FAFEFF976EFFFF1716
:10263000E10F40F942050091E38300914000805290
:10264000F4FEFF9768FFFF1700A0001000000000D5
:10265000009000100000000000800010000000004A
:10266000007000100000000020B00010000000000A
:10267000E20300AA00780ED5007438D522780ED572
:10268000037438D5E0000037009C7492422C4092CD
:10269000000002AA200000F900008052C0035FD6AB
:1026A000C0028052C3FF0737639C7492422C409251
:1026B000630002AA00008052230000F9F8FFFF1710
:1026C000FD7BBFA900000090FD03009100AC43F921
:1026D0000100003201201ED505000090040000908A
:1026E000030000900200009001000090ADC043F98B
:1026F00084B043F9AE01189163B443F9840440B245
:1027000042B843F9630440B221BC43F9420440B2E9
:10271000040C00A9210440B2020401A91F2003D522
:10272000E0030DAAAD810091E2FEFF97DF010DEB02
:1027300081FFFF54E09F88D20080A0F20081C1F2A7
:1027400000A21ED5A0A386D22010B0F240201ED534
:10275000FD7BC1A8C0035FD600B0001000000000E0
:1027600000A0001000000000009000100000000019
:102770000080001000000000007000100000000049
:10278000C03A00100000000000000000000000003F
:10279000FD7BBFA960008052FD03009141020094BF
:1027A000012080D20240A0522125B0F26000805268
:1027B000220000B9220400B9220800B9220C00B995
:1027C000221000B9221400B9220010B9220410B955
:1027D000220810B9220C10B9221010B9221410B915
:1027E000221810B9FD7BC1A8DE0100140000000012
:1027F00000103ED59F3F03D5000074B200101ED5D7
:10280000DF3F03D5C0035FD60000000000000000DA
:1028100000103ED59F3F03D500007EB200101ED5AC
:10282000DF3F03D5C0035FD60000000000000000BA
:1028300000103ED59F3F03D5000040B200101ED5CA
:10284000DF3F03D5C0035FD600000000000000009A
:102850009F3F03D51F7508D5BF3F03D52B0039D542
:102860006A6958D38A0500B44AF97FD3050080D23B
:1028700009008052EC03805205000014A508009165
:10288000290D00115F0105EB200400546025C99A51
:102890001F047FF240FFFF5405001AD59F3F03D568
:1028A000040039D5863043D388084092DF0000F118
:1028B000C310C05A63108C1A08110011846C4DD3D8
:1028C000C720C39AE70005AA8220C89AE00002AA9E
:1028D000407608D5260200B4420005AAE00306AA05
:1028E000000400D10120C39A210002AA417608D534
:1028F00080FFFFB544FCFFB4840400D18220C89A55
:10290000400007AA407608D5F4FFFF179F3F03D584
:10291000DF3F03D5C0035FD624FBFFB4840400D19E
:10292000EAFFFF17000000000000000000000000A8
:102930000125B0D20200009000C08852210440B9A5
:102940006078A47242AC44F9212048D30020C11A17
:10295000400000B9C0035FD6005100100000000025
:10296000FD7BBDA920008052FD030091B1010094C0
:10297000034088D201008CD22305B0F222A09452E9
:102980002125B0F2600040B90000022A600000B9C1
:10299000200040B90000022A200000B9BF3F03D543
:1029A0008204B0D20125B0D224008052E001A052AE
:1029B000449C01B9220440B9200400B9200440B964
:1029C000200440B9200440B9200440B9200440B993
:1029D000200440B9200440B9200440B90005B0D219
:1029E000C28080524200A072020000B9020040B9C9
:1029F000020040B9020040B9020040B9020040B9EB
:102A0000020040B9020040B9020040B9E2FDBF1225
:102A1000020800B9020840B9020840B9020840B9EA
:102A2000020840B9020840B9020840B9020840B99A
:102A3000020840B902C0BF12020C00B9020C40B932
:102A4000020C40B9020C40B9020C40B9020C40B96A
:102A5000020C40B9020C40B9000C40B905000090CE
:102A6000230440B902C0885200889352A53047F928
:102A7000632048D36278A4724220C31AA20000B92E
:102A8000247000B91F2003D51F2003D50004005176
:102A9000003C0072A1FFFF540225B0D240204091BB
:102AA000E307805221008052438000B9E203012AEB
:102AB00001100079E17F805201180079440B8012E7
:102AC0004101805223008012E11700B91000001468
:102AD00004400039020000390300003902000039C7
:102AE00001004039211C00123F04007160000054B5
:102AF00001504039211C0012E11740B92104005156
:102B0000E11700B901504039A1000036E11740B982
:102B100001FEFF35FD7BC3A8DA000014000490D24B
:102B2000210080520025B0F2E37F8052E203012AA7
:102B3000440B801201100079410180520318007982
:102B400023008012E11B00B910000014044000397A
:102B50000200003903000039020000390100403949
:102B6000211C00123F0400716000005401504039E4
:102B7000211C0012E11B40B921040051E11B00B9E6
:102B800001504039A1000036E11B40B901FEFF357C
:102B9000FD7BC3A8BB000014000890D22100805226
:102BA0000025B0F2E37F8052E203012A440B801239
:102BB000011000794101805203180079230080122E
:102BC000E11F00B910000014044000390200003970
:102BD000030000390200003901004039211C0012B5
:102BE0003F0400716000005401504039211C001264
:102BF000E11F40B921040051E11F00B901504039E3
:102C0000A1000036E11F40B901FEFF35FD7BC3A8DE
:102C10009C000014000C90D2210080520025B0F2DC
:102C2000E37F8052E203012A440B801201100079F5
:102C3000410180520318007923008012E12300B97A
:102C4000100000140440003902000039030000396C
:102C50000200003901004039211C00123F040071BC
:102C60006000005401504039211C0012E12340B99A
:102C700021040051E12300B90150403981000036A0
:102C8000E12340B901FEFF35A3FFFF17001090D2EA
:102C9000210080520025B0F2E37F8052E203012A36
:102CA000440B801201100079410180520318007911
:102CB00023008012E12700B91000001404400039FD
:102CC00002000039030000390200003901004039D8
:102CD000211C00123F040071600000540150403973
:102CE000211C0012E12740B921040051E12700B95D
:102CF0000150403981000036E12740B901FEFF351F
:102D000085FFFF17001490D2210080520025B0F2F9
:102D1000E37F8052E203012A440B80120110007904
:102D2000410180520318007923008012E12B00B981
:102D3000100000140440003902000039030000397B
:102D40000200003901004039211C00123F040071CB
:102D50006000005401504039211C0012E12B40B9A1
:102D600021040051E12B00B90150403981000036A7
:102D7000E12B40B901FEFF3567FFFF17001890D225
:102D8000210080520025B0F2E37F8052E203012A45
:102D9000440B801201100079410180520318007920
:102DA00023008012E12F00B9100000140440003904
:102DB00002000039030000390200003901004039E7
:102DC000211C00123F040071600000540150403982
:102DD000211C0012E12F40B921040051E12F00B95C
:102DE0000150403981000036E12F40B901FEFF3526
:102DF00049FFFF178004B0D2019C41B98100003522
:102E00001F2003D5019C41B9C1FFFF34044088D283
:102E1000C35F8B522405B0F201008CD202A0945201
:102E20002125B0F2800040B90000030A0000022A08
:102E3000800000B9200040B90000030A0000022A07
:102E4000200000B9BF3F03D58004B0D221008052DA
:102E5000019C01B9FD7BC3A8C0035FD61F2003D529
:102E60000051001000000000000000000000000001
:102E7000000000140000000000000000000000003E
:102E8000C0035FD60000000000000000000000004A
:102E9000C00000B4E10300AA4280A05200008052AA
:102EA000220000B9C0035FD6FD7BBFA9FD030091DE
:102EB000F4FFFF9720008052FD7BC1A8C0035FD6BE
:102EC0000200009026EB8252E636BA72007C011BAB
:102ED00042A447F9047D805201409952E37F40B2F9
:102EE0004173A772057CA49B420040B9427CA69B1B
:102EF00042FC6DD32108C21ABF0003EB0801005445
:102F000002D092520213A072007CA29B0008C19AC8
:102F1000007C0153600100349AFBFF1721781F5396
:102F200002E284520008C11A007C021B007CA49BB0
:102F30001F0003EB09FFFF540000801291FBFF17F5
:102F4000C0035FD61F2003D5005100100000000011
:102F500090FBFF17000000000000000000000000D0
:102F6000034638D5010080D2014618D58104B0D27D
:102F7000229C41B9820000351F2003D5229C41B913
:102F8000C2FFFF34010000B0E003002A211040F925
:102F9000227860785F3C0072C0000054227860782C
:102FA000423C001242040051423C00122278207838
:102FB000217860783F3C007261020054010000B04B
:102FC000054088D22505B0F204A09452261440F999
:102FD00002008CD2A10040B92225B0F2C0786078FE
:102FE0002100042AE003202A003C00122100000AEC
:102FF000A10000B9410040B92100042A2000000AC4
:10300000400000B9BF3F03D58004B0D221008052F8
:10301000019C01B9034618D5C0035FD61F2003D514
:10302000706C001000000000C040001000000000A4
:10303000034088D204008CD2003C001201008012B0
:103040002305B0F22425B0F28504B0D21F2003D5A9
:10305000620040B95F00006AE1000054820040B99C
:103060005F00006A81000054A29C41B94200003414
:10307000C0035FD621040071C1FEFF548004B0D2AA
:10308000019C41B961FFFF351F2003D5019C41B967
:10309000C1FFFF34C0035FD6000000000000000045
:1030A000FD7BBFA9FD030091084638D5010080D201
:1030B000014618D501000090E603002A27C440F914
:1030C000E07866781F3C0072400500548004B0D25E
:1030D000019C41B901040034E07866781F3C00721D
:1030E0002102005400000090044088D22405B0F270
:1030F00002008CD200C840F903A09452810040B96C
:103100002225B0F2007866782100002A2100032AE7
:10311000810000B9410040B90000012A0000032AE3
:10312000400000B9E0786678003C0012000400110D
:10313000003C0012E0782678BF3F03D58004B0D26F
:1031400021008052019C01B9084618D5FD7BC1A819
:10315000C0035FD61F2003D5019C41B9E1FBFF35B9
:103160001F2003D5019C41B961FFFF34DBFFFF172E
:103170000000009000C840F900786678ADFFFF9726
:10318000D6FFFF171F2003D5706C00100000000051
:10319000C04000100000000000000000000000001F
:1031A000FF4300D105000A12025050D32400805280
:1031B0008420C01A034880D24000052A0305B0F2DB
:1031C000E40F00B9E10080526208008B657860B8B6
:1031D000E40F40B9A400240A647820B81F2003D566
:1031E000400040B921040071C1FFFF54FF4300912A
:1031F000C0035FD6000000000000000000000000D7
:1032000002000090E103002A424841F9400040F9E1
:10321000400100B403000090210C001121747E9243
:10322000634C41F90100018B3F0003EBA8010054FE
:10323000410000F9C0035FD6000000900300009039
:10324000210C0011004441F921747E92634C41F934
:103250000100018B400000F93F0003EBA9FEFF5481
:10326000FD7BBFA9FD030091DA400094E10300AAB1
:103270008201805200008092220000B9FD7BC1A82B
:10328000C0035FD61F2003D55809021000000000BC
:10329000786C001000000000588902100000000047
:1032A000000080528104B0D2230080521F2003D539
:1032B000222040B96420C01A4224C01AE20000371C
:1032C000222040B98400022A242000B9BF3F03D540
:1032D000E203002A237822B822A041B96420C01A50
:1032E0004224C01A0201003722A041B98400022AF8
:1032F00024A001B9BF3F03D5E203002A4280019117
:10330000237822B8000400111F20007121FDFF5412
:10331000C0035FD6000000000000000000000000B5
:10332000067C1053054080D22525B0F2043C48D3DA
:1033300022008052031C0012A77866B84420C41AE9
:103340004120C01AA208068BE400240AA47826B8FB
:10335000A47866B82400040A8024C01AC00000348F
:103360001F2003D5400040B90000010A0024C31A01
:1033700080FFFF35C0035FD60000000000000000A2
:10338000FF4300D1FF3F0039E03F4039001C0012ED
:103390001F20007108060054000000900A2082528D
:1033A0000A01A072053042F9E13F4039E03F40395F
:1033B000231C7CD3A110218B4001200BE20301AA26
:1033C000004C1453A36863B8260840B92410403950
:1033D000030800B9281440392738403943344039AC
:1033E00021304039090840B99F3F03D5DF3F03D55D
:1033F0000205042A020C00B9020C40B99F3F03D514
:10340000DF3F03D5620001534178012A2100072ADA
:10341000011001B9011041B99F3F03D5DF3F03D52A
:10342000061401B9001441B99F3F03D5DF3F03D50E
:10343000E03F4039001C001200040011001C001283
:10344000E03F0039E03F4039001C00121F200071AE
:10345000C9FAFF54FF430091C0035FD61F2003D574
:10346000C840001000000000000000000000000044
:10347000420040B9261C0012273C48D349001D12C7
:10348000453C4AD33F141E7281030054040C278B21
:10349000C8701D53E31F8052E103072A6320C81A36
:1034A0008A004AB9A520C81A4301230A6300052AE5
:1034B00083000AB9A9030034870046B9452444D3E0
:1034C000E30780526320C81AE300230AA520C81A24
:1034D0006300052A830006B90000018B410C43D329
:1034E0002120C61A020050392100022A211C001294
:1034F00001001039C0035FD6080C278BC3100051A0
:10350000E41F8052E103072A63701D530A054AB97C
:103510008420C31A4401240AA520C31A8400052A62
:1035200004050AB9090400350300018B2A00805202
:103530004421C61A841C0012E503242A48041F12E1
:1035400069005039A51C0012A900090A6900103948
:103550001F090071A0030054430841D37F04007188
:10356000A9FCFF54A204003702486738A500020AEC
:10357000054827380104018BC0781F536200805230
:103580004220C01A240044796320C01A803C0012F3
:103590000000220A0000032A003C001220000479E7
:1035A000C0035FD6070546B9452444D3E4078052DB
:1035B0008420C31AE400240AA320C31A8300032A28
:1035C000030506B9C5FFFF170104018BC6781F5319
:1035D000600080520020C61A220044794A21C61A8F
:1035E000423C00124000200A00000A2A003C00125F
:1035F00020000479C0035FD602486738421C0012DD
:103600008400022A04482738DBFFFF17000000006F
:10361000E20301AA051C0012E103002A400040B9A0
:10362000233C48D3E00580367F30007169040054A4
:1036300008001D12023C4AD33F141E72400600547B
:103640008605B0D2A4100051C60C238BE11F805216
:1036500084701D53E703032AC9044AB92120C41A00
:103660004220C41A2101210A2100022AC1040AB9F8
:1036700048070034C30446B9022444D3E10780520A
:103680002120C41A6100210A4220C41A2100022A02
:10369000C10406B9018080D2000C43D38105B0F289
:1036A0000020C51A226867380000022A001C001298
:1036B00020682738C0035FD68425B0D2200080520E
:1036C0008400238B0320C51A6005B0D285007039B1
:1036D0006300052A631C00128300303965FFFF1761
:1036E0008025B0D2240080520300238B8420C51A89
:1036F00065007039A51C0012A400240A640030394A
:103700005CFFFF178405B0D2A6701D53840C238B79
:10371000E11F80522120C61AE703032A4220C61A5D
:1037200089004AB92101210A2100022A81000AB92F
:1037300048010034830046B9022444D3E107805293
:103740002120C61A6100210A4220C61A2100022A3D
:10375000810006B9D0FFFF178405B0D28A00078B1D
:103760002900805206041F122121C51A211C0012B3
:1037700048015039E203212A421C00124800080A7D
:1037800048011039DF080071C0020054060841D317
:10379000DF04007109F9FF54C00300368048633824
:1037A000001C00122100002A814823388005B0D275
:1037B000A5781F530704078B600080520020C51AAC
:1037C000C620C51AE1004479213C00122000200ADD
:1037D0000000062A003C0012E0000479C0035FD616
:1037E0008404078BA5781F53600080520020C51AFF
:1037F000810044792921C51A213C00122000200AA9
:103800000000092A003C001280000479C0035FD642
:10381000804863384200000A82482338E4FFFF17DB
:10382000FD7BBEA9FD030091201100B4F30B00F94C
:10383000F30301AAA11000B4E20300AA200440F996
:10384000001000B4410040B9804A8A52E009AA72CF
:103850003F00006B40100054610A40F9610F00B452
:10386000400000B940008052530800F90DFEFF9758
:103870006C0240792C0100346B0640F96C4D2C8BA6
:10388000600540B9E1030BAA6B21009161FFFF972E
:103890007F010CEB61FFFF5440008052B1FDFF97A8
:1038A000730A40F940008052FEFDFF9767C2009105
:1038B000060080D2030080528805B0D200C1268B5A
:1038C000E2104079E403062A411C001200307839E6
:1038D000427C0853000019125F3800710008005440
:1038E00005001C325F780071A21C00124000801A93
:1038F000E20440B92000002A001C00125F0400719D
:10390000A0070054E10C40B90114012A211C001247
:10391000E04441B802C1248BC60400911F04007129
:103920000020C41A6000002A001C001241303839FF
:103930000300831ADF1000F121FCFF546442009160
:10394000E60313AA050080D20A0080528805B0D28F
:10395000CC0040390B01058B82304039A97C409363
:10396000870040B90001098B42000C2A421C00125A
:1039700062013839FF040071010200546B09783983
:1039800029010E91820840B90C1180526B010C0A7A
:10399000811040390909098BE720C51A6209022AFA
:1039A0004701072A421C0012EA1C00122100022AC9
:1039B0008234403922110039C20440B98440009158
:1039C000C62000912110022A211C0012010838395A
:1039D000450200B5250080D2DEFFFF1700001D3232
:1039E000E20440B92000002A001C00125F040071AC
:1039F000A1F8FF54E11040B94220C41A05417839BA
:103A00000114012A4200052A421C0012211C001246
:103A100002413839BFFFFF174A151E53400080523C
:103A20004311032A631C0012034538394DFDFF97EB
:103A3000F30B40F900008052FD7BC2A8C0035FD6A3
:103A40002000407900F0FF34F30B40F90DFDFF97A3
:103A500020008052FD7BC2A8C0035FD609FDFF97FE
:103A6000F30B40F9C0018052F4FFFF170000000083
:103A70001F08007140000054C0035FD60000009092
:103A8000014C45F9200840F980FFFFB40000009088
:103A9000005045F963FFFF17E0D801100000000057
:103AA00030060210000000001F2003D51F2003D5A0
:083AB000C0031FD6C0035FD65E
:103AB80001000000000000000000000000000000FD
:103AC80000000000000000000000001000000000DE
:103AD800400400000000600000000010000000002A
:103AE800000000100000000000002000000000009E
:103AF8004104000000000000000020100000000049
:103B0800000000100000000000002000000000007D
:103B18004504000000000000000040100000000004
:103B280000004010000000000000C00F000000006E
:103B380040040000000060000000002000000000B9
:103B4800000000200000000000002001000000002C
:103B580045060000000000000000202100000000D1
:103B680000002021000000000000E00E000000001E
:103B78004004000000006000000000300000000069
:103B880000000040000000000000000800000000E5
:103B9800450400000000000000000038000000009C
:103BA80000000048000000000000000800000000BD
:103BB8004504000000000000000000400000000074
:103BC80000000040000000000000000800000000A5
:103BD8004104000000000000000000480000000050
:103BE800000000480000000000000008000000007D
:103BF8004104000000000000000000500000000028
:103C08000000005000000000000000080000000054
:103C180041040000000000000000005800000000FF
:103C2800000000580000000000000008000000002C
:103C380041040000000000000000006000000000D7
:103C48000000005000000000000000080000000014
:103C580045040000000000000000006800000000AB
:103C680000000058000000000000000800000000EC
:103C78004504000000000000000000700000000083
:103C880000000070000000000000000400000000B8
:103C98004104000000000000000000740000000063
:103CA8000000007400000000000000040000000094
:103CB800410400000000000000000078000000003F
:103CC8000000007800000000000000040000000070
:103CD80041040000000000000000007C000000001B
:103CE8000000007C0000000000000004000000004C
:103CF80041040000000000000000008000000000F7
:103D0800000000800000000000000001000000002A
:103D18004D06000000006000000000810000000067
:103D28000000008100000000000000010000000009
:103D38004D06000000006000000000820000000046
:103D480000000082000000000000000100000000E8
:103D58004004000000006000000000830000000034
:103D680000000083000000000000200000000000A8
:103D780049060000000060000000208300000000E9
:103D880000002083000000000000E00000000000A8
:103D980040040000000060000000008400000000F3
:103DA8000000007000000000000000040000000097
:103DB800450400000000000000000088000000002A
:103DC8000000008800000000000000020000000061
:103DD8004D060000000060000000008A000000009E
:103DE8000000008A0000000000000002000000003F
:103DF80040040000000060000000008C000000008B
:103E08000000008C0000000000000001000000001D
:103E180049060000000060000000008D000000005E
:103E28000000008D000000000000000300000000FA
:103E38004004000000006000000000900000000046
:103E4800000000900000000000004000000000009A
:103E58004D040000000060000000409000000000D9
:103E680000004090000000000000C00100000000B9
:103E78004004000000006000000000920000000004
:103E88000000009200000000000000010000000097
:103E98004D040000000060000000009300000000D6
:103EA8000000009300000000000000010000000076
:103EB80040040000000060000000009400000000C2
:103EC8000000007400000000000000040000000072
:103ED80045040000000000000000009800000000F9
:103EE800000000780000000000000004000000004E
:103EF80045040000000000000000009C00000000D5
:103F08000000007C00000000000000040000000029
:103F18004504000000000000000000A000000000B0
:103F2800000000A0000000000000001000000000D9
:103F38004504000000000000000000B00000000080
:103F4800000000B0000000000000001000000000A9
:103F58004504000000000000000000C00000000050
:103F6800000000C000000000000000400000000049
:103F780045040000000000000000000001000000EF
:103F88000000000001000000000000000100000027
:103F98004004000000006000000000000200000073
:103FA8000000000002000000000000000200000005
:103FB80041040000000000000000000004000000B0
:103FC80000000000040000000000000002000000E3
:103FD800410400000000000000000000060000008E
:103FE80000000000060000000000000002000000C1
:103FF8004104000000000000000000000000000074
:1040080000000000000000000000000000000000A8
:1040180040040000000060000000000000000000F4
:104028000000000000000000000000000000000088
:1040380040040000000060000000000000000000D4
:104048000000000000000000000000000000000068
:1040580040040000000060000000000000000000B4
:104068000000000000000000000000000000000048
:104078004004000000006000000000000000000094
:104088000000000000000000000000000000000028
:104098004004000000006000000000000000000074
:1040A8000000000000000000000000000000000008
:1040B8004004000000006000010002000400080045
:1040C80003000000000000000F000F0001010300C2
:1040D80001000000000000000F000F0001010100B6
:1040E80003000000000000000F000F0001010300A2
:1040F80001000000000000000F000F000101010096
:1041080001000000000000000F000F000101010085
:104118000F000000000000000F000F0001010F0059
:1041280001000000000000000F000F000101010065
:1041380003000000000000000F000F000101030051
:1041480003000000000000000F000F000101030041
:020000041001E9
:10000000FD7BB8A90000009001008052FD03009123
:10001000F35301A9130041F9F51300F9E00313AA02
:1000200018060094A30680D2FFFF03A90320A0F2C4
:100030000320C0F2FF2700F9E1E30091E00313AAD7
:1000400002008052E34304F8B6050094C00C00346B
:10005000F403002A0100009000000090210441F9FF
:10006000000841F9670F009400000090E103142A92
:10007000000C41F9630F0094000020D4C3008052AB
:10008000FF7F05A90320A072F53B40B9E143019130
:10009000E00313AA22008052E35F00B9FF3300F9A6
:1000A000A0050094F403002A200900340100009008
:1000B00000000090211441F9000841F9510F00940B
:1000C00000000090E103142A000C41F94D0F009448
:1000D000000020D4E0130091230680D20320A0F278
:1000E000B5021F320320C0F2E1A301911FFC06A953
:1000F00022008052E00313AAF56B00B9E34307F82E
:10010000FF7F00B987050094F403002A60040034DF
:100110000100009000000090211C41F9000841F905
:10012000380F009400000090E103142A000C41F9FC
:10013000340F0094000020D4E1C30091E00313AA1F
:10014000A8050094E0C3403980FF0737E00313AAF5
:1001500001128052CB050094F303002AA002003460
:100160000100009000000090212441F9000841F9AD
:10017000240F009400000090E103132A000C41F9C1
:10018000200F0094000020D4F35341A9F51340F947
:10019000FD7BC8A8C0035FD600000090E2DF4139B4
:1001A000E1EB4079002041F9160F0094E3FFFF17BF
:1001B00000000090002841F9FA0F0094F35341A980
:1001C000F51340F9FD7BC8A8C0035FD6000000907E
:1001D000E27F4139E1BB4079001841F9090F0094F1
:1001E000BDFFFF1700000090E2274139E18B407905
:1001F000001041F9030F0094A1FFFF171F2003D542
:10020000480602100000000010CA011000000000A3
:1002100060CA01100000000078CA01100000000050
:1002200098CA011000000000D8CA011000000000A8
:1002300020CB01100000000058CB0110000000008E
:10024000A8CB011000000000E8CB01100000000066
:1002500028CC011000000000000000000000000099
:10026000FD7BB8A90000009001008052FD030091C1
:10027000F35301A9132442F9F51300F9E00313AA7B
:1002800080050094A00D0034F403002A01000090C2
:1002900000000090212842F9002C42F9D90E009468
:1002A00000000090E103142A003042F9D50E0094BA
:1002B000000020D4A30680D2FFFF03A90320A0F2F0
:1002C0000320C0F2FF2700F9E1E30091E00313AA45
:1002D00002008052E34304F812050094F403002A5C
:1002E000000A00340100009000000090213842F91B
:1002F000002C42F9C30E009400000090E103142A80
:10030000003042F9BF0E0094000020D4C300805298
:10031000FF7F05A90320A072F53B40B9E14301919D
:10032000E00313AA22008052E35F00B9FF3300F913
:10033000FC040094F403002A8006003401000090BD
:1003400000000090214042F9002C42F9AD0E0094CB
:1003500000000090E103142A003042F9A90E009435
:10036000000020D4E0130091230680D20320A0F2E5
:10037000E1A301910320C0F2220080521FFC06A9D4
:10038000A01F8052B502000AE00313AAF56B00B962
:10039000E34307F8FF7F00B9E2040094F403002A66
:1003A000A00200340100009000000090214842F9B2
:1003B000002C42F9930E009400000090E103142AEF
:1003C000003042F98F0E0094000020D41F2003D586
:1003D000E1C30091E00313AA02050094E0C3403991
:1003E00080FF0737F35341A9F51340F9FD7BC8A8F7
:1003F000C0035FD600000090E1EB4079004C42F969
:10040000800E0094F3FFFF1700000090E27F413957
:10041000E1BB4079004442F97A0E0094D2FFFF1705
:1004200000000090E2274139E18B4079003C42F91D
:10043000740E0094B6FFFF1700000090003442F9DC
:10044000580F00949CFFFF174806021000000000A0
:1004500070CC01100000000060CA01100000000014
:1004600078CA011000000000B0CC011000000000AC
:1004700010CA01100000000098CA0110000000001E
:10048000D8CA01100000000020CB011000000000BD
:1004900058CB011000000000F8CC01100000000053
:1004A000FD7BB4A9FD030091E0C30191F35301A9C1
:1004B00014000090F55B02A9F76303A9F96B04A986
:1004C000FF7300B973CAFF9701000090000000900D
:1004D000E4C74139217C44F9E3CB4139E2CF4139CA
:1004E000008044F9470E009400000090008444F915
:1004F0002C0F00940100009000000090218844F926
:10050000138C44F9E00313AA86030094201E0035DF
:10051000E00313AA020082520100AAD2450500940A
:10052000F503002A201C0034000000901600009003
:10053000019844F9C09E44F9320E0094809644F923
:10054000E103152A2F0E0094000020D41F2003D5AC
:1005500021008052400680525ACAFF97E163019100
:10056000E00313AA9F040094E063413920FF07379A
:100570000000009000A444F90A0F0094FFFF07A9AF
:10058000C30080520320A072E1E30191E00313AAAB
:1005900022008052E38700B9FF4700F9610400940C
:1005A000F503002AA017003401000090C09E44F912
:1005B00021A844F9130E0094809644F9E103152A0A
:1005C000100E0094000020D4844680D2450280D2D0
:1005D0004400C0F2632080D20420E0F2E1430291A3
:1005E000E00313AA22008052E51309A9E35300F99E
:1005F0004C040094F503002A2014003401000090FC
:10060000C09E44F921B044F9FE0D0094809644F94F
:10061000E103152AFB0D0094000020D41F2003D510
:10062000210080524006805226CAFF97E183019143
:10063000E00313AA6B040094E083413920FF0737DD
:100640000000009001000090022080D2030180523F
:1006500015B844F90200AAF220E844FDE00313AA09
:10066000E10315AAA00200FD72050094F703002A19
:10067000E00F003401000090C09E44F921BC44F911
:10068000E00D0094809644F9E103172ADD0D0094F3
:10069000000020D41F2003D5210080524006805244
:1006A00008CAFF97E1A30191E00313AA4D04009447
:1006B000E0A3413920FF073752FEFF97000000906A
:1006C00000C444F9B70E0094844680D2632080D2DF
:1006D000641DC0F2E00313AAC420E0F2E1A302917A
:1006E00002008052FF930AA9E35F00F90D04009411
:1006F000F303002AC00A003401000090C09E44F9B0
:1007000021C844F9BF0D0094809644F9E103132AEF
:10071000BC0D0094000020D4E09340B9E1AB40B997
:100720003F00006BC00C005418000090C09E44F9BC
:1007300001D344F9B30D0094CAFEFF97809644F9A3
:1007400021008052AF0D0094000020D417000090CB
:10075000E19B40B9000000900200AAD200D844F901
:1007600053486138E203132AA60D0094E09340B980
:100770001F00136B2001005401D344F9C09E44F9BB
:10078000A00D0094B7FEFF97809644F92100805297
:100790009C0D0094000020D4E0D644F91A00AAD29F
:1007A00059030491130080D27E0E0094E0BF4139BA
:1007B00002000090010000900000009057D044F922
:1007C000369C44F9189444F962021A8BA36A733870
:1007D000E10317AAE00316AAF403132A42004439DE
:1007E0007F00026BE0000054860D00949DFEFF9791
:1007F000E00318AA21008052820D0094000020D44A
:1008000094060012730600919F0A00716100005463
:1008100020034039E0BF01397F2200F161FDFF5420
:100820000000009000DC44F95E0E00948DFEFF97FE
:100830000000009000E044F95A0E0094000000907F
:1008400000E444F9570E00940000001400000090EA
:10085000E3E74239E16B4179E4AB40B9E2B340B937
:1008600000CC44F9670D0094ACFFFF170000009026
:1008700000C044F94B0E009488FFFF170000009061
:10088000E3434239E2874239E19B40B900B444F97D
:100890005C0D009463FFFF170000009000AC44F96A
:1008A000400E009449FFFF170000009016000090D2
:1008B00000A044F93B0E009426FFFF17170000909C
:1008C00018000090E0D644F9360E0094A1FFFF17FF
:1008D000F503002A00000090009044F9310E0094C6
:1008E000809644F9E103152A460D0094000020D4B7
:1008F00008FFFF171F2003D530CD011000000000B6
:1009000038CD01100000000058CF01100000000099
:10091000A0D70110000000004806021000000000EF
:1009200038D101100000000078CA0110000000005A
:1009300058D101100000000060CA01100000000042
:1009400088D1011000000000A8D1011000000000B3
:10095000B8D1011000000000F8D101100000000023
:1009600030D201100000000070D201100000000021
:10097000D000021000000000B8D2011000000000FA
:10098000D8D201100000000000D3011000000000C8
:1009900028D301100000000068D3011000000000FF
:1009A000B0D3011000000000D8D3011000000000F7
:1009B00000D401100000000040D40110000000002D
:1009C00060D401100000000078D401100000000085
:1009D00000010203040506070000000000000000FB
:1009E000FD7BBCA90000009001000090FD03009178
:1009F000F35301A9135045F9F55B02A9600240B910
:100A0000F71B00F90003003400000090375445F94B
:100A1000165C45F900000090006045F9150840F9A2
:100A2000140440A9A20240F9E00314AA40003FD6F2
:100A3000A30640F9F303002AE10240B9E00314AA37
:100A400002008052C142218B60003FD6F55B42A973
:100A5000E003132AF35341A9F71B40F9FD7BC4A817
:100A6000C0035FD60000009003000090375445F9A2
:100A7000028080D2005845F901008052765C45F929
:100A8000FF0200B91F0000B9E00316AA3D0F009451
:100A900020008052600200B9DFFFFF171F2003D53E
:100AA000EC04021000000000E4040210000000004A
:100AB000E004021000000000E0000210000000004E
:100AC00030D801100000000000000000000000000D
:100AD000FD7BBEA902000090FD030091F35301A924
:100AE000F40300AAF303012A40CC45F9000040B901
:100AF000C0040034F30400340200009001000090B0
:100B0000000000902700805248D045F9E30314AA62
:100B100022D445F98542338B06D845F9E700144BBA
:100B2000010140B91F2003D5400040B91F00016BEF
:100B3000C0FFFF54C4486138210400113F00107108
:100B400064000039E000030B21309F1A6304009118
:100B50009F280071A00000549F340071E0000054F1
:100B60007F0005EB21FEFF54010100B9F35341A9B9
:100B7000FD7BC2A8C0035FD6C44861389F280071BE
:100B800000FFFF54F9FFFF1796FFFF97DAFFFF17EB
:100B900000008052F6FFFF17EC0402100000000076
:100BA000E004021000000000E40402100000000055
:100BB000E000021000000000000000000000000043
:100BC000FD7BBEA902000090FD030091F35301A933
:100BD000F30300AAF403012A401846F9000040B9C3
:100BE000200200340000009003000090E10313AAEB
:100BF000E203142A002046F9731C46F9030840F961
:100C0000000040F97F0200B9630840F960003FD658
:100C1000610240B9E1FFFF34F35341A9FD7BC2A853
:100C2000C0035FD66FFFFF97EFFFFF171F2003D5AD
:100C3000EC04021000000000E804021000000000B4
:100C400030D801100000000000000000000000008B
:100C5000FD7BBEA901000090FD030091F30B00F99C
:100C6000F30300AA207446F9000040B9A003003441
:100C7000330300B4600640B9A000083601000090BC
:100C800022008052217846F9220000B94002103635
:100C90000000009001000090640A40B9007C46F911
:100CA000228046F9030040B9010040B94448233886
:100CB0003FFC0F7188000054010040B9210400116D
:100CC000010000B9010040B93FFC0F714900005418
:100CD0001F0000B9F30B40F9FD7BC2A8C0035FD62B
:100CE00040FFFF97E3FFFF17EC0402100000000035
:100CF000E804021000000000E404021000000000FC
:100D0000E0000210000000000000000000000000F1
:100D1000FD7BBCA903000090FD03009163E846F948
:100D2000F35301A9F403002AF30302AA600040F977
:100D3000600000B4022440F9020300B49F4E007129
:100D40006803005400000090947E7C93F51300F932
:100D500000EC46F91500148B006874B81F040031CC
:100D600040020054E00301AAE103132A59FFFF9750
:100D70001F04003160020054A10E40B96002004B14
:100D80002100000BA10E00B9F51340F9F35341A95E
:100D9000FD7BC4A8C0035FD6E11F00F9510E00948B
:100DA000E11F40F9E6FFFF17F51340F9090A009427
:100DB00021018052010000B900008012F4FFFF17EA
:100DC000F51340F900008012F1FFFF171F2003D533
:100DD00098C8011000000000F0040210000000009C
:100DE000FD7BBDA903000090FD030091635447F90A
:100DF000F35301A9137C4093F40301AA600040F966
:100E0000F51300F9F503022A600000B4012440F94B
:100E1000A10300B47F4E0071C8030054000000908D
:100E2000617E7C93005847F90200018B016861B82C
:100E30003F040031E0020054BF0A0071A8010054D1
:100E4000BF060071000100541310138BE00314AAB5
:100E5000740E00B9F35341A9F51340F9FD7BC3A803
:100E6000C0035FD6410C80B9940201ABE5FEFF548C
:100E7000D8090094C1028052010000B9000080929C
:100E8000F5FFFF17170E00947F4E007189FCFF5489
:100E9000D009009421018052010000B90000809225
:100EA000EDFFFF171F2003D598C8011000000000B8
:100EB000F00402100000000000000000000000002C
:100EC000FD7BBCA903000090FD03009163D447F9AA
:100ED000F35301A9F303002AF40302AA600040F9C6
:100EE000600000B4022440F9420300B47F4E007158
:100EF000A804005400000090737E7C93F51300F961
:100F000000D847F91500138B006873B81F0400312F
:100F100080030054E00301AAE103142A29FFFF978C
:100F2000E103002AA003F837A20E40B98002004B6B
:100F30004200000BA20E00B99F02016B2001005479
:100F4000F51340F9F35341A9FD7BC4A8C0035FD654
:100F5000E11F00F9E30D0094E11F40F9E4FFFF17E2
:100F60009C090094E10300AAF51340F900008052A7
:100F70003F0000B9F35341A9FD7BC4A8C0035FD66D
:100F8000F51340F99309009421018052010000B942
:100F900000008012ECFFFF17F51340F900008012EB
:100FA000E9FFFF171F2003D598C8011000000000BB
:100FB000F00402100000000000000000000000002B
:100FC000FD7BBEA9010000B0FD030091F30B00F909
:100FD000F303002A202440F9000040F9600000B427
:100FE000012440F9E10100B47F4E00712802005451
:100FF000000000B0737E7C93012840F9206873B82C
:101000001F04003160010054020080120000805271
:10101000226833B8F30B40F9FD7BC2A8C0035FD64A
:10102000B00D00947F4E007149FEFF541F2003D580
:1010300068090094E10300AA220180520000801296
:10104000220000B9F4FFFF1798C80110000000004B
:10105000F00402100000000000000000000000008A
:101060000004004F03008452028080D200008052AE
:101070003F3000F9200000AD200002AD230400B98C
:10108000200001AD222400F9C0035FD6000000005B
:10109000FD7BBEA901000090FD030091F30B00F958
:1010A000F303002A208840F9000040F9600000B4F2
:1010B000012440F9C10100B47F4E0071E8010054E1
:1010C00001000090607E7C93218C40F9206860B81C
:1010D0001F040031200100547F060071E0879F1A31
:1010E000F30B40F9FD7BC2A8C0035FD67D0D0094D1
:1010F0007F4E007169FEFF5436090094E10300AA97
:101100002201805200008052220000B9F5FFFF1733
:1011100098C8011000000000F00402100000000058
:10112000FD7BBFA9FD030091DEFCFF97000080520C
:10113000FD7BC1A8C0035FD60000000000000000D6
:10114000040040F9030C40F9851840F9647040B977
:1011500084741A12647000B9647040B9A50440B96F
:10116000A4001D33647000B9647040B9A400003657
:101170001F2003D5030C40F9647040B9A4FF073762
:10118000294440394600115324404039283C403915
:10119000271840792A0D1B532538403908050012BD
:1011A00084081E530761072A84000A2AA5101753D2
:1011B0008400072AA500062A280840B98400052AC9
:1011C000648000B9688400B95F04007100030054B2
:1011D000647040B984000032647000B9649041B911
:1011E000C40000371F2003D51F2003D5030C40F98E
:1011F000649041B9A4FF073642010035608840B9C8
:1012000022444039E003002A200000F95F100071F9
:1012100089000054628C40B9008002AA200000F9C5
:1012200020008052609401B9C0035FD6240040F9C9
:10123000648800B93F1100716900005484FC60D3D8
:10124000648C00B9647040B984000032647000B9E5
:10125000649041B9A4FC0736F2FFFF1700000000BC
:10126000FD7BBDA92D1C001222008052FD030091C0
:10127000010040F9FFFF01A90C2040B9FF1700F958
:10128000237840399F410271E34B0079E29F003996
:10129000E2A70039020980522E1840F98411427ADF
:1012A00020010054E163009102008052A5FFFF97E6
:1012B000E01B40B9FD7BC3A80024CD1A000000123A
:1012C000C0035FD6C30540B9EB0300AA050C40F983
:1012D00063500091E163009102008052A47863B8EA
:1012E00084541612A47823B81F2000B995FFFF97E5
:1012F000C00540B9610D40F900500091227860B8F6
:1013000082250033227820B86C2100B9E01B40B957
:10131000FD7BC3A80024CD1A00000012C0035FD6D5
:10132000FD7BBCA9FD030091F55B02A9001300B48D
:10133000F35301A9F40301AA811200B4331840F950
:10134000531200B4F50300AA20098A52602AAA7237
:10135000A11240B93F00006BE015005476024039FD
:10136000600080520024D61A40160036601640F9FC
:10137000C01000B401000090F76303A9600640B9F3
:10138000373043F9380080521604160BE00240B99A
:101390001623D61AD602006AC1130054E003182A95
:1013A00040C7FF97034638D5000080D2004618D5C5
:1013B0000005B0D262024039010043B94410001167
:1013C0001823C41A3800380A180003B9010043B9B9
:1013D000A20E003400FC42D1E10080525F04007193
:1013E000011300541F2003D5020040B9210400510D
:1013F000211C0072A1FFFF54034618D5600240393A
:10140000600E00358000805266C7FF972000805232
:10141000D4C6FF976000805222C7FF976002403910
:10142000600E0035200080524000A072BDC7FF97BB
:1014300060008052CBC6FF97610640B960008052C1
:10144000631640F921500091820240B9B40200F9BC
:10145000A30E00F9627821B8A22200B911C7FF9744
:1014600060024039C00C0035000086D2611E40B9D0
:101470002005B0F2010000B9611240F9020086D2E5
:101480002205B0F24300049160008052240040B96C
:10149000440400B9240440B9440800B9240840B900
:1014A000440C00B9220C40B9620400B9221040B9C2
:1014B000620800B9211440B9610C00B9A9C6FF97B0
:1014C000650A40F9E81F8052A40E40F922008052BC
:1014D000670640B9A00C4029E103072AA90840B9D2
:1014E0002A500091860240B98110018B850A40B9CB
:1014F000000C1053C624001263000B5329010C5337
:101500006300062A0000092A060000900000032A52
:1015100080782AB8A0041E53850E40B9201000B967
:10152000601A40B9837E4039A5101053C04043FD76
:1015300000001053A320032A231400B9001019320D
:10154000E50240B983724039635C1853231800B92F
:10155000886000B9800800B9A0C200FC6002403970
:10156000F35341A9E004000B4020C01A0000052AF3
:10157000E00200B9F76343A9E003162AF55B42A92C
:10158000FD7BC4A8C0035FD6F35341A93DC6FF97B6
:1015900036008052E003162AF55B42A9FD7BC4A801
:1015A000C0035FD6E10080528003B0D21F2003D574
:1015B000020040B921040051211C0072A1FFFF5418
:1015C000034618D560024039E0F1FF34A000805294
:1015D000F4C6FF972000805262C6FF9760008052D9
:1015E000B0C6FF9760024039E0F1FF34A08080521E
:1015F0004000A0724BC7FF978EFFFF17002086D2D6
:10160000611E40B92005B0F2010000B99BFFFF1731
:10161000F76343A91BC6FF97D6018052E003162A41
:10162000F35341A9F55B42A9FD7BC4A8C0035FD673
:1016300014C6FF9756AF8052F35341A9CFFFFF174F
:1016400003000090020000900000009061B0805202
:10165000633443F9423843F9003C43F905C6FF9728
:10166000C80602100000000098D40110000000001D
:10167000C0F3011000000000A0D401100000000021
:10168000000000004950535100000000000000001D
:10169000FD7BBFA9FD030091800300B4031040B996
:1016A00022098A52622AAA727F00026BE101005469
:1016B000020C40F9426840B902028037010040F94B
:1016C00021504039E7FEFF97E103002A00008052D5
:1016D00061000037FD7BC1A8C0035FD6E9C5FF9755
:1016E00040889352FCFFFF17E6C5FF97E000805249
:1016F000FD7BC1A8C0035FD6E2C5FF97A000805262
:10170000FD7BC1A8C0035FD6DEC5FF9720008052D5
:10171000F1FFFF17000000000000000000000000C3
:10172000FD7BBDA9FD030091F35301A9F40301AAB8
:10173000F55B02A9F603022AF50300AAD5FFFF977D
:10174000F303002A40030035550200B4340200B40C
:10175000803E4039E0010034A11240B920098A528C
:10176000602AAA723F00006BE1020054E203162ACD
:10177000E10314AAE00315AA72FEFF97F55B42A9E4
:10178000E003132AF35341A9FD7BC3A8C0035FD62E
:10179000BCC5FF9733008052F55B42A9E003132AD2
:1017A000F35341A9FD7BC3A8C0035FD6B5C5FF971E
:1017B000F55B42A9E003132AF35341A9FD7BC3A8BB
:1017C000C0035FD6AFC5FF97F3008052F55B42A917
:1017D000E003132AF35341A9FD7BC3A8C0035FD6DE
:1017E000FD7BBFA9FD030091200300B4EF0301AA14
:1017F000E10200B4031040B921098A52612AAA7299
:101800007F00016BC1020054010C40F9236840B90C
:10181000E3028037238441B9210880527F00016AA6
:10182000C000005420008052E001003900008052C6
:10183000FD7BC1A8C0035FD6010040F921504039AB
:1018400088FEFF97E0010039F9FFFF178DC5FF976C
:1018500020008052FD7BC1A8C0035FD689C5FF97D9
:10186000E0008052FD7BC1A8C0035FD685C5FF970D
:10187000A0008052EFFFFF170000000000000000F2
:10188000FD7BBFA9FD030091000400B4E20300AAA0
:1018900020098A52602AAA72431040B97F00006B67
:1018A00041020054200800511F08007169020054D1
:1018B0003FFC0F7120020054440040F900008052A8
:1018C000430C40F9841840F9412000B9820440B922
:1018D00042500091647862B824240033647822B8BE
:1018E000FD7BC1A8C0035FD666C5FF97E0008052AC
:1018F000FD7BC1A8C0035FD662C5FF976000805220
:10190000FD7BC1A8C0035FD65EC5FF972000805253
:10191000F4FFFF17000000000000000000000000BE
:10192000FD7BBBA92E008052FD030091010040F910
:10193000FF7F02A9EEBF003921744039E15B0079D5
:10194000FF1B00F961000035FD7BC5A8C0035FD611
:10195000AD008052F30B00F913098052EB0300AA8B
:10196000E183009122008052F6FDFF97630140F968
:10197000FFFF03A96C2140B9FF2700F9E1E30091C3
:10198000647840399F410271E48B0079E0030BAA2F
:10199000EE1F01398411537AEE270139020080527B
:1019A000721840F96F54403940010054E5FDFF972B
:1019B000E03B40B90024CF1A00030037AD050071A9
:1019C00061FDFF54F30B40F9FD7BC5A82DC5FF1742
:1019D000430640B9650D40F963500091A47863B89F
:1019E00084541612A47823B87F2100B9D5FDFF973F
:1019F000400640B9610D40F900500091227860B86E
:101A000082250033227820B86C2100B9E03B40B930
:101A10000024CF1A40FD0736F30B40F9FD7BC5A823
:101A2000C0035FD6000000000000000000000000BE
:101A3000FD7BB9A9FD030091F35301A9F303022A29
:101A4000F40300AAF55B02A9F50301AAF76303A951
:101A500010FFFF97F803002A400A0035350900B44B
:101A6000810240F9170080D2361840F97F06003114
:101A7000A10500542288403942080034211440F95D
:101A80004204005120200091024C228B04000014DB
:101A9000212000913F0002EB40070054230440B98D
:101AA0007F00136B61FFFF5435004079B5060034A9
:101AB000E00314AA9BFFFF97FFFF05A903008052D4
:101AC000F76300B9F5CB0079FF3700F97F060031E5
:101AD000A0000054800240F9030840B963040011DB
:101AE0006308001224008052E00314AAE16301910C
:101AF00022008052E49F0139E3A3013991FDFF9751
:101B0000C01A40B91F040071A0060054F35341A944
:101B1000E003182AF55B42A9F76343A9FD7BC7A838
:101B2000C0035FD6F92300F9E00315AAD90640B92E
:101B3000E1630191D7024039FF2F00F9CDC2FF9731
:101B4000F503002AC0060035E12F40F93F1F00725F
:101B500060030054E0FF9F92E2FF9F92FF0200713A
:101B60000000B7F20200B5F22000008B2100028BCA
:101B70003710809A810240F9F92340F9BEFFFF1720
:101B8000C0C4FF9738008052F35341A9E003182ADC
:101B9000F55B42A9F76343A9FD7BC7A8C0035FD6E5
:101BA000B8C4FF97F35341A9E003182AF55B42A993
:101BB000F76343A9FD7BC7A8C0035FD6E2FF9F92EE
:101BC000FF020071E08762B20200B6F22000008BD3
:101BD0002100028B3710809AE7FFFF17810E40F932
:101BE000208441B9A00000361F2003D5810E40F9A2
:101BF000228441B9A2FF0737206440B900001632A1
:101C0000206400B9E003182AF35341A9F55B42A907
:101C1000F76343A9FD7BC7A8C0035FD699C4FF97AC
:101C2000F803152AF92340F9B9FFFF170000000057
:101C3000FD7BB9A9FD030091F35301A9F40300AAA8
:101C4000F55B02A9F503032AF76303A9F70301AAC9
:101C5000F80302AA8FFEFF97C00E0035D70C00B420
:101C6000B80C00B4840240F9801840F9831840B9D8
:101C7000010440B93F040071C00A0054000BC39A2C
:101C800000E0039B630000CBF603152ADF0203EBA1
:101C900048100054BF220071E80A005481504039B6
:101CA000E00314AA6FFDFF97800D0037E00314AA2C
:101CB000F96B04A91BFFFF97820240F9E00318AA01
:101CC000E1430191581840F9190340391A0740B906
:101CD000FF2B00F967C2FF97F303002AE00C0035E1
:101CE000E02B40F93F0300719A0900350100B8521A
:101CF0000300B6522100000B6300000B6310811A31
:101D0000FF2F00F975010034020080D2000080D25C
:101D1000E46A623845701D53420400918420C59ADC
:101D2000000004AADF0202EB41FFFF54E02F00F99C
:101D3000840240F9E36300B905208052E00314AA4D
:101D4000E163019122008052860840B983704039D6
:101D5000DF0C0071E3CB0079E3179F1AE5CF007920
:101D6000630C0011E3A30139F5A70139F5FCFF97D6
:101D7000001B40B91F04007120010054F55B42A90B
:101D8000E003132AF35341A9F76343A9F96B44A96C
:101D9000FD7BC7A8C0035FD61F2003D5800E40F986
:101DA000018441B9A1FF0737016440B9210016320F
:101DB000016400B9E003132AF35341A9F55B42A97A
:101DC000F76343A9F96B44A9FD7BC7A8C0035FD69D
:101DD00001004039001040F941030035000440B9CA
:101DE000000300CB0108C39A2080039B630000CB53
:101DF000A6FFFF173300805222C4FF9721C4FF972C
:101E0000F55B42A9E003132AF35341A9F76343A901
:101E1000FD7BC7A8C0035FD60100B7520300B552CF
:101E20002100000B6300000B6310811AB5FFFF1740
:101E3000F303002A13C4FF9712C4FF97F1FFFF17A3
:101E4000001040B9000300CB0108C39A2080039B17
:101E5000630000CB8DFFFF170AC4FF97538893528E
:101E6000F55B42A9E003132AF35341A9F76343A9A1
:101E7000FD7BC7A8C0035FD602C4FF97F55B42A9EC
:101E8000E003132AF35341A9F76343A9F96B44A96B
:101E9000FD7BC7A8C0035FD6F3028052F9C3FF974A
:101EA000F8C3FF97D7FFFF170000000000000000F5
:101EB000C0008052C0035FD6000000000000000098
:101EC000FD7BBCA9FD030091F35301A9F30300AA14
:101ED000002440F9E00200B4041440A9F4A30091E6
:101EE000E49702A9030840F9830A00F9651A40F94A
:101EF000632240F9642A40F9A50040390508002909
:101F0000010800B9040800F960003FD6602640F9D6
:101F1000A00000B4E28F42A9020C00A9810A40F996
:101F2000010800F9F35341A9FD7BC4A8C0035FD6A3
:101F3000F4A30091E00314AAEDFFFF1700000000D6
:101F4000021840F9011840B9421C40F9C20100B41E
:101F500041000034C0035FD6021C40F9410840B97B
:101F6000032040F921780B1221000B32410800B9FF
:101F70001F0800F903FFFFB40210805201008052D5
:101F8000D0FFFF17021C40F9A1FEFF3404084039BE
:101F9000030840F9840400129F080071C001005436
:101FA00065004039440440B9A4200033440400B91A
:101FB000020040F942441053E403022A2100024B7C
:101FC0006300048B030800F9011800B941FCFF35D8
:101FD000E2FFFF1765004079440440B9A4200033B4
:101FE000440400B9F3FFFF170000000000000000E8
:101FF000FD7BBFA9FD030091A00100B4810100B4E5
:10200000E40300AAA02A89526068AA72850440B934
:10201000BF00006B41010054810C04A900008052F4
:10202000822800F9FD7BC1A8C0035FD695C3FF9746
:1020300020008052FD7BC1A8C0035FD691C3FF97EB
:10204000E0008052FD7BC1A8C0035FD60000000005
:10205000FD7BBFA9FD030091000800B4030440B953
:10206000A22A89526268AA727F00026BE1070054BB
:10207000021C40F9431440B9636458D37F040071D3
:10208000C8060054430840B9C4FD9F52C4F9BF724A
:102090006400040A440800B963740A12440840B991
:1020A000A40100361F2003D51F2003D5021C40F9D0
:1020B000440840B9040100361F2003D5021C40F932
:1020C000440840B924FF0737030000141F2003D53C
:1020D000021C40F9440840B9A4FF2737441040B916
:1020E00006EE9F52210040B9E511805226E6BF72EC
:1020F000C519A0722100060A8400050A1F0800F90C
:102100002100042A411000B9430800B9410840B930
:102110006100014AC10000361F2003D5021C40F9AE
:10212000410840B92100034A81FF0737410840B9FF
:102130006100014AC10020361F2003D5011C40F96F
:10214000210840B92100034A81FF2737000080524F
:10215000FD7BC1A8C0035FD64AC3FF972000805211
:10216000FD7BC1A8C0035FD646C3FF97E000805245
:10217000FD7BC1A8C0035FD6000000000000000086
:10218000FD7BBFA9FD030091800100B4610100B493
:10219000020440B9A02A89526068AA725F00006BED
:1021A000410100540004002F00008052FD7BC1A8B3
:1021B000200000FDC0035FD632C3FF97200080528D
:1021C000FD7BC1A8C0035FD62EC3FF97E0008052FD
:1021D000FD7BC1A8C0035FD6000000000000000026
:1021E000FD7BBFA9FD030091E00300B4E20300AA58
:1021F000A02A89526068AA72430440B97F00006B2C
:10220000A1020054C0008052C1010836401C40F9B0
:10221000030840B963740A12030800B9004840B9C2
:10222000C000F0371F2003D51F2003D5401C40F904
:10223000004840B9A0FFF736000080525F1800B98F
:1022400061000036000080525F2800B9FD7BC1A804
:10225000C0035FD60BC3FF97E0008052FD7BC1A88F
:10226000C0035FD607C3FF9720008052F8FFFF1717
:10227000FD7BBFA9FD030091C00100B4A10100B422
:10228000E20300AAA02A89526068AA72430440B9F6
:102290007F00006B61010054432840B90000805268
:1022A000230000B95F2800B9FD7BC1A8C0035FD639
:1022B000F4C2FF9720008052FD7BC1A8C0035FD607
:1022C000F0C2FF97E0008052FD7BC1A8C0035FD63B
:1022D000FD7BBEA9FD030091600500B4410500B47B
:1022E00022050034E30300AAA02A89526068AA727A
:1022F000640440B99F00006BE10500546808403950
:10230000080500121F090071C0040054601840B98C
:1023100080050035641C40F9650040F9860840B925
:10232000C6740A12860800B9A5441053860840B93D
:10233000E703052A4200054B2500078B650800F9D5
:10234000C5000C32621800B9850800B91F09007178
:10235000E000005421004039820440B922200033BB
:10236000820400B9FD7BC2A8C0035FD62200407979
:10237000810440B941200033810400B9FD7BC2A82B
:10238000C0035FD6BFC2FF9720008052E01F00B994
:10239000BCC2FF97E01F40B9FD7BC2A8C0035FD657
:1023A0004100003742FB0736B6C2FF9760008052FB
:1023B000F7FFFF17B3C2FF97E0008052F4FFFF174B
:1023C000B0C2FF9700018052E7FFFF170000000036
:1023D000FD7BBFA903000090020000900000009068
:1023E000FD03009163FC41F961B08052420042F963
:1023F000000442F99FC2FF9798D40110000000002A
:10240000E0F3011000000000A0D401100000000063
:10241000C0008052C0035FD6000000000000000032
:10242000FD7BBDA9FD030091F35301A9F40300AAAC
:10243000F303022AF51300F9E003022A35101D53B5
:102440008203F83787BEFF9756BFFF97E303002A42
:10245000615C409202008052637C78D3E003132ACF
:10246000631C6092210003AA96BEFF97E103152A20
:10247000E003132A83BEFF97E003132A4100805232
:10248000B0BEFF97E003132A21008052D5BEFF970C
:102490007382001100000090F51340F9008842F9A2
:1024A00014D833F8F35341A9FD7BC3A8C0035FD60A
:1024B000F8BEFF973BBFFF97E303002A615C4092A1
:1024C00002008052637C78D3E003132A631C60927D
:1024D000210003AA7BBEFF97E103152AE003132A1C
:1024E000F4BEFF97E003132A4100805211BFFF970B
:1024F0007382001100000090F51340F9008842F942
:1025000014D833F8F35341A9FD7BC3A8C0035FD6A9
:1025100090510010000000000000000000000000CA
:10252000FD7BBEA9FD030091E00E00B4F30B00F9A2
:10253000F30300AAA02A89526068AA72610640B912
:102540003F00006B610D0054611E40F97F0600B929
:102550003F0800B9200840B9400100361F2003D5CC
:102560001F2003D5611E40F9200840B9A0FF07379E
:10257000200840B9A00020361F2003D5611E40F975
:10258000200840B9A0FF2737601A40F9221440B94B
:10259000001440B942740612221400B9A005F8379D
:1025A00030BEFF97601A40F9002C40B9A005F837FB
:1025B0002CBEFF97601A40F9001C40B9A005F837FF
:1025C00028BEFF97601A40F9002440B9A005F837EB
:1025D00024BEFF9720008052B2C2FF97601A40F9D4
:1025E000002840F9003C40B91F040071A0050054C8
:1025F000034638D5000080D2004618D5601A40F94D
:10260000000040391F10007188060054046080D219
:10261000012000110405B0F2E20304AA2000805258
:10262000840040B90020C11A0000042A400000B90B
:10263000400040B9034618D52000805249C2FF9798
:10264000F30B40F900008052FD7BC2A8C0035FD6A7
:1026500090BEFF97601A40F9002C40B9A0FAFF36EF
:102660008CBEFF97601A40F9001C40B9A0FAFF36F3
:1026700088BEFF97601A40F9002440B9A0FAFF36DF
:1026800084BEFF972000805286C2FF97601A40F9EF
:10269000002840F9003C40B91F040071A1FAFF5422
:1026A000034638D5010080D2014618D5621A40F998
:1026B0000105B0D2240043B9420040394240001124
:1026C0000020C21A0000042A200003B9200043B9E8
:1026D000034618D5D9FFFF17016380D2200080522E
:1026E0000125B0F2E20301AA240040B9CFFFFF1791
:1026F000E4C1FF97F30B40F9E0008052FD7BC2A8D4
:10270000C0035FD6DFC1FF9720008052CFFFFF17C5
:10271000FD7BBEA9FD030091600200B4410200B43C
:1027200022020034E30300AAA02A89526068AA7238
:10273000640440B99F00006BE10200546008403916
:10274000000400121F080071C0010054602840B945
:1027500080020035611000F9622800B9FD7BC2A833
:10276000C0035FD6C7C1FF9720008052E01F00B9A9
:10277000C4C1FF97E01F40B9FD7BC2A8C0035FD66C
:102780004100003742FE0736BEC1FF97600080520D
:10279000F7FFFF17BBC1FF97E0008052F4FFFF1760
:1027A000B8C1FF9700018052EDFFFF170000000045
:1027B000FD7BBDA9FD030091E02200B4F35301A904
:1027C000F40301AA412800B4F55B02A9352840F9B9
:1027D000F52100B4F30300AAA01A40F9802100B447
:1027E000A00A40F9402100B4610640B9A02A8952EC
:1027F0006068AA723F00006B603F0054A13E40B980
:10280000E007805282024039E3FF81523F040071A9
:10281000210080520010831A2120C21A3F00006A52
:10282000C0220054A12240B93F140071002300547B
:102830003F0C0071610000540024C21A00230036CE
:10284000800A40B91F040071201E0054801640B950
:10285000E01DF837801E40B9A01DF837802640B92A
:10286000601DF837822E40B9221DF8377F020039EB
:10287000E00313AA630A4039810640B9842240F973
:102880003F000071E1179F1A642200F92104001132
:10289000741A00F9842640F923040033630A0039CE
:1028A0007F9204A981A24039DEFEFF978142403920
:1028B000E00313AA821640B9DAFEFF97816240391D
:1028C000E00313AA821E40B9D6FEFF9781824039E9
:1028D000E00313AA822640B9D2FEFF97200080525F
:1028E000F0C1FF97A03E40B91F040071A01A005428
:1028F000034638D5000080D2004618D58102403901
:102900003F10007109270054046380D22000801218
:102910000425B0F2E20304AA840040B90000040ACE
:10292000400000B9400040B9E00080523F0C007107
:1029300040360054083800543F04007140170054DA
:102940003F080071611B005401008BD20100B0F2FE
:10295000220040B900040051001C0072A1FFFF5486
:10296000034618D5200080527EC1FF97A01A40F977
:10297000601E00F91F0800B9010840B921010036A6
:102980001F2003D5601E40F9010840B9A1FF073799
:10299000010840B9A10020361F2003D5601E40F970
:1029A000010840B9A1FF2737822A40F9010280526D
:1029B00023008052E5FF8152463C40B9010C00B92A
:1029C00081E09F5201E0BF72011000B96140825264
:1029D000011400B91F1800B9DF00036BE17F8052BA
:1029E0002110851A840240396320C41A7F00016ACD
:1029F00060000054E1E3A352012400B9810640B90C
:102A0000666082523F0C0071A00000543F000071CC
:102A10006600825261408252C600811A470C4029EA
:102A2000452440B9810E40B9E904085363001153AD
:102A3000A5000B536300092AA138012A483840B980
:102A40002100032A850A40B92100062A432040B903
:102A50001F19007126001932C100811A011400B932
:102A60006304001261041C32C5000034BF08007109
:102A700003608052052080526310851A2100032ACA
:102A8000460840B9E5080051C3080012DF00007194
:102A900063040051630808536300012A6300043291
:102AA0006110811A010C00B9BF0400714911005472
:102AB000410840F905EE9F52031040B9E6118052DB
:102AC00025E6BF72C619A072210040B96300060A4C
:102AD0002100050A2100032A011000B9411440F920
:102AE00006028052422840B9E6A0B772A53E40B91E
:102AF00023B068D3219060D342000012633C10538E
:102B00006120012A2100022A013000B9066800B9BB
:102B10007F0A00F97F1A00B97F1200F97F2A00B9F5
:102B2000BF040071A0100054601A40F9161440B997
:102B3000E003162AB60FF837FABCFF97E003162A0F
:102B4000C0BCFF97601A40F9162C40B9E003162A62
:102B5000560EF837F3BCFF97E003162AB9BCFF976F
:102B6000A03E40B91F04007120110054601A40F9C2
:102B7000141C40B9E003142A940CF837E9BCFF9701
:102B8000E003142AAFBCFF97601A40F9142440B93F
:102B9000E003142A340BF837E2BCFF97E003142A51
:102BA000A8BCFF97601E40F9218280522100A072CC
:102BB000010800B9010840B9410100371F2003D5C1
:102BC0001F2003D5601E40F9010840B9A1FF073658
:102BD000000840B9A00020371F2003D5601E40F92F
:102BE000000840B9A0FF2736A11E40B9A22A895289
:102BF000F55B42A96268AA726286002900008052D1
:102C0000F35341A9FD7BC3A8C0035FD6F35341A989
:102C1000F55B42A99BC0FF9720008052FD7BC3A8B3
:102C2000C0035FD601808AD2000400510100B0F2D7
:102C3000001C0072210040B961FFFF5449FFFF17DB
:102C4000034638D5010080D2014618D50205B0D21E
:102C500081024039440043B9254000110020C51AC3
:102C60008000200A400003B9400043B93F2C0071A6
:102C7000C90C0054D7FDFF9782C0FF97F35341A9B9
:102C800040AF8052F55B42A9E5FFFF17A11E40B996
:102C9000E0FF9F523F00006B41DDFF5479C0FF977A
:102CA000F35341A960008052F55B42A9DCFFFF1796
:102CB00001008AD20100B0F2220040B900040051A4
:102CC000001C0072A1FFFF5426FFFF17F35341A918
:102CD000D1FFFF17011040B9211C1832011000B9B3
:102CE000FF080071C1EFFF54011040B921001B32F1
:102CF000011000B97AFFFF1706BDFF97E003142A01
:102D0000DCBCFF97A8FFFF1702BDFF97E003142A62
:102D1000D8BCFF979DFFFF17FEBCFF97E003162A64
:102D2000D4BCFF978FFFFF17FABCFF97E003162A6A
:102D3000D0BCFF9784FFFF179F1C00712908005427
:102D40004205B0D280200051E1008052439442B944
:102D500000741E532020C01A6000200A409402B95B
:102D6000601A40F941008052001440B90016F8374B
:102D70005CBCFF97601A40F901008052002C40B9FA
:102D80002015F83757BCFF9768FFFF1780024039BE
:102D90001F1C0071690400544205B0D2002000518C
:102DA000E1008052439442B900741E532020C01A9F
:102DB0006000200A409402B9601A40F94100805234
:102DC000001C40B9C012F83746BCFF97601A40F9A2
:102DD00001008052002440B9E011F83741BCFF9750
:102DE00063FFFF17046080D2252000110405B0F2B4
:102DF00020008052E20304AA0020C51A840040B9D2
:102E0000E003202AC6FEFF17000000B0004440F98E
:102E100000486138620000104088208B00001FD6F7
:102E20004205B0D200741E53E1008052439042B973
:102E30002020C01A6000200A409002B9DFFFFF176F
:102E40004105B0D284741E53E0008052229042B9F2
:102E50000020C41A4000200A209002B9C1FFFF17C9
:102E6000010081D2E00080526102B2F21F2003D53E
:102E7000220040B900040051001C0072A1FFFF5461
:102E8000B8FEFF17018080D2E00080526102B2F2EA
:102E9000220040B900040051001C0072A1FFFF5441
:102EA000B0FEFF17E00080526102B2D21F2003D5AE
:102EB000220040B900040051001C0072A1FFFF5421
:102EC000A8FEFF17010083D2E00080526100B2F239
:102ED000220040B900040051001C0072A1FFFF5401
:102EE000A0FEFF17018082D2E00080526100B2F2A2
:102EF000220040B900040051001C0072A1FFFF54E1
:102F000098FEFF17010082D2E00080526100B2F209
:102F1000220040B900040051001C0072A1FFFF54C0
:102F200090FEFF17018081D2E00080526100B2F272
:102F3000220040B900040051001C0072A1FFFF54A0
:102F400088FEFF17010081D2E00080526100B2F2DA
:102F5000220040B900040051001C0072A1FFFF5480
:102F600080FEFF17018080D2E00080526100B2F243
:102F7000220040B900040051001C0072A1FFFF5460
:102F800078FEFF17E00080526100B2D21F2003D507
:102F9000220040B900040051001C0072A1FFFF5440
:102FA00070FEFF17018081D2E00080526102B2F210
:102FB000220040B900040051001C0072A1FFFF5420
:102FC00068FEFF17008083D26000B2F21F2003D595
:102FD000020040B921040051211C0072A1FFFF54DE
:102FE00060FEFF17A7BFFF97F35341A9C0018052AE
:102FF000F55B42A90AFFFF1701808BD20100B0F2F6
:10300000220040B900040051001C0072A1FFFF54CF
:1030100054FEFF1733BCFF97D5FEFF1731BCFF9757
:103020006BFFFF172FBCFF97C0FEFF172DBCFF974C
:1030300051FFFF1702008CD20200B0F23F10007166
:103040002001005442FC7F913F14007141E1FF5484
:10305000410040B900040051001C0072A1FFFF5460
:1030600040FEFF17410040B900040051001C0072EF
:1030700080C7FF54410040B900040051001C007299
:1030800021FFFF5437FEFF17D4F3011000000000AA
:10309000000000900200009001000090006840F9DC
:1030A000426440F900004039216040F900040051B9
:1030B000407860B80080001120D860F8A1FBFF17AD
:1030C000905100100000000010510010000000009E
:1030D0000851001000000000000000000000000087
:1030E000FD7BBDA90000009002000090FD0300914F
:1030F00000E440F9F30B00F942E040F901000090D0
:103100000000403921DC40F900040051407860B8EB
:103110000080001133D860F8611E40F9602A40B980
:10312000210040B921200012E12F00B90001003533
:10313000602240F9A00200B4E00313AA820080528A
:10314000F30B40F9FD7BC3A85EFBFF17620240F959
:10315000E1B30091601240F9424450D34903009416
:10316000610240F9621240F9602A40B9234450D309
:10317000214410534200038B0000014B621200F9FE
:10318000602A00B980000034F30B40F9FD7BC3A82E
:10319000C0035FD6602240F980FFFFB4E00313AAAA
:1031A00022008052F30B40F901008052FD7BC3A83E
:1031B00044FBFF171F2003D59051001000000000B2
:1031C0001051001000000000085100100000000025
:1031D000000000900200009001000090001C41F9E6
:1031E000421841F900004039211441F9000400510E
:1031F000407860B80080001120D860F8011C40F9C8
:10320000220840B942740A12220800B9210840B9C4
:10321000012040F9810000B4420080520100805238
:1032200028FBFF17C0035FD690510010000000007C
:1032300010510010000000000851001000000000B4
:10324000000000900200009001000090008041F911
:10325000427C41F900004039217841F900040051D5
:10326000407860B80080001120D860F8031C40F955
:10327000610040B9644840B921200012826058D3EF
:1032800042681B536401E037840005120520A352F5
:103290004260442A646840B98400052A646800B921
:1032A000634840B9032040F9230200B405FBFF172F
:1032B000654840B99F0065F244001C3242041D324B
:1032C0004210841A44001A32BF0071F28200821A3E
:1032D000646840B90520A3528400052A646800B9D7
:1032E000634840B9032040F923FEFFB5C0035FD611
:1032F000905100100000000010510010000000006C
:103300000851001000000000000000000000000054
:10331000C0035FD6000000000000000000000000B5
:10332000FD7BBEA9637C4093FD030091F30B00F984
:10333000F30301AA2124C079DE070094E000F8B766
:10334000614A40F92100008B614A00F9F30B40F912
:10335000FD7BC2A8C0035FD6612240792178131299
:1033600061220079F30B40F9FD7BC2A8C0035FD650
:10337000FD7BBDA9FD0300912420C079F35301A971
:10338000F30301AAF40300AAF55B02A9F50302AA5C
:10339000F603032A840140376126C079847813122A
:1033A00064220079C37E4093E20315AAE00314AAC5
:1033B00070000094F35341A9F55B42A9FD7BC3A8BB
:1033C000C0035FD62124C07943008052020080D21E
:1033D000A00700946422C079F0FFFF1700000000EE
:1033E000FD7BBEA9FD030091F30B00F9F30301AAD5
:1033F0002124C079970700946122C0791F0400B18D
:10340000E00000542100143261220079604A00F982
:10341000F30B40F9FD7BC2A8C0035FD621781312DD
:1034200061220079F30B40F9FD7BC2A8C0035FD68F
:103430002124C07967030014000000000000000090
:103440005F2403D5042C40929F803FF1C8060054AE
:10345000020C40A9E8C300B2440008CB45D800B232
:10346000660008CB67D800B2840025EAC500278A29
:10347000A00840FA000100548430859A000180D2EF
:10348000840CC0DAE033809A8410C0DA000C448BDC
:10349000C0035FD6020C41A9440008CB45D800B256
:1034A000660008CB67D800B2840025EAC500278AE9
:1034B000A00840FA400100548430859A000380D26D
:1034C000840CC0DA060280D28410C0DAC030809A40
:1034D000000C448BC0035FD61F2003D501E87B920C
:1034E0002108C1AD20AC226E00AC206E0098200EE9
:1034F0000300669E63FFFFB42098204E200000CB9F
:10350000630000354098204E0040009100840C0F6D
:103510000300669E6300C0DA6210C0DA0008428BC6
:10352000C0035FD601E87B92628081520206B872C6
:1035300021A0404C400C044E2198204E4298204E31
:10354000211C204E421C204E20BC224E00BC204E8E
:103550000300669E04F87FD36324C49A23FCFFB45F
:103560006300C0DA6010C0DA00FC41D3C0035FD64C
:10357000FD7BBEA9FD030091F35301A9740000B0C7
:10358000F30300AAE003012AE10302AA9F1207B98C
:10359000E20303AA4BF6FF97017C40931F0400311E
:1035A000A0000054F35341A9E00301AAFD7BC2A887
:1035B000C0035FD6801247B960FFFF34600200B9D4
:1035C000E00301AAF35341A9FD7BC2A8C0035FD663
:1035D000400000B0004C44F9C0035FD6000000007A
:1035E000FD7BBAA9FD030091F35301A9345C00915E
:1035F000F55B02A9F50300AA9FBA00F1A80C0054DC
:103600003F8000F188190054EA020094140480D22B
:10361000010A80D28000805256000090D6823B91F1
:10362000C102018B00080011214000D1330C40F988
:103630007F0201EBC11D0054D31240F946000090F7
:10364000C6C03B917F0206EB600F0054610640F953
:1036500021F47E92220014CB5F7C00F1AC27005451
:10366000C61A02A98217F8B6C50640F93FFC07F151
:10367000C81E005422FC43D3230080D24104001111
:10368000427C021321781F536220C29AA50002AA2D
:10369000C1CE218B22045FF8C50600F9620601A99C
:1036A000330800F9530C00F9017C0213240080D286
:1036B0008420C19A9F0005EBA80C00549F0005EAE6
:1036C000C100005400741E1284F87FD30010001152
:1036D0009F0005EAA0FFFF54E90180920704001152
:1036E000E803002AE7781F5327CD278BC702078BF3
:1036F000E50307AAA10C40F909000014220440F9CF
:10370000F30301AA210C40F942F47E92430014CB4A
:103710007F7C00F12C1E0054E31FF8B6BF0001EBC4
:10372000E1FEFF541FF900712D240054A5400091C3
:10373000080500111F0540F2E1FDFF5405000014CB
:10374000E1045FF8000400513F0007EB013400542E
:103750001F0440F261FFFF54C00640F90000248AB4
:10376000C00600F984F87FD3810400D13F0000EB4C
:10377000830000543600001484F87FD30811001130
:103780009F0000EAA0FFFF54E003082AD4FFFF17C0
:1037900094EE7C92E27B40B29F0202EB229054FABC
:1037A000A80C0054830200949FDE07F1891C00548A
:1037B00081FE49D3810C00B43F1000F1A8170054DA
:1037C00081FE46D320E4001125E0001104781F5348
:1037D000847C7D9356000090D6823B91C402048B7A
:1037E000844000D1930C40F99F0013EBE10000549A
:1037F00092FFFF17630E40F9C211F8B6F30303AA54
:103800009F0003EBA0F1FF54610640F921F47E9282
:10381000220014CB5F7C00F1EDFEFF54D31240F97F
:1038200046000090C6C03B91E003052A7F0206EBEC
:10383000E1F0FF54C50640F9017C0213240080D258
:103840008420C19A9F0005EBA9F3FF54D30A40F9E5
:10385000F76303A9770640F9F7F67E92E00214CBEE
:103860001F7C00F1E0C254FA420A0054610000B02B
:10387000FB7305A95C000090218443F9E30382D225
:10388000826B47F98102018B3800038B2180009104
:103890005F0400B118CF74921813819AE00315AA3F
:1038A000E10318AA7B02178BF96B04A9A9060094FF
:1038B000F90300AA1F0400B1A00600547F0300EB27
:1038C000280600547A0000B041D346B92100180BF5
:1038D00041D306B9E003012A811700547F2F40F23B
:1038E00041170054C20A40F9E002188B000040B2B0
:1038F000400400F91F2003D5600000B0217C4093F4
:10390000028043F93F0002EB49000054018003F9B3
:10391000600000B0D30A40F9027C43F93F0002EB9B
:1039200049000054017C03F9600640F900F47E92DE
:103930001A00001480018052130080D2A00200B946
:103940000C000014048080D200088052E5078052E9
:10395000A1FFFF176102018BE00315AA73420091DA
:10396000220440F9420040B2220400F915020094FA
:10397000F55B42A9E00313AAF35341A9FD7BC6A856
:10398000C0035FD67F0216EB80110054D30A40F9C2
:10399000600640F900F47E929F0200EB000014CB19
:1039A00004985FFAAD190054F96B44A9FB7345A95B
:1039B0006202148B940240B2740600F9010040B216
:1039C000C20A00F9410400F9E00315AA734200910C
:1039D000FC010094F55B42A9E00313AAF35341A94B
:1039E000F76343A9FD7BC6A8C0035FD6619240A9D7
:1039F000E00315AA630E40F921F47E926102018B67
:103A0000220440F9830C00F9420040B2640800F936
:103A1000220400F973420091EA010094F55B42A987
:103A2000E00313AAF35341A9FD7BC6A8C0035FD6E8
:103A3000640A40F96102018BE00315AA220440F9EF
:103A4000830C00F9F1FFFF1722FC49D33FFC27F15B
:103A5000890900545F5000F1E814005444700111CA
:103A6000436C011184781F53847C7D93C402048BC2
:103A700082045FF89F0002EBA1000054850000144F
:103A8000420840F99F0002EBA0000054430440F9B3
:103A900063F47E927F0001EB48FFFF54440C40F931
:103AA000621201A9930800F9530C00F9FFFEFF17F9
:103AB0003F5000F1290700543F5001F1C812005453
:103AC00081FE4CD320BC011125B8011104781F538D
:103AD000847C7D9340FFFF17640A40F9800240B266
:103AE000600600F97402148B650040B2E00315AA69
:103AF000810C00F9240800F9D45202A9859A00A982
:103B0000860E00F9636A22F873420091AD010094B9
:103B100098FFFF176202028BE00315AA640E41F8BA
:103B2000430440F9630040B2430400F9810C00F9FA
:103B3000240800F9A30100948EFFFF1780FE43D3F1
:103B40000104001121781F53217C7D93B3FEFF17E0
:103B50006302148B940240B2740600F9440040B230
:103B6000C30E02A9E00315AA649800A9660C00F927
:103B7000626A21F873420091920100947DFFFF1761
:103B800022FC46D344E4001143E0001184781F5323
:103B9000847C7D93B6FFFF1720700111256C011105
:103BA00004781F53847C7D930BFFFF1708050011D9
:103BB000A5800091DFFEFF177A0000B040D346B920
:103BC0000000180B40D306B9816B47F93F0400B1E0
:103BD000200B00543B031BCB00001B0B40D306B94A
:103BE0003C0F40F22006005439031CCB1B0282D24A
:103BF000394300917B031CCB3803188BE00315AAD3
:103C00007B0318CB7B2F4092E1031BAAD1050094C4
:103C10001F0400B1400B0054000019CBE2031B2A23
:103C200018001B8B40D346B9180340B2D90A00F9DB
:103C30004100000B41D306B9380700F97F0216EBAB
:103C4000C0E5FF54FF7E00F149040054620640F9CC
:103C500063000090E06200D16058C33D00EC7C92AC
:103C60006302008B42004092420000AA620600F903
:103C70006080803C1F7C00F109E4FF5461420091A8
:103C8000E00315AA9704009441D346B91BFFFF1720
:103C9000637C0213210080D22120C39AA50001AACF
:103CA000C50600F97FFFFF173B03188BE00315AA39
:103CB000FB031BCB7B2F4092E1031BAAA5050094BD
:103CC000020080521F0400B181FAFF54D6FFFF1793
:103CD000200080D2200700F9E00315AA130080D24B
:103CE00038010094F76343A9F96B44A9FB7345A914
:103CF00020FFFF175F5001F12802005422FC4CD333
:103D000044BC011143B8011184781F53847C7D9316
:103D100057FFFF173F5005F12802005481FE4FD393
:103D200020E0011125DC011104781F53847C7D9370
:103D3000A9FEFF17996B07F9AAFFFF175F5005F15E
:103D40008802005422FC4FD344E0011143DC0111EE
:103D500084781F53847C7D9345FFFF173F5015F1F6
:103D60008802005481FE52D320F4011125F0011184
:103D700004781F53847C7D9397FEFF179C4300D1EA
:103D80000200805218031C8B180319CBA6FFFF17E3
:103D90005F5015F16801005422FC52D344F4011124
:103DA00043F0011184781F53847C7D9330FFFF170B
:103DB00004FE80D2E00F8052C50F805286FEFF17AE
:103DC00004FE80D2C30F805229FFFF17C00640F9BE
:103DD00065FEFF170000000000000000000000006A
:103DE000400000B000406139C0035FD60000000011
:103DF000400000B000C01F91C0035FD6000000006B
:103E0000FD7BAFA9EB068012EA0F8012FD03009143
:103E1000EC430391E8430491490000B0E82303A96F
:103E2000E80300AAEC2300F9EB2B0929204D44F903
:103E3000E017803DE0C341ADE11B803DE21F803DC6
:103E4000E323803DE427803DE52B803DE62F803D48
:103E5000E733803DE18B0DA9E20308AAE3930EA9A5
:103E6000E3430091E59B0FA9E78700F9E0C300ADAC
:103E7000010840F9A7060094FD7BD1A8C0035FD6D6
:103E80005F2403D52400028B0500028B5F0002F142
:103E9000880700545F8000F1C80300545F4000F1C0
:103EA000C3000054261C40A98C347FA9061C00A91D
:103EB000AC343FA9C0035FD6C2001836260040F9D3
:103EC00087805FF8060000F9A7801FF8C0035FD65F
:103ED000C2001036260040B988C05FB8060000B99D
:103EE000A8C01FB8C0035FD6020100B44EFC41D386
:103EF000260040398AF05F3828686E38060000399D
:103F000008682E38AAF01F38C0035FD61F2003D5DB
:103F1000261C40A9282441A98A2C7EA98C347FA97B
:103F20005F0001F1E8000054061C00A9082401A963
:103F3000AA2C3EA9AC343FA9C0035FD61F2003D5ED
:103F40002E3C42A9304443A95F8001F1A9000054EE
:103F5000820C7CA981107DA9A20C3CA9A1103DA9CD
:103F6000061C00A9082401A90E3C02A9104403A9BB
:103F7000AA2C3EA9AC343FA9C0035FD61F2003D5AD
:103F80000E0001CB2EFCFFB4DF0102EBA3040054B2
:103F90002C3440A90E0C409203EC7C9221000ECBF5
:103FA00042000E8B261C41A90C3400A9282442A9EA
:103FB0002A2C43A92C34C4A9424002F169010054BF
:103FC000661C01A9261C41A9682402A9282442A92B
:103FD0006A2C03A92A2C43A96C3484A92C34C4A9C3
:103FE000420001F1E8FEFF548E3C7CA9661C01A949
:103FF000861C7DA9682402A988247EA96A2C03A9AD
:104000008A2C7FA96C3404A9AE3C3CA9A61C3DA90E
:10401000A8243EA9AA2C3FA9C0035FD61F2003D520
:104020008C347FA9AE0C409284000ECB42000ECBA4
:10403000861C7FA9AC343FA988247EA98A2C7DA93F
:104040008C34FCA9A5000ECB420002F1690100549A
:10405000A61C3FA9861C7FA9A8243EA988247EA966
:10406000AA2C3DA98A2C7DA9AC34BCA98C34FCA90E
:10407000420001F1E8FEFF54220C43A9A61C3FA90F
:10408000261C42A9A8243EA9282441A9AA2C3DA95E
:104090002A2C40A9AC343CA9020C03A9061C02A995
:1040A000082401A90A2C00A9C0035FD60000000063
:1040B000FD7BBAA9FD030091F35301A9F40300AA03
:1040C000F30301AAE00301AADEFCFF97822640F970
:1040D00004040091E6030191410000B0230080D266
:1040E00021C00A9145008052E61700F9E53300B976
:1040F000E4CF03A9E08704A9E32F00F9930A40F96C
:10410000820400B461B240B96022C0794100003736
:1041100080034836C000683761B240B900001332EE
:10412000602200792078121260B200B9E00314AA6C
:10413000E10313AAE2A300919A04009461B240B98A
:104140001F0000715401805294029F5A6100003791
:1041500060224079A0004836E003142AF35341A9B5
:10416000FD7BC6A8C0035FD6605240F9611300947E
:10417000E003142AF35341A9FD7BC6A8C0035FD610
:10418000605240F9571300946022C079E2FFFF1794
:10419000E00314AA53010094DBFFFF1700000000A6
:1041A00042000090E10300AA404C44F9C1FFFF1710
:1041B00060000090002025914A13001400000000C8
:1041C00060000090002025914A13001400000000B8
:1041D000FD7BBEA9FD030091F35301A9740000907B
:1041E000F30300AA9F1207B9E003012A75F3FF97B2
:1041F0001F04003180000054F35341A9FD7BC2A885
:10420000C0035FD6811247B981FFFF34610200B954
:10421000F35341A9FD7BC2A8C0035FD60000000094
:10422000FD7BBDA9FD0300912220C079F35301A9B4
:10423000F30301AAF55B02A9F60300AAE207183707
:104240004000153220200079210840B93F0000715C
:104250008D0B0054642640F9640600B4611A40F9DD
:10426000D40240B9DF0200B9620B6037020080D28D
:10427000E00316AA2300805280003FD6E20300AA82
:104280001F0400B1E00B0054611A40F9642640F9A4
:104290006022C079E0001036602E40F9630A80B9D0
:1042A000420003CB600000B4607280B9420000CBD2
:1042B000E00316AA0300805280003FD61F0400B11D
:1042C000E1080054C30240B96122C0797F740071D3
:1042D000A8060054220080D20208A4F24224C39A05
:1042E00022060036640E40F922781412640200F9A6
:1042F0007F0A00B96222007941006036E30700348A
:10430000612E40F9D40200B9E10000B460D20191FD
:104310003F0000EB60000054E00316AAF102009495
:104320007F2E00F900008052F35341A9F55B42A9AA
:10433000FD7BC3A8C0035FD6350C40F955FFFFB421
:10434000210040F9750200F900008052210015CBD0
:10435000F403012A5F0440F241000054602240B996
:10436000600E00B93F000071AC000054EEFFFF1773
:10437000B5C2208B9F0200716DFDFF54611A40F998
:10438000E303142A642240F9E20315AAE00316AA03
:1043900080003FD69402004B1F000071ACFEFF541A
:1043A0006122C07921001A3261220079F35341A9B8
:1043B00000008012F55B42A9FD7BC3A8C0035FD655
:1043C000617240B93F0000716CF4FF5400008052EC
:1043D000D6FFFF17624A40F9AFFFFF176122C0798D
:1043E000630E40F922781412630200F97F0A00B9C3
:1043F0006222007961F86736604A00F9C1FFFF1751
:10440000C00240B920F4FF341F7400710418567ABA
:1044100081FCFF5400008052D40200B9C3FFFF1793
:10442000FD7BBDA9FD030091F35301A9F30301AA8C
:10443000F40300AAF51300F9600000B4012440F968
:10444000810400B46022C0791500805280010034DC
:1044500061B240B941000037C0014836E10313AAF8
:10446000E00314AA6FFFFF97F503002A61B240B979
:104470006100003760224079E0014836F35341A9DA
:10448000E003152AF51340F9FD7BC3A8C0035FD6EE
:10449000605240F993120094E10313AAE00314AAB6
:1044A00060FFFF97F503002A61B240B981FE07372C
:1044B000F1FFFF17605240F98E120094F35341A9A7
:1044C000E003152AF51340F9FD7BC3A8C0035FD6AE
:1044D00084000094DCFFFF170000000000000000D3
:1044E000420000902100009042E0279121003C9181
:1044F0004000009000802291DE04001400000000C3
:10450000FD7BBEA96200009042601C91FD030091FA
:10451000010440F9F30B00F9F30300AA3F0002EB9A
:104520004000005477120094610A40F96000009046
:1045300000401F913F0000EB60000054E00313AA0D
:1045400070120094610E40F96000009000202291EA
:104550003F0000EBA0000054E00313AAF30B40F966
:10456000FD7BC2A867120014F30B40F9FD7BC2A8C3
:10457000C0035FD600000000000000000000000043
:10458000FD7BBCA96000009062000090FD030091DB
:10459000F35301A913601C91830080520100009025
:1045A0002180139141A004F9020180D201008052C0
:1045B000F55B02A9F4FFFFF0F71B00F994C210911C
:1045C0001F8C03F96000009000001F917F0600F926
:1045D000631200B9F6FFFFF07F0E00F9D6C20D910D
:1045E0007F2200B9F5FFFFF07F2A00B9B5820F9155
:1045F0007FB200B963000094F7FFFFF06000009005
:10460000F7820C9100E01E91735E03A9765604A90F
:10461000742A00F92B12009423018052020180D2E7
:104620002300A072010080526000009000E0219100
:104630007F5E00F97F6200F963CA00B97F6A00F902
:104640007FDA00B97FE200B97F6A01B94D000094BA
:104650006100009021401F916000009000C02191F6
:1046600061DE0EA976D60FA9748600F915120094A2
:1046700043028052020180D24300A07201008052A6
:104680006000009000C024917FBA00F97FBE00F95D
:10469000638201B97FC600F97F9201B97F9A01B99F
:1046A0007F2202B9370000946100009021202291FE
:1046B000615E1AA96000009000A0249176561BA9A3
:1046C00074E200F9F35341A9F55B42A9F71B40F9E5
:1046D000FD7BC4A8FB1100140000000000000000D6
:1046E000FD7BBEA9FD030091F35301A9F40300AAC9
:1046F0007300009073422591E00313AAF91100940E
:10470000802640F9E00000B56100009000000090B4
:1047100000001491802600F920A044F9A00000B404
:10472000E00313AAF35341A9FD7BC2A8F1110014C1
:1047300094FFFF97E00313AAF35341A9FD7BC2A89E
:10474000EC11001400000000000000000000000058
:104750006000009000402591E2110014000000006C
:104760006000009000402591E2110014000000005C
:104770000000000000000000000000000000000039
:104780005F2403D5200C014E0400028B5F8001F1F1
:10479000880300545F4000F1E2010054013C084EE0
:1047A00082001836010000F981801FF8C0035FD62F
:1047B00082001036010000B981C01FB8C0035FD667
:1047C000820000B4010000394200083681E01F7801
:1047D000C0035FD60000803DC200303780009F3CA0
:1047E000620028360004803D80009E3CC0035FD6F6
:1047F0000004803D000001AD80003FADC0035FD6E6
:10480000211C001203EC7C920000803D5F8002F1CD
:104810002028407A41020054E5003BD5A510409283
:10482000BF1000F1C10100546004803D600001AD83
:1048300063E47A92820003CB420002D11F2003D5A9
:104840006300019123740BD5420001F1A8FFFF54CE
:1048500080003EAD80003FADC0035FD6820003CB39
:10486000634000D1424001D1600001AD600082ADE3
:10487000420001F1A8FFFF5480003EAD80003FAD33
:10488000C0035FD600000000000000000000000030
:10489000FD7BBAA9FD030091F55B02A9F50302AA0D
:1048A000211000B4F35301A9F30301AAF60300AAEF
:1048B000F76303A9784200D1B45E0091F96B04A9B3
:1048C0003CFEFF97F90318AA000740F917F47E92FF
:1048D0009FBA00F108090054010080523F000071A6
:1048E000140480D2800255FA43090054FF0214EBED
:1048F0004A0A0054210000F0FB7305A93C803B915B
:104900000203178B830B40F9410440F97F0002EB4F
:10491000A00E005423F87F924300038B630440F9F8
:10492000630B003721F47E92E302018B9F0203EBBD
:104930008D070054800100377B025FF81B031BCBFF
:10494000600740F900F47E922100008B3A00178B3B
:104950009F021AEBED180054FA02008B9F021AEB2B
:104960006D140054E10315AAE00316AA1DFBFF977E
:10497000F50300AA201D00B4010740F9024000D150
:1049800021F87F920103018B3F0002EB401100549C
:10499000E22200D15F2001F1681600545F9C00F113
:1049A00048110054E10313AA220040F9020000F963
:1049B000220440F9020400F9210840F9010800F935
:1049C000E10313AAE00316AA46010094E00316AA25
:1049D000FCFDFF97F35341A9E00315AAF55B42A93B
:1049E000F76343A9F96B44A9FB7345A9FD7BC6A8EE
:1049F000C0035FD694EE7C92E17B40B29F0201EB54
:104A0000E1979F1A3F000071800255FA02F7FF54A8
:104A100080018052150080D2C00200B91500001438
:104A2000410041A9F70303AAFB7345A9200C00F933
:104A3000010800F91F2003D5210740F9E00214CB3B
:104A40002203178B210040921F7C00F14803005481
:104A5000E10201AA210700F9400440F9000040B238
:104A6000400400F9F50313AAE00316AAD5FDFF9749
:104A7000F35341A9E00315AAF55B42A9F76343A9E3
:104A8000F96B44A9FD7BC6A8C0035FD6C0F6073703
:104A90007B025FF81B031BCB600740F900F47E929A
:104AA000AEFFFF17F55B42A9E10302AAFD7BC6A892
:104AB000CCFAFF172403148B810201AA210700F905
:104AC000030040B281400091E00316AA830400F97C
:104AD000430440F9630040B2430400F9010100942B
:104AE000E1FFFF1721F47E92838200912200178B51
:104AF0005F0003EB4A0E005460F307377B025FF858
:104B00001B031BCB600740F900F47E922100008B51
:104B10003A00178B7F001AEB0CF2FF54F5031BAA27
:104B2000E22200D1600F40F9A10E41F8200C00F9FB
:104B3000010800F95F2001F168110054E00315AA93
:104B40005F9C00F129010054600240F9600B00F9FC
:104B5000600640F9600F00F95FDC00F1C8100054F6
:104B60007342009160830091610240F9010000F9F5
:104B7000610640F9010400F9610A40F9010800F9F1
:104B80006203148B410314CB820B00F9210040B265
:104B9000E00316AA410400F9610740F921004092A0
:104BA000210014AA610700F986FDFF97FB7345A950
:104BB000B0FFFF17200440F9FB7345A900F47E9273
:104BC000F702008B9DFFFF17600240F9A00200F979
:104BD000600640F9A00600F95FDC00F1E80500542A
:104BE00061420091A042009170FFFF17F5031BAADC
:104BF000E22200D1A10E41F8600F40F9200C00F92B
:104C0000010800F95F2001F108040054E00315AA2F
:104C10005F9C00F129010054600240F9600B00F92B
:104C2000600640F9600F00F95FDC00F148060054AF
:104C30007342009160830091610240F9010000F924
:104C4000610640F9010400F9610A40F9010800F920
:104C5000F9031BAAF30315AAFB7345A9F7031AAAC4
:104C600076FFFF17E10313AA86FCFF9755FFFF1796
:104C7000410041A9200C00F9F5031BAAE22200D152
:104C8000010800F9DCFFFF17E10313AAE00315AAEE
:104C90007CFCFF97EFFFFF17600A40F9A00A00F9BC
:104CA000600E40F9A00E00F95F2001F100040054ED
:104CB00061820091A08200913CFFFF170303148BD7
:104CC000410014CB830B00F9210040B2E00316AA87
:104CD000F50313AA610400F9010740F9210040928D
:104CE000210014AA010700F936FDFF97FB7345A9BF
:104CF00060FFFF17600A40F9601300F9600E40F989
:104D0000601700F95F2001F10002005473820091E6
:104D100060C30091C9FFFF17E00316AA150080D2F7
:104D200028FDFF97FB7345A952FFFF17601240F95A
:104D3000A01200F961C20091A0C20091621640F970
:104D4000A21600F919FFFF17601240F9601B00F965
:104D500073C200916003019161825FF8611F00F9E5
:104D6000B6FFFF17E10313AAE00315AA45FCFF975E
:104D700084FFFF17600A40F9601300F9600E40F9E4
:104D8000601700F95F2001F18000005473820091E8
:104D900060C3009175FFFF17601240F9601B00F9B6
:104DA00073C200916003019161825FF8611F00F995
:104DB0006EFFFF1700000000000000000000000070
:104DC000FD7BBCA9FD030091F55B02A9360000F054
:104DD000D6823B91F50300AAF35301A9F71B00F912
:104DE000F70301AAF3FCFF97C00A40F9140440F945
:104DF00094F67E92937E3F91730217CB73CE74929A
:104E0000730640D17FFE3FF10D010054010080D2B6
:104E1000E00315AA4F010094C10A40F92100148B48
:104E20001F0001EB20010054E00315AAE5FCFF97E9
:104E3000F35341A900008052F55B42A9F71B40F9EA
:104E4000FD7BC4A8C0035FD6E10313CBE00315AA22
:104E5000400100941F0400B1200200546200009041
:104E6000940213CBC30A40F9940240B241D046B930
:104E7000E00315AA2100134B740400F941D006B9D0
:104E8000D0FCFF97F35341A920008052F55B42A963
:104E9000F71B40F9FD7BC4A8C0035FD6010080D298
:104EA000E00315AA2B010094C20A40F9010002CBCD
:104EB0003F7C00F1ADFBFF54240000F0210040B224
:104EC000410400F963000090816847F9000001CBBC
:104ED00060D006B9D5FFFF170000000000000000F9
:104EE000210A00B4FD7BBEA9FD030091F35301A983
:104EF000F30301AAF40300AAAEFCFF9765825FF8F2
:104F0000634200D1200000F000803B91A2F87F9224
:104F10006400028B060840F9810440F921F47E9276
:104F2000DF0004EB000C0054810400F98600018BC3
:104F30004503003767025FF8250000F0C60440F91A
:104F4000630007CB4200078BA5C03B91C60040928F
:104F5000670840F9FF0005EB40090054680C40F970
:104F6000E80C00F9070900F9C60100B54200018B01
:104F7000810840F93F0005EBA00E0054850C40F974
:104F8000250C00F9440040B2A10800F9640400F9BE
:104F9000626822F806000014C50440F9A506003630
:104FA000410040B2610400F9820000F95FFC07F1A2
:104FB000C903005441FC49D35FFC27F1C8090054E0
:104FC00041FC46D324E4001125E0001184781F53EE
:104FD000847C7D930400048B81045FF89F0001EBC7
:104FE000A100005453000014210840F99F0001EB78
:104FF000A0000054200440F900F47E921F0002EB50
:1050000048FFFF54240C40F9611001A9E00314AAE1
:10501000830800F9230C00F9F35341A9FD7BC2A8D2
:1050200068FCFF17C0035FD644FC43D3220080D244
:1050300081040011050440F921781F53847C021378
:1050400001CC218B4220C49A420005AA020400F937
:1050500020045FF8600401A9230800F9030C00F99B
:10506000E00314AAF35341A9FD7BC2A855FCFF1726
:10507000250000D04200018BA5C03B91BDFFFF176A
:10508000860900B5850041A92100028BA00C00F91A
:10509000220040B2050800F9620400F9616821F8B5
:1050A000F0FFFF174100018BE500003762025FF857
:1050B000630002CB2100028B640841A9820C00F935
:1050C000440800F9220000D0240040B2640400F932
:1050D000426C47F9030800F95F0001EB28FCFF541C
:1050E000410000F0E00314AA218443F935FFFF9743
:1050F000DCFFFF173F5000F1290100543F5001F140
:105100002803005441FC4CD324BC011125B80111E3
:1051100084781F53847C7D93AFFFFF1724700111A7
:10512000256C011184781F53847C7D93AAFFFF179F
:10513000060440F9A57C0213220080D24220C59AC1
:10514000420006AA020400F9B0FFFF17030C02A9EF
:10515000410040B2619400A9650C00F9626822F830
:10516000C0FFFF173F5005F1E800005441FC4FD34A
:1051700024E0011125DC011184781F53847C7D9388
:1051800095FFFF173F5015F1E800005441FC52D342
:1051900024F4011125F0011184781F53847C7D9340
:1051A0008DFFFF1704FE80D2C50F80528AFFFF17C4
:1051B000400040B2600400F9820000F9A9FFFF1727
:1051C000230000AAE40300AA7F0840F2400847FA3F
:1051D000090100541100001425144038460400D180
:1051E00065140038C5000034E40303AAE20306AAEC
:1051F000E30304AA22FFFFB5C0035FD68400028B3D
:10520000C6FFFFB41F2003D57F1400387F0004EBD6
:10521000C1FFFF54C0035FD6E6DB07B2E6DF9FF2B3
:1052200006000014422000D1858400F8212000915E
:105230005F1C00F1E9FDFF54250040F9A300068B37
:105240006300258A7FC001F2E0FEFF54E9FFFF17EB
:10525000FD7BBEA9FD030091F35301A9540000F0AA
:10526000F30300AA9F1207B9E003012AE10302AA8F
:10527000E203032ADBEEFF971F0400B18000005415
:10528000F35341A9FD7BC2A8C0035FD6811247B981
:1052900081FFFF34610200B9F35341A9FD7BC2A82D
:1052A000C0035FD600000000000000000000000006
:1052B000FD7BBEA9FD030091F35301A9540000F04A
:1052C000F30300AAE003012AE10302AA9F1207B92F
:1052D000E20303AA8FEEFF97017C40931F04003185
:1052E000A0000054F35341A9E00301AAFD7BC2A82A
:1052F000C0035FD6801247B960FFFF34600200B977
:10530000E00301AAF35341A9FD7BC2A8C0035FD605
:10531000E30300AA410100B45FFC0371880000545C
:105320002000805222000039C0035FD64111805214
:1053300000008012610000B9C0035FD600008052F7
:10534000C0035FD600000000000000000000000065
:10535000FD7BBEA9FD030091F35301A9540000F0A9
:10536000F30300AA9F1207B9E00301AAA5B7FF97AC
:105370001F0400B180000054F35341A9FD7BC2A873
:10538000C0035FD6811247B981FFFF34610200B9C3
:10539000F35341A9FD7BC2A8C0035FD60000000003
:1053A000FD7BBAA9FD030091F55B02A9F50300AAF4
:1053B000400840F9C00A00B42520C079F35301A980
:1053C000F30301AAFB7305A9FB0302AA850A183699
:1053D000200C40F9400A00B4F76303A9740340F9B4
:1053E000E5030836611A40F9170080D2642240F9BB
:1053F000160080D2F85376B2DF0218EBE20317AA48
:10540000C392989AE00315AA560200B480003FD6D2
:105410001F0000716D210054610B40F9007C409326
:10542000F702008BD60200CB200000CB600B00F906
:10543000C02000B4DF0218EBE20317AA611A40F99A
:10544000C392989A642240F9E00315AA16FEFFB5AC
:10545000975A40A994420091E8FFFF17F96B04A9FD
:10546000650A003618008052000080521A0080D26F
:10547000190080D21F2003D5F90700B4600800345A
:10548000600240F9177F4093610E40F9FF0219EB6B
:10549000760E40B9F792999A632240B91F0001EB4A
:1054A0007600160BE482567AAC1900547F00176B15
:1054B000EC170054611A40F9E2031AAA642240F979
:1054C000E00315AA80003FD6F603002A1F000071F2
:1054D000CD0300541803166B20008052E0020054E4
:1054E000610B40F9D67E40935A03168B390316CBD5
:1054F000210016CB610B00F901FCFFB5F35341A964
:10550000F76343A9F96B44A9FB7345A900008052D6
:10551000F55B42A9FD7BC6A8C0035FD6E10313AAD1
:10552000E00315AAFF0E0094A00100356522C079A2
:10553000F76303A9AAFFFF17E10313AAE00315AA63
:10554000B8FBFF97E0FCFF34F96B44A96022C079F7
:10555000F76343A900001A3260220079F35341A98E
:1055600000008012F55B42A9FB7345A9FD7BC6A82C
:10557000C0035FD6990640F9E00314AA9442009153
:10558000B9FFFFB41A0040F9E20319AAE0031AAA0E
:1055900041018052AB0E0094180400911F0000F1ED
:1055A00018031ACB1817991AB6FFFF17640240F9AF
:1055B0001C0080D2610E40B91A0080D21F2003D592
:1055C000E00304AAF803012AFA0300B425044836CC
:1055D000377C4093FF021AEBC9080054417F409387
:1055E000F90301AAE00304AAF70301AAF8031A2A9F
:1055F000E1031CAAE20317AA22FAFF97640240F90A
:10560000610E40B98400178B640200F92100184B29
:10561000610E00B9600B40F99C03198B5A0319CB3A
:10562000000019CB600B00F9A0F6FFB4640240F94A
:10563000610E40B96522C079E00304AAF803012A8B
:105640007AFCFFB59C6A40A994420091DDFFFF17E8
:10565000600E40F91F0004EB43020054652240B97C
:105660005FC325EBE3010054E07B40B25F0300EB36
:105670004393809AE2031CAA611A40F9E00315AA39
:10568000630CC51A642240F9637C051B80003FD679
:105690001F000071ADF5FF54197C4093DEFFFF172A
:1056A000237C4093E00304AA7F001AEBE1031CAAC9
:1056B00078909A9A197F4093E20319AAF1F9FF971B
:1056C000640240F9610E40B98400198B640200F94C
:1056D0002100184B610E00B9E1F9FF35E10313AA6F
:1056E000E00315AA4FFBFF9760F9FF3497FFFF1700
:1056F000597F409301908052BF00016AA0F7FF5488
:10570000662240B9610E40F9C604060B990001CB30
:10571000C67C460B367F4093D77C0113C0060091B0
:1057200000001A8BE27E40935F0000EB8200005481
:1057300026070011D7001A0BE27E409385065036EB
:10574000E10302AAE00315AAA6F7FF97F80300AA4F
:10575000400800B4610E40F9E20316AAC9F9FF97A8
:1057600060224079019080120000010A0000193285
:10577000602200790003168BE402194B597F409395
:10578000600200F9640E00B9E10319AA780E00F96D
:10579000E40300AA772200B9F8031A2A3F031AEBA0
:1057A00008F2FF54F70319AA92FFFF17FC7E4093FB
:1057B000E1031AAAE2031CAAB2F9FF97600240F9BA
:1057C000F603172A610E40B900001C8B600200F935
:1057D0002100174B610E00B93FFFFF17D77E4093A2
:1057E000E1031AAAE20317AAA6F9FF97620240F999
:1057F000E10313AAE00315AA4200178B620200F925
:1058000008FBFF9780E6FF3450FFFF17E00315AA5F
:1058100020FCFF97F80300AAE0FAFFB5610E40F9FB
:10582000E00315AAAFFDFF976022C0798101805285
:10583000F96B44A900781812A10200B945FFFF17BF
:105840006022C07943FFFF17F35341A9F76343A9CF
:10585000FB7345A92EFFFF17F96B44A98101805204
:105860006022C079A10200B93AFFFF1700000000D2
:10587000FD7BBBA9FD030091F55B02A9F60302AA1B
:1058800015008052F76303A9F70300AAF80301AAE1
:10589000F35301A9F92300F9191780521F2003D5EA
:1058A000D40A40B9D30A40F99F0200710D02005496
:1058B000944EB99B1F2003D5632240797F04007169
:1058C000090100546326C079E10313AAE00317AA73
:1058D0007F0400316000005400033FD6B502002A67
:1058E00073E202917F0214EB81FEFF54D60240F96D
:1058F00096FDFFB5F35341A9E003152AF55B42A9D4
:10590000F76343A9F92340F9FD7BC5A8C0035FD61F
:10591000FF430AD1FD7B00A9FD030091F55B02A9BD
:10592000F50301AA610040F9E13F00F9610440F983
:10593000E15300F9610840F9E18700F9611840B9C5
:10594000E19300B9611C40B9F35301A9F40303AA20
:10595000F30300AAF76303A9F70302AAE1F700B96A
:1059600024F9FF97000040F9E05B00F9B5F6FF97D6
:10597000E05700F9020180D2E0E305910100805276
:1059800080FBFF97730000B4602640F940CB00B461
:10599000A1B240B9A022C07941000037E0A2483648
:1059A000C0006837A1B240B900001332A0220079CC
:1059B00021781212A1B200B9E0051836A10E40F903
:1059C000A10500B4410380520100010A3F28007183
:1059D00040060054F6430891E827066D08E4002FBE
:1059E000340000F0EA0317AA94C21B91FB7305A9C7
:1059F000FC0316AA400000D000D03991F96B04A92D
:105A0000FF7700B9E04300F9FF9700B9FF7F0EA9C7
:105A1000FFF300B9FFFF0FA9F6CB00F9FF9B01B917
:105A2000FFD300F9F7030AAAF8030AAA1F2003D537
:105A3000997640F9EBF8FF97E4E30591037C4093F6
:105A4000E20317AAE1B30591E00313AA20033FD6AE
:105A50001F000071800500348B040054E16F41B9D0
:105A60003F940071A0390054007C4093F702008BF2
:105A7000F0FFFF17E10315AAE00313AAA90D009494
:105A8000E04E0135A022C079410380520100010A95
:105A90003F28007101FAFF54A126C079C1F9FF37F0
:105AA000A1B240B941000037C0184936800640AD68
:105AB000E20317AAE10315AAE3C30491E00313AAC2
:105AC000E08709AD4F0C0094E07700B9FD7B40A959
:105AD000F35341A9F55B42A9F76343A9E07740B9C5
:105AE000FF430A91C0035FD6E0E30591020180D233
:105AF0000100805223FBFF97200080D2F702008B29
:105B0000CCFFFF17FA03002AE00218CBEA0318AA19
:105B1000FB03002AA0E30034E2D340F9617F409305
:105B2000E09B41B94200018B8A0700A900040011E3
:105B3000E09B01B99C430091E2D300F91F1C007166
:105B40002C450054E07740B900001B0BE07700B90A
:105B5000DAE10034EA060091E806403907008012D5
:105B60000B00805209008052F8030B2AF703092A20
:105B7000F903072AFA030AAAFF7F05395A07009199
:105B8000008100511F680171C8000054E14340F9D1
:105B9000205860786100001020A8208B00001FD6DC
:105BA000E903172AEB03182AEA031AAAE8DE0034ED
:105BB0003A008052FBA30691F7031A2A0100805293
:105BC000190080D20700805218008052FF8B00B964
:105BD000FF9B00B9FF7F0539E8A306391F2003D5D5
:105BE00032011F72420B0011E0D340F95A109A1A89
:105BF0008E1080522E010E6A8100005464011A4BEF
:105C00009F0000716C1A0054A1010034E19B41B95E
:105C1000E27F059100040091820300F92104001144
:105C2000220080D2820700F99C430091E19B01B9D8
:105C3000E0D300F93F1C00714C3E0054B201003427
:105C4000E19B41B9E283059100080091820300F9CC
:105C500021040011420080D2820700F99C43009188
:105C6000E19B01B9E0D300F93F1C00710C730054B3
:105C7000DF010271E0290054E700174BFF000071BB
:105C80000C050054290E4037E19B41B9EC7E40934E
:105C900000000C8B9B3300A921040011E19B01B98A
:105CA000E0D300F93F1C00714C2200549C4300914A
:105CB0008900103677011A4BFF0200710C730054F3
:105CC000E17740B97F011A6B63A19A1A2100030B97
:105CD000E17700B9002300B5FF9B01B9D90000B4FA
:105CE000E10319AAE00313AAEA4700F97DFCFF9734
:105CF000EA4740F9FC0316AA4BFFFF1700C1005109
:105D000018008052481740380B0B180B18040B0B67
:105D100000C100511F24007169FFFF5499FFFF1754
:105D2000440000D0E19B41B984C03C91FF40007128
:105D30008D050054E2031CAA0D0280D2FC030AAABE
:105D4000E9BB00B9E8C300B9EBCB00B9F7D300B9A0
:105D5000F703072AF8DB00B9F80304AA04000014CB
:105D6000F7420051FF420071AD0200540040009123
:105D700021040011583400A942400091E19B01B96F
:105D8000E0D300F93F1C0071CDFEFF54E2430691C1
:105D9000E10315AAE00313AA0A0C0094A01D003524
:105DA000F7420051E19B41B9E0D340F9E20316AA62
:105DB0000D0280D2FF420071ACFDFF54E703172AA9
:105DC000E40318AAE9BB40B9EA031CAAE8C340B936
:105DD000FC0302AAEBCB40B9F7D340B9F8DB40B9DA
:105DE000E77C4093210400110000078B841F00A969
:105DF0009C430091E19B01B9E0D300F93F1C007185
:105E00002DF4FF54E2430691E10315AAE00313AA1F
:105E1000E9BB00B9E8C300B9EBCB00B9EA6B00F904
:105E2000E80B009460190035E9BB40B9FC0316AAE1
:105E3000EA6B40F9E0D340F9E8C340B9EBCB40B995
:105E400049F247361F2003D51F9501712D250054B7
:105E50000821601E01100054E19B41B9000400912B
:105E600042000090240080D2428018912104001149
:105E7000821300A99C430091E19B01B9E0D300F992
:105E80003F1C00718CB00054E29740B9E16B41B9FE
:105E90003F00026BAA7B0054E28F4AA9830B00A942
:105EA000E19B41B99C43009121040011E19B01B9A0
:105EB0000000028BE0D300F93F1C0071EC88005415
:105EC000E19740B937040051FF0200712DEFFF54F4
:105ED000440000D0E19B41B984C03C91FF42007175
:105EE0004DBC0054E2031CAAF80304AAFC030AAA4E
:105EF0001B0280D2E98B00B9EB9B00B904000014AF
:105F0000F7420051FF4200716DBA00540040009109
:105F100021040011586C00A942400091E19B01B995
:105F2000E0D300F93F1C0071CDFEFF54E24306911F
:105F3000E10315AAE00313AAA20B0094A0100035F8
:105F4000E0D340F9E20316AAE19B41B9EDFFFF1748
:105F50004D0000D0E19B41B9AD013D919F400071E2
:105F60004D060054E2031CAA0F0280D2FC030AAAC9
:105F7000F2BB00B9EEC300B9E9CB00B9E8D300B970
:105F8000EBDB00B9E71301B9F71B01B9F703042AEA
:105F9000F82301B9F8030DAA04000014F7420051D8
:105FA000FF420071AD020054004000912104001135
:105FB000583C00A942400091E19B01B9E0D300F9AF
:105FC0003F1C0071CDFEFF54E2430691E10315AA88
:105FD000E00313AA7B0B0094C00B0035F74200517D
:105FE000E19B41B9E0D340F9E20316AA0F0280D247
:105FF000FF420071ACFDFF54E403172AED0318AA19
:10600000F2BB40B9EA031CAAEEC340B9FC0302AAE2
:10601000E9CB40B9E8D340B9EBDB40B9E71341B96C
:10602000F71B41B9F82341B9847C40932104001146
:106030000000048B8D1300A9E19B01B9E0D300F9A6
:106040003F1C0071AC920054E17F45399C430091A4
:10605000EEFEFF17E26B41B95F0000714C5E005429
:10606000E19B41B900040091240000F0270080D298
:106070008480189121040011841F00A99C43009181
:10608000E19B01B9E0D300F93F1C0071CC0701543A
:10609000E19740B92100022A61D70034E3934AA96D
:1060A000840F00A9E19B41B98643009121040011AE
:1060B000E19B01B96000008BE0D300F93F1C007147
:1060C0008CD70054421EF937E29780B921040011A1
:1060D000DB0800A9DC4000914000008BE19B01B986
:1060E000E0D300F93F1C00714DDEFF541F2003D5A3
:1060F000E2430691E10315AAE00313AAE98B00B974
:10610000EB9B00B9EA5F00F92E0B009420020035EA
:10611000EA5F40F9FC0316AAE0D340F9E98B40B9E5
:10612000EB9B40B9E3FEFF1748034039F7021C32EE
:1061300093FEFF17E2430691E10315AAE00313AAB9
:10614000EA4700F91F0B0094EA4740F960DCFF348E
:10615000E10319AA610000B4E00313AA61FBFF97F1
:10616000A022C079A1B240B981170036F96B44A9C9
:10617000FB7345A9E827466DE0173137FD7B40A941
:10618000F35341A9F55B42A9F76343A9E07740B90E
:10619000FF430A91C0035FD6FA03002AE00218CB3E
:1061A000EA0318AAFB03002A60CDFF345BFEFF1749
:1061B0006D011A4BBF0100710DD6FF54440000B0B1
:1061C000E19B41B984C03C91BF410071CD050054B1
:1061D000E2031CAA0E0280D2FC030AAAE9BB00B9A2
:1061E000E8C300B9EBCB00B9E7D300B9F7DB00B9DE
:1061F000F7030D2AF81301B9F80304AA04000014E8
:10620000F7420051FF420071AD020054004000917E
:1062100021040011583800A942400091E19B01B9C6
:10622000E0D300F93F1C0071CDFEFF54E24306911C
:10623000E10315AAE00313AAE20A0094A0F8FF35CF
:10624000F7420051E19B41B9E0D340F9E20316AABD
:106250000E0280D2FF420071ACFDFF54ED03172AFD
:10626000E40318AAE9BB40B9EA031CAAE8C340B991
:10627000FC0302AAEBCB40B9E7D340B9F7DB40B946
:10628000F81341B9AD7D40932104001100000D8B3E
:10629000843700A99C430091E19B01B9E0D300F948
:1062A0003F1C0071ADCEFF54E2430691E10315AAF5
:1062B000E00313AAE9BB00B9E8C300B9EBCB00B90E
:1062C000E7D300B9EA6F00F9BE0A009420F4FF3565
:1062D000EA6F40F9FC0316AAE0D340F9E9BB40B9E4
:1062E000E8C340B9EBCB40B9E7D340B963FEFF1731
:1062F000E19B41B900040091E39740B982430091CA
:10630000210400117F0400718D110054240080D2FB
:106310009B1300A9E19B01B9E0D300F93F1C007178
:106320008C520054E3934AA921040011440C00A9A3
:1063300042400091E19B01B90000038BE0D300F9DA
:106340003F1C00714C5300540821601EE39740B974
:1063500077040051E0110054F77E409321040011AE
:106360000000178BE19B01B9E0D300F965070091AC
:10637000450000F9570400F93F1C00710C610054FE
:1063800042400091E4F380B921040011E5C3059176
:10639000451000A98000008BE19B01B95C40009191
:1063A000E0D300F93F1C00714DC8FF54E243069151
:1063B000E10315AAE00313AAE98B00B9EB9B00B92E
:1063C000EA5F00F97F0A009440ECFF35EA5F40F98C
:1063D000FC0316AAE0D340F9E98B40B9EB9B40B926
:1063E00034FEFF17E2430691E10315AAE00313AA66
:1063F000740A009460EBFF35FC0316AAD2FDFF1768
:10640000E2430691E10315AAE00313AAF2BB00B927
:10641000EEC300B9E9CB00B9E8D300B9EBDB00B9B2
:10642000E71301B9EA8F00F9660A009420E9FF3505
:10643000EA8F40F9FC0316AAE0D340F9F2BB40B959
:10644000EEC340B9E9CB40B9E8D340B9EBDB40B982
:10645000E71341B9FAFDFF17A0E84F37A05240F902
:10646000A40A0094A022C07941FFFF17E0F740B9C9
:10647000E903172AEB03182AE703192AEA031AAAE1
:10648000894C183600D2F837E03F40F9003C0091C3
:1064900000EC7C9201400091E13F00F90000C03D1A
:1064A000E98B00B9E89B00B9EBBB00B9E7C300B9C1
:1064B000EA6700F91B150094EA6740F90840601E7E
:1064C000E98B40B9E89B40B9EBBB40B9E7C340B9A1
:1064D00000C1601E0002F0920100679E0020611E54
:1064E0000D7100541821601E64CE0054E17F4539BF
:1064F000200000F0250000F01F1D01710020179101
:10650000A5401791FF8B00B97A008052FF9B00B91C
:1065100029791812BBC0809AF7031A2A190080D271
:106520000700805218008052C1B5FF341F2003D5E8
:106530005A070011ABFDFF17A9EE0737240080D2E0
:106540009B1300A9E19B01B9E0D300F93F1C007146
:10655000ADF1FF54E2430691E10315AAE00313AA4B
:10656000E98B00B9EB9B00B9EA5F00F9150A0094CA
:1065700000DFFF35EA5F40F9E20316AAE0D340F9F5
:10658000E98B40B9EB9B40B9E19B41B97EFFFF1716
:10659000E39740B97F0400716DEFFF54440000B0F1
:1065A00084C03C917F4400718D4E0054FC030B2A43
:1065B000F80304AA1B0280D2E98B00B9EA4F00F964
:1065C00004000014F7420051FF420071ED4C0054EA
:1065D0000040009121040011586C00A94240009134
:1065E000E19B01B9E0D300F93F1C0071CDFEFF54DF
:1065F000E2430691E10315AAE00313AAF10900940E
:1066000080DAFF35E0D340F9E20316AAE19B41B9F5
:10661000EDFFFF17E903172AEB03182AEA031AAA6A
:106620001F0D0171E0540054C9542037E09340B964
:10663000E0E1F837E03F40F9012C009121F07D9234
:10664000E13F00F9000040B93A008052F8A30691FA
:10665000F7031A2AE0A30639FB0318AA01008052A7
:10666000190080D20700805218008052FF8B00B9B9
:10667000FF9B00B9FF7F05395AFDFF17E09340B932
:10668000E903172AEB03182AE703192AEA031AAACF
:106690006044F837E03F40F9013C009121F07D92E1
:1066A000E13F00F91B0040F9FF7F05391B8400B46E
:1066B0001F4D0171C070005438011C1289702037C1
:1066C00047B2F837E27C4093E0031BAA01008052F6
:1066D000E78B00B9E99B00B9EBBB00B9EA6300F9AD
:1066E000580A0094EA6340F9F90300AAE78B40B91D
:1066F000E99B40B9EBBB40B9401001B4E17F45399B
:1067000003001BCBFF8B00B97F000071FF9B00B91A
:10671000F703032A7AA09F1A07008052190080D23B
:10672000680E8052E1A5FF3482FFFF17F803184B73
:10673000E03F00F948034039F7021E3210FDFF1711
:10674000E1031AAA281440381FA90071C01C015483
:1067500000C10051FA0301AA0700805219008052BB
:106760001F240071E8A0FF5428144038E708070BE5
:106770000704070B00C100511F24007169FFFF547B
:10678000FF000071FA0301AAF9A09F5AFDFCFF1750
:106790006005805248034039E07F0539F8FCFF1757
:1067A000E09340B9003DF837E03F40F9002C0091FC
:1067B00000F07D92E13F40F9380040B998FBFF3787
:1067C00048034039E03F00F9EDFCFF17E00313AA4E
:1067D00088F5FF97000440F9E07700F919F3FF9777
:1067E000E10300AAFB0301AAE00313AAE18300F975
:1067F00080F5FF97000840F9E07F00F97F0300F182
:10680000041840FA2034005401004039E0021632E6
:10681000480340393F0000711710971AD8FCFF1742
:1068200048034039F7020032D5FCFF17E07F4539B5
:1068300048034039409AFF3500048052E07F053913
:10684000CFFCFF17EB03182AE703192AEA031AAA59
:10685000E9021C32E09340B9490028372933203639
:10686000404FF837E03F40F9013C009121F07D9224
:10687000E13F00F9000040F93A7915120100805219
:1068800002008052E27F0539270EF8371F0000F121
:10689000497B1812E008407A810D0054810C0035C4
:1068A00057030012BA1B0036FB2F089100068052D6
:1068B00007008052E02F0839E17F4539FF00176B50
:1068C000FF8B00B9FAA0971AFF9B00B9190080D27C
:1068D000180080526198FF3416FFFF1748034039B3
:1068E000F7021D32A6FCFF17EA031AAAEB03182AC7
:1068F000E703192AFA021C32E09340B95A002837FC
:106900007A292036E048F837E03F40F9013C009111
:1069100021F07D92E13F00F9000040F92100805212
:10692000D8FFFF17480340391FB1017120370054C9
:10693000F7021C3292FCFF17480340391FA1017176
:1069400000370054F7021A328DFCFF174803403914
:10695000F7021B328AFCFF17E09340B9E903172ABC
:10696000EB03182AE703192AEA031AAA402CF8377E
:10697000E03F40F9013C009121F07D92E13F00F9B8
:10698000000040F902068F52230000F03A011F3246
:1069900063A0179141008052080F8052E37300F901
:1069A000E2C30279B7FFFF17E09340B9E903172A62
:1069B000EA031AAAE9262836406DF837E03F40F985
:1069C000013C009121F07D92E13F00F9000040F987
:1069D000E17780B9010000F913FCFF17EB03182AD7
:1069E000E703192AEA031AAAE9021C32E09340B924
:1069F00049002837E9222036C043F837E03F40F904
:106A0000013C009121F07D92E13F00F9010040F945
:106A1000E00301AA0123F8B7E70EF8371F0000F1E1
:106A200029791812E008407A610E0054FB3308916E
:106A30000700805217008052A0FFFF17480340391B
:106A4000F70219324EFCFF17FA03092A3F040071BE
:106A5000400D0054F7330891FB0317AA3F0800715B
:106A600041010054E27340F9010C409200FC44D310
:106A70004168613861FF1F3880FFFFB5F7021B4B8B
:106A8000E9031A2A8DFFFF1701080012E2031BAA6F
:106A900021C0001161FF1F3800FC43D360FFFFB528
:106AA0003FC00071E0079F1A5F03006A80FEFF5439
:106AB000420800D100068052E9031A2AF702024B6D
:106AC00060F31F38FB0302AA7CFFFF17E243069125
:106AD000E10315AAE00313AAEEBB00B9E9C300B9AC
:106AE000E8CB00B9EBD300B9E7DB00B9EA8B00F9DA
:106AF000B4080094E0B2FF35EA8B40F9FC0316AA13
:106B0000E0D340F9EEBB40B9E9C340B9E8CB40B9A6
:106B1000EBD340B9E7DB40B956FCFF174D0000B09E
:106B2000E19B41B9AD013D91FF420071ED0300547D
:106B3000F8030DAA1B0280D2EB8B00B9EA4F00F9D3
:106B400004000014F7420051FF4200718D0200540E
:106B50000040009121040011986F00A99C4300910E
:106B6000E19B01B9E0D300F93F1C0071CDFEFF5459
:106B7000E2430691E10315AAE00313AA91080094E9
:106B800080AEFF35F7420051E19B41B9E0D340F9B7
:106B9000FC0316AAFF420071CCFDFF54EA4F40F9F6
:106BA000ED0318AAEB8B40B9F77E40932104001146
:106BB0000000178B8D5F00A9E19B01B9E0D300F9BC
:106BC0003F1C0071ED87FF54E2430691E10315AAD3
:106BD000E00313AAEB8B00B9EA4F00F9790800949F
:106BE00080ABFF35EA4F40F9E0D340F9EB8B40B979
:106BF00034FCFF17FA03092A1F2400F1A85400549B
:106C000000C00011E9031A2AFB2F089137008052B7
:106C1000E02F083929FFFF17FB3308910700805246
:106C200026FFFF17E19740B91F03016B17D3811AA5
:106C30002C7C4093FF0200716D010054E19B41B92F
:106C4000E27E40930000028B9B0B00A921040011FF
:106C5000E19B01B99C430091E0D300F93F1C007116
:106C6000CCB30054FF020071E4A29F1A1703044B37
:106C7000FF0200714C59005468C3388B0995503796
:106C8000E19740B9F76B41B9FF02016B6B260054E5
:106C900049260037E19740B97B030C8B7B0308CB77
:106CA0003700174BFF021B6BFBB29B1A7F0300716F
:106CB0006D010054E19B41B9627F40930000028B5B
:106CC000880B00A921040011E19B01B99C430091AC
:106CD000E0D300F93F1C0071ECB600547F03007153
:106CE0007BA39F1AF7021B4BFF0200712D7EFF54FE
:106CF000440000B0E19B41B984C03C91FF42007167
:106D00004D4B0054E2031CAAF80304AAFC030AAA90
:106D10001B0280D2E98B00B9EB9B00B90400001480
:106D2000F7420051FF4200716D490054004000914C
:106D300021040011586C00A942400091E19B01B967
:106D4000E0D300F93F1C0071CDFEFF54E2430691F1
:106D5000E10315AAE00313AA1A080094A09FFF35C7
:106D6000E0D340F9E20316AAE19B41B9EDFFFF171A
:106D7000E2430691E10315AAE00313AAE98B00B9E7
:106D8000EB9B00B9EA5F00F90E080094209EFF35E6
:106D9000EA5F40F9E20316AAE0D340F9E98B40B973
:106DA000EB9B40B9E19B41B95FFDFF17E2430691C0
:106DB000E10315AAE00313AAE98B00B9EB9B00B924
:106DC000EA5F00F9FF070094409CFF350821601E30
:106DD000E39740B9EA5F40F9E20316AAE0D340F92D
:106DE00077040051E98B40B9EB9B40B9E19B41B975
:106DF00000BDFF5459FDFF17A05240F93908009417
:106E0000A022C079E7FAFF174975073623FCFF1760
:106E10000087F837E03F40F9013C0091080040FD51
:106E200021F07D92E13F00F9AAFDFF17FA4F3036BD
:106E30002079F837E03F40F9012C009121F07D9254
:106E4000E13F00F900004079210080528DFEFF17DC
:106E5000095530366072F837E03F40F9012C009157
:106E600021F07D92E13F00F900008079E10300AA62
:106E700041DDFFB6E00300CBFA03092AA2058052E8
:106E80002100805280FEFF17480340393CFBFF176A
:106E900049D92737896B3037A9BB4836E0D6F83750
:106EA000E03F40F9013C009121F07D92E13F00F983
:106EB000000040F9E1D3413901000039DAFAFF1747
:106EC000694C3036C070F837E03F40F9012C009132
:106ED00021F07D9200004079E13F00F967FEFF1745
:106EE000E903172AEB03182AE703192AEA031AAA67
:106EF000BFFEFF17E09340B9012000113F00007171
:106F00002D9E0054E03F40F9E19300B9023C00910E
:106F100041F07D92E13F00F99AFEFF17E09340B9FE
:106F2000012000113F0000714D9C0054E03F40F9EA
:106F3000E19300B9023C009141F07D92E13F00F9FC
:106F4000D9FDFF17E09340B9012000113F00007107
:106F50002D9A0054E03F40F9E19300B9002C0091D4
:106F600000F07D9214FEFF17EA4F40F9EB031C2A54
:106F7000E98B40B9E40318AAF77E4093210400117D
:106F80000000178BE19B01B9E0D300F9440000F940
:106F9000570400F93F1C00714D9FFF54E2430691D6
:106FA000E10315AAE00313AAE98B00B9EB9B00B932
:106FB000EA5F00F983070094C08CFF35EA5F40F96F
:106FC000E20316AAE0D340F9E98B40B9EB9B40B944
:106FD000E19B41B9ECFCFF17E2430691E10315AADE
:106FE000E00313AAE98B00B9EB9B00B9EA5F00F953
:106FF00074070094E08AFF35EA5F40F9FC0316AAA3
:10700000E0D340F9E98B40B9EB9B40B9ADFBFF17EA
:1070100048074039F7021B325A070091D8FAFF1788
:1070200048074039F70217325A070091D4FAFF1780
:10703000EA031AAAEB03182AE703192AFA03172A04
:107040002EFEFF17E903172AEB03182AE703192A74
:10705000EA031AAA200000D000001891E07300F99A
:10706000E09340B9090B2837E90A20374941303607
:107070006068F837E03F40F9012C009121F07D92E3
:1070800000004079E13F00F955000014200000D0D5
:10709000E903172A00A01791EB03182AE703192A1E
:1070A000EA031AAAE07300F9EEFFFF17E903172AB3
:1070B000EB03182AE703192AEA031AAAE6FDFF17C9
:1070C000E0230691020180D201008052E98B00B9D1
:1070D000E89B00B9EBBB00B9EA6300F9A9F5FF979B
:1070E000E09340B9EA6340F9E98B40B9E89B40B9C5
:1070F000EBBB40B9A03EF837E03F40F9012C0091CE
:1071000021F07D92E13F00F9020040B9F8A3069119
:10711000E3230691E10318AAE00313AAE98B00B95F
:10712000E89B00B9EBBB00B9EA6300F941070094A2
:10713000EA6340F9F703002AE98B40B91F040031E4
:10714000E89B40B9EBBB40B9A0C900541F000071D7
:107150001AA09F1A41FDFF17E28F4AA9830B00A9CD
:10716000E19B41B99C43009121040011E19B01B9CD
:107170000000028BE0D300F93F1C0071CDD8FF5412
:10718000E2430691E10315AAE00313AAEC4700F9D4
:10719000E99B00B9EBBB00B9E82B0CA909070094E7
:1071A000807DFF35EC4740F9FC0316AAE82B4CA97B
:1071B000E0D340F9E99B40B9EBBB40B9F76B41B96B
:1071C000B5FEFF17A001F837E03F40F9013C009100
:1071D00021F07D92E13F00F9000040F91F0000F12D
:1071E000E1079F1A3F01016AC11400543A79151250
:1071F00041008052A3FDFF17E09340B90120001128
:107200003F0000718D380054E03F40F9E19300B930
:10721000023C009141F07D92E13F00F9EFFFFF1742
:10722000E09340B9012000113F000071AD320054DD
:10723000E03F40F9E19300B9023C009141F07D92BA
:10724000E13F00F9B5FDFF17E09340B901200011BF
:107250003F0000710D330054E03F40F9E19300B965
:10726000023C009141F07D92E13F00F982FDFF1761
:10727000E09340B9012000113F0000718D2F0054B0
:10728000E03F40F9E19300B9023C009141F07D926A
:10729000E13F00F9DEFDFF17E2430691E10315AA85
:1072A000E00313AAF2BB00B9EEC300B9E9CB00B901
:1072B000E8D300B9EBDB00B9E71301B9EA8F00F9B5
:1072C000C00600946074FF35EA8F40F9FC0316AAEB
:1072D000E0D340F9E17F4539F2BB40B9EEC340B994
:1072E000E9CB40B9E8D340B9EBDB40B9E71341B98A
:1072F00046FAFF17E00313AAFAF4FF97A5F9FF1760
:107300000021681EE69C005417791A12FF060171CD
:10731000C1300054010F80521F850171000B805253
:107320000010811A01068052E1830539E087053992
:10733000FBA30691190080D2FF8C0171EC5400541C
:107340000001669E00FC60D32054F8360041611EA7
:10735000A0058052E0BB00B9E0A30591E98B00B91C
:10736000E8AF1229EA6300F9E7F300B901100094CD
:107370000110681EE98B40B9EA6340F90108611EFB
:10738000E8AF5229E7F340B92820601E610000549D
:1073900020008052E06B01B9E303072A1F850171C9
:1073A00063040091200000D0220000D000A01791BB
:1073B000420018916303038B4210809A0210661EEC
:1073C000E0031BAA030000142820601E209900542B
:1073D0002108621EEC0300AA2100781E2000621E14
:1073E00044C86138041400382138601E7F0000EB67
:1073F000C1FEFF5400106C1E3020601E8C00005433
:107400002020601EA102005481020036ECC700F962
:10741000E10300AA443C403903F05F387F00046B6D
:10742000210100540706805227F01F38E1C740F9B8
:10743000230400D1E3C700F923F05F389F00036BFA
:1074400040FFFF5464040011841C00127FE40071AB
:10745000804E005424F01F38F86B41B900001B4BDC
:10746000013D001129011F32211C0012220080520F
:10747000E09700B900070051E06B01B96701001403
:107480000106805229011F32E1830539E887053959
:1074900057FFFF17E2430691E10315AAE00313AA81
:1074A000E98B00B9EB9B00B9EA5F00F9450600944F
:1074B0000065FF35EA5F40F9FC0316AAE0D340F906
:1074C000E98B40B9EB9B40B970FAFF17E0030691D6
:1074D000020180D201008052E98B00B9E89B00B91B
:1074E000EBBB00B9E7C300B9EA6700F9FBC700F9D5
:1074F000A4F4FF97E7C340B9EA6740F9E98B40B9C4
:10750000E89B40B9EBBB40B9074BF837180080D275
:1075100017008052FA03082AF903072AF54700F9F1
:10752000F503172AF70318AAF8030AAAE99B00B97A
:10753000EBBB00B90D000014E3030691E1A3069133
:10754000E00313AA3B0600941F0400312085005479
:10755000A002000B1F00196BEC000054F712009101
:1075600020930054F503002AE0C740F9026877B879
:1075700042FEFF35F703152AE99B40B9F54740F96C
:10758000E8031A2AEBBB40B9EA0318AAF7630034F0
:10759000FF8E01716D770054E1060011E00313AA1C
:1075A000E98B00B9217C4093E89B00B9EBBB00B9A3
:1075B000EA6300F90BF0FF97EA6340F9FB0300AAC6
:1075C000E98B40B9E89B40B9EBBB40B900B000B4CF
:1075D000F90300AA020180D201008052E003069163
:1075E000E98B00B9E89B00B9EBBB00B9EA6300F98D
:1075F00064F4FF97E07E4093E4030691F80300AA49
:10760000E30300AAE2230691E1031BAAE00313AA05
:10761000800A0094EA6340F91F0300EBE98B40B94C
:10762000E89B40B9EBBB40B981AC00547FCB373805
:10763000FF020071FF8B00B9FAA29F1AE17F453962
:1076400007008052FF9B00B918008052A12CFF3424
:10765000B8FBFF17E98B40B9EA031CAAEB9B40B9C2
:10766000FC0302AAE40318AAF77E40932104001148
:107670000000178BE19B01B9E0D300F9845F00A9FA
:107680003F1C00716C53FF549C43009189F9FF1714
:10769000F733089143031612F8E702B2E20317AA80
:1076A000E40317AA05008052F70313AAB89999F2C8
:1076B000F303032AE30315AAF57F40F9070000143A
:1076C000197CD89B39FF43D31F2400F14902005491
:1076D000E00319AAE2031BAA197CD89BA504001198
:1076E0005B0400D139FF43D3210B198B010401CB7B
:1076F00021C0001141F01F3853FEFF34A102403970
:107700003FFC03712010457AC1FDFF541F2400F196
:1077100068620054F30317AAF70304AAE59700B9B7
:10772000F57F00F9F50303AAD5FCFF17FF180071D8
:10773000C3008052FA90831A250000D0F7031A2A5A
:10774000BB601891190080D201008052070080525E
:1077500018008052FF8B00B9FF9B00B921F9FF1779
:10776000E09340B9012000113F0000712D24005426
:10777000E03F40F9E19300B9023C009141F07D9275
:10778000E13F00F992FCFF17E0D340F9E03000B58B
:10779000A022C079FF9B01B973FAFF174400009043
:1077A000E19B41B984C03C91FF420071AD1B005484
:1077B000E2031CAA080280D2FC030AAAEC5F00F9CB
:1077C000E9C300B9EBCB00B9F8D300B9F80304AAB8
:1077D00004000014F7420051FF4200714D1900549B
:1077E0000040009121040011582000A9424000915E
:1077F000E19B01B9E0D300F93F1C0071CDFEFF54BD
:10780000E2430691E10315AAE00313AA6D05009473
:10781000004AFF35E0D340F9E20316AAE19B41B9E3
:10782000080280D2ECFFFF17FA2048364080F83774
:10783000E03F40F9012C009121F07D92E13F00F9F9
:1078400000004039210080520EFCFF17C920483645
:10785000807CF837E03F40F9012C009121F07D92C7
:1078600000004039E13F00F904FCFF17E25340F902
:10787000E09340B9E19300B940C0208B64FCFF174E
:10788000E25340F9E09340B9E19300B940C0208B46
:1078900022FCFF17A91C4836E06EF837E03F40F99C
:1078A000012C009121F07D9200004039E13F00F968
:1078B0004BFEFF17E25340F9E09340B9E19300B962
:1078C00040C0208BECFBFF17E09340B90120001172
:1078D0003F000071AD1F0054E03F40F9E19300B953
:1078E000022C009141F07D92E13F00F907FEFF1765
:1078F000891C4836C07DF837E03F40F9012C0091E3
:1079000021F07D92E13F00F900008039E10300AAF7
:1079100041FCFF17E25340F9E09340B9E19300B90D
:1079200040C0208B2DFEFF17FF040031602700545C
:10793000FF1E0171E008407AE7149F1A0001669E5D
:107940003901183200FC60D3E079F8370941601E34
:10795000FFBB00B9E9A312292041601EEBC300B9A7
:10796000EA6700F9FF1A0171C1420054E203072AD5
:1079700061008052E5230691E4030691E3A305919B
:10798000E00313AAE78B00B9120A0094E78B40B911
:10799000FB0300AA01004039EA6740F93FC00071CB
:1079A000E9A3522900C0278BEBC340B940520054D1
:1079B000E16B41B901C0218B2821601E604F00544A
:1079C000E0C740F9030680523F0000EBE900005495
:1079D00002040091E2C700F903000039E0C740F952
:1079E0003F0000EB68FFFF54F86B41B900001BCB70
:1079F000E09700B9FF1E01710022005400070051FA
:107A0000FF1A017140500054011D00120200805203
:107A1000190080D2E06B01B9E1C3053961058052DC
:107A20008000F836200080520000184BA1058052DB
:107A3000E1C705391F240071CD5B0054EC3F06916E
:107A4000AD999952E4030CAA8D99B972027CAD9B51
:107A5000E30304AAE503002A840400D142FC63D3B3
:107A60004108020B0104014BE003022A21C000116E
:107A700061F01F38BF8C0171ACFEFF5440C0001193
:107A800080F01F38600800D11F000CEB827E00548C
:107A9000E1CB059102144038221400381F000CEB92
:107AA000A1FFFF54E0430A91030003CB60F40351AC
:107AB000E0F300B9E09740B9E1F340B91700010BDA
:107AC0001F0400716D5B0054E0AB40B9F702000B7E
:107AD00029791512FF02007129011832FAA29F1AA2
:107AE00018008052FF8B00B9FF9B00B9E0BB40B982
:107AF000001B0035E17F4539070080522107FF3424
:107B00008CFAFF17EC5F40F9E40318AAE9C340B907
:107B1000EA031CAAEBCB40B9FC0302AAF8D340B994
:107B2000E77E4093210400110000078B841F00A909
:107B30009C430091E19B01B9E0D300F93F1C007127
:107B4000CD89FF54E2430691E10315AAE00313AA8D
:107B5000EC5F00F9E9C300B9EBCB00B9EA6B00F9BF
:107B600098040094602FFF35EC5F40F9FC0316AADF
:107B7000EA6B40F9E0D340F9E9C340B9EBCB40B937
:107B80003EFCFF1769090736E28F4AA9830B00A95B
:107B9000E19B41B98643009121040011E19B01B9A9
:107BA0004000008BE0D300F93F1C0071ED28FF542A
:107BB000E2430691E10315AAE00313AAE98B00B999
:107BC000EB9B00B9EA5F00F97E040094202CFF359E
:107BD000EA5F40F9E60316AAE0D340F9E98B40B921
:107BE000EB9B40B9E26B41B9E19B41B936F9FF1714
:107BF000E25340F9E09340B9E19300B940C0208BD3
:107C000073FBFF17C062F837E03F40F9013C009179
:107C100021F07D92E13F00F9000040F9E1EB40796D
:107C20000100007980F7FF17E067F837E03F40F97F
:107C3000012C009121F07D92000040B9E13F00F954
:107C400067FDFF174050F837E03F40F9012C0091E5
:107C500021F07D92E13F00F9000040B921008052FF
:107C600008FBFF178063F837E03F40F9012C0091D3
:107C700021F07D92000040B9E13F00F9FFFAFF17C3
:107C8000605CF837E03F40F9012C009121F07D92D3
:107C9000E13F00F9000080B9E10300AA5EFBFF1795
:107CA000E09340B9012000113F0000718D51005454
:107CB000E03F40F9E19300B9022C009141F07D9240
:107CC000E13F00F969FCFF17E25340F9E09340B946
:107CD000E19300B940C0208B0CFDFF17E09340B941
:107CE000012000113F0000716D5D0054E03F40F93C
:107CF000E19300B9022C009141F07D92000040799F
:107D0000E13F00F9DDFAFF17E0031BAAE9BB00B968
:107D1000EBC300B9190080D2EA6700F9C9EDFF97FB
:107D2000E17F45391F000071FF8B00B9F703002A7E
:107D3000FF9B00B91AA09F1AEA6740F9070080521A
:107D4000E9BB40B9680E8052EBC340B9A1F4FE34E0
:107D5000F8F9FF17E09340B9012000113F000071CE
:107D6000CD4D0054E03F40F9E19300B9022C009161
:107D700041F07D92E13F00F933FCFF17E09340B9F9
:107D8000012000113F000071ED490054E03F40F92F
:107D9000E19300B9022C009141F07D9200004079FE
:107DA000E13F00F90EFDFF17E00313AAE24306913D
:107DB000E10315AA03040094C0CEFF34E9F8FF17CD
:107DC000A05240F94B04009439F7FF170041601EA0
:107DD000FFBB00B961FDFF17E1040011E00313AA26
:107DE000E78B00B9217C4093E9A31229EA5F00F9EF
:107DF000EBF300B9FBEDFF97EA5F40F9FB0300AA44
:107E0000E78B40B9E9A35229EBF340B9806300B492
:107E1000F90300AA4BFDFF17C7008052C8FEFF17E9
:107E2000442840398CFDFF17E0C740F9F86B41B991
:107E300000001BCBE09700B91F03076B01DB433A3F
:107E4000EA1700540809005100070051EFFEFF1720
:107E5000A00580525A070011A105805207008052E8
:107E6000E07F05395FF7FF17E4030691E2230691EF
:107E7000E00313AA030080D2010080D2E98B00B98D
:107E8000E89B00B9EBBB00B9EA6300F96108009414
:107E9000EA6340F9F703002AE98B40B91F04003177
:107EA000E89B40B9EBBB40B920690054FBC700F91F
:107EB000B7FDFF17A0058052A1058052E07F05396C
:107EC0008CF9FF17E0F740B9014000113F00007145
:107ED0006D380054E03F40F9E1F700B9003C0091F3
:107EE00000EC7C9201400091E13F00F96CF9FF1732
:107EF000E0F740B9014000113F000071ED3400543B
:107F0000E03F40F9E1F700B9023C0091080040FD74
:107F100041F07D92E13F00F96EF9FF17E18B40B926
:107F20003F000071E19B40B920D8407A0D660054B3
:107F30006D030C8BE2031CAA44000090FC03012A91
:107F400084C03C91F8030DAA170280D2F34F00F9C8
:107F5000F95F00F9F90308AAEC6F00F9E91301B918
:107F6000FB8F00F9EB2301B9FA2701B9FBEB4FA90D
:107F7000EA9700F9280000149C070051E19B41B9E1
:107F800000001A8BE37740F921040011436800A92F
:107F900042400091E19B01B9E0D300F93F1C007120
:107FA0006C08005461034039050319CBE30318AA98
:107FB0003F00056B33B0851A7F0200718D010054BC
:107FC000E19B41B96A7E409300000A8B592800A9C1
:107FD00021040011E19B01B9E0D300F93F1C0071BD
:107FE0004C09005461034039424000917F02007106
:107FF00065A29F1A3300054B7F020071AC0100544B
:10800000E58B40B93903218BBF00007180DB407ADA
:108010008D4D00549F0300710CFBFF54E18B40B960
:108020007B0700D121040051E18B00B9D4FFFF1779
:108030002A0000F0E19B41B94AC13C917F420071A6
:10804000ED040054E3130CA9F86B00F9F84F40F964
:1080500004000014734200517F420071CD030054AC
:108060000040009121040011445C00A942400091AD
:10807000E19B01B9E0D300F93F1C0071CDFEFF5434
:10808000E2430691E10315AAE00318AA4D03009408
:10809000E0150035E0D340F9230000F0E19B41B941
:1080A000E20316AA64C03C91EBFFFF17E04F40F9D2
:1080B000E2430691E10315AA4203009420560035DD
:1080C000E0D340F9210000F0E20316AA24C03C915D
:1080D000B5FFFF17E32B4CA9F86B40F9657E409381
:1080E000210400110000058B4A1400A9E19B01B98D
:1080F000E0D300F93F1C00710C11005461034039BA
:1081000042400091BFFFFF17E04F40F9E243069164
:10811000E10315AAF86300F92A03009420530035FF
:10812000E36340F9240000F0E0D340F9E20316AA2B
:108130006103403984C03C91ADFFFF17E19740B91E
:108140001F03016BAB170054E0AB40B93F0140F295
:108150000C03000B9711981A690050361F03007129
:108160000C2F0054FF020071E80C8052FAA29F1AF3
:10817000E903192A190080D2FF8B00B9FF9B00B9CF
:108180005BFEFF17E2430691E10315AAE00313AA81
:10819000E98B00B9EB9B00B9EA5F00F90903009491
:1081A00080FDFE35EA5F40F9FC0316AAE0D340F9F2
:1081B000E98B40B9EB9B40B9E26B41B9B5F7FF17CA
:1081C000FF16017141030054F80400114100805270
:1081D000E203182AE5230691E4030691E3A305913F
:1081E000E00313AAE78B00B9FA070094FB0300AA87
:1081F000EA6740F901C0388BE78B40B9E9A35229FF
:10820000EBC340B9EDFDFF17E17F45391A008052FD
:10821000FF8B00B907008052FF9B00B91800805205
:10822000190080D2E1CDFE34C2F8FF17E203072A1D
:10823000E5230691E4030691E3A30591E00313AA65
:1082400041008052E78B00B9E2070094E9A352296C
:10825000FB0300AAEA6740F9E78B40B9EBC340B9DA
:1082600049DE073661C3278BD4FDFF17E09340B981
:10827000012000113F0000710D1E0054E03F40F945
:10828000E19300B9022C009141F07D92E13F00F9A9
:10829000EDF8FF17E25340F9E09340B9E19300B9DC
:1082A00042C0208BE03F40F9E23F00F942F9FF175E
:1082B000E25340F9E09340B9E19300B940C0208B0C
:1082C000F9F8FF17E25340F9E09340B9E19300B9A0
:1082D00040C0208BABF9FF17E2430691E10315AADA
:1082E000E00313AAEC5F00F9E9C300B9EBCB00B9D6
:1082F000EA6B00F9B3020094C0F2FE35EC5F40F97E
:10830000FC0316AAEA6B40F9E0D340F9E9C340B98F
:10831000EBCB40B954FAFF17E04F40F9E243069126
:10832000E10315AAE36300F9A6020094A042003518
:10833000E36340F9240000F0E0D340F9E20316AA19
:108340006103403984C03C912EFFFF17E15F40F983
:10835000F30318AA21F0FEB582F7FF17E17740F981
:10836000E88B00B9E08340F9EB9F1229E3AB0BA93E
:108370007B0300CBE20300AAE0031BAAE46700F939
:1083800090F3FF97A006403905008052E3AB4BA95C
:108390001F000071E46740F9B506959AE88B40B973
:1083A000EB9F5229CBFCFF17F86B41B9E00301AA00
:1083B0008FFDFF17E2430691E10315AAE00313AA1C
:1083C000E98B00B9EB9B00B9EA5F00F97D020094EC
:1083D00000ECFE35E1AF5229FC0316AAF76B41B958
:1083E000EA5F40F93700174BE0D340F9E98B40B919
:1083F0003BFAFF172821601E41310054F86B41B948
:1084000000C0388B00001B4BE09700B92001001220
:108410000000072A1F030071AD3300548018003597
:10842000F703182AC80C8052E9185037FF02007170
:10843000FAA29F1A4FFFFF17E1AB40B9E80C805238
:108440003700000B1F0300710CFFFF54EC02184BA8
:1084500097050031FA529F1A46FFFF17A0B240B9A4
:10846000A0000037A022407960004837A05240F9B0
:10847000A002009400008012E07700B940F7FF17D7
:10848000FBA30691190080D253FCFF17240000F0D3
:10849000F703024B84C03C915F400031EA04005472
:1084A000E20315AAFC03092AF503172A180280D251
:1084B000F70302AAF94700F9F90304AAEB9B00B9F4
:1084C000EA5F00F904000014B5420051BF42007198
:1084D0004D0200540040009121040011D96000A910
:1084E000C6400091E19B01B9E0D300F93F1C007147
:1084F000CDFEFF54E2430691E10317AAE00313AA5D
:108500003002009460250035E0D340F9E60316AA56
:10851000E19B41B9EDFFFF17EA5F40F9E20317AABB
:10852000E40319AAEB9B40B9F94740F9F703152A70
:10853000E9031C2AF50302AAF77E409321040011E7
:108540000000178BC45C00A9C6400091E19B01B9F3
:10855000E0D300F93F1C00718DDBFE54E24306912D
:10856000E10315AAE00313AAE98B00B9EB9B00B95C
:10857000EA5F00F913020094C0DEFE35EA5F40F9BD
:10858000E60316AAE0D340F9E98B40B9EB9B40B96A
:10859000E19B41B9CDF6FF17E28740F9E0F740B91A
:1085A000E1F700B940C0208B080040FDC9F7FF1774
:1085B000E1CB059182000035E1CF059102068052A2
:1085C000E2CB053900C0001120140038E2C3059148
:1085D0002000024BE0F300B937FDFF17E28740F9B6
:1085E000E0F740B9E1F700B940C0208BACF7FF17C6
:1085F000F54740F9010080D2A022C07900001A326C
:10860000A0220079A1DAFEB5D6F6FF17201AF837B6
:10861000E03F40F9013C009121F07D92E13F00F9FB
:10862000000040F9E17740B9010000B9FEF4FF17FE
:1086300009A5073625FDFF17E25340F9E09340B93D
:10864000E19300B940C0208BFFF7FF17E09340B9DA
:10865000012000113F000071CD1E0054E03F40F9A1
:10866000E19300B9022C009141F07D92E13F00F9C5
:108670007AFDFF17E09340B9012000113F0000711F
:108680002D1E0054E03F40F9E19300B9022C009107
:1086900041F07D9200004039E13F00F9D0FAFF1728
:1086A0000001669EE017F8B7E17F4539200000B071
:1086B000250000B01F1D017100601791A580179162
:1086C00091F7FF17E25340F9E09340B9E19300B905
:1086D00040C0208B00004079C1FAFF17E25340F9F7
:1086E000E09340B9E19300B940C0208BDFF9FF1758
:1086F000E1001B0B030680522100004B22040011F5
:1087000002C0228BA16AFF37031400385F0000EB20
:10871000C1FFFF5451FBFF17E25340F9E09340B90A
:10872000E19300B940C0208BC7F9FF17E0AB40B917
:10873000C80C8052EC00000B9701180B3BFFFF1791
:10874000E80C8052E17F40F9200040391FFC0371A2
:10875000802400540300805202008052050000145F
:1087600042040011210400911FFC037120010054F8
:108770001F00186BEA0000541803004B2004403916
:1087800000FFFF352000403963040011F7FFFF1799
:10879000E28B00B9E39B00B9E17F00F9E18B40B9BE
:1087A000E903192AE09B40B9190080D20000010BAF
:1087B000E10341B9175C011BFF020071FAA29F1A85
:1087C000CBFCFF17F54740F9E8031A2AE99B40B9AB
:1087D000EA0318AAEBBB40B9F703192A6CFBFF1791
:1087E000E09340B9012000113F0000716D16005464
:1087F000E03F40F9E19300B9022C009141F07D92F5
:1088000000004039E13F00F91CF8FF17E09340B940
:10881000012000113F000071CD150054E03F40F9E8
:10882000E19300B9022C009141F07D92E13F00F903
:1088300019FDFF17E09340B9012000113F000071BE
:108840006D0E0054E03F40F9E19300B9022C009115
:1088500041F07D92E13F00F9FAFBFF17E09340B948
:10886000012000113F000071AD150054E03F40F9B8
:10887000E19300B9023C009141F07D92E13F00F9A3
:10888000E6FCFF17A00580520941611EE0BB00B95C
:1088900031FCFF17E25340F9E09340B9E19300B98E
:1088A00040C0208B00004079F4F7FF17E09340B9F7
:1088B000012000113F0000710D0A0054E03F40F913
:1088C000E19300B9022C009141F07D92E13F00F963
:1088D0000EFCFF17E09340B9012000113F0000712A
:1088E0008D120054E03F40F9E19300B9022C009151
:1088F00041F07D92000040B9E13F00F9DFF7FF173A
:10890000E17F4539FA03072AFF8B00B9F703072AED
:10891000FF9B00B907008052680E80522196FE34FA
:1089200004F7FF17E09340B9012000113F000071E8
:10893000CD110054E03F40F9E19300B9022C0091C1
:1089400041F07D92000040B9E13F00F924FAFF17A1
:10895000E09340B9012000113F0000716D08005400
:10896000E03F40F9E19300B9023C009141F07D9273
:10897000E13F00F92BFFFF17E09340B90120001100
:108980003F0000716D100054E03F40F9E19300B9E1
:10899000023C009141F07D92E13F00F945F9FF175B
:1089A000A0058052A1058052E07F053940FFFF17E6
:1089B000E14740F9F50317AA01BDFEB5E9F5FF1738
:1089C000F34F40F9E80319AAF95F40F9FB7F00F97A
:1089D000EC6F40F9FC0302AAFB8F40F9EA9740F9DB
:1089E000E91341B9EB2341B9FA2741B91F0103EB60
:1089F0000891839AA3F8FF17E25340F9E09340B936
:108A0000E19300B940C0208BC0FBFF17E25340F94F
:108A1000E09340B9E19300B940C0208B89FBFF1778
:108A2000210080522100074BE16B01B9E2FBFF17E7
:108A3000E25340F9E09340B9E19300B940C0208B84
:108A400086FCFF17E25340F9E09340B9E19300B987
:108A500040C0208B00004039E1F9FF1740008052F0
:108A6000E0F300B914FCFF17E25340F9E09340B97A
:108A7000E19300B940C0208BEAFEFF17A022C07925
:108A800000001A32A0220079B7F5FF17A0000035C8
:108A90003A008052C80C8052F7031A2AB5FDFF171E
:108AA000E0AB40B9C80C80520C0400119701072BB1
:108AB000FA529F1AAFFDFF17E25340F9E09340B915
:108AC000E19300B940C0208B000040396BF7FF17DD
:108AD000E25340F9E09340B9E19300B940C0208BE4
:108AE0006DFCFF17E29340B90203F837E03F40F90D
:108AF000002C009100F07D92E33F40F9E03F00F947
:108B000048074039FA0301AAE29300B9670040B967
:108B1000FF000071F9A09F5A19F4FF17E25340F9C2
:108B2000E09340B9E19300B940C0208B3BFCFF17B4
:108B3000E25340F9E09340B9E19300B940C0208B83
:108B4000000040B94DF7FF17E09340B90220001133
:108B5000E03F40F95F0000716D020054002C00916D
:108B600000F07D92E5FFFF17E25340F9E09340B932
:108B7000E19300B940C0208B000040B998F9FF177D
:108B8000E15F40F9F34F40F981AEFEB575F5FF178F
:108B9000E25340F9E09340B9E19300B940C0208B23
:108BA000C4F8FF17E45340F9E39340B983C0238B23
:108BB000E33F00F9D1FFFF17A022C079E10319AA12
:108BC00000001A32A02200798FFEFF17A022C07980
:108BD000010080D200001A32A02200798AFEFF171D
:108BE000FF8B00B9FF9B00B9EDFEFF1763030C8BF1
:108BF0007FFFFF17000000000000000000000000E1
:108C0000FF4314D1FD7B00A9FD030091F35301A99B
:108C1000F30301AA21204079F40303AAE34304915A
:108C2000661A40F921781E12652240F9F55B02A907
:108C30006726407964B240B9F60302AA02808052E6
:108C4000F50300AAE0E30391E32F00F9E26700B91E
:108C5000E1D30079E7D70079E33B00F9E27B00B983
:108C6000FF8300B9E64700F9E54F00F9E40B01B9CD
:108C700094000094800640ADE20316AAE3C300917D
:108C8000E1630191E00315AAE08701AD21F3FF97AD
:108C9000F403002AC000F837E1630191E00315AA4C
:108CA000E0EDFF971F00007194029F5AE0D34079D6
:108CB000800030366022407900001A32602200794C
:108CC000E07F40F983000094FD7B40A9E003142A73
:108CD000F35341A9F55B42A9FF431491C0035FD64A
:108CE000FD7BBBA9FD03009123B040B9F76303A945
:108CF000F80302AA63056836F55B02A9F50300AA2A
:108D0000400840F9F35301A9F40301AAF96B04A93F
:108D10005A0040F9C00300B4566740A939FF42D356
:108D2000F703192A3F030071AD020054130080D2EB
:108D300003000014FF02136B0D020054C17A73B8D4
:108D4000E20314AAE00315AA73060091090A00942D
:108D50001F04003101FFFF54F35341A9F55B42A901
:108D6000F96B44A91F0B00B91F0B00F9F76343A966
:108D7000FD7BC5A8C0035FD6000B40F900C839CB06
:108D8000000B00F95A43009180FCFFB5F35341A951
:108D900000008052F55B42A9F96B44A9F2FFFF176E
:108DA00080F1FF971F0B00B91F0B00F9F76343A970
:108DB000FD7BC5A8C0035FD60000000000000000D6
:108DC000440840F9440000B4C6FFFF170000805279
:108DD0005F0800B9C0035FD600000000000000007B
:108DE000FF4300D13F0000F1E03300910100819A80
:108DF000220100B4630100B440004039200000B9F2
:108E0000400040391F000071E0079F1AFF430091A6
:108E1000C0035FD600008052FF430091C0035FD6BD
:108E200020008012FAFFFF17000000000000000081
:108E3000FD7BBDA904F00491FD030091F35301A94A
:108E4000F30303AA7F0200F1230000909300939A9A
:108E5000F40300AA64E843F9E30313AA210100B470
:108E600080003FD6E103002A207C40933F0400317C
:108E700060010054F35341A9FD7BC3A8C0035FD632
:108E8000E18300910200805280003FD6E103002A76
:108E9000207C40933F040031E1FEFF547F0200B983
:108EA00041118052810200B900008092F35341A920
:108EB000FD7BC3A8C0035FD60000000000000000D7
:108EC000C0035FD6000000000000000000000000AA
:108ED000C0035FD60000000000000000000000009A
:108EE000C0035FD60000000000000000000000008A
:108EF000C0035FD60000000000000000000000007A
:108F0000FD7BBDA9FD030091F51300F9610600B4D6
:108F1000F35301A9F30301AAF40300AA600000B40B
:108F2000012440F9410600B460B240B96122C07921
:108F30000005003701064836E10313AAE00314AA2E
:108F4000B8ECFF97F503002A622A40F9C20000B48A
:108F5000611A40F9E00314AA40003FD61F000071D7
:108F6000B5A29F5A6022407920063837612E40F919
:108F7000E10000B460D201913F0000EB60000054BA
:108F8000E00314AAD7EFFF977F2E00F9613E40F966
:108F9000810000B4E00314AAD2EFFF977F3E00F9EE
:108FA000ECEDFF977F22007960B240B9A003003654
:108FB000605240F9C7FFFF97EAEDFF97F35341A9CD
:108FC000E003152AF51340F9FD7BC3A8C0035FD663
:108FD00041FBFF35F35341A915008052E003152AE8
:108FE000F51340F9FD7BC3A8C0035FD6BDEDFF9725
:108FF000CEFFFF17605240F9BAFFFF976022C07999
:10900000C0F9FF3560B240B960FE0737605240F9E1
:1090100015008052B7FFFF97F35341A9F0FFFF17E8
:10902000605240F9B3FFFF97E2FFFF17610E40F96E
:10903000E00314AAABEFFF97CDFFFF17000000007D
:109040005F2403D5820600B4258080520502A872F1
:10905000200C014E03E87B92A50C044E091040F24F
:109060004A1040920002005461A0DF4C248100D1DC
:10907000420004AB238C206E448C206E631C254E72
:10908000841C254E66BC244EC6BC264EC63C084EEB
:1090900024F97FD3C624C49AC620C49A2902005456
:1090A000C60200B561A0DF4C428000F1238C206E27
:1090B000448C206EA9000054661CA44EC6BCE64E2B
:1090C000C63C084E06FFFFB4631C254E841C254E8B
:1090D00066BC244EC6BC264EC63C084EE200005478
:1090E0004401098B84104092848000D1E40704CBB2
:1090F000C620C49AC624C49AC600C0DA638000D1D0
:10910000DF0000F1C610C0DA6004468BE003809AED
:10911000C0035FD6000080D2C0035FD6000000000D
:10912000FD7BBEA9020000F0FD030091F35301A9ED
:10913000F40300AAF30301AA404C44F9600000B410
:10914000012440F9610700B46222C0796204183634
:10915000610E40F9C10200B442010036602240B9FC
:109160007F0E00B9E003004B602A00B90000805276
:10917000410100B4F35341A9FD7BC2A8C0035FD6EF
:109180000000805242000837602240B9600E00B9EA
:109190000000805201FFFFB5E2FE3F3642001A3266
:1091A0000000801262220079F3FFFF170050805206
:1091B0004000000A1F00087100FDFF54E10313AADC
:1091C000E00314AA230000946222C079610E40F9E2
:1091D00082FD0736E2FFFF1702032036C200103778
:1091E000610E40F942001D326222007961FBFFB539
:1091F000EFFFFF17612E40F9010100B460D2019129
:109200003F0000EB80000054E00314AA35EFFF9705
:109210006222C0797F2E00F9610E40F9800480122D
:109220004200000A610200F97F0A00B9EEFFFF1751
:109230002CEDFF97C5FFFF1720018052800200B977
:1092400042001A320000801262220079CAFFFF1722
:10925000FD7BB5A9FD0300912220C079F35301A93C
:10926000F30301AA2201083620DC0191210080527B
:10927000600200F9600E00F9612200B9F35341A9C0
:10928000FD7BCBA8C0035FD62124C079F40300AADC
:10929000F55B02A9F71B00F98103F837E22301917E
:1092A000540800940003F837E04F40B9168080D28C
:1092B00015008152E10316AA000C14121F08407118
:1092C000E00314AAF7179F1AC6E8FF97200300B51A
:1092D0006022C0796005483700741E1261DE01917A
:1092E000F55B42A900001F32F71B40F922008052B3
:1092F000610200F960220079610E00F9622200B972
:10930000DFFFFF176222C0795F0079F2000880D288
:10931000168080D2D602809AE10316AAE00314AA2E
:109320001700805215008052AEE8FF9720FDFFB471
:109330006222C079600200F942001932622200798B
:10934000600E00F9762200B9170100354200152A97
:1093500062220079F35341A9F55B42A9F71B40F95A
:10936000FD7BCBA8C0035FD66126C079E00314AAB9
:1093700034080094C00000356222C079F4FFFF1762
:10938000F55B42A9F71B40F9BDFFFF176222407948
:1093900042741E1242000032423C0013ECFFFF17E1
:1093A000FD7BBEA9FD030091023440F9F35301A9EE
:1093B000F30300AAF403012A420100B4817E409322
:1093C000407861F8E00100B4030040F9437821F8E7
:1093D0001F0800F9F35341A9FD7BC2A8C0035FD663
:1093E000220880D2010180D2DA020094603600F9AE
:1093F000E20300AA40FEFFB5000080D2F6FFFF178F
:1094000021008052E00313AA3320D41A210080D215
:10941000627E4093421C009142F47ED3CD020094C0
:10942000C0FEFFB4144C0129EAFFFF170000000042
:10943000C10000B4003440F9220880B9037862F812
:10944000230000F9017822F8C0035FD60000000075
:10945000FD7BBCA927600091050080D2FD0300912F
:10946000F35301A9F303032A341440B9F55B02A9AD
:10947000F50301AAF60300AAE47865B8833C00125C
:10948000847C1053634C021B663C0012637C1053B7
:10949000830C021BC440030BE47825B8A50400919B
:1094A000737C10539F02056B8CFEFF541301003434
:1094B000A00E40B91F00146B4D010054A0CA348B9C
:1094C00094060011131800B9B41600B9F35341A95A
:1094D000E00315AAF55B42A9FD7BC4A8C0035FD6D3
:1094E000A10A40B9E00316AAF71B00F921040011F4
:1094F000ACFFFF97F70300AA600200B4A21680B980
:10950000A1420091004000914208009142F47ED3B4
:109510005CEAFF97C03640F9A10A80B9027861F889
:10952000A20200F9157821F8F50317AAA0CA348B16
:1095300094060011F71B40F9131800B9B41600B9CE
:10954000E3FFFF17230000902000009063A0189114
:1095500000001991020080D24117805245A6FF9762
:10956000E103002AE2FF9F52000080523F00026B9D
:1095700068000054213C10530002805202E0BF12E8
:109580003F00026B6800005400200011215C18535A
:109590000200BE123F00026B680000540010001170
:1095A000216C1C530200B8123F00026B890000546A
:1095B000E103212A007C410BC0035FD622741E53B5
:1095C000C100E8375F0062F2000C00110104805214
:1095D0000010811AC0035FD600080011C0035FD6D7
:1095E000E20300AA00008052410040B93F0840F267
:1095F000E0000054A1000037A1030836217C01538C
:1096000020008052410000B9C0035FD63F3C007289
:1096100061000054217C1053000280523F1C0072F4
:109620006100005400200011217C08533F0C40F2DF
:109630006100005400100011217C04533F0440F2EB
:109640006100005400080011217C025381000037A2
:1096500000040011217C015361000034410000B975
:10966000C0035FD600048052C0035FD6217C025342
:1096700040008052410000B9C0035FD600000000E6
:10968000FD7BBEA9FD030091023440F9F35301A90B
:10969000F30300AAF403012A820100B4400440F954
:1096A000E00200B4010040F9410400F9210000F09B
:1096B000141800B9F35341A9203040FD000800FD03
:1096C000FD7BC2A8C0035FD6220880D2010180D2F0
:1096D00020020094603600F9E20300AA00FEFFB504
:1096E000230000902000009063A0189100001991C1
:1096F000020080D2A1288052DEA5FF97E00313AAC2
:10970000820480D2210080D212020094A0FEFFB415
:10971000210000F0141800B9F35341A9202C40FD9A
:10972000210000F0000400FD203040FD000800FD95
:10973000FD7BC2A8C0035FD600000000000000004F
:10974000FD7BBCA9FD030091F55B02A9F50301AA0D
:10975000361440B9F71B00F9571440B9F35301A967
:10976000F40302AADF02176BEB000054E203172A8E
:10977000E10314AAF703162AF40315AAF603022A32
:10978000F50301AA810A4129F302160B5F00136B4E
:1097900021A4811A03FFFF97800B00B4076000919A
:1097A000E8C8338BE30307AAFF0008EB82000054EC
:1097B0007F4400B81F0103EBC8FFFF54A66200916D
:1097C0008B620091C9C8368B65C9378BDF0009EB06
:1097D00022080054AA0014CB946600914A6500D177
:1097E000810080D24AF57E92BF0014EB4A01018BC2
:1097F0004A21819A07000014637C1053C30300358B
:10980000C6100091E71000913F0106EB4906005495
:10981000C30040B96D3C007200FFFF54EC0307AA7F
:10982000E4030BAA0E008052814440B8830140B982
:10983000223C00126F3C0012217C1053637C1053B9
:10984000423C0D1B210C0D1B42000E0B2140420B14
:10985000223C1033824500B82E7C1053BF0004EB2D
:1098600048FEFF54EE682AB8C30040B9637C105329
:1098700083FCFF34E10040B9ED0307AAE4030BAA1F
:109880000E008052EC03012A820040794238031B0B
:1098900042404C0B413C1033A14500B8814440B8D4
:1098A000AC0140B9217C10538E3D00122138031BBE
:1098B0002140420B2E7C1053BF0004EB68FEFF5486
:1098C000C6100091E1682AB8E71000913F0106EB4D
:1098D00008FAFF547F0200718C0000540500001448
:1098E000730600716000005401CD5FB8A1FFFF3422
:1098F000F55B42A9F71B40F9131400B9F35341A9D2
:10990000FD7BC4A8C0035FD6230000902000009018
:1099100063A0189100001991020080D2412C80525E
:1099200054A5FF97000000000000000000000000A8
:10993000FD7BBDA9FD030091F35301A9F303022AA6
:1099400042040072F55B02A9F60300AAF50301AA1E
:10995000C1040054737E0213F3020034D43240F980
:10996000540500B4F3000037737E01135302003432
:10997000800240F9A00200B4F40300AA73FF073686
:10998000E20314AAE10315AAE00316AA6DFFFF97EC
:10999000D50000B4C13640F9A20A80B9237862F834
:1099A000A30200F9357822F8F50300AA737E0113AB
:1099B00013FEFF35F35341A9E00315AAF55B42A955
:1099C000FD7BC3A8C0035FD6E20314AAE10314AA77
:1099D000E00316AA5BFFFF97800200F9F40300AAD8
:1099E0001F0000F9E6FFFF1742040051240000D0D9
:1099F00084403D910300805282D862B895FEFF9763
:109A0000F50300AAD4FFFF17E00316AA2100805235
:109A100064FEFF97F40300AAE00000B4200080D2A7
:109A2000204EC0F2804201F8D43200F99F0200F9C2
:109A3000CDFFFF17230000902000009063A0189135
:109A400000001991020080D2A128805209A5FF9739
:109A5000FD7BBCA9FD030091F76303A9587C0513A6
:109A6000371440B9230C40B91703170BF35301A95E
:109A7000F40301AAF55B02A9F5060011210840B91B
:109A8000F303022AF60300AABF02036BAD000054E1
:109A900063781F5321040011BF02036BACFFFF5416
:109AA000E00316AA3FFEFF97A00700B405600091EF
:109AB0001F0300712D010054041B0011E30305AACC
:109AC00004C8248B1F2003D57F4400B87F0004EB1B
:109AD000C1FFFF54A548388B861680B98362009178
:109AE000671200726608068B8004005408048052D6
:109AF000E10305AA0801074B040080521F2003D58B
:109B0000620040B94220C71A4200042A224400B829
:109B1000644440B88424C81ADF0003EB28FFFF54D4
:109B2000C10014CB82660091216400D1DF0002EBFA
:109B300021F47E92820080D22100028B2120829A21
:109B4000A46821B844000035F503172AC13640F94E
:109B5000820A80B9F76343A9237862F8151400B923
:109B6000F55B42A9830200F9347822F8F35341A946
:109B7000FD7BC4A8C0035FD6614440B8A14400B8CF
:109B8000DF0003EB29FEFF54614440B8A14400B854
:109B9000DF0003EB28FFFF54ECFFFF1723000090CA
:109BA0002000009063A0189100001991020080D25B
:109BB000C13B8052AFA4FF970000000000000000EE
:109BC000221440B9E50300AA001440B90000026B5A
:109BD000E1010054437C7E93A560009121600091D7
:109BE000A200038B2100038B03000014BF0002EBD3
:109BF000E200005444CC5FB823CC5FB89F00036BF5
:109C000060FFFF540000801200349F1AC0035FD62B
:109C1000FD7BBDA9FD030091F35301A9F30301AA44
:109C2000F40302AA211440B9421440B9F51300F913
:109C30002100026B41020035427C7E9361620091FB
:109C4000846200912300028B8400028B03000014C5
:109C50003F0003EB620A005466CC5FB885CC5FB866
:109C6000DF00056B60FFFF54E10314AAF5279F1A7C
:109C70009432939A7332819A05000014E10314AA76
:109C8000F5579F1A9442939A7342819A810A40B978
:109C9000C4FDFF97000B00B4681680B9896200917B
:109CA000871640B9626200910B600091050380D273
:109CB0004808088B010080522AC9278B151000B96B
:109CC000866A65B8646A65B8C33C0012C67C1053E6
:109CD0006320244BC440444B6300010B8440830B3E
:109CE000833C1033036825B8A5100091817C1013C4
:109CF0006402058B1F0104EB48FEFF54040113CBE3
:109D000062660091846400D11F0102EBE6379F1A5E
:109D1000880080D282FC42D3DF00007145040091AC
:109D2000A5F47ED3A510889A2801058B6501058BC3
:109D30005F0108EB890400544A0500D1040080D279
:109D40004A0108CB49FD42D3027964B83F0104EBD4
:109D50004300010B2120220B427C10534140810B18
:109D6000233C1033A37824B8217C10138404009181
:109D7000C1FEFF544AF57E92A1000A8B8300003594
:109D800022CC5FB8E7040051C2FFFF34071400B9CA
:109D9000F35341A9F51340F9FD7BC3A8C0035FD677
:109DA000010080527FFDFF97800100B4210080D226
:109DB000014001F8F35341A9F51340F9FD7BC3A815
:109DC000C0035FD642F47ED3DF00007142109F9A39
:109DD0006101028BEAFFFF17230000902000009032
:109DE00063A0189100001991020080D2E1468052D0
:109DF00020A4FF97230000902000009063A01891FA
:109E000000001991020080D2A148805219A4FF9746
:109E1000FD7BBCA9FD030091E81300FD0840601E16
:109E2000F35301A9F40301AAF30302AA210080520B
:109E30005CFDFF97E00700B40301669EE40300AAFF
:109E400065F874D360CC60D301000C32BF000071A0
:109E50002010801AE03F00B983020035E0F3009142
:109E6000E0FDFF97E13F40B923008052831400B921
:109E700000800011811800B9A5030034A5CC105151
:109E8000E81340FDA500000B850200B9A30680522F
:109E90006300004B630200B9E00304AAF35341A935
:109EA000FD7BC4A8C0035FD6E0E30091E83B00BDA2
:109EB000CCFDFF97E13F40B980030034E33B40B95C
:109EC000E203004B2220C21A4200032A2124C01AB6
:109ED000E13F00B93F00007182040329E3079F1AA4
:109EE00063040011831400B9A5FCFF356100809262
:109EF00000C8105121C8238B800200B98000018B5B
:109F000063681B53001840B996FDFF97E81340FDA6
:109F10006300004B630200B9F35341A9E00304AAB4
:109F2000FD7BC4A8C0035FD6E23B40B9EAFFFF1740
:109F3000230000902000009063A018910000199168
:109F4000020080D2E1618052CAA3FF9700000000A6
:109F5000FD7BBEA9237CC29B217C029BFD0300915B
:109F6000F30B00F9630400B59EE5FF97F30300AA25
:109F7000600400B402805FF842F47E92422000D177
:109F80005F2001F1C80100545F9C00F1C90000543A
:109F90000004004F0040009100009F3C5FDC00F196
:109FA000A80100541F7C00A91F0800F9E00313AAB0
:109FB000F30B40F9FD7BC2A8C0035FD601008052BD
:109FC000F0E9FF97E00313AAF30B40F9FD7BC2A869
:109FD000C0035FD66006803D608200915F2001F182
:109FE00021FEFF5460C20091600A803DEEFFFF1722
:109FF00078E5FF9781018052010000B9130080D2FB
:10A00000E00313AAF30B40F9FD7BC2A8C0035FD69F
:10A01000E50304AAE40303AA0300809239060014AE
:10A02000FD7BBCA9FD030091F35301A9341440B991
:10A03000F76303A9F80300AA001440B91F00146BCA
:10A040008B0B00549406005133600091176300910C
:10A05000F55B02A98A7E4093807E7E937602008B18
:10A06000EB02008B627A6AB8E37A6AB842040011A4
:10A070007508C21A7F00026BC3040054E70313AAD9
:10A08000E60317AA09008052080080521F2003D55A
:10A09000E34440B8C40040B9653C0012637C1053EF
:10A0A000823C0012A524151BA97C10534220254B8D
:10A0B0004200080B6324151B407C10130020234B27
:10A0C000697C10530340440B623C1033C24400B817
:10A0D000687C1013DF0207EBC2FDFF54E07A6AB818
:10A0E00080010035601100D1FF0200EBA300005495
:10A0F0000700001494060051FF0200EB8200005498
:10A10000020040B9001000D162FFFF34141700B9FB
:10A11000E00318AAABFEFF970004F837E00317AA84
:10A12000040080521F2003D5634640B8020040B9A6
:10A13000413C00122120234B2100040B247C1013EE
:10A140008340434B6240420B413C1033014400B812
:10A15000447C1013DF0213EB82FEFF54E1DA74B883
:10A16000E0CA348B81010035001000D11F0017EBCD
:10A17000A80000540700001494060051FF0200EBF1
:10A1800082000054010040B9001000D161FFFF348B
:10A19000141700B9B5060011F35341A9E003152ABD
:10A1A000F55B42A9F76343A9FD7BC4A8C0035FD652
:10A1B000F35341A900008052F76343A9FD7BC4A873
:10A1C000C0035FD600000000000000000000000097
:10A1D000FD7BB4A9FD030091062840F9F35301A9C2
:10A1E000F30300AAF55B02A9F40304AAF76303A929
:10A1F000F703012AF80305AAF96B04A9FA03022A56
:10A20000FB7305A91C00669EE34300F9E827066D71
:10A210000840601E060100B4035840B92200805275
:10A22000E10306AA4220C31AC308012981FCFF9753
:10A230007F2A00F90001669E0941601E01008052DC
:10A2400000FC60D3F503002AA000F8361578001250
:10A2500021008052BC7E60B38903679EA22A0C1243
:10A26000810200B900FEAF525F00006B800E005407
:10A270002821601E61020054E14340F92000805211
:10A28000200000B9980000B4000000F0008418918C
:10A29000000300F9170000F0F7821891F35341A969
:10A2A000E00317AAF55B42A9F76343A9F96B44A938
:10A2B000FB7345A9E827466DFD7BCCA8C0035FD69C
:10A2C0002041601EE2E30291E1F30291E00313AA50
:10A2D000D0FEFF97F40300AAA07E1453A00C003513
:10A2E000E30757290001669E6100010B22C8101187
:10A2F0005F800071AD2E0054254810110408805273
:10A300008200024B0024C51AB522C21AA002002AFC
:10A310000000631E2004005121008052E1A700B913
:10A3200004C2BF520200669E41FC60D32100040BB0
:10A33000227C60B34200679E01106F1E210000D096
:10A340000300621E4138611E243440FD210000D00C
:10A35000203840FD210000D02000441F223C40FD59
:10A360006000421F1820601E0500781E442A005419
:10A370006000004B06040051BF58007108280054CB
:10A38000210000B021403E9120D865FC1020691EBC
:10A390002C2D0054FFA300B9070080521F0000714C
:10A3A0008C00005427008052E700004B06008052CA
:10A3B000C600050B1B008052E58B00B9FF2600711B
:10A3C00068070054FF1600716D280054F712005101
:10A3D00019008052FF0E0071605900542D2F005457
:10A3E000FF120071A12D005420008052E07B00B9C3
:10A3F0005F0300716D530054F5031A2AE0031A2A13
:10A40000FAAB00B9047C40931F7C0071CD05005469
:10A41000230080528200805242781F53E103032AB6
:10A4200063040011407C4093007000911F0004EB16
:10A4300049FFFF54615A00B926000014E14340F976
:10A44000E0E18452200000B92001669E1FCC40F25A
:10A4500001020054170000F0186200B4000000F080
:10A46000F7821A9100A01A91000300F98CFFFF17E0
:10A470002201669EE3BB40B900FC0F51FFA700B963
:10A4800041CC60D321240C32227C60B3AAFFFF1799
:10A49000170000F0F85F00B4000000F0F7C21A9156
:10A4A00000CC1A91000300F97DFFFF17390080529C
:10A4B00017008052150080121A008052F97B00B9F3
:10A4C000F5AB00B9010080527F5A00B91F2003D5B7
:10A4D000E00313AAE79B1129E59B00B9B1FBFF97A5
:10A4E000E79B5129F60300AAE59B40B9C07200B46E
:10A4F000BF3A0071762A00F9E0879F1AE303152A14
:10A500000400190A1F00196AE00A0054E08B40B9E0
:10A510001F0000716D440054E403002A210000B0C4
:10A52000E00304AA21403E91020C4092807C041377
:10A53000207862FCE10304AA014E4036210000B0FD
:10A54000000C00126200805221C047FD2119611EDB
:10A5500060010034210000B021803D911F2003D50F
:10A5600080000036220040FD420400110008621EF7
:10A57000007C01132120009140FFFF352118601E4F
:10A58000E0A340B98000003400106E1E3020601E31
:10A59000C45400544200621E0090631E0298BF52D1
:10A5A0004000411F0000669E01FC60D32100020BA9
:10A5B000207C60B3153E0034FC8B40B9E403152ABF
:10A5C0002100781E0200679E82040051280000B01E
:10A5D00008413E91C90600912000621E20C0001172
:10A5E000E17B40B9001C001203D962FC2138601ED7
:10A5F000E148003400106C1EC00200390018631ED0
:10A600000038621E1020611E4C68005422008052E7
:10A61000E00309AA4200094B04106E1E0390641E59
:10A620000A0000142108631E0008631E2100781E22
:10A630002200621E21C00011011400382138621E60
:10A640003020601E245E00548238611E5020601E3F
:10A65000C41700544100000B3F00046B4BFEFF5435
:10A660003C01669EE0BF40B9E18B40B91F0000711C
:10A6700020A84E7A6D3D0054E17B40B9813C003406
:10A68000FF0600716D4F0054A30600517F03036B5A
:10A690000B520054E000154BE08F00B96303034BED
:10A6A000755EF836E00313AA21008052E79300B9E3
:10A6B000E69B00B9E5A700B9E3AF00B9F1FBFF974E
:10A6C000E79340B9F90300AAE69B40B9E5A740B972
:10A6D000E3AF40B9E18F40B93F000071C4C8407A90
:10A6E000ED0000543F00066B20D0861AE700004BB7
:10A6F000C600004B2100004BE18F00B9FB01003484
:10A70000E07B40B9E04C003483510035E10314AAEA
:10A71000E2031B2AE00313AAE79300B9E69B00B902
:10A72000E5A700B983FCFF97E79340B9F40300AABB
:10A73000E69B40B9E5A740B9E00313AA2100805287
:10A74000E79300B9E69B00B9E5A700B9CDFBFF97F9
:10A75000E5A740B9FB0300AAE79340B9E69B40B9DF
:10A7600065380035FF0600718D1C005420008052B2
:10A77000C000000B00100072003100540104805230
:10A780002100004B3F1000712D4400548103805282
:10A790002000004BE18F40B9E700000BC600000B22
:10A7A0002100000BE18F00B9FF0000714D01005442
:10A7B000E10314AAE203072AE00313AAE69300B90F
:10A7C000E59B00B9A3FCFF97E69340B9F40300AA08
:10A7D000E59B40B9DF0000710D010054E1031BAAA5
:10A7E000E203062AE00313AAE59300B999FCFF9758
:10A7F000FB0300AAE59340B9E0A340B9FF0A00714A
:10A80000E4D79F1AE0180035BF02007184D8407A5F
:10A81000E00D00549527003503008052A2008052BD
:10A82000E1031BAAE00313AA0AFBFF97FB0300AA9C
:10A83000E1031BAAE00314AAF70316AAE1FCFF97A1
:10A840001F0000710D260054E08B40B9D606009120
:10A850001C04001120068052E0020039E1031BAA0B
:10A86000E00313AAF3FAFF97590800B4E10319AA09
:10A87000E00313AAEFFAFF973E0000142100805274
:10A88000E1A300B907008052E600F83725D9FF366A
:10A89000E700054BFB03054BE58B00B90500805233
:10A8A000C7FEFF172700805206008052E700004BCA
:10A8B000F7FFFF17A100621E2020601EE1079F1A0C
:10A8C000A500014BABFEFF17E203024B0020C21AAA
:10A8D00090FEFF1739008052FF0E00714031005486
:10A8E0000CD8FF54FF0A0071C05300547F5A00B9BE
:10A8F000E00313AA01008052E77B00B9E697112913
:10A90000A8FAFF97E77B40B9F60300AAE69751291A
:10A91000A05100B4000080121A008052E303002A04
:10A92000F503002A762A00F9F97B00B9E0AB00B9FB
:10A930004DFFFF17A5040051FFA300B9D2FFFF1779
:10A940001F0016EBA0420054E20300AA01FC5F388E
:10A950003FE4007160FFFF5421040011211C00122C
:10A96000F70316AAF60302AA010000391F2003D537
:10A97000E10314AAE00313AAAEFAFF97DF0200393D
:10A98000E14340F980070011200000B998C8FFB4E6
:10A99000160300F942FEFF1720008052B7008052D4
:10A9A000E07B00B9E08B40B94003000BE0AB00B99D
:10A9B00015040011BF020071A0C69F1A92FEFF1776
:10A9C00057008052FF7B00B98AFEFF17E07B40B939
:10A9D000000E0034E28F40B95F000071ED000054BA
:10A9E000E10319AAE00313AAE57B00B919FCFF975C
:10A9F000E57B40B9F90300AAF93F00F9453E00356F
:10AA0000D5C2358B80030012F64B00F9E0A700B9E0
:10AA1000E1031BAAE00314AA82FDFF971AC00011EC
:10AA2000E10319AAE0A300B9E00314AA65FCFF97AB
:10AA3000E23F40F9E1031BAAE08F00B9E00313AA4B
:10AA400074FCFF97E10300AA001040B980110035A3
:10AA5000E00314AAE14F00F95AFCFF97E203002A31
:10AA6000E14F40F9E00313AAE29B00B971FAFF97A6
:10AA7000E29B40B9E002022AC0140035E0A740B9C9
:10AA8000E03F0034E08F40B96012F837E04B40F906
:10AA90001A140038E04B00F9BF0200EB003D0054EF
:10AAA000E10314AA0300805242018052E00313AA7A
:10AAB00068FAFF97F40300AAE03F40F9E10319AAFE
:10AAC00003008052420180523F0300EBE00313AACF
:10AAD000E01000545FFAFF97F90300AAE13F40F944
:10AAE000E00313AA030080524201805259FAFF97F3
:10AAF000E03F00F9C7FFFF179FCF40F281E3FF540B
:10AB000080FF60D31F286CF220E3FF5425008052A1
:10AB1000E7040011C6040011E003052A15FFFF1722
:10AB2000E1031BAAE00314AAE59300B9E49B00B972
:10AB300024FCFF97E59340B9E49B40B960E6FF36FB
:10AB4000E08B40B9E10314AA030080524201805215
:10AB500000040051E08B00B9E00313AAE59300B9AB
:10AB6000E49B00B93BFAFF97F40300AAE07B40B9ED
:10AB7000E59340B9E49B40B9E0390035E0AB40B91A
:10AB80001F000071F503002A84D8407A41E4FF5485
:10AB9000170080D207000014E10314AAE00313AAEF
:10ABA00003008052420180522AFAFF97F40300AA60
:10ABB000E1031BAAE00314AA1AFDFF971AC00011B3
:10ABC000DA6A3738F7060091BF02176B6CFEFF5444
:10ABD000BF020071B5060051200080D215D4959AAD
:10ABE000D502158B170080D222008052E10314AAEF
:10ABF000E00313AA97FBFF97E1031BAAF40300AA43
:10AC0000F0FBFF971F0000718C0000543D01001401
:10AC1000BF0216EB80280054E20315AAB50600D146
:10AC200040F05F381FE4007140FFFF54FC8B40B9D7
:10AC300000040011A0020039E1031BAAE00313AADB
:10AC4000E23F00F9FBF9FF97E23F40F9B91D00B47C
:10AC5000FF0200F1E41259FAC0000054E10317AA00
:10AC6000E00313AAE23F00F9F2F9FF97E23F40F94F
:10AC7000F70316AAF60302AAFDFEFF17E00313AAC4
:10AC8000ECF9FF97E08F40B9C000F837E08F40B98A
:10AC90009C030012E002002A9C03002ABC04003539
:10ACA00022008052E10314AAE00313AA69FBFF9774
:10ACB000E1031BAAF40300AAC2FBFF971F00007167
:10ACC0008D3100545FE70071002C0054E0A340B9BF
:10ACD0001AC40011E24B40F9F70319AAF93F40F9F1
:10ACE000FC8B40B95A140038D4FFFF17D9F9FF97ED
:10ACF000F90300AAE03F00F946FFFF171B0080D2CE
:10AD0000190080D2FC033A2AF70316AAD4FEFF17D3
:10AD1000E08F40B94030F837E1A740B9E002002A9F
:10AD20002000002AC02F00345F0000710DEBFF549B
:10AD30005FE70071A0280054E24B40F95A07001168
:10AD4000F70319AAFC8B40B9F93F40F95A140038AF
:10AD5000BAFFFF174200621E0090631E0298BF52A6
:10AD60004000411F0000669E01FC60D32100020BE1
:10AD7000207C60B30290621E0000679E2138621E34
:10AD80003020601E6C0600540040611E3020601EA2
:10AD900064FBFF5433FEFF17800380527EFEFF17D3
:10ADA000E0130054E08B40B9210000B021403E91F7
:10ADB000E003004B020C4092007C0413227862FCFA
:10ADC0002209621EC02900344140601E210000B0EB
:10ADD00021803D9108008052420080521F2003D5FF
:10ADE000A0000036200040FD42040011E803042AC0
:10ADF0002108601E007C01132120009120FFFF35F7
:10AE00001F010071211C621EDEFDFF17E3031B2AD8
:10AE1000190080D2FF7B00B9E78F00B92EFEFF1723
:10AE2000200000B000403E915F030071A0BA407A5C
:10AE300001D861FCEC15005435F6FF350090621E18
:10AE40002108601E8003679E3020601E8AF5FF5433
:10AE5000F70316AA1B0080D2190080D27BFEFF17D1
:10AE60003A008052F5031A2A96FDFF17E10300AA63
:10AE7000E203052AE00313AAE79300B9E69B00B9B1
:10AE8000ACFAFF97E79340B9FB0300AAE69B40B9F1
:10AE9000FF0600710D02005405008052601740B992
:10AEA000E79300B900040051E69B00B9E5A700B99B
:10AEB00060CB208B001840B9AAF9FF97010480529B
:10AEC000E79340B9E69B40B92000004BE5A740B9A5
:10AED00028FEFF179FCF40F201FEFF5480FF60D392
:10AEE0001F286CF2A0FDFF54E7040011C6040011F6
:10AEF00025008052EAFFFF172141601E4200805268
:10AF000094FDFF17FF7B00B9A7FEFF17C0020039B1
:10AF10004208631EC042248BE20309AA0390641E08
:10AF20009F040071401C00542108631E2100781EFC
:10AF30002000621E21C00011411400382138601E1B
:10AF40001F0002EB21FFFF5400106C1E4328601EFF
:10AF50007020611EA4CFFF540038621E1020611EB5
:10AF60008C040054E0BF40B93C01669E1F00007194
:10AF7000E08B40B900A84E7AACF4FF54E08B40B9A6
:10AF8000F70316AAF60309AA01D960FC2019611E6D
:10AF900060040051C002008B0390641E0100781E03
:10AFA0002000621E22C00011E202003900A4411FED
:10AFB000BF06007141010054970000140218611E81
:10AFC0004100781E2200621E22C00011C216003805
:10AFD0004080411F1F0016EB001200540008631E42
:10AFE0000820601EC1FEFF54FC8B40B961FEFF17B4
:10AFF000E20300AA01FC5F383FC00071A0FFFF54CC
:10B00000F70316AAF60302AA5AFEFF178107805219
:10B010002000004BA0BCFF54DFFDFF172141601E44
:10B020004200805257FDFF1775E9FF34E4AB40B989
:10B030009F0000716DB1FF54420400110390641E23
:10B040000090631EE08B40B94200621E2108631E1F
:10B050001C0400510898BF522000421F0000669E49
:10B0600001FC60D32100080B207C60B355FDFF1765
:10B07000E1A740B98109003400CC1011E3031B2A79
:10B08000C600000BE78F00B9E700000B86FDFF1735
:10B09000F7C21A9182FCFF17F7821A9180FCFF1702
:10B0A000E10314AAE2031B2AE00313AAE79300B901
:10B0B000E69B00B9E5A700B91EFAFF97E79340B9F0
:10B0C000F40300AAE69B40B9E5A740B99BFDFF1732
:10B0D00060001B4BC600150BFB03032AA500000BE9
:10B0E00003008052E78F00B9A702070B6EFDFF1720
:10B0F000F70316AA8903679ED6060091A4FFFF17DF
:10B1000041000054BAD80737E20315AAB50600D1AA
:10B1100040F05F381FC0007180FFFF54FC8B40B9C6
:10B12000C6FEFF17E08B40B91C04001120068052B8
:10B13000C0020039C1FEFF17E203032AE10319AA86
:10B14000E00313AAE39300B9E79B00B9E6A700B9AF
:10B15000E5AF00B9F7F9FF97E20314AAF90300AAD3
:10B16000E10319AAE00313AA76F9FF97E10314AAF1
:10B17000F40300AAE00313AAAEF8FF97E39340B9E3
:10B18000E79B40B9E6A740B97B03036BE5AF40B945
:10B1900040ADFF545EFDFF179C0700112106805251
:10B1A000F0FDFF17E1BB40B9C0068052E3031B2A44
:10B1B000E78F00B90000014BC600000BE700000B51
:10B1C00039FDFF17210B40B9E00313AA75F8FF976B
:10B1D000FA0300AAA00A00B4221780B92143009103
:10B1E000004000914208009142F47ED325E3FF978E
:10B1F000E1031AAAE00313AA2200805215FAFF976E
:10B20000E03F00F9FFFDFF17F70316AAF60300AAB7
:10B21000D8FDFF17E00316AA0028601E1020611E4B
:10B220000C0200540020611E41000054A1010037AF
:10B23000FC8B40B9F60300AACEFDFF17F70319AA4D
:10B24000F93F40F969FEFF17F54B40F9F70319AADA
:10B25000F93F40F920078052A01600386FFEFF1713
:10B26000FC8B40B9F60317AAB8FDFF17C600150BF3
:10B27000E78F00B9A702070B0BFDFF175FE700710F
:10B2800040FEFF54E24B40F9F70319AAFC0751298D
:10B29000E0A340B93F00007100C40011F93F40F93C
:10B2A0001AC09A1A5A14003864FEFF17E00309AA5C
:10B2B00026FFFF17E10319AAE00313AA0300805237
:10B2C00042018052E57B00B9E49300B961F8FF9731
:10B2D000F5AB40B9F90300AAE49340B9BF0200718D
:10B2E00084D8407A21010054E57B40B9BAFDFF17AC
:10B2F00021CFFF549ACE073777FEFF174140601EDB
:10B30000420080529FFCFF17F5AB40B942FDFF178A
:10B31000F70316AAF60309AA96FDFF175F0000714E
:10B320000CCCFF546CFEFF17030000D0000000D0CF
:10B3300063A0189100E01A91020080D2E15D805272
:10B34000CC9EFF97030000D0000000D063A01891AE
:10B3500000E01A91020080D2E1358052C59EFF972D
:10B36000FF7B00B923FCFF17000000000000000075
:10B370000200669E1F0000B90402B01241F860D3BB
:10B3800043FC60D33F00046BE80200542200022A11
:10B39000A2020034040080527F286CF22101005484
:10B3A000016AE8D22100679EA40680120008611E8F
:10B3B0000100669E21FC60D3E303012A217800127C
:10B3C0000200669E63500112217C141363200B322D
:10B3D00021F80F512100040B010000B9627C60B319
:10B3E0004000679EC0035FD6000000000000000020
:10B3F000FD7BBEA9FD030091F35301A9340000B009
:10B40000F30300AA9F1207B9E003012AE10302AA8D
:10B4100014D7FF971F04003180000054F35341A953
:10B42000FD7BC2A8C0035FD6811247B981FFFF34FC
:10B43000610200B9F35341A9FD7BC2A8C0035FD6E6
:10B44000FD7BBEA9FD030091F35301A9340000B0B8
:10B45000F30300AA9F1207B9E003012A0DD7FF9753
:10B460001F04003180000054F35341A9FD7BC2A8A2
:10B47000C0035FD6811247B981FFFF34610200B972
:10B48000F35341A9FD7BC2A8C0035FD600000000B2
:10B49000FD7BBCA9FD030091F35301A9F403012A2C
:10B4A000F30302AAF51300F9F50300AA4DE2FF9792
:10B4B0001F04007181000054800600511FF80371C1
:10B4C000A904005463A20291E203142AE1E300916B
:10B4D000E00315AA57F6FF971F0400B100040054BB
:10B4E000C00100B4630E40B9E1E340396304005188
:10B4F000630E00B9A300F836642A40B97F00046BDC
:10B5000024A84A7A40010054630240F9640400917F
:10B51000640200F961000039F51340F9E003142AD0
:10B52000F35341A9FD7BC4A8C0035FD6E20313AA6D
:10B53000E00315AA370000941F040031E1FEFF5418
:10B5400000008012F35341A9F51340F9FD7BC4A814
:10B55000C0035FD6F4E30039E3FFFF1760224079B0
:10B5600000001A326022007900008012F6FFFF17F7
:10B57000FD7BBDA9FD030091F35301A9F40300AACB
:10B5800040B040B9F30302AA4220C079400000371E
:10B5900022034836C200683760B240B94200133215
:10B5A000622200790000133260B200B9E00314AAED
:10B5B000E20313AAB7FFFF97F403002A61B240B970
:10B5C0006100003760224079A0004836E003142A69
:10B5D000F35341A9FD7BC3A8C0035FD6605240F975
:10B5E00044F6FF97E003142AF35341A9FD7BC3A857
:10B5F000C0035FD6605240F9E12F00B939F6FF97DA
:10B600006222C079E12F40B9E3FFFF17000000007C
:10B61000FD7BBDA9FD030091F35301A9F403012AA9
:10B62000F30302AAF55B02A9F50300AA600000B4C7
:10B63000012440F9610800B46022C079612A40B950
:10B64000610E00B9E0031836610E40F9A10300B4A1
:10B65000961E0012941E001260046836600240F9C3
:10B66000622240B9010001CB5F00016B0D0500545F
:10B6700021040011620E40B903040091630200F935
:10B6800042040051620E00B916000039602240B930
:10B690001F00016BA00400549F2A007160224079B2
:10B6A000E1179F1A3F00006A01040054F55B42A9AC
:10B6B000E003142AF35341A9FD7BC3A8C0035FD65E
:10B6C000E10313AAE00315AA96F6FF97600300357D
:10B6D0006022C079961E0012610E40F9941E00127D
:10B6E000E0FB6F3762B240B900001332602200798C
:10B6F0004078121260B200B9600240F9622240B98B
:10B70000010001CB5F00016B4CFBFF54E10313AA66
:10B71000E00315AA43E3FF9700010035600240F9FA
:10B7200021008052D4FFFF17E10313AAE00315AAFA
:10B730003CE3FF97C0FBFF3414008012DCFFFF17CF
:10B74000E8E3FF97BDFFFF170000000000000000C6
:10B75000FD7BB8A9BF0000F1FD030091F35301A9DF
:10B76000F40300AA00100591F55B02A9F60302AAF2
:10B77000F50301AAF76303A9F70306AAF96B04A965
:10B780001900859AFB7305A95C0040F9010900B412
:10B79000F30304AA840A00B47A0400D1430A00B473
:10B7A0001B0080D2F53700F90A000014F50300B53C
:10B7B000804740B8400600349F0013EB82090054D4
:10B7C0005A0700D1FB0304AA5F0700B1E00100544F
:10B7D000E47240F9E30319AA820340B9E1C301917D
:10B7E000380340F9E00314AA80003FD61F0400315B
:10B7F00020060054017C409324001B8B9F0013EB18
:10B8000069FDFF54380300F9F35341A9E0031BAA73
:10B81000F55B42A9F76343A9F96B44A9FB7345A9FA
:10B82000FD7BC8A8C0035FD61F000071ED01005466
:10B83000E23740F9270080D2430400D11F2003D50E
:10B84000E2C301913F0007EB4200078B42F05F38F3
:10B8500062682738E704009141FFFF54E13740F95F
:10B860002040208BE03700F9C00240F90010009121
:10B87000C00200F9804740B800FAFF35550000B417
:10B88000DF0200F93F0300B99B0400D1F35341A943
:10B89000E0031BAAF55B42A9F76343A9F96B44A92E
:10B8A000FB7345A9FD7BC8A8C0035FD61300809237
:10B8B000BAFFFF1740118052800200B93F0300B960
:10B8C0001B008092F35341A9E0031BAAF55B42A938
:10B8D000F76343A9F96B44A9FB7345A9FD7BC8A88D
:10B8E000C0035FD61B0080D2C8FFFF17FB0304AA6A
:10B8F000C6FFFF170000000000000000000000006D
:10B90000000000B0060000B0C6C01B91004C44F916
:10B9100090FFFF1700000000000000000000000082
:10B92000FD7BBEA90200669E0300AE9EFD03009152
:10B93000F30B00F904443BD5E00303AA61FC7FD379
:10B9400063F870D3E50301AA00BC7DD367040091BE
:10B95000261C0012E80301AA00F442AA41F07DD39C
:10B96000FF347FF220090054E77F87926300078B42
:10B970007FF81FF1ED02005484046AF2C0070054FE
:10B980009F0050F1201500549F0060F1E0179F1AAE
:10B99000DF00006A010700549F0050F1C0150054F9
:10B9A0009F0060F1E0179F1ADF00006A4106005413
:10B9B0001302F0928002805273FE05AACD0000941B
:10B9C0006002679EF30B40F9FD7BC2A8C0035FD6FF
:10B9D0007F0000F1AD0A0054FF1F02EB020080520D
:10B9E000E7079F9AE1F041AA211000AA3F0000F169
:10B9F000E0079F1A4000000A3F0840F2C0150054BB
:10BA000084046A929F0050F1400200549F0060F14C
:10BA1000000D0054840C00B5220C40925F1000F120
:10BA2000A10A005421D843D363280012020080D217
:10BA30006012003422CC40B30003805262284CB321
:10BA4000C20041B3F30302AAAA000094DDFFFF176E
:10BA5000C50B00B521200091220049922009003534
:10BA6000620B00B4620400917FF81FF16111005471
:10BA700044F9FFB5B30041D380028052732A4CB21F
:10BA80009C000094CFFFFF17020001AA030200B53B
:10BA9000B30041D362F9FFB484046A929F0050F16D
:10BAA000E00C00549F0060F1600B00549F0000F117
:10BAB000A00080D201049F9A080080D221D843D3ED
:10BAC000082900120003805233000014220200B43F
:10BAD000E2FF8FD201F0C19300FC72D37F0002EB32
:10BAE00021FC43D30000005221004DB200009F1AF8
:10BAF000F3FF805233D013AA73FE05AA00F6FF3578
:10BB00006002679EF30B40F9FD7BC2A8C0035FD6BD
:10BB1000B30041D3732A4CB26002679EF30B40F925
:10BB2000FD7BC2A8C0035FD67FD000B16BFBFF5482
:10BB3000A70780D2E80003CB00004DB21FFD00F143
:10BB4000EC040054680C0011E700034B2200805203
:10BB5000030080D22920C89A3F0100F1E9079F9A8B
:10BB60002124C79A210009AA0020C89A010001AA2D
:10BB70009FFFFF17211000912200499220F7FF3408
:10BB8000420100B468040091010080D2082900122B
:10BB90000003805228D008AA13FD05AA550000947E
:10BBA00088FFFF1740010034E80303AAC4FFFF1712
:10BBB00025F5FFB5C0000034E80303AAE30308AA93
:10BBC000E80303AABEFFFF1700FFFF3521D843D3C8
:10BBD0006828001200028052EFFFFF17620C01116B
:10BBE0001F0101F147008012E300034B0220C29ABB
:10BBF000220002AA4110819A0024C39A3F0000F15A
:10BC000022008052E1079F9A030080D2210000AAFF
:10BC100077FFFF17210080D225FDFFB4080080D2F6
:10BC2000210180D2A6FFFF17650100B513FEEFD2F8
:10BC3000800280522F00009462FFFF17210180D202
:10BC4000E5F3FFB4030080D2210080D2E80303AA09
:10BC50009BFFFF17BF0000F10002E09201FEEFD250
:10BC60000000679E2100679E80028052001C611EBA
:10BC70001300669E1F00009452FFFF1722CC40B3B2
:10BC80000002805262284CB3C20041B3F30302AAFF
:10BC9000180000944BFFFF170302FC920002805231
:10BCA000610C418A22D002AA53FC05AA110000941B
:10BCB00044FFFF1721D843D373280012E00000355A
:10BCC000020080D222CC40B3622A4CB3C20041B3FE
:10BCD000F30302AA3BFFFF17802C0B5300701D5388
:10BCE00085FFFF17000000000000000000000000BA
:10BCF000800000360104000F2018211E21443BD58E
:10BD0000A000083601102E1E0204000F2018221E6B
:10BD100021443BD500011036C2B598520110B01233
:10BD2000A293AE722100271E4200271E2028221E49
:10BD300021443BD5800018360144040F2008211E01
:10BD400021443BD5C00020360010B01202102E1E38
:10BD50000100271E2038221E20443BD5C0035FD699
:10BD60001000000000000000017A520004781E015B
:10BD70001B0C1F001000000018000000C476FFFF1D
:10BD80003001000000000000100000000000000072
:10BD9000017A520004781E011B0C1F0010000000E5
:10BDA00018000000DC80FFFF2C02000000000000F3
:10BDB0001000000000000000017A520004781E010B
:10BDC0001B0C1F001000000018000000B489FFFFCA
:10BDD000040100000000000010000000000000004E
:10BDE000017A520004781E011B0C1F001000000095
:10BDF0001800000000000000CC000000000000005F
:10BE00001000000000000000017A520004781E01BA
:10BE10001B0C1F00100000001800000000000000B4
:10BE200034010000000000001000000000000000CD
:10BE3000017A520004781E011B0C1F001000000044
:10BE400018000000000000002C01000000000000AD
:10BE50001000000000000000017A520004781E016A
:10BE60001B0C1F0010000000180000000000000064
:10BE7000B4010000000000001000000000000000FD
:10BE8000017A520004781E011B0C1F0010000000F4
:10BE900018000000ACD1FFFFDC0000000000000033
:10BEA000FFFFFF4300000048FFFF7F48FFFFFF50F8
:10BEB00000000058FFFFFF5F0600000000000000C8
:10BEC000000000000000000010350000000000002D
:10BED000FFFFFFFFFFFFFFFF000002000000000068
:10BEE0000000000000000000000000000000000052
:10BEF000E0BE011000000000E0BE011000000000E4
:10BF0000F0BE011000000000F0BE011000000000B3
:10BF100000BF01100000000000BF01100000000081
:10BF200010BF01100000000010BF01100000000051
:10BF300020BF01100000000020BF01100000000021
:10BF400030BF01100000000030BF011000000000F1
:10BF500040BF01100000000040BF011000000000C1
:10BF600050BF01100000000050BF01100000000091
:10BF700060BF01100000000060BF01100000000061
:10BF800070BF01100000000070BF01100000000031
:10BF900080BF01100000000080BF01100000000001
:10BFA00090BF01100000000090BF011000000000D1
:10BFB000A0BF011000000000A0BF011000000000A1
:10BFC000B0BF011000000000B0BF01100000000071
:10BFD000C0BF011000000000C0BF01100000000041
:10BFE000D0BF011000000000D0BF01100000000011
:10BFF000E0BF011000000000E0BF011000000000E1
:10C00000F0BF011000000000F0BF011000000000B0
:10C0100000C001100000000000C00110000000007E
:10C0200010C001100000000010C00110000000004E
:10C0300020C001100000000020C00110000000001E
:10C0400030C001100000000030C0011000000000EE
:10C0500040C001100000000040C0011000000000BE
:10C0600050C001100000000050C00110000000008E
:10C0700060C001100000000060C00110000000005E
:10C0800070C001100000000070C00110000000002E
:10C0900080C001100000000080C0011000000000FE
:10C0A00090C001100000000090C0011000000000CE
:10C0B000A0C0011000000000A0C00110000000009E
:10C0C000B0C0011000000000B0C00110000000006E
:10C0D000C0C0011000000000C0C00110000000003E
:10C0E000D0C0011000000000D0C00110000000000E
:10C0F000E0C0011000000000E0C0011000000000DE
:10C10000F0C0011000000000F0C0011000000000AD
:10C1100000C101100000000000C10110000000007B
:10C1200010C101100000000010C10110000000004B
:10C1300020C101100000000020C10110000000001B
:10C1400030C101100000000030C1011000000000EB
:10C1500040C101100000000040C1011000000000BB
:10C1600050C101100000000050C10110000000008B
:10C1700060C101100000000060C10110000000005B
:10C1800070C101100000000070C10110000000002B
:10C1900080C101100000000080C1011000000000FB
:10C1A00090C101100000000090C1011000000000CB
:10C1B000A0C1011000000000A0C10110000000009B
:10C1C000B0C1011000000000B0C10110000000006B
:10C1D000C0C1011000000000C0C10110000000003B
:10C1E000D0C1011000000000D0C10110000000000B
:10C1F000E0C1011000000000E0C1011000000000DB
:10C20000F0C1011000000000F0C1011000000000AA
:10C2100000C201100000000000C201100000000078
:10C2200010C201100000000010C201100000000048
:10C2300020C201100000000020C201100000000018
:10C2400030C201100000000030C2011000000000E8
:10C2500040C201100000000040C2011000000000B8
:10C2600050C201100000000050C201100000000088
:10C2700060C201100000000060C201100000000058
:10C2800070C201100000000070C201100000000028
:10C2900080C201100000000080C2011000000000F8
:10C2A00090C201100000000090C2011000000000C8
:10C2B000A0C2011000000000A0C201100000000098
:10C2C000B0C2011000000000B0C201100000000068
:10C2D000C0C2011000000000C0C201100000000038
:10C2E000D0C2011000000000D0C201100000000008
:10C2F000E0C2011000000000E0C2011000000000D8
:10C30000F0C2011000000000F0C2011000000000A7
:10C3100000C301100000000000C301100000000075
:10C3200010C301100000000010C301100000000045
:10C3300020C301100000000020C301100000000015
:10C3400030C301100000000030C3011000000000E5
:10C3500040C301100000000040C3011000000000B5
:10C3600050C301100000000050C301100000000085
:10C3700060C301100000000060C301100000000055
:10C3800070C301100000000070C301100000000025
:10C3900080C301100000000080C3011000000000F5
:10C3A00090C301100000000090C3011000000000C5
:10C3B000A0C3011000000000A0C301100000000095
:10C3C000B0C3011000000000B0C301100000000065
:10C3D000C0C3011000000000C0C301100000000035
:10C3E000D0C3011000000000D0C301100000000005
:10C3F000E0C3011000000000E0C3011000000000D5
:10C40000F0C3011000000000F0C3011000000000A4
:10C4100000C401100000000000C401100000000072
:10C4200010C401100000000010C401100000000042
:10C4300020C401100000000020C401100000000012
:10C4400030C401100000000030C4011000000000E2
:10C4500040C401100000000040C4011000000000B2
:10C4600050C401100000000050C401100000000082
:10C4700060C401100000000060C401100000000052
:10C4800070C401100000000070C401100000000022
:10C4900080C401100000000080C4011000000000F2
:10C4A00090C401100000000090C4011000000000C2
:10C4B000A0C4011000000000A0C401100000000092
:10C4C000B0C4011000000000B0C401100000000062
:10C4D000C0C4011000000000C0C401100000000032
:10C4E000D0C4011000000000D0C401100000000002
:10C4F000E0C4011000000000E0C4011000000000D2
:10C50000F0C4011000000000F0C4011000000000A1
:10C5100000C501100000000000C50110000000006F
:10C5200010C501100000000010C50110000000003F
:10C5300020C501100000000020C50110000000000F
:10C5400030C501100000000030C5011000000000DF
:10C5500040C501100000000040C5011000000000AF
:10C5600050C501100000000050C50110000000007F
:10C5700060C501100000000060C50110000000004F
:10C5800070C501100000000070C50110000000001F
:10C5900080C501100000000080C5011000000000EF
:10C5A00090C501100000000090C5011000000000BF
:10C5B000A0C5011000000000A0C50110000000008F
:10C5C000B0C5011000000000B0C50110000000005F
:10C5D000C0C5011000000000C0C50110000000002F
:10C5E000D0C5011000000000D0C5011000000000FF
:10C5F000E0C5011000000000E0C5011000000000CF
:10C60000F0C5011000000000F0C50110000000009E
:10C6100000C601100000000000C60110000000006C
:10C6200010C601100000000010C60110000000003C
:10C6300020C601100000000020C60110000000000C
:10C6400030C601100000000030C6011000000000DC
:10C6500040C601100000000040C6011000000000AC
:10C6600050C601100000000050C60110000000007C
:10C6700060C601100000000060C60110000000004C
:10C6800070C601100000000070C60110000000001C
:10C6900080C601100000000080C6011000000000EC
:10C6A00090C601100000000090C6011000000000BC
:10C6B000A0C6011000000000A0C60110000000008C
:10C6C000B0C6011000000000B0C60110000000005C
:10C6D000C0C6011000000000C0C60110000000002C
:10C6E000D0C6011000000000D0C6011000000000FC
:10C6F00043000000000000000000000000000000F7
:10C700000000000000000000000000000000000029
:10C7100043000000000000000000000000000000D6
:10C720000000000000000000000000000000000009
:10C7300043000000000000000000000000000000B6
:10C7400000000000000000000000000000000000E9
:10C750004300000000000000000000000000000096
:10C7600000000000000000000000000000000000C9
:10C770004300000000000000000000000000000076
:10C7800000000000000000000000000000000000A9
:10C790004300000000000000000000000000000056
:10C7A0000000000000000000000000000000000089
:10C7B0004300000000000000000000000000000036
:10C7C0000000000000000000000000000000000069
:10C7D0001053011000000000E08D01100000000067
:10C7E000000000000000000070FD011000000000CB
:10C7F00068D501100000000060D3011000000000A7
:10C8000060D301100000000060D3011000000000A0
:10C8100060D301100000000060D301100000000090
:10C8200060D301100000000060D301100000000080
:10C8300060D301100000000060D301100000000070
:10C84000FFFFFFFFFFFFFFFFFFFFFFFFFFFF0000F6
:10C85000010041534349490000000000000000006E
:10C8600000000000000000000000000000000000C8
:10C87000000041534349490000000000000000004F
:10C8800000000000000000000000000000000000A8
:10C890000000000000000000A0C80110000000001F
:10C8A0000000000000000000180702100000000057
:10C8B000D0070210000000008808021000000000ED
:10C8C0000000000000000000000000000000000068
:10C8D0000000000000000000000000000000000058
:10C8E0000000000000000000000000000000000048
:10C8F0000000000000000000000000000000000038
:10C900000000000000000000000000000000000027
:10C910000000000000000000000000000000000017
:10C920000000000000000000000000000000000007
:10C9300000000000000000000000000000000000F7
:10C9400000000000000000000000000000000000E7
:10C9500000000000000000000000000000000000D7
:10C9600000000000000000000000000000000000C7
:10C9700001000000000000000E33CDAB34126DE664
:10C98000ECDE05000B0000000000000000000000CD
:10C990000000000000000000000000000000000097
:10C9A0000000000000000000000000000000000087
:10C9B0000000000000000000000000000000000077
:10C9C0000000000000000000000000000000000067
:10C9D0000000000000000000000000000000000057
:10C9E0000000000000000000000000000000000047
:10C9F0000000000000000000000000000000000037
:10CA000003000000000000001807021000000000F2
:10CA1000525F585350495F515350495F44697265A2
:10CA200063745472616E736665722041504920666A
:10CA30006F72207265616420737461747573207203
:10CA40006567697374657220636F6D6D616E6420D4
:10CA50006661696C65640D0A00000000000000005A
:10CA60005B4552525D20496E2046756E6374696F56
:10CA70006E3A2025730000000D0A52657475726EBF
:10CA80006564204572726F7220436F64653A20308E
:10CA900078257820200D0A00526561642073746146
:10CAA00074757320726567697374657220636F6D46
:10CAB0006D616E64207375636365737366756C3A3C
:10CAC00020636D643D3078253032582C206C656EC3
:10CAD0003D25750D0A000000525F585350495F51C3
:10CAE0005350495F4469726563745472616E736632
:10CAF00065722041504920666F72207772697465B3
:10CB000020656E61626C6520636F6D6D616E64207F
:10CB10006661696C65640D0A000000000000000099
:10CB2000577269746520656E61626C6520636F6D14
:10CB30006D616E64207375636365737366756C3ABB
:10CB400020636D643D307825303258206C656E3D31
:10CB500025750D0A00000000525F585350495F517F
:10CB60005350495F4469726563745472616E7366B1
:10CB700065722041504920666F7220777269746532
:10CB8000207374617475732072656769737465725C
:10CB900020636F6D6D616E64206661696C65640D04
:10CBA0000A00000000000000577269746520737469
:10CBB0006174757320726567697374657220636F41
:10CBC0006D6D616E64207375636365737366756CF8
:10CBD0003A20636D643D307825303258206C656EA4
:10CBE0003D25750D0A000000525F585350495F51B2
:10CBF0005350495F53706950726F746F636F6C5319
:10CC000065742041504920666F722031532D345392
:10CC10002D34532070726F746F636F6C206661697E
:10CC20006C65640D0A000000525F585350495F5113
:10CC30005350495F53706950726F746F636F6C53D8
:10CC400065742041504920666F722031532D345352
:10CC50002D34532070726F746F636F6C2073756323
:10CC60006365737366756C0D0000000000000000C2
:10CC7000525F585350495F515350495F5370695048
:10CC8000726F746F636F6C536574204150492066F6
:10CC90006F722031532D31532D31532070726F74C8
:10CCA0006F636F6C206661696C65640D0A0000003B
:10CCB000525F585350495F515350495F5370695008
:10CCC000726F746F636F6C536574204150492066B6
:10CCD0006F722031532D31532D31532070726F7488
:10CCE0006F636F6C207375636365737366756C0D2A
:10CCF0000000000000000000577269746520737422
:10CD00006174757320726567697374657220636FEF
:10CD10006D6D616E64207375636365737366756CA6
:10CD20003A20636D643D3078253032580D0A00009A
:10CD3000342E312E300000000D0A2A2A2A2A2A2AEF
:10CD40002A2A2A2A2A2A2A2A2A2A2A2A2A2A2A2A43
:10CD50002A2A2A2A2A2A2A2A2A2A2A2A2A2A2A2A33
:10CD60002A2A2A2A2A2A2A2A2A2A2A2A2A2A2A2A23
:10CD70002A2A2A2A2A2A2A2A2A2A2A2A2A2A2A2A13
:10CD80002A2A2A2A2A2A2A2A2A2A0D0A2A2020205E
:10CD900052656E6573617320465350204578616D0E
:10CDA000706C652050726F6A65637420666F7220C4
:10CDB000725F787370695F71737069204D6F64750D
:10CDC0006C652020202020202020202020202020D2
:10CDD00020202020202020202020202A0D0A2A2068
:10CDE00020204578616D706C652050726F6A6563B4
:10CDF000742056657273696F6E2025732020202081
:10CE00002020202020202020202020202020202022
:10CE10002020202020202020202020202020202012
:10CE2000202020202020202020202A0D0A2A202017
:10CE300020466C657820536F667477617265205068
:10CE400061636B2056657273696F6E2025642E25B1
:10CE5000642E256420202020202020202020202037
:10CE600020202020202020202020202020202020C2
:10CE70002020202020202020202020202020202AA8
:10CE80000D0A2A2A2A2A2A2A2A2A2A2A2A2A2A2A3F
:10CE90002A2A2A2A2A2A2A2A2A2A2A2A2A2A2A2AF2
:10CEA0002A2A2A2A2A2A2A2A2A2A2A2A2A2A2A2AE2
:10CEB0002A2A2A2A2A2A2A2A2A2A2A2A2A2A2A2AD2
:10CEC0002A2A2A2A2A2A2A2A2A2A2A2A2A2A2A2AC2
:10CED0002A2A0D0A526566657220746F2072656198
:10CEE000646D652E7478742066696C6520666F7257
:10CEF000206D6F72652064657461696C73206F6E5C
:10CF0000204578616D706C652050726F6A6563743E
:10CF100020616E640D0A4653502055736572277365
:10CF2000204D616E75616C20666F72206D6F726549
:10CF300020696E666F726D6174696F6E2061626FD9
:10CF4000757420725F787370695F717370692064A3
:10CF500072697665720D0A000D0A5468697320655E
:10CF600078616D706C652070726F6A65637420649F
:10CF7000656D6F6E73747261746573207479706916
:10CF800063616C20757365206F6620746865207816
:10CF90005350495F5153504920647269766572203D
:10CFA0007769746820616E2065787465726E616C53
:10CFB0000D0A53657269616C204E4F5220666C6198
:10CFC00073682E2055706F6E20737563636573737D
:10CFD00066756C20696E697469616C697A617469DF
:10CFE0006F6E2C207468652070726F6A65637420A0
:10CFF0006572617365732061206D656D6F72792054
:10D00000736563746F722E0D0A49737375652050D2
:10D010006167652050726F6772616D2028307830CB
:10D02000322920616E642046617374205265616408
:10D03000202830784542292061742061207465736E
:10D0400074206164647265737320616E6420766518
:10D05000726966792074686520646174612E0D0AB6
:10D0600052656164207468652073616D65206C6F22
:10D07000636174696F6E2076696120746865206DE4
:10D08000656D6F72792D6D61707065642072656772
:10D09000696F6E20286469726563742072656164CB
:10D0A0002920616E64207665726966792061676106
:10D0B000696E2E0D0A46696E616C6C792C20777250
:10D0C000697465206120736D616C6C2064617461AA
:10D0D00020746F2062756666657220616E642063DD
:10D0E0006F6E6669726D20766961206D656D6F7215
:10D0F000792D6D617070696E6720726561642E0DA7
:10D100000A416E7920415049206F72206576656E24
:10D1100074206973207072696E74656420746F2066
:10D120005465726D696E616C20456D756C61746FCC
:10D13000722E0D0A0D0000000D0A525F585350491F
:10D140005F515350495F4F70656E204150492066D2
:10D1500061696C65640D0000525F585350495F511E
:10D160005350495F45726173652041504920666F95
:10D170007220736563746F722065726173652066D7
:10D1800061696C65640D0A00536563746F72206594
:10D1900072617365207375636365737366756C0D77
:10D1A0000000000000000000457261736520646F9C
:10D1B0006E650D0000000000525F585350495F51EA
:10D1C0005350495F4469726563745472616E73664B
:10D1D000657220666F7220777269746520656E6172
:10D1E000626C6520636F6D6D616E64206661696C51
:10D1F00065640D0A00000000525F585350495F51AA
:10D200005350495F4469726563745472616E73660A
:10D21000657220666F72207772697465207375631A
:10D220006365737366756C0D0000000000000000FC
:10D23000525F585350495F515350495F446972657A
:10D2400063745472616E7366657220666F722070CB
:10D250006167652070726F6772616D20636F6D6DBD
:10D26000616E64206661696C65640D0A00000000EF
:10D27000506167652070726F6772616D20636F6DBA
:10D280006D616E64207375636365737366756C3A64
:10D2900020616464723D307825303858206C656EAA
:10D2A0003D257520646174613D3078253032580D1C
:10D2B0000A00000000000000525F585350495F51BF
:10D2C0005350495F57726974652041504920666127
:10D2D000696C65640D0A0000525F585350495F51F4
:10D2E0005350495F577269746520415049207375E6
:10D2F000636365737366756C0D00000000000000C9
:10D30000717370695F7365745F517561645F4D6FB0
:10D3100064655F656E61626C6520737563636573D8
:10D320007366756C0D000000525F585350495F5191
:10D330005350495F4469726563745472616E7366D9
:10D3400065722041504920666F72207265616420C9
:10D35000636F6D6D616E64206661696C65640D0A52
:10D3600000000000000000005265616420636F6DE2
:10D370006D616E64207375636365737366756C3A73
:10D3800020636D643D3078253032582061646472CA
:10D390003D307825303858206C656E3D2575206409
:10D3A0006174613D3078253032580D0A000000006C
:10D3B0005772697474656E206461746120616E6473
:10D3C00020726561642064617461206D69736D61B0
:10D3D0007463680D0A0000005772697474656E20EA
:10D3E0006461746120616E642072656164206461AF
:10D3F0007461206D617463680D000000000000001E
:10D4000052656164206461746120766961206D6594
:10D410006D6F72792D6D617070696E67206D6F64CC
:10D420006520616464723D3078253038582064612D
:10D4300074613D3078253032580D0A00000000003C
:10D44000566572696679207772697474656E2064B6
:10D45000617461206D617463680D0000000000005C
:10D4600045786974205175616420515049206D6F71
:10D4700064650D0000000000585350495F5153503F
:10D48000492064656D6F20636F6D706C65746564B1
:10D490000D00000000000000636F6E6400000000DB
:10D4A0002F686F6D652F6769746C61622D72756E80
:10D4B0006E65722F6275696C64732F657061702F71
:10D4C000744854385A4D3373542F302F65702D6182
:10D4D000702D6465762F727A2D65702D61702D64C4
:10D4E00065762F6578616D706C655F70726F6A65C7
:10D4F0006374732F727A6E32685F65766B2F787300
:10D5000070695F717370692F787370695F71737080
:10D51000695F727A6E32685F65766B5F636135351D
:10D520005F305F65702F653273747564696F2F7239
:10D530007A2F6673702F696E632F6170692F2E2E9C
:10D540002F2E2E2F7372632F6273702F6D63752FC2
:10D55000616C6C2F6273705F6D6F64756C655F7367
:10D56000746F702E680000002E00000000000000A4
:10D570004C435F434F4C4C415445000000000000B9
:10D580004C435F4354595045000000000000000028
:10D590004C435F4D4F4E455441525900000000002E
:10D5A0004C435F4E554D455249430000000000007A
:10D5B0004C435F54494D45004C435F4D45535341E7
:10D5C0004745530000000000494E4600000000009F
:10D5D000696E6600000000004E414E000000000031
:10D5E0006E616E0000000000303132333435363762
:10D5F0003839616263646566000000000000000065
:10D600003031323334353637383941424344454678
:10D610000000000000000000286E756C6C290000FE
:10D62000300000000000000042616C6C6F632073EA
:10D6300075636365656465640000000000000000B8
:10D640002F646174612F6A656E6B696E732F776FDB
:10D65000726B73706163652F474E552D746F6F6CDD
:10D66000636861696E2F61726D2D31332F73726340
:10D670002F6E65776C69622D63796777696E2F6E9F
:10D6800065776C69622F6C6962632F7374646C696F
:10D69000622F6D707265632E630000000000000051
:10D6A000496E66696E697479000000000000000030
:10D6B0004E614E00000000002F646174612F6A65A6
:10D6C0006E6B696E732F776F726B73706163652F0A
:10D6D000474E552D746F6F6C636861696E2F617270
:10D6E0006D2D31332F7372632F6E65776C69622DE8
:10D6F00063796777696E2F6E65776C69622F6C69E5
:10D7000062632F7374646C69622F64746F612E633B
:10D710000000000000000000000000000000000009
:10D7200000000000000000000000000000000000F9
:10D7300000000000000000000000000000000000E9
:10D7400000000000000000000000000000000000D9
:10D750000000000000000000000E000000000000BB
:10D76000000000000000000000000000000E0000AB
:10D7700000000000000000000000000000000000A9
:10D78000000E00000000000000000000000000008B
:10D7900000000000000E000000000000000000007B
:10D7A0000000000000000000020000000600000071
:10D7B000000000000001000000010000020605EB6F
:10D7C00020FF04000000000010D80110000000003D
:10D7D000D8D7011000000000010000000000000088
:10D7E0000000000000000000B8BE011000000000B2
:10D7F0000000000001000000A0BE011000000000B9
:10D8000000101C800000000000000000000000006C
:10D810002000000000100000520000000080000006
:10D82000D800000000000100C7000000FFFFFFFF5C
:10D83000700602100000000048D80110000000002F
:10D84000F8F30110000000000000000002000000DA
:10D8500000000000000000000C0000004F0200006B
:10D860000C000000500200000C00000051020000FB
:10D870000C0000004E02000000000000000000004C
:10D880000000000000000000500C0110000000002B
:10D890000000000000000000A0D8011000000000FF
:10D8A0000000000001000000000000000000000077
:10D8B000C8BE0110000000000F000000FFFF0000C4
:10D8C0000000000000000000000000000101000056
:10D8D0000050008000000000000000000000000078
:10D8E0001C0000000000000000D901100000000032
:10D8F00020D7011000000000000000000000000020
:10D90000C8C9000000010000C8C9000001010000F2
:10D91000C8C9000004010000C8C9000005010000DA
:10D92000C8C9000006010000C8C9000007010000C6
:10D9300004000000070200000400000000030000D3
:10D9400004000000010300000400000002030000C6
:10D9500018880000010800001840000002080000BC
:10D9600018400000030800001888000004080000A8
:10D9700004000000000B000004000100030E000082
:10D9800004000100060E000004000100070E000064
:10D99000040001000112000004000100071600004D
:10D9A000040001000017000002000100021B00003B
:10D9B00002000100031B000048890100041B000055
:10D9C00048890100051B000002000100061B000041
:10D9D00002000100031F000004000100061F0000F8
:10D9E0000000000000000000000000000000000037
:10D9F0000000000000000000000000000000000027
:10DA00000000000000000000000000000000000016
:10DA10000000000000000000000000000000000006
:10DA200000000000000000000000000000000000F6
:10DA300000000000000000000000000000000000E6
:10DA400000000000000000000000000000000000D6
:10DA500000000000000000000000000000000000C6
:10DA600000000000000000000000000000000000B6
:10DA700000000000000000000000000000000000A6
:10DA80000000000000000000000000000000000096
:10DA90000000000000000000000000000000000086
:10DAA0000000000000000000000000000000000076
:10DAB0000000000000000000000000000000000066
:10DAC0000000000000000000000000000000000056
:10DAD0000000000000000000000000000000000046
:10DAE0000000000000000000000000000000000036
:10DAF0000000000000000000000000000000000026
:10DB00000000000000000000000000000000000015
:10DB10000000000000000000000000000000000005
:10DB200000000000000000000000000000000000F5
:10DB300000000000000000000000000000000000E5
:10DB400000000000000000000000000000000000D5
:10DB500000000000000000000000000000000000C5
:10DB600000000000000000000000000000000000B5
:10DB700000000000000000000000000000000000A5
:10DB80000000000000000000000000000000000095
:10DB90000000000000000000000000000000000085
:10DBA0000000000000000000000000000000000075
:10DBB0000000000000000000000000000000000065
:10DBC0000000000000000000000000000000000055
:10DBD0000000000000000000000000000000000045
:10DBE0000000000000000000000000000000000035
:10DBF0000000000000000000000000000000000025
:10DC00000000000000000000000000000000000014
:10DC10000000000000000000000000000000000004
:10DC200000000000000000000000000000000000F4
:10DC300000000000000000000000000000000000E4
:10DC400000000000000000000000000000000000D4
:10DC500000000000000000000000000000000000C4
:10DC600000000000000000000000000000000000B4
:10DC700000000000000000000000000000000000A4
:10DC80000000000000000000000000000000000094
:10DC90000000000000000000000000000000000084
:10DCA0000000000000000000000000000000000074
:10DCB0000000000000000000000000000000000064
:10DCC0000000000000000000000000000000000054
:10DCD0000000000000000000000000000000000044
:10DCE0000000000000000000000000000000000034
:10DCF0000000000000000000000000000000000024
:10DD00000000000000000000000000000000000013
:10DD10000000000000000000000000000000000003
:10DD200000000000000000000000000000000000F3
:10DD300000000000000000000000000000000000E3
:10DD400000000000000000000000000000000000D3
:10DD500000000000000000000000000000000000C3
:10DD600000000000000000000000000000000000B3
:10DD700000000000000000000000000000000000A3
:10DD80000000000000000000000000000000000093
:10DD90000000000000000000000000000000000083
:10DDA0000000000000000000000000000000000073
:10DDB0000000000000000000000000000000000063
:10DDC0000000000000000000000000000000000053
:10DDD0000000000000000000000000000000000043
:10DDE0000000000000000000000000000000000033
:10DDF0000000000000000000000000000000000023
:10DE00000000000000000000000000000000000012
:10DE10000000000000000000000000000000000002
:10DE200000000000000000000000000000000000F2
:10DE300000000000000000000000000000000000E2
:10DE400000000000000000000000000000000000D2
:10DE500000000000000000000000000000000000C2
:10DE600000000000000000000000000000000000B2
:10DE700000000000000000000000000000000000A2
:10DE80000000000000000000000000000000000092
:10DE90000000000000000000000000000000000082
:10DEA0000000000000000000000000000000000072
:10DEB0000000000000000000000000000000000062
:10DEC0000000000000000000000000000000000052
:10DED0000000000000000000000000000000000042
:10DEE0000000000000000000000000000000000032
:10DEF0000000000000000000000000000000000022
:10DF00000000000000000000000000000000000011
:10DF10000000000000000000000000000000000001
:10DF200000000000000000000000000000000000F1
:10DF300000000000000000000000000000000000E1
:10DF400000000000000000000000000000000000D1
:10DF500000000000000000000000000000000000C1
:10DF600000000000000000000000000000000000B1
:10DF700000000000000000000000000000000000A1
:10DF80000000000000000000000000000000000091
:10DF90000000000000000000000000000000000081
:10DFA0000000000000000000000000000000000071
:10DFB0000000000000000000000000000000000061
:10DFC0000000000000000000000000000000000051
:10DFD0000000000000000000000000000000000041
:10DFE0000000000000000000000000000000000031
:10DFF0000000000000000000000000000000000021
:10E000000000000000000000000000000000000010
:10E010000000000000000000000000000000000000
:10E0200000000000000000000000000000000000F0
:10E0300000000000000000000000000000000000E0
:10E0400000000000000000000000000000000000D0
:10E0500000000000000000000000000000000000C0
:10E0600000000000000000000000000000000000B0
:10E0700000000000000000000000000000000000A0
:10E080000000000000000000000000000000000090
:10E090000000000000000000000000000000000080
:10E0A0000000000000000000000000000000000070
:10E0B0000000000000000000000000000000000060
:10E0C0000000000000000000000000000000000050
:10E0D0000000000000000000000000000000000040
:10E0E0000000000000000000000000000000000030
:10E0F0000000000000000000000000000000000020
:10E10000000000000000000000000000000000000F
:10E1100000000000000000000000000000000000FF
:10E1200000000000000000000000000000000000EF
:10E1300000000000000000000000000000000000DF
:10E1400000000000000000000000000000000000CF
:10E1500000000000000000000000000000000000BF
:10E1600000000000000000000000000000000000AF
:10E17000000000000000000000000000000000009F
:10E18000000000000000000000000000000000008F
:10E19000000000000000000000000000000000007F
:10E1A000000000000000000000000000000000006F
:10E1B000000000000000000000000000000000005F
:10E1C000000000000000000000000000000000004F
:10E1D000000000000000000000000000000000003F
:10E1E000000000000000000000000000000000002F
:10E1F000000000000000000000000000000000001F
:10E20000000000000000000000000000000000000E
:10E2100000000000000000000000000000000000FE
:10E2200000000000000000000000000000000000EE
:10E2300000000000000000000000000000000000DE
:10E2400000000000000000000000000000000000CE
:10E2500000000000000000000000000000000000BE
:10E2600000000000000000000000000000000000AE
:10E27000000000000000000000000000000000009E
:10E28000000000000000000000000000000000008E
:10E29000000000000000000000000000000000007E
:10E2A000000000000000000000000000000000006E
:10E2B000000000000000000000000000000000005E
:10E2C000000000000000000000000000000000004E
:10E2D000000000000000000000000000000000003E
:10E2E000000000000000000000000000000000002E
:10E2F000000000000000000000000000000000001E
:10E30000000000000000000000000000000000000D
:10E3100000000000000000000000000000000000FD
:10E3200000000000000000000000000000000000ED
:10E3300000000000000000000000000000000000DD
:10E3400000000000000000000000000000000000CD
:10E3500000000000000000000000000000000000BD
:10E3600000000000000000000000000000000000AD
:10E37000000000000000000000000000000000009D
:10E38000000000000000000000000000000000008D
:10E39000000000000000000000000000000000007D
:10E3A000000000000000000000000000000000006D
:10E3B000000000000000000000000000000000005D
:10E3C000000000000000000000000000000000004D
:10E3D000000000000000000000000000000000003D
:10E3E000000000000000000000000000000000002D
:10E3F000000000000000000000000000000000001D
:10E40000000000000000000000000000000000000C
:10E4100000000000000000000000000000000000FC
:10E4200000000000000000000000000000000000EC
:10E4300000000000000000000000000000000000DC
:10E4400000000000000000000000000000000000CC
:10E4500000000000000000000000000000000000BC
:10E4600000000000000000000000000000000000AC
:10E47000000000000000000000000000000000009C
:10E48000000000000000000000000000000000008C
:10E49000000000000000000000000000000000007C
:10E4A000000000000000000000000000000000006C
:10E4B000000000000000000000000000000000005C
:10E4C000000000000000000000000000000000004C
:10E4D000000000000000000000000000000000003C
:10E4E000000000000000000000000000000000002C
:10E4F000000000000000000000000000000000001C
:10E50000000000000000000000000000000000000B
:10E5100000000000000000000000000000000000FB
:10E5200000000000000000000000000000000000EB
:10E5300000000000000000000000000000000000DB
:10E5400000000000000000000000000000000000CB
:10E5500000000000000000000000000000000000BB
:10E5600000000000000000000000000000000000AB
:10E57000000000000000000000000000000000009B
:10E58000000000000000000000000000000000008B
:10E59000000000000000000000000000000000007B
:10E5A000000000000000000000000000000000006B
:10E5B000000000000000000000000000000000005B
:10E5C000000000000000000000000000000000004B
:10E5D000000000000000000000000000000000003B
:10E5E000000000000000000000000000000000002B
:10E5F000000000000000000000000000000000001B
:10E60000000000000000000000000000000000000A
:10E6100000000000000000000000000000000000FA
:10E6200000000000000000000000000000000000EA
:10E6300000000000000000000000000000000000DA
:10E6400000000000000000000000000000000000CA
:10E6500000000000000000000000000000000000BA
:10E6600000000000000000000000000000000000AA
:10E67000000000000000000000000000000000009A
:10E68000000000000000000000000000000000008A
:10E69000000000000000000000000000000000007A
:10E6A000000000000000000000000000000000006A
:10E6B000000000000000000000000000000000005A
:10E6C000000000000000000000000000000000004A
:10E6D000000000000000000000000000000000003A
:10E6E000000000000000000000000000000000002A
:10E6F000000000000000000000000000000000001A
:10E700000000000000000000000000000000000009
:10E7100000000000000000000000000000000000F9
:10E7200000000000000000000000000000000000E9
:10E7300000000000000000000000000000000000D9
:10E7400000000000000000000000000000000000C9
:10E7500000000000000000000000000000000000B9
:10E7600000000000000000000000000000000000A9
:10E770000000000000000000000000000000000099
:10E780000000000000000000000000000000000089
:10E790000000000000000000000000000000000079
:10E7A0000000000000000000000000000000000069
:10E7B0000000000000000000000000000000000059
:10E7C0000000000000000000000000000000000049
:10E7D0000000000000000000000000000000000039
:10E7E0000000000000000000000000000000000029
:10E7F0000000000000000000000000000000000019
:10E800000000000000000000000000000000000008
:10E8100000000000000000000000000000000000F8
:10E8200000000000000000000000000000000000E8
:10E8300000000000000000000000000000000000D8
:10E8400000000000000000000000000000000000C8
:10E8500000000000000000000000000000000000B8
:10E8600000000000000000000000000000000000A8
:10E870000000000000000000000000000000000098
:10E880000000000000000000000000000000000088
:10E890000000000000000000000000000000000078
:10E8A0000000000000000000000000000000000068
:10E8B0000000000000000000000000000000000058
:10E8C0000000000000000000000000000000000048
:10E8D0000000000000000000000000000000000038
:10E8E0000000000000000000000000000000000028
:10E8F0000000000000000000000000000000000018
:10E900000000000000000000000000000000000007
:10E9100000000000000000000000000000000000F7
:10E9200000000000000000000000000000000000E7
:10E9300000000000000000000000000000000000D7
:10E9400000000000000000000000000000000000C7
:10E9500000000000000000000000000000000000B7
:10E9600000000000000000000000000000000000A7
:10E970000000000000000000000000000000000097
:10E980000000000000000000000000000000000087
:10E990000000000000000000000000000000000077
:10E9A0000000000000000000000000000000000067
:10E9B0000000000000000000000000000000000057
:10E9C0000000000000000000000000000000000047
:10E9D0000000000000000000000000000000000037
:10E9E0000000000000000000000000000000000027
:10E9F0000000000000000000000000000000000017
:10EA00000000000000000000000000000000000006
:10EA100000000000000000000000000000000000F6
:10EA200000000000000000000000000000000000E6
:10EA300000000000000000000000000000000000D6
:10EA400000000000000000000000000000000000C6
:10EA500000000000000000000000000000000000B6
:10EA600000000000000000000000000000000000A6
:10EA70000000000000000000000000000000000096
:10EA80000000000000000000000000000000000086
:10EA90000000000000000000000000000000000076
:10EAA0000000000000000000000000000000000066
:10EAB0000000000000000000000000000000000056
:10EAC0000000000000000000000000000000000046
:10EAD0000000000000000000000000000000000036
:10EAE0000000000000000000000000000000000026
:10EAF0000000000000000000000000000000000016
:10EB00000000000000000000000000000000000005
:10EB100000000000000000000000000000000000F5
:10EB200000000000000000000000000000000000E5
:10EB300000000000000000000000000000000000D5
:10EB400000000000000000000000000000000000C5
:10EB500000000000000000000000000000000000B5
:10EB600000000000000000000000000000000000A5
:10EB70000000000000000000000000000000000095
:10EB80000000000000000000000000000000000085
:10EB90000000000000000000000000000000000075
:10EBA0000000000000000000000000000000000065
:10EBB0000000000000000000000000000000000055
:10EBC0000000000000000000000000000000000045
:10EBD0000000000000000000000000000000000035
:10EBE0000000000000000000000000000000000025
:10EBF0000000000000000000000000000000000015
:10EC00000000000000000000000000000000000004
:10EC100000000000000000000000000000000000F4
:10EC200000000000000000000000000000000000E4
:10EC300000000000000000000000000000000000D4
:10EC400000000000000000000000000000000000C4
:10EC50004032011000000000E03001100000000010
:10EC60009030011000000000D031011000000000C1
:10EC70000000000000000000000000000000000094
:10EC80000000000000000000000000000000000084
:10EC90000000000000000000000000000000000074
:10ECA0000000000000000000000000000000000064
:10ECB0000000000000000000000000000000000054
:10ECC0000000000000000000000000000000000044
:10ECD0000000000000000000000000000000000034
:10ECE0000000000000000000000000000000000024
:10ECF0000000000000000000000000000000000014
:10ED00000000000000000000000000000000000003
:10ED100000000000000000000000000000000000F3
:10ED200000000000000000000000000000000000E3
:10ED300000000000000000000000000000000000D3
:10ED400000000000000000000000000000000000C3
:10ED500000000000000000000000000000000000B3
:10ED600000000000000000000000000000000000A3
:10ED70000000000000000000000000000000000093
:10ED80000000000000000000000000000000000083
:10ED90000000000000000000000000000000000073
:10EDA0000000000000000000000000000000000063
:10EDB0000000000000000000000000000000000053
:10EDC0000000000000000000000000000000000043
:10EDD0000000000000000000000000000000000033
:10EDE0000000000000000000000000000000000023
:10EDF0000000000000000000000000000000000013
:10EE00000000000000000000000000000000000002
:10EE100000000000000000000000000000000000F2
:10EE200000000000000000000000000000000000E2
:10EE300000000000000000000000000000000000D2
:10EE400000000000000000000000000000000000C2
:10EE500000000000000000000000000000000000B2
:10EE600000000000000000000000000000000000A2
:10EE70000000000000000000000000000000000092
:10EE80000000000000000000000000000000000082
:10EE90000000000000000000000000000000000072
:10EEA0000000000000000000000000000000000062
:10EEB0000000000000000000000000000000000052
:10EEC0000000000000000000000000000000000042
:10EED0000000000000000000000000000000000032
:10EEE0000000000000000000000000000000000022
:10EEF0000000000000000000000000000000000012
:10EF00000000000000000000000000000000000001
:10EF100000000000000000000000000000000000F1
:10EF200000000000000000000000000000000000E1
:10EF300000000000000000000000000000000000D1
:10EF400000000000000000000000000000000000C1
:10EF500000000000000000000000000000000000B1
:10EF600000000000000000000000000000000000A1
:10EF70000000000000000000000000000000000091
:10EF80000000000000000000000000000000000081
:10EF90000000000000000000000000000000000071
:10EFA0000000000000000000000000000000000061
:10EFB0000000000000000000000000000000000051
:10EFC0000000000000000000000000000000000041
:10EFD0000000000000000000000000000000000031
:10EFE0000000000000000000000000000000000021
:10EFF0000000000000000000000000000000000011
:10F000000000000000000000000000000000000000
:10F0100000000000000000000000000000000000F0
:10F0200000000000000000000000000000000000E0
:10F0300000000000000000000000000000000000D0
:10F0400000000000000000000000000000000000C0
:10F0500000000000000000000000000000000000B0
:10F0600000000000000000000000000000000000A0
:10F070000000000000000000000000000000000090
:10F080000000000000000000000000000000000080
:10F090000000000000000000000000000000000070
:10F0A0000000000000000000000000000000000060
:10F0B0000000000000000000000000000000000050
:10F0C0000000000000000000000000000000000040
:10F0D0000000000000000000000000000000000030
:10F0E0000000000000000000000000000000000020
:10F0F0000000000000000000000000000000000010
:10F1000000000000000000000000000000000000FF
:10F1100000000000000000000000000000000000EF
:10F1200000000000000000000000000000000000DF
:10F1300000000000000000000000000000000000CF
:10F1400000000000000000000000000000000000BF
:10F1500000000000000000000000000000000000AF
:10F16000000000000000000000000000000000009F
:10F17000000000000000000000000000000000008F
:10F18000000000000000000000000000000000007F
:10F19000000000000000000000000000000000006F
:10F1A000000000000000000000000000000000005F
:10F1B000000000000000000000000000000000004F
:10F1C000000000000000000000000000000000003F
:10F1D000000000000000000000000000000000002F
:10F1E000000000000000000000000000000000001F
:10F1F000000000000000000000000000000000000F
:10F2000000000000000000000000000000000000FE
:10F2100000000000000000000000000000000000EE
:10F2200000000000000000000000000000000000DE
:10F2300000000000000000000000000000000000CE
:10F2400000000000000000000000000000000000BE
:10F2500000000000000000000000000000000000AE
:10F26000000000000000000000000000000000009E
:10F27000000000000000000000000000000000008E
:10F28000000000000000000000000000000000007E
:10F29000000000000000000000000000000000006E
:10F2A000000000000000000000000000000000005E
:10F2B000000000000000000000000000000000004E
:10F2C000000000000000000000000000000000003E
:10F2D000000000000000000000000000000000002E
:10F2E000000000000000000000000000000000001E
:10F2F000000000000000000000000000000000000E
:10F3000000000000000000000000000000000000FD
:10F3100000000000000000000000000000000000ED
:10F3200000000000000000000000000000000000DD
:10F3300000000000000000000000000000000000CD
:10F3400000000000000000000000000000000000BD
:10F3500000000000000000000000000000000000AD
:10F36000000000000000000000000000000000009D
:10F37000000000000000000000000000000000008D
:10F38000000000000000000000000000000000007D
:10F39000000000000000000000000000000000006D
:10F3A000000000000000000000000000000000005D
:10F3B000000000000000000000000000000000004D
:10F3C0006273705F6173736572745F6368616E6EA0
:10F3D000656C000059514941393129692119106181
:10F3E0006273705F6173736572745F6368616E6E80
:10F3F000656C000000000000B02701100000000054
:10F400001027011000000000D022011000000000B1
:10F4100050200110000000008021011000000000B9
:10F42000E021011000000000F01F011000000000AA
:10F4300020250110000000007022011000000000D3
:10F44000B01E011000000000102401100000000098
:10F45000AAAAAAAA00000200000000000000000002
:10F46000AAAAAAAAAAAAAAAAAAAAAAAAAAAAAAAAFC
:10F47000AAAAAAAA00000000A8AAAAAAAAAAAAAA96
:10F48000AAAAAAAAAAAAAAAAAAAAAAAAAAAAAAAADC
:10F49000AAAAAAAAAAAAAAAAAAAAAAAAAAAAAAAACC
:10F4A000AAAAAAAAAAAAAAAAAAAAAAAAAAAAAAAABC
:10F4B000AAAAAAAAAAAAAAAAAAAAAAAAAAAA0200FE
:10F4C0000000000000A0AAAA2AAAAAAAAAAAAAAA78
:10F4D000AAAAAA2A00000080AAAAAAAA0AA8AAAAD6
:10F4E000AA02AAAAAAAA80AAAAAA2A00000080AAF6
:10F4F000AAA2828A82828282828282820200A0A062
:10F50000820A2A08A0AAAAAAAAAAAAAAAAAAAA8277
:10F510000A2A0800000000000000000000000000AF
:10F5200000000000000000000000000000000000DB
:10F530000000AAAAAAAAAAAAAAAAAAAAAAAAAAAA7F
:10F54000AAAAAAAAAAAAAAAAAAAAAAAAAAAAAAAA1B
:10F55000AAAA2A000000000000000000000000002D
:10F5600000000000000C000000000000000C000083
:10F5700000000000000C000000000000000C000073
:10F5800000000000000C000000000000000C000063
:10F5900000000000000C000000000000000C000053
:10F5A00000000000000C000000000000000C000043
:10F5B00000000000000C000000000000000C000033
:10F5C00000000000000C000000000000000C000023
:10F5D00000000000000C000000000000000C000013
:10F5E000000000000000000000000000000000001B
:10F5F000000000000000000000000000000000000B
:10F6000000000000000000000000000000000000FA
:10F6100000000000000000000000000000000000EA
:10F6200000000000000000000000000000000000DA
:10F6300000000000000000000000000000000000CA
:10F6400000000000000000000000000000000000BA
:10F6500000000000000000000000000000000000AA
:10F6600000000000000C000000000000000C000082
:10F6700000000000000C000000000000000C000072
:10F6800000000000000C000000000000000C000062
:10F6900000000000000C000000000000000C000052
:10F6A00000000000000C000000000000000C000042
:10F6B00000000000000C000000000000000C000032
:10F6C00000000000000C000000000000000C000022
:10F6D00000000000000C000000000000000C000012
:10F6E00000000000000C000000000000000C000002
:10F6F00000000000000C000000000000000C0000F2
:10F7000000000000000C000000000000000C0000E1
:10F7100000000000000C000000000000000C0000D1
:10F7200000000000000C000000000000000C0000C1
:10F7300000000000000C000000000000000C0000B1
:10F7400000000000000C000000000000000C0000A1
:10F7500000000000000C000000000000000C000091
:10F7600000000000000C000000000000000C000081
:10F7700000000000000C000000000000000C000071
:10F7800000000000000C000000000000000C000061
:10F7900000000000000C000000000000000C000051
:10F7A00000000000000C000000000000000C000041
:10F7B00000000000000C000000000000000C000031
:10F7C00000000000000C000000000000000C000021
:10F7D00000000000000C000000000000000C000011
:10F7E00000000000000C000000000000000C000001
:10F7F00000000000000C000000000000000C0000F1
:10F8000000000000000C000000000000000C0000E0
:10F8100000000000000C000000000000000C0000D0
:10F8200000000000000C000000000000000C0000C0
:10F8300000000000000C000000000000000C0000B0
:10F8400000000000000C000000000000000C0000A0
:10F8500000000000000C000000000000000C000090
:10F8600000000000000C000000000000000C000080
:10F8700000000000000C000000000000000C000070
:10F8800000000000000C000000000000000C000060
:10F8900000000000000C000000000000000C000050
:10F8A00000000000000C000000000000000C000040
:10F8B00000000000000C000000000000000C000030
:10F8C00000000000000C000000000000000C000020
:10F8D00000000000000C000000000000000C000010
:10F8E00000000000000C000000000000000C000000
:10F8F00000000000000C000000000000000C0000F0
:10F9000000000000000C000000000000000C0000DF
:10F9100000000000000C000000000000000C0000CF
:10F9200000000000000C000000000000000C0000BF
:10F9300000000000000C000000000000000C0000AF
:10F9400000000000000C000000000000000C00009F
:10F9500000000000000C000000000000000C00008F
:10F9600000000000000C000000000000000C00007F
:10F9700000000000000C000000000000000C00006F
:10F9800000000000000C000000000000000C00005F
:10F9900000000000000C000000000000000C00004F
:10F9A00000000000000C000000000000000C00003F
:10F9B00000000000000C000000000000000C00002F
:10F9C00000000000000C000000000000000C00001F
:10F9D00000000000000C000000000000000C00000F
:10F9E00000000000000C000000000000000C0000FF
:10F9F00000000000000C000000000000000C0000EF
:10FA000000000000000C000000000000000C0000DE
:10FA100000000000000C000000000000000C0000CE
:10FA200000000000000C000000000000000C0000BE
:10FA300000000000000C000000000000000C0000AE
:10FA400000000000000C000000000000000C00009E
:10FA500000000000000C000000000000000C00008E
:10FA600000000000000C000000000000000C00007E
:10FA700000000000000C000000000000000C00006E
:10FA800000000000000C000000000000000C00005E
:10FA900000000000000C000000000000000C00004E
:10FAA00000000000000C000000000000000C00003E
:10FAB00000000000000C000000000000000C00002E
:10FAC00000000000000C000000000000000C00001E
:10FAD00000000000000C000000000000000C00000E
:10FAE00000000000000C000000000000000C0000FE
:10FAF00000000000000C000000000000000C0000EE
:10FB000000000000000C000000000000000C0000DD
:10FB100000000000000C000000000000000C0000CD
:10FB200000000000000C000000000000000C0000BD
:10FB300000000000000C000000000000000C0000AD
:10FB400000000000000C000000000000000C00009D
:10FB500000000000000C000000000000000C00008D
:10FB60000000000000000000000000000000000095
:10FB70000000000000000000000000000000000085
:10FB80000000000000000000000000000000000075
:10FB90000000000000000000000000000000000065
:10FBA0000000000000000000000000000000000055
:10FBB0000000000000000000000000000000000045
:10FBC0000000000000000000000000000000000035
:10FBD0000000000000000000000000000000000025
:10FBE0000000000000000000000000000000000015
:10FBF0000000000000000000000000000000000005
:10FC000000000000000000000000000000000000F4
:10FC100000000000000000000000000000000000E4
:10FC200000000000000000000000000000000000D4
:10FC300000000000000000000000000000000000C4
:10FC400000000000000000000000000000000000B4
:10FC500000000000000000000000000000000000A4
:10FC600000000000000C000000000000000C00007C
:10FC700000000000000C000000000000000C00006C
:10FC800000000000000C000000000000000C00005C
:10FC900000000000000C000000000000000C00004C
:10FCA00000000000000C000000000000000C00003C
:10FCB00000000000000C000000000000000C00002C
:10FCC00000000000000C000000000000000C00001C
:10FCD00000000000000C000000000000000C00000C
:10FCE00000000000000C000000000000000C0000FC
:10FCF00000000000000C000000000000000C0000EC
:10FD000000000000000C000000000000000C0000DB
:10FD100000000000000C000000000000000C0000CB
:10FD200000000000000C000000000000000C0000BB
:10FD300000000000000C000000000000000C0000AB
:10FD400000000000000C000000000000000C00009B
:10FD500000000000000C000000000000000C00008B
:10FD60000900000000000000090000000000000081
:10FD7000002020202020202020202828282828207B
:10FD80002020202020202020202020202020202073
:10FD900020881010101010101010101010101010DB
:10FDA00010040404040404040404041010101010CB
:10FDB0001010414141414141010101010101010195
:10FDC00001010101010101010101010110101010E7
:10FDD0001010424242424242020202020202020267
:10FDE00002020202020202020202020210101010BB
:10FDF00020000000000000000000000000000000E3
:10FE000000000000000000000000000000000000F2
:10FE100000000000000000000000000000000000E2
:10FE200000000000000000000000000000000000D2
:10FE300000000000000000000000000000000000C2
:10FE400000000000000000000000000000000000B2
:10FE500000000000000000000000000000000000A2
:10FE60000000000000000000000000000000000092
:10FE70000000000023030000000020030000000039
:10FE800000000B03000000000003FC020000E5027C
:10FE9000E8020000A703570057005700570057001B
:10FEA00057005700570057000000000000000000F6
:10FEB000000000000000330200009D028F033302A7
:10FEC0003302330200000000000000004F03000076
:10FED00000002903000000000000B70200005203E8
:10FEE00000000000290500000000000000000000E4
:10FEF000000000000000330200009D02D004330225
:10FF0000330233026603D004620100006103000083
:10FF1000820343056E036B030000B70262012405F0
:10FF2000000000003B05000062010000000000002E
:10FF300030303030303030303030303030303030C1
:10FF400020202020202020202020202020202020B1
:10FF500005000000190000007D0000000000000006
:10FF60000080E03779C34143176E05B5B5B89346B5
:10FF7000F5F93FE9034F384D321D30F94877825A81
:10FF80003CBF737FDD4F15750000000000000000CE
:10FF9000000000000000F03F0000000000002440CE
:10FFA00000000000000059400000000000408F40A9
:10FFB000000000000088C34000000000006AF84014
:10FFC0000000000080842E4100000000D012634138
:10FFD0000000000084D797410000000065CDCD41AE
:10FFE000000000205FA00242000000E8764837428F
:10FFF000000000A2941A6D42000040E59C30A2422D
:020000041002E8
:100000000000901EC4BCD64200003426F56B0C43A1
:100010000080E03779C3414300A0D8855734764348
:1000200000C84E676DC1AB43003D9160E458E143A9
:10003000408CB5781DAF154450EFE2D6E41A4B441E
:1000400092D54D06CFF08044F64AE1C7022DB54463
:10005000B49DD9794378EA44010000000200000011
:10006000000000000100000061436F63A787D23FDA
:10007000B3C8608B288AC63FFB799F501344D33F97
:100080004275696C74207769746820525A2F4E202B
:10009000466C657869626C6520536F66747761722F
:1000A00065205061636B6167652076657273696F67
:1000B0006E20342E322E3000342E322E30000000CE
:0800C000000002040000000032
:0400000510001000D7
:00000001FF
