:02000004401F9B
:10FE00000000204000000000FFFFDFBFFFFFFFFFFA
:10FE10000000204000000000FFFFDFBFFFFFFFFFEA
:10FE2000A0450100000000005FBAFEFFFFFFFFFFDA
:10FE300000000000000000000000000000000000C2
:10FE400000000000000000000000000000000000B2
:10FE500000000000000000000000000000000000A2
:10FE60000000000000000000000000000000000092
:10FE70000000000000000000000000000000000082
:10FE80000000000000000000000000000000000072
:10FE90000000000000000000000000000000000062
:10FEA0000000000000000000000000000000000052
:10FEB0000000000000000000000000000000000042
:10FEC0000000000000000000000000000000000032
:10FED0000000000000000000000000000000000022
:10FEE0000000000000000000000000000000000012
:10FEF0000000000000000000000000000000000002
:10FF000000000000000000000000000000000000F1
:10FF100000000000000000000000000000000000E1
:10FF200000000000000000000000000000000000D1
:10FF300000000000000000000000000000000000C1
:10FF400000000000000000000000000000000000B1
:10FF500000000000000000000000000000000000A1
:10FF60000000000000000000000000000000000091
:10FF70000000000000000000000000000000000081
:10FF80000000000000000000000000000000000071
:10FF90000000000000000000000000000000000061
:10FFA0000000000000000000000000000000000051
:10FFB0000000000000000000000000000000000041
:10FFC0000000000000000000000000000000000031
:10FFD0000000000000000000000000000000000021
:10FFE000525A20465350204170706C6963617469A5
:10FFF0006F6E000000000000000000000000000024
:0200000440209A
:04000000A006001442
:10100000000000141F2003D51F2003D51F2003D587
:101010001F2003D51F2003D51F2003D51F2003D574
:101020001F2003D51F2003D51F2003D51F2003D564
:101030001F2003D51F2003D51F2003D51F2003D554
:101040001F2003D51F2003D51F2003D51F2003D544
:101050001F2003D51F2003D51F2003D51F2003D534
:101060001F2003D51F2003D51F2003D51F2003D524
:101070001F2003D51F2003D51F2003D51F2003D514
:101080002A0200141F2003D51F2003D51F2003D5DB
:101090001F2003D51F2003D51F2003D51F2003D5F4
:1010A0001F2003D51F2003D51F2003D51F2003D5E4
:1010B0001F2003D51F2003D51F2003D51F2003D5D4
:1010C0001F2003D51F2003D51F2003D51F2003D5C4
:1010D0001F2003D51F2003D51F2003D51F2003D5B4
:1010E0001F2003D51F2003D51F2003D51F2003D5A4
:1010F0001F2003D51F2003D51F2003D51F2003D594
:10110000C00100141F2003D51F2003D51F2003D5C5
:101110001F2003D51F2003D51F2003D51F2003D573
:101120001F2003D51F2003D51F2003D51F2003D563
:101130001F2003D51F2003D51F2003D51F2003D553
:101140001F2003D51F2003D51F2003D51F2003D543
:101150001F2003D51F2003D51F2003D51F2003D533
:101160001F2003D51F2003D51F2003D51F2003D523
:101170001F2003D51F2003D51F2003D51F2003D513
:101180007F2003D5FFFFFF171F2003D51F2003D5A6
:101190001F2003D51F2003D51F2003D51F2003D5F3
:1011A0001F2003D51F2003D51F2003D51F2003D5E3
:1011B0001F2003D51F2003D51F2003D51F2003D5D3
:1011C0001F2003D51F2003D51F2003D51F2003D5C3
:1011D0001F2003D51F2003D51F2003D51F2003D5B3
:1011E0001F2003D51F2003D51F2003D51F2003D5A3
:1011F0001F2003D51F2003D51F2003D51F2003D593
:10120000000000141F2003D51F2003D51F2003D585
:101210001F2003D51F2003D51F2003D51F2003D572
:101220001F2003D51F2003D51F2003D51F2003D562
:101230001F2003D51F2003D51F2003D51F2003D552
:101240001F2003D51F2003D51F2003D51F2003D542
:101250001F2003D51F2003D51F2003D51F2003D532
:101260001F2003D51F2003D51F2003D51F2003D522
:101270001F2003D51F2003D51F2003D51F2003D512
:10128000AA0100141F2003D51F2003D51F2003D55A
:101290001F2003D51F2003D51F2003D51F2003D5F2
:1012A0001F2003D51F2003D51F2003D51F2003D5E2
:1012B0001F2003D51F2003D51F2003D51F2003D5D2
:1012C0001F2003D51F2003D51F2003D51F2003D5C2
:1012D0001F2003D51F2003D51F2003D51F2003D5B2
:1012E0001F2003D51F2003D51F2003D51F2003D5A2
:1012F0001F2003D51F2003D51F2003D51F2003D592
:10130000400100141F2003D51F2003D51F2003D543
:101310001F2003D51F2003D51F2003D51F2003D571
:101320001F2003D51F2003D51F2003D51F2003D561
:101330001F2003D51F2003D51F2003D51F2003D551
:101340001F2003D51F2003D51F2003D51F2003D541
:101350001F2003D51F2003D51F2003D51F2003D531
:101360001F2003D51F2003D51F2003D51F2003D521
:101370001F2003D51F2003D51F2003D51F2003D511
:101380007F2003D5FFFFFF171F2003D51F2003D5A4
:101390001F2003D51F2003D51F2003D51F2003D5F1
:1013A0001F2003D51F2003D51F2003D51F2003D5E1
:1013B0001F2003D51F2003D51F2003D51F2003D5D1
:1013C0001F2003D51F2003D51F2003D51F2003D5C1
:1013D0001F2003D51F2003D51F2003D51F2003D5B1
:1013E0001F2003D51F2003D51F2003D51F2003D5A1
:1013F0001F2003D51F2003D51F2003D51F2003D591
:101400007F2003D5FFFFFF171F2003D51F2003D523
:101410001F2003D51F2003D51F2003D51F2003D570
:101420001F2003D51F2003D51F2003D51F2003D560
:101430001F2003D51F2003D51F2003D51F2003D550
:101440001F2003D51F2003D51F2003D51F2003D540
:101450001F2003D51F2003D51F2003D51F2003D530
:101460001F2003D51F2003D51F2003D51F2003D520
:101470001F2003D51F2003D51F2003D51F2003D510
:101480007F2003D5FFFFFF171F2003D51F2003D5A3
:101490001F2003D51F2003D51F2003D51F2003D5F0
:1014A0001F2003D51F2003D51F2003D51F2003D5E0
:1014B0001F2003D51F2003D51F2003D51F2003D5D0
:1014C0001F2003D51F2003D51F2003D51F2003D5C0
:1014D0001F2003D51F2003D51F2003D51F2003D5B0
:1014E0001F2003D51F2003D51F2003D51F2003D5A0
:1014F0001F2003D51F2003D51F2003D51F2003D590
:101500007F2003D5FFFFFF171F2003D51F2003D522
:101510001F2003D51F2003D51F2003D51F2003D56F
:101520001F2003D51F2003D51F2003D51F2003D55F
:101530001F2003D51F2003D51F2003D51F2003D54F
:101540001F2003D51F2003D51F2003D51F2003D53F
:101550001F2003D51F2003D51F2003D51F2003D52F
:101560001F2003D51F2003D51F2003D51F2003D51F
:101570001F2003D51F2003D51F2003D51F2003D50F
:101580007F2003D5FFFFFF171F2003D51F2003D5A2
:101590001F2003D51F2003D51F2003D51F2003D5EF
:1015A0001F2003D51F2003D51F2003D51F2003D5DF
:1015B0001F2003D51F2003D51F2003D51F2003D5CF
:1015C0001F2003D51F2003D51F2003D51F2003D5BF
:1015D0001F2003D51F2003D51F2003D51F2003D5AF
:1015E0001F2003D51F2003D51F2003D51F2003D59F
:1015F0001F2003D51F2003D51F2003D51F2003D58F
:101600007F2003D5FFFFFF171F2003D51F2003D521
:101610001F2003D51F2003D51F2003D51F2003D56E
:101620001F2003D51F2003D51F2003D51F2003D55E
:101630001F2003D51F2003D51F2003D51F2003D54E
:101640001F2003D51F2003D51F2003D51F2003D53E
:101650001F2003D51F2003D51F2003D51F2003D52E
:101660001F2003D51F2003D51F2003D51F2003D51E
:101670001F2003D51F2003D51F2003D51F2003D50E
:101680007F2003D5FFFFFF171F2003D51F2003D5A1
:101690001F2003D51F2003D51F2003D51F2003D5EE
:1016A0001F2003D51F2003D51F2003D51F2003D5DE
:1016B0001F2003D51F2003D51F2003D51F2003D5CE
:1016C0001F2003D51F2003D51F2003D51F2003D5BE
:1016D0001F2003D51F2003D51F2003D51F2003D5AE
:1016E0001F2003D51F2003D51F2003D51F2003D59E
:1016F0001F2003D51F2003D51F2003D51F2003D58E
:101700007F2003D5FFFFFF171F2003D51F2003D520
:101710001F2003D51F2003D51F2003D51F2003D56D
:101720001F2003D51F2003D51F2003D51F2003D55D
:101730001F2003D51F2003D51F2003D51F2003D54D
:101740001F2003D51F2003D51F2003D51F2003D53D
:101750001F2003D51F2003D51F2003D51F2003D52D
:101760001F2003D51F2003D51F2003D51F2003D51D
:101770001F2003D51F2003D51F2003D51F2003D50D
:101780007F2003D5FFFFFF171F2003D51F2003D5A0
:101790001F2003D51F2003D51F2003D51F2003D5ED
:1017A0001F2003D51F2003D51F2003D51F2003D5DD
:1017B0001F2003D51F2003D51F2003D51F2003D5CD
:1017C0001F2003D51F2003D51F2003D51F2003D5BD
:1017D0001F2003D51F2003D51F2003D51F2003D5AD
:1017E0001F2003D51F2003D51F2003D51F2003D59D
:1017F0001F2003D51F2003D51F2003D51F2003D58D
:10180000BF4100D5FD7BBFA9F24FBFA9F047BFA9DB
:10181000EE3FBFA9EC37BFA9EA2FBFA9E827BFA9B0
:10182000E61FBFA9E417BFA9E20FBFA9E007BFA940
:1018300000443BD521443BD5E007BFA9FE7FBFADA7
:10184000FC77BFADFA6FBFADF867BFADF65FBFAD58
:10185000F457BFADF24FBFADF047BFADEE3FBFADE8
:10186000EC37BFADEA2FBFADE827BFADE61FBFAD78
:10187000E417BFADE20FBFADE007BFAD03403ED5FB
:1018800022403ED5E20FBFA96E000094DF4103D590
:101890009F3F03D5DF3F03D5E417C1A805401ED500
:1018A00024401ED59F3F03D5DF3F03D5E007C1ACE1
:1018B000E20FC1ACE417C1ACE61FC1ACE827C1AC74
:1018C000EA2FC1ACEC37C1ACEE3FC1ACF047C1ACC4
:1018D000F24FC1ACF457C1ACF65FC1ACF867C1AC14
:1018E000FA6FC1ACFC77C1ACFE7FC1ACE007C1A808
:1018F00000441BD521441BD5E007C1A8E20FC1A8B5
:10190000E417C1A8E61FC1A8E827C1A8EA2FC1A80B
:10191000EC37C1A8EE3FC1A8F047C1A8F24FC1A85B
:10192000FD7BC1A8E0039FD6BF4100D5E007BFA95A
:10193000E20FBFA9E417BFA9E61FBFA9E827BFA907
:10194000EA2FBFA9EC37BFA9EE3FBFA9F047BFA957
:10195000F24FBFA9FD7BBFA900443BD521443BD535
:10196000E007BFA9FE7FBFADFC77BFADFA6FBFAD8B
:10197000F867BFADF65FBFADF457BFADF24FBFAD77
:10198000F047BFADEE3FBFADEC37BFADEA2FBFAD07
:10199000E827BFADE61FBFADE417BFADE20FBFAD97
:1019A000E007BFAD23000094E007C1ACE20FC1AC7B
:1019B000E417C1ACE61FC1ACE827C1ACEA2FC1AC4B
:1019C000EC37C1ACEE3FC1ACF047C1ACF24FC1AC9B
:1019D000F457C1ACF65FC1ACF867C1ACFA6FC1ACEB
:1019E000FC77C1ACFE7FC1ACE007C1A800441BD5A9
:1019F00021441BD5FD7BC1A8F24FC1A8F047C1A867
:101A0000EE3FC1A8EC37C1A8EA2FC1A8E827C1A8BA
:101A1000E61FC1A8E417C1A8E20FC1A8E007C1A84A
:101A2000E0039FD6000000000E0000141F2003D525
:101A3000100F20F010023C9100021FD600000000A1
:101A4000100F20F010423D9100021FD60000000050
:101A50000000000000000000000000000000000086
:101A8000C006005800C01ED500C01CD500C018D527
:101A9000000080D200101ED500101CD5001018D5F3
:101AA000010600583F000091000080D240111ED571
:101AB00040111CD51F111ED5DF3F03D501008052F8
:101AC000210015322100163221001D3221001E3264
:101AD00021001F3201111ED5DF3F03D50200B0D215
:101AE00002111CD5A00038D5A0001CD5000038D5A7
:101AF00000001CD51F211CD58003005800E01BD519
:101B00001F870ED51F7108D5C415009420030058F7
:101B1000410300585B0000941F7108D5851600949E
:101B2000000080D2A701009400103ED5000040B212
:101B300000101ED5DF3F03D5400200586102005857
:101B4000500000941F7108D552160094C1030094F0
:101B5000000000140000000000300200000000003F
:101B6000A06521400000000000366E01000000006A
:101B7000A01E204000000000901E20400000000039
:101B8000101F204000000000D01E20400000000078
:101B9000312E303000000000000000000000000086
:101BA0000000000000000000000000000000000035
:101BB0000000000000000000000000000000000025
:101BC0000000000000000000000000000000000015
:101BD0000000000000000000000000000000000005
:101BE00000000000000000000000000000000000F5
:101BF00000000000000000000000000000000000E5
:101C00004275696C74207769746820525A2F41209C
:101C1000466C657869626C6520536F667477617293
:101C200065205061636B6167652076657273696FCB
:101C30006E20342E322E3000342E322E3000000032
:101C4000000002040000000000000000000000008E
:101C50000000000000000000000000000000000084
:101C60000000000000000000000000000000000074
:101C70000000000000000000000000000000000064
:101C8000E417BFA9E61FBFA9E40300AAE18F1FF86C
:101C90009F0000F1E1000054E48740F89F0000F14C
:101CA000A1070054E417C1A8E61FC1A8C0035FD66E
:101CB000808440F8818440F8220000CB818440F881
:101CC0001F0000F1A0FEFF5443FC44D37F0000F14D
:101CD000000200540B0000141F2003D51F2003D561
:101CE0001F2003D51F2003D51F2003D51F2003D598
:101CF0001F2003D51F2003D51F2003D51F2003D588
:101D00000518C1A8251881A8630400F1A1FFFF549C
:101D1000420C40F2E00300541A0000141F2003D5C7
:101D20001F2003D51F2003D51F2003D51F2003D557
:101D30001F2003D51F2003D51F2003D51F2003D547
:101D40001F2003D51F2003D51F2003D51F2003D537
:101D50001F2003D51F2003D51F2003D51F2003D527
:101D60001F2003D51F2003D51F2003D51F2003D517
:101D70001F2003D51F2003D51F2003D51F2003D507
:101D80000514403825140038420400F1A1FFFF5427
:101D9000C8FFFF17818440F8828440F8420001CBDD
:101DA0003F0000F140F8FF54000080D243FC44D3D0
:101DB0007F0000F1C0020054050080D2060080D2EE
:101DC000100000141F2003D51F2003D51F2003D5AA
:101DD0001F2003D51F2003D51F2003D51F2003D5A7
:101DE0001F2003D51F2003D51F2003D51F2003D597
:101DF0001F2003D51F2003D51F2003D51F2003D587
:101E0000251881A8630400F1C1FFFF54420C40F281
:101E1000E00300541B0000141F2003D51F2003D52E
:101E20001F2003D51F2003D51F2003D51F2003D556
:101E30001F2003D51F2003D51F2003D51F2003D546
:101E40001F2003D51F2003D51F2003D51F2003D536
:101E50001F2003D51F2003D51F2003D51F2003D526
:101E60001F2003D51F2003D51F2003D51F2003D516
:101E70001F2003D51F2003D51F2003D51F2003D506
:101E800020140038420400F1C1FFFF54C2FFFF17C5
:101E90000000000000000000000000000000000042
:101EA000601A204000000000601A2040000000007E
:101EB000603A020000000000000000000000000086
:101EC0000000000000000000000000000000000012
:101ED000A045214000000000A04521400000000076
:101EE000A065214000000000187F21400000000094
:101EF000209F21800000000020BF21800000000002
:101F000000000000000000000000000000000000D1
:101F10000010204000000000601A20400000000077
:101F2000003002000000000000000000000000007F
:101F300000000000000000000000000000000000A1
:101F4000FD7BBBA9030000B0E0FF9F52FD030091A1
:101F5000F55B02A9020082D201008052758440F92B
:101F6000F35301A9FF4B00B9E04F00B9E00315AAF4
:101F7000141B0094010000B0000000B0020082D2E7
:101F8000218C40F9148840F9E00314AACD1800947C
:101F9000E0230191FB120094010000B0000000B0AA
:101FA000E4274139219040F9E32B4139E22F4139AF
:101FB000009440F997180094000000B0009840F990
:101FC00088190094010000B0000000B0219C40F985
:101FD00016A040F9E00316AA9A03009440050035C4
:101FE000000000B000B040F97E190094E20315AA89
:101FF000E10314AAE00316AA0300825279050094B3
:10200000F303002A800500350000009000BC40F971
:10201000741900940000009001C040F91F2003D5FE
:10202000200040B9E0FFFF35E04F40B90204005105
:10203000E24F00B960FFFF35E10315AAE00314AADF
:10204000020082D2FF1700940001003500000090CA
:1020500000C440F963190094F35341A9F55B42A908
:10206000FD7BC5A8C0035FD60000009000C840F902
:102070005C190094F35341A9F55B42A9FD7BC5A807
:10208000C0035FD6F303002A010000900000009017
:1020900021A440F900A840F95E18009400000090C7
:1020A000E103132A00AC40F95A180094000020D430
:1020B000CCFFFF17010000900000009021B440F910
:1020C00000A840F9E01F00F952180094E00316AA96
:1020D000FC020094E000003500000090E103132AA8
:1020E00000AC40F94B180094000020D4C7FFFF1744
:1020F00001000090E01F40F921B840F94518009414
:10210000F6FFFF171F2003D520AF2180000000003D
:10211000209F218000000000D8072140000000001F
:10212000A001214000000000A801214000000000A3
:10213000C8032140000000001819214000000000E1
:10214000486B214000000000900421400000000086
:10215000B004214000000000C8042140000000003D
:10216000E8042140000000000805214000000000B4
:102170003805214000000000580521400000000003
:10218000802121400000000078052140000000006F
:10219000D005214000000000000000000000000009
:1021A000A00000B402000090010840B940DC40F9F2
:1021B000010000B9C0035FD680212140000000006B
:1021C000200100341F08007140000054C0035FD696
:1021D0000100009000000090210441F9000841F93D
:1021E000740C0014010000900000009021FC40F9E4
:1021F000000041F9AF0A001410192140000000004E
:10220000386B214000000000881B214000000000C6
:10221000F06A214000000000000000000000000003
:10222000E0FF9F92E36F40B20000BAF22000008B03
:102230001F0003EBC8000054E08F64B22100008B44
:1022400000008052410000F9C0035FD6E38361B211
:102250002300038BE47740B2E08762B27F0004EB97
:102260002000008B0190819A00008052410000F90B
:10227000C0035FD600000000000000000000000066
:10228000E08B63B22000008BE36F40B21F0003EBD2
:10229000C800005463040091000080522100038BA9
:1022A000410000F9C0035FD6E47740B2E38762B231
:1022B000800400912300038B7F0004EB2000008B3F
:1022C0000190819A00008052410000F9C0035FD65E
:1022D000FD7BBCA90000009001000090FD0300916F
:1022E000F35301A913C841F9F55B02A9F71B00F9E3
:1022F000600240B9000300340000009037CC41F97F
:1023000016D441F90000009000D841F9150840F9B1
:10231000140440A9A20240F9E00314AA40003FD6E9
:10232000A30640F9F303002AE10240B9E00314AA2E
:1023300002008052C142218B60003FD6F55B42A96A
:10234000E003132AF35341A9F71B40F9FD7BC4A80E
:10235000C0035FD6000000900300009037CC41F925
:10236000028080D200D041F90100805276D441F938
:10237000FF0200B91F0000B9E00316AA111A009469
:1023800020008052600200B9DFFFFF171F2003D535
:10239000AC69214000000000A46921400000000059
:1023A000A069214000000000A0652140000000005D
:1023B000D81A2140000000000000000000000000CA
:1023C000FD7BBEA902000090FD030091F35301A91B
:1023D000F40300AAF303012A404442F9000040B983
:1023E000C0040034F30400340200009001000090A7
:1023F0000000009027008052484842F9E30314AAE5
:10240000224C42F98542338B065042F9E700144BC7
:10241000010140B91F2003D5400040B91F00016BE6
:10242000C0FFFF54C4486138210400113F001071FF
:1024300064000039E000030B21309F1A630400910F
:102440009F280071A00000549F340071E0000054E8
:102450007F0005EB21FEFF54010100B9F35341A9B0
:10246000FD7BC2A8C0035FD6C44861389F280071B5
:1024700000FFFF54F9FFFF1796FFFF97DAFFFF17E2
:1024800000008052F6FFFF17AC69214000000000F9
:10249000A069214000000000A46921400000000064
:1024A000A0652140000000000000000000000000C6
:1024B000FD7BBEA902000090FD030091F35301A92A
:1024C000F30300AAF403012A409042F9000040B946
:1024D000200200340000009003000090E10313AAE2
:1024E000E203142A009842F9739442F9030840F970
:1024F000000040F97F0200B9630840F960003FD650
:10250000610240B9E1FFFF34F35341A9FD7BC2A84A
:10251000C0035FD66FFFFF97EFFFFF171F2003D5A4
:10252000AC69214000000000A869214000000000C3
:10253000D81A214000000000000000000000000048
:10254000FD7BBEA901000090FD030091F30B00F993
:10255000F30300AA20EC42F9000040B9A0030034C4
:10256000330300B4600640B9A000083601000090B3
:102570002200805221F042F9220000B940021036B8
:102580000000009001000090640A40B900F442F994
:1025900022F842F9030040B9010040B94448233809
:1025A0003FFC0F7188000054010040B92104001164
:1025B000010000B9010040B93FFC0F71490000540F
:1025C0001F0000B9F30B40F9FD7BC2A8C0035FD622
:1025D00040FFFF97E3FFFF17AC69214000000000B8
:1025E000A869214000000000A4692140000000000B
:1025F000A065214000000000000000000000000075
:10260000FD7BBCA903000090FD030091636043F9CA
:10261000F35301A9F403002AF30302AA600040F96E
:10262000600000B4022440F9020300B49F4E007120
:102630006803005400000090947E7C93F51300F929
:10264000006443F91500148B006874B81F0400314E
:1026500040020054E00301AAE103132A59FFFF9747
:102660001F04003160020054A10E40B96002004B0B
:102670002100000BA10E00B9F51340F9F35341A955
:10268000FD7BC4A8C0035FD6E11F00F925190094A3
:10269000E11F40F9E6FFFF17F51340F95D140094C0
:1026A00021018052010000B900008012F4FFFF17E1
:1026B000F51340F900008012F1FFFF171F2003D52A
:1026C0002834214000000000B069214000000000D3
:1026D000FD7BBDA903000090FD03009163CC43F98D
:1026E000F35301A9137C4093F51300F9F40301AAF5
:1026F000F503022A600040F9600000B4012440F9AB
:10270000A10300B47F4E0071C80300540000009084
:10271000617E7C9300D043F90200018B016861B8AF
:102720003F040031E0020054BF0A0071A8010054C8
:10273000BF060071000100541310138BE00314AAAC
:10274000740E00B9F35341A9F51340F9FD7BC3A8FA
:10275000C0035FD6410C80B9940201ABE5FEFF5483
:102760002C140094C1028052010000B90000809234
:10277000F5FFFF17EB1800947F4E007189FCFF54A2
:102780002414009421018052010000B900008092BD
:10279000EDFFFF171F2003D5283421400000000063
:1027A000B0692140000000000000000000000000AF
:1027B000FD7BBCA903000090FD030091634C44F92C
:1027C000F35301A9F303002AF40302AA600040F9BD
:1027D000600000B4022440F9420300B47F4E00714F
:1027E000A804005400000090737E7C93F51300F958
:1027F000005044F91500138B006873B81F040031B2
:1028000080030054E00301AAE103142A29FFFF9783
:10281000E103002AA003F837A20E40B98002004B62
:102820004200000BA20E00B99F02016B2001005470
:10283000F51340F9F35341A9FD7BC4A8C0035FD64B
:10284000E11F00F9B7180094E11F40F9E4FFFF17FA
:10285000F0130094E10300AA000080523F0000B989
:10286000F35341A9F51340F9FD7BC4A8C0035FD61B
:10287000F51340F9E713009421018052010000B9DB
:1028800000008012ECFFFF17F51340F900008012E2
:10289000E9FFFF171F2003D5283421400000000066
:1028A000B0692140000000000000000000000000AE
:1028B000FD7BBEA901000090FD030091F30B00F920
:1028C000F303002A209C44F9000040F9600000B4A2
:1028D000012440F9E10100B47F4E00712802005448
:1028E00000000090737E7C9301A044F9206873B8C7
:1028F0001F04003160010054020080120000805269
:10290000226833B8F30B40F9FD7BC2A8C0035FD641
:10291000841800947F4E007149FEFF541F2003D598
:10292000BC130094E10300AA22018052000080122F
:10293000220000B9F4FFFF172834214000000000F6
:10294000B06921400000000000000000000000000D
:102950000004004F03008452028080D200008052A5
:102960003F3000F9200000AD200002AD230400B983
:10297000200001AD222400F9C0035FD60000000052
:10298000FD7BBEA901000090FD030091F30B00F94F
:10299000F303002A200045F9000040F9600000B46C
:1029A000012440F9C10100B47F4E0071E8010054D8
:1029B00001000090607E7C93210445F9206860B896
:1029C0001F040031200100547F060071E0879F1A28
:1029D000F30B40F9FD7BC2A8C0035FD651180094E9
:1029E0007F4E007169FEFF548A130094E10300AA30
:1029F0002201805200008052220000B9F5FFFF172B
:102A00002834214000000000B0692140000000008F
:102A100000000090001045F9EA0300141F2003D5C0
:102A2000486B214000000000000000000000000092
:102A300000000090002045F9E60300141F2003D594
:102A4000486B214000000000000000000000000072
:102A5000FD7BBFA9FD0300913AFDFF970000805266
:102A6000FD7BC1A8C0035FD600000000000000008D
:102A7000FD7BBEA9FD030091F30B00F9F30300AA4F
:102A8000010840F9200040B900741E12006C0212C7
:102A900000000732200000B9610A40F9201040B957
:102AA00000741C12201000B9600640F9011040F9B2
:102AB000C10000B4220840F9200040F9411040F95B
:102AC00020003FD6600640F9010C40F9C10000B477
:102AD000220840F9200040F9411040F920003FD67B
:102AE000600640F9610A40F9001040B90000015346
:102AF000201000B97F0E00F97F2200B97F1600F97F
:102B00007F3200B9F30B40F9FD7BC2A8C0035FD64A
:102B1000020840F9E40300AA450040B9A3040012EA
:102B20003F00236A0003005400018052E302003595
:102B3000430440B9A302C836431040B960040032D0
:102B4000401000B9800840F9031000B9800840F92E
:102B5000021040B95F00036BC1FFFF54A500012ABA
:102B600061000836A500033263001D3261000036A3
:102B7000A500063263001E32031000B9800840F938
:102B8000050000B900008052C0035FD600000000BD
:102B9000020840F904144629431440B9011440F9CD
:102BA000E603042A633448D37F00046B6390841ADD
:102BB000BF080071A0050054BF04007180020054DA
:102BC00045040035E603032A430100342400068B44
:102BD00002000014020840F9427040392214003803
:102BE0003F0004EB81FFFF54011440F9041446290F
:102BF0008400036B6320C51A2100038B21109F9A68
:102C0000011400F9043000B9C0035FD623FFFF347C
:102C1000E603032A2444238B02000014020840F92F
:102C200042384079222400783F0004EB81FFFF54B2
:102C3000053440B9011440F965000035020840F937
:102C4000E3FFFF17063040B9E403062A8400036B54
:102C50006320C51A2100038B043000B921109F9A0C
:102C6000011400F9C0035FD643FCFF34421C40B995
:102C70002448238B224400B87F040071C000005414
:102C8000020840F9421C40B9224400B83F0004EB5E
:102C900081FFFF54053440B9011440F9BF040071AD
:102CA000A000005405FDFF35020840F9E603032AA1
:102CB000C7FFFF17020840F9D6FFFF17000000000A
:102CC000FD7BBDA9FD030091F35301A9A00A00B447
:102CD000F40300AA000040B9F300805200D454511C
:102CE00000240D71A0000054E003132AF35341A9FE
:102CF000FD7BC3A8C0035FD6F51300F99F0200B99E
:102D0000800A40F91F0000B9800A40F91F1000B97D
:102D1000800640F9004C40B9BA0F0094810640F992
:102D2000204840B96000F837B60F0094810640F99A
:102D3000204440B96000F837B20F0094810640F992
:102D4000201040F9C00000B4010840F9000040F92B
:102D5000212040F920003FD6810640F9200C40F99F
:102D6000A00000B4010840F9000040F9212040F91A
:102D700020003FD63B100094F30300AA000080D24D
:102D800034100094820640F9036C81D22320A2F211
:102D90002100A052E00313AA420040B942280011CA
:102DA0002120C21A213C0032610400B9610440B9FB
:102DB000281000942B100094F50300AA000080D284
:102DC00024100094800640F9620080522320A2D291
:102DD000010040B921781F534120C11A213C1053F2
:102DE000617005B9800640F9000040B900781F53B2
:102DF0004220C01A1F2003D561F046B93300026A91
:102E0000C1FFFF54E00315AA12100094F51340F916
:102E1000E003132AF35341A9FD7BC3A8C0035FD687
:102E200033008052E003132AF35341A9FD7BC3A86A
:102E3000C0035FD60000000000000000000000009A
:102E4000FD7BBAA91F0000F1241840FAFD03009190
:102E5000F35301A934008052A01F0054F55B02A96E
:102E6000F50300AAF30301AA201440F9E02000B4FE
:102E7000204C40B934008052201FF837361C40F9EE
:102E8000F61E00B4F76303A9D70640F9371F00B454
:102E9000201040F9000100B4010440F9210440F978
:102EA000811E00B4211440B9624A40B95F00016B31
:102EB000011E0054620E40F9220100B4410440F9A1
:102EC000210440F9012200B4211440B93400805299
:102ED000634640B97F00016BC11C0054A10240B998
:102EE00021D4545121240D71E02A0054F96B04A916
:102EF000E101805254AF8052630240B92124C31AC9
:102F000039000012811F0036780640B9B81C003421
:102F10001F070071012A0054C22A00B4410440F97D
:102F20002004000FE0620091210040F9211040F9D7
:102F3000200000FD610E40F9210440F9210040F914
:102F4000200800F9610E40F9200040F9218840A9CD
:102F5000420040F940003FD6F403002AC01C00356F
:102F6000601240F9C00200B4000440F9000040F9CA
:102F7000001040F9981D00341F07007120280054EC
:102F80004004000FE17200911800261E000000FDB1
:102F9000601240F9000440F9020040F9410400F9D0
:102FA000611240F9200040F9218840A9420040F90F
:102FB00040003FD6F403002AA0180035FB7305A992
:102FC000B3DE00A9B83600B9744E40B9770A41396A
:102FD0009C0F0094E303002A0200B052645C40920C
:102FE000E003142A637C78D3997E4093611C60923D
:102FF000810001AA170F0094E1121D53E003142A67
:10300000080F009401000090E003142A386442F98C
:10301000017B79B81F0F0094E003142A410080520D
:10302000300F0094E003142A21008052510F0094C5
:1030300000000090176842F9E003142AF57A39F885
:103040009F7E00710C1800546A0F0094E003142A4C
:10305000E40E0094744A40B9941BF836744640B9A3
:103060007417F8367782402918008052611240B9EF
:10307000E20A0051003C10535F1000710038012A31
:103080003A000153174C172AE00217321730971AEB
:103090003F04007121010054C1024029620E40B971
:1030A0005F00007121040253F8179F1A2010002AB4
:1030B000F702002A185F1853610242A93B20A2D2EE
:1030C0003F0000F1610E40F9A01E00F9F6179F1AAB
:1030D000601A40F93F0000F1BF0204A9C00E183287
:1030E0001600961A5F0F0094F40300AA000080D225
:1030F000580F0094600240B96200805200781F535C
:103100004020C01A0040002A607305B9600240B92F
:1031100000781F534220C01A61F346B93F00026A8B
:10312000C0FFFF54E00314AA4A0F009434008052F9
:103130004C0F0094F90300AA000080D2450F0094C0
:10314000610240B9006C81D22020A2F22128001136
:103150008122C11A213C1053010400B9010440B975
:10316000000440B9E00319AA3A0F00943C20A2D20F
:103170003C0F0094F90300AA000080D2350F0094A0
:10318000600240B98022C01A003C1053607308B935
:10319000600240B98222C01A81F349B93F00026A35
:1031A000C0FFFF54E00319AA2A0F00942D0F0094CA
:1031B000F90300AA000080D2260F0094620240B9F1
:1031C000210080522020A2D22220C21A4240022A8C
:1031D000827308B9620240B92120C21A1F2003D5A8
:1031E00014F049B99402016AC1FFFF54E00319AA1F
:1031F000180F0094A10A40F940031032370000B9BB
:10320000A10A40F9201000B9A00A40F91A1000B92B
:10321000A10A40F91F2003D5201040B95F03006BBD
:10322000C1FFFF54362400B920698A52600AA07297
:10323000A10A40F9382000B9A00200B9F55B42A903
:10324000F76343A9F96B44A9FB7345A9E003142A6A
:10325000F35341A9FD7BC6A8C0035FD6F55B42A925
:10326000E003142AF35341A9FD7BC6A8C0035FD62F
:10327000F55B42A9E003142AF35341A9F76343A97C
:10328000FD7BC6A8C0035FD634008052E003142A39
:10329000F35341A9F55B42A9FD7BC6A8C0035FD6E5
:1032A000A20300B4410440F9E0620091210040F91A
:1032B000211040F93F0000F9610E40F9210440F966
:1032C000210040F9200800F91FFFFF17600E40F9A8
:1032D000200100B4010840F9000040F9212040F924
:1032E00020003FD6F55B42A9F76343A9F96B44A9D7
:1032F000D7FFFF17F55B42A9F76343A9F96B44A910
:10330000D3FFFF17F55B42A934008052F76343A94E
:10331000CFFFFF1740E5FFB4000440F9000040F97B
:10332000001040F91F0000F918008052E07200916F
:10333000611240F9210440F9210040F9200400F90C
:1033400018FFFF175F0E009441FFFF177906413900
:10335000BC0E0094E303002A0200B052645C409269
:10336000E003142A637C78D3611C6092810001AA77
:10337000380E009421131D53997E4093E003142AC4
:10338000280E0094E003142A017B79B8410E0094C2
:10339000E003142A41008052520E0094E003142AE4
:1033A00021008052730E0094F57A39F8E003142A54
:1033B0009F7E00710C0700548E0E0094E003142AC7
:1033C000080E009428FFFF17790241399D0E0094E2
:1033D000E303002A0200B052645C4092E003142A26
:1033E000637C78D3611C6092810001AA190E00945D
:1033F00021131D53997E4093E003142A090E009473
:10340000E003142A017B79B8220E0094E003142A09
:1034100041008052330E0094E003142A21008052B0
:10342000540E0094F57A39F8E003142A9F7E007157
:103430006C0300546F0E0094E003142AE90D00940D
:1034400007FFFF17F55B42A9D4018052F76343A938
:103450007FFFFF17820200B4410440F94004000FCF
:10346000E0620091210040F91800261EB0FEFF170F
:1034700060DAFFB4000440F9000040F9001040F9A0
:103480002004000FF803192AE1720091000000FDEA
:10349000C0FEFF170B0E0094C9FFFF17090E009422
:1034A000E6FFFF17A00000B4000440F9000040F957
:1034B000001040F9B3FEFF1758008052FB7305A9B6
:1034C000C0FEFF171F2003D510222140000000007E
:1034D000806C21400000000000000000000000009F
:1034E000FD7BBEA9FD030091F30B00F9F30300AAD5
:1034F000033440B9000440F9000C40F9A00200B4C4
:10350000030440F9423C0012630040F9610400F9F1
:10351000010440F9210040F922340079018840A9D2
:10352000000040F9210040F9420440F940003FD634
:10353000A0000035010080D2610E00F9602200B9C0
:1035400000008052F30B40F9FD7BC2A8C0035FD698
:103550004024C31AF9FFFF1700000000000000001C
:10356000FD7BBEA9FD030091F30B00F9F30300AA54
:10357000033440B9000440F9041040F94024C31A50
:10358000440200B4030800517F040071E9010054B3
:10359000800440F9423C0012000040F9010800F9A3
:1035A000800440F9000040F902340079808840A985
:1035B000010040F9800040F9420440F940003FD644
:1035C000A0000035010080D2611600F9603200B918
:1035D00000008052F30B40F9FD7BC2A8C0035FD608
:1035E0005F0000F1241840FA041840FA6002005409
:1035F000FD7BBDA9FD030091F35301A9F40302AAC9
:10360000F30300AA020040B942D4545142240D7180
:10361000A1010054F51300F922008052F503032A9A
:10362000C3010035F51340F9E003022AF35341A921
:10363000FD7BC3A8C0035FD622008052E003022AAC
:10364000C0035FD6F35341A9E2008052FD7BC3A8BB
:10365000E003022AC0035FD6E203032AA1FFFF971B
:10366000E203002A00FEFF35E203152AE10314AA53
:10367000E00313AABBFFFF97E203002A40FDFF35DA
:10368000600A40F9000440B90001E8374001D03732
:10369000F51340F9E00313AAF35341A961008052E6
:1036A000FD7BC3A81BFDFF17F51340F9A201805253
:1036B000DEFFFF17F51340F982018052DBFFFF1791
:1036C000FD7BBDA901000090FD030091213C44F960
:1036D000F30B00F933D860F8600E40F9632240B96B
:1036E000E603032A000300B4610A40F90204805291
:1036F000653640B9241440B9847458D34200044B51
:103700005F00036B4290831ABF080071E00400540D
:10371000BF040071E008005425080034E303062AC2
:103720006300024B632200B9C30300344220C51A70
:103730000000028B600E00F9F30B40F9FD7BC3A87B
:10374000C0035FD6A3FFFF35600A40F9001440B9FB
:10375000007458D31F40007109FFFF54602240F9E4
:10376000800800B4020C40A9E20F02A92100805297
:10377000010800B9612640F9010000F9611E40F915
:1037800020003FD6602240F980FDFFB4E20F42A93D
:10379000020C00A9F30B40F9FD7BC3A8C0035FD660
:1037A0007F0E00F9E9FFFF17C2FBFF340448228BAC
:1037B000034440B8231800B95F040071C0000054EE
:1037C000610A40F9034440B8231800B91F0004EB14
:1037D00081FFFF54653640B9600E40F9BF040071A7
:1037E0004004005425020035610A40F9E403022A2E
:1037F0000400048B02000014610A40F903144038ED
:10380000236000391F0004EB81FFFF54600E40F974
:10381000632240B9653640B9C2FFFF17E403022AAC
:1038200082FEFF35BFFFFF17662240B9BCFFFF17BE
:1038300082F7FF34E403022A0544228B02000014BD
:10384000610A40F903244078233000791F0005EB1A
:1038500081FFFF54653640B9600E40F965FEFF35C3
:10386000610A40F9E3FFFF17610A40F9F2FFFF1711
:10387000E0830091BEFFFF17806C21400000000034
:10388000FD7BBDA901000090FD030091218444F956
:10389000F30B00F933D860F8601640F9000100B46A
:1038A000E00313AABBFCFF97603240B980000034EC
:1038B000F30B40F9FD7BC3A8C0035FD6602240F93B
:1038C000000200B4020C40A9E20F02A9410080529C
:1038D000010800B9612640F9010000F9611E40F9B4
:1038E00020003FD6602240F940FEFFB4E20F42A91B
:1038F000020C00A9F30B40F9FD7BC3A8C0035FD6FF
:10390000E0830091F2FFFF17806C2140000000006F
:10391000FD7BBDA901000090FD03009121D844F971
:10392000F30B00F933D860F8600A40F9010440B99C
:103930001F0400B92101C837601640F9600000B4C7
:10394000E00313AA93FCFF97E00313AAF30B40F9DB
:10395000FD7BC3A847FCFF17610A40F9200040B96E
:1039600000780612200000B9602240F9E00100B49E
:10397000020C40A9E20F02A91F0800B9612640F914
:10398000010000F9611E40F920003FD6602240F995
:10399000600000B4E20F42A9020C00A9F30B40F949
:1039A000FD7BC3A8C0035FD6E0830091F3FFFF1740
:1039B000806C2140000000000000000000000000BA
:1039C0001F0C00F9C0035FD60000000000000000DB
:1039D000FD7BBDA9FD030091F30B00F9F30300AAE1
:1039E000002040F97F1600F9000200B4020C40A943
:1039F000E20F02A941008052010800B9612640F996
:103A0000010000F9611E40F920003FD6602240F914
:103A1000600000B4E20F42A9020C00A9F30B40F9C8
:103A2000FD7BC3A8C0035FD6E0830091F2FFFF17C0
:103A30003F0000F1E40300AA041840FA200080527D
:103A400040010054860040B9A5CA88526568AA7230
:103A5000E0008052DF00056B8100005400008052BE
:103A6000810C04A9822800F9C0035FD60000000081
:103A7000C0008052C0035FD60000000000000000BC
:103A800002504039C30980526500020A05500039CE
:103A9000E203052A23044039030800392300403992
:103AA00004004079631043D36404003304000079B8
:103AB00023004039630008362308C0390301F83772
:103AC0002100403923000012210842D3611C012A41
:103AD0002100022A01500039C0035FD6A5001C3224
:103AE0000550003942001B322308403903080039D1
:103AF0002100403923000012210842D3611C012A11
:103B00002100022A01500039C0035FD600000000E6
:103B1000FD7BBCA9FD030091F35301A9F30300AAA7
:103B2000002440F9E00200B4041440A9F4A3009179
:103B3000E49702A9030840F9830A00F9631640F9E3
:103B40006300403903080029010800B9612A40F9DF
:103B5000010800F9612240F920003FD6602640F9B3
:103B6000A00000B4E28F42A9020C00A9810A40F92A
:103B7000010800F9F35341A9FD7BC4A8C0035FD637
:103B8000F4A30091E00314AAEDFFFF17000000006A
:103B9000FD7BBEA9FD030091F30B00F9F30300AA1E
:103BA000001840F9011C40793F1040F260020054B7
:103BB0000210407901284039642240B9433C001288
:103BC000211C00120202183723041037440200356A
:103BD000820080521F2003D5632240F943FEFFB4C8
:103BE000E00313AACBFFFF97601A40F9011C40794C
:103BF0003F1040F2E1FDFF54F30B40F9FD7BC2A8FA
:103C0000C0035FD60202805283FE17360203805241
:103C1000F2FFFF17600E40F901000039610E40F914
:103C2000602240B921040091610E00F900040051A6
:103C3000602200B9A0FDFF35602240F960FDFFB4AD
:103C40002200805201008052E6FFFF1702018052DD
:103C5000E2FFFF170000000000000000000000006D
:103C60001F0000F1241840FA60010054030040B91D
:103C7000A2CA88526268AA72E00080527F00026B7A
:103C8000810000540004002F00008052200000FD3D
:103C9000C0035FD620008052C0035FD60000000042
:103CA000E00500B4FD7BBDA9FD030091F35301A91C
:103CB000F30300AAF40301AAA1CA8852E0008052CB
:103CC000620240B96168AA725F00016B210400546E
:103CD000602240B9800200B97F2200B9601640F925
:103CE000001840F9000200B4010840F9000040F952
:103CF000211040F920003FD6C0020035601640F97F
:103D0000E1830091001840F9020840F9000040F9F1
:103D1000421C40F940003FD6C0010035E02F40B9B9
:103D2000800200B9611A40F92018407900001F3262
:103D300020180079611A40F920184079E0FF0F3609
:103D4000221840790000805242781E122218007911
:103D5000F35341A9FD7BC3A8C0035FD62000805266
:103D6000C0035FD60000000000000000000000005B
:103D7000000800B4FD7BBEA9FD030091F35301A927
:103D8000F30300AAF403012AA1CA8852E00080527A
:103D9000620240B96168AA725F00016B01060054BB
:103DA00054060836621A40F961EF9F5200008052B3
:103DB000430840792100030A41080079611640F95F
:103DC000211C40F9A10000B4220840F9200040F96C
:103DD000411040F920003FD6621A40F97F1200B925
:103DE0004118407921001E3241180079611A40F9CA
:103DF00022184079E2FF17362218407942781D12C6
:103E000022180079C0020035B4020036611640F96C
:103E10007F2200B900008052211840F9A10000B4AF
:103E2000220840F9200040F9411040F920003FD617
:103E3000621A40F94118407921001F324118007977
:103E4000621A40F91F2003D541184079E1FF0F366F
:103E50004118407921781E1241180079F35341A985
:103E6000FD7BC2A8C0035FD6C0008052E7FFFF17EA
:103E700020008052C0035FD6000000000000000058
:103E80003F0000F1E30300AA4418407A041840FA06
:103E90002000805241000054C0035FD6650040B945
:103EA000A4CA88526468AA72E0008052BF00046B02
:103EB00041FFFF54601040B900020035651840F919
:103EC000A408407984781812A4080079651840F98C
:103ED000A408407984781D12A4080079610400F9CF
:103EE000641840F9621000B9810840792100193244
:103EF00081080079C0035FD600018052C0035FD6FD
:103F0000C00300B4E60300AAA2CA88526268AA727B
:103F1000E0008052C30040B97F00026BE100005412
:103F2000C31840F920008052620840794204001210
:103F30005F00006B49000054C0035FD6FD7BBFA942
:103F400062E19F52FD030091600840794400000A3D
:103F500064080079DF0400F987081C32C01840F9B2
:103F6000C8FEFF9700008052C11840F92708007969
:103F7000FD7BC1A8C0035FD620008052C0035FD67E
:103F8000FD7BBDA9FD030091F35301A9E00800B436
:103F9000F40300AAA0CA88526068AA72F300805293
:103FA000810240B93F00006BA0000054E003132AD7
:103FB000F35341A9FD7BC3A8C0035FD6F51300F9F5
:103FC0009F0200B9801A40F91F080079811640F954
:103FD000201440B9332840F90A0B0094801640F9A8
:103FE000002C40B9070B0094600640B9050B009403
:103FF000801640F9001C40B9020B0094801640F96D
:10400000002440B9FF0A0094960B0094F30300AA21
:10401000000080D28F0B0094811640F9E00313AAB0
:1040200033008052026C81D22220A2F2210040395A
:104030002100130B6122C11A213C1053213C003294
:10404000410800B9410840B9820B0094850B0094E7
:10405000F50300AA000080D27E0B0094801640F980
:104060002320A2D2010040396122C11A213C105301
:10407000618405B9801640F9000040396222C01AF7
:10408000610447B93300026AC1FFFF54E00315AA77
:10409000700B0094F51340F9E003132AF35341A980
:1040A000FD7BC3A8C0035FD633008052E003132A10
:1040B000F35341A9FD7BC3A8C0035FD600000000F5
:1040C000C0008052C0035FD6000000000000000066
:1040D0003F0000F1E30300AA4418407A041840FAB4
:1040E0002000805241000054C0035FD6650040B9F3
:1040F000A4CA88526468AA72E0008052BF00046BB0
:1041000041FFFF54602040B980000035610C00F988
:10411000622000B9C0035FD600018052C0035FD6A1
:10412000FD7BBBA93F0000F1041840FAFD0300919C
:10413000F35301A934008052E0300054F55B02A92A
:10414000F30301AA362840F9F63000B4C11E40F945
:10415000A13000B4F50300AAC00A40F9403000B411
:10416000A20240B9A0CA88526068AA725F00006BC0
:104170006031005462024039E00380520024C21AC8
:104180001400001260300036601640B9802FF837F6
:10419000601E40B9402FF837602640B9002FF8372D
:1041A000602E40B9C02EF837C00640B9802EF837CF
:1041B000F76303A9F96B04A9B38602A9602240F949
:1041C000A02200F9602640F9BF8204A9742E40B9EC
:1041D000792A40F9E003142A77A24039890A009429
:1041E000987E4093170B0094E303002A615C409291
:1041F0000200B052637C78D3E003142A631C6092FF
:10420000210003AA930A0094E1121D53E003142A2B
:10421000840A009401000090E003142A371C44F93A
:10422000E17A78B89B0A0094E003142A4100805296
:10423000AC0A009421008052E003142ACD0A0094B5
:1042400000000090142044F9957A38F8781640B9A7
:104250007A424039E003182A6A0A0094F90A009465
:10426000E303002A615C40920200B052637C78D381
:10427000E003182A631C6092210003AA750A0094C7
:1042800041131D531A7F4093E003182A650A0094D6
:10429000E003182AE17A7AB87E0A0094E003182A2B
:1042A000410080528F0A009421008052E003182AB6
:1042B000B00A0094957A3AF8380740B93903403982
:1042C000E003182A4F0A0094DE0A0094E303002A50
:1042D000615C40920200B052637C78D3E003182AFC
:1042E000631C6092210003AA5A0A009421131D53F3
:1042F000197F4093E003182A4A0A0094E003182A21
:10430000E17A79B8630A0094E003182A41008052E8
:10431000740A009421008052E003182A950A009440
:10432000957A39F8781E40B979624039E003182A45
:10433000340A0094C30A0094E303002A615C4092AB
:104340000200B052637C78D3E003182A631C6092A9
:10435000210003AA3F0A009421131D53197F4093A3
:10436000E003182A2F0A0094E003182AE17A79B8AA
:10437000480A0094E003182A41008052590A009428
:1043800021008052E003182A7A0A0094957A39F8BD
:10439000782640B979824039E003182A190A009436
:1043A000A80A0094E303002A615C40920200B05224
:1043B000637C78D3E003182A631C6092210003AA6F
:1043C000240A009421131D53197F4093E003182AF7
:1043D000140A0094E003182AE17A79B83720A2D2AF
:1043E0002C0A0094E003182A410080523D0A0094F0
:1043F000E003182A210080525E0A0094957A39F869
:10440000980A0094F40300AA000080D2910A009454
:1044100061024039220080524120C11A2140012A04
:10442000E18605B9600240394220C01A1F2003D539
:10443000E10647B93F00026AC0FFFF54E00314AA37
:10444000840A009434008052860A0094F80300AA7B
:10445000000080D27F0A009461024039006C81D252
:104460002020A2F22100140B8122C11A213C1053FA
:10447000010800B9010840B9000840B9E00318AAD2
:10448000740A00943820A2D2760A0094F90300AA94
:10449000000080D26F0A0094610240398122C11A63
:1044A000213C1053E18608B9600240398222C01ACB
:1044B00001074AB93F00026AC0FFFF54E00319AA8E
:1044C000640A0094670A0094F70300AA000080D2EF
:1044D000600A009460024039210080522220A2D25A
:1044E0002020C01A0040002A008708B96002403925
:1044F0002120C01A1F2003D554044AB99402016A2E
:10450000C1FFFF54E00317AA520A0094A01A40F911
:104510001F080079A11A40F920184079003C0012C8
:1045200000041F3220180079A01A40F901104079C8
:104530001F100079A01A40F9012440791F24007946
:10454000C00A40B9001700341F040071370E8052B2
:10455000410E805240008052F702811A00149F1AC7
:10456000A11A40F920080079608640291F0C0071CB
:10457000E0179F1A00641A53A10000343F0C007129
:1045800001001B3200041C320000811AA11A40F9FC
:1045900002001D32630E40B97F0400714000801A92
:1045A000003C001220000079662A40F9C00840B99A
:1045B000010800513F040071E8120054A21A40F9AA
:1045C0001F080071E0179F1A010080124050003947
:1045D000A01A40F901080039A11A40F920184079C1
:1045E000003C001200041F3200601512023C001251
:1045F00022180079A11640F9222840F9411840B943
:10460000231000517F380071A80F005403A08F526F
:104610006120010B213C0012A31A40F9421C40B951
:10462000612C0079410400115F1C0071A21A40F94D
:104630000120012A2030801A00741D12003C001253
:1046400040180079C00C40B9A11A40F9000D00349F
:104650002050403900001E3220500039A01640F989
:1046600061008052BF0600F9BF1200B9BF0E00F909
:10467000BF2200B9A1720079131440B9E003132AD4
:104680007F7E00710C0B0054DA090094E003132ABA
:1046900054090094A01640F9132C40B9E003132AE2
:1046A0007F7E0071CC090054D2090094E003132AE4
:1046B0004C090094D30640B9E003132A7F7E0071B1
:1046C000AC080054CB090094E003132A4509009478
:1046D000A01640F9131C40B9E003132A7F7E007135
:1046E0006C070054C3090094E003132A3D090094A9
:1046F000A01640F9132440B9E003132A7F7E00710D
:104700002C060054BB090094E003132A35090094D9
:10471000A01A40F917080079C02640B9A11A40F93B
:10472000400400342018407900001D322018007920
:10473000A11A40F9A0CA8852A27240796068AA7290
:1047400022200079A00200B9F55B42A9F76343A9D2
:10475000F96B44A9E003142AF35341A9FD7BC5A8D2
:10476000C0035FD634008052E003142AF35341A9FA
:10477000F55B42A9FD7BC5A8C0035FD6F55B42A9E6
:10478000E003142AF35341A9FD7BC5A8C0035FD6FB
:10479000F55B42A954AF8052EFFFFF17F55B42A9CA
:1047A000D4018052ECFFFF17A072407900041A3246
:1047B000A07200792018407900781C122018007926
:1047C000DCFFFF173F090094D0FFFF173D0900945D
:1047D000C6FFFF173B090094BCFFFF17390900947F
:1047E000B3FFFF1737090094A9FFFF172050403986
:1047F00000781D122050003999FFFF172304005143
:104800007F080071680100540018012A01008052DD
:1048100082FFFF17C10840F9A01A40F999FCFF97E1
:104820006EFFFF17170E8052000080524DFFFF17DA
:104830000100805279FFFF17102221400000000084
:10484000806C21400000000000000000000000001B
:1048500001000090219C44F920D860F8021440F92E
:10486000011040B9421C40F9020200B4410000347A
:10487000C0035FD6021840F941084079213C00127C
:1048800021001E3221781812213C001241080079C3
:104890001F0400F9012040F9C1FEFFB4021080524C
:1048A000010080529BFCFF17021840F961FEFF34A3
:1048B000010440F92100403941180039020440F94F
:1048C000041840F942040091011040B9020400F9B3
:1048D00021040051011000B9831C4079633048D392
:1048E0007F3C0071A90100540E00001441004039C2
:1048F00081180039020440F9011040B942040091C6
:10490000020400F921040051011000B9041840F913
:104910007F400071600000546304001181FEFF3588
:104920008110407921781A1281100079011040B964
:1049300001FAFF35D0FFFF17806C21400000000016
:10494000FD7BBEA901000090FD03009121C044F948
:10495000F30B00F933D860F8E00313AA8DFCFF973E
:10496000611A40F9A2FF9F52201040790000020A0C
:1049700020100079F30B40F9FD7BC2A8C0035FD67D
:10498000806C2140000000000000000000000000DA
:10499000FD7BBEA90200009021088012FD0300915A
:1049A000421445F9F35301A954D860F8801A40F92C
:1049B00013104079733E00126102010A0110007960
:1049C000F302003773023036821A40F980108012E9
:1049D000831240B9410840797F000071213C0012E8
:1049E0002000000A21781D122110801A4108007948
:1049F000802240F9E00000B4E00314AA4200805293
:104A0000F35341A901008052FD7BC2A841FCFF176E
:104A1000F35341A9FD7BC2A8C0035FD6E00314AAEB
:104A20005CFCFF97E8FFFF17806C2140000000004E
:104A300001000090213045F920D860F8011840F9B4
:104A400022104079403C00125F0079F2027818127F
:104A50000000821A20100079C0035FD61F2003D502
:104A6000806C2140000000000000000000000000F9
:104A700001000090218045F920D860F8031840F922
:104A80006210407961244079443C0012213C0012BC
:104A900082002037C1020036020480520D0000144B
:104AA00084781B12843C00122101003764100079C5
:104AB00002088052031840F961240079012040F96E
:104AC000410100B40100805212FCFF17020C805219
:104AD0006410007921381F12031840F9612400790D
:104AE000012040F901FFFFB5C0035FD664100079D3
:104AF000001840F901240079C0035FD61F2003D5B8
:104B0000806C214000000000000000000000000058
:104B1000010600B4200040B91F0C0071A805005424
:104B2000440040F9230840F97F0004EB28050054B5
:104B3000430840F91F040071000500541F0800716C
:104B400040050054060082D2630440B2E503062A01
:104B50008008C69A430800F90090069BA00300B5A0
:104B6000430840B96008C51A008C051B20030035B6
:104B7000480C40B90709C51AE0A0051BA002003582
:104B800029A840A981000ACB2108C69A21707D93EB
:104B90002100098B274C278B1F01056B83010054D3
:104BA000440840F9E60301AAE303032A2120009107
:104BB000830003AAC30000F9430840B9A300030B14
:104BC000430800B93F0007EBC1FEFF54C0035FD6A6
:104BD00060008052C0035FD60600A8D2630040B2D6
:104BE000E503062ADBFFFF170604A0D2630040B2EC
:104BF000E503062AD7FFFF170000000000000000B1
:104C0000E10400B4240040B9600080529F00006BB2
:104C1000E8030054430040F9270840F9FF0003EB84
:104C2000680300549F040071400300549F08007102
:104C3000050082D20004A0D20600851AA510809A31
:104C40006408C59A60008052848C059B040200B5FC
:104C5000440C40B98208C61A4090061B0002003579
:104C6000630007CB270440F96108C59A21707D9342
:104C70002100078B224C228B9F00066B830000547F
:104C80003F8400F83F0002EBC1FFFF54C0035FD632
:104C90000500A8D2E603052AEAFFFF17600080524C
:104CA000C0035FD60000000000000000000000000C
:104CB000FD7BBAA901000090FD030091F55B02A9FC
:104CC000362047F9F35301A9F30300AAC1020032C9
:104CD000EB09009401000090030000900200009096
:104CE000000000902E2447F901000090722847F937
:104CF0004C3447F9C20540B2C20200F9142C47F9FE
:104D0000400640B2C00600F9353047F9800640B28F
:104D1000820D40F9C00A00F9A10640B2400080525D
:104D2000C10E00F9E03300B9E07F40B2FF2300F983
:104D30005F0000EB000700540B008052010080D29E
:104D4000ED7740B2EF7B40B2180000143F000FEB4C
:104D5000C90600540000A8123F0000EBC80600542A
:104D6000E10314AA0000B0D2E18303A9E35700B91C
:104D7000E22F00F9820300B5E2230191E1C3009123
:104D8000E00313AA9FFFFF9761050011E07F40B287
:104D9000EB0301AA227C7BD38201028B420C40F9F7
:104DA0005F0000EB8003005421E87BD38301018B7B
:104DB000816961F8E12700F9600440F9E05300B926
:104DC000630840F93F000DEB28FCFF54E1030EAAF5
:104DD000000080D2E18303A9E35700B9E22F00F974
:104DE000C2FCFFB4E2230191E1C30091E00313AAE6
:104DF00048FFFF9761050011E07F40B2EB0301AA75
:104E0000227C7BD38201028B420C40F95F0000EBD5
:104E1000C1FCFF54F35341A900008052F55B42A945
:104E2000FD7BC6A8C0035FD6E10312AA0000A8D28A
:104E3000CEFFFF1700040091E10315AACBFFFF1777
:104E400000E001000000000000F001000000000090
:104E5000000002000000000000100200000000003E
:104E60000020020000000000D817214000000000D0
:104E7000093C48D3031C42D322090051070283D2C4
:104E80006720A2F200041D536204020B264852D38D
:104E9000421C409224008052E80020D18420C01A95
:104EA000EB03242AC620C01AEC7862B8252C4AD31A
:104EB000630080528401240A6320C01AC400042ABB
:104EC000E47822B8EA03232AA520C01A047962B83C
:104ED0008300230AA300032A037922B83F05007147
:104EE00040000054C0035FD6E4F847B9234C53D3C5
:104EF000058184D2225454D36B01040A6520A2F2A6
:104F00006320C01A63000B2AE3F807B9215C56D36B
:104F1000040185D24220C01AA30040B96420A2F245
:104F20002120C01A4301030A4000032AA00000B94F
:104F3000800040B94A01000A21000A2A810000B914
:104F4000C0035FD600000000000000000000000069
:104F5000FD7BBEA9043C48D303041D5327008052A7
:104F6000FD030091061C42D30D1C1E53E820C01AFD
:104F7000C604040B62008052EA0080520F4280D2C5
:104F8000101D0012F30B00F9294050D3252C4AD3F1
:104F90002C4451D32B4C53D33E5454D32E5C56D374
:104FA000331444D3C61C0012216858D34220C31ABC
:104FB000E720C31A6F20A2F24A21CD1A1FFE037107
:104FC00000010054001C0012F04964382921C01A65
:104FD000001E00120800280A0801092A091D0012F3
:104FE000E003062A061082D2E94924386620A2F29C
:104FF000C8001091A520C31AD07860B86922C31ADE
:10500000D2003091D10440911002220A8C21C31A9F
:10501000A500102AC57820B86621C31A0F05409153
:10502000137960B8C523C31ACB21C31A101085D2D7
:105030006302270A7020A2F28301032A037920B8B1
:10504000E403042A0E8880D2437A60B86E20A2F26C
:105050002120CD1A6300220A2301032A437A20B8B3
:10506000237A60B86700270AC300072A237A20B88A
:10507000E37960B86300220AA300032AE37920B829
:10508000037A60B86200220A6201022A027A20B81A
:10509000C07964B800002A0A2100002AC17924B826
:1050A000F30B40F9FD7BC2A8C0035FD600000000EF
:1050B000FD7BBCA90A3C48D308041D532300805241
:1050C000FD030091051C42D3091C1F53620080524E
:1050D0006C20C01AA5040A0B8D1D0012F35301A900
:1050E0002B4050D3F55B02A9164280D2242C4AD320
:1050F000F76303A9354451D3341444D333384ED322
:105100003E4C53D3325454D3315C56D32F0C42D33C
:105110004920C91AA51C00120E1C0012303D0012B5
:10512000061C0012210000124720C81A6320C81A6A
:105130007620A2F2BFFD0371E0000054C24A6A3833
:105140006B21C61A421C001242002C0A42000B2A94
:105150004B1C0012E003052A051082D2CB4A2A38E4
:105160006520A2F2A20010918420C81AAB7860B822
:10517000B6003091B7044091B522C81A6B01270AD6
:10518000189085D284000B2AA47820B84522C81A2A
:105190007820A2F2447860B89422C81A7322C81A00
:1051A0009200230ACB23C81AB502122A557820B8D8
:1051B000420440912422C81AD27A60B8081085D2DD
:1051C0006820A2F2511D7FD35202270A9402122AAC
:1051D000D47A20B8122480D2F4FF9F52157B60B895
:1051E0007220A2F2B502230A7302152A137B20B89B
:1051F000F37A60B86302230A6301032AE37A20B8D2
:10520000437860B86300270AA300032A437820B8D4
:10521000027960B84200270A8300022A037920B885
:105220001F02146B00010054206A7278C2791F5368
:10523000003C0012E221C21A0900290A2901022AAF
:105240002F3D0012020280D22F6A32786220A2F231
:10525000BFFD0371E000005443486A382020C61A9D
:10526000611C001221002C0A2000002A011C0012DF
:1052700041482A38F35341A9F55B42A9F76343A992
:10528000FD7BC4A8C0035FD6000000000000000042
:10529000FD7BBDA9FD030091F35301A9F40300AA0E
:1052A000F55B02A9EF060094F30300AA000080D288
:1052B000E80600940000009016D441F9C00240B9FD
:1052C000C0000035000286D2010880526020A2F2A0
:1052D0001F10003901100039C10240B9E00313AAC0
:1052E00021040011C10200B9DA060094800240795D
:1052F000C0020034130080D2F5FF9F520600001454
:1053000014FFFF9780024079730600911F20336BD2
:10531000C9010054820640F961F27DD34000018B3F
:10532000416861B8000440B91F00156B8803005440
:1053300081FE87375FFFFF977306009180024079F7
:105340001F20336B88FEFF54C6060094F30300AAA7
:10535000000080D2BF060094C00240B98000003433
:10536000C00240B900040051C00200B9C00240B9F7
:10537000C0000035000286D2E10F80126020A2F248
:105380001F10003901100039F55B42A9E00313AA90
:10539000F35341A9FD7BC3A8AE060014B5FEFF97E9
:1053A000D9FFFF171F2003D5786C214000000000B3
:1053B0001F0000F1241840FAE0020054E20300AAA2
:1053C000200440F9000200B4440040B9834A8A52E4
:1053D000E309AA72C00180529F00036BA001005430
:1053E000FD7BBFA9E00301AAFD030091430000B9C2
:1053F000410800F9A7FFFF9700008052FD7BC1A87C
:10540000C0035FD62300407920008052E3FDFF34C3
:10541000C0035FD620008052C0035FD600000000AA
:10542000FF4300D1C0008052E10700F9E20300F918
:10543000E10740F9E10340F9FF430091C0035FD663
:10544000E10300AA800100B4230040B96228885219
:10545000A289A872E00080527F00026BA100005474
:10546000210C40F98200805200008052222800B9AD
:10547000C0035FD620008052C0035FD6000000004A
:105480003F0000F1E30300AA041840FA2000805214
:1054900040010054650040B964288852A489A8726C
:1054A000E0008052BF00046B810000540000805275
:1054B000611000F9621800F9C0035FD60000000017
:1054C000FD7BBAA9FD030091E12700F9F35301A97F
:1054D000E22300F9800200B4F30300AA6028885296
:1054E000A089A872F4008052610240B93F00006BAD
:1054F00021010054600640F9000440F9400100B465
:10550000143840B9B4050035600E40F9012440B9A3
:1055100041010037E003142AF35341A9FD7BC6A8DB
:10552000C0035FD634008052E003142AF35341A92C
:10553000FD7BC6A8C0035FD6012C40B9C1FEF7377A
:10554000F55B02A9E12740F9F52340F9002440B9B1
:10555000E33F00B96003383600000090E263019138
:10556000160843F9E00316AA2EF3FF97600E40F9E0
:10557000E10315AAE42F40F9E2630191040000B9A8
:10558000E00316AA27F3FF97600E40F9E12F40F9D8
:10559000010400B9E33F40B9600E40F9030800B9C7
:1055A000610E40F9202C40B900000232202C00B9D5
:1055B000F55B42A9D8FFFF17B4008052D6FFFF1752
:1055C00000000090E2630191160843F9E00316AA77
:1055D00014F3FF97600E40F9E10315AAE42F40F998
:1055E000E2630191040C00B9E00316AA0DF3FF97E2
:1055F000600E40F9E12F40F9011000B9E33F40B9D6
:10560000600E40F9031400B9E6FFFF171F2003D511
:10561000386B214000000000000000000000000086
:10562000FD7BBCA901000090FD030091F51300F97A
:10563000E2E30091356C43F9E10300AAF35301A9B9
:10564000F40300AAE01B00F9E00315AAF5F2FF97A6
:10565000E01F40F91F0440F2610200541F2003D5EF
:10566000800240B9C0020837931E40B9D30000350C
:10567000F51340F9E003132AF35341A9FD7BC4A8B5
:10568000C0035FD6E103132AE2C30091E00315AA29
:10569000E11F00F9FBF2FF97F41B40F97F0640F28F
:1056A00000FEFF5433008052E003132AF35341A954
:1056B000F51340F9FD7BC4A8C0035FD613008052E8
:1056C000E003132AF35341A9F51340F9FD7BC4A865
:1056D000C0035FD61F2003D5386B214000000000B7
:1056E000E20300AAC00300B4430040B96128885215
:1056F000A189A872E00080527F00016B6102005412
:10570000400C40F901208052012800B9400C40F9BA
:10571000012440B9C1010036012440B9E1FF1F3620
:1057200041008052012800B9410C40F91F2003D5E7
:10573000202440B9E0FF1737202840B900001D326F
:10574000202800B900008052C0035FD601018052BA
:10575000012800B900008052FCFFFF172000805292
:10576000C0035FD600000000000000000000000041
:10577000E20300AA200200B4440040B96328885222
:10578000A389A872E00080529F00036B410100547E
:10579000410100B40004002F00008012200800B96D
:1057A00000008052200000FD420C40F9422040B928
:1057B000220C00B9C0035FD620008052C0035FD620
:1057C000FD7BBDA9FD030091F35301A9F30300AADA
:1057D000000440F9010440F9610E00B4203840B9DA
:1057E000A00200341F040071A0100054201040B922
:1057F000C0020035220440B9600E40F92208F83694
:10580000012C40B921000832012C00B9610E40F989
:10581000030180522200805200008052232800B9E8
:10582000610E40F9222800B9F35341A9FD7BC3A8BA
:10583000C0035FD6600E40F9600B00B4002C40B985
:10584000201040B980FDFF34020000902004403950
:10585000459845F9A20040F91F040071090B005456
:1058600006001C5303080051E47F8052631C0012A1
:105870008420C61AE403242A7F040071690C0054B2
:1058800003100051631C00127F040071890D005445
:1058900003180051631C00127F040071890E00542C
:1058A00003200051631C00127F040071890F005413
:1058B00003280051631C00127F04007189100054FA
:1058C00000300051001C00121F04007189110054A7
:1058D000401C40B90000040A401C00B923044039B0
:1058E000201040B9441C40B963001C53002C001226
:1058F0000020C31A0000042A401C00B9BEFFFF1795
:10590000F51300F9022C40B942780712022C00B9B5
:10591000340440B9352040394A050094E303002A95
:105920000200B052615C4092E003142A637C78D399
:10593000631C6092210003AAC6040094A1121D53A7
:10594000E003142AB7040094957E40930100009070
:10595000E003142A219C45F9217875B8CD04009400
:10596000E003142A41008052DE040094E003142A6C
:1059700021008052FF0400940000009000A045F92F
:10598000137835F8E003142A9F7E00714D0100540E
:10599000CC040094E003142A92040094F51340F917
:1059A0009BFFFF17F35341A920008052FD7BC3A842
:1059B000C0035FD60F050094F7FFFF17440040B9FE
:1059C000006C1C53E37F80526020C01A8000200AC4
:1059D000400000B9A30040F922044039201040B92A
:1059E000640040B942001C53002C00120020C21A6F
:1059F0000000042A600000B97FFFFF17620A40F927
:105A000062EFFFB589FFFF17400440B90000040AA8
:105A1000400400B9A30040F922044039201040B9E5
:105A2000640440B942001C53002C00120020C21A2A
:105A30000000042A600400B96FFFFF17400840B956
:105A40000000040A400800B923044039201040B97E
:105A5000440840B963001C53002C00120020C31AF4
:105A60000000042A400800B963FFFF17400C40B94A
:105A70000000040A400C00B923044039201040B94A
:105A8000440C40B963001C53002C00120020C31AC0
:105A90000000042A400C00B957FFFF17401040B91E
:105AA0000000040A401000B923044039201040B916
:105AB000441040B963001C53002C00120020C31A8C
:105AC0000000042A401000B94BFFFF17401440B9F2
:105AD0000000040A401400B923044039201040B9E2
:105AE000441440B963001C53002C00120020C31A58
:105AF0000000042A401400B93FFFFF17401840B9C6
:105B00000000040A401800B923044039201040B9AD
:105B1000441840B963001C53002C00120020C31A23
:105B20000000042A401800B933FFFF171F2003D5D7
:105B3000706C214000000000102221400000000095
:105B4000806C214000000000000000000000000008
:105B5000400100B4020040B961288852E30080523D
:105B6000A189A8725F00016B60000054E003032A62
:105B7000C0035FD613FFFF1723008052E003032A00
:105B8000C0035FD60000000000000000000000001D
:105B900001000090001C0012215446F9230040F936
:105BA0001F040071A904005404001C530108005193
:105BB000E27F8052211C00124220C41AE203222AF2
:105BC0003F0400712903005401100051211C0012F0
:105BD0003F0400718904005401180051211C001277
:105BE0003F0400718903005401200051211C001260
:105BF0003F0400718904005401280051211C001247
:105C00003F0400718903005400300051001C001251
:105C10001F04007109040054601C40B90000020A0E
:105C2000601C00B9C0035FD6600440B90000020ADE
:105C3000600400B9C0035FD6620040B9006C1C5319
:105C4000E17F80522020C01A4000200A600000B985
:105C5000C0035FD6600C40B90000020A600C00B9B6
:105C6000C0035FD6600840B90000020A600800B9AE
:105C7000C0035FD6601440B90000020A601400B986
:105C8000C0035FD6601040B90000020A601000B97E
:105C9000C0035FD6601840B90000020A601800B95E
:105CA000C0035FD61F2003D5706C214000000000A8
:105CB000C00400B4FD7BBEA961288852A189A872E6
:105CC000FD030091F35301A9F30300AAE000805201
:105CD000620240B95F00016B80000054F35341A998
:105CE000FD7BC2A8C0035FD6600640F9140440F9EA
:105CF00080064039A7FFFF97600E40F941008052AF
:105D0000012800B9600E40F9012440B9E1FF1737BE
:105D100001018052012800B9800640B9C000F8375F
:105D2000B803009400000090810680B900A846F9ED
:105D30001F7821F87F0200B900008052F35341A977
:105D4000FD7BC2A8C0035FD620008052C0035FD68F
:105D5000806C2140000000000000000000000000F6
:105D6000E00300B4E50300AA61288852A189A87263
:105D7000E0008052A20040B95F00016B4000005477
:105D8000C0035FD6FD7BBFA941008052FD03009197
:105D9000A20440F9A00C40F9420440F9012800B9DE
:105DA000A00C40F91F2003D5012440B9E1FF1737AB
:105DB00001018052012800B94004403975FFFF9766
:105DC000A20C40F900008052412C40B92100083259
:105DD000412C00B9FD7BC1A8C0035FD620008052D2
:105DE000C0035FD6000000000000000000000000BB
:105DF000FD7BBBA9FD030091F35301A9F30300AAA6
:105E0000F55B02A9F60301AA41008052F76303A9DA
:105E1000020440F9000C40F9540440F9D71240F94B
:105E2000012800B9600E40F9022440B9E2FF17379B
:105E300001018052012800B98006403955FFFF97C3
:105E4000610E40F9202C40B900000832202C00B926
:105E5000810A4629E00E4029C40240F942001D5340
:105E600086064039630C1053851A40B9000C145350
:105E7000C70800120000032A4200072A21081C5309
:105E8000A50818530000022A2100052A835240B9B0
:105E9000957C1F530000012A824C52D361000012EE
:105EA0001558152A5F68446A01010054C00240B9C0
:105EB000A2020C321F0406725500951A1F040E72BE
:105EC000A0020B321500951A804A40B91F000071DC
:105ED000000403530000152A000008321510951A1B
:105EE000DF1C0071A80400540000009000F447F982
:105EF000000040F9010000B900000090C10A40B95B
:105F0000E223019118FC47F9E00318AAC5F0FF97B6
:105F1000610E40F9E2230191E32740F9E00318AA5A
:105F2000230000B9C11240B9BEF0FF97600E40F9DE
:105F3000E12740F9010400B9610E40F9C03640790B
:105F4000003C0012200800B9600E40F9152C00B981
:105F5000600E40F9819A4079013000B9804A40B919
:105F600060010035F35341A9F55B42A9F76343A9EA
:105F7000FD7BC5A8C0035FD60000009000F847F97C
:105F8000000040F9010000B9DCFFFF17F40640F9FA
:105F9000E2230191E00318AA810240B9A1F0FF9722
:105FA000610E40F9E2230191E32740F9E00318AACA
:105FB000230C00B9810A40B99AF0FF97600E40F9AE
:105FC000E12740F9011000B9600E40F9811240B993
:105FD000011400B9F35341A9F55B42A9F76343A942
:105FE000FD7BC5A8C0035FD6686C2140000000009F
:105FF000606C214000000000386B21400000000070
:10600000FD7BBBA9FD030091F35301A9000D00B472
:10601000F30300AAF55B02A9F60301AA60288852DF
:10602000610240B9A089A8723F00006B200F0054A4
:10603000D60B00B4D50640F9950B00B4C00240F968
:10604000400B00B4001040F9000B00B4A106403929
:1060500054AF80523F3C007188130054A14A40B9AC
:1060600061000034000440F9000A00B4A02E40F999
:10607000600000B4A00640B96013F837F71B00F9C0
:10608000A03A40B91F040071800A0054A03A40F9B8
:10609000A00B00B4000000906130A2D2008041F952
:1060A000010000F9A00640391F1C0071A808005427
:1060B00000000090016080D24130A2F2008441F9DA
:1060C000010000F9760600F93420A2D2A03A40F986
:1060D000600E00F9A02E40F9601200F9A03640F9D8
:1060E0007F8202A95F030094F70300AA000080D218
:1060F00058030094E0830032802E05B91F2003D599
:1061000082AE46B9E2FF0736E00317AA51030094B6
:1061100054030094F70300AA000080D24D030094BA
:10612000006C81D28101A0522020A2F2012000B98E
:10613000012040B9002040B9E00317AA45030094AC
:1061400048030094F70300AA000080D241030094A2
:10615000E08300322120A2D2802E08B91F2003D56F
:1061600022AC49B954000012C2FF0737E00317AA56
:1061700038030094A03A40B9E00300341F040071D2
:106180004005005460288852A089A872600200B9B6
:10619000E003142AF35341A9F55B42A9F71B40F928
:1061A000FD7BC5A8C0035FD6F55B42A934008052D1
:1061B000E003142AF35341A9FD7BC5A8C0035FD6B1
:1061C0000000009001E080D24130A2F2008841F945
:1061D000010000F9BCFFFF17A02240F980F5FFB4D1
:1061E00010FDFF97F403002A40080035D50640F95A
:1061F000A7FFFF17C10240F9E00313AAFDFEFF97B6
:10620000E1FFFF17F55B42A9F71B40F9E8FFFF1715
:10621000D4018052E003142AF35341A9F55B42A94B
:10622000FD7BC5A8C0035FD6620640F941008052DD
:10623000600E40F9550440F9012800B9610E40F99B
:10624000202440B9E0FF173700018052202800B910
:10625000A00640394FFEFF97610E40F9202C40B94F
:1062600000000832202C00B9A05240B9A1064039E4
:10627000000000123F1C0071C90200540100009090
:10628000218841F9210040F9200000B90000009068
:10629000E2230191A12240F9008C41F9E1EFFF973F
:1062A000600E40F9E12740F9013800B9610E40F96C
:1062B000A02240F9600A00F9202C40B90000013208
:1062C000202C00B9B0FFFF17F55B42A9B9FFFF17FB
:1062D00001000090218441F9210040F9200000B91B
:1062E000EBFFFF17F55B42A974018052B1FFFF1766
:1062F000F55B42A9F71B40F9AEFFFF171F2003D53E
:10630000706C214000000000686C2140000000001B
:10631000606C214000000000386B2140000000004C
:10632000600400B4FD7BBEA962288852A289A872CD
:10633000FD030091F30B00F9F30300AAE000805283
:10634000630240B97F00026B41020054810200B435
:10635000600640F9000440F9200200B4221040F920
:10636000E20100B4004840B960000034400440F944
:10637000600100B4E00313AA9EFEFF97E00313AA96
:1063800010FDFF971F000071610280520000811A0A
:10639000F30B40F9FD7BC2A8C0035FD6F30B40F9B5
:1063A00020008052FD7BC2A8C0035FD6200080522F
:1063B000C0035FD6000000000000000000000000E5
:1063C000FD7BBEA901000090FD030091211042F960
:1063D00025D860F8A00440F9000440F9011040B944
:1063E00081000034A10C40F9212440B9210100367C
:1063F000A11040F9A10000B4A01840F9E00F00F985
:10640000E063009120003FD6FD7BC2A8C0035FD6A9
:1064100000044039DFFDFF97F6FFFF171F2003D56B
:10642000806C21400000000000000000000000001F
:10643000FD7BBCA9FD030091F35301A91400805218
:106440003320A2D2F55B02A936008052F71B00F977
:1064500084020094F50300AA000080D27D0200941B
:10646000C222D41A403C1053603605B91F2003D510
:1064700061B646B95F00016AC1FFFF54E00315AA87
:1064800094060011730200949F0E007121FEFF54C8
:1064900074020094F40300AA000080D26D020094FC
:1064A0002000A0523520A2D2603A05B91F2003D5A2
:1064B000A1BA46B9E1FF0737E00314AA65020094C8
:1064C0003420A2D267020094F30300AA000080D215
:1064D000600200942000A052A03E05B91F2003D501
:1064E00081BE46B9E1FF0737E00313AA59020094C1
:1064F0003320A2D25B020094F50300AA000080D2F0
:10650000540200946000A052804A05B91F2003D5B0
:1065100061CA46B93F0440F2C1FFFF54E00315AA27
:106520004C0200943420A2D24E020094F50300AA3B
:10653000000080D247020094E001A052605605B9E5
:1065400081D646B93F0C40F2C1FFFF54E00315AAC3
:10655000400200943320A2D242020094F50300AA24
:10656000000080D23B020094001EA052805605B964
:1065700061D646B93F0C1C72C1FFFF54E00315AA57
:10658000340200943420A2D236020094F50300AA0B
:10659000000080D22F0200946000A052605E05B916
:1065A00081DE46B93F0440F2C1FFFF54E00315AA63
:1065B000280200943320A2D22A020094F50300AAF4
:1065C000000080D223020094E003A052806605B947
:1065D00061E646B93F1040F2C1FFFF54E00315AA3F
:1065E0001C0200941F020094F40300AA000080D251
:1065F000180200946000A0522220A2D2606E05B959
:1066000041EC46B933040072C1FFFF54E00314AA01
:10661000760080523420A2D20E020094110200941F
:10662000F50300AA000080D20A020094C222D31A05
:10663000403C1053807205B981F246B95F00016A8F
:10664000C1FFFF54E00315AA730A00110102009470
:106650007F22007141FEFF5402020094F30300AA5E
:10666000000080D2FB010094A000A0523520A2D2ED
:10667000A2008052807A05B9A1FA46B93F00026AA9
:10668000C1FFFF54E00313AAF20100943320A2D209
:10669000F4010094F40300AA000080D2ED010094FC
:1066A0004000A052A07A05B961FA46B9E1FF0F3760
:1066B000E00314AAE70100943420A2D2E901009477
:1066C000F50300AA000080D2E20100940001A0526C
:1066D000607A05B91F2003D581FA46B9E1FF1F375B
:1066E000E00315AADB0100943320A2D2DD0100945F
:1066F000F50300AA000080D2D60100942000A05229
:10670000807E05B91F2003D561FE46B9E1FF07373A
:10671000E00315AACF010094D2010094F40300AA6B
:10672000000080D2CB0100944000A0522220A2D2CF
:10673000607E05B91F2003D541FC46B935001F1204
:10674000C1FF0F37E00314AA370080523420A2D2D1
:10675000C0010094C3010094F60300AA000080D297
:10676000BC010094E222D51A403C1053808205B946
:10677000810247B95300016AC1FFFF54E00316AA22
:10678000B5060011B3010094BF12007141FEFF5421
:10679000360080523420A2D2B2010094F50300AA40
:1067A000000080D2AB010094C222D31A403C1053A7
:1067B000808605B91F2003D5810647B95F00016AAD
:1067C000C1FFFF54E00315AA73060011A101009454
:1067D0007F16007121FEFF54A2010094F30300AA6A
:1067E000000080D29B0100942000A0523520A2D24C
:1067F000808A05B91F2003D5A10A47B9E1FF0737F1
:10680000E00313AA930100943320A2D295010094CF
:10681000F40300AA000080D28E0100944000A05230
:10682000A08A05B91F2003D5610A47B9E1FF0F37D8
:10683000E00314AA870100948A010094F50300AADA
:10684000000080D2830100942000A0522220A2D216
:10685000608E05B91F2003D5410C47B934000012E2
:10686000C1FF0737360080523320A2D2E00315AAB9
:10687000780100947B010094F50300AA000080D207
:1068800074010094C222D41A403C1053609205B99E
:10689000611247B95F00016AC1FFFF54E00315AA06
:1068A000940600116B0100949F0E007141FEFF548D
:1068B0006C010094F50300AA000080D265010094E9
:1068C0002000A0523420A2D2609605B91F2003D523
:1068D000811647B9E1FF0737E00315AA5D0100946F
:1068E0003320A2D25F010094F50300AA000080D2F9
:1068F000580100946000A05280AA05B91F2003D55A
:10690000612A47B93F0440F2C1FFFF54E00315AAD2
:106910005001009453010094F40300AA000080D2B7
:106920004C0100942000A0522220A2D260AE05B9F2
:10693000412C47B9E1FF0737F55B42A9E00314AAF0
:10694000F35341A9F71B40F9FD7BC4A84101001492
:10695000010000900000009021BC44F900B844F907
:10696000210040B9010000B9C0035FD61F2003D544
:10697000887C214000000000102A21400000000017
:106980000200009001000090000000904088C23D8D
:106990000200009021EC44F900E844F9200000BD19
:1069A000010000904378C23D227CC23D010000906E
:1069B000000C00AD2180C23D010000902084C23D4A
:1069C000020401AD0010803DC0035FD61F2003D537
:1069D000102A214000000000887C214000000000B7
:1069E000E89DF80300C2EB0B00E1F5050084D71722
:1069F0000084D71700C2EB0BA077E20F8017B42CEE
:106A000080B2E60E00B4C40400E1F50500E1F5052E
:106A100000C2EB0B00E1F5050084D71700366E01CC
:106A200000CA9A3B00C2EB0B0008AF2FD03BF10726
:106A3000FD7BBFA9FD030091D2FFFF977DFEFF976D
:106A40002120A2D21F2003D5208042B9E0FF0737C2
:106A50002000A0522220A2D2200002B91F2003D57C
:106A6000408042B9E0FF07372120A2D21F2003D582
:106A7000208042B9E0FFE737400080522220A2D2B6
:106A80002000A072201802B9408042B9E0FFE73729
:106A90002120A2D21F2003D5208042B9E0FFEF378A
:106AA000000480522220A2D20002A072201802B953
:106AB000408042B9E0FFEF372120A2D21F2003D54A
:106AC000208042B9E0FF27372000A0522220A2D226
:106AD000200402B91F2003D5408042B9E0FF2737C8
:106AE0002120A2D21F2003D5208042B9E0FF4F37DA
:106AF0000002A0522220A2D2200802B91F2003D5F2
:106B0000408042B9E0FF4F372220A2D21F2003D598
:106B1000408042B9E0FF47372000A0522120A2D296
:106B2000400802B91F2003D5208042B9E0FF473753
:106B3000200C42B9600100342120A2D21F2003D5CD
:106B4000208042B9E0FF5F372000A0522220A2D26D
:106B5000200C02B91F2003D5408042B9E0FF5F3707
:106B60002020A2D2220080522220A0722100A05216
:106B7000022004B9011804B9FD7BC1A8C0035FD687
:106B8000E10300AAA00000B44280A052000080529D
:106B9000220000B9C0035FD620008052C0035FD638
:106BA000000020D4000000140000000000000000DD
:106BB0000132A2D200080012220040B90000022ACD
:106BC000200000B9C0035FD60000000000000000F4
:106BD0000132A2D200041C12200000B9C0035FD60B
:106BE000037C0553022080D20232A2F2210080529F
:106BF0002020C01A407823B8C0035FD600000000F0
:106C0000037C0553023080D20232A2F2210080526E
:106C10002020C01A407823B8C0035FD600000000CF
:106C2000047C0253038080D20332A2F200041D537D
:106C3000E21F8052657864B84220C01A2120C01A31
:106C4000A200220A2100022A617824B8C0035FD67C
:106C50001F7C0071A90100542000679EE203022AF4
:106C6000410001AA008000510104607F2000679E5E
:106C700000787DD30232A2D20000028B2004186E6D
:106C80000028A10E008030FDC0035FD60000000088
:106C9000047C0453038081D20332A2F2000C1F5300
:106CA000620080D2657864B84220C09A2120C01A60
:106CB000A200220A2100022A617824B8C0035FD60C
:106CC000037C0553025080D20232A2F2210080528E
:106CD0002020C01A407823B8C0035FD6000000000F
:106CE00006100012041080D2007C05530432A2F278
:106CF00023000012220080D2870032914220C69ADF
:106D0000857860B86320C61A210441D3A500220A01
:106D10006300052A837820B82120C61AE37860B87A
:106D20006200220A2100022AE17820B8C0035FD65F
:106D3000810080D2040441930132A2F20300409307
:106D40002504805222C447B8858CA07240100012DE
:106D50000000050B006C7ED3230000B921100091C8
:106D6000247C0CB93F0000EB81FFFF54C0035FD6C9
:106D70001F7C0071090200540480005105019CD25F
:106D8000000C1F530532A2F2847C0453420080524F
:106D9000630080D2210000124100014B6220C09AA2
:106DA000A37864B82020C01A6100220A0000012ADA
:106DB000A07824B8C0035FD60000000000000000E7
:106DC000800480D2420080528032A2F2E10300AA05
:106DD000020000B900005FB800781E12200C1FB836
:106DE000200040B9E0FF1737C0035FD60000000065
:106DF000025080D221008052A232A2F22120C01A79
:106E0000410000B9C0035FD6000000000000000090
:106E1000011080D202004093A132A2F200044193FB
:106E2000220000B920800CB9C0035FD6000000002A
:106E3000010580D28132A2F2200000B9C0035FD6E2
:106E4000000180D28032A2F2000440B9C0035FD6B4
:106E5000001C4092004618D5DF3F03D5C0035FD623
:106E6000004638D5DF3F03D5001C4092C0035FD6F3
:106E7000005C409220C818D5DF3F03D5C0035FD621
:106E8000005C409220CC18D5DF3F03D5C0035FD60D
:106E900000C838D5005C0012C0035FD600000000B7
:106EA00000CC38D5005C0012C0035FD600000000A3
:106EB000FD7BBFA9FD03009154010094E1FFFF9702
:106EC00001000090001F80D2217847F93F0000B9EF
:106ED000E0FFFF97E000805236FFFF9749010094E2
:106EE000FD7BC1A820008052D2FFFF171F2003D5D1
:106EF0007C6C214000000000000000000000000049
:106F0000FD7BBEA9FD030091F30B00F9E5FFFF97A0
:106F1000F303002A1FFC0771A80000540100009031
:106F200021A047F9215873F820003FD6E003132A27
:106F3000F30B40F9FD7BC2A8D2FFFF171F2003D53A
:106F4000A03521400000000000000000000000000B
:106F5000FD7BBEA9FD030091F30B00F9CDFFFF9768
:106F6000F303002A00F00F511F0C00714802005477
:106F7000CCFFFF97F303002A00F00F511F0C0071A4
:106F8000290300541D0100947FFE0771C8000054BE
:106F900001000090E003132A21F847F9215873F803
:106FA00020003FD6E003132AF30B40F9FD7BC2A873
:106FB000B4FFFF17110100947FFE0771C800005451
:106FC00001000090E003132A21F847F9215873F8D3
:106FD00020003FD6E003132AF30B40F9FD7BC2A843
:106FE000A4FFFF17F30B40F9FD7BC2A8C0035FD6D7
:106FF000A03521400000000000000000000000005B
:1070000002000090E103002A424840F9400040F9A4
:10701000400100B403000090210C001121747E9205
:10702000634C40F90100018B3F0003EBA8010054C1
:10703000410000F9C0035FD60000009003000090FB
:10704000210C0011004440F921747E92634C40F9F8
:107050000100018B400000F93F0003EBA9FEFF5443
:10706000FD7BBFA9FD030091EA010094E10300AAA2
:107070008201805200008092220000B9FD7BC1A8ED
:10708000C0035FD61F2003D5207F214000000000F1
:10709000807C214000000000209F21400000000073
:1070A00000103ED5000074B200101ED5DF3F03D59E
:1070B000C0035FD600103ED500007EB200101ED582
:1070C000DF3F03D5C0035FD600103ED500F87392B2
:1070D00000101ED5DF3F03D5C0035FD600103ED59C
:1070E00000F87D9200101ED5DF3F03D5C0035FD6A8
:1070F000BF3B03D5200039D503080812637C175322
:10710000030400340A0080522800805242054A0BD2
:107110000124C21A210800123F0800718B0200549A
:107120000A001AD5DF3F03D5010039D52208001225
:1071300042100011243003538510C05A8920C51A0B
:107140001021C51A276C0D53E720C21A1121C21A4B
:107150004B01092A6B01072A4B7A08D5E700116B0E
:107160008AFFFF54290110EBEAFEFF544A0900117F
:107170007F000A6BCCFCFF549F3F03D5DF3F03D554
:10718000C0035FD6BF3B03D5200039D503080812E2
:10719000637C1753030400340A0080522800805295
:1071A00042054A0B0124C21A210800123F0800714F
:1071B0008B0200540A001AD5DF3F03D5010039D5F0
:1071C0002208001242100011243003538510C05AC7
:1071D0008920C51A1021C51A276C0D53E720C21A41
:1071E0001121C21A4B01092A6B01072A4B7E08D5CF
:1071F000E700116B8AFFFF54290110EBEAFEFF54F0
:107200004A0900117F000A6BCCFCFF549F3F03D555
:10721000DF3F03D5C0035FD6BF3B03D5200039D580
:1072200003080812637C1753030400340A008052D9
:107230002800805242054A0B0124C21A210800127C
:107240003F0800718B0200540A001AD5DF3F03D5B6
:10725000010039D5220800124210001124300353D6
:107260008510C05A8920C51A1021C51A276C0D53E4
:10727000E720C21A1121C21A4B01092A6B01072A01
:107280004B7608D5E700116B8AFFFF54290110EBFC
:10729000EAFEFF544A0900117F000A6BCCFCFF5440
:1072A0009F3F03D5DF3F03D5C0035FD62100008B8E
:1072B00022003BD5444C50D3830080D26320C49A33
:1072C000640400D10400248A247A0BD58400038B43
:1072D0009F0001EBABFFFF549F3B03D5420C409254
:1072E000830080D26320C29A640400D10400248AFF
:1072F00024750BD58400038B9F0001EBABFFFF547B
:107300009F3B03D5DF3F03D5C0035FD62100008B31
:1073100022003BD5444C50D3830080D26320C49AD2
:10732000640400D10400248A247608D58400038BE9
:107330009F0001EBABFFFF549F3B03D5420C4092F3
:10734000830080D26320C29A640400D10400248A9E
:1073500024750BD58400038B9F0001EBABFFFF541A
:107360009F3B03D5DF3F03D5C0035FD62100008BD1
:1073700022003BD5444C50D3830080D26320C49A72
:10738000640400D10400248A247E0BD58400038B7E
:107390009F0001EBABFFFF549F3B03D5420C409293
:1073A000830080D26320C29A640400D10400248A3E
:1073B00024750BD58400038B9F0001EBABFFFF54BA
:1073C0009F3B03D5DF3F03D5C0035FD6A1F338D57C
:1073D0001F0000F160000054210C7CB20200001478
:1073E00021EC7892A1F318D5DF3F03D5C0035FD617
:1073F000000020D4C0035FD6FF4103D5C0035FD691
:10740000FF4F03D5C0035FD6FE8F1FF8000080D268
:1074100000007DB200007EB200007FB2000040B2EA
:10742000A0CC1ED5DF3F03D5000080D2000040B2C3
:10743000A0CC18D5600080D260C818D560CC18D513
:10744000000680D2E3FDFF975EFEFF97200080528A
:1074500070FEFF97E01F80D2004618D520008052B2
:1074600034FEFF97600080D2E0CC1ED5FE8740F846
:10747000C0035FD600203ED5C0035FD601201ED5D5
:10748000C0035FD600000000000000000000000004
:10749000FD7BBDA900008052FD030091F35301A9BB
:1074A00048EBFF9763FDFF972000805245EBFF9765
:1074B0000000009001000090009042F9349442F9DD
:1074C000000014CB00FC43931F0000716D010054B9
:1074D000F51300F9F503002A130080D21F2003D50D
:1074E000807A73F87306009100003FD6BF02136BD9
:1074F0008CFFFF54F51340F916FDFF9740008052B2
:1075000030EBFF976BFEFF97000080D20D000094D8
:10751000E4FEFF97F35341A9FD7BC3A8E6FEFF17E6
:10752000B01F214000000000B01F214000000000FB
:10753000C0035FD600000000000000000000000053
:10754000C0035FD600000000000000000000000043
:10755000FD7BBEA9637C4093FD030091F30B00F912
:10756000F30301AA2124C07962080094E000F8B76F
:10757000614A40F92100008B614A00F9F30B40F9A0
:10758000FD7BC2A8C0035FD6612240792178131227
:1075900061220079F30B40F9FD7BC2A8C0035FD6DE
:1075A000FD7BBDA9FD0300912420C079F35301A9FF
:1075B000F30301AAF40300AAF55B02A9F50302AAEA
:1075C000F603032A840140376126C07984781312B8
:1075D00064220079C37E4093E20315AAE00314AA53
:1075E00074000094F35341A9F55B42A9FD7BC3A845
:1075F000C0035FD62124C07943008052020080D2AC
:10760000240800946422C079F0FFFF1700000000F6
:10761000FD7BBEA9FD030091F30B00F9F30301AA62
:107620002124C0791B0800946122C0791F0400B195
:10763000E00000542100143261220079604A00F910
:10764000F30B40F9FD7BC2A8C0035FD6217813126B
:1076500061220079F30B40F9FD7BC2A8C0035FD61D
:107660002124C079EB03001400000000000000009A
:10767000000000000000000000000000000000000A
:107680005F2403D5042C40929F803FF1C80600542C
:10769000020C40A9E8C300B2440008CB45D800B2B0
:1076A000660008CB67D800B2840025EAC500278AA7
:1076B000A00840FA000100548430859A000180D26D
:1076C000840CC0DAE033809A8410C0DA000C448B5A
:1076D000C0035FD6020C41A9440008CB45D800B2D4
:1076E000660008CB67D800B2840025EAC500278A67
:1076F000A00840FA400100548430859A000380D2EB
:10770000840CC0DA060280D28410C0DAC030809ABD
:10771000000C448BC0035FD61F2003D501E87B9289
:107720002108C1AD20AC226E00AC206E0098200E66
:107730000300669E63FFFFB42098204E200000CB1C
:10774000630000354098204E0040009100840C0FEB
:107750000300669E6300C0DA6210C0DA0008428B44
:10776000C0035FD601E87B92628081520206B87244
:1077700021A0404C400C044E2198204E4298204EAF
:10778000211C204E421C204E20BC224E00BC204E0C
:107790000300669E04F87FD36324C49A23FCFFB4DD
:1077A0006300C0DA6010C0DA00FC41D3C0035FD6CA
:1077B000FD7BBEA9FD030091F35301A99400009045
:1077C000F30300AAE003012AE10302AA9FD20CB945
:1077D000E20303AAF7EBFF97017C40931F040031FB
:1077E000A0000054F35341A9E00301AAFD7BC2A805
:1077F000C0035FD680D24CB960FFFF34600200B98D
:10780000E00301AAF35341A9FD7BC2A8C0035FD6E0
:1078100060000090001442F9C0035FD60000000031
:10782000FD7BBAA9FD030091F35301A9345C0091DB
:10783000F55B02A9F50300AA9FBA00F1A80C005459
:107840003F8000F1881900546A030094140480D228
:10785000010A80D280008052560000F0D6C22991E1
:10786000C102018B00080011214000D1330C40F906
:107870007F0201EBC11D0054D31240F9460000F015
:10788000C6002A917F0206EB600F0054610640F9A2
:1078900021F47E92220014CB5F7C00F1AC270054CF
:1078A000C61A02A98217F8B6C50640F93FFC07F1CF
:1078B000C81E005422FC43D3230080D2410400118F
:1078C000427C021321781F536220C29AA50002AAAB
:1078D000C1CE218B22045FF8C50600F9620601A91A
:1078E000330800F9530C00F9017C0213240080D204
:1078F0008420C19A9F0005EBA80C00549F0005EA64
:10790000C100005400741E1284F87FD300100011CF
:107910009F0005EAA0FFFF54E901809207040011CF
:10792000E803002AE7781F5327CD278BC702078B70
:10793000E50307AAA10C40F909000014220440F94C
:10794000F30301AA210C40F942F47E92430014CBC8
:107950007F7C00F12C1E0054E31FF8B6BF0001EB42
:10796000E1FEFF541FF900712D240054A540009141
:10797000080500111F0540F2E1FDFF540500001449
:10798000E1045FF8000400513F0007EB01340054AC
:107990001F0440F261FFFF54C00640F90000248A32
:1079A000C00600F984F87FD3810400D13F0000EBCA
:1079B000830000543600001484F87FD308110011AE
:1079C0009F0000EAA0FFFF54E003082AD4FFFF173E
:1079D00094EE7C92E27B40B29F0202EB229054FA3A
:1079E000A80C0054030300949FDE07F1891C005487
:1079F00081FE49D3810C00B43F1000F1A817005458
:107A000081FE46D320E4001125E0001104781F53C5
:107A1000847C7D93560000F0D6C22991C402048B69
:107A2000844000D1930C40F99F0013EBE100005417
:107A300092FFFF17630E40F9C211F8B6F30303AAD1
:107A40009F0003EBA0F1FF54610640F921F47E9200
:107A5000220014CB5F7C00F1EDFEFF54D31240F9FD
:107A6000460000F0C6002A91E003052A7F0206EBDB
:107A7000E1F0FF54C50640F9017C0213240080D2D6
:107A80008420C19A9F0005EBA9F3FF54D30A40F963
:107A9000F76303A9770640F9F7F67E92E00214CB6C
:107AA0001F7C00F1E0C254FA420A005481000090A9
:107AB000FB7305A95C0000F0216446F9E30382D260
:107AC000823345F98102018B3800038B21800091BC
:107AD0005F0400B118CF74921813819AE00315AABD
:107AE000E10318AA7B02178BF96B04A929070094FC
:107AF000F90300AA1F0400B1A00600547F0300EBA5
:107B0000280600549A00009041934CB92100180BAC
:107B100041930CB9E003012A811700547F2F40F2F2
:107B200041170054C20A40F9E002188B000040B22D
:107B3000400400F91F2003D580000090217C409371
:107B4000026046F93F0002EB49000054016006F96B
:107B500080000090D30A40F9025C46F93F0002EB36
:107B600049000054015C06F9600640F900F47E9279
:107B70001A00001480018052130080D2A00200B9C4
:107B80000C000014048080D200088052E507805267
:107B9000A1FFFF176102018BE00315AA7342009158
:107BA000220440F9420040B2220400F995020094F8
:107BB000F55B42A9E00313AAF35341A9FD7BC6A8D4
:107BC000C0035FD67F0216EB80110054D30A40F940
:107BD000600640F900F47E929F0200EB000014CB97
:107BE00004985FFAAD190054F96B44A9FB7345A9D9
:107BF0006202148B940240B2740600F9010040B294
:107C0000C20A00F9410400F9E00315AA7342009189
:107C10007C020094F55B42A9E00313AAF35341A947
:107C2000F76343A9FD7BC6A8C0035FD6619240A954
:107C3000E00315AA630E40F921F47E926102018BE4
:107C4000220440F9830C00F9420040B2640800F9B4
:107C5000220400F9734200916A020094F55B42A984
:107C6000E00313AAF35341A9FD7BC6A8C0035FD666
:107C7000640A40F96102018BE00315AA220440F96D
:107C8000830C00F9F1FFFF1722FC49D33FFC27F1D9
:107C9000890900545F5000F1E81400544470011148
:107CA000436C011184781F53847C7D93C402048B40
:107CB00082045FF89F0002EBA100005485000014CD
:107CC000420840F99F0002EBA0000054430440F931
:107CD00063F47E927F0001EB48FFFF54440C40F9AF
:107CE000621201A9930800F9530C00F9FFFEFF1777
:107CF0003F5000F1290700543F5001F1C8120054D1
:107D000081FE4CD320BC011125B8011104781F530A
:107D1000847C7D9340FFFF17640A40F9800240B2E3
:107D2000600600F97402148B650040B2E00315AAE6
:107D3000810C00F9240800F9D45202A9859A00A9FF
:107D4000860E00F9636A22F8734200912D020094B6
:107D500098FFFF176202028BE00315AA640E41F838
:107D6000430440F9630040B2430400F9810C00F978
:107D7000240800F9230200948EFFFF1780FE43D3EE
:107D80000104001121781F53217C7D93B3FEFF175E
:107D90006302148B940240B2740600F9440040B2AE
:107DA000C30E02A9E00315AA649800A9660C00F9A5
:107DB000626A21F873420091120200947DFFFF175E
:107DC00022FC46D344E4001143E0001184781F53A1
:107DD000847C7D93B6FFFF1720700111256C011183
:107DE00004781F53847C7D930BFFFF170805001157
:107DF000A5800091DFFEFF179A00009040934CB9D8
:107E00000000180B40930CB9813345F93F0400B1D1
:107E1000200B00543B031BCB00001B0B40930CB901
:107E20003C0F40F22006005439031CCB1B0282D2C7
:107E3000394300917B031CCB3803188BE00315AA50
:107E40007B0318CB7B2F4092E1031BAA51060094C1
:107E50001F0400B1400B0054000019CBE2031B2AA1
:107E600018001B8B40934CB9180340B2D90A00F993
:107E70004100000B41930CB9380700F97F0216EB63
:107E8000C0E5FF54FF7E00F149040054620640F94A
:107E9000430000D0E06200D16024C33D00EC7C923E
:107EA0006302008B42004092420000AA620600F981
:107EB0006080803C1F7C00F109E4FF546142009126
:107EC000E00315AA1705009441934CB91BFFFF1757
:107ED000637C0213210080D22120C39AA50001AA4D
:107EE000C50600F97FFFFF173B03188BE00315AAB7
:107EF000FB031BCB7B2F4092E1031BAA25060094BA
:107F0000020080521F0400B181FAFF54D6FFFF1710
:107F1000200080D2200700F9E00315AA130080D2C8
:107F2000B8010094F76343A9F96B44A9FB7345A911
:107F300020FFFF175F5001F12802005422FC4CD3B0
:107F400044BC011143B8011184781F53847C7D9394
:107F500057FFFF173F5005F12802005481FE4FD311
:107F600020E0011125DC011104781F53847C7D93EE
:107F7000A9FEFF17993305F9AAFFFF175F5005F116
:107F80008802005422FC4FD344E0011143DC01116C
:107F900084781F53847C7D9345FFFF173F5015F174
:107FA0008802005481FE52D320F4011125F0011102
:107FB00004781F53847C7D9397FEFF179C4300D168
:107FC0000200805218031C8B180319CBA6FFFF1761
:107FD0005F5015F16801005422FC52D344F40111A2
:107FE00043F0011184781F53847C7D9330FFFF1789
:107FF00004FE80D2E00F8052C50F805286FEFF172C
:1080000004FE80D2C30F805229FFFF17C00640F93B
:1080100065FEFF17000000000000000000000000E7
:10802000400000F000804F39C0035FD60000000020
:10803000400000F000000E91C0035FD60000000079
:108040005F2403D55F4000F143050054031440A9A9
:10805000241840A9601044FAA00046FA61030054B5
:108060000700028B2800028B5F8000F1A9020054F8
:108070005F8002F102070054428000D11F2003D527
:10808000031441A9241841A97F0004EBA00046FA7B
:10809000C10100545F4000F149010054031442A99A
:1080A000241842A97F0004EBA00046FAE100005426
:1080B0000080009121800091428000F128FEFF5451
:1080C000E3147FA904197FA97F0004EB6310859A4C
:1080D0008410869A630CC0DA840CC0DA7F0004EB4B
:1080E000E0079F1A0024805AC0035FD61F2003D5E3
:1080F0000700028B2800028BC2001836030040F9EB
:10810000240040F9E5805FF806815FF8EFFFFF1774
:10811000C2001036030040B9240040B9E5C05FB882
:1081200006C15FB8E9FFFF17A200083603004079D7
:10813000240040797F00046BE1FCFF540000805272
:1081400082000036E3F05F3804F15F386000044BD2
:10815000C0035FD6031441A9241841A97F0004EB92
:10816000A00046FA21FBFF54260C4092C64000D1E5
:10817000210006CB4200068B000006CB424001D115
:108180000004C03D2104C03D420001F10208C03D91
:108190002308C03D001C216E411C236E020CC03D13
:1081A000230CC03D00A4216E040CC43C250CC43C2F
:1081B000411C236E821C256E21A4226E00A4216E18
:1081C00000A4206E0600669EC08840FAA0FDFF5401
:1081D0004240019126F7FFB4C60CC0DAC610C0DADF
:1081E000C6F07D92C6C000D1036866F8246866F8C0
:1081F000630CC0DA840CC0DA200080527F0004EBEC
:108200000024805AC0035FD6000000000000000078
:10821000FD7BAFA9EB068012EA0F8012FD030091EF
:10822000EC430391E8430491490000F0E82303A9DB
:10823000E80300AAEC2300F9EB2B0929201542F9E9
:10824000E017803DE0C341ADE11B803DE21F803D72
:10825000E323803DE427803DE52B803DE62F803DF4
:10826000E733803DE18B0DA9E20308AAE3930EA951
:10827000E3430091E59B0FA9E78700F9E0C300AD58
:10828000010840F9B3060094FD7BD1A8C0035FD676
:1082900000000000000000000000000000000000DE
:1082A00000000000000000000000000000000000CE
:1082B00000000000000000000000000000000000BE
:1082C0005F2403D52400028B0500028B5F0002F1BE
:1082D000880700545F8000F1C80300545F4000F13C
:1082E000C3000054261C40A98C347FA9061C00A999
:1082F000AC343FA9C0035FD6C2001836260040F94F
:1083000087805FF8060000F9A7801FF8C0035FD6DA
:10831000C2001036260040B988C05FB8060000B918
:10832000A8C01FB8C0035FD6020100B44EFC41D301
:10833000260040398AF05F3828686E380600003918
:1083400008682E38AAF01F38C0035FD61F2003D557
:10835000261C40A9282441A98A2C7EA98C347FA9F7
:108360005F0001F1E8000054061C00A9082401A9DF
:10837000AA2C3EA9AC343FA9C0035FD61F2003D569
:108380002E3C42A9304443A95F8001F1A90000546A
:10839000820C7CA981107DA9A20C3CA9A1103DA949
:1083A000061C00A9082401A90E3C02A9104403A937
:1083B000AA2C3EA9AC343FA9C0035FD61F2003D529
:1083C0000E0001CB2EFCFFB4DF0102EBA30400542E
:1083D0002C3440A90E0C409203EC7C9221000ECB71
:1083E00042000E8B261C41A90C3400A9282442A966
:1083F0002A2C43A92C34C4A9424002F1690100543B
:10840000661C01A9261C41A9682402A9282442A9A6
:108410006A2C03A92A2C43A96C3484A92C34C4A93E
:10842000420001F1E8FEFF548E3C7CA9661C01A9C4
:10843000861C7DA9682402A988247EA96A2C03A928
:108440008A2C7FA96C3404A9AE3C3CA9A61C3DA98A
:10845000A8243EA9AA2C3FA9C0035FD61F2003D59C
:108460008C347FA9AE0C409284000ECB42000ECB20
:10847000861C7FA9AC343FA988247EA98A2C7DA9BB
:108480008C34FCA9A5000ECB420002F16901005416
:10849000A61C3FA9861C7FA9A8243EA988247EA9E2
:1084A000AA2C3DA98A2C7DA9AC34BCA98C34FCA98A
:1084B000420001F1E8FEFF54220C43A9A61C3FA98B
:1084C000261C42A9A8243EA9282441A9AA2C3DA9DA
:1084D0002A2C40A9AC343CA9020C03A9061C02A911
:1084E000082401A90A2C00A9C0035FD600000000DF
:1084F000FD7BBAA9FD030091F35301A9F40300AA7F
:10850000F30301AAE00301AA5EFCFF97822640F96B
:1085100004040091E603019141000090230080D201
:1085200021A0129145008052E61700F9E53300B909
:10853000E4CF03A9E08704A9E32F00F9930A40F9E7
:10854000820400B461B240B96022C07941000037B2
:1085500080034836C000683761B240B9000013326A
:10856000602200792078121260B200B9E00314AAE8
:10857000E10313AAE2A300919A04009461B240B906
:108580001F0000715401805294029F5A610000370D
:1085900060224079A0004836E003142AF35341A931
:1085A000FD7BC6A8C0035FD6605240F961130094FA
:1085B000E003142AF35341A9FD7BC6A8C0035FD68C
:1085C000605240F9571300946022C079E2FFFF1710
:1085D000E00314AA53010094DBFFFF170000000022
:1085E000420000F0E10300AA401442F9C1FFFF1766
:1085F000600000F000203C914A13001400000000CD
:10860000600000F000203C914A13001400000000BC
:10861000FD7BBEA9FD030091F35301A9740000F096
:10862000F30300AA9FD20CB9E003012AA1E8FF9747
:108630001F04003180000054F35341A9FD7BC2A800
:10864000C0035FD681D24CB981FFFF34610200B90B
:10865000F35341A9FD7BC2A8C0035FD60000000010
:10866000FD7BBDA9FD0300912220C079F35301A930
:10867000F30301AAF55B02A9F60300AAE207183783
:108680004000153220200079210840B93F000071D8
:108690008D0B0054642640F9640600B4611A40F959
:1086A000D40240B9DF0200B9620B6037020080D209
:1086B000E00316AA2300805280003FD6E20300AAFE
:1086C0001F0400B1E00B0054611A40F9642640F920
:1086D0006022C079E0001036602E40F9630A80B94C
:1086E000420003CB600000B4607280B9420000CB4E
:1086F000E00316AA0300805280003FD61F0400B199
:10870000E1080054C30240B96122C0797F7400714E
:10871000A8060054220080D20208A4F24224C39A80
:1087200022060036640E40F922781412640200F921
:108730007F0A00B96222007941006036E307003405
:10874000612E40F9D40200B9E10000B460D2019179
:108750003F0000EB60000054E00316AAF102009411
:108760007F2E00F900008052F35341A9F55B42A926
:10877000FD7BC3A8C0035FD6350C40F955FFFFB49D
:10878000210040F9750200F900008052210015CB4C
:10879000F403012A5F0440F241000054602240B912
:1087A000600E00B93F000071AC000054EEFFFF17EF
:1087B000B5C2208B9F0200716DFDFF54611A40F914
:1087C000E303142A642240F9E20315AAE00316AA7F
:1087D00080003FD69402004B1F000071ACFEFF5496
:1087E0006122C07921001A3261220079F35341A934
:1087F00000008012F55B42A9FD7BC3A8C0035FD6D1
:10880000617240B93F0000716CF4FF540000805267
:10881000D6FFFF17624A40F9AFFFFF176122C07908
:10882000630E40F922781412630200F97F0A00B93E
:108830006222007961F86736604A00F9C1FFFF17CC
:10884000C00240B920F4FF341F7400710418567A36
:1088500081FCFF5400008052D40200B9C3FFFF170F
:10886000FD7BBDA9FD030091F35301A9F30301AA08
:10887000F40300AAF51300F9600000B4012440F9E4
:10888000810400B46022C079150080528001003458
:1088900061B240B941000037C0014836E10313AA74
:1088A000E00314AA6FFFFF97F503002A61B240B9F5
:1088B0006100003760224079E0014836F35341A956
:1088C000E003152AF51340F9FD7BC3A8C0035FD66A
:1088D000605240F993120094E10313AAE00314AA32
:1088E00060FFFF97F503002A61B240B981FE0737A8
:1088F000F1FFFF17605240F98E120094F35341A923
:10890000E003152AF51340F9FD7BC3A8C0035FD629
:1089100084000094DCFFFF1700000000000000004E
:10892000420000F0210000B04220169121000D917C
:10893000400000F000C01091DE04001400000000B0
:10894000FD7BBEA9620000F042603391FD030091FF
:10895000010440F9F30B00F9F30300AA3F0002EB16
:108960004000005477120094610A40F9600000F062
:10897000004036913F0000EB60000054E00313AA72
:1089800070120094610E40F9600000F000203991EF
:108990003F0000EBA0000054E00313AAF30B40F9E2
:1089A000FD7BC2A867120014F30B40F9FD7BC2A83F
:1089B000C0035FD6000000000000000000000000BF
:1089C000FD7BBCA9600000F0620000F0FD03009197
:1089D000F35301A91360339183008052010000908A
:1089E00021802491418007F9020180D20100805248
:1089F000F55B02A9F4FFFFF0F71B00F994821991CF
:108A00001F6C06F9600000F0000036917F0600F947
:108A1000631200B9F6FFFFF07F0E00F9D6821691BF
:108A20007F2200B9F5FFFFF07F2A00B9B542189107
:108A30007FB200B963000094F7FFFFF0600000F020
:108A4000F742159100E03591735E03A9765604A9AB
:108A5000742A00F92B12009423018052020180D263
:108A60002300A07201008052600000F000E0389105
:108A70007F5E00F97F6200F963CA00B97F6A00F97E
:108A80007FDA00B97FE200B97F6A01B94D00009436
:108A9000610000F021403691600000F000C0389184
:108AA00061DE0EA976D60FA9748600F9151200941E
:108AB00043028052020180D24300A0720100805222
:108AC000600000F000C03B917FBA00F97FBE00F962
:108AD000638201B97FC600F97F9201B97F9A01B91B
:108AE0007F2202B937000094610000F02120399103
:108AF000615E1AA9600000F000A03B9176561BA9A8
:108B000074E200F9F35341A9F55B42A9F71B40F960
:108B1000FD7BC4A8FB110014000000000000000051
:108B2000FD7BBEA9FD030091F35301A9F40300AA44
:108B3000730000F073423C91E00313AAF911009412
:108B4000802640F9E00000B5610000F000000090D0
:108B500000002591802600F9208047F9A00000B48C
:108B6000E00313AAF35341A9FD7BC2A8F11100143D
:108B700094FFFF97E00313AAF35341A9FD7BC2A81A
:108B8000EC110014000000000000000000000000D4
:108B9000600000F000403C91E21100140000000071
:108BA000600000F000403C91E21100140000000061
:108BB00000000000000000000000000000000000B5
:108BC0005F2403D5200C014E0400028B5F8001F16D
:108BD000880300545F4000F1E2010054013C084E5C
:108BE00082001836010000F981801FF8C0035FD6AB
:108BF00082001036010000B981C01FB8C0035FD6E3
:108C0000820000B4010000394200083681E01F787C
:108C1000C0035FD60000803DC200303780009F3C1B
:108C2000620028360004803D80009E3CC0035FD671
:108C30000004803D000001AD80003FADC0035FD661
:108C4000211C001203EC7C920000803D5F8002F149
:108C50002028407A41020054E5003BD5A5104092FF
:108C6000BF1000F1C10100546004803D600001ADFF
:108C700063E47A92820003CB420002D11F2003D525
:108C80006300019123740BD5420001F1A8FFFF544A
:108C900080003EAD80003FADC0035FD6820003CBB5
:108CA000634000D1424001D1600001AD600082AD5F
:108CB000420001F1A8FFFF5480003EAD80003FADAF
:108CC000C0035FD6000000000000000000000000AC
:108CD000FD7BBAA9FD030091F55B02A9F50302AA89
:108CE000211000B4F35301A9F30301AAF60300AA6B
:108CF000F76303A9784200D1B45E0091F96B04A92F
:108D00003CFEFF97F90318AA000740F917F47E927A
:108D10009FBA00F108090054010080523F00007121
:108D2000140480D2800255FA43090054FF0214EB68
:108D30004A0A0054410000D0FB7305A93CC02991A8
:108D40000203178B830B40F9410440F97F0002EBCB
:108D5000A00E005423F87F924300038B630440F974
:108D6000630B003721F47E92E302018B9F0203EB39
:108D70008D070054800100377B025FF81B031BCB7B
:108D8000600740F900F47E922100008B3A00178BB7
:108D90009F021AEBED180054FA02008B9F021AEBA7
:108DA0006D140054E10315AAE00316AA9DFAFF977B
:108DB000F50300AA201D00B4010740F9024000D1CC
:108DC00021F87F920103018B3F0002EB4011005418
:108DD000E22200D15F2001F1681600545F9C00F18F
:108DE00048110054E10313AA220040F9020000F9DF
:108DF000220440F9020400F9210840F9010800F9B1
:108E0000E10313AAE00316AA46010094E00316AAA0
:108E1000FCFDFF97F35341A9E00315AAF55B42A9B6
:108E2000F76343A9F96B44A9FB7345A9FD7BC6A869
:108E3000C0035FD694EE7C92E17B40B29F0201EBCF
:108E4000E1979F1A3F000071800255FA02F7FF5424
:108E500080018052150080D2C00200B915000014B4
:108E6000410041A9F70303AAFB7345A9200C00F9AF
:108E7000010800F91F2003D5210740F9E00214CBB7
:108E80002203178B210040921F7C00F148030054FD
:108E9000E10201AA210700F9400440F9000040B2B4
:108EA000400400F9F50313AAE00316AAD5FDFF97C5
:108EB000F35341A9E00315AAF55B42A9F76343A95F
:108EC000F96B44A9FD7BC6A8C0035FD6C0F607377F
:108ED0007B025FF81B031BCB600740F900F47E9216
:108EE000AEFFFF17F55B42A9E10302AAFD7BC6A80E
:108EF0004CFAFF172403148B810201AA210700F901
:108F0000030040B281400091E00316AA830400F9F7
:108F1000430440F9630040B2430400F901010094A6
:108F2000E1FFFF1721F47E92838200912200178BCC
:108F30005F0003EB4A0E005460F307377B025FF8D3
:108F40001B031BCB600740F900F47E922100008BCD
:108F50003A00178B7F001AEB0CF2FF54F5031BAAA3
:108F6000E22200D1600F40F9A10E41F8200C00F977
:108F7000010800F95F2001F168110054E00315AA0F
:108F80005F9C00F129010054600240F9600B00F978
:108F9000600640F9600F00F95FDC00F1C810005472
:108FA0007342009160830091610240F9010000F971
:108FB000610640F9010400F9610A40F9010800F96D
:108FC0006203148B410314CB820B00F9210040B2E1
:108FD000E00316AA410400F9610740F9210040921C
:108FE000210014AA610700F986FDFF97FB7345A9CC
:108FF000B0FFFF17200440F9FB7345A900F47E92EF
:10900000F702008B9DFFFF17600240F9A00200F9F4
:10901000600640F9A00600F95FDC00F1E8050054A5
:1090200061420091A042009170FFFF17F5031BAA57
:10903000E22200D1A10E41F8600F40F9200C00F9A6
:10904000010800F95F2001F108040054E00315AAAB
:109050005F9C00F129010054600240F9600B00F9A7
:10906000600640F9600F00F95FDC00F1480600542B
:109070007342009160830091610240F9010000F9A0
:10908000610640F9010400F9610A40F9010800F99C
:10909000F9031BAAF30315AAFB7345A9F7031AAA40
:1090A00076FFFF17E10313AA86FCFF9755FFFF1712
:1090B000410041A9200C00F9F5031BAAE22200D1CE
:1090C000010800F9DCFFFF17E10313AAE00315AA6A
:1090D0007CFCFF97EFFFFF17600A40F9A00A00F938
:1090E000600E40F9A00E00F95F2001F10004005469
:1090F00061820091A08200913CFFFF170303148B53
:10910000410014CB830B00F9210040B2E00316AA02
:10911000F50313AA610400F9010740F92100409208
:10912000210014AA010700F936FDFF97FB7345A93A
:1091300060FFFF17600A40F9601300F9600E40F904
:10914000601700F95F2001F1000200547382009162
:1091500060C30091C9FFFF17E00316AA150080D273
:1091600028FDFF97FB7345A952FFFF17601240F9D6
:10917000A01200F961C20091A0C20091621640F9EC
:10918000A21600F919FFFF17601240F9601B00F9E1
:1091900073C200916003019161825FF8611F00F961
:1091A000B6FFFF17E10313AAE00315AA45FCFF97DA
:1091B00084FFFF17600A40F9601300F9600E40F960
:1091C000601700F95F2001F1800000547382009164
:1091D00060C3009175FFFF17601240F9601B00F932
:1091E00073C200916003019161825FF8611F00F911
:1091F0006EFFFF17000000000000000000000000EC
:10920000FD7BBCA9FD030091F55B02A9560000B0EF
:10921000D6C22991F50300AAF35301A9F71B00F95F
:10922000F70301AAF3FCFF97C00A40F9140440F9C0
:1092300094F67E92937E3F91730217CB73CE749215
:10924000730640D17FFE3FF10D010054010080D232
:10925000E00315AA4F010094C10A40F92100148BC4
:109260001F0001EB20010054E00315AAE5FCFF9765
:10927000F35341A900008052F55B42A9F71B40F966
:10928000FD7BC4A8C0035FD6E10313CBE00315AA9E
:10929000400100941F0400B120020054620000D07D
:1092A000940213CBC30A40F9940240B241904CB9E6
:1092B000E00315AA2100134B740400F941900CB986
:1092C000D0FCFF97F35341A920008052F55B42A9DF
:1092D000F71B40F9FD7BC4A8C0035FD6010080D214
:1092E000E00315AA2B010094C20A40F9010002CB49
:1092F0003F7C00F1ADFBFF54440000B0210040B2C0
:10930000410400F9630000D0813045F9000001CB31
:1093100060900CB9D5FFFF170000000000000000AE
:10932000210A00B4FD7BBEA9FD030091F35301A9FE
:10933000F30301AAF40300AAAEFCFF9765825FF86D
:10934000634200D1400000B000C02991A2F87F9292
:109350006400028B060840F9810440F921F47E92F2
:10936000DF0004EB000C0054810400F98600018B3F
:109370004503003767025FF8450000B0C60440F9B6
:10938000630007CB4200078BA5002A91C6004092DC
:10939000670840F9FF0005EB40090054680C40F9EC
:1093A000E80C00F9070900F9C60100B54200018B7D
:1093B000810840F93F0005EBA00E0054850C40F9F0
:1093C000250C00F9440040B2A10800F9640400F93A
:1093D000626822F806000014C50440F9A5060036AC
:1093E000410040B2610400F9820000F95FFC07F11E
:1093F000C903005441FC49D35FFC27F1C80900545C
:1094000041FC46D324E4001125E0001184781F5369
:10941000847C7D930400048B81045FF89F0001EB42
:10942000A100005453000014210840F99F0001EBF3
:10943000A0000054200440F900F47E921F0002EBCB
:1094400048FFFF54240C40F9611001A9E00314AA5D
:10945000830800F9230C00F9F35341A9FD7BC2A84E
:1094600068FCFF17C0035FD644FC43D3220080D2C0
:1094700081040011050440F921781F53847C0213F4
:1094800001CC218B4220C49A420005AA020400F9B3
:1094900020045FF8600401A9230800F9030C00F917
:1094A000E00314AAF35341A9FD7BC2A855FCFF17A2
:1094B000450000B04200018BA5002A91BDFFFF17B7
:1094C000860900B5850041A92100028BA00C00F996
:1094D000220040B2050800F9620400F9616821F831
:1094E000F0FFFF174100018BE500003762025FF8D3
:1094F000630002CB2100028B640841A9820C00F9B1
:10950000440800F9420000B0240040B2640400F9AD
:10951000423445F9030800F95F0001EB28FCFF54D1
:10952000610000D0E00314AA216446F935FFFF97DB
:10953000DCFFFF173F5000F1290100543F5001F1BB
:109540002803005441FC4CD324BC011125B801115F
:1095500084781F53847C7D93AFFFFF172470011123
:10956000256C011184781F53847C7D93AAFFFF171B
:10957000060440F9A57C0213220080D24220C59A3D
:10958000420006AA020400F9B0FFFF17030C02A96B
:10959000410040B2619400A9650C00F9626822F8AC
:1095A000C0FFFF173F5005F1E800005441FC4FD3C6
:1095B00024E0011125DC011184781F53847C7D9304
:1095C00095FFFF173F5015F1E800005441FC52D3BE
:1095D00024F4011125F0011184781F53847C7D93BC
:1095E0008DFFFF1704FE80D2C50F80528AFFFF1740
:1095F000400040B2600400F9820000F9A9FFFF17A3
:10960000230000AAE40300AA7F0840F2400847FABA
:10961000090100541100001425144038460400D1FB
:1096200065140038C5000034E40303AAE20306AA67
:10963000E30304AA22FFFFB5C0035FD68400028BB8
:10964000C6FFFFB41F2003D57F1400387F0004EB52
:10965000C1FFFF54C0035FD6E6DB07B2E6DF9FF22F
:1096600006000014422000D1858400F821200091DA
:109670005F1C00F1E9FDFF54250040F9A300068BB3
:109680006300258A7FC001F2E0FEFF54E9FFFF1767
:10969000FD7BBEA9FD030091F35301A9740000D026
:1096A000F30300AA9FD20CB9E003012AE10302AA46
:1096B000E203032A07E4FF971F0400B1800000546F
:1096C000F35341A9FD7BC2A8C0035FD681D24CB938
:1096D00081FFFF34610200B9F35341A9FD7BC2A8A9
:1096E000C0035FD600000000000000000000000082
:1096F000FD7BBEA9FD030091F35301A9740000D0C6
:10970000F30300AAE003012AE10302AA9FD20CB9E5
:10971000E20303AABBE3FF97017C40931F040031DF
:10972000A0000054F35341A9E00301AAFD7BC2A8A5
:10973000C0035FD680D24CB960FFFF34600200B92D
:10974000E00301AAF35341A9FD7BC2A8C0035FD681
:10975000E30300AA410100B45FFC037188000054D8
:109760002000805222000039C0035FD64111805290
:1097700000008012610000B9C0035FD60000805273
:10978000C0035FD6000000000000000000000000E1
:10979000FD7BBEA9FD030091F35301A9740000D025
:1097A000F30300AA9FD20CB9E00301AA15F6FF97B4
:1097B0001F0400B180000054F35341A9FD7BC2A8EF
:1097C000C0035FD681D24CB981FFFF34610200B97A
:1097D000F35341A9FD7BC2A8C0035FD6000000007F
:1097E000FD7BBAA9FD030091F55B02A9F50300AA70
:1097F000400840F9C00A00B42520C079F35301A9FC
:10980000F30301AAFB7305A9FB0302AA850A183614
:10981000200C40F9400A00B4F76303A9740340F92F
:10982000E5030836611A40F9170080D2642240F936
:10983000160080D2F85376B2DF0218EBE20317AAC3
:10984000C392989AE00315AA560200B480003FD64E
:109850001F0000716D210054610B40F9007C4093A2
:10986000F702008BD60200CB200000CB600B00F982
:10987000C02000B4DF0218EBE20317AA611A40F916
:10988000C392989A642240F9E00315AA16FEFFB528
:10989000975A40A994420091E8FFFF17F96B04A979
:1098A000650A003618008052000080521A0080D2EB
:1098B000190080D21F2003D5F90700B460080034D6
:1098C000600240F9177F4093610E40F9FF0219EBE7
:1098D000760E40B9F792999A632240B91F0001EBC6
:1098E0007600160BE482567AAC1900547F00176B91
:1098F000EC170054611A40F9E2031AAA642240F9F5
:10990000E00315AA80003FD6F603002A1F0000716D
:10991000CD0300541803166B20008052E00200545F
:10992000610B40F9D67E40935A03168B390316CB50
:10993000210016CB610B00F901FCFFB5F35341A9DF
:10994000F76343A9F96B44A9FB7345A90000805252
:10995000F55B42A9FD7BC6A8C0035FD6E10313AA4D
:10996000E00315AAFF0E0094A00100356522C0791E
:10997000F76303A9AAFFFF17E10313AAE00315AADF
:10998000B8FBFF97E0FCFF34F96B44A96022C07973
:10999000F76343A900001A3260220079F35341A90A
:1099A00000008012F55B42A9FB7345A9FD7BC6A8A8
:1099B000C0035FD6990640F9E00314AA94420091CF
:1099C000B9FFFFB41A0040F9E20319AAE0031AAA8A
:1099D00041018052AB0E0094180400911F0000F169
:1099E00018031ACB1817991AB6FFFF17640240F92B
:1099F0001C0080D2610E40B91A0080D21F2003D50E
:109A0000E00304AAF803012AFA0300B42504483647
:109A1000377C4093FF021AEBC9080054417F409302
:109A2000F90301AAE00304AAF70301AAF8031A2A1A
:109A3000E1031CAAE20317AA22FAFF97640240F985
:109A4000610E40B98400178B640200F92100184BA5
:109A5000610E00B9600B40F99C03198B5A0319CBB6
:109A6000000019CB600B00F9A0F6FFB4640240F9C6
:109A7000610E40B96522C079E00304AAF803012A07
:109A80007AFCFFB59C6A40A994420091DDFFFF1764
:109A9000600E40F91F0004EB43020054652240B9F8
:109AA0005FC325EBE3010054E07B40B25F0300EBB2
:109AB0004393809AE2031CAA611A40F9E00315AAB5
:109AC000630CC51A642240F9637C051B80003FD6F5
:109AD0001F000071ADF5FF54197C4093DEFFFF17A6
:109AE000237C4093E00304AA7F001AEBE1031CAA45
:109AF00078909A9A197F4093E20319AAF1F9FF9797
:109B0000640240F9610E40B98400198B640200F9C7
:109B10002100184B610E00B9E1F9FF35E10313AAEA
:109B2000E00315AA4FFBFF9760F9FF3497FFFF177B
:109B3000597F409301908052BF00016AA0F7FF5403
:109B4000662240B9610E40F9C604060B990001CBAC
:109B5000C67C460B367F4093D77C0113C00600912C
:109B600000001A8BE27E40935F0000EB82000054FD
:109B700026070011D7001A0BE27E40938506503667
:109B8000E10302AAE00315AA26F7FF97F80300AA4B
:109B9000400800B4610E40F9E20316AAC9F9FF9724
:109BA00060224079019080120000010A0000193201
:109BB000602200790003168BE402194B597F409311
:109BC000600200F9640E00B9E10319AA780E00F9E9
:109BD000E40300AA772200B9F8031A2A3F031AEB1C
:109BE00008F2FF54F70319AA92FFFF17FC7E409377
:109BF000E1031AAAE2031CAAB2F9FF97600240F936
:109C0000F603172A610E40B900001C8B600200F9B0
:109C10002100174B610E00B93FFFFF17D77E40931D
:109C2000E1031AAAE20317AAA6F9FF97620240F914
:109C3000E10313AAE00315AA4200178B620200F9A0
:109C400008FBFF9780E6FF3450FFFF17E00315AADB
:109C500020FCFF97F80300AAE0FAFFB5610E40F977
:109C6000E00315AAAFFDFF976022C0798101805201
:109C7000F96B44A900781812A10200B945FFFF173B
:109C80006022C07943FFFF17F35341A9F76343A94B
:109C9000FB7345A92EFFFF17F96B44A98101805280
:109CA0006022C079A10200B93AFFFF17000000004E
:109CB000FD7BBBA9FD030091F55B02A9F60302AA97
:109CC00015008052F76303A9F70300AAF80301AA5D
:109CD000F35301A9F92300F9191780521F2003D566
:109CE000D40A40B9D30A40F99F0200710D02005412
:109CF000944EB99B1F2003D5632240797F040071E5
:109D0000090100546326C079E10313AAE00317AAEE
:109D10007F0400316000005400033FD6B502002AE2
:109D200073E202917F0214EB81FEFF54D60240F9E8
:109D300096FDFFB5F35341A9E003152AF55B42A94F
:109D4000F76343A9F92340F9FD7BC5A8C0035FD69B
:109D5000FF430AD1FD7B00A9FD030091F55B02A939
:109D6000F50301AA610040F9E13F00F9610440F9FF
:109D7000E15300F9610840F9E18700F9611840B941
:109D8000E19300B9611C40B9F35301A9F40303AA9C
:109D9000F30300AAF76303A9F70302AAE1F700B9E6
:109DA000A4F8FF97000040F9E05B00F935F6FF9753
:109DB000E05700F9020180D2E0E3059101008052F2
:109DC00080FBFF97730000B4602640F940CB00B4DD
:109DD000A1B240B9A022C07941000037E0A24836C4
:109DE000C0006837A1B240B900001332A022007948
:109DF00021781212A1B200B9E0051836A10E40F97F
:109E0000A10500B4410380520100010A3F280071FE
:109E100040060054F6430891E827066D08E4002F39
:109E2000540000D0EA0317AA94020A91FB7305A913
:109E3000FC0316AA4000009000903691F96B04A92B
:109E4000FF7700B9E04300F9FF9700B9FF7F0EA943
:109E5000FFF300B9FFFF0FA9F6CB00F9FF9B01B993
:109E6000FFD300F9F7030AAAF8030AAA1F2003D5B3
:109E7000997640F96BF8FF97E4E30591037C4093F2
:109E8000E20317AAE1B30591E00313AA20033FD62A
:109E90001F000071800500348B040054E16F41B94C
:109EA0003F940071A0390054007C4093F702008B6E
:109EB000F0FFFF17E10315AAE00313AAA90D009410
:109EC000E04E0135A022C079410380520100010A11
:109ED0003F28007101FAFF54A126C079C1F9FF376C
:109EE000A1B240B941000037C0184936800640ADE4
:109EF000E20317AAE10315AAE3C30491E00313AA3E
:109F0000E08709AD4F0C0094E07700B9FD7B40A9D4
:109F1000F35341A9F55B42A9F76343A9E07740B940
:109F2000FF430A91C0035FD6E0E30591020180D2AE
:109F30000100805223FBFF97200080D2F702008BA4
:109F4000CCFFFF17FA03002AE00218CBEA0318AA95
:109F5000FB03002AA0E30034E2D340F9617F409381
:109F6000E09B41B94200018B8A0700A9000400115F
:109F7000E09B01B99C430091E2D300F91F1C0071E2
:109F80002C450054E07740B900001B0BE07700B986
:109F9000DAE10034EA060091E80640390700801251
:109FA0000B00805209008052F8030B2AF703092A9C
:109FB000F903072AFA030AAAFF7F05395A07009115
:109FC000008100511F680171C8000054E14340F94D
:109FD000205860786100001020A8208B00001FD658
:109FE000E903172AEB03182AEA031AAAE8DE003469
:109FF0003A008052FBA30691F7031A2A010080520F
:10A00000190080D20700805218008052FF8B00B9DF
:10A01000FF9B00B9FF7F0539E8A306391F2003D550
:10A0200032011F72420B0011E0D340F95A109A1A04
:10A030008E1080522E010E6A8100005464011A4B6A
:10A040009F0000716C1A0054A1010034E19B41B9DA
:10A05000E27F059100040091820300F921040011C0
:10A06000220080D2820700F99C430091E19B01B954
:10A07000E0D300F93F1C00714C3E0054B2010034A3
:10A08000E19B41B9E283059100080091820300F948
:10A0900021040011420080D2820700F99C43009104
:10A0A000E19B01B9E0D300F93F1C00710C7300542F
:10A0B000DF010271E0290054E700174BFF00007137
:10A0C0000C050054290E4037E19B41B9EC7E4093CA
:10A0D00000000C8B9B3300A921040011E19B01B906
:10A0E000E0D300F93F1C00714C2200549C430091C6
:10A0F0008900103677011A4BFF0200710C7300546F
:10A10000E17740B97F011A6B63A19A1A2100030B12
:10A11000E17700B9002300B5FF9B01B9D90000B475
:10A12000E10319AAE00313AAEA4700F97DFCFF97AF
:10A13000EA4740F9FC0316AA4BFFFF1700C1005184
:10A1400018008052481740380B0B180B18040B0BE3
:10A1500000C100511F24007169FFFF5499FFFF17D0
:10A16000240000F0E19B41B984803991FF400071E7
:10A170008D050054E2031CAA0D0280D2FC030AAA3A
:10A18000E9BB00B9E8C300B9EBCB00B9F7D300B91C
:10A19000F703072AF8DB00B9F80304AA0400001447
:10A1A000F7420051FF420071AD020054004000919F
:10A1B00021040011583400A942400091E19B01B9EB
:10A1C000E0D300F93F1C0071CDFEFF54E24306913D
:10A1D000E10315AAE00313AA0A0C0094A01D0035A0
:10A1E000F7420051E19B41B9E0D340F9E20316AADE
:10A1F0000D0280D2FF420071ACFDFF54E703172A25
:10A20000E40318AAE9BB40B9EA031CAAE8C340B9B1
:10A21000FC0302AAEBCB40B9F7D340B9F8DB40B955
:10A22000E77C4093210400110000078B841F00A9E4
:10A230009C430091E19B01B9E0D300F93F1C007100
:10A240002DF4FF54E2430691E10315AAE00313AA9B
:10A25000E9BB00B9E8C300B9EBCB00B9EA6B00F980
:10A26000E80B009460190035E9BB40B9FC0316AA5D
:10A27000EA6B40F9E0D340F9E8C340B9EBCB40B911
:10A2800049F247361F2003D51F9501712D25005433
:10A290000821601E01100054E19B41B900040091A7
:10A2A000220000D0240080D242801B9121040011A2
:10A2B000821300A99C430091E19B01B9E0D300F90E
:10A2C0003F1C00718CB00054E29740B9E16B41B97A
:10A2D0003F00026BAA7B0054E28F4AA9830B00A9BE
:10A2E000E19B41B99C43009121040011E19B01B91C
:10A2F0000000028BE0D300F93F1C0071EC88005491
:10A30000E19740B937040051FF0200712DEFFF546F
:10A31000240000F0E19B41B984803991FF42007133
:10A320004DBC0054E2031CAAF80304AAFC030AAAC9
:10A330001B0280D2E98B00B9EB9B00B9040000142A
:10A34000F7420051FF4200716DBA00540040009185
:10A3500021040011586C00A942400091E19B01B911
:10A36000E0D300F93F1C0071CDFEFF54E24306919B
:10A37000E10315AAE00313AAA20B0094A010003574
:10A38000E0D340F9E20316AAE19B41B9EDFFFF17C4
:10A390002D0000F0E19B41B9ADC139919F400071A2
:10A3A0004D060054E2031CAA0F0280D2FC030AAA45
:10A3B000F2BB00B9EEC300B9E9CB00B9E8D300B9EC
:10A3C000EBDB00B9E71301B9F71B01B9F703042A66
:10A3D000F82301B9F8030DAA04000014F742005154
:10A3E000FF420071AD0200540040009121040011B1
:10A3F000583C00A942400091E19B01B9E0D300F92B
:10A400003F1C0071CDFEFF54E2430691E10315AA03
:10A41000E00313AA7B0B0094C00B0035F7420051F8
:10A42000E19B41B9E0D340F9E20316AA0F0280D2C2
:10A43000FF420071ACFDFF54E403172AED0318AA94
:10A44000F2BB40B9EA031CAAEEC340B9FC0302AA5E
:10A45000E9CB40B9E8D340B9EBDB40B9E71341B9E8
:10A46000F71B41B9F82341B9847C409321040011C2
:10A470000000048B8D1300A9E19B01B9E0D300F922
:10A480003F1C0071AC920054E17F45399C43009120
:10A49000EEFEFF17E26B41B95F0000714C5E0054A5
:10A4A000E19B41B900040091240000D0270080D234
:10A4B00084801B9121040011841F00A99C430091FA
:10A4C000E19B01B9E0D300F93F1C0071CC070154B6
:10A4D000E19740B92100022A61D70034E3934AA9E9
:10A4E000840F00A9E19B41B986430091210400112A
:10A4F000E19B01B96000008BE0D300F93F1C0071C3
:10A500008CD70054421EF937E29780B9210400111C
:10A51000DB0800A9DC4000914000008BE19B01B901
:10A52000E0D300F93F1C00714DDEFF541F2003D51E
:10A53000E2430691E10315AAE00313AAE98B00B9EF
:10A54000EB9B00B9EA5F00F92E0B00942002003566
:10A55000EA5F40F9FC0316AAE0D340F9E98B40B961
:10A56000EB9B40B9E3FEFF1748034039F7021C326A
:10A5700093FEFF17E2430691E10315AAE00313AA35
:10A58000EA4700F91F0B0094EA4740F960DCFF340A
:10A59000E10319AA610000B4E00313AA61FBFF976D
:10A5A000A022C079A1B240B981170036F96B44A945
:10A5B000FB7345A9E827466DE0173137FD7B40A9BD
:10A5C000F35341A9F55B42A9F76343A9E07740B98A
:10A5D000FF430A91C0035FD6FA03002AE00218CBBA
:10A5E000EA0318AAFB03002A60CDFF345BFEFF17C5
:10A5F0006D011A4BBF0100710DD6FF54240000F00D
:10A60000E19B41B984803991BF410071CD0500546F
:10A61000E2031CAA0E0280D2FC030AAAE9BB00B91D
:10A62000E8C300B9EBCB00B9E7D300B9F7DB00B959
:10A63000F7030D2AF81301B9F80304AA0400001463
:10A64000F7420051FF420071AD02005400400091FA
:10A6500021040011583800A942400091E19B01B942
:10A66000E0D300F93F1C0071CDFEFF54E243069198
:10A67000E10315AAE00313AAE20A0094A0F8FF354B
:10A68000F7420051E19B41B9E0D340F9E20316AA39
:10A690000E0280D2FF420071ACFDFF54ED03172A79
:10A6A000E40318AAE9BB40B9EA031CAAE8C340B90D
:10A6B000FC0302AAEBCB40B9E7D340B9F7DB40B9C2
:10A6C000F81341B9AD7D40932104001100000D8BBA
:10A6D000843700A99C430091E19B01B9E0D300F9C4
:10A6E0003F1C0071ADCEFF54E2430691E10315AA71
:10A6F000E00313AAE9BB00B9E8C300B9EBCB00B98A
:10A70000E7D300B9EA6F00F9BE0A009420F4FF35E0
:10A71000EA6F40F9FC0316AAE0D340F9E9BB40B95F
:10A72000E8C340B9EBCB40B9E7D340B963FEFF17AC
:10A73000E19B41B900040091E39740B98243009145
:10A74000210400117F0400718D110054240080D277
:10A750009B1300A9E19B01B9E0D300F93F1C0071F4
:10A760008C520054E3934AA921040011440C00A91F
:10A7700042400091E19B01B90000038BE0D300F956
:10A780003F1C00714C5300540821601EE39740B9F0
:10A7900077040051E0110054F77E4093210400112A
:10A7A0000000178BE19B01B9E0D300F96507009128
:10A7B000450000F9570400F93F1C00710C6100547A
:10A7C00042400091E4F380B921040011E5C30591F2
:10A7D000451000A98000008BE19B01B95C4000910D
:10A7E000E0D300F93F1C00714DC8FF54E2430691CD
:10A7F000E10315AAE00313AAE98B00B9EB9B00B9AA
:10A80000EA5F00F97F0A009440ECFF35EA5F40F907
:10A81000FC0316AAE0D340F9E98B40B9EB9B40B9A1
:10A8200034FEFF17E2430691E10315AAE00313AAE1
:10A83000740A009460EBFF35FC0316AAD2FDFF17E3
:10A84000E2430691E10315AAE00313AAF2BB00B9A3
:10A85000EEC300B9E9CB00B9E8D300B9EBDB00B92E
:10A86000E71301B9EA8F00F9660A009420E9FF3581
:10A87000EA8F40F9FC0316AAE0D340F9F2BB40B9D5
:10A88000EEC340B9E9CB40B9E8D340B9EBDB40B9FE
:10A89000E71341B9FAFDFF17A0E84F37A05240F97E
:10A8A000A40A0094A022C07941FFFF17E0F740B945
:10A8B000E903172AEB03182AE703192AEA031AAA5D
:10A8C000894C183600D2F837E03F40F9003C00913F
:10A8D00000EC7C9201400091E13F00F90000C03D96
:10A8E000E98B00B9E89B00B9EBBB00B9E7C300B93D
:10A8F000EA6700F91B150094EA6740F90840601EFA
:10A90000E98B40B9E89B40B9EBBB40B9E7C340B91C
:10A9100000C1601E0002F0920100679E0020611ECF
:10A920000D7100541821601E64CE0054E17F45393A
:10A93000200000D0250000D01F1D017100201A91B9
:10A94000A5401A91FF8B00B97A008052FF9B00B995
:10A9500029791812BBC0809AF7031A2A190080D2ED
:10A960000700805218008052C1B5FF341F2003D564
:10A970005A070011ABFDFF17A9EE0737240080D25C
:10A980009B1300A9E19B01B9E0D300F93F1C0071C2
:10A99000ADF1FF54E2430691E10315AAE00313AAC7
:10A9A000E98B00B9EB9B00B9EA5F00F9150A009446
:10A9B00000DFFF35EA5F40F9E20316AAE0D340F971
:10A9C000E98B40B9EB9B40B9E19B41B97EFFFF1792
:10A9D000E39740B97F0400716DEFFF54240000F04D
:10A9E000848039917F4400718D4E0054FC030B2A02
:10A9F000F80304AA1B0280D2E98B00B9EA4F00F9E0
:10AA000004000014F7420051FF420071ED4C005465
:10AA10000040009121040011586C00A942400091AF
:10AA2000E19B01B9E0D300F93F1C0071CDFEFF545A
:10AA3000E2430691E10315AAE00313AAF109009489
:10AA400080DAFF35E0D340F9E20316AAE19B41B971
:10AA5000EDFFFF17E903172AEB03182AEA031AAAE6
:10AA60001F0D0171E0540054C9542037E09340B9E0
:10AA7000E0E1F837E03F40F9012C009121F07D92B0
:10AA8000E13F00F9000040B93A008052F8A3069176
:10AA9000F7031A2AE0A30639FB0318AA0100805223
:10AAA000190080D20700805218008052FF8B00B935
:10AAB000FF9B00B9FF7F05395AFDFF17E09340B9AE
:10AAC000E903172AEB03182AE703192AEA031AAA4B
:10AAD0006044F837E03F40F9013C009121F07D925D
:10AAE000E13F00F91B0040F9FF7F05391B8400B4EA
:10AAF0001F4D0171C070005438011C12897020373D
:10AB000047B2F837E27C4093E0031BAA0100805271
:10AB1000E78B00B9E99B00B9EBBB00B9EA6300F928
:10AB2000580A0094EA6340F9F90300AAE78B40B998
:10AB3000E99B40B9EBBB40B9401001B4E17F453916
:10AB400003001BCBFF8B00B97F000071FF9B00B996
:10AB5000F703032A7AA09F1A07008052190080D2B7
:10AB6000680E8052E1A5FF3482FFFF17F803184BEF
:10AB7000E03F00F948034039F7021E3210FDFF178D
:10AB8000E1031AAA281440381FA90071C01C0154FF
:10AB900000C10051FA0301AA070080521900805237
:10ABA0001F240071E8A0FF5428144038E708070B61
:10ABB0000704070B00C100511F24007169FFFF54F7
:10ABC000FF000071FA0301AAF9A09F5AFDFCFF17CC
:10ABD0006005805248034039E07F0539F8FCFF17D3
:10ABE000E09340B9003DF837E03F40F9002C009178
:10ABF00000F07D92E13F40F9380040B998FBFF3703
:10AC000048034039E03F00F9EDFCFF17E00313AAC9
:10AC100008F5FF97000440F9E07700F999F2FF97F3
:10AC2000E10300AAFB0301AAE00313AAE18300F9F0
:10AC300000F5FF97000840F9E07F00F97F0300F17D
:10AC4000041840FA2034005401004039E002163262
:10AC5000480340393F0000711710971AD8FCFF17BE
:10AC600048034039F7020032D5FCFF17E07F453931
:10AC700048034039409AFF3500048052E07F05398F
:10AC8000CFFCFF17EB03182AE703192AEA031AAAD5
:10AC9000E9021C32E09340B94900283729332036B5
:10ACA000404FF837E03F40F9013C009121F07D92A0
:10ACB000E13F00F9000040F93A7915120100805295
:10ACC00002008052E27F0539270EF8371F0000F19D
:10ACD000497B1812E008407A810D0054810C003540
:10ACE00057030012BA1B0036FB2F08910006805252
:10ACF00007008052E02F0839E17F4539FF00176BCC
:10AD0000FF8B00B9FAA0971AFF9B00B9190080D2F7
:10AD1000180080526198FF3416FFFF17480340392E
:10AD2000F7021D32A6FCFF17EA031AAAEB03182A42
:10AD3000E703192AFA021C32E09340B95A00283777
:10AD40007A292036E048F837E03F40F9013C00918D
:10AD500021F07D92E13F00F9000040F9210080528E
:10AD6000D8FFFF17480340391FB101712037005445
:10AD7000F7021C3292FCFF17480340391FA10171F2
:10AD800000370054F7021A328DFCFF174803403990
:10AD9000F7021B328AFCFF17E09340B9E903172A38
:10ADA000EB03182AE703192AEA031AAA402CF837FA
:10ADB000E03F40F9013C009121F07D92E13F00F934
:10ADC000000040F902068F52230000D03A011F32E2
:10ADD00063A01A9141008052080F8052E37300F97A
:10ADE000E2C30279B7FFFF17E09340B9E903172ADE
:10ADF000EA031AAAE9262836406DF837E03F40F901
:10AE0000013C009121F07D92E13F00F9000040F902
:10AE1000E17780B9010000F913FCFF17EB03182A52
:10AE2000E703192AEA031AAAE9021C32E09340B99F
:10AE300049002837E9222036C043F837E03F40F97F
:10AE4000013C009121F07D92E13F00F9010040F9C1
:10AE5000E00301AA0123F8B7E70EF8371F0000F15D
:10AE600029791812E008407A610E0054FB330891EA
:10AE70000700805217008052A0FFFF174803403997
:10AE8000F70219324EFCFF17FA03092A3F0400713A
:10AE9000400D0054F7330891FB0317AA3F080071D7
:10AEA00041010054E27340F9010C409200FC44D38C
:10AEB0004168613861FF1F3880FFFFB5F7021B4B07
:10AEC000E9031A2A8DFFFF1701080012E2031BAAEB
:10AED00021C0001161FF1F3800FC43D360FFFFB5A4
:10AEE0003FC00071E0079F1A5F03006A80FEFF54B5
:10AEF000420800D100068052E9031A2AF702024BE9
:10AF000060F31F38FB0302AA7CFFFF17E2430691A0
:10AF1000E10315AAE00313AAEEBB00B9E9C300B927
:10AF2000E8CB00B9EBD300B9E7DB00B9EA8B00F955
:10AF3000B4080094E0B2FF35EA8B40F9FC0316AA8E
:10AF4000E0D340F9EEBB40B9E9C340B9E8CB40B922
:10AF5000EBD340B9E7DB40B956FCFF172D0000F0FA
:10AF6000E19B41B9ADC13991FF420071ED0300543D
:10AF7000F8030DAA1B0280D2EB8B00B9EA4F00F94F
:10AF800004000014F7420051FF4200718D0200548A
:10AF90000040009121040011986F00A99C4300918A
:10AFA000E19B01B9E0D300F93F1C0071CDFEFF54D5
:10AFB000E2430691E10315AAE00313AA9108009465
:10AFC00080AEFF35F7420051E19B41B9E0D340F933
:10AFD000FC0316AAFF420071CCFDFF54EA4F40F972
:10AFE000ED0318AAEB8B40B9F77E409321040011C2
:10AFF0000000178B8D5F00A9E19B01B9E0D300F938
:10B000003F1C0071ED87FF54E2430691E10315AA4E
:10B01000E00313AAEB8B00B9EA4F00F9790800941A
:10B0200080ABFF35EA4F40F9E0D340F9EB8B40B9F4
:10B0300034FCFF17FA03092A1F2400F1A854005416
:10B0400000C00011E9031A2AFB2F08913700805233
:10B05000E02F083929FFFF17FB33089107008052C2
:10B0600026FFFF17E19740B91F03016B17D3811A21
:10B070002C7C4093FF0200716D010054E19B41B9AB
:10B08000E27E40930000028B9B0B00A9210400117B
:10B09000E19B01B99C430091E0D300F93F1C007192
:10B0A000CCB30054FF020071E4A29F1A1703044BB3
:10B0B000FF0200714C59005468C3388B0995503712
:10B0C000E19740B9F76B41B9FF02016B6B26005461
:10B0D00049260037E19740B97B030C8B7B0308CBF3
:10B0E0003700174BFF021B6BFBB29B1A7F030071EB
:10B0F0006D010054E19B41B9627F40930000028BD7
:10B10000880B00A921040011E19B01B99C43009127
:10B11000E0D300F93F1C0071ECB600547F030071CE
:10B120007BA39F1AF7021B4BFF0200712D7EFF5479
:10B13000240000D0E19B41B984803991FF42007125
:10B140004D4B0054E2031CAAF80304AAFC030AAA0C
:10B150001B0280D2E98B00B9EB9B00B904000014FC
:10B16000F7420051FF4200716D49005400400091C8
:10B1700021040011586C00A942400091E19B01B9E3
:10B18000E0D300F93F1C0071CDFEFF54E24306916D
:10B19000E10315AAE00313AA1A080094A09FFF3543
:10B1A000E0D340F9E20316AAE19B41B9EDFFFF1796
:10B1B000E2430691E10315AAE00313AAE98B00B963
:10B1C000EB9B00B9EA5F00F90E080094209EFF3562
:10B1D000EA5F40F9E20316AAE0D340F9E98B40B9EF
:10B1E000EB9B40B9E19B41B95FFDFF17E24306913C
:10B1F000E10315AAE00313AAE98B00B9EB9B00B9A0
:10B20000EA5F00F9FF070094409CFF350821601EAB
:10B21000E39740B9EA5F40F9E20316AAE0D340F9A8
:10B2200077040051E98B40B9EB9B40B9E19B41B9F0
:10B2300000BDFF5459FDFF17A05240F93908009492
:10B24000A022C079E7FAFF174975073623FCFF17DC
:10B250000087F837E03F40F9013C0091080040FDCD
:10B2600021F07D92E13F00F9AAFDFF17FA4F303639
:10B270002079F837E03F40F9012C009121F07D92D0
:10B28000E13F00F900004079210080528DFEFF1758
:10B29000095530366072F837E03F40F9012C0091D3
:10B2A00021F07D92E13F00F900008079E10300AADE
:10B2B00041DDFFB6E00300CBFA03092AA205805264
:10B2C0002100805280FEFF17480340393CFBFF17E6
:10B2D00049D92737896B3037A9BB4836E0D6F837CC
:10B2E000E03F40F9013C009121F07D92E13F00F9FF
:10B2F000000040F9E1D3413901000039DAFAFF17C3
:10B30000694C3036C070F837E03F40F9012C0091AD
:10B3100021F07D9200004079E13F00F967FEFF17C0
:10B32000E903172AEB03182AE703192AEA031AAAE2
:10B33000BFFEFF17E09340B9012000113F000071EC
:10B340002D9E0054E03F40F9E19300B9023C00918A
:10B3500041F07D92E13F00F99AFEFF17E09340B97A
:10B36000012000113F0000714D9C0054E03F40F966
:10B37000E19300B9023C009141F07D92E13F00F978
:10B38000D9FDFF17E09340B9012000113F00007183
:10B390002D9A0054E03F40F9E19300B9002C009150
:10B3A00000F07D9214FEFF17EA4F40F9EB031C2AD0
:10B3B000E98B40B9E40318AAF77E409321040011F9
:10B3C0000000178BE19B01B9E0D300F9440000F9BC
:10B3D000570400F93F1C00714D9FFF54E243069152
:10B3E000E10315AAE00313AAE98B00B9EB9B00B9AE
:10B3F000EA5F00F983070094C08CFF35EA5F40F9EB
:10B40000E20316AAE0D340F9E98B40B9EB9B40B9BF
:10B41000E19B41B9ECFCFF17E2430691E10315AA59
:10B42000E00313AAE98B00B9EB9B00B9EA5F00F9CE
:10B4300074070094E08AFF35EA5F40F9FC0316AA1E
:10B44000E0D340F9E98B40B9EB9B40B9ADFBFF1766
:10B4500048074039F7021B325A070091D8FAFF1704
:10B4600048074039F70217325A070091D4FAFF17FC
:10B47000EA031AAAEB03182AE703192AFA03172A80
:10B480002EFEFF17E903172AEB03182AE703192AF0
:10B49000EA031AAA200000B000001B91E07300F933
:10B4A000E09340B9090B2837E90A20374941303683
:10B4B0006068F837E03F40F9012C009121F07D925F
:10B4C00000004079E13F00F955000014200000B071
:10B4D000E903172A00A01A91EB03182AE703192A97
:10B4E000EA031AAAE07300F9EEFFFF17E903172A2F
:10B4F000EB03182AE703192AEA031AAAE6FDFF1745
:10B50000E0230691020180D201008052E98B00B94C
:10B51000E89B00B9EBBB00B9EA6300F9A9F5FF9716
:10B52000E09340B9EA6340F9E98B40B9E89B40B940
:10B53000EBBB40B9A03EF837E03F40F9012C009149
:10B5400021F07D92E13F00F9020040B9F8A3069195
:10B55000E3230691E10318AAE00313AAE98B00B9DB
:10B56000E89B00B9EBBB00B9EA6300F9410700941E
:10B57000EA6340F9F703002AE98B40B91F04003160
:10B58000E89B40B9EBBB40B9A0C900541F00007153
:10B590001AA09F1A41FDFF17E28F4AA9830B00A949
:10B5A000E19B41B99C43009121040011E19B01B949
:10B5B0000000028BE0D300F93F1C0071CDD8FF548E
:10B5C000E2430691E10315AAE00313AAEC4700F950
:10B5D000E99B00B9EBBB00B9E82B0CA90907009463
:10B5E000807DFF35EC4740F9FC0316AAE82B4CA9F7
:10B5F000E0D340F9E99B40B9EBBB40B9F76B41B9E7
:10B60000B5FEFF17A001F837E03F40F9013C00917B
:10B6100021F07D92E13F00F9000040F91F0000F1A8
:10B62000E1079F1A3F01016AC11400543A791512CB
:10B6300041008052A3FDFF17E09340B901200011A3
:10B640003F0000718D380054E03F40F9E19300B9AC
:10B65000023C009141F07D92E13F00F9EFFFFF17BE
:10B66000E09340B9012000113F000071AD32005459
:10B67000E03F40F9E19300B9023C009141F07D9236
:10B68000E13F00F9B5FDFF17E09340B9012000113B
:10B690003F0000710D330054E03F40F9E19300B9E1
:10B6A000023C009141F07D92E13F00F982FDFF17DD
:10B6B000E09340B9012000113F0000718D2F00542C
:10B6C000E03F40F9E19300B9023C009141F07D92E6
:10B6D000E13F00F9DEFDFF17E2430691E10315AA01
:10B6E000E00313AAF2BB00B9EEC300B9E9CB00B97D
:10B6F000E8D300B9EBDB00B9E71301B9EA8F00F931
:10B70000C00600946074FF35EA8F40F9FC0316AA66
:10B71000E0D340F9E17F4539F2BB40B9EEC340B90F
:10B72000E9CB40B9E8D340B9EBDB40B9E71341B905
:10B7300046FAFF17E00313AAFAF4FF97A5F9FF17DB
:10B740000021681EE69C005417791A12FF06017149
:10B75000C1300054010F80521F850171000B8052CF
:10B760000010811A01068052E1830539E08705390E
:10B77000FBA30691190080D2FF8C0171EC54005498
:10B780000001669E00FC60D32054F8360041611E23
:10B79000A0058052E0BB00B9E0A30591E98B00B998
:10B7A000E8AF1229EA6300F9E7F300B90110009449
:10B7B0000110681EE98B40B9EA6340F90108611E77
:10B7C000E8AF5229E7F340B92820601E6100005419
:10B7D00020008052E06B01B9E303072A1F85017145
:10B7E00063040091200000B0220000B000A01A9174
:10B7F00042001B916303038B4210809A0210661E65
:10B80000E0031BAA030000142820601E20990054A6
:10B810002108621EEC0300AA2100781E2000621E8F
:10B8200044C86138041400382138601E7F0000EBE2
:10B83000C1FEFF5400106C1E3020601E8C000054AE
:10B840002020601EA102005481020036ECC700F9DE
:10B85000E10300AA443C403903F05F387F00046BE9
:10B86000210100540706805227F01F38E1C740F934
:10B87000230400D1E3C700F923F05F389F00036B76
:10B8800040FFFF5464040011841C00127FE4007127
:10B89000804E005424F01F38F86B41B900001B4B58
:10B8A000013D001129011F32211C0012220080528B
:10B8B000E09700B900070051E06B01B9670100147F
:10B8C0000106805229011F32E1830539E8870539D5
:10B8D00057FFFF17E2430691E10315AAE00313AAFD
:10B8E000E98B00B9EB9B00B9EA5F00F945060094CB
:10B8F0000065FF35EA5F40F9FC0316AAE0D340F982
:10B90000E98B40B9EB9B40B970FAFF17E003069151
:10B91000020180D201008052E98B00B9E89B00B996
:10B92000EBBB00B9E7C300B9EA6700F9FBC700F950
:10B93000A4F4FF97E7C340B9EA6740F9E98B40B93F
:10B94000E89B40B9EBBB40B9074BF837180080D2F1
:10B9500017008052FA03082AF903072AF54700F96D
:10B96000F503172AF70318AAF8030AAAE99B00B9F6
:10B97000EBBB00B90D000014E3030691E1A30691AF
:10B98000E00313AA3B0600941F04003120850054F5
:10B99000A002000B1F00196BEC000054F71200917D
:10B9A00020930054F503002AE0C740F9026877B8F5
:10B9B00042FEFF35F703152AE99B40B9F54740F9E8
:10B9C000E8031A2AEBBB40B9EA0318AAF76300346C
:10B9D000FF8E01716D770054E1060011E00313AA98
:10B9E000E98B00B9217C4093E89B00B9EBBB00B91F
:10B9F000EA6300F98BEFFF97EA6340F9FB0300AAC3
:10BA0000E98B40B9E89B40B9EBBB40B900B000B44A
:10BA1000F90300AA020180D201008052E0030691DE
:10BA2000E98B00B9E89B00B9EBBB00B9EA6300F908
:10BA300064F4FF97E07E4093E4030691F80300AAC4
:10BA4000E30300AAE2230691E1031BAAE00313AA81
:10BA5000800A0094EA6340F91F0300EBE98B40B9C8
:10BA6000E89B40B9EBBB40B981AC00547FCB373881
:10BA7000FF020071FF8B00B9FAA29F1AE17F4539DE
:10BA800007008052FF9B00B918008052A12CFF34A0
:10BA9000B8FBFF17E98B40B9EA031CAAEB9B40B93E
:10BAA000FC0302AAE40318AAF77E409321040011C4
:10BAB0000000178BE19B01B9E0D300F9845F00A976
:10BAC0003F1C00716C53FF549C43009189F9FF1790
:10BAD000F733089143031612F8E702B2E20317AAFC
:10BAE000E40317AA05008052F70313AAB89999F244
:10BAF000F303032AE30315AAF57F40F907000014B6
:10BB0000197CD89B39FF43D31F2400F1490200540C
:10BB1000E00319AAE2031BAA197CD89BA504001113
:10BB20005B0400D139FF43D3210B198B010401CBF6
:10BB300021C0001141F01F3853FEFF34A1024039EB
:10BB40003FFC03712010457AC1FDFF541F2400F112
:10BB500068620054F30317AAF70304AAE59700B933
:10BB6000F57F00F9F50303AAD5FCFF17FF18007154
:10BB7000C3008052FA90831A250000B0F7031A2AF6
:10BB8000BB601B91190080D20100805207008052D7
:10BB900018008052FF8B00B9FF9B00B921F9FF17F5
:10BBA000E09340B9012000113F0000712D240054A2
:10BBB000E03F40F9E19300B9023C009141F07D92F1
:10BBC000E13F00F992FCFF17E0D340F9E03000B507
:10BBD000A022C079FF9B01B973FAFF17240000D09F
:10BBE000E19B41B984803991FF420071AD1B005443
:10BBF000E2031CAA080280D2FC030AAAEC5F00F947
:10BC0000E9C300B9EBCB00B9F8D300B9F80304AA33
:10BC100004000014F7420051FF4200714D19005416
:10BC20000040009121040011582000A942400091D9
:10BC3000E19B01B9E0D300F93F1C0071CDFEFF5438
:10BC4000E2430691E10315AAE00313AA6D050094EF
:10BC5000004AFF35E0D340F9E20316AAE19B41B95F
:10BC6000080280D2ECFFFF17FA2048364080F837F0
:10BC7000E03F40F9012C009121F07D92E13F00F975
:10BC800000004039210080520EFCFF17C9204836C1
:10BC9000807CF837E03F40F9012C009121F07D9243
:10BCA00000004039E13F00F904FCFF17E25340F97E
:10BCB000E09340B9E19300B940C0208B64FCFF17CA
:10BCC000E25340F9E09340B9E19300B940C0208BC2
:10BCD00022FCFF17A91C4836E06EF837E03F40F918
:10BCE000012C009121F07D9200004039E13F00F9E4
:10BCF0004BFEFF17E25340F9E09340B9E19300B9DE
:10BD000040C0208BECFBFF17E09340B901200011ED
:10BD10003F000071AD1F0054E03F40F9E19300B9CE
:10BD2000022C009141F07D92E13F00F907FEFF17E0
:10BD3000891C4836C07DF837E03F40F9012C00915E
:10BD400021F07D92E13F00F900008039E10300AA73
:10BD500041FCFF17E25340F9E09340B9E19300B989
:10BD600040C0208B2DFEFF17FF04003160270054D8
:10BD7000FF1E0171E008407AE7149F1A0001669ED9
:10BD80003901183200FC60D3E079F8370941601EB0
:10BD9000FFBB00B9E9A312292041601EEBC300B923
:10BDA000EA6700F9FF1A0171C1420054E203072A51
:10BDB00061008052E5230691E4030691E3A3059117
:10BDC000E00313AAE78B00B9120A0094E78B40B98D
:10BDD000FB0300AA01004039EA6740F93FC0007147
:10BDE000E9A3522900C0278BEBC340B9405200544D
:10BDF000E16B41B901C0218B2821601E604F0054C6
:10BE0000E0C740F9030680523F0000EBE900005410
:10BE100002040091E2C700F903000039E0C740F9CD
:10BE20003F0000EB68FFFF54F86B41B900001BCBEB
:10BE3000E09700B9FF1E0171002200540007005175
:10BE4000FF1A017140500054011D0012020080527F
:10BE5000190080D2E06B01B9E1C305396105805258
:10BE60008000F836200080520000184BA105805257
:10BE7000E1C705391F240071CD5B0054EC3F0691EA
:10BE8000AD999952E4030CAA8D99B972027CAD9BCD
:10BE9000E30304AAE503002A840400D142FC63D32F
:10BEA0004108020B0104014BE003022A21C00011EA
:10BEB00061F01F38BF8C0171ACFEFF5440C000110F
:10BEC00080F01F38600800D11F000CEB827E005408
:10BED000E1CB059102144038221400381F000CEB0E
:10BEE000A1FFFF54E0430A91030003CB60F4035128
:10BEF000E0F300B9E09740B9E1F340B91700010B56
:10BF00001F0400716D5B0054E0AB40B9F702000BF9
:10BF100029791512FF02007129011832FAA29F1A1D
:10BF200018008052FF8B00B9FF9B00B9E0BB40B9FD
:10BF3000001B0035E17F4539070080522107FF349F
:10BF40008CFAFF17EC5F40F9E40318AAE9C340B983
:10BF5000EA031CAAEBCB40B9FC0302AAF8D340B910
:10BF6000E77E4093210400110000078B841F00A985
:10BF70009C430091E19B01B9E0D300F93F1C0071A3
:10BF8000CD89FF54E2430691E10315AAE00313AA09
:10BF9000EC5F00F9E9C300B9EBCB00B9EA6B00F93B
:10BFA00098040094602FFF35EC5F40F9FC0316AA5B
:10BFB000EA6B40F9E0D340F9E9C340B9EBCB40B9B3
:10BFC0003EFCFF1769090736E28F4AA9830B00A9D7
:10BFD000E19B41B98643009121040011E19B01B925
:10BFE0004000008BE0D300F93F1C0071ED28FF54A6
:10BFF000E2430691E10315AAE00313AAE98B00B915
:10C00000EB9B00B9EA5F00F97E040094202CFF3519
:10C01000EA5F40F9E60316AAE0D340F9E98B40B99C
:10C02000EB9B40B9E26B41B9E19B41B936F9FF178F
:10C03000E25340F9E09340B9E19300B940C0208B4E
:10C0400073FBFF17C062F837E03F40F9013C0091F5
:10C0500021F07D92E13F00F9000040F9E1EB4079E9
:10C060000100007980F7FF17E067F837E03F40F9FB
:10C07000012C009121F07D92000040B9E13F00F9D0
:10C0800067FDFF174050F837E03F40F9012C009161
:10C0900021F07D92E13F00F9000040B9210080527B
:10C0A00008FBFF178063F837E03F40F9012C00914F
:10C0B00021F07D92000040B9E13F00F9FFFAFF173F
:10C0C000605CF837E03F40F9012C009121F07D924F
:10C0D000E13F00F9000080B9E10300AA5EFBFF1711
:10C0E000E09340B9012000113F0000718D510054D0
:10C0F000E03F40F9E19300B9022C009141F07D92BC
:10C10000E13F00F969FCFF17E25340F9E09340B9C1
:10C11000E19300B940C0208B0CFDFF17E09340B9BC
:10C12000012000113F0000716D5D0054E03F40F9B7
:10C13000E19300B9022C009141F07D92000040791A
:10C14000E13F00F9DDFAFF17E0031BAAE9BB00B9E4
:10C15000EBC300B9190080D2EA6700F949EDFF97F7
:10C16000E17F45391F000071FF8B00B9F703002AFA
:10C17000FF9B00B91AA09F1AEA6740F90700805296
:10C18000E9BB40B9680E8052EBC340B9A1F4FE345C
:10C19000F8F9FF17E09340B9012000113F0000714A
:10C1A000CD4D0054E03F40F9E19300B9022C0091DD
:10C1B00041F07D92E13F00F933FCFF17E09340B975
:10C1C000012000113F000071ED490054E03F40F9AB
:10C1D000E19300B9022C009141F07D92000040797A
:10C1E000E13F00F90EFDFF17E00313AAE2430691B9
:10C1F000E10315AA03040094C0CEFF34E9F8FF1749
:10C20000A05240F94B04009439F7FF170041601E1B
:10C21000FFBB00B961FDFF17E1040011E00313AAA1
:10C22000E78B00B9217C4093E9A31229EA5F00F96A
:10C23000EBF300B97BEDFF97EA5F40F9FB0300AA3F
:10C24000E78B40B9E9A35229EBF340B9806300B40E
:10C25000F90300AA4BFDFF17C7008052C8FEFF1765
:10C26000442840398CFDFF17E0C740F9F86B41B90D
:10C2700000001BCBE09700B91F03076B01DB433ABB
:10C28000EA1700540809005100070051EFFEFF179C
:10C29000A00580525A070011A10580520700805264
:10C2A000E07F05395FF7FF17E4030691E22306916B
:10C2B000E00313AA030080D2010080D2E98B00B909
:10C2C000E89B00B9EBBB00B9EA6300F96108009490
:10C2D000EA6340F9F703002AE98B40B91F040031F3
:10C2E000E89B40B9EBBB40B920690054FBC700F99B
:10C2F000B7FDFF17A0058052A1058052E07F0539E8
:10C300008CF9FF17E0F740B9014000113F000071C0
:10C310006D380054E03F40F9E1F700B9003C00916E
:10C3200000EC7C9201400091E13F00F96CF9FF17AD
:10C33000E0F740B9014000113F000071ED340054B6
:10C34000E03F40F9E1F700B9023C0091080040FDF0
:10C3500041F07D92E13F00F96EF9FF17E18B40B9A2
:10C360003F000071E19B40B920D8407A0D6600542F
:10C370006D030C8BE2031CAA240000B0FC03012A0D
:10C3800084803991F8030DAA170280D2F34F00F987
:10C39000F95F00F9F90308AAEC6F00F9E91301B994
:10C3A000FB8F00F9EB2301B9FA2701B9FBEB4FA989
:10C3B000EA9700F9280000149C070051E19B41B95D
:10C3C00000001A8BE37740F921040011436800A9AB
:10C3D00042400091E19B01B9E0D300F93F1C00719C
:10C3E0006C08005461034039050319CBE30318AA14
:10C3F0003F00056B33B0851A7F0200718D01005438
:10C40000E19B41B96A7E409300000A8B592800A93C
:10C4100021040011E19B01B9E0D300F93F1C007138
:10C420004C09005461034039424000917F02007181
:10C4300065A29F1A3300054B7F020071AC010054C6
:10C44000E58B40B93903218BBF00007180DB407A56
:10C450008D4D00549F0300710CFBFF54E18B40B9DC
:10C460007B0700D121040051E18B00B9D4FFFF17F5
:10C470002A0000B0E19B41B94A8139917F420071A5
:10C48000ED040054E3130CA9F86B00F9F84F40F9E0
:10C4900004000014734200517F420071CD03005428
:10C4A0000040009121040011445C00A94240009129
:10C4B000E19B01B9E0D300F93F1C0071CDFEFF54B0
:10C4C000E2430691E10315AAE00318AA4D03009484
:10C4D000E0150035E0D340F9230000B0E19B41B9FD
:10C4E000E20316AA64803991EBFFFF17E04F40F991
:10C4F000E2430691E10315AA420300942056003559
:10C50000E0D340F9210000B0E20316AA248039915B
:10C51000B5FFFF17E32B4CA9F86B40F9657E4093FC
:10C52000210400110000058B4A1400A9E19B01B908
:10C53000E0D300F93F1C00710C1100546103403935
:10C5400042400091BFFFFF17E04F40F9E2430691E0
:10C55000E10315AAF86300F92A030094205300357B
:10C56000E36340F9240000B0E0D340F9E20316AAE7
:10C570006103403984803991ADFFFF17E19740B9DD
:10C580001F03016BAB170054E0AB40B93F0140F211
:10C590000C03000B9711981A690050361F030071A5
:10C5A0000C2F0054FF020071E80C8052FAA29F1A6F
:10C5B000E903192A190080D2FF8B00B9FF9B00B94B
:10C5C0005BFEFF17E2430691E10315AAE00313AAFD
:10C5D000E98B00B9EB9B00B9EA5F00F9090300940D
:10C5E00080FDFE35EA5F40F9FC0316AAE0D340F96E
:10C5F000E98B40B9EB9B40B9E26B41B9B5F7FF1746
:10C60000FF16017141030054F804001141008052EB
:10C61000E203182AE5230691E4030691E3A30591BA
:10C62000E00313AAE78B00B9FA070094FB0300AA02
:10C63000EA6740F901C0388BE78B40B9E9A352297A
:10C64000EBC340B9EDFDFF17E17F45391A00805279
:10C65000FF8B00B907008052FF9B00B91800805281
:10C66000190080D2E1CDFE34C2F8FF17E203072A99
:10C67000E5230691E4030691E3A30591E00313AAE1
:10C6800041008052E78B00B9E2070094E9A35229E8
:10C69000FB0300AAEA6740F9E78B40B9EBC340B956
:10C6A00049DE073661C3278BD4FDFF17E09340B9FD
:10C6B000012000113F0000710D1E0054E03F40F9C1
:10C6C000E19300B9022C009141F07D92E13F00F925
:10C6D000EDF8FF17E25340F9E09340B9E19300B958
:10C6E00042C0208BE03F40F9E23F00F942F9FF17DA
:10C6F000E25340F9E09340B9E19300B940C0208B88
:10C70000F9F8FF17E25340F9E09340B9E19300B91B
:10C7100040C0208BABF9FF17E2430691E10315AA55
:10C72000E00313AAEC5F00F9E9C300B9EBCB00B951
:10C73000EA6B00F9B3020094C0F2FE35EC5F40F9F9
:10C74000FC0316AAEA6B40F9E0D340F9E9C340B90B
:10C75000EBCB40B954FAFF17E04F40F9E2430691A2
:10C76000E10315AAE36300F9A6020094A042003594
:10C77000E36340F9240000B0E0D340F9E20316AAD5
:10C7800061034039848039912EFFFF17E15F40F942
:10C79000F30318AA21F0FEB582F7FF17E17740F9FD
:10C7A000E88B00B9E08340F9EB9F1229E3AB0BA9BA
:10C7B0007B0300CBE20300AAE0031BAAE46700F9B5
:10C7C00090F3FF97A006403905008052E3AB4BA9D8
:10C7D0001F000071E46740F9B506959AE88B40B9EF
:10C7E000EB9F5229CBFCFF17F86B41B9E00301AA7C
:10C7F0008FFDFF17E2430691E10315AAE00313AA98
:10C80000E98B00B9EB9B00B9EA5F00F97D02009467
:10C8100000ECFE35E1AF5229FC0316AAF76B41B9D3
:10C82000EA5F40F93700174BE0D340F9E98B40B994
:10C830003BFAFF172821601E41310054F86B41B9C3
:10C8400000C0388B00001B4BE09700B9200100129C
:10C850000000072A1F030071AD3300548018003513
:10C86000F703182AC80C8052E9185037FF020071EC
:10C87000FAA29F1A4FFFFF17E1AB40B9E80C8052B4
:10C880003700000B1F0300710CFFFF54EC02184B24
:10C8900097050031FA529F1A46FFFF17A0B240B920
:10C8A000A0000037A022407960004837A05240F92C
:10C8B000A002009400008012E07700B940F7FF1753
:10C8C000FBA30691190080D253FCFF17240000B08F
:10C8D000F703024B848039915F400031EA04005431
:10C8E000E20315AAFC03092AF503172A180280D2CD
:10C8F000F70302AAF94700F9F90304AAEB9B00B970
:10C90000EA5F00F904000014B5420051BF42007113
:10C910004D0200540040009121040011D96000A98B
:10C92000C6400091E19B01B9E0D300F93F1C0071C2
:10C93000CDFEFF54E2430691E10317AAE00313AAD8
:10C940003002009460250035E0D340F9E60316AAD2
:10C95000E19B41B9EDFFFF17EA5F40F9E20317AA37
:10C96000E40319AAEB9B40B9F94740F9F703152AEC
:10C97000E9031C2AF50302AAF77E40932104001163
:10C980000000178BC45C00A9C6400091E19B01B96F
:10C99000E0D300F93F1C00718DDBFE54E2430691A9
:10C9A000E10315AAE00313AAE98B00B9EB9B00B9D8
:10C9B000EA5F00F913020094C0DEFE35EA5F40F939
:10C9C000E60316AAE0D340F9E98B40B9EB9B40B9E6
:10C9D000E19B41B9CDF6FF17E28740F9E0F740B996
:10C9E000E1F700B940C0208B080040FDC9F7FF17F0
:10C9F000E1CB059182000035E1CF0591020680521E
:10CA0000E2CB053900C0001120140038E2C30591C3
:10CA10002000024BE0F300B937FDFF17E28740F931
:10CA2000E0F740B9E1F700B940C0208BACF7FF1741
:10CA3000F54740F9010080D2A022C07900001A32E7
:10CA4000A0220079A1DAFEB5D6F6FF17201AF83732
:10CA5000E03F40F9013C009121F07D92E13F00F977
:10CA6000000040F9E17740B9010000B9FEF4FF177A
:10CA700009A5073625FDFF17E25340F9E09340B9B9
:10CA8000E19300B940C0208BFFF7FF17E09340B956
:10CA9000012000113F000071CD1E0054E03F40F91D
:10CAA000E19300B9022C009141F07D92E13F00F941
:10CAB0007AFDFF17E09340B9012000113F0000719B
:10CAC0002D1E0054E03F40F9E19300B9022C009183
:10CAD00041F07D9200004039E13F00F9D0FAFF17A4
:10CAE0000001669EE017F8B7E17F4539200000900D
:10CAF000250000901F1D017100601A91A5801A91F8
:10CB000091F7FF17E25340F9E09340B9E19300B980
:10CB100040C0208B00004079C1FAFF17E25340F972
:10CB2000E09340B9E19300B940C0208BDFF9FF17D3
:10CB3000E1001B0B030680522100004B2204001170
:10CB400002C0228BA16AFF37031400385F0000EB9C
:10CB5000C1FFFF5451FBFF17E25340F9E09340B986
:10CB6000E19300B940C0208BC7F9FF17E0AB40B993
:10CB7000C80C8052EC00000B9701180B3BFFFF170D
:10CB8000E80C8052E17F40F9200040391FFC03711E
:10CB900080240054030080520200805205000014DB
:10CBA00042040011210400911FFC03712001005474
:10CBB0001F00186BEA0000541803004B2004403992
:10CBC00000FFFF352000403963040011F7FFFF1715
:10CBD000E28B00B9E39B00B9E17F00F9E18B40B93A
:10CBE000E903192AE09B40B9190080D20000010B2B
:10CBF000E10341B9175C011BFF020071FAA29F1A01
:10CC0000CBFCFF17F54740F9E8031A2AE99B40B926
:10CC1000EA0318AAEBBB40B9F703192A6CFBFF170C
:10CC2000E09340B9012000113F0000716D160054DF
:10CC3000E03F40F9E19300B9022C009141F07D9270
:10CC400000004039E13F00F91CF8FF17E09340B9BC
:10CC5000012000113F000071CD150054E03F40F964
:10CC6000E19300B9022C009141F07D92E13F00F97F
:10CC700019FDFF17E09340B9012000113F0000713A
:10CC80006D0E0054E03F40F9E19300B9022C009191
:10CC900041F07D92E13F00F9FAFBFF17E09340B9C4
:10CCA000012000113F000071AD150054E03F40F934
:10CCB000E19300B9023C009141F07D92E13F00F91F
:10CCC000E6FCFF17A00580520941611EE0BB00B9D8
:10CCD00031FCFF17E25340F9E09340B9E19300B90A
:10CCE00040C0208B00004079F4F7FF17E09340B973
:10CCF000012000113F0000710D0A0054E03F40F98F
:10CD0000E19300B9022C009141F07D92E13F00F9DE
:10CD10000EFCFF17E09340B9012000113F000071A5
:10CD20008D120054E03F40F9E19300B9022C0091CC
:10CD300041F07D92000040B9E13F00F9DFF7FF17B5
:10CD4000E17F4539FA03072AFF8B00B9F703072A69
:10CD5000FF9B00B907008052680E80522196FE3476
:10CD600004F7FF17E09340B9012000113F00007164
:10CD7000CD110054E03F40F9E19300B9022C00913D
:10CD800041F07D92000040B9E13F00F924FAFF171D
:10CD9000E09340B9012000113F0000716D0800547C
:10CDA000E03F40F9E19300B9023C009141F07D92EF
:10CDB000E13F00F92BFFFF17E09340B9012000117C
:10CDC0003F0000716D100054E03F40F9E19300B95D
:10CDD000023C009141F07D92E13F00F945F9FF17D7
:10CDE000A0058052A1058052E07F053940FFFF1762
:10CDF000E14740F9F50317AA01BDFEB5E9F5FF17B4
:10CE0000F34F40F9E80319AAF95F40F9FB7F00F9F5
:10CE1000EC6F40F9FC0302AAFB8F40F9EA9740F956
:10CE2000E91341B9EB2341B9FA2741B91F0103EBDB
:10CE30000891839AA3F8FF17E25340F9E09340B9B1
:10CE4000E19300B940C0208BC0FBFF17E25340F9CB
:10CE5000E09340B9E19300B940C0208B89FBFF17F4
:10CE6000210080522100074BE16B01B9E2FBFF1763
:10CE7000E25340F9E09340B9E19300B940C0208B00
:10CE800086FCFF17E25340F9E09340B9E19300B903
:10CE900040C0208B00004039E1F9FF17400080526C
:10CEA000E0F300B914FCFF17E25340F9E09340B9F6
:10CEB000E19300B940C0208BEAFEFF17A022C079A1
:10CEC00000001A32A0220079B7F5FF17A000003544
:10CED0003A008052C80C8052F7031A2AB5FDFF179A
:10CEE000E0AB40B9C80C80520C0400119701072B2D
:10CEF000FA529F1AAFFDFF17E25340F9E09340B991
:10CF0000E19300B940C0208B000040396BF7FF1758
:10CF1000E25340F9E09340B9E19300B940C0208B5F
:10CF20006DFCFF17E29340B90203F837E03F40F988
:10CF3000002C009100F07D92E33F40F9E03F00F9C2
:10CF400048074039FA0301AAE29300B9670040B9E3
:10CF5000FF000071F9A09F5A19F4FF17E25340F93E
:10CF6000E09340B9E19300B940C0208B3BFCFF1730
:10CF7000E25340F9E09340B9E19300B940C0208BFF
:10CF8000000040B94DF7FF17E09340B902200011AF
:10CF9000E03F40F95F0000716D020054002C0091E9
:10CFA00000F07D92E5FFFF17E25340F9E09340B9AE
:10CFB000E19300B940C0208B000040B998F9FF17F9
:10CFC000E15F40F9F34F40F981AEFEB575F5FF170B
:10CFD000E25340F9E09340B9E19300B940C0208B9F
:10CFE000C4F8FF17E45340F9E39340B983C0238B9F
:10CFF000E33F00F9D1FFFF17A022C079E10319AA8E
:10D0000000001A32A02200798FFEFF17A022C079FB
:10D01000010080D200001A32A02200798AFEFF1798
:10D02000FF8B00B9FF9B00B9EDFEFF1763030C8B6C
:10D030007FFFFF170000000000000000000000005C
:10D04000FF4314D1FD7B00A9FD030091F35301A917
:10D05000F30301AA21204079F40303AAE3430491D6
:10D06000661A40F921781E12652240F9F55B02A983
:10D070006726407964B240B9F60302AA0280805262
:10D08000F50300AAE0E30391E32F00F9E26700B99A
:10D09000E1D30079E7D70079E33B00F9E27B00B9FF
:10D0A000FF8300B9E64700F9E54F00F9E40B01B949
:10D0B00094000094800640ADE20316AAE3C30091F9
:10D0C000E1630191E00315AAE08701AD21F3FF9729
:10D0D000F403002AC000F837E1630191E00315AAC8
:10D0E000E0EDFF971F00007194029F5AE0D3407952
:10D0F000800030366022407900001A3260220079C8
:10D10000E07F40F983000094FD7B40A9E003142AEE
:10D11000F35341A9F55B42A9FF431491C0035FD6C5
:10D12000FD7BBBA9FD03009123B040B9F76303A9C0
:10D13000F80302AA63056836F55B02A9F50300AAA5
:10D14000400840F9F35301A9F40301AAF96B04A9BB
:10D150005A0040F9C00300B4566740A939FF42D3D2
:10D16000F703192A3F030071AD020054130080D267
:10D1700003000014FF02136B0D020054C17A73B850
:10D18000E20314AAE00315AA73060091090A0094A9
:10D190001F04003101FFFF54F35341A9F55B42A97D
:10D1A000F96B44A91F0B00B91F0B00F9F76343A9E2
:10D1B000FD7BC5A8C0035FD6000B40F900C839CB82
:10D1C000000B00F95A43009180FCFFB5F35341A9CD
:10D1D00000008052F55B42A9F96B44A9F2FFFF17EA
:10D1E00080F1FF971F0B00B91F0B00F9F76343A9EC
:10D1F000FD7BC5A8C0035FD6000000000000000052
:10D20000440840F9440000B4C6FFFF1700008052F4
:10D210005F0800B9C0035FD60000000000000000F6
:10D22000FF4300D13F0000F1E03300910100819AFB
:10D23000220100B4630100B440004039200000B96D
:10D24000400040391F000071E0079F1AFF43009122
:10D25000C0035FD600008052FF430091C0035FD639
:10D2600020008012FAFFFF170000000000000000FD
:10D27000FD7BBDA904F00491FD030091F35301A9C6
:10D28000F30303AA7F0200F1230000D09300939AD6
:10D29000F40300AA64B041F9E30313AA210100B426
:10D2A00080003FD6E103002A207C40933F040031F8
:10D2B00060010054F35341A9FD7BC3A8C0035FD6AE
:10D2C000E18300910200805280003FD6E103002AF2
:10D2D000207C40933F040031E1FEFF547F0200B9FF
:10D2E00041118052810200B900008092F35341A99C
:10D2F000FD7BC3A8C0035FD6000000000000000053
:10D30000C0035FD600000000000000000000000025
:10D31000C0035FD600000000000000000000000015
:10D32000C0035FD600000000000000000000000005
:10D33000C0035FD6000000000000000000000000F5
:10D34000FD7BBDA9FD030091F51300F9610600B452
:10D35000F35301A9F30301AAF40300AA600000B487
:10D36000012440F9410600B460B240B96122C0799D
:10D370000005003701064836E10313AAE00314AAAA
:10D38000B8ECFF97F503002A622A40F9C20000B406
:10D39000611A40F9E00314AA40003FD61F00007153
:10D3A000B5A29F5A6022407920063837612E40F995
:10D3B000E10000B460D201913F0000EB6000005436
:10D3C000E00314AAD7EFFF977F2E00F9613E40F9E2
:10D3D000810000B4E00314AAD2EFFF977F3E00F96A
:10D3E000ECEDFF977F22007960B240B9A0030036D0
:10D3F000605240F9C7FFFF97EAEDFF97F35341A949
:10D40000E003152AF51340F9FD7BC3A8C0035FD6DE
:10D4100041FBFF35F35341A915008052E003152A63
:10D42000F51340F9FD7BC3A8C0035FD6BDEDFF97A0
:10D43000CEFFFF17605240F9BAFFFF976022C07914
:10D44000C0F9FF3560B240B960FE0737605240F95D
:10D4500015008052B7FFFF97F35341A9F0FFFF1764
:10D46000605240F9B3FFFF97E2FFFF17610E40F9EA
:10D47000E00314AAABEFFF97CDFFFF1700000000F9
:10D480005F2403D5820600B4258080520502A8726D
:10D49000200C014E03E87B92A50C044E091040F2CB
:10D4A0004A1040920002005461A0DF4C248100D158
:10D4B000420004AB238C206E448C206E631C254EEE
:10D4C000841C254E66BC244EC6BC264EC63C084E67
:10D4D00024F97FD3C624C49AC620C49A29020054D2
:10D4E000C60200B561A0DF4C428000F1238C206EA3
:10D4F000448C206EA9000054661CA44EC6BCE64EA7
:10D50000C63C084E06FFFFB4631C254E841C254E06
:10D5100066BC244EC6BC264EC63C084EE2000054F3
:10D520004401098B84104092848000D1E40704CB2D
:10D53000C620C49AC624C49AC600C0DA638000D14B
:10D54000DF0000F1C610C0DA6004468BE003809A69
:10D55000C0035FD6000080D2C0035FD60000000089
:10D56000FD7BBEA9220000D0FD030091F35301A969
:10D57000F40300AAF30301AA401442F9600000B4C6
:10D58000012440F9610700B46222C07962041836B0
:10D59000610E40F9C10200B442010036602240B978
:10D5A0007F0E00B9E003004B602A00B900008052F2
:10D5B000410100B4F35341A9FD7BC2A8C0035FD66B
:10D5C0000000805242000837602240B9600E00B966
:10D5D0000000805201FFFFB5E2FE3F3642001A32E2
:10D5E0000000801262220079F3FFFF170050805282
:10D5F0004000000A1F00087100FDFF54E10313AA58
:10D60000E00314AA230000946222C079610E40F95D
:10D6100082FD0736E2FFFF1702032036C2001037F3
:10D62000610E40F942001D326222007961FBFFB5B4
:10D63000EFFFFF17612E40F9010100B460D20191A4
:10D640003F0000EB80000054E00314AA35EFFF9781
:10D650006222C0797F2E00F9610E40F980048012A9
:10D660004200000A610200F97F0A00B9EEFFFF17CD
:10D670002CEDFF97C5FFFF1720018052800200B9F3
:10D6800042001A320000801262220079CAFFFF179E
:10D69000FD7BB5A9FD0300912220C079F35301A9B8
:10D6A000F30301AA2201083620DC019121008052F7
:10D6B000600200F9600E00F9612200B9F35341A93C
:10D6C000FD7BCBA8C0035FD62124C079F40300AA58
:10D6D000F55B02A9F71B00F98103F837E2230191FA
:10D6E000540800940003F837E04F40B9168080D208
:10D6F00015008152E10316AA000C14121F08407194
:10D70000E00314AAF7179F1A46E8FF97200300B515
:10D710006022C0796005483700741E1261DE0191F5
:10D72000F55B42A900001F32F71B40F9220080522E
:10D73000610200F960220079610E00F9622200B9ED
:10D74000DFFFFF176222C0795F0079F2000880D204
:10D75000168080D2D602809AE10316AAE00314AAAA
:10D7600017008052150080522EE8FF9720FDFFB46D
:10D770006222C079600200F9420019326222007907
:10D78000600E00F9762200B9170100354200152A13
:10D7900062220079F35341A9F55B42A9F71B40F9D6
:10D7A000FD7BCBA8C0035FD66126C079E00314AA35
:10D7B00034080094C00000356222C079F4FFFF17DE
:10D7C000F55B42A9F71B40F9BDFFFF1762224079C4
:10D7D00042741E1242000032423C0013ECFFFF175D
:10D7E000FD7BBEA9FD030091023440F9F35301A96A
:10D7F000F30300AAF403012A420100B4817E40939E
:10D80000407861F8E00100B4030040F9437821F862
:10D810001F0800F9F35341A9FD7BC2A8C0035FD6DE
:10D82000220880D2010180D2DA020094603600F929
:10D83000E20300AA40FEFFB5000080D2F6FFFF170A
:10D8400021008052E00313AA3320D41A210080D291
:10D85000627E4093421C009142F47ED3CD0200943C
:10D86000C0FEFFB4144C0129EAFFFF1700000000BE
:10D87000C10000B4003440F9220880B9037862F88E
:10D88000230000F9017822F8C0035FD600000000F1
:10D89000FD7BBCA927600091050080D2FD030091AB
:10D8A000F35301A9F303032A341440B9F55B02A929
:10D8B000F50301AAF60300AAE47865B8833C0012D8
:10D8C000847C1053634C021B663C0012637C105333
:10D8D000830C021BC440030BE47825B8A504009117
:10D8E000737C10539F02056B8CFEFF5413010034B0
:10D8F000A00E40B91F00146B4D010054A0CA348B18
:10D9000094060011131800B9B41600B9F35341A9D5
:10D91000E00315AAF55B42A9FD7BC4A8C0035FD64E
:10D92000A10A40B9E00316AAF71B00F9210400116F
:10D93000ACFFFF97F70300AA600200B4A21680B9FB
:10D94000A1420091004000914208009142F47ED330
:10D950005CEAFF97C03640F9A10A80B9027861F805
:10D96000A20200F9157821F8F50317AAA0CA348B92
:10D9700094060011F71B40F9131800B9B41600B94A
:10D98000E3FFFF17030000F0000000F063A01B910D
:10D9900000001C91020080D24117805281E4FF9761
:10D9A000E103002AE2FF9F52000080523F00026B19
:10D9B00068000054213C10530002805202E0BF1264
:10D9C0003F00026B6800005400200011215C1853D6
:10D9D0000200BE123F00026B6800005400100011EC
:10D9E000216C1C530200B8123F00026B89000054E6
:10D9F000E103212A007C410BC0035FD622741E5331
:10DA0000C100E8375F0062F2000C0011010480528F
:10DA10000010811AC0035FD600080011C0035FD652
:10DA2000E20300AA00008052410040B93F0840F2E2
:10DA3000E0000054A1000037A1030836217C015307
:10DA400020008052410000B9C0035FD63F3C007205
:10DA500061000054217C1053000280523F1C007270
:10DA60006100005400200011217C08533F0C40F25B
:10DA70006100005400100011217C04533F0440F267
:10DA80006100005400080011217C0253810000371E
:10DA900000040011217C015361000034410000B9F1
:10DAA000C0035FD600048052C0035FD6217C0253BE
:10DAB00040008052410000B9C0035FD60000000062
:10DAC000FD7BBEA9FD030091023440F9F35301A987
:10DAD000F30300AAF403012A820100B4400440F9D0
:10DAE000E00200B4010040F9410400F92100009077
:10DAF000141800B9F35341A920C847FD000800FDE0
:10DB0000FD7BC2A8C0035FD6220880D2010180D26B
:10DB100020020094603600F9E20300AA00FEFFB57F
:10DB2000030000F0000000F063A01B9100001C91B6
:10DB3000020080D2A12880521AE4FF97E00313AAC2
:10DB4000820480D2210080D212020094A0FEFFB491
:10DB500021000090141800B9F35341A920C447FDD7
:10DB600021000090000400FD20C847FD000800FDD2
:10DB7000FD7BC2A8C0035FD60000000000000000CB
:10DB8000FD7BBCA9FD030091F55B02A9F50301AA89
:10DB9000361440B9F71B00F9571440B9F35301A9E3
:10DBA000F40302AADF02176BEB000054E203172A0A
:10DBB000E10314AAF703162AF40315AAF603022AAE
:10DBC000F50301AA810A4129F302160B5F00136BCA
:10DBD00021A4811A03FFFF97800B00B40760009116
:10DBE000E8C8338BE30307AAFF0008EB8200005468
:10DBF0007F4400B81F0103EBC8FFFF54A6620091E9
:10DC00008B620091C9C8368B65C9378BDF0009EB81
:10DC100022080054AA0014CB946600914A6500D1F2
:10DC2000810080D24AF57E92BF0014EB4A01018B3D
:10DC30004A21819A07000014637C1053C303003506
:10DC4000C6100091E71000913F0106EB4906005411
:10DC5000C30040B96D3C007200FFFF54EC0307AAFB
:10DC6000E4030BAA0E008052814440B8830140B9FE
:10DC7000223C00126F3C0012217C1053637C105335
:10DC8000423C0D1B210C0D1B42000E0B2140420B90
:10DC9000223C1033824500B82E7C1053BF0004EBA9
:10DCA00048FEFF54EE682AB8C30040B9637C1053A5
:10DCB00083FCFF34E10040B9ED0307AAE4030BAA9B
:10DCC0000E008052EC03012A820040794238031B87
:10DCD00042404C0B413C1033A14500B8814440B850
:10DCE000AC0140B9217C10538E3D00122138031B3A
:10DCF0002140420B2E7C1053BF0004EB68FEFF5402
:10DD0000C6100091E1682AB8E71000913F0106EBC8
:10DD100008FAFF547F0200718C00005405000014C3
:10DD2000730600716000005401CD5FB8A1FFFF349D
:10DD3000F55B42A9F71B40F9131400B9F35341A94D
:10DD4000FD7BC4A8C0035FD6030000F0000000F014
:10DD500063A01B9100001C91020080D2412C8052D4
:10DD600090E3FF97000000000000000000000000AA
:10DD7000FD7BBDA9FD030091F35301A9F303022A22
:10DD800042040072F55B02A9F60300AAF50301AA9A
:10DD9000C1040054737E0213F3020034D43240F9FC
:10DDA000540500B4F3000037737E011353020034AE
:10DDB000800240F9A00200B4F40300AA73FF073602
:10DDC000E20314AAE10315AAE00316AA6DFFFF9768
:10DDD000D50000B4C13640F9A20A80B9237862F8B0
:10DDE000A30200F9357822F8F50300AA737E011327
:10DDF00013FEFF35F35341A9E00315AAF55B42A9D1
:10DE0000FD7BC3A8C0035FD6E20314AAE10314AAF2
:10DE1000E00316AA5BFFFF97800200F9F40300AA53
:10DE20001F0000F9E6FFFF17420400512400009094
:10DE300084003A910300805282D862B895FEFF9721
:10DE4000F50300AAD4FFFF17E00316AA21008052B1
:10DE500064FEFF97F40300AAE00000B4200080D223
:10DE6000204EC0F2804201F8D43200F99F0200F93E
:10DE7000CDFFFF17030000F0000000F063A01B912E
:10DE800000001C91020080D2A128805245E3FF9738
:10DE9000FD7BBCA9FD030091F76303A9587C051322
:10DEA000371440B9230C40B91703170BF35301A9DA
:10DEB000F40301AAF55B02A9F5060011210840B997
:10DEC000F303022AF60300AABF02036BAD0000545D
:10DED00063781F5321040011BF02036BACFFFF5492
:10DEE000E00316AA3FFEFF97A00700B4056000916B
:10DEF0001F0300712D010054041B0011E30305AA48
:10DF000004C8248B1F2003D57F4400B87F0004EB96
:10DF1000C1FFFF54A548388B861680B983620091F3
:10DF2000671200726608068B800400540804805251
:10DF3000E10305AA0801074B040080521F2003D506
:10DF4000620040B94220C71A4200042A224400B8A5
:10DF5000644440B88424C81ADF0003EB28FFFF5450
:10DF6000C10014CB82660091216400D1DF0002EB76
:10DF700021F47E92820080D22100028B2120829A9D
:10DF8000A46821B844000035F503172AC13640F9CA
:10DF9000820A80B9F76343A9237862F8151400B99F
:10DFA000F55B42A9830200F9347822F8F35341A9C2
:10DFB000FD7BC4A8C0035FD6614440B8A14400B84B
:10DFC000DF0003EB29FEFF54614440B8A14400B8D0
:10DFD000DF0003EB28FFFF54ECFFFF17030000F006
:10DFE000000000F063A01B9100001C91020080D291
:10DFF000C13B8052EBE2FF970000000000000000F0
:10E00000221440B9E50300AA001440B90000026BD5
:10E01000E1010054437C7E93A56000912160009152
:10E02000A200038B2100038B03000014BF0002EB4E
:10E03000E200005444CC5FB823CC5FB89F00036B70
:10E0400060FFFF540000801200349F1AC0035FD6A7
:10E05000FD7BBDA9FD030091F35301A9F30301AAC0
:10E06000F40302AA211440B9421440B9F51300F98F
:10E070002100026B41020035427C7E936162009177
:10E08000846200912300028B8400028B0300001441
:10E090003F0003EB620A005466CC5FB885CC5FB8E2
:10E0A000DF00056B60FFFF54E10314AAF5279F1AF8
:10E0B0009432939A7332819A05000014E10314AAF2
:10E0C000F5579F1A9442939A7342819A810A40B9F4
:10E0D000C4FDFF97000B00B4681680B989620091F7
:10E0E000871640B9626200910B600091050380D2EF
:10E0F0004808088B010080522AC9278B151000B9E7
:10E10000866A65B8646A65B8C33C0012C67C105361
:10E110006320244BC440444B6300010B8440830BB9
:10E12000833C1033036825B8A5100091817C10133F
:10E130006402058B1F0104EB48FEFF54040113CB5E
:10E1400062660091846400D11F0102EBE6379F1ADA
:10E15000880080D282FC42D3DF0000714504009128
:10E16000A5F47ED3A510889A2801058B6501058B3F
:10E170005F0108EB890400544A0500D1040080D2F5
:10E180004A0108CB49FD42D3027964B83F0104EB50
:10E190004300010B2120220B427C10534140810B94
:10E1A000233C1033A37824B8217C101384040091FD
:10E1B000C1FEFF544AF57E92A1000A8B8300003510
:10E1C00022CC5FB8E7040051C2FFFF34071400B946
:10E1D000F35341A9F51340F9FD7BC3A8C0035FD6F3
:10E1E000010080527FFDFF97800100B4210080D2A2
:10E1F000014001F8F35341A9F51340F9FD7BC3A891
:10E20000C0035FD642F47ED3DF00007142109F9AB4
:10E210006101028BEAFFFF17030000D0000000D06D
:10E2200063A01B9100001C91020080D2E146805245
:10E230005CE2FF97030000D0000000D063A01B91B8
:10E2400000001C91020080D2A148805255E2FF9745
:10E25000FD7BBCA9FD030091E81300FD0840601E92
:10E26000F35301A9F40301AAF30302AA2100805287
:10E270005CFDFF97E00700B40301669EE40300AA7B
:10E2800065F874D360CC60D301000C32BF0000711C
:10E290002010801AE03F00B983020035E0F30091BE
:10E2A000E0FDFF97E13F40B923008052831400B99D
:10E2B00000800011811800B9A5030034A5CC1051CD
:10E2C000E81340FDA500000B850200B9A3068052AB
:10E2D0006300004B630200B9E00304AAF35341A9B1
:10E2E000FD7BC4A8C0035FD6E0E30091E83B00BD1E
:10E2F000CCFDFF97E13F40B980030034E33B40B9D8
:10E30000E203004B2220C21A4200032A2124C01A31
:10E31000E13F00B93F00007182040329E3079F1A1F
:10E3200063040011831400B9A5FCFF3561008092DD
:10E3300000C8105121C8238B800200B98000018BD6
:10E3400063681B53001840B996FDFF97E81340FD22
:10E350006300004B630200B9F35341A9E00304AA30
:10E36000FD7BC4A8C0035FD6E23B40B9EAFFFF17BC
:10E37000030000D0000000D063A01B9100001C919E
:10E38000020080D2E161805206E2FF9700000000A7
:10E39000FD7BBEA9237CC29B217C029BFD030091D7
:10E3A000F30B00F9630400B51EE5FF97F30300AA21
:10E3B000600400B402805FF842F47E92422000D1F3
:10E3C0005F2001F1C80100545F9C00F1C9000054B6
:10E3D0000004004F0040009100009F3C5FDC00F112
:10E3E000A80100541F7C00A91F0800F9E00313AA2C
:10E3F000F30B40F9FD7BC2A8C0035FD60100805239
:10E40000F0E9FF97E00313AAF30B40F9FD7BC2A8E4
:10E41000C0035FD66006803D608200915F2001F1FD
:10E4200021FEFF5460C20091600A803DEEFFFF179D
:10E43000F8E4FF9781018052010000B9130080D2F7
:10E44000E00313AAF30B40F9FD7BC2A8C0035FD61B
:10E45000E50304AAE40303AA03008092390600142A
:10E46000FD7BBCA9FD030091F35301A9341440B90D
:10E47000F76303A9F80300AA001440B91F00146B46
:10E480008B0B005494060051336000911763009188
:10E49000F55B02A98A7E4093807E7E937602008B94
:10E4A000EB02008B627A6AB8E37A6AB84204001120
:10E4B0007508C21A7F00026BC3040054E70313AA55
:10E4C000E60317AA09008052080080521F2003D5D6
:10E4D000E34440B8C40040B9653C0012637C10536B
:10E4E000823C0012A524151BA97C10534220254B09
:10E4F0004200080B6324151B407C10130020234BA3
:10E50000697C10530340440B623C1033C24400B892
:10E51000687C1013DF0207EBC2FDFF54E07A6AB893
:10E5200080010035601100D1FF0200EBA300005410
:10E530000700001494060051FF0200EB8200005413
:10E54000020040B9001000D162FFFF34141700B977
:10E55000E00318AAABFEFF970004F837E00317AA00
:10E56000040080521F2003D5634640B8020040B922
:10E57000413C00122120234B2100040B247C10136A
:10E580008340434B6240420B413C1033014400B88E
:10E59000447C1013DF0213EB82FEFF54E1DA74B8FF
:10E5A000E0CA348B81010035001000D11F0017EB49
:10E5B000A80000540700001494060051FF0200EB6D
:10E5C00082000054010040B9001000D161FFFF3407
:10E5D000141700B9B5060011F35341A9E003152A39
:10E5E000F55B42A9F76343A9FD7BC4A8C0035FD6CE
:10E5F000F35341A900008052F76343A9FD7BC4A8EF
:10E60000C0035FD600000000000000000000000012
:10E61000FD7BB4A9FD030091062840F9F35301A93D
:10E62000F30300AAF55B02A9F40304AAF76303A9A4
:10E63000F703012AF80305AAF96B04A9FA03022AD1
:10E64000FB7305A91C00669EE34300F9E827066DED
:10E650000840601E060100B4035840B922008052F1
:10E66000E10306AA4220C31AC308012981FCFF97CF
:10E670007F2A00F90001669E0941601E0100805258
:10E6800000FC60D3F503002AA000F83615780012CC
:10E6900021008052BC7E60B38903679EA22A0C12BF
:10E6A000810200B900FEAF525F00006B800E005483
:10E6B0002821601E61020054E14340F9200080528D
:10E6C000200000B9980000B4000000D000841B9125
:10E6D000000300F9170000D0F7821B91F35341A902
:10E6E000E00317AAF55B42A9F76343A9F96B44A9B4
:10E6F000FB7345A9E827466DFD7BCCA8C0035FD618
:10E700002041601EE2E30291E1F30291E00313AACB
:10E71000D0FEFF97F40300AAA07E1453A00C00358E
:10E72000E30757290001669E6100010B22C8101102
:10E730005F800071AD2E00542548101104088052EE
:10E740008200024B0024C51AB522C21AA002002A78
:10E750000000631E2004005121008052E1A700B98F
:10E7600004C2BF520200669E41FC60D32100040B2C
:10E77000227C60B34200679E01106F1E010000F012
:10E780000300621E4138611E24CC47FD010000F0E9
:10E7900020D047FD010000F02000441F22D447FD97
:10E7A0006000421F1820601E0500781E442A005495
:10E7B0006000004B06040051BF5800710828005447
:10E7C000010000F021003B9120D865FC1020691E5B
:10E7D0002C2D0054FFA300B9070080521F000071C8
:10E7E0008C00005427008052E700004B0600805246
:10E7F000C600050B1B008052E58B00B9FF26007197
:10E8000068070054FF1600716D280054F71200517C
:10E8100019008052FF0E0071605900542D2F0054D2
:10E82000FF120071A12D005420008052E07B00B93E
:10E830005F0300716D530054F5031A2AE0031A2A8E
:10E84000FAAB00B9047C40931F7C0071CD050054E5
:10E85000230080528200805242781F53E103032A32
:10E8600063040011407C4093007000911F0004EB92
:10E8700049FFFF54615A00B926000014E14340F9F2
:10E88000E0E18452200000B92001669E1FCC40F2D6
:10E8900001020054170000D0186200B4000000D03C
:10E8A000F7821D9100A01D91000300F98CFFFF1756
:10E8B0002201669EE3BB40B900FC0F51FFA700B9DF
:10E8C00041CC60D321240C32227C60B3AAFFFF1715
:10E8D000170000D0F85F00B4000000D0F7C21D910F
:10E8E00000CC1D91000300F97DFFFF173900805215
:10E8F00017008052150080121A008052F97B00B96F
:10E90000F5AB00B9010080527F5A00B91F2003D532
:10E91000E00313AAE79B1129E59B00B9B1FBFF9720
:10E92000E79B5129F60300AAE59B40B9C07200B4E9
:10E93000BF3A0071762A00F9E0879F1AE303152A8F
:10E940000400190A1F00196AE00A0054E08B40B95C
:10E950001F0000716D440054E403002A010000F020
:10E96000E00304AA21003B91020C4092807C041336
:10E97000207862FCE10304AA014E4036010000F059
:10E98000000C001262008052215847FD2119611EBF
:10E9900060010034010000F021403A911F2003D5AE
:10E9A00080000036220040FD420400110008621E73
:10E9B000007C01132120009140FFFF352118601ECB
:10E9C000E0A340B98000003400106E1E3020601EAD
:10E9D000C45400544200621E0090631E0298BF524D
:10E9E0004000411F0000669E01FC60D32100020B25
:10E9F000207C60B3153E0034FC8B40B9E403152A3B
:10EA00002100781E0200679E82040051080000F079
:10EA100008013B91C90600912000621E20C0001130
:10EA2000E17B40B9001C001203D962FC2138601E52
:10EA3000E148003400106C1EC00200390018631E4B
:10EA40000038621E1020611E4C6800542200805263
:10EA5000E00309AA4200094B04106E1E0390641ED5
:10EA60000A0000142108631E0008631E2100781E9E
:10EA70002200621E21C00011011400382138621EDC
:10EA80003020601E245E00548238611E5020601EBB
:10EA9000C41700544100000B3F00046B4BFEFF54B1
:10EAA0003C01669EE0BF40B9E18B40B91F00007198
:10EAB00020A84E7A6D3D0054E17B40B9813C003482
:10EAC000FF0600716D4F0054A30600517F03036BD6
:10EAD0000B520054E000154BE08F00B96303034B69
:10EAE000755EF836E00313AA21008052E79300B95F
:10EAF000E69B00B9E5A700B9E3AF00B9F1FBFF97CA
:10EB0000E79340B9F90300AAE69B40B9E5A740B9ED
:10EB1000E3AF40B9E18F40B93F000071C4C8407A0B
:10EB2000ED0000543F00066B20D0861AE700004B32
:10EB3000C600004B2100004BE18F00B9FB010034FF
:10EB4000E07B40B9E04C003483510035E10314AA66
:10EB5000E2031B2AE00313AAE79300B9E69B00B97E
:10EB6000E5A700B983FCFF97E79340B9F40300AA37
:10EB7000E69B40B9E5A740B9E00313AA2100805203
:10EB8000E79300B9E69B00B9E5A700B9CDFBFF9775
:10EB9000E5A740B9FB0300AAE79340B9E69B40B95B
:10EBA00065380035FF0600718D1C0054200080522E
:10EBB000C000000B001000720031005401048052AC
:10EBC0002100004B3F1000712D44005481038052FE
:10EBD0002000004BE18F40B9E700000BC600000B9E
:10EBE0002100000BE18F00B9FF0000714D010054BE
:10EBF000E10314AAE203072AE00313AAE69300B98B
:10EC0000E59B00B9A3FCFF97E69340B9F40300AA83
:10EC1000E59B40B9DF0000710D010054E1031BAA20
:10EC2000E203062AE00313AAE59300B999FCFF97D3
:10EC3000FB0300AAE59340B9E0A340B9FF0A0071C5
:10EC4000E4D79F1AE0180035BF02007184D8407ADB
:10EC5000E00D00549527003503008052A200805239
:10EC6000E1031BAAE00313AA0AFBFF97FB0300AA18
:10EC7000E1031BAAE00314AAF70316AAE1FCFF971D
:10EC80001F0000710D260054E08B40B9D60600919C
:10EC90001C04001120068052E0020039E1031BAA87
:10ECA000E00313AAF3FAFF97590800B4E10319AA85
:10ECB000E00313AAEFFAFF973E00001421008052F0
:10ECC000E1A300B907008052E600F83725D9FF36E6
:10ECD000E700054BFB03054BE58B00B905008052AF
:10ECE000C7FEFF172700805206008052E700004B46
:10ECF000F7FFFF17A100621E2020601EE1079F1A88
:10ED0000A500014BABFEFF17E203024B0020C21A25
:10ED100090FEFF1739008052FF0E00714031005401
:10ED20000CD8FF54FF0A0071C05300547F5A00B939
:10ED3000E00313AA01008052E77B00B9E69711298E
:10ED4000A8FAFF97E77B40B9F60300AAE697512996
:10ED5000A05100B4000080121A008052E303002A80
:10ED6000F503002A762A00F9F97B00B9E0AB00B977
:10ED70004DFFFF17A5040051FFA300B9D2FFFF17F5
:10ED80001F0016EBA0420054E20300AA01FC5F380A
:10ED90003FE4007160FFFF5421040011211C0012A8
:10EDA000F70316AAF60302AA010000391F2003D5B3
:10EDB000E10314AAE00313AAAEFAFF97DF020039B9
:10EDC000E14340F980070011200000B998C8FFB462
:10EDD000160300F942FEFF1720008052B700805250
:10EDE000E07B00B9E08B40B94003000BE0AB00B919
:10EDF00015040011BF020071A0C69F1A92FEFF17F2
:10EE000057008052FF7B00B98AFEFF17E07B40B9B4
:10EE1000000E0034E28F40B95F000071ED00005435
:10EE2000E10319AAE00313AAE57B00B919FCFF97D7
:10EE3000E57B40B9F90300AAF93F00F9453E0035EA
:10EE4000D5C2358B80030012F64B00F9E0A700B95C
:10EE5000E1031BAAE00314AA82FDFF971AC0001168
:10EE6000E10319AAE0A300B9E00314AA65FCFF9727
:10EE7000E23F40F9E1031BAAE08F00B9E00313AAC7
:10EE800074FCFF97E10300AA001040B9801100351F
:10EE9000E00314AAE14F00F95AFCFF97E203002AAD
:10EEA000E14F40F9E00313AAE29B00B971FAFF9722
:10EEB000E29B40B9E002022AC0140035E0A740B945
:10EEC000E03F0034E08F40B96012F837E04B40F982
:10EED0001A140038E04B00F9BF0200EB003D00546B
:10EEE000E10314AA0300805242018052E00313AAF6
:10EEF00068FAFF97F40300AAE03F40F9E10319AA7A
:10EF000003008052420180523F0300EBE00313AA4A
:10EF1000E01000545FFAFF97F90300AAE13F40F9BF
:10EF2000E00313AA030080524201805259FAFF976E
:10EF3000E03F00F9C7FFFF179FCF40F281E3FF5486
:10EF400080FF60D31F286CF220E3FF54250080521D
:10EF5000E7040011C6040011E003052A15FFFF179E
:10EF6000E1031BAAE00314AAE59300B9E49B00B9EE
:10EF700024FCFF97E59340B9E49B40B960E6FF3677
:10EF8000E08B40B9E10314AA030080524201805291
:10EF900000040051E08B00B9E00313AAE59300B927
:10EFA000E49B00B93BFAFF97F40300AAE07B40B969
:10EFB000E59340B9E49B40B9E0390035E0AB40B996
:10EFC0001F000071F503002A84D8407A41E4FF5401
:10EFD000170080D207000014E10314AAE00313AA6B
:10EFE00003008052420180522AFAFF97F40300AADC
:10EFF000E1031BAAE00314AA1AFDFF971AC000112F
:10F00000DA6A3738F7060091BF02176B6CFEFF54BF
:10F01000BF020071B5060051200080D215D4959A28
:10F02000D502158B170080D222008052E10314AA6A
:10F03000E00313AA97FBFF97E1031BAAF40300AABE
:10F04000F0FBFF971F0000718C0000543D0100147D
:10F05000BF0216EB80280054E20315AAB50600D1C2
:10F0600040F05F381FE4007140FFFF54FC8B40B953
:10F0700000040011A0020039E1031BAAE00313AA57
:10F08000E23F00F9FBF9FF97E23F40F9B91D00B4F8
:10F09000FF0200F1E41259FAC0000054E10317AA7C
:10F0A000E00313AAE23F00F9F2F9FF97E23F40F9CB
:10F0B000F70316AAF60302AAFDFEFF17E00313AA40
:10F0C000ECF9FF97E08F40B9C000F837E08F40B906
:10F0D0009C030012E002002A9C03002ABC040035B5
:10F0E00022008052E10314AAE00313AA69FBFF97F0
:10F0F000E1031BAAF40300AAC2FBFF971F000071E3
:10F100008D3100545FE70071002C0054E0A340B93A
:10F110001AC40011E24B40F9F70319AAF93F40F96C
:10F12000FC8B40B95A140038D4FFFF17D9F9FF9768
:10F13000F90300AAE03F00F946FFFF171B0080D249
:10F14000190080D2FC033A2AF70316AAD4FEFF174F
:10F15000E08F40B94030F837E1A740B9E002002A1B
:10F160002000002AC02F00345F0000710DEBFF5417
:10F170005FE70071A0280054E24B40F95A070011E4
:10F18000F70319AAFC8B40B9F93F40F95A1400382B
:10F19000BAFFFF174200621E0090631E0298BF5222
:10F1A0004000411F0000669E01FC60D32100020B5D
:10F1B000207C60B30290621E0000679E2138621EB0
:10F1C0003020601E6C0600540040611E3020601E1E
:10F1D00064FBFF5433FEFF17800380527EFEFF174F
:10F1E000E0130054E08B40B9010000D021003B91B6
:10F1F000E003004B020C4092007C0413227862FC76
:10F200002209621EC02900344140601E010000D066
:10F2100021403A9108008052420080521F2003D5BD
:10F22000A0000036200040FD42040011E803042A3B
:10F230002108601E007C01132120009120FFFF3572
:10F240001F010071211C621EDEFDFF17E3031B2A54
:10F25000190080D2FF7B00B9E78F00B92EFEFF179F
:10F26000000000D000003B915F030071A0BA407A1B
:10F2700001D861FCEC15005435F6FF350090621E94
:10F280002108601E8003679E3020601E8AF5FF54AF
:10F29000F70316AA1B0080D2190080D27BFEFF174D
:10F2A0003A008052F5031A2A96FDFF17E10300AADF
:10F2B000E203052AE00313AAE79300B9E69B00B92D
:10F2C000ACFAFF97E79340B9FB0300AAE69B40B96D
:10F2D000FF0600710D02005405008052601740B90E
:10F2E000E79300B900040051E69B00B9E5A700B917
:10F2F00060CB208B001840B9AAF9FF970104805217
:10F30000E79340B9E69B40B92000004BE5A740B920
:10F3100028FEFF179FCF40F201FEFF5480FF60D30D
:10F320001F286CF2A0FDFF54E7040011C604001171
:10F3300025008052EAFFFF172141601E42008052E3
:10F3400094FDFF17FF7B00B9A7FEFF17C00200392D
:10F350004208631EC042248BE20309AA0390641E84
:10F360009F040071401C00542108631E2100781E78
:10F370002000621E21C00011411400382138601E97
:10F380001F0002EB21FFFF5400106C1E4328601E7B
:10F390007020611EA4CFFF540038621E1020611E31
:10F3A0008C040054E0BF40B93C01669E1F00007110
:10F3B000E08B40B900A84E7AACF4FF54E08B40B922
:10F3C000F70316AAF60309AA01D960FC2019611EE9
:10F3D00060040051C002008B0390641E0100781E7F
:10F3E0002000621E22C00011E202003900A4411F69
:10F3F000BF06007141010054970000140218611EFD
:10F400004100781E2200621E22C00011C216003880
:10F410004080411F1F0016EB001200540008631EBD
:10F420000820601EC1FEFF54FC8B40B961FEFF172F
:10F43000E20300AA01FC5F383FC00071A0FFFF5447
:10F44000F70316AAF60302AA5AFEFF178107805295
:10F450002000004BA0BCFF54DFFDFF172141601EC0
:10F460004200805257FDFF1775E9FF34E4AB40B905
:10F470009F0000716DB1FF54420400110390641E9F
:10F480000090631EE08B40B94200621E2108631E9B
:10F490001C0400510898BF522000421F0000669EC5
:10F4A00001FC60D32100080B207C60B355FDFF17E1
:10F4B000E1A740B98109003400CC1011E3031B2AF5
:10F4C000C600000BE78F00B9E700000B86FDFF17B1
:10F4D000F7C21D9182FCFF17F7821D9180FCFF1778
:10F4E000E10314AAE2031B2AE00313AAE79300B97D
:10F4F000E69B00B9E5A700B91EFAFF97E79340B96C
:10F50000F40300AAE69B40B9E5A740B99BFDFF17AD
:10F5100060001B4BC600150BFB03032AA500000B64
:10F5200003008052E78F00B9A702070B6EFDFF179B
:10F53000F70316AA8903679ED6060091A4FFFF175A
:10F5400041000054BAD80737E20315AAB50600D126
:10F5500040F05F381FC0007180FFFF54FC8B40B942
:10F56000C6FEFF17E08B40B91C0400112006805234
:10F57000C0020039C1FEFF17E203032AE10319AA02
:10F58000E00313AAE39300B9E79B00B9E6A700B92B
:10F59000E5AF00B9F7F9FF97E20314AAF90300AA4F
:10F5A000E10319AAE00313AA76F9FF97E10314AA6D
:10F5B000F40300AAE00313AAAEF8FF97E39340B95F
:10F5C000E79B40B9E6A740B97B03036BE5AF40B9C1
:10F5D00040ADFF545EFDFF179C07001121068052CD
:10F5E000F0FDFF17E1BB40B9C0068052E3031B2AC0
:10F5F000E78F00B90000014BC600000BE700000BCD
:10F6000039FDFF17210B40B9E00313AA75F8FF97E6
:10F61000FA0300AAA00A00B4221780B9214300917E
:10F62000004000914208009142F47ED325E3FF9709
:10F63000E1031AAAE00313AA2200805215FAFF97E9
:10F64000E03F00F9FFFDFF17F70316AAF60300AA33
:10F65000D8FDFF17E00316AA0028601E1020611EC7
:10F660000C0200540020611E41000054A10100372B
:10F67000FC8B40B9F60300AACEFDFF17F70319AAC9
:10F68000F93F40F969FEFF17F54B40F9F70319AA56
:10F69000F93F40F920078052A01600386FFEFF178F
:10F6A000FC8B40B9F60317AAB8FDFF17C600150B6F
:10F6B000E78F00B9A702070B0BFDFF175FE700718B
:10F6C00040FEFF54E24B40F9F70319AAFC07512909
:10F6D000E0A340B93F00007100C40011F93F40F9B8
:10F6E0001AC09A1A5A14003864FEFF17E00309AAD8
:10F6F00026FFFF17E10319AAE00313AA03008052B3
:10F7000042018052E57B00B9E49300B961F8FF97AC
:10F71000F5AB40B9F90300AAE49340B9BF02007108
:10F7200084D8407A21010054E57B40B9BAFDFF1727
:10F7300021CFFF549ACE073777FEFF174140601E56
:10F74000420080529FFCFF17F5AB40B942FDFF1706
:10F75000F70316AAF60309AA96FDFF175F000071CA
:10F760000CCCFF546CFEFF17030000B0000000B08B
:10F7700063A01B9100E01D91020080D2E15D8052E8
:10F7800008DDFF97030000B0000000B063A01B91EC
:10F7900000E01D91020080D2E135805201DDFF972B
:10F7A000FF7B00B923FCFF170000000000000000F1
:10F7B0000200669E1F0000B90402B01241F860D337
:10F7C00043FC60D33F00046BE80200542200022A8D
:10F7D000A2020034040080527F286CF22101005400
:10F7E000016AE8D22100679EA40680120008611E0B
:10F7F0000100669E21FC60D3E303012A21780012F8
:10F800000200669E63500112217C141363200B32A8
:10F8100021F80F512100040B010000B9627C60B394
:10F820004000679EC0035FD600000000000000009B
:10F83000FD7BBEA9FD030091F35301A95400009084
:10F84000F30300AA9FD20CB9E003012AE10302AA44
:10F8500040CCFF971F04003180000054F35341A9AE
:10F86000FD7BC2A8C0035FD681D24CB981FFFF34B3
:10F87000610200B9F35341A9FD7BC2A8C0035FD662
:10F88000FD7BBEA9FD030091F35301A95400009034
:10F89000F30300AA9FD20CB9E003012A39CCFF97E9
:10F8A0001F04003180000054F35341A9FD7BC2A81E
:10F8B000C0035FD681D24CB981FFFF34610200B929
:10F8C000F35341A9FD7BC2A8C0035FD6000000002E
:10F8D000FD7BBCA9FD030091F35301A9F403012AA8
:10F8E000F30302AAF51300F9F50300AACDE1FF978F
:10F8F0001F04007181000054800600511FF803713D
:10F90000A904005463A20291E203142AE1E30091E6
:10F91000E00315AA57F6FF971F0400B10004005436
:10F92000C00100B4630E40B9E1E340396304005103
:10F93000630E00B9A300F836642A40B97F00046B57
:10F9400024A84A7A40010054630240F964040091FB
:10F95000640200F961000039F51340F9E003142A4C
:10F96000F35341A9FD7BC4A8C0035FD6E20313AAE9
:10F97000E00315AA370000941F040031E1FEFF5494
:10F9800000008012F35341A9F51340F9FD7BC4A890
:10F99000C0035FD6F4E30039E3FFFF17602240792C
:10F9A00000001A326022007900008012F6FFFF1773
:10F9B000FD7BBDA9FD030091F35301A9F40300AA47
:10F9C00040B040B9F30302AA4220C079400000379A
:10F9D00022034836C200683760B240B94200133291
:10F9E000622200790000133260B200B9E00314AA69
:10F9F000E20313AAB7FFFF97F403002A61B240B9EC
:10FA00006100003760224079A0004836E003142AE4
:10FA1000F35341A9FD7BC3A8C0035FD6605240F9F0
:10FA200044F6FF97E003142AF35341A9FD7BC3A8D2
:10FA3000C0035FD6605240F9E12F00B939F6FF9755
:10FA40006222C079E12F40B9E3FFFF1700000000F8
:10FA5000FD7BBDA9FD030091F35301A9F403012A25
:10FA6000F30302AAF55B02A9F50300AA600000B443
:10FA7000012440F9610800B46022C079612A40B9CC
:10FA8000610E00B9E0031836610E40F9A10300B41D
:10FA9000961E0012941E001260046836600240F93F
:10FAA000622240B9010001CB5F00016B0D050054DB
:10FAB00021040011620E40B903040091630200F9B1
:10FAC00042040051620E00B916000039602240B9AC
:10FAD0001F00016BA00400549F2A0071602240792E
:10FAE000E1179F1A3F00006A01040054F55B42A928
:10FAF000E003142AF35341A9FD7BC3A8C0035FD6DA
:10FB0000E10313AAE00315AA96F6FF9760030035F8
:10FB10006022C079961E0012610E40F9941E0012F8
:10FB2000E0FB6F3762B240B9000013326022007907
:10FB30004078121260B200B9600240F9622240B906
:10FB4000010001CB5F00016B4CFBFF54E10313AAE2
:10FB5000E00315AA43E3FF9700010035600240F976
:10FB600021008052D4FFFF17E10313AAE00315AA76
:10FB70003CE3FF97C0FBFF3414008012DCFFFF174B
:10FB8000E8E3FF97BDFFFF17000000000000000042
:10FB9000FD7BB8A9BF0000F1FD030091F35301A95B
:10FBA000F40300AA00100591F55B02A9F60302AA6E
:10FBB000F50301AAF76303A9F70306AAF96B04A9E1
:10FBC0001900859AFB7305A95C0040F9010900B48E
:10FBD000F30304AA840A00B47A0400D1430A00B4EF
:10FBE0001B0080D2F53700F90A000014F50300B5B8
:10FBF000804740B8400600349F0013EB8209005450
:10FC00005A0700D1FB0304AA5F0700B1E0010054CA
:10FC1000E47240F9E30319AA820340B9E1C30191F8
:10FC2000380340F9E00314AA80003FD61F040031D6
:10FC300020060054017C409324001B8B9F0013EB93
:10FC400069FDFF54380300F9F35341A9E0031BAAEF
:10FC5000F55B42A9F76343A9F96B44A9FB7345A976
:10FC6000FD7BC8A8C0035FD61F000071ED010054E2
:10FC7000E23740F9270080D2430400D11F2003D58A
:10FC8000E2C301913F0007EB4200078B42F05F386F
:10FC900062682738E704009141FFFF54E13740F9DB
:10FCA0002040208BE03700F9C00240F9001000919D
:10FCB000C00200F9804740B800FAFF35550000B493
:10FCC000DF0200F93F0300B99B0400D1F35341A9BF
:10FCD000E0031BAAF55B42A9F76343A9F96B44A9AA
:10FCE000FB7345A9FD7BC8A8C0035FD613008092B3
:10FCF000BAFFFF1740118052800200B93F0300B9DC
:10FD00001B008092F35341A9E0031BAAF55B42A9B3
:10FD1000F76343A9F96B44A9FB7345A9FD7BC8A808
:10FD2000C0035FD61B0080D2C8FFFF17FB0304AAE5
:10FD3000C6FFFF17000000000000000000000000E8
:10FD40002000009026000090C6000A91001442F99D
:10FD500090FFFF17000000000000000000000000FE
:10FD6000FD7BBEA90200669E0300AE9EFD030091CE
:10FD7000F30B00F904443BD5E00303AA61FC7FD3F5
:10FD800063F870D3E50301AA00BC7DD3670400913A
:10FD9000261C0012E80301AA00F442AA41F07DD318
:10FDA000FF347FF220090054E77F87926300078BBE
:10FDB0007FF81FF1ED02005484046AF2C00700547A
:10FDC0009F0050F1201500549F0060F1E0179F1A2A
:10FDD000DF00006A010700549F0050F1C015005475
:10FDE0009F0060F1E0179F1ADF00006A410600548F
:10FDF0001302F0928002805273FE05AACD00009497
:10FE00006002679EF30B40F9FD7BC2A8C0035FD67A
:10FE10007F0000F1AD0A0054FF1F02EB0200805288
:10FE2000E7079F9AE1F041AA211000AA3F0000F1E4
:10FE3000E0079F1A4000000A3F0840F2C015005436
:10FE400084046A929F0050F1400200549F0060F1C8
:10FE5000000D0054840C00B5220C40925F1000F19C
:10FE6000A10A005421D843D363280012020080D293
:10FE70006012003422CC40B30003805262284CB39D
:10FE8000C20041B3F30302AAAA000094DDFFFF17EA
:10FE9000C50B00B5212000912200499220090035B0
:10FEA000620B00B4620400917FF81FF161110054ED
:10FEB00044F9FFB5B30041D380028052732A4CB29B
:10FEC0009C000094CFFFFF17020001AA030200B5B7
:10FED000B30041D362F9FFB484046A929F0050F1E9
:10FEE000E00C00549F0060F1600B00549F0000F193
:10FEF000A00080D201049F9A080080D221D843D369
:10FF0000082900120003805233000014220200B4BA
:10FF1000E2FF8FD201F0C19300FC72D37F0002EBAD
:10FF200021FC43D30000005221004DB200009F1A73
:10FF3000F3FF805233D013AA73FE05AA00F6FF35F3
:10FF40006002679EF30B40F9FD7BC2A8C0035FD639
:10FF5000B30041D3732A4CB26002679EF30B40F9A1
:10FF6000FD7BC2A8C0035FD67FD000B16BFBFF54FE
:10FF7000A70780D2E80003CB00004DB21FFD00F1BF
:10FF8000EC040054680C0011E700034B220080527F
:10FF9000030080D22920C89A3F0100F1E9079F9A07
:10FFA0002124C79A210009AA0020C89A010001AAA9
:10FFB0009FFFFF17211000912200499220F7FF3484
:10FFC000420100B468040091010080D208290012A7
:10FFD0000003805228D008AA13FD05AA55000094FA
:10FFE00088FFFF1740010034E80303AAC4FFFF178E
:10FFF00025F5FFB5C0000034E80303AAE30308AA0F
:02000004402199
:10000000E80303AABEFFFF1700FFFF3521D843D343
:100010006828001200028052EFFFFF17620C0111E6
:100020001F0101F147008012E300034B0220C29A36
:10003000220002AA4110819A0024C39A3F0000F1D5
:1000400022008052E1079F9A030080D2210000AA7B
:1000500077FFFF17210080D225FDFFB4080080D272
:10006000210180D2A6FFFF17650100B513FEEFD274
:10007000800280522F00009462FFFF17210180D27E
:10008000E5F3FFB4030080D2210080D2E80303AA85
:100090009BFFFF17BF0000F10002E09201FEEFD2CC
:1000A0000000679E2100679E80028052001C611E36
:1000B0001300669E1F00009452FFFF1722CC40B32E
:1000C0000002805262284CB3C20041B3F30302AA7B
:1000D000180000944BFFFF170302FC9200028052AD
:1000E000610C418A22D002AA53FC05AA1100009497
:1000F00044FFFF1721D843D373280012E0000035D6
:10010000020080D222CC40B3622A4CB3C20041B379
:10011000F30302AA3BFFFF17802C0B5300701D5303
:1001200085FFFF1700000000000000000000000035
:10013000800000360104000F2018211E21443BD509
:10014000A000083601102E1E0204000F2018221EE7
:1001500021443BD500011036C2B598520110B012AF
:10016000A293AE722100271E4200271E2028221EC5
:1001700021443BD5800018360144040F2008211E7D
:1001800021443BD5C00020360010B01202102E1EB4
:100190000100271E2038221E20443BD5C0035FD615
:1001A000342E312E300000000D0A2A2A2A2A2A2A4B
:1001B0002A2A2A2A2A2A2A2A2A2A2A2A2A2A2A2A9F
:1001C0002A2A2A2A2A2A2A2A2A2A2A2A2A2A2A2A8F
:1001D0002A2A2A2A2A2A2A2A2A2A2A2A2A2A2A2A7F
:1001E0002A2A2A2A2A2A2A2A2A2A2A2A2A2A2A2A6F
:1001F0002A2A2A2A2A2A2A2A2A2A0D0A2A202020BA
:1002000052656E6573617320465350204578616D69
:10021000706C652050726F6A65637420666F72201F
:10022000725F737369204D6F64756C6520202020A8
:1002300020202020202020202020202020202020BE
:1002400020202020202020202020202A0D0A2A20C3
:1002500020204578616D706C652050726F6A65630F
:10026000742056657273696F6E20257320202020DC
:10027000202020202020202020202020202020207E
:10028000202020202020202020202020202020206E
:10029000202020202020202020202A0D0A2A202073
:1002A00020466C657820536F6674776172652050C4
:1002B00061636B2056657273696F6E2025642E250D
:1002C000642E256420202020202020202020202093
:1002D000202020202020202020202020202020201E
:1002E0002020202020202020202020202020202A04
:1002F0000D0A2A2A2A2A2A2A2A2A2A2A2A2A2A2A9B
:100300002A2A2A2A2A2A2A2A2A2A2A2A2A2A2A2A4D
:100310002A2A2A2A2A2A2A2A2A2A2A2A2A2A2A2A3D
:100320002A2A2A2A2A2A2A2A2A2A2A2A2A2A2A2A2D
:100330002A2A2A2A2A2A2A2A2A2A2A2A2A2A2A2A1D
:100340002A2A0D0A526566657220746F20726561F3
:10035000646D652E7478742066696C6520666F72B2
:10036000206D6F72652064657461696C73206F6EB7
:10037000204578616D706C652050726F6A6563749A
:1003800020616E640D0A46535020557365722773C1
:10039000204D616E75616C20666F72206D6F7265A5
:1003A00020696E666F726D6174696F6E2061626F35
:1003B000757420725F737369206472697665720D5B
:1003C0000A000000000000000D0A546865207072E9
:1003D0006F6A6563742064656D6F6E7374726174A7
:1003E000657320535349206D6F64756C6520627985
:1003F000207472616E736D697474696E6720616ECA
:100400006420726563656976696E670D0A74686554
:100410002073616D706C6520617564696F20646123
:10042000746120696E206C6F6F70206261636B2055
:10043000636F6E6E656374696F6E20616E642070A9
:1004400072696E7473207468652073746174757357
:100450000D0A627920636F6D706172696E67207436
:100460006865207472616E736D697474656420616F
:100470006E64207265636569766564206461746189
:1004800020627566666572732E0D0A0D000000000D
:100490000D0A525F5353495F4F70656E20415049BA
:1004A000206661696C65640D0A00000000000000B0
:1004B0005B4552525D20496E2046756E6374696FCC
:1004C0006E3A2025730000000D0A52657475726E35
:1004D0006564204572726F7220436F64653A203004
:1004E0007825780D0A0000005374617274207472CC
:1004F000616E736D697474696E6720646174610DF7
:1005000000000000000000000D0A525F5353495FD5
:100510005772697465526561642041504920666173
:10052000696C65642E20436C6F73696E672053534A
:10053000490D0A00000000000D0A525F5353495F45
:10054000436C6F736520415049206661696C656436
:100550000D0A0000000000000D0A436F6D706C650D
:100560007465207265636569766520646174610DE8
:100570000A0D000000000000436F6D706172656439
:1005800020746865207472616E736D69747465643B
:100590002073616D706C6520617564696F206461A2
:1005A0007461206F66205353492077697468207204
:1005B0006563656976656420646174612069732090
:1005C0007375636365737366756C2E0D00000000B0
:1005D000436F6D7061726564207468652074726128
:1005E0006E736D69747465642073616D706C6520E1
:1005F000617564696F2064617461206F6620535374
:10060000492077697468207265636569766564203E
:1006100064617461206973206661696C65642E0D84
:1006200000000000000000002E000000000000009C
:100630004C435F434F4C4C415445000000000000C8
:100640004C435F4354595045000000000000000037
:100650004C435F4D4F4E455441525900000000003D
:100660004C435F4E554D4552494300000000000089
:100670004C435F54494D45004C435F4D45535341F6
:100680004745530000000000494E460000000000AE
:10069000696E6600000000004E414E000000000040
:1006A0006E616E0000000000303132333435363771
:1006B0003839616263646566000000000000000074
:1006C0003031323334353637383941424344454688
:1006D0000000000000000000286E756C6C2900000E
:1006E000300000000000000042616C6C6F632073FA
:1006F00075636365656465640000000000000000C8
:100700002F646174612F6A656E6B696E732F776FEA
:10071000726B73706163652F474E552D746F6F6CEC
:10072000636861696E2F61726D2D31332F7372634F
:100730002F6E65776C69622D63796777696E2F6EAE
:1007400065776C69622F6C6962632F7374646C697E
:10075000622F6D707265632E630000000000000060
:10076000496E66696E69747900000000000000003F
:100770004E614E00000000002F646174612F6A65B5
:100780006E6B696E732F776F726B73706163652F19
:10079000474E552D746F6F6C636861696E2F61727F
:1007A0006D2D31332F7372632F6E65776C69622DF7
:1007B00063796777696E2F6E65776C69622F6C69F4
:1007C00062632F7374646C69622F64746F612E634B
:1007D0000000000000000000690098FF69FF58FF5A
:1007E00099FC2B01950AEF0CAF0260F6AAF781F78E
:1007F00055FF37062DFF79FB01FACFFB1F02ED09EC
:10080000BC139F086DFB6CFE820089078A0ABC013D
:10081000C1FE3CFF0DFE44FF3FFBC4E7CAE857089A
:10082000EB142927DF21D30F9F118C05AA03AF04F6
:10083000B1F480EA52F5B1F727F6A9F39CF38813D7
:10084000C82FDE2A2E2B15195BF51300F20B1906A3
:10085000C8E87ABC2DD459067C18741632031EFCE5
:1008600048326C56753CEF16CCE371E02D092B0332
:100870006DD1BFC6ACD24EFAF427A4281B284F0A6C
:100880009AFE7C352942C114AAF287D519D940EBCA
:100890007BEBC4F007F034EDE71CA73AFA2270288E
:1008A0004B24DB1181123410CCFA29E02DDA85E5D6
:1008B000A3F4950F1305A2EF1C08F335F354A233EC
:1008C000800AF1FA8DF51F051EF4C0D03ACA37DC54
:1008D00079009A1CC916E706D911802EB748BD3F8A
:1008E0005A12D3EC0EE25BDF3CE254D5C9BD6FCDAA
:1008F00000FF5326203AA034CE2B8831912AD22CE7
:10090000B72691E67FAE55BC3FDEAAF35EF0C5E3A5
:10091000BDECF80FA33F2E609446441E4419E41228
:10092000E9056BE7A8BA9AABFFC172E127F985F632
:100930004FFA451A703E8F597A57EB28BBFAA4F745
:1009400061F76DE901DBE7BE05BA30DD48F4020C62
:100950002C14A8148E2EB9420341D32F1608A5E4F7
:1009600030E987E79ED624CDBBC70BDCDC0B911E9C
:10097000B2243F26761CE132A03F6E28F2070AD847
:10098000C6C0E6D6E3E5DAE9B1E260E32800372441
:10099000C634B52EE922BD115013F20F96F1EED8F0
:1009A000B8C20AC0B6E119F88F05451016146B2FAE
:1009B0006042183CC2232803E0E841EA2BEA52D700
:1009C0008CCCEBCAEBDE81029C194A182C207828CB
:1009D000A137023CCC175DF2C9DB4ECC87CE2DD9B6
:1009E0003FDC56E4B6ECAB036A2D01441237011F1D
:1009F00077112011670FC7FA1BD13CB532B8B1D5BA
:100A000014F4C3FB59FFF00A2820C23A6C3A8B2237
:100A1000530F13FFB5FBFAF2B7D7BBBD38C0EFD603
:100A2000EEF7E61808191D0F34140122D62E281DE2
:100A30007AF9BCE907E7AFE6DEE23CD7B2CF55DE94
:100A4000C000DC206330682D79264B259E1ED80C13
:100A50000DF09CD352D2C6E2D2EAB7F249F136F594
:100A6000C50A4E1DDF30FC30481828014FF5D2EB87
:100A700067E53DDFE5D4AFD6CEE7B70495171F1580
:100A80008B13DC2139302F270408D2E123CFACD5DA
:100A9000E5DDD5E07AD92FD7D3F430155926A12D2D
:100AA0001823BD1B54208B1C9908EAE50ECA54C4B8
:100AB00049D1C3DC72DCBAE4C3F64218BE3A423D07
:100AC000A32B1F19310C57061EFAAEE2E0C947B935
:100AD0004EBDD8D203EEADFF850C91173029563F9D
:100AE000AE40772ABF08C2EE62E5B8E403D6BCC5C3
:100AF000C0BBF2C954EF6A10F41CAA1B162560365D
:100B00009E42B4336D0B33D97AC3B3CB32D943DAB7
:100B10002BD0FED6C8F13B1CE03B593DDF2FDB1B41
:100B2000BF11C5149C09ACE91EC556B873CA07E3CA
:100B30002FECCDF01DFF0B18A133FE395827D10A39
:100B4000ECF745F0E7E7D4D532BE54BEF7D7FCF555
:100B50003C0C2D122C137E195824B830D627D10501
:100B600088E10DCFD1D3CBDE82DB10CF5FD083E81D
:100B7000CE12F22F0232622A231F1F183E1238FDB6
:100B800099DC2BC56BBE31CEB0E40AED8CF5A70421
:100B9000431C17305E35842BCC16840691FACEEBBD
:100BA000B0DFACD00DC554CAB2D83EEECDFE500E6B
:100BB000D4207830A53AA2347C1C400882F256DE5C
:100BC00095CC22BB15C1DCD6DAEEA40281145724E1
:100BD000BD2F922FF5293C1B980658ED6FDDAED83E
:100BE000FDCE57CDDBCF50DB75F22511E32D7937E4
:100BF000B92F7B241516CA0B6CFC4ADFF3C1E9B38D
:100C00002BC1CED59AEA6FFA2D04A91458288E323A
:100C1000D82915139BFAC7EFE8EBB9E424D32FC208
:100C20007EC541DE73035C18A5234A253625A42F13
:100C30005B2AFC128EF078D00EC6E6CD18D4F9D31C
:100C40001BD477E7890E9A348C445C3835243F19DD
:100C50006914D707C7EF46CEFDB516B9BAD41BED58
:100C60007CF788FA7508352CF747FA47CB2A8305B5
:100C7000A1F171E7C4D92AC7C7B2A5AF76CA9BF460
:100C80004D15681E391DA525353B554043265AFF95
:100C900007DC38CECCCC5DCABEC875C987D2BAEFE6
:100CA000DB12462BE6305322C81D6925FF1D23FEAB
:100CB00022D560BCF4BFA4CFFCDB91E5EBF4A00827
:100CC0008F1F97330C3A4031DD187F017AF03BDFFC
:100CD000EDCC05C0C4BF3AD207EBBFFB9C0ABD17E1
:100CE0007F23E72F4A33DD262C0ED0F465E1AFD009
:100CF000A9C778C251C6CFDC35FD811A322AFC3033
:100D000079334D3192282211CBEE77CEBBBBE6C1B1
:100D10008ED0B3D70FDBDCE517FFAA200A380D3BD6
:100D20000B30D7206618E20757EF3BCEFCB2B0B3CA
:100D300093C93DE529F236FC280D0B271640AF413B
:100D4000C32BAB0C1AF099E07DDB55D5C1C755BB61
:100D50007DC54FE3C706841DAE244128E02C2B310E
:100D6000882A7C1101ED1ECD70C10FC89CCD7ED1AB
:100D700087D886ECD60B502BA13B7F32F121A517EB
:100D8000E31183FEAEE223CA6CBC37C20FD3D1E4B9
:100D900095F3A505C618F52EAD3FB13B5C27980B22
:100DA00000F644E936DB09C7DFB98BBE79D23AEEEB
:100DB000AF05FC1825252E2BD62FD72CE21C7BFF48
:100DC00047E2E7CE3DC967CD16D11EDAF0E9DE0075
:100DD000771D2431BF3901330F23DB1621083AF187
:100DE00005D23FB9F5B5C6C460DAA9EC0FFBEF0E2A
:100DF000AA28FF3B6E3FFD311F1D08052CF158DF6F
:100E0000BFCB06C0AEBDF5CB54E7D4012917B92638
:100E1000D82FE432222DEF1FCA0CE7F23EDB9BC92C
:100E200003C175C124C7A3D774F0200C0928FA396F
:100E3000623B8E2DD01CB80C7BF76CE247D06CC3A4
:100E40001AC3CACD75E034F56F089A1CE62A5930EA
:100E5000C82A221F2F1121FD72E6CAD1FEC324C564
:100E6000D9D0B2E170F5D9056A1A832BBE3442326B
:100E7000AA21450A8FF4B9E592D71BCA5CC3BBC748
:100E8000DED56DED5B06D518F2245D2D7331C12CD6
:100E9000D91C1B0310E5F5D05CC866C828CF4ED915
:100EA000A8EAC4FFE01A2635BA3FE9396F2984174A
:100EB0005406F8F184DAF4C4CDBE67C83BD92CEAF5
:100EC00017F9C50AD4221C394542EC37901CF601AB
:100ED00094F095E39AD4F1C24EBABDC47BDD88FC90
:100EE0004A1537239A2A8C31F9343B29FF11B4F380
:100EF00080D832CB54C7ECC86DCF34DABCEEF609DB
:100F00002F2217300631DB297F1FAC129BFEE5E450
:100F1000B1CD93C1E5C565D585E5CAF35C01C712BE
:100F2000D427C433D531FF22960D11FCF6EABBDA83
:100F300072CDB1C7F8CFEBE111F8BF0A4318FA221E
:100F4000002DDE32FC2AE214C7FA3FE600DC9DD613
:100F50004DD2E1D2A2DC2FEFAC074E1CE2291530B6
:100F6000822D1728581ABD05BBECFAD7EDCE1BCF42
:100F7000B2D550DE56EBC7FD1915D628E435293514
:100F800024270616DE044BF48DE119D006C6A2C74D
:100F9000DCD50BEA88FBFD0ACC1B0A2EDB38483572
:100FA0006F22B009FDF35BE207D46BC8BCC34EC926
:100FB000FADA0EF4E30C381FE52AF82F0531F72989
:100FC000F717C9FEF6E422D3B7CB58CBA1CFC2D8CE
:100FD0004EE93101141AC82DE7342C2EE620DA1020
:100FE00068FED1EA5BD5BBC719C8DED30AE51CF69B
:100FF0000C064518D42A1D373336BC276413DCFE93
:1010000040EE19DF02D217C979CB69DBCCF2F308C5
:10101000C81A832772309B34D02D471AEBFF25E97D
:101020006CD998D162CFAAD19BDA04EC5403311A5F
:10103000B82A4232C32F4F27E11AA60875F297DB70
:1010400042C9DAC344CB85DA8AEB34FEC215C12922
:10105000A4379D3ADA3022202D0C7DF8D9E24ECE0D
:10106000E9C117C225D0DAE47EFA390F3B211731E6
:10107000033B71385B29001299F8EAE379D4F7CA87
:1010800069C8FECCD6DC93F5B30F6624EE3020356C
:10109000293051253F13AFFBEEE34CD154CB6ED03A
:1010A00071DAEFE6E8F5D009F61FAD2F05346C2CA8
:1010B000A41F8F1191012CEEE0D90DCB6ECAC9D7B8
:1010C0004CEBEBFEDB0C561BE62950349B33E02443
:1010D000600F67FA9AEA6DDD49D2D7CCF4D023E1EC
:1010E000DFF76D0F4A21C92B473302346E2BB61937
:1010F000EDFF39E7F5D68BCEB1CE0DD33FDEABEEAB
:101100003503261C4F2FD5391037442BB71BF10759
:1011100038F1DDDB71CBA7C51FCBEFD7A3E964FCAA
:10112000991286281038203A1C2FEE1DEE093FF642
:1011300038E3FAD0C8C336C4A0D235E9E801F117C4
:10114000B829B136093EE33995283610B5F645E39E
:10115000FED4E8CAE3C9D3D2F4E543FD94121C24BB
:10116000842EA8311E2D5B214D1016FBFAE711D9F4
:10117000C8D135D4E8DC19EAC2FA130ED5209E2E68
:101180009B34C92F9020590DF9F808E871DBF0D293
:101190001ED313DA43E7CEF81409C41816275230C9
:1011A000FB300526081338FFE0EF25E2E2D69BD19D
:1011B00036D5C0E2FBF6040C121D7328032E142E44
:1011C000E625E0160B02E7ECD8DC0DD3D2D00DD526
:1011D00056E0D1F2CD07D21BEA2A1B3310323B284E
:1011E000C61AD208B8F5F9E2F3D42FCFF2D299DFBC
:1011F00047F1080469150825EA2F4C333D2B361BAF
:10120000F507ACF582E67ADAF8D3AED3B6DB5BEB62
:101210006AFF5C12C5217D2C8E31E02F4023D70F51
:101220000EFAF6E73BDDF2D7F5D6A2DB39E8D4FAC1
:10123000FE0E9220322B952D5A2B26223D15280585
:101240005BF2C6E245D9B9D818DF05E9BEF6CC078E
:101250004819F8270A2D2A29031FCF100101D0F1C0
:10126000E6E414DAFDD5DAD98EE4FAF4D806EF16FE
:101270000E24B12CD32DF6259C171806AFF455E695
:10128000C2DC31D9DCDB12E414F3FF0477160E253F
:101290009E2BF02AA5249219BD08F5F5DDE4AED900
:1012A000FDD63FDCA2E60EF28B016712C822282D84
:1012B000352E6B27721AD00AB4F9FDE8DEDC28D689
:1012C0000AD604E023EEB3FEFC0EC51C6F28F52EF3
:1012D000242DF0216D102AFEC0EE38E2F1DAC0D8DC
:1012E0005DDDA3E9CAFA510EC51E3F29BA2D562C61
:1012F000CD230B15BA02FBEFFBE13EDBE4D938DD71
:10130000F0E503F396042117F724A62B7E2A332356
:101310008617DC08BDF7E3E6C5DB01D8FCDBE0E4BB
:1013200070F2BB021A1214209A291A2CA326DC1977
:1013300097082FF865E9BCDD36D8EBD8EAE11EF056
:101340009B0137137B206F2ACC2CBD281A1D1D0C46
:10135000D0F9E7E9ACDF1FDA18DB37E2B8EEE0FEE0
:10136000EF10BB20642B432DAE27541D1E0FECFE47
:1013700033EF20E1F9D8D8D819DFD8EB15FBE80C0A
:10138000B51C2F28CB2D2B2ABD20DD120D03E3F237
:101390002AE410DB5BD8F7DC0EE944F89F0811194A
:1013A000D225EA2C392DDB260F1AFE08DDF747E897
:1013B000B1DD2CDA0EDDE1E679F5A20652174B24F9
:1013C000D82C092FC4291B1F3C0F21FCE5EA02DFA2
:1013D00041DA71DB0FE30AEF9CFE280F311E5D2915
:1013E0001E2C2A280B1E990F48FEECEDF1E171DA54
:1013F000A4D93DE03DEC2EFC2A0DF71B6926332BCA
:10140000EB28D71FFE1002FF8EF065E44CDE9EDC59
:10141000D9DFD3E992F90E0D021C1126A3281F274C
:10142000DA2044141904C9F2F2E377DB60DC97E2B6
:10143000FDECE7F8F105E413C21F7E27F426EA1F4E
:10144000E5152C09D9FAEEEDE0E215DDBCDEE1E7A9
:10145000CDF6B4051514CB1ECF27342BAF25611A5A
:101460000C0897F6CCE93CE2FEDFDCE135E9FAF561
:101470002D061B14891D442410283926591D0C0FD4
:101480003BFCCEED24E537DFEFDD47E14CEC51FED0
:10149000B913DD24382CB9292422ED183E0C4DFC5B
:1014A00000ECB5DF09DB05DEFFE404F021FE290BCB
:1014B000FB18BD23F129FC28D81D480F05FEC1EFFC
:1014C00042E4C1DA48D7D3DC4BEB17FE370F211DBE
:1014D0009825EF27F8260F1FA812FF02F8F3FCE863
:1014E00034E239E095E324EC0FFBE50C251C3F25A5
:1014F0002F27EF2523213F16C40462F130E1D0D914
:101500000BDCC9E21FEC19F8CF0641174524E4298A
:101510003228B420E6140407F0F8F7EB27E3A3E041
:10152000F3E23CEA12F6E404EC14C022DB2BF52BC8
:10153000D32428183B09E6FAF6EDB3E5E6E1E8E343
:1015400007EBADF6EF052A13591DFE220924F620FC
:101550007019BA0C30FB29EBC8E0F8DC02DEFEE2C1
:101560001FEC15FB5A0CF91C7728432A4E23C6188A
:10157000C70F1F034DF4DFE53CDCB4DBEBE237EFD4
:1015800018FDE60CB51AD4243E2909272F1FEB11AC
:101590002D048EF5BAE822E003DE09E300ECDCF866
:1015A0004B07EF15172104270B25AC1EC0142E077F
:1015B0002EFAE3EB13E2C6DF0BE41BECF8F6490569
:1015C0000E1429211128C4268D20BB152F0ADBFCFF
:1015D0006CED58E32CE024E5E0EC77F50B001E0DF4
:1015E000251CFE28F32DA528011C970C03FE1DF0D9
:1015F000BCE40BDDF6DCFAE431F19CFF450EAB1ADE
:101600008B230027C923701AA70C11FED2EFEBE33E
:1016100002DDC9DA76DE26E80BF76B0834183124D0
:10162000DB299E29E822A4161907E3F69EE84ADF83
:1016300018DE0EE3BEEBE4F7D405F1127D1FA726FA
:101640004C25F81C1E10940206F617EAE0E0B3DD04
:1016500027E20AED60FAAB071A14AE1CAC2127236F
:101660001B1F1C15190602F9D2EF13E944E5E1E549
:10167000E5EB1EF7FF044212B41CDC22CA23F11F63
:101680003D18360A24FC04F0D5E720E5E0E547EBF9
:1016900012F5D3013D10E71B0B211E21951C7E1472
:1016A000E70A24010CF612EA16E1C4DED6E3F4EEF2
:1016B000D9FB7F09BB151B20EE253B24F31BE00F54
:1016C000EE0103F5D9EB06E5F4E175E3DAED30FA66
:1016D000E30722135B1CF7232724901E1B13990595
:1016E000AEF83EEEE7E5FCE15FE2B0E963F4C60286
:1016F0006C12271DBC21AD201A1BEA12F30721FA38
:101700000FEE43E560E3EBE4F3EA38F59301F00E06
:101710000B1A31200B20F51A4F121009D6FEF5F2E4
:101720001CE89EE2CEE4D1ECEFF70C04570FE4196D
:101730004B2142247F200517930A0EFC01F132E968
:10174000CCE306E4E6E8D7F20FFF010B3316F71EF1
:10175000E123E422CE1BDB0FFB01D2F405EA21E3F7
:10176000A1E203E757EFF2FA0407E912061C092188
:101770002721431B2E11C10430F7BFEB31E3C1E039
:10178000FFE4E0EDBCF8C403B90E3B19EC20E721FF
:101790007C1BCE0FE604DAF82AEECEE5B4E001E3D6
:1017A000A3EAC8F66202250D4F184F1FD021301E44
:1017B0000015400A12FDE5F1C2E815E301E424E951
:1017C000E1F33A00280D7618071FE821761DDD1396
:1017D0000B0A1AFD67F1BBE80000000000000000E2
:1017E00000000000000000000000200000000000D9
:1017F0004007000000000000000020000000000082
:1018000000002000000000000000E00F00000000C9
:1018100000000000000000000000001000000000B8
:101820000000001000000000000000100000000098
:10183000440700000000000000000020000000003D
:101840000000002000000000000000100000000068
:101850004007000000000000000000300000000011
:101860000000002000000000000000100000000048
:1018700048070000000000000000004000000000D9
:1018800000000040000000000000004000000000D8
:101890004007000000000000000000800000000081
:1018A00000000040000000000000004000000000B8
:1018B0004807000000000000000000C00000000019
:1018C000000000C000000000000000400000000018
:1018D0000000000000000000FFFFFFFF000000000C
:1018E000FFFFFFFF00000000FFFFFFFF0000000000
:1018F000FFFFFFFF00000000306B214000000000F0
:10190000206B214000000000086B21400000000017
:1019100000000000000000000000000001000000C6
:1019200001000000010000000100000000000000B4
:101930007819214000000000281A21400000000012
:10194000A021204000000000000000000000000076
:1019500068192140000000001818180068010000F4
:1019600067010000660100000100000000000000A7
:10197000009C041000000000986B21400000000053
:101980009019214000000000381C21400000000098
:101990008821214000000000A01921400000000023
:1019A000000000009D000000180000000000000082
:1019B0005502000068010000020000007F000000E6
:1019C0007F0000007F000000000000000000000019
:1019D0000200000001000000000000000000000004
:1019E00000000000000000000000000000000000F7
:1019F0000000000000000000102A2040000000004D
:101A000000000000000000000000000000000000D6
:101A1000000082110000000002000000020000002F
:101A2000B021214000000000D06B214000000000E8
:101A3000401A214000000000381C21400000000036
:101A4000C821214000000000501A21400000000081
:101A5000000100009E0000001800000000000000CF
:101A60005602000067010000020000007F00000035
:101A70007F0000007F000000000000000000000068
:101A80000200000000000000000000000000000054
:101A90000000000000000000000000000000000046
:101AA0000000000000000000302A2040000000007C
:101AB0000000000000000000000000000000000026
:101AC000400082110000000002000000020000003F
:101AD000F021214000000000086C214000000000BF
:101AE000F01A214000000000E01B2140000000002F
:101AF00000000000020000000000000000000000E4
:101B0000180000009E010000180000009F01000066
:101B100018000000A0010000180000009C01000057
:101B200000000000000000000000000000000000B5
:101B300040252040000000000000000000000000E0
:101B4000481B214000000000180000009D0100001B
:101B500000000000000000000822214000000000FA
:101B6000030000000600000000000000000000006C
:101B70000000000000000000FFFF00000000000067
:101B800000B8041000000000080000000000000081
:101B9000A01B214000000000F818214000000000B8
:101BA000000001020002000000000102010200002A
:101BB0000000010202020000000001020302000016
:101BC000000C030603060000000C030604060000D8
:101BD000000004000004FFFF000004000104FFFFF8
:101BE0002041204000000000D040204000000000C4
:101BF000803E204000000000003F20400000000028
:101C0000603C204000000000703D204000000000CB
:101C1000303A204000000000803F204000000000DB
:101C2000A03C204000000000703A2040000000006E
:101C3000C040204000000000006020400000000084
:101C400020632040000000002054204000000000DD
:101C5000505B204000000000605D2040000000005C
:101C60004054204000000000E056204000000000EA
:101C70007057204000000000B05C204000000000D1
:101C8000C0542040000000008054204000000000AC
:101C90000900000000000000090000000000000032
:101CA000002020202020202020202828282828202C
:101CB0002020202020202020202020202020202024
:101CC000208810101010101010101010101010108C
:101CD000100404040404040404040410101010107C
:101CE0001010414141414141010101010101010146
:101CF0000101010101010101010101011010101098
:101D00001010424242424242020202020202020217
:101D1000020202020202020202020202101010106B
:101D20002000000000000000000000000000000093
:101D300000000000000000000000000000000000A3
:101D40000000000000000000000000000000000093
:101D50000000000000000000000000000000000083
:101D60000000000000000000000000000000000073
:101D70000000000000000000000000000000000063
:101D80000000000000000000000000000000000053
:101D90000000000000000000000000000000000043
:101DA00000000000230300000000200300000000EA
:101DB00000000B03000000000003FC020000E5022D
:101DC000E8020000A70357005700570057005700CC
:101DD00057005700570057000000000000000000A7
:101DE000000000000000330200009D028F03330258
:101DF0003302330200000000000000004F03000027
:101E000000002903000000000000B7020000520398
:101E10000000000029050000000000000000000094
:101E2000000000000000330200009D02D0043302D5
:101E3000330233026603D004620100006103000034
:101E4000820343056E036B030000B70262012405A1
:101E5000000000003B0500006201000000000000DF
:101E60003030303030303030303030303030303072
:101E70002020202020202020202020202020202062
:101E800005000000190000007D00000000000000B7
:101E90000080E03779C34143176E05B5B5B8934666
:101EA000F5F93FE9034F384D321D30F94877825A32
:101EB0003CBF737FDD4F157500000000000000007F
:101EC000000000000000F03F00000000000024407F
:101ED00000000000000059400000000000408F405A
:101EE000000000000088C34000000000006AF840C5
:101EF0000000000080842E4100000000D0126341E9
:101F00000000000084D797410000000065CDCD415E
:101F1000000000205FA00242000000E8764837423F
:101F2000000000A2941A6D42000040E59C30A242DD
:101F30000000901EC4BCD64200003426F56B0C4352
:101F40000080E03779C3414300A0D88557347643F9
:101F500000C84E676DC1AB43003D9160E458E1435A
:101F6000408CB5781DAF154450EFE2D6E41A4B44CF
:101F700092D54D06CFF08044F64AE1C7022DB54414
:101F8000B49DD9794378EA440100000002000000C2
:101F9000000000000100000061436F63A787D23F8B
:101FA000B3C8608B288AC63FFB799F501344D33F48
:101FB0000000000000000000000000000000000021
:101FC0000000000000000000000000000000000011
:101FD0000000000000000000000000000000000001
:101FE00000000000000000000000000000000000F1
:101FF00000000000000000000000000000000000E1
:102000001000000000000000017A520004781E0158
:102010001B0C1F0010000000180000006456FFFF9A
:10202000300100000000000010000000000000006F
:10203000017A520004781E011B0C1F0010000000E2
:1020400018000000FC5FFFFFC80100000000000056
:102050001000000000000000017A520004781E0108
:102060001B0C1F0010000000180000005462FFFF4E
:102070002C02000000000000100000000000000022
:10208000017A520004781E011B0C1F001000000092
:10209000180000002C6BFFFF04010000000000008E
:1020A0001000000000000000017A520004781E01B8
:1020B0001B0C1F00100000001800000000000000B2
:1020C000CC00000000000000100000000000000034
:1020D000017A520004781E011B0C1F001000000042
:1020E00018000000000000003401000000000000A3
:1020F0001000000000000000017A520004781E0168
:102100001B0C1F0010000000180000000000000061
:102110002C01000000000000100000000000000082
:10212000017A520004781E011B0C1F0010000000F1
:102130001800000000000000B401000000000000D2
:102140001000000000000000017A520004781E0117
:102150001B0C1F00100000001800000024B3FFFF3C
:08216000DC000000000000009B
:102168000000000000000000000000000000000067
:102178000000000000000000010000000000000056
:10218800000000080000000000000000000000003F
:102198000000000000000000000000000000000037
:1021A800181A214000000000000000000000000094
:1021B8000000000000000000010000000000000016
:1021C80000000800000000000000000000000000FF
:1021D80000000000000000000000000000000000F7
:1021E800C81A2140000000000000000000000000A4
:1021F80000000000000000000100000000000000D6
:10220800043500000000000000000000000000008D
:1022180000000000000000000000000000000000B6
:1022280000000000000000000000000000000000A6
:102238000000000000000000000000000000000096
:102248000000000000000000000000000000000086
:102258000000000000000000000000000000000076
:102268000000000000000000000000000000000066
:102278000000000000000000000000000000000056
:102288000000000000000000000000000000000046
:102298000000000000000000000000000000000036
:1022A8000000000000000000000000000000000026
:1022B8000000000000000000000000000000000016
:1022C8000000000000000000000000000000000006
:1022D80000000000000000000000000000000000F6
:1022E80000000000000000000000000002000000E4
:1022F80000000000000000000000000000000000D6
:1023080000000000000000000000000000000000C5
:1023180002000000020000000200000002000000AD
:1023280002000000020000000000000000000000A1
:102338000000000000000000000000000000000095
:10234800020000000200000002000000000000007F
:102358000000000000000000000000000000000075
:102368000000000000000000000000000000000065
:102378000000000000000000000000000000000055
:102388000000000000000000000000000000000045
:102398000000000000000000000000000000000035
:1023A8000000000000000000000000000000000025
:1023B8000000000000000000000000000000000015
:1023C8000000000000000000000000000000000005
:1023D80000000000000000000000000000000000F5
:1023E80000000000000000000000000000000000E5
:1023F80000000000000000000000000000000000D5
:1024080000000000000000000000000000000000C4
:1024180000000000000000000200000000000000B2
:1024280000000000000000000000000000000000A4
:102438000000000000000000020000000200000090
:10244800020000000200000002000000020000007C
:10245800020000000200000002000000020000006C
:10246800020000000200000002000000020000005C
:10247800020000000200000002000000020000004C
:10248800020000000200000002000000020000003C
:10249800020000000200000002000000020000002C
:1024A800020000000200000002000000020000001C
:1024B800020000000200000002000000020000000C
:1024C8000000000000000000000000000000000004
:1024D80000000000000000000000000000000000F4
:1024E80000000000000000000000000000000000E4
:1024F80000000000000000000000000000000000D4
:1025080000000000000000000000000000000000C3
:1025180000000000000000000000000000000000B3
:1025280000000000000000000000000000000000A3
:10253800020000000200000002000000020000008B
:10254800020000000200000002000000020000007B
:10255800020000000200000002000000020000006B
:10256800020000000200000002000000020000005B
:10257800020000000200000002000000020000004B
:10258800020000000200000002000000020000003B
:10259800020000000200000002000000020000002B
:1025A800020000000200000002000000020000001B
:1025B800020000000200000002000000020000000B
:1025C80002000000020000000200000002000000FB
:1025D80002000000020000000200000002000000EB
:1025E80000000000000000000000000000000000E3
:1025F80000000000000000000000000000000000D3
:1026080000000000000000000000000000000000C2
:1026180000000000000000000000000000000000B2
:1026280000000000000000000000000000000000A2
:102638000000000000000000000000000000000092
:102648000000000000000000000000000000000082
:102658000000000000000000000000000000000072
:102668000000000000000000000000000000000062
:102678000000000000000000000000000000000052
:102688000000000000000000000000000000000042
:102698000000000000000000000000000000000032
:1026A8000000000000000000000000000000000022
:1026B8000000000000000000000000000000000012
:1026C8000000000000000000000000000000000002
:1026D80000000000000000000000000000000000F2
:1026E80000000000000000000000000000000000E2
:1026F80000000000000000000000000000000000D2
:1027080000000000000000000000000000000000C1
:1027180000000000000000000000000000000000B1
:1027280000000000000000000000000000000000A1
:102738000000000000000000000000000000000091
:102748000000000000000000000000000000000081
:102758000000000000000000000000000000000071
:102768000000000000000000000000000000000061
:102778000000000000000000000000000000000051
:102788000000000000000000000000000000000041
:102798000000000000000000000000000000000031
:1027A800000000000200000002000000000000001D
:1027B800000000000200000002000000000000000D
:1027C80000000000000000000000000002000000FF
:1027D80000000000020000000200000000000000ED
:1027E80002000000020000000000000000000000DD
:1027F80000000000020000000200000002000000CB
:1028080000000000000000000000000000000000C0
:1028180000000000000000000200000002000000AC
:1028280000000000000000000000000000000000A0
:10283800000000000000000002000000020000008C
:102848000000000000000000000000000000000080
:10285800000000000000000002000000020000006C
:102868000000000000000000000000000000000060
:102878000000000000000000000000000000000050
:102888000000000000000000000000000000000040
:102898000000000000000000000000000000000030
:1028A8000000000000000000000000000000000020
:1028B8000000000000000000000000000000000010
:1028C8000000000000000000000000000000000000
:1028D80000000000000000000000000000000000F0
:1028E80002000000020000000000000000000000DC
:1028F80002000000020000000000000000000000CC
:1029080000000000000000000000000000000000BF
:1029180000000000000000000000000000000000AF
:10292800000000000000000000000000000000009F
:10293800000000000000000000000000000000008F
:102948000200000002000000020000000200000077
:102958000200000002000000020000000200000067
:10296800020000000200000000000000000000005B
:10297800000000000000000000000000000000004F
:10298800000000000000000000000000000000003F
:10299800000000000000000000000000000000002F
:1029A800000000000000000000000000000000001F
:1029B800000000000000000000000000000000000F
:1029C80000000000000000000000000000000000FF
:1029D80000000000000000000000000000000000EF
:1029E80000000000000000000000000000000000DF
:1029F80000000000000000000000000000000000CF
:102A0800000000000000000000CA9A3B00C2EB0B67
:102A18000008AF2FD03BF107E89DF80300C2EB0B8D
:102A280000E1F5050084D7170084D71700C2EB0B27
:102A3800A077E20F8017B42C80B2E60E00B4C4046D
:102A480000E1F50500E1F50500C2EB0B00E1F50535
:102A58000084D71700366E01FFFFFFFFFFFFFFFF5F
:102A6800000002000000000000000000000000005C
:102A78000000000000000000702A21400000000053
:102A8800702A214000000000802A21400000000038
:102A9800802A214000000000902A21400000000008
:102AA800902A214000000000A02A214000000000D8
:102AB800A02A214000000000B02A214000000000A8
:102AC800B02A214000000000C02A21400000000078
:102AD800C02A214000000000D02A21400000000048
:102AE800D02A214000000000E02A21400000000018
:102AF800E02A214000000000F02A214000000000E8
:102B0800F02A214000000000002B214000000000B6
:102B1800002B214000000000102B21400000000085
:102B2800102B214000000000202B21400000000055
:102B3800202B214000000000302B21400000000025
:102B4800302B214000000000402B214000000000F5
:102B5800402B214000000000502B214000000000C5
:102B6800502B214000000000602B21400000000095
:102B7800602B214000000000702B21400000000065
:102B8800702B214000000000802B21400000000035
:102B9800802B214000000000902B21400000000005
:102BA800902B214000000000A02B214000000000D5
:102BB800A02B214000000000B02B214000000000A5
:102BC800B02B214000000000C02B21400000000075
:102BD800C02B214000000000D02B21400000000045
:102BE800D02B214000000000E02B21400000000015
:102BF800E02B214000000000F02B214000000000E5
:102C0800F02B214000000000002C214000000000B3
:102C1800002C214000000000102C21400000000082
:102C2800102C214000000000202C21400000000052
:102C3800202C214000000000302C21400000000022
:102C4800302C214000000000402C214000000000F2
:102C5800402C214000000000502C214000000000C2
:102C6800502C214000000000602C21400000000092
:102C7800602C214000000000702C21400000000062
:102C8800702C214000000000802C21400000000032
:102C9800802C214000000000902C21400000000002
:102CA800902C214000000000A02C214000000000D2
:102CB800A02C214000000000B02C214000000000A2
:102CC800B02C214000000000C02C21400000000072
:102CD800C02C214000000000D02C21400000000042
:102CE800D02C214000000000E02C21400000000012
:102CF800E02C214000000000F02C214000000000E2
:102D0800F02C214000000000002D214000000000B0
:102D1800002D214000000000102D2140000000007F
:102D2800102D214000000000202D2140000000004F
:102D3800202D214000000000302D2140000000001F
:102D4800302D214000000000402D214000000000EF
:102D5800402D214000000000502D214000000000BF
:102D6800502D214000000000602D2140000000008F
:102D7800602D214000000000702D2140000000005F
:102D8800702D214000000000802D2140000000002F
:102D9800802D214000000000902D214000000000FF
:102DA800902D214000000000A02D214000000000CF
:102DB800A02D214000000000B02D2140000000009F
:102DC800B02D214000000000C02D2140000000006F
:102DD800C02D214000000000D02D2140000000003F
:102DE800D02D214000000000E02D2140000000000F
:102DF800E02D214000000000F02D214000000000DF
:102E0800F02D214000000000002E214000000000AD
:102E1800002E214000000000102E2140000000007C
:102E2800102E214000000000202E2140000000004C
:102E3800202E214000000000302E2140000000001C
:102E4800302E214000000000402E214000000000EC
:102E5800402E214000000000502E214000000000BC
:102E6800502E214000000000602E2140000000008C
:102E7800602E214000000000702E2140000000005C
:102E8800702E214000000000802E2140000000002C
:102E9800802E214000000000902E214000000000FC
:102EA800902E214000000000A02E214000000000CC
:102EB800A02E214000000000B02E2140000000009C
:102EC800B02E214000000000C02E2140000000006C
:102ED800C02E214000000000D02E2140000000003C
:102EE800D02E214000000000E02E2140000000000C
:102EF800E02E214000000000F02E214000000000DC
:102F0800F02E214000000000002F214000000000AA
:102F1800002F214000000000102F21400000000079
:102F2800102F214000000000202F21400000000049
:102F3800202F214000000000302F21400000000019
:102F4800302F214000000000402F214000000000E9
:102F5800402F214000000000502F214000000000B9
:102F6800502F214000000000602F21400000000089
:102F7800602F214000000000702F21400000000059
:102F8800702F214000000000802F21400000000029
:102F9800802F214000000000902F214000000000F9
:102FA800902F214000000000A02F214000000000C9
:102FB800A02F214000000000B02F21400000000099
:102FC800B02F214000000000C02F21400000000069
:102FD800C02F214000000000D02F21400000000039
:102FE800D02F214000000000E02F21400000000009
:102FF800E02F214000000000F02F214000000000D9
:10300800F02F2140000000000030214000000000A7
:103018000030214000000000103021400000000076
:103028001030214000000000203021400000000046
:103038002030214000000000303021400000000016
:1030480030302140000000004030214000000000E6
:1030580040302140000000005030214000000000B6
:103068005030214000000000603021400000000086
:103078006030214000000000703021400000000056
:103088007030214000000000803021400000000026
:1030980080302140000000009030214000000000F6
:1030A8009030214000000000A030214000000000C6
:1030B800A030214000000000B03021400000000096
:1030C800B030214000000000C03021400000000066
:1030D800C030214000000000D03021400000000036
:1030E800D030214000000000E03021400000000006
:1030F800E030214000000000F030214000000000D6
:10310800F0302140000000000031214000000000A4
:103118000031214000000000103121400000000073
:103128001031214000000000203121400000000043
:103138002031214000000000303121400000000013
:1031480030312140000000004031214000000000E3
:1031580040312140000000005031214000000000B3
:103168005031214000000000603121400000000083
:103178006031214000000000703121400000000053
:103188007031214000000000803121400000000023
:1031980080312140000000009031214000000000F3
:1031A8009031214000000000A031214000000000C3
:1031B800A031214000000000B03121400000000093
:1031C800B031214000000000C03121400000000063
:1031D800C031214000000000D03121400000000033
:1031E800D031214000000000E03121400000000003
:1031F800E031214000000000F031214000000000D3
:10320800F0312140000000000032214000000000A1
:103218000032214000000000103221400000000070
:103228001032214000000000203221400000000040
:103238002032214000000000303221400000000010
:1032480030322140000000004032214000000000E0
:1032580040322140000000005032214000000000B0
:103268005032214000000000603221400000000080
:103278006032214000000000430000000000000010
:103288000000000000000000000000000000000036
:1032980000000000000000004300000000000000E3
:1032A8000000000000000000000000000000000016
:1032B80000000000000000004300000000000000C3
:1032C80000000000000000000000000000000000F6
:1032D80000000000000000004300000000000000A3
:1032E80000000000000000000000000000000000D6
:1032F8000000000000000000430000000000000083
:1033080000000000000000000000000000000000B5
:103318000000000000000000430000000000000062
:103328000000000000000000000000000000000095
:103338000000000000000000430000000000000042
:103348000000000000000000000000000000000075
:10335800000000000000000050972040000000001E
:1033680020D2204000000000000000000000000003
:10337800A01C214000000000280621400000000099
:103388002006214000000000200621400000000027
:103398002006214000000000200621400000000017
:1033A8002006214000000000200621400000000007
:1033B80020062140000000002006214000000000F7
:1033C8002006214000000000FFFFFFFFFFFFFFFF76
:1033D800FFFFFFFFFFFF0000010041534349490081
:1033E80000000000000000000000000000000000D5
:1033F800000000000000000000004153434949005C
:1034080000000000000000000000000000000000B4
:1034180000000000000000000000000000000000A4
:1034280030342140000000000000000000000000CF
:10343800D87C214000000000907D21400000000061
:10344800487E21400000000000000000000000004D
:103458000000000000000000000000000000000064
:103468000000000000000000000000000000000054
:103478000000000000000000000000000000000044
:103488000000000000000000000000000000000034
:103498000000000000000000000000000000000024
:1034A8000000000000000000000000000000000014
:1034B8000000000000000000000000000000000004
:1034C80000000000000000000000000000000000F4
:1034D80000000000000000000000000000000000E4
:1034E80000000000000000000000000000000000D4
:1034F80000000000000000000100000000000000C3
:103508000E33CDAB34126DE6ECDE05000B00000087
:1035180000000000000000000000000000000000A3
:103528000000000000000000000000000000000093
:103538000000000000000000000000000000000083
:103548000000000000000000000000000000000073
:103558000000000000000000000000000000000063
:103568000000000000000000000000000000000053
:103578000000000000000000000000000000000043
:103588000000000000000000030000000000000030
:10359800D87C214000000000F073204000000000AB
:1035A800F073204000000000F0732040000000008D
:1035B800F073204000000000F0732040000000007D
:1035C800F073204000000000F0732040000000006D
:1035D800F073204000000000F0732040000000005D
:1035E800F073204000000000F0732040000000004D
:1035F800F073204000000000F0732040000000003D
:10360800F073204000000000F0732040000000002C
:10361800F073204000000000F0732040000000001C
:10362800F073204000000000F0732040000000000C
:10363800F073204000000000F073204000000000FC
:10364800F073204000000000F073204000000000EC
:10365800F073204000000000F073204000000000DC
:10366800F073204000000000F073204000000000CC
:10367800F073204000000000F073204000000000BC
:10368800F073204000000000F073204000000000AC
:10369800F073204000000000F0732040000000009C
:1036A800F073204000000000F0732040000000008C
:1036B800F073204000000000F0732040000000007C
:1036C800F073204000000000F0732040000000006C
:1036D800F073204000000000F0732040000000005C
:1036E800F073204000000000F0732040000000004C
:1036F800F073204000000000F0732040000000003C
:10370800F073204000000000F0732040000000002B
:10371800F073204000000000F0732040000000001B
:10372800F073204000000000F0732040000000000B
:10373800F073204000000000F073204000000000FB
:10374800F073204000000000F073204000000000EB
:10375800F073204000000000F073204000000000DB
:10376800F073204000000000F073204000000000CB
:10377800F073204000000000F073204000000000BB
:10378800F073204000000000F073204000000000AB
:10379800F073204000000000F0732040000000009B
:1037A800F073204000000000F0732040000000008B
:1037B800F073204000000000F0732040000000007B
:1037C800F073204000000000F0732040000000006B
:1037D800F073204000000000F0732040000000005B
:1037E800F073204000000000F0732040000000004B
:1037F800F073204000000000F0732040000000003B
:10380800F073204000000000F0732040000000002A
:10381800F073204000000000F0732040000000001A
:10382800F073204000000000F0732040000000000A
:10383800F073204000000000F073204000000000FA
:10384800F073204000000000F073204000000000EA
:10385800F073204000000000F073204000000000DA
:10386800F073204000000000F073204000000000CA
:10387800F073204000000000F073204000000000BA
:10388800F073204000000000F073204000000000AA
:10389800F073204000000000F0732040000000009A
:1038A800F073204000000000F0732040000000008A
:1038B800F073204000000000F0732040000000007A
:1038C800F073204000000000F0732040000000006A
:1038D800F073204000000000F0732040000000005A
:1038E800F073204000000000F0732040000000004A
:1038F800F073204000000000F0732040000000003A
:10390800F073204000000000F07320400000000029
:10391800F073204000000000F07320400000000019
:10392800F073204000000000F07320400000000009
:10393800F073204000000000F073204000000000F9
:10394800F073204000000000F073204000000000E9
:10395800F073204000000000F073204000000000D9
:10396800F073204000000000F073204000000000C9
:10397800F073204000000000F073204000000000B9
:10398800F073204000000000F073204000000000A9
:10399800F073204000000000F07320400000000099
:1039A800F073204000000000F07320400000000089
:1039B800F073204000000000F07320400000000079
:1039C800F073204000000000F07320400000000069
:1039D800F073204000000000F07320400000000059
:1039E800F073204000000000F07320400000000049
:1039F800F073204000000000F07320400000000039
:103A0800F073204000000000F07320400000000028
:103A1800F073204000000000F07320400000000018
:103A2800F073204000000000F07320400000000008
:103A3800F073204000000000F073204000000000F8
:103A4800F073204000000000F073204000000000E8
:103A5800F073204000000000F073204000000000D8
:103A6800F073204000000000F073204000000000C8
:103A7800F073204000000000F073204000000000B8
:103A8800C063204000000000C06320400000000028
:103A9800F073204000000000F07320400000000098
:103AA800F073204000000000F07320400000000088
:103AB800F073204000000000F07320400000000078
:103AC800F073204000000000F07320400000000068
:103AD800F073204000000000F07320400000000058
:103AE800F073204000000000F07320400000000048
:103AF800F073204000000000F07320400000000038
:103B0800F073204000000000F07320400000000027
:103B1800F073204000000000F07320400000000017
:103B2800F073204000000000F07320400000000007
:103B3800F073204000000000F073204000000000F7
:103B4800F073204000000000F073204000000000E7
:103B5800F073204000000000F073204000000000D7
:103B6800F073204000000000F073204000000000C7
:103B7800F073204000000000F073204000000000B7
:103B8800F073204000000000F073204000000000A7
:103B9800F073204000000000F07320400000000097
:103BA800F073204000000000F07320400000000087
:103BB800F073204000000000F07320400000000077
:103BC800F073204000000000F07320400000000067
:103BD800F073204000000000F07320400000000057
:103BE800F073204000000000F07320400000000047
:103BF800F073204000000000F07320400000000037
:103C0800F073204000000000F07320400000000026
:103C1800F073204000000000F07320400000000016
:103C2800F073204000000000F07320400000000006
:103C3800F073204000000000F073204000000000F6
:103C4800F073204000000000F073204000000000E6
:103C5800F073204000000000F073204000000000D6
:103C6800F073204000000000F073204000000000C6
:103C7800F073204000000000F073204000000000B6
:103C8800F073204000000000F073204000000000A6
:103C9800F073204000000000F07320400000000096
:103CA800F073204000000000F07320400000000086
:103CB800F073204000000000F07320400000000076
:103CC800F073204000000000F07320400000000066
:103CD800F073204000000000F07320400000000056
:103CE800F073204000000000F07320400000000046
:103CF800F073204000000000F07320400000000036
:103D0800F073204000000000F07320400000000025
:103D1800F073204000000000F07320400000000015
:103D2800F073204000000000F07320400000000005
:103D3800F073204000000000F073204000000000F5
:103D4800F073204000000000F073204000000000E5
:103D5800F073204000000000F073204000000000D5
:103D6800F073204000000000F073204000000000C5
:103D7800F073204000000000F073204000000000B5
:103D8800F073204000000000F073204000000000A5
:103D9800F073204000000000F07320400000000095
:103DA800F073204000000000F07320400000000085
:103DB800F073204000000000F07320400000000075
:103DC800F073204000000000F07320400000000065
:103DD800F073204000000000F07320400000000055
:103DE800F073204000000000F07320400000000045
:103DF800F073204000000000F07320400000000035
:103E0800F073204000000000F07320400000000024
:103E1800F073204000000000F07320400000000014
:103E2800F073204000000000F07320400000000004
:103E3800F073204000000000F073204000000000F4
:103E4800F073204000000000F073204000000000E4
:103E5800F073204000000000F073204000000000D4
:103E6800F073204000000000F073204000000000C4
:103E7800F073204000000000F073204000000000B4
:103E8800F073204000000000F073204000000000A4
:103E9800F073204000000000F07320400000000094
:103EA800F073204000000000F07320400000000084
:103EB800F073204000000000F07320400000000074
:103EC800F073204000000000F07320400000000064
:103ED800F073204000000000F07320400000000054
:103EE800F073204000000000F07320400000000044
:103EF800F073204000000000F07320400000000034
:103F0800F073204000000000F07320400000000023
:103F1800F073204000000000F07320400000000013
:103F2800F073204000000000F07320400000000003
:103F3800F073204000000000F073204000000000F3
:103F4800F073204000000000F073204000000000E3
:103F5800F073204000000000F073204000000000D3
:103F6800F073204000000000F073204000000000C3
:103F7800F073204000000000F073204000000000B3
:103F8800F073204000000000F073204000000000A3
:103F9800F073204000000000F07320400000000093
:103FA800F073204000000000F07320400000000083
:103FB800F073204000000000F07320400000000073
:103FC800F073204000000000F07320400000000063
:103FD800F073204000000000F07320400000000053
:103FE800F073204000000000F07320400000000043
:103FF800F073204000000000F07320400000000033
:10400800F073204000000000F07320400000000022
:10401800F073204000000000F07320400000000012
:10402800F073204000000000F07320400000000002
:10403800F073204000000000F073204000000000F2
:10404800F073204000000000F073204000000000E2
:10405800F073204000000000F073204000000000D2
:10406800F073204000000000F073204000000000C2
:10407800F073204000000000F073204000000000B2
:10408800F073204000000000F073204000000000A2
:10409800F073204000000000F07320400000000092
:1040A800F073204000000000F07320400000000082
:1040B800F073204000000000F07320400000000072
:1040C800F07320400000000010392040000000007C
:1040D8008038204000000000C0362040000000006A
:1040E800F073204000000000F07320400000000042
:1040F800F073204000000000F07320400000000032
:10410800F073204000000000F07320400000000021
:10411800F073204000000000F07320400000000011
:10412800F073204000000000F07320400000000001
:10413800F073204000000000F073204000000000F1
:10414800F073204000000000F073204000000000E1
:10415800F073204000000000F073204000000000D1
:10416800F073204000000000F073204000000000C1
:10417800F073204000000000F073204000000000B1
:10418800F073204000000000F073204000000000A1
:10419800F073204000000000F07320400000000091
:1041A800F073204000000000F07320400000000081
:1041B800F073204000000000F07320400000000071
:1041C800F073204000000000F07320400000000061
:1041D800F073204000000000F07320400000000051
:1041E800F073204000000000F07320400000000041
:1041F800F073204000000000F07320400000000031
:10420800F073204000000000F07320400000000020
:10421800F073204000000000F07320400000000010
:10422800F073204000000000F07320400000000000
:10423800F073204000000000F073204000000000F0
:10424800F073204000000000F073204000000000E0
:10425800F073204000000000F073204000000000D0
:10426800F073204000000000F073204000000000C0
:10427800F073204000000000304A20400000000099
:10428800704A204000000000404920400000000023
:1042980050482040000000009049204000000000E5
:1042A800F073204000000000F07320400000000080
:1042B800F073204000000000F07320400000000070
:1042C800F073204000000000F07320400000000060
:1042D800F073204000000000F07320400000000050
:1042E800F073204000000000F07320400000000040
:1042F800F073204000000000F07320400000000030
:10430800F073204000000000F0732040000000001F
:10431800F073204000000000F0732040000000000F
:10432800F073204000000000F073204000000000FF
:10433800F073204000000000F073204000000000EF
:10434800F073204000000000F073204000000000DF
:10435800F073204000000000F073204000000000CF
:10436800F073204000000000F073204000000000BF
:10437800F073204000000000F073204000000000AF
:10438800F073204000000000F0732040000000009F
:10439800F073204000000000F0732040000000008F
:1043A800F073204000000000F0732040000000007F
:1043B800F073204000000000F0732040000000006F
:1043C800F073204000000000F0732040000000005F
:1043D800F073204000000000F0732040000000004F
:1043E800F073204000000000F0732040000000003F
:1043F800F073204000000000F0732040000000002F
:10440800F073204000000000F0732040000000001E
:10441800F073204000000000F0732040000000000E
:10442800F073204000000000F073204000000000FE
:10443800F073204000000000F073204000000000EE
:10444800F073204000000000F073204000000000DE
:10445800F073204000000000F073204000000000CE
:10446800F073204000000000F073204000000000BE
:10447800F073204000000000F073204000000000AE
:10448800F073204000000000F0732040000000009E
:10449800F073204000000000F0732040000000008E
:1044A800F073204000000000F0732040000000007E
:1044B800F073204000000000F0732040000000006E
:1044C800F073204000000000F0732040000000005E
:1044D800F073204000000000F0732040000000004E
:1044E800F073204000000000F0732040000000003E
:1044F800F073204000000000F0732040000000002E
:10450800F073204000000000F0732040000000001D
:10451800F073204000000000F0732040000000000D
:10452800F073204000000000F073204000000000FD
:10453800F073204000000000F073204000000000ED
:10454800F073204000000000F073204000000000DD
:10455800F073204000000000F073204000000000CD
:10456800F073204000000000F073204000000000BD
:10457800F073204000000000F073204000000000AD
:10458800F073204000000000F0732040000000009D
:08459800F07320400000000058
:040000054020000097
:00000001FF
