:020000041000EA
:1000000054040014C0035FD600000000000000008C
:1000100000000000000000000000000000000000E0
:1000200000000000000000000000000000000000D0
:1000300000000000000000000000000000000000C0
:1000400000000000000000000000000000000000B0
:1000500000000000000000000000000000000000A0
:100060000000000000000000000000000000000090
:100070000000000000000000000000000000000080
:1000800004050014C0035FD600000000000000005B
:100090000000000000000000000000000000000060
:1000A0000000000000000000000000000000000050
:1000B0000000000000000000000000000000000040
:1000C0000000000000000000000000000000000030
:1000D0000000000000000000000000000000000020
:1000E0000000000000000000000000000000000010
:1000F0000000000000000000000000000000000000
:1001000090040014C0035FD600000000000000004F
:1001100000000000000000000000000000000000DF
:1001200000000000000000000000000000000000CF
:1001300000000000000000000000000000000000BF
:1001400000000000000000000000000000000000AF
:10015000000000000000000000000000000000009F
:10016000000000000000000000000000000000008F
:10017000000000000000000000000000000000007F
:100180007F2003D5F7030014C0035FD600000000F2
:10019000000000000000000000000000000000005F
:1001A000000000000000000000000000000000004F
:1001B000000000000000000000000000000000003F
:1001C000000000000000000000000000000000002F
:1001D000000000000000000000000000000000001F
:1001E000000000000000000000000000000000000F
:1001F00000000000000000000000000000000000FF
:10020000DC030014C0035FD6000000000000000003
:1002100000000000000000000000000000000000DE
:1002200000000000000000000000000000000000CE
:1002300000000000000000000000000000000000BE
:1002400000000000000000000000000000000000AE
:10025000000000000000000000000000000000009E
:10026000000000000000000000000000000000008E
:10027000000000000000000000000000000000007E
:1002800084040014C0035FD60000000000000000DA
:10029000000000000000000000000000000000005E
:1002A000000000000000000000000000000000004E
:1002B000000000000000000000000000000000003E
:1002C000000000000000000000000000000000002E
:1002D000000000000000000000000000000000001E
:1002E000000000000000000000000000000000000E
:1002F00000000000000000000000000000000000FE
:1003000010040014C0035FD60000000000000000CD
:1003100000000000000000000000000000000000DD
:1003200000000000000000000000000000000000CD
:1003300000000000000000000000000000000000BD
:1003400000000000000000000000000000000000AD
:10035000000000000000000000000000000000009D
:10036000000000000000000000000000000000008D
:10037000000000000000000000000000000000007D
:100380007F2003D57F030014C0035FD60000000068
:10039000000000000000000000000000000000005D
:1003A000000000000000000000000000000000004D
:1003B000000000000000000000000000000000003D
:1003C000000000000000000000000000000000002D
:1003D000000000000000000000000000000000001D
:1003E000000000000000000000000000000000000D
:1003F00000000000000000000000000000000000FD
:100400007F2003D563030014C0035FD60000000003
:1004100000000000000000000000000000000000DC
:1004200000000000000000000000000000000000CC
:1004300000000000000000000000000000000000BC
:1004400000000000000000000000000000000000AC
:10045000000000000000000000000000000000009C
:10046000000000000000000000000000000000008C
:10047000000000000000000000000000000000007C
:100480007F2003D547030014C0035FD6000000009F
:10049000000000000000000000000000000000005C
:1004A000000000000000000000000000000000004C
:1004B000000000000000000000000000000000003C
:1004C000000000000000000000000000000000002C
:1004D000000000000000000000000000000000001C
:1004E000000000000000000000000000000000000C
:1004F00000000000000000000000000000000000FC
:100500007F2003D52B030014C0035FD6000000003A
:1005100000000000000000000000000000000000DB
:1005200000000000000000000000000000000000CB
:1005300000000000000000000000000000000000BB
:1005400000000000000000000000000000000000AB
:10055000000000000000000000000000000000009B
:10056000000000000000000000000000000000008B
:10057000000000000000000000000000000000007B
:100580007F2003D50F030014C0035FD600000000D6
:10059000000000000000000000000000000000005B
:1005A000000000000000000000000000000000004B
:1005B000000000000000000000000000000000003B
:1005C000000000000000000000000000000000002B
:1005D000000000000000000000000000000000001B
:1005E000000000000000000000000000000000000B
:1005F00000000000000000000000000000000000FB
:100600007F2003D5F3020014C0035FD60000000072
:1006100000000000000000000000000000000000DA
:1006200000000000000000000000000000000000CA
:1006300000000000000000000000000000000000BA
:1006400000000000000000000000000000000000AA
:10065000000000000000000000000000000000009A
:10066000000000000000000000000000000000008A
:10067000000000000000000000000000000000007A
:100680007F2003D5D7020014C0035FD6000000000E
:10069000000000000000000000000000000000005A
:1006A000000000000000000000000000000000004A
:1006B000000000000000000000000000000000003A
:1006C000000000000000000000000000000000002A
:1006D000000000000000000000000000000000001A
:1006E000000000000000000000000000000000000A
:1006F00000000000000000000000000000000000FA
:100700007F2003D5BB020014C0035FD600000000A9
:1007100000000000000000000000000000000000D9
:1007200000000000000000000000000000000000C9
:1007300000000000000000000000000000000000B9
:1007400000000000000000000000000000000000A9
:100750000000000000000000000000000000000099
:100760000000000000000000000000000000000089
:100770000000000000000000000000000000000079
:0C0780007F2003D59F020014C0035FD649
:1010000000000090002040F900003FD60000009052
:10101000002440F9E00300AA0100805201000039D9
:1010200000000090002840F9E00300AA210080524F
:101030000100003977000014C0035FD61F2003D5DC
:10104000903800100000000000A100100000000017
:1010500098380010000000000000000000000000B0
:101060009F3F03D51F7508D5BF3F03D5220039D553
:10107000406858D303084092A30500B4040080D20E
:101080000C000014080500D1091C00530921C99A5D
:10109000290105AACA1C0053EA20CA9A29010AAAF2
:1010A000497608D508FFFFB5870300B58404009191
:1010B0009F0003EB82030054600080D2807C009B81
:1010C000001C00534024C09A000840921F0800F101
:1010D000E3FEFF5485F87FD3E00305AA00001AD58C
:1010E0009F3F03D5000039D501084092261000919A
:1010F000013043D321244092076C4DD3E73840920E
:101100002010C05A007C40D31F8000F181000054A1
:10111000000400D102000014E70400D1E80301AA92
:10112000DAFFFF179F3F03D5DF3F03D50000009094
:1011300000A440F9E00300AA210080520100003918
:1011400034000014C0035FD600A1001000000000AE
:10115000C0035FD600000000000000000000000097
:10116000C0035FD600000000000000000000000087
:10117000C0035FD600000000000000000000000077
:10118000C0035FD600000000000000000000000067
:10119000C0035FD600000000000000000000000057
:1011A000C0035FD600000000000000000000000047
:1011B000C0035FD600000000000000000000000037
:1011C000C0035FD600000000000000000000000027
:1011D000C0035FD600000000000000000000000017
:1011E000C0035FD600000000000000000000000007
:1011F000C0035FD6000000000000000000000000F7
:10120000C0035FD6000000000000000000000000E6
:101210004005005800C01ED500C01CD500C018D520
:10122000000080D200101ED500101CD5001018D56B
:1012300000000090005841F9E10300AA3F0000912E
:10124000000080D240111ED540111CD51F111ED5A3
:10125000DF3F03D5010080522100153221001632F4
:1012600021001D3221001E3221001F3201111ED526
:10127000DF3F03D50200B0D202111CD5A00038D543
:10128000A0001CD5000038D500001CD51F211CD59E
:1012900000088F52A02FA072E00300AA00E01BD527
:1012A0001F870ED51F7108D506000014C0035FD636
:1012B000008E02100000000000000010000000007E
:1012C000FD7BBFA9FD0300918607009400018052B9
:1012D0000007009400008CD22025B0F2010000909D
:1012E000259C41F9040440D1010040B9E65E8B120F
:1012F000E35E8B5202A094522100062A213C001288
:10130000010000B9852000B9010040B92100030A9D
:101310002100022A010000B9BF3F03D58004B0D2EA
:1013200021008052019C01B90A010014FD7BC1A873
:10133000C0035FD61F2003D560100010000000001E
:10134000FE7FBFA9FC77BFA9FA6FBFA9F867BFA945
:10135000F65FBFA9F457BFA9F24FBFA9F047BFA9D5
:10136000EE3FBFA9EC37BFA9EA2FBFA9E827BFA965
:10137000E61FBFA9E417BFA9E20FBFA9E007BFA9F5
:1013800000443BD521443BD5E007BFA9FE7FBFAD5C
:10139000FC77BFADFA6FBFADF867BFADF65FBFAD0D
:1013A000F457BFADF24FBFADF047BFADEE3FBFAD9D
:1013B000EC37BFADEA2FBFADE827BFADE61FBFAD2D
:1013C000E417BFADE20FBFADE007BFAD03403ED5B0
:1013D00022403ED5E20FBFA972000094E417C1A8D5
:1013E00005401ED524401ED59F3F03D5DF3F03D5C2
:1013F000E007C1ACE20FC1ACE417C1ACE61FC1AC61
:10140000E827C1ACEA2FC1ACEC37C1ACEE3FC1ACB0
:10141000F047C1ACF24FC1ACF457C1ACF65FC1AC00
:10142000F867C1ACFA6FC1ACFC77C1ACFE7FC1AC50
:10143000E007C1A800441BD521441BD5E007C1A883
:10144000E20FC1A8E417C1A8E61FC1A8E827C1A8F8
:10145000EA2FC1A8EC37C1A8EE3FC1A8F047C1A848
:10146000F24FC1A8F457C1A8F65FC1A8F867C1A898
:10147000FA6FC1A8FC77C1A8FE7FC1A8E0039FD680
:10148000C0035FD600000000000000000000000064
:10149000BF4000D5E007BFA9E20FBFA9E417BFA96D
:1014A000E61FBFA9E827BFA9EA2FBFA9EC37BFA94C
:1014B000EE3FBFA9F047BFA9F24FBFA9FD7BBFA96F
:1014C00010000094FD7BC1A8F24FC1A8F047C1A84D
:1014D000EE3FC1A8EC37C1A8EA2FC1A8E827C1A8F0
:1014E000E61FC1A8E417C1A8E20FC1A8E007C1A880
:1014F000E0039FD6C0035FD600000000000000009C
:10150000FD7BBEA9FD030091F30B00F91D030094C0
:101510001F7C00711380005169020054000000908C
:1015200001BC42F921CC338B0000009000C442F989
:101530000200009043C842F90200403944040011FF
:1015400004000039737822B8BF3F03D5200040F96A
:1015500000003FD6E003132AF30B40F9FD7BC2A83D
:10156000FC020014E103002A0000009000C042F9D0
:10157000014C218BEDFFFF17D8BE011000000000C9
:1015800000400010000000000841001000000000B2
:1015900010410010000000000000000000000000EA
:1015A000FD7BBDA9FD030091F51300F9F102009444
:1015B000E103002A00F00F511F0C007109050054CF
:1015C00015008052F35301A900000090134443F921
:1015D00000000090004843F9348000516202403915
:1015E0004304001163020039147822B8BF3F03D5C9
:1015F000FF4103D5DF3F03D53F7C00710802005453
:1016000000000090005043F9005861F800003FD6F8
:10161000DF4103D5DF3F03D561024039E003142ADF
:101620002104005161020039F35341A9350100350D
:10163000F51340F9FD7BC3A8BE0200140000009022
:10164000004C43F900D874F800003FD6F1FFFF17B3
:10165000F51340F9FD7BC3A8BE020014C902009433
:10166000E103002A00F00F51350080521F0C007179
:1016700069000054F35301A9D4FFFF17F51340F993
:10168000FD7BC3A8CB05001408410010000000003A
:101690001041001000000000D8BE01100000000042
:1016A00000400010000000000000000000000000EA
:1016B000FD7BBFA9FD030091CE030094310400948B
:1016C0002804009417040094FD7BC1A81D04001495
:1016D000FD7BBEA960008052FD030091F30B00F971
:1016E00018060094200282522000A0729D060094E9
:1016F00060008052C3050094E00180D2A0CC1ED5CA
:10170000330080D2B3CC18D5400080D260C818D541
:1017100060CC18D500068052C201009431020094BA
:10172000E003132A77020094E01F80D2004618D508
:10173000E003132A07020094600080D2E0CC1ED59B
:10174000F30B40F9FD7BC2A8C0035FD60000000088
:10175000FD7BBEA9FD030091F35301A90000009099
:10176000140844F9800240396003003700000090FB
:10177000130C44F90000805236080094600240398E
:10178000200300362000805232080094110100949A
:1017900034010094600240390003003631040094A3
:1017A000C4FFFF974701009440008052290800942D
:1017B00060024039C0010036C6FFFF978D050094D6
:1017C000000080D2C74100949F0200394D3C009434
:1017D0000000001400000090130C44F97F0200394F
:1017E000E5FFFF172B040094E7FFFF170D0000949F
:1017F000E8000094F1FFFF17B20300946002403943
:10180000E0FC07376F060094E5FFFF171F2003D5A4
:10181000983800100000000000A100100000000037
:10182000FD7BB9A960008052FD030091F35301A92B
:10183000F55B02A9F76303A9F96B04A9FB7305A97A
:10184000C0050094000000901B8445F90000009042
:101850001A8845F900000090198C45F900000090A5
:10186000189045F900000090179445F90000009089
:10187000169845F900000090159C45F9000000906D
:1018800014A045F90000009013A445F90000009051
:101890001EA845F90000009012AC45F90000009028
:1018A00011B045F90000009010B445F90000009017
:1018B0000FB845F9000000900EBC45F9058082D2B2
:1018C0002525B0F20000009000C045F9AD0004915C
:1018D000AC000891AB000C91AA001091A9001491E2
:1018E000A8001891A7001C91820080D2010080D22C
:1018F000030080D2E03700F960F07DD3646B61B8FB
:101900001C00058B666B62B863040091046825B8FF
:1019100004000D8B860700B91C000C8B466B61B868
:101920007F4000F106682DB8466B62B8860400B9A6
:1019300004000B8B266B61B806682CB8266B62B866
:10194000860700B91C000A8B066B61B806682BB8C5
:10195000066B62B8860400B90400098BE66A61B8B8
:1019600006682AB8E66A62B8860700B91C00088BC8
:10197000C66A61B8066829B8C66A62B8860400B942
:101980000400078BA66A61B8066828B8A66A62B820
:10199000860700B9068083D22625B0F21C00068B8C
:1019A000866A61B8066827B8866A62B8860400B994
:1019B00004A083D22425B0F20600048BE63300F99C
:1019C000068083D22625B0F2646A61B8046826B81E
:1019D000646A62B8840700B9048080D22425B0F21A
:1019E0001C00048B04A083D22425B0F2C66B61B81E
:1019F000066824B8E63340F9C46B62B8C40400B981
:101A000004A080D22425B0F20600048B840004D107
:101A1000E63300F9466A61B8066824B8466A62B8D7
:101A2000860700B906C080D22625B0F21C00068BBE
:101A3000C60004D1246A61B8046826B8E63340F9C8
:101A4000246A62B8C40400B904E080D22425B0F24C
:101A50000600048BE63300F906C080D22625B0F2DA
:101A6000046A61B8046826B8046A62B8840700B9D9
:101A7000040081D22425B0F21C00048B840004D120
:101A8000E66961B8066824B8E63340F9E46962B8EB
:101A9000C40400B9042081D22425B0F2060081D20A
:101AA0002625B0F20400048BE43300F9C46961B860
:101AB000046826B8C46962B8E63740F9840700B9FB
:101AC000042081D22425B0F2DC6861B82120009185
:101AD0001C6824B8E43340F9C06862B84220009121
:101AE000800400B9A1F0FF54F35341A96000805273
:101AF000F55B42A9F76343A9F96B44A9FB7345A9B8
:101B0000FD7BC7A8BF040014D0E101100000000055
:101B100050E1011000000000D0E0011000000000C2
:101B200050E0011000000000D0DF011000000000B4
:101B300050DF011000000000D0DE011000000000A6
:101B400050DE011000000000D0DD01100000000098
:101B500050DD011000000000D0DC0110000000008A
:101B600050DC011000000000D0DB0110000000007C
:101B700050DB011000000000D0DA0110000000006E
:101B800050DA01100000000000000000000000001A
:101B90000084B1D2010040B981010037010040B991
:101BA00002088F52A22FA07221781F12010000B9E3
:101BB000022000B91F0800B91F0C00B9010040B98C
:101BC00021000032010000B9C0035FD60000000010
:101BD000C0035FD60000000000000000000000000D
:101BE000FF8300D1E10700F9E10740F9210300B4C8
:101BF000E10740F921FC43D3010300B4010C018B40
:101C0000E20300AA002000913F0000EB5F0000F912
:101C100081FFFF54E00740F900084092E00F00F90F
:101C2000E00F40F9400100B4E00F40F9000100B4BA
:101C3000000080D21F2003D53F68203800040091A7
:101C4000E20F40F95F0000EB88FFFF549F3F03D590
:101C5000FF830091C0035FD6E10300AAEEFFFF17E8
:101C6000FD7BBFA9FD03009100000090015046F9E3
:101C700000000090005446F9210000CBD9FFFF97E7
:101C8000FD7BC1A800000090015846F900000090BB
:101C9000005C46F9210000CBD2FFFF171F2003D5BF
:101CA00000A1001000000000004000100000000033
:101CB00000EE01100000000070E5011000000000BF
:101CC000FD7BBDA9FD030091F35301A90000009025
:101CD00014AC46F9F51300F90000009015B046F970
:101CE000940215CB9F0200F12D01005494FE439302
:101CF000130080D21F2003D5A07A73F873060091D9
:101D000000003FD69F0213EB8CFFFF5400000090B1
:101D100014B446F90000009015B846F9940215CBAA
:101D20009F0200F194FE4393ED000054130080D213
:101D3000A07A73F87306009100003FD69F0213EB60
:101D40008CFFFF54F35341A9F51340F9FD7BC3A861
:101D5000C0035FD61F2003D570E50110000000000E
:101D600070E501100000000070E5011000000000A7
:101D700070E50110000000000000000000000000FD
:101D800000000090010447F9001F80D23F0000B915
:101D9000004618D50360B0D200000090050847F94E
:101DA000A260B0D2610040B900000090040C47F975
:101DB00021080032A60040B9000080D2610000B9BD
:101DC000A10440B946000CB941040CB91F2003D549
:101DD00001080011827860B821000C910004009184
:101DE0001FF400F1627821B841FFFF54FF4F03D583
:101DF000DF3F03D5000580D28060B0F22100805221
:101E0000010000B9C0035FD60441001000000000CB
:101E100040D901100000000050D90110000000005E
:101E20000160B0D200041C12200000B9C0035FD6CC
:101E300000800011022080D20260B0F221008052A6
:101E4000037C05532020C01A407823B8C0035FD616
:101E500000800011023080D20260B0F22100805276
:101E6000037C05532020C01A407823B8C0035FD6F6
:101E700000800011038080D20360B0F2E21F805224
:101E8000047C025300041D534220C01A657864B8D4
:101E90002120C01AA200220A2100022A617824B857
:101EA000C0035FD60000000000000000000000003A
:101EB000E000F837007C409303208CD20360B0F23E
:101EC000E203022A410001AA617820F8C0035FD62C
:101ED00000800011025080D20260B0F221008052D6
:101EE000037C05532020C01A407823B8C0035FD676
:101EF00002800011051080D20560B0F200100012BF
:101F0000427C0553230080522400030A210441D35C
:101F1000A70032916320C01AA67862B88420C01A44
:101F20002120C01AC000230A8000002AA07822B80D
:101F3000E07862B80300230A2100032AE17822B87E
:101F4000C0035FD600000000000000000000000099
:101F5000810080D20160B0F20404419303004093F9
:101F600022C447B8250480520518A47240100012FC
:101F70000000050B00787ED3230000B921100091EA
:101F8000247C0CB93F0000EB81FFFF54C0035FD6F7
:101F90000002F8370080001103029CD20360B0F207
:101FA00021000012047C045342008052000C1F5395
:101FB0004100014B62008052657864B84220C01A2B
:101FC0002020C01AA100220A0000012A607824B84B
:101FD000C0035FD600000000000000000000000009
:101FE000810480D28160B0F240008052200000B9AC
:101FF00020005FB800781E1220001FB820005FB8D4
:10200000A0001036214000D11F2003D5200040B988
:10201000C0FF1737C0035FD60000000000000000BB
:10202000022080D2A260B0F2210080522120C01A8A
:10203000410000B9C0035FD60000000000000000AE
:10204000023080D2A260B0F2210080522120C01A5A
:10205000410000B9C0035FD600000000000000008E
:1020600003087E92A260B0D26300028B00041D536D
:10207000E21F80524220C01A640044B92120C01AD5
:102080008200220A2100022A610004B9C0035FD63F
:10209000025080D2A260B0F2210080522120C01AEA
:1020A000410000B9C0035FD600000000000000003E
:1020B000041080D2A460B0F20010001223000012BD
:1020C000850040B9220080524220C01A210441D329
:1020D000A500220A6320C01A6300052A830000B904
:1020E0002120C01A83804CB96200220A2100022AF2
:1020F00081800CB9C0035FD6000000000000000022
:10210000011080D2A160B0F202004093000441931C
:10211000220000B920800CB9C0035FD60000000087
:10212000000180D28060B0F2000440B9C0035FD6E5
:10213000FF4300D100800011005C4092E00700F9ED
:10214000E00740F920C818D5FF430091C0035FD6CF
:10215000FF4300D100800011005C4092E00700F9CD
:10216000E00740F920CC18D5FF430091C0035FD6AB
:1021700000C838D5005C0012C0035FD60000000024
:1021800000CC38D5005C0012C0035FD60000000010
:10219000FF4300D11F0400710600A8D2A000005424
:1021A0001F080071060082D20004A0D2C610809AD7
:1021B000600040F9FF0F00B9650840F9000002CB4C
:1021C000E20F40B90008C69AA508C69A00707D9330
:1021D0000000018BBF00026B6D0200541F2003D56D
:1021E000610C40F9E40300AA002000912200409213
:1021F00061000036620440F9220002AAE10F40B9F2
:10220000820000F921040011E10F00B9610440F9D6
:10221000E20F40B92100068B610400F9BF00026B98
:102220000CFEFF54FF430091C0035FD60000000086
:10223000E70300AAFD7BBCA9E87740B2FD0300914B
:10224000000040F9E10440F9E00702A91F0008EB93
:10225000E10840F9E11B00F9E20C40F9E21F00F946
:10226000480400540200009042E442F9E20F00F9F1
:102270000100018B0900B8D23F0009EB680A005445
:102280000900B0D23F0009EB081400540905009181
:102290003F0009EB490F0054E10F40F9240100CB46
:1022A000E3830091020080D240008052E41B00F9D9
:1022B000B8FFFF97E41340F901000090E50840F9EA
:1022C000840009CB21E842F98400058BE20309AAC6
:1022D00040008052E91300F9E41B00F9ADFFFF97BD
:1022E000FD7BC4A8C0035FD6E97B40B21F0009EBA9
:1022F000E80300540200009042E842F9E20F00F9BE
:102300000100018B0A00B8D23F000AEB680C0054B0
:102310002A0500913F000AEB09130054E10F40F930
:10232000440100CB0205009140008052E3830091FC
:10233000E41B00F997FFFF9701000090E2030AAA4F
:10234000E41340F94000805221EC42F9EA1300F90D
:10235000E50840F984000ACB8400058BE41B00F9F2
:102360008CFFFF97FD7BC4A8C0035FD60800A812AE
:102370001F0008EB080700540100018B0A050091BB
:102380003F000AEB0100009021EC42F9E10F00F957
:10239000E9100054440100CB220500914000805216
:1023A000E3830091E41B00F97AFFFF97010000909E
:1023B000E2030AAAE41340F94000805221F042F9F6
:1023C000EA1300F9E3FFFF170A050091E383009188
:1023D000440100CBE10302AA40008052020080D2F7
:1023E000E41B00F96BFFFF97EA1300F9010000906E
:1023F000E2030AAA40008052EA1B00F921E842F9F0
:1024000064FFFF97EA1B00F9010000900200B0D2C0
:1024100040008052E21300F921EC42F95DFFFF9782
:10242000E91300F9E50040F901000090E40840F9E3
:10243000E20309AA21F042F98400058B840009CB4C
:1024400040008052E41B00F952FFFF97FD7BC4A8B7
:10245000C0035FD6E27F40B21F0002EBA809005420
:102460000100009002050091E3830091400080523A
:1024700021F042F947FFFF97BBFFFF17E10F40F93B
:10248000E3830091020080D24000805241FFFF9719
:10249000FD7BC4A8C0035FD62B050091E10302AA0F
:1024A000640100CBE383009102050091400080525B
:1024B000E41B00F90805009136FFFF97EB1300F9C4
:1024C00001000090E2030BAA40008052E81B00F9D3
:1024D00021EC42F92FFFFF97EA1300F9E50040F9DC
:1024E00001000090E40840F9E2030AAA21F042F951
:1024F0008400058B84000ACB40008052E41B00F965
:1025000024FFFF9798FFFF17E10F40F90A0500919C
:10251000440100CBE3830091020080D2400080524E
:10252000E41B00F91BFFFF97EA1300F9010000907C
:10253000E2030AAA40008052EA1B00F921E842F9AE
:1025400014FFFF97E91300F9E50040F9010000903E
:10255000E40840F9E20309AA21EC42F98400058B62
:1025600084000ACB40008052E41B00F909FFFF976A
:10257000FD7BC4A8C0035FD6E10F40F902050091BE
:10258000E38300914000805202FFFF9776FFFF1720
:102590000000009001F442F942040091E3830091AD
:1025A00020008052FBFEFF976FFFFF17E10F40F9FD
:1025B00022050091E383009140008052F5FEFF97D1
:1025C00069FFFF171F2003D50090001000000000D6
:1025D00000800010000000000070001000000000EB
:1025E000006000100000000020A0001000000000AB
:1025F000FD7BBFA9FD03009100000090004443F95A
:102600000100003201201ED5010000902C5843F932
:1026100001000090244843F901000090234C43F945
:1026200001000090225043F901000090215443F929
:102630008D011891840440B2630440B2420440B258
:10264000210440B2040C00A9020401A91F2003D5F3
:10265000E0030CAA8C810091F6FEFF97BF010CEB02
:1026600081FFFF54E09F88D20080A0F20081C1F278
:1026700000A21ED5A0A386D22010B0F240201ED505
:10268000FD7BC1A8C0035FD600A0001000000000C1
:10269000009000100000000000800010000000000A
:1026A000007000100000000000600010000000003A
:1026B000A038001000000000000000000000000032
:1026C000FD7BBFA960008052FD0300911D020094B4
:1026D000012080D22125B0F20240A0526000805239
:1026E000220000B9220400B9220800B9220C00B966
:1026F000221000B9221400B9220010B9220410B926
:10270000220810B9220C10B9221010B9221410B9E5
:10271000221810B9FD7BC1A8BA0100140000000006
:1027200000103ED59F3F03D5000074B200101ED5A7
:10273000DF3F03D5C0035FD60000000000000000AB
:1027400000103ED59F3F03D500007EB200101ED57D
:10275000DF3F03D5C0035FD600000000000000008B
:1027600000103ED59F3F03D5000040B200101ED59B
:10277000DF3F03D5C0035FD600000000000000006B
:102780009F3F03D51F7508D5BF3F03D52B0039D513
:102790006A6958D38A0500B44A010A8B050080D2C1
:1027A00009008052EC03805205000014A508009136
:1027B000290D00115F0105EB200400546025C99A22
:1027C0001F047FF240FFFF5405001AD59F3F03D539
:1027D000040039D5863043D388084092DF0000F1E9
:1027E000C310C05A63108C1A08110011846C4DD3A9
:1027F000C720C39AE70005AA8220C89AE00002AA6F
:10280000407608D5260200B4420005AAE00306AAD5
:10281000000400D10120C39A210002AA417608D504
:1028200080FFFFB544FCFFB4840400D18220C89A25
:10283000400007AA407608D5F4FFFF179F3F03D555
:10284000DF3F03D5C0035FD624FBFFB4840400D16F
:10285000EAFFFF1700000000000000000000000079
:102860000125B0D200000090024444F900C0885213
:102870006078A472210440B9212048D30020C11AF5
:10288000400000B9C0035FD6004100100000000006
:10289000FD7BBDA920008052FD0300918D010094B5
:1028A000034088D22305B0F222A0945201008CD2BA
:1028B0002125B0F2600040B90000022A600000B992
:1028C000200040B90000022A200000B9BF3F03D514
:1028D0008204B0D20125B0D224008052E001A0527F
:1028E000449C01B9220440B9200400B9200440B935
:1028F000200440B9200440B9200440B9200440B964
:10290000200440B9200440B9200440B90005B0D2E9
:10291000C2C080524200A072020000B9020040B959
:10292000020040B9020040B9020040B9020040B9BB
:10293000020040B9020040B9020040B9E2FDBF12F6
:10294000020800B9020840B9020840B9020840B9BB
:10295000020840B9020840B9020840B9020840B96B
:10296000020840B902C0BF12020C00B9020C40B903
:10297000020C40B9020C40B9020C40B9020C40B93B
:10298000020C40B9020C40B9000C40B9230440B914
:102990000000009005C846F902C088526278A4720F
:1029A000632048D3008893524220C31AA20000B982
:1029B000247000B91F2003D51F2003D50004005147
:1029C000003C0072A1FFFF540225B0D2402040918C
:1029D000E307805221008052438000B9E203012ABC
:1029E00001100079E17F805201180079440B8012B8
:1029F0004101805223008012E11700B91000001439
:102A00000440003902000039030000390200003997
:102A100001004039211C00123F0400716000005485
:102A200001504039211C0012E11740B92104005126
:102A3000E11700B901504039A1000036E11740B953
:102A400001FEFF35FD7BC3A8DA000014000490D21C
:102A50000025B0F221008052E37F805201100079FE
:102A6000E203012A0318007941018052440B8012CD
:102A700023008012E11B00B910000014044000394B
:102A8000020000390300003902000039010040391A
:102A9000211C00123F0400716000005401504039B5
:102AA000211C0012E11B40B921040051E11B00B9B7
:102AB00001504039A1000036E11B40B901FEFF354D
:102AC000FD7BC3A8BB000014000890D20025B0F223
:102AD00021008052E37F805201100079E203012A35
:102AE0000318007941018052440B801223008012A8
:102AF000E11F00B910000014044000390200003941
:102B0000030000390200003901004039211C001285
:102B10003F0400716000005401504039211C001234
:102B2000E11F40B921040051E11F00B901504039B3
:102B3000A1000036E11F40B901FEFF35FD7BC3A8AF
:102B40009C000014000C90D20025B0F221008052AD
:102B5000E37F805201100079E203012A0318007913
:102B600041018052440B801223008012E12300B9FE
:102B7000100000140440003902000039030000393D
:102B80000200003901004039211C00123F0400718D
:102B90006000005401504039211C0012E12340B96B
:102BA00021040051E12300B9015040398100003671
:102BB000E12340B901FEFF35A3FFFF17001090D2BB
:102BC0000025B0F221008052E37F8052011000798D
:102BD000E203012A0318007941018052440B80125C
:102BE00023008012E12700B91000001404400039CE
:102BF00002000039030000390200003901004039A9
:102C0000211C00123F040071600000540150403943
:102C1000211C0012E12740B921040051E12700B92D
:102C20000150403981000036E12740B901FEFF35EF
:102C300085FFFF17001490D20025B0F221008052CA
:102C4000E37F805201100079E203012A0318007922
:102C500041018052440B801223008012E12B00B905
:102C6000100000140440003902000039030000394C
:102C70000200003901004039211C00123F0400719C
:102C80006000005401504039211C0012E12B40B972
:102C900021040051E12B00B9015040398100003678
:102CA000E12B40B901FEFF3567FFFF17001890D2F6
:102CB0000025B0F221008052E37F8052011000799C
:102CC000E203012A0318007941018052440B80126B
:102CD00023008012E12F00B91000001404400039D5
:102CE00002000039030000390200003901004039B8
:102CF000211C00123F040071600000540150403953
:102D0000211C0012E12F40B921040051E12F00B92C
:102D10000150403981000036E12F40B901FEFF35F6
:102D200049FFFF178004B0D2019C41B981000035F2
:102D30001F2003D5019C41B9C1FFFF34044088D254
:102D40002405B0F2C35F8B5202A09452800040B9B8
:102D500001008CD22125B0F20000030A0000022AF3
:102D6000800000B9200040B90000030A0000022AD8
:102D7000200000B9BF3F03D58004B0D221008052AB
:102D8000019C01B9FD7BC3A8C0035FD61F2003D5FA
:102D900000410010000000000000000000000000E2
:102DA000000000140000000000000000000000000F
:102DB000C0035FD60000000000000000000000001B
:102DC000C00000B4E10300AA2280A052000080529B
:102DD000220000B9C0035FD6FD7BBFA9FD030091AF
:102DE000F4FFFF9720008052FD7BC1A8C0035FD68F
:102DF000E4FBFF17000000000000000000000000DE
:102E0000034638D5010080D2014618D58104B0D2DE
:102E1000229C41B9820000351F2003D5229C41B974
:102E2000C2FFFF3401000090216047F9E003002A4F
:102E3000227860785F3C0072C0000054227860788D
:102E4000423C001242040051423C00122278207899
:102E5000217860783F3C00726102005401000090CC
:102E6000266447F9054088D22505B0F204A09452A3
:102E700002008CD22225B0F2C0786078A10040B95F
:102E8000E003202A003C00122100042A2100000A4D
:102E9000A10000B9410040B92100042A2000000A25
:102EA000400000B9BF3F03D58004B0D2210080525A
:102EB000019C01B9034618D5C0035FD61F2003D576
:102EC000705C001000000000A03E00100000000038
:102ED000003C0012034088D22305B0F204008CD2DB
:102EE0002425B0F2010080128504B0D21F2003D542
:102EF000620040B95F00006AE1000054820040B9FE
:102F00005F00006A81000054A29C41B94200003475
:102F1000C0035FD621040071C1FEFF548004B0D20B
:102F2000019C41B961FFFF351F2003D5019C41B9C8
:102F3000C1FFFF34C0035FD60000000000000000A6
:102F4000FD7BBFA9FD030091084638D5010080D262
:102F5000014618D5010000B0271440F9E603002A05
:102F6000E07866781F3C0072400500548004B0D2BF
:102F7000019C41B901040034E07866781F3C00727E
:102F800021020054000000B0001840F9044088D22B
:102F90002405B0F203A0945202008CD22225B0F294
:102FA000810040B9007866782100002A2100032AB8
:102FB000810000B9410040B90000012A0000032A45
:102FC000400000B9E0786678003C0012000400116F
:102FD000003C0012E0782678BF3F03D58004B0D2D1
:102FE00021008052019C01B9084618D5FD7BC1A87B
:102FF000C0035FD61F2003D5019C41B9E1FBFF351B
:103000001F2003D5019C41B961FFFF34DBFFFF178F
:1030100000000090001840F900786678ADFFFF9737
:10302000D6FFFF171F2003D5705C001000000000C2
:10303000A03E0010000000000000000000000000A2
:1030400001000090226840F9E103002A400040F9A5
:10305000400100B4210C001103000090636C40F9A2
:1030600021747E920100018B3F0003EBA801005404
:10307000410000F9C0035FD600000090006440F9F1
:10308000210C001103000090636C40F921747E92C2
:10309000400000F90100018B3F0003EBA9FEFF5443
:1030A000FD7BBFA9FD0300914A3C0094E10300AA07
:1030B0008201805200008092220000B9FD7BC1A8ED
:1030C000C0035FD61F2003D500EE011000000000F2
:1030D000785C001000000000006E0210000000008C
:1030E000000080528104B0D2230080521F2003D5FB
:1030F000222040B96420C01A4224C01AE2000037DE
:10310000222040B98400022A242000B9BF3F03D501
:10311000E203002A237822B822A041B96420C01A11
:103120004224C01A0201003722A041B98400022AB9
:1031300024A001B9BF3F03D5E203002A42800191D8
:10314000237822B8000400111F20007121FDFF54D4
:10315000C0035FD600000000000000000000000077
:10316000067C1053054080D22525B0F2043C48D39C
:1031700022008052031C0012A77866B84420C41AAB
:103180004120C01AA208068BE400240AA47826B8BD
:10319000A47866B82400040A8024C01AC000003451
:1031A0001F2003D5400040B90000010A0024C31AC3
:1031B00080FFFF35C0035FD6000000000000000064
:1031C000FF4300D1FF3F0039E03F4039001C0012AF
:1031D0001F2000716804005400000090063441F97B
:1031E0000A2082520A01A072E13F4039E03F403993
:1031F000C310218B241C7CD34001200B6534403943
:10320000004C1453C86864B86914403964104039DC
:10321000A50001536130403967384039630840B92F
:103220002205042A080800B9A178012A020C00B975
:103230002100072A011001B9031401B9E03F403908
:10324000001C001200040011001C0012E03F0039B5
:10325000E03F4039001C00121F20007169FCFF5440
:10326000FF430091C0035FD6A83E0010000000009D
:10327000420040B93F141E72273C48D3211C001263
:1032800049001D12463C4AD381030054050C278B8C
:1032900028701D53E41F8052E303072A8420C81AB4
:1032A000AA004AB9C620C81A4401240A8400062A82
:1032B000A4000AB9A9030034A70046B9462444D3A0
:1032C000E40780528420C81AE400240AC620C81AE1
:1032D0008400062AA40006B90300038B420C43D3E2
:1032E0004120C11A600050392100002A211C00121F
:1032F00061001039C0035FD6080C278B24100051E1
:10330000E51F8052E303072A84701D530A054AB95A
:10331000A520C41A4501250AC620C41AA500062AFC
:1033200005050AB9090400350400038B2A00805200
:103330004521C11AA51C0012E603252A49041F12C3
:1033400088005039C61C00123F090071C800080AE5
:1033500088001039A0030054440841D39F04007131
:10336000A9FCFF54A204003702486738C600020ACD
:10337000064827380304038B2100010B60008052AC
:103380008420C11A620044790020C11A413C001215
:103390002000200A0000042A003C0012600004798A
:1033A000C0035FD6070546B9462444D3E5078052DB
:1033B000A520C41AE500250AC420C41AA400042AC2
:1033C000040506B9C5FFFF170304038B2100010B99
:1033D000600080524A21C11A620044790020C11A5B
:1033E000413C00122000200A00000A2A003C001282
:1033F00060000479C0035FD602486738421C00129F
:10340000A500022A05482738DBFFFF17000000004F
:10341000E20301AA051C0012E103002A400040B9A2
:10342000233C48D3E00580367F30007169040054A6
:103430003F141E7208001D12013C4AD3400600547E
:103440008605B0D2A4100051C60C238BE21F805217
:1034500084701D53E703032AC9044AB94220C41AE1
:103460002120C41A2201220A4100012AC1040AB9FA
:1034700048070034C30446B9022444D3E10780520C
:103480002120C41A6100210A4220C41A2100022A04
:10349000C10406B9018080D28105B0F2000C43D38B
:1034A000226867380020C51A0000022A001C00129A
:1034B00020682738C0035FD68425B0D22000805210
:1034C0008400238B0320C51A6005B0D285007039B3
:1034D0006300052A631C00128300303965FFFF1763
:1034E0008025B0D2240080520300238B8420C51A8B
:1034F00065007039A51C0012A400240A640030394C
:103500005CFFFF178405B0D2A6701D53840C238B7B
:10351000E21F80524220C61AE703032A2120C61A5E
:1035200089004AB92201220A4100012A81000AB910
:1035300048010034830046B9022444D3E107805295
:103540002120C61A6100210A4220C61A2100022A3F
:10355000810006B9D0FFFF178405B0D28A00078B1F
:103560002900805208041F122121C51A211C0012B3
:1035700046015039E203212A421C00121F09007142
:103580004600060A46011039C0020054060841D31D
:10359000DF04007109F9FF54C00300368048633826
:1035A000001C00122100002A814823388005B0D277
:1035B000A500050B0704078B600080520020C51A88
:1035C000C620C51AE1004479213C00122000200ADF
:1035D0000000062A003C0012E0000479C0035FD618
:1035E0008404078BA500050B600080520020C51ADB
:1035F000810044792921C51A213C00122000200AAB
:103600000000092A003C001280000479C0035FD644
:10361000804863384200000A82482338E4FFFF17DD
:10362000FD7BBEA9FD030091201000B4F30B00F94F
:10363000F30301AAA10F00B4E20300AA200440F999
:10364000000F00B4410040B9804A8A52E009AA72D2
:103650003F00006B400F0054400000B94000805212
:10366000530800F937FEFF976C0240792C010034B3
:103670006B0640F96C4D2C8B600540B9E1030BAA39
:103680006B21009163FFFF977F010CEB61FFFF54FB
:1036900040008052DBFDFF97730A40F940008052E2
:1036A00028FEFF9762C20091030080D2040080527E
:1036B0008705B0D2E0C0238B4824403941204039EF
:1036C000E603032A1F39007100307839000019120F
:1036D00005001C32A51C0012C00800541F7900719F
:1036E000A000801A450440B92000002A001C0012E6
:1036F000BF040071C0060054410C40B90114012AF6
:10370000211C0012404441B8E5C0268B630400919F
:103710001F0400710020C61A8000002AA130383929
:10372000001C00120400841A7F1000F141FCFF54B9
:1037300063420091050080D2090080528705B0D213
:103740006B024039EA00058B62304039A87C409317
:10375000660040B9E000088B42000B2A421C0012B0
:1037600042013839DF040071010200544A097839F6
:1037700008010E91620840B90B1180524A010B0AF0
:1037800061104039E808088BC620C51A4209022A90
:103790002601062A421C0012C91C00122100022A1E
:1037A0006234403902110039620640B96340009129
:1037B000732200912110022A211C001201083839BD
:1037C000C50100B5250080D2DEFFFF17411040B9CA
:1037D000A520C61AE84078390114012AA500082A54
:1037E000A51C0012211C0012E5403839C6FFFF1746
:1037F00000001D32BCFFFF1729151E5340008052E8
:103800002411042A841C0012E44438397DFDFF97FA
:10381000F30B40F900008052FD7BC2A8C0035FD6C5
:103820002000407900F1FF34F30B40F961FDFF9770
:1038300020008052FD7BC2A8C0035FD65DFDFF97CC
:10384000F30B40F9C0018052F4FFFF1700000000A5
:103850001F08007140000054C0035FD600000090B4
:10386000013C44F9200840F980FFFFB400000090BB
:10387000004044F96BFFFF1700BE0110000000007C
:10388000D0EA0110000000001F2003D51F2003D53F
:08389000C0031FD6C0035FD680
:10389800010000000000000000000000000000001F
:1038A8000000000000000000000000100000000000
:1038B800400400000000600000000010000000004C
:1038C80000000010000000000000200000000000C0
:1038D800410400000000000000002010000000006B
:1038E80000000010000000000000200000000000A0
:1038F8004504000000000000000040100000000027
:1039080000004010000000000000C00F0000000090
:1039180040040000000060000000002000000000DB
:10392800000000200000000000002001000000004E
:1039380045060000000000000000202100000000F3
:1039480000002021000000000000E00E0000000040
:10395800400400000000600000000030000000008B
:103968000000004000000000000000080000000007
:1039780045040000000000000000003800000000BE
:1039880000000048000000000000000800000000DF
:103998004504000000000000000000400000000096
:1039A80000000040000000000000000800000000C7
:1039B8004104000000000000000000480000000072
:1039C800000000480000000000000008000000009F
:1039D800410400000000000000000050000000004A
:1039E8000000005000000000000000080000000077
:1039F8004104000000000000000000580000000022
:103A0800000000580000000000000008000000004E
:103A180041040000000000000000006000000000F9
:103A28000000005000000000000000080000000036
:103A380045040000000000000000006800000000CD
:103A4800000000580000000000000008000000000E
:103A580045040000000000000000007000000000A5
:103A680000000070000000000000000400000000DA
:103A78004104000000000000000000740000000085
:103A880000000074000000000000000400000000B6
:103A98004104000000000000000000780000000061
:103AA8000000007800000000000000040000000092
:103AB80041040000000000000000007C000000003D
:103AC8000000007C0000000000000004000000006E
:103AD8004104000000000000000000800000000019
:103AE800000000800000000000000001000000004D
:103AF8004D0600000000600000000081000000008A
:103B0800000000810000000000000001000000002B
:103B18004D06000000006000000000820000000068
:103B2800000000820000000000000001000000000A
:103B38004004000000006000000000830000000056
:103B480000000083000000000000200000000000CA
:103B5800490600000000600000002083000000000B
:103B680000002083000000000000E00000000000CA
:103B78004004000000006000000000840000000015
:103B880000000070000000000000000400000000B9
:103B9800450400000000000000000088000000004C
:103BA8000000008800000000000000020000000083
:103BB8004D060000000060000000008A00000000C0
:103BC8000000008A00000000000000020000000061
:103BD80040040000000060000000008C00000000AD
:103BE8000000008C00000000000000010000000040
:103BF80049060000000060000000008D0000000081
:103C08000000008D0000000000000003000000001C
:103C18004004000000006000000000900000000068
:103C280000000090000000000000400000000000BC
:103C38004D040000000060000000409000000000FB
:103C480000004090000000000000C00100000000DB
:103C58004004000000006000000000920000000026
:103C680000000092000000000000000100000000B9
:103C78004D040000000060000000009300000000F8
:103C88000000009300000000000000010000000098
:103C980040040000000060000000009400000000E4
:103CA8000000007400000000000000040000000094
:103CB800450400000000000000000098000000001B
:103CC8000000007800000000000000040000000070
:103CD80045040000000000000000009C00000000F7
:103CE8000000007C0000000000000004000000004C
:103CF8004504000000000000000000A000000000D3
:103D0800000000A0000000000000001000000000FB
:103D18004504000000000000000000B000000000A2
:103D2800000000B0000000000000001000000000CB
:103D38004504000000000000000000C00000000072
:103D4800000000C00000000000000040000000006B
:103D58004504000000000000000000000100000011
:103D68000000000001000000000000000100000049
:103D78004004000000006000000000000200000095
:103D88000000000002000000000000000200000027
:103D980041040000000000000000000004000000D2
:103DA8000000000004000000000000000200000005
:103DB80041040000000000000000000006000000B0
:103DC80000000000060000000000000002000000E3
:103DD8004104000000000000000000000000000096
:103DE80000000000000000000000000000000000CB
:103DF8004004000000006000000000000000000017
:103E080000000000000000000000000000000000AA
:103E180040040000000060000000000000000000F6
:103E2800000000000000000000000000000000008A
:103E380040040000000060000000000000000000D6
:103E4800000000000000000000000000000000006A
:103E580040040000000060000000000000000000B6
:103E6800000000000000000000000000000000004A
:103E78004004000000006000000000000000000096
:103E8800000000000000000000000000000000002A
:103E98004004000000006000010002000400080067
:103EA80003000000000000000F000F0001010300E4
:103EB80001000000000000000F000F0001010100D8
:103EC80003000000000000000F000F0001010300C4
:103ED80001000000000000000F000F0001010100B8
:103EE80001000000000000000F000F0001010100A8
:103EF8000F000000000000000F000F0001010F007C
:103F080001000000000000000F000F000101010087
:103F180003000000000000000F000F000101030073
:103F280003000000000000000F000F000101030063
:020000041001E9
:10000000FD7BBCA9FD030091E0E30091F35301A93E
:10001000F55B02A91500009016000090FF3B00B9A7
:1000200068CBFF970100009000000090E4E74039A2
:10003000219C40F9E3EB4039E2EF403900A040F960
:10004000700A00940000009000A440F9550B009441
:10005000000000900100009034AC40F901A840F984
:10006000E00314AAAB06009420030035E00314AAB1
:1000700048060094F303002AE00300359305B0D24C
:100080000000009000C440F9E2178052617E4039C0
:100090002100020A617E0039420B009400000090AA
:1000A00001C840F91F2003D5607E4039001C0012B2
:1000B00000001A52607E00393F0000B9200040B9AC
:1000C0001F240071C9FFFF54F8FFFF17F303002A34
:1000D0000000009001B040F9A0B640F9490A009430
:1000E000C0BA40F9E103132A460A0094000020D464
:1000F000DFFFFF17E00314AA460600944001003515
:10010000A0B640F90100009021C040F93D0A0094DA
:10011000C0BA40F9E103132A3A0A0094000020D43F
:10012000D7FFFF170000009001BC40F9A0B640F9CE
:10013000340A0094F3FFFF17F0B50110000000002F
:10014000F8B501100000000018B801100000000010
:10015000D0BD01100000000040EB011000000000C5
:1001600048B901100000000068B90110000000004B
:1001700080B9011000000000A0B9011000000000CB
:10018000C8B9011000000000F0B901100000000023
:1001900070E50110000000000000000000000000F9
:1001A000000840B9C00000350000009001E040F9AF
:1001B000200040B900040011200000B9C0035FD640
:1001C00070E50110000000000000000000000000C9
:1001D000FD7BBCA9FD030091F35301A90000009031
:1001E000134841F9F55B02A9600240B9F71B00F919
:1001F0002003003400000090174C41F900000090EB
:10020000165441F900000090005841F9150840F9D2
:10021000140440A9A20240F9E00314AA40003FD60A
:10022000A30640F9F303002AE10240B9E00314AA4F
:1002300002008052C142218B60003FD6F55B42A98B
:10024000E003132AF35341A9F71B40F9FD7BC4A82F
:10025000C0035FD600000090174C41F900000090E9
:10026000035041F900000090165441F9028080D2F9
:10027000010080527F0000B9E00316AAFF0200B916
:10028000400C009420008052600200B9DEFFFF178E
:100290008CE901100000000084E90110000000005A
:1002A00080E901100000000080E50110000000005E
:1002B00020BD011000000000000000000000000050
:1002C000FD7BBEA9FD0300910200009042C441F9EC
:1002D000F35301A9F40300AAF303012A400040B933
:1002E000C0040034F30400340000009008C841F951
:1002F0000000009002CC41F90000009006D041F9C6
:1003000027008052010140B9E30314AA8542338BD0
:10031000E700144B1F2003D5400040B91F00016BBC
:10032000C0FFFF54C4486138210400116400003943
:100330003F00107121309F1AE000030B9F280071CD
:1003400063040091A00000549F340071E000005449
:100350007F0005EB21FEFF54010100B9F35341A9D1
:10036000FD7BC2A8C0035FD6C44861389F280071D6
:1003700000FFFF54F9FFFF1796FFFF97DAFFFF1703
:1003800000008052F6FFFF178CE90110000000000A
:1003900080E901100000000084E901100000000065
:1003A00080E50110000000000000000000000000D7
:1003B000FD7BBDA9FD03009102000090421442F9AB
:1003C000F35301A9F40300AA400040B9F51300F962
:1003D000F503012A6002003400000090001C42F97D
:1003E00001000090331842F9E203152A030840F98E
:1003F000E10314AA000040F97F0200B9630840F944
:1004000060003FD61F2003D5610240B9E1FFFF34F1
:10041000F35341A9F51340F9FD7BC3A8C0035FD690
:100420006CFFFF97EDFFFF178CE901100000000043
:1004300088E901100000000020BD0110000000004C
:10044000FD7BBEA9FD03009101000090216C42F9E3
:10045000F30B00F9F30300AA200040B9A003003415
:10046000330300B4600640B9A000083601000090D4
:10047000217042F922008052220000B94002103659
:1004800000000090007442F901000090217842F9C8
:10049000020040B9040040B9630A40B99FFC0F71E3
:1004A0002348223888000054010040B9210400117B
:1004B000010000B9010040B93FFC0F714900005430
:1004C0001F0000B9F30B40F9FD7BC2A8C0035FD643
:1004D00040FFFF97E3FFFF178CE9011000000000C9
:1004E00088E901100000000084E90110000000000C
:1004F00080E5011000000000000000000000000086
:10050000FD7BBCA9FD0300910300009063E042F96C
:10051000F35301A9F403002AF30302AA600040F98F
:10052000600000B4022440F9020300B49F4E007141
:10053000680300540000009000E442F9947E7C932C
:10054000F51300F91500148B006874B81F0400310E
:1005500040020054E00301AAE103132A59FFFF9768
:100560001F04003160020054A10E40B96002004B2C
:100570002100000BA10E00B9F51340F9F35341A976
:10058000FD7BC4A8C0035FD6E11F00F9550B0094A2
:10059000E11F40F9E6FFFF17F51340F90D0700943E
:1005A00021018052010000B900008012F4FFFF1702
:1005B000F51340F900008012F1FFFF171F2003D54B
:1005C00078B401100000000090E901100000000064
:1005D000FD7BBDA9FD03009103000090634C43F92E
:1005E000F35301A9137C4093F40301AA600040F97E
:1005F000F51300F9F503022A600000B4012440F964
:10060000A10300B47F4E0071C803005400000090A5
:10061000005043F9617E7C930200018B016861B850
:100620003F040031E0020054BF0A0071A8010054E9
:10063000BF060071000100541310138BE00314AACD
:10064000740E00B9F35341A9F51340F9FD7BC3A81B
:10065000C0035FD6410C80B9940201ABE5FEFF54A4
:10066000DC060094C1028052010000B900008092B3
:10067000F5FFFF171B0B00947F4E007189FCFF54A0
:10068000D406009421018052010000B9000080923C
:10069000EDFFFF171F2003D578B401100000000004
:1006A00090E90110000000000000000000000000C0
:1006B000FD7BBCA9FD0300910300009063C843F9D2
:1006C000F35301A9F303002AF40302AA600040F9DE
:1006D000600000B4022440F9020300B47F4E0071B0
:1006E000680400540000009000CC43F9737E7C93B2
:1006F000F51300F91500138B006873B81F0400315F
:1007000040030054E00301AAE103142A29FFFF97E4
:100710008003F837A20E40B98002006B4100000B45
:10072000A10E00B920010054F51340F9F35341A97B
:10073000FD7BC4A8C0035FD6E11F00F9E90A00945D
:10074000E11F40F9E6FFFF17A2060094E10300AAAB
:10075000F51340F9000080523F0000B9F35341A95E
:10076000FD7BC4A8C0035FD6F51340F99906009439
:1007700021018052010000B900008012ECFFFF1738
:10078000F51340F900008012E9FFFF171F2003D581
:1007900078B401100000000090E901100000000092
:1007A000FD7BBEA9FD03009101000090211444F9D6
:1007B000F30B00F9F303002A200040F9600000B4B5
:1007C000012440F9E10100B47F4E00712802005479
:1007D00000000090011844F9737E7C93206873B880
:1007E0001F0400316001005402008012000080529A
:1007F000226833B8F30B40F9FD7BC2A8C0035FD673
:10080000B80A00947F4E007149FEFF541F2003D5A3
:1008100070060094E10300AA2201805200008012B9
:10082000220000B9F4FFFF1778B4011000000000A7
:1008300090E901100000000000000000000000002E
:100840000004004F03008452028080D200008052D6
:100850003F3000F9200000AD200002AD230400B9B4
:10086000200001AD222400F9C0035FD60000000083
:10087000FD7BBEA9FD03009101000090217844F9A1
:10088000F30B00F9F303002A200040F9600000B4E4
:10089000012440F9C10100B47F4E0071E801005409
:1008A00000000090017C44F9607E7C93206860B871
:1008B0001F040031200100547F060071E0879F1A59
:1008C000F30B40F9FD7BC2A8C0035FD6850A0094F4
:1008D0007F4E007169FEFF543E060094E10300AABA
:1008E0002201805200008052220000B9F5FFFF175C
:1008F00078B401100000000090E901100000000031
:10090000FD7BBFA9FD030091BEFDFF970000805253
:10091000FD7BC1A8C0035FD60000000000000000FE
:10092000C0008052C0035FD600000000000000003D
:10093000FD7BBCA9FD030091F35301A9F30300AAB9
:10094000002440F9E00200B4041440A9F4A300918B
:10095000E49702A9030840F9830A00F9651A40F9EF
:10096000632240F9642A40F9A500403905080029AE
:10097000010800B9040800F960003FD6602640F97C
:10098000A00000B4E28F42A9020C00A9810A40F93C
:10099000010800F9F35341A9FD7BC4A8C0035FD649
:1009A000F4A30091E00314AAEDFFFF17000000007C
:1009B000021840F9011840B9421C40F9C20100B4C4
:1009C00041000034C0035FD6021C40F9410840B921
:1009D000032040F921780B1221000B32410800B9A5
:1009E0001F0800F903FFFFB402108052010080527B
:1009F000D0FFFF17021C40F9A1FEFF340408403964
:100A0000030840F9840400129F080071C0010054DB
:100A100065004039440440B9A4200033440400B9BF
:100A2000020040F942441053E403022A2100024B21
:100A30006300048B030800F9011800B941FCFF357D
:100A4000E2FFFF1765004079440440B9A420003359
:100A5000440400B9F3FFFF1700000000000000008D
:100A6000FD7BBFA9FD030091A00100B4810100B48A
:100A7000E40300AAA02A89526068AA72850440B9DA
:100A8000BF00006B41010054810C04A9000080529A
:100A9000822800F9FD7BC1A8C0035FD6C5C8FF97B7
:100AA00020008052FD7BC1A8C0035FD6C1C8FF975C
:100AB000E0008052FD7BC1A8C0035FD600000000AB
:100AC000FD7BBFA9FD030091000800B4030440B9F9
:100AD000A22A89526268AA727F00026BE107005461
:100AE000021C40F9431440B9636458D37F04007179
:100AF000C8060054430840B9C4FD9F52C4F9BF72F0
:100B00006400040A440800B963740A12440840B936
:100B1000A40100361F2003D51F2003D5021C40F975
:100B2000440840B9040100361F2003D5021C40F9D7
:100B3000440840B924FF0737030000141F2003D5E1
:100B4000021C40F9440840B9A4FF2737441040B9BB
:100B500006EE9F5226E6BF72210040B9E511805291
:100B6000C519A0722100060A8400050A1F0800F9B1
:100B70002100042A411000B9430800B9410840B9D6
:100B80006100014AC10000361F2003D5021C40F954
:100B9000410840B92100034A81FF0737410840B9A5
:100BA0006100014AC10020361F2003D5011C40F915
:100BB000210840B92100034A81FF273700008052F5
:100BC000FD7BC1A8C0035FD67AC8FF972000805282
:100BD000FD7BC1A8C0035FD676C8FF97E0008052B6
:100BE000FD7BC1A8C0035FD600000000000000002C
:100BF000FD7BBFA9FD030091800100B4610100B439
:100C0000020440B9A02A89526068AA725F00006B92
:100C1000410100540004002F00008052FD7BC1A858
:100C2000200000FDC0035FD662C8FF9720008052FD
:100C3000FD7BC1A8C0035FD65EC8FF97E00080526D
:100C4000FD7BC1A8C0035FD60000000000000000CB
:100C5000FD7BBFA9FD030091E00300B4E20300AAFD
:100C6000A02A89526068AA72430440B97F00006BD1
:100C7000A1020054C0008052C1010836401C40F956
:100C8000030840B963740A12030800B9004840B968
:100C9000C000F0371F2003D51F2003D5401C40F9AA
:100CA000004840B9A0FFF736000080525F1800B935
:100CB00061000036000080525F2800B9FD7BC1A8AA
:100CC000C0035FD63BC8FF97E0008052FD7BC1A800
:100CD000C0035FD637C8FF9720008052F8FFFF1788
:100CE000FD7BBFA9FD030091C00100B4A10100B4C8
:100CF000E20300AAA02A89526068AA72430440B99C
:100D00007F00006B61010054432840B9000080520D
:100D1000230000B95F2800B9FD7BC1A8C0035FD6DE
:100D200024C8FF9720008052FD7BC1A8C0035FD676
:100D300020C8FF97E0008052FD7BC1A8C0035FD6AA
:100D4000FD7BBEA9FD030091600500B4410500B420
:100D500022050034E30300AAA02A89526068AA721F
:100D6000640440B99F00006BE105005465084039F8
:100D7000A5040012BF080071C0040054601840B9F7
:100D800080050035641C40F9BF080071650040F91A
:100D9000860840B9C6740A12860800B9A5441053E3
:100DA000860840B9E703052A4200054B2500078B5A
:100DB000650800F9C5000C32621800B9850800B951
:100DC000E000005421004039820440B92220003361
:100DD000820400B9FD7BC2A8C0035FD6220040791F
:100DE000810440B941200033810400B9FD7BC2A8D1
:100DF000C0035FD6EFC7FF9720008052E01F00B905
:100E0000ECC7FF97E01F40B9FD7BC2A8C0035FD6C7
:100E10004100003742FB0736E6C7FF97600080526B
:100E2000F7FFFF17E3C7FF97E0008052F4FFFF17BB
:100E3000E0C7FF9700018052E7FFFF1700000000A6
:100E4000FD7BBFA90300009002000090000000900D
:100E5000FD030091633447F981408052423847F9DD
:100E6000003C47F9CFC7FF9718BA011000000000F7
:100E7000B8D801100000000020BA011000000000E6
:100E8000C0008052C0035FD60000000000000000D8
:100E9000FD7BBDA9FD030091F35301A9F40300AA52
:100EA000F303022AF51300F9E003022A35101D535B
:100EB0008203F837E7C3FF979AC4FF97E303002A3A
:100EC000615C409202008052637C78D3E003132A75
:100ED000631C6092210003AAF6C3FF97E103152A61
:100EE000E003132AE3C3FF97E003132A4100805273
:100EF00000C4FF97E003132A2100805225C4FF9706
:100F0000738200110000009000C047F9F51340F90A
:100F100014D833F8F35341A9FD7BC3A8C0035FD6AF
:100F200048C4FF977FC4FF97E303002A615C4092A7
:100F300002008052637C78D3E003132A631C609222
:100F4000210003AADBC3FF97E103152AE003132A5C
:100F500044C4FF97E003132A4100805255C4FF9711
:100F6000738200110000009000C047F9F51340F9AA
:100F700014D833F8F35341A9FD7BC3A8C0035FD64F
:100F80009041001000000000000000000000000080
:100F9000FD7BBEA9FD030091C00B00B4F30B00F96B
:100FA000F30300AAA02A89526068AA72610640B9B8
:100FB0003F00006B410A0054611E40F97F0600B9F2
:100FC0003F0800B9200840B9400100361F2003D572
:100FD0001F2003D5611E40F9200840B9A0FF073744
:100FE000200840B9A00020361F2003D5611E40F91B
:100FF000200840B9A0FF2737601A40F9221440B9F1
:10100000001440B942740612221400B90005F837E2
:1010100090C3FF97601A40F9002C40B90005F837DB
:101020008CC3FF97601A40F9001C40B90005F837DF
:1010300088C3FF97601A40F9002440B90005F837CB
:1010400084C3FF9720008052BEC7FF97034638D560
:10105000000080D2004618D5601A40F900004039DF
:101060001F10007108040054046080D20405B0F21F
:1010700001200011E20304AA840040B9200080523C
:101080000020C11A0000042A400000B9400040B905
:10109000034618D5200080525AC7FF97F30B40F93A
:1010A00000008052FD7BC2A8C0035FD6E5C3FF9756
:1010B000601A40F9002C40B940FBFF36E1C3FF97AE
:1010C000601A40F9001C40B940FBFF36DDC3FF97B2
:1010D000601A40F9002440B940FBFF36D9C3FF979E
:1010E000D9FFFF17016380D20125B0F220008052A2
:1010F000E20301AA240040B9E3FFFF172DC7FF97C1
:10110000F30B40F9E0008052FD7BC2A8C0035FD61C
:1011100028C7FF9720008052E3FFFF170000000060
:10112000FD7BBEA9FD030091600200B4410200B442
:1011300022020034E30300AAA02A89526068AA723E
:10114000640440B99F00006BE1020054600840391C
:10115000000400121F080071C0010054602840B94B
:1011600080020035611000F9622800B9FD7BC2A839
:10117000C0035FD60FC7FF9720008052E01F00B961
:101180000CC7FF97E01F40B9FD7BC2A8C0035FD624
:101190004100003742FE073606C7FF9760008052C5
:1011A000F7FFFF1703C7FF97E0008052F4FFFF1718
:1011B00000C7FF9700018052EDFFFF1700000000FD
:1011C000FD7BBDA9FD030091A01F00B4F35301A94D
:1011D000F40301AA612600B4F51300F9352840F99B
:1011E000B51E00B4F30300AAA01A40F9401E00B4D3
:1011F000A00A40F9001E00B4610640B9A02A895235
:101200006068AA723F00006BE025005481024039FB
:10121000E00780520024C11A001F0036A02240B906
:101220001F140071401F0054800A40B91F04007150
:10123000201C0054801640B9E01BF837801E40B9CE
:10124000A01BF837802640B9601BF837822E40B9C2
:10125000221BF8377F020039E00313AA630A4039E2
:10126000810640B9842240F93F000071E1179F1ABE
:10127000642200F921040011741A00F9842640F94F
:1012800023040033630A00397F9204A981A2403904
:1012900000FFFF9781424039E00313AA821640B94C
:1012A000FCFEFF9781624039E00313AA821E40B919
:1012B000F8FEFF9781824039E00313AA822640B9E5
:1012C000F4FEFF97200080521EC7FF97034638D5D3
:1012D000000080D2004618D5800240391F100071EE
:1012E00068170054026080D20205B0F20520001198
:1012F00021008052440040B92120C51A8100210AF2
:10130000410000B9410040B9401900341F04007188
:10131000C11C005400808AD20000B0F21F2003D507
:10132000010040B9010040B9010040B9010040B9D5
:10133000010040B9010040B9000040B9034618D58A
:1013400020008052AFC6FF97A31A40F9631E00F930
:101350007F0800B9600840B9400100361F2003D55E
:101360001F2003D5631E40F9600840B9A0FF07376E
:10137000600840B9A00020361F2003D5631E40F945
:10138000600840B9A0FF273700028052600C00B906
:1013900080E09F5200E0BF72601000B9604082524E
:1013A000601400B9E07F80527F1800B98102403993
:1013B0000024C11A60000036E0E3A352602400B9A3
:1013C000800640B9666082521F0C0071A000005474
:1013D0001F0000716600825260408252C600801A6F
:1013E000822A40F9881241294700402941144429A2
:1013F000EA0408530000115300000A2A493840B992
:10140000A5000B5321040012A438042A3F190071CF
:101410000000042A21041C320000062A04001932AC
:101420008000801A601400B9C80000341F090071E0
:1014300000608052042080520010841A2100002A8B
:10144000450840B9E4080051A0080012BF0000712F
:1014500000040051000808530000012A0000043273
:101460000110811A610C00B99F04007189100054A9
:10147000400840F904EE9F5224E6BF72611040B963
:10148000E5118052C519A072000040B92100050A7B
:101490000000040A0000012A601000B9401440F95D
:1014A00005028052E5A0B772422840B9661A40F999
:1014B00004B068D3019060D342000012803C105306
:1014C0000120012AD41440B92100022A613000B958
:1014D000656800B9E003142A7F0A00F97F1A00B991
:1014E0007F1200F97F2A00B9340CF83779C2FF97D0
:1014F000E003142A4FC2FF97601A40F9142C40B938
:10150000E003142AD40AF83772C2FF97E003142AC2
:1015100048C2FF97601A40F9141C40B9E003142A2E
:101520007409F8376BC2FF97E003142A41C2FF9792
:10153000601A40F9142440B9E003142A1408F8375B
:1015400064C2FF97E003142A3AC2FF97601E40F975
:10155000218280522100A072010800B9010840B91F
:10156000410100371F2003D51F2003D5601E40F91D
:10157000010840B9A1FF0736000840B9A000203794
:101580001F2003D5601E40F9000840B9A0FF273690
:10159000A11E40B9A22A89526268AA720000805234
:1015A000F51340F962860029F35341A9FD7BC3A8D6
:1015B000C0035FD6F35341A9F51340F9FDC5FF976A
:1015C00020008052FD7BC3A8C0035FD6016380D298
:1015D0000125B0F21F140071200040B900781F12DD
:1015E000200000B9200040B94108005400008AD210
:1015F0000020B0F24BFFFF17EEC5FF97F35341A950
:1016000040AF8052F51340F9EFFFFF17A11E40B91C
:10161000E0FF9F523F00006B81E0FF54E5C5FF975C
:10162000F35341A960008052F51340F9E6FFFF171C
:1016300000008AD20000B0F23AFFFF1795C2FF9770
:10164000E003142A77C2FF97C1FFFF1791C2FF97EB
:10165000E003142A73C2FF97B6FFFF178DC2FF97EE
:10166000E003142A6FC2FF97ABFFFF1789C2FF97F1
:10167000E003142A6BC2FF97A0FFFF17601040B968
:10168000FF080071001C1832601000B981F0FF548F
:10169000601040B900001B32601000B980FFFF17D6
:1016A000F35341A9C6FFFF171F08007160010054E2
:1016B0001F0C00718101005400808BD20000B0F239
:1016C00018FFFF17BBC5FF97F35341A9C001805214
:1016D000F51340F9BCFFFF1700008BD20000B0F2F9
:1016E00010FFFF1700008CD20000B0F20DFFFF17B3
:1016F000D4FDFF9700000000000000000000000083
:101700000000009000A043F901000090229C43F9E2
:1017100001000090219843F9000040390004005175
:10172000407860B80080001120D860F8A1FCFF1755
:101730009041001000000000104100100000000067
:101740000841001000000000000000000000000040
:10175000FD7BBDA9FD03009100000090001C44F931
:10176000F30B00F901000090221844F901000090E9
:10177000211444F90000403900040051407860B859
:101780000080001133D860F8611E40F9602A40B92A
:10179000210040B921200012E12F00B900010035DD
:1017A000602240F9A00200B4E00313AA8200805234
:1017B000F30B40F9FD7BC3A85EFCFF17620240F902
:1017C000E1B30091601240F9424450D3AD0400945B
:1017D000610240F9621240F921441053602A40B975
:1017E000E303012A0000014B4100038B611200F961
:1017F000602A00B980000034F30B40F9FD7BC3A8D8
:10180000C0035FD6602240F980FFFFB4E00313AA53
:1018100022008052F30B40F901008052FD7BC3A8E7
:1018200044FCFF171F2003D590410010000000006A
:1018300010410010000000000841001000000000EE
:1018400000000090005C44F901000090225844F927
:1018500001000090215444F9FF4300D100004039B9
:1018600000040051407860B80080001120D860F872
:10187000018C43A9220840B942740A12220800B917
:10188000210840B9E10F00B9E10F40B9A30000B44D
:1018900042008052FF4300910100805225FCFF1757
:1018A000FF430091C0035FD690410010000000008C
:1018B000104100100000000008410010000000006E
:1018C0000000009000C044F90100009022BC44F9DF
:1018D0000100009021B844F9FF4300D100004039D5
:1018E00000040051407860B80080001120D860F8F2
:1018F000031C40F9610040B9644840B9212000123E
:10190000826058D342681B53E401E03784000572BB
:1019100045001D32A210821A646840B90620A35205
:10192000052040F98400062A646800B9634840B97C
:10193000E30F00B9E30F40B9850100B4FF43009104
:10194000FCFBFF1784000572654840B944001C3257
:1019500042041D324210841A44001A32BF0071F250
:101960008200821AEDFFFF17FF430091C0035FD68C
:101970009041001000000000104100100000000025
:1019800008410010000000000000000000000000FE
:10199000FD7BBFA9FD030091000300B4020040B924
:1019A00081AA89526108A0725F00016BE1010054B5
:1019B000018C40A922008052000080522140403911
:1019C0002400020A211C41D34220C41A21D476D318
:1019D000646861784200042A423C001262682178FF
:1019E000FD7BC1A8C0035FD6F2C4FF97E000805220
:1019F000FD7BC1A8C0035FD6EEC4FF9720008052D4
:101A0000F8FFFF17000000000000000000000000C9
:101A1000FD7BBDA9FD030091000700B4F35301A9AC
:101A2000F40300AA80AA89526008A072810240B91A
:101A30003F00006B81050054840A40F9F51300F95A
:101A4000950640F921008052B3424039A01640B9B2
:101A50006202010A737E01532120C21A631A76D3EF
:101A600082686378423C00124100210A8168237831
:101A7000C002F8362000805232C5FF97024638D5A2
:101A8000000080D2004618D50105B0D2730A0011BB
:101A900020008052230C43B91320D31A7302032A67
:101AA000330C03B9210C43B9024618D5D5C4FF97AE
:101AB000F51340F99F0200B9F35341A90000805289
:101AC000FD7BC3A8C0035FD6E2C0FF97A01640B954
:101AD00001000090218445F9008000113FD820F8D2
:101AE000E5FFFF17B3C4FF97F35341A9E00080520D
:101AF000FD7BC3A8C0035FD6AEC4FF972000805211
:101B0000F0FFFF171F2003D59041001000000000D8
:101B1000FD7BBDA9FD030091C10E00B4F55B02A9D8
:101B2000F50300AA400E00B4F35301A9F30301AA80
:101B3000210840B93F080071E0979F1A3F00006AF2
:101B4000400D0054A10240B980AA89526008A072D9
:101B50003F00006B0011005474424039E00780528E
:101B60000024D41AE00F0036600E40F9C00D00B416
:101B7000601640B9A010F83720008052F1C4FF97DA
:101B8000034638D5000080D2004618D50105B0D2F2
:101B9000827E01534208001120008052240C43B978
:101BA0009F02006B0020C21A8000200A200C03B99B
:101BB000200C43B9690A00549F0E0071C80B0054F1
:101BC0000001B0D20100487901004879010048794C
:101BD00001004879010048790100487900004879FE
:101BE000034618D52000805286C4FF97618241A920
:101BF0000201B0D2741640B936008052B38A00A9EF
:101C0000B61A00B9A17E02A9A01A00F9608640297F
:101C100064424039210C00120004005183004092BC
:101C2000210C0051841C41D3003C00126304038B3F
:101C3000210841D384D476D321001A328304038B44
:101C40004200038B5F0400795F080079410400794A
:101C5000400C00795F0800799403F83773464039E7
:101C600030C1FF97E303002A02008052615C40927A
:101C7000E003142A637C78D3631C6092210003AADA
:101C80008CC0FF9761121D53E003142A79C0FF979F
:101C9000E003142A4100805296C0FF97E103162A00
:101CA000E003142ABBC0FF970000009001EC46F946
:101CB00082820011E003142A35D822F885C0FF97EC
:101CC000E003142A5BC0FF97F35341A981AA89520C
:101CD0006108A072A10200B9F55B42A90000805220
:101CE000FD7BC3A8C0035FD6F35341A9F55B42A9AE
:101CF00030C4FF9720008052FD7BC3A8C0035FD68D
:101D00000001B0D201004079010040790100407922
:101D100001004079010040790100407900004079DC
:101D2000B0FFFF17600240B91F04007161F2FF5459
:101D300090FFFF179F160071280300540001B0D2D6
:101D4000010050790100507901005079010050796B
:101D5000010050790100507900005079A1FFFF1770
:101D600014C4FF97F35341A940AF8052F55B42A9D9
:101D7000E2FFFF170FC4FF97F35341A9C001805240
:101D8000F55B42A9DDFFFF170AC4FF97F35341A992
:101D900060018052F55B42A9D8FFFF170000009058
:101DA00003E046F90000009002E446F900000090CC
:101DB00000E846F981408052FAC3FF971F2003D5FF
:101DC00018BA01100000000028D90110000000001E
:101DD00020BA011000000000904100100000000037
:101DE000FD7BBDA9FD03009100000090006447F950
:101DF000F30B00F901000090226047F90100009008
:101E0000216847F90000403900040051407860B86B
:101E10000280001133D862F8620640F9410040B9EF
:101E20003F04007140020054611240F9A10100B466
:101E3000601640F9E00300B4020C40A9E20F02A9C9
:101E4000621A40F9020000F91F0800B920003FD6CD
:101E5000601640F9600000B4E20F42A9020C00A92C
:101E6000F30B40F9FD7BC3A8C0035FD64340403964
:101E7000640A40F962000012637C01532120C21AF7
:101E80004204028B661876D3C204028B8200028B56
:101E900085686678A33C00126100210A8168267873
:101EA0005F080079A000F8370AC0FF97DFFFFF172F
:101EB000E0830091E3FFFF1776C0FF97DBFFFF177A
:101EC0001041001000000000084100100000000058
:101ED0009041001000000000000000000000000021
:101EE000C0035FD6000000000000000000000000FA
:101EF000FD7BBEA9637C4093FD030091F30B00F9C9
:101F0000F30301AA2124C079EA070094E000F8B79E
:101F1000614A40F92100008B614A00F9F30B40F956
:101F2000FD7BC2A8C0035FD66122407921781312DD
:101F300061220079F30B40F9FD7BC2A8C0035FD694
:101F4000FD7BBDA9FD0300912420C079F35301A9B5
:101F5000F30301AAF40300AAF55B02A9F50302AAA0
:101F6000F603032A840140376126C079847813126E
:101F700064220079C37E4093E20315AAE00314AA09
:101F80007C000094F35341A9F55B42A9FD7BC3A8F3
:101F9000C0035FD62124C07943008052020080D262
:101FA000AC0700946422C079F0FFFF170000000026
:101FB000FD7BBEA9FD030091F30B00F9F30301AA19
:101FC0002124C079A30700946122C0791F0400B1C5
:101FD000E00000542100143261220079604A00F9C7
:101FE000F30B40F9FD7BC2A8C0035FD62178131222
:101FF00061220079F30B40F9FD7BC2A8C0035FD6D4
:102000002124C079730300140000000000000000C8
:1020100000000000000000000000000000000000C0
:1020200000000000000000000000000000000000B0
:1020300000000000000000000000000000000000A0
:102040005F2403D5042C40929F803FF1C8060054C2
:10205000020C40A9E8C300B2440008CB45D800B246
:10206000660008CB67D800B2840025EAC500278A3D
:10207000A00840FA000100548430859A000180D203
:10208000840CC0DAE033809A8410C0DA000C448BF0
:10209000C0035FD6020C41A9440008CB45D800B26A
:1020A000660008CB67D800B2840025EAC500278AFD
:1020B000A00840FA400100548430859A000380D281
:1020C000840CC0DA060280D28410C0DAC030809A54
:1020D000000C448BC0035FD61F2003D501E87B9220
:1020E0002108C1AD20AC226E00AC206E0098200EFD
:1020F0000300669E63FFFFB42098204E200000CBB3
:10210000630000354098204E0040009100840C0F81
:102110000300669E6300C0DA6210C0DA0008428BDA
:10212000C0035FD601E87B92628081520206B872DA
:1021300021A0404C400C044E2198204E4298204E45
:10214000211C204E421C204E20BC224E00BC204EA2
:102150000300669E04F87FD36324C49A23FCFFB473
:102160006300C0DA6010C0DA00FC41D3C0035FD660
:10217000FD7BBEA9FD030091F35301A974000090FB
:10218000F30300AAE003012AE10302AA9FBA0BB9F4
:10219000E20303AA47F9FF97017C40931F04003133
:1021A000A0000054F35341A9E00301AAFD7BC2A89B
:1021B000C0035FD680BA4BB960FFFF34600200B93C
:1021C000E00301AAF35341A9FD7BC2A8C0035FD677
:1021D000400000B0003C42F9C0035FD600000000A0
:1021E000FD7BBAA9FD030091F35301A9345C009172
:1021F000F55B02A9F50300AA9FBA00F1A80C0054F0
:102200003F8000F188190054EA020094140480D23F
:10221000010A80D28000805256000090D6022B9195
:10222000C102018B00080011214000D1330C40F99C
:102230007F0201EBC11D0054D31240F9460000900B
:10224000C6402B917F0206EB600F0054610640F9F7
:1022500021F47E92220014CB5F7C00F1AC27005465
:10226000C61A02A98217F8B6C50640F93FFC07F165
:10227000C81E005422FC43D3230080D24104001125
:10228000427C021321781F536220C29AA50002AA41
:10229000C1CE218B22045FF8C50600F9620601A9B0
:1022A000330800F9530C00F9017C0213240080D29A
:1022B0008420C19A9F0005EBA80C00549F0005EAFA
:1022C000C100005400741E1284F87FD30010001166
:1022D0009F0005EAA0FFFF54E90180920704001166
:1022E000E803002AE7781F5327CD278BC702078B07
:1022F000E50307AAA10C40F909000014220440F9E3
:10230000F30301AA210C40F942F47E92430014CB5E
:102310007F7C00F12C1E0054E31FF8B6BF0001EBD8
:10232000E1FEFF541FF900712D240054A5400091D7
:10233000080500111F0540F2E1FDFF5405000014DF
:10234000E1045FF8000400513F0007EB0134005442
:102350001F0440F261FFFF54C00640F90000248AC8
:10236000C00600F984F87FD3810400D13F0000EB60
:10237000830000543600001484F87FD30811001144
:102380009F0000EAA0FFFF54E003082AD4FFFF17D4
:1023900094EE7C92E27B40B29F0202EB229054FAD0
:1023A000A80C0054830200949FDE07F1891C00549E
:1023B00081FE49D3810C00B43F1000F1A8170054EE
:1023C00081FE46D320E4001125E0001104781F535C
:1023D000847C7D9356000090D6022B91C402048B1E
:1023E000844000D1930C40F99F0013EBE1000054AE
:1023F00092FFFF17630E40F9C211F8B6F30303AA68
:102400009F0003EBA0F1FF54610640F921F47E9296
:10241000220014CB5F7C00F1EDFEFF54D31240F993
:1024200046000090C6402B91E003052A7F0206EB90
:10243000E1F0FF54C50640F9017C0213240080D26C
:102440008420C19A9F0005EBA9F3FF54D30A40F9F9
:10245000F76303A9770640F9F7F67E92E00214CB02
:102460001F7C00F1E0C254FA420A0054610000905F
:10247000FB7305A95C00009021D845F9E30382D2E3
:10248000825745F98102018B3800038B218000912E
:102490005F0400B118CF74921813819AE00315AA53
:1024A000E10318AA7B02178BF96B04A9A906009413
:1024B000F90300AA1F0400B1A00600547F0300EB3B
:1024C000280600547A000090417B4BB92100180B7C
:1024D000417B0BB9E003012A811700547F2F40F2A2
:1024E00041170054C20A40F9E002188B000040B2C4
:1024F000400400F91F2003D560000090217C409328
:1025000002D445F93F0002EB4900005401D405F91B
:1025100060000090D30A40F902D045F93F0002EB79
:102520004900005401D005F9600640F900F47E929C
:102530001A00001480018052130080D2A00200B95A
:102540000C000014048080D200088052E5078052FD
:10255000A1FFFF176102018BE00315AA73420091EE
:10256000220440F9420040B2220400F9150200940E
:10257000F55B42A9E00313AAF35341A9FD7BC6A86A
:10258000C0035FD67F0216EB80110054D30A40F9D6
:10259000600640F900F47E929F0200EB000014CB2D
:1025A00004985FFAAD190054F96B44A9FB7345A96F
:1025B0006202148B940240B2740600F9010040B22A
:1025C000C20A00F9410400F9E00315AA7342009120
:1025D000FC010094F55B42A9E00313AAF35341A95F
:1025E000F76343A9FD7BC6A8C0035FD6619240A9EB
:1025F000E00315AA630E40F921F47E926102018B7B
:10260000220440F9830C00F9420040B2640800F94A
:10261000220400F973420091EA010094F55B42A99B
:10262000E00313AAF35341A9FD7BC6A8C0035FD6FC
:10263000640A40F96102018BE00315AA220440F903
:10264000830C00F9F1FFFF1722FC49D33FFC27F16F
:10265000890900545F5000F1E814005444700111DE
:10266000436C011184781F53847C7D93C402048BD6
:1026700082045FF89F0002EBA10000548500001463
:10268000420840F99F0002EBA0000054430440F9C7
:1026900063F47E927F0001EB48FFFF54440C40F945
:1026A000621201A9930800F9530C00F9FFFEFF170D
:1026B0003F5000F1290700543F5001F1C812005467
:1026C00081FE4CD320BC011125B8011104781F53A1
:1026D000847C7D9340FFFF17640A40F9800240B27A
:1026E000600600F97402148B650040B2E00315AA7D
:1026F000810C00F9240800F9D45202A9859A00A996
:10270000860E00F9636A22F873420091AD010094CD
:1027100098FFFF176202028BE00315AA640E41F8CE
:10272000430440F9630040B2430400F9810C00F90E
:10273000240800F9A30100948EFFFF1780FE43D305
:102740000104001121781F53217C7D93B3FEFF17F4
:102750006302148B940240B2740600F9440040B244
:10276000C30E02A9E00315AA649800A9660C00F93B
:10277000626A21F873420091920100947DFFFF1775
:1027800022FC46D344E4001143E0001184781F5337
:10279000847C7D93B6FFFF1720700111256C011119
:1027A00004781F53847C7D930BFFFF1708050011ED
:1027B000A5800091DFFEFF177A000090407B4BB9A7
:1027C0000000180B407B0BB9815745F93F0400B15D
:1027D000200B00543B031BCB00001B0B407B0BB9B1
:1027E0003C0F40F22006005439031CCB1B0282D25E
:1027F000394300917B031CCB3803188BE00315AAE7
:102800007B0318CB7B2F4092E1031BAAD1050094D8
:102810001F0400B1400B0054000019CBE2031B2A37
:1028200018001B8B407B4BB9180340B2D90A00F942
:102830004100000B417B0BB9380700F97F0216EB12
:10284000C0E5FF54FF7E00F149040054620640F9E0
:1028500063000090E06200D16094C03D00EC7C9287
:102860006302008B42004092420000AA620600F917
:102870006080803C1F7C00F109E4FF5461420091BC
:10288000E00315AA97040094417B4BB91BFFFF1787
:10289000637C0213210080D22120C39AA50001AAE3
:1028A000C50600F97FFFFF173B03188BE00315AA4D
:1028B000FB031BCB7B2F4092E1031BAAA5050094D1
:1028C000020080521F0400B181FAFF54D6FFFF17A7
:1028D000200080D2200700F9E00315AA130080D25F
:1028E00038010094F76343A9F96B44A9FB7345A928
:1028F00020FFFF175F5001F12802005422FC4CD347
:1029000044BC011143B8011184781F53847C7D932A
:1029100057FFFF173F5005F12802005481FE4FD3A7
:1029200020E0011125DC011104781F53847C7D9384
:10293000A9FEFF17995705F9AAFFFF175F5005F188
:102940008802005422FC4FD344E0011143DC011102
:1029500084781F53847C7D9345FFFF173F5015F10A
:102960008802005481FE52D320F4011125F0011198
:1029700004781F53847C7D9397FEFF179C4300D1FE
:102980000200805218031C8B180319CBA6FFFF17F7
:102990005F5015F16801005422FC52D344F4011138
:1029A00043F0011184781F53847C7D9330FFFF171F
:1029B00004FE80D2E00F8052C50F805286FEFF17C2
:1029C00004FE80D2C30F805229FFFF17C00640F9D2
:1029D00065FEFF170000000000000000000000007E
:1029E000400000B000C05039C0035FD600000000B6
:1029F000400000B000400F91C0035FD6000000000F
:102A0000FD7BAFA9EB068012EA0F8012FD03009157
:102A1000EC430391E8430491490000B0E82303A983
:102A2000E80300AAEC2300F9EB2B0929203D42F929
:102A3000E017803DE0C341ADE11B803DE21F803DDA
:102A4000E323803DE427803DE52B803DE62F803D5C
:102A5000E733803DE18B0DA9E20308AAE3930EA9B9
:102A6000E3430091E59B0FA9E78700F9E0C300ADC0
:102A7000010840F9A7060094FD7BD1A8C0035FD6EA
:102A80005F2403D52400028B0500028B5F0002F156
:102A9000880700545F8000F1C80300545F4000F1D4
:102AA000C3000054261C40A98C347FA9061C00A931
:102AB000AC343FA9C0035FD6C2001836260040F9E7
:102AC00087805FF8060000F9A7801FF8C0035FD673
:102AD000C2001036260040B988C05FB8060000B9B1
:102AE000A8C01FB8C0035FD6020100B44EFC41D39A
:102AF000260040398AF05F3828686E3806000039B1
:102B000008682E38AAF01F38C0035FD61F2003D5EF
:102B1000261C40A9282441A98A2C7EA98C347FA98F
:102B20005F0001F1E8000054061C00A9082401A977
:102B3000AA2C3EA9AC343FA9C0035FD61F2003D501
:102B40002E3C42A9304443A95F8001F1A900005402
:102B5000820C7CA981107DA9A20C3CA9A1103DA9E1
:102B6000061C00A9082401A90E3C02A9104403A9CF
:102B7000AA2C3EA9AC343FA9C0035FD61F2003D5C1
:102B80000E0001CB2EFCFFB4DF0102EBA3040054C6
:102B90002C3440A90E0C409203EC7C9221000ECB09
:102BA00042000E8B261C41A90C3400A9282442A9FE
:102BB0002A2C43A92C34C4A9424002F169010054D3
:102BC000661C01A9261C41A9682402A9282442A93F
:102BD0006A2C03A92A2C43A96C3484A92C34C4A9D7
:102BE000420001F1E8FEFF548E3C7CA9661C01A95D
:102BF000861C7DA9682402A988247EA96A2C03A9C1
:102C00008A2C7FA96C3404A9AE3C3CA9A61C3DA922
:102C1000A8243EA9AA2C3FA9C0035FD61F2003D534
:102C20008C347FA9AE0C409284000ECB42000ECBB8
:102C3000861C7FA9AC343FA988247EA98A2C7DA953
:102C40008C34FCA9A5000ECB420002F169010054AE
:102C5000A61C3FA9861C7FA9A8243EA988247EA97A
:102C6000AA2C3DA98A2C7DA9AC34BCA98C34FCA922
:102C7000420001F1E8FEFF54220C43A9A61C3FA923
:102C8000261C42A9A8243EA9282441A9AA2C3DA972
:102C90002A2C40A9AC343CA9020C03A9061C02A9A9
:102CA000082401A90A2C00A9C0035FD60000000077
:102CB000FD7BBAA9FD030091F35301A9F40300AA17
:102CC000F30301AAE00301AADEFCFF97822640F984
:102CD00004040091E6030191410000B0230080D27A
:102CE00021202D9145008052E61700F9E53300B907
:102CF000E4CF03A9E08704A9E32F00F9930A40F980
:102D0000820400B461B240B96022C079410000374A
:102D100080034836C000683761B240B90000133202
:102D2000602200792078121260B200B9E00314AA80
:102D3000E10313AAE2A300919A04009461B240B99E
:102D40001F0000715401805294029F5A61000037A5
:102D500060224079A0004836E003142AF35341A9C9
:102D6000FD7BC6A8C0035FD6605240F96113009492
:102D7000E003142AF35341A9FD7BC6A8C0035FD624
:102D8000605240F9571300946022C079E2FFFF17A8
:102D9000E00314AA53010094DBFFFF1700000000BA
:102DA000420000B0E10300AA403C42F9C1FFFF1716
:102DB0006000009000C037914A130014000000002A
:102DC0006000009000C037914A130014000000001A
:102DD000FD7BBEA9FD030091F35301A9740000908F
:102DE000F30300AA9FBA0BB9E003012A6DF6FF971F
:102DF0001F04003180000054F35341A9FD7BC2A899
:102E0000C0035FD681BA4BB981FFFF34610200B9BC
:102E1000F35341A9FD7BC2A8C0035FD600000000A8
:102E2000FD7BBDA9FD0300912220C079F35301A9C8
:102E3000F30301AAF55B02A9F60300AAE20718371B
:102E40004000153220200079210840B93F00007170
:102E50008D0B0054642640F9640600B4611A40F9F1
:102E6000D40240B9DF0200B9620B6037020080D2A1
:102E7000E00316AA2300805280003FD6E20300AA96
:102E80001F0400B1E00B0054611A40F9642640F9B8
:102E90006022C079E0001036602E40F9630A80B9E4
:102EA000420003CB600000B4607280B9420000CBE6
:102EB000E00316AA0300805280003FD61F0400B131
:102EC000E1080054C30240B96122C0797F740071E7
:102ED000A8060054220080D20208A4F24224C39A19
:102EE00022060036640E40F922781412640200F9BA
:102EF0007F0A00B96222007941006036E30700349E
:102F0000612E40F9D40200B9E10000B460D2019111
:102F10003F0000EB60000054E00316AAF1020094A9
:102F20007F2E00F900008052F35341A9F55B42A9BE
:102F3000FD7BC3A8C0035FD6350C40F955FFFFB435
:102F4000210040F9750200F900008052210015CBE4
:102F5000F403012A5F0440F241000054602240B9AA
:102F6000600E00B93F000071AC000054EEFFFF1787
:102F7000B5C2208B9F0200716DFDFF54611A40F9AC
:102F8000E303142A642240F9E20315AAE00316AA17
:102F900080003FD69402004B1F000071ACFEFF542E
:102FA0006122C07921001A3261220079F35341A9CC
:102FB00000008012F55B42A9FD7BC3A8C0035FD669
:102FC000617240B93F0000716CF4FF540000805200
:102FD000D6FFFF17624A40F9AFFFFF176122C079A1
:102FE000630E40F922781412630200F97F0A00B9D7
:102FF0006222007961F86736604A00F9C1FFFF1765
:10300000C00240B920F4FF341F7400710418567ACE
:1030100081FCFF5400008052D40200B9C3FFFF17A7
:10302000FD7BBDA9FD030091F35301A9F30301AAA0
:10303000F40300AAF51300F9600000B4012440F97C
:10304000810400B46022C0791500805280010034F0
:1030500061B240B941000037C0014836E10313AA0C
:10306000E00314AA6FFFFF97F503002A61B240B98D
:103070006100003760224079E0014836F35341A9EE
:10308000E003152AF51340F9FD7BC3A8C0035FD602
:10309000605240F993120094E10313AAE00314AACA
:1030A00060FFFF97F503002A61B240B981FE073740
:1030B000F1FFFF17605240F98E120094F35341A9BB
:1030C000E003152AF51340F9FD7BC3A8C0035FD6C2
:1030D00084000094DCFFFF170000000000000000E7
:1030E00042000090210000904260179121002C9135
:1030F0004000009000001291DE0400140000000067
:10310000FD7BBEA9420000F042002F91FD0300911B
:10311000010440F9F30B00F9F30300AA3F0002EBAE
:103120004000005477120094610A40F9400000F01A
:1031300000E031913F0000EB60000054E00313AA6F
:1031400070120094610E40F9400000F000C034910C
:103150003F0000EBA0000054E00313AAF30B40F97A
:10316000FD7BC2A867120014F30B40F9FD7BC2A8D7
:10317000C0035FD600000000000000000000000057
:10318000FD7BBCA9400000F0420000F0FD0300916F
:10319000F35301A913002F91830080520100009086
:1031A0002180039141F406F9020180D2010080528E
:1031B000F55B02A9F4FFFFF0F71B00F99402009100
:1031C0001FE005F9400000F000A031917F0600F9F2
:1031D000631200B9F6FFFFD07F0E00F9D6023D91D1
:1031E0007F2200B9F5FFFFD07F2A00B9B5C23E911A
:1031F0007FB200B963000094F7FFFFD0400000F0F9
:10320000F7C23B9100803191735E03A9765604A901
:10321000742A00F92B12009423018052020180D2FB
:103220002300A07201008052400000F00080349121
:103230007F5E00F97F6200F963CA00B97F6A00F916
:103240007FDA00B97FE200B97F6A01B94D000094CE
:10325000410000F021E03191400000F00060349125
:1032600061DE0EA976D60FA9748600F915120094B6
:1032700043028052020180D24300A07201008052BA
:10328000400000F0006037917FBA00F97FBE00F97E
:10329000638201B97FC600F97F9201B97F9A01B9B3
:1032A0007F2202B937000094410000F021C0349120
:1032B000615E1AA9400000F00040379176561BA9C4
:1032C00074E200F9F35341A9F55B42A9F71B40F9F9
:1032D000FD7BC4A8FB1100140000000000000000EA
:1032E000FD7BBEA9FD030091F35301A9F40300AADD
:1032F000530000F073E23791E00313AAF911009430
:10330000802640F9E00000B5410000F00000009088
:1033100000000491802600F920F446F9A00000B4D2
:10332000E00313AAF35341A9FD7BC2A8F1110014D5
:1033300094FFFF97E00313AAF35341A9FD7BC2A8B2
:10334000EC1100140000000000000000000000006C
:10335000400000F000E03791E2110014000000008E
:10336000400000F000E03791E2110014000000007E
:10337000000000000000000000000000000000004D
:103380005F2403D5200C014E0400028B5F8001F105
:10339000880300545F4000F1E2010054013C084EF4
:1033A00082001836010000F981801FF8C0035FD643
:1033B00082001036010000B981C01FB8C0035FD67B
:1033C000820000B4010000394200083681E01F7815
:1033D000C0035FD60000803DC200303780009F3CB4
:1033E000620028360004803D80009E3CC0035FD60A
:1033F0000004803D000001AD80003FADC0035FD6FA
:10340000211C001203EC7C920000803D5F8002F1E1
:103410002028407A41020054E5003BD5A510409297
:10342000BF1000F1C10100546004803D600001AD97
:1034300063E47A92820003CB420002D11F2003D5BD
:103440006300019123740BD5420001F1A8FFFF54E2
:1034500080003EAD80003FADC0035FD6820003CB4D
:10346000634000D1424001D1600001AD600082ADF7
:10347000420001F1A8FFFF5480003EAD80003FAD47
:10348000C0035FD600000000000000000000000044
:10349000FD7BBAA9FD030091F55B02A9F50302AA21
:1034A000211000B4F35301A9F30301AAF60300AA03
:1034B000F76303A9784200D1B45E0091F96B04A9C7
:1034C0003CFEFF97F90318AA000740F917F47E9213
:1034D0009FBA00F108090054010080523F000071BA
:1034E000140480D2800255FA43090054FF0214EB01
:1034F0004A0A0054210000F0FB7305A93C002B91FF
:103500000203178B830B40F9410440F97F0002EB63
:10351000A00E005423F87F924300038B630440F90C
:10352000630B003721F47E92E302018B9F0203EBD1
:103530008D070054800100377B025FF81B031BCB13
:10354000600740F900F47E922100008B3A00178B4F
:103550009F021AEBED180054FA02008B9F021AEB3F
:103560006D140054E10315AAE00316AA1DFBFF9792
:10357000F50300AA201D00B4010740F9024000D164
:1035800021F87F920103018B3F0002EB40110054B0
:10359000E22200D15F2001F1681600545F9C00F127
:1035A00048110054E10313AA220040F9020000F977
:1035B000220440F9020400F9210840F9010800F949
:1035C000E10313AAE00316AA46010094E00316AA39
:1035D000FCFDFF97F35341A9E00315AAF55B42A94F
:1035E000F76343A9F96B44A9FB7345A9FD7BC6A802
:1035F000C0035FD694EE7C92E17B40B29F0201EB68
:10360000E1979F1A3F000071800255FA02F7FF54BC
:1036100080018052150080D2C00200B9150000144C
:10362000410041A9F70303AAFB7345A9200C00F947
:10363000010800F91F2003D5210740F9E00214CB4F
:103640002203178B210040921F7C00F14803005495
:10365000E10201AA210700F9400440F9000040B24C
:10366000400400F9F50313AAE00316AAD5FDFF975D
:10367000F35341A9E00315AAF55B42A9F76343A9F7
:10368000F96B44A9FD7BC6A8C0035FD6C0F6073717
:103690007B025FF81B031BCB600740F900F47E92AE
:1036A000AEFFFF17F55B42A9E10302AAFD7BC6A8A6
:1036B000CCFAFF172403148B810201AA210700F919
:1036C000030040B281400091E00316AA830400F990
:1036D000430440F9630040B2430400F9010100943F
:1036E000E1FFFF1721F47E92838200912200178B65
:1036F0005F0003EB4A0E005460F307377B025FF86C
:103700001B031BCB600740F900F47E922100008B65
:103710003A00178B7F001AEB0CF2FF54F5031BAA3B
:10372000E22200D1600F40F9A10E41F8200C00F90F
:10373000010800F95F2001F168110054E00315AAA7
:103740005F9C00F129010054600240F9600B00F910
:10375000600640F9600F00F95FDC00F1C81000540A
:103760007342009160830091610240F9010000F909
:10377000610640F9010400F9610A40F9010800F905
:103780006203148B410314CB820B00F9210040B279
:10379000E00316AA410400F9610740F921004092B4
:1037A000210014AA610700F986FDFF97FB7345A964
:1037B000B0FFFF17200440F9FB7345A900F47E9287
:1037C000F702008B9DFFFF17600240F9A00200F98D
:1037D000600640F9A00600F95FDC00F1E80500543E
:1037E00061420091A042009170FFFF17F5031BAAF0
:1037F000E22200D1A10E41F8600F40F9200C00F93F
:10380000010800F95F2001F108040054E00315AA43
:103810005F9C00F129010054600240F9600B00F93F
:10382000600640F9600F00F95FDC00F148060054C3
:103830007342009160830091610240F9010000F938
:10384000610640F9010400F9610A40F9010800F934
:10385000F9031BAAF30315AAFB7345A9F7031AAAD8
:1038600076FFFF17E10313AA86FCFF9755FFFF17AA
:10387000410041A9200C00F9F5031BAAE22200D166
:10388000010800F9DCFFFF17E10313AAE00315AA02
:103890007CFCFF97EFFFFF17600A40F9A00A00F9D0
:1038A000600E40F9A00E00F95F2001F10004005401
:1038B00061820091A08200913CFFFF170303148BEB
:1038C000410014CB830B00F9210040B2E00316AA9B
:1038D000F50313AA610400F9010740F921004092A1
:1038E000210014AA010700F936FDFF97FB7345A9D3
:1038F00060FFFF17600A40F9601300F9600E40F99D
:10390000601700F95F2001F10002005473820091FA
:1039100060C30091C9FFFF17E00316AA150080D20B
:1039200028FDFF97FB7345A952FFFF17601240F96E
:10393000A01200F961C20091A0C20091621640F984
:10394000A21600F919FFFF17601240F9601B00F979
:1039500073C200916003019161825FF8611F00F9F9
:10396000B6FFFF17E10313AAE00315AA45FCFF9772
:1039700084FFFF17600A40F9601300F9600E40F9F8
:10398000601700F95F2001F18000005473820091FC
:1039900060C3009175FFFF17601240F9601B00F9CA
:1039A00073C200916003019161825FF8611F00F9A9
:1039B0006EFFFF1700000000000000000000000084
:1039C000FD7BBCA9FD030091F55B02A9360000F068
:1039D000D6022B91F50300AAF35301A9F71B00F9B6
:1039E000F70301AAF3FCFF97C00A40F9140440F959
:1039F00094F67E92937E3F91730217CB73CE7492AE
:103A0000730640D17FFE3FF10D010054010080D2CA
:103A1000E00315AA4F010094C10A40F92100148B5C
:103A20001F0001EB20010054E00315AAE5FCFF97FD
:103A3000F35341A900008052F55B42A9F71B40F9FE
:103A4000FD7BC4A8C0035FD6E10313CBE00315AA36
:103A5000400100941F0400B120020054420000F015
:103A6000940213CBC30A40F9940240B241784BB997
:103A7000E00315AA2100134B740400F941780BB937
:103A8000D0FCFF97F35341A920008052F55B42A977
:103A9000F71B40F9FD7BC4A8C0035FD6010080D2AC
:103AA000E00315AA2B010094C20A40F9010002CBE1
:103AB0003F7C00F1ADFBFF54240000F0210040B238
:103AC000410400F9430000F0815445F9000001CBA6
:103AD00060780BB9D5FFFF17000000000000000060
:103AE000210A00B4FD7BBEA9FD030091F35301A997
:103AF000F30301AAF40300AAAEFCFF9765825FF806
:103B0000634200D1200000F000002B91A2F87F92C8
:103B10006400028B060840F9810440F921F47E928A
:103B2000DF0004EB000C0054810400F98600018BD7
:103B30004503003767025FF8250000F0C60440F92E
:103B4000630007CB4200078BA5402B91C600409233
:103B5000670840F9FF0005EB40090054680C40F984
:103B6000E80C00F9070900F9C60100B54200018B15
:103B7000810840F93F0005EBA00E0054850C40F988
:103B8000250C00F9440040B2A10800F9640400F9D2
:103B9000626822F806000014C50440F9A506003644
:103BA000410040B2610400F9820000F95FFC07F1B6
:103BB000C903005441FC49D35FFC27F1C8090054F4
:103BC00041FC46D324E4001125E0001184781F5302
:103BD000847C7D930400048B81045FF89F0001EBDB
:103BE000A100005453000014210840F99F0001EB8C
:103BF000A0000054200440F900F47E921F0002EB64
:103C000048FFFF54240C40F9611001A9E00314AAF5
:103C1000830800F9230C00F9F35341A9FD7BC2A8E6
:103C200068FCFF17C0035FD644FC43D3220080D258
:103C300081040011050440F921781F53847C02138C
:103C400001CC218B4220C49A420005AA020400F94B
:103C500020045FF8600401A9230800F9030C00F9AF
:103C6000E00314AAF35341A9FD7BC2A855FCFF173A
:103C7000250000F04200018BA5402B91BDFFFF17EE
:103C8000860900B5850041A92100028BA00C00F92E
:103C9000220040B2050800F9620400F9616821F8C9
:103CA000F0FFFF174100018BE500003762025FF86B
:103CB000630002CB2100028B640841A9820C00F949
:103CC000440800F9220000F0240040B2640400F926
:103CD000425845F9030800F95F0001EB28FCFF5446
:103CE000410000F0E00314AA21D845F935FFFF9701
:103CF000DCFFFF173F5000F1290100543F5001F154
:103D00002803005441FC4CD324BC011125B80111F7
:103D100084781F53847C7D93AFFFFF1724700111BB
:103D2000256C011184781F53847C7D93AAFFFF17B3
:103D3000060440F9A57C0213220080D24220C59AD5
:103D4000420006AA020400F9B0FFFF17030C02A903
:103D5000410040B2619400A9650C00F9626822F844
:103D6000C0FFFF173F5005F1E800005441FC4FD35E
:103D700024E0011125DC011184781F53847C7D939C
:103D800095FFFF173F5015F1E800005441FC52D356
:103D900024F4011125F0011184781F53847C7D9354
:103DA0008DFFFF1704FE80D2C50F80528AFFFF17D8
:103DB000400040B2600400F9820000F9A9FFFF173B
:103DC000230000AAE40300AA7F0840F2400847FA53
:103DD000090100541100001425144038460400D194
:103DE00065140038C5000034E40303AAE20306AA00
:103DF000E30304AA22FFFFB5C0035FD68400028B51
:103E0000C6FFFFB41F2003D57F1400387F0004EBEA
:103E1000C1FFFF54C0035FD6E6DB07B2E6DF9FF2C7
:103E200006000014422000D1858400F82120009172
:103E30005F1C00F1E9FDFF54250040F9A300068B4B
:103E40006300258A7FC001F2E0FEFF54E9FFFF17FF
:103E5000FD7BBEA9FD030091F35301A9540000F0BE
:103E6000F30300AA9FBA0BB9E003012AE10302AAF7
:103E7000E203032AD7F1FF971F0400B1800000542A
:103E8000F35341A9FD7BC2A8C0035FD681BA4BB9E9
:103E900081FFFF34610200B9F35341A9FD7BC2A841
:103EA000C0035FD60000000000000000000000001A
:103EB000FD7BBEA9FD030091F35301A9540000F05E
:103EC000F30300AAE003012AE10302AA9FBA0BB997
:103ED000E20303AA8BF1FF97017C40931F0400319A
:103EE000A0000054F35341A9E00301AAFD7BC2A83E
:103EF000C0035FD680BA4BB960FFFF34600200B9DF
:103F0000E00301AAF35341A9FD7BC2A8C0035FD619
:103F1000E30300AA410100B45FFC03718800005470
:103F20002000805222000039C0035FD64111805228
:103F300000008012610000B9C0035FD6000080520B
:103F4000C0035FD600000000000000000000000079
:103F5000FD7BBEA9FD030091F35301A9540000F0BD
:103F6000F30300AA9FBA0BB9E00301AA35BCFF977F
:103F70001F0400B180000054F35341A9FD7BC2A887
:103F8000C0035FD681BA4BB981FFFF34610200B92B
:103F9000F35341A9FD7BC2A8C0035FD60000000017
:103FA000FD7BBAA9FD030091F55B02A9F50300AA08
:103FB000400840F9C00A00B42520C079F35301A994
:103FC000F30301AAFB7305A9FB0302AA850A1836AD
:103FD000200C40F9400A00B4F76303A9740340F9C8
:103FE000E5030836611A40F9170080D2642240F9CF
:103FF000160080D2F85376B2DF0218EBE20317AA5C
:10400000C392989AE00315AA560200B480003FD6E6
:104010001F0000716D210054610B40F9007C40933A
:10402000F702008BD60200CB200000CB600B00F91A
:10403000C02000B4DF0218EBE20317AA611A40F9AE
:10404000C392989A642240F9E00315AA16FEFFB5C0
:10405000975A40A994420091E8FFFF17F96B04A911
:10406000650A003618008052000080521A0080D283
:10407000190080D21F2003D5F90700B4600800346E
:10408000600240F9177F4093610E40F9FF0219EB7F
:10409000760E40B9F792999A632240B91F0001EB5E
:1040A0007600160BE482567AAC1900547F00176B29
:1040B000EC170054611A40F9E2031AAA642240F98D
:1040C000E00315AA80003FD6F603002A1F00007106
:1040D000CD0300541803166B20008052E0020054F8
:1040E000610B40F9D67E40935A03168B390316CBE9
:1040F000210016CB610B00F901FCFFB5F35341A978
:10410000F76343A9F96B44A9FB7345A900008052EA
:10411000F55B42A9FD7BC6A8C0035FD6E10313AAE5
:10412000E00315AAFF0E0094A00100356522C079B6
:10413000F76303A9AAFFFF17E10313AAE00315AA77
:10414000B8FBFF97E0FCFF34F96B44A96022C0790B
:10415000F76343A900001A3260220079F35341A9A2
:1041600000008012F55B42A9FB7345A9FD7BC6A840
:10417000C0035FD6990640F9E00314AA9442009167
:10418000B9FFFFB41A0040F9E20319AAE0031AAA22
:1041900041018052AB0E0094180400911F0000F101
:1041A00018031ACB1817991AB6FFFF17640240F9C3
:1041B0001C0080D2610E40B91A0080D21F2003D5A6
:1041C000E00304AAF803012AFA0300B425044836E0
:1041D000377C4093FF021AEBC9080054417F40939B
:1041E000F90301AAE00304AAF70301AAF8031A2AB3
:1041F000E1031CAAE20317AA22FAFF97640240F91E
:10420000610E40B98400178B640200F92100184B3D
:10421000610E00B9600B40F99C03198B5A0319CB4E
:10422000000019CB600B00F9A0F6FFB4640240F95E
:10423000610E40B96522C079E00304AAF803012A9F
:104240007AFCFFB59C6A40A994420091DDFFFF17FC
:10425000600E40F91F0004EB43020054652240B990
:104260005FC325EBE3010054E07B40B25F0300EB4A
:104270004393809AE2031CAA611A40F9E00315AA4D
:10428000630CC51A642240F9637C051B80003FD68D
:104290001F000071ADF5FF54197C4093DEFFFF173E
:1042A000237C4093E00304AA7F001AEBE1031CAADD
:1042B00078909A9A197F4093E20319AAF1F9FF972F
:1042C000640240F9610E40B98400198B640200F960
:1042D0002100184B610E00B9E1F9FF35E10313AA83
:1042E000E00315AA4FFBFF9760F9FF3497FFFF1714
:1042F000597F409301908052BF00016AA0F7FF549C
:10430000662240B9610E40F9C604060B990001CB44
:10431000C67C460B367F4093D77C0113C0060091C4
:1043200000001A8BE27E40935F0000EB8200005495
:1043300026070011D7001A0BE27E409385065036FF
:10434000E10302AAE00315AAA6F7FF97F80300AA63
:10435000400800B4610E40F9E20316AAC9F9FF97BC
:1043600060224079019080120000010A0000193299
:10437000602200790003168BE402194B597F4093A9
:10438000600200F9640E00B9E10319AA780E00F981
:10439000E40300AA772200B9F8031A2A3F031AEBB4
:1043A00008F2FF54F70319AA92FFFF17FC7E40930F
:1043B000E1031AAAE2031CAAB2F9FF97600240F9CE
:1043C000F603172A610E40B900001C8B600200F949
:1043D0002100174B610E00B93FFFFF17D77E4093B6
:1043E000E1031AAAE20317AAA6F9FF97620240F9AD
:1043F000E10313AAE00315AA4200178B620200F939
:1044000008FBFF9780E6FF3450FFFF17E00315AA73
:1044100020FCFF97F80300AAE0FAFFB5610E40F90F
:10442000E00315AAAFFDFF976022C0798101805299
:10443000F96B44A900781812A10200B945FFFF17D3
:104440006022C07943FFFF17F35341A9F76343A9E3
:10445000FB7345A92EFFFF17F96B44A98101805218
:104460006022C079A10200B93AFFFF1700000000E6
:10447000FD7BBBA9FD030091F55B02A9F60302AA2F
:1044800015008052F76303A9F70300AAF80301AAF5
:10449000F35301A9F92300F9191780521F2003D5FE
:1044A000D40A40B9D30A40F99F0200710D020054AA
:1044B000944EB99B1F2003D5632240797F0400717D
:1044C000090100546326C079E10313AAE00317AA87
:1044D0007F0400316000005400033FD6B502002A7B
:1044E00073E202917F0214EB81FEFF54D60240F981
:1044F00096FDFFB5F35341A9E003152AF55B42A9E8
:10450000F76343A9F92340F9FD7BC5A8C0035FD633
:10451000FF430AD1FD7B00A9FD030091F55B02A9D1
:10452000F50301AA610040F9E13F00F9610440F997
:10453000E15300F9610840F9E18700F9611840B9D9
:10454000E19300B9611C40B9F35301A9F40303AA34
:10455000F30300AAF76303A9F70302AAE1F700B97E
:1045600024F9FF97000040F9E05B00F9B5F6FF97EA
:10457000E05700F9020180D2E0E30591010080528A
:1045800080FBFF97730000B4602640F940CB00B475
:10459000A1B240B9A022C07941000037E0A248365C
:1045A000C0006837A1B240B900001332A0220079E0
:1045B00021781212A1B200B9E0051836A10E40F917
:1045C000A10500B4410380520100010A3F28007197
:1045D00040060054F6430891E827066D08E4002FD2
:1045E000340000F0EA0317AA94420B91FB7305A96B
:1045F000FC0316AA400000D000900D91F96B04A9AD
:10460000FF7700B9E04300F9FF9700B9FF7F0EA9DB
:10461000FFF300B9FFFF0FA9F6CB00F9FF9B01B92B
:10462000FFD300F9F7030AAAF8030AAA1F2003D54B
:10463000997640F9EBF8FF97E4E30591037C40930A
:10464000E20317AAE1B30591E00313AA20033FD6C2
:104650001F000071800500348B040054E16F41B9E4
:104660003F940071A0390054007C4093F702008B06
:10467000F0FFFF17E10315AAE00313AAA90D0094A8
:10468000E04E0135A022C079410380520100010AA9
:104690003F28007101FAFF54A126C079C1F9FF3704
:1046A000A1B240B941000037C0184936800640AD7C
:1046B000E20317AAE10315AAE3C30491E00313AAD6
:1046C000E08709AD4F0C0094E07700B9FD7B40A96D
:1046D000F35341A9F55B42A9F76343A9E07740B9D9
:1046E000FF430A91C0035FD6E0E30591020180D247
:1046F0000100805223FBFF97200080D2F702008B3D
:10470000CCFFFF17FA03002AE00218CBEA0318AA2D
:10471000FB03002AA0E30034E2D340F9617F409319
:10472000E09B41B94200018B8A0700A900040011F7
:10473000E09B01B99C430091E2D300F91F1C00717A
:104740002C450054E07740B900001B0BE07700B91E
:10475000DAE10034EA060091E806403907008012E9
:104760000B00805209008052F8030B2AF703092A34
:10477000F903072AFA030AAAFF7F05395A070091AD
:10478000008100511F680171C8000054E14340F9E5
:10479000205860786100001020A8208B00001FD6F0
:1047A000E903172AEB03182AEA031AAAE8DE003401
:1047B0003A008052FBA30691F7031A2A01008052A7
:1047C000190080D20700805218008052FF8B00B978
:1047D000FF9B00B9FF7F0539E8A306391F2003D5E9
:1047E00032011F72420B0011E0D340F95A109A1A9D
:1047F0008E1080522E010E6A8100005464011A4B03
:104800009F0000716C1A0054A1010034E19B41B972
:10481000E27F059100040091820300F92104001158
:10482000220080D2820700F99C430091E19B01B9EC
:10483000E0D300F93F1C00714C3E0054B20100343B
:10484000E19B41B9E283059100080091820300F9E0
:1048500021040011420080D2820700F99C4300919C
:10486000E19B01B9E0D300F93F1C00710C730054C7
:10487000DF010271E0290054E700174BFF000071CF
:104880000C050054290E4037E19B41B9EC7E409362
:1048900000000C8B9B3300A921040011E19B01B99E
:1048A000E0D300F93F1C00714C2200549C4300915E
:1048B0008900103677011A4BFF0200710C73005407
:1048C000E17740B97F011A6B63A19A1A2100030BAB
:1048D000E17700B9002300B5FF9B01B9D90000B40E
:1048E000E10319AAE00313AAEA4700F97DFCFF9748
:1048F000EA4740F9FC0316AA4BFFFF1700C100511D
:1049000018008052481740380B0B180B18040B0B7B
:1049100000C100511F24007169FFFF5499FFFF1768
:10492000440000D0E19B41B984801091FF400071A8
:104930008D050054E2031CAA0D0280D2FC030AAAD2
:10494000E9BB00B9E8C300B9EBCB00B9F7D300B9B4
:10495000F703072AF8DB00B9F80304AA04000014DF
:10496000F7420051FF420071AD0200540040009137
:1049700021040011583400A942400091E19B01B983
:10498000E0D300F93F1C0071CDFEFF54E2430691D5
:10499000E10315AAE00313AA0A0C0094A01D003538
:1049A000F7420051E19B41B9E0D340F9E20316AA76
:1049B0000D0280D2FF420071ACFDFF54E703172ABD
:1049C000E40318AAE9BB40B9EA031CAAE8C340B94A
:1049D000FC0302AAEBCB40B9F7D340B9F8DB40B9EE
:1049E000E77C4093210400110000078B841F00A97D
:1049F0009C430091E19B01B9E0D300F93F1C007199
:104A00002DF4FF54E2430691E10315AAE00313AA33
:104A1000E9BB00B9E8C300B9EBCB00B9EA6B00F918
:104A2000E80B009460190035E9BB40B9FC0316AAF5
:104A3000EA6B40F9E0D340F9E8C340B9EBCB40B9A9
:104A400049F247361F2003D51F9501712D250054CB
:104A50000821601E01100054E19B41B9000400913F
:104A6000220000F0240080D242A02E9121040011E7
:104A7000821300A99C430091E19B01B9E0D300F9A6
:104A80003F1C00718CB00054E29740B9E16B41B912
:104A90003F00026BAA7B0054E28F4AA9830B00A956
:104AA000E19B41B99C43009121040011E19B01B9B4
:104AB0000000028BE0D300F93F1C0071EC88005429
:104AC000E19740B937040051FF0200712DEFFF5408
:104AD000440000D0E19B41B984801091FF420071F5
:104AE0004DBC0054E2031CAAF80304AAFC030AAA62
:104AF0001B0280D2E98B00B9EB9B00B904000014C3
:104B0000F7420051FF4200716DBA0054004000911D
:104B100021040011586C00A942400091E19B01B9A9
:104B2000E0D300F93F1C0071CDFEFF54E243069133
:104B3000E10315AAE00313AAA20B0094A01000350C
:104B4000E0D340F9E20316AAE19B41B9EDFFFF175C
:104B50004D0000D0E19B41B9ADC110919F40007163
:104B60004D060054E2031CAA0F0280D2FC030AAADD
:104B7000F2BB00B9EEC300B9E9CB00B9E8D300B984
:104B8000EBDB00B9E71301B9F71B01B9F703042AFE
:104B9000F82301B9F8030DAA04000014F7420051EC
:104BA000FF420071AD020054004000912104001149
:104BB000583C00A942400091E19B01B9E0D300F9C3
:104BC0003F1C0071CDFEFF54E2430691E10315AA9C
:104BD000E00313AA7B0B0094C00B0035F742005191
:104BE000E19B41B9E0D340F9E20316AA0F0280D25B
:104BF000FF420071ACFDFF54E403172AED0318AA2D
:104C0000F2BB40B9EA031CAAEEC340B9FC0302AAF6
:104C1000E9CB40B9E8D340B9EBDB40B9E71341B980
:104C2000F71B41B9F82341B9847C4093210400115A
:104C30000000048B8D1300A9E19B01B9E0D300F9BA
:104C40003F1C0071AC920054E17F45399C430091B8
:104C5000EEFEFF17E26B41B95F0000714C5E00543D
:104C6000E19B41B900040091240000F0270080D2AC
:104C700084A02E9121040011841F00A99C4300915F
:104C8000E19B01B9E0D300F93F1C0071CC0701544E
:104C9000E19740B92100022A61D70034E3934AA981
:104CA000840F00A9E19B41B98643009121040011C2
:104CB000E19B01B96000008BE0D300F93F1C00715B
:104CC0008CD70054421EF937E29780B921040011B5
:104CD000DB0800A9DC4000914000008BE19B01B99A
:104CE000E0D300F93F1C00714DDEFF541F2003D5B7
:104CF000E2430691E10315AAE00313AAE98B00B988
:104D0000EB9B00B9EA5F00F92E0B009420020035FE
:104D1000EA5F40F9FC0316AAE0D340F9E98B40B9F9
:104D2000EB9B40B9E3FEFF1748034039F7021C3202
:104D300093FEFF17E2430691E10315AAE00313AACD
:104D4000EA4700F91F0B0094EA4740F960DCFF34A2
:104D5000E10319AA610000B4E00313AA61FBFF9705
:104D6000A022C079A1B240B981170036F96B44A9DD
:104D7000FB7345A9E827466DE0173137FD7B40A955
:104D8000F35341A9F55B42A9F76343A9E07740B922
:104D9000FF430A91C0035FD6FA03002AE00218CB52
:104DA000EA0318AAFB03002A60CDFF345BFEFF175D
:104DB0006D011A4BBF0100710DD6FF54440000D0A5
:104DC000E19B41B984801091BF410071CD05005431
:104DD000E2031CAA0E0280D2FC030AAAE9BB00B9B6
:104DE000E8C300B9EBCB00B9E7D300B9F7DB00B9F2
:104DF000F7030D2AF81301B9F80304AA04000014FC
:104E0000F7420051FF420071AD0200540040009192
:104E100021040011583800A942400091E19B01B9DA
:104E2000E0D300F93F1C0071CDFEFF54E243069130
:104E3000E10315AAE00313AAE20A0094A0F8FF35E3
:104E4000F7420051E19B41B9E0D340F9E20316AAD1
:104E50000E0280D2FF420071ACFDFF54ED03172A11
:104E6000E40318AAE9BB40B9EA031CAAE8C340B9A5
:104E7000FC0302AAEBCB40B9E7D340B9F7DB40B95A
:104E8000F81341B9AD7D40932104001100000D8B52
:104E9000843700A99C430091E19B01B9E0D300F95C
:104EA0003F1C0071ADCEFF54E2430691E10315AA09
:104EB000E00313AAE9BB00B9E8C300B9EBCB00B922
:104EC000E7D300B9EA6F00F9BE0A009420F4FF3579
:104ED000EA6F40F9FC0316AAE0D340F9E9BB40B9F8
:104EE000E8C340B9EBCB40B9E7D340B963FEFF1745
:104EF000E19B41B900040091E39740B982430091DE
:104F0000210400117F0400718D110054240080D20F
:104F10009B1300A9E19B01B9E0D300F93F1C00718C
:104F20008C520054E3934AA921040011440C00A9B7
:104F300042400091E19B01B90000038BE0D300F9EE
:104F40003F1C00714C5300540821601EE39740B988
:104F500077040051E0110054F77E409321040011C2
:104F60000000178BE19B01B9E0D300F965070091C0
:104F7000450000F9570400F93F1C00710C61005412
:104F800042400091E4F380B921040011E5C305918A
:104F9000451000A98000008BE19B01B95C400091A5
:104FA000E0D300F93F1C00714DC8FF54E243069165
:104FB000E10315AAE00313AAE98B00B9EB9B00B942
:104FC000EA5F00F97F0A009440ECFF35EA5F40F9A0
:104FD000FC0316AAE0D340F9E98B40B9EB9B40B93A
:104FE00034FEFF17E2430691E10315AAE00313AA7A
:104FF000740A009460EBFF35FC0316AAD2FDFF177C
:10500000E2430691E10315AAE00313AAF2BB00B93B
:10501000EEC300B9E9CB00B9E8D300B9EBDB00B9C6
:10502000E71301B9EA8F00F9660A009420E9FF3519
:10503000EA8F40F9FC0316AAE0D340F9F2BB40B96D
:10504000EEC340B9E9CB40B9E8D340B9EBDB40B996
:10505000E71341B9FAFDFF17A0E84F37A05240F916
:10506000A40A0094A022C07941FFFF17E0F740B9DD
:10507000E903172AEB03182AE703192AEA031AAAF5
:10508000894C183600D2F837E03F40F9003C0091D7
:1050900000EC7C9201400091E13F00F90000C03D2E
:1050A000E98B00B9E89B00B9EBBB00B9E7C300B9D5
:1050B000EA6700F91B150094EA6740F90840601E92
:1050C000E98B40B9E89B40B9EBBB40B9E7C340B9B5
:1050D00000C1601E0002F0920100679E0020611E68
:1050E0000D7100541821601E64CE0054E17F4539D3
:1050F000200000D0250000D01F1D017100402D911F
:10510000A5602D91FF8B00B97A008052FF9B00B9FA
:1051100029791812BBC0809AF7031A2A190080D285
:105120000700805218008052C1B5FF341F2003D5FC
:105130005A070011ABFDFF17A9EE0737240080D2F4
:105140009B1300A9E19B01B9E0D300F93F1C00715A
:10515000ADF1FF54E2430691E10315AAE00313AA5F
:10516000E98B00B9EB9B00B9EA5F00F9150A0094DE
:1051700000DFFF35EA5F40F9E20316AAE0D340F909
:10518000E98B40B9EB9B40B9E19B41B97EFFFF172A
:10519000E39740B97F0400716DEFFF54440000B005
:1051A000848010917F4400718D4E0054FC030B2AC3
:1051B000F80304AA1B0280D2E98B00B9EA4F00F978
:1051C00004000014F7420051FF420071ED4C0054FE
:1051D0000040009121040011586C00A94240009148
:1051E000E19B01B9E0D300F93F1C0071CDFEFF54F3
:1051F000E2430691E10315AAE00313AAF109009422
:1052000080DAFF35E0D340F9E20316AAE19B41B909
:10521000EDFFFF17E903172AEB03182AEA031AAA7E
:105220001F0D0171E0540054C9542037E09340B978
:10523000E0E1F837E03F40F9012C009121F07D9248
:10524000E13F00F9000040B93A008052F8A306910E
:10525000F7031A2AE0A30639FB0318AA01008052BB
:10526000190080D20700805218008052FF8B00B9CD
:10527000FF9B00B9FF7F05395AFDFF17E09340B946
:10528000E903172AEB03182AE703192AEA031AAAE3
:105290006044F837E03F40F9013C009121F07D92F5
:1052A000E13F00F91B0040F9FF7F05391B8400B482
:1052B0001F4D0171C070005438011C1289702037D5
:1052C00047B2F837E27C4093E0031BAA010080520A
:1052D000E78B00B9E99B00B9EBBB00B9EA6300F9C1
:1052E000580A0094EA6340F9F90300AAE78B40B931
:1052F000E99B40B9EBBB40B9401001B4E17F4539AF
:1053000003001BCBFF8B00B97F000071FF9B00B92E
:10531000F703032A7AA09F1A07008052190080D24F
:10532000680E8052E1A5FF3482FFFF17F803184B87
:10533000E03F00F948034039F7021E3210FDFF1725
:10534000E1031AAA281440381FA90071C01C015497
:1053500000C10051FA0301AA0700805219008052CF
:105360001F240071E8A0FF5428144038E708070BF9
:105370000704070B00C100511F24007169FFFF548F
:10538000FF000071FA0301AAF9A09F5AFDFCFF1764
:105390006005805248034039E07F0539F8FCFF176B
:1053A000E09340B9003DF837E03F40F9002C009110
:1053B00000F07D92E13F40F9380040B998FBFF379B
:1053C00048034039E03F00F9EDFCFF17E00313AA62
:1053D00088F5FF97000440F9E07700F919F3FF978B
:1053E000E10300AAFB0301AAE00313AAE18300F989
:1053F00080F5FF97000840F9E07F00F97F0300F196
:10540000041840FA2034005401004039E0021632FA
:10541000480340393F0000711710971AD8FCFF1756
:1054200048034039F7020032D5FCFF17E07F4539C9
:1054300048034039409AFF3500048052E07F053927
:10544000CFFCFF17EB03182AE703192AEA031AAA6D
:10545000E9021C32E09340B949002837293320364D
:10546000404FF837E03F40F9013C009121F07D9238
:10547000E13F00F9000040F93A791512010080522D
:1054800002008052E27F0539270EF8371F0000F135
:10549000497B1812E008407A810D0054810C0035D8
:1054A00057030012BA1B0036FB2F089100068052EA
:1054B00007008052E02F0839E17F4539FF00176B64
:1054C000FF8B00B9FAA0971AFF9B00B9190080D290
:1054D000180080526198FF3416FFFF1748034039C7
:1054E000F7021D32A6FCFF17EA031AAAEB03182ADB
:1054F000E703192AFA021C32E09340B95A00283710
:105500007A292036E048F837E03F40F9013C009125
:1055100021F07D92E13F00F9000040F92100805226
:10552000D8FFFF17480340391FB1017120370054DD
:10553000F7021C3292FCFF17480340391FA101718A
:1055400000370054F7021A328DFCFF174803403928
:10555000F7021B328AFCFF17E09340B9E903172AD0
:10556000EB03182AE703192AEA031AAA402CF83792
:10557000E03F40F9013C009121F07D92E13F00F9CC
:10558000000040F902068F52230000D03A011F327A
:1055900063C02D9141008052080F8052E37300F9DF
:1055A000E2C30279B7FFFF17E09340B9E903172A76
:1055B000EA031AAAE9262836406DF837E03F40F999
:1055C000013C009121F07D92E13F00F9000040F99B
:1055D000E17780B9010000F913FCFF17EB03182AEB
:1055E000E703192AEA031AAAE9021C32E09340B938
:1055F00049002837E9222036C043F837E03F40F918
:10560000013C009121F07D92E13F00F9010040F959
:10561000E00301AA0123F8B7E70EF8371F0000F1F5
:1056200029791812E008407A610E0054FB33089182
:105630000700805217008052A0FFFF17480340392F
:10564000F70219324EFCFF17FA03092A3F040071D2
:10565000400D0054F7330891FB0317AA3F0800716F
:1056600041010054E27340F9010C409200FC44D324
:105670004168613861FF1F3880FFFFB5F7021B4B9F
:10568000E9031A2A8DFFFF1701080012E2031BAA83
:1056900021C0001161FF1F3800FC43D360FFFFB53C
:1056A0003FC00071E0079F1A5F03006A80FEFF544D
:1056B000420800D100068052E9031A2AF702024B81
:1056C00060F31F38FB0302AA7CFFFF17E243069139
:1056D000E10315AAE00313AAEEBB00B9E9C300B9C0
:1056E000E8CB00B9EBD300B9E7DB00B9EA8B00F9EE
:1056F000B4080094E0B2FF35EA8B40F9FC0316AA27
:10570000E0D340F9EEBB40B9E9C340B9E8CB40B9BA
:10571000EBD340B9E7DB40B956FCFF174D0000B0B2
:10572000E19B41B9ADC11091FF420071ED030054FE
:10573000F8030DAA1B0280D2EB8B00B9EA4F00F9E7
:1057400004000014F7420051FF4200718D02005422
:105750000040009121040011986F00A99C43009122
:10576000E19B01B9E0D300F93F1C0071CDFEFF546D
:10577000E2430691E10315AAE00313AA91080094FD
:1057800080AEFF35F7420051E19B41B9E0D340F9CB
:10579000FC0316AAFF420071CCFDFF54EA4F40F90A
:1057A000ED0318AAEB8B40B9F77E4093210400115A
:1057B0000000178B8D5F00A9E19B01B9E0D300F9D0
:1057C0003F1C0071ED87FF54E2430691E10315AAE7
:1057D000E00313AAEB8B00B9EA4F00F979080094B3
:1057E00080ABFF35EA4F40F9E0D340F9EB8B40B98D
:1057F00034FCFF17FA03092A1F2400F1A8540054AF
:1058000000C00011E9031A2AFB2F089137008052CB
:10581000E02F083929FFFF17FB330891070080525A
:1058200026FFFF17E19740B91F03016B17D3811AB9
:105830002C7C4093FF0200716D010054E19B41B943
:10584000E27E40930000028B9B0B00A92104001113
:10585000E19B01B99C430091E0D300F93F1C00712A
:10586000CCB30054FF020071E4A29F1A1703044B4B
:10587000FF0200714C59005468C3388B09955037AA
:10588000E19740B9F76B41B9FF02016B6B260054F9
:1058900049260037E19740B97B030C8B7B0308CB8B
:1058A0003700174BFF021B6BFBB29B1A7F03007183
:1058B0006D010054E19B41B9627F40930000028B6F
:1058C000880B00A921040011E19B01B99C430091C0
:1058D000E0D300F93F1C0071ECB600547F03007167
:1058E0007BA39F1AF7021B4BFF0200712D7EFF5412
:1058F000440000B0E19B41B984801091FF420071E7
:105900004D4B0054E2031CAAF80304AAFC030AAAA4
:105910001B0280D2E98B00B9EB9B00B90400001494
:10592000F7420051FF4200716D4900540040009160
:1059300021040011586C00A942400091E19B01B97B
:10594000E0D300F93F1C0071CDFEFF54E243069105
:10595000E10315AAE00313AA1A080094A09FFF35DB
:10596000E0D340F9E20316AAE19B41B9EDFFFF172E
:10597000E2430691E10315AAE00313AAE98B00B9FB
:10598000EB9B00B9EA5F00F90E080094209EFF35FA
:10599000EA5F40F9E20316AAE0D340F9E98B40B987
:1059A000EB9B40B9E19B41B95FFDFF17E2430691D4
:1059B000E10315AAE00313AAE98B00B9EB9B00B938
:1059C000EA5F00F9FF070094409CFF350821601E44
:1059D000E39740B9EA5F40F9E20316AAE0D340F941
:1059E00077040051E98B40B9EB9B40B9E19B41B989
:1059F00000BDFF5459FDFF17A05240F9390800942B
:105A0000A022C079E7FAFF174975073623FCFF1774
:105A10000087F837E03F40F9013C0091080040FD65
:105A200021F07D92E13F00F9AAFDFF17FA4F3036D1
:105A30002079F837E03F40F9012C009121F07D9268
:105A4000E13F00F900004079210080528DFEFF17F0
:105A5000095530366072F837E03F40F9012C00916B
:105A600021F07D92E13F00F900008079E10300AA76
:105A700041DDFFB6E00300CBFA03092AA2058052FC
:105A80002100805280FEFF17480340393CFBFF177E
:105A900049D92737896B3037A9BB4836E0D6F83764
:105AA000E03F40F9013C009121F07D92E13F00F997
:105AB000000040F9E1D3413901000039DAFAFF175B
:105AC000694C3036C070F837E03F40F9012C009146
:105AD00021F07D9200004079E13F00F967FEFF1759
:105AE000E903172AEB03182AE703192AEA031AAA7B
:105AF000BFFEFF17E09340B9012000113F00007185
:105B00002D9E0054E03F40F9E19300B9023C009122
:105B100041F07D92E13F00F99AFEFF17E09340B912
:105B2000012000113F0000714D9C0054E03F40F9FE
:105B3000E19300B9023C009141F07D92E13F00F910
:105B4000D9FDFF17E09340B9012000113F0000711B
:105B50002D9A0054E03F40F9E19300B9002C0091E8
:105B600000F07D9214FEFF17EA4F40F9EB031C2A68
:105B7000E98B40B9E40318AAF77E40932104001191
:105B80000000178BE19B01B9E0D300F9440000F954
:105B9000570400F93F1C00714D9FFF54E2430691EA
:105BA000E10315AAE00313AAE98B00B9EB9B00B946
:105BB000EA5F00F983070094C08CFF35EA5F40F983
:105BC000E20316AAE0D340F9E98B40B9EB9B40B958
:105BD000E19B41B9ECFCFF17E2430691E10315AAF2
:105BE000E00313AAE98B00B9EB9B00B9EA5F00F967
:105BF00074070094E08AFF35EA5F40F9FC0316AAB7
:105C0000E0D340F9E98B40B9EB9B40B9ADFBFF17FE
:105C100048074039F7021B325A070091D8FAFF179C
:105C200048074039F70217325A070091D4FAFF1794
:105C3000EA031AAAEB03182AE703192AFA03172A18
:105C40002EFEFF17E903172AEB03182AE703192A88
:105C5000EA031AAA200000D000202E91E07300F978
:105C6000E09340B9090B2837E90A2037494130361B
:105C70006068F837E03F40F9012C009121F07D92F7
:105C800000004079E13F00F955000014200000D0E9
:105C9000E903172A00C02D91EB03182AE703192AFC
:105CA000EA031AAAE07300F9EEFFFF17E903172AC7
:105CB000EB03182AE703192AEA031AAAE6FDFF17DD
:105CC000E0230691020180D201008052E98B00B9E5
:105CD000E89B00B9EBBB00B9EA6300F9A9F5FF97AF
:105CE000E09340B9EA6340F9E98B40B9E89B40B9D9
:105CF000EBBB40B9A03EF837E03F40F9012C0091E2
:105D000021F07D92E13F00F9020040B9F8A306912D
:105D1000E3230691E10318AAE00313AAE98B00B973
:105D2000E89B00B9EBBB00B9EA6300F941070094B6
:105D3000EA6340F9F703002AE98B40B91F040031F8
:105D4000E89B40B9EBBB40B9A0C900541F000071EB
:105D50001AA09F1A41FDFF17E28F4AA9830B00A9E1
:105D6000E19B41B99C43009121040011E19B01B9E1
:105D70000000028BE0D300F93F1C0071CDD8FF5426
:105D8000E2430691E10315AAE00313AAEC4700F9E8
:105D9000E99B00B9EBBB00B9E82B0CA909070094FB
:105DA000807DFF35EC4740F9FC0316AAE82B4CA98F
:105DB000E0D340F9E99B40B9EBBB40B9F76B41B97F
:105DC000B5FEFF17A001F837E03F40F9013C009114
:105DD00021F07D92E13F00F9000040F91F0000F141
:105DE000E1079F1A3F01016AC11400543A79151264
:105DF00041008052A3FDFF17E09340B9012000113C
:105E00003F0000718D380054E03F40F9E19300B944
:105E1000023C009141F07D92E13F00F9EFFFFF1756
:105E2000E09340B9012000113F000071AD320054F1
:105E3000E03F40F9E19300B9023C009141F07D92CE
:105E4000E13F00F9B5FDFF17E09340B901200011D3
:105E50003F0000710D330054E03F40F9E19300B979
:105E6000023C009141F07D92E13F00F982FDFF1775
:105E7000E09340B9012000113F0000718D2F0054C4
:105E8000E03F40F9E19300B9023C009141F07D927E
:105E9000E13F00F9DEFDFF17E2430691E10315AA99
:105EA000E00313AAF2BB00B9EEC300B9E9CB00B915
:105EB000E8D300B9EBDB00B9E71301B9EA8F00F9C9
:105EC000C00600946074FF35EA8F40F9FC0316AAFF
:105ED000E0D340F9E17F4539F2BB40B9EEC340B9A8
:105EE000E9CB40B9E8D340B9EBDB40B9E71341B99E
:105EF00046FAFF17E00313AAFAF4FF97A5F9FF1774
:105F00000021681EE69C005417791A12FF060171E1
:105F1000C1300054010F80521F850171000B805267
:105F20000010811A01068052E1830539E0870539A6
:105F3000FBA30691190080D2FF8C0171EC54005430
:105F40000001669E00FC60D32054F8360041611EBB
:105F5000A0058052E0BB00B9E0A30591E98B00B930
:105F6000E8AF1229EA6300F9E7F300B901100094E1
:105F70000110681EE98B40B9EA6340F90108611E0F
:105F8000E8AF5229E7F340B92820601E61000054B1
:105F900020008052E06B01B9E303072A1F850171DD
:105FA00063040091200000D0220000D000C02D9199
:105FB00042202E916303038B4210809A0210661ECA
:105FC000E0031BAA030000142820601E209900543F
:105FD0002108621EEC0300AA2100781E2000621E28
:105FE00044C86138041400382138601E7F0000EB7B
:105FF000C1FEFF5400106C1E3020601E8C00005447
:106000002020601EA102005481020036ECC700F976
:10601000E10300AA443C403903F05F387F00046B81
:10602000210100540706805227F01F38E1C740F9CC
:10603000230400D1E3C700F923F05F389F00036B0E
:1060400040FFFF5464040011841C00127FE40071BF
:10605000804E005424F01F38F86B41B900001B4BF0
:10606000013D001129011F32211C00122200805223
:10607000E09700B900070051E06B01B96701001417
:106080000106805229011F32E1830539E88705396D
:1060900057FFFF17E2430691E10315AAE00313AA95
:1060A000E98B00B9EB9B00B9EA5F00F94506009463
:1060B0000065FF35EA5F40F9FC0316AAE0D340F91A
:1060C000E98B40B9EB9B40B970FAFF17E0030691EA
:1060D000020180D201008052E98B00B9E89B00B92F
:1060E000EBBB00B9E7C300B9EA6700F9FBC700F9E9
:1060F000A4F4FF97E7C340B9EA6740F9E98B40B9D8
:10610000E89B40B9EBBB40B9074BF837180080D289
:1061100017008052FA03082AF903072AF54700F905
:10612000F503172AF70318AAF8030AAAE99B00B98E
:10613000EBBB00B90D000014E3030691E1A3069147
:10614000E00313AA3B0600941F040031208500548D
:10615000A002000B1F00196BEC000054F712009115
:1061600020930054F503002AE0C740F9026877B88D
:1061700042FEFF35F703152AE99B40B9F54740F980
:10618000E8031A2AEBBB40B9EA0318AAF763003404
:10619000FF8E01716D770054E1060011E00313AA30
:1061A000E98B00B9217C4093E89B00B9EBBB00B9B7
:1061B000EA6300F90BF0FF97EA6340F9FB0300AADA
:1061C000E98B40B9E89B40B9EBBB40B900B000B4E3
:1061D000F90300AA020180D201008052E003069177
:1061E000E98B00B9E89B00B9EBBB00B9EA6300F9A1
:1061F00064F4FF97E07E4093E4030691F80300AA5D
:10620000E30300AAE2230691E1031BAAE00313AA19
:10621000800A0094EA6340F91F0300EBE98B40B960
:10622000E89B40B9EBBB40B981AC00547FCB373819
:10623000FF020071FF8B00B9FAA29F1AE17F453976
:1062400007008052FF9B00B918008052A12CFF3438
:10625000B8FBFF17E98B40B9EA031CAAEB9B40B9D6
:10626000FC0302AAE40318AAF77E4093210400115C
:106270000000178BE19B01B9E0D300F9845F00A90E
:106280003F1C00716C53FF549C43009189F9FF1728
:10629000F733089143031612F8E702B2E20317AA94
:1062A000E40317AA05008052F70313AAB89999F2DC
:1062B000F303032AE30315AAF57F40F9070000144E
:1062C000197CD89B39FF43D31F2400F149020054A5
:1062D000E00319AAE2031BAA197CD89BA5040011AC
:1062E0005B0400D139FF43D3210B198B010401CB8F
:1062F00021C0001141F01F3853FEFF34A102403984
:106300003FFC03712010457AC1FDFF541F2400F1AA
:1063100068620054F30317AAF70304AAE59700B9CB
:10632000F57F00F9F50303AAD5FCFF17FF180071EC
:10633000C3008052FA90831A250000B0F7031A2A8E
:10634000BB802E91190080D201008052070080523C
:1063500018008052FF8B00B9FF9B00B921F9FF178D
:10636000E09340B9012000113F0000712D2400543A
:10637000E03F40F9E19300B9023C009141F07D9289
:10638000E13F00F992FCFF17E0D340F9E03000B59F
:10639000A022C079FF9B01B973FAFF174400009057
:1063A000E19B41B984801091FF420071AD1B005404
:1063B000E2031CAA080280D2FC030AAAEC5F00F9DF
:1063C000E9C300B9EBCB00B9F8D300B9F80304AACC
:1063D00004000014F7420051FF4200714D190054AF
:1063E0000040009121040011582000A94240009172
:1063F000E19B01B9E0D300F93F1C0071CDFEFF54D1
:10640000E2430691E10315AAE00313AA6D05009487
:10641000004AFF35E0D340F9E20316AAE19B41B9F7
:10642000080280D2ECFFFF17FA2048364080F83788
:10643000E03F40F9012C009121F07D92E13F00F90D
:1064400000004039210080520EFCFF17C920483659
:10645000807CF837E03F40F9012C009121F07D92DB
:1064600000004039E13F00F904FCFF17E25340F916
:10647000E09340B9E19300B940C0208B64FCFF1762
:10648000E25340F9E09340B9E19300B940C0208B5A
:1064900022FCFF17A91C4836E06EF837E03F40F9B0
:1064A000012C009121F07D9200004039E13F00F97C
:1064B0004BFEFF17E25340F9E09340B9E19300B976
:1064C00040C0208BECFBFF17E09340B90120001186
:1064D0003F000071AD1F0054E03F40F9E19300B967
:1064E000022C009141F07D92E13F00F907FEFF1779
:1064F000891C4836C07DF837E03F40F9012C0091F7
:1065000021F07D92E13F00F900008039E10300AA0B
:1065100041FCFF17E25340F9E09340B9E19300B921
:1065200040C0208B2DFEFF17FF0400316027005470
:10653000FF1E0171E008407AE7149F1A0001669E71
:106540003901183200FC60D3E079F8370941601E48
:10655000FFBB00B9E9A312292041601EEBC300B9BB
:10656000EA6700F9FF1A0171C1420054E203072AE9
:1065700061008052E5230691E4030691E3A30591AF
:10658000E00313AAE78B00B9120A0094E78B40B925
:10659000FB0300AA01004039EA6740F93FC00071DF
:1065A000E9A3522900C0278BEBC340B940520054E5
:1065B000E16B41B901C0218B2821601E604F00545E
:1065C000E0C740F9030680523F0000EBE9000054A9
:1065D00002040091E2C700F903000039E0C740F966
:1065E0003F0000EB68FFFF54F86B41B900001BCB84
:1065F000E09700B9FF1E017100220054000700510E
:10660000FF1A017140500054011D00120200805217
:10661000190080D2E06B01B9E1C3053961058052F0
:106620008000F836200080520000184BA1058052EF
:10663000E1C705391F240071CD5B0054EC3F069182
:10664000AD999952E4030CAA8D99B972027CAD9B65
:10665000E30304AAE503002A840400D142FC63D3C7
:106660004108020B0104014BE003022A21C0001182
:1066700061F01F38BF8C0171ACFEFF5440C00011A7
:1066800080F01F38600800D11F000CEB827E0054A0
:10669000E1CB059102144038221400381F000CEBA6
:1066A000A1FFFF54E0430A91030003CB60F40351C0
:1066B000E0F300B9E09740B9E1F340B91700010BEE
:1066C0001F0400716D5B0054E0AB40B9F702000B92
:1066D00029791512FF02007129011832FAA29F1AB6
:1066E00018008052FF8B00B9FF9B00B9E0BB40B996
:1066F000001B0035E17F4539070080522107FF3438
:106700008CFAFF17EC5F40F9E40318AAE9C340B91B
:10671000EA031CAAEBCB40B9FC0302AAF8D340B9A8
:10672000E77E4093210400110000078B841F00A91D
:106730009C430091E19B01B9E0D300F93F1C00713B
:10674000CD89FF54E2430691E10315AAE00313AAA1
:10675000EC5F00F9E9C300B9EBCB00B9EA6B00F9D3
:1067600098040094602FFF35EC5F40F9FC0316AAF3
:10677000EA6B40F9E0D340F9E9C340B9EBCB40B94B
:106780003EFCFF1769090736E28F4AA9830B00A96F
:10679000E19B41B98643009121040011E19B01B9BD
:1067A0004000008BE0D300F93F1C0071ED28FF543E
:1067B000E2430691E10315AAE00313AAE98B00B9AD
:1067C000EB9B00B9EA5F00F97E040094202CFF35B2
:1067D000EA5F40F9E60316AAE0D340F9E98B40B935
:1067E000EB9B40B9E26B41B9E19B41B936F9FF1728
:1067F000E25340F9E09340B9E19300B940C0208BE7
:1068000073FBFF17C062F837E03F40F9013C00918D
:1068100021F07D92E13F00F9000040F9E1EB407981
:106820000100007980F7FF17E067F837E03F40F993
:10683000012C009121F07D92000040B9E13F00F968
:1068400067FDFF174050F837E03F40F9012C0091F9
:1068500021F07D92E13F00F9000040B92100805213
:1068600008FBFF178063F837E03F40F9012C0091E7
:1068700021F07D92000040B9E13F00F9FFFAFF17D7
:10688000605CF837E03F40F9012C009121F07D92E7
:10689000E13F00F9000080B9E10300AA5EFBFF17A9
:1068A000E09340B9012000113F0000718D51005468
:1068B000E03F40F9E19300B9022C009141F07D9254
:1068C000E13F00F969FCFF17E25340F9E09340B95A
:1068D000E19300B940C0208B0CFDFF17E09340B955
:1068E000012000113F0000716D5D0054E03F40F950
:1068F000E19300B9022C009141F07D9200004079B3
:10690000E13F00F9DDFAFF17E0031BAAE9BB00B97C
:10691000EBC300B9190080D2EA6700F9C9EDFF970F
:10692000E17F45391F000071FF8B00B9F703002A92
:10693000FF9B00B91AA09F1AEA6740F9070080522E
:10694000E9BB40B9680E8052EBC340B9A1F4FE34F4
:10695000F8F9FF17E09340B9012000113F000071E2
:10696000CD4D0054E03F40F9E19300B9022C009175
:1069700041F07D92E13F00F933FCFF17E09340B90D
:10698000012000113F000071ED490054E03F40F943
:10699000E19300B9022C009141F07D920000407912
:1069A000E13F00F90EFDFF17E00313AAE243069151
:1069B000E10315AA03040094C0CEFF34E9F8FF17E1
:1069C000A05240F94B04009439F7FF170041601EB4
:1069D000FFBB00B961FDFF17E1040011E00313AA3A
:1069E000E78B00B9217C4093E9A31229EA5F00F903
:1069F000EBF300B9FBEDFF97EA5F40F9FB0300AA58
:106A0000E78B40B9E9A35229EBF340B9806300B4A6
:106A1000F90300AA4BFDFF17C7008052C8FEFF17FD
:106A2000442840398CFDFF17E0C740F9F86B41B9A5
:106A300000001BCBE09700B91F03076B01DB433A53
:106A4000EA1700540809005100070051EFFEFF1734
:106A5000A00580525A070011A105805207008052FC
:106A6000E07F05395FF7FF17E4030691E223069103
:106A7000E00313AA030080D2010080D2E98B00B9A1
:106A8000E89B00B9EBBB00B9EA6300F96108009428
:106A9000EA6340F9F703002AE98B40B91F0400318B
:106AA000E89B40B9EBBB40B920690054FBC700F933
:106AB000B7FDFF17A0058052A1058052E07F053980
:106AC0008CF9FF17E0F740B9014000113F00007159
:106AD0006D380054E03F40F9E1F700B9003C009107
:106AE00000EC7C9201400091E13F00F96CF9FF1746
:106AF000E0F740B9014000113F000071ED3400544F
:106B0000E03F40F9E1F700B9023C0091080040FD88
:106B100041F07D92E13F00F96EF9FF17E18B40B93A
:106B20003F000071E19B40B920D8407A0D660054C7
:106B30006D030C8BE2031CAA44000090FC03012AA5
:106B400084801091F8030DAA170280D2F34F00F948
:106B5000F95F00F9F90308AAEC6F00F9E91301B92C
:106B6000FB8F00F9EB2301B9FA2701B9FBEB4FA921
:106B7000EA9700F9280000149C070051E19B41B9F5
:106B800000001A8BE37740F921040011436800A943
:106B900042400091E19B01B9E0D300F93F1C007134
:106BA0006C08005461034039050319CBE30318AAAC
:106BB0003F00056B33B0851A7F0200718D010054D0
:106BC000E19B41B96A7E409300000A8B592800A9D5
:106BD00021040011E19B01B9E0D300F93F1C0071D1
:106BE0004C09005461034039424000917F0200711A
:106BF00065A29F1A3300054B7F020071AC0100545F
:106C0000E58B40B93903218BBF00007180DB407AEE
:106C10008D4D00549F0300710CFBFF54E18B40B974
:106C20007B0700D121040051E18B00B9D4FFFF178D
:106C30004A000090E19B41B94A8110917F42007166
:106C4000ED040054E3130CA9F86B00F9F84F40F978
:106C500004000014734200517F420071CD030054C0
:106C60000040009121040011445C00A942400091C1
:106C7000E19B01B9E0D300F93F1C0071CDFEFF5448
:106C8000E2430691E10315AAE00318AA4D0300941C
:106C9000E0150035E0D340F943000090E19B41B995
:106CA000E20316AA64801091EBFFFF17E04F40F952
:106CB000E2430691E10315AA4203009420560035F1
:106CC000E0D340F941000090E20316AA248010911D
:106CD000B5FFFF17E32B4CA9F86B40F9657E409395
:106CE000210400110000058B4A1400A9E19B01B9A1
:106CF000E0D300F93F1C00710C11005461034039CE
:106D000042400091BFFFFF17E04F40F9E243069178
:106D1000E10315AAF86300F92A0300942053003513
:106D2000E36340F944000090E0D340F9E20316AA7F
:106D30006103403984801091ADFFFF17E19740B99E
:106D40001F03016BAB170054E0AB40B93F0140F2A9
:106D50000C03000B9711981A690050361F0300713D
:106D60000C2F0054FF020071E80C8052FAA29F1A07
:106D7000E903192A190080D2FF8B00B9FF9B00B9E3
:106D80005BFEFF17E2430691E10315AAE00313AA95
:106D9000E98B00B9EB9B00B9EA5F00F909030094A5
:106DA00080FDFE35EA5F40F9FC0316AAE0D340F906
:106DB000E98B40B9EB9B40B9E26B41B9B5F7FF17DE
:106DC000FF16017141030054F80400114100805284
:106DD000E203182AE5230691E4030691E3A3059153
:106DE000E00313AAE78B00B9FA070094FB0300AA9B
:106DF000EA6740F901C0388BE78B40B9E9A3522913
:106E0000EBC340B9EDFDFF17E17F45391A00805211
:106E1000FF8B00B907008052FF9B00B91800805219
:106E2000190080D2E1CDFE34C2F8FF17E203072A31
:106E3000E5230691E4030691E3A30591E00313AA79
:106E400041008052E78B00B9E2070094E9A3522980
:106E5000FB0300AAEA6740F9E78B40B9EBC340B9EE
:106E600049DE073661C3278BD4FDFF17E09340B995
:106E7000012000113F0000710D1E0054E03F40F959
:106E8000E19300B9022C009141F07D92E13F00F9BD
:106E9000EDF8FF17E25340F9E09340B9E19300B9F0
:106EA00042C0208BE03F40F9E23F00F942F9FF1772
:106EB000E25340F9E09340B9E19300B940C0208B20
:106EC000F9F8FF17E25340F9E09340B9E19300B9B4
:106ED00040C0208BABF9FF17E2430691E10315AAEE
:106EE000E00313AAEC5F00F9E9C300B9EBCB00B9EA
:106EF000EA6B00F9B3020094C0F2FE35EC5F40F992
:106F0000FC0316AAEA6B40F9E0D340F9E9C340B9A3
:106F1000EBCB40B954FAFF17E04F40F9E24306913A
:106F2000E10315AAE36300F9A6020094A04200352C
:106F3000E36340F944000090E0D340F9E20316AA6D
:106F400061034039848010912EFFFF17E15F40F903
:106F5000F30318AA21F0FEB582F7FF17E17740F995
:106F6000E88B00B9E08340F9EB9F1229E3AB0BA952
:106F70007B0300CBE20300AAE0031BAAE46700F94D
:106F800090F3FF97A006403905008052E3AB4BA970
:106F90001F000071E46740F9B506959AE88B40B987
:106FA000EB9F5229CBFCFF17F86B41B9E00301AA14
:106FB0008FFDFF17E2430691E10315AAE00313AA30
:106FC000E98B00B9EB9B00B9EA5F00F97D02009400
:106FD00000ECFE35E1AF5229FC0316AAF76B41B96C
:106FE000EA5F40F93700174BE0D340F9E98B40B92D
:106FF0003BFAFF172821601E41310054F86B41B95C
:1070000000C0388B00001B4BE09700B92001001234
:107010000000072A1F030071AD33005480180035AB
:10702000F703182AC80C8052E9185037FF02007184
:10703000FAA29F1A4FFFFF17E1AB40B9E80C80524C
:107040003700000B1F0300710CFFFF54EC02184BBC
:1070500097050031FA529F1A46FFFF17A0B240B9B8
:10706000A0000037A022407960004837A05240F9C4
:10707000A002009400008012E07700B940F7FF17EB
:10708000FBA30691190080D253FCFF17240000F0E7
:10709000F703024B848010915F400031EA040054F2
:1070A000E20315AAFC03092AF503172A180280D265
:1070B000F70302AAF94700F9F90304AAEB9B00B908
:1070C000EA5F00F904000014B5420051BF420071AC
:1070D0004D0200540040009121040011D96000A924
:1070E000C6400091E19B01B9E0D300F93F1C00715B
:1070F000CDFEFF54E2430691E10317AAE00313AA71
:107100003002009460250035E0D340F9E60316AA6A
:10711000E19B41B9EDFFFF17EA5F40F9E20317AACF
:10712000E40319AAEB9B40B9F94740F9F703152A84
:10713000E9031C2AF50302AAF77E409321040011FB
:107140000000178BC45C00A9C6400091E19B01B907
:10715000E0D300F93F1C00718DDBFE54E243069141
:10716000E10315AAE00313AAE98B00B9EB9B00B970
:10717000EA5F00F913020094C0DEFE35EA5F40F9D1
:10718000E60316AAE0D340F9E98B40B9EB9B40B97E
:10719000E19B41B9CDF6FF17E28740F9E0F740B92E
:1071A000E1F700B940C0208B080040FDC9F7FF1788
:1071B000E1CB059182000035E1CF059102068052B6
:1071C000E2CB053900C0001120140038E2C305915C
:1071D0002000024BE0F300B937FDFF17E28740F9CA
:1071E000E0F740B9E1F700B940C0208BACF7FF17DA
:1071F000F54740F9010080D2A022C07900001A3280
:10720000A0220079A1DAFEB5D6F6FF17201AF837CA
:10721000E03F40F9013C009121F07D92E13F00F90F
:10722000000040F9E17740B9010000B9FEF4FF1712
:1072300009A5073625FDFF17E25340F9E09340B951
:10724000E19300B940C0208BFFF7FF17E09340B9EE
:10725000012000113F000071CD1E0054E03F40F9B5
:10726000E19300B9022C009141F07D92E13F00F9D9
:107270007AFDFF17E09340B9012000113F00007133
:107280002D1E0054E03F40F9E19300B9022C00911B
:1072900041F07D9200004039E13F00F9D0FAFF173C
:1072A0000001669EE017F8B7E17F453920000090A5
:1072B000250000901F1D017100802D91A5A02D912A
:1072C00091F7FF17E25340F9E09340B9E19300B919
:1072D00040C0208B00004079C1FAFF17E25340F90B
:1072E000E09340B9E19300B940C0208BDFF9FF176C
:1072F000E1001B0B030680522100004B2204001109
:1073000002C0228BA16AFF37031400385F0000EB34
:10731000C1FFFF5451FBFF17E25340F9E09340B91E
:10732000E19300B940C0208BC7F9FF17E0AB40B92B
:10733000C80C8052EC00000B9701180B3BFFFF17A5
:10734000E80C8052E17F40F9200040391FFC0371B6
:107350008024005403008052020080520500001473
:1073600042040011210400911FFC0371200100540C
:107370001F00186BEA0000541803004B200440392A
:1073800000FFFF352000403963040011F7FFFF17AD
:10739000E28B00B9E39B00B9E17F00F9E18B40B9D2
:1073A000E903192AE09B40B9190080D20000010BC3
:1073B000E10341B9175C011BFF020071FAA29F1A99
:1073C000CBFCFF17F54740F9E8031A2AE99B40B9BF
:1073D000EA0318AAEBBB40B9F703192A6CFBFF17A5
:1073E000E09340B9012000113F0000716D16005478
:1073F000E03F40F9E19300B9022C009141F07D9209
:1074000000004039E13F00F91CF8FF17E09340B954
:10741000012000113F000071CD150054E03F40F9FC
:10742000E19300B9022C009141F07D92E13F00F917
:1074300019FDFF17E09340B9012000113F000071D2
:107440006D0E0054E03F40F9E19300B9022C009129
:1074500041F07D92E13F00F9FAFBFF17E09340B95C
:10746000012000113F000071AD150054E03F40F9CC
:10747000E19300B9023C009141F07D92E13F00F9B7
:10748000E6FCFF17A00580520941611EE0BB00B970
:1074900031FCFF17E25340F9E09340B9E19300B9A2
:1074A00040C0208B00004079F4F7FF17E09340B90B
:1074B000012000113F0000710D0A0054E03F40F927
:1074C000E19300B9022C009141F07D92E13F00F977
:1074D0000EFCFF17E09340B9012000113F0000713E
:1074E0008D120054E03F40F9E19300B9022C009165
:1074F00041F07D92000040B9E13F00F9DFF7FF174E
:10750000E17F4539FA03072AFF8B00B9F703072A01
:10751000FF9B00B907008052680E80522196FE340E
:1075200004F7FF17E09340B9012000113F000071FC
:10753000CD110054E03F40F9E19300B9022C0091D5
:1075400041F07D92000040B9E13F00F924FAFF17B5
:10755000E09340B9012000113F0000716D08005414
:10756000E03F40F9E19300B9023C009141F07D9287
:10757000E13F00F92BFFFF17E09340B90120001114
:107580003F0000716D100054E03F40F9E19300B9F5
:10759000023C009141F07D92E13F00F945F9FF176F
:1075A000A0058052A1058052E07F053940FFFF17FA
:1075B000E14740F9F50317AA01BDFEB5E9F5FF174C
:1075C000F34F40F9E80319AAF95F40F9FB7F00F98E
:1075D000EC6F40F9FC0302AAFB8F40F9EA9740F9EF
:1075E000E91341B9EB2341B9FA2741B91F0103EB74
:1075F0000891839AA3F8FF17E25340F9E09340B94A
:10760000E19300B940C0208BC0FBFF17E25340F963
:10761000E09340B9E19300B940C0208B89FBFF178C
:10762000210080522100074BE16B01B9E2FBFF17FB
:10763000E25340F9E09340B9E19300B940C0208B98
:1076400086FCFF17E25340F9E09340B9E19300B99B
:1076500040C0208B00004039E1F9FF174000805204
:10766000E0F300B914FCFF17E25340F9E09340B98E
:10767000E19300B940C0208BEAFEFF17A022C07939
:1076800000001A32A0220079B7F5FF17A0000035DC
:107690003A008052C80C8052F7031A2AB5FDFF1732
:1076A000E0AB40B9C80C80520C0400119701072BC5
:1076B000FA529F1AAFFDFF17E25340F9E09340B929
:1076C000E19300B940C0208B000040396BF7FF17F1
:1076D000E25340F9E09340B9E19300B940C0208BF8
:1076E0006DFCFF17E29340B90203F837E03F40F921
:1076F000002C009100F07D92E33F40F9E03F00F95B
:1077000048074039FA0301AAE29300B9670040B97B
:10771000FF000071F9A09F5A19F4FF17E25340F9D6
:10772000E09340B9E19300B940C0208B3BFCFF17C8
:10773000E25340F9E09340B9E19300B940C0208B97
:10774000000040B94DF7FF17E09340B90220001147
:10775000E03F40F95F0000716D020054002C009181
:1077600000F07D92E5FFFF17E25340F9E09340B946
:10777000E19300B940C0208B000040B998F9FF1791
:10778000E15F40F9F34F40F981AEFEB575F5FF17A3
:10779000E25340F9E09340B9E19300B940C0208B37
:1077A000C4F8FF17E45340F9E39340B983C0238B37
:1077B000E33F00F9D1FFFF17A022C079E10319AA26
:1077C00000001A32A02200798FFEFF17A022C07994
:1077D000010080D200001A32A02200798AFEFF1731
:1077E000FF8B00B9FF9B00B9EDFEFF1763030C8B05
:1077F0007FFFFF17000000000000000000000000F5
:10780000FF4314D1FD7B00A9FD030091F35301A9AF
:10781000F30301AA21204079F40303AAE34304916E
:10782000661A40F921781E12652240F9F55B02A91B
:107830006726407964B240B9F60302AA02808052FA
:10784000F50300AAE0E30391E32F00F9E26700B932
:10785000E1D30079E7D70079E33B00F9E27B00B997
:10786000FF8300B9E64700F9E54F00F9E40B01B9E1
:1078700094000094800640ADE20316AAE3C3009191
:10788000E1630191E00315AAE08701AD21F3FF97C1
:10789000F403002AC000F837E1630191E00315AA60
:1078A000E0EDFF971F00007194029F5AE0D34079EA
:1078B000800030366022407900001A326022007960
:1078C000E07F40F983000094FD7B40A9E003142A87
:1078D000F35341A9F55B42A9FF431491C0035FD65E
:1078E000FD7BBBA9FD03009123B040B9F76303A959
:1078F000F80302AA63056836F55B02A9F50300AA3E
:10790000400840F9F35301A9F40301AAF96B04A953
:107910005A0040F9C00300B4566740A939FF42D36A
:10792000F703192A3F030071AD020054130080D2FF
:1079300003000014FF02136B0D020054C17A73B8E8
:10794000E20314AAE00315AA73060091090A009441
:107950001F04003101FFFF54F35341A9F55B42A915
:10796000F96B44A91F0B00B91F0B00F9F76343A97A
:10797000FD7BC5A8C0035FD6000B40F900C839CB1A
:10798000000B00F95A43009180FCFFB5F35341A965
:1079900000008052F55B42A9F96B44A9F2FFFF1782
:1079A00080F1FF971F0B00B91F0B00F9F76343A984
:1079B000FD7BC5A8C0035FD60000000000000000EA
:1079C000440840F9440000B4C6FFFF17000080528D
:1079D0005F0800B9C0035FD600000000000000008F
:1079E000FF4300D13F0000F1E03300910100819A94
:1079F000220100B4630100B440004039200000B906
:107A0000400040391F000071E0079F1AFF430091BA
:107A1000C0035FD600008052FF430091C0035FD6D1
:107A200020008012FAFFFF17000000000000000095
:107A3000FD7BBDA904F00491FD030091F35301A95E
:107A4000F30303AA7F0200F1230000909300939AAE
:107A5000F40300AA64D841F9E30313AA210100B496
:107A600080003FD6E103002A207C40933F04003190
:107A700060010054F35341A9FD7BC3A8C0035FD646
:107A8000E18300910200805280003FD6E103002A8A
:107A9000207C40933F040031E1FEFF547F0200B997
:107AA00041118052810200B900008092F35341A934
:107AB000FD7BC3A8C0035FD60000000000000000EB
:107AC000C0035FD6000000000000000000000000BE
:107AD000C0035FD6000000000000000000000000AE
:107AE000C0035FD60000000000000000000000009E
:107AF000C0035FD60000000000000000000000008E
:107B0000FD7BBDA9FD030091F51300F9610600B4EA
:107B1000F35301A9F30301AAF40300AA600000B41F
:107B2000012440F9410600B460B240B96122C07935
:107B30000005003701064836E10313AAE00314AA42
:107B4000B8ECFF97F503002A622A40F9C20000B49E
:107B5000611A40F9E00314AA40003FD61F000071EB
:107B6000B5A29F5A6022407920063837612E40F92D
:107B7000E10000B460D201913F0000EB60000054CE
:107B8000E00314AAD7EFFF977F2E00F9613E40F97A
:107B9000810000B4E00314AAD2EFFF977F3E00F902
:107BA000ECEDFF977F22007960B240B9A003003668
:107BB000605240F9C7FFFF97EAEDFF97F35341A9E1
:107BC000E003152AF51340F9FD7BC3A8C0035FD677
:107BD00041FBFF35F35341A915008052E003152AFC
:107BE000F51340F9FD7BC3A8C0035FD6BDEDFF9739
:107BF000CEFFFF17605240F9BAFFFF976022C079AD
:107C0000C0F9FF3560B240B960FE0737605240F9F5
:107C100015008052B7FFFF97F35341A9F0FFFF17FC
:107C2000605240F9B3FFFF97E2FFFF17610E40F982
:107C3000E00314AAABEFFF97CDFFFF170000000091
:107C40005F2403D5820600B4258080520502A87205
:107C5000200C014E03E87B92A50C044E091040F263
:107C60004A1040920002005461A0DF4C248100D1F0
:107C7000420004AB238C206E448C206E631C254E86
:107C8000841C254E66BC244EC6BC264EC63C084EFF
:107C900024F97FD3C624C49AC620C49A290200546A
:107CA000C60200B561A0DF4C428000F1238C206E3B
:107CB000448C206EA9000054661CA44EC6BCE64E3F
:107CC000C63C084E06FFFFB4631C254E841C254E9F
:107CD00066BC244EC6BC264EC63C084EE20000548C
:107CE0004401098B84104092848000D1E40704CBC6
:107CF000C620C49AC624C49AC600C0DA638000D1E4
:107D0000DF0000F1C610C0DA6004468BE003809A01
:107D1000C0035FD6000080D2C0035FD60000000021
:107D2000FD7BBEA922000090FD030091F35301A941
:107D3000F40300AAF30301AA403C42F9600000B436
:107D4000012440F9610700B46222C0796204183648
:107D5000610E40F9C10200B442010036602240B910
:107D60007F0E00B9E003004B602A00B9000080528A
:107D7000410100B4F35341A9FD7BC2A8C0035FD603
:107D80000000805242000837602240B9600E00B9FE
:107D90000000805201FFFFB5E2FE3F3642001A327A
:107DA0000000801262220079F3FFFF17005080521A
:107DB0004000000A1F00087100FDFF54E10313AAF0
:107DC000E00314AA230000946222C079610E40F9F6
:107DD00082FD0736E2FFFF1702032036C20010378C
:107DE000610E40F942001D326222007961FBFFB54D
:107DF000EFFFFF17612E40F9010100B460D201913D
:107E00003F0000EB80000054E00314AA35EFFF9719
:107E10006222C0797F2E00F9610E40F98004801241
:107E20004200000A610200F97F0A00B9EEFFFF1765
:107E30002CEDFF97C5FFFF1720018052800200B98B
:107E400042001A320000801262220079CAFFFF1736
:107E5000FD7BB5A9FD0300912220C079F35301A950
:107E6000F30301AA2201083620DC0191210080528F
:107E7000600200F9600E00F9612200B9F35341A9D4
:107E8000FD7BCBA8C0035FD62124C079F40300AAF0
:107E9000F55B02A9F71B00F98103F837E223019192
:107EA000540800940003F837E04F40B9168080D2A0
:107EB00015008152E10316AA000C14121F0840712C
:107EC000E00314AAF7179F1AC6E8FF97200300B52E
:107ED0006022C0796005483700741E1261DE01918E
:107EE000F55B42A900001F32F71B40F922008052C7
:107EF000610200F960220079610E00F9622200B986
:107F0000DFFFFF176222C0795F0079F2000880D29C
:107F1000168080D2D602809AE10316AAE00314AA42
:107F20001700805215008052AEE8FF9720FDFFB485
:107F30006222C079600200F942001932622200799F
:107F4000600E00F9762200B9170100354200152AAB
:107F500062220079F35341A9F55B42A9F71B40F96E
:107F6000FD7BCBA8C0035FD66126C079E00314AACD
:107F700034080094C00000356222C079F4FFFF1776
:107F8000F55B42A9F71B40F9BDFFFF17622240795C
:107F900042741E1242000032423C0013ECFFFF17F5
:107FA000FD7BBEA9FD030091023440F9F35301A902
:107FB000F30300AAF403012A420100B4817E409336
:107FC000407861F8E00100B4030040F9437821F8FB
:107FD0001F0800F9F35341A9FD7BC2A8C0035FD677
:107FE000220880D2010180D2DA020094603600F9C2
:107FF000E20300AA40FEFFB5000080D2F6FFFF17A3
:1080000021008052E00313AA3320D41A210080D229
:10801000627E4093421C009142F47ED3CD020094D4
:10802000C0FEFFB4144C0129EAFFFF170000000056
:10803000C10000B4003440F9220880B9037862F826
:10804000230000F9017822F8C0035FD60000000089
:10805000FD7BBCA927600091050080D2FD03009143
:10806000F35301A9F303032A341440B9F55B02A9C1
:10807000F50301AAF60300AAE47865B8833C001270
:10808000847C1053634C021B663C0012637C1053CB
:10809000830C021BC440030BE47825B8A5040091AF
:1080A000737C10539F02056B8CFEFF541301003448
:1080B000A00E40B91F00146B4D010054A0CA348BB0
:1080C00094060011131800B9B41600B9F35341A96E
:1080D000E00315AAF55B42A9FD7BC4A8C0035FD6E7
:1080E000A10A40B9E00316AAF71B00F92104001108
:1080F000ACFFFF97F70300AA600200B4A21680B994
:10810000A1420091004000914208009142F47ED3C8
:108110005CEAFF97C03640F9A10A80B9027861F89D
:10812000A20200F9157821F8F50317AAA0CA348B2A
:1081300094060011F71B40F9131800B9B41600B9E2
:10814000E3FFFF17030000F0000000F063C02E9172
:1081500000202F91020080D24117805211ABFF976F
:10816000E103002AE2FF9F52000080523F00026BB1
:1081700068000054213C10530002805202E0BF12FC
:108180003F00026B6800005400200011215C18536E
:108190000200BE123F00026B680000540010001184
:1081A000216C1C530200B8123F00026B890000547E
:1081B000E103212A007C410BC0035FD622741E53C9
:1081C000C100E8375F0062F2000C00110104805228
:1081D0000010811AC0035FD600080011C0035FD6EB
:1081E000E20300AA00008052410040B93F0840F27B
:1081F000E0000054A1000037A1030836217C0153A0
:1082000020008052410000B9C0035FD63F3C00729D
:1082100061000054217C1053000280523F1C007208
:108220006100005400200011217C08533F0C40F2F3
:108230006100005400100011217C04533F0440F2FF
:108240006100005400080011217C025381000037B6
:1082500000040011217C015361000034410000B989
:10826000C0035FD600048052C0035FD6217C025356
:1082700040008052410000B9C0035FD600000000FA
:10828000FD7BBEA9FD030091023440F9F35301A91F
:10829000F30300AAF403012A820100B4400440F968
:1082A000E00200B4010040F9410400F9210000D0CF
:1082B000141800B9F35341A920A842FD000800FD9D
:1082C000FD7BC2A8C0035FD6220880D2010180D204
:1082D00020020094603600F9E20300AA00FEFFB518
:1082E000030000F0000000F063C02E9100202F91E9
:1082F000020080D2A1288052AAAAFF97E00313AA05
:10830000820480D2210080D212020094A0FEFFB429
:10831000210000D0141800B9F35341A920A442FD54
:10832000210000D0000400FD20A842FD000800FD4F
:10833000FD7BC2A8C0035FD6000000000000000063
:10834000FD7BBCA9FD030091F55B02A9F50301AA21
:10835000361440B9F71B00F9571440B9F35301A97B
:10836000F40302AADF02176BEB000054E203172AA2
:10837000E10314AAF703162AF40315AAF603022A46
:10838000F50301AA810A4129F302160B5F00136B62
:1083900021A4811A03FFFF97800B00B407600091AE
:1083A000E8C8338BE30307AAFF0008EB8200005400
:1083B0007F4400B81F0103EBC8FFFF54A662009181
:1083C0008B620091C9C8368B65C9378BDF0009EB1A
:1083D00022080054AA0014CB946600914A6500D18B
:1083E000810080D24AF57E92BF0014EB4A01018BD6
:1083F0004A21819A07000014637C1053C30300359F
:10840000C6100091E71000913F0106EB49060054A9
:10841000C30040B96D3C007200FFFF54EC0307AA93
:10842000E4030BAA0E008052814440B8830140B996
:10843000223C00126F3C0012217C1053637C1053CD
:10844000423C0D1B210C0D1B42000E0B2140420B28
:10845000223C1033824500B82E7C1053BF0004EB41
:1084600048FEFF54EE682AB8C30040B9637C10533D
:1084700083FCFF34E10040B9ED0307AAE4030BAA33
:108480000E008052EC03012A820040794238031B1F
:1084900042404C0B413C1033A14500B8814440B8E8
:1084A000AC0140B9217C10538E3D00122138031BD2
:1084B0002140420B2E7C1053BF0004EB68FEFF549A
:1084C000C6100091E1682AB8E71000913F0106EB61
:1084D00008FAFF547F0200718C000054050000145C
:1084E000730600716000005401CD5FB8A1FFFF3436
:1084F000F55B42A9F71B40F9131400B9F35341A9E6
:10850000FD7BC4A8C0035FD6030000F0000000F0AC
:1085100063C02E9100202F91020080D2412C805206
:1085200020AAFF97000000000000000000000000EB
:10853000FD7BBDA9FD030091F35301A9F303022ABA
:1085400042040072F55B02A9F60300AAF50301AA32
:10855000C1040054737E0213F3020034D43240F994
:10856000540500B4F3000037737E01135302003446
:10857000800240F9A00200B4F40300AA73FF07369A
:10858000E20314AAE10315AAE00316AA6DFFFF9700
:10859000D50000B4C13640F9A20A80B9237862F848
:1085A000A30200F9357822F8F50300AA737E0113BF
:1085B00013FEFF35F35341A9E00315AAF55B42A969
:1085C000FD7BC3A8C0035FD6E20314AAE10314AA8B
:1085D000E00316AA5BFFFF97800200F9F40300AAEC
:1085E0001F0000F9E6FFFF1742040051240000D0ED
:1085F000840011910300805282D862B895FEFF97E3
:10860000F50300AAD4FFFF17E00316AA2100805249
:1086100064FEFF97F40300AAE00000B4200080D2BB
:10862000204EC0F2804201F8D43200F99F0200F9D6
:10863000CDFFFF17030000F0000000F063C02E9193
:1086400000202F91020080D2A1288052D5A9FF9747
:10865000FD7BBCA9FD030091F76303A9587C0513BA
:10866000371440B9230C40B91703170BF35301A972
:10867000F40301AAF55B02A9F5060011210840B92F
:10868000F303022AF60300AABF02036BAD000054F5
:1086900063781F5321040011BF02036BACFFFF542A
:1086A000E00316AA3FFEFF97A00700B40560009103
:1086B0001F0300712D010054041B0011E30305AAE0
:1086C00004C8248B1F2003D57F4400B87F0004EB2F
:1086D000C1FFFF54A548388B861680B9836200918C
:1086E000671200726608068B8004005408048052EA
:1086F000E10305AA0801074B040080521F2003D59F
:10870000620040B94220C71A4200042A224400B83D
:10871000644440B88424C81ADF0003EB28FFFF54E8
:10872000C10014CB82660091216400D1DF0002EB0E
:1087300021F47E92820080D22100028B2120829A35
:10874000A46821B844000035F503172AC13640F962
:10875000820A80B9F76343A9237862F8151400B937
:10876000F55B42A9830200F9347822F8F35341A95A
:10877000FD7BC4A8C0035FD6614440B8A14400B8E3
:10878000DF0003EB29FEFF54614440B8A14400B868
:10879000DF0003EB28FFFF54ECFFFF17030000F09E
:1087A000000000F063C02E9100202F91020080D2C3
:1087B000C13B80527BA9FF97000000000000000031
:1087C000221440B9E50300AA001440B90000026B6E
:1087D000E1010054437C7E93A560009121600091EB
:1087E000A200038B2100038B03000014BF0002EBE7
:1087F000E200005444CC5FB823CC5FB89F00036B09
:1088000060FFFF540000801200349F1AC0035FD63F
:10881000FD7BBDA9FD030091F35301A9F30301AA58
:10882000F40302AA211440B9421440B9F51300F927
:108830002100026B41020035427C7E93616200910F
:10884000846200912300028B8400028B03000014D9
:108850003F0003EB620A005466CC5FB885CC5FB87A
:10886000DF00056B60FFFF54E10314AAF5279F1A90
:108870009432939A7332819A05000014E10314AA8A
:10888000F5579F1A9442939A7342819A810A40B98C
:10889000C4FDFF97000B00B4681680B9896200918F
:1088A000871640B9626200910B600091050380D287
:1088B0004808088B010080522AC9278B151000B97F
:1088C000866A65B8646A65B8C33C0012C67C1053FA
:1088D0006320244BC440444B6300010B8440830B52
:1088E000833C1033036825B8A5100091817C1013D8
:1088F0006402058B1F0104EB48FEFF54040113CBF7
:1089000062660091846400D11F0102EBE6379F1A72
:10891000880080D282FC42D3DF00007145040091C0
:10892000A5F47ED3A510889A2801058B6501058BD7
:108930005F0108EB890400544A0500D1040080D28D
:108940004A0108CB49FD42D3027964B83F0104EBE8
:108950004300010B2120220B427C10534140810B2C
:10896000233C1033A37824B8217C10138404009195
:10897000C1FEFF544AF57E92A1000A8B83000035A8
:1089800022CC5FB8E7040051C2FFFF34071400B9DE
:10899000F35341A9F51340F9FD7BC3A8C0035FD68B
:1089A000010080527FFDFF97800100B4210080D23A
:1089B000014001F8F35341A9F51340F9FD7BC3A829
:1089C000C0035FD642F47ED3DF00007142109F9A4D
:1089D0006101028BEAFFFF17030000F0000000F0C6
:1089E00063C02E9100202F91020080D2E146805278
:1089F000ECA8FF97030000F0000000F063C02E9188
:108A000000202F91020080D2A1488052E5A8FF9754
:108A1000FD7BBCA9FD030091E81300FD0840601E2A
:108A2000F35301A9F40301AAF30302AA210080521F
:108A30005CFDFF97E00700B40301669EE40300AA13
:108A400065F874D360CC60D301000C32BF000071B4
:108A50002010801AE03F00B983020035E0F3009156
:108A6000E0FDFF97E13F40B923008052831400B935
:108A700000800011811800B9A5030034A5CC105165
:108A8000E81340FDA500000B850200B9A306805243
:108A90006300004B630200B9E00304AAF35341A949
:108AA000FD7BC4A8C0035FD6E0E30091E83B00BDB6
:108AB000CCFDFF97E13F40B980030034E33B40B970
:108AC000E203004B2220C21A4200032A2124C01ACA
:108AD000E13F00B93F00007182040329E3079F1AB8
:108AE00063040011831400B9A5FCFF356100809276
:108AF00000C8105121C8238B800200B98000018B6F
:108B000063681B53001840B996FDFF97E81340FDBA
:108B10006300004B630200B9F35341A9E00304AAC8
:108B2000FD7BC4A8C0035FD6E23B40B9EAFFFF1754
:108B3000030000F0000000F063C02E9100202F9190
:108B4000020080D2E161805296A8FF9700000000E9
:108B5000FD7BBEA9237CC29B217C029BFD0300916F
:108B6000F30B00F9630400B59EE5FF97F30300AA39
:108B7000600400B402805FF842F47E92422000D18B
:108B80005F2001F1C80100545F9C00F1C90000544E
:108B90000004004F0040009100009F3C5FDC00F1AA
:108BA000A80100541F7C00A91F0800F9E00313AAC4
:108BB000F30B40F9FD7BC2A8C0035FD601008052D1
:108BC000F0E9FF97E00313AAF30B40F9FD7BC2A87D
:108BD000C0035FD66006803D608200915F2001F196
:108BE00021FEFF5460C20091600A803DEEFFFF1736
:108BF00078E5FF9781018052010000B9130080D20F
:108C0000E00313AAF30B40F9FD7BC2A8C0035FD6B3
:108C1000E50304AAE40303AA0300809239060014C2
:108C2000FD7BBCA9FD030091F35301A9341440B9A5
:108C3000F76303A9F80300AA001440B91F00146BDE
:108C40008B0B005494060051336000911763009120
:108C5000F55B02A98A7E4093807E7E937602008B2C
:108C6000EB02008B627A6AB8E37A6AB842040011B8
:108C70007508C21A7F00026BC3040054E70313AAED
:108C8000E60317AA09008052080080521F2003D56E
:108C9000E34440B8C40040B9653C0012637C105303
:108CA000823C0012A524151BA97C10534220254BA1
:108CB0004200080B6324151B407C10130020234B3B
:108CC000697C10530340440B623C1033C24400B82B
:108CD000687C1013DF0207EBC2FDFF54E07A6AB82C
:108CE00080010035601100D1FF0200EBA3000054A9
:108CF0000700001494060051FF0200EB82000054AC
:108D0000020040B9001000D162FFFF34141700B90F
:108D1000E00318AAABFEFF970004F837E00317AA98
:108D2000040080521F2003D5634640B8020040B9BA
:108D3000413C00122120234B2100040B247C101302
:108D40008340434B6240420B413C1033014400B826
:108D5000447C1013DF0213EB82FEFF54E1DA74B897
:108D6000E0CA348B81010035001000D11F0017EBE1
:108D7000A80000540700001494060051FF0200EB05
:108D800082000054010040B9001000D161FFFF349F
:108D9000141700B9B5060011F35341A9E003152AD1
:108DA000F55B42A9F76343A9FD7BC4A8C0035FD666
:108DB000F35341A900008052F76343A9FD7BC4A887
:108DC000C0035FD6000000000000000000000000AB
:108DD000FD7BB4A9FD030091062840F9F35301A9D6
:108DE000F30300AAF55B02A9F40304AAF76303A93D
:108DF000F703012AF80305AAF96B04A9FA03022A6A
:108E0000FB7305A91C00669EE34300F9E827066D85
:108E10000840601E060100B4035840B92200805289
:108E2000E10306AA4220C31AC308012981FCFF9767
:108E30007F2A00F90001669E0941601E01008052F0
:108E400000FC60D3F503002AA000F8361578001264
:108E500021008052BC7E60B38903679EA22A0C1257
:108E6000810200B900FEAF525F00006B800E00541B
:108E70002821601E61020054E14340F92000805225
:108E8000200000B9980000B4000000F000A42E916A
:108E9000000300F9170000F0F7A22E91F35341A947
:108EA000E00317AAF55B42A9F76343A9F96B44A94C
:108EB000FB7345A9E827466DFD7BCCA8C0035FD6B0
:108EC0002041601EE2E30291E1F30291E00313AA64
:108ED000D0FEFF97F40300AAA07E1453A00C003527
:108EE000E30757290001669E6100010B22C810119B
:108EF0005F800071AD2E0054254810110408805287
:108F00008200024B0024C51AB522C21AA002002A10
:108F10000000631E2004005121008052E1A700B927
:108F200004C2BF520200669E41FC60D32100040BC4
:108F3000227C60B34200679E01106F1E210000D0AA
:108F40000300621E4138611E24AC42FD210000D0A6
:108F500020B042FD210000D02000441F22B442FD79
:108F60006000421F1820601E0500781E442A00542D
:108F70006000004B06040051BF58007108280054DF
:108F8000210000D02100129120D865FC1020691E1C
:108F90002C2D0054FFA300B9070080521F00007160
:108FA0008C00005427008052E700004B06008052DE
:108FB000C600050B1B008052E58B00B9FF2600712F
:108FC00068070054FF1600716D280054F712005115
:108FD00019008052FF0E0071605900542D2F00546B
:108FE000FF120071A12D005420008052E07B00B9D7
:108FF0005F0300716D530054F5031A2AE0031A2A27
:10900000FAAB00B9047C40931F7C0071CD0500547D
:10901000230080528200805242781F53E103032ACA
:1090200063040011407C4093007000911F0004EB2A
:1090300049FFFF54615A00B926000014E14340F98A
:10904000E0E18452200000B92001669E1FCC40F26E
:1090500001020054170000D0186200B4000000D0D4
:10906000F7A2309100C03091000300F98CFFFF1788
:109070002201669EE3BB40B900FC0F51FFA700B977
:1090800041CC60D321240C32227C60B3AAFFFF17AD
:10909000170000D0F85F00B4000000D0F7E2309174
:1090A00000EC3091000300F97DFFFF17390080527A
:1090B00017008052150080121A008052F97B00B907
:1090C000F5AB00B9010080527F5A00B91F2003D5CB
:1090D000E00313AAE79B1129E59B00B9B1FBFF97B9
:1090E000E79B5129F60300AAE59B40B9C07200B482
:1090F000BF3A0071762A00F9E0879F1AE303152A28
:109100000400190A1F00196AE00A0054E08B40B9F4
:109110001F0000716D440054E403002A210000B0D8
:10912000E00304AA21001291020C4092807C0413F7
:10913000207862FCE10304AA014E4036210000B011
:10914000000C001262008052213842FD2119611E7C
:1091500060010034210000B0214011911F2003D58F
:1091600080000036220040FD420400110008621E0B
:10917000007C01132120009140FFFF352118601E63
:10918000E0A340B98000003400106E1E3020601E45
:10919000C45400544200621E0090631E0298BF52E5
:1091A0004000411F0000669E01FC60D32100020BBD
:1091B000207C60B3153E0034FC8B40B9E403152AD3
:1091C0002100781E0200679E82040051280000B032
:1091D00008011291C90600912000621E20C00011F2
:1091E000E17B40B9001C001203D962FC2138601EEB
:1091F000E148003400106C1EC00200390018631EE4
:109200000038621E1020611E4C68005422008052FB
:10921000E00309AA4200094B04106E1E0390641E6D
:109220000A0000142108631E0008631E2100781E36
:109230002200621E21C00011011400382138621E74
:109240003020601E245E00548238611E5020601E53
:10925000C41700544100000B3F00046B4BFEFF5449
:109260003C01669EE0BF40B9E18B40B91F00007130
:1092700020A84E7A6D3D0054E17B40B9813C00341A
:10928000FF0600716D4F0054A30600517F03036B6E
:109290000B520054E000154BE08F00B96303034B01
:1092A000755EF836E00313AA21008052E79300B9F7
:1092B000E69B00B9E5A700B9E3AF00B9F1FBFF9762
:1092C000E79340B9F90300AAE69B40B9E5A740B986
:1092D000E3AF40B9E18F40B93F000071C4C8407AA4
:1092E000ED0000543F00066B20D0861AE700004BCB
:1092F000C600004B2100004BE18F00B9FB01003498
:10930000E07B40B9E04C003483510035E10314AAFE
:10931000E2031B2AE00313AAE79300B9E69B00B916
:10932000E5A700B983FCFF97E79340B9F40300AACF
:10933000E69B40B9E5A740B9E00313AA210080529B
:10934000E79300B9E69B00B9E5A700B9CDFBFF970D
:10935000E5A740B9FB0300AAE79340B9E69B40B9F3
:1093600065380035FF0600718D1C005420008052C6
:10937000C000000B00100072003100540104805244
:109380002100004B3F1000712D4400548103805296
:109390002000004BE18F40B9E700000BC600000B36
:1093A0002100000BE18F00B9FF0000714D01005456
:1093B000E10314AAE203072AE00313AAE69300B923
:1093C000E59B00B9A3FCFF97E69340B9F40300AA1C
:1093D000E59B40B9DF0000710D010054E1031BAAB9
:1093E000E203062AE00313AAE59300B999FCFF976C
:1093F000FB0300AAE59340B9E0A340B9FF0A00715E
:10940000E4D79F1AE0180035BF02007184D8407A73
:10941000E00D00549527003503008052A2008052D1
:10942000E1031BAAE00313AA0AFBFF97FB0300AAB0
:10943000E1031BAAE00314AAF70316AAE1FCFF97B5
:109440001F0000710D260054E08B40B9D606009134
:109450001C04001120068052E0020039E1031BAA1F
:10946000E00313AAF3FAFF97590800B4E10319AA1D
:10947000E00313AAEFFAFF973E0000142100805288
:10948000E1A300B907008052E600F83725D9FF367E
:10949000E700054BFB03054BE58B00B90500805247
:1094A000C7FEFF172700805206008052E700004BDE
:1094B000F7FFFF17A100621E2020601EE1079F1A20
:1094C000A500014BABFEFF17E203024B0020C21ABE
:1094D00090FEFF1739008052FF0E0071403100549A
:1094E0000CD8FF54FF0A0071C05300547F5A00B9D2
:1094F000E00313AA01008052E77B00B9E697112927
:10950000A8FAFF97E77B40B9F60300AAE69751292E
:10951000A05100B4000080121A008052E303002A18
:10952000F503002A762A00F9F97B00B9E0AB00B90F
:109530004DFFFF17A5040051FFA300B9D2FFFF178D
:109540001F0016EBA0420054E20300AA01FC5F38A2
:109550003FE4007160FFFF5421040011211C001240
:10956000F70316AAF60302AA010000391F2003D54B
:10957000E10314AAE00313AAAEFAFF97DF02003951
:10958000E14340F980070011200000B998C8FFB4FA
:10959000160300F942FEFF1720008052B7008052E8
:1095A000E07B00B9E08B40B94003000BE0AB00B9B1
:1095B00015040011BF020071A0C69F1A92FEFF178A
:1095C00057008052FF7B00B98AFEFF17E07B40B94D
:1095D000000E0034E28F40B95F000071ED000054CE
:1095E000E10319AAE00313AAE57B00B919FCFF9770
:1095F000E57B40B9F90300AAF93F00F9453E003583
:10960000D5C2358B80030012F64B00F9E0A700B9F4
:10961000E1031BAAE00314AA82FDFF971AC0001100
:10962000E10319AAE0A300B9E00314AA65FCFF97BF
:10963000E23F40F9E1031BAAE08F00B9E00313AA5F
:1096400074FCFF97E10300AA001040B980110035B7
:10965000E00314AAE14F00F95AFCFF97E203002A45
:10966000E14F40F9E00313AAE29B00B971FAFF97BA
:10967000E29B40B9E002022AC0140035E0A740B9DD
:10968000E03F0034E08F40B96012F837E04B40F91A
:109690001A140038E04B00F9BF0200EB003D005403
:1096A000E10314AA0300805242018052E00313AA8E
:1096B00068FAFF97F40300AAE03F40F9E10319AA12
:1096C00003008052420180523F0300EBE00313AAE3
:1096D000E01000545FFAFF97F90300AAE13F40F958
:1096E000E00313AA030080524201805259FAFF9707
:1096F000E03F00F9C7FFFF179FCF40F281E3FF541F
:1097000080FF60D31F286CF220E3FF5425008052B5
:10971000E7040011C6040011E003052A15FFFF1736
:10972000E1031BAAE00314AAE59300B9E49B00B986
:1097300024FCFF97E59340B9E49B40B960E6FF360F
:10974000E08B40B9E10314AA030080524201805229
:1097500000040051E08B00B9E00313AAE59300B9BF
:10976000E49B00B93BFAFF97F40300AAE07B40B901
:10977000E59340B9E49B40B9E0390035E0AB40B92E
:109780001F000071F503002A84D8407A41E4FF5499
:10979000170080D207000014E10314AAE00313AA03
:1097A00003008052420180522AFAFF97F40300AA74
:1097B000E1031BAAE00314AA1AFDFF971AC00011C7
:1097C000DA6A3738F7060091BF02176B6CFEFF5458
:1097D000BF020071B5060051200080D215D4959AC1
:1097E000D502158B170080D222008052E10314AA03
:1097F000E00313AA97FBFF97E1031BAAF40300AA57
:10980000F0FBFF971F0000718C0000543D01001415
:10981000BF0216EB80280054E20315AAB50600D15A
:1098200040F05F381FE4007140FFFF54FC8B40B9EB
:1098300000040011A0020039E1031BAAE00313AAEF
:10984000E23F00F9FBF9FF97E23F40F9B91D00B490
:10985000FF0200F1E41259FAC0000054E10317AA14
:10986000E00313AAE23F00F9F2F9FF97E23F40F963
:10987000F70316AAF60302AAFDFEFF17E00313AAD8
:10988000ECF9FF97E08F40B9C000F837E08F40B99E
:109890009C030012E002002A9C03002ABC0400354D
:1098A00022008052E10314AAE00313AA69FBFF9788
:1098B000E1031BAAF40300AAC2FBFF971F0000717B
:1098C0008D3100545FE70071002C0054E0A340B9D3
:1098D0001AC40011E24B40F9F70319AAF93F40F905
:1098E000FC8B40B95A140038D4FFFF17D9F9FF9701
:1098F000F90300AAE03F00F946FFFF171B0080D2E2
:10990000190080D2FC033A2AF70316AAD4FEFF17E7
:10991000E08F40B94030F837E1A740B9E002002AB3
:109920002000002AC02F00345F0000710DEBFF54AF
:109930005FE70071A0280054E24B40F95A0700117C
:10994000F70319AAFC8B40B9F93F40F95A140038C3
:10995000BAFFFF174200621E0090631E0298BF52BA
:109960004000411F0000669E01FC60D32100020BF5
:10997000207C60B30290621E0000679E2138621E48
:109980003020601E6C0600540040611E3020601EB6
:1099900064FBFF5433FEFF17800380527EFEFF17E7
:1099A000E0130054E08B40B9210000B02100129177
:1099B000E003004B020C4092007C0413227862FC0E
:1099C0002209621EC02900344140601E210000B0FF
:1099D0002140119108008052420080521F2003D57F
:1099E000A0000036200040FD42040011E803042AD4
:1099F0002108601E007C01132120009120FFFF350B
:109A00001F010071211C621EDEFDFF17E3031B2AEC
:109A1000190080D2FF7B00B9E78F00B92EFEFF1737
:109A2000200000B0000012915F030071A0BA407ADC
:109A300001D861FCEC15005435F6FF350090621E2C
:109A40002108601E8003679E3020601E8AF5FF5447
:109A5000F70316AA1B0080D2190080D27BFEFF17E5
:109A60003A008052F5031A2A96FDFF17E10300AA77
:109A7000E203052AE00313AAE79300B9E69B00B9C5
:109A8000ACFAFF97E79340B9FB0300AAE69B40B905
:109A9000FF0600710D02005405008052601740B9A6
:109AA000E79300B900040051E69B00B9E5A700B9AF
:109AB00060CB208B001840B9AAF9FF9701048052AF
:109AC000E79340B9E69B40B92000004BE5A740B9B9
:109AD00028FEFF179FCF40F201FEFF5480FF60D3A6
:109AE0001F286CF2A0FDFF54E7040011C60400110A
:109AF00025008052EAFFFF172141601E420080527C
:109B000094FDFF17FF7B00B9A7FEFF17C0020039C5
:109B10004208631EC042248BE20309AA0390641E1C
:109B20009F040071401C00542108631E2100781E10
:109B30002000621E21C00011411400382138601E2F
:109B40001F0002EB21FFFF5400106C1E4328601E13
:109B50007020611EA4CFFF540038621E1020611EC9
:109B60008C040054E0BF40B93C01669E1F000071A8
:109B7000E08B40B900A84E7AACF4FF54E08B40B9BA
:109B8000F70316AAF60309AA01D960FC2019611E81
:109B900060040051C002008B0390641E0100781E17
:109BA0002000621E22C00011E202003900A4411F01
:109BB000BF06007141010054970000140218611E95
:109BC0004100781E2200621E22C00011C216003819
:109BD0004080411F1F0016EB001200540008631E56
:109BE0000820601EC1FEFF54FC8B40B961FEFF17C8
:109BF000E20300AA01FC5F383FC00071A0FFFF54E0
:109C0000F70316AAF60302AA5AFEFF17810780522D
:109C10002000004BA0BCFF54DFFDFF172141601E58
:109C20004200805257FDFF1775E9FF34E4AB40B99D
:109C30009F0000716DB1FF54420400110390641E37
:109C40000090631EE08B40B94200621E2108631E33
:109C50001C0400510898BF522000421F0000669E5D
:109C600001FC60D32100080B207C60B355FDFF1779
:109C7000E1A740B98109003400CC1011E3031B2A8D
:109C8000C600000BE78F00B9E700000B86FDFF1749
:109C9000F7E2309182FCFF17F7A2309180FCFF17AA
:109CA000E10314AAE2031B2AE00313AAE79300B915
:109CB000E69B00B9E5A700B91EFAFF97E79340B904
:109CC000F40300AAE69B40B9E5A740B99BFDFF1746
:109CD00060001B4BC600150BFB03032AA500000BFD
:109CE00003008052E78F00B9A702070B6EFDFF1734
:109CF000F70316AA8903679ED6060091A4FFFF17F3
:109D000041000054BAD80737E20315AAB50600D1BE
:109D100040F05F381FC0007180FFFF54FC8B40B9DA
:109D2000C6FEFF17E08B40B91C04001120068052CC
:109D3000C0020039C1FEFF17E203032AE10319AA9A
:109D4000E00313AAE39300B9E79B00B9E6A700B9C3
:109D5000E5AF00B9F7F9FF97E20314AAF90300AAE7
:109D6000E10319AAE00313AA76F9FF97E10314AA05
:109D7000F40300AAE00313AAAEF8FF97E39340B9F7
:109D8000E79B40B9E6A740B97B03036BE5AF40B959
:109D900040ADFF545EFDFF179C0700112106805265
:109DA000F0FDFF17E1BB40B9C0068052E3031B2A58
:109DB000E78F00B90000014BC600000BE700000B65
:109DC00039FDFF17210B40B9E00313AA75F8FF977F
:109DD000FA0300AAA00A00B4221780B92143009117
:109DE000004000914208009142F47ED325E3FF97A2
:109DF000E1031AAAE00313AA2200805215FAFF9782
:109E0000E03F00F9FFFDFF17F70316AAF60300AACB
:109E1000D8FDFF17E00316AA0028601E1020611E5F
:109E20000C0200540020611E41000054A1010037C3
:109E3000FC8B40B9F60300AACEFDFF17F70319AA61
:109E4000F93F40F969FEFF17F54B40F9F70319AAEE
:109E5000F93F40F920078052A01600386FFEFF1727
:109E6000FC8B40B9F60317AAB8FDFF17C600150B07
:109E7000E78F00B9A702070B0BFDFF175FE7007123
:109E800040FEFF54E24B40F9F70319AAFC075129A1
:109E9000E0A340B93F00007100C40011F93F40F950
:109EA0001AC09A1A5A14003864FEFF17E00309AA70
:109EB00026FFFF17E10319AAE00313AA030080524B
:109EC00042018052E57B00B9E49300B961F8FF9745
:109ED000F5AB40B9F90300AAE49340B9BF020071A1
:109EE00084D8407A21010054E57B40B9BAFDFF17C0
:109EF00021CFFF549ACE073777FEFF174140601EEF
:109F0000420080529FFCFF17F5AB40B942FDFF179E
:109F1000F70316AAF60309AA96FDFF175F00007162
:109F20000CCCFF546CFEFF17030000D0000000D0E3
:109F300063C02E9100003191020080D2E15D805219
:109F400098A3FF97030000D0000000D063C02E91BB
:109F500000003191020080D2E135805291A3FF9739
:109F6000FF7B00B923FCFF17000000000000000089
:109F70000200669E1F0000B90402B01241F860D3CF
:109F800043FC60D33F00046BE80200542200022A25
:109F9000A2020034040080527F286CF22101005498
:109FA000016AE8D22100679EA40680120008611EA3
:109FB0000100669E21FC60D3E303012A2178001290
:109FC0000200669E63500112217C141363200B3241
:109FD00021F80F512100040B010000B9627C60B32D
:109FE0004000679EC0035FD6000000000000000034
:109FF000FD7BBEA9FD030091F35301A9340000B01D
:10A00000F30300AA9FBA0BB9E003012AE10302AAF5
:10A010000CDAFF971F04003180000054F35341A96C
:10A02000FD7BC2A8C0035FD681BA4BB981FFFF3464
:10A03000610200B9F35341A9FD7BC2A8C0035FD6FA
:10A04000FD7BBEA9FD030091F35301A934000090EC
:10A05000F30300AA9FBA0BB9E003012A05DAFF97C0
:10A060001F04003180000054F35341A9FD7BC2A8B6
:10A07000C0035FD681BA4BB981FFFF34610200B9DA
:10A08000F35341A9FD7BC2A8C0035FD600000000C6
:10A09000FD7BBCA9FD030091F35301A9F403012A40
:10A0A000F30302AAF51300F9F50300AA4DE2FF97A6
:10A0B0001F04007181000054800600511FF80371D5
:10A0C000A904005463A20291E203142AE1E300917F
:10A0D000E00315AA57F6FF971F0400B100040054CF
:10A0E000C00100B4630E40B9E1E34039630400519C
:10A0F000630E00B9A300F836642A40B97F00046BF0
:10A1000024A84A7A40010054630240F96404009193
:10A11000640200F961000039F51340F9E003142AE4
:10A12000F35341A9FD7BC4A8C0035FD6E20313AA81
:10A13000E00315AA370000941F040031E1FEFF542C
:10A1400000008012F35341A9F51340F9FD7BC4A828
:10A15000C0035FD6F4E30039E3FFFF1760224079C4
:10A1600000001A326022007900008012F6FFFF170B
:10A17000FD7BBDA9FD030091F35301A9F40300AADF
:10A1800040B040B9F30302AA4220C0794000003732
:10A1900022034836C200683760B240B94200133229
:10A1A000622200790000133260B200B9E00314AA01
:10A1B000E20313AAB7FFFF97F403002A61B240B984
:10A1C0006100003760224079A0004836E003142A7D
:10A1D000F35341A9FD7BC3A8C0035FD6605240F989
:10A1E00044F6FF97E003142AF35341A9FD7BC3A86B
:10A1F000C0035FD6605240F9E12F00B939F6FF97EE
:10A200006222C079E12F40B9E3FFFF170000000090
:10A21000FD7BBDA9FD030091F35301A9F403012ABD
:10A22000F30302AAF55B02A9F50300AA600000B4DB
:10A23000012440F9610800B46022C079612A40B964
:10A24000610E00B9E0031836610E40F9A10300B4B5
:10A25000961E0012941E001260046836600240F9D7
:10A26000622240B9010001CB5F00016B0D05005473
:10A2700021040011620E40B903040091630200F949
:10A2800042040051620E00B916000039602240B944
:10A290001F00016BA00400549F2A007160224079C6
:10A2A000E1179F1A3F00006A01040054F55B42A9C0
:10A2B000E003142AF35341A9FD7BC3A8C0035FD672
:10A2C000E10313AAE00315AA96F6FF976003003591
:10A2D0006022C079961E0012610E40F9941E001291
:10A2E000E0FB6F3762B240B90000133260220079A0
:10A2F0004078121260B200B9600240F9622240B99F
:10A30000010001CB5F00016B4CFBFF54E10313AA7A
:10A31000E00315AA43E3FF9700010035600240F90E
:10A3200021008052D4FFFF17E10313AAE00315AA0E
:10A330003CE3FF97C0FBFF3414008012DCFFFF17E3
:10A34000E8E3FF97BDFFFF170000000000000000DA
:10A35000FD7BB8A9BF0000F1FD030091F35301A9F3
:10A36000F40300AA00100591F55B02A9F60302AA06
:10A37000F50301AAF76303A9F70306AAF96B04A979
:10A380001900859AFB7305A95C0040F9010900B426
:10A39000F30304AA840A00B47A0400D1430A00B487
:10A3A0001B0080D2F53700F90A000014F50300B550
:10A3B000804740B8400600349F0013EB82090054E8
:10A3C0005A0700D1FB0304AA5F0700B1E001005463
:10A3D000E47240F9E30319AA820340B9E1C3019191
:10A3E000380340F9E00314AA80003FD61F0400316F
:10A3F00020060054017C409324001B8B9F0013EB2C
:10A4000069FDFF54380300F9F35341A9E0031BAA87
:10A41000F55B42A9F76343A9F96B44A9FB7345A90E
:10A42000FD7BC8A8C0035FD61F000071ED0100547A
:10A43000E23740F9270080D2430400D11F2003D522
:10A44000E2C301913F0007EB4200078B42F05F3807
:10A4500062682738E704009141FFFF54E13740F973
:10A460002040208BE03700F9C00240F90010009135
:10A47000C00200F9804740B800FAFF35550000B42B
:10A48000DF0200F93F0300B99B0400D1F35341A957
:10A49000E0031BAAF55B42A9F76343A9F96B44A942
:10A4A000FB7345A9FD7BC8A8C0035FD6130080924B
:10A4B000BAFFFF1740118052800200B93F0300B974
:10A4C0001B008092F35341A9E0031BAAF55B42A94C
:10A4D000F76343A9F96B44A9FB7345A9FD7BC8A8A1
:10A4E000C0035FD61B0080D2C8FFFF17FB0304AA7E
:10A4F000C6FFFF1700000000000000000000000081
:10A50000000000B0060000B0C6400B91003C42F9CC
:10A5100090FFFF1700000000000000000000000096
:10A52000FD7BBEA90200669E0300AE9EFD03009166
:10A53000F30B00F904443BD5E00303AA61FC7FD38D
:10A5400063F870D3E50301AA00BC7DD367040091D2
:10A55000261C0012E80301AA00F442AA41F07DD3B0
:10A56000FF347FF220090054E77F87926300078B56
:10A570007FF81FF1ED02005484046AF2C007005412
:10A580009F0050F1201500549F0060F1E0179F1AC2
:10A59000DF00006A010700549F0050F1C01500540D
:10A5A0009F0060F1E0179F1ADF00006A4106005427
:10A5B0001302F0928002805273FE05AACD0000942F
:10A5C0006002679EF30B40F9FD7BC2A8C0035FD613
:10A5D0007F0000F1AD0A0054FF1F02EB0200805221
:10A5E000E7079F9AE1F041AA211000AA3F0000F17D
:10A5F000E0079F1A4000000A3F0840F2C0150054CF
:10A6000084046A929F0050F1400200549F0060F160
:10A61000000D0054840C00B5220C40925F1000F134
:10A62000A10A005421D843D363280012020080D22B
:10A630006012003422CC40B30003805262284CB335
:10A64000C20041B3F30302AAAA000094DDFFFF1782
:10A65000C50B00B521200091220049922009003548
:10A66000620B00B4620400917FF81FF16111005485
:10A6700044F9FFB5B30041D380028052732A4CB233
:10A680009C000094CFFFFF17020001AA030200B54F
:10A69000B30041D362F9FFB484046A929F0050F181
:10A6A000E00C00549F0060F1600B00549F0000F12B
:10A6B000A00080D201049F9A080080D221D843D301
:10A6C000082900120003805233000014220200B453
:10A6D000E2FF8FD201F0C19300FC72D37F0002EB46
:10A6E00021FC43D30000005221004DB200009F1A0C
:10A6F000F3FF805233D013AA73FE05AA00F6FF358C
:10A700006002679EF30B40F9FD7BC2A8C0035FD6D1
:10A71000B30041D3732A4CB26002679EF30B40F939
:10A72000FD7BC2A8C0035FD67FD000B16BFBFF5496
:10A73000A70780D2E80003CB00004DB21FFD00F157
:10A74000EC040054680C0011E700034B2200805217
:10A75000030080D22920C89A3F0100F1E9079F9A9F
:10A760002124C79A210009AA0020C89A010001AA41
:10A770009FFFFF17211000912200499220F7FF341C
:10A78000420100B468040091010080D2082900123F
:10A790000003805228D008AA13FD05AA5500009492
:10A7A00088FFFF1740010034E80303AAC4FFFF1726
:10A7B00025F5FFB5C0000034E80303AAE30308AAA7
:10A7C000E80303AABEFFFF1700FFFF3521D843D3DC
:10A7D0006828001200028052EFFFFF17620C01117F
:10A7E0001F0101F147008012E300034B0220C29ACF
:10A7F000220002AA4110819A0024C39A3F0000F16E
:10A8000022008052E1079F9A030080D2210000AA13
:10A8100077FFFF17210080D225FDFFB4080080D20A
:10A82000210180D2A6FFFF17650100B513FEEFD20C
:10A83000800280522F00009462FFFF17210180D216
:10A84000E5F3FFB4030080D2210080D2E80303AA1D
:10A850009BFFFF17BF0000F10002E09201FEEFD264
:10A860000000679E2100679E80028052001C611ECE
:10A870001300669E1F00009452FFFF1722CC40B3C6
:10A880000002805262284CB3C20041B3F30302AA13
:10A89000180000944BFFFF170302FC920002805245
:10A8A000610C418A22D002AA53FC05AA110000942F
:10A8B00044FFFF1721D843D373280012E00000356E
:10A8C000020080D222CC40B3622A4CB3C20041B312
:10A8D000F30302AA3BFFFF17802C0B5300701D539C
:10A8E00085FFFF17000000000000000000000000CE
:10A8F000800000360104000F2018211E21443BD5A2
:10A90000A000083601102E1E0204000F2018221E7F
:10A9100021443BD500011036C2B598520110B01247
:10A92000A293AE722100271E4200271E2028221E5D
:10A9300021443BD5800018360144040F2008211E15
:10A9400021443BD5C00020360010B01202102E1E4C
:10A950000100271E2038221E20443BD5C0035FD6AD
:10A960001000000000000000017A520004781E016F
:10A970001B0C1F001000000018000000C476FFFF31
:10A980003001000000000000100000000000000086
:10A99000017A520004781E011B0C1F0010000000F9
:10A9A00018000000DC80FFFF2C0200000000000007
:10A9B0001000000000000000017A520004781E011F
:10A9C0001B0C1F001000000018000000B489FFFFDE
:10A9D0000401000000000000100000000000000062
:10A9E000017A520004781E011B0C1F0010000000A9
:10A9F0001800000000000000CC0000000000000073
:10AA00001000000000000000017A520004781E01CE
:10AA10001B0C1F00100000001800000000000000C8
:10AA200034010000000000001000000000000000E1
:10AA3000017A520004781E011B0C1F001000000058
:10AA400018000000000000002C01000000000000C1
:10AA50001000000000000000017A520004781E017E
:10AA60001B0C1F0010000000180000000000000078
:10AA7000B401000000000000100000000000000011
:10AA8000017A520004781E011B0C1F001000000008
:10AA900018000000ACD1FFFFDC0000000000000047
:10AAA0001035000000000000FFFFFFFFFFFFFFFF69
:10AAB0000000020000000000000000000000000094
:10AAC0000000000000000000000000000000000086
:10AAD000C0AA011000000000C0AA01100000000080
:10AAE000D0AA011000000000D0AA01100000000050
:10AAF000E0AA011000000000E0AA01100000000020
:10AB0000F0AA011000000000F0AA011000000000EF
:10AB100000AB01100000000000AB011000000000BD
:10AB200010AB01100000000010AB0110000000008D
:10AB300020AB01100000000020AB0110000000005D
:10AB400030AB01100000000030AB0110000000002D
:10AB500040AB01100000000040AB011000000000FD
:10AB600050AB01100000000050AB011000000000CD
:10AB700060AB01100000000060AB0110000000009D
:10AB800070AB01100000000070AB0110000000006D
:10AB900080AB01100000000080AB0110000000003D
:10ABA00090AB01100000000090AB0110000000000D
:10ABB000A0AB011000000000A0AB011000000000DD
:10ABC000B0AB011000000000B0AB011000000000AD
:10ABD000C0AB011000000000C0AB0110000000007D
:10ABE000D0AB011000000000D0AB0110000000004D
:10ABF000E0AB011000000000E0AB0110000000001D
:10AC0000F0AB011000000000F0AB011000000000EC
:10AC100000AC01100000000000AC011000000000BA
:10AC200010AC01100000000010AC0110000000008A
:10AC300020AC01100000000020AC0110000000005A
:10AC400030AC01100000000030AC0110000000002A
:10AC500040AC01100000000040AC011000000000FA
:10AC600050AC01100000000050AC011000000000CA
:10AC700060AC01100000000060AC0110000000009A
:10AC800070AC01100000000070AC0110000000006A
:10AC900080AC01100000000080AC0110000000003A
:10ACA00090AC01100000000090AC0110000000000A
:10ACB000A0AC011000000000A0AC011000000000DA
:10ACC000B0AC011000000000B0AC011000000000AA
:10ACD000C0AC011000000000C0AC0110000000007A
:10ACE000D0AC011000000000D0AC0110000000004A
:10ACF000E0AC011000000000E0AC0110000000001A
:10AD0000F0AC011000000000F0AC011000000000E9
:10AD100000AD01100000000000AD011000000000B7
:10AD200010AD01100000000010AD01100000000087
:10AD300020AD01100000000020AD01100000000057
:10AD400030AD01100000000030AD01100000000027
:10AD500040AD01100000000040AD011000000000F7
:10AD600050AD01100000000050AD011000000000C7
:10AD700060AD01100000000060AD01100000000097
:10AD800070AD01100000000070AD01100000000067
:10AD900080AD01100000000080AD01100000000037
:10ADA00090AD01100000000090AD01100000000007
:10ADB000A0AD011000000000A0AD011000000000D7
:10ADC000B0AD011000000000B0AD011000000000A7
:10ADD000C0AD011000000000C0AD01100000000077
:10ADE000D0AD011000000000D0AD01100000000047
:10ADF000E0AD011000000000E0AD01100000000017
:10AE0000F0AD011000000000F0AD011000000000E6
:10AE100000AE01100000000000AE011000000000B4
:10AE200010AE01100000000010AE01100000000084
:10AE300020AE01100000000020AE01100000000054
:10AE400030AE01100000000030AE01100000000024
:10AE500040AE01100000000040AE011000000000F4
:10AE600050AE01100000000050AE011000000000C4
:10AE700060AE01100000000060AE01100000000094
:10AE800070AE01100000000070AE01100000000064
:10AE900080AE01100000000080AE01100000000034
:10AEA00090AE01100000000090AE01100000000004
:10AEB000A0AE011000000000A0AE011000000000D4
:10AEC000B0AE011000000000B0AE011000000000A4
:10AED000C0AE011000000000C0AE01100000000074
:10AEE000D0AE011000000000D0AE01100000000044
:10AEF000E0AE011000000000E0AE01100000000014
:10AF0000F0AE011000000000F0AE011000000000E3
:10AF100000AF01100000000000AF011000000000B1
:10AF200010AF01100000000010AF01100000000081
:10AF300020AF01100000000020AF01100000000051
:10AF400030AF01100000000030AF01100000000021
:10AF500040AF01100000000040AF011000000000F1
:10AF600050AF01100000000050AF011000000000C1
:10AF700060AF01100000000060AF01100000000091
:10AF800070AF01100000000070AF01100000000061
:10AF900080AF01100000000080AF01100000000031
:10AFA00090AF01100000000090AF01100000000001
:10AFB000A0AF011000000000A0AF011000000000D1
:10AFC000B0AF011000000000B0AF011000000000A1
:10AFD000C0AF011000000000C0AF01100000000071
:10AFE000D0AF011000000000D0AF01100000000041
:10AFF000E0AF011000000000E0AF01100000000011
:10B00000F0AF011000000000F0AF011000000000E0
:10B0100000B001100000000000B0011000000000AE
:10B0200010B001100000000010B00110000000007E
:10B0300020B001100000000020B00110000000004E
:10B0400030B001100000000030B00110000000001E
:10B0500040B001100000000040B0011000000000EE
:10B0600050B001100000000050B0011000000000BE
:10B0700060B001100000000060B00110000000008E
:10B0800070B001100000000070B00110000000005E
:10B0900080B001100000000080B00110000000002E
:10B0A00090B001100000000090B0011000000000FE
:10B0B000A0B0011000000000A0B0011000000000CE
:10B0C000B0B0011000000000B0B00110000000009E
:10B0D000C0B0011000000000C0B00110000000006E
:10B0E000D0B0011000000000D0B00110000000003E
:10B0F000E0B0011000000000E0B00110000000000E
:10B10000F0B0011000000000F0B0011000000000DD
:10B1100000B101100000000000B1011000000000AB
:10B1200010B101100000000010B10110000000007B
:10B1300020B101100000000020B10110000000004B
:10B1400030B101100000000030B10110000000001B
:10B1500040B101100000000040B1011000000000EB
:10B1600050B101100000000050B1011000000000BB
:10B1700060B101100000000060B10110000000008B
:10B1800070B101100000000070B10110000000005B
:10B1900080B101100000000080B10110000000002B
:10B1A00090B101100000000090B1011000000000FB
:10B1B000A0B1011000000000A0B1011000000000CB
:10B1C000B0B1011000000000B0B10110000000009B
:10B1D000C0B1011000000000C0B10110000000006B
:10B1E000D0B1011000000000D0B10110000000003B
:10B1F000E0B1011000000000E0B10110000000000B
:10B20000F0B1011000000000F0B1011000000000DA
:10B2100000B201100000000000B2011000000000A8
:10B2200010B201100000000010B201100000000078
:10B2300020B201100000000020B201100000000048
:10B2400030B201100000000030B201100000000018
:10B2500040B201100000000040B2011000000000E8
:10B2600050B201100000000050B2011000000000B8
:10B2700060B201100000000060B201100000000088
:10B2800070B201100000000070B201100000000058
:10B2900080B201100000000080B201100000000028
:10B2A00090B201100000000090B2011000000000F8
:10B2B000A0B2011000000000A0B2011000000000C8
:10B2C000B0B2011000000000B0B201100000000098
:10B2D000430000000000000000000000000000002B
:10B2E000000000000000000000000000000000005E
:10B2F000430000000000000000000000000000000B
:10B30000000000000000000000000000000000003D
:10B3100043000000000000000000000000000000EA
:10B32000000000000000000000000000000000001D
:10B3300043000000000000000000000000000000CA
:10B3400000000000000000000000000000000000FD
:10B3500043000000000000000000000000000000AA
:10B3600000000000000000000000000000000000DD
:10B37000430000000000000000000000000000008A
:10B3800000000000000000000000000000000000BD
:10B39000430000000000000000000000000000006A
:10B3A000000000000000000000000000000000009D
:10B3B000103F011000000000E079011000000000C3
:10B3C000000000000000000060E20110000000002A
:10B3D000E8BA011000000000C0B901100000000030
:10B3E000C0B9011000000000C0B901100000000049
:10B3F000C0B9011000000000C0B901100000000039
:10B40000C0B9011000000000C0B901100000000028
:10B41000C0B9011000000000C0B901100000000018
:10B42000FFFFFFFFFFFFFFFFFFFFFFFFFFFF00002A
:10B4300001004153434949000000000000000000A2
:10B4400000000000000000000000000000000000FC
:10B450000000415343494900000000000000000083
:10B4600000000000000000000000000000000000DC
:10B47000000000000000000080B401100000000087
:10B480000000000000000000C0EB01100000000000
:10B4900078EC01100000000030ED01100000000009
:10B4A000000000000000000000000000000000009C
:10B4B000000000000000000000000000000000008C
:10B4C000000000000000000000000000000000007C
:10B4D000000000000000000000000000000000006C
:10B4E000000000000000000000000000000000005C
:10B4F000000000000000000000000000000000004C
:10B50000000000000000000000000000000000003B
:10B51000000000000000000000000000000000002B
:10B52000000000000000000000000000000000001B
:10B53000000000000000000000000000000000000B
:10B5400000000000000000000000000000000000FB
:10B5500001000000000000000E33CDAB34126DE698
:10B56000ECDE05000B000000000000000000000001
:10B5700000000000000000000000000000000000CB
:10B5800000000000000000000000000000000000BB
:10B5900000000000000000000000000000000000AB
:10B5A000000000000000000000000000000000009B
:10B5B000000000000000000000000000000000008B
:10B5C000000000000000000000000000000000007B
:10B5D000000000000000000000000000000000006B
:10B5E0000300000000000000C0EB0110000000009C
:10B5F000342E312E300000000D0A2A2A2A2A2A2A47
:10B600002A2A2A2A2A2A2A2A2A2A2A2A2A2A2A2A9A
:10B610002A2A2A2A2A2A2A2A2A2A2A2A2A2A2A2A8A
:10B620002A2A2A2A2A2A2A2A2A2A2A2A2A2A2A2A7A
:10B630002A2A2A2A2A2A2A2A2A2A2A2A2A2A2A2A6A
:10B640002A2A2A2A2A2A2A2A2A2A0D0A2A202020B5
:10B6500052656E6573617320465350204578616D65
:10B66000706C652050726F6A65637420666F72201B
:10B67000725F6273705F6D756C7469204D6F647575
:10B680006C65202020202020202020202020202029
:10B6900020202020202020202020202A0D0A2A20BF
:10B6A00020204578616D706C652050726F6A65630B
:10B6B000742056657273696F6E20257320202020D8
:10B6C000202020202020202020202020202020207A
:10B6D000202020202020202020202020202020206A
:10B6E000202020202020202020202A0D0A2A20206F
:10B6F00020466C657820536F6674776172652050C0
:10B7000061636B2056657273696F6E2025642E2508
:10B71000642E25642020202020202020202020208E
:10B720002020202020202020202020202020202019
:10B730002020202020202020202020202020202AFF
:10B740000D0A2A2A2A2A2A2A2A2A2A2A2A2A2A2A96
:10B750002A2A2A2A2A2A2A2A2A2A2A2A2A2A2A2A49
:10B760002A2A2A2A2A2A2A2A2A2A2A2A2A2A2A2A39
:10B770002A2A2A2A2A2A2A2A2A2A2A2A2A2A2A2A29
:10B780002A2A2A2A2A2A2A2A2A2A2A2A2A2A2A2A19
:10B790002A2A0D0A526566657220746F20726561EF
:10B7A000646D652E7478742066696C6520666F72AE
:10B7B000206D6F72652064657461696C73206F6EB3
:10B7C000204578616D706C652050726F6A65637496
:10B7D00020616E640D0A46535020557365722773BD
:10B7E000204D616E75616C20666F72206D6F7265A1
:10B7F00020696E666F726D6174696F6E2061626F31
:10B80000757420725F6273705F6D756C746920640B
:10B8100072697665720D0A000D0A546869732065B5
:10B8200078616D706C652070726F6A6563742069F1
:10B830006E697469616C697A657320616E642063F6
:10B840006F6E74726F6C7320746865206F6E2D62FA
:10B850006F617264204C454473207573696E672074
:10B8600042535020415049730D0A6F6E2052656E4D
:10B870006573617320525A204D5055206D756C745C
:10B88000692D636F7265204341353520436F7265C2
:10B890003020746F20436F7265332C204352353251
:10B8A00020435055302C20616E64204352353220A5
:10B8B000435055312E0D0A4F6E63652073746172CB
:10B8C0007465642C206561636820636F72652077FE
:10B8D000696C6C20746F67676C65206561636820B4
:10B8E0004C454420706572696F646963616C6C7962
:10B8F000207573696E6720434D542074696D6572BD
:10B900002E0D0A416E79204150492F6576656E747F
:10B91000206661696C757265206D6573736167651A
:10B9200020697320646973706C61796564206F6E3F
:10B93000205465726D696E616C20456D756C617423
:10B940006F722E0D0A0D00000D0A2A2A20525F4345
:10B950004D545F4F70656E20415049206661696C9F
:10B960006564202A2A0D0A005B4552525D20496E0B
:10B970002046756E6374696F6E3A2025730000006F
:10B980000D0A52657475726E6564204572726F722D
:10B9900020436F64653A203078257820200D0A0016
:10B9A0000D0A2A2A20525F434D545F436C6F736522
:10B9B00020415049206661696C6564202A2A0D0A7D
:10B9C00000000000000000000D0A2A2A20525F43F8
:10B9D0004D545F537461727420415049206661690F
:10B9E0006C6564202A2A0D0A000000000000000097
:10B9F0000D0A4253502073746172747320746F6720
:10BA0000676C696E67206F6E2D626F617264204C87
:10BA100045440D0000000000636F6E6400000000EC
:10BA20002F686F6D652F6769746C61622D72756E1A
:10BA30006E65722F6275696C64732F657061702F0B
:10BA4000744854385A4D3373542F302F65702D611C
:10BA5000702D6465762F727A2D65702D61702D645E
:10BA600065762F6578616D706C655F70726F6A6561
:10BA70006374732F727A6E32685F65766B2F6273B0
:10BA8000705F6D756C74692F6273705F6D756C7427
:10BA9000695F727A6E32685F65766B5F63613535B8
:10BAA0005F305F65702F653273747564696F2F72D4
:10BAB0007A2F6673702F696E632F6170692F2E2E37
:10BAC0002F2E2E2F7372632F6273702F6D63752F5D
:10BAD000616C6C2F6273705F6D6F64756C655F7302
:10BAE000746F702E680000002E000000000000003F
:10BAF0004C435F434F4C4C41544500000000000054
:10BB00004C435F43545950450000000000000000C2
:10BB10004C435F4D4F4E45544152590000000000C8
:10BB20004C435F4E554D4552494300000000000014
:10BB30004C435F54494D45004C435F4D4553534181
:10BB400047455300000000000A000000000000000C
:10BB5000494E460000000000696E660000000000CB
:10BB60004E414E00000000006E616E0000000000BB
:10BB70003031323334353637383961626364656663
:10BB80000000000000000000303132333435363719
:10BB9000383941424344454600000000000000009F
:10BBA000286E756C6C290000300000000000000059
:10BBB00042616C6C6F632073756363656564656473
:10BBC00000000000000000002F646174612F6A65AE
:10BBD0006E6B696E732F776F726B73706163652F15
:10BBE000474E552D746F6F6C636861696E2F61727B
:10BBF0006D2D31332F7372632F6E65776C69622DF3
:10BC000063796777696E2F6E65776C69622F6C69EF
:10BC100062632F7374646C69622F6D707265632E3A
:10BC20006300000000000000496E66696E69747967
:10BC300000000000000000004E614E000000000007
:10BC40002F646174612F6A656E6B696E732F776FF5
:10BC5000726B73706163652F474E552D746F6F6CF7
:10BC6000636861696E2F61726D2D31332F7372635A
:10BC70002F6E65776C69622D63796777696E2F6EB9
:10BC800065776C69622F6C6962632F7374646C6989
:10BC9000622F64746F612E630000000000000000DA
:10BCA0000000000000000000000000000000000094
:10BCB0000000000000000000000000000000000084
:10BCC0000000000000000000000000000000000074
:10BCD0000000000000000000000E00000000000056
:10BCE000000000000000000000000000000E000046
:10BCF0000000000000000000000000000000000044
:10BD0000000E000000000000000000000000000025
:10BD100000000000000E0000000000000000000015
:10BD2000E8EA01100000000038BD0110000000002A
:10BD3000D0D8011000000000000000000200000048
:10BD400000000000000000000C0000004F02000096
:10BD50000C000000500200000C0000005102000026
:10BD60000C0000004E020000000000000000000077
:10BD7000000000000000000040040110000000006E
:10BD8000000000000000000090BD01100000000055
:10BD900000000000010000000000000000000000A2
:10BDA000A0AA0110000000000F000000FFFF00002B
:10BDB0000000000000000000000000000101000081
:10BDC00000500080000000000000000000000000A3
:10BDD000000000005E5F000007000000000000009F
:10BDE000000C0000DF010000A001011000000000B5
:10BDF0000000000000000000000000000000000043
:10BE0000170000000000000020BE0110000000002C
:10BE1000A0BC0110000000000000000000000000B5
:10BE200004000000070200000400000000030000FE
:10BE300004000000010300000400000002030000F1
:10BE400018880000010800001840000002080000E7
:10BE500018400000030800001888000004080000D3
:10BE6000040000000508000004000000000B0000B2
:10BE700004000100030E000004000100060E000093
:10BE800004000100070E0000040001000112000080
:10BE90000400010007160000040001000017000064
:10BEA00002000100021B000002000100031B000051
:10BEB00048890100041B000048890100051B00009F
:10BEC00002000100061B000002000100031F000029
:10BED00004000100061F0000000000000000000038
:10BEE0000000000000000000000000000000000052
:10BEF0000000000000000000000000000000000042
:10BF00000000000000000000000000000000000031
:10BF10000000000000000000000000000000000021
:10BF20000000000000000000000000000000000011
:10BF30000000000000000000000000000000000001
:10BF400000000000000000000000000000000000F1
:10BF500000000000000000000000000000000000E1
:10BF600000000000000000000000000000000000D1
:10BF700000000000000000000000000000000000C1
:10BF800000000000000000000000000000000000B1
:10BF900000000000000000000000000000000000A1
:10BFA0000000000000000000000000000000000091
:10BFB0000000000000000000000000000000000081
:10BFC0000000000000000000000000000000000071
:10BFD0000000000000000000000000000000000061
:10BFE0000000000000000000000000000000000051
:10BFF0000000000000000000000000000000000041
:10C000000000000000000000000000000000000030
:10C010000000000000000000000000000000000020
:10C020000000000000000000000000000000000010
:10C030000000000000000000000000000000000000
:10C0400000000000000000000000000000000000F0
:10C0500000000000000000000000000000000000E0
:10C0600000000000000000000000000000000000D0
:10C0700000000000000000000000000000000000C0
:10C0800000000000000000000000000000000000B0
:10C0900000000000000000000000000000000000A0
:10C0A0000000000000000000000000000000000090
:10C0B0000000000000000000000000000000000080
:10C0C0000000000000000000000000000000000070
:10C0D0000000000000000000000000000000000060
:10C0E0000000000000000000000000000000000050
:10C0F0000000000000000000000000000000000040
:10C10000000000000000000000000000000000002F
:10C11000000000000000000000000000000000001F
:10C12000000000000000000000000000000000000F
:10C1300000000000000000000000000000000000FF
:10C1400000000000000000000000000000000000EF
:10C1500000000000000000000000000000000000DF
:10C1600000000000000000000000000000000000CF
:10C1700000000000000000000000000000000000BF
:10C1800000000000000000000000000000000000AF
:10C19000000000000000000000000000000000009F
:10C1A000000000000000000000000000000000008F
:10C1B000000000000000000000000000000000007F
:10C1C000000000000000000000000000000000006F
:10C1D000000000000000000000000000000000005F
:10C1E000000000000000000000000000000000004F
:10C1F000000000000000000000000000000000003F
:10C20000000000000000000000000000000000002E
:10C21000000000000000000000000000000000001E
:10C22000000000000000000000000000000000000E
:10C2300000000000000000000000000000000000FE
:10C2400000000000000000000000000000000000EE
:10C2500000000000000000000000000000000000DE
:10C2600000000000000000000000000000000000CE
:10C2700000000000000000000000000000000000BE
:10C2800000000000000000000000000000000000AE
:10C29000000000000000000000000000000000009E
:10C2A000000000000000000000000000000000008E
:10C2B000000000000000000000000000000000007E
:10C2C000000000000000000000000000000000006E
:10C2D000000000000000000000000000000000005E
:10C2E000000000000000000000000000000000004E
:10C2F000000000000000000000000000000000003E
:10C30000000000000000000000000000000000002D
:10C31000000000000000000000000000000000001D
:10C32000000000000000000000000000000000000D
:10C3300000000000000000000000000000000000FD
:10C3400000000000000000000000000000000000ED
:10C3500000000000000000000000000000000000DD
:10C3600000000000000000000000000000000000CD
:10C3700000000000000000000000000000000000BD
:10C3800000000000000000000000000000000000AD
:10C39000000000000000000000000000000000009D
:10C3A000000000000000000000000000000000008D
:10C3B000000000000000000000000000000000007D
:10C3C000000000000000000000000000000000006D
:10C3D000000000000000000000000000000000005D
:10C3E000000000000000000000000000000000004D
:10C3F000000000000000000000000000000000003D
:10C40000000000000000000000000000000000002C
:10C41000000000000000000000000000000000001C
:10C42000000000000000000000000000000000000C
:10C4300000000000000000000000000000000000FC
:10C4400000000000000000000000000000000000EC
:10C4500000000000000000000000000000000000DC
:10C4600000000000000000000000000000000000CC
:10C4700000000000000000000000000000000000BC
:10C4800000000000000000000000000000000000AC
:10C49000000000000000000000000000000000009C
:10C4A000000000000000000000000000000000008C
:10C4B000000000000000000000000000000000007C
:10C4C000000000000000000000000000000000006C
:10C4D000000000000000000000000000000000005C
:10C4E000000000000000000000000000000000004C
:10C4F000000000000000000000000000000000003C
:10C50000000000000000000000000000000000002B
:10C51000000000000000000000000000000000001B
:10C52000000000000000000000000000000000000B
:10C5300000000000000000000000000000000000FB
:10C5400000000000000000000000000000000000EB
:10C5500000000000000000000000000000000000DB
:10C5600000000000000000000000000000000000CB
:10C5700000000000000000000000000000000000BB
:10C5800000000000000000000000000000000000AB
:10C59000000000000000000000000000000000009B
:10C5A000000000000000000000000000000000008B
:10C5B000000000000000000000000000000000007B
:10C5C000000000000000000000000000000000006B
:10C5D000000000000000000000000000000000005B
:10C5E000000000000000000000000000000000004B
:10C5F000000000000000000000000000000000003B
:10C60000000000000000000000000000000000002A
:10C61000000000000000000000000000000000001A
:10C62000000000000000000000000000000000000A
:10C6300000000000000000000000000000000000FA
:10C6400000000000000000000000000000000000EA
:10C6500000000000000000000000000000000000DA
:10C6600000000000000000000000000000000000CA
:10C6700000000000000000000000000000000000BA
:10C6800000000000000000000000000000000000AA
:10C69000000000000000000000000000000000009A
:10C6A000000000000000000000000000000000008A
:10C6B000000000000000000000000000000000007A
:10C6C000000000000000000000000000000000006A
:10C6D000000000000000000000000000000000005A
:10C6E000000000000000000000000000000000004A
:10C6F000000000000000000000000000000000003A
:10C700000000000000000000000000000000000029
:10C710000000000000000000000000000000000019
:10C720000000000000000000000000000000000009
:10C7300000000000000000000000000000000000F9
:10C7400000000000000000000000000000000000E9
:10C7500000000000000000000000000000000000D9
:10C7600000000000000000000000000000000000C9
:10C7700000000000000000000000000000000000B9
:10C7800000000000000000000000000000000000A9
:10C790000000000000000000000000000000000099
:10C7A0000000000000000000000000000000000089
:10C7B0000000000000000000000000000000000079
:10C7C0000000000000000000000000000000000069
:10C7D0000000000000000000000000000000000059
:10C7E0000000000000000000000000000000000049
:10C7F0000000000000000000000000000000000039
:10C800000000000000000000000000000000000028
:10C810000000000000000000000000000000000018
:10C820000000000000000000000000000000000008
:10C8300000000000000000000000000000000000F8
:10C8400000000000000000000000000000000000E8
:10C8500000000000000000000000000000000000D8
:10C8600000000000000000000000000000000000C8
:10C8700000000000000000000000000000000000B8
:10C8800000000000000000000000000000000000A8
:10C890000000000000000000000000000000000098
:10C8A0000000000000000000000000000000000088
:10C8B0000000000000000000000000000000000078
:10C8C0000000000000000000000000000000000068
:10C8D0000000000000000000000000000000000058
:10C8E0000000000000000000000000000000000048
:10C8F0000000000000000000000000000000000038
:10C900000000000000000000000000000000000027
:10C910000000000000000000000000000000000017
:10C920000000000000000000000000000000000007
:10C9300000000000000000000000000000000000F7
:10C9400000000000000000000000000000000000E7
:10C9500000000000000000000000000000000000D7
:10C9600000000000000000000000000000000000C7
:10C9700000000000000000000000000000000000B7
:10C9800000000000000000000000000000000000A7
:10C990000000000000000000000000000000000097
:10C9A0000000000000000000000000000000000087
:10C9B0000000000000000000000000000000000077
:10C9C0000000000000000000000000000000000067
:10C9D0000000000000000000000000000000000057
:10C9E0000000000000000000000000000000000047
:10C9F0000000000000000000000000000000000037
:10CA00000000000000000000000000000000000026
:10CA10000000000000000000000000000000000016
:10CA20000000000000000000000000000000000006
:10CA300000000000000000000000000000000000F6
:10CA400000000000000000000000000000000000E6
:10CA500000000000000000000000000000000000D6
:10CA600000000000000000000000000000000000C6
:10CA700000000000000000000000000000000000B6
:10CA800000000000000000000000000000000000A6
:10CA90000000000000000000000000000000000096
:10CAA0000000000000000000000000000000000086
:10CAB0000000000000000000000000000000000076
:10CAC0000000000000000000000000000000000066
:10CAD0000000000000000000000000000000000056
:10CAE0000000000000000000000000000000000046
:10CAF0000000000000000000000000000000000036
:10CB00000000000000000000000000000000000025
:10CB10000000000000000000000000000000000015
:10CB20000000000000000000000000000000000005
:10CB300000000000000000000000000000000000F5
:10CB400000000000000000000000000000000000E5
:10CB500000000000000000000000000000000000D5
:10CB600000000000000000000000000000000000C5
:10CB700000000000000000000000000000000000B5
:10CB800000000000000000000000000000000000A5
:10CB90000000000000000000000000000000000095
:10CBA0000000000000000000000000000000000085
:10CBB0000000000000000000000000000000000075
:10CBC0000000000000000000000000000000000065
:10CBD0000000000000000000000000000000000055
:10CBE0000000000000000000000000000000000045
:10CBF0000000000000000000000000000000000035
:10CC00000000000000000000000000000000000024
:10CC10000000000000000000000000000000000014
:10CC20000000000000000000000000000000000004
:10CC300000000000000000000000000000000000F4
:10CC400000000000000000000000000000000000E4
:10CC500000000000000000000000000000000000D4
:10CC600000000000000000000000000000000000C4
:10CC700000000000000000000000000000000000B4
:10CC800000000000000000000000000000000000A4
:10CC90000000000000000000000000000000000094
:10CCA0000000000000000000000000000000000084
:10CCB0000000000000000000000000000000000074
:10CCC0000000000000000000000000000000000064
:10CCD0000000000000000000000000000000000054
:10CCE0000000000000000000000000000000000044
:10CCF0000000000000000000000000000000000034
:10CD00000000000000000000000000000000000023
:10CD10000000000000000000000000000000000013
:10CD20000000000000000000000000000000000003
:10CD300000000000000000000000000000000000F3
:10CD400000000000000000000000000000000000E3
:10CD500000000000000000000000000000000000D3
:10CD600000000000000000000000000000000000C3
:10CD700000000000000000000000000000000000B3
:10CD800000000000000000000000000000000000A3
:10CD90000000000000000000000000000000000093
:10CDA0000000000000000000000000000000000083
:10CDB0000000000000000000000000000000000073
:10CDC0000000000000000000000000000000000063
:10CDD000E01D011000000000000000000000000045
:10CDE0000000000000000000000000000000000043
:10CDF0000000000000000000000000000000000033
:10CE00000000000000000000000000000000000022
:10CE10000000000000000000000000000000000012
:10CE20000000000000000000000000000000000002
:10CE300000000000000000000000000000000000F2
:10CE400000000000000000000000000000000000E2
:10CE500000000000000000000000000000000000D2
:10CE600000000000000000000000000000000000C2
:10CE700000000000000000000000000000000000B2
:10CE800000000000000000000000000000000000A2
:10CE90000000000000000000000000000000000092
:10CEA0000000000000000000000000000000000082
:10CEB0000000000000000000000000000000000072
:10CEC0000000000000000000000000000000000062
:10CED0000000000000000000000000000000000052
:10CEE0000000000000000000000000000000000042
:10CEF0000000000000000000000000000000000032
:10CF00000000000000000000000000000000000021
:10CF10000000000000000000000000000000000011
:10CF20000000000000000000000000000000000001
:10CF300000000000000000000000000000000000F1
:10CF400000000000000000000000000000000000E1
:10CF500000000000000000000000000000000000D1
:10CF600000000000000000000000000000000000C1
:10CF700000000000000000000000000000000000B1
:10CF800000000000000000000000000000000000A1
:10CF90000000000000000000000000000000000091
:10CFA0000000000000000000000000000000000081
:10CFB0000000000000000000000000000000000071
:10CFC0000000000000000000000000000000000061
:10CFD0000000000000000000000000000000000051
:10CFE0000000000000000000000000000000000041
:10CFF0000000000000000000000000000000000031
:10D000000000000000000000000000000000000020
:10D010000000000000000000000000000000000010
:10D020000000000000000000000000000000000000
:10D0300000000000000000000000000000000000F0
:10D0400000000000000000000000000000000000E0
:10D0500000000000000000000000000000000000D0
:10D0600000000000000000000000000000000000C0
:10D0700000000000000000000000000000000000B0
:10D0800000000000000000000000000000000000A0
:10D090000000000000000000000000000000000090
:10D0A0000000000000000000000000000000000080
:10D0B0000000000000000000000000000000000070
:10D0C0000000000000000000000000000000000060
:10D0D0000000000000000000000000000000000050
:10D0E0000000000000000000000000000000000040
:10D0F0000000000000000000000000000000000030
:10D10000000000000000000000000000000000001F
:10D11000000000000000000000000000000000000F
:10D1200000000000000000000000000000000000FF
:10D1300000000000000000000000000000000000EF
:10D140000000000000000000C018011000000000F6
:10D15000501701100000000000170110000000002F
:10D160004018011000000000000000000000000056
:10D1700000000000000000000000000000000000AF
:10D18000000000000000000000000000000000009F
:10D19000000000000000000000000000000000008F
:10D1A000000000000000000000000000000000007F
:10D1B000000000000000000000000000000000006F
:10D1C000000000000000000000000000000000005F
:10D1D000000000000000000000000000000000004F
:10D1E000000000000000000000000000000000003F
:10D1F000000000000000000000000000000000002F
:10D20000000000000000000000000000000000001E
:10D21000000000000000000000000000000000000E
:10D2200000000000000000000000000000000000FE
:10D2300000000000000000000000000000000000EE
:10D2400000000000000000000000000000000000DE
:10D2500000000000000000000000000000000000CE
:10D2600000000000000000000000000000000000BE
:10D2700000000000000000000000000000000000AE
:10D28000000000000000000000000000000000009E
:10D29000000000000000000000000000000000008E
:10D2A000000000000000000000000000000000007E
:10D2B000000000000000000000000000000000006E
:10D2C000000000000000000000000000000000005E
:10D2D000000000000000000000000000000000004E
:10D2E000000000000000000000000000000000003E
:10D2F000000000000000000000000000000000002E
:10D30000000000000000000000000000000000001D
:10D31000000000000000000000000000000000000D
:10D3200000000000000000000000000000000000FD
:10D3300000000000000000000000000000000000ED
:10D3400000000000000000000000000000000000DD
:10D3500000000000000000000000000000000000CD
:10D3600000000000000000000000000000000000BD
:10D3700000000000000000000000000000000000AD
:10D38000000000000000000000000000000000009D
:10D39000000000000000000000000000000000008D
:10D3A000000000000000000000000000000000007D
:10D3B000000000000000000000000000000000006D
:10D3C000000000000000000000000000000000005D
:10D3D000000000000000000000000000000000004D
:10D3E000000000000000000000000000000000003D
:10D3F000000000000000000000000000000000002D
:10D40000000000000000000000000000000000001C
:10D41000000000000000000000000000000000000C
:10D4200000000000000000000000000000000000FC
:10D4300000000000000000000000000000000000EC
:10D4400000000000000000000000000000000000DC
:10D4500000000000000000000000000000000000CC
:10D4600000000000000000000000000000000000BC
:10D4700000000000000000000000000000000000AC
:10D48000000000000000000000000000000000009C
:10D49000000000000000000000000000000000008C
:10D4A000000000000000000000000000000000007C
:10D4B000000000000000000000000000000000006C
:10D4C000000000000000000000000000000000005C
:10D4D000000000000000000000000000000000004C
:10D4E000000000000000000000000000000000003C
:10D4F000000000000000000000000000000000002C
:10D50000000000000000000000000000000000001B
:10D51000000000000000000000000000000000000B
:10D5200000000000000000000000000000000000FB
:10D5300000000000000000000000000000000000EB
:10D5400000000000000000000000000000000000DB
:10D5500000000000000000000000000000000000CB
:10D5600000000000000000000000000000000000BB
:10D5700000000000000000000000000000000000AB
:10D58000000000000000000000000000000000009B
:10D59000000000000000000000000000000000008B
:10D5A000000000000000000000000000000000007B
:10D5B000000000000000000000000000000000006B
:10D5C000000000000000000000000000000000005B
:10D5D000000000000000000000000000000000004B
:10D5E000000000000000000000000000000000003B
:10D5F000000000000000000000000000000000002B
:10D60000000000000000000000000000000000001A
:10D61000000000000000000000000000000000000A
:10D6200000000000000000000000000000000000FA
:10D6300000000000000000000000000000000000EA
:10D6400000000000000000000000000000000000DA
:10D6500000000000000000000000000000000000CA
:10D6600000000000000000000000000000000000BA
:10D6700000000000000000000000000000000000AA
:10D68000000000000000000000000000000000009A
:10D69000000000000000000000000000000000008A
:10D6A000000000000000000000000000000000007A
:10D6B000000000000000000000000000000000006A
:10D6C000000000000000000000000000000000005A
:10D6D000000000000000000000000000000000004A
:10D6E000000000000000000000000000000000003A
:10D6F000000000000000000000000000000000002A
:10D700000000000000000000000000000000000019
:10D710000000000000000000000000000000000009
:10D7200000000000000000000000000000000000F9
:10D7300000000000000000000000000000000000E9
:10D7400000000000000000000000000000000000D9
:10D7500000000000000000000000000000000000C9
:10D7600000000000000000000000000000000000B9
:10D7700000000000000000000000000000000000A9
:10D780000000000000000000000000000000000099
:10D790000000000000000000000000000000000089
:10D7A0000000000000000000000000000000000079
:10D7B0000000000000000000000000000000000069
:10D7C0000000000000000000000000000000000059
:10D7D0000000000000000000000000000000000049
:10D7E0000000000000000000000000000000000039
:10D7F0000000000000000000000000000000000029
:10D800000000000000000000000000000000000018
:10D810000000000000000000000000000000000008
:10D8200000000000000000000000000000000000F8
:10D8300000000000000000000000000000000000E8
:10D8400000000000000000000000000000000000D8
:10D8500000000000000000000000000000000000C8
:10D8600000000000000000000000000000000000B8
:10D8700000000000000000000000000000000000A8
:10D880000000000000000000000000000000000098
:10D890000000000000000000000000000000000088
:10D8A0000000000000000000000000000000000078
:10D8B00000000000000000006273705F6173736518
:10D8C00072745F6368616E6E656C0000000000003A
:10D8D000C011011000000000201101100000000024
:10D8E000400D011000000000C00A011000000000FF
:10D8F000F00B011000000000500C011000000000AF
:10D90000600A011000000000900F011000000000EC
:10D91000E00C0110000000002009011000000000D0
:10D92000800E0110000000006273705F6173736508
:10D9300072745F6368616E6E656C000000000000C9
:10D94000AAAAAAAA0000020000000000000000002D
:10D95000AAAAAAAAAAAAAAAAAAAAAAAAAAAAAAAA27
:10D96000AAAAAAAA00000000A8AAAAAAAAAAAAAAC1
:10D97000AAAAAAAAAAAAAAAAAAAAAAAAAAAAAAAA07
:10D98000AAAAAAAAAAAAAAAAAAAAAAAAAAAAAAAAF7
:10D99000AAAAAAAAAAAAAAAAAAAAAAAAAAAAAAAAE7
:10D9A000AAAAAAAAAAAAAAAAAAAAAAAAAAAA020029
:10D9B0000000000000A0AAAA2AAAAAAAAAAAAAAAA3
:10D9C000AAAAAA2A00000080AAAAAAAA0AA8AAAA01
:10D9D000AA02AAAAAAAA80AAAAAA2A00000080AA21
:10D9E000AAA2828A82828282828282820200A0A08D
:10D9F000820A2A08A0AAAAAAAAAAAAAAAAAAAA82A3
:10DA00000A2A0800000000000000000000000000DA
:10DA10000000000000000000000000000000000006
:10DA20000000AAAAAAAAAAAAAAAAAAAAAAAAAAAAAA
:10DA3000AAAAAAAAAAAAAAAAAAAAAAAAAAAAAAAA46
:10DA4000AAAA2A0000000000000000000000000058
:10DA500000000000000C000000000000000C0000AE
:10DA600000000000000C000000000000000C00009E
:10DA700000000000000C000000000000000C00008E
:10DA800000000000000C000000000000000C00007E
:10DA900000000000000C000000000000000C00006E
:10DAA00000000000000C000000000000000C00005E
:10DAB00000000000000C000000000000000C00004E
:10DAC00000000000000C000000000000000C00003E
:10DAD0000000000000000000000000000000000046
:10DAE0000000000000000000000000000000000036
:10DAF0000000000000000000000000000000000026
:10DB00000000000000000000000000000000000015
:10DB10000000000000000000000000000000000005
:10DB200000000000000000000000000000000000F5
:10DB300000000000000000000000000000000000E5
:10DB400000000000000000000000000000000000D5
:10DB500000000000000C000000000000000C0000AD
:10DB600000000000000C000000000000000C00009D
:10DB700000000000000C000000000000000C00008D
:10DB800000000000000C000000000000000C00007D
:10DB900000000000000C000000000000000C00006D
:10DBA00000000000000C000000000000000C00005D
:10DBB00000000000000C000000000000000C00004D
:10DBC00000000000000C000000000000000C00003D
:10DBD00000000000000C000000000000000C00002D
:10DBE00000000000000C000000000000000C00001D
:10DBF00000000000000C000000000000000C00000D
:10DC000000000000000C000000000000000C0000FC
:10DC100000000000000C000000000000000C0000EC
:10DC200000000000000C000000000000000C0000DC
:10DC300000000000000C000000000000000C0000CC
:10DC400000000000000C000000000000000C0000BC
:10DC500000000000000C000000000000000C0000AC
:10DC600000000000000C000000000000000C00009C
:10DC700000000000000C000000000000000C00008C
:10DC800000000000000C000000000000000C00007C
:10DC900000000000000C000000000000000C00006C
:10DCA00000000000000C000000000000000C00005C
:10DCB00000000000000C000000000000000C00004C
:10DCC00000000000000C000000000000000C00003C
:10DCD00000000000000C000000000000000C00002C
:10DCE00000000000000C000000000000000C00001C
:10DCF00000000000000C000000000000000C00000C
:10DD000000000000000C000000000000000C0000FB
:10DD100000000000000C000000000000000C0000EB
:10DD200000000000000C000000000000000C0000DB
:10DD300000000000000C000000000000000C0000CB
:10DD400000000000000C000000000000000C0000BB
:10DD500000000000000C000000000000000C0000AB
:10DD600000000000000C000000000000000C00009B
:10DD700000000000000C000000000000000C00008B
:10DD800000000000000C000000000000000C00007B
:10DD900000000000000C000000000000000C00006B
:10DDA00000000000000C000000000000000C00005B
:10DDB00000000000000C000000000000000C00004B
:10DDC00000000000000C000000000000000C00003B
:10DDD00000000000000C000000000000000C00002B
:10DDE00000000000000C000000000000000C00001B
:10DDF00000000000000C000000000000000C00000B
:10DE000000000000000C000000000000000C0000FA
:10DE100000000000000C000000000000000C0000EA
:10DE200000000000000C000000000000000C0000DA
:10DE300000000000000C000000000000000C0000CA
:10DE400000000000000C000000000000000C0000BA
:10DE500000000000000C000000000000000C0000AA
:10DE600000000000000C000000000000000C00009A
:10DE700000000000000C000000000000000C00008A
:10DE800000000000000C000000000000000C00007A
:10DE900000000000000C000000000000000C00006A
:10DEA00000000000000C000000000000000C00005A
:10DEB00000000000000C000000000000000C00004A
:10DEC00000000000000C000000000000000C00003A
:10DED00000000000000C000000000000000C00002A
:10DEE00000000000000C000000000000000C00001A
:10DEF00000000000000C000000000000000C00000A
:10DF000000000000000C000000000000000C0000F9
:10DF100000000000000C000000000000000C0000E9
:10DF200000000000000C000000000000000C0000D9
:10DF300000000000000C000000000000000C0000C9
:10DF400000000000000C000000000000000C0000B9
:10DF500000000000000C000000000000000C0000A9
:10DF600000000000000C000000000000000C000099
:10DF700000000000000C000000000000000C000089
:10DF800000000000000C000000000000000C000079
:10DF900000000000000C000000000000000C000069
:10DFA00000000000000C000000000000000C000059
:10DFB00000000000000C000000000000000C000049
:10DFC00000000000000C000000000000000C000039
:10DFD00000000000000C000000000000000C000029
:10DFE00000000000000C000000000000000C000019
:10DFF00000000000000C000000000000000C000009
:10E0000000000000000C000000000000000C0000F8
:10E0100000000000000C000000000000000C0000E8
:10E0200000000000000C000000000000000C0000D8
:10E0300000000000000C000000000000000C0000C8
:10E0400000000000000C000000000000000C0000B8
:10E0500000000000000000000000000000000000C0
:10E0600000000000000000000000000000000000B0
:10E0700000000000000000000000000000000000A0
:10E080000000000000000000000000000000000090
:10E090000000000000000000000000000000000080
:10E0A0000000000000000000000000000000000070
:10E0B0000000000000000000000000000000000060
:10E0C0000000000000000000000000000000000050
:10E0D0000000000000000000000000000000000040
:10E0E0000000000000000000000000000000000030
:10E0F0000000000000000000000000000000000020
:10E10000000000000000000000000000000000000F
:10E1100000000000000000000000000000000000FF
:10E1200000000000000000000000000000000000EF
:10E1300000000000000000000000000000000000DF
:10E1400000000000000000000000000000000000CF
:10E1500000000000000C000000000000000C0000A7
:10E1600000000000000C000000000000000C000097
:10E1700000000000000C000000000000000C000087
:10E1800000000000000C000000000000000C000077
:10E1900000000000000C000000000000000C000067
:10E1A00000000000000C000000000000000C000057
:10E1B00000000000000C000000000000000C000047
:10E1C00000000000000C000000000000000C000037
:10E1D00000000000000C000000000000000C000027
:10E1E00000000000000C000000000000000C000017
:10E1F00000000000000C000000000000000C000007
:10E2000000000000000C000000000000000C0000F6
:10E2100000000000000C000000000000000C0000E6
:10E2200000000000000C000000000000000C0000D6
:10E2300000000000000C000000000000000C0000C6
:10E2400000000000000C000000000000000C0000B6
:10E2500009000000000000000900000000000000AC
:10E2600000202020202020202020282828282820A6
:10E27000202020202020202020202020202020209E
:10E280002088101010101010101010101010101006
:10E2900010040404040404040404041010101010F6
:10E2A00010104141414141410101010101010101C0
:10E2B0000101010101010101010101011010101012
:10E2C0001010424242424242020202020202020292
:10E2D00002020202020202020202020210101010E6
:10E2E000200000000000000000000000000000000E
:10E2F000000000000000000000000000000000001E
:10E30000000000000000000000000000000000000D
:10E3100000000000000000000000000000000000FD
:10E3200000000000000000000000000000000000ED
:10E3300000000000000000000000000000000000DD
:10E3400000000000000000000000000000000000CD
:10E3500000000000000000000000000000000000BD
:10E360000000000023030000000020030000000064
:10E3700000000B03000000000003FC020000E502A7
:10E38000E8020000A7035700570057005700570046
:10E390005700570057005700000000000000000021
:10E3A000000000000000330200009D028F033302D2
:10E3B0003302330200000000000000004F030000A1
:10E3C00000002903000000000000B7020000520313
:10E3D000000000002905000000000000000000000F
:10E3E000000000000000330200009D02D004330250
:10E3F000330233026603D0046201000061030000AF
:10E40000820343056E036B030000B702620124051B
:10E41000000000003B050000620100000000000059
:10E4200030303030303030303030303030303030EC
:10E4300020202020202020202020202020202020DC
:10E4400005000000190000007D0000000000000031
:10E450000080E03779C34143176E05B5B5B89346E0
:10E46000F5F93FE9034F384D321D30F94877825AAC
:10E470003CBF737FDD4F15750000000000000000F9
:10E48000000000000000F03F0000000000002440F9
:10E4900000000000000059400000000000408F40D4
:10E4A000000000000088C34000000000006AF8403F
:10E4B0000000000080842E4100000000D012634163
:10E4C0000000000084D797410000000065CDCD41D9
:10E4D000000000205FA00242000000E876483742BA
:10E4E000000000A2941A6D42000040E59C30A24258
:10E4F0000000901EC4BCD64200003426F56B0C43CD
:10E500000080E03779C3414300A0D8855734764373
:10E5100000C84E676DC1AB43003D9160E458E143D4
:10E52000408CB5781DAF154450EFE2D6E41A4B4449
:10E5300092D54D06CFF08044F64AE1C7022DB5448E
:10E54000B49DD9794378EA4401000000020000003C
:10E55000000000000100000061436F63A787D23F05
:10E56000B3C8608B288AC63FFB799F501344D33FC2
:0400000510001000D7
:00000001FF
