:020000041000EA
:1000000054040014C0035FD600000000000000008C
:1000100000000000000000000000000000000000E0
:1000200000000000000000000000000000000000D0
:1000300000000000000000000000000000000000C0
:1000400000000000000000000000000000000000B0
:1000500000000000000000000000000000000000A0
:100060000000000000000000000000000000000090
:100070000000000000000000000000000000000080
:1000800004050014C0035FD600000000000000005B
:100090000000000000000000000000000000000060
:1000A0000000000000000000000000000000000050
:1000B0000000000000000000000000000000000040
:1000C0000000000000000000000000000000000030
:1000D0000000000000000000000000000000000020
:1000E0000000000000000000000000000000000010
:1000F0000000000000000000000000000000000000
:1001000090040014C0035FD600000000000000004F
:1001100000000000000000000000000000000000DF
:1001200000000000000000000000000000000000CF
:1001300000000000000000000000000000000000BF
:1001400000000000000000000000000000000000AF
:10015000000000000000000000000000000000009F
:10016000000000000000000000000000000000008F
:10017000000000000000000000000000000000007F
:100180007F2003D5F7030014C0035FD600000000F2
:10019000000000000000000000000000000000005F
:1001A000000000000000000000000000000000004F
:1001B000000000000000000000000000000000003F
:1001C000000000000000000000000000000000002F
:1001D000000000000000000000000000000000001F
:1001E000000000000000000000000000000000000F
:1001F00000000000000000000000000000000000FF
:10020000DC030014C0035FD6000000000000000003
:1002100000000000000000000000000000000000DE
:1002200000000000000000000000000000000000CE
:1002300000000000000000000000000000000000BE
:1002400000000000000000000000000000000000AE
:10025000000000000000000000000000000000009E
:10026000000000000000000000000000000000008E
:10027000000000000000000000000000000000007E
:1002800084040014C0035FD60000000000000000DA
:10029000000000000000000000000000000000005E
:1002A000000000000000000000000000000000004E
:1002B000000000000000000000000000000000003E
:1002C000000000000000000000000000000000002E
:1002D000000000000000000000000000000000001E
:1002E000000000000000000000000000000000000E
:1002F00000000000000000000000000000000000FE
:1003000010040014C0035FD60000000000000000CD
:1003100000000000000000000000000000000000DD
:1003200000000000000000000000000000000000CD
:1003300000000000000000000000000000000000BD
:1003400000000000000000000000000000000000AD
:10035000000000000000000000000000000000009D
:10036000000000000000000000000000000000008D
:10037000000000000000000000000000000000007D
:100380007F2003D57F030014C0035FD60000000068
:10039000000000000000000000000000000000005D
:1003A000000000000000000000000000000000004D
:1003B000000000000000000000000000000000003D
:1003C000000000000000000000000000000000002D
:1003D000000000000000000000000000000000001D
:1003E000000000000000000000000000000000000D
:1003F00000000000000000000000000000000000FD
:100400007F2003D563030014C0035FD60000000003
:1004100000000000000000000000000000000000DC
:1004200000000000000000000000000000000000CC
:1004300000000000000000000000000000000000BC
:1004400000000000000000000000000000000000AC
:10045000000000000000000000000000000000009C
:10046000000000000000000000000000000000008C
:10047000000000000000000000000000000000007C
:100480007F2003D547030014C0035FD6000000009F
:10049000000000000000000000000000000000005C
:1004A000000000000000000000000000000000004C
:1004B000000000000000000000000000000000003C
:1004C000000000000000000000000000000000002C
:1004D000000000000000000000000000000000001C
:1004E000000000000000000000000000000000000C
:1004F00000000000000000000000000000000000FC
:100500007F2003D52B030014C0035FD6000000003A
:1005100000000000000000000000000000000000DB
:1005200000000000000000000000000000000000CB
:1005300000000000000000000000000000000000BB
:1005400000000000000000000000000000000000AB
:10055000000000000000000000000000000000009B
:10056000000000000000000000000000000000008B
:10057000000000000000000000000000000000007B
:100580007F2003D50F030014C0035FD600000000D6
:10059000000000000000000000000000000000005B
:1005A000000000000000000000000000000000004B
:1005B000000000000000000000000000000000003B
:1005C000000000000000000000000000000000002B
:1005D000000000000000000000000000000000001B
:1005E000000000000000000000000000000000000B
:1005F00000000000000000000000000000000000FB
:100600007F2003D5F3020014C0035FD60000000072
:1006100000000000000000000000000000000000DA
:1006200000000000000000000000000000000000CA
:1006300000000000000000000000000000000000BA
:1006400000000000000000000000000000000000AA
:10065000000000000000000000000000000000009A
:10066000000000000000000000000000000000008A
:10067000000000000000000000000000000000007A
:100680007F2003D5D7020014C0035FD6000000000E
:10069000000000000000000000000000000000005A
:1006A000000000000000000000000000000000004A
:1006B000000000000000000000000000000000003A
:1006C000000000000000000000000000000000002A
:1006D000000000000000000000000000000000001A
:1006E000000000000000000000000000000000000A
:1006F00000000000000000000000000000000000FA
:100700007F2003D5BB020014C0035FD600000000A9
:1007100000000000000000000000000000000000D9
:1007200000000000000000000000000000000000C9
:1007300000000000000000000000000000000000B9
:1007400000000000000000000000000000000000A9
:100750000000000000000000000000000000000099
:100760000000000000000000000000000000000089
:100770000000000000000000000000000000000079
:0C0780007F2003D59F020014C0035FD649
:1010000000000090002040F900003FD60000009052
:10101000002440F9E00300AA0100805201000039D9
:1010200000000090002840F9E00300AA210080524F
:101030000100003977000014C0035FD61F2003D5DC
:10104000003A00100000000000B100100000000095
:10105000083A00100000000000000000000000003E
:101060009F3F03D51F7508D5BF3F03D5220039D553
:10107000406858D303084092A30500B4040080D20E
:101080000C000014080500D1091C00530921C99A5D
:10109000290105AACA1C0053EA20CA9A29010AAAF2
:1010A000497608D508FFFFB5870300B58404009191
:1010B0009F0003EB82030054600080D2807C009B81
:1010C000001C00534024C09A000840921F0800F101
:1010D000E3FEFF5485F87FD3E00305AA00001AD58C
:1010E0009F3F03D5000039D501084092261000919A
:1010F000013043D321244092076C4DD3E73840920E
:101100002010C05A007C40D31F8000F181000054A1
:10111000000400D102000014E70400D1E80301AA92
:10112000DAFFFF179F3F03D5DF3F03D50000009094
:1011300000A440F9E00300AA210080520100003918
:1011400034000014C0035FD600B10010000000009E
:10115000C0035FD600000000000000000000000097
:10116000C0035FD600000000000000000000000087
:10117000C0035FD600000000000000000000000077
:10118000C0035FD600000000000000000000000067
:10119000C0035FD600000000000000000000000057
:1011A000C0035FD600000000000000000000000047
:1011B000C0035FD600000000000000000000000037
:1011C000C0035FD600000000000000000000000027
:1011D000C0035FD600000000000000000000000017
:1011E000C0035FD600000000000000000000000007
:1011F000C0035FD6000000000000000000000000F7
:10120000C0035FD6000000000000000000000000E6
:101210004005005800C01ED500C01CD500C018D520
:10122000000080D200101ED500101CD5001018D56B
:1012300000000090005841F9E10300AA3F0000912E
:10124000000080D240111ED540111CD51F111ED5A3
:10125000DF3F03D5010080522100153221001632F4
:1012600021001D3221001E3221001F3201111ED526
:10127000DF3F03D50200B0D202111CD5A00038D543
:10128000A0001CD5000038D500001CD51F211CD59E
:1012900000088F52A02FA072E00300AA00E01BD527
:1012A0001F870ED51F7108D506000014C0035FD636
:1012B0004894021000000000000000100000000030
:1012C000FD7BBFA9FD030091CA0700940001805275
:1012D0004407009400008CD2040000902025B0F256
:1012E000020440D1E55E8B12E35E8B52010040B9EF
:1012F000849C41F92100052A213C0012010000B91B
:10130000442000B902A09452010040B92100030A10
:101310002100022A010000B9BF3F03D58004B0D2EA
:1013200021008052019C01B90A010014FD7BC1A873
:10133000C0035FD61F2003D560100010000000001E
:10134000FE7FBFA9FC77BFA9FA6FBFA9F867BFA945
:10135000F65FBFA9F457BFA9F24FBFA9F047BFA9D5
:10136000EE3FBFA9EC37BFA9EA2FBFA9E827BFA965
:10137000E61FBFA9E417BFA9E20FBFA9E007BFA9F5
:1013800000443BD521443BD5E007BFA9FE7FBFAD5C
:10139000FC77BFADFA6FBFADF867BFADF65FBFAD0D
:1013A000F457BFADF24FBFADF047BFADEE3FBFAD9D
:1013B000EC37BFADEA2FBFADE827BFADE61FBFAD2D
:1013C000E417BFADE20FBFADE007BFAD03403ED5B0
:1013D00022403ED5E20FBFA972000094E417C1A8D5
:1013E00005401ED524401ED59F3F03D5DF3F03D5C2
:1013F000E007C1ACE20FC1ACE417C1ACE61FC1AC61
:10140000E827C1ACEA2FC1ACEC37C1ACEE3FC1ACB0
:10141000F047C1ACF24FC1ACF457C1ACF65FC1AC00
:10142000F867C1ACFA6FC1ACFC77C1ACFE7FC1AC50
:10143000E007C1A800441BD521441BD5E007C1A883
:10144000E20FC1A8E417C1A8E61FC1A8E827C1A8F8
:10145000EA2FC1A8EC37C1A8EE3FC1A8F047C1A848
:10146000F24FC1A8F457C1A8F65FC1A8F867C1A898
:10147000FA6FC1A8FC77C1A8FE7FC1A8E0039FD680
:10148000C0035FD600000000000000000000000064
:10149000BF4000D5E007BFA9E20FBFA9E417BFA96D
:1014A000E61FBFA9E827BFA9EA2FBFA9EC37BFA94C
:1014B000EE3FBFA9F047BFA9F24FBFA9FD7BBFA96F
:1014C00010000094FD7BC1A8F24FC1A8F047C1A84D
:1014D000EE3FC1A8EC37C1A8EA2FC1A8E827C1A8F0
:1014E000E61FC1A8E417C1A8E20FC1A8E007C1A880
:1014F000E0039FD6C0035FD600000000000000009C
:10150000FD7BBEA9FD030091F30B00F93D030094A0
:10151000138000511F7C007169020054000000908C
:1015200001BC42F921CC338B0000009002000090F6
:1015300000C442F943C842F9020040394404001192
:1015400004000039737822B8BF3F03D5200040F96A
:1015500000003FD6E003132AF30B40F9FD7BC2A83D
:101560001C030014E103002A0000009000C042F9AF
:10157000014C218BEDFFFF17E8C4011000000000B3
:101580000050001000000000085100100000000092
:1015900010510010000000000000000000000000DA
:1015A000FD7BBDA9FD030091F51300F91103009423
:1015B000E103002A00F00F511F0C007109050054CF
:1015C00015008052F35301A9020000900000009022
:1015D00034800051534443F9004843F962024039D2
:1015E0004304001163020039147822B8BF3F03D5C9
:1015F000FF4103D5DF3F03D53F7C00710802005453
:1016000000000090005043F9005861F800003FD6F8
:10161000DF4103D5DF3F03D561024039E003142ADF
:101620002104005161020039F35341A9350100350D
:10163000F51340F9FD7BC3A8DE0200140000009002
:10164000004C43F900D874F800003FD6F1FFFF17B3
:10165000F51340F9FD7BC3A8DE020014E9020094F3
:10166000E103002A00F00F51350080521F0C007179
:1016700069000054F35301A9D4FFFF17F51340F993
:10168000FD7BC3A8EB05001408510010000000000A
:101690001051001000000000E8C40110000000001C
:1016A00000500010000000000000000000000000DA
:1016B000FD7BBFA9FD030091EE030094510400944B
:1016C0004804009437040094FD7BC1A83D04001435
:1016D000FD7BBEA960008052FD030091F30B00F971
:1016E0005C060094200282522000A072E106009461
:1016F0006000805207060094E00180D2A0CC1ED585
:10170000330080D2B3CC18D5400080D260C818D541
:1017100060CC18D500068052C601009445020094A2
:10172000E003132A97020094E01F80D2004618D5E8
:10173000E003132A1B020094600080D2E0CC1ED587
:10174000F30B40F9FD7BC2A8C0035FD60000000088
:10175000FD7BBEA900000090FD030091F35301A999
:10176000140844F9800240396003003700000090FB
:10177000130C44F900008052920800946002403932
:1017800020030036200080528E080094110100943E
:101790003401009460024039000300365104009483
:1017A000C4FFFF97470100944000805285080094D1
:1017B00060024039C0010036C6FFFF97D105009492
:1017C000000080D2A34200949F020039253D00947E
:1017D0000000001400000090130C44F97F0200394F
:1017E000E5FFFF174B040094E7FFFF170D0000947F
:1017F000E8000094F1FFFF17D20300946002403923
:10180000E0FC0737B3060094E5FFFF171F2003D560
:10181000083A00100000000000B1001000000000B5
:10182000FD7BB9A960008052FD030091F35301A92B
:10183000F55B02A9F76303A9F96B04A9FB7305A97A
:1018400004060094050000900B0000900A00009030
:1018500006000090040000900E0000900000009030
:101860000F0000900D0000900C0000900900009007
:101870000800009007000090030000900200009014
:1018800001000090BB8445F9058082D27E9945F91C
:101890002525B0F2519D45F9B9000491CBAC45F92D
:1018A000B70008918AB045F9B5000C91D88D45F97B
:1018B000B300109100C045F9B2001491B000189126
:1018C000AE001C91FA8945F9E03700F9B69145F967
:1018D000949545F92FA145F90DA545F9ECA845F9D1
:1018E00069B445F9030080D248B845F9820080D236
:1018F00027BC45F9010080D260F07DD3646B61B8EC
:101900001C00058B666B62B863040091046825B8FF
:101910000400198B860700B91C00178B466B61B851
:10192000066839B8466B62B8860400B90400158BA6
:10193000066B61B8066837B8066B62B8860700B9EF
:101940001C00138BC66A61B8066835B8C66A62B8EF
:10195000860400B90400128B866A61B8066833B841
:10196000866A62B8860700B91C00108BC66B61B826
:10197000066832B8C66B62B8860400B904000E8BE4
:10198000266A61B8066830B8266A62B8860700B968
:10199000068083D22625B0F21C00068BE66961B86A
:1019A00006682EB8E66962B8860400B904A083D23E
:1019B0002425B0F20600048BE63300F9068083D2BA
:1019C0002625B0F2A46961B8046826B8A46962B893
:1019D000840700B9048080D2866961B82425B0F2FA
:1019E0001C00048B04A083D22425B0F2066824B81E
:1019F000E63340F9846962B8C40400B904A080D217
:101A00002425B0F20600048B840004D1E63300F9EB
:101A1000666961B8066824B8666962B8860700B965
:101A200006C080D2446961B82625B0F21C00068B3E
:101A3000C60004D1046826B8E63340F9446962B8A8
:101A4000C40400B904E080D22425B0F20600048B5F
:101A5000E63300F906C080D22625B0F2246961B8C9
:101A6000046826B8246962B8840700B9040081D2EA
:101A7000066961B82425B0F21C00048B840004D1EF
:101A8000066824B8E63340F9046962B8C40400B9B2
:101A9000042081D2060081D22425B0F22625B0F29E
:101AA0000400048BE43300F9E46861B8046826B8E4
:101AB000E46862B8E63740F9840700B9042081D2AF
:101AC0002425B0F2DC6861B8212000911C6824B89C
:101AD000E43340F9C06862B842200091800400B944
:101AE0007F4000F1A1F0FF54F35341A96000805200
:101AF000F55B42A9F76343A9F96B44A9FB7345A9B8
:101B0000FD7BC7A803050014D0E70110000000000A
:101B100050E7011000000000D0E6011000000000B6
:101B200050E6011000000000D0E5011000000000A8
:101B300050E5011000000000D0E40110000000009A
:101B400050E4011000000000D0E30110000000008C
:101B500050E3011000000000D0E20110000000007E
:101B600050E2011000000000D0E101100000000070
:101B700050E1011000000000D0E001100000000062
:101B800050E0011000000000000000000000000014
:101B90000084B1D2010040B981010037010040B991
:101BA00002088F52A22FA07221781F12010000B9E3
:101BB000022000B91F0800B91F0C00B9010040B98C
:101BC00021000032010000B9C0035FD60000000010
:101BD000C0035FD60000000000000000000000000D
:101BE000FF8300D1E10700F9E10740F9210300B4C8
:101BF000E10740F921FC43D3010300B4010C018B40
:101C0000E20300AA002000915F0000F93F0000EB12
:101C100081FFFF54E00740F900084092E00F00F90F
:101C2000E00F40F9400100B4E00F40F9000100B4BA
:101C3000000080D21F2003D53F68203800040091A7
:101C4000E20F40F95F0000EB88FFFF549F3F03D590
:101C5000FF830091C0035FD6E10300AAEEFFFF17E8
:101C6000FD7BBFA90000009001000090FD030091E2
:101C7000005446F9215046F9210000CBD9FFFF97C7
:101C8000FD7BC1A80000009001000090005C46F9B7
:101C9000215846F9210000CBD2FFFF171F2003D5A2
:101CA00000B1001000000000005000100000000013
:101CB00048F4011000000000C0EB0110000000001B
:101CC000FD7BBDA90000009001000090FD03009184
:101CD00000AC46F9F35301A934B046F9F51300F905
:101CE000000014CB1F0000F12D01005415FC43939C
:101CF000130080D21F2003D5807A73F873060091F9
:101D000000003FD6BF0213EB8CFFFF540000009091
:101D10000100009000B446F934B846F9000014CB35
:101D200015FC43931F0000F1ED000054130080D216
:101D3000807A73F87306009100003FD6BF0213EB60
:101D40008CFFFF54F35341A9F51340F9FD7BC3A861
:101D5000C0035FD61F2003D5B8EB011000000000C0
:101D6000B8EB011000000000B8EB0110000000000B
:101D7000B8EB0110000000000000000000000000AF
:101D8000000400D11F0000F1C1FFFF54C0035FD663
:101D900001000090001F80D2210C47F93F0000B9DC
:101DA000004618D5000000900360B0D204000090F7
:101DB000A260B0D2051047F9000080D2610040B99E
:101DC000841447F921080032A60040B9610000B927
:101DD000A10440B946000CB941040CB91F2003D539
:101DE00001080011827860B821000C910004009174
:101DF000627821B81FF400F141FFFF54FF4F03D573
:101E0000DF3F03D5000580D2210080528060B0F210
:101E1000010000B9C0035FD60451001000000000AB
:101E200048DF01100000000050DF0110000000003A
:101E30000160B0D200041C12200000B9C0035FD6BC
:101E400000800011022080D20260B0F22100805296
:101E5000037C05532020C01A407823B8C0035FD606
:101E600000800011023080D20260B0F22100805266
:101E7000037C05532020C01A407823B8C0035FD6E6
:101E800000800011038080D20360B0F2E21F805214
:101E9000047C025300041D534220C01A657864B8C4
:101EA0002120C01AA200220A2100022A617824B847
:101EB000C0035FD60000000000000000000000002A
:101EC000E000F837007C409303208CD20360B0F22E
:101ED000E203022A410001AA617820F8C0035FD61C
:101EE00000800011038081D20360B0F26200805252
:101EF000047C0453000C1F534220C01A657864B858
:101F00002120C01AA200220A2100022A617824B8E6
:101F1000C0035FD6000000000000000000000000C9
:101F200000800011025080D20260B0F22100805285
:101F3000037C05532020C01A407823B8C0035FD625
:101F400002800011051080D20560B0F2001000126E
:101F5000427C0553230080522400030A210441D30C
:101F6000A70032916320C01AA67862B88420C01AF4
:101F70002120C01AC000230A8000002AA07822B8BD
:101F8000E07862B80300230A2100032AE17822B82E
:101F9000C0035FD600000000000000000000000049
:101FA000810080D2040441930160B0F203004093A9
:101FB0002504805222C447B80518A47240100012AC
:101FC0000000050B00787ED3230000B9211000919A
:101FD000247C0CB93F0000EB81FFFF54C0035FD6A7
:101FE0000002F8370080001103029CD20360B0F2B7
:101FF00021000012047C045342008052000C1F5345
:102000004100014B62008052657864B84220C01ADA
:102010002020C01AA100220A0000012A607824B8FA
:10202000C0035FD6000000000000000000000000B8
:10203000810480D2400080528160B0F2200000B95B
:1020400020005FB800781E1220001FB820005FB883
:10205000A0001036214000D11F2003D5200040B938
:10206000C0FF1737C0035FD600000000000000006B
:10207000022080D221008052A260B0F22120C01A3A
:10208000410000B9C0035FD600000000000000005E
:10209000023080D221008052A260B0F22120C01A0A
:1020A000410000B9C0035FD600000000000000003E
:1020B00003087E92A260B0D26300028B00041D531D
:1020C000E21F80524220C01A640044B92120C01A85
:1020D0008200220A2100022A610004B9C0035FD6EF
:1020E000031044D3A460B0D2000C1F53620080528E
:1020F0008308038B4220C01A2120C01A60004CB90B
:102100000200220A2100022A61000CB9C0035FD636
:10211000025080D221008052A260B0F22120C01A69
:10212000410000B9C0035FD60000000000000000BD
:10213000041080D200100012A460B0F2230000123C
:1021400022008052210441D3850040B94220C01AA8
:102150006320C01AA500220A2120C01A6300052AA4
:10216000830000B983804CB96200220A2100022A50
:1021700081800CB9C0035FD60000000000000000A1
:10218000011080D202004093A160B0F2000441939C
:10219000220000B920800CB9C0035FD60000000007
:1021A000000180D28060B0F2000440B9C0035FD665
:1021B000FF4300D100800011005C4092E00700F96D
:1021C000E00740F920C818D5FF430091C0035FD64F
:1021D000FF4300D100800011005C4092E00700F94D
:1021E000E00740F920CC18D5FF430091C0035FD62B
:1021F00000C838D5005C0012C0035FD600000000A4
:1022000000CC38D5005C0012C0035FD6000000008F
:10221000FF4300D10500A8D21F040071A0000054A4
:102220001F080071050082D20004A0D2A510809A78
:10223000600040F9FF0F00B9640840F9000002CBCC
:10224000E70F40B90008C59A8208C59A00707D93CF
:102250000000018BE603022A5F00076B4D02005469
:10226000610C40F9E40300AA002000912200409292
:1022700061000036620440F9220002AAE10F40B971
:10228000820000F921040011E10F00B9610440F956
:10229000E20F40B92100058B610400F9DF00026BF9
:1022A0000CFEFF54FF430091C0035FD60000000006
:1022B000E80300AAFD7BBCA9E97740B2FD030091C9
:1022C000000040F9010540F9E00702A9010940F9C1
:1022D000E11B00F9020D40F9E21F00F91F0009EBB4
:1022E00048040054020000900100018B0A00B8D29B
:1022F000422443F9E20F00F93F000AEB880A005438
:102300000A00B0D23F000AEB281400542A050091BD
:102310003F000AEB690F0054E10F40F9440100CB84
:10232000E3830091020080D240008052E41B00F958
:10233000B8FFFF97E41340F901000090050940F948
:1023400084000ACB212843F98400058BE2030AAA02
:1023500040008052EA1300F9E41B00F9ADFFFF973B
:10236000FD7BC4A8C0035FD6EA7B40B21F000AEB26
:10237000E8030054020000900100018B0B00B8D26A
:10238000422843F9E20F00F93F000BEB880C0054A0
:102390004B0500913F000BEB29130054E10F40F96E
:1023A000640100CB2205009140008052E38300913C
:1023B000E41B00F997FFFF9701000090E2030BAACE
:1023C000E41340F940008052212C43F9EB1300F94B
:1023D000050940F984000BCB8400058BE41B00F950
:1023E0008CFFFF97FD7BC4A8C0035FD60900A8122D
:1023F0001F0009EB28070054020000900100018B28
:102400002B050091422C43F9E20F00F93F000BEB42
:1024100009110054E10F40F9640100CB420500911D
:1024200040008052E3830091E41B00F979FFFF979D
:1024300001000090E2030BAAE41340F9400080522F
:10244000213043F9EB1300F9E2FFFF172B05009150
:10245000E3830091640100CBE10302AA40008052B3
:10246000020080D2E41B00F96AFFFF97EB1300F92A
:1024700001000090E2030BAA40008052EB1B00F920
:10248000212843F963FFFF97EB1B00F9010000903F
:102490000200B0D240008052E21300F9212C43F92F
:1024A0005CFFFF97EA1300F9050140F90100009075
:1024B000040940F9E2030AAA213043F98400058B9C
:1024C00084000ACB40008052E41B00F951FFFF97C3
:1024D000FD7BC4A8C0035FD6E27F40B21F0002EBC1
:1024E000A80900540100009022050091E3830091A7
:1024F00040008052213043F946FFFF97BAFFFF1793
:10250000E10F40F9E3830091020080D24000805245
:1025100040FFFF97FD7BC4A8C0035FD64C05009128
:10252000E10302AA840100CBE3830091220500911C
:1025300040008052E41B00F92905009135FFFF9708
:10254000EC1300F901000090E2030CAA4000805255
:10255000E91B00F9212C43F92EFFFF97EB1300F93B
:10256000050140F901000090040940F9E2030BAABB
:10257000213043F98400058B84000BCB400080524E
:10258000E41B00F923FFFF9797FFFF17E10F40F9C6
:102590002B050091640100CBE3830091020080D2FF
:1025A00040008052E41B00F91AFFFF97EB1300F97B
:1025B00001000090E2030BAA40008052EB1B00F9DF
:1025C000212843F913FFFF97EA1300F9050140F9A9
:1025D00001000090040940F9E2030AAA212C43F902
:1025E0008400058B84000BCB40008052E41B00F973
:1025F00008FFFF97FD7BC4A8C0035FD6E10F40F939
:1026000022050091E38300914000805201FFFF9773
:1026100075FFFF170100009042040091E3830091D1
:1026200020008052213443F9FAFEFF976EFFFF1716
:10263000E10F40F942050091E38300914000805290
:10264000F4FEFF9768FFFF1700A0001000000000D5
:10265000009000100000000000800010000000004A
:10266000007000100000000020B00010000000000A
:10267000FD7BBFA900000090FD030091008443F999
:102680000100003201201ED50500009004000090DA
:10269000030000900200009001000090AD9843F903
:1026A000848843F9AE011891638C43F9840440B2E5
:1026B000429043F9630440B2219443F9420440B28A
:1026C000040C00A9210440B2020401A91F2003D573
:1026D000E0030DAAAD810091F6FEFF97DF010DEB3F
:1026E00081FFFF54E09F88D20080A0F20081C1F2F8
:1026F00000A21ED5A0A386D22010B0F240201ED585
:10270000FD7BC1A8C0035FD600B000100000000030
:1027100000A0001000000000009000100000000069
:102720000080001000000000007000100000000099
:10273000103A00100000000000000000000000003F
:10274000FD7BBFA960008052FD030091410200940F
:10275000012080D20240A0522125B0F260008052B8
:10276000220000B9220400B9220800B9220C00B9E5
:10277000221000B9221400B9220010B9220410B9A5
:10278000220810B9220C10B9221010B9221410B965
:10279000221810B9FD7BC1A8DE0100140000000062
:1027A00000103ED59F3F03D5000074B200101ED527
:1027B000DF3F03D5C0035FD600000000000000002B
:1027C00000103ED59F3F03D500007EB200101ED5FD
:1027D000DF3F03D5C0035FD600000000000000000B
:1027E00000103ED59F3F03D5000040B200101ED51B
:1027F000DF3F03D5C0035FD60000000000000000EB
:102800009F3F03D51F7508D5BF3F03D52B0039D592
:102810006A6958D38A0500B44AF97FD3050080D28B
:1028200009008052EC03805205000014A5080091B5
:10283000290D00115F0105EB200400546025C99AA1
:102840001F047FF240FFFF5405001AD59F3F03D5B8
:10285000040039D5863043D388084092DF0000F168
:10286000C310C05A63108C1A08110011846C4DD328
:10287000C720C39AE70005AA8220C89AE00002AAEE
:10288000407608D5260200B4420005AAE00306AA55
:10289000000400D10120C39A210002AA417608D584
:1028A00080FFFFB544FCFFB4840400D18220C89AA5
:1028B000400007AA407608D5F4FFFF179F3F03D5D5
:1028C000DF3F03D5C0035FD624FBFFB4840400D1EF
:1028D000EAFFFF17000000000000000000000000F9
:1028E0000125B0D20200009000C08852210440B9F6
:1028F0006078A472428444F9212048D30020C11A90
:10290000400000B9C0035FD6005100100000000075
:10291000FD7BBDA920008052FD030091B101009410
:10292000034088D201008CD22305B0F222A0945239
:102930002125B0F2600040B90000022A600000B911
:10294000200040B90000022A200000B9BF3F03D593
:102950008204B0D20125B0D224008052E001A052FE
:10296000449C01B9220440B9200400B9200440B9B4
:10297000200440B9200440B9200440B9200440B9E3
:10298000200440B9200440B9200440B90005B0D269
:10299000C2C080524200A072020000B9020040B9D9
:1029A000020040B9020040B9020040B9020040B93B
:1029B000020040B9020040B9020040B9E2FDBF1276
:1029C000020800B9020840B9020840B9020840B93B
:1029D000020840B9020840B9020840B9020840B9EB
:1029E000020840B902C0BF12020C00B9020C40B983
:1029F000020C40B9020C40B9020C40B9020C40B9BB
:102A0000020C40B9020C40B9000C40B9050000901E
:102A1000230440B902C0885200889352A50847F9A0
:102A2000632048D36278A4724220C31AA20000B97E
:102A3000247000B91F2003D51F2003D500040051C6
:102A4000003C0072A1FFFF540225B0D2402040910B
:102A5000E307805221008052438000B9E203012A3B
:102A600001100079E17F805201180079440B801237
:102A70004101805223008012E11700B910000014B8
:102A80000440003902000039030000390200003917
:102A900001004039211C00123F0400716000005405
:102AA00001504039211C0012E11740B921040051A6
:102AB000E11700B901504039A1000036E11740B9D3
:102AC00001FEFF35FD7BC3A8DA000014000490D29C
:102AD000210080520025B0F2E37F8052E203012AF8
:102AE000440B8012011000794101805203180079D3
:102AF00023008012E11B00B91000001404400039CB
:102B00000200003903000039020000390100403999
:102B1000211C00123F040071600000540150403934
:102B2000211C0012E11B40B921040051E11B00B936
:102B300001504039A1000036E11B40B901FEFF35CC
:102B4000FD7BC3A8BB000014000890D22100805276
:102B50000025B0F2E37F8052E203012A440B801289
:102B6000011000794101805203180079230080127E
:102B7000E11F00B9100000140440003902000039C0
:102B8000030000390200003901004039211C001205
:102B90003F0400716000005401504039211C0012B4
:102BA000E11F40B921040051E11F00B90150403933
:102BB000A1000036E11F40B901FEFF35FD7BC3A82F
:102BC0009C000014000C90D2210080520025B0F22D
:102BD000E37F8052E203012A440B80120110007946
:102BE000410180520318007923008012E12300B9CB
:102BF00010000014044000390200003903000039BD
:102C00000200003901004039211C00123F0400710C
:102C10006000005401504039211C0012E12340B9EA
:102C200021040051E12300B90150403981000036F0
:102C3000E12340B901FEFF35A3FFFF17001090D23A
:102C4000210080520025B0F2E37F8052E203012A86
:102C5000440B801201100079410180520318007961
:102C600023008012E12700B910000014044000394D
:102C70000200003903000039020000390100403928
:102C8000211C00123F0400716000005401504039C3
:102C9000211C0012E12740B921040051E12700B9AD
:102CA0000150403981000036E12740B901FEFF356F
:102CB00085FFFF17001490D2210080520025B0F24A
:102CC000E37F8052E203012A440B80120110007955
:102CD000410180520318007923008012E12B00B9D2
:102CE00010000014044000390200003903000039CC
:102CF0000200003901004039211C00123F0400711C
:102D00006000005401504039211C0012E12B40B9F1
:102D100021040051E12B00B90150403981000036F7
:102D2000E12B40B901FEFF3567FFFF17001890D275
:102D3000210080520025B0F2E37F8052E203012A95
:102D4000440B801201100079410180520318007970
:102D500023008012E12F00B9100000140440003954
:102D60000200003903000039020000390100403937
:102D7000211C00123F0400716000005401504039D2
:102D8000211C0012E12F40B921040051E12F00B9AC
:102D90000150403981000036E12F40B901FEFF3576
:102DA00049FFFF178004B0D2019C41B98100003572
:102DB0001F2003D5019C41B9C1FFFF34044088D2D4
:102DC000C35F8B522405B0F201008CD202A0945252
:102DD0002125B0F2800040B90000030A0000022A59
:102DE000800000B9200040B90000030A0000022A58
:102DF000200000B9BF3F03D58004B0D2210080522B
:102E0000019C01B9FD7BC3A8C0035FD61F2003D579
:102E10000051001000000000000000000000000051
:102E2000000000140000000000000000000000008E
:102E3000C0035FD60000000000000000000000009A
:102E4000C00000B4E10300AA4280A05200008052FA
:102E5000220000B9C0035FD6FD7BBFA9FD0300912E
:102E6000F4FFFF9720008052FD7BC1A8C0035FD60E
:102E70000200009026EB8252E636BA72007C011BFB
:102E8000427C47F9047D805201409952E37F40B271
:102E90004173A772057CA49B420040B9427CA69B6B
:102EA00042FC6DD32108C21ABF0003EB0801005495
:102EB00002D092520213A072007CA29B0008C19A19
:102EC000007C015360010034AEFBFF1721781F53D3
:102ED00002E284520008C11A007C021B007CA49B01
:102EE0001F0003EB09FFFF5400008012A5FBFF1732
:102EF000C0035FD61F2003D5005100100000000062
:102F0000A4FBFF170000000000000000000000000C
:102F1000034638D5010080D2014618D58104B0D2CD
:102F2000229C41B9820000351F2003D5229C41B963
:102F3000C2FFFF3401000090E003002A21E847F9B6
:102F4000227860785F3C0072C0000054227860787C
:102F5000423C001242040051423C00122278207888
:102F6000217860783F3C00726102005401000090BB
:102F7000054088D22505B0F204A0945226EC47F90A
:102F800002008CD2A10040B92225B0F2C07860784E
:102F90002100042AE003202A003C00122100000A3C
:102FA000A10000B9410040B92100042A2000000A14
:102FB000400000B9BF3F03D58004B0D22100805249
:102FC000019C01B9034618D5C0035FD61F2003D565
:102FD000706C0010000000001040001000000000A5
:102FE000034088D204008CD2003C00120100801201
:102FF0002305B0F22425B0F28504B0D21F2003D5FA
:10300000620040B95F00006AE1000054820040B9EC
:103010005F00006A81000054A29C41B94200003464
:10302000C0035FD621040071C1FEFF548004B0D2FA
:10303000019C41B961FFFF351F2003D5019C41B9B7
:10304000C1FFFF34C0035FD6000000000000000095
:10305000FD7BBFA9FD030091084638D5010080D251
:10306000014618D501000090E603002A279C40F98C
:10307000E07866781F3C0072400500548004B0D2AE
:10308000019C41B901040034E07866781F3C00726D
:103090002102005400000090044088D22405B0F2C0
:1030A00002008CD200A040F903A09452810040B9E4
:1030B0002225B0F2007866782100002A2100032A38
:1030C000810000B9410040B90000012A0000032A34
:1030D000400000B9E0786678003C0012000400115E
:1030E000003C0012E0782678BF3F03D58004B0D2C0
:1030F00021008052019C01B9084618D5FD7BC1A86A
:10310000C0035FD61F2003D5019C41B9E1FBFF3509
:103110001F2003D5019C41B961FFFF34DBFFFF177E
:103120000000009000A040F900786678ADFFFF979E
:10313000D6FFFF171F2003D5706C001000000000A1
:10314000104000100000000000000000000000001F
:1031500002000090E103002A42F040F9400040F9EB
:10316000400100B403000090210C001121747E92F4
:1031700063F440F90100018B3F0003EBA801005408
:10318000410000F9C0035FD60000009003000090EA
:10319000210C001100EC40F921747E9263F440F997
:1031A0000100018B400000F93F0003EBA9FEFF5432
:1031B000FD7BBFA9FD030091D63C0094E10300AA6A
:1031C0008201805200008092220000B9FD7BC1A8DC
:1031D000C0035FD61F2003D548F401100000000093
:1031E000786C00100000000048740210000000001D
:1031F000000080528104B0D2230080521F2003D5EA
:10320000222040B96420C01A4224C01AE2000037CC
:10321000222040B98400022A242000B9BF3F03D5F0
:10322000E203002A237822B822A041B96420C01A00
:103230004224C01A0201003722A041B98400022AA8
:1032400024A001B9BF3F03D5E203002A42800191C7
:10325000237822B8000400111F20007121FDFF54C3
:10326000C0035FD600000000000000000000000066
:10327000067C1053054080D22525B0F2043C48D38B
:1032800022008052031C0012A77866B84420C41A9A
:103290004120C01AA208068BE400240AA47826B8AC
:1032A000A47866B82400040A8024C01AC000003440
:1032B0001F2003D5400040B90000010A0024C31AB2
:1032C00080FFFF35C0035FD6000000000000000053
:1032D000FF4300D1FF3F0039E03F4039001C00129E
:1032E0001F20007148060054000000900A208252FE
:1032F0000A01A07203DC41F9E03F4039011C0012D1
:10330000001C7CD36210218B6100008B646860B864
:10331000C4030034E03F4039470840B92610403923
:103320004001200B2914403925344039004C1453F6
:103330002838403922304039040800B9010840B922
:103340009F3F03D5DF3F03D52105062A010C00B9B5
:10335000010C40B99F3F03D5DF3F03D5A1000153C6
:103360002178022A2100082A011001B9011041B96F
:103370009F3F03D5DF3F03D5071401B9001441B9BE
:103380009F3F03D5DF3F03D5E03F4039001C0012CB
:1033900000040011001C0012E03F0039E03F4039FA
:1033A000001C00121F20007189FAFF54FF43009196
:1033B000C0035FD61F2003D5184000100000000096
:1033C000420040B9261C0012273C48D349001D1278
:1033D000453C4AD33F141E7281030054040C278BD2
:1033E000C8701D53E31F8052E103072A6320C81AE7
:1033F0008A004AB9A520C81A4301230A6300052A96
:1034000083000AB9A9030034870046B9452444D390
:10341000E30780526320C81AE300230AA520C81AD4
:103420006300052A830006B90000018B410C43D3D9
:103430002120C61A020050392100022A211C001244
:1034400001001039C0035FD6080C278BC310005150
:10345000E41F8052E103072A63701D530A054AB92D
:103460008420C31A4401240AA520C31A8400052A13
:1034700004050AB9090400350300018B2A008052B3
:103480004421C61A841C0012E503242A48041F1292
:1034900069005039A51C0012A900090A69001039F9
:1034A0001F090071A0030054430841D37F04007139
:1034B000A9FCFF54A204003702486738A500020A9D
:1034C000054827380104018BC0781F5362008052E1
:1034D0004220C01A240044796320C01A803C0012A4
:1034E0000000220A0000032A003C00122000047998
:1034F000C0035FD6070546B9452444D3E40780528C
:103500008420C31AE400240AA320C31A8300032AD8
:10351000030506B9C5FFFF170104018BC6781F53C9
:10352000600080520020C61A220044794A21C61A3F
:10353000423C00124000200A00000A2A003C00120F
:1035400020000479C0035FD602486738421C00128D
:103550008400022A04482738DBFFFF170000000020
:10356000E20301AA051C0012E103002A400040B951
:10357000233C48D3E00580367F3000716904005455
:1035800008001D12023C4AD33F141E72400600542C
:103590008605B0D2A4100051C60C238BE11F8052C7
:1035A00084701D53E703032AC9044AB92120C41AB1
:1035B0004220C41A2101210A2100022AC1040AB9A9
:1035C00048070034C30446B9022444D3E1078052BB
:1035D0002120C41A6100210A4220C41A2100022AB3
:1035E000C10406B9018080D2000C43D38105B0F23A
:1035F0000020C51A226867380000022A001C001249
:1036000020682738C0035FD68425B0D220008052BE
:103610008400238B0320C51A6005B0D28500703961
:103620006300052A631C00128300303965FFFF1711
:103630008025B0D2240080520300238B8420C51A39
:1036400065007039A51C0012A400240A64003039FA
:103650005CFFFF178405B0D2A6701D53840C238B2A
:10366000E11F80522120C61AE703032A4220C61A0E
:1036700089004AB92101210A2100022A81000AB9E0
:1036800048010034830046B9022444D3E107805244
:103690002120C61A6100210A4220C61A2100022AEE
:1036A000810006B9D0FFFF178405B0D28A00078BCE
:1036B0002900805206041F122121C51A211C001264
:1036C00048015039E203212A421C00124800080A2E
:1036D00048011039DF080071C0020054060841D3C8
:1036E000DF04007109F9FF54C003003680486338D5
:1036F000001C00122100002A814823388005B0D226
:10370000A5781F530704078B600080520020C51A5C
:10371000C620C51AE1004479213C00122000200A8D
:103720000000062A003C0012E0000479C0035FD6C6
:103730008404078BA5781F53600080520020C51AAF
:10374000810044792921C51A213C00122000200A59
:103750000000092A003C001280000479C0035FD6F3
:10376000804863384200000A82482338E4FFFF178C
:10377000FD7BBEA9FD030091201100B4F30B00F9FD
:10378000F30301AAA11000B4E20300AA200440F947
:10379000001000B4410040B9804A8A52E009AA7280
:1037A0003F00006B40100054610A40F9610F00B403
:1037B000400000B940008052530800F925FEFF97F1
:1037C0006C0240792C0100346B0640F96C4D2C8B57
:1037D000600540B9E1030BAA6B21009161FFFF97DF
:1037E0007F010CEB61FFFF5440008052C9FDFF9741
:1037F000730A40F94000805216FEFF9767C200919D
:10380000060080D2030080528805B0D200C1268B0A
:10381000E2104079E403062A411C00120030783996
:10382000427C0853000019125F38007100080054F0
:1038300005001C325F780071A21C00124000801A43
:10384000E20440B92000002A001C00125F0400714D
:10385000A0070054E10C40B90114012A211C0012F8
:10386000E04441B802C1248BC60400911F040071DA
:103870000020C41A6000002A001C001241303839B0
:103880000300831ADF1000F121FCFF546442009111
:10389000E60313AA050080D20A0080528805B0D240
:1038A000CC0040390B01058B82304039A97C409314
:1038B000870040B90001098B42000C2A421C00120B
:1038C00062013839FF040071010200546B09783934
:1038D00029010E91820840B90C1180526B010C0A2B
:1038E000811040390909098BE720C51A6209022AAB
:1038F0004701072A421C0012EA1C00122100022A7A
:103900008234403922110039C20440B98440009108
:10391000C62000912110022A211C0012010838390A
:10392000450200B5250080D2DEFFFF1700001D32E2
:10393000E20440B92000002A001C00125F0400715C
:10394000A1F8FF54E11040B94220C41A054178396A
:103950000114012A4200052A421C0012211C0012F7
:1039600002413839BFFFFF174A151E5340008052ED
:103970004311032A631C00120345383965FDFF9784
:10398000F30B40F900008052FD7BC2A8C0035FD654
:103990002000407900F0FF34F30B40F925FDFF973C
:1039A00020008052FD7BC2A8C0035FD621FDFF9797
:1039B000F30B40F9C0018052F4FFFF170000000034
:1039C0001F08007140000054C0035FD60000009043
:1039D00001F444F9200840F980FFFFB40000009092
:1039E00000F844F963FFFF1738C40110000000001D
:1039F00020F10110000000001F2003D51F2003D577
:083A0000C0031FD6C0035FD60E
:103A080001000000000000000000000000000000AD
:103A1800000000000000000000000010000000008E
:103A280040040000000060000000001000000000DA
:103A3800000000100000000000002000000000004E
:103A480041040000000000000000201000000000F9
:103A5800000000100000000000002000000000002E
:103A680045040000000000000000401000000000B5
:103A780000004010000000000000C00F000000001F
:103A8800400400000000600000000020000000006A
:103A980000000020000000000000200100000000DD
:103AA8004506000000000000000020210000000082
:103AB80000002021000000000000E00E00000000CF
:103AC800400400000000600000000030000000001A
:103AD8000000004000000000000000080000000096
:103AE800450400000000000000000038000000004D
:103AF800000000480000000000000008000000006E
:103B08004504000000000000000000400000000024
:103B18000000004000000000000000080000000055
:103B28004104000000000000000000480000000000
:103B3800000000480000000000000008000000002D
:103B480041040000000000000000005000000000D8
:103B58000000005000000000000000080000000005
:103B680041040000000000000000005800000000B0
:103B780000000058000000000000000800000000DD
:103B88004104000000000000000000600000000088
:103B980000000050000000000000000800000000C5
:103BA800450400000000000000000068000000005C
:103BB800000000580000000000000008000000009D
:103BC8004504000000000000000000700000000034
:103BD8000000007000000000000000040000000069
:103BE8004104000000000000000000740000000014
:103BF8000000007400000000000000040000000045
:103C080041040000000000000000007800000000EF
:103C18000000007800000000000000040000000020
:103C280041040000000000000000007C00000000CB
:103C38000000007C000000000000000400000000FC
:103C480041040000000000000000008000000000A7
:103C580000000080000000000000000100000000DB
:103C68004D06000000006000000000810000000018
:103C780000000081000000000000000100000000BA
:103C88004D060000000060000000008200000000F7
:103C98000000008200000000000000010000000099
:103CA80040040000000060000000008300000000E5
:103CB8000000008300000000000020000000000059
:103CC800490600000000600000002083000000009A
:103CD80000002083000000000000E0000000000059
:103CE80040040000000060000000008400000000A4
:103CF8000000007000000000000000040000000048
:103D080045040000000000000000008800000000DA
:103D18000000008800000000000000020000000011
:103D28004D060000000060000000008A000000004E
:103D38000000008A000000000000000200000000EF
:103D480040040000000060000000008C000000003B
:103D58000000008C000000000000000100000000CE
:103D680049060000000060000000008D000000000F
:103D78000000008D000000000000000300000000AB
:103D880040040000000060000000009000000000F7
:103D9800000000900000000000004000000000004B
:103DA8004D0400000000600000004090000000008A
:103DB80000004090000000000000C001000000006A
:103DC80040040000000060000000009200000000B5
:103DD8000000009200000000000000010000000048
:103DE8004D04000000006000000000930000000087
:103DF8000000009300000000000000010000000027
:103E08004004000000006000000000940000000072
:103E18000000007400000000000000040000000022
:103E280045040000000000000000009800000000A9
:103E380000000078000000000000000400000000FE
:103E480045040000000000000000009C0000000085
:103E58000000007C000000000000000400000000DA
:103E68004504000000000000000000A00000000061
:103E7800000000A00000000000000010000000008A
:103E88004504000000000000000000B00000000031
:103E9800000000B00000000000000010000000005A
:103EA8004504000000000000000000C00000000001
:103EB800000000C0000000000000004000000000FA
:103EC80045040000000000000000000001000000A0
:103ED80000000000010000000000000001000000D8
:103EE8004004000000006000000000000200000024
:103EF80000000000020000000000000002000000B6
:103F08004104000000000000000000000400000060
:103F18000000000004000000000000000200000093
:103F2800410400000000000000000000060000003E
:103F38000000000006000000000000000200000071
:103F48004104000000000000000000000000000024
:103F58000000000000000000000000000000000059
:103F680040040000000060000000000000000000A5
:103F78000000000000000000000000000000000039
:103F88004004000000006000000000000000000085
:103F98000000000000000000000000000000000019
:103FA8004004000000006000000000000000000065
:103FB80000000000000000000000000000000000F9
:103FC8004004000000006000000000000000000045
:103FD80000000000000000000000000000000000D9
:103FE8004004000000006000000000000000000025
:103FF80000000000000000000000000000000000B9
:1040080040040000000060000100020004000800F5
:1040180003000000000000000F000F000101030072
:1040280001000000000000000F000F000101010066
:1040380003000000000000000F000F000101030052
:1040480001000000000000000F000F000101010046
:1040580001000000000000000F000F000101010036
:104068000F000000000000000F000F0001010F000A
:1040780001000000000000000F000F000101010016
:1040880003000000000000000F000F000101030002
:1040980003000000000000000F000F0001010300F2
:020000041001E9
:10000000FD7BBFA94005B0D28100A052FD03009145
:1000100001C800B9019840B921780D12019800B9C2
:1000200060C8FF97E303002A615C4092020080529F
:10003000637C78D3A0338052631C6092210003AAB2
:10004000A0C7FF97010E8052A03380528DC7FF9743
:1000500041008052A0338052BAC7FF9721008052DE
:10006000A0338052DFC7FF9701000090A033805279
:10007000214440F93FF406F9AAC7FF97FD7BC1A8C8
:10008000A03380526FC7FF1790510010000000008E
:10009000000000904205B0D28300A052015C40F9FC
:1000A000200040B900040011200000B943C800B985
:1000B000C0035FD61F2003D5C0EB01100000000075
:1000C0000000009001000090009840F9229C40F947
:1000D000010C40F9400040B900040011810100B456
:1000E0004305B0D2400000B9200040F98200A05280
:1000F00062C800B9200000F9000088D20001B0F207
:10010000010A805201000039C0035FD64105B0D218
:10011000400000B98000A05220C800B9000088D279
:100120000001B0F2010A805201000039C0035FD61D
:1001300038F1011000000000C0EB011000000000C9
:10014000FD7BBAA9FD030091E0630191F35301A97E
:1001500013000090F55B02A91600009015000090B6
:10016000F76303A9FF5B00B936CBFF97010000904E
:1001700000000090E4674139213842F9E36B4139CE
:10018000E26F4139003C42F9EE0A00940000009011
:10019000004042F9D30B00949AFFFF9701000090B2
:1001A000604A42F9384442F9E10318AAE50700948D
:1001B00040090035170088D2030000901701B0F203
:1001C000020A8052745842F9E0024039010340B9F2
:1001D000001C00120000022AE0020039E00240394F
:1001E0009F0200B9001C001200001A32E002003920
:1001F0003F080071000C005448080054810300348B
:1002000000000090F96B04A915000090007042F9FD
:100210001A000090190000905A031391B5421291F0
:1002200039831291C70A0094560080520000009052
:1002300018A01291E1FF8112E10A0079A00240F9B1
:1002400001009E52A7070094F303002A0010003516
:1002500021008052E003012A06CBFF97DF060071E0
:10026000600E005436008052F5FFFF17000000902A
:10027000006842F9B30A0094604A42F90100801212
:10028000E10A00798146825296070094F303002A1E
:10029000C00B0035010088D20101B0F21F2003D548
:1002A00020004039E0FF2F3600000090006C42F93A
:1002B000A40A009400000090008442F9A10A00946E
:1002C00000000090008842F9000040F9000840F961
:1002D000540C00940000001401000090F403002A64
:1002E000C05242F9214C42F9960A0094A05642F9B4
:1002F000E103142A930A0094000020D4AEFFFF17F4
:100300003F1000716102005400000090005C42F94F
:100310008C0A0094604A42F981468252E10A0079CF
:10032000814682526F070094F303002AC00500350E
:10033000010088D20101B0F220004039E0FF2F36E1
:1003400000000090006442F97E0A0094DAFFFF1773
:1003500001000090C05242F9218042F9790A0094CC
:10036000A05642F961008052760A0094000020D421
:10037000D1FFFF1700000090007842F9710A009445
:10038000FF0A0079604A42F9210080525507009423
:10039000F303002A6001003521008052E003012AA6
:1003A000B4CAFF97800240B9400000350000001435
:1003B00000000090007C42F9620A0094BEFFFF1723
:1003C00001000090C05242F9216042F95D0A009498
:1003D000A05642F9E103132A5A0A0094000020D4DF
:1003E000EEFFFF1701000090C05242F9216042F970
:1003F000540A0094A05642F9E103132A510A0094CA
:10040000000020D4CBFFFF1701000090C05242F93A
:10041000216042F94B0A0094A05642F9E103132AE5
:10042000480A0094000020D49BFFFF17800240B9C7
:10043000400000350000001400000090007442F9F4
:10044000400A0094F96B44A99BFFFF17410340F950
:10045000200340F93B0A0094000340F9E103132A0A
:10046000380A0094000020D47AFFFF171F2003D51C
:10047000F0B9011000000000F8B901100000000000
:1004800018BC01100000000060C301100000000053
:1004900038F1011000000000A8BE011000000000AB
:1004A000C0BE011000000000D8BE01100000000016
:1004B000C0EB011000000000F8BE011000000000B9
:1004C00018BF01100000000038BF0110000000003C
:1004D00060BF01100000000080BF0110000000009C
:1004E000A8BF011000000000C8BF011000000000FC
:1004F000F0BF01100000000010C00110000000005B
:1005000038C001100000000050C0011000000000C1
:1005100078B801100000000000000000000000009A
:10052000FD7BBCA90000009001000090FD0300913C
:10053000F35301A913F042F9F55B02A9600240B937
:10054000F71B00F9000300340000009037F442F973
:1005500016FC42F900000090000043F9150840F92C
:10056000140440A9A20240F9E00314AA40003FD6B7
:10057000A30640F9F303002AE10240B9E00314AAFC
:1005800002008052C142218B60003FD6F55B42A938
:10059000E003132AF35341A9F71B40F9FD7BC4A8DC
:1005A000C0035FD6000000900300009037F442F9CA
:1005B000028080D200F842F90100805276FC42F9B4
:1005C000FF0200B91F0000B9E00316AA6D0C0094E9
:1005D00020008052600200B9DFFFFF171F2003D503
:1005E000DCEF011000000000D4EF0110000000005B
:1005F000D0EF011000000000D0EB0110000000005F
:1006000088C301100000000000000000000000008E
:10061000FD7BBEA902000090FD030091F35301A9E8
:10062000F40300AAF303012A406C43F9000040B927
:10063000C0040034F3040034020000900100009074
:100640000000009027008052487043F9E30314AA89
:10065000227443F98542338B067843F9E700144B43
:10066000010140B91F2003D5400040B91F00016BB4
:10067000C0FFFF54C4486138210400113F001071CD
:1006800064000039E000030B21309F1A63040091DD
:100690009F280071A00000549F340071E0000054B6
:1006A0007F0005EB21FEFF54010100B9F35341A97E
:1006B000FD7BC2A8C0035FD6C44861389F28007183
:1006C00000FFFF54F9FFFF1796FFFF97DAFFFF17B0
:1006D00000008052F6FFFF17DCEF01100000000061
:1006E000D0EF011000000000D4EF01100000000066
:1006F000D0EB01100000000000000000000000002E
:10070000FD7BBEA902000090FD030091F35301A9F7
:10071000F30300AAF403012A40B843F9000040B9EA
:10072000200200340000009003000090E10313AAAF
:10073000E203142A00C043F973BC43F9030840F9EB
:10074000000040F97F0200B9630840F960003FD61D
:10075000610240B9E1FFFF34F35341A9FD7BC2A818
:10076000C0035FD66FFFFF97EFFFFF171F2003D572
:10077000DCEF011000000000D8EF011000000000C5
:1007800088C301100000000000000000000000000D
:10079000FD7BBEA901000090FD030091F30B00F961
:1007A000F30300AA201444F9000040B9A003003468
:1007B000330300B4600640B9A00008360100009081
:1007C00022008052211844F9220000B9400210365C
:1007D0000000009001000090640A40B9001C44F938
:1007E000222044F9030040B9010040B944482338AD
:1007F0003FFC0F7188000054010040B92104001132
:10080000010000B9010040B93FFC0F7149000054DC
:100810001F0000B9F30B40F9FD7BC2A8C0035FD6EF
:1008200040FFFF97E3FFFF17DCEF0110000000001F
:10083000D8EF011000000000D4EF0110000000000C
:10084000D0EB0110000000000000000000000000DC
:10085000FD7BBCA903000090FD030091638844F96F
:10086000F35301A9F403002AF30302AA600040F93C
:10087000600000B4022440F9020300B49F4E0071EE
:100880006803005400000090947E7C93F51300F9F7
:10089000008C44F91500148B006874B81F040031F3
:1008A00040020054E00301AAE103132A59FFFF9715
:1008B0001F04003160020054A10E40B96002004BD9
:1008C0002100000BA10E00B9F51340F9F35341A923
:1008D000FD7BC4A8C0035FD6E11F00F9810B009423
:1008E000E11F40F9E6FFFF17F51340F909070094EF
:1008F00021018052010000B900008012F4FFFF17AF
:10090000F51340F900008012F1FFFF171F2003D5F7
:1009100078B8011000000000E0EF011000000000B6
:10092000FD7BBDA903000090FD03009163F444F931
:10093000F35301A9137C4093F40301AA600040F92A
:10094000F51300F9F503022A600000B4012440F910
:10095000A10300B47F4E0071C80300540000009052
:10096000617E7C9300F844F90200018B016861B854
:100970003F040031E0020054BF0A0071A801005496
:10098000BF060071000100541310138BE00314AA7A
:10099000740E00B9F35341A9F51340F9FD7BC3A8C8
:1009A000C0035FD6410C80B9940201ABE5FEFF5451
:1009B000D8060094C1028052010000B90000809264
:1009C000F5FFFF17470B00947F4E007189FCFF5421
:1009D000D006009421018052010000B900008092ED
:1009E000EDFFFF171F2003D578B8011000000000AD
:1009F000E0EF011000000000000000000000000017
:100A0000FD7BBCA903000090FD030091637445F9D0
:100A1000F35301A9F303002AF40302AA600040F98A
:100A2000600000B4022440F9420300B47F4E00711C
:100A3000A804005400000090737E7C93F51300F925
:100A4000007845F91500138B006873B81F04003156
:100A500080030054E00301AAE103142A29FFFF9751
:100A6000E103002AA003F837A20E40B98002004B30
:100A70004200000BA20E00B99F02016B200100543E
:100A8000F51340F9F35341A9FD7BC4A8C0035FD619
:100A9000E11F00F9130B0094E11F40F9E4FFFF1779
:100AA0009C060094E10300AAF51340F9000080526F
:100AB0003F0000B9F35341A9FD7BC4A8C0035FD632
:100AC000F51340F99306009421018052010000B90A
:100AD00000008012ECFFFF17F51340F900008012B0
:100AE000E9FFFF171F2003D578B8011000000000B0
:100AF000E0EF011000000000000000000000000016
:100B0000FD7BBEA901000090FD030091F30B00F9ED
:100B1000F303002A20C445F9000040F9600000B446
:100B2000012440F9E10100B47F4E00712802005415
:100B300000000090737E7C9301C845F9206873B86B
:100B40001F04003160010054020080120000805236
:100B5000226833B8F30B40F9FD7BC2A8C0035FD60F
:100B6000E00A00947F4E007149FEFF541F2003D518
:100B700068060094E10300AA22018052000080125E
:100B8000220000B9F4FFFF1778B801100000000040
:100B9000E0EF011000000000000000000000000075
:100BA0000004004F03008452028080D20000805273
:100BB0003F3000F9200000AD200002AD230400B951
:100BC000200001AD222400F9C0035FD60000000020
:100BD000FD7BBEA901000090FD030091F30B00F91D
:100BE000F303002A202846F9000040F9600000B411
:100BF000012440F9C10100B47F4E0071E8010054A6
:100C000001000090607E7C93212C46F9206860B83A
:100C10001F040031200100547F060071E0879F1AF5
:100C2000F30B40F9FD7BC2A8C0035FD6AD0A009468
:100C30007F4E007169FEFF5436060094E10300AA5E
:100C40002201805200008052220000B9F5FFFF17F8
:100C500078B8011000000000E0EF01100000000073
:100C6000FD7BBFA9FD03009136FDFF970000805278
:100C7000FD7BC1A8C0035FD600000000000000009B
:100C8000C0008052C0035FD60000000000000000DA
:100C9000FD7BBCA9FD030091F35301A9F30300AA56
:100CA000002440F9E00200B4041440A9F4A3009128
:100CB000E49702A9030840F9830A00F9651A40F98C
:100CC000632240F9642A40F9A5004039050800294B
:100CD000010800B9040800F960003FD6602640F919
:100CE000A00000B4E28F42A9020C00A9810A40F9D9
:100CF000010800F9F35341A9FD7BC4A8C0035FD6E6
:100D0000F4A30091E00314AAEDFFFF170000000018
:100D1000021840F9011840B9421C40F9C20100B460
:100D200041000034C0035FD6021C40F9410840B9BD
:100D3000032040F921780B1221000B32410800B941
:100D40001F0800F903FFFFB4021080520100805217
:100D5000D0FFFF17021C40F9A1FEFF340408403900
:100D6000030840F9840400129F080071C001005478
:100D700065004039440440B9A4200033440400B95C
:100D8000020040F942441053E403022A2100024BBE
:100D90006300048B030800F9011800B941FCFF351A
:100DA000E2FFFF1765004079440440B9A4200033F6
:100DB000440400B9F3FFFF1700000000000000002A
:100DC000FD7BBFA9FD030091A00100B4810100B427
:100DD000E40300AAA02A89526068AA72850440B977
:100DE000BF00006B41010054810C04A90000805237
:100DF000822800F9FD7BC1A8C0035FD60DC8FF970C
:100E000020008052FD7BC1A8C0035FD609C8FF97B0
:100E1000E0008052FD7BC1A8C0035FD60000000047
:100E2000FD7BBFA9FD030091000800B4030440B995
:100E3000A22A89526268AA727F00026BE1070054FD
:100E4000021C40F9431440B9636458D37F04007115
:100E5000C8060054430840B9C4FD9F52C4F9BF728C
:100E60006400040A440800B963740A12440840B9D3
:100E7000A40100361F2003D51F2003D5021C40F912
:100E8000440840B9040100361F2003D5021C40F974
:100E9000440840B924FF0737030000141F2003D57E
:100EA000021C40F9440840B9A4FF2737441040B958
:100EB00006EE9F52210040B9E511805226E6BF722E
:100EC000C519A0722100060A8400050A1F0800F94E
:100ED0002100042A411000B9430800B9410840B973
:100EE0006100014AC10000361F2003D5021C40F9F1
:100EF000410840B92100034A81FF0737410840B942
:100F00006100014AC10020361F2003D5011C40F9B1
:100F1000210840B92100034A81FF27370000805291
:100F2000FD7BC1A8C0035FD6C2C7FF9720008052D7
:100F3000FD7BC1A8C0035FD6BEC7FF97E00080520B
:100F4000FD7BC1A8C0035FD60000000000000000C8
:100F5000FD7BBFA9FD030091800100B4610100B4D5
:100F6000020440B9A02A89526068AA725F00006B2F
:100F7000410100540004002F00008052FD7BC1A8F5
:100F8000200000FDC0035FD6AAC7FF972000805253
:100F9000FD7BC1A8C0035FD6A6C7FF97E0008052C3
:100FA000FD7BC1A8C0035FD6000000000000000068
:100FB000FD7BBFA9FD030091E00300B4E20300AA9A
:100FC000A02A89526068AA72430440B97F00006B6E
:100FD000A1020054C0008052C1010836401C40F9F3
:100FE000030840B963740A12030800B9004840B905
:100FF000C000F0371F2003D51F2003D5401C40F947
:10100000004840B9A0FFF736000080525F1800B9D1
:1010100061000036000080525F2800B9FD7BC1A846
:10102000C0035FD683C7FF97E0008052FD7BC1A855
:10103000C0035FD67FC7FF9720008052F8FFFF17DD
:10104000FD7BBFA9FD030091C00100B4A10100B464
:10105000E20300AAA02A89526068AA72430440B938
:101060007F00006B61010054432840B900008052AA
:10107000230000B95F2800B9FD7BC1A8C0035FD67B
:101080006CC7FF9720008052FD7BC1A8C0035FD6CC
:1010900068C7FF97E0008052FD7BC1A8C0035FD600
:1010A000FD7BBEA9FD030091600500B4410500B4BD
:1010B00022050034E30300AAA02A89526068AA72BC
:1010C000640440B99F00006BE10500546808403992
:1010D000080500121F090071C0040054601840B9CF
:1010E00080050035641C40F9650040F9860840B968
:1010F000C6740A12860800B9A5441053860840B980
:10110000E703052A4200054B2500078B650800F917
:10111000C5000C32621800B9850800B91F090071BA
:10112000E000005421004039820440B922200033FD
:10113000820400B9FD7BC2A8C0035FD622004079BB
:10114000810440B941200033810400B9FD7BC2A86D
:10115000C0035FD637C7FF9720008052E01F00B959
:1011600034C7FF97E01F40B9FD7BC2A8C0035FD61C
:101170004100003742FB07362EC7FF9760008052C0
:10118000F7FFFF172BC7FF97E0008052F4FFFF1710
:1011900028C7FF9700018052E7FFFF1700000000FB
:1011A000FD7BBFA9030000900200009000000090AA
:1011B000FD03009163E440F9C1FB805242E840F92D
:1011C00000EC40F917C7FF9768C00110000000004D
:1011D000D8DE01100000000070C001100000000007
:1011E000C0008052C0035FD6000000000000000075
:1011F000FD7BBDA9FD030091F35301A9F40300AAEF
:10120000F303022AF51300F9E003022A35101D53F7
:101210008203F83713C3FF97E2C3FF97E303002A63
:10122000615C409202008052637C78D3E003132A11
:10123000631C6092210003AA22C3FF97E103152AD1
:10124000E003132A0FC3FF97E003132A41008052E3
:101250003CC3FF97E003132A2100805261C3FF972C
:101260007382001100000090F51340F9007041F9FD
:1012700014D833F8F35341A9FD7BC3A8C0035FD64C
:1012800084C3FF97C7C3FF97E303002A615C4092C2
:1012900002008052637C78D3E003132A631C6092BF
:1012A000210003AA07C3FF97E103152AE003132ACD
:1012B00080C3FF97E003132A410080529DC3FF972C
:1012C0007382001100000090F51340F9007041F99D
:1012D00014D833F8F35341A9FD7BC3A8C0035FD6EC
:1012E000905100100000000000000000000000000D
:1012F000FD7BBEA9FD030091E00E00B4F30B00F9E5
:10130000F30300AAA02A89526068AA72610640B954
:101310003F00006B610D0054611E40F97F0600B96B
:101320003F0800B9200840B9400100361F2003D50E
:101330001F2003D5611E40F9200840B9A0FF0737E0
:10134000200840B9A00020361F2003D5611E40F9B7
:10135000200840B9A0FF2737601A40F9221440B98D
:10136000001440B942740612221400B9A005F837DF
:10137000BCC2FF97601A40F9002C40B9A005F837AD
:10138000B8C2FF97601A40F9001C40B9A005F837B1
:10139000B4C2FF97601A40F9002440B9A005F8379D
:1013A000B0C2FF97200080522AC7FF97601A40F909
:1013B000002840F9003C40B91F040071A00500540A
:1013C000034638D5000080D2004618D5601A40F98F
:1013D000000040391F10007188060054046080D25C
:1013E000012000110405B0F2E20304AA200080529B
:1013F000840040B90020C11A0000042A400000B94E
:10140000400040B9034618D520008052C1C6FF975E
:10141000F30B40F900008052FD7BC2A8C0035FD6E9
:101420001CC3FF97601A40F9002C40B9A0FAFF36A0
:1014300018C3FF97601A40F9001C40B9A0FAFF36A4
:1014400014C3FF97601A40F9002440B9A0FAFF3690
:1014500010C3FF9720008052FEC6FF97601A40F924
:10146000002840F9003C40B91F040071A1FAFF5464
:10147000034638D5010080D2014618D5621A40F9DA
:101480000105B0D2240043B9420040394240001166
:101490000020C21A0000042A200003B9200043B92A
:1014A000034618D5D9FFFF17016380D22000805270
:1014B0000125B0F2E20301AA240040B9CFFFFF17D3
:1014C0005CC6FF97F30B40F9E0008052FD7BC2A899
:1014D000C0035FD657C6FF9720008052CFFFFF178B
:1014E000FD7BBEA9FD030091600200B4410200B47F
:1014F00022020034E30300AAA02A89526068AA727B
:10150000640440B99F00006BE10200546008403958
:10151000000400121F080071C0010054602840B987
:1015200080020035611000F9622800B9FD7BC2A875
:10153000C0035FD63FC6FF9720008052E01F00B96E
:101540003CC6FF97E01F40B9FD7BC2A8C0035FD631
:101550004100003742FE073636C6FF9760008052D2
:10156000F7FFFF1733C6FF97E0008052F4FFFF1725
:1015700030C6FF9700018052EDFFFF17000000000A
:10158000FD7BBDA9FD030091E02200B4F35301A946
:10159000F40301AA412800B4F55B02A9352840F9FB
:1015A000F52100B4F30300AAA01A40F9802100B489
:1015B000A00A40F9402100B4610640B9A02A89522E
:1015C0006068AA723F00006B603F0054A13E40B9C2
:1015D000E007805282024039E3FF81523F040071EC
:1015E000210080520010831A2120C21A3F00006A95
:1015F000C0220054A12240B93F14007100230054BE
:101600003F0C0071610000540024C21A0023003610
:10161000800A40B91F040071201E0054801640B992
:10162000E01DF837801E40B9A01DF837802640B96C
:10163000601DF837822E40B9221DF8377F0200392D
:10164000E00313AA630A4039810640B9842240F9B5
:101650003F000071E1179F1A642200F92104001174
:10166000741A00F9842640F923040033630A003910
:101670007F9204A981A24039DEFEFF978142403962
:10168000E00313AA821640B9DAFEFF97816240395F
:10169000E00313AA821E40B9D6FEFF97818240392B
:1016A000E00313AA822640B9D2FEFF9720008052A1
:1016B00068C6FF97A03E40B91F040071A01A0054ED
:1016C000034638D5000080D2004618D58102403943
:1016D0003F10007109270054046380D2200080125B
:1016E0000425B0F2E20304AA840040B90000040A11
:1016F000400000B9400040B9E00080523F0C00714A
:1017000040360054083800543F040071401700541C
:101710003F080071611B005401008BD20100B0F240
:10172000220040B900040051001C0072A1FFFF54C8
:10173000034618D520008052F6C5FF97A01A40F93D
:10174000601E00F91F0800B9010840B921010036E8
:101750001F2003D5601E40F9010840B9A1FF0737DB
:10176000010840B9A10020361F2003D5601E40F9B2
:10177000010840B9A1FF2737822A40F901028052AF
:1017800023008052E5FF8152463C40B9010C00B96C
:1017900081E09F5201E0BF72011000B961408252A6
:1017A000011400B91F1800B9DF00036BE17F8052FC
:1017B0002110851A840240396320C41A7F00016A0F
:1017C00060000054E1E3A352012400B9810640B94E
:1017D000666082523F0C0071A00000543F0000710F
:1017E0006600825261408252C600811A470C40292D
:1017F000452440B9810E40B9E904085363001153F0
:10180000A5000B536300092AA138012A483840B9C2
:101810002100032A850A40B92100062A432040B945
:101820001F19007126001932C100811A011400B974
:101830006304001261041C32C5000034BF0800714B
:1018400003608052052080526310851A2100032A0C
:10185000460840B9E5080051C3080012DF000071D6
:1018600063040051630808536300012A63000432D3
:101870006110811A010C00B9BF04007149110054B4
:10188000410840F905EE9F52031040B9E61180521D
:1018900025E6BF72C619A072210040B96300060A8E
:1018A0002100050A2100032A011000B9411440F962
:1018B00006028052422840B9E6A0B772A53E40B960
:1018C00023B068D3219060D342000012633C1053D0
:1018D0006120012A2100022A013000B9066800B9FE
:1018E0007F0A00F97F1A00B97F1200F97F2A00B938
:1018F000BF040071A0100054601A40F9161440B9DA
:10190000E003162AB60FF83786C1FF97E003162AC0
:101910004CC1FF97601A40F9162C40B9E003162A13
:10192000560EF8377FC1FF97E003162A45C1FF978F
:10193000A03E40B91F04007120110054601A40F904
:10194000141C40B9E003142A940CF83775C1FF97B2
:10195000E003142A3BC1FF97601A40F9142440B9F0
:10196000E003142A340BF8376EC1FF97E003142A02
:1019700034C1FF97601E40F9218280522100A0727D
:10198000010800B9010840B9410100371F2003D503
:101990001F2003D5601E40F9010840B9A1FF07369A
:1019A000000840B9A00020371F2003D5601E40F971
:1019B000000840B9A0FF2736A11E40B9A22A8952CB
:1019C000F55B42A96268AA72628600290000805213
:1019D000F35341A9FD7BC3A8C0035FD6F35341A9CC
:1019E000F55B42A913C5FF9720008052FD7BC3A879
:1019F000C0035FD601808AD2000400510100B0F21A
:101A0000001C0072210040B961FFFF5449FFFF171D
:101A1000034638D5010080D2014618D50205B0D260
:101A200081024039440043B9254000110020C51A05
:101A30008000200A400003B9400043B93F2C0071E8
:101A4000C90C0054D7FDFF97FAC4FF97F35341A97F
:101A500040AF8052F55B42A9E5FFFF17A11E40B9D8
:101A6000E0FF9F523F00006B41DDFF54F1C4FF9740
:101A7000F35341A960008052F55B42A9DCFFFF17D8
:101A800001008AD20100B0F2220040B900040051E6
:101A9000001C0072A1FFFF5426FFFF17F35341A95A
:101AA000D1FFFF17011040B9211C1832011000B9F5
:101AB000FF080071C1EFFF54011040B921001B3233
:101AC000011000B97AFFFF1792C1FF97E003142AB3
:101AD00068C1FF97A8FFFF178EC1FF97E003142A84
:101AE00064C1FF979DFFFF178AC1FF97E003162A85
:101AF00060C1FF978FFFFF1786C1FF97E003162A8B
:101B00005CC1FF9784FFFF179F1C007129080054D8
:101B10004205B0D280200051E1008052439442B986
:101B200000741E532020C01A6000200A409402B99D
:101B3000601A40F941008052001440B90016F8378D
:101B4000E8C0FF97601A40F901008052002C40B9AC
:101B50002015F837E3C0FF9768FFFF178002403970
:101B60001F1C0071690400544205B0D200200051CE
:101B7000E1008052439442B900741E532020C01AE1
:101B80006000200A409402B9601A40F94100805276
:101B9000001C40B9C012F837D2C0FF97601A40F954
:101BA00001008052002440B9E011F837CDC0FF9702
:101BB00063FFFF17046080D2252000110405B0F2F6
:101BC00020008052E20304AA0020C51A840040B914
:101BD000E003202AC6FEFF1700000090002C47F902
:101BE00000486138620000104088208B00001FD63A
:101BF0004205B0D200741E53E1008052439042B9B6
:101C00002020C01A6000200A409002B9DFFFFF17B1
:101C10004105B0D284741E53E0008052229042B934
:101C20000020C41A4000200A209002B9C1FFFF170B
:101C3000010081D2E00080526102B2F21F2003D580
:101C4000220040B900040051001C0072A1FFFF54A3
:101C5000B8FEFF17018080D2E00080526102B2F22C
:101C6000220040B900040051001C0072A1FFFF5483
:101C7000B0FEFF17E00080526102B2D21F2003D5F0
:101C8000220040B900040051001C0072A1FFFF5463
:101C9000A8FEFF17010083D2E00080526100B2F27B
:101CA000220040B900040051001C0072A1FFFF5443
:101CB000A0FEFF17018082D2E00080526100B2F2E4
:101CC000220040B900040051001C0072A1FFFF5423
:101CD00098FEFF17010082D2E00080526100B2F24C
:101CE000220040B900040051001C0072A1FFFF5403
:101CF00090FEFF17018081D2E00080526100B2F2B5
:101D0000220040B900040051001C0072A1FFFF54E2
:101D100088FEFF17010081D2E00080526100B2F21C
:101D2000220040B900040051001C0072A1FFFF54C2
:101D300080FEFF17018080D2E00080526100B2F285
:101D4000220040B900040051001C0072A1FFFF54A2
:101D500078FEFF17E00080526100B2D21F2003D549
:101D6000220040B900040051001C0072A1FFFF5482
:101D700070FEFF17018081D2E00080526102B2F252
:101D8000220040B900040051001C0072A1FFFF5462
:101D900068FEFF17008083D26000B2F21F2003D5D7
:101DA000020040B921040051211C0072A1FFFF5420
:101DB00060FEFF171FC4FF97F35341A9C001805273
:101DC000F55B42A90AFFFF1701808BD20100B0F238
:101DD000220040B900040051001C0072A1FFFF5412
:101DE00054FEFF17BFC0FF97D5FEFF17BDC0FF977A
:101DF0006BFFFF17BBC0FF97C0FEFF17B9C0FF976F
:101E000051FFFF1702008CD20200B0F23F100071A8
:101E10002001005442FC7F913F14007141E1FF54C6
:101E2000410040B900040051001C0072A1FFFF54A2
:101E300040FEFF17410040B900040051001C007231
:101E400080C7FF54410040B900040051001C0072DB
:101E500021FFFF5437FEFF17C8DE0110000000000D
:101E6000000000900200009001000090005047F92F
:101E7000424C47F900004039214847F9000400511D
:101E8000407860B80080001120D860F8A1FBFF17EF
:101E900090510010000000001051001000000000E0
:101EA00008510010000000000000000000000000C9
:101EB000FD7BBDA90000009002000090FD03009191
:101EC00000CC47F9F30B00F942C847F90100009034
:101ED0000000403921C447F900040051407860B83F
:101EE0000080001133D860F8611E40F9602A40B9C3
:101EF000210040B921200012E12F00B90001003576
:101F0000602240F9A00200B4E00313AA82008052CC
:101F1000F30B40F9FD7BC3A85EFBFF17620240F99B
:101F2000E1B30091601240F9424450D3A5030094FC
:101F3000610240F9621240F9602A40B9234450D34B
:101F4000214410534200038B0000014B621200F940
:101F5000602A00B980000034F30B40F9FD7BC3A870
:101F6000C0035FD6602240F980FFFFB4E00313AAEC
:101F700022008052F30B40F901008052FD7BC3A880
:101F800044FBFF171F2003D59051001000000000F4
:101F90001051001000000000085100100000000067
:101FA000000000B0020000B001000090000440F901
:101FB000420040F90000403921FC47F9000400517B
:101FC000407860B80080001120D860F8011C40F90A
:101FD000220840B942740A12220800B9210840B907
:101FE000012040F9810000B442008052010080527B
:101FF00028FBFF17C0035FD69051001000000000BF
:1020000010510010000000000851001000000000F6
:10201000000000900200009001000090006840F96C
:10202000426440F900004039216040F90004005149
:10203000407860B80080001120D860F8031C40F997
:10204000610040B9644840B921200012826058D331
:1020500042681B536401E037840005120520A35237
:102060004260442A646840B98400052A646800B963
:10207000634840B9032040F9230200B405FBFF1771
:10208000654840B99F0065F244001C3242041D328D
:102090004210841A44001A32BF0071F28200821A80
:1020A000646840B90520A3528400052A646800B919
:1020B000634840B9032040F923FEFFB5C0035FD653
:1020C00090510010000000001051001000000000AE
:1020D0000851001000000000000000000000000097
:1020E000FD7BBFA9FD030091200200B4020840B9A6
:1020F000E0698852E089A8725F00006B010100541A
:10210000020088D2213C00120201B0F2000080528D
:1021100041040079FD7BC1A8C0035FD645C3FF978A
:10212000E0008052FD7BC1A8C0035FD641C3FF978A
:1021300020008052F8FFFF170000000000000000A0
:10214000FD7BBDA9FD030091E00600B4F35301A996
:10215000F40301AA610600B4F30300AA200C40F9BD
:10216000000600B4610A40B9F55B02A9F66988521D
:10217000F689A8723F00166BE0050054811240F901
:10218000740200F9607E01A920008052611200F9FA
:10219000B0C3FF97024638D5000080D2004618D55C
:1021A0000005B0D215F047D1010C43B921781712C0
:1021B000010C03B9000C43B9A0024039A002403918
:1021C000A0024039A0024039A0024039A0024039A3
:1021D000A0024039024618D5200080524DC3FF9717
:1021E000600240F90200009081024039030A8052E7
:1021F000422441F92100032A031040790000805253
:10220000A1020039A30A0079530000F9760A00B947
:10221000F35341A9F55B42A9FD7BC3A8C0035FD678
:10222000F35341A903C3FF9720008052FD7BC3A84D
:10223000C0035FD6FFC2FF97F35341A9C00180528C
:10224000F55B42A9F5FFFF17B8F10110000000008F
:10225000C0035FD600000000000000000000000086
:10226000FD7BBEA9637C4093FD030091F30B00F955
:10227000F30301AA2124C0790E080094E000F8B706
:10228000614A40F92100008B614A00F9F30B40F9E3
:10229000FD7BC2A8C0035FD661224079217813126A
:1022A00061220079F30B40F9FD7BC2A8C0035FD621
:1022B000FD7BBDA9FD0300912420C079F35301A942
:1022C000F30301AAF40300AAF55B02A9F50302AA2D
:1022D000F603032A840140376126C07984781312FB
:1022E00064220079C37E4093E20315AAE00314AA96
:1022F00070000094F35341A9F55B42A9FD7BC3A88C
:10230000C0035FD62124C07943008052020080D2EE
:10231000D00700946422C079F0FFFF17000000008E
:10232000FD7BBEA9FD030091F30B00F9F30301AAA5
:102330002124C079C70700946122C0791F0400B12D
:10234000E00000542100143261220079604A00F953
:10235000F30B40F9FD7BC2A8C0035FD621781312AE
:1023600061220079F30B40F9FD7BC2A8C0035FD660
:102370002124C07967030014000000000000000061
:102380005F2403D5042C40929F803FF1C80600547F
:10239000020C40A9E8C300B2440008CB45D800B203
:1023A000660008CB67D800B2840025EAC500278AFA
:1023B000A00840FA000100548430859A000180D2C0
:1023C000840CC0DAE033809A8410C0DA000C448BAD
:1023D000C0035FD6020C41A9440008CB45D800B227
:1023E000660008CB67D800B2840025EAC500278ABA
:1023F000A00840FA400100548430859A000380D23E
:10240000840CC0DA060280D28410C0DAC030809A10
:10241000000C448BC0035FD61F2003D501E87B92DC
:102420002108C1AD20AC226E00AC206E0098200EB9
:102430000300669E63FFFFB42098204E200000CB6F
:10244000630000354098204E0040009100840C0F3E
:102450000300669E6300C0DA6210C0DA0008428B97
:10246000C0035FD601E87B92628081520206B87297
:1024700021A0404C400C044E2198204E4298204E02
:10248000211C204E421C204E20BC224E00BC204E5F
:102490000300669E04F87FD36324C49A23FCFFB430
:1024A0006300C0DA6010C0DA00FC41D3C0035FD61D
:1024B000FD7BBEA9FD030091F35301A9740000B098
:1024C000F30300AAE003012AE10302AA9F0202B972
:1024D000E20303AA4BF9FF97017C40931F040031EC
:1024E000A0000054F35341A9E00301AAFD7BC2A858
:1024F000C0035FD6800242B960FFFF34600200B9BA
:10250000E00301AAF35341A9FD7BC2A8C0035FD633
:10251000400000B0003C44F9C0035FD6000000005A
:10252000FD7BBAA9FD030091F35301A9345C00912E
:10253000F55B02A9F50300AA9FBA00F1A80C0054AC
:102540003F8000F188190054EA020094140480D2FC
:10255000010A80D28000805256000090D6023B9142
:10256000C102018B00080011214000D1330C40F959
:102570007F0201EBC11D0054D31240F946000090C8
:10258000C6403B917F0206EB600F0054610640F9A4
:1025900021F47E92220014CB5F7C00F1AC27005422
:1025A000C61A02A98217F8B6C50640F93FFC07F122
:1025B000C81E005422FC43D3230080D241040011E2
:1025C000427C021321781F536220C29AA50002AAFE
:1025D000C1CE218B22045FF8C50600F9620601A96D
:1025E000330800F9530C00F9017C0213240080D257
:1025F0008420C19A9F0005EBA80C00549F0005EAB7
:10260000C100005400741E1284F87FD30010001122
:102610009F0005EAA0FFFF54E90180920704001122
:10262000E803002AE7781F5327CD278BC702078BC3
:10263000E50307AAA10C40F909000014220440F99F
:10264000F30301AA210C40F942F47E92430014CB1B
:102650007F7C00F12C1E0054E31FF8B6BF0001EB95
:10266000E1FEFF541FF900712D240054A540009194
:10267000080500111F0540F2E1FDFF54050000149C
:10268000E1045FF8000400513F0007EB01340054FF
:102690001F0440F261FFFF54C00640F90000248A85
:1026A000C00600F984F87FD3810400D13F0000EB1D
:1026B000830000543600001484F87FD30811001101
:1026C0009F0000EAA0FFFF54E003082AD4FFFF1791
:1026D00094EE7C92E27B40B29F0202EB229054FA8D
:1026E000A80C0054830200949FDE07F1891C00545B
:1026F00081FE49D3810C00B43F1000F1A8170054AB
:1027000081FE46D320E4001125E0001104781F5318
:10271000847C7D9356000090D6023B91C402048BCA
:10272000844000D1930C40F99F0013EBE10000546A
:1027300092FFFF17630E40F9C211F8B6F30303AA24
:102740009F0003EBA0F1FF54610640F921F47E9253
:10275000220014CB5F7C00F1EDFEFF54D31240F950
:1027600046000090C6403B91E003052A7F0206EB3D
:10277000E1F0FF54C50640F9017C0213240080D229
:102780008420C19A9F0005EBA9F3FF54D30A40F9B6
:10279000F76303A9770640F9F7F67E92E00214CBBF
:1027A0001F7C00F1E0C254FA420A0054610000B0FC
:1027B000FB7305A95C00009021FC40F9E30382D281
:1027C000825747F98102018B3800038B21800091E9
:1027D0005F0400B118CF74921813819AE00315AA10
:1027E000E10318AA7B02178BF96B04A9D9060094A0
:1027F000F90300AA1F0400B1A00600547F0300EBF8
:10280000280600547A0000B041C341B92100180BDA
:1028100041C301B9E003012A811700547F2F40F220
:1028200041170054C20A40F9E002188B000040B280
:10283000400400F91F2003D5600000B0217C4093C4
:1028400002F840F93F0002EB4900005401F800F99A
:10285000600000B0D30A40F902F440F93F0002EBF7
:102860004900005401F400F9600640F900F47E923A
:102870001A00001480018052130080D2A00200B917
:102880000C000014048080D200088052E5078052BA
:10289000A1FFFF176102018BE00315AA73420091AB
:1028A000220440F9420040B2220400F915020094CB
:1028B000F55B42A9E00313AAF35341A9FD7BC6A827
:1028C000C0035FD67F0216EB80110054D30A40F993
:1028D000600640F900F47E929F0200EB000014CBEA
:1028E00004985FFAAD190054F96B44A9FB7345A92C
:1028F0006202148B940240B2740600F9010040B2E7
:10290000C20A00F9410400F9E00315AA73420091DC
:10291000FC010094F55B42A9E00313AAF35341A91B
:10292000F76343A9FD7BC6A8C0035FD6619240A9A7
:10293000E00315AA630E40F921F47E926102018B37
:10294000220440F9830C00F9420040B2640800F907
:10295000220400F973420091EA010094F55B42A958
:10296000E00313AAF35341A9FD7BC6A8C0035FD6B9
:10297000640A40F96102018BE00315AA220440F9C0
:10298000830C00F9F1FFFF1722FC49D33FFC27F12C
:10299000890900545F5000F1E8140054447001119B
:1029A000436C011184781F53847C7D93C402048B93
:1029B00082045FF89F0002EBA10000548500001420
:1029C000420840F99F0002EBA0000054430440F984
:1029D00063F47E927F0001EB48FFFF54440C40F902
:1029E000621201A9930800F9530C00F9FFFEFF17CA
:1029F0003F5000F1290700543F5001F1C812005424
:102A000081FE4CD320BC011125B8011104781F535D
:102A1000847C7D9340FFFF17640A40F9800240B236
:102A2000600600F97402148B650040B2E00315AA39
:102A3000810C00F9240800F9D45202A9859A00A952
:102A4000860E00F9636A22F873420091AD0100948A
:102A500098FFFF176202028BE00315AA640E41F88B
:102A6000430440F9630040B2430400F9810C00F9CB
:102A7000240800F9A30100948EFFFF1780FE43D3C2
:102A80000104001121781F53217C7D93B3FEFF17B1
:102A90006302148B940240B2740600F9440040B201
:102AA000C30E02A9E00315AA649800A9660C00F9F8
:102AB000626A21F873420091920100947DFFFF1732
:102AC00022FC46D344E4001143E0001184781F53F4
:102AD000847C7D93B6FFFF1720700111256C0111D6
:102AE00004781F53847C7D930BFFFF1708050011AA
:102AF000A5800091DFFEFF177A0000B040C341B906
:102B00000000180B40C301B9815747F93F0400B1D9
:102B1000200B00543B031BCB00001B0B40C301B92F
:102B20003C0F40F22006005439031CCB1B0282D21A
:102B3000394300917B031CCB3803188BE00315AAA3
:102B40007B0318CB7B2F4092E1031BAA0106009464
:102B50001F0400B1400B0054000019CBE2031B2AF4
:102B600018001B8B40C341B9180340B2D90A00F9C1
:102B70004100000B41C301B9380700F97F0216EB91
:102B8000C0E5FF54FF7E00F149040054620640F99D
:102B900063000090E06200D16014C23D00EC7C92C2
:102BA0006302008B42004092420000AA620600F9D4
:102BB0006080803C1F7C00F109E4FF546142009179
:102BC000E00315AAC704009441C341B91BFFFF17D6
:102BD000637C0213210080D22120C39AA50001AAA0
:102BE000C50600F97FFFFF173B03188BE00315AA0A
:102BF000FB031BCB7B2F4092E1031BAAD50500945E
:102C0000020080521F0400B181FAFF54D6FFFF1763
:102C1000200080D2200700F9E00315AA130080D21B
:102C200038010094F76343A9F96B44A9FB7345A9E4
:102C300020FFFF175F5001F12802005422FC4CD303
:102C400044BC011143B8011184781F53847C7D93E7
:102C500057FFFF173F5005F12802005481FE4FD364
:102C600020E0011125DC011104781F53847C7D9341
:102C7000A9FEFF17995707F9AAFFFF175F5005F143
:102C80008802005422FC4FD344E0011143DC0111BF
:102C900084781F53847C7D9345FFFF173F5015F1C7
:102CA0008802005481FE52D320F4011125F0011155
:102CB00004781F53847C7D9397FEFF179C4300D1BB
:102CC0000200805218031C8B180319CBA6FFFF17B4
:102CD0005F5015F16801005422FC52D344F40111F5
:102CE00043F0011184781F53847C7D9330FFFF17DC
:102CF00004FE80D2E00F8052C50F805286FEFF177F
:102D000004FE80D2C30F805229FFFF17C00640F98E
:102D100065FEFF170000000000000000000000003A
:102D2000400000B000C06039C0035FD60000000062
:102D3000400000B000401F91C0035FD600000000BB
:102D4000FD7BAFA9EB068012EA0F8012FD03009114
:102D5000EC430391E8430491490000B0E82303A940
:102D6000E80300AAEC2300F9EB2B0929203D44F9E4
:102D7000E017803DE0C341ADE11B803DE21F803D97
:102D8000E323803DE427803DE52B803DE62F803D19
:102D9000E733803DE18B0DA9E20308AAE3930EA976
:102DA000E3430091E59B0FA9E78700F9E0C300AD7D
:102DB000010840F9D7060094FD7BD1A8C0035FD677
:102DC0005F2403D52400028B0500028B5F0002F113
:102DD000880700545F8000F1C80300545F4000F191
:102DE000C3000054261C40A98C347FA9061C00A9EE
:102DF000AC343FA9C0035FD6C2001836260040F9A4
:102E000087805FF8060000F9A7801FF8C0035FD62F
:102E1000C2001036260040B988C05FB8060000B96D
:102E2000A8C01FB8C0035FD6020100B44EFC41D356
:102E3000260040398AF05F3828686E38060000396D
:102E400008682E38AAF01F38C0035FD61F2003D5AC
:102E5000261C40A9282441A98A2C7EA98C347FA94C
:102E60005F0001F1E8000054061C00A9082401A934
:102E7000AA2C3EA9AC343FA9C0035FD61F2003D5BE
:102E80002E3C42A9304443A95F8001F1A9000054BF
:102E9000820C7CA981107DA9A20C3CA9A1103DA99E
:102EA000061C00A9082401A90E3C02A9104403A98C
:102EB000AA2C3EA9AC343FA9C0035FD61F2003D57E
:102EC0000E0001CB2EFCFFB4DF0102EBA304005483
:102ED0002C3440A90E0C409203EC7C9221000ECBC6
:102EE00042000E8B261C41A90C3400A9282442A9BB
:102EF0002A2C43A92C34C4A9424002F16901005490
:102F0000661C01A9261C41A9682402A9282442A9FB
:102F10006A2C03A92A2C43A96C3484A92C34C4A993
:102F2000420001F1E8FEFF548E3C7CA9661C01A919
:102F3000861C7DA9682402A988247EA96A2C03A97D
:102F40008A2C7FA96C3404A9AE3C3CA9A61C3DA9DF
:102F5000A8243EA9AA2C3FA9C0035FD61F2003D5F1
:102F60008C347FA9AE0C409284000ECB42000ECB75
:102F7000861C7FA9AC343FA988247EA98A2C7DA910
:102F80008C34FCA9A5000ECB420002F1690100546B
:102F9000A61C3FA9861C7FA9A8243EA988247EA937
:102FA000AA2C3DA98A2C7DA9AC34BCA98C34FCA9DF
:102FB000420001F1E8FEFF54220C43A9A61C3FA9E0
:102FC000261C42A9A8243EA9282441A9AA2C3DA92F
:102FD0002A2C40A9AC343CA9020C03A9061C02A966
:102FE000082401A90A2C00A9C0035FD60000000034
:102FF000FD7BBAA9FD030091F35301A9F40300AAD4
:10300000F30301AAE00301AADEFCFF97822640F940
:1030100004040091E603019141000090230080D256
:103020002140309145008052E61700F9E53300B9A0
:10303000E4CF03A9E08704A9E32F00F9930A40F93C
:10304000820400B461B240B96022C0794100003707
:1030500080034836C000683761B240B900001332BF
:10306000602200792078121260B200B9E00314AA3D
:10307000E10313AAE2A30091CA04009461B240B92B
:103080001F0000715401805294029F5A6100003762
:1030900060224079A0004836E003142AF35341A986
:1030A000FD7BC6A8C0035FD6605240F9911300941F
:1030B000E003142AF35341A9FD7BC6A8C0035FD6E1
:1030C000605240F9871300946022C079E2FFFF1735
:1030D000E00314AA83010094DBFFFF170000000047
:1030E00042000090E10300AA403C44F9C1FFFF17F1
:1030F0006000009000E010917A13001400000000BE
:103100006000009000E010917A13001400000000AD
:10311000FD7BBEA9FD030091F35301A9740000904B
:10312000F30300AA9F0202B9E003012A75F6FF9794
:103130001F04003180000054F35341A9FD7BC2A855
:10314000C0035FD6810242B981FFFF34610200B93A
:10315000F35341A9FD7BC2A8C0035FD60000000065
:10316000FD7BBDA9FD0300912220C079F35301A985
:10317000F30301AAF55B02A9F60300AAE2071837D8
:103180004000153220200079210840B93F0000712D
:103190008D0B0054642640F9640600B4611A40F9AE
:1031A000D40240B9DF0200B9620B6037020080D25E
:1031B000E00316AA2300805280003FD6E20300AA53
:1031C0001F0400B1E00B0054611A40F9642640F975
:1031D0006022C079E0001036602E40F9630A80B9A1
:1031E000420003CB600000B4607280B9420000CBA3
:1031F000E00316AA0300805280003FD61F0400B1EE
:10320000E1080054C30240B96122C0797F740071A3
:10321000A8060054220080D20208A4F24224C39AD5
:1032200022060036640E40F922781412640200F976
:103230007F0A00B96222007941006036E30700345A
:10324000612E40F9D40200B9E10000B460D20191CE
:103250003F0000EB60000054E00316AA2103009435
:103260007F2E00F900008052F35341A9F55B42A97B
:10327000FD7BC3A8C0035FD6350C40F955FFFFB4F2
:10328000210040F9750200F900008052210015CBA1
:10329000F403012A5F0440F241000054602240B967
:1032A000600E00B93F000071AC000054EEFFFF1744
:1032B000B5C2208B9F0200716DFDFF54611A40F969
:1032C000E303142A642240F9E20315AAE00316AAD4
:1032D00080003FD69402004B1F000071ACFEFF54EB
:1032E0006122C07921001A3261220079F35341A989
:1032F00000008012F55B42A9FD7BC3A8C0035FD626
:10330000617240B93F0000716CF4FF5400008052BC
:10331000D6FFFF17624A40F9AFFFFF176122C0795D
:10332000630E40F922781412630200F97F0A00B993
:103330006222007961F86736604A00F9C1FFFF1721
:10334000C00240B920F4FF341F7400710418567A8B
:1033500081FCFF5400008052D40200B9C3FFFF1764
:10336000FD7BBDA9FD030091F35301A9F30301AA5D
:10337000F40300AAF51300F9600000B4012440F939
:10338000810400B46022C0791500805280010034AD
:1033900061B240B941000037C0014836E10313AAC9
:1033A000E00314AA6FFFFF97F503002A61B240B94A
:1033B0006100003760224079E0014836F35341A9AB
:1033C000E003152AF51340F9FD7BC3A8C0035FD6BF
:1033D000605240F9C3120094E10313AAE00314AA57
:1033E00060FFFF97F503002A61B240B981FE0737FD
:1033F000F1FFFF17605240F9BE120094F35341A948
:10340000E003152AF51340F9FD7BC3A8C0035FD67E
:10341000B4000094DCFFFF17000000000000000073
:10342000E00400B4FD7BBDA9FD030091F35301A9A5
:10343000F30300AA40000090F51300F9153C44F98D
:10344000750000B4A02640F9800200B46022C07963
:10345000140080528001003461B240B9410000374D
:1034600020024836E10313AAE00315AA3DFFFF97A7
:10347000F403002A61B240B961000037602240794C
:1034800080014836F51340F9E003142AF35341A9AB
:10349000FD7BC3A8C0035FD6E00315AA910000948A
:1034A000EBFFFF17605240F98E120094EEFFFF17FA
:1034B000605240F98F120094F3FFFF174200009012
:1034C00001000090400000904260279121800D9102
:1034D00000002291E704001400000000000000003A
:1034E00042000090210000904260279121003C9111
:1034F0004000009000002291DE0400140000000053
:10350000FD7BBEA96200009042200891FD0300915E
:10351000010440F9F30B00F9F30300AA3F0002EBAA
:103520004000005477120094610A40F96000009056
:1035300000000B913F0000EB60000054E00313AA71
:1035400070120094610E40F96000009000E00D914F
:103550003F0000EBA0000054E00313AAF30B40F976
:10356000FD7BC2A867120014F30B40F9FD7BC2A8D3
:10357000C0035FD600000000000000000000000053
:10358000FD7BBCA96000009062000090FD030091EB
:10359000F35301A913200891830080520100009089
:1035A00021801391411802F9020180D2010080525A
:1035B000F55B02A9F4FFFFF0F71B00F994C20D912F
:1035C0001F0401F96000009000C00A917F0600F915
:1035D000631200B9F6FFFFF07F0E00F9D6C20A9120
:1035E0007F2200B9F5FFFFF07F2A00B9B5820C9168
:1035F0007FB200B963000094F7FFFFF06000009015
:10360000F782099100A00A91735E03A9765604A976
:10361000742A00F92B12009423018052020180D2F7
:103620002300A072010080526000009000A00D9164
:103630007F5E00F97F6200F963CA00B97F6A00F912
:103640007FDA00B97FE200B97F6A01B94D000094CA
:103650006100009021000B916000009000800D91AE
:1036600061DE0EA976D60FA9748600F915120094B2
:1036700043028052020180D24300A07201008052B6
:1036800060000090008010917FBA00F97FBE00F9C1
:10369000638201B97FC600F97F9201B97F9A01B9AF
:1036A0007F2202B9370000946100009021E00D9163
:1036B000615E1AA9600000900060109176561BA907
:1036C00074E200F9F35341A9F55B42A9F71B40F9F5
:1036D000FD7BC4A8FB1100140000000000000000E6
:1036E000FD7BBEA9FD030091F35301A9F40300AAD9
:1036F0007300009073021191E00313AAF911009472
:10370000802640F9E00000B56100009000000090C4
:1037100000001491802600F9201842F9A00000B49E
:10372000E00313AAF35341A9FD7BC2A8F1110014D1
:1037300094FFFF97E00313AAF35341A9FD7BC2A8AE
:10374000EC11001400000000000000000000000068
:103750006000009000001191E211001400000000D0
:103760006000009000001191E211001400000000C0
:103770000000000000000000000000000000000049
:103780005F2403D5200C014E0400028B5F8001F101
:10379000880300545F4000F1E2010054013C084EF0
:1037A00082001836010000F981801FF8C0035FD63F
:1037B00082001036010000B981C01FB8C0035FD677
:1037C000820000B4010000394200083681E01F7811
:1037D000C0035FD60000803DC200303780009F3CB0
:1037E000620028360004803D80009E3CC0035FD606
:1037F0000004803D000001AD80003FADC0035FD6F6
:10380000211C001203EC7C920000803D5F8002F1DD
:103810002028407A41020054E5003BD5A510409293
:10382000BF1000F1C10100546004803D600001AD93
:1038300063E47A92820003CB420002D11F2003D5B9
:103840006300019123740BD5420001F1A8FFFF54DE
:1038500080003EAD80003FADC0035FD6820003CB49
:10386000634000D1424001D1600001AD600082ADF3
:10387000420001F1A8FFFF5480003EAD80003FAD43
:10388000C0035FD600000000000000000000000040
:10389000FD7BBAA9FD030091F55B02A9F50302AA1D
:1038A000211000B4F35301A9F30301AAF60300AAFF
:1038B000F76303A9784200D1B45E0091F96B04A9C3
:1038C0000CFEFF97F90318AA000740F917F47E923F
:1038D0009FBA00F108090054010080523F000071B6
:1038E000140480D2800255FA43090054FF0214EBFD
:1038F0004A0A0054210000F0FB7305A93C003B91EB
:103900000203178B830B40F9410440F97F0002EB5F
:10391000A00E005423F87F924300038B630440F908
:10392000630B003721F47E92E302018B9F0203EBCD
:103930008D070054800100377B025FF81B031BCB0F
:10394000600740F900F47E922100008B3A00178B4B
:103950009F021AEBED180054FA02008B9F021AEB3B
:103960006D140054E10315AAE00316AAEDFAFF97BF
:10397000F50300AA201D00B4010740F9024000D160
:1039800021F87F920103018B3F0002EB40110054AC
:10399000E22200D15F2001F1681600545F9C00F123
:1039A00048110054E10313AA220040F9020000F973
:1039B000220440F9020400F9210840F9010800F945
:1039C000E10313AAE00316AA46010094E00316AA35
:1039D000CCFDFF97F35341A9E00315AAF55B42A97B
:1039E000F76343A9F96B44A9FB7345A9FD7BC6A8FE
:1039F000C0035FD694EE7C92E17B40B29F0201EB64
:103A0000E1979F1A3F000071800255FA02F7FF54B8
:103A100080018052150080D2C00200B91500001448
:103A2000410041A9F70303AAFB7345A9200C00F943
:103A3000010800F91F2003D5210740F9E00214CB4B
:103A40002203178B210040921F7C00F14803005491
:103A5000E10201AA210700F9400440F9000040B248
:103A6000400400F9F50313AAE00316AAA5FDFF9789
:103A7000F35341A9E00315AAF55B42A9F76343A9F3
:103A8000F96B44A9FD7BC6A8C0035FD6C0F6073713
:103A90007B025FF81B031BCB600740F900F47E92AA
:103AA000AEFFFF17F55B42A9E10302AAFD7BC6A8A2
:103AB0009CFAFF172403148B810201AA210700F945
:103AC000030040B281400091E00316AA830400F98C
:103AD000430440F9630040B2430400F9010100943B
:103AE000E1FFFF1721F47E92838200912200178B61
:103AF0005F0003EB4A0E005460F307377B025FF868
:103B00001B031BCB600740F900F47E922100008B61
:103B10003A00178B7F001AEB0CF2FF54F5031BAA37
:103B2000E22200D1600F40F9A10E41F8200C00F90B
:103B3000010800F95F2001F168110054E00315AAA3
:103B40005F9C00F129010054600240F9600B00F90C
:103B5000600640F9600F00F95FDC00F1C810005406
:103B60007342009160830091610240F9010000F905
:103B7000610640F9010400F9610A40F9010800F901
:103B80006203148B410314CB820B00F9210040B275
:103B9000E00316AA410400F9610740F921004092B0
:103BA000210014AA610700F956FDFF97FB7345A990
:103BB000B0FFFF17200440F9FB7345A900F47E9283
:103BC000F702008B9DFFFF17600240F9A00200F989
:103BD000600640F9A00600F95FDC00F1E80500543A
:103BE00061420091A042009170FFFF17F5031BAAEC
:103BF000E22200D1A10E41F8600F40F9200C00F93B
:103C0000010800F95F2001F108040054E00315AA3F
:103C10005F9C00F129010054600240F9600B00F93B
:103C2000600640F9600F00F95FDC00F148060054BF
:103C30007342009160830091610240F9010000F934
:103C4000610640F9010400F9610A40F9010800F930
:103C5000F9031BAAF30315AAFB7345A9F7031AAAD4
:103C600076FFFF17E10313AA56FCFF9755FFFF17D6
:103C7000410041A9200C00F9F5031BAAE22200D162
:103C8000010800F9DCFFFF17E10313AAE00315AAFE
:103C90004CFCFF97EFFFFF17600A40F9A00A00F9FC
:103CA000600E40F9A00E00F95F2001F100040054FD
:103CB00061820091A08200913CFFFF170303148BE7
:103CC000410014CB830B00F9210040B2E00316AA97
:103CD000F50313AA610400F9010740F9210040929D
:103CE000210014AA010700F906FDFF97FB7345A9FF
:103CF00060FFFF17600A40F9601300F9600E40F999
:103D0000601700F95F2001F10002005473820091F6
:103D100060C30091C9FFFF17E00316AA150080D207
:103D2000F8FCFF97FB7345A952FFFF17601240F99B
:103D3000A01200F961C20091A0C20091621640F980
:103D4000A21600F919FFFF17601240F9601B00F975
:103D500073C200916003019161825FF8611F00F9F5
:103D6000B6FFFF17E10313AAE00315AA15FCFF979E
:103D700084FFFF17600A40F9601300F9600E40F9F4
:103D8000601700F95F2001F18000005473820091F8
:103D900060C3009175FFFF17601240F9601B00F9C6
:103DA00073C200916003019161825FF8611F00F9A5
:103DB0006EFFFF1700000000000000000000000080
:103DC000FD7BBCA9FD030091F55B02A9360000F064
:103DD000D6023B91F50300AAF35301A9F71B00F9A2
:103DE000F70301AAC3FCFF97C00A40F9140440F985
:103DF00094F67E92937E3F91730217CB73CE7492AA
:103E0000730640D17FFE3FF10D010054010080D2C6
:103E1000E00315AA4F010094C10A40F92100148B58
:103E20001F0001EB20010054E00315AAB5FCFF9729
:103E3000F35341A900008052F55B42A9F71B40F9FA
:103E4000FD7BC4A8C0035FD6E10313CBE00315AA32
:103E5000400100941F0400B1200200546200009051
:103E6000940213CBC30A40F9940240B241C041B955
:103E7000E00315AA2100134B740400F941C001B9F5
:103E8000A0FCFF97F35341A920008052F55B42A9A3
:103E9000F71B40F9FD7BC4A8C0035FD6010080D2A8
:103EA000E00315AA2B010094C20A40F9010002CBDD
:103EB0003F7C00F1ADFBFF54240000F0210040B234
:103EC000410400F963000090815447F9000001CBE0
:103ED00060C001B9D5FFFF1700000000000000001E
:103EE000210A00B4FD7BBEA9FD030091F35301A993
:103EF000F30301AAF40300AA7EFCFF9765825FF832
:103F0000634200D1200000F000003B91A2F87F92B4
:103F10006400028B060840F9810440F921F47E9286
:103F2000DF0004EB000C0054810400F98600018BD3
:103F30004503003767025FF8250000F0C60440F92A
:103F4000630007CB4200078BA5403B91C60040921F
:103F5000670840F9FF0005EB40090054680C40F980
:103F6000E80C00F9070900F9C60100B54200018B11
:103F7000810840F93F0005EBA00E0054850C40F984
:103F8000250C00F9440040B2A10800F9640400F9CE
:103F9000626822F806000014C50440F9A506003640
:103FA000410040B2610400F9820000F95FFC07F1B2
:103FB000C903005441FC49D35FFC27F1C8090054F0
:103FC00041FC46D324E4001125E0001184781F53FE
:103FD000847C7D930400048B81045FF89F0001EBD7
:103FE000A100005453000014210840F99F0001EB88
:103FF000A0000054200440F900F47E921F0002EB60
:1040000048FFFF54240C40F9611001A9E00314AAF1
:10401000830800F9230C00F9F35341A9FD7BC2A8E2
:1040200038FCFF17C0035FD644FC43D3220080D284
:1040300081040011050440F921781F53847C021388
:1040400001CC218B4220C49A420005AA020400F947
:1040500020045FF8600401A9230800F9030C00F9AB
:10406000E00314AAF35341A9FD7BC2A825FCFF1766
:10407000250000D04200018BA5403B91BDFFFF17FA
:10408000860900B5850041A92100028BA00C00F92A
:10409000220040B2050800F9620400F9616821F8C5
:1040A000F0FFFF174100018BE500003762025FF867
:1040B000630002CB2100028B640841A9820C00F945
:1040C000440800F9220000D0240040B2640400F942
:1040D000425847F9030800F95F0001EB28FCFF5440
:1040E000410000F0E00314AA21FC40F935FFFF97DE
:1040F000DCFFFF173F5000F1290100543F5001F150
:104100002803005441FC4CD324BC011125B80111F3
:1041100084781F53847C7D93AFFFFF1724700111B7
:10412000256C011184781F53847C7D93AAFFFF17AF
:10413000060440F9A57C0213220080D24220C59AD1
:10414000420006AA020400F9B0FFFF17030C02A9FF
:10415000410040B2619400A9650C00F9626822F840
:10416000C0FFFF173F5005F1E800005441FC4FD35A
:1041700024E0011125DC011184781F53847C7D9398
:1041800095FFFF173F5015F1E800005441FC52D352
:1041900024F4011125F0011184781F53847C7D9350
:1041A0008DFFFF1704FE80D2C50F80528AFFFF17D4
:1041B000400040B2600400F9820000F9A9FFFF1737
:1041C000230000AAE40300AA7F0840F2400847FA4F
:1041D000090100541100001425144038460400D190
:1041E00065140038C5000034E40303AAE20306AAFC
:1041F000E30304AA22FFFFB5C0035FD68400028B4D
:10420000C6FFFFB41F2003D57F1400387F0004EBE6
:10421000C1FFFF54C0035FD6E6DB07B2E6DF9FF2C3
:1042200006000014422000D1858400F8212000916E
:104230005F1C00F1E9FDFF54250040F9A300068B47
:104240006300258A7FC001F2E0FEFF54E9FFFF17FB
:10425000FD7BBEA9FD030091F35301A9540000F0BA
:10426000F30300AA9F0202B9E003012AE10302AAB4
:10427000E203032AABF1FF971F0400B18000005452
:10428000F35341A9FD7BC2A8C0035FD6810242B9A6
:1042900081FFFF34610200B9F35341A9FD7BC2A83D
:1042A000C0035FD600000000000000000000000016
:1042B000FD7BBEA9FD030091F35301A9540000F05A
:1042C000F30300AAE003012AE10302AA9F0202B954
:1042D000E20303AA5FF1FF97017C40931F040031C2
:1042E000A0000054F35341A9E00301AAFD7BC2A83A
:1042F000C0035FD6800242B960FFFF34600200B99C
:10430000E00301AAF35341A9FD7BC2A8C0035FD615
:10431000E30300AA410100B45FFC0371880000546C
:104320002000805222000039C0035FD64111805224
:1043300000008012610000B9C0035FD60000805207
:10434000C0035FD600000000000000000000000075
:10435000FD7BBEA9FD030091F35301A9540000F0B9
:10436000F30300AA9F0202B9E00301AA79BBFF97F9
:104370001F0400B180000054F35341A9FD7BC2A883
:10438000C0035FD6810242B981FFFF34610200B9E8
:10439000F35341A9FD7BC2A8C0035FD60000000013
:1043A000FD7BBAA9FD030091F55B02A9F50300AA04
:1043B000400840F9C00A00B42520C079F35301A990
:1043C000F30301AAFB7305A9FB0302AA850A1836A9
:1043D000200C40F9400A00B4F76303A9740340F9C4
:1043E000E5030836611A40F9170080D2642240F9CB
:1043F000160080D2F85376B2DF0218EBE20317AA58
:10440000C392989AE00315AA560200B480003FD6E2
:104410001F0000716D210054610B40F9007C409336
:10442000F702008BD60200CB200000CB600B00F916
:10443000C02000B4DF0218EBE20317AA611A40F9AA
:10444000C392989A642240F9E00315AA16FEFFB5BC
:10445000975A40A994420091E8FFFF17F96B04A90D
:10446000650A003618008052000080521A0080D27F
:10447000190080D21F2003D5F90700B4600800346A
:10448000600240F9177F4093610E40F9FF0219EB7B
:10449000760E40B9F792999A632240B91F0001EB5A
:1044A0007600160BE482567AAC1900547F00176B25
:1044B000EC170054611A40F9E2031AAA642240F989
:1044C000E00315AA80003FD6F603002A1F00007102
:1044D000CD0300541803166B20008052E0020054F4
:1044E000610B40F9D67E40935A03168B390316CBE5
:1044F000210016CB610B00F901FCFFB5F35341A974
:10450000F76343A9F96B44A9FB7345A900008052E6
:10451000F55B42A9FD7BC6A8C0035FD6E10313AAE1
:10452000E00315AAFF0E0094A00100356522C079B2
:10453000F76303A9AAFFFF17E10313AAE00315AA73
:1045400088FBFF97E0FCFF34F96B44A96022C07937
:10455000F76343A900001A3260220079F35341A99E
:1045600000008012F55B42A9FB7345A9FD7BC6A83C
:10457000C0035FD6990640F9E00314AA9442009163
:10458000B9FFFFB41A0040F9E20319AAE0031AAA1E
:1045900041018052AB0E0094180400911F0000F1FD
:1045A00018031ACB1817991AB6FFFF17640240F9BF
:1045B0001C0080D2610E40B91A0080D21F2003D5A2
:1045C000E00304AAF803012AFA0300B425044836DC
:1045D000377C4093FF021AEBC9080054417F409397
:1045E000F90301AAE00304AAF70301AAF8031A2AAF
:1045F000E1031CAAE20317AAF2F9FF97640240F94B
:10460000610E40B98400178B640200F92100184B39
:10461000610E00B9600B40F99C03198B5A0319CB4A
:10462000000019CB600B00F9A0F6FFB4640240F95A
:10463000610E40B96522C079E00304AAF803012A9B
:104640007AFCFFB59C6A40A994420091DDFFFF17F8
:10465000600E40F91F0004EB43020054652240B98C
:104660005FC325EBE3010054E07B40B25F0300EB46
:104670004393809AE2031CAA611A40F9E00315AA49
:10468000630CC51A642240F9637C051B80003FD689
:104690001F000071ADF5FF54197C4093DEFFFF173A
:1046A000237C4093E00304AA7F001AEBE1031CAAD9
:1046B00078909A9A197F4093E20319AAC1F9FF975B
:1046C000640240F9610E40B98400198B640200F95C
:1046D0002100184B610E00B9E1F9FF35E10313AA7F
:1046E000E00315AA1FFBFF9760F9FF3497FFFF1740
:1046F000597F409301908052BF00016AA0F7FF5498
:10470000662240B9610E40F9C604060B990001CB40
:10471000C67C460B367F4093D77C0113C0060091C0
:1047200000001A8BE27E40935F0000EB8200005491
:1047300026070011D7001A0BE27E409385065036FB
:10474000E10302AAE00315AA76F7FF97F80300AA8F
:10475000400800B4610E40F9E20316AA99F9FF97E8
:1047600060224079019080120000010A0000193295
:10477000602200790003168BE402194B597F4093A5
:10478000600200F9640E00B9E10319AA780E00F97D
:10479000E40300AA772200B9F8031A2A3F031AEBB0
:1047A00008F2FF54F70319AA92FFFF17FC7E40930B
:1047B000E1031AAAE2031CAA82F9FF97600240F9FA
:1047C000F603172A610E40B900001C8B600200F945
:1047D0002100174B610E00B93FFFFF17D77E4093B2
:1047E000E1031AAAE20317AA76F9FF97620240F9D9
:1047F000E10313AAE00315AA4200178B620200F935
:10480000D8FAFF9780E6FF3450FFFF17E00315AAA0
:1048100020FCFF97F80300AAE0FAFFB5610E40F90B
:10482000E00315AAAFFDFF976022C0798101805295
:10483000F96B44A900781812A10200B945FFFF17CF
:104840006022C07943FFFF17F35341A9F76343A9DF
:10485000FB7345A92EFFFF17F96B44A98101805214
:104860006022C079A10200B93AFFFF1700000000E2
:10487000FD7BBBA9FD030091F55B02A9F60302AA2B
:1048800015008052F76303A9F70300AAF80301AAF1
:10489000F35301A9F92300F9191780521F2003D5FA
:1048A000D40A40B9D30A40F99F0200710D020054A6
:1048B000944EB99B1F2003D5632240797F04007179
:1048C000090100546326C079E10313AAE00317AA83
:1048D0007F0400316000005400033FD6B502002A77
:1048E00073E202917F0214EB81FEFF54D60240F97D
:1048F00096FDFFB5F35341A9E003152AF55B42A9E4
:10490000F76343A9F92340F9FD7BC5A8C0035FD62F
:10491000FF430AD1FD7B00A9FD030091F55B02A9CD
:10492000F50301AA610040F9E13F00F9610440F993
:10493000E15300F9610840F9E18700F9611840B9D5
:10494000E19300B9611C40B9F35301A9F40303AA30
:10495000F30300AAF76303A9F70302AAE1F700B97A
:10496000F4F8FF97000040F9E05B00F985F6FF9747
:10497000E05700F9020180D2E0E305910100805286
:1049800080FBFF97730000B4602640F940CB00B471
:10499000A1B240B9A022C07941000037E0A2483658
:1049A000C0006837A1B240B900001332A0220079DC
:1049B00021781212A1B200B9E0051836A10E40F913
:1049C000A10500B4410380520100010A3F28007193
:1049D00040060054F6430891E827066D08E4002FCE
:1049E000340000F0EA0317AA94421B91FB7305A957
:1049F000FC0316AA400000D000902591F96B04A991
:104A0000FF7700B9E04300F9FF9700B9FF7F0EA9D7
:104A1000FFF300B9FFFF0FA9F6CB00F9FF9B01B927
:104A2000FFD300F9F7030AAAF8030AAA1F2003D547
:104A3000997640F9BBF8FF97E4E30591037C409336
:104A4000E20317AAE1B30591E00313AA20033FD6BE
:104A50001F000071800500348B040054E16F41B9E0
:104A60003F940071A0390054007C4093F702008B02
:104A7000F0FFFF17E10315AAE00313AAA90D0094A4
:104A8000E04E0135A022C079410380520100010AA5
:104A90003F28007101FAFF54A126C079C1F9FF3700
:104AA000A1B240B941000037C0184936800640AD78
:104AB000E20317AAE10315AAE3C30491E00313AAD2
:104AC000E08709AD4F0C0094E07700B9FD7B40A969
:104AD000F35341A9F55B42A9F76343A9E07740B9D5
:104AE000FF430A91C0035FD6E0E30591020180D243
:104AF0000100805223FBFF97200080D2F702008B39
:104B0000CCFFFF17FA03002AE00218CBEA0318AA29
:104B1000FB03002AA0E30034E2D340F9617F409315
:104B2000E09B41B94200018B8A0700A900040011F3
:104B3000E09B01B99C430091E2D300F91F1C007176
:104B40002C450054E07740B900001B0BE07700B91A
:104B5000DAE10034EA060091E806403907008012E5
:104B60000B00805209008052F8030B2AF703092A30
:104B7000F903072AFA030AAAFF7F05395A070091A9
:104B8000008100511F680171C8000054E14340F9E1
:104B9000205860786100001020A8208B00001FD6EC
:104BA000E903172AEB03182AEA031AAAE8DE0034FD
:104BB0003A008052FBA30691F7031A2A01008052A3
:104BC000190080D20700805218008052FF8B00B974
:104BD000FF9B00B9FF7F0539E8A306391F2003D5E5
:104BE00032011F72420B0011E0D340F95A109A1A99
:104BF0008E1080522E010E6A8100005464011A4BFF
:104C00009F0000716C1A0054A1010034E19B41B96E
:104C1000E27F059100040091820300F92104001154
:104C2000220080D2820700F99C430091E19B01B9E8
:104C3000E0D300F93F1C00714C3E0054B201003437
:104C4000E19B41B9E283059100080091820300F9DC
:104C500021040011420080D2820700F99C43009198
:104C6000E19B01B9E0D300F93F1C00710C730054C3
:104C7000DF010271E0290054E700174BFF000071CB
:104C80000C050054290E4037E19B41B9EC7E40935E
:104C900000000C8B9B3300A921040011E19B01B99A
:104CA000E0D300F93F1C00714C2200549C4300915A
:104CB0008900103677011A4BFF0200710C73005403
:104CC000E17740B97F011A6B63A19A1A2100030BA7
:104CD000E17700B9002300B5FF9B01B9D90000B40A
:104CE000E10319AAE00313AAEA4700F97DFCFF9744
:104CF000EA4740F9FC0316AA4BFFFF1700C1005119
:104D000018008052481740380B0B180B18040B0B77
:104D100000C100511F24007169FFFF5499FFFF1764
:104D2000440000D0E19B41B984802891FF4000718C
:104D30008D050054E2031CAA0D0280D2FC030AAACE
:104D4000E9BB00B9E8C300B9EBCB00B9F7D300B9B0
:104D5000F703072AF8DB00B9F80304AA04000014DB
:104D6000F7420051FF420071AD0200540040009133
:104D700021040011583400A942400091E19B01B97F
:104D8000E0D300F93F1C0071CDFEFF54E2430691D1
:104D9000E10315AAE00313AA0A0C0094A01D003534
:104DA000F7420051E19B41B9E0D340F9E20316AA72
:104DB0000D0280D2FF420071ACFDFF54E703172AB9
:104DC000E40318AAE9BB40B9EA031CAAE8C340B946
:104DD000FC0302AAEBCB40B9F7D340B9F8DB40B9EA
:104DE000E77C4093210400110000078B841F00A979
:104DF0009C430091E19B01B9E0D300F93F1C007195
:104E00002DF4FF54E2430691E10315AAE00313AA2F
:104E1000E9BB00B9E8C300B9EBCB00B9EA6B00F914
:104E2000E80B009460190035E9BB40B9FC0316AAF1
:104E3000EA6B40F9E0D340F9E8C340B9EBCB40B9A5
:104E400049F247361F2003D51F9501712D250054C7
:104E50000821601E01100054E19B41B9000400913B
:104E600042000090240080D242A00791210400114A
:104E7000821300A99C430091E19B01B9E0D300F9A2
:104E80003F1C00718CB00054E29740B9E16B41B90E
:104E90003F00026BAA7B0054E28F4AA9830B00A952
:104EA000E19B41B99C43009121040011E19B01B9B0
:104EB0000000028BE0D300F93F1C0071EC88005425
:104EC000E19740B937040051FF0200712DEFFF5404
:104ED000440000D0E19B41B984802891FF420071D9
:104EE0004DBC0054E2031CAAF80304AAFC030AAA5E
:104EF0001B0280D2E98B00B9EB9B00B904000014BF
:104F0000F7420051FF4200716DBA00540040009119
:104F100021040011586C00A942400091E19B01B9A5
:104F2000E0D300F93F1C0071CDFEFF54E24306912F
:104F3000E10315AAE00313AAA20B0094A010003508
:104F4000E0D340F9E20316AAE19B41B9EDFFFF1758
:104F50004D0000D0E19B41B9ADC128919F40007147
:104F60004D060054E2031CAA0F0280D2FC030AAAD9
:104F7000F2BB00B9EEC300B9E9CB00B9E8D300B980
:104F8000EBDB00B9E71301B9F71B01B9F703042AFA
:104F9000F82301B9F8030DAA04000014F7420051E8
:104FA000FF420071AD020054004000912104001145
:104FB000583C00A942400091E19B01B9E0D300F9BF
:104FC0003F1C0071CDFEFF54E2430691E10315AA98
:104FD000E00313AA7B0B0094C00B0035F74200518D
:104FE000E19B41B9E0D340F9E20316AA0F0280D257
:104FF000FF420071ACFDFF54E403172AED0318AA29
:10500000F2BB40B9EA031CAAEEC340B9FC0302AAF2
:10501000E9CB40B9E8D340B9EBDB40B9E71341B97C
:10502000F71B41B9F82341B9847C40932104001156
:105030000000048B8D1300A9E19B01B9E0D300F9B6
:105040003F1C0071AC920054E17F45399C430091B4
:10505000EEFEFF17E26B41B95F0000714C5E005439
:10506000E19B41B900040091240000F0270080D2A8
:1050700084A0079121040011841F00A99C43009182
:10508000E19B01B9E0D300F93F1C0071CC0701544A
:10509000E19740B92100022A61D70034E3934AA97D
:1050A000840F00A9E19B41B98643009121040011BE
:1050B000E19B01B96000008BE0D300F93F1C007157
:1050C0008CD70054421EF937E29780B921040011B1
:1050D000DB0800A9DC4000914000008BE19B01B996
:1050E000E0D300F93F1C00714DDEFF541F2003D5B3
:1050F000E2430691E10315AAE00313AAE98B00B984
:10510000EB9B00B9EA5F00F92E0B009420020035FA
:10511000EA5F40F9FC0316AAE0D340F9E98B40B9F5
:10512000EB9B40B9E3FEFF1748034039F7021C32FE
:1051300093FEFF17E2430691E10315AAE00313AAC9
:10514000EA4700F91F0B0094EA4740F960DCFF349E
:10515000E10319AA610000B4E00313AA61FBFF9701
:10516000A022C079A1B240B981170036F96B44A9D9
:10517000FB7345A9E827466DE0173137FD7B40A951
:10518000F35341A9F55B42A9F76343A9E07740B91E
:10519000FF430A91C0035FD6FA03002AE00218CB4E
:1051A000EA0318AAFB03002A60CDFF345BFEFF1759
:1051B0006D011A4BBF0100710DD6FF54440000B0C1
:1051C000E19B41B984802891BF410071CD05005415
:1051D000E2031CAA0E0280D2FC030AAAE9BB00B9B2
:1051E000E8C300B9EBCB00B9E7D300B9F7DB00B9EE
:1051F000F7030D2AF81301B9F80304AA04000014F8
:10520000F7420051FF420071AD020054004000918E
:1052100021040011583800A942400091E19B01B9D6
:10522000E0D300F93F1C0071CDFEFF54E24306912C
:10523000E10315AAE00313AAE20A0094A0F8FF35DF
:10524000F7420051E19B41B9E0D340F9E20316AACD
:105250000E0280D2FF420071ACFDFF54ED03172A0D
:10526000E40318AAE9BB40B9EA031CAAE8C340B9A1
:10527000FC0302AAEBCB40B9E7D340B9F7DB40B956
:10528000F81341B9AD7D40932104001100000D8B4E
:10529000843700A99C430091E19B01B9E0D300F958
:1052A0003F1C0071ADCEFF54E2430691E10315AA05
:1052B000E00313AAE9BB00B9E8C300B9EBCB00B91E
:1052C000E7D300B9EA6F00F9BE0A009420F4FF3575
:1052D000EA6F40F9FC0316AAE0D340F9E9BB40B9F4
:1052E000E8C340B9EBCB40B9E7D340B963FEFF1741
:1052F000E19B41B900040091E39740B982430091DA
:10530000210400117F0400718D110054240080D20B
:105310009B1300A9E19B01B9E0D300F93F1C007188
:105320008C520054E3934AA921040011440C00A9B3
:1053300042400091E19B01B90000038BE0D300F9EA
:105340003F1C00714C5300540821601EE39740B984
:1053500077040051E0110054F77E409321040011BE
:105360000000178BE19B01B9E0D300F965070091BC
:10537000450000F9570400F93F1C00710C6100540E
:1053800042400091E4F380B921040011E5C3059186
:10539000451000A98000008BE19B01B95C400091A1
:1053A000E0D300F93F1C00714DC8FF54E243069161
:1053B000E10315AAE00313AAE98B00B9EB9B00B93E
:1053C000EA5F00F97F0A009440ECFF35EA5F40F99C
:1053D000FC0316AAE0D340F9E98B40B9EB9B40B936
:1053E00034FEFF17E2430691E10315AAE00313AA76
:1053F000740A009460EBFF35FC0316AAD2FDFF1778
:10540000E2430691E10315AAE00313AAF2BB00B937
:10541000EEC300B9E9CB00B9E8D300B9EBDB00B9C2
:10542000E71301B9EA8F00F9660A009420E9FF3515
:10543000EA8F40F9FC0316AAE0D340F9F2BB40B969
:10544000EEC340B9E9CB40B9E8D340B9EBDB40B992
:10545000E71341B9FAFDFF17A0E84F37A05240F912
:10546000A40A0094A022C07941FFFF17E0F740B9D9
:10547000E903172AEB03182AE703192AEA031AAAF1
:10548000894C183600D2F837E03F40F9003C0091D3
:1054900000EC7C9201400091E13F00F90000C03D2A
:1054A000E98B00B9E89B00B9EBBB00B9E7C300B9D1
:1054B000EA6700F91B150094EA6740F90840601E8E
:1054C000E98B40B9E89B40B9EBBB40B9E7C340B9B1
:1054D00000C1601E0002F0920100679E0020611E64
:1054E0000D7100541821601E64CE0054E17F4539CF
:1054F000200000F0250000F01F1D01710040069102
:10550000A5600691FF8B00B97A008052FF9B00B91D
:1055100029791812BBC0809AF7031A2A190080D281
:105520000700805218008052C1B5FF341F2003D5F8
:105530005A070011ABFDFF17A9EE0737240080D2F0
:105540009B1300A9E19B01B9E0D300F93F1C007156
:10555000ADF1FF54E2430691E10315AAE00313AA5B
:10556000E98B00B9EB9B00B9EA5F00F9150A0094DA
:1055700000DFFF35EA5F40F9E20316AAE0D340F905
:10558000E98B40B9EB9B40B9E19B41B97EFFFF1726
:10559000E39740B97F0400716DEFFF54440000B001
:1055A000848028917F4400718D4E0054FC030B2AA7
:1055B000F80304AA1B0280D2E98B00B9EA4F00F974
:1055C00004000014F7420051FF420071ED4C0054FA
:1055D0000040009121040011586C00A94240009144
:1055E000E19B01B9E0D300F93F1C0071CDFEFF54EF
:1055F000E2430691E10315AAE00313AAF10900941E
:1056000080DAFF35E0D340F9E20316AAE19B41B905
:10561000EDFFFF17E903172AEB03182AEA031AAA7A
:105620001F0D0171E0540054C9542037E09340B974
:10563000E0E1F837E03F40F9012C009121F07D9244
:10564000E13F00F9000040B93A008052F8A306910A
:10565000F7031A2AE0A30639FB0318AA01008052B7
:10566000190080D20700805218008052FF8B00B9C9
:10567000FF9B00B9FF7F05395AFDFF17E09340B942
:10568000E903172AEB03182AE703192AEA031AAADF
:105690006044F837E03F40F9013C009121F07D92F1
:1056A000E13F00F91B0040F9FF7F05391B8400B47E
:1056B0001F4D0171C070005438011C1289702037D1
:1056C00047B2F837E27C4093E0031BAA0100805206
:1056D000E78B00B9E99B00B9EBBB00B9EA6300F9BD
:1056E000580A0094EA6340F9F90300AAE78B40B92D
:1056F000E99B40B9EBBB40B9401001B4E17F4539AB
:1057000003001BCBFF8B00B97F000071FF9B00B92A
:10571000F703032A7AA09F1A07008052190080D24B
:10572000680E8052E1A5FF3482FFFF17F803184B83
:10573000E03F00F948034039F7021E3210FDFF1721
:10574000E1031AAA281440381FA90071C01C015493
:1057500000C10051FA0301AA0700805219008052CB
:105760001F240071E8A0FF5428144038E708070BF5
:105770000704070B00C100511F24007169FFFF548B
:10578000FF000071FA0301AAF9A09F5AFDFCFF1760
:105790006005805248034039E07F0539F8FCFF1767
:1057A000E09340B9003DF837E03F40F9002C00910C
:1057B00000F07D92E13F40F9380040B998FBFF3797
:1057C00048034039E03F00F9EDFCFF17E00313AA5E
:1057D00058F5FF97000440F9E07700F9E9F2FF97E8
:1057E000E10300AAFB0301AAE00313AAE18300F985
:1057F00050F5FF97000840F9E07F00F97F0300F1C2
:10580000041840FA2034005401004039E0021632F6
:10581000480340393F0000711710971AD8FCFF1752
:1058200048034039F7020032D5FCFF17E07F4539C5
:1058300048034039409AFF3500048052E07F053923
:10584000CFFCFF17EB03182AE703192AEA031AAA69
:10585000E9021C32E09340B9490028372933203649
:10586000404FF837E03F40F9013C009121F07D9234
:10587000E13F00F9000040F93A7915120100805229
:1058800002008052E27F0539270EF8371F0000F131
:10589000497B1812E008407A810D0054810C0035D4
:1058A00057030012BA1B0036FB2F089100068052E6
:1058B00007008052E02F0839E17F4539FF00176B60
:1058C000FF8B00B9FAA0971AFF9B00B9190080D28C
:1058D000180080526198FF3416FFFF1748034039C3
:1058E000F7021D32A6FCFF17EA031AAAEB03182AD7
:1058F000E703192AFA021C32E09340B95A0028370C
:105900007A292036E048F837E03F40F9013C009121
:1059100021F07D92E13F00F9000040F92100805222
:10592000D8FFFF17480340391FB1017120370054D9
:10593000F7021C3292FCFF17480340391FA1017186
:1059400000370054F7021A328DFCFF174803403924
:10595000F7021B328AFCFF17E09340B9E903172ACC
:10596000EB03182AE703192AEA031AAA402CF8378E
:10597000E03F40F9013C009121F07D92E13F00F9C8
:10598000000040F902068F52230000F03A011F3256
:1059900063C0069141008052080F8052E37300F902
:1059A000E2C30279B7FFFF17E09340B9E903172A72
:1059B000EA031AAAE9262836406DF837E03F40F995
:1059C000013C009121F07D92E13F00F9000040F997
:1059D000E17780B9010000F913FCFF17EB03182AE7
:1059E000E703192AEA031AAAE9021C32E09340B934
:1059F00049002837E9222036C043F837E03F40F914
:105A0000013C009121F07D92E13F00F9010040F955
:105A1000E00301AA0123F8B7E70EF8371F0000F1F1
:105A200029791812E008407A610E0054FB3308917E
:105A30000700805217008052A0FFFF17480340392B
:105A4000F70219324EFCFF17FA03092A3F040071CE
:105A5000400D0054F7330891FB0317AA3F0800716B
:105A600041010054E27340F9010C409200FC44D320
:105A70004168613861FF1F3880FFFFB5F7021B4B9B
:105A8000E9031A2A8DFFFF1701080012E2031BAA7F
:105A900021C0001161FF1F3800FC43D360FFFFB538
:105AA0003FC00071E0079F1A5F03006A80FEFF5449
:105AB000420800D100068052E9031A2AF702024B7D
:105AC00060F31F38FB0302AA7CFFFF17E243069135
:105AD000E10315AAE00313AAEEBB00B9E9C300B9BC
:105AE000E8CB00B9EBD300B9E7DB00B9EA8B00F9EA
:105AF000B4080094E0B2FF35EA8B40F9FC0316AA23
:105B0000E0D340F9EEBB40B9E9C340B9E8CB40B9B6
:105B1000EBD340B9E7DB40B956FCFF174D0000B0AE
:105B2000E19B41B9ADC12891FF420071ED030054E2
:105B3000F8030DAA1B0280D2EB8B00B9EA4F00F9E3
:105B400004000014F7420051FF4200718D0200541E
:105B50000040009121040011986F00A99C4300911E
:105B6000E19B01B9E0D300F93F1C0071CDFEFF5469
:105B7000E2430691E10315AAE00313AA91080094F9
:105B800080AEFF35F7420051E19B41B9E0D340F9C7
:105B9000FC0316AAFF420071CCFDFF54EA4F40F906
:105BA000ED0318AAEB8B40B9F77E40932104001156
:105BB0000000178B8D5F00A9E19B01B9E0D300F9CC
:105BC0003F1C0071ED87FF54E2430691E10315AAE3
:105BD000E00313AAEB8B00B9EA4F00F979080094AF
:105BE00080ABFF35EA4F40F9E0D340F9EB8B40B989
:105BF00034FCFF17FA03092A1F2400F1A8540054AB
:105C000000C00011E9031A2AFB2F089137008052C7
:105C1000E02F083929FFFF17FB3308910700805256
:105C200026FFFF17E19740B91F03016B17D3811AB5
:105C30002C7C4093FF0200716D010054E19B41B93F
:105C4000E27E40930000028B9B0B00A9210400110F
:105C5000E19B01B99C430091E0D300F93F1C007126
:105C6000CCB30054FF020071E4A29F1A1703044B47
:105C7000FF0200714C59005468C3388B09955037A6
:105C8000E19740B9F76B41B9FF02016B6B260054F5
:105C900049260037E19740B97B030C8B7B0308CB87
:105CA0003700174BFF021B6BFBB29B1A7F0300717F
:105CB0006D010054E19B41B9627F40930000028B6B
:105CC000880B00A921040011E19B01B99C430091BC
:105CD000E0D300F93F1C0071ECB600547F03007163
:105CE0007BA39F1AF7021B4BFF0200712D7EFF540E
:105CF000440000B0E19B41B984802891FF420071CB
:105D00004D4B0054E2031CAAF80304AAFC030AAAA0
:105D10001B0280D2E98B00B9EB9B00B90400001490
:105D2000F7420051FF4200716D490054004000915C
:105D300021040011586C00A942400091E19B01B977
:105D4000E0D300F93F1C0071CDFEFF54E243069101
:105D5000E10315AAE00313AA1A080094A09FFF35D7
:105D6000E0D340F9E20316AAE19B41B9EDFFFF172A
:105D7000E2430691E10315AAE00313AAE98B00B9F7
:105D8000EB9B00B9EA5F00F90E080094209EFF35F6
:105D9000EA5F40F9E20316AAE0D340F9E98B40B983
:105DA000EB9B40B9E19B41B95FFDFF17E2430691D0
:105DB000E10315AAE00313AAE98B00B9EB9B00B934
:105DC000EA5F00F9FF070094409CFF350821601E40
:105DD000E39740B9EA5F40F9E20316AAE0D340F93D
:105DE00077040051E98B40B9EB9B40B9E19B41B985
:105DF00000BDFF5459FDFF17A05240F93908009427
:105E0000A022C079E7FAFF174975073623FCFF1770
:105E10000087F837E03F40F9013C0091080040FD61
:105E200021F07D92E13F00F9AAFDFF17FA4F3036CD
:105E30002079F837E03F40F9012C009121F07D9264
:105E4000E13F00F900004079210080528DFEFF17EC
:105E5000095530366072F837E03F40F9012C009167
:105E600021F07D92E13F00F900008079E10300AA72
:105E700041DDFFB6E00300CBFA03092AA2058052F8
:105E80002100805280FEFF17480340393CFBFF177A
:105E900049D92737896B3037A9BB4836E0D6F83760
:105EA000E03F40F9013C009121F07D92E13F00F993
:105EB000000040F9E1D3413901000039DAFAFF1757
:105EC000694C3036C070F837E03F40F9012C009142
:105ED00021F07D9200004079E13F00F967FEFF1755
:105EE000E903172AEB03182AE703192AEA031AAA77
:105EF000BFFEFF17E09340B9012000113F00007181
:105F00002D9E0054E03F40F9E19300B9023C00911E
:105F100041F07D92E13F00F99AFEFF17E09340B90E
:105F2000012000113F0000714D9C0054E03F40F9FA
:105F3000E19300B9023C009141F07D92E13F00F90C
:105F4000D9FDFF17E09340B9012000113F00007117
:105F50002D9A0054E03F40F9E19300B9002C0091E4
:105F600000F07D9214FEFF17EA4F40F9EB031C2A64
:105F7000E98B40B9E40318AAF77E4093210400118D
:105F80000000178BE19B01B9E0D300F9440000F950
:105F9000570400F93F1C00714D9FFF54E2430691E6
:105FA000E10315AAE00313AAE98B00B9EB9B00B942
:105FB000EA5F00F983070094C08CFF35EA5F40F97F
:105FC000E20316AAE0D340F9E98B40B9EB9B40B954
:105FD000E19B41B9ECFCFF17E2430691E10315AAEE
:105FE000E00313AAE98B00B9EB9B00B9EA5F00F963
:105FF00074070094E08AFF35EA5F40F9FC0316AAB3
:10600000E0D340F9E98B40B9EB9B40B9ADFBFF17FA
:1060100048074039F7021B325A070091D8FAFF1798
:1060200048074039F70217325A070091D4FAFF1790
:10603000EA031AAAEB03182AE703192AFA03172A14
:106040002EFEFF17E903172AEB03182AE703192A84
:10605000EA031AAA200000D000200791E07300F99B
:10606000E09340B9090B2837E90A20374941303617
:106070006068F837E03F40F9012C009121F07D92F3
:1060800000004079E13F00F955000014200000D0E5
:10609000E903172A00C00691EB03182AE703192A1F
:1060A000EA031AAAE07300F9EEFFFF17E903172AC3
:1060B000EB03182AE703192AEA031AAAE6FDFF17D9
:1060C000E0230691020180D201008052E98B00B9E1
:1060D000E89B00B9EBBB00B9EA6300F9A9F5FF97AB
:1060E000E09340B9EA6340F9E98B40B9E89B40B9D5
:1060F000EBBB40B9A03EF837E03F40F9012C0091DE
:1061000021F07D92E13F00F9020040B9F8A3069129
:10611000E3230691E10318AAE00313AAE98B00B96F
:10612000E89B00B9EBBB00B9EA6300F941070094B2
:10613000EA6340F9F703002AE98B40B91F040031F4
:10614000E89B40B9EBBB40B9A0C900541F000071E7
:106150001AA09F1A41FDFF17E28F4AA9830B00A9DD
:10616000E19B41B99C43009121040011E19B01B9DD
:106170000000028BE0D300F93F1C0071CDD8FF5422
:10618000E2430691E10315AAE00313AAEC4700F9E4
:10619000E99B00B9EBBB00B9E82B0CA909070094F7
:1061A000807DFF35EC4740F9FC0316AAE82B4CA98B
:1061B000E0D340F9E99B40B9EBBB40B9F76B41B97B
:1061C000B5FEFF17A001F837E03F40F9013C009110
:1061D00021F07D92E13F00F9000040F91F0000F13D
:1061E000E1079F1A3F01016AC11400543A79151260
:1061F00041008052A3FDFF17E09340B90120001138
:106200003F0000718D380054E03F40F9E19300B940
:10621000023C009141F07D92E13F00F9EFFFFF1752
:10622000E09340B9012000113F000071AD320054ED
:10623000E03F40F9E19300B9023C009141F07D92CA
:10624000E13F00F9B5FDFF17E09340B901200011CF
:106250003F0000710D330054E03F40F9E19300B975
:10626000023C009141F07D92E13F00F982FDFF1771
:10627000E09340B9012000113F0000718D2F0054C0
:10628000E03F40F9E19300B9023C009141F07D927A
:10629000E13F00F9DEFDFF17E2430691E10315AA95
:1062A000E00313AAF2BB00B9EEC300B9E9CB00B911
:1062B000E8D300B9EBDB00B9E71301B9EA8F00F9C5
:1062C000C00600946074FF35EA8F40F9FC0316AAFB
:1062D000E0D340F9E17F4539F2BB40B9EEC340B9A4
:1062E000E9CB40B9E8D340B9EBDB40B9E71341B99A
:1062F00046FAFF17E00313AAFAF4FF97A5F9FF1770
:106300000021681EE69C005417791A12FF060171DD
:10631000C1300054010F80521F850171000B805263
:106320000010811A01068052E1830539E0870539A2
:10633000FBA30691190080D2FF8C0171EC5400542C
:106340000001669E00FC60D32054F8360041611EB7
:10635000A0058052E0BB00B9E0A30591E98B00B92C
:10636000E8AF1229EA6300F9E7F300B901100094DD
:106370000110681EE98B40B9EA6340F90108611E0B
:10638000E8AF5229E7F340B92820601E61000054AD
:1063900020008052E06B01B9E303072A1F850171D9
:1063A00063040091200000D0220000D000C00691BC
:1063B000422007916303038B4210809A0210661EED
:1063C000E0031BAA030000142820601E209900543B
:1063D0002108621EEC0300AA2100781E2000621E24
:1063E00044C86138041400382138601E7F0000EB77
:1063F000C1FEFF5400106C1E3020601E8C00005443
:106400002020601EA102005481020036ECC700F972
:10641000E10300AA443C403903F05F387F00046B7D
:10642000210100540706805227F01F38E1C740F9C8
:10643000230400D1E3C700F923F05F389F00036B0A
:1064400040FFFF5464040011841C00127FE40071BB
:10645000804E005424F01F38F86B41B900001B4BEC
:10646000013D001129011F32211C0012220080521F
:10647000E09700B900070051E06B01B96701001413
:106480000106805229011F32E1830539E887053969
:1064900057FFFF17E2430691E10315AAE00313AA91
:1064A000E98B00B9EB9B00B9EA5F00F9450600945F
:1064B0000065FF35EA5F40F9FC0316AAE0D340F916
:1064C000E98B40B9EB9B40B970FAFF17E0030691E6
:1064D000020180D201008052E98B00B9E89B00B92B
:1064E000EBBB00B9E7C300B9EA6700F9FBC700F9E5
:1064F000A4F4FF97E7C340B9EA6740F9E98B40B9D4
:10650000E89B40B9EBBB40B9074BF837180080D285
:1065100017008052FA03082AF903072AF54700F901
:10652000F503172AF70318AAF8030AAAE99B00B98A
:10653000EBBB00B90D000014E3030691E1A3069143
:10654000E00313AA3B0600941F0400312085005489
:10655000A002000B1F00196BEC000054F712009111
:1065600020930054F503002AE0C740F9026877B889
:1065700042FEFF35F703152AE99B40B9F54740F97C
:10658000E8031A2AEBBB40B9EA0318AAF763003400
:10659000FF8E01716D770054E1060011E00313AA2C
:1065A000E98B00B9217C4093E89B00B9EBBB00B9B3
:1065B000EA6300F9DBEFFF97EA6340F9FB0300AA07
:1065C000E98B40B9E89B40B9EBBB40B900B000B4DF
:1065D000F90300AA020180D201008052E003069173
:1065E000E98B00B9E89B00B9EBBB00B9EA6300F99D
:1065F00064F4FF97E07E4093E4030691F80300AA59
:10660000E30300AAE2230691E1031BAAE00313AA15
:10661000800A0094EA6340F91F0300EBE98B40B95C
:10662000E89B40B9EBBB40B981AC00547FCB373815
:10663000FF020071FF8B00B9FAA29F1AE17F453972
:1066400007008052FF9B00B918008052A12CFF3434
:10665000B8FBFF17E98B40B9EA031CAAEB9B40B9D2
:10666000FC0302AAE40318AAF77E40932104001158
:106670000000178BE19B01B9E0D300F9845F00A90A
:106680003F1C00716C53FF549C43009189F9FF1724
:10669000F733089143031612F8E702B2E20317AA90
:1066A000E40317AA05008052F70313AAB89999F2D8
:1066B000F303032AE30315AAF57F40F9070000144A
:1066C000197CD89B39FF43D31F2400F149020054A1
:1066D000E00319AAE2031BAA197CD89BA5040011A8
:1066E0005B0400D139FF43D3210B198B010401CB8B
:1066F00021C0001141F01F3853FEFF34A102403980
:106700003FFC03712010457AC1FDFF541F2400F1A6
:1067100068620054F30317AAF70304AAE59700B9C7
:10672000F57F00F9F50303AAD5FCFF17FF180071E8
:10673000C3008052FA90831A250000D0F7031A2A6A
:10674000BB800791190080D201008052070080525F
:1067500018008052FF8B00B9FF9B00B921F9FF1789
:10676000E09340B9012000113F0000712D24005436
:10677000E03F40F9E19300B9023C009141F07D9285
:10678000E13F00F992FCFF17E0D340F9E03000B59B
:10679000A022C079FF9B01B973FAFF174400009053
:1067A000E19B41B984802891FF420071AD1B0054E8
:1067B000E2031CAA080280D2FC030AAAEC5F00F9DB
:1067C000E9C300B9EBCB00B9F8D300B9F80304AAC8
:1067D00004000014F7420051FF4200714D190054AB
:1067E0000040009121040011582000A9424000916E
:1067F000E19B01B9E0D300F93F1C0071CDFEFF54CD
:10680000E2430691E10315AAE00313AA6D05009483
:10681000004AFF35E0D340F9E20316AAE19B41B9F3
:10682000080280D2ECFFFF17FA2048364080F83784
:10683000E03F40F9012C009121F07D92E13F00F909
:1068400000004039210080520EFCFF17C920483655
:10685000807CF837E03F40F9012C009121F07D92D7
:1068600000004039E13F00F904FCFF17E25340F912
:10687000E09340B9E19300B940C0208B64FCFF175E
:10688000E25340F9E09340B9E19300B940C0208B56
:1068900022FCFF17A91C4836E06EF837E03F40F9AC
:1068A000012C009121F07D9200004039E13F00F978
:1068B0004BFEFF17E25340F9E09340B9E19300B972
:1068C00040C0208BECFBFF17E09340B90120001182
:1068D0003F000071AD1F0054E03F40F9E19300B963
:1068E000022C009141F07D92E13F00F907FEFF1775
:1068F000891C4836C07DF837E03F40F9012C0091F3
:1069000021F07D92E13F00F900008039E10300AA07
:1069100041FCFF17E25340F9E09340B9E19300B91D
:1069200040C0208B2DFEFF17FF040031602700546C
:10693000FF1E0171E008407AE7149F1A0001669E6D
:106940003901183200FC60D3E079F8370941601E44
:10695000FFBB00B9E9A312292041601EEBC300B9B7
:10696000EA6700F9FF1A0171C1420054E203072AE5
:1069700061008052E5230691E4030691E3A30591AB
:10698000E00313AAE78B00B9120A0094E78B40B921
:10699000FB0300AA01004039EA6740F93FC00071DB
:1069A000E9A3522900C0278BEBC340B940520054E1
:1069B000E16B41B901C0218B2821601E604F00545A
:1069C000E0C740F9030680523F0000EBE9000054A5
:1069D00002040091E2C700F903000039E0C740F962
:1069E0003F0000EB68FFFF54F86B41B900001BCB80
:1069F000E09700B9FF1E017100220054000700510A
:106A0000FF1A017140500054011D00120200805213
:106A1000190080D2E06B01B9E1C3053961058052EC
:106A20008000F836200080520000184BA1058052EB
:106A3000E1C705391F240071CD5B0054EC3F06917E
:106A4000AD999952E4030CAA8D99B972027CAD9B61
:106A5000E30304AAE503002A840400D142FC63D3C3
:106A60004108020B0104014BE003022A21C000117E
:106A700061F01F38BF8C0171ACFEFF5440C00011A3
:106A800080F01F38600800D11F000CEB827E00549C
:106A9000E1CB059102144038221400381F000CEBA2
:106AA000A1FFFF54E0430A91030003CB60F40351BC
:106AB000E0F300B9E09740B9E1F340B91700010BEA
:106AC0001F0400716D5B0054E0AB40B9F702000B8E
:106AD00029791512FF02007129011832FAA29F1AB2
:106AE00018008052FF8B00B9FF9B00B9E0BB40B992
:106AF000001B0035E17F4539070080522107FF3434
:106B00008CFAFF17EC5F40F9E40318AAE9C340B917
:106B1000EA031CAAEBCB40B9FC0302AAF8D340B9A4
:106B2000E77E4093210400110000078B841F00A919
:106B30009C430091E19B01B9E0D300F93F1C007137
:106B4000CD89FF54E2430691E10315AAE00313AA9D
:106B5000EC5F00F9E9C300B9EBCB00B9EA6B00F9CF
:106B600098040094602FFF35EC5F40F9FC0316AAEF
:106B7000EA6B40F9E0D340F9E9C340B9EBCB40B947
:106B80003EFCFF1769090736E28F4AA9830B00A96B
:106B9000E19B41B98643009121040011E19B01B9B9
:106BA0004000008BE0D300F93F1C0071ED28FF543A
:106BB000E2430691E10315AAE00313AAE98B00B9A9
:106BC000EB9B00B9EA5F00F97E040094202CFF35AE
:106BD000EA5F40F9E60316AAE0D340F9E98B40B931
:106BE000EB9B40B9E26B41B9E19B41B936F9FF1724
:106BF000E25340F9E09340B9E19300B940C0208BE3
:106C000073FBFF17C062F837E03F40F9013C009189
:106C100021F07D92E13F00F9000040F9E1EB40797D
:106C20000100007980F7FF17E067F837E03F40F98F
:106C3000012C009121F07D92000040B9E13F00F964
:106C400067FDFF174050F837E03F40F9012C0091F5
:106C500021F07D92E13F00F9000040B9210080520F
:106C600008FBFF178063F837E03F40F9012C0091E3
:106C700021F07D92000040B9E13F00F9FFFAFF17D3
:106C8000605CF837E03F40F9012C009121F07D92E3
:106C9000E13F00F9000080B9E10300AA5EFBFF17A5
:106CA000E09340B9012000113F0000718D51005464
:106CB000E03F40F9E19300B9022C009141F07D9250
:106CC000E13F00F969FCFF17E25340F9E09340B956
:106CD000E19300B940C0208B0CFDFF17E09340B951
:106CE000012000113F0000716D5D0054E03F40F94C
:106CF000E19300B9022C009141F07D9200004079AF
:106D0000E13F00F9DDFAFF17E0031BAAE9BB00B978
:106D1000EBC300B9190080D2EA6700F999EDFF973B
:106D2000E17F45391F000071FF8B00B9F703002A8E
:106D3000FF9B00B91AA09F1AEA6740F9070080522A
:106D4000E9BB40B9680E8052EBC340B9A1F4FE34F0
:106D5000F8F9FF17E09340B9012000113F000071DE
:106D6000CD4D0054E03F40F9E19300B9022C009171
:106D700041F07D92E13F00F933FCFF17E09340B909
:106D8000012000113F000071ED490054E03F40F93F
:106D9000E19300B9022C009141F07D92000040790E
:106DA000E13F00F90EFDFF17E00313AAE24306914D
:106DB000E10315AA03040094C0CEFF34E9F8FF17DD
:106DC000A05240F94B04009439F7FF170041601EB0
:106DD000FFBB00B961FDFF17E1040011E00313AA36
:106DE000E78B00B9217C4093E9A31229EA5F00F9FF
:106DF000EBF300B9CBEDFF97EA5F40F9FB0300AA84
:106E0000E78B40B9E9A35229EBF340B9806300B4A2
:106E1000F90300AA4BFDFF17C7008052C8FEFF17F9
:106E2000442840398CFDFF17E0C740F9F86B41B9A1
:106E300000001BCBE09700B91F03076B01DB433A4F
:106E4000EA1700540809005100070051EFFEFF1730
:106E5000A00580525A070011A105805207008052F8
:106E6000E07F05395FF7FF17E4030691E2230691FF
:106E7000E00313AA030080D2010080D2E98B00B99D
:106E8000E89B00B9EBBB00B9EA6300F96108009424
:106E9000EA6340F9F703002AE98B40B91F04003187
:106EA000E89B40B9EBBB40B920690054FBC700F92F
:106EB000B7FDFF17A0058052A1058052E07F05397C
:106EC0008CF9FF17E0F740B9014000113F00007155
:106ED0006D380054E03F40F9E1F700B9003C009103
:106EE00000EC7C9201400091E13F00F96CF9FF1742
:106EF000E0F740B9014000113F000071ED3400544B
:106F0000E03F40F9E1F700B9023C0091080040FD84
:106F100041F07D92E13F00F96EF9FF17E18B40B936
:106F20003F000071E19B40B920D8407A0D660054C3
:106F30006D030C8BE2031CAA44000090FC03012AA1
:106F400084802891F8030DAA170280D2F34F00F92C
:106F5000F95F00F9F90308AAEC6F00F9E91301B928
:106F6000FB8F00F9EB2301B9FA2701B9FBEB4FA91D
:106F7000EA9700F9280000149C070051E19B41B9F1
:106F800000001A8BE37740F921040011436800A93F
:106F900042400091E19B01B9E0D300F93F1C007130
:106FA0006C08005461034039050319CBE30318AAA8
:106FB0003F00056B33B0851A7F0200718D010054CC
:106FC000E19B41B96A7E409300000A8B592800A9D1
:106FD00021040011E19B01B9E0D300F93F1C0071CD
:106FE0004C09005461034039424000917F02007116
:106FF00065A29F1A3300054B7F020071AC0100545B
:10700000E58B40B93903218BBF00007180DB407AEA
:107010008D4D00549F0300710CFBFF54E18B40B970
:107020007B0700D121040051E18B00B9D4FFFF1789
:107030002A0000F0E19B41B94A8128917F4200710A
:10704000ED040054E3130CA9F86B00F9F84F40F974
:1070500004000014734200517F420071CD030054BC
:107060000040009121040011445C00A942400091BD
:10707000E19B01B9E0D300F93F1C0071CDFEFF5444
:10708000E2430691E10315AAE00318AA4D03009418
:10709000E0150035E0D340F9230000F0E19B41B951
:1070A000E20316AA64802891EBFFFF17E04F40F936
:1070B000E2430691E10315AA4203009420560035ED
:1070C000E0D340F9210000F0E20316AA24802891C1
:1070D000B5FFFF17E32B4CA9F86B40F9657E409391
:1070E000210400110000058B4A1400A9E19B01B99D
:1070F000E0D300F93F1C00710C11005461034039CA
:1071000042400091BFFFFF17E04F40F9E243069174
:10711000E10315AAF86300F92A030094205300350F
:10712000E36340F9240000F0E0D340F9E20316AA3B
:107130006103403984802891ADFFFF17E19740B982
:107140001F03016BAB170054E0AB40B93F0140F2A5
:107150000C03000B9711981A690050361F03007139
:107160000C2F0054FF020071E80C8052FAA29F1A03
:10717000E903192A190080D2FF8B00B9FF9B00B9DF
:107180005BFEFF17E2430691E10315AAE00313AA91
:10719000E98B00B9EB9B00B9EA5F00F909030094A1
:1071A00080FDFE35EA5F40F9FC0316AAE0D340F902
:1071B000E98B40B9EB9B40B9E26B41B9B5F7FF17DA
:1071C000FF16017141030054F80400114100805280
:1071D000E203182AE5230691E4030691E3A305914F
:1071E000E00313AAE78B00B9FA070094FB0300AA97
:1071F000EA6740F901C0388BE78B40B9E9A352290F
:10720000EBC340B9EDFDFF17E17F45391A0080520D
:10721000FF8B00B907008052FF9B00B91800805215
:10722000190080D2E1CDFE34C2F8FF17E203072A2D
:10723000E5230691E4030691E3A30591E00313AA75
:1072400041008052E78B00B9E2070094E9A352297C
:10725000FB0300AAEA6740F9E78B40B9EBC340B9EA
:1072600049DE073661C3278BD4FDFF17E09340B991
:10727000012000113F0000710D1E0054E03F40F955
:10728000E19300B9022C009141F07D92E13F00F9B9
:10729000EDF8FF17E25340F9E09340B9E19300B9EC
:1072A00042C0208BE03F40F9E23F00F942F9FF176E
:1072B000E25340F9E09340B9E19300B940C0208B1C
:1072C000F9F8FF17E25340F9E09340B9E19300B9B0
:1072D00040C0208BABF9FF17E2430691E10315AAEA
:1072E000E00313AAEC5F00F9E9C300B9EBCB00B9E6
:1072F000EA6B00F9B3020094C0F2FE35EC5F40F98E
:10730000FC0316AAEA6B40F9E0D340F9E9C340B99F
:10731000EBCB40B954FAFF17E04F40F9E243069136
:10732000E10315AAE36300F9A6020094A042003528
:10733000E36340F9240000F0E0D340F9E20316AA29
:1073400061034039848028912EFFFF17E15F40F9E7
:10735000F30318AA21F0FEB582F7FF17E17740F991
:10736000E88B00B9E08340F9EB9F1229E3AB0BA94E
:107370007B0300CBE20300AAE0031BAAE46700F949
:1073800090F3FF97A006403905008052E3AB4BA96C
:107390001F000071E46740F9B506959AE88B40B983
:1073A000EB9F5229CBFCFF17F86B41B9E00301AA10
:1073B0008FFDFF17E2430691E10315AAE00313AA2C
:1073C000E98B00B9EB9B00B9EA5F00F97D020094FC
:1073D00000ECFE35E1AF5229FC0316AAF76B41B968
:1073E000EA5F40F93700174BE0D340F9E98B40B929
:1073F0003BFAFF172821601E41310054F86B41B958
:1074000000C0388B00001B4BE09700B92001001230
:107410000000072A1F030071AD33005480180035A7
:10742000F703182AC80C8052E9185037FF02007180
:10743000FAA29F1A4FFFFF17E1AB40B9E80C805248
:107440003700000B1F0300710CFFFF54EC02184BB8
:1074500097050031FA529F1A46FFFF17A0B240B9B4
:10746000A0000037A022407960004837A05240F9C0
:10747000A002009400008012E07700B940F7FF17E7
:10748000FBA30691190080D253FCFF17240000F0E3
:10749000F703024B848028915F400031EA040054D6
:1074A000E20315AAFC03092AF503172A180280D261
:1074B000F70302AAF94700F9F90304AAEB9B00B904
:1074C000EA5F00F904000014B5420051BF420071A8
:1074D0004D0200540040009121040011D96000A920
:1074E000C6400091E19B01B9E0D300F93F1C007157
:1074F000CDFEFF54E2430691E10317AAE00313AA6D
:107500003002009460250035E0D340F9E60316AA66
:10751000E19B41B9EDFFFF17EA5F40F9E20317AACB
:10752000E40319AAEB9B40B9F94740F9F703152A80
:10753000E9031C2AF50302AAF77E409321040011F7
:107540000000178BC45C00A9C6400091E19B01B903
:10755000E0D300F93F1C00718DDBFE54E24306913D
:10756000E10315AAE00313AAE98B00B9EB9B00B96C
:10757000EA5F00F913020094C0DEFE35EA5F40F9CD
:10758000E60316AAE0D340F9E98B40B9EB9B40B97A
:10759000E19B41B9CDF6FF17E28740F9E0F740B92A
:1075A000E1F700B940C0208B080040FDC9F7FF1784
:1075B000E1CB059182000035E1CF059102068052B2
:1075C000E2CB053900C0001120140038E2C3059158
:1075D0002000024BE0F300B937FDFF17E28740F9C6
:1075E000E0F740B9E1F700B940C0208BACF7FF17D6
:1075F000F54740F9010080D2A022C07900001A327C
:10760000A0220079A1DAFEB5D6F6FF17201AF837C6
:10761000E03F40F9013C009121F07D92E13F00F90B
:10762000000040F9E17740B9010000B9FEF4FF170E
:1076300009A5073625FDFF17E25340F9E09340B94D
:10764000E19300B940C0208BFFF7FF17E09340B9EA
:10765000012000113F000071CD1E0054E03F40F9B1
:10766000E19300B9022C009141F07D92E13F00F9D5
:107670007AFDFF17E09340B9012000113F0000712F
:107680002D1E0054E03F40F9E19300B9022C009117
:1076900041F07D9200004039E13F00F9D0FAFF1738
:1076A0000001669EE017F8B7E17F4539200000B081
:1076B000250000B01F1D017100800691A5A0069154
:1076C00091F7FF17E25340F9E09340B9E19300B915
:1076D00040C0208B00004079C1FAFF17E25340F907
:1076E000E09340B9E19300B940C0208BDFF9FF1768
:1076F000E1001B0B030680522100004B2204001105
:1077000002C0228BA16AFF37031400385F0000EB30
:10771000C1FFFF5451FBFF17E25340F9E09340B91A
:10772000E19300B940C0208BC7F9FF17E0AB40B927
:10773000C80C8052EC00000B9701180B3BFFFF17A1
:10774000E80C8052E17F40F9200040391FFC0371B2
:10775000802400540300805202008052050000146F
:1077600042040011210400911FFC03712001005408
:107770001F00186BEA0000541803004B2004403926
:1077800000FFFF352000403963040011F7FFFF17A9
:10779000E28B00B9E39B00B9E17F00F9E18B40B9CE
:1077A000E903192AE09B40B9190080D20000010BBF
:1077B000E10341B9175C011BFF020071FAA29F1A95
:1077C000CBFCFF17F54740F9E8031A2AE99B40B9BB
:1077D000EA0318AAEBBB40B9F703192A6CFBFF17A1
:1077E000E09340B9012000113F0000716D16005474
:1077F000E03F40F9E19300B9022C009141F07D9205
:1078000000004039E13F00F91CF8FF17E09340B950
:10781000012000113F000071CD150054E03F40F9F8
:10782000E19300B9022C009141F07D92E13F00F913
:1078300019FDFF17E09340B9012000113F000071CE
:107840006D0E0054E03F40F9E19300B9022C009125
:1078500041F07D92E13F00F9FAFBFF17E09340B958
:10786000012000113F000071AD150054E03F40F9C8
:10787000E19300B9023C009141F07D92E13F00F9B3
:10788000E6FCFF17A00580520941611EE0BB00B96C
:1078900031FCFF17E25340F9E09340B9E19300B99E
:1078A00040C0208B00004079F4F7FF17E09340B907
:1078B000012000113F0000710D0A0054E03F40F923
:1078C000E19300B9022C009141F07D92E13F00F973
:1078D0000EFCFF17E09340B9012000113F0000713A
:1078E0008D120054E03F40F9E19300B9022C009161
:1078F00041F07D92000040B9E13F00F9DFF7FF174A
:10790000E17F4539FA03072AFF8B00B9F703072AFD
:10791000FF9B00B907008052680E80522196FE340A
:1079200004F7FF17E09340B9012000113F000071F8
:10793000CD110054E03F40F9E19300B9022C0091D1
:1079400041F07D92000040B9E13F00F924FAFF17B1
:10795000E09340B9012000113F0000716D08005410
:10796000E03F40F9E19300B9023C009141F07D9283
:10797000E13F00F92BFFFF17E09340B90120001110
:107980003F0000716D100054E03F40F9E19300B9F1
:10799000023C009141F07D92E13F00F945F9FF176B
:1079A000A0058052A1058052E07F053940FFFF17F6
:1079B000E14740F9F50317AA01BDFEB5E9F5FF1748
:1079C000F34F40F9E80319AAF95F40F9FB7F00F98A
:1079D000EC6F40F9FC0302AAFB8F40F9EA9740F9EB
:1079E000E91341B9EB2341B9FA2741B91F0103EB70
:1079F0000891839AA3F8FF17E25340F9E09340B946
:107A0000E19300B940C0208BC0FBFF17E25340F95F
:107A1000E09340B9E19300B940C0208B89FBFF1788
:107A2000210080522100074BE16B01B9E2FBFF17F7
:107A3000E25340F9E09340B9E19300B940C0208B94
:107A400086FCFF17E25340F9E09340B9E19300B997
:107A500040C0208B00004039E1F9FF174000805200
:107A6000E0F300B914FCFF17E25340F9E09340B98A
:107A7000E19300B940C0208BEAFEFF17A022C07935
:107A800000001A32A0220079B7F5FF17A0000035D8
:107A90003A008052C80C8052F7031A2AB5FDFF172E
:107AA000E0AB40B9C80C80520C0400119701072BC1
:107AB000FA529F1AAFFDFF17E25340F9E09340B925
:107AC000E19300B940C0208B000040396BF7FF17ED
:107AD000E25340F9E09340B9E19300B940C0208BF4
:107AE0006DFCFF17E29340B90203F837E03F40F91D
:107AF000002C009100F07D92E33F40F9E03F00F957
:107B000048074039FA0301AAE29300B9670040B977
:107B1000FF000071F9A09F5A19F4FF17E25340F9D2
:107B2000E09340B9E19300B940C0208B3BFCFF17C4
:107B3000E25340F9E09340B9E19300B940C0208B93
:107B4000000040B94DF7FF17E09340B90220001143
:107B5000E03F40F95F0000716D020054002C00917D
:107B600000F07D92E5FFFF17E25340F9E09340B942
:107B7000E19300B940C0208B000040B998F9FF178D
:107B8000E15F40F9F34F40F981AEFEB575F5FF179F
:107B9000E25340F9E09340B9E19300B940C0208B33
:107BA000C4F8FF17E45340F9E39340B983C0238B33
:107BB000E33F00F9D1FFFF17A022C079E10319AA22
:107BC00000001A32A02200798FFEFF17A022C07990
:107BD000010080D200001A32A02200798AFEFF172D
:107BE000FF8B00B9FF9B00B9EDFEFF1763030C8B01
:107BF0007FFFFF17000000000000000000000000F1
:107C0000FF4314D1FD7B00A9FD030091F35301A9AB
:107C1000F30301AA21204079F40303AAE34304916A
:107C2000661A40F921781E12652240F9F55B02A917
:107C30006726407964B240B9F60302AA02808052F6
:107C4000F50300AAE0E30391E32F00F9E26700B92E
:107C5000E1D30079E7D70079E33B00F9E27B00B993
:107C6000FF8300B9E64700F9E54F00F9E40B01B9DD
:107C700094000094800640ADE20316AAE3C300918D
:107C8000E1630191E00315AAE08701AD21F3FF97BD
:107C9000F403002AC000F837E1630191E00315AA5C
:107CA000B0EDFF971F00007194029F5AE0D3407916
:107CB000800030366022407900001A32602200795C
:107CC000E07F40F983000094FD7B40A9E003142A83
:107CD000F35341A9F55B42A9FF431491C0035FD65A
:107CE000FD7BBBA9FD03009123B040B9F76303A955
:107CF000F80302AA63056836F55B02A9F50300AA3A
:107D0000400840F9F35301A9F40301AAF96B04A94F
:107D10005A0040F9C00300B4566740A939FF42D366
:107D2000F703192A3F030071AD020054130080D2FB
:107D300003000014FF02136B0D020054C17A73B8E4
:107D4000E20314AAE00315AA73060091090A00943D
:107D50001F04003101FFFF54F35341A9F55B42A911
:107D6000F96B44A91F0B00B91F0B00F9F76343A976
:107D7000FD7BC5A8C0035FD6000B40F900C839CB16
:107D8000000B00F95A43009180FCFFB5F35341A961
:107D900000008052F55B42A9F96B44A9F2FFFF177E
:107DA00080F1FF971F0B00B91F0B00F9F76343A980
:107DB000FD7BC5A8C0035FD60000000000000000E6
:107DC000440840F9440000B4C6FFFF170000805289
:107DD0005F0800B9C0035FD600000000000000008B
:107DE000FF4300D13F0000F1E03300910100819A90
:107DF000220100B4630100B440004039200000B902
:107E0000400040391F000071E0079F1AFF430091B6
:107E1000C0035FD600008052FF430091C0035FD6CD
:107E200020008012FAFFFF17000000000000000091
:107E3000FD7BBDA904F00491FD030091F35301A95A
:107E4000F30303AA7F0200F1230000909300939AAA
:107E5000F40300AA64D843F9E30313AA210100B490
:107E600080003FD6E103002A207C40933F0400318C
:107E700060010054F35341A9FD7BC3A8C0035FD642
:107E8000E18300910200805280003FD6E103002A86
:107E9000207C40933F040031E1FEFF547F0200B993
:107EA00041118052810200B900008092F35341A930
:107EB000FD7BC3A8C0035FD60000000000000000E7
:107EC000C0035FD6000000000000000000000000BA
:107ED000C0035FD6000000000000000000000000AA
:107EE000C0035FD60000000000000000000000009A
:107EF000C0035FD60000000000000000000000008A
:107F0000FD7BBDA9FD030091F51300F9610600B4E6
:107F1000F35301A9F30301AAF40300AA600000B41B
:107F2000012440F9410600B460B240B96122C07931
:107F30000005003701064836E10313AAE00314AA3E
:107F400088ECFF97F503002A622A40F9C20000B4CA
:107F5000611A40F9E00314AA40003FD61F000071E7
:107F6000B5A29F5A6022407920063837612E40F929
:107F7000E10000B460D201913F0000EB60000054CA
:107F8000E00314AAD7EFFF977F2E00F9613E40F976
:107F9000810000B4E00314AAD2EFFF977F3E00F9FE
:107FA000ECEDFF977F22007960B240B9A003003664
:107FB000605240F9C7FFFF97EAEDFF97F35341A9DD
:107FC000E003152AF51340F9FD7BC3A8C0035FD673
:107FD00041FBFF35F35341A915008052E003152AF8
:107FE000F51340F9FD7BC3A8C0035FD6BDEDFF9735
:107FF000CEFFFF17605240F9BAFFFF976022C079A9
:10800000C0F9FF3560B240B960FE0737605240F9F1
:1080100015008052B7FFFF97F35341A9F0FFFF17F8
:10802000605240F9B3FFFF97E2FFFF17610E40F97E
:10803000E00314AAABEFFF97CDFFFF17000000008D
:108040005F2403D5820600B4258080520502A87201
:10805000200C014E03E87B92A50C044E091040F25F
:108060004A1040920002005461A0DF4C248100D1EC
:10807000420004AB238C206E448C206E631C254E82
:10808000841C254E66BC244EC6BC264EC63C084EFB
:1080900024F97FD3C624C49AC620C49A2902005466
:1080A000C60200B561A0DF4C428000F1238C206E37
:1080B000448C206EA9000054661CA44EC6BCE64E3B
:1080C000C63C084E06FFFFB4631C254E841C254E9B
:1080D00066BC244EC6BC264EC63C084EE200005488
:1080E0004401098B84104092848000D1E40704CBC2
:1080F000C620C49AC624C49AC600C0DA638000D1E0
:10810000DF0000F1C610C0DA6004468BE003809AFD
:10811000C0035FD6000080D2C0035FD6000000001D
:10812000FD7BBEA9020000F0FD030091F35301A9FD
:10813000F40300AAF30301AA403C44F9600000B430
:10814000012440F9610700B46222C0796204183644
:10815000610E40F9C10200B442010036602240B90C
:108160007F0E00B9E003004B602A00B90000805286
:10817000410100B4F35341A9FD7BC2A8C0035FD6FF
:108180000000805242000837602240B9600E00B9FA
:108190000000805201FFFFB5E2FE3F3642001A3276
:1081A0000000801262220079F3FFFF170050805216
:1081B0004000000A1F00087100FDFF54E10313AAEC
:1081C000E00314AA230000946222C079610E40F9F2
:1081D00082FD0736E2FFFF1702032036C200103788
:1081E000610E40F942001D326222007961FBFFB549
:1081F000EFFFFF17612E40F9010100B460D2019139
:108200003F0000EB80000054E00314AA35EFFF9715
:108210006222C0797F2E00F9610E40F9800480123D
:108220004200000A610200F97F0A00B9EEFFFF1761
:108230002CEDFF97C5FFFF1720018052800200B987
:1082400042001A320000801262220079CAFFFF1732
:10825000FD7BB5A9FD0300912220C079F35301A94C
:10826000F30301AA2201083620DC0191210080528B
:10827000600200F9600E00F9612200B9F35341A9D0
:10828000FD7BCBA8C0035FD62124C079F40300AAEC
:10829000F55B02A9F71B00F98103F837E22301918E
:1082A000540800940003F837E04F40B9168080D29C
:1082B00015008152E10316AA000C14121F08407128
:1082C000E00314AAF7179F1A96E8FF97200300B55A
:1082D0006022C0796005483700741E1261DE01918A
:1082E000F55B42A900001F32F71B40F922008052C3
:1082F000610200F960220079610E00F9622200B982
:10830000DFFFFF176222C0795F0079F2000880D298
:10831000168080D2D602809AE10316AAE00314AA3E
:1083200017008052150080527EE8FF9720FDFFB4B1
:108330006222C079600200F942001932622200799B
:10834000600E00F9762200B9170100354200152AA7
:1083500062220079F35341A9F55B42A9F71B40F96A
:10836000FD7BCBA8C0035FD66126C079E00314AAC9
:1083700034080094C00000356222C079F4FFFF1772
:10838000F55B42A9F71B40F9BDFFFF176222407958
:1083900042741E1242000032423C0013ECFFFF17F1
:1083A000FD7BBEA9FD030091023440F9F35301A9FE
:1083B000F30300AAF403012A420100B4817E409332
:1083C000407861F8E00100B4030040F9437821F8F7
:1083D0001F0800F9F35341A9FD7BC2A8C0035FD673
:1083E000220880D2010180D2DA020094603600F9BE
:1083F000E20300AA40FEFFB5000080D2F6FFFF179F
:1084000021008052E00313AA3320D41A210080D225
:10841000627E4093421C009142F47ED3CD020094D0
:10842000C0FEFFB4144C0129EAFFFF170000000052
:10843000C10000B4003440F9220880B9037862F822
:10844000230000F9017822F8C0035FD60000000085
:10845000FD7BBCA927600091050080D2FD0300913F
:10846000F35301A9F303032A341440B9F55B02A9BD
:10847000F50301AAF60300AAE47865B8833C00126C
:10848000847C1053634C021B663C0012637C1053C7
:10849000830C021BC440030BE47825B8A5040091AB
:1084A000737C10539F02056B8CFEFF541301003444
:1084B000A00E40B91F00146B4D010054A0CA348BAC
:1084C00094060011131800B9B41600B9F35341A96A
:1084D000E00315AAF55B42A9FD7BC4A8C0035FD6E3
:1084E000A10A40B9E00316AAF71B00F92104001104
:1084F000ACFFFF97F70300AA600200B4A21680B990
:10850000A1420091004000914208009142F47ED3C4
:108510002CEAFF97C03640F9A10A80B9027861F8C9
:10852000A20200F9157821F8F50317AAA0CA348B26
:1085300094060011F71B40F9131800B9B41600B9DE
:10854000E3FFFF17230000902000009063C0079115
:1085500000200891020080D24117805231AAFF9773
:10856000E103002AE2FF9F52000080523F00026BAD
:1085700068000054213C10530002805202E0BF12F8
:108580003F00026B6800005400200011215C18536A
:108590000200BE123F00026B680000540010001180
:1085A000216C1C530200B8123F00026B890000547A
:1085B000E103212A007C410BC0035FD622741E53C5
:1085C000C100E8375F0062F2000C00110104805224
:1085D0000010811AC0035FD600080011C0035FD6E7
:1085E000E20300AA00008052410040B93F0840F277
:1085F000E0000054A1000037A1030836217C01539C
:1086000020008052410000B9C0035FD63F3C007299
:1086100061000054217C1053000280523F1C007204
:108620006100005400200011217C08533F0C40F2EF
:108630006100005400100011217C04533F0440F2FB
:108640006100005400080011217C025381000037B2
:1086500000040011217C015361000034410000B985
:10866000C0035FD600048052C0035FD6217C025352
:1086700040008052410000B9C0035FD600000000F6
:10868000FD7BBEA9FD030091023440F9F35301A91B
:10869000F30300AAF403012A820100B4400440F964
:1086A000E00200B4010040F9410400F9210000D0CB
:1086B000141800B9F35341A920A845FD000800FD96
:1086C000FD7BC2A8C0035FD6220880D2010180D200
:1086D00020020094603600F9E20300AA00FEFFB514
:1086E000230000902000009063C0079100200891B3
:1086F000020080D2A1288052CAA9FF97E00313AAE2
:10870000820480D2210080D212020094A0FEFFB425
:10871000210000D0141800B9F35341A920A445FD4D
:10872000210000D0000400FD20A845FD000800FD48
:10873000FD7BC2A8C0035FD600000000000000005F
:10874000FD7BBCA9FD030091F55B02A9F50301AA1D
:10875000361440B9F71B00F9571440B9F35301A977
:10876000F40302AADF02176BEB000054E203172A9E
:10877000E10314AAF703162AF40315AAF603022A42
:10878000F50301AA810A4129F302160B5F00136B5E
:1087900021A4811A03FFFF97800B00B407600091AA
:1087A000E8C8338BE30307AAFF0008EB82000054FC
:1087B0007F4400B81F0103EBC8FFFF54A66200917D
:1087C0008B620091C9C8368B65C9378BDF0009EB16
:1087D00022080054AA0014CB946600914A6500D187
:1087E000810080D24AF57E92BF0014EB4A01018BD2
:1087F0004A21819A07000014637C1053C30300359B
:10880000C6100091E71000913F0106EB49060054A5
:10881000C30040B96D3C007200FFFF54EC0307AA8F
:10882000E4030BAA0E008052814440B8830140B992
:10883000223C00126F3C0012217C1053637C1053C9
:10884000423C0D1B210C0D1B42000E0B2140420B24
:10885000223C1033824500B82E7C1053BF0004EB3D
:1088600048FEFF54EE682AB8C30040B9637C105339
:1088700083FCFF34E10040B9ED0307AAE4030BAA2F
:108880000E008052EC03012A820040794238031B1B
:1088900042404C0B413C1033A14500B8814440B8E4
:1088A000AC0140B9217C10538E3D00122138031BCE
:1088B0002140420B2E7C1053BF0004EB68FEFF5496
:1088C000C6100091E1682AB8E71000913F0106EB5D
:1088D00008FAFF547F0200718C0000540500001458
:1088E000730600716000005401CD5FB8A1FFFF3432
:1088F000F55B42A9F71B40F9131400B9F35341A9E2
:10890000FD7BC4A8C0035FD6230000902000009028
:1089100063C0079100200891020080D2412C805250
:1089200040A9FF97000000000000000000000000C8
:10893000FD7BBDA9FD030091F35301A9F303022AB6
:1089400042040072F55B02A9F60300AAF50301AA2E
:10895000C1040054737E0213F3020034D43240F990
:10896000540500B4F3000037737E01135302003442
:10897000800240F9A00200B4F40300AA73FF073696
:10898000E20314AAE10315AAE00316AA6DFFFF97FC
:10899000D50000B4C13640F9A20A80B9237862F844
:1089A000A30200F9357822F8F50300AA737E0113BB
:1089B00013FEFF35F35341A9E00315AAF55B42A965
:1089C000FD7BC3A8C0035FD6E20314AAE10314AA87
:1089D000E00316AA5BFFFF97800200F9F40300AAE8
:1089E0001F0000F9E6FFFF1742040051240000D0E9
:1089F000840029910300805282D862B895FEFF97C7
:108A0000F50300AAD4FFFF17E00316AA2100805245
:108A100064FEFF97F40300AAE00000B4200080D2B7
:108A2000204EC0F2804201F8D43200F99F0200F9D2
:108A3000CDFFFF17230000902000009063C0079136
:108A400000200891020080D2A1288052F5A8FF974B
:108A5000FD7BBCA9FD030091F76303A9587C0513B6
:108A6000371440B9230C40B91703170BF35301A96E
:108A7000F40301AAF55B02A9F5060011210840B92B
:108A8000F303022AF60300AABF02036BAD000054F1
:108A900063781F5321040011BF02036BACFFFF5426
:108AA000E00316AA3FFEFF97A00700B405600091FF
:108AB0001F0300712D010054041B0011E30305AADC
:108AC00004C8248B1F2003D57F4400B87F0004EB2B
:108AD000C1FFFF54A548388B861680B98362009188
:108AE000671200726608068B8004005408048052E6
:108AF000E10305AA0801074B040080521F2003D59B
:108B0000620040B94220C71A4200042A224400B839
:108B1000644440B88424C81ADF0003EB28FFFF54E4
:108B2000C10014CB82660091216400D1DF0002EB0A
:108B300021F47E92820080D22100028B2120829A31
:108B4000A46821B844000035F503172AC13640F95E
:108B5000820A80B9F76343A9237862F8151400B933
:108B6000F55B42A9830200F9347822F8F35341A956
:108B7000FD7BC4A8C0035FD6614440B8A14400B8DF
:108B8000DF0003EB29FEFF54614440B8A14400B864
:108B9000DF0003EB28FFFF54ECFFFF1723000090DA
:108BA0002000009063C0079100200891020080D24D
:108BB000C13B80529BA8FF9700000000000000000E
:108BC000221440B9E50300AA001440B90000026B6A
:108BD000E1010054437C7E93A560009121600091E7
:108BE000A200038B2100038B03000014BF0002EBE3
:108BF000E200005444CC5FB823CC5FB89F00036B05
:108C000060FFFF540000801200349F1AC0035FD63B
:108C1000FD7BBDA9FD030091F35301A9F30301AA54
:108C2000F40302AA211440B9421440B9F51300F923
:108C30002100026B41020035427C7E93616200910B
:108C4000846200912300028B8400028B03000014D5
:108C50003F0003EB620A005466CC5FB885CC5FB876
:108C6000DF00056B60FFFF54E10314AAF5279F1A8C
:108C70009432939A7332819A05000014E10314AA86
:108C8000F5579F1A9442939A7342819A810A40B988
:108C9000C4FDFF97000B00B4681680B9896200918B
:108CA000871640B9626200910B600091050380D283
:108CB0004808088B010080522AC9278B151000B97B
:108CC000866A65B8646A65B8C33C0012C67C1053F6
:108CD0006320244BC440444B6300010B8440830B4E
:108CE000833C1033036825B8A5100091817C1013D4
:108CF0006402058B1F0104EB48FEFF54040113CBF3
:108D000062660091846400D11F0102EBE6379F1A6E
:108D1000880080D282FC42D3DF00007145040091BC
:108D2000A5F47ED3A510889A2801058B6501058BD3
:108D30005F0108EB890400544A0500D1040080D289
:108D40004A0108CB49FD42D3027964B83F0104EBE4
:108D50004300010B2120220B427C10534140810B28
:108D6000233C1033A37824B8217C10138404009191
:108D7000C1FEFF544AF57E92A1000A8B83000035A4
:108D800022CC5FB8E7040051C2FFFF34071400B9DA
:108D9000F35341A9F51340F9FD7BC3A8C0035FD687
:108DA000010080527FFDFF97800100B4210080D236
:108DB000014001F8F35341A9F51340F9FD7BC3A825
:108DC000C0035FD642F47ED3DF00007142109F9A49
:108DD0006101028BEAFFFF17230000902000009042
:108DE00063C0079100200891020080D2E1468052C2
:108DF0000CA8FF97230000902000009063C007910B
:108E000000200891020080D2A148805205A8FF9757
:108E1000FD7BBCA9FD030091E81300FD0840601E26
:108E2000F35301A9F40301AAF30302AA210080521B
:108E30005CFDFF97E00700B40301669EE40300AA0F
:108E400065F874D360CC60D301000C32BF000071B0
:108E50002010801AE03F00B983020035E0F3009152
:108E6000E0FDFF97E13F40B923008052831400B931
:108E700000800011811800B9A5030034A5CC105161
:108E8000E81340FDA500000B850200B9A30680523F
:108E90006300004B630200B9E00304AAF35341A945
:108EA000FD7BC4A8C0035FD6E0E30091E83B00BDB2
:108EB000CCFDFF97E13F40B980030034E33B40B96C
:108EC000E203004B2220C21A4200032A2124C01AC6
:108ED000E13F00B93F00007182040329E3079F1AB4
:108EE00063040011831400B9A5FCFF356100809272
:108EF00000C8105121C8238B800200B98000018B6B
:108F000063681B53001840B996FDFF97E81340FDB6
:108F10006300004B630200B9F35341A9E00304AAC4
:108F2000FD7BC4A8C0035FD6E23B40B9EAFFFF1750
:108F3000230000902000009063C00791002008915A
:108F4000020080D2E1618052B6A7FF9700000000C6
:108F5000FD7BBEA9237CC29B217C029BFD0300916B
:108F6000F30B00F9630400B56EE5FF97F30300AA65
:108F7000600400B402805FF842F47E92422000D187
:108F80005F2001F1C80100545F9C00F1C90000544A
:108F90000004004F0040009100009F3C5FDC00F1A6
:108FA000A80100541F7C00A91F0800F9E00313AAC0
:108FB000F30B40F9FD7BC2A8C0035FD601008052CD
:108FC000F0E9FF97E00313AAF30B40F9FD7BC2A879
:108FD000C0035FD66006803D608200915F2001F192
:108FE00021FEFF5460C20091600A803DEEFFFF1732
:108FF00048E5FF9781018052010000B9130080D23B
:10900000E00313AAF30B40F9FD7BC2A8C0035FD6AF
:10901000E50304AAE40303AA0300809239060014BE
:10902000FD7BBCA9FD030091F35301A9341440B9A1
:10903000F76303A9F80300AA001440B91F00146BDA
:109040008B0B00549406005133600091176300911C
:10905000F55B02A98A7E4093807E7E937602008B28
:10906000EB02008B627A6AB8E37A6AB842040011B4
:109070007508C21A7F00026BC3040054E70313AAE9
:10908000E60317AA09008052080080521F2003D56A
:10909000E34440B8C40040B9653C0012637C1053FF
:1090A000823C0012A524151BA97C10534220254B9D
:1090B0004200080B6324151B407C10130020234B37
:1090C000697C10530340440B623C1033C24400B827
:1090D000687C1013DF0207EBC2FDFF54E07A6AB828
:1090E00080010035601100D1FF0200EBA3000054A5
:1090F0000700001494060051FF0200EB82000054A8
:10910000020040B9001000D162FFFF34141700B90B
:10911000E00318AAABFEFF970004F837E00317AA94
:10912000040080521F2003D5634640B8020040B9B6
:10913000413C00122120234B2100040B247C1013FE
:109140008340434B6240420B413C1033014400B822
:10915000447C1013DF0213EB82FEFF54E1DA74B893
:10916000E0CA348B81010035001000D11F0017EBDD
:10917000A80000540700001494060051FF0200EB01
:1091800082000054010040B9001000D161FFFF349B
:10919000141700B9B5060011F35341A9E003152ACD
:1091A000F55B42A9F76343A9FD7BC4A8C0035FD662
:1091B000F35341A900008052F76343A9FD7BC4A883
:1091C000C0035FD6000000000000000000000000A7
:1091D000FD7BB4A9FD030091062840F9F35301A9D2
:1091E000F30300AAF55B02A9F40304AAF76303A939
:1091F000F703012AF80305AAF96B04A9FA03022A66
:10920000FB7305A91C00669EE34300F9E827066D81
:109210000840601E060100B4035840B92200805285
:10922000E10306AA4220C31AC308012981FCFF9763
:109230007F2A00F90001669E0941601E01008052EC
:1092400000FC60D3F503002AA000F8361578001260
:1092500021008052BC7E60B38903679EA22A0C1253
:10926000810200B900FEAF525F00006B800E005417
:109270002821601E61020054E14340F92000805221
:10928000200000B9980000B4000000F000A407918D
:10929000000300F9170000F0F7A20791F35341A96A
:1092A000E00317AAF55B42A9F76343A9F96B44A948
:1092B000FB7345A9E827466DFD7BCCA8C0035FD6AC
:1092C0002041601EE2E30291E1F30291E00313AA60
:1092D000D0FEFF97F40300AAA07E1453A00C003523
:1092E000E30757290001669E6100010B22C8101197
:1092F0005F800071AD2E0054254810110408805283
:109300008200024B0024C51AB522C21AA002002A0C
:109310000000631E2004005121008052E1A700B923
:1093200004C2BF520200669E41FC60D32100040BC0
:10933000227C60B34200679E01106F1E210000B0C6
:109340000300621E4138611E24AC45FD210000B0BF
:1093500020B045FD210000B02000441F22B445FD8F
:109360006000421F1820601E0500781E442A005429
:109370006000004B06040051BF58007108280054DB
:10938000210000B021002A9120D865FC1020691E20
:109390002C2D0054FFA300B9070080521F0000715C
:1093A0008C00005427008052E700004B06008052DA
:1093B000C600050B1B008052E58B00B9FF2600712B
:1093C00068070054FF1600716D280054F712005111
:1093D00019008052FF0E0071605900542D2F005467
:1093E000FF120071A12D005420008052E07B00B9D3
:1093F0005F0300716D530054F5031A2AE0031A2A23
:10940000FAAB00B9047C40931F7C0071CD05005479
:10941000230080528200805242781F53E103032AC6
:1094200063040011407C4093007000911F0004EB26
:1094300049FFFF54615A00B926000014E14340F986
:10944000E0E18452200000B92001669E1FCC40F26A
:1094500001020054170000F0186200B4000000F090
:10946000F7A2099100C00991000300F98CFFFF17D2
:109470002201669EE3BB40B900FC0F51FFA700B973
:1094800041CC60D321240C32227C60B3AAFFFF17A9
:10949000170000F0F85F00B4000000F0F7E2099157
:1094A00000EC0991000300F97DFFFF17390080529D
:1094B00017008052150080121A008052F97B00B903
:1094C000F5AB00B9010080527F5A00B91F2003D5C7
:1094D000E00313AAE79B1129E59B00B9B1FBFF97B5
:1094E000E79B5129F60300AAE59B40B9C07200B47E
:1094F000BF3A0071762A00F9E0879F1AE303152A24
:109500000400190A1F00196AE00A0054E08B40B9F0
:109510001F0000716D440054E403002A210000B0D4
:10952000E00304AA21002A91020C4092807C0413DB
:10953000207862FCE10304AA014E4036210000B00D
:10954000000C001262008052213845FD2119611E75
:1095500060010034210000B0214029911F2003D573
:1095600080000036220040FD420400110008621E07
:10957000007C01132120009140FFFF352118601E5F
:10958000E0A340B98000003400106E1E3020601E41
:10959000C45400544200621E0090631E0298BF52E1
:1095A0004000411F0000669E01FC60D32100020BB9
:1095B000207C60B3153E0034FC8B40B9E403152ACF
:1095C0002100781E0200679E82040051280000B02E
:1095D00008012A91C90600912000621E20C00011D6
:1095E000E17B40B9001C001203D962FC2138601EE7
:1095F000E148003400106C1EC00200390018631EE0
:109600000038621E1020611E4C68005422008052F7
:10961000E00309AA4200094B04106E1E0390641E69
:109620000A0000142108631E0008631E2100781E32
:109630002200621E21C00011011400382138621E70
:109640003020601E245E00548238611E5020601E4F
:10965000C41700544100000B3F00046B4BFEFF5445
:109660003C01669EE0BF40B9E18B40B91F0000712C
:1096700020A84E7A6D3D0054E17B40B9813C003416
:10968000FF0600716D4F0054A30600517F03036B6A
:109690000B520054E000154BE08F00B96303034BFD
:1096A000755EF836E00313AA21008052E79300B9F3
:1096B000E69B00B9E5A700B9E3AF00B9F1FBFF975E
:1096C000E79340B9F90300AAE69B40B9E5A740B982
:1096D000E3AF40B9E18F40B93F000071C4C8407AA0
:1096E000ED0000543F00066B20D0861AE700004BC7
:1096F000C600004B2100004BE18F00B9FB01003494
:10970000E07B40B9E04C003483510035E10314AAFA
:10971000E2031B2AE00313AAE79300B9E69B00B912
:10972000E5A700B983FCFF97E79340B9F40300AACB
:10973000E69B40B9E5A740B9E00313AA2100805297
:10974000E79300B9E69B00B9E5A700B9CDFBFF9709
:10975000E5A740B9FB0300AAE79340B9E69B40B9EF
:1097600065380035FF0600718D1C005420008052C2
:10977000C000000B00100072003100540104805240
:109780002100004B3F1000712D4400548103805292
:109790002000004BE18F40B9E700000BC600000B32
:1097A0002100000BE18F00B9FF0000714D01005452
:1097B000E10314AAE203072AE00313AAE69300B91F
:1097C000E59B00B9A3FCFF97E69340B9F40300AA18
:1097D000E59B40B9DF0000710D010054E1031BAAB5
:1097E000E203062AE00313AAE59300B999FCFF9768
:1097F000FB0300AAE59340B9E0A340B9FF0A00715A
:10980000E4D79F1AE0180035BF02007184D8407A6F
:10981000E00D00549527003503008052A2008052CD
:10982000E1031BAAE00313AA0AFBFF97FB0300AAAC
:10983000E1031BAAE00314AAF70316AAE1FCFF97B1
:109840001F0000710D260054E08B40B9D606009130
:109850001C04001120068052E0020039E1031BAA1B
:10986000E00313AAF3FAFF97590800B4E10319AA19
:10987000E00313AAEFFAFF973E0000142100805284
:10988000E1A300B907008052E600F83725D9FF367A
:10989000E700054BFB03054BE58B00B90500805243
:1098A000C7FEFF172700805206008052E700004BDA
:1098B000F7FFFF17A100621E2020601EE1079F1A1C
:1098C000A500014BABFEFF17E203024B0020C21ABA
:1098D00090FEFF1739008052FF0E00714031005496
:1098E0000CD8FF54FF0A0071C05300547F5A00B9CE
:1098F000E00313AA01008052E77B00B9E697112923
:10990000A8FAFF97E77B40B9F60300AAE69751292A
:10991000A05100B4000080121A008052E303002A14
:10992000F503002A762A00F9F97B00B9E0AB00B90B
:109930004DFFFF17A5040051FFA300B9D2FFFF1789
:109940001F0016EBA0420054E20300AA01FC5F389E
:109950003FE4007160FFFF5421040011211C00123C
:10996000F70316AAF60302AA010000391F2003D547
:10997000E10314AAE00313AAAEFAFF97DF0200394D
:10998000E14340F980070011200000B998C8FFB4F6
:10999000160300F942FEFF1720008052B7008052E4
:1099A000E07B00B9E08B40B94003000BE0AB00B9AD
:1099B00015040011BF020071A0C69F1A92FEFF1786
:1099C00057008052FF7B00B98AFEFF17E07B40B949
:1099D000000E0034E28F40B95F000071ED000054CA
:1099E000E10319AAE00313AAE57B00B919FCFF976C
:1099F000E57B40B9F90300AAF93F00F9453E00357F
:109A0000D5C2358B80030012F64B00F9E0A700B9F0
:109A1000E1031BAAE00314AA82FDFF971AC00011FC
:109A2000E10319AAE0A300B9E00314AA65FCFF97BB
:109A3000E23F40F9E1031BAAE08F00B9E00313AA5B
:109A400074FCFF97E10300AA001040B980110035B3
:109A5000E00314AAE14F00F95AFCFF97E203002A41
:109A6000E14F40F9E00313AAE29B00B971FAFF97B6
:109A7000E29B40B9E002022AC0140035E0A740B9D9
:109A8000E03F0034E08F40B96012F837E04B40F916
:109A90001A140038E04B00F9BF0200EB003D0054FF
:109AA000E10314AA0300805242018052E00313AA8A
:109AB00068FAFF97F40300AAE03F40F9E10319AA0E
:109AC00003008052420180523F0300EBE00313AADF
:109AD000E01000545FFAFF97F90300AAE13F40F954
:109AE000E00313AA030080524201805259FAFF9703
:109AF000E03F00F9C7FFFF179FCF40F281E3FF541B
:109B000080FF60D31F286CF220E3FF5425008052B1
:109B1000E7040011C6040011E003052A15FFFF1732
:109B2000E1031BAAE00314AAE59300B9E49B00B982
:109B300024FCFF97E59340B9E49B40B960E6FF360B
:109B4000E08B40B9E10314AA030080524201805225
:109B500000040051E08B00B9E00313AAE59300B9BB
:109B6000E49B00B93BFAFF97F40300AAE07B40B9FD
:109B7000E59340B9E49B40B9E0390035E0AB40B92A
:109B80001F000071F503002A84D8407A41E4FF5495
:109B9000170080D207000014E10314AAE00313AAFF
:109BA00003008052420180522AFAFF97F40300AA70
:109BB000E1031BAAE00314AA1AFDFF971AC00011C3
:109BC000DA6A3738F7060091BF02176B6CFEFF5454
:109BD000BF020071B5060051200080D215D4959ABD
:109BE000D502158B170080D222008052E10314AAFF
:109BF000E00313AA97FBFF97E1031BAAF40300AA53
:109C0000F0FBFF971F0000718C0000543D01001411
:109C1000BF0216EB80280054E20315AAB50600D156
:109C200040F05F381FE4007140FFFF54FC8B40B9E7
:109C300000040011A0020039E1031BAAE00313AAEB
:109C4000E23F00F9FBF9FF97E23F40F9B91D00B48C
:109C5000FF0200F1E41259FAC0000054E10317AA10
:109C6000E00313AAE23F00F9F2F9FF97E23F40F95F
:109C7000F70316AAF60302AAFDFEFF17E00313AAD4
:109C8000ECF9FF97E08F40B9C000F837E08F40B99A
:109C90009C030012E002002A9C03002ABC04003549
:109CA00022008052E10314AAE00313AA69FBFF9784
:109CB000E1031BAAF40300AAC2FBFF971F00007177
:109CC0008D3100545FE70071002C0054E0A340B9CF
:109CD0001AC40011E24B40F9F70319AAF93F40F901
:109CE000FC8B40B95A140038D4FFFF17D9F9FF97FD
:109CF000F90300AAE03F00F946FFFF171B0080D2DE
:109D0000190080D2FC033A2AF70316AAD4FEFF17E3
:109D1000E08F40B94030F837E1A740B9E002002AAF
:109D20002000002AC02F00345F0000710DEBFF54AB
:109D30005FE70071A0280054E24B40F95A07001178
:109D4000F70319AAFC8B40B9F93F40F95A140038BF
:109D5000BAFFFF174200621E0090631E0298BF52B6
:109D60004000411F0000669E01FC60D32100020BF1
:109D7000207C60B30290621E0000679E2138621E44
:109D80003020601E6C0600540040611E3020601EB2
:109D900064FBFF5433FEFF17800380527EFEFF17E3
:109DA000E0130054E08B40B9210000B021002A915B
:109DB000E003004B020C4092007C0413227862FC0A
:109DC0002209621EC02900344140601E210000B0FB
:109DD0002140299108008052420080521F2003D563
:109DE000A0000036200040FD42040011E803042AD0
:109DF0002108601E007C01132120009120FFFF3507
:109E00001F010071211C621EDEFDFF17E3031B2AE8
:109E1000190080D2FF7B00B9E78F00B92EFEFF1733
:109E2000200000B000002A915F030071A0BA407AC0
:109E300001D861FCEC15005435F6FF350090621E28
:109E40002108601E8003679E3020601E8AF5FF5443
:109E5000F70316AA1B0080D2190080D27BFEFF17E1
:109E60003A008052F5031A2A96FDFF17E10300AA73
:109E7000E203052AE00313AAE79300B9E69B00B9C1
:109E8000ACFAFF97E79340B9FB0300AAE69B40B901
:109E9000FF0600710D02005405008052601740B9A2
:109EA000E79300B900040051E69B00B9E5A700B9AB
:109EB00060CB208B001840B9AAF9FF9701048052AB
:109EC000E79340B9E69B40B92000004BE5A740B9B5
:109ED00028FEFF179FCF40F201FEFF5480FF60D3A2
:109EE0001F286CF2A0FDFF54E7040011C604001106
:109EF00025008052EAFFFF172141601E4200805278
:109F000094FDFF17FF7B00B9A7FEFF17C0020039C1
:109F10004208631EC042248BE20309AA0390641E18
:109F20009F040071401C00542108631E2100781E0C
:109F30002000621E21C00011411400382138601E2B
:109F40001F0002EB21FFFF5400106C1E4328601E0F
:109F50007020611EA4CFFF540038621E1020611EC5
:109F60008C040054E0BF40B93C01669E1F000071A4
:109F7000E08B40B900A84E7AACF4FF54E08B40B9B6
:109F8000F70316AAF60309AA01D960FC2019611E7D
:109F900060040051C002008B0390641E0100781E13
:109FA0002000621E22C00011E202003900A4411FFD
:109FB000BF06007141010054970000140218611E91
:109FC0004100781E2200621E22C00011C216003815
:109FD0004080411F1F0016EB001200540008631E52
:109FE0000820601EC1FEFF54FC8B40B961FEFF17C4
:109FF000E20300AA01FC5F383FC00071A0FFFF54DC
:10A00000F70316AAF60302AA5AFEFF178107805229
:10A010002000004BA0BCFF54DFFDFF172141601E54
:10A020004200805257FDFF1775E9FF34E4AB40B999
:10A030009F0000716DB1FF54420400110390641E33
:10A040000090631EE08B40B94200621E2108631E2F
:10A050001C0400510898BF522000421F0000669E59
:10A0600001FC60D32100080B207C60B355FDFF1775
:10A07000E1A740B98109003400CC1011E3031B2A89
:10A08000C600000BE78F00B9E700000B86FDFF1745
:10A09000F7E2099182FCFF17F7A2099180FCFF17F4
:10A0A000E10314AAE2031B2AE00313AAE79300B911
:10A0B000E69B00B9E5A700B91EFAFF97E79340B900
:10A0C000F40300AAE69B40B9E5A740B99BFDFF1742
:10A0D00060001B4BC600150BFB03032AA500000BF9
:10A0E00003008052E78F00B9A702070B6EFDFF1730
:10A0F000F70316AA8903679ED6060091A4FFFF17EF
:10A1000041000054BAD80737E20315AAB50600D1BA
:10A1100040F05F381FC0007180FFFF54FC8B40B9D6
:10A12000C6FEFF17E08B40B91C04001120068052C8
:10A13000C0020039C1FEFF17E203032AE10319AA96
:10A14000E00313AAE39300B9E79B00B9E6A700B9BF
:10A15000E5AF00B9F7F9FF97E20314AAF90300AAE3
:10A16000E10319AAE00313AA76F9FF97E10314AA01
:10A17000F40300AAE00313AAAEF8FF97E39340B9F3
:10A18000E79B40B9E6A740B97B03036BE5AF40B955
:10A1900040ADFF545EFDFF179C0700112106805261
:10A1A000F0FDFF17E1BB40B9C0068052E3031B2A54
:10A1B000E78F00B90000014BC600000BE700000B61
:10A1C00039FDFF17210B40B9E00313AA75F8FF977B
:10A1D000FA0300AAA00A00B4221780B92143009113
:10A1E000004000914208009142F47ED3F5E2FF97CF
:10A1F000E1031AAAE00313AA2200805215FAFF977E
:10A20000E03F00F9FFFDFF17F70316AAF60300AAC7
:10A21000D8FDFF17E00316AA0028601E1020611E5B
:10A220000C0200540020611E41000054A1010037BF
:10A23000FC8B40B9F60300AACEFDFF17F70319AA5D
:10A24000F93F40F969FEFF17F54B40F9F70319AAEA
:10A25000F93F40F920078052A01600386FFEFF1723
:10A26000FC8B40B9F60317AAB8FDFF17C600150B03
:10A27000E78F00B9A702070B0BFDFF175FE700711F
:10A2800040FEFF54E24B40F9F70319AAFC0751299D
:10A29000E0A340B93F00007100C40011F93F40F94C
:10A2A0001AC09A1A5A14003864FEFF17E00309AA6C
:10A2B00026FFFF17E10319AAE00313AA0300805247
:10A2C00042018052E57B00B9E49300B961F8FF9741
:10A2D000F5AB40B9F90300AAE49340B9BF0200719D
:10A2E00084D8407A21010054E57B40B9BAFDFF17BC
:10A2F00021CFFF549ACE073777FEFF174140601EEB
:10A30000420080529FFCFF17F5AB40B942FDFF179A
:10A31000F70316AAF60309AA96FDFF175F0000715E
:10A320000CCCFF546CFEFF17030000D0000000D0DF
:10A3300063C0079100000A91020080D2E15D805263
:10A34000B8A2FF97030000D0000000D063C00791BF
:10A3500000000A91020080D2E1358052B1A2FF973D
:10A36000FF7B00B923FCFF17000000000000000085
:10A370000200669E1F0000B90402B01241F860D3CB
:10A3800043FC60D33F00046BE80200542200022A21
:10A39000A2020034040080527F286CF22101005494
:10A3A000016AE8D22100679EA40680120008611E9F
:10A3B0000100669E21FC60D3E303012A217800128C
:10A3C0000200669E63500112217C141363200B323D
:10A3D00021F80F512100040B010000B9627C60B329
:10A3E0004000679EC0035FD6000000000000000030
:10A3F000FD7BBEA9FD030091F35301A9340000B019
:10A40000F30300AA9F0202B9E003012AE10302AAB2
:10A41000E4D9FF971F04003180000054F35341A991
:10A42000FD7BC2A8C0035FD6810242B981FFFF3421
:10A43000610200B9F35341A9FD7BC2A8C0035FD6F6
:10A44000FD7BBEA9FD030091F35301A9340000B0C8
:10A45000F30300AA9F0202B9E003012ADDD9FF97A6
:10A460001F04003180000054F35341A9FD7BC2A8B2
:10A47000C0035FD6810242B981FFFF34610200B997
:10A48000F35341A9FD7BC2A8C0035FD600000000C2
:10A49000FD7BBCA9FD030091F35301A9F403012A3C
:10A4A000F30302AAF51300F9F50300AA1DE2FF97D2
:10A4B0001F04007181000054800600511FF80371D1
:10A4C000A904005463A20291E203142AE1E300917B
:10A4D000E00315AA57F6FF971F0400B100040054CB
:10A4E000C00100B4630E40B9E1E340396304005198
:10A4F000630E00B9A300F836642A40B97F00046BEC
:10A5000024A84A7A40010054630240F9640400918F
:10A51000640200F961000039F51340F9E003142AE0
:10A52000F35341A9FD7BC4A8C0035FD6E20313AA7D
:10A53000E00315AA370000941F040031E1FEFF5428
:10A5400000008012F35341A9F51340F9FD7BC4A824
:10A55000C0035FD6F4E30039E3FFFF1760224079C0
:10A5600000001A326022007900008012F6FFFF1707
:10A57000FD7BBDA9FD030091F35301A9F40300AADB
:10A5800040B040B9F30302AA4220C079400000372E
:10A5900022034836C200683760B240B94200133225
:10A5A000622200790000133260B200B9E00314AAFD
:10A5B000E20313AAB7FFFF97F403002A61B240B980
:10A5C0006100003760224079A0004836E003142A79
:10A5D000F35341A9FD7BC3A8C0035FD6605240F985
:10A5E00044F6FF97E003142AF35341A9FD7BC3A867
:10A5F000C0035FD6605240F9E12F00B939F6FF97EA
:10A600006222C079E12F40B9E3FFFF17000000008C
:10A61000FD7BBDA9FD030091F35301A9F403012AB9
:10A62000F30302AAF55B02A9F50300AA600000B4D7
:10A63000012440F9610800B46022C079612A40B960
:10A64000610E00B9E0031836610E40F9A10300B4B1
:10A65000961E0012941E001260046836600240F9D3
:10A66000622240B9010001CB5F00016B0D0500546F
:10A6700021040011620E40B903040091630200F945
:10A6800042040051620E00B916000039602240B940
:10A690001F00016BA00400549F2A007160224079C2
:10A6A000E1179F1A3F00006A01040054F55B42A9BC
:10A6B000E003142AF35341A9FD7BC3A8C0035FD66E
:10A6C000E10313AAE00315AA96F6FF97600300358D
:10A6D0006022C079961E0012610E40F9941E00128D
:10A6E000E0FB6F3762B240B900001332602200799C
:10A6F0004078121260B200B9600240F9622240B99B
:10A70000010001CB5F00016B4CFBFF54E10313AA76
:10A71000E00315AA13E3FF9700010035600240F93A
:10A7200021008052D4FFFF17E10313AAE00315AA0A
:10A730000CE3FF97C0FBFF3414008012DCFFFF170F
:10A74000E8E3FF97BDFFFF170000000000000000D6
:10A75000FD7BB8A9BF0000F1FD030091F35301A9EF
:10A76000F40300AA00100591F55B02A9F60302AA02
:10A77000F50301AAF76303A9F70306AAF96B04A975
:10A780001900859AFB7305A95C0040F9010900B422
:10A79000F30304AA840A00B47A0400D1430A00B483
:10A7A0001B0080D2F53700F90A000014F50300B54C
:10A7B000804740B8400600349F0013EB82090054E4
:10A7C0005A0700D1FB0304AA5F0700B1E00100545F
:10A7D000E47240F9E30319AA820340B9E1C301918D
:10A7E000380340F9E00314AA80003FD61F0400316B
:10A7F00020060054017C409324001B8B9F0013EB28
:10A8000069FDFF54380300F9F35341A9E0031BAA83
:10A81000F55B42A9F76343A9F96B44A9FB7345A90A
:10A82000FD7BC8A8C0035FD61F000071ED01005476
:10A83000E23740F9270080D2430400D11F2003D51E
:10A84000E2C301913F0007EB4200078B42F05F3803
:10A8500062682738E704009141FFFF54E13740F96F
:10A860002040208BE03700F9C00240F90010009131
:10A87000C00200F9804740B800FAFF35550000B427
:10A88000DF0200F93F0300B99B0400D1F35341A953
:10A89000E0031BAAF55B42A9F76343A9F96B44A93E
:10A8A000FB7345A9FD7BC8A8C0035FD61300809247
:10A8B000BAFFFF1740118052800200B93F0300B970
:10A8C0001B008092F35341A9E0031BAAF55B42A948
:10A8D000F76343A9F96B44A9FB7345A9FD7BC8A89D
:10A8E000C0035FD61B0080D2C8FFFF17FB0304AA7A
:10A8F000C6FFFF170000000000000000000000007D
:10A90000000000B0060000B0C6401B91003C44F9B6
:10A9100090FFFF1700000000000000000000000092
:10A92000FD7BBEA90200669E0300AE9EFD03009162
:10A93000F30B00F904443BD5E00303AA61FC7FD389
:10A9400063F870D3E50301AA00BC7DD367040091CE
:10A95000261C0012E80301AA00F442AA41F07DD3AC
:10A96000FF347FF220090054E77F87926300078B52
:10A970007FF81FF1ED02005484046AF2C00700540E
:10A980009F0050F1201500549F0060F1E0179F1ABE
:10A99000DF00006A010700549F0050F1C015005409
:10A9A0009F0060F1E0179F1ADF00006A4106005423
:10A9B0001302F0928002805273FE05AACD0000942B
:10A9C0006002679EF30B40F9FD7BC2A8C0035FD60F
:10A9D0007F0000F1AD0A0054FF1F02EB020080521D
:10A9E000E7079F9AE1F041AA211000AA3F0000F179
:10A9F000E0079F1A4000000A3F0840F2C0150054CB
:10AA000084046A929F0050F1400200549F0060F15C
:10AA1000000D0054840C00B5220C40925F1000F130
:10AA2000A10A005421D843D363280012020080D227
:10AA30006012003422CC40B30003805262284CB331
:10AA4000C20041B3F30302AAAA000094DDFFFF177E
:10AA5000C50B00B521200091220049922009003544
:10AA6000620B00B4620400917FF81FF16111005481
:10AA700044F9FFB5B30041D380028052732A4CB22F
:10AA80009C000094CFFFFF17020001AA030200B54B
:10AA9000B30041D362F9FFB484046A929F0050F17D
:10AAA000E00C00549F0060F1600B00549F0000F127
:10AAB000A00080D201049F9A080080D221D843D3FD
:10AAC000082900120003805233000014220200B44F
:10AAD000E2FF8FD201F0C19300FC72D37F0002EB42
:10AAE00021FC43D30000005221004DB200009F1A08
:10AAF000F3FF805233D013AA73FE05AA00F6FF3588
:10AB00006002679EF30B40F9FD7BC2A8C0035FD6CD
:10AB1000B30041D3732A4CB26002679EF30B40F935
:10AB2000FD7BC2A8C0035FD67FD000B16BFBFF5492
:10AB3000A70780D2E80003CB00004DB21FFD00F153
:10AB4000EC040054680C0011E700034B2200805213
:10AB5000030080D22920C89A3F0100F1E9079F9A9B
:10AB60002124C79A210009AA0020C89A010001AA3D
:10AB70009FFFFF17211000912200499220F7FF3418
:10AB8000420100B468040091010080D2082900123B
:10AB90000003805228D008AA13FD05AA550000948E
:10ABA00088FFFF1740010034E80303AAC4FFFF1722
:10ABB00025F5FFB5C0000034E80303AAE30308AAA3
:10ABC000E80303AABEFFFF1700FFFF3521D843D3D8
:10ABD0006828001200028052EFFFFF17620C01117B
:10ABE0001F0101F147008012E300034B0220C29ACB
:10ABF000220002AA4110819A0024C39A3F0000F16A
:10AC000022008052E1079F9A030080D2210000AA0F
:10AC100077FFFF17210080D225FDFFB4080080D206
:10AC2000210180D2A6FFFF17650100B513FEEFD208
:10AC3000800280522F00009462FFFF17210180D212
:10AC4000E5F3FFB4030080D2210080D2E80303AA19
:10AC50009BFFFF17BF0000F10002E09201FEEFD260
:10AC60000000679E2100679E80028052001C611ECA
:10AC70001300669E1F00009452FFFF1722CC40B3C2
:10AC80000002805262284CB3C20041B3F30302AA0F
:10AC9000180000944BFFFF170302FC920002805241
:10ACA000610C418A22D002AA53FC05AA110000942B
:10ACB00044FFFF1721D843D373280012E00000356A
:10ACC000020080D222CC40B3622A4CB3C20041B30E
:10ACD000F30302AA3BFFFF17802C0B5300701D5398
:10ACE00085FFFF17000000000000000000000000CA
:10ACF000800000360104000F2018211E21443BD59E
:10AD0000A000083601102E1E0204000F2018221E7B
:10AD100021443BD500011036C2B598520110B01243
:10AD2000A293AE722100271E4200271E2028221E59
:10AD300021443BD5800018360144040F2008211E11
:10AD400021443BD5C00020360010B01202102E1E48
:10AD50000100271E2038221E20443BD5C0035FD6A9
:10AD60001000000000000000017A520004781E016B
:10AD70001B0C1F0010000000180000000476FFFFED
:10AD80003001000000000000100000000000000082
:10AD9000017A520004781E011B0C1F0010000000F5
:10ADA000180000001C80FFFF2C02000000000000C3
:10ADB0001000000000000000017A520004781E011B
:10ADC0001B0C1F001000000018000000B489FFFFDA
:10ADD000040100000000000010000000000000005E
:10ADE000017A520004781E011B0C1F0010000000A5
:10ADF0001800000000000000CC000000000000006F
:10AE00001000000000000000017A520004781E01CA
:10AE10001B0C1F00100000001800000000000000C4
:10AE200034010000000000001000000000000000DD
:10AE3000017A520004781E011B0C1F001000000054
:10AE400018000000000000002C01000000000000BD
:10AE50001000000000000000017A520004781E017A
:10AE60001B0C1F0010000000180000000000000074
:10AE7000B40100000000000010000000000000000D
:10AE8000017A520004781E011B0C1F001000000004
:10AE900018000000ACD1FFFFDC0000000000000043
:10AEA0001035000000000000FFFFFFFFFFFFFFFF65
:10AEB0000000020000000000000000000000000090
:10AEC0000000000000000000000000000000000082
:10AED000C0AE011000000000C0AE01100000000074
:10AEE000D0AE011000000000D0AE01100000000044
:10AEF000E0AE011000000000E0AE01100000000014
:10AF0000F0AE011000000000F0AE011000000000E3
:10AF100000AF01100000000000AF011000000000B1
:10AF200010AF01100000000010AF01100000000081
:10AF300020AF01100000000020AF01100000000051
:10AF400030AF01100000000030AF01100000000021
:10AF500040AF01100000000040AF011000000000F1
:10AF600050AF01100000000050AF011000000000C1
:10AF700060AF01100000000060AF01100000000091
:10AF800070AF01100000000070AF01100000000061
:10AF900080AF01100000000080AF01100000000031
:10AFA00090AF01100000000090AF01100000000001
:10AFB000A0AF011000000000A0AF011000000000D1
:10AFC000B0AF011000000000B0AF011000000000A1
:10AFD000C0AF011000000000C0AF01100000000071
:10AFE000D0AF011000000000D0AF01100000000041
:10AFF000E0AF011000000000E0AF01100000000011
:10B00000F0AF011000000000F0AF011000000000E0
:10B0100000B001100000000000B0011000000000AE
:10B0200010B001100000000010B00110000000007E
:10B0300020B001100000000020B00110000000004E
:10B0400030B001100000000030B00110000000001E
:10B0500040B001100000000040B0011000000000EE
:10B0600050B001100000000050B0011000000000BE
:10B0700060B001100000000060B00110000000008E
:10B0800070B001100000000070B00110000000005E
:10B0900080B001100000000080B00110000000002E
:10B0A00090B001100000000090B0011000000000FE
:10B0B000A0B0011000000000A0B0011000000000CE
:10B0C000B0B0011000000000B0B00110000000009E
:10B0D000C0B0011000000000C0B00110000000006E
:10B0E000D0B0011000000000D0B00110000000003E
:10B0F000E0B0011000000000E0B00110000000000E
:10B10000F0B0011000000000F0B0011000000000DD
:10B1100000B101100000000000B1011000000000AB
:10B1200010B101100000000010B10110000000007B
:10B1300020B101100000000020B10110000000004B
:10B1400030B101100000000030B10110000000001B
:10B1500040B101100000000040B1011000000000EB
:10B1600050B101100000000050B1011000000000BB
:10B1700060B101100000000060B10110000000008B
:10B1800070B101100000000070B10110000000005B
:10B1900080B101100000000080B10110000000002B
:10B1A00090B101100000000090B1011000000000FB
:10B1B000A0B1011000000000A0B1011000000000CB
:10B1C000B0B1011000000000B0B10110000000009B
:10B1D000C0B1011000000000C0B10110000000006B
:10B1E000D0B1011000000000D0B10110000000003B
:10B1F000E0B1011000000000E0B10110000000000B
:10B20000F0B1011000000000F0B1011000000000DA
:10B2100000B201100000000000B2011000000000A8
:10B2200010B201100000000010B201100000000078
:10B2300020B201100000000020B201100000000048
:10B2400030B201100000000030B201100000000018
:10B2500040B201100000000040B2011000000000E8
:10B2600050B201100000000050B2011000000000B8
:10B2700060B201100000000060B201100000000088
:10B2800070B201100000000070B201100000000058
:10B2900080B201100000000080B201100000000028
:10B2A00090B201100000000090B2011000000000F8
:10B2B000A0B2011000000000A0B2011000000000C8
:10B2C000B0B2011000000000B0B201100000000098
:10B2D000C0B2011000000000C0B201100000000068
:10B2E000D0B2011000000000D0B201100000000038
:10B2F000E0B2011000000000E0B201100000000008
:10B30000F0B2011000000000F0B2011000000000D7
:10B3100000B301100000000000B3011000000000A5
:10B3200010B301100000000010B301100000000075
:10B3300020B301100000000020B301100000000045
:10B3400030B301100000000030B301100000000015
:10B3500040B301100000000040B3011000000000E5
:10B3600050B301100000000050B3011000000000B5
:10B3700060B301100000000060B301100000000085
:10B3800070B301100000000070B301100000000055
:10B3900080B301100000000080B301100000000025
:10B3A00090B301100000000090B3011000000000F5
:10B3B000A0B3011000000000A0B3011000000000C5
:10B3C000B0B3011000000000B0B301100000000095
:10B3D000C0B3011000000000C0B301100000000065
:10B3E000D0B3011000000000D0B301100000000035
:10B3F000E0B3011000000000E0B301100000000005
:10B40000F0B3011000000000F0B3011000000000D4
:10B4100000B401100000000000B4011000000000A2
:10B4200010B401100000000010B401100000000072
:10B4300020B401100000000020B401100000000042
:10B4400030B401100000000030B401100000000012
:10B4500040B401100000000040B4011000000000E2
:10B4600050B401100000000050B4011000000000B2
:10B4700060B401100000000060B401100000000082
:10B4800070B401100000000070B401100000000052
:10B4900080B401100000000080B401100000000022
:10B4A00090B401100000000090B4011000000000F2
:10B4B000A0B4011000000000A0B4011000000000C2
:10B4C000B0B4011000000000B0B401100000000092
:10B4D000C0B4011000000000C0B401100000000062
:10B4E000D0B4011000000000D0B401100000000032
:10B4F000E0B4011000000000E0B401100000000002
:10B50000F0B4011000000000F0B4011000000000D1
:10B5100000B501100000000000B50110000000009F
:10B5200010B501100000000010B50110000000006F
:10B5300020B501100000000020B50110000000003F
:10B5400030B501100000000030B50110000000000F
:10B5500040B501100000000040B5011000000000DF
:10B5600050B501100000000050B5011000000000AF
:10B5700060B501100000000060B50110000000007F
:10B5800070B501100000000070B50110000000004F
:10B5900080B501100000000080B50110000000001F
:10B5A00090B501100000000090B5011000000000EF
:10B5B000A0B5011000000000A0B5011000000000BF
:10B5C000B0B5011000000000B0B50110000000008F
:10B5D000C0B5011000000000C0B50110000000005F
:10B5E000D0B5011000000000D0B50110000000002F
:10B5F000E0B5011000000000E0B5011000000000FF
:10B60000F0B5011000000000F0B5011000000000CE
:10B6100000B601100000000000B60110000000009C
:10B6200010B601100000000010B60110000000006C
:10B6300020B601100000000020B60110000000003C
:10B6400030B601100000000030B60110000000000C
:10B6500040B601100000000040B6011000000000DC
:10B6600050B601100000000050B6011000000000AC
:10B6700060B601100000000060B60110000000007C
:10B6800070B601100000000070B60110000000004C
:10B6900080B601100000000080B60110000000001C
:10B6A00090B601100000000090B6011000000000EC
:10B6B000A0B6011000000000A0B6011000000000BC
:10B6C000B0B6011000000000B0B60110000000008C
:10B6D0004300000000000000000000000000000027
:10B6E000000000000000000000000000000000005A
:10B6F0004300000000000000000000000000000007
:10B700000000000000000000000000000000000039
:10B7100043000000000000000000000000000000E6
:10B720000000000000000000000000000000000019
:10B7300043000000000000000000000000000000C6
:10B7400000000000000000000000000000000000F9
:10B7500043000000000000000000000000000000A6
:10B7600000000000000000000000000000000000D9
:10B770004300000000000000000000000000000086
:10B7800000000000000000000000000000000000B9
:10B790004300000000000000000000000000000066
:10B7A0000000000000000000000000000000000099
:10B7B0001043011000000000E07D011000000000B7
:10B7C000000000000000000060E801100000000020
:10B7D00030C101100000000030BF01100000000067
:10B7E00030BF01100000000030BF01100000000059
:10B7F00030BF01100000000030BF01100000000049
:10B8000030BF01100000000030BF01100000000038
:10B8100030BF01100000000030BF01100000000028
:10B82000FFFFFFFFFFFFFFFFFFFFFFFFFFFF000026
:10B83000010041534349490000000000000000009E
:10B8400000000000000000000000000000000000F8
:10B85000000041534349490000000000000000007F
:10B8600000000000000000000000000000000000D8
:10B87000000000000000000080B80110000000007F
:10B88000000000000000000008F2011000000000AD
:10B89000C0F201100000000078F301100000000069
:10B8A0000000000000000000000000000000000098
:10B8B0000000000000000000000000000000000088
:10B8C0000000000000000000000000000000000078
:10B8D0000000000000000000000000000000000068
:10B8E0000000000000000000000000000000000058
:10B8F0000000000000000000000000000000000048
:10B900000000000000000000000000000000000037
:10B910000000000000000000000000000000000027
:10B920000000000000000000000000000000000017
:10B930000000000000000000000000000000000007
:10B9400000000000000000000000000000000000F7
:10B9500001000000000000000E33CDAB34126DE694
:10B96000ECDE05000B0000000000000000000000FD
:10B9700000000000000000000000000000000000C7
:10B9800000000000000000000000000000000000B7
:10B9900000000000000000000000000000000000A7
:10B9A0000000000000000000000000000000000097
:10B9B0000000000000000000000000000000000087
:10B9C0000000000000000000000000000000000077
:10B9D0000000000000000000000000000000000067
:10B9E000030000000000000008F201100000000049
:10B9F000342E312E300000000D0A2A2A2A2A2A2A43
:10BA00002A2A2A2A2A2A2A2A2A2A2A2A2A2A2A2A96
:10BA10002A2A2A2A2A2A2A2A2A2A2A2A2A2A2A2A86
:10BA20002A2A2A2A2A2A2A2A2A2A2A2A2A2A2A2A76
:10BA30002A2A2A2A2A2A2A2A2A2A2A2A2A2A2A2A66
:10BA40002A2A2A2A2A2A2A2A2A2A0D0A2A202020B1
:10BA500052656E6573617320465350204578616D61
:10BA6000706C652050726F6A65637420666F722017
:10BA7000725F646F63204D6F64756C6520202020B9
:10BA800020202020202020202020202020202020B6
:10BA900020202020202020202020202A0D0A2A20BB
:10BAA00020204578616D706C652050726F6A656307
:10BAB000742056657273696F6E20257320202020D4
:10BAC0002020202020202020202020202020202076
:10BAD0002020202020202020202020202020202066
:10BAE000202020202020202020202A0D0A2A20206B
:10BAF00020466C657820536F6674776172652050BC
:10BB000061636B2056657273696F6E2025642E2504
:10BB1000642E25642020202020202020202020208A
:10BB20002020202020202020202020202020202015
:10BB30002020202020202020202020202020202AFB
:10BB40000D0A2A2A2A2A2A2A2A2A2A2A2A2A2A2A92
:10BB50002A2A2A2A2A2A2A2A2A2A2A2A2A2A2A2A45
:10BB60002A2A2A2A2A2A2A2A2A2A2A2A2A2A2A2A35
:10BB70002A2A2A2A2A2A2A2A2A2A2A2A2A2A2A2A25
:10BB80002A2A2A2A2A2A2A2A2A2A2A2A2A2A2A2A15
:10BB90002A2A0D0A526566657220746F20726561EB
:10BBA000646D652E7478742066696C6520666F72AA
:10BBB000206D6F72652064657461696C73206F6EAF
:10BBC000204578616D706C652050726F6A65637492
:10BBD00020616E640D0A46535020557365722773B9
:10BBE000204D616E75616C20666F72206D6F72659D
:10BBF00020696E666F726D6174696F6E2061626F2D
:10BC0000757420725F646F63206472697665720D6B
:10BC10000A000000000000000A546869732065787B
:10BC2000616D706C652070726F6A65637420646505
:10BC30006D6F6E73747261746573207468652075BE
:10BC400073616765206F662074686520444F4320E8
:10BC500048414C206D6F64756C65206F6E20525AA0
:10BC600054324820646576696365732E0D0A546802
:10BC7000652070726F6A6563742073686F776361A3
:10BC800073657320444F43206576656E742D626141
:10BC9000736564206F7065726174696F6E73206381
:10BCA0006F6E666967757265642076696120746875
:10BCB000652046535020636F6E66696775726174C4
:10BCC0006F722E0D0A4561636820444F43206576EC
:10BCD000656E742069732073656C65637465642098
:10BCE000616E6420766572696669656420696E6458
:10BCF0006976696475616C6C792C20696E636C750A
:10BD000064696E6720436F6D70617269736F6E2036
:10BD10004D617463682C0D0A436F6D7061726973B5
:10BD20006F6E204D69736D617463682C204164648B
:10BD30006974696F6E204F766572666C6F772C2020
:10BD4000616E64205375627472616374696F6E20F2
:10BD5000556E646572666C6F772E0D0A4F6E2052B9
:10BD60005A5432482C20636F6D70617269736F6E24
:10BD7000206576656E7473206172652076657269E0
:10BD80006669656420627920706F6C6C696E6720EB
:10BD900074686520444F43206F7065726174696FE9
:10BDA0006E20636F6D706C65746520666C61672CC6
:10BDB0000D0A7768696C652061726974686D6574D5
:10BDC0006963206572726F72206576656E74732088
:10BDD000617265207665726966696564207573694C
:10BDE0006E672074686520504552495F4552523055
:10BDF00020696E74657272757074206D6563686118
:10BE00006E69736D2E0D0A546865206F70657261DE
:10BE100074696F6E2073746174757320616E642031
:10BE2000766572696669636174696F6E20726573A5
:10BE3000756C74732061726520646973706C6179CC
:10BE40006564206F6E2074686520546572612054AB
:10BE500065726D2E0D0A416E792041504920657240
:10BE6000726F72206F7220756E657870656374658D
:10BE70006420444F43206265686176696F72207761
:10BE8000696C6C206265207265706F7274656420E5
:10BE90006F6E2074686520636F6E736F6C652E0D16
:10BEA0000000000000000000525F444F435F4F70ED
:10BEB000656E20415049206661696C65640D0A0019
:10BEC0005B4552525D20496E2046756E6374696F02
:10BED0006E3A2025730000000D0A52657475726E6B
:10BEE0006564204572726F7220436F64653A20303A
:10BEF00078257820200D0A000D0A4576656E743A83
:10BF000020436F6D70617269736F6E204D61746351
:10BF10006800000000000000525F444F435F57720A
:10BF200069746520415049206661696C65640D0A39
:10BF300000000000000000000D0A444F4320436F42
:10BF40006D70617269736F6E204D617463682073E8
:10BF500075636365737366756C0000000000000014
:10BF60000D0A4576656E743A20436F6D7061726993
:10BF7000736F6E204D69736D61746368000000001B
:10BF80000D0A444F4320436F6D70617269736F6E89
:10BF9000204D69736D6174636820737563636573A5
:10BFA0007366756C000000000D0A4576656E743A84
:10BFB000204164646974696F6E204F766572666CA7
:10BFC0006F770000000000000D0A444F43204164D9
:10BFD000646974696F6E204F766572666C6F772046
:10BFE0007375636365737366756C00000000000011
:10BFF0000D0A4576656E743A2053756274726163FA
:10C0000074696F6E20556E646572666C6F770000A0
:10C010000D0A444F43205375627472616374696FF3
:10C020006E20556E646572666C6F772073756363FE
:10C0300065737366756C00000D0A556E73757070CC
:10C040006F7274656420444F43206576656E74009A
:10C050000D0A444F432045502066696E6973686538
:10C060006400000000000000636F6E6400000000C8
:10C070002F686F6D652F6769746C61622D72756EC4
:10C080006E65722F6275696C64732F657061702FB5
:10C09000744854385A4D3373542F302F65702D61C6
:10C0A000702D6465762F727A2D65702D61702D6408
:10C0B00065762F6578616D706C655F70726F6A650B
:10C0C0006374732F727A7432685F65766B2F646F56
:10C0D000632F646F635F727A7432685F65766B5F3B
:10C0E000636135355F305F65702F653273747564D9
:10C0F000696F2F727A2F6673702F696E632F61706C
:10C10000692F2E2E2F2E2E2F7372632F6273702F96
:10C110006D63752F616C6C2F6273705F6D6F6475EA
:10C120006C655F73746F702E680000000000000083
:10C130002E000000000000004C435F434F4C4C4178
:10C1400054450000000000004C435F4354595045E3
:10C1500000000000000000004C435F4D4F4E45546E
:10C1600041525900000000004C435F4E554D45526E
:10C1700049430000000000004C435F54494D450016
:10C180004C435F4D45535341474553000000000069
:10C19000494E460000000000696E66000000000085
:10C1A0004E414E00000000006E616E000000000075
:10C1B000303132333435363738396162636465661D
:10C1C00000000000000000003031323334353637D3
:10C1D0003839414243444546000000000000000059
:10C1E000286E756C6C290000300000000000000013
:10C1F00042616C6C6F63207375636365656465642D
:10C2000000000000000000002F646174612F6A6567
:10C210006E6B696E732F776F726B73706163652FCE
:10C22000474E552D746F6F6C636861696E2F617234
:10C230006D2D31332F7372632F6E65776C69622DAC
:10C2400063796777696E2F6E65776C69622F6C69A9
:10C2500062632F7374646C69622F6D707265632EF4
:10C260006300000000000000496E66696E69747921
:10C2700000000000000000004E614E0000000000C1
:10C280002F646174612F6A656E6B696E732F776FAF
:10C29000726B73706163652F474E552D746F6F6CB1
:10C2A000636861696E2F61726D2D31332F73726314
:10C2B0002F6E65776C69622D63796777696E2F6E73
:10C2C00065776C69622F6C6962632F7374646C6943
:10C2D000622F64746F612E63000000000000000094
:10C2E000000000000000000000000000000000004E
:10C2F000000000000000000000000000000000003E
:10C30000000000000000000000000000000000002D
:10C310000000000000000000000E0000000000000F
:10C32000000000000000000000000000000E0000FF
:10C3300000000000000000000000000000000000FD
:10C34000000E0000000000000000000000000000DF
:10C3500000000000000E00000000000000000000CF
:10C360000000000000000000FFFF000000000000CF
:10C37000FF000000DFFFFFFF900001100000000041
:10C38000000000000000000060F10110000000004B
:10C39000A0C3011000000000F0DE0110000000004A
:10C3A000000000000200000000000000000000008B
:10C3B000050000004F0200000500000050020000D0
:10C3C0000500000051020000050000004E020000C0
:10C3D000000000000000000000000000000000005D
:10C3E00090070110000000000000000000000000A5
:10C3F000F8C3011000000000000000000100000070
:10C400000000000000000000A0AE011000000000CD
:10C410000F000000FFFF000000000000000000000F
:10C42000000000000101000000500080000000003A
:10C4300000000000000000001300000000000000E9
:10C4400050C4011000000000E0C201100000000014
:10C450000400000007060000188800000108000022
:10C460001840000002080000184000000308000007
:10C47000188800000408000004000000000B000001
:10C48000040001000012000004000100011200007D
:10C49000040001000716000004000100001700005E
:10C4A000040001000117000004000100051700004E
:10C4B00048890100041B000048890100051B000099
:10C4C000040001000220000002000100032300001C
:10C4D0000200010004230000020001000523000007
:10C4E0000200010006230000000000000000000020
:10C4F000000000000000000000000000000000003C
:10C50000000000000000000000000000000000002B
:10C51000000000000000000000000000000000001B
:10C52000000000000000000000000000000000000B
:10C5300000000000000000000000000000000000FB
:10C5400000000000000000000000000000000000EB
:10C5500000000000000000000000000000000000DB
:10C5600000000000000000000000000000000000CB
:10C5700000000000000000000000000000000000BB
:10C5800000000000000000000000000000000000AB
:10C59000000000000000000000000000000000009B
:10C5A000000000000000000000000000000000008B
:10C5B000000000000000000000000000000000007B
:10C5C000000000000000000000000000000000006B
:10C5D000000000000000000000000000000000005B
:10C5E000000000000000000000000000000000004B
:10C5F000000000000000000000000000000000003B
:10C60000000000000000000000000000000000002A
:10C61000000000000000000000000000000000001A
:10C62000000000000000000000000000000000000A
:10C6300000000000000000000000000000000000FA
:10C6400000000000000000000000000000000000EA
:10C6500000000000000000000000000000000000DA
:10C6600000000000000000000000000000000000CA
:10C6700000000000000000000000000000000000BA
:10C6800000000000000000000000000000000000AA
:10C69000000000000000000000000000000000009A
:10C6A000000000000000000000000000000000008A
:10C6B000000000000000000000000000000000007A
:10C6C000000000000000000000000000000000006A
:10C6D000000000000000000000000000000000005A
:10C6E000000000000000000000000000000000004A
:10C6F000000000000000000000000000000000003A
:10C700000000000000000000000000000000000029
:10C710000000000000000000000000000000000019
:10C720000000000000000000000000000000000009
:10C7300000000000000000000000000000000000F9
:10C7400000000000000000000000000000000000E9
:10C7500000000000000000000000000000000000D9
:10C7600000000000000000000000000000000000C9
:10C7700000000000000000000000000000000000B9
:10C7800000000000000000000000000000000000A9
:10C790000000000000000000000000000000000099
:10C7A0000000000000000000000000000000000089
:10C7B0000000000000000000000000000000000079
:10C7C0000000000000000000000000000000000069
:10C7D0000000000000000000000000000000000059
:10C7E0000000000000000000000000000000000049
:10C7F0000000000000000000000000000000000039
:10C800000000000000000000000000000000000028
:10C810000000000000000000000000000000000018
:10C820000000000000000000000000000000000008
:10C8300000000000000000000000000000000000F8
:10C8400000000000000000000000000000000000E8
:10C8500000000000000000000000000000000000D8
:10C8600000000000000000000000000000000000C8
:10C8700000000000000000000000000000000000B8
:10C8800000000000000000000000000000000000A8
:10C890000000000000000000000000000000000098
:10C8A0000000000000000000000000000000000088
:10C8B0000000000000000000000000000000000078
:10C8C0000000000000000000000000000000000068
:10C8D0000000000000000000000000000000000058
:10C8E0000000000000000000000000000000000048
:10C8F0000000000000000000000000000000000038
:10C900000000000000000000000000000000000027
:10C910000000000000000000000000000000000017
:10C920000000000000000000000000000000000007
:10C9300000000000000000000000000000000000F7
:10C9400000000000000000000000000000000000E7
:10C9500000000000000000000000000000000000D7
:10C9600000000000000000000000000000000000C7
:10C9700000000000000000000000000000000000B7
:10C9800000000000000000000000000000000000A7
:10C990000000000000000000000000000000000097
:10C9A0000000000000000000000000000000000087
:10C9B0000000000000000000000000000000000077
:10C9C0000000000000000000000000000000000067
:10C9D0000000000000000000000000000000000057
:10C9E0000000000000000000000000000000000047
:10C9F0000000000000000000000000000000000037
:10CA00000000000000000000000000000000000026
:10CA10000000000000000000000000000000000016
:10CA20000000000000000000000000000000000006
:10CA300000000000000000000000000000000000F6
:10CA400000000000000000000000000000000000E6
:10CA500000000000000000000000000000000000D6
:10CA600000000000000000000000000000000000C6
:10CA700000000000000000000000000000000000B6
:10CA800000000000000000000000000000000000A6
:10CA90000000000000000000000000000000000096
:10CAA0000000000000000000000000000000000086
:10CAB0000000000000000000000000000000000076
:10CAC0000000000000000000000000000000000066
:10CAD0000000000000000000000000000000000056
:10CAE0000000000000000000000000000000000046
:10CAF0000000000000000000000000000000000036
:10CB00000000000000000000000000000000000025
:10CB10000000000000000000000000000000000015
:10CB20000000000000000000000000000000000005
:10CB300000000000000000000000000000000000F5
:10CB400000000000000000000000000000000000E5
:10CB500000000000000000000000000000000000D5
:10CB600000000000000000000000000000000000C5
:10CB700000000000000000000000000000000000B5
:10CB800000000000000000000000000000000000A5
:10CB90000000000000000000000000000000000095
:10CBA0000000000000000000000000000000000085
:10CBB0000000000000000000000000000000000075
:10CBC0000000000000000000000000000000000065
:10CBD0000000000000000000000000000000000055
:10CBE0000000000000000000000000000000000045
:10CBF0000000000000000000000000000000000035
:10CC00000000000000000000000000000000000024
:10CC10000000000000000000000000000000000014
:10CC20000000000000000000000000000000000004
:10CC300000000000000000000000000000000000F4
:10CC400000000000000000000000000000000000E4
:10CC500000000000000000000000000000000000D4
:10CC600000000000000000000000000000000000C4
:10CC700000000000000000000000000000000000B4
:10CC800000000000000000000000000000000000A4
:10CC90000000000000000000000000000000000094
:10CCA0000000000000000000000000000000000084
:10CCB0000000000000000000000000000000000074
:10CCC0000000000000000000000000000000000064
:10CCD0000000000000000000000000000000000054
:10CCE0000000000000000000000000000000000044
:10CCF0000000000000000000000000000000000034
:10CD00000000000000000000000000000000000023
:10CD10000000000000000000000000000000000013
:10CD20000000000000000000000000000000000003
:10CD300000000000000000000000000000000000F3
:10CD400000000000000000000000000000000000E3
:10CD500000000000000000000000000000000000D3
:10CD600000000000000000000000000000000000C3
:10CD700000000000000000000000000000000000B3
:10CD800000000000000000000000000000000000A3
:10CD90000000000000000000000000000000000093
:10CDA0000000000000000000000000000000000083
:10CDB0000000000000000000000000000000000073
:10CDC0000000000000000000000000000000000063
:10CDD0000000000000000000000000000000000053
:10CDE0000000000000000000000000000000000043
:10CDF0000000000000000000000000000000000033
:10CE00000000000000000000000000000000000022
:10CE10000000000000000000000000000000000012
:10CE20000000000000000000000000000000000002
:10CE300000000000000000000000000000000000F2
:10CE400000000000000000000000000000000000E2
:10CE500000000000000000000000000000000000D2
:10CE600000000000000000000000000000000000C2
:10CE700000000000000000000000000000000000B2
:10CE800000000000000000000000000000000000A2
:10CE90000000000000000000000000000000000092
:10CEA0000000000000000000000000000000000082
:10CEB0000000000000000000000000000000000072
:10CEC0000000000000000000000000000000000062
:10CED0000000000000000000000000000000000052
:10CEE0000000000000000000000000000000000042
:10CEF0000000000000000000000000000000000032
:10CF00000000000000000000000000000000000021
:10CF10000000000000000000000000000000000011
:10CF20000000000000000000000000000000000001
:10CF300000000000000000000000000000000000F1
:10CF400000000000000000000000000000000000E1
:10CF500000000000000000000000000000000000D1
:10CF600000000000000000000000000000000000C1
:10CF700000000000000000000000000000000000B1
:10CF800000000000000000000000000000000000A1
:10CF90000000000000000000000000000000000091
:10CFA0000000000000000000000000000000000081
:10CFB0000000000000000000000000000000000071
:10CFC0000000000000000000000000000000000061
:10CFD0000000000000000000000000000000000051
:10CFE0000000000000000000000000000000000041
:10CFF0000000000000000000000000000000000031
:10D000000000000000000000000000000000000020
:10D010000000000000000000000000000000000010
:10D020000000000000000000000000000000000000
:10D0300000000000000000000000000000000000F0
:10D0400000000000000000000000000000000000E0
:10D0500000000000000000000000000000000000D0
:10D0600000000000000000000000000000000000C0
:10D0700000000000000000000000000000000000B0
:10D0800000000000000000000000000000000000A0
:10D090000000000000000000000000000000000090
:10D0A0000000000000000000000000000000000080
:10D0B0000000000000000000000000000000000070
:10D0C0000000000000000000000000000000000060
:10D0D0000000000000000000000000000000000050
:10D0E0000000000000000000000000000000000040
:10D0F0000000000000000000000000000000000030
:10D10000000000000000000000000000000000001F
:10D11000000000000000000000000000000000000F
:10D1200000000000000000000000000000000000FF
:10D1300000000000000000000000000000000000EF
:10D1400000000000000000000000000000000000DF
:10D1500000000000000000000000000000000000CF
:10D1600000000000000000000000000000000000BF
:10D1700000000000000000000000000000000000AF
:10D18000000000000000000000000000000000009F
:10D19000000000000000000000000000000000008F
:10D1A000000000000000000000000000000000007F
:10D1B000000000000000000000000000000000006F
:10D1C000000000000000000000000000000000005F
:10D1D000C00001100000000000000000000000007E
:10D1E000000000000000000000000000000000003F
:10D1F000000000000000000000000000000000002F
:10D20000000000000000000000000000000000001E
:10D21000000000000000000000000000000000000E
:10D2200000000000000000000000000000000000FE
:10D2300000000000000000000000000000000000EE
:10D2400000000000000000000000000000000000DE
:10D2500000000000000000000000000000000000CE
:10D2600000000000000000000000000000000000BE
:10D2700000000000000000000000000000000000AE
:10D28000000000000000000000000000000000009E
:10D29000000000000000000000000000000000008E
:10D2A000000000000000000000000000000000007E
:10D2B000000000000000000000000000000000006E
:10D2C000000000000000000000000000000000005E
:10D2D000000000000000000000000000000000004E
:10D2E000000000000000000000000000000000003E
:10D2F000000000000000000000000000000000002E
:10D30000000000000000000000000000000000001D
:10D31000000000000000000000000000000000000D
:10D3200000000000000000000000000000000000FD
:10D3300000000000000000000000000000000000ED
:10D3400000000000000000000000000000000000DD
:10D3500000000000000000000000000000000000CD
:10D3600000000000000000000000000000000000BD
:10D3700000000000000000000000000000000000AD
:10D38000000000000000000000000000000000009D
:10D39000000000000000000000000000000000008D
:10D3A000000000000000000000000000000000007D
:10D3B000000000000000000000000000000000006D
:10D3C000000000000000000000000000000000005D
:10D3D000000000000000000000000000000000004D
:10D3E000000000000000000000000000000000003D
:10D3F000000000000000000000000000000000002D
:10D40000000000000000000000000000000000001C
:10D41000000000000000000000000000000000000C
:10D4200000000000000000000000000000000000FC
:10D4300000000000000000000000000000000000EC
:10D4400000000000000000000000000000000000DC
:10D4500000000000000000000000000000000000CC
:10D4600000000000000000000000000000000000BC
:10D4700000000000000000000000000000000000AC
:10D48000000000000000000000000000000000009C
:10D49000000000000000000000000000000000008C
:10D4A000000000000000000000000000000000007C
:10D4B000000000000000000000000000000000006C
:10D4C000000000000000000000000000000000005C
:10D4D000000000000000000000000000000000004C
:10D4E000000000000000000000000000000000003C
:10D4F000000000000000000000000000000000002C
:10D50000000000000000000000000000000000001B
:10D51000000000000000000000000000000000000B
:10D5200000000000000000000000000000000000FB
:10D5300000000000000000000000000000000000EB
:10D5400000000000000000000000000000000000DB
:10D5500000000000000000000000000000000000CB
:10D5600000000000000000000000000000000000BB
:10D5700000000000000000000000000000000000AB
:10D58000000000000000000000000000000000009B
:10D59000000000000000000000000000000000008B
:10D5A000000000000000000000000000000000007B
:10D5B000000000000000000000000000000000006B
:10D5C000000000000000000000000000000000005B
:10D5D000000000000000000000000000000000004B
:10D5E000000000000000000000000000000000003B
:10D5F000000000000000000000000000000000002B
:10D60000000000000000000000000000000000001A
:10D61000000000000000000000000000000000000A
:10D6200000000000000000000000000000000000FA
:10D6300000000000000000000000000000000000EA
:10D6400000000000000000000000000000000000DA
:10D6500000000000000000000000000000000000CA
:10D6600000000000000000000000000000000000BA
:10D6700000000000000000000000000000000000AA
:10D68000000000000000000000000000000000009A
:10D69000000000000000000000000000000000008A
:10D6A000000000000000000000000000000000007A
:10D6B000000000000000000000000000000000006A
:10D6C000000000000000000000000000000000005A
:10D6D000000000000000000000000000000000004A
:10D6E000000000000000000000000000000000003A
:10D6F000000000000000000000000000000000002A
:10D700000000000000000000000000000000000019
:10D710000000000000000000000000000000000009
:10D7200000000000000000000000000000000000F9
:10D7300000000000000000000000000000000000E9
:10D7400000000000000000000000000000000000D9
:10D750000000000000000000102001100000000088
:10D76000B01E011000000000601E0110000000004B
:10D77000A01F0110000000000000000000000000D9
:10D780000000000000000000000000000000000099
:10D790000000000000000000000000000000000089
:10D7A0000000000000000000000000000000000079
:10D7B0000000000000000000000000000000000069
:10D7C0000000000000000000000000000000000059
:10D7D0000000000000000000000000000000000049
:10D7E0000000000000000000000000000000000039
:10D7F0000000000000000000000000000000000029
:10D800000000000000000000000000000000000018
:10D810000000000000000000000000000000000008
:10D8200000000000000000000000000000000000F8
:10D8300000000000000000000000000000000000E8
:10D8400000000000000000000000000000000000D8
:10D8500000000000000000000000000000000000C8
:10D8600000000000000000000000000000000000B8
:10D8700000000000000000000000000000000000A8
:10D880000000000000000000000000000000000098
:10D890000000000000000000000000000000000088
:10D8A0000000000000000000000000000000000078
:10D8B0000000000000000000000000000000000068
:10D8C0000000000000000000000000000000000058
:10D8D0000000000000000000000000000000000048
:10D8E0000000000000000000000000000000000038
:10D8F0000000000000000000000000000000000028
:10D900000000000000000000000000000000000017
:10D910000000000000000000000000000000000007
:10D9200000000000000000000000000000000000F7
:10D9300000000000000000000000000000000000E7
:10D9400000000000000000000000000000000000D7
:10D9500000000000000000000000000000000000C7
:10D9600000000000000000000000000000000000B7
:10D9700000000000000000000000000000000000A7
:10D980000000000000000000000000000000000097
:10D990000000000000000000000000000000000087
:10D9A0000000000000000000000000000000000077
:10D9B0000000000000000000000000000000000067
:10D9C0000000000000000000000000000000000057
:10D9D0000000000000000000000000000000000047
:10D9E0000000000000000000000000000000000037
:10D9F0000000000000000000000000000000000027
:10DA00000000000000000000000000000000000016
:10DA10000000000000000000000000000000000006
:10DA200000000000000000000000000000000000F6
:10DA300000000000000000000000000000000000E6
:10DA400000000000000000000000000000000000D6
:10DA500000000000000000000000000000000000C6
:10DA600000000000000000000000000000000000B6
:10DA700000000000000000000000000000000000A6
:10DA80000000000000000000000000000000000096
:10DA90000000000000000000000000000000000086
:10DAA0000000000000000000000000000000000076
:10DAB0000000000000000000000000000000000066
:10DAC0000000000000000000000000000000000056
:10DAD0000000000000000000000000000000000046
:10DAE0000000000000000000000000000000000036
:10DAF0000000000000000000000000000000000026
:10DB00000000000000000000000000000000000015
:10DB10000000000000000000000000000000000005
:10DB200000000000000000000000000000000000F5
:10DB300000000000000000000000000000000000E5
:10DB400000000000000000000000000000000000D5
:10DB500000000000000000000000000000000000C5
:10DB600000000000000000000000000000000000B5
:10DB700000000000000000000000000000000000A5
:10DB80000000000000000000000000000000000095
:10DB90000000000000000000000000000000000085
:10DBA0000000000000000000000000000000000075
:10DBB0000000000000000000000000000000000065
:10DBC0000000000000000000000000000000000055
:10DBD0000000000000000000000000000000000045
:10DBE0000000000000000000000000000000000035
:10DBF0000000000000000000000000000000000025
:10DC00000000000000000000000000000000000014
:10DC10000000000000000000000000000000000004
:10DC200000000000000000000000000000000000F4
:10DC300000000000000000000000000000000000E4
:10DC400000000000000000000000000000000000D4
:10DC500000000000000000000000000000000000C4
:10DC600000000000000000000000000000000000B4
:10DC700000000000000000000000000000000000A4
:10DC80000000000000000000000000000000000094
:10DC90000000000000000000000000000000000084
:10DCA0000000000000000000000000000000000074
:10DCB0000000000000000000000000000000000064
:10DCC0000000000000000000000000000000000054
:10DCD0000000000000000000000000000000000044
:10DCE0000000000000000000000000000000000034
:10DCF0000000000000000000000000000000000024
:10DD00000000000000000000000000000000000013
:10DD10000000000000000000000000000000000003
:10DD200000000000000000000000000000000000F3
:10DD300000000000000000000000000000000000E3
:10DD400000000000000000000000000000000000D3
:10DD500000000000000000000000000000000000C3
:10DD600000000000000000000000000000000000B3
:10DD700000000000000000000000000000000000A3
:10DD80000000000000000000000000000000000093
:10DD90000000000000000000000000000000000083
:10DDA0000000000000000000000000000000000073
:10DDB0000000000000000000000000000000000063
:10DDC0000000000000000000000000000000000053
:10DDD0000000000000000000000000000000000043
:10DDE0000000000000000000000000000000000033
:10DDF0000000000000000000000000000000000023
:10DE00000000000000000000000000000000000012
:10DE10000000000000000000000000000000000002
:10DE200000000000000000000000000000000000F2
:10DE300000000000000000000000000000000000E2
:10DE400000000000000000000000000000000000D2
:10DE500000000000000000000000000000000000C2
:10DE600000000000000000000000000000000000B2
:10DE700000000000000000000000000000000000A2
:10DE80000000000000000000000000000000000092
:10DE90000000000000000000000000000000000082
:10DEA0000000000000000000000000000000000072
:10DEB0000000000000000000000000000000000062
:10DEC0000000000000000000595149413931296922
:10DED00021191061000000006273705F6173736547
:10DEE00072745F6368616E6E656C00000000000014
:10DEF0008015011000000000E01401100000000077
:10DF0000A010011000000000200E01100000000011
:10DF1000500F011000000000B00F011000000000C1
:10DF2000C00D011000000000F01201100000000000
:10DF30004010011000000000800C011000000000E3
:10DF4000E011011000000000AAAAAAAA0000020025
:10DF5000AAAAAAAAAAAAAAAAAAAAAAAAAAAAAAAA21
:10DF6000AAAAAAAA00000000A8AAAAAAAAAAAAAABB
:10DF7000AAAAAAAAAAAAAAAAAAAAAAAAAAAAAAAA01
:10DF8000AAAAAAAAAAAAAAAAAAAAAAAAAAAAAAAAF1
:10DF9000AAAAAAAAAAAAAAAAAAAAAAAAAAAAAAAAE1
:10DFA000AAAAAAAAAAAAAAAAAAAAAAAAAAAA020023
:10DFB0000000000000A0AAAA2AAAAAAAAAAAAAAA9D
:10DFC000AAAAAA2A00000080AAAAAAAA0AA8AAAAFB
:10DFD000AA02AAAAAAAA80AAAAAA2A00000080AA1B
:10DFE000AAA2828A82828282828282820200A0A087
:10DFF000820A2A08A0AAAAAAAAAAAAAAAAAAAA829D
:10E000000A2A0800000000000000000000000000D4
:10E010000000000000000000000000000000000000
:10E020000000AAAAAAAAAAAAAAAAAAAAAAAAAAAAA4
:10E03000AAAAAAAAAAAAAAAAAAAAAAAAAAAAAAAA40
:10E04000AAAA2A0000000000000000000000000052
:10E0500000000000000C000000000000000C0000A8
:10E0600000000000000C000000000000000C000098
:10E0700000000000000C000000000000000C000088
:10E0800000000000000C000000000000000C000078
:10E0900000000000000C000000000000000C000068
:10E0A00000000000000C000000000000000C000058
:10E0B00000000000000C000000000000000C000048
:10E0C00000000000000C000000000000000C000038
:10E0D0000000000000000000000000000000000040
:10E0E0000000000000000000000000000000000030
:10E0F0000000000000000000000000000000000020
:10E10000000000000000000000000000000000000F
:10E1100000000000000000000000000000000000FF
:10E1200000000000000000000000000000000000EF
:10E1300000000000000000000000000000000000DF
:10E1400000000000000000000000000000000000CF
:10E1500000000000000C000000000000000C0000A7
:10E1600000000000000C000000000000000C000097
:10E1700000000000000C000000000000000C000087
:10E1800000000000000C000000000000000C000077
:10E1900000000000000C000000000000000C000067
:10E1A00000000000000C000000000000000C000057
:10E1B00000000000000C000000000000000C000047
:10E1C00000000000000C000000000000000C000037
:10E1D00000000000000C000000000000000C000027
:10E1E00000000000000C000000000000000C000017
:10E1F00000000000000C000000000000000C000007
:10E2000000000000000C000000000000000C0000F6
:10E2100000000000000C000000000000000C0000E6
:10E2200000000000000C000000000000000C0000D6
:10E2300000000000000C000000000000000C0000C6
:10E2400000000000000C000000000000000C0000B6
:10E2500000000000000C000000000000000C0000A6
:10E2600000000000000C000000000000000C000096
:10E2700000000000000C000000000000000C000086
:10E2800000000000000C000000000000000C000076
:10E2900000000000000C000000000000000C000066
:10E2A00000000000000C000000000000000C000056
:10E2B00000000000000C000000000000000C000046
:10E2C00000000000000C000000000000000C000036
:10E2D00000000000000C000000000000000C000026
:10E2E00000000000000C000000000000000C000016
:10E2F00000000000000C000000000000000C000006
:10E3000000000000000C000000000000000C0000F5
:10E3100000000000000C000000000000000C0000E5
:10E3200000000000000C000000000000000C0000D5
:10E3300000000000000C000000000000000C0000C5
:10E3400000000000000C000000000000000C0000B5
:10E3500000000000000C000000000000000C0000A5
:10E3600000000000000C000000000000000C000095
:10E3700000000000000C000000000000000C000085
:10E3800000000000000C000000000000000C000075
:10E3900000000000000C000000000000000C000065
:10E3A00000000000000C000000000000000C000055
:10E3B00000000000000C000000000000000C000045
:10E3C00000000000000C000000000000000C000035
:10E3D00000000000000C000000000000000C000025
:10E3E00000000000000C000000000000000C000015
:10E3F00000000000000C000000000000000C000005
:10E4000000000000000C000000000000000C0000F4
:10E4100000000000000C000000000000000C0000E4
:10E4200000000000000C000000000000000C0000D4
:10E4300000000000000C000000000000000C0000C4
:10E4400000000000000C000000000000000C0000B4
:10E4500000000000000C000000000000000C0000A4
:10E4600000000000000C000000000000000C000094
:10E4700000000000000C000000000000000C000084
:10E4800000000000000C000000000000000C000074
:10E4900000000000000C000000000000000C000064
:10E4A00000000000000C000000000000000C000054
:10E4B00000000000000C000000000000000C000044
:10E4C00000000000000C000000000000000C000034
:10E4D00000000000000C000000000000000C000024
:10E4E00000000000000C000000000000000C000014
:10E4F00000000000000C000000000000000C000004
:10E5000000000000000C000000000000000C0000F3
:10E5100000000000000C000000000000000C0000E3
:10E5200000000000000C000000000000000C0000D3
:10E5300000000000000C000000000000000C0000C3
:10E5400000000000000C000000000000000C0000B3
:10E5500000000000000C000000000000000C0000A3
:10E5600000000000000C000000000000000C000093
:10E5700000000000000C000000000000000C000083
:10E5800000000000000C000000000000000C000073
:10E5900000000000000C000000000000000C000063
:10E5A00000000000000C000000000000000C000053
:10E5B00000000000000C000000000000000C000043
:10E5C00000000000000C000000000000000C000033
:10E5D00000000000000C000000000000000C000023
:10E5E00000000000000C000000000000000C000013
:10E5F00000000000000C000000000000000C000003
:10E6000000000000000C000000000000000C0000F2
:10E6100000000000000C000000000000000C0000E2
:10E6200000000000000C000000000000000C0000D2
:10E6300000000000000C000000000000000C0000C2
:10E6400000000000000C000000000000000C0000B2
:10E6500000000000000000000000000000000000BA
:10E6600000000000000000000000000000000000AA
:10E67000000000000000000000000000000000009A
:10E68000000000000000000000000000000000008A
:10E69000000000000000000000000000000000007A
:10E6A000000000000000000000000000000000006A
:10E6B000000000000000000000000000000000005A
:10E6C000000000000000000000000000000000004A
:10E6D000000000000000000000000000000000003A
:10E6E000000000000000000000000000000000002A
:10E6F000000000000000000000000000000000001A
:10E700000000000000000000000000000000000009
:10E7100000000000000000000000000000000000F9
:10E7200000000000000000000000000000000000E9
:10E7300000000000000000000000000000000000D9
:10E7400000000000000000000000000000000000C9
:10E7500000000000000C000000000000000C0000A1
:10E7600000000000000C000000000000000C000091
:10E7700000000000000C000000000000000C000081
:10E7800000000000000C000000000000000C000071
:10E7900000000000000C000000000000000C000061
:10E7A00000000000000C000000000000000C000051
:10E7B00000000000000C000000000000000C000041
:10E7C00000000000000C000000000000000C000031
:10E7D00000000000000C000000000000000C000021
:10E7E00000000000000C000000000000000C000011
:10E7F00000000000000C000000000000000C000001
:10E8000000000000000C000000000000000C0000F0
:10E8100000000000000C000000000000000C0000E0
:10E8200000000000000C000000000000000C0000D0
:10E8300000000000000C000000000000000C0000C0
:10E8400000000000000C000000000000000C0000B0
:10E8500009000000000000000900000000000000A6
:10E8600000202020202020202020282828282820A0
:10E870002020202020202020202020202020202098
:10E880002088101010101010101010101010101000
:10E8900010040404040404040404041010101010F0
:10E8A00010104141414141410101010101010101BA
:10E8B000010101010101010101010101101010100C
:10E8C000101042424242424202020202020202028C
:10E8D00002020202020202020202020210101010E0
:10E8E0002000000000000000000000000000000008
:10E8F0000000000000000000000000000000000018
:10E900000000000000000000000000000000000007
:10E9100000000000000000000000000000000000F7
:10E9200000000000000000000000000000000000E7
:10E9300000000000000000000000000000000000D7
:10E9400000000000000000000000000000000000C7
:10E9500000000000000000000000000000000000B7
:10E96000000000002303000000002003000000005E
:10E9700000000B03000000000003FC020000E502A1
:10E98000E8020000A7035700570057005700570040
:10E99000570057005700570000000000000000001B
:10E9A000000000000000330200009D028F033302CC
:10E9B0003302330200000000000000004F0300009B
:10E9C00000002903000000000000B702000052030D
:10E9D0000000000029050000000000000000000009
:10E9E000000000000000330200009D02D00433024A
:10E9F000330233026603D0046201000061030000A9
:10EA0000820343056E036B030000B7026201240515
:10EA1000000000003B050000620100000000000053
:10EA200030303030303030303030303030303030E6
:10EA300020202020202020202020202020202020D6
:10EA400005000000190000007D000000000000002B
:10EA50000080E03779C34143176E05B5B5B89346DA
:10EA6000F5F93FE9034F384D321D30F94877825AA6
:10EA70003CBF737FDD4F15750000000000000000F3
:10EA8000000000000000F03F0000000000002440F3
:10EA900000000000000059400000000000408F40CE
:10EAA000000000000088C34000000000006AF84039
:10EAB0000000000080842E4100000000D01263415D
:10EAC0000000000084D797410000000065CDCD41D3
:10EAD000000000205FA00242000000E876483742B4
:10EAE000000000A2941A6D42000040E59C30A24252
:10EAF0000000901EC4BCD64200003426F56B0C43C7
:10EB00000080E03779C3414300A0D885573476436D
:10EB100000C84E676DC1AB43003D9160E458E143CE
:10EB2000408CB5781DAF154450EFE2D6E41A4B4443
:10EB300092D54D06CFF08044F64AE1C7022DB54488
:10EB4000B49DD9794378EA44010000000200000036
:10EB5000000000000100000061436F63A787D23FFF
:10EB6000B3C8608B288AC63FFB799F501344D33FBC
:10EB70004275696C74207769746820525A2F54204A
:10EB8000466C657869626C6520536F667477617254
:10EB900065205061636B6167652076657273696F8C
:10EBA0006E20342E322E3000342E322E30000000F3
:08EBB000000002040000000057
:0400000510001000D7
:00000001FF
