:02000004401F9B
:10FE00000000204000000000FFFFDFBFFFFFFFFFFA
:10FE10000000204000000000FFFFDFBFFFFFFFFFEA
:10FE200060760100000000009F89FEFFFFFFFFFFDA
:10FE300000000000000000000000000000000000C2
:10FE400000000000000000000000000000000000B2
:10FE500000000000000000000000000000000000A2
:10FE60000000000000000000000000000000000092
:10FE70000000000000000000000000000000000082
:10FE80000000000000000000000000000000000072
:10FE90000000000000000000000000000000000062
:10FEA0000000000000000000000000000000000052
:10FEB0000000000000000000000000000000000042
:10FEC0000000000000000000000000000000000032
:10FED0000000000000000000000000000000000022
:10FEE0000000000000000000000000000000000012
:10FEF0000000000000000000000000000000000002
:10FF000000000000000000000000000000000000F1
:10FF100000000000000000000000000000000000E1
:10FF200000000000000000000000000000000000D1
:10FF300000000000000000000000000000000000C1
:10FF400000000000000000000000000000000000B1
:10FF500000000000000000000000000000000000A1
:10FF60000000000000000000000000000000000091
:10FF70000000000000000000000000000000000081
:10FF80000000000000000000000000000000000071
:10FF90000000000000000000000000000000000061
:10FFA0000000000000000000000000000000000051
:10FFB0000000000000000000000000000000000041
:10FFC0000000000000000000000000000000000031
:10FFD0000000000000000000000000000000000021
:10FFE000525A20465350204170706C6963617469A5
:10FFF0006F6E000000000000000000000000000024
:0200000440209A
:04000000C006001422
:10100000000000141F2003D51F2003D51F2003D587
:101010001F2003D51F2003D51F2003D51F2003D574
:101020001F2003D51F2003D51F2003D51F2003D564
:101030001F2003D51F2003D51F2003D51F2003D554
:101040001F2003D51F2003D51F2003D51F2003D544
:101050001F2003D51F2003D51F2003D51F2003D534
:101060001F2003D51F2003D51F2003D51F2003D524
:101070001F2003D51F2003D51F2003D51F2003D514
:101080002A0200141F2003D51F2003D51F2003D5DB
:101090001F2003D51F2003D51F2003D51F2003D5F4
:1010A0001F2003D51F2003D51F2003D51F2003D5E4
:1010B0001F2003D51F2003D51F2003D51F2003D5D4
:1010C0001F2003D51F2003D51F2003D51F2003D5C4
:1010D0001F2003D51F2003D51F2003D51F2003D5B4
:1010E0001F2003D51F2003D51F2003D51F2003D5A4
:1010F0001F2003D51F2003D51F2003D51F2003D594
:10110000C00100141F2003D51F2003D51F2003D5C5
:101110001F2003D51F2003D51F2003D51F2003D573
:101120001F2003D51F2003D51F2003D51F2003D563
:101130001F2003D51F2003D51F2003D51F2003D553
:101140001F2003D51F2003D51F2003D51F2003D543
:101150001F2003D51F2003D51F2003D51F2003D533
:101160001F2003D51F2003D51F2003D51F2003D523
:101170001F2003D51F2003D51F2003D51F2003D513
:101180007F2003D5FFFFFF171F2003D51F2003D5A6
:101190001F2003D51F2003D51F2003D51F2003D5F3
:1011A0001F2003D51F2003D51F2003D51F2003D5E3
:1011B0001F2003D51F2003D51F2003D51F2003D5D3
:1011C0001F2003D51F2003D51F2003D51F2003D5C3
:1011D0001F2003D51F2003D51F2003D51F2003D5B3
:1011E0001F2003D51F2003D51F2003D51F2003D5A3
:1011F0001F2003D51F2003D51F2003D51F2003D593
:10120000000000141F2003D51F2003D51F2003D585
:101210001F2003D51F2003D51F2003D51F2003D572
:101220001F2003D51F2003D51F2003D51F2003D562
:101230001F2003D51F2003D51F2003D51F2003D552
:101240001F2003D51F2003D51F2003D51F2003D542
:101250001F2003D51F2003D51F2003D51F2003D532
:101260001F2003D51F2003D51F2003D51F2003D522
:101270001F2003D51F2003D51F2003D51F2003D512
:10128000AA0100141F2003D51F2003D51F2003D55A
:101290001F2003D51F2003D51F2003D51F2003D5F2
:1012A0001F2003D51F2003D51F2003D51F2003D5E2
:1012B0001F2003D51F2003D51F2003D51F2003D5D2
:1012C0001F2003D51F2003D51F2003D51F2003D5C2
:1012D0001F2003D51F2003D51F2003D51F2003D5B2
:1012E0001F2003D51F2003D51F2003D51F2003D5A2
:1012F0001F2003D51F2003D51F2003D51F2003D592
:10130000400100141F2003D51F2003D51F2003D543
:101310001F2003D51F2003D51F2003D51F2003D571
:101320001F2003D51F2003D51F2003D51F2003D561
:101330001F2003D51F2003D51F2003D51F2003D551
:101340001F2003D51F2003D51F2003D51F2003D541
:101350001F2003D51F2003D51F2003D51F2003D531
:101360001F2003D51F2003D51F2003D51F2003D521
:101370001F2003D51F2003D51F2003D51F2003D511
:101380007F2003D5FFFFFF171F2003D51F2003D5A4
:101390001F2003D51F2003D51F2003D51F2003D5F1
:1013A0001F2003D51F2003D51F2003D51F2003D5E1
:1013B0001F2003D51F2003D51F2003D51F2003D5D1
:1013C0001F2003D51F2003D51F2003D51F2003D5C1
:1013D0001F2003D51F2003D51F2003D51F2003D5B1
:1013E0001F2003D51F2003D51F2003D51F2003D5A1
:1013F0001F2003D51F2003D51F2003D51F2003D591
:101400007F2003D5FFFFFF171F2003D51F2003D523
:101410001F2003D51F2003D51F2003D51F2003D570
:101420001F2003D51F2003D51F2003D51F2003D560
:101430001F2003D51F2003D51F2003D51F2003D550
:101440001F2003D51F2003D51F2003D51F2003D540
:101450001F2003D51F2003D51F2003D51F2003D530
:101460001F2003D51F2003D51F2003D51F2003D520
:101470001F2003D51F2003D51F2003D51F2003D510
:101480007F2003D5FFFFFF171F2003D51F2003D5A3
:101490001F2003D51F2003D51F2003D51F2003D5F0
:1014A0001F2003D51F2003D51F2003D51F2003D5E0
:1014B0001F2003D51F2003D51F2003D51F2003D5D0
:1014C0001F2003D51F2003D51F2003D51F2003D5C0
:1014D0001F2003D51F2003D51F2003D51F2003D5B0
:1014E0001F2003D51F2003D51F2003D51F2003D5A0
:1014F0001F2003D51F2003D51F2003D51F2003D590
:101500007F2003D5FFFFFF171F2003D51F2003D522
:101510001F2003D51F2003D51F2003D51F2003D56F
:101520001F2003D51F2003D51F2003D51F2003D55F
:101530001F2003D51F2003D51F2003D51F2003D54F
:101540001F2003D51F2003D51F2003D51F2003D53F
:101550001F2003D51F2003D51F2003D51F2003D52F
:101560001F2003D51F2003D51F2003D51F2003D51F
:101570001F2003D51F2003D51F2003D51F2003D50F
:101580007F2003D5FFFFFF171F2003D51F2003D5A2
:101590001F2003D51F2003D51F2003D51F2003D5EF
:1015A0001F2003D51F2003D51F2003D51F2003D5DF
:1015B0001F2003D51F2003D51F2003D51F2003D5CF
:1015C0001F2003D51F2003D51F2003D51F2003D5BF
:1015D0001F2003D51F2003D51F2003D51F2003D5AF
:1015E0001F2003D51F2003D51F2003D51F2003D59F
:1015F0001F2003D51F2003D51F2003D51F2003D58F
:101600007F2003D5FFFFFF171F2003D51F2003D521
:101610001F2003D51F2003D51F2003D51F2003D56E
:101620001F2003D51F2003D51F2003D51F2003D55E
:101630001F2003D51F2003D51F2003D51F2003D54E
:101640001F2003D51F2003D51F2003D51F2003D53E
:101650001F2003D51F2003D51F2003D51F2003D52E
:101660001F2003D51F2003D51F2003D51F2003D51E
:101670001F2003D51F2003D51F2003D51F2003D50E
:101680007F2003D5FFFFFF171F2003D51F2003D5A1
:101690001F2003D51F2003D51F2003D51F2003D5EE
:1016A0001F2003D51F2003D51F2003D51F2003D5DE
:1016B0001F2003D51F2003D51F2003D51F2003D5CE
:1016C0001F2003D51F2003D51F2003D51F2003D5BE
:1016D0001F2003D51F2003D51F2003D51F2003D5AE
:1016E0001F2003D51F2003D51F2003D51F2003D59E
:1016F0001F2003D51F2003D51F2003D51F2003D58E
:101700007F2003D5FFFFFF171F2003D51F2003D520
:101710001F2003D51F2003D51F2003D51F2003D56D
:101720001F2003D51F2003D51F2003D51F2003D55D
:101730001F2003D51F2003D51F2003D51F2003D54D
:101740001F2003D51F2003D51F2003D51F2003D53D
:101750001F2003D51F2003D51F2003D51F2003D52D
:101760001F2003D51F2003D51F2003D51F2003D51D
:101770001F2003D51F2003D51F2003D51F2003D50D
:101780007F2003D5FFFFFF171F2003D51F2003D5A0
:101790001F2003D51F2003D51F2003D51F2003D5ED
:1017A0001F2003D51F2003D51F2003D51F2003D5DD
:1017B0001F2003D51F2003D51F2003D51F2003D5CD
:1017C0001F2003D51F2003D51F2003D51F2003D5BD
:1017D0001F2003D51F2003D51F2003D51F2003D5AD
:1017E0001F2003D51F2003D51F2003D51F2003D59D
:1017F0001F2003D51F2003D51F2003D51F2003D58D
:10180000BF4100D5FD7BBFA9F24FBFA9F047BFA9DB
:10181000EE3FBFA9EC37BFA9EA2FBFA9E827BFA9B0
:10182000E61FBFA9E417BFA9E20FBFA9E007BFA940
:1018300000443BD521443BD5E007BFA9FE7FBFADA7
:10184000FC77BFADFA6FBFADF867BFADF65FBFAD58
:10185000F457BFADF24FBFADF047BFADEE3FBFADE8
:10186000EC37BFADEA2FBFADE827BFADE61FBFAD78
:10187000E417BFADE20FBFADE007BFAD03403ED5FB
:1018800022403ED5E20FBFA98A000094DF4103D574
:101890009F3F03D5DF3F03D5E417C1A805401ED500
:1018A00024401ED59F3F03D5DF3F03D5E007C1ACE1
:1018B000E20FC1ACE417C1ACE61FC1ACE827C1AC74
:1018C000EA2FC1ACEC37C1ACEE3FC1ACF047C1ACC4
:1018D000F24FC1ACF457C1ACF65FC1ACF867C1AC14
:1018E000FA6FC1ACFC77C1ACFE7FC1ACE007C1A808
:1018F00000441BD521441BD5E007C1A8E20FC1A8B5
:10190000E417C1A8E61FC1A8E827C1A8EA2FC1A80B
:10191000EC37C1A8EE3FC1A8F047C1A8F24FC1A85B
:10192000FD7BC1A8E0039FD6BF4100D5E007BFA95A
:10193000E20FBFA9E417BFA9E61FBFA9E827BFA907
:10194000EA2FBFA9EC37BFA9EE3FBFA9F047BFA957
:10195000F24FBFA9FD7BBFA900443BD521443BD535
:10196000E007BFA9FE7FBFADFC77BFADFA6FBFAD8B
:10197000F867BFADF65FBFADF457BFADF24FBFAD77
:10198000F047BFADEE3FBFADEC37BFADEA2FBFAD07
:10199000E827BFADE61FBFADE417BFADE20FBFAD97
:1019A000E007BFAD47000094E007C1ACE20FC1AC57
:1019B000E417C1ACE61FC1ACE827C1ACEA2FC1AC4B
:1019C000EC37C1ACEE3FC1ACF047C1ACF24FC1AC9B
:1019D000F457C1ACF65FC1ACF867C1ACFA6FC1ACEB
:1019E000FC77C1ACFE7FC1ACE007C1A800441BD5A9
:1019F00021441BD5FD7BC1A8F24FC1A8F047C1A867
:101A0000EE3FC1A8EC37C1A8EA2FC1A8E827C1A8BA
:101A1000E61FC1A8E417C1A8E20FC1A8E007C1A84A
:101A2000E0039FD60000000000000000000000005E
:101A300002000090007C011B03409952445045F97C
:101A40004373A77222008052810040B93F00036BAC
:101A5000480000546208C11A047D8052E37F40B2FE
:101A6000017CA49B3F0003EBA80000542108C21A8C
:101A7000207C0153200100341A00001442781F53C7
:101A80000008C21A007CA49B1F0003EB49FFFF540F
:101A90000000801213000014C0035FD61F2003D57E
:101AA00058AD2140000000000E0000141F2003D597
:101AB000300F209010422A9100021FD60000000033
:101AC000300F20901002299100021FD60000000064
:101AD0000000000000000000000000000000000006
:101AE000000400D11F0000F1C1FFFF54C0035FD606
:101B0000C006005800C01ED500C01CD500C018D5A6
:101B1000000080D200101ED500101CD5001018D572
:101B2000010600583F000091000080D240111ED5F0
:101B300040111CD51F111ED5DF3F03D50100805277
:101B4000210015322100163221001D3221001E32E3
:101B500021001F3201111ED5DF3F03D50200B0D294
:101B600002111CD5A00038D5A0001CD5000038D526
:101B700000001CD51F211CD58003005800E01BD598
:101B80001F870ED51F7108D57418009420030058C4
:101B9000410300583B0000941F7108D5351900948B
:101BA000000080D25301009400103ED5000040B2E6
:101BB00000101ED5DF3F03D54002005861020058D7
:101BC000300000941F7108D502190094B9040094E4
:101BD00000000014000000000030020000000000BF
:101BE000609621400000000000366E0100000000F9
:101BF000A01E204000000000901E204000000000B9
:101C0000101F204000000000D01E204000000000F7
:101C1000312E303000000000000000000000000005
:101C200000000000000000000000000000000000B4
:101C300000000000000000000000000000000000A4
:101C40000000000000000000000000000000000094
:101C50000000000000000000000000000000000084
:101C60000000000000000000000000000000000074
:101C70000000000000000000000000000000000064
:101C8000E417BFA9E61FBFA9E40300AAE18F1FF86C
:101C90009F0000F1E1000054E48740F89F0000F14C
:101CA000A1070054E417C1A8E61FC1A8C0035FD66E
:101CB000808440F8818440F8220000CB818440F881
:101CC0001F0000F1A0FEFF5443FC44D37F0000F14D
:101CD000000200540B0000141F2003D51F2003D561
:101CE0001F2003D51F2003D51F2003D51F2003D598
:101CF0001F2003D51F2003D51F2003D51F2003D588
:101D00000518C1A8251881A8630400F1A1FFFF549C
:101D1000420C40F2E00300541A0000141F2003D5C7
:101D20001F2003D51F2003D51F2003D51F2003D557
:101D30001F2003D51F2003D51F2003D51F2003D547
:101D40001F2003D51F2003D51F2003D51F2003D537
:101D50001F2003D51F2003D51F2003D51F2003D527
:101D60001F2003D51F2003D51F2003D51F2003D517
:101D70001F2003D51F2003D51F2003D51F2003D507
:101D80000514403825140038420400F1A1FFFF5427
:101D9000C8FFFF17818440F8828440F8420001CBDD
:101DA0003F0000F140F8FF54000080D243FC44D3D0
:101DB0007F0000F1C0020054050080D2060080D2EE
:101DC000100000141F2003D51F2003D51F2003D5AA
:101DD0001F2003D51F2003D51F2003D51F2003D5A7
:101DE0001F2003D51F2003D51F2003D51F2003D597
:101DF0001F2003D51F2003D51F2003D51F2003D587
:101E0000251881A8630400F1C1FFFF54420C40F281
:101E1000E00300541B0000141F2003D51F2003D52E
:101E20001F2003D51F2003D51F2003D51F2003D556
:101E30001F2003D51F2003D51F2003D51F2003D546
:101E40001F2003D51F2003D51F2003D51F2003D536
:101E50001F2003D51F2003D51F2003D51F2003D526
:101E60001F2003D51F2003D51F2003D51F2003D516
:101E70001F2003D51F2003D51F2003D51F2003D506
:101E800020140038420400F1C1FFFF54C2FFFF17C5
:101E90000000000000000000000000000000000042
:101EA000F01A204000000000F01A2040000000005E
:101EB000F03A0200000000000000000000000000F6
:101EC0000000000000000000000000000000000012
:101ED0006076214000000000607621400000000094
:101EE0006096214000000000E8AF214000000000A3
:101EF000F0CF21800000000008D021800000000009
:101F000000000000000000000000000000000000D1
:101F10000010204000000000F01A204000000000E7
:101F2000003002000000000000000000000000007F
:101F300000000000000000000000000000000000A1
:101F40000004004FFD7BB6A9FD030091E043019121
:101F5000F35301A9F55B02A9F76303A9F92300F97B
:101F6000FF5300B9FF5B00B9FFBB0079E00303AD8D
:101F7000E00304ADD3150094010000B0000000B0F0
:101F8000E4474139E34B4139E24F4139215040F9AF
:101F9000005440F9FB1A0094000000B0005840F9CA
:101FA000541B00946B00009420060035040000B020
:101FB000030000B0020000B0010000B0000000B05B
:101FC00019488852956840F9F901A072746040F987
:101FD000566440F9386C40F9177040F91F2003D55A
:101FE000E063019117010094F303002AE10315AAAD
:101FF000E00314AAB3010034E21A0094FD00009437
:10200000E103132AE00316AADE1A0094000020D48C
:10201000E06301910B010094E10315AAF303002A88
:10202000E00314AAB3FEFF35E5BB4079E20318AA2A
:10203000E4B74079E0830191E3B34079010880D2AD
:10204000A200621E8100621E6000621EE11C0094FC
:10205000E1830191E00317AACA1A0094E103192A47
:102060006000805205480094DEFFFF17F303002A4A
:102070000100009000000090215C40F9006040F9F0
:10208000C01A0094DB00009400000090E103132AC2
:10209000006440F9BB1A0094000020D4C4FFFF176D
:1020A00090402140000000009840214000000000C6
:1020B000C0422140000000003843214000000000E1
:1020C0005843214000000000704321400000000000
:1020D0009043214000000000B04321400000000078
:1020E000E04321400000000000000000000000006C
:1020F000200100341F08007140000054C0035FD667
:102100000100009000000090219C40F900A040F9DF
:10211000700F00140100009000000090219440F91D
:10212000009840F9AB0D00149848214000000000D1
:10213000F89B214000000000284B214000000000D7
:10214000B09B2140000000000000000000000000E3
:10215000FD7BBCA90300009001000090FD030091ED
:102160000200009021C841F9F55B02A9A005815247
:1021700076C441F9F35301A955CC41F9C002007965
:10218000FFFF0039E00315AABA0A0094A007003542
:1021900001000090E00315AA230080522200805223
:1021A00021D841F93F00003916090094F403002AB0
:1021B00000020034010000900000009021DC41F991
:1021C00013D441F9E00313AA6E1A009401000090A1
:1021D000E00313AA21F441F96A1A0094F55B42A9BD
:1021E000E003142AF35341A9FD7BC4A8C0035FD6C2
:1021F000010000900000809233E041F97F0200B9B5
:10220000000400F140060054610240B9A1FFFF3410
:10221000600240B91F04007180050054E1FF009185
:10222000E00315AA03008052220080527F0200B909
:1022300014090094F403002AA003003500008092E2
:102240007F0200B91F2003D5000400F1E00800540C
:10225000610240B9A1FFFF34600240B91F04007160
:1022600020080054E0FF40397F0200B91F94037139
:10227000E00300540000009013D441F9D4FFFF178D
:10228000F403002A010000900000009021D041F9E1
:1022900000D441F93B1A0094F55B42A9E003142AEB
:1022A000F35341A9FD7BC4A8C0035FD60100009091
:1022B0000000009021E841F913D441F9E00313AA8A
:1022C000301A0094C2FFFF177F0200B9010000908E
:1022D000000000909425805221E441F913D441F983
:1022E000E00313AA271A0094B9FFFF17E10316AA07
:1022F000E00315AA0300805242008052C1080094F6
:10230000F403002A40020035000080927F0200B9E9
:10231000000400F1E0000054610240B9A1FFFF3465
:10232000600240B97F0200B91F04007181F5FF54BB
:1023300001000090000000909425805221F041F9A6
:1023400000D441F90F1A0094A5FFFF170100009077
:102350000000009021DC41F900D441F9091A0094F1
:102360009FFFFF177F0200B901000090000000905E
:102370009425805221EC41F913D441F9E00313AACA
:10238000001A009492FFFF1700D021800000000087
:10239000A048214000000000089C214000000000EF
:1023A000E8432140000000005843214000000000A5
:1023B000F0CF218000000000104421400000000008
:1023C000405221400000000038442140000000003D
:1023D00060442140000000008844214000000000CB
:1023E000B844214000000000E84421400000000003
:1023F000FD7BBFA900000090FD030091001442F98D
:10240000E80A009460000035FD7BC1A8C0035FD6D8
:10241000FD7BC1A80100009000000090211842F946
:10242000001C42F9D7190014089C2140000000004C
:1024300010452140000000005843214000000000EA
:10244000FD7BBCA90100009003000090FD030091FA
:10245000210843F9F55B02A942068052750C43F945
:10246000F35301A922000039BF0200B9BF0A007965
:10247000A00B00B4F60300AA00000090F71B00F9BF
:1024800023008052171843F922008052E00317AA54
:102490005C080094F403002AA005003500000090B9
:1024A00001008092132043F97F0200B91F2003D559
:1024B000210400F140060054620240B9A2FFFF343B
:1024C000600240B91F04007180050054E00317AAA0
:1024D000E10315AA03008052C20080527F0200B9B6
:1024E00068080094F403002A8006003501008092F9
:1024F0007F0200B91F2003D5210400F120050054FC
:10250000620240B9A2FFFF34600240B91F040071AB
:1025100060040054010080D27F0200B91F2003D55F
:10252000A06A6138C06A2138210400913F1800F187
:1025300081FFFF54F55B42A9E003142AF35341A93C
:10254000F71B40F9FD7BC4A8C0035FD601000090D3
:1025500000000090211C43F9001443F989190094EC
:10256000F71B40F9E003142AF35341A9F55B42A994
:10257000FD7BC4A8C0035FD67F0200B901000090B4
:1025800000000090212C43F9001443F97D190094B8
:10259000F71B40F994258052F3FFFF177F0200B923
:1025A0000100009000000090212843F9001443F935
:1025B00074190094F7FFFF170100009000000090CD
:1025C000212443F9001443F96E190094F55B42A9E4
:1025D000E003142AF35341A9F71B40F9FD7BC4A87B
:1025E000C0035FD6010000900000009054008052AC
:1025F000211043F9001443F962190094F55B42A9D4
:10260000E003142AF35341A9FD7BC4A8C0035FD69D
:10261000F1CF218000000000F8CF218000000000F1
:1026200038452140000000005843214000000000D0
:10263000089C2140000000001044214000000000E0
:102640004052214000000000604421400000000092
:102650005845214000000000804521400000000056
:10266000A00000B402000090010840B9403C43F9CA
:10267000010000B9C0035FD64052214000000000B5
:10268000E0FF9F92E36F40B20000BAF22000008B9F
:102690001F0003EBC8000054E08F64B22100008BE0
:1026A00000008052410000F9C0035FD6E38361B2AD
:1026B0002300038BE47740B2E08762B27F0004EB33
:1026C0002000008B0190819A00008052410000F9A7
:1026D000C0035FD600000000000000000000000002
:1026E000E08B63B22000008BE36F40B21F0003EB6E
:1026F000C800005463040091000080522100038B45
:10270000410000F9C0035FD6E47740B2E38762B2CC
:10271000800400912300038B7F0004EB2000008BDA
:102720000190819A00008052410000F9C0035FD6F9
:10273000FD7BBCA90000009001000090FD0300910A
:10274000F35301A913F843F9F55B02A9F71B00F94C
:10275000600240B9000300340000009037FC43F9E8
:10276000160444F900000090000844F9150840F9E7
:10277000140440A9A20240F9E00314AA40003FD685
:10278000A30640F9F303002AE10240B9E00314AACA
:1027900002008052C142218B60003FD6F55B42A906
:1027A000E003132AF35341A9F71B40F9FD7BC4A8AA
:1027B000C0035FD6000000900300009037FC43F98F
:1027C000028080D2000044F901008052760444F96E
:1027D000FF0200B91F0000B9E00316AAB91A00945D
:1027E00020008052600200B9DFFFFF171F2003D5D1
:1027F0006C9A214000000000649A21400000000013
:10280000609A214000000000609621400000000016
:10281000784A214000000000000000000000000095
:10282000FD7BBEA902000090FD030091F35301A9B6
:10283000F40300AAF303012A407444F9000040B9EC
:10284000C0040034F3040034020000900100009042
:102850000000009027008052487844F9E30314AA4E
:10286000227C44F98542338B068044F9E700144BFF
:10287000010140B91F2003D5400040B91F00016B82
:10288000C0FFFF54C4486138210400113F0010719B
:1028900064000039E000030B21309F1A63040091AB
:1028A0009F280071A00000549F340071E000005484
:1028B0007F0005EB21FEFF54010100B9F35341A94C
:1028C000FD7BC2A8C0035FD6C44861389F28007151
:1028D00000FFFF54F9FFFF1796FFFF97DAFFFF177E
:1028E00000008052F6FFFF176C9A214000000000A4
:1028F000609A214000000000649A2140000000001E
:102900006096214000000000000000000000000070
:10291000FD7BBEA902000090FD030091F35301A9C5
:10292000F30300AAF403012A40C044F9000040B9AF
:10293000200200340000009003000090E10313AA7D
:10294000E203142A00C844F973C444F9030840F9A7
:10295000000040F97F0200B9630840F960003FD6EB
:10296000610240B9E1FFFF34F35341A9FD7BC2A8E6
:10297000C0035FD66FFFFF97EFFFFF171F2003D540
:102980006C9A214000000000689A2140000000007D
:10299000784A214000000000000000000000000014
:1029A000FD7BBEA901000090FD030091F30B00F92F
:1029B000F30300AA201C45F9000040B9A00300342D
:1029C000330300B4600640B9A0000836010000904F
:1029D00022008052212045F9220000B94002103621
:1029E0000000009001000090640A40B9002445F9FD
:1029F000222845F9030040B9010040B94448233872
:102A00003FFC0F7188000054010040B921040011FF
:102A1000010000B9010040B93FFC0F7149000054AA
:102A20001F0000B9F30B40F9FD7BC2A8C0035FD6BD
:102A300040FFFF97E3FFFF176C9A21400000000062
:102A4000689A214000000000649A214000000000C4
:102A5000609621400000000000000000000000001F
:102A6000FD7BBCA903000090FD030091639045F934
:102A7000F35301A9F403002AF30302AA600040F90A
:102A8000600000B4022440F9020300B49F4E0071BC
:102A90006803005400000090947E7C93F51300F9C5
:102AA000009445F91500148B006874B81F040031B8
:102AB00040020054E00301AAE103132A59FFFF97E3
:102AC0001F04003160020054A10E40B96002004BA7
:102AD0002100000BA10E00B9F51340F9F35341A9F1
:102AE000FD7BC4A8C0035FD6E11F00F9D119009493
:102AF000E11F40F9E6FFFF17F51340F915160094A2
:102B000021018052010000B900008012F4FFFF177C
:102B1000F51340F900008012F1FFFF171F2003D5C5
:102B2000E864214000000000709A2140000000008D
:102B3000FD7BBDA903000090FD03009163FC45F9F6
:102B4000F35301A9137C4093F51300F9F40301AA90
:102B5000F503022A600040F9600000B4012440F946
:102B6000A10300B47F4E0071C80300540000009020
:102B7000617E7C93000046F90200018B016861B818
:102B80003F040031E0020054BF0A0071A801005464
:102B9000BF060071000100541310138BE00314AA48
:102BA000740E00B9F35341A9F51340F9FD7BC3A896
:102BB000C0035FD6410C80B9940201ABE5FEFF541F
:102BC000E4150094C1028052010000B90000809217
:102BD000F5FFFF17971900947F4E007189FCFF5491
:102BE000DC15009421018052010000B900008092A0
:102BF000EDFFFF171F2003D5E8642140000000000F
:102C0000709A214000000000000000000000000059
:102C1000FD7BBCA903000090FD030091637C46F995
:102C2000F35301A9F303002AF40302AA600040F958
:102C3000600000B4022440F9420300B47F4E0071EA
:102C4000A804005400000090737E7C93F51300F9F3
:102C5000008046F91500138B006873B81F0400311B
:102C600080030054E00301AAE103142A29FFFF971F
:102C7000E103002AA003F837A20E40B98002004BFE
:102C80004200000BA20E00B99F02016B200100540C
:102C9000F51340F9F35341A9FD7BC4A8C0035FD6E7
:102CA000E11F00F963190094E11F40F9E4FFFF17E9
:102CB000A8150094E10300AA000080523F0000B96B
:102CC000F35341A9F51340F9FD7BC4A8C0035FD6B7
:102CD000F51340F99F15009421018052010000B9BD
:102CE00000008012ECFFFF17F51340F9000080127E
:102CF000E9FFFF171F2003D5E86421400000000012
:102D0000709A214000000000000000000000000058
:102D1000FD7BBEA901000090FD030091F30B00F9BB
:102D2000F303002A20CC46F9000040F9600000B40B
:102D3000012440F9E10100B47F4E007128020054E3
:102D400000000090737E7C9301D046F9206873B830
:102D50001F04003160010054020080120000805204
:102D6000226833B8F30B40F9FD7BC2A8C0035FD6DD
:102D7000301900947F4E007149FEFF541F2003D587
:102D800074150094E10300AA220180520000801211
:102D9000220000B9F4FFFF17E864214000000000A2
:102DA000709A2140000000000000000000000000B8
:102DB0000004004F03008452028080D20000805241
:102DC0003F3000F9200000AD200002AD230400B91F
:102DD000200001AD222400F9C0035FD600000000EE
:102DE000FD7BBEA901000090FD030091F30B00F9EB
:102DF000F303002A203047F9000040F9600000B4D6
:102E0000012440F9C10100B47F4E0071E801005473
:102E100001000090607E7C93213447F9206860B8FF
:102E20001F040031200100547F060071E0879F1AC3
:102E3000F30B40F9FD7BC2A8C0035FD6FD180094D8
:102E40007F4E007169FEFF5442150094E10300AA11
:102E50002201805200008052220000B9F5FFFF17C6
:102E6000E864214000000000709A2140000000004A
:102E700000000090004047F9E20900141F2003D52C
:102E8000089C21400000000000000000000000003D
:102E900000000090005047F9E20900141F2003D5FC
:102EA000089C21400000000000000000000000001D
:102EB000FD7BBFA9FD03009122FCFF97000080521B
:102EC000FD7BC1A8C0035FD6000000000000000029
:102ED0003F0000F1E40300AA041840FA20008052E9
:102EE00040010054860040B9A5CA88526568AA729C
:102EF000E0008052DF00056B81000054000080522A
:102F0000810C04A9822800F9C0035FD600000000EC
:102F1000C0008052C0035FD6000000000000000027
:102F200002504039C30980526500020A0550003939
:102F3000E203052A230440390308003923004039FD
:102F400004004079631043D3640400330400007923
:102F500023004039630008362308C0390301F837DD
:102F60002100403923000012210842D3611C012AAC
:102F70002100022A01500039C0035FD6A5001C328F
:102F80000550003942001B3223084039030800393C
:102F90002100403923000012210842D3611C012A7C
:102FA0002100022A01500039C0035FD60000000052
:102FB000FD7BBCA9FD030091F35301A9F30300AA13
:102FC000002440F9E00200B4041440A9F4A30091E5
:102FD000E49702A9030840F9830A00F9631640F94F
:102FE0006300403903080029010800B9612A40F94B
:102FF000010800F9612240F920003FD6602640F91F
:10300000A00000B4E28F42A9020C00A9810A40F995
:10301000010800F9F35341A9FD7BC4A8C0035FD6A2
:10302000F4A30091E00314AAEDFFFF1700000000D5
:10303000FD7BBEA9FD030091F30B00F9F30300AA89
:10304000001840F9011C40793F1040F26002005422
:103050000210407901284039642240B9433C0012F3
:10306000211C0012020218372304103744020035D5
:10307000820080521F2003D5632240F943FEFFB433
:10308000E00313AACBFFFF97601A40F9011C4079B7
:103090003F1040F2E1FDFF54F30B40F9FD7BC2A865
:1030A000C0035FD60202805283FE173602038052AD
:1030B000F2FFFF17600E40F901000039610E40F980
:1030C000602240B921040091610E00F90004005112
:1030D000602200B9A0FDFF35602240F960FDFFB419
:1030E0002200805201008052E6FFFF170201805249
:1030F000E2FFFF17000000000000000000000000D9
:103100001F0000F1241840FA60010054030040B988
:10311000A2CA88526268AA72E00080527F00026BE5
:10312000810000540004002F00008052200000FDA8
:10313000C0035FD620008052C0035FD600000000AD
:10314000E00500B4FD7BBDA9FD030091F35301A987
:10315000F30300AAF40301AAA1CA8852E000805236
:10316000620240B96168AA725F00016B21040054D9
:10317000602240B9800200B97F2200B9601640F990
:10318000001840F9000200B4010840F9000040F9BD
:10319000211040F920003FD6C0020035601640F9EA
:1031A000E1830091001840F9020840F9000040F95D
:1031B000421C40F940003FD6C0010035E02F40B925
:1031C000800200B9611A40F92018407900001F32CE
:1031D00020180079611A40F920184079E0FF0F3675
:1031E000221840790000805242781E12221800797D
:1031F000F35341A9FD7BC3A8C0035FD620008052D2
:10320000C0035FD6000000000000000000000000C6
:10321000000800B4FD7BBEA9FD030091F35301A992
:10322000F30300AAF403012AA1CA8852E0008052E5
:10323000620240B96168AA725F00016B0106005426
:1032400054060836621A40F961EF9F52000080521E
:10325000430840792100030A41080079611640F9CA
:10326000211C40F9A10000B4220840F9200040F9D7
:10327000411040F920003FD6621A40F97F1200B990
:103280004118407921001E3241180079611A40F935
:1032900022184079E2FF17362218407942781D1231
:1032A00022180079C0020035B4020036611640F9D8
:1032B0007F2200B900008052211840F9A10000B41B
:1032C000220840F9200040F9411040F920003FD683
:1032D000621A40F94118407921001F3241180079E3
:1032E000621A40F91F2003D541184079E1FF0F36DB
:1032F0004118407921781E1241180079F35341A9F1
:10330000FD7BC2A8C0035FD6C0008052E7FFFF1755
:1033100020008052C0035FD60000000000000000C3
:103320003F0000F1E30300AA4418407A041840FA71
:103330002000805241000054C0035FD6650040B9B0
:10334000A4CA88526468AA72E0008052BF00046B6D
:1033500041FFFF54601040B900020035651840F984
:10336000A408407984781812A4080079651840F9F7
:10337000A408407984781D12A4080079610400F93A
:10338000641840F9621000B98108407921001932AF
:1033900081080079C0035FD600018052C0035FD668
:1033A000C00300B4E60300AAA2CA88526268AA72E7
:1033B000E0008052C30040B97F00026BE10000547E
:1033C000C31840F92000805262084079420400127C
:1033D0005F00006B49000054C0035FD6FD7BBFA9AE
:1033E00062E19F52FD030091600840794400000AA9
:1033F00064080079DF0400F987081C32C01840F91E
:10340000C8FEFF9700008052C11840F927080079D4
:10341000FD7BC1A8C0035FD620008052C0035FD6E9
:10342000FD7BBDA9FD030091F35301A9E00800B4A1
:10343000F40300AAA0CA88526068AA72F3008052FE
:10344000810240B93F00006BA0000054E003132A42
:10345000F35341A9FD7BC3A8C0035FD6F51300F960
:103460009F0200B9801A40F91F080079811640F9BF
:10347000201440B9332840F9B2100094801640F966
:10348000002C40B9AF100094600640B9AD10009414
:10349000801640F9001C40B9AA100094801640F92B
:1034A000002440B9A71000943E110094F30300AA31
:1034B000000080D237110094811640F9E00313AA6E
:1034C00033008052026C81D22220A2F221004039C6
:1034D0002100130B6122C11A213C1053213C003200
:1034E000410800B9410840B92A1100942D110094F7
:1034F000F50300AA000080D226110094801640F93E
:103500002320A2D2010040396122C11A213C10536C
:10351000618405B9801640F9000040396222C01A62
:10352000610447B93300026AC1FFFF54E00315AAE2
:1035300018110094F51340F9E003132AF35341A93D
:10354000FD7BC3A8C0035FD633008052E003132A7B
:10355000F35341A9FD7BC3A8C0035FD60000000060
:10356000C0008052C0035FD60000000000000000D1
:103570003F0000F1E30300AA4418407A041840FA1F
:103580002000805241000054C0035FD6650040B95E
:10359000A4CA88526468AA72E0008052BF00046B1B
:1035A00041FFFF54602040B980000035610C00F9F4
:1035B000622000B9C0035FD600018052C0035FD60D
:1035C000FD7BBBA93F0000F1041840FAFD03009108
:1035D000F35301A934008052A02E0054F55B02A9D8
:1035E000F30301AA362840F9B62E00B4C11E40F9F3
:1035F000612E00B4F50300AAC00A40F9002E00B401
:10360000A20240B9A0CA88526068AA725F00006B2B
:10361000202F005462024039E00380520024C21A75
:1036200014000012202E0036601640B9402DF837E5
:10363000601E40B9002DF837602640B9C02CF8371D
:10364000602E40B9802CF837C00640B9402CF837BE
:10365000F76303A9F96B04A9B38602A9602240F9B4
:10366000A02200F9602640F9BF8204A9742E40B957
:10367000792A40F9E003142A77A2403931100094E6
:10368000987E4093BF100094E303002A615C40924F
:103690000200B052637C78D3E003142A631C60926A
:1036A000210003AA3B100094E1121D53E003142AE9
:1036B0002C10009401000090E003142A374846F9CA
:1036C000E17A78B843100094E003142A4100805254
:1036D0005410009421008052E003142A75100094C5
:1036E00000000090144C46F9957A38F8781640B9E5
:1036F0007A424039E003182A12100094A110009475
:10370000E303002A615C40920200B052637C78D3EC
:10371000E003182A631C6092210003AA1D10009484
:1037200041131D531A7F4093E003182A0D10009493
:10373000E003182AE17A7AB826100094E003182AE8
:10374000410080523710009421008052E003182A73
:1037500058100094957A3AF8380740B9390340393F
:10376000E003182AF70F009486100094E303002A60
:10377000615C40920200B052637C78D3E003182A67
:10378000631C6092210003AA0210009421131D53B0
:10379000197F4093E003182AF20F0094E003182ADF
:1037A000E17A79B80B100094E003182A41008052A6
:1037B0001C10009421008052E003182A3D10009450
:1037C000957A39F8781E40B979624039E003182AB1
:1037D000DC0F00946B100094E303002A615C4092BC
:1037E0000200B052637C78D3E003182A631C609215
:1037F000210003AAE70F009421131D53197F409362
:10380000E003182AD70F0094E003182AE17A79B868
:10381000F00F0094E003182A410080520110009438
:1038200021008052E003182A22100094957A39F87A
:10383000782640B979824039E003182AC10F0094F4
:1038400050100094E303002A615C40920200B052E1
:10385000637C78D3E003182A631C6092210003AADA
:10386000CC0F009421131D53197F4093E003182AB5
:10387000BC0F0094E003182AE17A79B83720A2D26D
:10388000D40F0094E003182A41008052E50F009401
:10389000E003182A2100805206100094957A39F826
:1038A00040100094F40300AA000080D23910009464
:1038B00061024039220080524120C11A2140012A70
:1038C000E18605B9600240394220C01A1F2003D5A5
:1038D000E10647B93F00026AC0FFFF54E00314AAA3
:1038E0002C100094340080522E100094F80300AA8B
:1038F000000080D22710009461024039006C81D210
:103900002020A2F22100140B8122C11A213C105365
:10391000010800B9010840B9000840B9E00318AA3D
:103920001C1000941F100094F80300AA000080D21D
:1039300018100094600240392220A2D28022C01ABE
:103940000040002AE08608B9600240398122C01A8E
:1039500054044AB99402016AC1FFFF54E00318AA53
:103960000C100094A01A40F91F080079A11A40F920
:1039700020184079003C001200041F322018007902
:10398000A01A40F9011040791F100079A01A40F9DF
:10399000012440791F240079C00A40B9001700347F
:1039A0001F040071370E8052410E80524000805239
:1039B000F702811A00149F1AA11A40F92008007911
:1039C000608640291F0C0071E0179F1A00641A538B
:1039D000A10000343F0C007101001B3200041C32B6
:1039E0000000811AA11A40F902001D32630E40B98D
:1039F0007F0400714000801A003C00122000007912
:103A0000662A40F9C00840B9010800513F0400711E
:103A1000E8120054A21A40F91F080071E0179F1A1B
:103A20000100801240500039A01A40F90108003905
:103A3000A11A40F920184079003C001200041F32FE
:103A400000601512023C001222180079A11640F9FC
:103A5000222840F9411840B9231000517F380071E5
:103A6000A80F005403A08F526120010B213C0012CB
:103A7000A31A40F9421C40B9612C0079410400119D
:103A80005F1C0071A21A40F90120012A2030801A1F
:103A900000741D12003C001240180079C00C40B99F
:103AA000A11A40F9000D00342050403900001E32A8
:103AB00020500039A01640F961008052BF0600F97D
:103AC000BF1200B9BF0E00F9BF2200B9A172007980
:103AD000131440B9E003132A7F7E00710C0B0054CD
:103AE000940F0094E003132A0E0F0094A01640F9DF
:103AF000132C40B9E003132A7F7E0071CC090054D7
:103B00008C0F0094E003132A060F0094D30640B9EB
:103B1000E003132A7F7E0071AC080054850F0094E7
:103B2000E003132AFF0E0094A01640F9131C40B9BD
:103B3000E003132A7F7E00716C0700547D0F009410
:103B4000E003132AF70E0094A01640F9132440B99D
:103B5000E003132A7F7E00712C060054750F009439
:103B6000E003132AEF0E0094A01A40F91708007919
:103B7000C02640B9A11A40F9400400342018407909
:103B800000001D3220180079A11A40F9A0CA8852FD
:103B9000A27240796068AA7222200079A00200B95E
:103BA000F55B42A9F76343A9F96B44A9E003142A22
:103BB000F35341A9FD7BC5A8C0035FD634008052F2
:103BC000E003142AF35341A9F55B42A9FD7BC5A884
:103BD000C0035FD6F55B42A9E003142AF35341A961
:103BE000FD7BC5A8C0035FD6F55B42A954AF8052E8
:103BF000EFFFFF17F55B42A9D4018052ECFFFF17DE
:103C0000A072407900041A32A0720079201840791D
:103C100000781C1220180079DCFFFF17F90E0094C1
:103C2000D0FFFF17F70E0094C6FFFF17F50E0094A4
:103C3000BCFFFF17F30E0094B3FFFF17F10E0094C3
:103C4000A9FFFF172050403900781D12205000397D
:103C500099FFFF17230400517F0800716801005489
:103C60000018012A0100805282FFFF17C10840F9A5
:103C7000A01A40F9ABFCFF976EFFFF17170E80529A
:103C8000000080524DFFFF170100805279FFFF179F
:103C9000D052214000000000509D21400000000053
:103CA0000100009021C446F920D860F8021440F9C0
:103CB000011040B9421C40F9020200B44100003436
:103CC000C0035FD6021840F941084079213C001238
:103CD00021001E3221781812213C0012410800797F
:103CE0001F0400F9012040F9C1FEFFB40210805208
:103CF00001008052AFFCFF17021840F961FEFF344B
:103D0000010440F92100403941180039020440F90A
:103D1000041840F942040091011040B9020400F96E
:103D200021040051011000B9831C4079633048D34D
:103D30007F3C0071A90100540E000014410040397D
:103D400081180039020440F9011040B94204009181
:103D5000020400F921040051011000B9041840F9CF
:103D60007F400071600000546304001181FEFF3544
:103D70008110407921781A1281100079011040B920
:103D800001FAFF35D0FFFF17509D214000000000D1
:103D9000FD7BBEA901000090FD03009121E846F9DA
:103DA000F30B00F933D860F8E00313AAA1FCFF97E6
:103DB000611A40F9A2FF9F52201040790000020AC8
:103DC00020100079F30B40F9FD7BC2A8C0035FD639
:103DD000509D214000000000000000000000000095
:103DE000FD7BBEA90200009021088012FD03009116
:103DF000423C47F9F35301A954D860F8801A40F9BE
:103E000013104079733E00126102010A011000791B
:103E1000F302003773023036821A40F980108012A4
:103E2000831240B9410840797F000071213C0012A3
:103E30002000000A21781D122110801A4108007903
:103E4000802240F9E00000B4E00314AA420080524E
:103E5000F35341A901008052FD7BC2A855FCFF1716
:103E6000F35341A9FD7BC2A8C0035FD6E00314AAA7
:103E700070FCFF97E8FFFF17509D214000000000F5
:103E800001000090215847F920D860F8011840F946
:103E900022104079403C00125F0079F2027818123B
:103EA0000000821A20100079C0035FD61F2003D5BE
:103EB000509D2140000000000000000000000000B4
:103EC0000100009021A847F920D860F8031840F9B4
:103ED0006210407961244079443C0012213C001278
:103EE00082002037C1020036020480520D00001407
:103EF00084781B12843C0012210100376410007981
:103F000002088052031840F961240079012040F929
:103F1000410100B40100805226FCFF17020C8052C0
:103F20006410007921381F12031840F961240079C8
:103F3000012040F901FFFFB5C0035FD6641000798E
:103F4000001840F901240079C0035FD61F2003D573
:103F5000509D214000000000000000000000000013
:103F6000FD7BBDA9FD030091F35301A9F30300AA52
:103F7000142840F9B40400B4820E40A9E20F02A94B
:103F8000602E40F9800200F9810A00B9600240F910
:103F9000011440F9610000B462E64039A202003623
:103FA000001840F9600000B461E640398101003733
:103FB000612640F9E00314AA20003FD6602A40F9A8
:103FC000600000B4E20F42A9020C00A97FEE0039A4
:103FD000F35341A9FD7BC3A8C0035FD6010840F994
:103FE000000040F9211040F920003FD6F1FFFF17F3
:103FF000220840F9200040F9411040F920003FD646
:10400000600240F9E7FFFF17F4830091DDFFFF171F
:10401000FD7BBDA9FD030091F35301A9F30300AAA1
:1040200000D840391F0C007140020054F51300F90C
:1040300074DE4039600E40F975D240399F06007138
:104040004002005415F0003961DE403960E2403929
:104050002104005161DE00390004001160E20039E2
:10406000F51340F9F35341A9FD7BC3A8C0035FD604
:1040700060E240391F080071A1FDFF546002413920
:1040800020FF0736EAFFFF17610240F9211440F9CB
:10409000A1FDFFB462E6403962FD0737622A40B9EC
:1040A00022FDFF34210440F900F00091621240F932
:1040B000210040F9220400F9610240F9211440F97D
:1040C000210440F9210040F9200800F9600240F97C
:1040D000615A4079001440F9000440F9000040F9A9
:1040E00001340079600240F9001440F9018840A9C8
:1040F000000040F9210040F9420440F940003FD659
:1041000074FE0039612A40B9600E40F97F860529A6
:10411000CDFFFF17000000000000000000000000BD
:10412000FD7BBDA9FD030091F35301A9F30300AA90
:1041300020008052F51300F9610240F9352440F95E
:10414000580D0094F403002AE0018052550D0094AC
:10415000610E40F92320403922D0403964F24039C1
:10416000631844D3440200370024C31A42100012DB
:10417000800AC01A007C021B007C0253000100353B
:10418000F35341A900018052F51340F9FD7BC3A808
:10419000C0035FD60004007140FFFF542210403975
:1041A000A2FF3F373F1C00B9610E40F97FEE003996
:1041B0007FF600397FFA003960DA4039622A40B967
:1041C0007FFE003962FE052960DE00397FE200399A
:1041D0007F020139A20240295F040071E2179F1A91
:1041E000421000114004002A001C0012200C00B9EB
:1041F000610E40F92040403900001C322040003957
:10420000610E40F92040403900781C1220400039EE
:10421000610E40F92040403900781B1220400039DF
:10422000610E40F920504039000000322050003922
:10423000600240F9001840B93A0D0094600E40F950
:10424000E1178052011C00B960F2403920010037AB
:10425000600E40F941008052010400B9F35341A9B6
:1042600000008052F51340F9FD7BC3A8C0035FD660
:104270007FF20039FAFFFF17000000000000000085
:10428000FD7BBEA9FD030091F30B00F9F30300AA27
:1042900001FC4039002C40B9C10000367FFE0039D6
:1042A00060040034F30B40F9FD7BC2A8C0035FD665
:1042B000610E40F9A002003520704039001800124C
:1042C00020700039610E40F920704039E0FF3F371F
:1042D000600240F9001C40B91F7C00712D010054A0
:1042E000480D0094610E40F92070403900001A32E8
:1042F00020700039F30B40F9FD7BC2A8C0035FD6E4
:104300008C0D0094F8FFFF17621240F9603240B93B
:104310004068603820F0003960864529000400516B
:104320002104001160860529E0FBFF35610E40F98C
:10433000E2FFFF1700000000000000000000000086
:10434000FD7BBDA9FD030091F35301A9F30300AA6E
:1043500000F44039C0070037602A40B91F080071D7
:10436000A8000054610E40F92040403900001A3284
:1043700020400039602E40B91F040071400A0054EB
:10438000610240F9600E40F9211840F9E10400B4DF
:1043900062E64039A2040036622A40B95F0C00711F
:1043A00049040054210440F900000191210040F922
:1043B000200400F9600240F9611240F9001840F948
:1043C000000440F9000040F9010800F9610240F9D9
:1043D000602A40B9211840F9000C0051003C00123D
:1043E000210440F9210040F920340079600240F9AD
:1043F000001840F9018840A9000040F9210040F967
:10440000420440F940003FD6600E40F963008052FC
:10441000612A40B92200805262FA0039210C005111
:10442000638605291F2003D50000413921008052F1
:10443000001C0012E0BF0039E0BF403961F60039CE
:10444000F35341A9FD7BC3A8C0035FD660FA40398E
:10445000A00000367FFA0039F35341A9FD7BC3A8C1
:10446000C0035FD6742E40B9D4FEFF349F0E007196
:10447000600600549F0A0071800400549F0600717A
:1044800080060054628641A903000090603240B962
:1044900061F842FD420041392268203860C242FC86
:1044A0000084A10E0000261E60C202FCA0FCFF35A5
:1044B000610E40F92040403900781912204000393F
:1044C000E0FFFF17610E40F92040403900001C3228
:1044D00020400039610E40F92040403900001D3273
:1044E00020400039610E40F92040403900781B120D
:1044F00020400039610240F9600E40F9211840F96E
:1045000081F4FFB5C9FFFF17610E40F92040403923
:1045100000001C3220400039610E40F92040403933
:1045200000001D3220400039610E40F92040403922
:1045300000781B1220400039D3FFFF17610E40F9AD
:104540002040403900001A3220400039CEFFFF17CA
:1045500060EA403940010037610E40F9E31E8052A5
:1045600002018052202440B90000030A202400B92F
:10457000600E40F9020400B9C3FFFF17600240F962
:10458000001840B96F0C0094610E40F9820080520F
:10459000207040390060193220700039610E40F9F6
:1045A0002040403900001C3220400039610E40F9A3
:1045B0002040403900781C1220400039610E40F93B
:1045C0002040403900781B1220400039600E40F92D
:1045D000020400B9610E40F92050403900781F12E2
:1045E0002050003974F20039A7FFFF171F2003D5B0
:1045F000FFFFFFFF010000000000000000000000BE
:10460000631C0012400200B403E80039010200B448
:10461000041040B9632889522349AA729F00036B92
:10462000A1010054032440F9230100B4030C40B954
:10463000011000F9022800B91F0401397F0400713C
:10464000E00000541FE40039B6FEFF17200080523E
:10465000C0035FD6E0008052C0035FD6010840B9B6
:1046600002208052025003781FE4003921181F53A2
:1046700001D00039ABFEFF17000000000000000071
:104680001F0000F1631C00124418407A61000054BE
:1046900020008052C0035FD603E80039A1FFFFB4B9
:1046A000041040B9632889522349AA729F00036B02
:1046B00041020054032440F9C3FEFFB4030C40B987
:1046C000011000F9022800B91F0401397F040071AC
:1046D000E1000054010840B90220805202500378E2
:1046E00021181F532100003201D0003921008052CF
:1046F00001E400398BFEFF17E0008052C0035FD653
:10470000FD7BBBA905488852E501A072FD0300911D
:10471000F35301A9F40301AAF30300AAF55B02A96C
:10472000E41E8052E20E8052F76303A963168052A2
:10473000F92300F9010C40F9060040F92000403946
:10474000D52440F90018001220000039610E40F90C
:104750002000403900001A3220000039610E40F973
:10476000200040390060193220000039610E40F904
:10477000A02A403900081B32203400B9610E40F9EC
:10478000A026403900081B32203800B9610E40F9DC
:10479000A022403900081C5300001D32200800B937
:1047A000A1024029660E40F93F040071E1179F1AEB
:1047B000211000112004002A001C0012C00C00B9B6
:1047C000610E40F9A02E403900040051001C001277
:1047D000201000B9610240F9600E40F9210440B98F
:1047E0003F00056B4210841A021400B9600E40F9B4
:1047F0001F1800B9600E40F9031C00B9B61E40B97D
:10480000974240395F0C0094E303002A0200B05243
:10481000615C4092E003162A637C78D3D97E409392
:10482000631C6092210003AADA0B0094E1121D536D
:10483000E003162ACB0B009401000090E003162A37
:10484000382C46F9017B79B8E20B0094E003162A74
:1048500041008052F30B0094E003162A210080529D
:10486000140C009400000090173046F9E003162A5B
:10487000F37A39F8DF7E0071EC1C00542D0C0094A3
:10488000E003162AA70B0094B61A40B999424039A2
:104890003C0C0094E303002A615C40920200B05299
:1048A000637C78D3E003162A631C6092210003AA7C
:1048B000B80B009421131D53D97E4093E003162AB0
:1048C000A80B0094E003162A017B79B8C10B009471
:1048D000E003162A41008052D20B0094E003162A0E
:1048E00021008052F30B0094F37A39F8E003162A82
:1048F000DF7E0071CC1A00540E0C0094E003162ADF
:10490000880B0094B61640B9994240391D0C0094AA
:10491000E303002A615C40920200B052637C78D3CA
:10492000E003162A631C6092210003AA990B0094ED
:1049300021131D53D97E4093E003162A890B00945E
:10494000E003162A017B79B8A20B0094E003162A33
:1049500041008052B30B0094E003162A21008052DC
:10496000D40B0094F37A39F8E003162ADF7E007145
:10497000AC160054EF0B0094E003162A690B009468
:10498000B61240B999424039FE0B0094E303002A65
:10499000615C40920200B052637C78D3E003162A37
:1049A000631C6092210003AA7A0B009421131D530B
:1049B000D97E4093E003162A6A0B0094E003162A7E
:1049C000017B79B8830B0094E003162A41008052E2
:1049D000940B0094E003162A21008052B50B00943A
:1049E000F37A39F8E003162ADF7E00718C12005446
:1049F000D00B0094E003162A4A0B0094B50E40B980
:104A000096424039DF0B0094E303002A615C409238
:104A10000200B052637C78D3E003152A631C6092D5
:104A2000210003AA5B0B0094C1121D53B67E409374
:104A3000E003152A4B0B0094E003152A017B76B89E
:104A4000640B0094E003152A41008052750B00941A
:104A5000E003152A21008052960B0094F37A36F871
:104A6000E003152ABF7E00716C0E0054B10B009458
:104A7000E003152A2B0B0094951A40B99642403951
:104A8000C00B0094E303002A615C40920200B05224
:104A9000637C78D3E003152A631C6092210003AA8B
:104AA0003C0B0094C1121D53B67E4093E003152ABF
:104AB0002C0B0094E003152A017B76B8450B00947B
:104AC000E003152A41008052560B0094E003152A9A
:104AD00021008052770B0094F37A36F8E003152A10
:104AE000BF7E00714C0A0054920B0094E003152A1B
:104AF0000C0B0094951E40B996424039A10B0094CE
:104B0000E303002A615C40920200B052637C78D3D8
:104B1000E003152A631C6092210003AA1D0B009478
:104B2000C1121D53B67E4093E003152A0D0B00946D
:104B3000E003152A017B76B8260B0094E003152AC2
:104B400041008052370B0094E003152A2100805267
:104B5000580B0094F37A36F8E003152ABF7E0071F3
:104B60002C060054730B0094E003152AED0A009400
:104B7000951640B994424039820B0094E303002A11
:104B8000615C40920200B052637C78D3E003152A46
:104B9000631C6092210003AAFE0A009481121D5337
:104BA000B47E4093E003152AEE0A0094E003152A30
:104BB000017B74B8070B0094E003152A4100805272
:104BC000180B0094E003152A21008052390B009441
:104BD000F37A34F8E003152ABF7E00710C0200540A
:104BE000540B0094E003152ACE0A0094610E40F99C
:104BF000200040390078191220000039F35341A9F0
:104C0000F55B42A9F76343A9F92340F9FD7BC5A8E9
:104C1000C0035FD6FB0A00941AFFFF17F90A00943D
:104C2000F1FFFF17F70A0094D0FFFF17F50A009471
:104C3000AFFFFF17F30A00948EFFFF17F10A0094ED
:104C40006DFFFF17EF0A00944CFFFF17ED0A009469
:104C50002BFFFF171F2003D5D0522140000000007A
:104C6000509D2140000000000000000000000000F6
:104C7000FD7BBCA93F0000F1041840FAFD03009140
:104C8000F55B02A935008052C0100054F35301A90E
:104C9000F40300AAF30301AA202440F9A01000B4F1
:104CA000011040F9611000B4621640B9350080521D
:104CB000C210F837621A40B98210F837621E40B944
:104CC0004210F837020C40B90210F837021440B90C
:104CD000C20FF837021040B9820FF837021840B9F6
:104CE000420FF837001C40B9000FF837821240B964
:104CF000602889522049AA725F00006B000F00549F
:104D000062024039E001805255AF80520028C21A39
:104D1000C00D0036F71B00F93620A2D2930200F92D
:104D2000810E00F9600A40B9800A00B9600E40B9EE
:104D3000800E00B9601E40F9802600F9602240F91B
:104D40009F0205A9170B0094F50300AA000080D26A
:104D5000100B009461024039220080524120C11A98
:104D60002140012AC18205B9600240394220C01A9F
:104D7000C10247B93F00026AC0FFFF54E00315AA11
:104D8000040B009435008052060B0094F70300AA30
:104D9000000080D2FF0A009461024039006C81D289
:104DA0002020A2F221280011A122C11A213C105377
:104DB000010800B9010840B9000840B9E00317AA8A
:104DC000F40A0094F70A0094F70300AA000080D2C6
:104DD000F00A0094610240392220A2D2A122C11A15
:104DE0002140012AC18208B960024039A122C01ABB
:104DF00055004AB9B502016AC1FFFF54E00317AA82
:104E0000E40A0094E10313AAE00314AA3DFEFF970D
:104E1000611A40F9610100B4200440F90201A05276
:104E2000000040F9020000B9200040F9218840A9A3
:104E3000420040F940003FD6F603002A2006003524
:104E4000611640F9610100B4200440F90200A1524A
:104E5000000040F9020000B9200040F9218840A973
:104E6000420040F940003FD6F603002AE003003537
:104E70009FE60039602889529FEA00392049AA72CA
:104E80009FEE0039801200B99F1200F99F1600F9B9
:104E90009F3200B99FF20039F35341A9F71B40F943
:104EA000E003152AF55B42A9FD7BC4A8C0035FD6C9
:104EB00035008052E003152AF35341A9F55B42A95E
:104EC000FD7BC4A8C0035FD6F35341A9E003152AB4
:104ED000F55B42A9FD7BC4A8C0035FD6F35341A98B
:104EE000D5018052EFFFFF17601A40F9A00000B40F
:104EF000010840F9000040F9212040F920003FD688
:104F0000A80A0094F30300AA000080D2A10A00942A
:104F1000810240F9E00313AA026C81D2330080526F
:104F20002220A2F221004039212800116122C11A59
:104F3000213C1053213C0032410800B9410840B9DE
:104F4000940A0094970A0094F50300AA000080D206
:104F5000900A0094800240F92320A2D20100403937
:104F60006122C11A213C1053618005B9800240F9C9
:104F7000000040396222C01A610047B93F00026A4E
:104F8000C1FFFF54E00315AAF503162A810A009415
:104F9000F35341A9F71B40F9C2FFFF1700000000BF
:104FA000FD7BBDA9FD030091F35301A9600D00B481
:104FB000010040F9F40300AA010D00B4F51300F953
:104FC000352440F9550D00B4021040B961288952CA
:104FD0002149AA72F30080525F00016BC0000054A7
:104FE000F51340F9E003132AF35341A9FD7BC3A84D
:104FF000C0035FD6010C40F93F1C00B9010040F925
:10500000C0FDFF979FF20039800E40F99FEA0039FA
:1050100082DA403961168052832A40B99F8E052971
:1050200082E20039011C00B9800E40F91F1C00B952
:105030009F1200B9800240F9011840F9C10000B484
:10504000220840F9200040F9412040F920003FD6D5
:10505000800240F9001440F9A00000B4010840F9B2
:10506000000040F9212040F920003FD6A01E40B9A1
:10507000B4090094A01A40B9B2090094A01240B932
:10508000B0090094A01640B9AE090094A00E40B932
:10509000AC090094800240F9001440B9A9090094B9
:1050A000800240F9001C40B9A6090094800240F932
:1050B000001840B9A30900943A0A0094F30300AA27
:1050C000000080D2330A0094810240F9E00313AA61
:1050D000026C81D2330080522220A2F2210040399A
:1050E000212800116122C11A213C1053213C0032B9
:1050F000410800B9410840B9260A0094290A0094E1
:10510000F50300AA000080D2220A0094800240F930
:105110002320A2D2010040396122C11A213C105340
:10512000618005B9800240F9000040396222C01A4E
:10513000610047B93300026AC1FFFF54E00315AABA
:10514000140A0094F51340F9E003132AF35341A91C
:10515000FD7BC3A8C0035FD633008052E003132A4F
:10516000F35341A9FD7BC3A8C0035FD6330080522F
:10517000E003132AF35341A9F51340F9FD7BC3A8BB
:10518000C0035FD600000000000000000000000027
:105190000100009021D040F920D860F869FCFF1789
:1051A000509D2140000000000000000000000000B1
:1051B0000100009021EC40F920D860F801DC403972
:1051C000A100003501E44039410000372DFCFF17F4
:1051D000C0035FD68FFBFF17509D214000000000E9
:1051E000FD7BBEA901000090FD030091215C41F907
:1051F000F30B00F933D860F860E6403980000036E0
:1052000060DE40391F040071E0020054602E40B996
:105210006001003560EA4039C0020037610E40F994
:10522000E31E805202018052202440B90000030A8C
:10523000202400B9600E40F9020400B9610E40F963
:10524000207040390078191220700039610E40F941
:1052500020704039E0FF3737F30B40F9FD7BC2A8DF
:10526000C0035FD660024139A0FE0736E8FFFF1792
:10527000600240F9001840B932090094610E40F90B
:105280008300805222008052207040390060193221
:1052900020700039600E40F9030400B9610E40F936
:1052A0002050403900781F122050003962F2003936
:1052B000E3FFFF171F2003D5509D21400000000091
:1052C000FD7BBEA901000090FD03009121FC41F986
:1052D000F30B00F933D860F8610E40F9620240F92F
:1052E00020104039422440F96000303760064139CF
:1052F0008004003660064139600300372300805285
:1053000063EE0039E51E805204018052202440B92A
:105310000000050A202400B9600E40F9040400B919
:10532000610E40F9400040B91F040071E0179F1A58
:1053300000080011200C00B9610E40F920504039DE
:105340000000003220500039600E40F901904039D1
:105350008104183763060139F30B40F9FD7BC2A8BD
:10536000C0035FD67F0601392090403900781B12B8
:1053700020900039F30B40F9FD7BC2A8C0035FD633
:105380002290403923008052E00313AA42781B1276
:105390002290003963EE0039610E40F93F1C00B9DC
:1053A000610240F9D7FCFF977FF20039620E40F9A5
:1053B0007FEA0039612A40B96316805264DA4039C5
:1053C000E00313AA7F8605292100805264E2003998
:1053D000431C00B9F30B40F9FD7BC2A8E1FAFF17AB
:1053E0000190403921781B1201900039F30B40F9EC
:1053F000FD7BC2A8C0035FD6509D21400000000085
:1054000001000090213842F920D860F8020C40F9E0
:105410004190403921781C124190003901EC40390B
:1054200021010037030C40F96100805204E4403947
:10543000627040392100244B42781C12627000399E
:10544000C8FAFF17020C40F91FF0003904D84039A0
:1054500063168052052840B9210080521F94052907
:1054600004E000391FE80039431C00B9BDFAFF17FA
:10547000509D2140000000000000000000000000DE
:1054800001000090216C42F920D860F8020C40F92C
:105490004190403921781D124190003901F0403986
:1054A0008101003602EC40392100805202010037B0
:1054B000030C40F96100805204E4403962704039C5
:1054C0002100244B42781D1262700039A5FAFF17A3
:1054D000C0035FD61F2003D5509D2140000000006F
:1054E000FD7BBEA90100009023008052FD030091C6
:1054F00021B042F9F30B00F933D860F8E00313AAA6
:10550000620E40F94190403921781E1241900039D5
:1055100063EE0039610E40F93F1C00B9610240F9A9
:1055200078FCFF977FF20039620E40F97FEA00397C
:10553000612A40B96316805264DA4039E00313AA45
:105540007F8605292100805264E20039431C00B99E
:10555000F30B40F9FD7BC2A882FAFF171F2003D589
:10556000509D2140000000000000000000000000ED
:10557000FD7BBEA90100009023008052FD03009135
:1055800021F842F9F30B00F933D860F8E00313AACD
:10559000620E40F94190403921781F124190003944
:1055A00063EE0039610E40F93F1C00B9610240F919
:1055B00054FCFF977FF20039620E40F97FEA003910
:1055C000612A40B96316805264DA4039E00313AAB5
:1055D0007F8605292100805264E20039431C00B90E
:1055E000F30B40F9FD7BC2A85EFAFF171F2003D51D
:1055F000509D21400000000000000000000000005D
:1056000002DC4039A200003501E440394100003796
:105610001CFBFF17C0035FD67EFAFF1700000000D7
:1056200048FBFF1700000000000000000000000021
:10563000010600B4200040B91F0C0071A8050054F9
:10564000440040F9230840F97F0004EB280500548A
:10565000430840F91F040071000500541F08007141
:1056600040050054060082D2630440B2E503062AD6
:105670008008C69A430800F90090069BA00300B575
:10568000430840B96008C51A008C051B200300358B
:10569000480C40B90709C51AE0A0051BA002003557
:1056A00029A840A981000ACB2108C69A21707D93C0
:1056B0002100098B274C278B1F01056B83010054A8
:1056C000440840F9E60301AAE303032A21200091DC
:1056D000830003AAC30000F9430840B9A300030BE9
:1056E000430800B93F0007EBC1FEFF54C0035FD67B
:1056F00060008052C0035FD60600A8D2630040B2AB
:10570000E503062ADBFFFF170604A0D2630040B2C0
:10571000E503062AD7FFFF17000000000000000085
:10572000E10400B4240040B9600080529F00006B87
:10573000E8030054430040F9270840F9FF0003EB59
:10574000680300549F040071400300549F080071D7
:10575000050082D20004A0D20600851AA510809A06
:105760006408C59A60008052848C059B040200B5D1
:10577000440C40B98208C61A4090061B000200354E
:10578000630007CB270440F96108C59A21707D9317
:105790002100078B224C228B9F00066B8300005454
:1057A0003F8400F83F0002EBC1FFFF54C0035FD607
:1057B0000500A8D2E603052AEAFFFF176000805221
:1057C000C0035FD6000000000000000000000000E1
:1057D000FD7BBAA901000090FD030091F55B02A9D1
:1057E00036B044F9F35301A9F30300AAC102003211
:1057F000F309009401000090030000900200009063
:10580000000000902EB444F90100009072B844F9F1
:105810004CC444F9C20540B2C20200F914BC44F9B8
:10582000400640B2C00600F935C044F9800640B2D7
:10583000820D40F9C00A00F9A10640B24000805232
:10584000C10E00F9E03300B9E07F40B2FF2300F958
:105850005F0000EB000700540B008052010080D273
:10586000ED7740B2EF7B40B2180000143F000FEB21
:10587000C90600540000A8123F0000EBC8060054FF
:10588000E10314AA0000B0D2E18303A9E35700B9F1
:10589000E22F00F9820300B5E2230191E1C30091F8
:1058A000E00313AA9FFFFF9761050011E07F40B25C
:1058B000EB0301AA227C7BD38201028B420C40F9CC
:1058C0005F0000EB8003005421E87BD38301018B50
:1058D000816961F8E12700F9600440F9E05300B9FB
:1058E000630840F93F000DEB28FCFF54E1030EAACA
:1058F000000080D2E18303A9E35700B9E22F00F949
:10590000C2FCFFB4E2230191E1C30091E00313AABA
:1059100048FFFF9761050011E07F40B2EB0301AA49
:10592000227C7BD38201028B420C40F95F0000EBAA
:10593000C1FCFF54F35341A900008052F55B42A91A
:10594000FD7BC6A8C0035FD6E10312AA0000A8D25F
:10595000CEFFFF1700040091E10315AACBFFFF174C
:1059600000E001000000000000F001000000000065
:105970000000020000000000001002000000000013
:1059800000200200000000006047214000000000ED
:10599000093C48D3031C42D322090051070283D299
:1059A0006720A2F200041D536204020B264852D362
:1059B000421C409224008052E80020D18420C01A6A
:1059C000EB03242AC620C01AEC7862B8252C4AD3EF
:1059D000630080528401240A6320C01AC400042A90
:1059E000E47822B8EA03232AA520C01A047962B811
:1059F0008300230AA300032A037922B83F0500711C
:105A000040000054C0035FD6E4F847B9234C53D399
:105A1000058184D2225454D36B01040A6520A2F27A
:105A20006320C01A63000B2AE3F807B9215C56D340
:105A3000040185D24220C01AA30040B96420A2F21A
:105A40002120C01A4301030A4000032AA00000B924
:105A5000800040B94A01000A21000A2A810000B9E9
:105A6000C0035FD60000000000000000000000003E
:105A7000FD7BBEA9043C48D303041D53270080527C
:105A8000FD030091061C42D30D1C1E53E820C01AD2
:105A9000C604040B62008052EA0080520F4280D29A
:105AA000101D0012F30B00F9294050D3252C4AD3C6
:105AB0002C4451D32B4C53D33E5454D32E5C56D349
:105AC000331444D3C61C0012216858D34220C31A91
:105AD000E720C31A6F20A2F24A21CD1A1FFE0371DC
:105AE00000010054001C0012F04964382921C01A3A
:105AF000001E00120800280A0801092A091D0012C8
:105B0000E003062A061082D2E94924386620A2F270
:105B1000C8001091A520C31AD07860B86922C31AB2
:105B2000D2003091D10440911002220A8C21C31A74
:105B3000A500102AC57820B86621C31A0F05409128
:105B4000137960B8C523C31ACB21C31A101085D2AC
:105B50006302270A7020A2F28301032A037920B886
:105B6000E403042A0E8880D2437A60B86E20A2F241
:105B70002120CD1A6300220A2301032A437A20B888
:105B8000237A60B86700270AC300072A237A20B85F
:105B9000E37960B86300220AA300032AE37920B8FE
:105BA000037A60B86200220A6201022A027A20B8EF
:105BB000C07964B800002A0A2100002AC17924B8FB
:105BC000F30B40F9FD7BC2A8C0035FD600000000C4
:105BD000FD7BBCA90A3C48D308041D532300805216
:105BE000FD030091051C42D3091C1F536200805223
:105BF0006C20C01AA5040A0B8D1D0012F35301A9D5
:105C00002B4050D3F55B02A9164280D2242C4AD3F4
:105C1000F76303A9354451D3341444D333384ED3F6
:105C20003E4C53D3325454D3315C56D32F0C42D311
:105C30004920C91AA51C00120E1C0012303D00128A
:105C4000061C0012210000124720C81A6320C81A3F
:105C50007620A2F2BFFD0371E0000054C24A6A3808
:105C60006B21C61A421C001242002C0A42000B2A69
:105C70004B1C0012E003052A051082D2CB4A2A38B9
:105C80006520A2F2A20010918420C81AAB7860B8F7
:105C9000B6003091B7044091B522C81A6B01270AAB
:105CA000189085D284000B2AA47820B84522C81AFF
:105CB0007820A2F2447860B89422C81A7322C81AD5
:105CC0009200230ACB23C81AB502122A557820B8AD
:105CD000420440912422C81AD27A60B8081085D2B2
:105CE0006820A2F2511D7FD35202270A9402122A81
:105CF000D47A20B8122480D2F4FF9F52157B60B86A
:105D00007220A2F2B502230A7302152A137B20B86F
:105D1000F37A60B86302230A6301032AE37A20B8A6
:105D2000437860B86300270AA300032A437820B8A9
:105D3000027960B84200270A8300022A037920B85A
:105D40001F02146B00010054206A7278C2791F533D
:105D5000003C0012E221C21A0900290A2901022A84
:105D60002F3D0012020280D22F6A32786220A2F206
:105D7000BFFD0371E000005443486A382020C61A72
:105D8000611C001221002C0A2000002A011C0012B4
:105D900041482A38F35341A9F55B42A9F76343A967
:105DA000FD7BC4A8C0035FD6000000000000000017
:105DB000FD7BBDA9FD030091F35301A9F40300AAE3
:105DC000F55B02A9F7060094F30300AA000080D255
:105DD000F006009400000090166447F9C00240B934
:105DE000C0000035000286D2010880526020A2F275
:105DF0001F10003901100039C10240B9E00313AA95
:105E000021040011C10200B9E20600948002407929
:105E1000C0020034130080D2F5FF9F520600001428
:105E200014FFFF9780024079730600911F20336BA7
:105E3000C9010054820640F961F27DD34000018B14
:105E4000416861B8000440B91F00156B8803005415
:105E500081FE87375FFFFF977306009180024079CC
:105E60001F20336B88FEFF54CE060094F30300AA74
:105E7000000080D2C7060094C00240B98000003400
:105E8000C00240B900040051C00200B9C00240B9CC
:105E9000C0000035000286D2E10F80126020A2F21D
:105EA0001F10003901100039F55B42A9E00313AA65
:105EB000F35341A9FD7BC3A8B6060014B5FEFF97B6
:105EC000D9FFFF171F2003D5489D21400000000087
:105ED0001F0000F1241840FAE0020054E20300AA77
:105EE000200440F9000200B4440040B9834A8A52B9
:105EF000E309AA72C00180529F00036BA001005405
:105F0000FD7BBFA9E00301AAFD030091430000B996
:105F1000410800F9A7FFFF9700008052FD7BC1A850
:105F2000C0035FD62300407920008052E3FDFF3498
:105F3000C0035FD620008052C0035FD6000000007F
:105F4000FF4300D1C0008052E10700F9E20300F9ED
:105F5000E10740F9E10340F9FF430091C0035FD638
:105F6000E10300AA800100B4230040B962288852EE
:105F7000A289A872E00080527F00026BA100005449
:105F8000210C40F98200805200008052222800B982
:105F9000C0035FD620008052C0035FD6000000001F
:105FA0003F0000F1E30300AA041840FA20008052E9
:105FB00040010054650040B964288852A489A87241
:105FC000E0008052BF00046B81000054000080524A
:105FD000611000F9621800F9C0035FD600000000EC
:105FE000FD7BBAA9FD030091E12700F9F35301A954
:105FF000E22300F9800200B4F30300AA602888526B
:10600000A089A872F4008052610240B93F00006B81
:1060100021010054600640F9000440F9400100B439
:10602000143840B9B4050035600E40F9012440B978
:1060300041010037E003142AF35341A9FD7BC6A8B0
:10604000C0035FD634008052E003142AF35341A901
:10605000FD7BC6A8C0035FD6012C40B9C1FEF7374F
:10606000F55B02A9E12740F9F52340F9002440B986
:10607000E33F00B96003383600000090E26301910D
:10608000169840F9E00316AA7EF1FF97600E40F9DA
:10609000E10315AAE42F40F9E2630191040000B97D
:1060A000E00316AA77F1FF97600E40F9E12F40F95F
:1060B000010400B9E33F40B9600E40F9030800B99C
:1060C000610E40F9202C40B900000232202C00B9AA
:1060D000F55B42A9D8FFFF17B4008052D6FFFF1727
:1060E00000000090E2630191169840F9E00316AABF
:1060F00064F1FF97600E40F9E10315AAE42F40F91F
:10610000E2630191040C00B9E00316AA5DF1FF9768
:10611000600E40F9E12F40F9011000B9E33F40B9AA
:10612000600E40F9031400B9E6FFFF171F2003D5E6
:10613000F89B21400000000000000000000000006B
:10614000FD7BBCA901000090FD030091F51300F94F
:10615000E2E3009135FC40F9E10300AAF35301A901
:10616000F40300AAE01B00F9E00315AA45F1FF972C
:10617000E01F40F91F0440F2610200541F2003D5C4
:10618000800240B9C0020837931E40B9D3000035E1
:10619000F51340F9E003132AF35341A9FD7BC4A88A
:1061A000C0035FD6E103132AE2C30091E00315AAFE
:1061B000E11F00F94BF1FF97F41B40F97F0640F215
:1061C00000FEFF5433008052E003132AF35341A929
:1061D000F51340F9FD7BC4A8C0035FD613008052BD
:1061E000E003132AF35341A9F51340F9FD7BC4A83A
:1061F000C0035FD61F2003D5F89B2140000000009C
:10620000E20300AAC00300B4430040B961288852E9
:10621000A189A872E00080527F00016B61020054E6
:10622000400C40F901208052012800B9400C40F98F
:10623000012440B9C1010036012440B9E1FF1F36F5
:1062400041008052012800B9410C40F91F2003D5BC
:10625000202440B9E0FF1737202840B900001D3244
:10626000202800B900008052C0035FD6010180528F
:10627000012800B900008052FCFFFF172000805267
:10628000C0035FD600000000000000000000000016
:10629000E20300AA200200B4440040B963288852F7
:1062A000A389A872E00080529F00036B4101005453
:1062B000410100B40004002F00008012200800B942
:1062C00000008052200000FD420C40F9422040B9FD
:1062D000220C00B9C0035FD620008052C0035FD6F5
:1062E000FD7BBDA9FD030091F35301A9F30300AAAF
:1062F000000440F9010440F9610E00B4203840B9AF
:10630000A00200341F040071A0100054201040B9F6
:10631000C0020035220440B9600E40F92208F83668
:10632000012C40B921000832012C00B9610E40F95E
:10633000030180522200805200008052232800B9BD
:10634000610E40F9222800B9F35341A9FD7BC3A88F
:10635000C0035FD6600E40F9600B00B4002C40B95A
:10636000201040B980FDFF34020000902004403925
:10637000452843F9A20040F91F040071090B00549D
:1063800006001C5303080051E47F8052631C001276
:106390008420C61AE403242A7F040071690C005487
:1063A00003100051631C00127F040071890D00541A
:1063B00003180051631C00127F040071890E005401
:1063C00003200051631C00127F040071890F0054E8
:1063D00003280051631C00127F04007189100054CF
:1063E00000300051001C00121F040071891100547C
:1063F000401C40B90000040A401C00B92304403985
:10640000201040B9441C40B963001C53002C0012FA
:106410000020C31A0000042A401C00B9BEFFFF1769
:10642000F51300F9022C40B942780712022C00B98A
:10643000340440B93520403952050094E303002A62
:106440000200B052615C4092E003142A637C78D36E
:10645000631C6092210003AACE040094A1121D5374
:10646000E003142ABF040094957E4093010000903D
:10647000E003142A212C43F9217875B8D50400943F
:10648000E003142A41008052E6040094E003142A39
:10649000210080520705009400000090003043F96D
:1064A000137835F8E003142A9F7E00714D010054E3
:1064B000D4040094E003142A9A040094F51340F9DC
:1064C0009BFFFF17F35341A920008052FD7BC3A817
:1064D000C0035FD617050094F7FFFF17440040B9CB
:1064E000006C1C53E37F80526020C01A8000200A99
:1064F000400000B9A30040F922044039201040B9FF
:10650000640040B942001C53002C00120020C21A43
:106510000000042A600000B97FFFFF17620A40F9FB
:1065200062EFFFB589FFFF17400440B90000040A7D
:10653000400400B9A30040F922044039201040B9BA
:10654000640440B942001C53002C00120020C21AFF
:106550000000042A600400B96FFFFF17400840B92B
:106560000000040A400800B923044039201040B953
:10657000440840B963001C53002C00120020C31AC9
:106580000000042A400800B963FFFF17400C40B91F
:106590000000040A400C00B923044039201040B91F
:1065A000440C40B963001C53002C00120020C31A95
:1065B0000000042A400C00B957FFFF17401040B9F3
:1065C0000000040A401000B923044039201040B9EB
:1065D000441040B963001C53002C00120020C31A61
:1065E0000000042A401000B94BFFFF17401440B9C7
:1065F0000000040A401400B923044039201040B9B7
:10660000441440B963001C53002C00120020C31A2C
:106610000000042A401400B93FFFFF17401840B99A
:106620000000040A401800B923044039201040B982
:10663000441840B963001C53002C00120020C31AF8
:106640000000042A401800B933FFFF171F2003D5AC
:10665000409D214000000000D05221400000000079
:10666000509D2140000000000000000000000000DC
:10667000400100B4020040B961288852E300805212
:10668000A189A8725F00016B60000054E003032A37
:10669000C0035FD613FFFF1723008052E003032AD5
:1066A000C0035FD6000000000000000000000000F2
:1066B00001000090001C001221E443F9230040F97E
:1066C0001F040071A904005404001C530108005168
:1066D000E27F8052211C00124220C41AE203222AC7
:1066E0003F0400712903005401100051211C0012C5
:1066F0003F0400718904005401180051211C00124C
:106700003F0400718903005401200051211C001234
:106710003F0400718904005401280051211C00121B
:106720003F0400718903005400300051001C001226
:106730001F04007109040054601C40B90000020AE3
:10674000601C00B9C0035FD6600440B90000020AB3
:10675000600400B9C0035FD6620040B9006C1C53EE
:10676000E17F80522020C01A4000200A600000B95A
:10677000C0035FD6600C40B90000020A600C00B98B
:10678000C0035FD6600840B90000020A600800B983
:10679000C0035FD6601440B90000020A601400B95B
:1067A000C0035FD6601040B90000020A601000B953
:1067B000C0035FD6601840B90000020A601800B933
:1067C000C0035FD61F2003D5409D2140000000007C
:1067D000C00400B4FD7BBEA961288852A189A872BB
:1067E000FD030091F35301A9F30300AAE0008052D6
:1067F000620240B95F00016B80000054F35341A96D
:10680000FD7BC2A8C0035FD6600640F9140440F9BE
:1068100080064039A7FFFF97600E40F94100805283
:10682000012800B9600E40F9012440B9E1FF173793
:1068300001018052012800B9800640B9C000F83734
:10684000C003009400000090810680B9003844F92C
:106850001F7821F87F0200B900008052F35341A94C
:10686000FD7BC2A8C0035FD620008052C0035FD664
:10687000509D2140000000000000000000000000CA
:10688000E00300B4E50300AA61288852A189A87238
:10689000E0008052A20040B95F00016B400000544C
:1068A000C0035FD6FD7BBFA941008052FD0300916C
:1068B000A20440F9A00C40F9420440F9012800B9B3
:1068C000A00C40F91F2003D5012440B9E1FF173780
:1068D00001018052012800B94004403975FFFF973B
:1068E000A20C40F900008052412C40B9210008322E
:1068F000412C00B9FD7BC1A8C0035FD620008052A7
:10690000C0035FD60000000000000000000000008F
:10691000FD7BBBA9FD030091F35301A9F30300AA7A
:10692000F55B02A9F60301AA41008052F76303A9AF
:10693000020440F9000C40F9540440F9D71240F920
:10694000012800B9600E40F9022440B9E2FF173770
:1069500001018052012800B98006403955FFFF9798
:10696000610E40F9202C40B900000832202C00B9FB
:10697000810A4629E00E4029C40240F942001D5315
:1069800086064039630C1053851A40B9000C145325
:10699000C70800120000032A4200072A21081C53DE
:1069A000A50818530000022A2100052A835240B985
:1069B000957C1F530000012A824C52D361000012C3
:1069C0001558152A5F68446A01010054C00240B995
:1069D000A2020C321F0406725500951A1F040E7293
:1069E000A0020B321500951A804A40B91F000071B1
:1069F000000403530000152A000008321510951AF0
:106A0000DF1C0071A804005400000090008445F9C8
:106A1000000040F9010000B900000090C10A40B92F
:106A2000E2230191188C45F9E00318AA15EFFF97AE
:106A3000610E40F9E2230191E32740F9E00318AA2F
:106A4000230000B9C11240B90EEFFF97600E40F964
:106A5000E12740F9010400B9610E40F9C0364079E0
:106A6000003C0012200800B9600E40F9152C00B956
:106A7000600E40F9819A4079013000B9804A40B9EE
:106A800060010035F35341A9F55B42A9F76343A9BF
:106A9000FD7BC5A8C0035FD600000090008845F9C3
:106AA000000040F9010000B9DCFFFF17F40640F9CF
:106AB000E2230191E00318AA810240B9F1EEFF97A9
:106AC000610E40F9E2230191E32740F9E00318AA9F
:106AD000230C00B9810A40B9EAEEFF97600E40F935
:106AE000E12740F9011000B9600E40F9811240B968
:106AF000011400B9F35341A9F55B42A9F76343A917
:106B0000FD7BC5A8C0035FD6389D21400000000072
:106B1000309D214000000000F89B21400000000053
:106B2000FD7BBBA9FD030091F35301A9000D00B447
:106B3000F30300AAF55B02A9F60301AA60288852B4
:106B4000610240B9A089A8723F00006B200F005479
:106B5000D60B00B4D50640F9950B00B4C00240F93D
:106B6000400B00B4001040F9000B00B4A1064039FE
:106B700054AF80523F3C007188130054A14A40B981
:106B800061000034000440F9000A00B4A02E40F96E
:106B9000600000B4A00640B96013F837F71B00F995
:106BA000A03A40B91F040071800A0054A03A40F98D
:106BB000A00B00B4000000906130A2D2001047F991
:106BC000010000F9A00640391F1C0071A8080054FC
:106BD00000000090016080D24130A2F2001447F919
:106BE000010000F9760600F93420A2D2A03A40F95B
:106BF000600E00F9A02E40F9601200F9A03640F9AD
:106C00007F8202A967030094F70300AA000080D2E4
:106C100060030094E0830032802E05B91F2003D565
:106C200082AE46B9E2FF0736E00317AA5903009483
:106C30005C030094F70300AA000080D2550300947F
:106C4000006C81D28101A0522020A2F2012000B963
:106C5000012040B9002040B9E00317AA4D03009479
:106C600050030094F70300AA000080D24903009467
:106C7000E08300322120A2D2802E08B91F2003D544
:106C800022AC49B954000012C2FF0737E00317AA2B
:106C900040030094A03A40B9E00300341F0400719F
:106CA0004005005460288852A089A872600200B98B
:106CB000E003142AF35341A9F55B42A9F71B40F9FD
:106CC000FD7BC5A8C0035FD6F55B42A934008052A6
:106CD000E003142AF35341A9FD7BC5A8C0035FD686
:106CE0000000009001E080D24130A2F2001847F984
:106CF000010000F9BCFFFF17A02240F980F5FFB4A6
:106D000010FDFF97F403002A40080035D50640F92E
:106D1000A7FFFF17C10240F9E00313AAFDFEFF978A
:106D2000E1FFFF17F55B42A9F71B40F9E8FFFF17EA
:106D3000D4018052E003142AF35341A9F55B42A920
:106D4000FD7BC5A8C0035FD6620640F941008052B2
:106D5000600E40F9550440F9012800B9610E40F970
:106D6000202440B9E0FF173700018052202800B9E5
:106D7000A00640394FFEFF97610E40F9202C40B924
:106D800000000832202C00B9A05240B9A1064039B9
:106D9000000000123F1C0071C90200540100009065
:106DA000211847F9210040F9200000B900000090A7
:106DB000E2230191A12240F9001C47F931EEFF972F
:106DC000600E40F9E12740F9013800B9610E40F941
:106DD000A02240F9600A00F9202C40B900000132DD
:106DE000202C00B9B0FFFF17F55B42A9B9FFFF17D0
:106DF00001000090211447F9210040F9200000B95A
:106E0000EBFFFF17F55B42A974018052B1FFFF173A
:106E1000F55B42A9F71B40F9AEFFFF171F2003D512
:106E2000409D214000000000389D214000000000EE
:106E3000309D214000000000F89B21400000000030
:106E4000600400B4FD7BBEA962288852A289A872A2
:106E5000FD030091F30B00F9F30300AAE000805258
:106E6000630240B97F00026B41020054810200B40A
:106E7000600640F9000440F9200200B4221040F9F5
:106E8000E20100B4004840B960000034400440F919
:106E9000600100B4E00313AA9EFEFF97E00313AA6B
:106EA00010FDFF971F000071610280520000811ADF
:106EB000F30B40F9FD7BC2A8C0035FD6F30B40F98A
:106EC00020008052FD7BC2A8C0035FD62000805204
:106ED000C0035FD6000000000000000000000000BA
:106EE000FD7BBEA901000090FD03009121A047F9A0
:106EF00025D860F8A00440F9000440F9011040B919
:106F000081000034A10C40F9212440B92101003650
:106F1000A11040F9A10000B4A01840F9E00F00F959
:106F2000E063009120003FD6FD7BC2A8C0035FD67E
:106F300000044039DFFDFF97F6FFFF171F2003D540
:106F4000509D2140000000000000000000000000F3
:106F5000FD7BBCA9FD030091F35301A914008052ED
:106F60003320A2D2F55B02A936008052F71B00F94C
:106F70008C020094F50300AA000080D285020094E0
:106F8000C222D41A403C1053603605B91F2003D5E5
:106F900061B646B95F00016AC1FFFF54E00315AA5C
:106FA000940600117B0200949F0E007121FEFF5495
:106FB0007C020094F40300AA000080D275020094C1
:106FC0002000A0523520A2D2603A05B91F2003D577
:106FD000A1BA46B9E1FF0737E00314AA6D02009495
:106FE0003420A2D26F020094F30300AA000080D2E2
:106FF000680200942000A052A03E05B91F2003D5CE
:1070000081BE46B9E1FF0737E00313AA610200948D
:107010003320A2D263020094F50300AA000080D2BC
:107020005C0200946000A052804A05B91F2003D57D
:1070300061CA46B93F0440F2C1FFFF54E00315AAFC
:10704000540200943420A2D256020094F50300AA00
:10705000000080D24F020094E001A052605605B9B2
:1070600081D646B93F0C40F2C1FFFF54E00315AA98
:10707000480200943320A2D24A020094F50300AAE9
:10708000000080D243020094001EA052805605B931
:1070900061D646B93F0C1C72C1FFFF54E00315AA2C
:1070A0003C0200943420A2D23E020094F50300AAD0
:1070B000000080D2370200946000A052605E05B9E3
:1070C00081DE46B93F0440F2C1FFFF54E00315AA38
:1070D000300200943320A2D232020094F50300AAB9
:1070E000000080D22B020094E003A052806605B914
:1070F00061E646B93F1040F2C1FFFF54E00315AA14
:107100002402009427020094F40300AA000080D215
:10711000200200946000A0522220A2D2606E05B925
:1071200041EC46B933040072C1FFFF54E00314AAD6
:10713000760080523420A2D21602009419020094E4
:10714000F50300AA000080D212020094C222D31AD2
:10715000403C1053807205B981F246B95F00016A64
:10716000C1FFFF54E00315AA730A0011090200943D
:107170007F22007141FEFF540A020094F30300AA2B
:10718000000080D203020094A000A0523520A2D2B9
:10719000A2008052807A05B9A1FA46B93F00026A7E
:1071A000C1FFFF54E00313AAFA0100943320A2D2D6
:1071B000FC010094F40300AA000080D2F5010094C1
:1071C0004000A052A07A05B961FA46B9E1FF0F3735
:1071D000E00314AAEF0100943420A2D2F10100943C
:1071E000F50300AA000080D2EA0100940001A05239
:1071F000607A05B91F2003D581FA46B9E1FF1F3730
:10720000E00315AAE30100943320A2D2E501009423
:10721000F50300AA000080D2DE0100942000A052F5
:10722000807E05B91F2003D561FE46B9E1FF07370F
:10723000E00315AAD7010094DA010094F40300AA30
:10724000000080D2D30100944000A0522220A2D29C
:10725000607E05B91F2003D541FC46B935001F12D9
:10726000C1FF0F37E00314AA370080523420A2D2A6
:10727000C8010094CB010094F60300AA000080D25C
:10728000C4010094E222D51A403C1053808205B913
:10729000810247B95300016AC1FFFF54E00316AAF7
:1072A000B5060011BB010094BF12007141FEFF54EE
:1072B000360080523420A2D2BA010094F50300AA0D
:1072C000000080D2B3010094C222D31A403C105374
:1072D000808605B91F2003D5810647B95F00016A82
:1072E000C1FFFF54E00315AA73060011A901009421
:1072F0007F16007121FEFF54AA010094F30300AA37
:10730000000080D2A30100942000A0523520A2D218
:10731000808A05B91F2003D5A10A47B9E1FF0737C5
:10732000E00313AA9B0100943320A2D29D01009494
:10733000F40300AA000080D2960100944000A052FD
:10734000A08A05B91F2003D5610A47B9E1FF0F37AD
:10735000E00314AA8F01009492010094F50300AA9F
:10736000000080D28B0100942000A0522220A2D2E3
:10737000608E05B91F2003D5410C47B934000012B7
:10738000C1FF0737360080523320A2D2E00315AA8E
:107390008001009483010094F50300AA000080D2CC
:1073A0007C010094C222D41A403C1053609205B96B
:1073B000611247B95F00016AC1FFFF54E00315AADB
:1073C00094060011730100949F0E007141FEFF545A
:1073D00074010094F50300AA000080D26D010094AE
:1073E0002000A0523420A2D2609605B91F2003D5F8
:1073F000811647B9E1FF0737E00315AA650100943C
:107400003320A2D267010094F50300AA000080D2C5
:10741000600100946000A05280AA05B91F2003D526
:10742000612A47B93F0440F2C1FFFF54E00315AAA7
:10743000580100945B010094F40300AA000080D27C
:10744000540100942000A0522220A2D260AE05B9BF
:10745000412C47B9E1FF0737F55B42A9E00314AAC5
:10746000F35341A9F71B40F9FD7BC4A8490100145F
:107470000100009000000090214C42F9004842F9C0
:10748000210040B9010000B9C0035FD61F2003D519
:1074900058AD214000000000D05A214000000000FB
:1074A0000200009001000090000000904050C13D9B
:1074B00002000090217C42F9007842F9200000BDD2
:1074C000010000904340C13D2244C13D01000090B5
:1074D000000C00AD2148C13D01000090204CC13D91
:1074E000020401AD0010803DC0035FD61F2003D50C
:1074F000D05A21400000000058AD2140000000009B
:10750000E89DF80300C2EB0B00E1F5050084D717F6
:107510000084D71700C2EB0BA077E20F8017B42CC2
:1075200080B2E60E00B4C40400E1F50500E1F50503
:1075300000C2EB0B00E1F5050084D71700366E01A1
:1075400000CA9A3B00C2EB0B0008AF2FD03BF107FB
:10755000FD7BBFA9FD030091D2FFFF977DFEFF9742
:107560002120A2D21F2003D5208042B9E0FF073797
:107570002000A0522220A2D2200002B91F2003D551
:10758000408042B9E0FF07372120A2D21F2003D557
:10759000208042B9E0FFE737400080522220A2D28B
:1075A0002000A072201802B9408042B9E0FFE737FE
:1075B0002120A2D21F2003D5208042B9E0FFEF375F
:1075C000000480522220A2D20002A072201802B928
:1075D000408042B9E0FFEF372120A2D21F2003D51F
:1075E000208042B9E0FF27372000A0522220A2D2FB
:1075F000200402B91F2003D5408042B9E0FF27379D
:107600002120A2D21F2003D5208042B9E0FF4F37AE
:107610000002A0522220A2D2200802B91F2003D5C6
:10762000408042B9E0FF4F372220A2D21F2003D56D
:10763000408042B9E0FF47372000A0522120A2D26B
:10764000400802B91F2003D5208042B9E0FF473728
:10765000200C42B9600100342120A2D21F2003D5A2
:10766000208042B9E0FF5F372000A0522220A2D242
:10767000200C02B91F2003D5408042B9E0FF5F37DC
:107680002020A2D2220080522220A0722100A052EB
:10769000022004B9011804B9FD7BC1A8C0035FD65C
:1076A00001000090215843F9205860B8C0035FD60C
:1076B000D05A21400000000000000000000000003F
:1076C000E10300AAA00000B42280A0520000805272
:1076D000220000B9C0035FD620008052C0035FD6ED
:1076E000000020D400000014000000000000000092
:1076F0000132A2D200080012220040B90000022A82
:10770000200000B9C0035FD60000000000000000A8
:107710000132A2D200041C12200000B9C0035FD6BF
:10772000037C0553022080D20232A2F22100805253
:107730002020C01A407823B8C0035FD600000000A4
:10774000037C0553023080D20232A2F22100805223
:107750002020C01A407823B8C0035FD60000000084
:10776000047C0253038080D20332A2F200041D5332
:10777000E21F8052657864B84220C01A2120C01AE6
:10778000A200220A2100022A617824B8C0035FD631
:107790001F7C0071A90100542000679EE203022AA9
:1077A000410001AA008000510104607F2000679E13
:1077B00000787DD30232A2D20000028B2004186E22
:1077C0000028A10E008030FDC0035FD6000000003D
:1077D000047C0453038081D20332A2F2000C1F53B5
:1077E000620080D2657864B84220C09A2120C01A15
:1077F000A200220A2100022A617824B8C0035FD6C1
:10780000037C0553025080D20232A2F22100805242
:107810002020C01A407823B8C0035FD600000000C3
:1078200006100012041080D2007C05530432A2F22C
:1078300023000012220080D2870032914220C69A93
:10784000857860B86320C61A210441D3A500220AB6
:107850006300052A837820B82120C61AE37860B82F
:107860006200220A2100022AE17820B8C0035FD614
:10787000810080D2040441930132A2F203004093BC
:107880002504805222C447B8858CA0724010001293
:107890000000050B006C7ED3230000B9211000917D
:1078A000247C0CB93F0000EB81FFFF54C0035FD67E
:1078B0001F7C0071090200540480005105019CD214
:1078C000000C1F530532A2F2847C04534200805204
:1078D000630080D2210000124100014B6220C09A57
:1078E000A37864B82020C01A6100220A0000012A8F
:1078F000A07824B8C0035FD600000000000000009C
:10790000800480D2420080528032A2F2E10300AAB9
:10791000020000B900005FB800781E12200C1FB8EA
:10792000200040B9E0FF1737C0035FD60000000019
:10793000025080D221008052A232A2F22120C01A2D
:10794000410000B9C0035FD6000000000000000045
:10795000011080D202004093A132A2F200044193B0
:10796000220000B920800CB9C0035FD600000000DF
:10797000010580D28132A2F2200000B9C0035FD697
:10798000000180D28032A2F2000440B9C0035FD669
:10799000001C4092004618D5DF3F03D5C0035FD6D8
:1079A000004638D5DF3F03D5001C4092C0035FD6A8
:1079B000005C409220C818D5DF3F03D5C0035FD6D6
:1079C000005C409220CC18D5DF3F03D5C0035FD6C2
:1079D00000C838D5005C0012C0035FD6000000006C
:1079E00000CC38D5005C0012C0035FD60000000058
:1079F000FD7BBFA9FD03009154010094E1FFFF97B7
:107A000001000090001F80D2211845F93F0000B905
:107A1000E0FFFF97E000805236FFFF974901009496
:107A2000FD7BC1A820008052D2FFFF171F2003D585
:107A30004C9D2140000000000000000000000000FC
:107A4000FD7BBEA9FD030091F30B00F9E5FFFF9755
:107A5000F303002A1FFC0771A800005401000090E6
:107A6000214045F9215873F820003FD6E003132A3E
:107A7000F30B40F9FD7BC2A8D2FFFF171F2003D5EF
:107A800060662140000000000000000000000000CF
:107A9000FD7BBEA9FD030091F30B00F9CDFFFF971D
:107AA000F303002A00F00F511F0C0071480200542C
:107AB000CCFFFF97F303002A00F00F511F0C007159
:107AC000290300541D0100947FFE0771C800005473
:107AD00001000090E003132A219845F9215873F81A
:107AE00020003FD6E003132AF30B40F9FD7BC2A828
:107AF000B4FFFF17110100947FFE0771C800005406
:107B000001000090E003132A219845F9215873F8E9
:107B100020003FD6E003132AF30B40F9FD7BC2A8F7
:107B2000A4FFFF17F30B40F9FD7BC2A8C0035FD68B
:107B3000606621400000000000000000000000001E
:107B400002000090E103002A42E845F9400040F9B4
:107B5000400100B403000090210C001121747E92BA
:107B600063EC45F90100018B3F0003EBA8010054D1
:107B7000410000F9C0035FD60000009003000090B0
:107B8000210C001100E445F921747E9263EC45F963
:107B90000100018B400000F93F0003EBA9FEFF54F8
:107BA000FD7BBFA9FD030091EA010094E10300AA57
:107BB0008201805200008092220000B9FD7BC1A8A2
:107BC000C0035FD61F2003D5F0AF214000000000A6
:107BD00050AD214000000000F0CF21400000000027
:107BE00000103ED5000074B200101ED5DF3F03D553
:107BF000C0035FD600103ED500007EB200101ED537
:107C0000DF3F03D5C0035FD600103ED500F8739266
:107C100000101ED5DF3F03D5C0035FD600103ED550
:107C200000F87D9200101ED5DF3F03D5C0035FD65C
:107C3000BF3B03D5200039D503080812637C1753D6
:107C4000030400340A0080522800805242054A0B87
:107C50000124C21A210800123F0800718B0200544F
:107C60000A001AD5DF3F03D5010039D522080012DA
:107C700042100011243003538510C05A8920C51AC0
:107C80001021C51A276C0D53E720C21A1121C21A00
:107C90004B01092A6B01072A4B7A08D5E700116BC3
:107CA0008AFFFF54290110EBEAFEFF544A09001134
:107CB0007F000A6BCCFCFF549F3F03D5DF3F03D509
:107CC000C0035FD6BF3B03D5200039D50308081297
:107CD000637C1753030400340A008052280080524A
:107CE00042054A0B0124C21A210800123F08007104
:107CF0008B0200540A001AD5DF3F03D5010039D5A5
:107D00002208001242100011243003538510C05A7B
:107D10008920C51A1021C51A276C0D53E720C21AF5
:107D20001121C21A4B01092A6B01072A4B7E08D583
:107D3000E700116B8AFFFF54290110EBEAFEFF54A4
:107D40004A0900117F000A6BCCFCFF549F3F03D50A
:107D5000DF3F03D5C0035FD6BF3B03D5200039D535
:107D600003080812637C1753030400340A0080528E
:107D70002800805242054A0B0124C21A2108001231
:107D80003F0800718B0200540A001AD5DF3F03D56B
:107D9000010039D52208001242100011243003538B
:107DA0008510C05A8920C51A1021C51A276C0D5399
:107DB000E720C21A1121C21A4B01092A6B01072AB6
:107DC0004B7608D5E700116B8AFFFF54290110EBB1
:107DD000EAFEFF544A0900117F000A6BCCFCFF54F5
:107DE0009F3F03D5DF3F03D5C0035FD62100008B43
:107DF00022003BD5444C50D3830080D26320C49AE8
:107E0000640400D10400248A247A0BD58400038BF7
:107E10009F0001EBABFFFF549F3B03D5420C409208
:107E2000830080D26320C29A640400D10400248AB3
:107E300024750BD58400038B9F0001EBABFFFF542F
:107E40009F3B03D5DF3F03D5C0035FD62100008BE6
:107E500022003BD5444C50D3830080D26320C49A87
:107E6000640400D10400248A247608D58400038B9E
:107E70009F0001EBABFFFF549F3B03D5420C4092A8
:107E8000830080D26320C29A640400D10400248A53
:107E900024750BD58400038B9F0001EBABFFFF54CF
:107EA0009F3B03D5DF3F03D5C0035FD62100008B86
:107EB00022003BD5444C50D3830080D26320C49A27
:107EC000640400D10400248A247E0BD58400038B33
:107ED0009F0001EBABFFFF549F3B03D5420C409248
:107EE000830080D26320C29A640400D10400248AF3
:107EF00024750BD58400038B9F0001EBABFFFF546F
:107F00009F3B03D5DF3F03D5C0035FD6A1F338D530
:107F10001F0000F160000054210C7CB2020000142C
:107F200021EC7892A1F318D5DF3F03D5C0035FD6CB
:107F3000000020D4C0035FD6FF4103D5C0035FD645
:107F4000FF4F03D5C0035FD6FE8F1FF8000080D21D
:107F500000007DB200007EB200007FB2000040B29F
:107F6000A0CC1ED5DF3F03D5000080D2000040B278
:107F7000A0CC18D5600080D260C818D560CC18D5C8
:107F8000000680D2E3FDFF975EFEFF97200080523F
:107F900070FEFF97E01F80D2004618D52000805267
:107FA00034FEFF97600080D2E0CC1ED5FE8740F8FB
:107FB000C0035FD600203ED5C0035FD601201ED58A
:107FC000C0035FD6000000000000000000000000B9
:107FD000FD7BBDA900008052FD030091F35301A970
:107FE00044E8FF975BFDFF972000805241E8FF9730
:107FF000000000B0010000B0003040F9343440F916
:10800000000014CB00FC43931F0000716D0100546D
:10801000F51300F9F503002A130080D21F2003D5C1
:10802000807A73F87306009100003FD6BF02136B8D
:108030008CFFFF54F51340F90EFDFF97400080526E
:108040002CE8FF976BFEFF97000080D20D00009494
:10805000E4FEFF97F35341A9FD7BC3A8E6FEFF179B
:10806000105021400000000010502140000000008E
:10807000C0035FD600000000000000000000000008
:10808000C0035FD6000000000000000000000000F8
:10809000FD7BBEA9637C4093FD030091F30B00F9C7
:1080A000F30301AA2124C079A6070094E000F8B7E1
:1080B000614A40F92100008B614A00F9F30B40F955
:1080C000FD7BC2A8C0035FD66122407921781312DC
:1080D00061220079F30B40F9FD7BC2A8C0035FD693
:1080E000FD7BBDA9FD0300912420C079F35301A9B4
:1080F000F30301AAF40300AAF55B02A9F50302AA9F
:10810000F603032A840140376126C079847813126C
:1081100064220079C37E4093E20315AAE00314AA07
:1081200074000094F35341A9F55B42A9FD7BC3A8F9
:10813000C0035FD62124C07943008052020080D260
:10814000680700946422C079F0FFFF170000000068
:10815000FD7BBEA9FD030091F30B00F9F30301AA17
:108160002124C0795F0700946122C0791F0400B107
:10817000E00000542100143261220079604A00F9C5
:10818000F30B40F9FD7BC2A8C0035FD62178131220
:1081900061220079F30B40F9FD7BC2A8C0035FD6D2
:1081A0002124C079DF02001400000000000000005C
:1081B00000000000000000000000000000000000BF
:1081C0005F2403D5042C40929F803FF1C8060054E1
:1081D000020C40A9E8C300B2440008CB45D800B265
:1081E000660008CB67D800B2840025EAC500278A5C
:1081F000A00840FA000100548430859A000180D222
:10820000840CC0DAE033809A8410C0DA000C448B0E
:10821000C0035FD6020C41A9440008CB45D800B288
:10822000660008CB67D800B2840025EAC500278A1B
:10823000A00840FA400100548430859A000380D29F
:10824000840CC0DA060280D28410C0DAC030809A72
:10825000000C448BC0035FD61F2003D501E87B923E
:108260002108C1AD20AC226E00AC206E0098200E1B
:108270000300669E63FFFFB42098204E200000CBD1
:10828000630000354098204E0040009100840C0FA0
:108290000300669E6300C0DA6210C0DA0008428BF9
:1082A000C0035FD601E87B92628081520206B872F9
:1082B00021A0404C400C044E2198204E4298204E64
:1082C000211C204E421C204E20BC224E00BC204EC1
:1082D0000300669E04F87FD36324C49A23FCFFB492
:1082E0006300C0DA6010C0DA00FC41D3C0035FD67F
:1082F000FD7BBEA9FD030091F35301A9940000D0BA
:10830000F30300AAE003012AE10302AA9FA20DB928
:10831000E20303AA3FEAFF97017C40931F04003168
:10832000A0000054F35341A9E00301AAFD7BC2A8B9
:10833000C0035FD680A24DB960FFFF34600200B970
:10834000E00301AAF35341A9FD7BC2A8C0035FD695
:10835000600000D0007442F9C0035FD60000000046
:10836000FD7BBAA9FD030091F35301A9345C009190
:10837000F55B02A9F50300AA9FBA00F1A80C00540E
:108380003F8000F1881900545E020094140480D2EA
:10839000010A80D280008052760000B0D6C22C91B3
:1083A000C102018B00080011214000D1330C40F9BB
:1083B0007F0201EBC11D0054D31240F9660000B0EA
:1083C000C6002D917F0206EB600F0054610640F954
:1083D00021F47E92220014CB5F7C00F1AC27005484
:1083E000C61A02A98217F8B6C50640F93FFC07F184
:1083F000C81E005422FC43D3230080D24104001144
:10840000427C021321781F536220C29AA50002AA5F
:10841000C1CE218B22045FF8C50600F9620601A9CE
:10842000330800F9530C00F9017C0213240080D2B8
:108430008420C19A9F0005EBA80C00549F0005EA18
:10844000C100005400741E1284F87FD30010001184
:108450009F0005EAA0FFFF54E90180920704001184
:10846000E803002AE7781F5327CD278BC702078B25
:10847000E50307AAA10C40F909000014220440F901
:10848000F30301AA210C40F942F47E92430014CB7D
:108490007F7C00F12C1E0054E31FF8B6BF0001EBF7
:1084A000E1FEFF541FF900712D240054A5400091F6
:1084B000080500111F0540F2E1FDFF5405000014FE
:1084C000E1045FF8000400513F0007EB0134005461
:1084D0001F0440F261FFFF54C00640F90000248AE7
:1084E000C00600F984F87FD3810400D13F0000EB7F
:1084F000830000543600001484F87FD30811001163
:108500009F0000EAA0FFFF54E003082AD4FFFF17F2
:1085100094EE7C92E27B40B29F0202EB229054FAEE
:10852000A80C0054F70100949FDE07F1891C005449
:1085300081FE49D3810C00B43F1000F1A81700540C
:1085400081FE46D320E4001125E0001104781F537A
:10855000847C7D93760000B0D6C22C91C402048B3B
:10856000844000D1930C40F99F0013EBE1000054CC
:1085700092FFFF17630E40F9C211F8B6F30303AA86
:108580009F0003EBA0F1FF54610640F921F47E92B5
:10859000220014CB5F7C00F1EDFEFF54D31240F9B2
:1085A000660000B0C6002D91E003052A7F0206EBAD
:1085B000E1F0FF54C50640F9017C0213240080D28B
:1085C0008420C19A9F0005EBA9F3FF54D30A40F918
:1085D000F76303A9770640F9F7F67E92E00214CB21
:1085E0001F7C00F1E0C254FA420A0054810000D01E
:1085F000FB7305A97C0000B021CC46F9E30382D2CD
:10860000829345F98102018B3800038B2180009110
:108610005F0400B118CF74921813819AE00315AA71
:10862000E10318AA7B02178BF96B04A96D0600946D
:10863000F90300AA1F0400B1A00600547F0300EB59
:10864000280600549A0000D041634DB92100180B50
:1086500041630DB9E003012A811700547F2F40F2D6
:1086600041170054C20A40F9E002188B000040B2E2
:10867000400400F91F2003D5800000D0217C4093E6
:1086800002C846F93F0002EB4900005401C806F950
:10869000800000D0D30A40F902C446F93F0002EB43
:1086A0004900005401C406F9600640F900F47E92C6
:1086B0001A00001480018052130080D2A00200B979
:1086C0000C000014048080D200088052E50780521C
:1086D000A1FFFF176102018BE00315AA734200910D
:1086E000220440F9420040B2220400F989010094BA
:1086F000F55B42A9E00313AAF35341A9FD7BC6A889
:10870000C0035FD67F0216EB80110054D30A40F9F4
:10871000600640F900F47E929F0200EB000014CB4B
:1087200004985FFAAD190054F96B44A9FB7345A98D
:108730006202148B940240B2740600F9010040B248
:10874000C20A00F9410400F9E00315AA734200913E
:1087500070010094F55B42A9E00313AAF35341A909
:10876000F76343A9FD7BC6A8C0035FD6619240A909
:10877000E00315AA630E40F921F47E926102018B99
:10878000220440F9830C00F9420040B2640800F969
:10879000220400F9734200915E010094F55B42A946
:1087A000E00313AAF35341A9FD7BC6A8C0035FD61B
:1087B000640A40F96102018BE00315AA220440F922
:1087C000830C00F9F1FFFF1722FC49D33FFC27F18E
:1087D000890900545F5000F1E814005444700111FD
:1087E000436C011184781F53847C7D93C402048BF5
:1087F00082045FF89F0002EBA10000548500001482
:10880000420840F99F0002EBA0000054430440F9E5
:1088100063F47E927F0001EB48FFFF54440C40F963
:10882000621201A9930800F9530C00F9FFFEFF172B
:108830003F5000F1290700543F5001F1C812005485
:1088400081FE4CD320BC011125B8011104781F53BF
:10885000847C7D9340FFFF17640A40F9800240B298
:10886000600600F97402148B650040B2E00315AA9B
:10887000810C00F9240800F9D45202A9859A00A9B4
:10888000860E00F9636A22F8734200912101009478
:1088900098FFFF176202028BE00315AA640E41F8ED
:1088A000430440F9630040B2430400F9810C00F92D
:1088B000240800F9170100948EFFFF1780FE43D3B0
:1088C0000104001121781F53217C7D93B3FEFF1713
:1088D0006302148B940240B2740600F9440040B263
:1088E000C30E02A9E00315AA649800A9660C00F95A
:1088F000626A21F873420091060100947DFFFF1720
:1089000022FC46D344E4001143E0001184781F5355
:10891000847C7D93B6FFFF1720700111256C011137
:1089200004781F53847C7D930BFFFF17080500110B
:10893000A5800091DFFEFF179A0000D040634DB97B
:108940000000180B40630DB9819345F93F0400B155
:10895000200B00543B031BCB00001B0B40630DB9E5
:108960003C0F40F22006005439031CCB1B0282D27C
:10897000394300917B031CCB3803188BE00315AA05
:108980007B0318CB7B2F4092E1031BAA9505009433
:108990001F0400B1400B0054000019CBE2031B2A56
:1089A00018001B8B40634DB9180340B2D90A00F977
:1089B0004100000B41630DB9380700F97F0216EB47
:1089C000C0E5FF54FF7E00F149040054620640F9FF
:1089D00063000090E06200D16004C33D00EC7C9233
:1089E0006302008B42004092420000AA620600F936
:1089F0006080803C1F7C00F109E4FF5461420091DB
:108A0000E00315AA5B04009441634DB91BFFFF17F7
:108A1000637C0213210080D22120C39AA50001AA01
:108A2000C50600F97FFFFF173B03188BE00315AA6B
:108A3000FB031BCB7B2F4092E1031BAA690500942B
:108A4000020080521F0400B181FAFF54D6FFFF17C5
:108A5000200080D2200700F9E00315AA130080D27D
:108A6000AC000094F76343A9F96B44A9FB7345A9D3
:108A700020FFFF175F5001F12802005422FC4CD365
:108A800044BC011143B8011184781F53847C7D9349
:108A900057FFFF173F5005F12802005481FE4FD3C6
:108AA00020E0011125DC011104781F53847C7D93A3
:108AB000A9FEFF17999305F9AAFFFF175F5005F16B
:108AC0008802005422FC4FD344E0011143DC011121
:108AD00084781F53847C7D9345FFFF173F5015F129
:108AE0008802005481FE52D320F4011125F00111B7
:108AF00004781F53847C7D9397FEFF179C4300D11D
:108B00000200805218031C8B180319CBA6FFFF1715
:108B10005F5015F16801005422FC52D344F4011156
:108B200043F0011184781F53847C7D9330FFFF173D
:108B300004FE80D2E00F8052C50F805286FEFF17E0
:108B400004FE80D2C30F805229FFFF17C00640F9F0
:108B500065FEFF170000000000000000000000009C
:108B6000600000D000805239C0035FD600000000D2
:108B7000600000D000001191C0035FD6000000002B
:108B8000FD7BAFA9EB068012EA0F8012FD03009176
:108B9000EC430391E8430491690000D0E82303A962
:108BA000E80300AAEC2300F9EB2B0929207542F910
:108BB000E017803DE0C341ADE11B803DE21F803DF9
:108BC000E323803DE427803DE52B803DE62F803D7B
:108BD000E733803DE18B0DA9E20308AAE3930EA9D8
:108BE000E3430091E59B0FA9E78700F9E0C300ADDF
:108BF000010840F9F3120094FD7BD1A8C0035FD6B1
:108C0000FD7BBAA9FD030091F35301A9F40300AA67
:108C1000F30301AAE00301AA6AFDFF97822640F947
:108C200004040091E603019161000090230080D2CA
:108C30002180139145008052E61700F9E53300B911
:108C4000E4CF03A9E08704A9E32F00F9930A40F9D0
:108C5000820400B461B240B96022C079410000379B
:108C600080034836C000683761B240B90000133253
:108C7000602200792078121260B200B9E00314AAD1
:108C8000E10313AAE2A30091EA04009461B240B99F
:108C90001F0000715401805294029F5A61000037F6
:108CA00060224079A0004836E003142AF35341A91A
:108CB000FD7BC6A8C0035FD6605240F939200094FE
:108CC000E003142AF35341A9FD7BC6A8C0035FD675
:108CD000605240F92F2000946022C079E2FFFF1714
:108CE000E00314AA53010094DBFFFF17000000000B
:108CF000620000D0E10300AA407442F9C1FFFF17EF
:108D0000800000D000603F9122200014000000008D
:108D1000800000D000603F9122200014000000007D
:108D2000FD7BBEA9FD030091F35301A9940000D07F
:108D3000F30300AA9FA20DB9E003012AF5E7FF970C
:108D40001F04003180000054F35341A9FD7BC2A8E9
:108D5000C0035FD681A24DB981FFFF34610200B923
:108D6000F35341A9FD7BC2A8C0035FD600000000F9
:108D7000FD7BBDA9FD0300912220C079F35301A919
:108D8000F30301AAF55B02A9F60300AAE20718376C
:108D90004000153220200079210840B93F000071C1
:108DA0008D0B0054642640F9640600B4611A40F942
:108DB000D40240B9DF0200B9620B6037020080D2F2
:108DC000E00316AA2300805280003FD6E20300AAE7
:108DD0001F0400B1E00B0054611A40F9642640F909
:108DE0006022C079E0001036602E40F9630A80B935
:108DF000420003CB600000B4607280B9420000CB37
:108E0000E00316AA0300805280003FD61F0400B181
:108E1000E1080054C30240B96122C0797F74007137
:108E2000A8060054220080D20208A4F24224C39A69
:108E300022060036640E40F922781412640200F90A
:108E40007F0A00B96222007941006036E3070034EE
:108E5000612E40F9D40200B9E10000B460D2019162
:108E60003F0000EB60000054E00316AA41030094A9
:108E70007F2E00F900008052F35341A9F55B42A90F
:108E8000FD7BC3A8C0035FD6350C40F955FFFFB486
:108E9000210040F9750200F900008052210015CB35
:108EA000F403012A5F0440F241000054602240B9FB
:108EB000600E00B93F000071AC000054EEFFFF17D8
:108EC000B5C2208B9F0200716DFDFF54611A40F9FD
:108ED000E303142A642240F9E20315AAE00316AA68
:108EE00080003FD69402004B1F000071ACFEFF547F
:108EF0006122C07921001A3261220079F35341A91D
:108F000000008012F55B42A9FD7BC3A8C0035FD6B9
:108F1000617240B93F0000716CF4FF540000805250
:108F2000D6FFFF17624A40F9AFFFFF176122C079F1
:108F3000630E40F922781412630200F97F0A00B927
:108F40006222007961F86736604A00F9C1FFFF17B5
:108F5000C00240B920F4FF341F7400710418567A1F
:108F600081FCFF5400008052D40200B9C3FFFF17F8
:108F7000FD7BBDA9FD030091F35301A9F30301AAF1
:108F8000F40300AAF51300F9600000B4012440F9CD
:108F9000810400B46022C079150080528001003441
:108FA00061B240B941000037C0014836E10313AA5D
:108FB000E00314AA6FFFFF97F503002A61B240B9DE
:108FC0006100003760224079E0014836F35341A93F
:108FD000E003152AF51340F9FD7BC3A8C0035FD653
:108FE000605240F96B1F0094E10313AAE00314AA36
:108FF00060FFFF97F503002A61B240B981FE073791
:10900000F1FFFF17605240F9661F0094F35341A926
:10901000E003152AF51340F9FD7BC3A8C0035FD612
:1090200084000094DCFFFF17000000000000000037
:10903000620000B0210000F04220199121C0369159
:10904000600000B000C013912E0500140000000065
:10905000FD7BBEA9820000B042A03691FD030091C5
:10906000010440F9F30B00F9F30300AA3F0002EBFF
:10907000400000544F1F0094610A40F9800000B086
:10908000008039913F0000EB60000054E00313AA18
:10909000481F0094610E40F9800000B000603C91D0
:1090A0003F0000EBA0000054E00313AAF30B40F9CB
:1090B000FD7BC2A83F1F0014F30B40F9FD7BC2A843
:1090C000C0035FD6000000000000000000000000A8
:1090D000FD7BBCA9800000B0820000B0FD030091C0
:1090E000F35301A913A03691830080520100009030
:1090F00021C0009141E807F9020180D201008052AD
:10910000F55B02A9F4FFFFF0F71B00F994820691CA
:109110001FD406F9800000B0004039917F0600F9A5
:10912000631200B9F6FFFFF07F0E00F9D6820391BB
:109130007F2200B9F5FFFFF07F2A00B9B542059103
:109140007FB200B95F000094F7FFFFF0800000B02D
:10915000F742029100203991735E03A9765604A963
:10916000742A00F9031F009423018052020180D267
:109170002300A07201008052800000B000203C91CA
:109180007F5E00F97F6200F963CA00B97F6A00F967
:109190007FDA00B97FE200B97F6A01B94900009423
:1091A000810000B021803991800000B000003C9126
:1091B00061DE0EA976D60FA9748600F9ED1E009423
:1091C00043028052020180D24300A072010080520B
:1091D000800000B000003F917FBA00F97FBE00F927
:1091E000638201B97FC600F97F9201B97F9A01B904
:1091F0007F2202B933000094810000B021603C91CD
:10920000615E1AA9800000B000E03E9176561BA96D
:1092100074E200F9F35341A9F55B42A9F71B40F949
:10922000FD7BC4A8D31E0014000000000000000055
:10923000FD7BBEA9FD030091F35301A9F40300AA2D
:10924000930000B073823F91E00313AAD11E0094F3
:10925000802640F9E00000B5810000B000000090D9
:1092600000400191802600F920E847F9A00000B4F1
:10927000E00313AAF35341A9FD7BC2A8C91E001441
:1092800094FFFF97E00313AAF35341A9FD7BC2A803
:10929000C41E0014000000000000000000000000D8
:1092A000800000B000803F91BA1E00140000000052
:1092B000800000B000803F91BA1E00140000000042
:1092C0005F2403D5200C014E0400028B5F8001F166
:1092D000880300545F4000F1E2010054013C084E55
:1092E00082001836010000F981801FF8C0035FD6A4
:1092F00082001036010000B981C01FB8C0035FD6DC
:10930000820000B4010000394200083681E01F7875
:10931000C0035FD60000803DC200303780009F3C14
:10932000620028360004803D80009E3CC0035FD66A
:109330000004803D000001AD80003FADC0035FD65A
:10934000211C001203EC7C920000803D5F8002F142
:109350002028407A41020054E5003BD5A5104092F8
:10936000BF1000F1C10100546004803D600001ADF8
:1093700063E47A92820003CB420002D11F2003D51E
:109380006300019123740BD5420001F1A8FFFF5443
:1093900080003EAD80003FADC0035FD6820003CBAE
:1093A000634000D1424001D1600001AD600082AD58
:1093B000420001F1A8FFFF5480003EAD80003FADA8
:1093C000C0035FD6000000000000000000000000A5
:1093D000FD7BA3A9690000B0E87B40B2FD030091CA
:1093E000F30B00F9E04B803DE14F803DE253803DBF
:1093F000E357803DE45B803DE55F803DE663803D73
:10940000E767803DE3931AA9E59B1BA9E7E700F90D
:10941000337542F93F0008EB68070054034180525E
:10942000E03700F9E3F30079E04300F9A10300B469
:10943000E6230191E4830691E5430791E30480125A
:10944000E00F8012E59704A905008012E42F00F9CF
:1094500024040051E3030C29E1A30191E38300916B
:10946000E00313AAC00440ADE47700B9E5F7007942
:10947000E48B00B9E00701AD4A0400941F040031F9
:109480006A00005461118052610200B9E13740F96D
:109490003F000039F30B40F9FD7BDDA8C0035FD628
:1094A000E5230191E3830691E4430791E1048012EF
:1094B000E00F8012E49304A904008012E32F00F966
:1094C000E3830091E1030C29E1A30191E00313AAD6
:1094D000FF7700B9A00440ADE4F70079FF8B00B935
:1094E000E00701AD2F0400941F0400316A0000540E
:1094F00061118052610200B9F30B40F9FD7BDDA8D8
:10950000C0035FD66111805200008012610200B971
:10951000FAFFFF170000000000000000000000003C
:10952000FD7BBAA9FD030091F55B02A9F50302AA30
:10953000211000B4F35301A9F30301AAF60300AA12
:10954000F76303A9784200D1B45E0091F96B04A9D6
:10955000ECFDFF97F90318AA000740F917F47E9273
:109560009FBA00F108090054010080523F000071C9
:10957000140480D2800255FA43090054FF0214EB10
:109580004A0A005461000090FB7305A93CC02C916D
:109590000203178B830B40F9410440F97F0002EB73
:1095A000A00E005423F87F924300038B630440F91C
:1095B000630B003721F47E92E302018B9F0203EBE1
:1095C0008D070054800100377B025FF81B031BCB23
:1095D000600740F900F47E922100008B3A00178B5F
:1095E0009F021AEBED180054FA02008B9F021AEB4F
:1095F0006D140054E10315AAE00316AA59FBFF9766
:10960000F50300AA201D00B4010740F9024000D173
:1096100021F87F920103018B3F0002EB40110054BF
:10962000E22200D15F2001F1681600545F9C00F136
:1096300048110054E10313AA220040F9020000F986
:10964000220440F9020400F9210840F9010800F958
:10965000E10313AAE00316AA46010094E00316AA48
:10966000ACFDFF97F35341A9E00315AAF55B42A9AE
:10967000F76343A9F96B44A9FB7345A9FD7BC6A811
:10968000C0035FD694EE7C92E17B40B29F0201EB77
:10969000E1979F1A3F000071800255FA02F7FF54CC
:1096A00080018052150080D2C00200B9150000145C
:1096B000410041A9F70303AAFB7345A9200C00F957
:1096C000010800F91F2003D5210740F9E00214CB5F
:1096D0002203178B210040921F7C00F148030054A5
:1096E000E10201AA210700F9400440F9000040B25C
:1096F000400400F9F50313AAE00316AA85FDFF97BD
:10970000F35341A9E00315AAF55B42A9F76343A906
:10971000F96B44A9FD7BC6A8C0035FD6C0F6073726
:109720007B025FF81B031BCB600740F900F47E92BD
:10973000AEFFFF17F55B42A9E10302AAFD7BC6A8B5
:1097400008FBFF172403148B810201AA210700F9EB
:10975000030040B281400091E00316AA830400F99F
:10976000430440F9630040B2430400F9010100944E
:10977000E1FFFF1721F47E92838200912200178B74
:109780005F0003EB4A0E005460F307377B025FF87B
:109790001B031BCB600740F900F47E922100008B75
:1097A0003A00178B7F001AEB0CF2FF54F5031BAA4B
:1097B000E22200D1600F40F9A10E41F8200C00F91F
:1097C000010800F95F2001F168110054E00315AAB7
:1097D0005F9C00F129010054600240F9600B00F920
:1097E000600640F9600F00F95FDC00F1C81000541A
:1097F0007342009160830091610240F9010000F919
:10980000610640F9010400F9610A40F9010800F914
:109810006203148B410314CB820B00F9210040B288
:10982000E00316AA410400F9610740F921004092C3
:10983000210014AA610700F936FDFF97FB7345A9C3
:10984000B0FFFF17200440F9FB7345A900F47E9296
:10985000F702008B9DFFFF17600240F9A00200F99C
:10986000600640F9A00600F95FDC00F1E80500544D
:1098700061420091A042009170FFFF17F5031BAAFF
:10988000E22200D1A10E41F8600F40F9200C00F94E
:10989000010800F95F2001F108040054E00315AA53
:1098A0005F9C00F129010054600240F9600B00F94F
:1098B000600640F9600F00F95FDC00F148060054D3
:1098C0007342009160830091610240F9010000F948
:1098D000610640F9010400F9610A40F9010800F944
:1098E000F9031BAAF30315AAFB7345A9F7031AAAE8
:1098F00076FFFF17E10313AA621E009455FFFF17BE
:10990000410041A9200C00F9F5031BAAE22200D175
:10991000010800F9DCFFFF17E10313AAE00315AA11
:10992000581E0094EFFFFF17600A40F9A00A00F9E3
:10993000600E40F9A00E00F95F2001F10004005410
:1099400061820091A08200913CFFFF170303148BFA
:10995000410014CB830B00F9210040B2E00316AAAA
:10996000F50313AA610400F9010740F921004092B0
:10997000210014AA010700F9E6FCFF97FB7345A933
:1099800060FFFF17600A40F9601300F9600E40F9AC
:10999000601700F95F2001F100020054738200910A
:1099A00060C30091C9FFFF17E00316AA150080D21B
:1099B000D8FCFF97FB7345A952FFFF17601240F9CF
:1099C000A01200F961C20091A0C20091621640F994
:1099D000A21600F919FFFF17601240F9601B00F989
:1099E00073C200916003019161825FF8611F00F909
:1099F000B6FFFF17E10313AAE00315AA211E009486
:109A000084FFFF17600A40F9601300F9600E40F907
:109A1000601700F95F2001F180000054738200910B
:109A200060C3009175FFFF17601240F9601B00F9D9
:109A300073C200916003019161825FF8611F00F9B8
:109A40006EFFFF1700000000000000000000000093
:109A5000FD7BBCA9FD030091F55B02A97600009097
:109A6000D6C22C91F50300AAF35301A9F71B00F904
:109A7000F70301AAA3FCFF97C00A40F9140440F9B8
:109A800094F67E92937E3F91730217CB73CE7492BD
:109A9000730640D17FFE3FF10D010054010080D2DA
:109AA000E00315AA4F010094C10A40F92100148B6C
:109AB0001F0001EB20010054E00315AA95FCFF975D
:109AC000F35341A900008052F55B42A9F71B40F90E
:109AD000FD7BC4A8C0035FD6E10313CBE00315AA46
:109AE000400100941F0400B120020054820000B025
:109AF000940213CBC30A40F9940240B241604DB9BD
:109B0000E00315AA2100134B740400F941600DB95C
:109B100080FCFF97F35341A920008052F55B42A9D6
:109B2000F71B40F9FD7BC4A8C0035FD6010080D2BB
:109B3000E00315AA2B010094C20A40F9010002CBF0
:109B40003F7C00F1ADFBFF5464000090210040B267
:109B5000410400F9830000B0819045F9000001CB79
:109B600060600DB9D5FFFF17000000000000000085
:109B7000210A00B4FD7BBEA9FD030091F35301A9A6
:109B8000F30301AAF40300AA5EFCFF9765825FF865
:109B9000634200D16000009000C02C91A2F87F9237
:109BA0006400028B060840F9810440F921F47E929A
:109BB000DF0004EB000C0054810400F98600018BE7
:109BC0004503003767025FF865000090C60440F95E
:109BD000630007CB4200078BA5002D91C600409281
:109BE000670840F9FF0005EB40090054680C40F994
:109BF000E80C00F9070900F9C60100B54200018B25
:109C0000810840F93F0005EBA00E0054850C40F997
:109C1000250C00F9440040B2A10800F9640400F9E1
:109C2000626822F806000014C50440F9A506003653
:109C3000410040B2610400F9820000F95FFC07F1C5
:109C4000C903005441FC49D35FFC27F1C809005403
:109C500041FC46D324E4001125E0001184781F5311
:109C6000847C7D930400048B81045FF89F0001EBEA
:109C7000A100005453000014210840F99F0001EB9B
:109C8000A0000054200440F900F47E921F0002EB73
:109C900048FFFF54240C40F9611001A9E00314AA05
:109CA000830800F9230C00F9F35341A9FD7BC2A8F6
:109CB00018FCFF17C0035FD644FC43D3220080D2B8
:109CC00081040011050440F921781F53847C02139C
:109CD00001CC218B4220C49A420005AA020400F95B
:109CE00020045FF8600401A9230800F9030C00F9BF
:109CF000E00314AAF35341A9FD7BC2A805FCFF179A
:109D0000650000904200018BA5002D91BDFFFF175B
:109D1000860900B5850041A92100028BA00C00F93D
:109D2000220040B2050800F9620400F9616821F8D8
:109D3000F0FFFF174100018BE500003762025FF87A
:109D4000630002CB2100028B640841A9820C00F958
:109D5000440800F962000090240040B2640400F955
:109D6000429445F9030800F95F0001EB28FCFF5419
:109D7000810000B0E00314AA21CC46F935FFFF971B
:109D8000DCFFFF173F5000F1290100543F5001F163
:109D90002803005441FC4CD324BC011125B8011107
:109DA00084781F53847C7D93AFFFFF1724700111CB
:109DB000256C011184781F53847C7D93AAFFFF17C3
:109DC000060440F9A57C0213220080D24220C59AE5
:109DD000420006AA020400F9B0FFFF17030C02A913
:109DE000410040B2619400A9650C00F9626822F854
:109DF000C0FFFF173F5005F1E800005441FC4FD36E
:109E000024E0011125DC011184781F53847C7D93AB
:109E100095FFFF173F5015F1E800005441FC52D365
:109E200024F4011125F0011184781F53847C7D9363
:109E30008DFFFF1704FE80D2C50F80528AFFFF17E7
:109E4000400040B2600400F9820000F9A9FFFF174A
:109E5000230000AAE40300AA7F0840F2400847FA62
:109E6000090100541100001425144038460400D1A3
:109E700065140038C5000034E40303AAE20306AA0F
:109E8000E30304AA22FFFFB5C0035FD68400028B60
:109E9000C6FFFFB41F2003D57F1400387F0004EBFA
:109EA000C1FFFF54C0035FD6E6DB07B2E6DF9FF2D7
:109EB00006000014422000D1858400F82120009182
:109EC0005F1C00F1E9FDFF54250040F9A300068B5B
:109ED0006300258A7FC001F2E0FEFF54E9FFFF170F
:109EE000FD7BBEA9FD030091F35301A9940000B0CE
:109EF000F30300AA9FA20DB9E003012AE10302AA1D
:109F0000E203032A0BE3FF971F0400B18000005413
:109F1000F35341A9FD7BC2A8C0035FD681A24DB90E
:109F200081FFFF34610200B9F35341A9FD7BC2A850
:109F3000C0035FD600000000000000000000000029
:109F4000FD7BBEA9FD030091F35301A9940000B06D
:109F5000F30300AAE003012AE10302AA9FA20DB9BC
:109F6000E20303AABFE2FF97017C40931F04003184
:109F7000A0000054F35341A9E00301AAFD7BC2A84D
:109F8000C0035FD680A24DB960FFFF34600200B904
:109F9000E00301AAF35341A9FD7BC2A8C0035FD629
:109FA000E30300AA410100B45FFC03718800005480
:109FB0002000805222000039C0035FD64111805238
:109FC00000008012610000B9C0035FD6000080521B
:109FD000C0035FD600000000000000000000000089
:109FE000FD7BBEA9FD030091F35301A9940000B0CD
:109FF000F30300AA9FA20DB9E00301AAD1F6FF97CF
:10A000001F0400B180000054F35341A9FD7BC2A896
:10A01000C0035FD681A24DB981FFFF34610200B950
:10A02000F35341A9FD7BC2A8C0035FD60000000026
:10A03000FD7BBAA9FD030091F55B02A9F50300AA17
:10A04000400840F9C00A00B42520C079F35301A9A3
:10A05000F30301AAFB7305A9FB0302AA850A1836BC
:10A06000200C40F9400A00B4F76303A9740340F9D7
:10A07000E5030836611A40F9170080D2642240F9DE
:10A08000160080D2F85376B2DF0218EBE20317AA6B
:10A09000C392989AE00315AA560200B480003FD6F6
:10A0A0001F0000716D210054610B40F9007C40934A
:10A0B000F702008BD60200CB200000CB600B00F92A
:10A0C000C02000B4DF0218EBE20317AA611A40F9BE
:10A0D000C392989A642240F9E00315AA16FEFFB5D0
:10A0E000975A40A994420091E8FFFF17F96B04A921
:10A0F000650A003618008052000080521A0080D293
:10A10000190080D21F2003D5F90700B4600800347D
:10A11000600240F9177F4093610E40F9FF0219EB8E
:10A12000760E40B9F792999A632240B91F0001EB6D
:10A130007600160BE482567AAC1900547F00176B38
:10A14000EC170054611A40F9E2031AAA642240F99C
:10A15000E00315AA80003FD6F603002A1F00007115
:10A16000CD0300541803166B20008052E002005407
:10A17000610B40F9D67E40935A03168B390316CBF8
:10A18000210016CB610B00F901FCFFB5F35341A987
:10A19000F76343A9F96B44A9FB7345A900008052FA
:10A1A000F55B42A9FD7BC6A8C0035FD6E10313AAF5
:10A1B000E00315AA8B1B0094A00100356522C0792D
:10A1C000F76303A9AAFFFF17E10313AAE00315AA87
:10A1D00068FBFF97E0FCFF34F96B44A96022C0796B
:10A1E000F76343A900001A3260220079F35341A9B2
:10A1F00000008012F55B42A9FB7345A9FD7BC6A850
:10A20000C0035FD6990640F9E00314AA9442009176
:10A21000B9FFFFB41A0040F9E20319AAE0031AAA31
:10A2200041018052371B0094180400911F0000F177
:10A2300018031ACB1817991AB6FFFF17640240F9D2
:10A240001C0080D2610E40B91A0080D21F2003D5B5
:10A25000E00304AAF803012AFA0300B425044836EF
:10A26000377C4093FF021AEBC9080054417F4093AA
:10A27000F90301AAE00304AAF70301AAF8031A2AC2
:10A28000E1031CAAE20317AAFE1B0094640240F932
:10A29000610E40B98400178B640200F92100184B4D
:10A2A000610E00B9600B40F99C03198B5A0319CB5E
:10A2B000000019CB600B00F9A0F6FFB4640240F96E
:10A2C000610E40B96522C079E00304AAF803012AAF
:10A2D0007AFCFFB59C6A40A994420091DDFFFF170C
:10A2E000600E40F91F0004EB43020054652240B9A0
:10A2F0005FC325EBE3010054E07B40B25F0300EB5A
:10A300004393809AE2031CAA611A40F9E00315AA5C
:10A31000630CC51A642240F9637C051B80003FD69C
:10A320001F000071ADF5FF54197C4093DEFFFF174D
:10A33000237C4093E00304AA7F001AEBE1031CAAEC
:10A3400078909A9A197F4093E20319AACD1B009442
:10A35000640240F9610E40B98400198B640200F96F
:10A360002100184B610E00B9E1F9FF35E10313AA92
:10A37000E00315AAFFFAFF9760F9FF3497FFFF1774
:10A38000597F409301908052BF00016AA0F7FF54AB
:10A39000662240B9610E40F9C604060B990001CB54
:10A3A000C67C460B367F4093D77C0113C0060091D4
:10A3B00000001A8BE27E40935F0000EB82000054A5
:10A3C00026070011D7001A0BE27E4093850650360F
:10A3D000E10302AAE00315AAE2F7FF97F80300AA37
:10A3E000400800B4610E40F9E20316AAA51B0094D0
:10A3F00060224079019080120000010A00001932A9
:10A40000602200790003168BE402194B597F4093B8
:10A41000600200F9640E00B9E10319AA780E00F990
:10A42000E40300AA772200B9F8031A2A3F031AEBC3
:10A4300008F2FF54F70319AA92FFFF17FC7E40931E
:10A44000E1031AAAE2031CAA8E1B0094600240F9E1
:10A45000F603172A610E40B900001C8B600200F958
:10A460002100174B610E00B93FFFFF17D77E4093C5
:10A47000E1031AAAE20317AA821B0094620240F9C0
:10A48000E10313AAE00315AA4200178B620200F948
:10A49000B8FAFF9780E6FF3450FFFF17E00315AAD4
:10A4A00020FCFF97F80300AAE0FAFFB5610E40F91F
:10A4B000E00315AAAFFDFF976022C07981018052A9
:10A4C000F96B44A900781812A10200B945FFFF17E3
:10A4D0006022C07943FFFF17F35341A9F76343A9F3
:10A4E000FB7345A92EFFFF17F96B44A98101805228
:10A4F0006022C079A10200B93AFFFF1700000000F6
:10A50000FD7BBBA9FD030091F55B02A9F60302AA3E
:10A5100015008052F76303A9F70300AAF80301AA04
:10A52000F35301A9F92300F9191780521F2003D50D
:10A53000D40A40B9D30A40F99F0200710D020054B9
:10A54000944EB99B1F2003D5632240797F0400718C
:10A55000090100546326C079E10313AAE00317AA96
:10A560007F0400316000005400033FD6B502002A8A
:10A5700073E202917F0214EB81FEFF54D60240F990
:10A5800096FDFFB5F35341A9E003152AF55B42A9F7
:10A59000F76343A9F92340F9FD7BC5A8C0035FD643
:10A5A000FFC309D1FD7B00A9FD030091F55B02A962
:10A5B000F50301AA610040F9E13F00F9610440F9A7
:10A5C000E15300F9610840F9E18F00F9611840B9E1
:10A5D000E19300B9611C40B9F35301A9F30300AA48
:10A5E000F76303A9F70302AAE1FF00B961F9FF9736
:10A5F000000040F9E05B00F9F2F6FF97E05700F940
:10A60000020180D2E0630591010080522DFBFF978B
:10A61000A022407960003836A00E40F900B300B4A3
:10A62000F96B04A9FB7305A9E827066DF6C307912A
:10A6300008E4002F74000090FC0316AA94020D9108
:10A64000EA0317AA400000D000903491FF7700B9C8
:10A65000E04300F9FF9700B9FF7F0EA9FF7B00F9E7
:10A66000FFFB00B9FF8300F9F6BB00F9FF7B01B9DE
:10A67000FFC300F9F7030AAAF8030AAA1F2003D5AB
:10A68000997640F937F9FF97E4630591037C40938D
:10A69000E20317AAE1330591E00313AA20033FD692
:10A6A0001F000071E0010034EB000054E14F41B99C
:10A6B0003F94007100350054007C4093F702008BFA
:10A6C000F0FFFF17E0630591020180D20100805284
:10A6D000FCFAFF97200080D2F702008BE9FFFF17FA
:10A6E000FA03002AE00218CBEA0318AAFB03002AA7
:10A6F000E0F70034E2C340F9617F4093E07B41B969
:10A700004200018B8A0700A900040011E07B01B917
:10A710009C430091E2C300F91F1C00712C470054B8
:10A72000E07740B900001B0BE07700B91AF600345F
:10A73000EA060091E8064039070080120B008052BB
:10A7400009008052F8030B2AF703092AF903072AA4
:10A75000FA030AAAFFFF04395A0700910081005149
:10A760001F680171C8000054E14340F92058607827
:10A770006100001020A8208B00001FD6E903172AD3
:10A78000EB03182AEA031AAA28F300343A0080528D
:10A79000FB230691F7031A2A01008052190080D288
:10A7A0000700805218008052FF8B00B9FF9B00B950
:10A7B000FFFF0439E823063932011F72420B0011F2
:10A7C000E0C340F95A109A1A8E1080522E010E6A78
:10A7D0008100005464011A4B9F0000716C1A0054F0
:10A7E000A1010034E17B41B9E2FF04910004009132
:10A7F000820300F921040011220080D2820700F9AF
:10A800009C430091E17B01B9E0C300F93F1C00715A
:10A81000EC200054B2010034E17B41B9E203059120
:10A8200000080091820300F921040011420080D247
:10A83000820700F99C430091E17B01B9E0C300F974
:10A840003F1C0071CC3E0054DF010271002900540E
:10A85000E700174BFF0000710C050054290E40372C
:10A86000E17B41B9EC7E409300000C8B9B3300A947
:10A8700021040011E17B01B9E0C300F93F1C007124
:10A880008C2400549C4300918900103677011A4BA8
:10A89000FF020071CC3E0054E17740B97F011A6B92
:10A8A00063A19A1A2100030BE17700B9003000B5CB
:10A8B000FF7B01B9D90000B4E10319AAE00313AA90
:10A8C000EA4700F9ABFCFF97EA4740F9FC0316AAF8
:10A8D00069FFFF1700C10051180080524817403827
:10A8E0000B0B180B18040B0B00C100511F24007137
:10A8F00069FFFF549AFFFF17440000D0E17B41B984
:10A9000084803791FF4000718D050054E2031CAA3A
:10A910000D0280D2FC030AAAE8BB00B9E9C300B962
:10A92000EBCB00B9F7D300B9F703072AF8DB00B97E
:10A93000F80304AA04000014F7420051FF4200711A
:10A94000AD0200540040009121040011583400A9C8
:10A9500042400091E17B01B9E0C300F93F1C007166
:10A96000CDFEFF54E2C30591E10315AAE00313AA4B
:10A970006C230094A02A0035F7420051E17B41B9D5
:10A98000E0C340F9E20316AA0D0280D2FF42007133
:10A99000ACFDFF54E703172AE40318AAE8BB40B94B
:10A9A000EA031CAAE9C340B9FC0302AAEBCB40B9F5
:10A9B000F7D340B9F8DB40B9E77C4093210400119C
:10A9C0000000078B841F00A99C430091E17B01B923
:10A9D000E0C300F93F1C00712DF4FF54E2C3059160
:10A9E000E10315AAE00313AAE8BB00B9E9C300B963
:10A9F000EBCB00B9EA6B00F94A23009460260035DE
:10AA0000E9C340B9FC0316AAEA6B40F9E0C340F978
:10AA1000E8BB40B9EBCB40B949F247361F2003D51C
:10AA20001F9501714D2700540821601E213F0054DD
:10AA3000E17B41B900040091420000D0240080D2A3
:10AA400042A0199121040011821300A99C43009196
:10AA5000E17B01B9E0C300F93F1C0071ECC5005473
:10AA6000E29740B9E14B41B93F00026BEA7F0054E5
:10AA7000E28F4AA9830B00A9E17B41B99C43009175
:10AA800021040011E17B01B90000028BE0C300F951
:10AA90003F1C00718C8C0054E19740B93704005181
:10AAA000FF0200712DEFFF54440000D0E17B41B95B
:10AAB00084803791FF4200710DD00054E2031CAA3C
:10AAC000F80304AAFC030AAA1B0280D2E98B00B98E
:10AAD000EB9B00B904000014F7420051FF420071E3
:10AAE0002DCE00540040009121040011586C00A9A3
:10AAF00042400091E17B01B9E0C300F93F1C0071C5
:10AB0000CDFEFF54E2C30591E10315AAE00313AAA9
:10AB100004230094A01D0035E0C340F9E20316AA07
:10AB2000E17B41B9EDFFFF174D0000D0E17B41B95A
:10AB3000ADC137919F4000714D060054E2031CAA3D
:10AB40000F0280D2FC030AAAF2BB00B9EEC300B91F
:10AB5000E8CB00B9E9D300B9EBDB00B9E70B01B9E9
:10AB6000F71301B9F703042AF82301B9F8030DAA72
:10AB700004000014F7420051FF420071AD0200547E
:10AB80000040009121040011583C00A9424000916E
:10AB9000E17B01B9E0C300F93F1C0071CDFEFF5419
:10ABA000E2C30591E10315AAE00313AADD22009494
:10ABB000C0180035F7420051E17B41B9E0C340F9CC
:10ABC000E20316AA0F0280D2FF420071ACFDFF54CF
:10ABD000E403172AED0318AAF2BB40B9EA031CAA42
:10ABE000EEC340B9FC0302AAE8CB40B9E9D340B9AF
:10ABF000EBDB40B9E70B41B9F71341B9F82341B991
:10AC0000847C4093210400110000048B8D1300A963
:10AC1000E17B01B9E0C300F93F1C00712CA700548F
:10AC2000E1FF44399C430091EEFEFF17E2C305911A
:10AC3000E10315AAE00313AAF2BB00B9EEC300B901
:10AC4000E8CB00B9E9D300B9EBDB00B9E70B01B9F8
:10AC5000EA8B00F9B322009480130035EA8B40F9A7
:10AC6000FC0316AAE0C340F9F2BB40B9EEC340B9F9
:10AC7000E8CB40B9E9D340B9EBDB40B9E70B41B9C8
:10AC8000E5FEFF17E17B41B900040091440000D0CC
:10AC9000270080D284A0199121040011841F00A9EB
:10ACA0009C430091E17B01B9E0C300F93F1C0071B6
:10ACB0008CEB0054E19740B92100022A21F00034C6
:10ACC000E3934AA9840F00A9E17B41B9864300912F
:10ACD00021040011E17B01B96000008BE0C300F9A1
:10ACE0003F1C00714CF00054E21AF937E29780B92A
:10ACF00021040011DB0800A9DC4000914000008B1A
:10AD0000E17B01B9E0C300F93F1C0071EDDBFF54AA
:10AD1000E2C30591E10315AAE00313AAE98B00B988
:10AD2000EB9B00B9EA5F00F97E220094E00C00354D
:10AD3000EA5F40F9FC0316AAE0C340F9E98B40B989
:10AD4000EB9B40B9D1FEFF1748034039F7021C3294
:10AD500082FEFF17FA03002AE00218CBEA0318AAC2
:10AD6000FB03002A60CEFF3463FEFF176D011A4B10
:10AD7000BF010071EDD6FF54440000D0E17B41B922
:10AD800084803791BF410071CD050054E2031CAAB5
:10AD90000E0280D2FC030AAAE8BB00B9E9C300B9DD
:10ADA000EBCB00B9E7D300B9F7DB00B9F7030D2A05
:10ADB000F80B01B9F80304AA04000014F74200518B
:10ADC000FF420071AD0200540040009121040011C7
:10ADD000583800A942400091E17B01B9E0C300F975
:10ADE0003F1C0071CDFEFF54E2C30591E10315AA9B
:10ADF000E00313AA4B22009480060035F74200516D
:10AE0000E17B41B9E0C340F9E20316AA0E0280D209
:10AE1000FF420071ACFDFF54ED03172AE40318AAAA
:10AE2000E8BB40B9EA031CAAE9C340B9FC0302AA83
:10AE3000EBCB40B9E7D340B9F7DB40B9F80B41B9E8
:10AE4000AD7D40932104001100000D8B843700A9D3
:10AE50009C430091E17B01B9E0C300F93F1C007104
:10AE60008DCFFF54E2C30591E10315AAE00313AAB5
:10AE7000E8BB00B9E9C300B9EBCB00B9E7D300B92F
:10AE8000EA6F00F92722009400020035EA6F40F9CA
:10AE9000FC0316AAE0C340F9E8BB40B9E9C340B9D6
:10AEA000EBCB40B9E7D340B96AFEFF17E2C3059187
:10AEB000E10315AAE00313AAEA4700F91922009456
:10AEC000EA4740F960CFFF34E10319AA610000B4FA
:10AED000E00313AA27FBFF97A022407900001A1273
:10AEE000F96B44A9FB7345A9E827466D6016013547
:10AEF000FD7B40A9F35341A9F55B42A9F76343A940
:10AF0000E07740B9FFC30991C0035FD6E17B41B947
:10AF100000040091E39740B982430091210400119D
:10AF20007F0400712D220054240080D29B1300A9BD
:10AF3000E17B01B9E0C300F93F1C0071AC2A005469
:10AF4000E3934AA921040011440C00A94240009156
:10AF5000E17B01B90000038BE0C300F93F1C0071E5
:10AF60002C2700540821601EE39740B97704005154
:10AF700080220054F77E4093210400110000178BBB
:10AF8000E17B01B9E0C300F965070091450000F9D4
:10AF9000570400F93F1C00718C620054424000913C
:10AFA000E4FB80B921040011E5430591451000A997
:10AFB0008000008BE17B01B95C400091E0C300F9A7
:10AFC0003F1C00712DC6FF54E2C30591E10315AA91
:10AFD000E00313AAE98B00B9EB9B00B9EA5F00F923
:10AFE000D021009420F7FF35EA5F40F9FC0316AA50
:10AFF000E0C340F9E98B40B9EB9B40B923FEFF1752
:10B00000E2C30591E10315AAE00313AAC521009448
:10B0100040F6FF35FC0316AAC2FDFF17E2C30591F7
:10B02000E10315AAE00313AAEEBB00B9E8C300B917
:10B03000E9CB00B9EBD300B9E7DB00B9EA8700F947
:10B04000B821009420F4FF35EA8740F9FC0316AAE2
:10B05000E0C340F9EEBB40B9E8C340B9E9CB40B921
:10B06000EBD340B9E7DB40B9F8FDFF174D0000B066
:10B07000E17B41B9ADC13791FF420071ED0300544E
:10B08000F8030DAA1B0280D2EB8B00B9EA4F00F93E
:10B0900004000014F7420051FF4200718D02005479
:10B0A0000040009121040011986F00A99C43009179
:10B0B000E17B01B9E0C300F93F1C0071CDFEFF54F4
:10B0C000E2C30591E10315AAE00313AA95210094B8
:10B0D000C0EFFF35F7420051E17B41B9E0C340F9D1
:10B0E000FC0316AAFF420071CCFDFF54EA4F40F961
:10B0F000ED0318AAEB8B40B9F77E409321040011B1
:10B100000000178B8D5F00A9E17B01B9E0C300F956
:10B110003F1C00712DBCFF54E2C30591E10315AA49
:10B12000E00313AAEB8B00B9EA4F00F97D210094EC
:10B13000C0ECFF35EA4F40F9E0C340F9EB8B40B972
:10B14000D6FDFF17E0FF40B9E903172AEB03182AE1
:10B15000E703192AEA031AAA094B1836E0C1F8379F
:10B16000E03F40F9003C009100EC7C9201400091EE
:10B17000E13F00F90000C03DE88B00B9E99B00B950
:10B18000EBBB00B9E7C300B9EA6700F9A922009454
:10B19000EA6740F90840601EE88B40B9E99B40B976
:10B1A000EBBB40B9E7C340B900C1601E0002F0929A
:10B1B0000100679E0020611E0D7F00541821601E53
:10B1C00084C20054E1FF4439400000B0450000B0A3
:10B1D0001F1D017100401891A5601891FF8B00B9E7
:10B1E0007A008052FF9B00B929791812BBC0809A5F
:10B1F000F7031A2A190080D20700805218008052E3
:10B20000C1ADFF341F2003D55A0700116BFDFF1796
:10B21000E24B41B95F0000716DD3FF54E19740B933
:10B220001F03016B17D3811A2C7C4093FF0200711E
:10B230006D010054E17B41B9E27E40930000028B36
:10B240009B0B00A921040011E17B01B99C430091F3
:10B25000E0C300F93F1C00714CC10054FF020071B3
:10B26000E4A29F1A1703044BFF0200714C530054D1
:10B2700068C3388BE95B5037E19740B9F74B41B968
:10B28000FF02016B2B64005409640037E19740B959
:10B290007B030C8B7B0308CB3700174BFF021B6B28
:10B2A000FBB29B1A7F0300716D010054E17B41B931
:10B2B000627F40930000028B880B00A921040011DB
:10B2C000E17B01B99C430091E0C300F93F1C007190
:10B2D0002CE700547F0300717BA39F1AF7021B4BDE
:10B2E000FF0200712DADFF54440000B0E17B41B975
:10B2F00084803791FF4200710D8E0054E2031CAA36
:10B30000F80304AAFC030AAA1B0280D2E98B00B945
:10B31000EB9B00B904000014F7420051FF4200719A
:10B320002D8C00540040009121040011586C00A99C
:10B3300042400091E17B01B9E0C300F93F1C00717C
:10B34000CDFEFF54E2C30591E10315AAE00313AA61
:10B35000F4200094A0DBFF35E0C340F9E20316AA15
:10B36000E17B41B9EDFFFF1709DE0737240080D2EA
:10B370009B1300A9E17B01B9E0C300F93F1C0071F8
:10B380000DE1FF54E2C30591E10315AAE00313AAFE
:10B39000E98B00B9EB9B00B9EA5F00F9E12000946A
:10B3A00040D9FF35EA5F40F9E20316AAE0C340F94D
:10B3B000E98B40B9EB9B40B9E17B41B9F9FEFF173E
:10B3C000E39740B97F040071CDDEFF54440000B024
:10B3D000848037917F4400716D3F0054FC030B2A39
:10B3E000F80304AA1B0280D2E98B00B9EA4F00F9E6
:10B3F00004000014F7420051FF420071CD3D00549B
:10B400000040009121040011586C00A942400091B5
:10B41000E17B01B9E0C300F93F1C0071CDFEFF5490
:10B42000E2C30591E10315AAE00313AABD2000942D
:10B43000C0D4FF35E0C340F9E20316AAE17B41B96D
:10B44000EDFFFF17E2C30591E10315AAE00313AA7C
:10B45000E98B00B9EB9B00B9EA5F00F9B1200094D9
:10B4600040D3FF350821601EE39740B9EA5F40F9F9
:10B47000E20316AAE0C340F977040051E98B40B912
:10B48000EB9B40B9E17B41B9C0F9FF54BAFEFF170D
:10B49000E2C30591E10315AAE00313AAE98B00B901
:10B4A000EB9B00B9EA5F00F99E200094E0D0FF35E5
:10B4B000EA5F40F9E20316AAE0C340F9E98B40B91C
:10B4C000EB9B40B9E17B41B99EFEFF17E09340B989
:10B4D000E903172AEB03182AE703192AEA031AAA31
:10B4E000C032F837E03F40F9013C009121F07D92F5
:10B4F000E13F00F91B0040F9FFFF0439FB8500B470
:10B500001F4D01716072005438011C1229722037DE
:10B51000A7BBF837E27C4093E0031BAA01008052EE
:10B52000E78B00B9E99B00B9EBBB00B9EA6300F90E
:10B5300074160094EA6340F9F90300AAE78B40B956
:10B54000E99B40B9EBBB40B900FB00B4E1FF4439D3
:10B5500003001BCBFF8B00B97F000071FF9B00B97C
:10B56000F703032A7AA09F1A07008052190080D29D
:10B57000680E80522192FF3424FFFF17E903172A37
:10B58000EB03182AEA031AAA1F0D017140000054A8
:10B59000A92F2036E0A30591020180D2010080523C
:10B5A000E88B00B9E99B00B9EBBB00B9EA6300F98D
:10B5B00044F7FF97E09340B9EA6340F9E88B40B95C
:10B5C000E99B40B9EBBB40B94082F837E03F40F916
:10B5D000012C009121F07D92E13F00F9020040B979
:10B5E000F8230691E3A30591E10318AAE00313AA47
:10B5F000E88B00B9E99B00B9EBBB00B9EA6300F93D
:10B60000B8150094EA6340F9F703002AE88B40B9C3
:10B610001F040031E99B40B9EBBB40B920DC00546A
:10B620001F0000711AA09F1AFB0318AA0100805284
:10B63000190080D20700805218008052FF8B00B999
:10B64000FF9B00B9FFFF04395CFCFF17F803184BA0
:10B65000E03F00F948034039F7021E323FFCFF1774
:10B66000EA031AAAEB03182AE703192AFA021C3282
:10B67000E09340B95A002837FA202036E04BF837DB
:10B68000E03F40F9013C009121F07D92E13F00F95B
:10B69000000040F92100805202008052E2FF04398C
:10B6A0000718F8371F0000F1497B1812E008407AAC
:10B6B0006117005481040035570300127A1C0036CC
:10B6C000FBAF07910006805207008052E0AF0739B8
:10B6D000E1FF4439FF00176BFF8B00B9FAA0971AFE
:10B6E000FF9B00B9190080D2180080526186FF3498
:10B6F000C6FEFF17EB03182AE703192AEA031AAA62
:10B70000E9021C32E09340B949002837291B203652
:10B710008048F837E03F40F9013C009121F07D92EC
:10B72000E13F00F9010040F9E00301AA4119F8B72F
:10B73000A717F8371F0000F129791812E008407A9E
:10B7400021170054FBB30791070080521700805265
:10B75000E0FFFF17EB03182AE703192AEA031AAAE6
:10B76000E9021C32E09340B949002837891B203692
:10B770000043F837E03F40F9013C009121F07D9211
:10B78000E13F00F9000040F93A79151201008052BA
:10B79000C2FFFF1748034039F7021D32EFFBFF17C6
:10B7A00048034039F7021B32ECFBFF17E09340B926
:10B7B000E903172AEB03182AE703192AEA031AAA4E
:10B7C000801AF837E03F40F9013C009121F07D926A
:10B7D000E13F00F9000040F902068F52430000B03B
:10B7E0003A011F3263C0189141008052080F805205
:10B7F000E37300F9E2830279A8FFFF17E09340B9F1
:10B80000E903172AEA031AAAA90128378901203770
:10B81000A99C303749CE483620ECF837E03F40F954
:10B82000013C009121F07D92E13F00F9000040F9D8
:10B83000E1D34139010000398FFBFF178023F8372E
:10B84000E03F40F9013C009121F07D92E13F00F999
:10B85000000040F9E17780B9010000F986FBFF178D
:10B86000480340391FB1017120200054F7021C32F7
:10B87000BAFBFF17480340391FA10171001F005494
:10B88000F7021A32B5FBFF176005805248034039B2
:10B89000E0FF0439B1FBFF1748034039F7021932C2
:10B8A000AEFBFF17E1031AAA281440381FA9007144
:10B8B00040EF005400C10051FA0301AA0700805272
:10B8C000190080521F240071A874FF541F2003D553
:10B8D00028144038E708070B0704070B00C1005184
:10B8E0001F24007169FFFF54FF000071FA0301AAD1
:10B8F000F9A09F5A9AFBFF17E09340B92013F8373D
:10B90000E03F40F9002C009100F07D92E13F40F9CA
:10B91000380040B9D8E9FF3748034039E03F00F923
:10B920008EFBFF17E00313AA92F4FF97000440F97F
:10B93000E07700F923F2FF97E10300AAFB0301AAD5
:10B94000E00313AAE18300F98AF4FF97000840F9A5
:10B95000E07B00F97F0300F1041840FAC00B0054AB
:10B9600001004039E0021632480340393F000071BF
:10B970001710971A79FBFF1748034039F702003276
:10B9800076FBFF17E0FF443948034039606EFF350E
:10B9900000048052E0FF043970FBFF17FA03092A04
:10B9A0003F04007120040054F7B30791FB0317AA6A
:10B9B0003F08007161010054E27340F91F2003D574
:10B9C000010C409200FC44D34168613861FF1F388C
:10B9D00080FFFFB5F7021B4BE9031A2A3DFFFF1753
:10B9E00001080012E2031BAA21C0001161FF1F38E9
:10B9F00000FC43D360FFFFB53FC00071E0079F1A12
:10BA00005F03006A80FEFF54420800D100068052A6
:10BA1000E9031A2AF702024B60F31F38FB0302AA5C
:10BA20002CFFFF17FA03092A1F2400F1A855005420
:10BA300000C00011E9031A2AFBAF079137008052BA
:10BA4000E0AF073923FFFF17FBB3079107008052D0
:10BA500020FFFF17E00300CBFA03092AA20580525A
:10BA6000210080520EFFFF170971073601FCFF17F6
:10BA7000E95E3036E08DF837E03F40F9012C009167
:10BA800021F07D92E13F00F900008079E10300AAF6
:10BA900027FFFF173A6230368089F837E03F40F9D8
:10BAA000012C009121F07D92E13F00F900004079E6
:10BAB00021008052F9FEFF17A075F837E03F40F9EA
:10BAC000013C0091080040FD21F07D92E13F00F92A
:10BAD000B6FDFF174803403920FBFF17495D30369C
:10BAE0002089F837E03F40F9012C009121F07D9248
:10BAF00000004079E13F00F924FFFF17E903172A0E
:10BB0000EB03182AE703192AEA031AAAFEFEFF1715
:10BB1000E09340B9012000113F0000712D9F0054B7
:10BB2000E03F40F9E19300B9023C009141F07D9281
:10BB3000E13F00F928FFFF17E09340B90120001111
:10BB40003F0000712D9B0054E03F40F9E19300B9A4
:10BB5000023C009141F07D92E13F00F966FEFF1743
:10BB6000E09340B9012000113F000071CD9B0054CB
:10BB7000E03F40F9E19300B9002C009100F07D9284
:10BB800063FFFF17E09340B9A099F837E03F40F911
:10BB9000012C009121F07D92E13F00F9000040B9B5
:10BBA0003A008052F8230691F7031A2AE023063957
:10BBB0009EFEFF17EA4F40F9EB031C2AE98B40B9C0
:10BBC000E40318AAF77E4093210400110000178BAC
:10BBD000E17B01B9E0C300F9440000F9570400F922
:10BBE0003F1C0071CD9DFF54E2C30591E10315AAEE
:10BBF000E00313AAE98B00B9EB9B00B9EA5F00F9F7
:10BC0000C81E00942096FF35EA5F40F9E20316AAA9
:10BC1000E0C340F9E98B40B9EB9B40B9E17B41B906
:10BC2000E0FCFF17E2C30591E10315AAE00313AAA4
:10BC3000E98B00B9EB9B00B9EA5F00F9B91E0094EB
:10BC40004094FF35EA5F40F9FC0316AAE0C340F9CF
:10BC5000E98B40B9EB9B40B990FBFF17480740398F
:10BC6000F70217325A070091BCFAFF17480740390C
:10BC7000F7021B325A070091B8FAFF17E00313AA24
:10BC8000010880D2B7F1FF97A00200F9A00E00F9D9
:10BC9000A0D700B4F96B04A900088052FB7305A972
:10BCA000E827066DA02200B961FAFF17E09340B9BA
:10BCB000012000113F0000714D970054E03F40F912
:10BCC000E19300B9023C009141F07D92E13F00F91F
:10BCD000E0FEFF17440000B0E17B41B9848037915A
:10BCE000FF4200712D610054E2031CAA080280D2B9
:10BCF000FC030AAAEC5F00F9E9C300B9EBCB00B979
:10BD0000F8D300B9F80304AA04000014F742005164
:10BD1000FF420071CD5E00540040009121040011EB
:10BD2000582000A942400091E17B01B9E0C300F92D
:10BD30003F1C0071CDFEFF54E2C30591E10315AA3B
:10BD4000E00313AA771E0094008CFF35E0C340F98E
:10BD5000E20316AAE17B41B9080280D2ECFFFF178B
:10BD6000E903172AEB03182AE703192AEA031AAA98
:10BD7000400000B000201991E07300F9E09340B951
:10BD8000A90F2837890F2037E94830366076F83711
:10BD9000E03F40F9012C009121F07D9200004079B4
:10BDA000E13F00F97A000014EA031AAAEB03182A0B
:10BDB000E703192AFA03172A2EFEFF17400000B0E6
:10BDC000E903172A00C01891EB03182AE703192A80
:10BDD000EA031AAAE07300F9E9FFFF17E903172A3B
:10BDE000EB03182AE703192AEA031AAA5EFEFF17D3
:10BDF000E18B40B93F000071E19B40B920D8407A07
:10BE00008DCC00546D030C8BE2031CAA440000B0DF
:10BE1000FC03012A84803791F8030DAA170280D20F
:10BE2000F34F00F9F95F00F9F90308AAEC6F00F984
:10BE3000FB8700F9FB7B40F9E91301B9EB2301B95A
:10BE4000FA2701B9FA8340F9EA9700F928000014AB
:10BE50009C070051E17B41B900001A8BE37740F960
:10BE600021040011436800A942400091E17B01B91F
:10BE7000E0C300F93F1C00712C17005461034039E6
:10BE8000050319CBE30318AA3F00056B33B0851AED
:10BE90007F0200718D010054E17B41B96A7E4093BD
:10BEA00000000A8B592800A921040011E17B01B987
:10BEB000E0C300F93F1C00716C3600546103403947
:10BEC000424000917F02007165A29F1A3300054B2A
:10BED0007F020071AC0B0054E58B40B93903218B14
:10BEE000BF00007180DB407ACDB100549F03007128
:10BEF0000CFBFF54E18B40B97B0700D121040051BA
:10BF0000E18B00B9D4FFFF17E28F4AA9830B00A988
:10BF1000E17B41B99C43009121040011E17B01B90F
:10BF20000000028BE0C300F93F1C00710D9BFF5421
:10BF3000E2C30591E10315AAE00313AAEC4700F957
:10BF4000E99B00B9EBBB00B9E82B0CA9F51D0094E7
:10BF5000C07BFF35EC4740F9FC0316AAE82B4CA93F
:10BF6000E0C340F9E99B40B9EBBB40B9F74B41B99D
:10BF7000C7FCFF17A001F837E03F40F9013C0091F2
:10BF800021F07D92E13F00F9000040F91F0000F12F
:10BF9000E1079F1A3F01016A610F00543A791512B7
:10BFA00041008052BDFDFF17E09340B90120001110
:10BFB0003F000071ED350054E03F40F9E19300B9D6
:10BFC000023C009141F07D92E13F00F9EFFFFF1745
:10BFD000E09340B9012000113F0000710D39005479
:10BFE000E03F40F9E19300B9023C009141F07D92BD
:10BFF000E13F00F9E4FDFF17E09340B90120001193
:10C000003F000071AD310054E03F40F9E19300B9C9
:10C01000023C009141F07D92E13F00F99DFDFF1748
:10C02000E09340B9012000113F000071CD3400546D
:10C03000E03F40F9E19300B9023C009141F07D926C
:10C04000E13F00F9B8FDFF174A000090E17B41B9DC
:10C050004A8137917F420071ED030054E3130CA92C
:10C06000F86B00F9F84F40F90400001473420051D6
:10C070007F420071CD020054004000912104001164
:10C08000445C00A942400091E17B01B9E0C300F9A2
:10C090003F1C0071CDFEFF54E2C30591E10315AAD8
:10C0A000E00318AA9F1D0094607700357342005189
:10C0B00043000090E0C340F9E20316AAE17B41B9D6
:10C0C000648037917F4200718CFDFF54E32B4CA9B3
:10C0D000F86B40F9657E4093210400110000058B48
:10C0E0004A1400A9E17B01B9E0C300F93F1C0071CB
:10C0F0002C710054610340394240009177FFFF17D3
:10C10000E2C30591E10315AAE00313AAF2BB00B94B
:10C11000EEC300B9E8CB00B9E9D300B9EBDB00B955
:10C12000E70B01B9EA8B00F97E1D0094E06CFF3546
:10C13000EA8B40F9FC0316AAE0C340F9E1FF443959
:10C14000F2BB40B9EEC340B9E8CB40B9E9D340B93E
:10C15000EBDB40B9E70B41B9A2F9FF17E04F40F91B
:10C16000E2C30591E10315AA6E1D0094C0A200353B
:10C17000E0C340F941000090E20316AA2480379101
:10C180003FFFFF170106805229011F32E1030539E5
:10C19000E807053982FFFF170021681E468C00540E
:10C1A00017791A12FF060171412B0054010F8052BA
:10C1B0001F850171000B80520010811A0106805208
:10C1C000E1030539E0070539FB230691190080D208
:10C1D000FF8C0171EC5B00540101669E0041611E01
:10C1E000A2058052E0230591E88B00B9E9AF12293E
:10C1F00021FC60D3EA6300F93F000071E7FB00B95E
:10C2000041B09F1AE1BB00B900BC681E9D1C0094A0
:10C210000110681EE88B40B9EA6340F90108611E0D
:10C22000E9AF5229E7FB40B92820601E2055005491
:10C23000E303072A1F850171630400914000009009
:10C240004200009000C01891422019916303038BB3
:10C250004210809A0210661EE0031BAA030000141D
:10C260002820601E608800542108621EEC0300AA8A
:10C270002100781E2000621E44C861380414003872
:10C280002138601E7F0000EBC1FEFF5400106C1EC1
:10C290003020601E8C0000542020601EA10200543B
:10C2A00081020036ECB700F9E10300AA443C4039B2
:10C2B00003F05F387F00046B2101005407068052B1
:10C2C00027F01F38E1B740F9230400D1E3B700F9A4
:10C2D00023F05F389F00036B40FFFF54640400119C
:10C2E000841C00127FE400714055005424F01F3874
:10C2F000F84B41B900001B4B013D001129011F32D1
:10C30000211C001222008052E09700B90007005162
:10C31000E04B01B93B010014E2C30591E10315AA0A
:10C32000E00313AAE98B00B9EB9B00B9EA5F00F9BF
:10C33000FC1C0094A05CFF35EA5F40F9FC0316AAE0
:10C34000E0C340F9E98B40B9EB9B40B9C5F9FF1751
:10C35000E0830591020180D201008052E88B00B990
:10C36000E99B00B9EBBB00B9E7C300B9EA6700F984
:10C37000FBB700F9D3F3FF97E7C340B9EA6740F989
:10C38000E88B40B9E99B40B9EBBB40B9C731F837FE
:10C39000180080D217008052FA03092AF903072AED
:10C3A000F54700F9F503172AF70318AAF8030AAAB4
:10C3B000E89B00B9EBBB00B90D000014E3830591C5
:10C3C000E1230691E00313AA461200941F040031F2
:10C3D000A06F0054A002000B1F00196BEC0000546A
:10C3E000F712009180730054F503002AE0B740F97A
:10C3F000026877B842FEFF35F703152AE89B40B97B
:10C40000F54740F9E9031A2AEBBB40B9EA0318AA39
:10C4100077320034FF8E01712C460054FB230691C5
:10C42000190080D2020180D201008052E083059180
:10C43000E88B00B9E99B00B9EBBB00B9EA6300F9EE
:10C44000A0F3FF97E07E4093E4830591F80300AAF0
:10C45000E30300AAE2A30591E1031BAAE00313AAE8
:10C4600030170094EA6340F91F0300EBE88B40B9F2
:10C47000E99B40B9EBBB40B9C19700547FCB37383B
:10C48000FF020071FF8B00B9FAA29F1AE1FF443945
:10C4900007008052FF9B00B918008052E118FF345A
:10C4A0005AFBFF17E98B40B9EA031CAAEB9B40B982
:10C4B000FC0302AAE40318AAF77E409321040011AA
:10C4C0000000178BE17B01B9E0C300F9845F00A98C
:10C4D0003F1C0071EC41FF549C430091EBF8FF17A7
:10C4E000F7B3079143031612F8E702B2E20317AA63
:10C4F000E40317AA05008052F70313AAB89999F22A
:10C50000F303032AE30315AAF57B40F9070000149F
:10C51000197CD89B39FF43D31F2400F149020054F2
:10C52000E00319AAE2031BAA197CD89BA5040011F9
:10C530005B0400D139FF43D3210B198B010401CBDC
:10C5400021C0001141F01F3853FEFF34A1024039D1
:10C550003FFC03712010457AC1FDFF541F2400F1F8
:10C56000484F0054F30317AAF70304AAF7021B4B22
:10C57000E9031A2AE59700B9F57B00F9F50303AA48
:10C5800054FCFF17E04F40F9E2C30591E10315AAFF
:10C59000F86300F9631C009460810035E36340F99F
:10C5A00044000090E0C340F9E20316AA6103403959
:10C5B0008480379144FEFF17FF180071C30080523A
:10C5C000FA90831A45000090F7031A2ABB8019914C
:10C5D000190080D20100805207008052180080525A
:10C5E000FF8B00B9FF9B00B974F8FF17E0C340F957
:10C5F0004047FFB4E00313AAE2C30591E10315AA83
:10C60000481C0094A022407900001A1235FAFF1746
:10C61000E09340B9012000113F000071AD2E00549D
:10C62000E03F40F9E19300B9022C009141F07D9286
:10C63000E13F00F9EAFBFF17E25340F9E09340B90C
:10C64000E19300B940C0208B12FCFF17C92948367E
:10C65000E05EF837E03F40F9012C009121F07D9237
:10C66000E13F00F900008039E10300AA30FCFF1728
:10C67000E25340F9E09340B9E19300B940C0208B08
:10C6800042FEFF17292748362072F837E03F40F96D
:10C69000012C009121F07D9200004039E13F00F92A
:10C6A0003AFCFF1749254836E068F837E03F40F983
:10C6B000012C009121F07D9200004039E13F00F90A
:10C6C00033FEFF17E25340F9E09340B9E19300B91C
:10C6D00040C0208B14FCFF17BA224836E06BF837B5
:10C6E000E03F40F9012C009121F07D92E13F00F9FB
:10C6F0000000403921008052E8FBFF17E25340F967
:10C70000E09340B9E19300B940C0208B1EFCFF17B5
:10C71000FF04003100310054FF1E0171E008407A2F
:10C72000E7149F1A0001669E3901183200FC60D39D
:10C730006057F8370941601EFFBB00B9E8A712290E
:10C740002041601EEBC300B9EA6700F9FF1A0171CE
:10C7500081360054E203072A61008052E5A3059167
:10C76000E4830591E3230591E00313AAE78B00B965
:10C77000DC160094E78B40B9FB0300AA01004039A6
:10C78000EA6740F93FC00071E8A7522900C0278B33
:10C79000EBC340B960430054E14B41B901C0218B68
:10C7A0002821601E80420054E0B740F90306805201
:10C7B0003F0000EBE900005402040091E2B700F9E9
:10C7C00003000039E0B740F93F0000EB68FFFF5479
:10C7D000F84B41B900001BCBE09700B9FF1E017177
:10C7E000402E005400070051FF1A017160410054AF
:10C7F000011D001202008052190080D2E04B01B9E5
:10C80000E1430539610580528000F83620008052EE
:10C810000000184BA1058052E14705391F24007123
:10C82000AD4A0054ECBF0591AD999952E4030CAAAE
:10C830008D99B972027CAD9BE30304AAE503002A3B
:10C84000840400D142FC63D34108020B0104014B74
:10C85000E003022A21C0001161F01F38BF8C017172
:10C86000ACFEFF5440C0001180F01F38600800D1BA
:10C870001F000CEBC2700054E14B059102144038CC
:10C88000221400381F000CEBA1FFFF54E0C30991F4
:10C89000030003CB60F40351E0FB00B9E09740B91B
:10C8A000E1FB40B91700010B1F040071AD4A0054B1
:10C8B000E0AB40B9F702000B29791512FF020071B5
:10C8C00029011832FAA29F1A18008052FF8B00B972
:10C8D000FF9B00B9E0BB40B940270035E1FF443978
:10C8E00007008052A1F6FE3448FAFF17EC5F40F9CA
:10C8F000E40318AAE9C340B9EA031CAAEBCB40B988
:10C90000FC0302AAF8D340B9E77E4093210400114A
:10C910000000078B841F00A99C430091E17B01B9B3
:10C92000E0C300F93F1C00714D4AFF54E2C305917A
:10C93000E10315AAE00313AAEC5F00F9E9C300B90B
:10C94000EBCB00B9EA6B00F9761B0094E02BFF35C6
:10C95000EC5F40F9FC0316AAEA6B40F9E0C340F92A
:10C96000E9C340B9EBCB40B942FAFF17E0FF40B949
:10C97000014000113F0000712D1D0054E03F40F9BF
:10C98000E1FF00B9023C0091080040FD41F07D92BA
:10C99000E13F00F905FAFF17E0FF40B9014000113F
:10C9A0003F000071CD1C0054E03F40F9E1FF00B9A9
:10C9B000003C009100EC7C9201400091E13F00F9C5
:10C9C000EDF9FF17E4830591E2A30591E00313AAB3
:10C9D000030080D2010080D2E88B00B9E99B00B946
:10C9E000EBBB00B9EA6300F9CE150094EA6340F9A5
:10C9F000F703002AE88B40B91F040031E99B40B9D6
:10CA0000EBBB40B9006D0054FBB700F981FEFF1786
:10CA1000A0058052A1058052E0FF0439EBF9FF1711
:10CA2000E2C30591E10315AAE00313AAE98B00B95B
:10CA3000EB9B00B9EA5F00F93A1B00946024FF35D4
:10CA4000EA5F40F9FC0316AAE0C340F9E98B40B95C
:10CA5000EB9B40B9E24B41B997F8FF17E1FF44392E
:10CA60001A008052FF8B00B907008052FF9B00B96B
:10CA700018008052190080D201EAFE34E3F9FF1752
:10CA8000E2C30591E10315AAE00313AAEC5F00F9E4
:10CA9000E9C300B9EBCB00B9EA6B00F9211B0094A4
:10CAA0004021FF35EC5F40F9FC0316AAEA6B40F920
:10CAB000E0C340F9E9C340B9EBCB40B9E8F9FF174F
:10CAC00049EE0636E28F4AA9830B00A9E17B41B902
:10CAD0008643009121040011E17B01B94000008BE5
:10CAE000E0C300F93F1C00712D10FF54E2C3059113
:10CAF000E10315AAE00313AAE98B00B9EB9B00B987
:10CB0000EA5F00F9071B0094001EFF35EA5F40F959
:10CB1000E60316AAE0C340F9E98B40B9EB9B40B9A4
:10CB2000E24B41B9E17B41B970F8FF172048F83773
:10CB3000E03F40F9012C009121F07D92E13F00F9A6
:10CB4000000040B921008052D4FAFF176042F83744
:10CB5000E03F40F9012C009121F07D92000040B9A6
:10CB6000E13F00F90AFDFF174044F837E03F40F984
:10CB7000012C009121F07D92000040B9E13F00F9C5
:10CB800002FBFF17E047F837E03F40F9012C009126
:10CB900021F07D92E13F00F9000080B9E10300AA95
:10CBA000E3FAFF17A04AF837E03F40F9013C009153
:10CBB00021F07D92E13F00F9000040F9E1EB40797E
:10CBC00001000079ACF6FF17E09340B90120001195
:10CBD0003F0000714D3C0054E03F40F9E19300B943
:10CBE000022C009141F07D92E13F00F9B0FBFF176C
:10CBF000E25340F9E09340B9E19300B940C0208B83
:10CC000077FAFF17E09340B9012000113F0000714F
:10CC10000D330054E03F40F9E19300B9022C00913C
:10CC200041F07D9200004079E13F00F9D7FAFF170B
:10CC3000E09340B9012000113F0000716D380054AD
:10CC4000E03F40F9E19300B9022C009141F07D9260
:10CC5000E13F00F98DFBFF17E09340B9012000117F
:10CC60003F0000712D310054E03F40F9E19300B9DD
:10CC7000022C009141F07D9200004079E13F00F9E3
:10CC8000C3FCFF17E0031BAAE9BB00B9EBC300B963
:10CC9000190080D2EA6700F94AEDFF97E1FF4439B5
:10CCA0001F000071FF8B00B9F703002AFF9B00B93A
:10CCB0001AA09F1AEA6740F907008052E9BB40B901
:10CCC000680E8052EBC340B981D7FE344FF9FF178D
:10CCD00020008052E04B01B956FDFF17E10600111C
:10CCE000E00313AAE88B00B9217C4093E99B00B9CB
:10CCF000EBBB00B9EA6300F99AEDFF97EA6340F9EC
:10CD0000FB0300AAE88B40B9E99B40B9EBBB40B9F3
:10CD1000A05400B4F90300AAC3FDFF17E28F40F945
:10CD2000E0FF40B9E1FF00B940C0208B080040FDA2
:10CD30001EF9FF17C70080527BFEFF17E28F40F9F4
:10CD4000E0FF40B9E1FF00B940C0208B0AF9FF17AE
:10CD5000E1040011E00313AAE78B00B9217C4093A2
:10CD6000E8A71229EA5F00F9EBFB00B97DEDFF9718
:10CD7000EA5F40F9FB0300AAE78B40B9E8A7522914
:10CD8000EBFB40B9E02000B4F90300AA13FDFF1744
:10CD90004428403956FDFF17E0B740F9F84B41B938
:10CDA00000001BCBE09700B9FF00186B01AB433AC2
:10CDB0004A01005408090051000700518DFEFF1779
:10CDC000A00580525A070011A10580520700805229
:10CDD000E0FF043979F6FF17E19740B93F00186B7F
:10CDE0008C170054E0AB40B93F0140F20C03000B3C
:10CDF0009711981A690050361F0300712C250054B2
:10CE0000FF020071E80C8052FAA29F1AE903192A66
:10CE1000190080D2FF8B00B9FF9B00B9AEFEFF174F
:10CE2000FF16017121020054F804001141008052E4
:10CE3000E203182AE5A30591E4830591E323059114
:10CE4000E00313AAE78B00B926150094FB0300AAA0
:10CE5000EA6740F901C0388BE78B40B9E8A752294F
:10CE6000EBC340B94FFEFF17E203072AE5A3059184
:10CE7000E4830591E3230591E00313AA4100805266
:10CE8000E78B00B917150094E8A75229FB0300AA05
:10CE9000EA6740F9E78B40B9EBC340B9E9F70736D9
:10CEA00061C3278B3FFEFF17E25340F9E09340B97F
:10CEB000E19300B940C0208B8FF9FF17E09340B990
:10CEC000012000113F0000710D1A0054E03F40F9AD
:10CED000E19300B9022C009141F07D92E13F00F90D
:10CEE0002FFBFF17E25340F9E09340B9E19300B9FB
:10CEF00042C0208BE03F40F9E23F00F984FAFF177F
:10CF0000E25340F9E09340B9E19300B940C0208B6F
:10CF100031FAFF17E04F40F9E2C30591E10315AA8A
:10CF2000E36300F9FF190094E0340035E36340F94E
:10CF300044000090E0C340F9E20316AA61034039BF
:10CF400084803791E5FBFF17E17740F9E88B00B962
:10CF5000E08340F9EB9F1229E3AB0BA97B0300CBE5
:10CF6000E20300AAE0031BAAE46700F9B9F3FF9704
:10CF7000A006403905008052E3AB4BA91F000071A9
:10CF8000E46740F9B506959AE88B40B9EB9F5229C2
:10CF900064FDFF17E15F40F9F30318AACCF7FF1710
:10CFA000E25340F9E09340B9E19300B940C0208BCF
:10CFB00028FAFF17E2C30591E10315AAE00313AABB
:10CFC000E98B00B9EB9B00B9EA5F00F9D519009431
:10CFD000C0F7FE35E1AF5229FC0316AAF74B41B961
:10CFE000EA5F40F93700174BE0C340F9E98B40B9DD
:10CFF000B9F8FF17F84B41B9E00301AAF6FDFF1796
:10D000002821601EC1330054F84B41B900C0388B51
:10D0100000001B4BE09700B9200100120000072A16
:10D020001F030071AD2E0054A01F0035F703182A0E
:10D03000C80C805289135037FF020071FAA29F1A60
:10D0400073FFFF17240000F0F703024B8480379131
:10D050005F4000310A060054E20315AAFC03092AC6
:10D06000F503172A180280D2F70302AAF94700F93C
:10D07000F90304AAEB9B00B9EA5F00F9040000146D
:10D08000B5420051BF4200716D0300540040009151
:10D0900021040011D96000A9C6400091E17B01B9CB
:10D0A000E0C300F93F1C0071CDFEFF54E2C30591BF
:10D0B000E10317AAE00313AA9A190094E0240035AB
:10D0C000E0C340F9E60316AAE17B41B9EDFFFF1783
:10D0D000E1AB40B9E80C80523700000B1F03007130
:10D0E000ACFAFF54EC02184B97050031FA529F1A24
:10D0F00047FFFF17EA5F40F9E20317AAE40319AA02
:10D10000EB9B40B9F94740F9F703152AE9031C2ABC
:10D11000F50302AAF77E4093210400110000178B4B
:10D12000C45C00A9C6400091E17B01B9E0C300F9ED
:10D130003F1C0071CDDDFE54E2C30591E10315AA49
:10D14000E00313AAE98B00B9EB9B00B9EA5F00F991
:10D1500074190094A0EBFE35EA5F40F9E60316AAC5
:10D16000E0C340F9E98B40B9EB9B40B9E17B41B9A1
:10D17000DFF6FF17E14B059182000035E14F059185
:10D1800002068052E24B053900C00011201400381D
:10D19000E24305912000024BE0FB00B9C0FDFF1700
:10D1A000F96B44A9FB7345A9E827466DA022407995
:10D1B00000001A32A022007900008012E07700B946
:10D1C0004CF7FF17F54740F9010080D2A022C07943
:10D1D00000001A32A02200793DF7FF17C01CF83773
:10D1E000E03F40F9013C009121F07D92E13F00F9E0
:10D1F000000040F9E17740B9010000B91EF5FF17C2
:10D20000C9B50736ABFDFF17E25340F9E09340B9CB
:10D21000E19300B940C0208B61FAFF17A00580524E
:10D220000941611EE0BB00B945FDFF17E09340B91D
:10D23000012000113F0000712D270054E03F40F90C
:10D24000E19300B9022C009141F07D92E13F00F999
:10D2500005FDFF17F54740F9E9031A2AE89B40B995
:10D26000EA0318AAEBBB40B9F703192A69FCFF17B8
:10D27000E25340F9E09340B9E19300B940C0208BFC
:10D280000000407941F9FF17E25340F9E09340B9BB
:10D29000E19300B940C0208B000040793CFBFF17B0
:10D2A000E80C8052E17B40F9200040391FFC0371FB
:10D2B00040270054030080520200805205000014F1
:10D2C00042040011210400911FFC0371200100544D
:10D2D0001F00186BEA0000541803004B200440396B
:10D2E00000FFFF352000403963040011F7FFFF17EE
:10D2F000E28B00B9E39B00B9E17B00F9E18B40B917
:10D30000E903192AE09B40B9190080D20000010B03
:10D31000E10341B9175C011BFF020071FAA29F1AD9
:10D320006DFDFF170001669EE011F8B7E1FF44397B
:10D33000200000F0250000F01F1D017100801891F1
:10D34000A5A01891A6F7FF17E25340F9E09340B962
:10D35000E19300B940C0208BCCF9FF17E25340F9AC
:10D36000E09340B9E19300B940C0208BD0F9FF179A
:10D37000E1001B0B030680522100004B2204001128
:10D3800002C0228B617BFF37031400385F0000EB83
:10D39000C1FFFF54D7FBFF17E09340B901200011F4
:10D3A0003F0000710D140054E03F40F9E19300B9D3
:10D3B000022C009141F07D92000040B9E13F00F95C
:10D3C000F3FAFF17E09340B9012000113F0000710C
:10D3D0000D140054E03F40F9E19300B9022C009194
:10D3E00041F07D9200004039E13F00F9E8FAFF1773
:10D3F000E09340B9012000113F000071AD160054C8
:10D40000E03F40F9E19300B9022C009141F07D9298
:10D41000000040B9E13F00F9DCF8FF17E0AB40B98C
:10D42000C80C8052EC00000B9701180B02FFFF178D
:10D43000E09340B9012000113F0000710D1000542D
:10D44000E03F40F9E19300B9022C009141F07D9258
:10D45000E13F00F9BBFDFF17E09340B90120001147
:10D460003F0000712D150054E03F40F9E19300B9F1
:10D47000022C009141F07D92E13F00F99DFCFF17E5
:10D48000E09340B9012000113F000071ED0E0054FF
:10D49000E03F40F9E19300B9022C009141F07D9208
:10D4A000E13F00F9BDFDFF17E1FF4439FA03072A08
:10D4B000FF8B00B9F703072AFF9B00B907008052D2
:10D4C000680E8052A197FE3450F7FF17E09340B9E1
:10D4D000012000113F0000716D130054E03F40F93E
:10D4E000E19300B9022C009141F07D920000403997
:10D4F000E13F00F9A5F8FF17E09340B901200011C2
:10D500003F0000716D060054E03F40F9E19300B91F
:10D51000023C009141F07D92E13F00F9A7FDFF1729
:10D52000F34F40F9E80319AAF95F40F9FB7B00F9D2
:10D53000EC6F40F9FC0302AAFB8740F9EA9740F937
:10D54000E91341B9EB2341B9FA2741B91F0103EBB4
:10D550000891839A49F7FF17E14740F9F50317AAA5
:10D560005BF6FF17A0058052A1058052E0FF043949
:10D5700070FFFF17E09340B9012000113F000071D8
:10D580008D0D0054E03F40F9E19300B9023C009159
:10D5900041F07D92E13F00F916FFFF17E09340B99B
:10D5A000012000113F000071ED010054E03F40F9FF
:10D5B000E19300B9023C009141F07D92E13F00F916
:10D5C0009BF8FF17F34F40F9E15F40F940F6FF1772
:10D5D000E25340F9E09340B9E19300B940C0208B99
:10D5E00076FDFF17E25340F9E09340B9E19300B9AB
:10D5F00040C0208B8EF8FF17A00000353A00805203
:10D60000C80C8052F7031A2A01FEFF17E0AB40B99D
:10D61000C80C80520C0400119701072BFA529F1A74
:10D62000FBFDFF17E25340F9E09340B9E19300B9E5
:10D6300040C0208B000040B955FAFF17E25340F973
:10D64000E09340B9E19300B940C0208B3DFDFF1746
:10D65000E25340F9E09340B9E19300B940C0208B18
:10D66000000040394AFAFF17E25340F9E09340B90D
:10D67000E19300B940C0208B48FDFF172100805284
:10D680002100074BE14B01B945FCFF1740008052D8
:10D69000E0FB00B982FCFF17E29340B96202F83761
:10D6A000E03F40F9002C009100F07D92E33F40F90B
:10D6B000E03F00F948074039FA0301AAE29300B9B4
:10D6C000670040B9FF000071F9A09F5A23F4FF17CB
:10D6D000E25340F9E09340B9E19300B940C0208B98
:10D6E000000040B929F8FF17E09340B9022000116B
:10D6F000E03F40F95F0000712D030054002C0091C1
:10D7000000F07D92EAFFFF17E25340F9E09340B941
:10D71000E19300B940C0208BF6FBFF17E25340F9BC
:10D72000E09340B9E19300B940C0208BCEFBFF17D6
:10D73000E25340F9E09340B9E19300B940C0208B37
:10D74000ACFEFF17E25340F9E09340B9E19300B912
:10D7500040C0208B000040390CF8FF17E45340F91B
:10D76000E39340B983C0238BE33F00F9D0FFFF1759
:10D77000A022C079E10319AA00001A32A022007980
:10D78000D3F5FF1780018052600200B98BFEFF17AE
:10D7900063030C8B6EFFFF17FF8B00B9FF9B00B973
:10D7A000D7FEFF17A022C079010080D200001A32F4
:10D7B000A0220079C6F5FF1700000000000000005D
:10D7C000FF430AD1FD7B00A9FD030091F55B02A98F
:10D7D000F50301AA610040F9E13F00F9610440F955
:10D7E000E15300F9610840F9E18700F9611840B997
:10D7F000E19300B9611C40B9F35301A9F40303AAF2
:10D80000F30300AAF76303A9F70302AAE1F700B93B
:10D81000D8ECFF97000040F9E05B00F969EAFF9758
:10D82000E05700F9020180D2E0E305910100805247
:10D83000A4EEFF97730000B4602640F940CB00B41B
:10D84000A1B240B9A022C07941000037E0A2483619
:10D85000C0006837A1B240B900001332A02200799D
:10D8600021781212A1B200B9E0051836A10E40F9D4
:10D87000A10500B4410380520100010A3F28007154
:10D8800040060054F6430891E827066D08E4002F8F
:10D89000540000B0EA0317AA94020D91FB7305A986
:10D8A000FC0316AA200000F000003891F96B04A9CF
:10D8B000FF7700B9E04300F9FF9700B9FF7F0EA999
:10D8C000FFF300B9FFFF0FA9F6CB00F9FF9B01B9E9
:10D8D000FFD300F9F7030AAAF8030AAA1F2003D509
:10D8E000997640F99FECFF97E4E30591037C409320
:10D8F000E20317AAE1B30591E00313AA20033FD680
:10D900001F000071800500348B040054E16F41B9A1
:10D910003F940071A0390054007C4093F702008BC3
:10D92000F0FFFF17E10315AAE00313AAAD0D009461
:10D93000E04E0135A022C079410380520100010A66
:10D940003F28007101FAFF54A126C079C1F9FF37C1
:10D95000A1B240B941000037C0184936800640AD39
:10D96000E20317AAE10315AAE3C30491E00313AA93
:10D97000E08709AD4F0C0094E07700B9FD7B40A92A
:10D98000F35341A9F55B42A9F76343A9E07740B996
:10D99000FF430A91C0035FD6E0E30591020180D204
:10D9A0000100805247EEFF97200080D2F702008BE3
:10D9B000CCFFFF17FA03002AE00218CBEA0318AAEB
:10D9C000FB03002AA0E30034E2D340F9617F4093D7
:10D9D000E09B41B94200018B8A0700A900040011B5
:10D9E000E09B01B99C430091E2D300F91F1C007138
:10D9F0002C450054E07740B900001B0BE07700B9DC
:10DA0000DAE10034EA060091E806403907008012A6
:10DA10000B00805209008052F8030B2AF703092AF1
:10DA2000F903072AFA030AAAFF7F05395A0700916A
:10DA3000008100511F680171C8000054E14340F9A2
:10DA4000205860786100001020A8208B00001FD6AD
:10DA5000E903172AEB03182AEA031AAAE8DE0034BE
:10DA60003A008052FBA30691F7031A2A0100805264
:10DA7000190080D20700805218008052FF8B00B935
:10DA8000FF9B00B9FF7F0539E8A306391F2003D5A6
:10DA900032011F72420B0011E0D340F95A109A1A5A
:10DAA0008E1080522E010E6A8100005464011A4BC0
:10DAB0009F0000716C1A0054A1010034E19B41B930
:10DAC000E27F059100040091820300F92104001116
:10DAD000220080D2820700F99C430091E19B01B9AA
:10DAE000E0D300F93F1C00714C3E0054B2010034F9
:10DAF000E19B41B9E283059100080091820300F99E
:10DB000021040011420080D2820700F99C43009159
:10DB1000E19B01B9E0D300F93F1C00710C73005484
:10DB2000DF010271E0290054E700174BFF0000718C
:10DB30000C050054290E4037E19B41B9EC7E40931F
:10DB400000000C8B9B3300A921040011E19B01B95B
:10DB5000E0D300F93F1C00714C2200549C4300911B
:10DB60008900103677011A4BFF0200710C730054C4
:10DB7000E17740B97F011A6B63A19A1A2100030B68
:10DB8000E17700B9002300B5FF9B01B9D90000B4CB
:10DB9000E10319AAE00313AAEA4700F9F5EFFF979A
:10DBA000EA4740F9FC0316AA4BFFFF1700C10051DA
:10DBB00018008052481740380B0B180B18040B0B39
:10DBC00000C100511F24007169FFFF5499FFFF1726
:10DBD000240000F0E19B41B984003B91FF400071BB
:10DBE0008D050054E2031CAA0D0280D2FC030AAA90
:10DBF000E9BB00B9E8C300B9EBCB00B9F7D300B972
:10DC0000F703072AF8DB00B9F80304AA040000149C
:10DC1000F7420051FF420071AD02005400400091F4
:10DC200021040011583400A942400091E19B01B940
:10DC3000E0D300F93F1C0071CDFEFF54E243069192
:10DC4000E10315AAE00313AA0A0C0094A01D0035F5
:10DC5000F7420051E19B41B9E0D340F9E20316AA33
:10DC60000D0280D2FF420071ACFDFF54E703172A7A
:10DC7000E40318AAE9BB40B9EA031CAAE8C340B907
:10DC8000FC0302AAEBCB40B9F7D340B9F8DB40B9AB
:10DC9000E77C4093210400110000078B841F00A93A
:10DCA0009C430091E19B01B9E0D300F93F1C007156
:10DCB0002DF4FF54E2430691E10315AAE00313AAF1
:10DCC000E9BB00B9E8C300B9EBCB00B9EA6B00F9D6
:10DCD000E80B009460190035E9BB40B9FC0316AAB3
:10DCE000EA6B40F9E0D340F9E8C340B9EBCB40B967
:10DCF00049F247361F2003D51F9501712D25005489
:10DD00000821601E01100054E19B41B900040091FC
:10DD1000220000F0240080D242A0199121040011B9
:10DD2000821300A99C430091E19B01B9E0D300F963
:10DD30003F1C00718CB00054E29740B9E16B41B9CF
:10DD40003F00026BAA7B0054E28F4AA9830B00A913
:10DD5000E19B41B99C43009121040011E19B01B971
:10DD60000000028BE0D300F93F1C0071EC880054E6
:10DD7000E19740B937040051FF0200712DEFFF54C5
:10DD8000240000F0E19B41B984003B91FF42007107
:10DD90004DBC0054E2031CAAF80304AAFC030AAA1F
:10DDA0001B0280D2E98B00B9EB9B00B90400001480
:10DDB000F7420051FF4200716DBA005400400091DB
:10DDC00021040011586C00A942400091E19B01B967
:10DDD000E0D300F93F1C0071CDFEFF54E2430691F1
:10DDE000E10315AAE00313AAA20B0094A0100035CA
:10DDF000E0D340F9E20316AAE19B41B9EDFFFF171A
:10DE00002D0000F0E19B41B9AD413B919F40007175
:10DE10004D060054E2031CAA0F0280D2FC030AAA9A
:10DE2000F2BB00B9EEC300B9E9CB00B9E8D300B941
:10DE3000EBDB00B9E71301B9F71B01B9F703042ABB
:10DE4000F82301B9F8030DAA04000014F7420051A9
:10DE5000FF420071AD020054004000912104001106
:10DE6000583C00A942400091E19B01B9E0D300F980
:10DE70003F1C0071CDFEFF54E2430691E10315AA59
:10DE8000E00313AA7B0B0094C00B0035F74200514E
:10DE9000E19B41B9E0D340F9E20316AA0F0280D218
:10DEA000FF420071ACFDFF54E403172AED0318AAEA
:10DEB000F2BB40B9EA031CAAEEC340B9FC0302AAB4
:10DEC000E9CB40B9E8D340B9EBDB40B9E71341B93E
:10DED000F71B41B9F82341B9847C40932104001118
:10DEE0000000048B8D1300A9E19B01B9E0D300F978
:10DEF0003F1C0071AC920054E17F45399C43009176
:10DF0000EEFEFF17E26B41B95F0000714C5E0054FA
:10DF1000E19B41B900040091240000F0270080D269
:10DF200084A0199121040011841F00A99C43009131
:10DF3000E19B01B9E0D300F93F1C0071CC0701540B
:10DF4000E19740B92100022A61D70034E3934AA93E
:10DF5000840F00A9E19B41B986430091210400117F
:10DF6000E19B01B96000008BE0D300F93F1C007118
:10DF70008CD70054421EF937E29780B92104001172
:10DF8000DB0800A9DC4000914000008BE19B01B957
:10DF9000E0D300F93F1C00714DDEFF541F2003D574
:10DFA000E2430691E10315AAE00313AAE98B00B945
:10DFB000EB9B00B9EA5F00F92E0B009420020035BC
:10DFC000EA5F40F9FC0316AAE0D340F9E98B40B9B7
:10DFD000EB9B40B9E3FEFF1748034039F7021C32C0
:10DFE00093FEFF17E2430691E10315AAE00313AA8B
:10DFF000EA4700F91F0B0094EA4740F960DCFF3460
:10E00000E10319AA610000B4E00313AAD9EEFF9757
:10E01000A022C079A1B240B981170036F96B44A99A
:10E02000FB7345A9E827466DE0173137FD7B40A912
:10E03000F35341A9F55B42A9F76343A9E07740B9DF
:10E04000FF430A91C0035FD6FA03002AE00218CB0F
:10E05000EA0318AAFB03002A60CDFF345BFEFF171A
:10E060006D011A4BBF0100710DD6FF54240000D082
:10E07000E19B41B984003B91BF410071CD05005443
:10E08000E2031CAA0E0280D2FC030AAAE9BB00B973
:10E09000E8C300B9EBCB00B9E7D300B9F7DB00B9AF
:10E0A000F7030D2AF81301B9F80304AA04000014B9
:10E0B000F7420051FF420071AD0200540040009150
:10E0C00021040011583800A942400091E19B01B998
:10E0D000E0D300F93F1C0071CDFEFF54E2430691EE
:10E0E000E10315AAE00313AAE20A0094A0F8FF35A1
:10E0F000F7420051E19B41B9E0D340F9E20316AA8F
:10E100000E0280D2FF420071ACFDFF54ED03172ACE
:10E11000E40318AAE9BB40B9EA031CAAE8C340B962
:10E12000FC0302AAEBCB40B9E7D340B9F7DB40B917
:10E13000F81341B9AD7D40932104001100000D8B0F
:10E14000843700A99C430091E19B01B9E0D300F919
:10E150003F1C0071ADCEFF54E2430691E10315AAC6
:10E16000E00313AAE9BB00B9E8C300B9EBCB00B9DF
:10E17000E7D300B9EA6F00F9BE0A009420F4FF3536
:10E18000EA6F40F9FC0316AAE0D340F9E9BB40B9B5
:10E19000E8C340B9EBCB40B9E7D340B963FEFF1702
:10E1A000E19B41B900040091E39740B9824300919B
:10E1B000210400117F0400718D110054240080D2CD
:10E1C0009B1300A9E19B01B9E0D300F93F1C00714A
:10E1D0008C520054E3934AA921040011440C00A975
:10E1E00042400091E19B01B90000038BE0D300F9AC
:10E1F0003F1C00714C5300540821601EE39740B946
:10E2000077040051E0110054F77E4093210400117F
:10E210000000178BE19B01B9E0D300F9650700917D
:10E22000450000F9570400F93F1C00710C610054CF
:10E2300042400091E4F380B921040011E5C3059147
:10E24000451000A98000008BE19B01B95C40009162
:10E25000E0D300F93F1C00714DC8FF54E243069122
:10E26000E10315AAE00313AAE98B00B9EB9B00B9FF
:10E27000EA5F00F97F0A009440ECFF35EA5F40F95D
:10E28000FC0316AAE0D340F9E98B40B9EB9B40B9F7
:10E2900034FEFF17E2430691E10315AAE00313AA37
:10E2A000740A009460EBFF35FC0316AAD2FDFF1739
:10E2B000E2430691E10315AAE00313AAF2BB00B9F9
:10E2C000EEC300B9E9CB00B9E8D300B9EBDB00B984
:10E2D000E71301B9EA8F00F9660A009420E9FF35D7
:10E2E000EA8F40F9FC0316AAE0D340F9F2BB40B92B
:10E2F000EEC340B9E9CB40B9E8D340B9EBDB40B954
:10E30000E71341B9FAFDFF17A0E84F37A05240F9D3
:10E31000A40A0094A022C07941FFFF17E0F740B99A
:10E32000E903172AEB03182AE703192AEA031AAAB2
:10E33000894C183600D2F837E03F40F9003C009194
:10E3400000EC7C9201400091E13F00F90000C03DEB
:10E35000E98B00B9E89B00B9EBBB00B9E7C300B992
:10E36000EA6700F933160094EA6740F90840601E36
:10E37000E98B40B9E89B40B9EBBB40B9E7C340B972
:10E3800000C1601E0002F0920100679E0020611E25
:10E390000D7100541821601E64CE0054E17F453990
:10E3A000200000D0250000D01F1D017100401891F1
:10E3B000A5601891FF8B00B97A008052FF9B00B9CD
:10E3C00029791812BBC0809AF7031A2A190080D243
:10E3D0000700805218008052C1B5FF341F2003D5BA
:10E3E0005A070011ABFDFF17A9EE0737240080D2B2
:10E3F0009B1300A9E19B01B9E0D300F93F1C007118
:10E40000ADF1FF54E2430691E10315AAE00313AA1C
:10E41000E98B00B9EB9B00B9EA5F00F9150A00949B
:10E4200000DFFF35EA5F40F9E20316AAE0D340F9C6
:10E43000E98B40B9EB9B40B9E19B41B97EFFFF17E7
:10E44000E39740B97F0400716DEFFF54240000D0C2
:10E4500084003B917F4400718D4E0054FC030B2AD5
:10E46000F80304AA1B0280D2E98B00B9EA4F00F935
:10E4700004000014F7420051FF420071ED4C0054BB
:10E480000040009121040011586C00A94240009105
:10E49000E19B01B9E0D300F93F1C0071CDFEFF54B0
:10E4A000E2430691E10315AAE00313AAF1090094DF
:10E4B00080DAFF35E0D340F9E20316AAE19B41B9C7
:10E4C000EDFFFF17E903172AEB03182AEA031AAA3C
:10E4D0001F0D0171E0540054C9542037E09340B936
:10E4E000E0E1F837E03F40F9012C009121F07D9206
:10E4F000E13F00F9000040B93A008052F8A30691CC
:10E50000F7031A2AE0A30639FB0318AA0100805278
:10E51000190080D20700805218008052FF8B00B98A
:10E52000FF9B00B9FF7F05395AFDFF17E09340B903
:10E53000E903172AEB03182AE703192AEA031AAAA0
:10E540006044F837E03F40F9013C009121F07D92B2
:10E55000E13F00F91B0040F9FF7F05391B8400B43F
:10E560001F4D0171C070005438011C128970203792
:10E5700047B2F837E27C4093E0031BAA01008052C7
:10E58000E78B00B9E99B00B9EBBB00B9EA6300F97E
:10E590005C0A0094EA6340F9F90300AAE78B40B9EA
:10E5A000E99B40B9EBBB40B9401001B4E17F45396C
:10E5B00003001BCBFF8B00B97F000071FF9B00B9EC
:10E5C000F703032A7AA09F1A07008052190080D20D
:10E5D000680E8052E1A5FF3482FFFF17F803184B45
:10E5E000E03F00F948034039F7021E3210FDFF17E3
:10E5F000E1031AAA281440381FA90071C01C015455
:10E6000000C10051FA0301AA07008052190080528C
:10E610001F240071E8A0FF5428144038E708070BB6
:10E620000704070B00C100511F24007169FFFF544C
:10E63000FF000071FA0301AAF9A09F5AFDFCFF1721
:10E640006005805248034039E07F0539F8FCFF1728
:10E65000E09340B9003DF837E03F40F9002C0091CD
:10E6600000F07D92E13F40F9380040B998FBFF3758
:10E6700048034039E03F00F9EDFCFF17E00313AA1F
:10E680003CE9FF97000440F9E07700F9CDE6FF97F9
:10E69000E10300AAFB0301AAE00313AAE18300F946
:10E6A00034E9FF97000840F9E07F00F97F0300F1AB
:10E6B000041840FA2034005401004039E0021632B8
:10E6C000480340393F0000711710971AD8FCFF1714
:10E6D00048034039F7020032D5FCFF17E07F453987
:10E6E00048034039409AFF3500048052E07F0539E5
:10E6F000CFFCFF17EB03182AE703192AEA031AAA2B
:10E70000E9021C32E09340B949002837293320360A
:10E71000404FF837E03F40F9013C009121F07D92F5
:10E72000E13F00F9000040F93A79151201008052EA
:10E7300002008052E27F0539270EF8371F0000F1F2
:10E74000497B1812E008407A810D0054810C003595
:10E7500057030012BA1B0036FB2F089100068052A7
:10E7600007008052E02F0839E17F4539FF00176B21
:10E77000FF8B00B9FAA0971AFF9B00B9190080D24D
:10E78000180080526198FF3416FFFF174803403984
:10E79000F7021D32A6FCFF17EA031AAAEB03182A98
:10E7A000E703192AFA021C32E09340B95A002837CD
:10E7B0007A292036E048F837E03F40F9013C0091E3
:10E7C00021F07D92E13F00F9000040F921008052E4
:10E7D000D8FFFF17480340391FB10171203700549B
:10E7E000F7021C3292FCFF17480340391FA1017148
:10E7F00000370054F7021A328DFCFF1748034039E6
:10E80000F7021B328AFCFF17E09340B9E903172A8D
:10E81000EB03182AE703192AEA031AAA402CF8374F
:10E82000E03F40F9013C009121F07D92E13F00F989
:10E83000000040F902068F52230000D03A011F3237
:10E8400063C0189141008052080F8052E37300F9B1
:10E85000E2C30279B7FFFF17E09340B9E903172A33
:10E86000EA031AAAE9262836406DF837E03F40F956
:10E87000013C009121F07D92E13F00F9000040F958
:10E88000E17780B9010000F913FCFF17EB03182AA8
:10E89000E703192AEA031AAAE9021C32E09340B9F5
:10E8A00049002837E9222036C043F837E03F40F9D5
:10E8B000013C009121F07D92E13F00F9010040F917
:10E8C000E00301AA0123F8B7E70EF8371F0000F1B3
:10E8D00029791812E008407A610E0054FB33089140
:10E8E0000700805217008052A0FFFF1748034039ED
:10E8F000F70219324EFCFF17FA03092A3F04007190
:10E90000400D0054F7330891FB0317AA3F0800712C
:10E9100041010054E27340F9010C409200FC44D3E1
:10E920004168613861FF1F3880FFFFB5F7021B4B5C
:10E93000E9031A2A8DFFFF1701080012E2031BAA40
:10E9400021C0001161FF1F3800FC43D360FFFFB5F9
:10E950003FC00071E0079F1A5F03006A80FEFF540A
:10E96000420800D100068052E9031A2AF702024B3E
:10E9700060F31F38FB0302AA7CFFFF17E2430691F6
:10E98000E10315AAE00313AAEEBB00B9E9C300B97D
:10E99000E8CB00B9EBD300B9E7DB00B9EA8B00F9AB
:10E9A000B4080094E0B2FF35EA8B40F9FC0316AAE4
:10E9B000E0D340F9EEBB40B9E9C340B9E8CB40B978
:10E9C000EBD340B9E7DB40B956FCFF172D0000D070
:10E9D000E19B41B9AD413B91FF420071ED03005411
:10E9E000F8030DAA1B0280D2EB8B00B9EA4F00F9A5
:10E9F00004000014F7420051FF4200718D020054E0
:10EA00000040009121040011986F00A99C430091DF
:10EA1000E19B01B9E0D300F93F1C0071CDFEFF542A
:10EA2000E2430691E10315AAE00313AA91080094BA
:10EA300080AEFF35F7420051E19B41B9E0D340F988
:10EA4000FC0316AAFF420071CCFDFF54EA4F40F9C7
:10EA5000ED0318AAEB8B40B9F77E40932104001117
:10EA60000000178B8D5F00A9E19B01B9E0D300F98D
:10EA70003F1C0071ED87FF54E2430691E10315AAA4
:10EA8000E00313AAEB8B00B9EA4F00F97908009470
:10EA900080ABFF35EA4F40F9E0D340F9EB8B40B94A
:10EAA00034FCFF17FA03092A1F2400F1A85400546C
:10EAB00000C00011E9031A2AFB2F08913700805289
:10EAC000E02F083929FFFF17FB3308910700805218
:10EAD00026FFFF17E19740B91F03016B17D3811A77
:10EAE0002C7C4093FF0200716D010054E19B41B901
:10EAF000E27E40930000028B9B0B00A921040011D1
:10EB0000E19B01B99C430091E0D300F93F1C0071E7
:10EB1000CCB30054FF020071E4A29F1A1703044B08
:10EB2000FF0200714C59005468C3388B0995503767
:10EB3000E19740B9F76B41B9FF02016B6B260054B6
:10EB400049260037E19740B97B030C8B7B0308CB48
:10EB50003700174BFF021B6BFBB29B1A7F03007140
:10EB60006D010054E19B41B9627F40930000028B2C
:10EB7000880B00A921040011E19B01B99C4300917D
:10EB8000E0D300F93F1C0071ECB600547F03007124
:10EB90007BA39F1AF7021B4BFF0200712D7EFF54CF
:10EBA000240000D0E19B41B984003B91FF420071F9
:10EBB0004D4B0054E2031CAAF80304AAFC030AAA62
:10EBC0001B0280D2E98B00B9EB9B00B90400001452
:10EBD000F7420051FF4200716D490054004000911E
:10EBE00021040011586C00A942400091E19B01B939
:10EBF000E0D300F93F1C0071CDFEFF54E2430691C3
:10EC0000E10315AAE00313AA1A080094A09FFF3598
:10EC1000E0D340F9E20316AAE19B41B9EDFFFF17EB
:10EC2000E2430691E10315AAE00313AAE98B00B9B8
:10EC3000EB9B00B9EA5F00F90E080094209EFF35B7
:10EC4000EA5F40F9E20316AAE0D340F9E98B40B944
:10EC5000EB9B40B9E19B41B95FFDFF17E243069191
:10EC6000E10315AAE00313AAE98B00B9EB9B00B9F5
:10EC7000EA5F00F9FF070094409CFF350821601E01
:10EC8000E39740B9EA5F40F9E20316AAE0D340F9FE
:10EC900077040051E98B40B9EB9B40B9E19B41B946
:10ECA00000BDFF5459FDFF17A05240F939080094E8
:10ECB000A022C079E7FAFF174975073623FCFF1732
:10ECC0000087F837E03F40F9013C0091080040FD23
:10ECD00021F07D92E13F00F9AAFDFF17FA4F30368F
:10ECE0002079F837E03F40F9012C009121F07D9226
:10ECF000E13F00F900004079210080528DFEFF17AE
:10ED0000095530366072F837E03F40F9012C009128
:10ED100021F07D92E13F00F900008079E10300AA33
:10ED200041DDFFB6E00300CBFA03092AA2058052B9
:10ED30002100805280FEFF17480340393CFBFF173B
:10ED400049D92737896B3037A9BB4836E0D6F83721
:10ED5000E03F40F9013C009121F07D92E13F00F954
:10ED6000000040F9E1D3413901000039DAFAFF1718
:10ED7000694C3036C070F837E03F40F9012C009103
:10ED800021F07D9200004079E13F00F967FEFF1716
:10ED9000E903172AEB03182AE703192AEA031AAA38
:10EDA000BFFEFF17E09340B9012000113F00007142
:10EDB0002D9E0054E03F40F9E19300B9023C0091E0
:10EDC00041F07D92E13F00F99AFEFF17E09340B9D0
:10EDD000012000113F0000714D9C0054E03F40F9BC
:10EDE000E19300B9023C009141F07D92E13F00F9CE
:10EDF000D9FDFF17E09340B9012000113F000071D9
:10EE00002D9A0054E03F40F9E19300B9002C0091A5
:10EE100000F07D9214FEFF17EA4F40F9EB031C2A25
:10EE2000E98B40B9E40318AAF77E4093210400114E
:10EE30000000178BE19B01B9E0D300F9440000F911
:10EE4000570400F93F1C00714D9FFF54E2430691A7
:10EE5000E10315AAE00313AAE98B00B9EB9B00B903
:10EE6000EA5F00F983070094C08CFF35EA5F40F940
:10EE7000E20316AAE0D340F9E98B40B9EB9B40B915
:10EE8000E19B41B9ECFCFF17E2430691E10315AAAF
:10EE9000E00313AAE98B00B9EB9B00B9EA5F00F924
:10EEA00074070094E08AFF35EA5F40F9FC0316AA74
:10EEB000E0D340F9E98B40B9EB9B40B9ADFBFF17BC
:10EEC00048074039F7021B325A070091D8FAFF175A
:10EED00048074039F70217325A070091D4FAFF1752
:10EEE000EA031AAAEB03182AE703192AFA03172AD6
:10EEF0002EFEFF17E903172AEB03182AE703192A46
:10EF0000EA031AAA200000D000201991E07300F94A
:10EF1000E09340B9090B2837E90A203749413036D8
:10EF20006068F837E03F40F9012C009121F07D92B4
:10EF300000004079E13F00F955000014200000D0A6
:10EF4000E903172A00C01891EB03182AE703192ACE
:10EF5000EA031AAAE07300F9EEFFFF17E903172A84
:10EF6000EB03182AE703192AEA031AAAE6FDFF179A
:10EF7000E0230691020180D201008052E98B00B9A2
:10EF8000E89B00B9EBBB00B9EA6300F9CDE8FF9755
:10EF9000E09340B9EA6340F9E98B40B9E89B40B996
:10EFA000EBBB40B9A03EF837E03F40F9012C00919F
:10EFB00021F07D92E13F00F9020040B9F8A30691EB
:10EFC000E3230691E10318AAE00313AAE98B00B931
:10EFD000E89B00B9EBBB00B9EA6300F94107009474
:10EFE000EA6340F9F703002AE98B40B91F040031B6
:10EFF000E89B40B9EBBB40B9A0C900541F000071A9
:10F000001AA09F1A41FDFF17E28F4AA9830B00A99E
:10F01000E19B41B99C43009121040011E19B01B99E
:10F020000000028BE0D300F93F1C0071CDD8FF54E3
:10F03000E2430691E10315AAE00313AAEC4700F9A5
:10F04000E99B00B9EBBB00B9E82B0CA909070094B8
:10F05000807DFF35EC4740F9FC0316AAE82B4CA94C
:10F06000E0D340F9E99B40B9EBBB40B9F76B41B93C
:10F07000B5FEFF17A001F837E03F40F9013C0091D1
:10F0800021F07D92E13F00F9000040F91F0000F1FE
:10F09000E1079F1A3F01016AC11400543A79151221
:10F0A00041008052A3FDFF17E09340B901200011F9
:10F0B0003F0000718D380054E03F40F9E19300B902
:10F0C000023C009141F07D92E13F00F9EFFFFF1714
:10F0D000E09340B9012000113F000071AD320054AF
:10F0E000E03F40F9E19300B9023C009141F07D928C
:10F0F000E13F00F9B5FDFF17E09340B90120001191
:10F100003F0000710D330054E03F40F9E19300B936
:10F11000023C009141F07D92E13F00F982FDFF1732
:10F12000E09340B9012000113F0000718D2F005481
:10F13000E03F40F9E19300B9023C009141F07D923B
:10F14000E13F00F9DEFDFF17E2430691E10315AA56
:10F15000E00313AAF2BB00B9EEC300B9E9CB00B9D2
:10F16000E8D300B9EBDB00B9E71301B9EA8F00F986
:10F17000C00600946074FF35EA8F40F9FC0316AABC
:10F18000E0D340F9E17F4539F2BB40B9EEC340B965
:10F19000E9CB40B9E8D340B9EBDB40B9E71341B95B
:10F1A00046FAFF17E00313AA22E8FF97A5F9FF1715
:10F1B0000021681EE69C005417791A12FF0601719F
:10F1C000C1300054010F80521F850171000B805225
:10F1D0000010811A01068052E1830539E087053964
:10F1E000FBA30691190080D2FF8C0171EC540054EE
:10F1F0000001669E00FC60D32054F8360041611E79
:10F20000A0058052E0BB00B9E0A30591E98B00B9ED
:10F21000E8AF1229EA6300F9E7F300B99910009406
:10F220000110681EE98B40B9EA6340F90108611ECC
:10F23000E8AF5229E7F340B92820601E610000546E
:10F2400020008052E06B01B9E303072A1F8501719A
:10F2500063040091200000B0220000B000C01891AB
:10F26000422019916303038B4210809A0210661E9C
:10F27000E0031BAA030000142820601E20990054FC
:10F280002108621EEC0300AA2100781E2000621EE5
:10F2900044C86138041400382138601E7F0000EB38
:10F2A000C1FEFF5400106C1E3020601E8C00005404
:10F2B0002020601EA102005481020036ECC700F934
:10F2C000E10300AA443C403903F05F387F00046B3F
:10F2D000210100540706805227F01F38E1C740F98A
:10F2E000230400D1E3C700F923F05F389F00036BCC
:10F2F00040FFFF5464040011841C00127FE400717D
:10F30000804E005424F01F38F86B41B900001B4BAD
:10F31000013D001129011F32211C001222008052E0
:10F32000E09700B900070051E06B01B967010014D4
:10F330000106805229011F32E1830539E88705392A
:10F3400057FFFF17E2430691E10315AAE00313AA52
:10F35000E98B00B9EB9B00B9EA5F00F94506009420
:10F360000065FF35EA5F40F9FC0316AAE0D340F9D7
:10F37000E98B40B9EB9B40B970FAFF17E0030691A7
:10F38000020180D201008052E98B00B9E89B00B9EC
:10F39000EBBB00B9E7C300B9EA6700F9FBC700F9A6
:10F3A000C8E7FF97E7C340B9EA6740F9E98B40B97E
:10F3B000E89B40B9EBBB40B9074BF837180080D247
:10F3C00017008052FA03082AF903072AF54700F9C3
:10F3D000F503172AF70318AAF8030AAAE99B00B94C
:10F3E000EBBB00B90D000014E3030691E1A3069105
:10F3F000E00313AA3B0600941F040031208500544B
:10F40000A002000B1F00196BEC000054F7120091D2
:10F4100020930054F503002AE0C740F9026877B84A
:10F4200042FEFF35F703152AE99B40B9F54740F93D
:10F43000E8031A2AEBBB40B9EA0318AAF7630034C1
:10F44000FF8E01716D770054E1060011E00313AAED
:10F45000E98B00B9217C4093E89B00B9EBBB00B974
:10F46000EA6300F9BFE3FF97EA6340F9FB0300AAF0
:10F47000E98B40B9E89B40B9EBBB40B900B000B4A0
:10F48000F90300AA020180D201008052E003069134
:10F49000E98B00B9E89B00B9EBBB00B9EA6300F95E
:10F4A00088E7FF97E07E4093E4030691F80300AA03
:10F4B000E30300AAE2230691E1031BAAE00313AAD7
:10F4C000180B0094EA6340F91F0300EBE98B40B985
:10F4D000E89B40B9EBBB40B981AC00547FCB3738D7
:10F4E000FF020071FF8B00B9FAA29F1AE17F453934
:10F4F00007008052FF9B00B918008052A12CFF34F6
:10F50000B8FBFF17E98B40B9EA031CAAEB9B40B993
:10F51000FC0302AAE40318AAF77E40932104001119
:10F520000000178BE19B01B9E0D300F9845F00A9CB
:10F530003F1C00716C53FF549C43009189F9FF17E5
:10F54000F733089143031612F8E702B2E20317AA51
:10F55000E40317AA05008052F70313AAB89999F299
:10F56000F303032AE30315AAF57F40F9070000140B
:10F57000197CD89B39FF43D31F2400F14902005462
:10F58000E00319AAE2031BAA197CD89BA504001169
:10F590005B0400D139FF43D3210B198B010401CB4C
:10F5A00021C0001141F01F3853FEFF34A102403941
:10F5B0003FFC03712010457AC1FDFF541F2400F168
:10F5C00068620054F30317AAF70304AAE59700B989
:10F5D000F57F00F9F50303AAD5FCFF17FF180071AA
:10F5E000C3008052FA90831A250000B0F7031A2A4C
:10F5F000BB801991190080D201008052070080520F
:10F6000018008052FF8B00B9FF9B00B921F9FF174A
:10F61000E09340B9012000113F0000712D240054F7
:10F62000E03F40F9E19300B9023C009141F07D9246
:10F63000E13F00F992FCFF17E0D340F9E03000B55C
:10F64000A022C079FF9B01B973FAFF17240000B014
:10F65000E19B41B984003B91FF420071AD1B005416
:10F66000E2031CAA080280D2FC030AAAEC5F00F99C
:10F67000E9C300B9EBCB00B9F8D300B9F80304AA89
:10F6800004000014F7420051FF4200714D1900546C
:10F690000040009121040011582000A9424000912F
:10F6A000E19B01B9E0D300F93F1C0071CDFEFF548E
:10F6B000E2430691E10315AAE00313AA6D05009445
:10F6C000004AFF35E0D340F9E20316AAE19B41B9B5
:10F6D000080280D2ECFFFF17FA2048364080F83746
:10F6E000E03F40F9012C009121F07D92E13F00F9CB
:10F6F00000004039210080520EFCFF17C920483617
:10F70000807CF837E03F40F9012C009121F07D9298
:10F7100000004039E13F00F904FCFF17E25340F9D3
:10F72000E09340B9E19300B940C0208B64FCFF171F
:10F73000E25340F9E09340B9E19300B940C0208B17
:10F7400022FCFF17A91C4836E06EF837E03F40F96D
:10F75000012C009121F07D9200004039E13F00F939
:10F760004BFEFF17E25340F9E09340B9E19300B933
:10F7700040C0208BECFBFF17E09340B90120001143
:10F780003F000071AD1F0054E03F40F9E19300B924
:10F79000022C009141F07D92E13F00F907FEFF1736
:10F7A000891C4836C07DF837E03F40F9012C0091B4
:10F7B00021F07D92E13F00F900008039E10300AAC9
:10F7C00041FCFF17E25340F9E09340B9E19300B9DF
:10F7D00040C0208B2DFEFF17FF040031602700542E
:10F7E000FF1E0171E008407AE7149F1A0001669E2F
:10F7F0003901183200FC60D3E079F8370941601E06
:10F80000FFBB00B9E9A312292041601EEBC300B978
:10F81000EA6700F9FF1A0171C1420054E203072AA6
:10F8200061008052E5230691E4030691E3A305916C
:10F83000E00313AAE78B00B9AA0A0094E78B40B94A
:10F84000FB0300AA01004039EA6740F93FC000719C
:10F85000E9A3522900C0278BEBC340B940520054A2
:10F86000E16B41B901C0218B2821601E604F00541B
:10F87000E0C740F9030680523F0000EBE900005466
:10F8800002040091E2C700F903000039E0C740F923
:10F890003F0000EB68FFFF54F86B41B900001BCB41
:10F8A000E09700B9FF1E01710022005400070051CB
:10F8B000FF1A017140500054011D001202008052D5
:10F8C000190080D2E06B01B9E1C3053961058052AE
:10F8D0008000F836200080520000184BA1058052AD
:10F8E000E1C705391F240071CD5B0054EC3F069140
:10F8F000AD999952E4030CAA8D99B972027CAD9B23
:10F90000E30304AAE503002A840400D142FC63D384
:10F910004108020B0104014BE003022A21C000113F
:10F9200061F01F38BF8C0171ACFEFF5440C0001164
:10F9300080F01F38600800D11F000CEB827E00545D
:10F94000E1CB059102144038221400381F000CEB63
:10F95000A1FFFF54E0430A91030003CB60F403517D
:10F96000E0F300B9E09740B9E1F340B91700010BAB
:10F970001F0400716D5B0054E0AB40B9F702000B4F
:10F9800029791512FF02007129011832FAA29F1A73
:10F9900018008052FF8B00B9FF9B00B9E0BB40B953
:10F9A000001B0035E17F4539070080522107FF34F5
:10F9B0008CFAFF17EC5F40F9E40318AAE9C340B9D9
:10F9C000EA031CAAEBCB40B9FC0302AAF8D340B966
:10F9D000E77E4093210400110000078B841F00A9DB
:10F9E0009C430091E19B01B9E0D300F93F1C0071F9
:10F9F000CD89FF54E2430691E10315AAE00313AA5F
:10FA0000EC5F00F9E9C300B9EBCB00B9EA6B00F990
:10FA100098040094602FFF35EC5F40F9FC0316AAB0
:10FA2000EA6B40F9E0D340F9E9C340B9EBCB40B908
:10FA30003EFCFF1769090736E28F4AA9830B00A92C
:10FA4000E19B41B98643009121040011E19B01B97A
:10FA50004000008BE0D300F93F1C0071ED28FF54FB
:10FA6000E2430691E10315AAE00313AAE98B00B96A
:10FA7000EB9B00B9EA5F00F97E040094202CFF356F
:10FA8000EA5F40F9E60316AAE0D340F9E98B40B9F2
:10FA9000EB9B40B9E26B41B9E19B41B936F9FF17E5
:10FAA000E25340F9E09340B9E19300B940C0208BA4
:10FAB00073FBFF17C062F837E03F40F9013C00914B
:10FAC00021F07D92E13F00F9000040F9E1EB40793F
:10FAD0000100007980F7FF17E067F837E03F40F951
:10FAE000012C009121F07D92000040B9E13F00F926
:10FAF00067FDFF174050F837E03F40F9012C0091B7
:10FB000021F07D92E13F00F9000040B921008052D0
:10FB100008FBFF178063F837E03F40F9012C0091A4
:10FB200021F07D92000040B9E13F00F9FFFAFF1794
:10FB3000605CF837E03F40F9012C009121F07D92A4
:10FB4000E13F00F9000080B9E10300AA5EFBFF1766
:10FB5000E09340B9012000113F0000718D51005425
:10FB6000E03F40F9E19300B9022C009141F07D9211
:10FB7000E13F00F969FCFF17E25340F9E09340B917
:10FB8000E19300B940C0208B0CFDFF17E09340B912
:10FB9000012000113F0000716D5D0054E03F40F90D
:10FBA000E19300B9022C009141F07D920000407970
:10FBB000E13F00F9DDFAFF17E0031BAAE9BB00B93A
:10FBC000EBC300B9190080D2EA6700F97DE1FF9725
:10FBD000E17F45391F000071FF8B00B9F703002A50
:10FBE000FF9B00B91AA09F1AEA6740F907008052EC
:10FBF000E9BB40B9680E8052EBC340B9A1F4FE34B2
:10FC0000F8F9FF17E09340B9012000113F0000719F
:10FC1000CD4D0054E03F40F9E19300B9022C009132
:10FC200041F07D92E13F00F933FCFF17E09340B9CA
:10FC3000012000113F000071ED490054E03F40F900
:10FC4000E19300B9022C009141F07D9200004079CF
:10FC5000E13F00F90EFDFF17E00313AAE24306910E
:10FC6000E10315AA03040094C0CEFF34E9F8FF179E
:10FC7000A05240F94B04009439F7FF170041601E71
:10FC8000FFBB00B961FDFF17E1040011E00313AAF7
:10FC9000E78B00B9217C4093E9A31229EA5F00F9C0
:10FCA000EBF300B9AFE1FF97EA5F40F9FB0300AA6D
:10FCB000E78B40B9E9A35229EBF340B9806300B464
:10FCC000F90300AA4BFDFF17C7008052C8FEFF17BB
:10FCD000442840398CFDFF17E0C740F9F86B41B963
:10FCE00000001BCBE09700B91F03076B01DB433A11
:10FCF000EA1700540809005100070051EFFEFF17F2
:10FD0000A00580525A070011A105805207008052B9
:10FD1000E07F05395FF7FF17E4030691E2230691C0
:10FD2000E00313AA030080D2010080D2E98B00B95E
:10FD3000E89B00B9EBBB00B9EA6300F9F90800944D
:10FD4000EA6340F9F703002AE98B40B91F04003148
:10FD5000E89B40B9EBBB40B920690054FBC700F9F0
:10FD6000B7FDFF17A0058052A1058052E07F05393D
:10FD70008CF9FF17E0F740B9014000113F00007116
:10FD80006D380054E03F40F9E1F700B9003C0091C4
:10FD900000EC7C9201400091E13F00F96CF9FF1703
:10FDA000E0F740B9014000113F000071ED3400540C
:10FDB000E03F40F9E1F700B9023C0091080040FD46
:10FDC00041F07D92E13F00F96EF9FF17E18B40B9F8
:10FDD0003F000071E19B40B920D8407A0D66005485
:10FDE0006D030C8BE2031CAA240000B0FC03012A63
:10FDF00084003B91F8030DAA170280D2F34F00F95B
:10FE0000F95F00F9F90308AAEC6F00F9E91301B9E9
:10FE1000FB8F00F9EB2301B9FA2701B9FBEB4FA9DE
:10FE2000EA9700F9280000149C070051E19B41B9B2
:10FE300000001A8BE37740F921040011436800A900
:10FE400042400091E19B01B9E0D300F93F1C0071F1
:10FE50006C08005461034039050319CBE30318AA69
:10FE60003F00056B33B0851A7F0200718D0100548D
:10FE7000E19B41B96A7E409300000A8B592800A992
:10FE800021040011E19B01B9E0D300F93F1C00718E
:10FE90004C09005461034039424000917F020071D7
:10FEA00065A29F1A3300054B7F020071AC0100541C
:10FEB000E58B40B93903218BBF00007180DB407AAC
:10FEC0008D4D00549F0300710CFBFF54E18B40B932
:10FED0007B0700D121040051E18B00B9D4FFFF174B
:10FEE0002A0000B0E19B41B94A013B917F42007179
:10FEF000ED040054E3130CA9F86B00F9F84F40F936
:10FF000004000014734200517F420071CD0300547D
:10FF10000040009121040011445C00A9424000917E
:10FF2000E19B01B9E0D300F93F1C0071CDFEFF5405
:10FF3000E2430691E10315AAE00318AA4D030094D9
:10FF4000E0150035E0D340F9230000B0E19B41B952
:10FF5000E20316AA64003B91EBFFFF17E04F40F964
:10FF6000E2430691E10315AA4203009420560035AE
:10FF7000E0D340F9210000B0E20316AA24003B912F
:10FF8000B5FFFF17E32B4CA9F86B40F9657E409352
:10FF9000210400110000058B4A1400A9E19B01B95E
:10FFA000E0D300F93F1C00710C110054610340398B
:10FFB00042400091BFFFFF17E04F40F9E243069136
:10FFC000E10315AAF86300F92A03009420530035D1
:10FFD000E36340F9240000B0E0D340F9E20316AA3D
:10FFE0006103403984003B91ADFFFF17E19740B9B1
:10FFF0001F03016BAB170054E0AB40B93F0140F267
:02000004402199
:100000000C03000B9711981A690050361F030071FA
:100010000C2F0054FF020071E80C8052FAA29F1AC4
:10002000E903192A190080D2FF8B00B9FF9B00B9A0
:100030005BFEFF17E2430691E10315AAE00313AA52
:10004000E98B00B9EB9B00B9EA5F00F90903009462
:1000500080FDFE35EA5F40F9FC0316AAE0D340F9C3
:10006000E98B40B9EB9B40B9E26B41B9B5F7FF179B
:10007000FF16017141030054F80400114100805241
:10008000E203182AE5230691E4030691E3A3059110
:10009000E00313AAE78B00B992080094FB0300AABF
:1000A000EA6740F901C0388BE78B40B9E9A35229D0
:1000B000EBC340B9EDFDFF17E17F45391A008052CF
:1000C000FF8B00B907008052FF9B00B918008052D7
:1000D000190080D2E1CDFE34C2F8FF17E203072AEF
:1000E000E5230691E4030691E3A30591E00313AA37
:1000F00041008052E78B00B97A080094E9A35229A5
:10010000FB0300AAEA6740F9E78B40B9EBC340B9AB
:1001100049DE073661C3278BD4FDFF17E09340B952
:10012000012000113F0000710D1E0054E03F40F916
:10013000E19300B9022C009141F07D92E13F00F97A
:10014000EDF8FF17E25340F9E09340B9E19300B9AD
:1001500042C0208BE03F40F9E23F00F942F9FF172F
:10016000E25340F9E09340B9E19300B940C0208BDD
:10017000F9F8FF17E25340F9E09340B9E19300B971
:1001800040C0208BABF9FF17E2430691E10315AAAB
:10019000E00313AAEC5F00F9E9C300B9EBCB00B9A7
:1001A000EA6B00F9B3020094C0F2FE35EC5F40F94F
:1001B000FC0316AAEA6B40F9E0D340F9E9C340B961
:1001C000EBCB40B954FAFF17E04F40F9E2430691F8
:1001D000E10315AAE36300F9A6020094A0420035EA
:1001E000E36340F924000090E0D340F9E20316AA4B
:1001F0006103403984003B912EFFFF17E15F40F916
:10020000F30318AA21F0FEB582F7FF17E17740F952
:10021000E88B00B9E08340F9EB9F1229E3AB0BA90F
:100220007B0300CBE20300AAE0031BAAE46700F90A
:1002300008E7FF97A006403905008052E3AB4BA9C1
:100240001F000071E46740F9B506959AE88B40B944
:10025000EB9F5229CBFCFF17F86B41B9E00301AAD1
:100260008FFDFF17E2430691E10315AAE00313AAED
:10027000E98B00B9EB9B00B9EA5F00F97D020094BD
:1002800000ECFE35E1AF5229FC0316AAF76B41B929
:10029000EA5F40F93700174BE0D340F9E98B40B9EA
:1002A0003BFAFF172821601E41310054F86B41B919
:1002B00000C0388B00001B4BE09700B920010012F2
:1002C0000000072A1F030071AD3300548018003569
:1002D000F703182AC80C8052E9185037FF02007142
:1002E000FAA29F1A4FFFFF17E1AB40B9E80C80520A
:1002F0003700000B1F0300710CFFFF54EC02184B7A
:1003000097050031FA529F1A46FFFF17A0B240B975
:10031000A0000037A022407960004837A05240F981
:10032000A002009400008012E07700B940F7FF17A8
:10033000FBA30691190080D253FCFF172400009004
:10034000F703024B84003B915F400031EA04005404
:10035000E20315AAFC03092AF503172A180280D222
:10036000F70302AAF94700F9F90304AAEB9B00B9C5
:10037000EA5F00F904000014B5420051BF42007169
:100380004D0200540040009121040011D96000A9E1
:10039000C6400091E19B01B9E0D300F93F1C007118
:1003A000CDFEFF54E2430691E10317AAE00313AA2E
:1003B0003002009460250035E0D340F9E60316AA28
:1003C000E19B41B9EDFFFF17EA5F40F9E20317AA8D
:1003D000E40319AAEB9B40B9F94740F9F703152A42
:1003E000E9031C2AF50302AAF77E409321040011B9
:1003F0000000178BC45C00A9C6400091E19B01B9C5
:10040000E0D300F93F1C00718DDBFE54E2430691FE
:10041000E10315AAE00313AAE98B00B9EB9B00B92D
:10042000EA5F00F913020094C0DEFE35EA5F40F98E
:10043000E60316AAE0D340F9E98B40B9EB9B40B93B
:10044000E19B41B9CDF6FF17E28740F9E0F740B9EB
:10045000E1F700B940C0208B080040FDC9F7FF1745
:10046000E1CB059182000035E1CF05910206805273
:10047000E2CB053900C0001120140038E2C3059119
:100480002000024BE0F300B937FDFF17E28740F987
:10049000E0F740B9E1F700B940C0208BACF7FF1797
:1004A000F54740F9010080D2A022C07900001A323D
:1004B000A0220079A1DAFEB5D6F6FF17201AF83788
:1004C000E03F40F9013C009121F07D92E13F00F9CD
:1004D000000040F9E17740B9010000B9FEF4FF17D0
:1004E00009A5073625FDFF17E25340F9E09340B90F
:1004F000E19300B940C0208BFFF7FF17E09340B9AC
:10050000012000113F000071CD1E0054E03F40F972
:10051000E19300B9022C009141F07D92E13F00F996
:100520007AFDFF17E09340B9012000113F000071F0
:100530002D1E0054E03F40F9E19300B9022C0091D8
:1005400041F07D9200004039E13F00F9D0FAFF17F9
:100550000001669EE017F8B7E17F45392000009062
:10056000250000901F1D017100801891A5A0189111
:1005700091F7FF17E25340F9E09340B9E19300B9D6
:1005800040C0208B00004079C1FAFF17E25340F9C8
:10059000E09340B9E19300B940C0208BDFF9FF1729
:1005A000E1001B0B030680522100004B22040011C6
:1005B00002C0228BA16AFF37031400385F0000EBF2
:1005C000C1FFFF5451FBFF17E25340F9E09340B9DC
:1005D000E19300B940C0208BC7F9FF17E0AB40B9E9
:1005E000C80C8052EC00000B9701180B3BFFFF1763
:1005F000E80C8052E17F40F9200040391FFC037174
:100600008024005403008052020080520500001430
:1006100042040011210400911FFC037120010054C9
:100620001F00186BEA0000541803004B20044039E7
:1006300000FFFF352000403963040011F7FFFF176A
:10064000E28B00B9E39B00B9E17F00F9E18B40B98F
:10065000E903192AE09B40B9190080D20000010B80
:10066000E10341B9175C011BFF020071FAA29F1A56
:10067000CBFCFF17F54740F9E8031A2AE99B40B97C
:10068000EA0318AAEBBB40B9F703192A6CFBFF1762
:10069000E09340B9012000113F0000716D16005435
:1006A000E03F40F9E19300B9022C009141F07D92C6
:1006B00000004039E13F00F91CF8FF17E09340B912
:1006C000012000113F000071CD150054E03F40F9BA
:1006D000E19300B9022C009141F07D92E13F00F9D5
:1006E00019FDFF17E09340B9012000113F00007190
:1006F0006D0E0054E03F40F9E19300B9022C0091E7
:1007000041F07D92E13F00F9FAFBFF17E09340B919
:10071000012000113F000071AD150054E03F40F989
:10072000E19300B9023C009141F07D92E13F00F974
:10073000E6FCFF17A00580520941611EE0BB00B92D
:1007400031FCFF17E25340F9E09340B9E19300B95F
:1007500040C0208B00004079F4F7FF17E09340B9C8
:10076000012000113F0000710D0A0054E03F40F9E4
:10077000E19300B9022C009141F07D92E13F00F934
:100780000EFCFF17E09340B9012000113F000071FB
:100790008D120054E03F40F9E19300B9022C009122
:1007A00041F07D92000040B9E13F00F9DFF7FF170B
:1007B000E17F4539FA03072AFF8B00B9F703072ABF
:1007C000FF9B00B907008052680E80522196FE34CC
:1007D00004F7FF17E09340B9012000113F000071BA
:1007E000CD110054E03F40F9E19300B9022C009193
:1007F00041F07D92000040B9E13F00F924FAFF1773
:10080000E09340B9012000113F0000716D080054D1
:10081000E03F40F9E19300B9023C009141F07D9244
:10082000E13F00F92BFFFF17E09340B901200011D1
:100830003F0000716D100054E03F40F9E19300B9B2
:10084000023C009141F07D92E13F00F945F9FF172C
:10085000A0058052A1058052E07F053940FFFF17B7
:10086000E14740F9F50317AA01BDFEB5E9F5FF1709
:10087000F34F40F9E80319AAF95F40F9FB7F00F94B
:10088000EC6F40F9FC0302AAFB8F40F9EA9740F9AC
:10089000E91341B9EB2341B9FA2741B91F0103EB31
:1008A0000891839AA3F8FF17E25340F9E09340B907
:1008B000E19300B940C0208BC0FBFF17E25340F921
:1008C000E09340B9E19300B940C0208B89FBFF174A
:1008D000210080522100074BE16B01B9E2FBFF17B9
:1008E000E25340F9E09340B9E19300B940C0208B56
:1008F00086FCFF17E25340F9E09340B9E19300B959
:1009000040C0208B00004039E1F9FF1740008052C1
:10091000E0F300B914FCFF17E25340F9E09340B94B
:10092000E19300B940C0208BEAFEFF17A022C079F6
:1009300000001A32A0220079B7F5FF17A000003599
:100940003A008052C80C8052F7031A2AB5FDFF17EF
:10095000E0AB40B9C80C80520C0400119701072B82
:10096000FA529F1AAFFDFF17E25340F9E09340B9E6
:10097000E19300B940C0208B000040396BF7FF17AE
:10098000E25340F9E09340B9E19300B940C0208BB5
:100990006DFCFF17E29340B90203F837E03F40F9DE
:1009A000002C009100F07D92E33F40F9E03F00F918
:1009B00048074039FA0301AAE29300B9670040B939
:1009C000FF000071F9A09F5A19F4FF17E25340F994
:1009D000E09340B9E19300B940C0208B3BFCFF1786
:1009E000E25340F9E09340B9E19300B940C0208B55
:1009F000000040B94DF7FF17E09340B90220001105
:100A0000E03F40F95F0000716D020054002C00913E
:100A100000F07D92E5FFFF17E25340F9E09340B903
:100A2000E19300B940C0208B000040B998F9FF174E
:100A3000E15F40F9F34F40F981AEFEB575F5FF1760
:100A4000E25340F9E09340B9E19300B940C0208BF4
:100A5000C4F8FF17E45340F9E39340B983C0238BF4
:100A6000E33F00F9D1FFFF17A022C079E10319AAE3
:100A700000001A32A02200798FFEFF17A022C07951
:100A8000010080D200001A32A02200798AFEFF17EE
:100A9000FF8B00B9FF9B00B9EDFEFF1763030C8BC2
:100AA0007FFFFF17000000000000000000000000B2
:100AB000FF4314D1FD7B00A9FD030091F35301A96D
:100AC000F30301AA21204079F40303AAE34304912C
:100AD000661A40F921781E12652240F9F55B02A9D9
:100AE0006726407964B240B9F60302AA02808052B8
:100AF000F50300AAE0E30391E32F00F9E26700B9F0
:100B0000E1D30079E7D70079E33B00F9E27B00B954
:100B1000FF8300B9E64700F9E54F00F9E40B01B99E
:100B200094000094800640ADE20316AAE3C300914E
:100B3000E1630191E00315AAE08701AD21F3FF977E
:100B4000F403002AC000F837E1630191E00315AA1D
:100B500008E1FF971F00007194029F5AE0D340798B
:100B6000800030366022407900001A32602200791D
:100B7000E07F40F983000094FD7B40A9E003142A44
:100B8000F35341A9F55B42A9FF431491C0035FD61B
:100B9000FD7BBBA9FD03009123B040B9F76303A916
:100BA000F80302AA63056836F55B02A9F50300AAFB
:100BB000400840F9F35301A9F40301AAF96B04A911
:100BC0005A0040F9C00300B4566740A939FF42D328
:100BD000F703192A3F030071AD020054130080D2BD
:100BE00003000014FF02136B0D020054C17A73B8A6
:100BF000E20314AAE00315AA73060091A10A009467
:100C00001F04003101FFFF54F35341A9F55B42A9D2
:100C1000F96B44A91F0B00B91F0B00F9F76343A937
:100C2000FD7BC5A8C0035FD6000B40F900C839CBD7
:100C3000000B00F95A43009180FCFFB5F35341A922
:100C400000008052F55B42A9F96B44A9F2FFFF173F
:100C5000F8E4FF971F0B00B91F0B00F9F76343A9D6
:100C6000FD7BC5A8C0035FD60000000000000000A7
:100C7000440840F9440000B4C6FFFF17000080524A
:100C80005F0800B9C0035FD600000000000000004C
:100C9000FF4300D13F0000F1E03300910100819A51
:100CA000220100B4630100B440004039200000B9C3
:100CB000400040391F000071E0079F1AFF43009178
:100CC000C0035FD600008052FF430091C0035FD68F
:100CD00020008012FAFFFF17000000000000000053
:100CE000FD7BBDA904F00491FD030091F35301A91C
:100CF000F30303AA7F0200F1230000D09300939A2C
:100D0000F40300AA641042F9E30313AA210100B41A
:100D100080003FD6E103002A207C40933F0400314D
:100D200060010054F35341A9FD7BC3A8C0035FD603
:100D3000E18300910200805280003FD6E103002A47
:100D4000207C40933F040031E1FEFF547F0200B954
:100D500041118052810200B900008092F35341A9F1
:100D6000FD7BC3A8C0035FD60000000000000000A8
:100D7000C0035FD60000000000000000000000007B
:100D8000C0035FD60000000000000000000000006B
:100D9000C0035FD60000000000000000000000005B
:100DA000C0035FD60000000000000000000000004B
:100DB000FD7BBDA9FD030091F51300F9610600B4A8
:100DC000F35301A9F30301AAF40300AA600000B4DD
:100DD000012440F9410600B460B240B96122C079F3
:100DE0000005003701064836E10313AAE00314AA00
:100DF000E0DFFF97F503002A622A40F9C20000B441
:100E0000611A40F9E00314AA40003FD61F000071A8
:100E1000B5A29F5A6022407920063837612E40F9EA
:100E2000E10000B460D201913F0000EB600000548B
:100E3000E00314AA4FE3FF977F2E00F9613E40F9CB
:100E4000810000B4E00314AA4AE3FF977F3E00F953
:100E500014E1FF977F22007960B240B9A003003609
:100E6000605240F9C7FFFF9712E1FF97F35341A982
:100E7000E003152AF51340F9FD7BC3A8C0035FD634
:100E800041FBFF35F35341A915008052E003152AB9
:100E9000F51340F9FD7BC3A8C0035FD6E5E0FF97DB
:100EA000CEFFFF17605240F9BAFFFF976022C0796A
:100EB000C0F9FF3560B240B960FE0737605240F9B3
:100EC00015008052B7FFFF97F35341A9F0FFFF17BA
:100ED000605240F9B3FFFF97E2FFFF17610E40F940
:100EE000E00314AA23E3FF97CDFFFF1700000000E3
:100EF00000000000000000000000000000000000F2
:100F00005F2403D5820600B4258080520502A872B2
:100F1000200C014E03E87B92A50C044E091040F210
:100F20004A1040920002005461A0DF4C248100D19D
:100F3000420004AB238C206E448C206E631C254E33
:100F4000841C254E66BC244EC6BC264EC63C084EAC
:100F500024F97FD3C624C49AC620C49A2902005417
:100F6000C60200B561A0DF4C428000F1238C206EE8
:100F7000448C206EA9000054661CA44EC6BCE64EEC
:100F8000C63C084E06FFFFB4631C254E841C254E4C
:100F900066BC244EC6BC264EC63C084EE200005439
:100FA0004401098B84104092848000D1E40704CB73
:100FB000C620C49AC624C49AC600C0DA638000D191
:100FC000DF0000F1C610C0DA6004468BE003809AAF
:100FD000C0035FD6000080D2C0035FD600000000CF
:100FE000FD7BBEA9220000D0FD030091F35301A9AF
:100FF000F40300AAF30301AA407442F9600000B4AC
:10100000012440F9610700B46222C07962041836F5
:10101000610E40F9C10200B442010036602240B9BD
:101020007F0E00B9E003004B602A00B90000805237
:10103000410100B4F35341A9FD7BC2A8C0035FD6B0
:101040000000805242000837602240B9600E00B9AB
:101050000000805201FFFFB5E2FE3F3642001A3227
:101060000000801262220079F3FFFF1700508052C7
:101070004000000A1F00087100FDFF54E10313AA9D
:10108000E00314AA230000946222C079610E40F9A3
:1010900082FD0736E2FFFF1702032036C200103739
:1010A000610E40F942001D326222007961FBFFB5FA
:1010B000EFFFFF17612E40F9010100B460D20191EA
:1010C0003F0000EB80000054E00314AAA9E2FF9760
:1010D0006222C0797F2E00F9610E40F980048012EF
:1010E0004200000A610200F97F0A00B9EEFFFF1713
:1010F00050E0FF97C5FFFF1720018052800200B922
:1011000042001A320000801262220079CAFFFF17E3
:10111000FD7BB5A9FD0300912220C079F35301A9FD
:10112000F30301AA2201083620DC0191210080523C
:10113000600200F9600E00F9612200B9F35341A981
:10114000FD7BCBA8C0035FD62124C079F40300AA9D
:10115000F55B02A9F71B00F98103F837E22301913F
:10116000E80800940003F837E04F40B9168080D2B9
:1011700015008152E10316AA000C14121F084071D9
:10118000E00314AAF7179F1A76DCFF97200300B537
:101190006022C0796005483700741E1261DE01913B
:1011A000F55B42A900001F32F71B40F92200805274
:1011B000610200F960220079610E00F9622200B933
:1011C000DFFFFF176222C0795F0079F2000880D24A
:1011D000168080D2D602809AE10316AAE00314AAF0
:1011E00017008052150080525EDCFF9720FDFFB48F
:1011F0006222C079600200F942001932622200794D
:10120000600E00F9762200B9170100354200152A58
:1012100062220079F35341A9F55B42A9F71B40F91B
:10122000FD7BCBA8C0035FD66126C079E00314AA7A
:10123000C8080094C00000356222C079F4FFFF178F
:10124000F55B42A9F71B40F9BDFFFF176222407909
:1012500042741E1242000032423C0013ECFFFF17A2
:10126000000000000000000000000000000000007E
:10127000000000000000000000000000000000006E
:101280005F2403D52400028B0500028B5F0002F16E
:10129000880700545F8000F1C80300545F4000F1EC
:1012A000C3000054261C40A98C347FA9061C00A949
:1012B000AC343FA9C0035FD6C2001836260040F9FF
:1012C00087805FF8060000F9A7801FF8C0035FD68B
:1012D000C2001036260040B988C05FB8060000B9C9
:1012E000A8C01FB8C0035FD6020100B44EFC41D3B2
:1012F000260040398AF05F3828686E3806000039C9
:1013000008682E38AAF01F38C0035FD61F2003D507
:10131000261C40A9282441A98A2C7EA98C347FA9A7
:101320005F0001F1E8000054061C00A9082401A98F
:10133000AA2C3EA9AC343FA9C0035FD61F2003D519
:101340002E3C42A9304443A95F8001F1A90000541A
:10135000820C7CA981107DA9A20C3CA9A1103DA9F9
:10136000061C00A9082401A90E3C02A9104403A9E7
:10137000AA2C3EA9AC343FA9C0035FD61F2003D5D9
:101380000E0001CB2EFCFFB4DF0102EBA3040054DE
:101390002C3440A90E0C409203EC7C9221000ECB21
:1013A00042000E8B261C41A90C3400A9282442A916
:1013B0002A2C43A92C34C4A9424002F169010054EB
:1013C000661C01A9261C41A9682402A9282442A957
:1013D0006A2C03A92A2C43A96C3484A92C34C4A9EF
:1013E000420001F1E8FEFF548E3C7CA9661C01A975
:1013F000861C7DA9682402A988247EA96A2C03A9D9
:101400008A2C7FA96C3404A9AE3C3CA9A61C3DA93A
:10141000A8243EA9AA2C3FA9C0035FD61F2003D54C
:101420008C347FA9AE0C409284000ECB42000ECBD0
:10143000861C7FA9AC343FA988247EA98A2C7DA96B
:101440008C34FCA9A5000ECB420002F169010054C6
:10145000A61C3FA9861C7FA9A8243EA988247EA992
:10146000AA2C3DA98A2C7DA9AC34BCA98C34FCA93A
:10147000420001F1E8FEFF54220C43A9A61C3FA93B
:10148000261C42A9A8243EA9282441A9AA2C3DA98A
:101490002A2C40A9AC343CA9020C03A9061C02A9C1
:1014A000082401A90A2C00A9C0035FD6000000008F
:1014B000FD7BBEA9FD030091023440F9F35301A95D
:1014C000F30300AAF403012A420100B4817E409391
:1014D000407861F8E00100B4030040F9437821F856
:1014E0001F0800F9F35341A9FD7BC2A8C0035FD6D2
:1014F000220880D2010180D2DA020094603600F91D
:10150000E20300AA40FEFFB5000080D2F6FFFF17FD
:1015100021008052E00313AA3320D41A210080D284
:10152000627E4093421C009142F47ED3CD0200942F
:10153000C0FEFFB4144C0129EAFFFF1700000000B1
:10154000C10000B4003440F9220880B9037862F881
:10155000230000F9017822F8C0035FD600000000E4
:10156000FD7BBCA927600091050080D2FD0300919E
:10157000F35301A9F303032A341440B9F55B02A91C
:10158000F50301AAF60300AAE47865B8833C0012CB
:10159000847C1053634C021B663C0012637C105326
:1015A000830C021BC440030BE47825B8A50400910A
:1015B000737C10539F02056B8CFEFF5413010034A3
:1015C000A00E40B91F00146B4D010054A0CA348B0B
:1015D00094060011131800B9B41600B9F35341A9C9
:1015E000E00315AAF55B42A9FD7BC4A8C0035FD642
:1015F000A10A40B9E00316AAF71B00F92104001163
:10160000ACFFFF97F70300AA600200B4A21680B9EE
:10161000A1420091004000914208009142F47ED323
:1016200018FFFF97C03640F9A10A80B9027861F827
:10163000A20200F9157821F8F50317AAA0CA348B85
:1016400094060011F71B40F9131800B9B41600B93D
:10165000E3FFFF17030000F0000000F063C01991E2
:1016600000201A91020080D2411780521DD8FF97A6
:10167000E103002AE2FF9F52000080523F00026B0C
:1016800068000054213C10530002805202E0BF1257
:101690003F00026B6800005400200011215C1853C9
:1016A0000200BE123F00026B6800005400100011DF
:1016B000216C1C530200B8123F00026B89000054D9
:1016C000E103212A007C410BC0035FD622741E5324
:1016D000C100E8375F0062F2000C00110104805283
:1016E0000010811AC0035FD600080011C0035FD646
:1016F000E20300AA00008052410040B93F0840F2D6
:10170000E0000054A1000037A1030836217C0153FA
:1017100020008052410000B9C0035FD63F3C0072F8
:1017200061000054217C1053000280523F1C007263
:101730006100005400200011217C08533F0C40F24E
:101740006100005400100011217C04533F0440F25A
:101750006100005400080011217C02538100003711
:1017600000040011217C015361000034410000B9E4
:10177000C0035FD600048052C0035FD6217C0253B1
:1017800040008052410000B9C0035FD60000000055
:10179000FD7BBEA9FD030091023440F9F35301A97A
:1017A000F30300AAF403012A820100B4400440F9C3
:1017B000E00200B4010040F9410400F9010000F02A
:1017C000141800B9F35341A920F847FD000800FDA3
:1017D000FD7BC2A8C0035FD6220880D2010180D25F
:1017E00020020094603600F9E20300AA00FEFFB573
:1017F000030000F0000000F063C0199100201A916E
:10180000020080D2A1288052B6D7FF97E00313AA26
:10181000820480D2210080D212020094A0FEFFB484
:10182000010000F0141800B9F35341A920F447FD5A
:10183000010000F0000400FD20F847FD000800FD55
:10184000FD7BC2A8C0035FD60000000000000000BE
:10185000FD7BBCA9FD030091F55B02A9F50301AA7C
:10186000361440B9F71B00F9571440B9F35301A9D6
:10187000F40302AADF02176BEB000054E203172AFD
:10188000E10314AAF703162AF40315AAF603022AA1
:10189000F50301AA810A4129F302160B5F00136BBD
:1018A00021A4811A03FFFF97800B00B40760009109
:1018B000E8C8338BE30307AAFF0008EB820000545B
:1018C0007F4400B81F0103EBC8FFFF54A6620091DC
:1018D0008B620091C9C8368B65C9378BDF0009EB75
:1018E00022080054AA0014CB946600914A6500D1E6
:1018F000810080D24AF57E92BF0014EB4A01018B31
:101900004A21819A07000014637C1053C3030035F9
:10191000C6100091E71000913F0106EB4906005404
:10192000C30040B96D3C007200FFFF54EC0307AAEE
:10193000E4030BAA0E008052814440B8830140B9F1
:10194000223C00126F3C0012217C1053637C105328
:10195000423C0D1B210C0D1B42000E0B2140420B83
:10196000223C1033824500B82E7C1053BF0004EB9C
:1019700048FEFF54EE682AB8C30040B9637C105398
:1019800083FCFF34E10040B9ED0307AAE4030BAA8E
:101990000E008052EC03012A820040794238031B7A
:1019A00042404C0B413C1033A14500B8814440B843
:1019B000AC0140B9217C10538E3D00122138031B2D
:1019C0002140420B2E7C1053BF0004EB68FEFF54F5
:1019D000C6100091E1682AB8E71000913F0106EBBC
:1019E00008FAFF547F0200718C00005405000014B7
:1019F000730600716000005401CD5FB8A1FFFF3491
:101A0000F55B42A9F71B40F9131400B9F35341A940
:101A1000FD7BC4A8C0035FD6030000F0000000F007
:101A200063C0199100201A91020080D2412C80528B
:101A30002CD7FF970000000000000000000000000D
:101A4000FD7BBDA9FD030091F35301A9F303022A15
:101A500042040072F55B02A9F60300AAF50301AA8D
:101A6000C1040054737E0213F3020034D43240F9EF
:101A7000540500B4F3000037737E011353020034A1
:101A8000800240F9A00200B4F40300AA73FF0736F5
:101A9000E20314AAE10315AAE00316AA6DFFFF975B
:101AA000D50000B4C13640F9A20A80B9237862F8A3
:101AB000A30200F9357822F8F50300AA737E01131A
:101AC00013FEFF35F35341A9E00315AAF55B42A9C4
:101AD000FD7BC3A8C0035FD6E20314AAE10314AAE6
:101AE000E00316AA5BFFFF97800200F9F40300AA47
:101AF0001F0000F9E6FFFF1742040051040000F048
:101B000084803B910300805282D862B895FEFF9793
:101B1000F50300AAD4FFFF17E00316AA21008052A4
:101B200064FEFF97F40300AAE00000B4200080D216
:101B3000204EC0F2804201F8D43200F99F0200F931
:101B4000CDFFFF17030000F0000000F063C0199103
:101B500000201A91020080D2A1288052E1D6FF977E
:101B6000FD7BBCA9FD030091F76303A9587C051315
:101B7000371440B9230C40B91703170BF35301A9CD
:101B8000F40301AAF55B02A9F5060011210840B98A
:101B9000F303022AF60300AABF02036BAD00005450
:101BA00063781F5321040011BF02036BACFFFF5485
:101BB000E00316AA3FFEFF97A00700B4056000915E
:101BC0001F0300712D010054041B0011E30305AA3B
:101BD00004C8248B1F2003D57F4400B87F0004EB8A
:101BE000C1FFFF54A548388B861680B983620091E7
:101BF000671200726608068B800400540804805245
:101C0000E10305AA0801074B040080521F2003D5F9
:101C1000620040B94220C71A4200042A224400B898
:101C2000644440B88424C81ADF0003EB28FFFF5443
:101C3000C10014CB82660091216400D1DF0002EB69
:101C400021F47E92820080D22100028B2120829A90
:101C5000A46821B844000035F503172AC13640F9BD
:101C6000820A80B9F76343A9237862F8151400B992
:101C7000F55B42A9830200F9347822F8F35341A9B5
:101C8000FD7BC4A8C0035FD6614440B8A14400B83E
:101C9000DF0003EB29FEFF54614440B8A14400B8C3
:101CA000DF0003EB28FFFF54ECFFFF17030000F0F9
:101CB000000000F063C0199100201A91020080D248
:101CC000C13B805287D6FF97000000000000000053
:101CD000221440B9E50300AA001440B90000026BC9
:101CE000E1010054437C7E93A56000912160009146
:101CF000A200038B2100038B03000014BF0002EB42
:101D0000E200005444CC5FB823CC5FB89F00036B63
:101D100060FFFF540000801200349F1AC0035FD69A
:101D2000FD7BBDA9FD030091F35301A9F30301AAB3
:101D3000F40302AA211440B9421440B9F51300F982
:101D40002100026B41020035427C7E93616200916A
:101D5000846200912300028B8400028B0300001434
:101D60003F0003EB620A005466CC5FB885CC5FB8D5
:101D7000DF00056B60FFFF54E10314AAF5279F1AEB
:101D80009432939A7332819A05000014E10314AAE5
:101D9000F5579F1A9442939A7342819A810A40B9E7
:101DA000C4FDFF97000B00B4681680B989620091EA
:101DB000871640B9626200910B600091050380D2E2
:101DC0004808088B010080522AC9278B151000B9DA
:101DD000866A65B8646A65B8C33C0012C67C105355
:101DE0006320244BC440444B6300010B8440830BAD
:101DF000833C1033036825B8A5100091817C101333
:101E00006402058B1F0104EB48FEFF54040113CB51
:101E100062660091846400D11F0102EBE6379F1ACD
:101E2000880080D282FC42D3DF000071450400911B
:101E3000A5F47ED3A510889A2801058B6501058B32
:101E40005F0108EB890400544A0500D1040080D2E8
:101E50004A0108CB49FD42D3027964B83F0104EB43
:101E60004300010B2120220B427C10534140810B87
:101E7000233C1033A37824B8217C101384040091F0
:101E8000C1FEFF544AF57E92A1000A8B8300003503
:101E900022CC5FB8E7040051C2FFFF34071400B939
:101EA000F35341A9F51340F9FD7BC3A8C0035FD6E6
:101EB000010080527FFDFF97800100B4210080D295
:101EC000014001F8F35341A9F51340F9FD7BC3A884
:101ED000C0035FD642F47ED3DF00007142109F9AA8
:101EE0006101028BEAFFFF17030000F0000000F021
:101EF00063C0199100201A91020080D2E1468052FD
:101F0000F8D5FF97030000F0000000F063C01991BE
:101F100000201A91020080D2A1488052F1D5FF978B
:101F2000FD7BBCA9FD030091E81300FD0840601E85
:101F3000F35301A9F40301AAF30302AA210080527A
:101F40005CFDFF97E00700B40301669EE40300AA6E
:101F500065F874D360CC60D301000C32BF0000710F
:101F60002010801AE03F00B983020035E0F30091B1
:101F7000E0FDFF97E13F40B923008052831400B990
:101F800000800011811800B9A5030034A5CC1051C0
:101F9000E81340FDA500000B850200B9A30680529E
:101FA0006300004B630200B9E00304AAF35341A9A4
:101FB000FD7BC4A8C0035FD6E0E30091E83B00BD11
:101FC000CCFDFF97E13F40B980030034E33B40B9CB
:101FD000E203004B2220C21A4200032A2124C01A25
:101FE000E13F00B93F00007182040329E3079F1A13
:101FF00063040011831400B9A5FCFF3561008092D1
:1020000000C8105121C8238B800200B98000018BC9
:1020100063681B53001840B996FDFF97E81340FD15
:102020006300004B630200B9F35341A9E00304AA23
:10203000FD7BC4A8C0035FD6E23B40B9EAFFFF17AF
:10204000030000D0000000D063C0199100201A9155
:10205000020080D2E1618052A2D5FF97000000000B
:10206000FD7BBEA9237CC29B217C029BFD030091CA
:10207000F30B00F9630400B5BAD8FF97F30300AA85
:10208000600400B402805FF842F47E92422000D1E6
:102090005F2001F1C80100545F9C00F1C9000054A9
:1020A0000004004F0040009100009F3C5FDC00F105
:1020B000A80100541F7C00A91F0800F9E00313AA1F
:1020C000F30B40F9FD7BC2A8C0035FD6010080522C
:1020D0007CDCFF97E00313AAF30B40F9FD7BC2A859
:1020E000C0035FD66006803D608200915F2001F1F1
:1020F00021FEFF5460C20091600A803DEEFFFF1791
:1021000094D8FF9781018052010000B9130080D25A
:10211000E00313AAF30B40F9FD7BC2A8C0035FD60E
:10212000E50304AAE40303AA03008092B90600149D
:10213000FD7BBCA9FD030091F35301A9341440B900
:10214000F76303A9F80300AA001440B91F00146B39
:102150008B0B00549406005133600091176300917B
:10216000F55B02A98A7E4093807E7E937602008B87
:10217000EB02008B627A6AB8E37A6AB84204001113
:102180007508C21A7F00026BC3040054E70313AA48
:10219000E60317AA09008052080080521F2003D5C9
:1021A000E34440B8C40040B9653C0012637C10535E
:1021B000823C0012A524151BA97C10534220254BFC
:1021C0004200080B6324151B407C10130020234B96
:1021D000697C10530340440B623C1033C24400B886
:1021E000687C1013DF0207EBC2FDFF54E07A6AB887
:1021F00080010035601100D1FF0200EBA300005404
:102200000700001494060051FF0200EB8200005406
:10221000020040B9001000D162FFFF34141700B96A
:10222000E00318AAABFEFF970004F837E00317AAF3
:10223000040080521F2003D5634640B8020040B915
:10224000413C00122120234B2100040B247C10135D
:102250008340434B6240420B413C1033014400B881
:10226000447C1013DF0213EB82FEFF54E1DA74B8F2
:10227000E0CA348B81010035001000D11F0017EB3C
:10228000A80000540700001494060051FF0200EB60
:1022900082000054010040B9001000D161FFFF34FA
:1022A000141700B9B5060011F35341A9E003152A2C
:1022B000F55B42A9F76343A9FD7BC4A8C0035FD6C1
:1022C000F35341A900008052F76343A9FD7BC4A8E2
:1022D000C0035FD600000000000000000000000006
:1022E000FD7BB4A9FD030091062840F9F35301A931
:1022F000F30300AAF55B02A9F40304AAF76303A998
:10230000F703012AF80305AAF96B04A9FA03022AC4
:10231000FB7305A91C00669EE34300F9E827066DE0
:102320000840601E060100B4035840B922008052E4
:10233000E10306AA4220C31AC308012981FCFF97C2
:102340007F2A00F90001669E0941601E010080524B
:1023500000FC60D3F503002AA000F83615780012BF
:1023600021008052BC7E60B38903679EA22A0C12B2
:10237000810200B900FEAF525F00006B800E005476
:102380002821601E61020054E14340F92000805280
:10239000200000B9980000B4000000D000A41991FA
:1023A000000300F9170000D0F7A21991F35341A9D7
:1023B000E00317AAF55B42A9F76343A9F96B44A9A7
:1023C000FB7345A9E827466DFD7BCCA8C0035FD60B
:1023D0002041601EE2E30291E1F30291E00313AABF
:1023E000D0FEFF97F40300AAA07E1453A00C003582
:1023F000E30757290001669E6100010B22C81011F6
:102400005F800071AD2E00542548101104088052E1
:102410008200024B0024C51AB522C21AA002002A6B
:102420000000631E2004005121008052E1A700B982
:1024300004C2BF520200669E41FC60D32100040B1F
:10244000227C60B34200679E01106F1E010000D025
:102450000300621E4138611E24FC47FD010000F0AC
:10246000200040FD010000F02000441F220440FD38
:102470006000421F1820601E0500781E442A005488
:102480006000004B06040051BF580071082800543A
:10249000010000D021803C9120D865FC1020691EED
:1024A0002C2D0054FFA300B9070080521F000071BB
:1024B0008C00005427008052E700004B0600805239
:1024C000C600050B1B008052E58B00B9FF2600718A
:1024D00068070054FF1600716D280054F712005170
:1024E00019008052FF0E0071605900542D2F0054C6
:1024F000FF120071A12D005420008052E07B00B932
:102500005F0300716D530054F5031A2AE0031A2A81
:10251000FAAB00B9047C40931F7C0071CD050054D8
:10252000230080528200805242781F53E103032A25
:1025300063040011407C4093007000911F0004EB85
:1025400049FFFF54615A00B926000014E14340F9E5
:10255000E0E18452200000B92001669E1FCC40F2C9
:1025600001020054170000D0186200B4000000D02F
:10257000F7A21B9100C01B91000300F98CFFFF170D
:102580002201669EE3BB40B900FC0F51FFA700B9D2
:1025900041CC60D321240C32227C60B3AAFFFF1708
:1025A000170000D0F85F00B4000000D0F7E21B91E4
:1025B00000EC1B91000300F97DFFFF1739008052EA
:1025C00017008052150080121A008052F97B00B962
:1025D000F5AB00B9010080527F5A00B91F2003D526
:1025E000E00313AAE79B1129E59B00B9B1FBFF9714
:1025F000E79B5129F60300AAE59B40B9C07200B4DD
:10260000BF3A0071762A00F9E0879F1AE303152A82
:102610000400190A1F00196AE00A0054E08B40B94F
:102620001F0000716D440054E403002A010000D033
:10263000E00304AA21803C91020C4092807C0413A8
:10264000207862FCE10304AA014E4036010000D06C
:10265000000C001262008052218847FD2119611E82
:1026600060010034010000D021C03B911F2003D540
:1026700080000036220040FD420400110008621E66
:10268000007C01132120009140FFFF352118601EBE
:10269000E0A340B98000003400106E1E3020601EA0
:1026A000C45400544200621E0090631E0298BF5240
:1026B0004000411F0000669E01FC60D32100020B18
:1026C000207C60B3153E0034FC8B40B9E403152A2E
:1026D0002100781E0200679E82040051080000D08D
:1026E00008813C91C90600912000621E20C00011A3
:1026F000E17B40B9001C001203D962FC2138601E46
:10270000E148003400106C1EC00200390018631E3E
:102710000038621E1020611E4C6800542200805256
:10272000E00309AA4200094B04106E1E0390641EC8
:102730000A0000142108631E0008631E2100781E91
:102740002200621E21C00011011400382138621ECF
:102750003020601E245E00548238611E5020601EAE
:10276000C41700544100000B3F00046B4BFEFF54A4
:102770003C01669EE0BF40B9E18B40B91F0000718B
:1027800020A84E7A6D3D0054E17B40B9813C003475
:10279000FF0600716D4F0054A30600517F03036BC9
:1027A0000B520054E000154BE08F00B96303034B5C
:1027B000755EF836E00313AA21008052E79300B952
:1027C000E69B00B9E5A700B9E3AF00B9F1FBFF97BD
:1027D000E79340B9F90300AAE69B40B9E5A740B9E1
:1027E000E3AF40B9E18F40B93F000071C4C8407AFF
:1027F000ED0000543F00066B20D0861AE700004B26
:10280000C600004B2100004BE18F00B9FB010034F2
:10281000E07B40B9E04C003483510035E10314AA59
:10282000E2031B2AE00313AAE79300B9E69B00B971
:10283000E5A700B983FCFF97E79340B9F40300AA2A
:10284000E69B40B9E5A740B9E00313AA21008052F6
:10285000E79300B9E69B00B9E5A700B9CDFBFF9768
:10286000E5A740B9FB0300AAE79340B9E69B40B94E
:1028700065380035FF0600718D1C00542000805221
:10288000C000000B0010007200310054010480529F
:102890002100004B3F1000712D44005481038052F1
:1028A0002000004BE18F40B9E700000BC600000B91
:1028B0002100000BE18F00B9FF0000714D010054B1
:1028C000E10314AAE203072AE00313AAE69300B97E
:1028D000E59B00B9A3FCFF97E69340B9F40300AA77
:1028E000E59B40B9DF0000710D010054E1031BAA14
:1028F000E203062AE00313AAE59300B999FCFF97C7
:10290000FB0300AAE59340B9E0A340B9FF0A0071B8
:10291000E4D79F1AE0180035BF02007184D8407ACE
:10292000E00D00549527003503008052A20080522C
:10293000E1031BAAE00313AA0AFBFF97FB0300AA0B
:10294000E1031BAAE00314AAF70316AAE1FCFF9710
:102950001F0000710D260054E08B40B9D60600918F
:102960001C04001120068052E0020039E1031BAA7A
:10297000E00313AAF3FAFF97590800B4E10319AA78
:10298000E00313AAEFFAFF973E00001421008052E3
:10299000E1A300B907008052E600F83725D9FF36D9
:1029A000E700054BFB03054BE58B00B905008052A2
:1029B000C7FEFF172700805206008052E700004B39
:1029C000F7FFFF17A100621E2020601EE1079F1A7B
:1029D000A500014BABFEFF17E203024B0020C21A19
:1029E00090FEFF1739008052FF0E007140310054F5
:1029F0000CD8FF54FF0A0071C05300547F5A00B92D
:102A0000E00313AA01008052E77B00B9E697112981
:102A1000A8FAFF97E77B40B9F60300AAE697512989
:102A2000A05100B4000080121A008052E303002A73
:102A3000F503002A762A00F9F97B00B9E0AB00B96A
:102A40004DFFFF17A5040051FFA300B9D2FFFF17E8
:102A50001F0016EBA0420054E20300AA01FC5F38FD
:102A60003FE4007160FFFF5421040011211C00129B
:102A7000F70316AAF60302AA010000391F2003D5A6
:102A8000E10314AAE00313AAAEFAFF97DF020039AC
:102A9000E14340F980070011200000B998C8FFB455
:102AA000160300F942FEFF1720008052B700805243
:102AB000E07B00B9E08B40B94003000BE0AB00B90C
:102AC00015040011BF020071A0C69F1A92FEFF17E5
:102AD00057008052FF7B00B98AFEFF17E07B40B9A8
:102AE000000E0034E28F40B95F000071ED00005429
:102AF000E10319AAE00313AAE57B00B919FCFF97CB
:102B0000E57B40B9F90300AAF93F00F9453E0035DD
:102B1000D5C2358B80030012F64B00F9E0A700B94F
:102B2000E1031BAAE00314AA82FDFF971AC000115B
:102B3000E10319AAE0A300B9E00314AA65FCFF971A
:102B4000E23F40F9E1031BAAE08F00B9E00313AABA
:102B500074FCFF97E10300AA001040B98011003512
:102B6000E00314AAE14F00F95AFCFF97E203002AA0
:102B7000E14F40F9E00313AAE29B00B971FAFF9715
:102B8000E29B40B9E002022AC0140035E0A740B938
:102B9000E03F0034E08F40B96012F837E04B40F975
:102BA0001A140038E04B00F9BF0200EB003D00545E
:102BB000E10314AA0300805242018052E00313AAE9
:102BC00068FAFF97F40300AAE03F40F9E10319AA6D
:102BD00003008052420180523F0300EBE00313AA3E
:102BE000E01000545FFAFF97F90300AAE13F40F9B3
:102BF000E00313AA030080524201805259FAFF9762
:102C0000E03F00F9C7FFFF179FCF40F281E3FF5479
:102C100080FF60D31F286CF220E3FF542500805210
:102C2000E7040011C6040011E003052A15FFFF1791
:102C3000E1031BAAE00314AAE59300B9E49B00B9E1
:102C400024FCFF97E59340B9E49B40B960E6FF366A
:102C5000E08B40B9E10314AA030080524201805284
:102C600000040051E08B00B9E00313AAE59300B91A
:102C7000E49B00B93BFAFF97F40300AAE07B40B95C
:102C8000E59340B9E49B40B9E0390035E0AB40B989
:102C90001F000071F503002A84D8407A41E4FF54F4
:102CA000170080D207000014E10314AAE00313AA5E
:102CB00003008052420180522AFAFF97F40300AACF
:102CC000E1031BAAE00314AA1AFDFF971AC0001122
:102CD000DA6A3738F7060091BF02176B6CFEFF54B3
:102CE000BF020071B5060051200080D215D4959A1C
:102CF000D502158B170080D222008052E10314AA5E
:102D0000E00313AA97FBFF97E1031BAAF40300AAB1
:102D1000F0FBFF971F0000718C0000543D01001470
:102D2000BF0216EB80280054E20315AAB50600D1B5
:102D300040F05F381FE4007140FFFF54FC8B40B946
:102D400000040011A0020039E1031BAAE00313AA4A
:102D5000E23F00F9FBF9FF97E23F40F9B91D00B4EB
:102D6000FF0200F1E41259FAC0000054E10317AA6F
:102D7000E00313AAE23F00F9F2F9FF97E23F40F9BE
:102D8000F70316AAF60302AAFDFEFF17E00313AA33
:102D9000ECF9FF97E08F40B9C000F837E08F40B9F9
:102DA0009C030012E002002A9C03002ABC040035A8
:102DB00022008052E10314AAE00313AA69FBFF97E3
:102DC000E1031BAAF40300AAC2FBFF971F000071D6
:102DD0008D3100545FE70071002C0054E0A340B92E
:102DE0001AC40011E24B40F9F70319AAF93F40F960
:102DF000FC8B40B95A140038D4FFFF17D9F9FF975C
:102E0000F90300AAE03F00F946FFFF171B0080D23C
:102E1000190080D2FC033A2AF70316AAD4FEFF1742
:102E2000E08F40B94030F837E1A740B9E002002A0E
:102E30002000002AC02F00345F0000710DEBFF540A
:102E40005FE70071A0280054E24B40F95A070011D7
:102E5000F70319AAFC8B40B9F93F40F95A1400381E
:102E6000BAFFFF174200621E0090631E0298BF5215
:102E70004000411F0000669E01FC60D32100020B50
:102E8000207C60B30290621E0000679E2138621EA3
:102E90003020601E6C0600540040611E3020601E11
:102EA00064FBFF5433FEFF17800380527EFEFF1742
:102EB000E0130054E08B40B9010000D021803C9128
:102EC000E003004B020C4092007C0413227862FC69
:102ED0002209621EC02900344140601E010000D05A
:102EE00021C03B9108008052420080521F2003D530
:102EF000A0000036200040FD42040011E803042A2F
:102F00002108601E007C01132120009120FFFF3565
:102F10001F010071211C621EDEFDFF17E3031B2A47
:102F2000190080D2FF7B00B9E78F00B92EFEFF1792
:102F3000000000D000803C915F030071A0BA407A8D
:102F400001D861FCEC15005435F6FF350090621E87
:102F50002108601E8003679E3020601E8AF5FF54A2
:102F6000F70316AA1B0080D2190080D27BFEFF1740
:102F70003A008052F5031A2A96FDFF17E10300AAD2
:102F8000E203052AE00313AAE79300B9E69B00B920
:102F9000ACFAFF97E79340B9FB0300AAE69B40B960
:102FA000FF0600710D02005405008052601740B901
:102FB000E79300B900040051E69B00B9E5A700B90A
:102FC00060CB208B001840B9AAF9FF97010480520A
:102FD000E79340B9E69B40B92000004BE5A740B914
:102FE00028FEFF179FCF40F201FEFF5480FF60D301
:102FF0001F286CF2A0FDFF54E7040011C604001165
:1030000025008052EAFFFF172141601E42008052D6
:1030100094FDFF17FF7B00B9A7FEFF17C002003920
:103020004208631EC042248BE20309AA0390641E77
:103030009F040071401C00542108631E2100781E6B
:103040002000621E21C00011411400382138601E8A
:103050001F0002EB21FFFF5400106C1E4328601E6E
:103060007020611EA4CFFF540038621E1020611E24
:103070008C040054E0BF40B93C01669E1F00007103
:10308000E08B40B900A84E7AACF4FF54E08B40B915
:10309000F70316AAF60309AA01D960FC2019611EDC
:1030A00060040051C002008B0390641E0100781E72
:1030B0002000621E22C00011E202003900A4411F5C
:1030C000BF06007141010054970000140218611EF0
:1030D0004100781E2200621E22C00011C216003874
:1030E0004080411F1F0016EB001200540008631EB1
:1030F0000820601EC1FEFF54FC8B40B961FEFF1723
:10310000E20300AA01FC5F383FC00071A0FFFF543A
:10311000F70316AAF60302AA5AFEFF178107805288
:103120002000004BA0BCFF54DFFDFF172141601EB3
:103130004200805257FDFF1775E9FF34E4AB40B9F8
:103140009F0000716DB1FF54420400110390641E92
:103150000090631EE08B40B94200621E2108631E8E
:103160001C0400510898BF522000421F0000669EB8
:1031700001FC60D32100080B207C60B355FDFF17D4
:10318000E1A740B98109003400CC1011E3031B2AE8
:10319000C600000BE78F00B9E700000B86FDFF17A4
:1031A000F7E21B9182FCFF17F7A21B9180FCFF172F
:1031B000E10314AAE2031B2AE00313AAE79300B970
:1031C000E69B00B9E5A700B91EFAFF97E79340B95F
:1031D000F40300AAE69B40B9E5A740B99BFDFF17A1
:1031E00060001B4BC600150BFB03032AA500000B58
:1031F00003008052E78F00B9A702070B6EFDFF178F
:10320000F70316AA8903679ED6060091A4FFFF174D
:1032100041000054BAD80737E20315AAB50600D119
:1032200040F05F381FC0007180FFFF54FC8B40B935
:10323000C6FEFF17E08B40B91C0400112006805227
:10324000C0020039C1FEFF17E203032AE10319AAF5
:10325000E00313AAE39300B9E79B00B9E6A700B91E
:10326000E5AF00B9F7F9FF97E20314AAF90300AA42
:10327000E10319AAE00313AA76F9FF97E10314AA60
:10328000F40300AAE00313AAAEF8FF97E39340B952
:10329000E79B40B9E6A740B97B03036BE5AF40B9B4
:1032A00040ADFF545EFDFF179C07001121068052C0
:1032B000F0FDFF17E1BB40B9C0068052E3031B2AB3
:1032C000E78F00B90000014BC600000BE700000BC0
:1032D00039FDFF17210B40B9E00313AA75F8FF97DA
:1032E000FA0300AAA00A00B4221780B92143009172
:1032F000004000914208009142F47ED3E1F7FF972D
:10330000E1031AAAE00313AA2200805215FAFF97DC
:10331000E03F00F9FFFDFF17F70316AAF60300AA26
:10332000D8FDFF17E00316AA0028601E1020611EBA
:103330000C0200540020611E41000054A10100371E
:10334000FC8B40B9F60300AACEFDFF17F70319AABC
:10335000F93F40F969FEFF17F54B40F9F70319AA49
:10336000F93F40F920078052A01600386FFEFF1782
:10337000FC8B40B9F60317AAB8FDFF17C600150B62
:10338000E78F00B9A702070B0BFDFF175FE700717E
:1033900040FEFF54E24B40F9F70319AAFC075129FC
:1033A000E0A340B93F00007100C40011F93F40F9AB
:1033B0001AC09A1A5A14003864FEFF17E00309AACB
:1033C00026FFFF17E10319AAE00313AA03008052A6
:1033D00042018052E57B00B9E49300B961F8FF97A0
:1033E000F5AB40B9F90300AAE49340B9BF020071FC
:1033F00084D8407A21010054E57B40B9BAFDFF171B
:1034000021CFFF549ACE073777FEFF174140601E49
:10341000420080529FFCFF17F5AB40B942FDFF17F9
:10342000F70316AAF60309AA96FDFF175F000071BD
:103430000CCCFF546CFEFF17030000B0000000B07E
:1034400063C0199100001C91020080D2E15D80529E
:10345000A4D0FF97030000B0000000B063C0199132
:1034600000001C91020080D2E13580529DD0FF9770
:10347000FF7B00B923FCFF170000000000000000E4
:103480000200669E1F0000B90402B01241F860D32A
:1034900043FC60D33F00046BE80200542200022A80
:1034A000A2020034040080527F286CF221010054F3
:1034B000016AE8D22100679EA40680120008611EFE
:1034C0000100669E21FC60D3E303012A21780012EB
:1034D0000200669E63500112217C141363200B329C
:1034E00021F80F512100040B010000B9627C60B388
:1034F0004000679EC0035FD600000000000000008F
:10350000FD7BBEA9FD030091F35301A9340000F037
:10351000F30300AA9FA20DB9E003012AE10302AA66
:1035200024BEFF971F04003180000054F35341A9CB
:10353000FD7BC2A8C0035FD681A24DB981FFFF34D5
:10354000610200B9F35341A9FD7BC2A8C0035FD655
:10355000FD7BBEA9FD030091F35301A9340000F0E7
:10356000F30300AA9FA20DB9E003012A1DBEFF9735
:103570001F04003180000054F35341A9FD7BC2A811
:10358000C0035FD681A24DB981FFFF34610200B94B
:10359000F35341A9FD7BC2A8C0035FD60000000021
:1035A000FD7BBCA9FD030091F35301A9F403012A9B
:1035B000F30302AAF51300F9F50300AA69D5FF97F2
:1035C0001F04007181000054800600511FF8037130
:1035D000A904005463A20291E203142AE1E30091DA
:1035E000E00315AABFF5FF971F0400B100040054C3
:1035F000C00100B4630E40B9E1E3403963040051F7
:10360000630E00B9A300F836642A40B97F00046B4A
:1036100024A84A7A40010054630240F964040091EE
:10362000640200F961000039F51340F9E003142A3F
:10363000F35341A9FD7BC4A8C0035FD6E20313AADC
:10364000E00315AAB70000941F040031E1FEFF5407
:1036500000008012F35341A9F51340F9FD7BC4A883
:10366000C0035FD6F4E30039E3FFFF17602240791F
:1036700000001A326022007900008012F6FFFF1766
:10368000FD7BBDA9FD030091F35301A9F40300AA3A
:1036900040B040B9F30302AA4220C079400000378D
:1036A00022034836C200683760B240B94200133284
:1036B000622200790000133260B200B9E00314AA5C
:1036C000E20313AAB7FFFF97F403002A61B240B9DF
:1036D0006100003760224079A0004836E003142AD8
:1036E000F35341A9FD7BC3A8C0035FD6605240F9E4
:1036F000ACF5FF97E003142AF35341A9FD7BC3A85F
:10370000C0035FD6605240F9E12F00B9A1F5FF97E1
:103710006222C079E12F40B9E3FFFF1700000000EB
:10372000FD7BB9A9FD030091E03700F9400840F99D
:10373000F55B02A9F60302AAFB7305A95B0040F939
:10374000E00400B4230040F9F50301AA240C40B9B9
:103750001C0080D2F35301A9130080D2F76303A9A0
:1037600017908052F96B04A9F903042AE00303AA15
:10377000330400B49A7C40937F021AEB2204005475
:10378000617E4093F40301AAE00303AAFA0301AAAD
:10379000F903132AE1031CAAE2031AAAB9F6FF9758
:1037A0009C03148BA30240F9730214CBC00A40F9A6
:1037B00063001A8BA40E40B9A30200F9000014CBD9
:1037C0008400194BA40E00B9C00A00F9E0FCFFB553
:1037D000F35341A9F76343A9F96B44A90000805250
:1037E000FB7345A9DF0A00B9F55B42A9FD7BC7A8B9
:1037F000C0035FD67C4F40A97B430091DBFFFF17DE
:10380000A622C079747E4093DF00176A40FCFF5403
:10381000A42240B9A10E40F98404040B740001CB2A
:10382000847C440B9A7E4093987C0113400700915E
:103830000000138B027F40935F0000EB8200005476
:10384000840600119800130B027F409386035036C4
:10385000E03740F9E10302AAC2D2FF97F90300AAB8
:10386000C00300B4A10E40F9E2031AAA85F6FF973F
:10387000A0224079019080120000010A0000193254
:10388000A022007920031A8B0303144B747E40930B
:10389000A00200F9A30E00B9E10314AAB90E00F9C1
:1038A000E30300AAB82200B9F903132A9F0213EB1D
:1038B000A8F6FF54FA0314AAB7FFFF17E03740F940
:1038C00018D7FF97F90300AAE0FDFFB5A10E40F954
:1038D000E03740F9A7D8FF97E23740F980018052DE
:1038E000A1224079F35341A921001A32F76343A979
:1038F000F96B44A9400000B9A122007900008012B0
:10390000FB7345A9DF0A00B9DF0A00F9F55B42A99C
:10391000FD7BC7A8C0035FD60000000000000000C8
:10392000FD7BBDA9FD030091F35301A9F403012A16
:10393000F30302AAF55B02A9F50300AA600000B434
:10394000012440F9610800B46022C079612A40B9BD
:10395000610E00B9E0031836610E40F9A10300B40E
:10396000961E0012941E001260046836600240F930
:10397000622240B9010001CB5F00016B0D050054CC
:1039800021040011620E40B903040091630200F9A2
:1039900042040051620E00B916000039602240B99D
:1039A0001F00016BA00400549F2A0071602240791F
:1039B000E1179F1A3F00006A01040054F55B42A919
:1039C000E003142AF35341A9FD7BC3A8C0035FD6CB
:1039D000E10313AAE00315AA82F5FF9760030035FF
:1039E0006022C079961E0012610E40F9941E0012EA
:1039F000E0FB6F3762B240B90000133260220079F9
:103A00004078121260B200B9600240F9622240B9F7
:103A1000010001CB5F00016B4CFBFF54E10313AAD3
:103A2000E00315AA53D5FF9700010035600240F965
:103A300021008052D4FFFF17E10313AAE00315AA67
:103A40004CD5FF97C0FBFF3414008012DCFFFF173A
:103A5000F8D5FF97BDFFFF17000000000000000031
:103A6000FD7BB8A9BF0000F1FD030091F35301A94C
:103A7000F40300AA00100591F55B02A9F60302AA5F
:103A8000F50301AAF76303A9F70306AAF96B04A9D2
:103A90001900859AFB7305A95C0040F9010900B47F
:103AA000F30304AA840A00B47A0400D1430A00B4E0
:103AB0001B0080D2F53700F90A000014F50300B5A9
:103AC000804740B8400600349F0013EB8209005441
:103AD0005A0700D1FB0304AA5F0700B1E0010054BC
:103AE000E47240F9E30319AA820340B9E1C30191EA
:103AF000380340F9E00314AA80003FD61F040031C8
:103B000020060054017C409324001B8B9F0013EB84
:103B100069FDFF54380300F9F35341A9E0031BAAE0
:103B2000F55B42A9F76343A9F96B44A9FB7345A967
:103B3000FD7BC8A8C0035FD61F000071ED010054D3
:103B4000E23740F9270080D2430400D11F2003D57B
:103B5000E2C301913F0007EB4200078B42F05F3860
:103B600062682738E704009141FFFF54E13740F9CC
:103B70002040208BE03700F9C00240F9001000918E
:103B8000C00200F9804740B800FAFF35550000B484
:103B9000DF0200F93F0300B99B0400D1F35341A9B0
:103BA000E0031BAAF55B42A9F76343A9F96B44A99B
:103BB000FB7345A9FD7BC8A8C0035FD613008092A4
:103BC000BAFFFF1740118052800200B93F0300B9CD
:103BD0001B008092F35341A9E0031BAAF55B42A9A5
:103BE000F76343A9F96B44A9FB7345A9FD7BC8A8FA
:103BF000C0035FD61B0080D2C8FFFF17FB0304AAD7
:103C0000C6FFFF17000000000000000000000000D9
:103C1000000000F0060000F0C6000D91007442F9AB
:103C200090FFFF17000000000000000000000000EF
:103C3000FD7BBEA90200669E0300AE9EFD030091BF
:103C4000F30B00F904443BD5E00303AA61FC7FD3E6
:103C500063F870D3E50301AA00BC7DD3670400912B
:103C6000261C0012E80301AA00F442AA41F07DD309
:103C7000FF347FF220090054E77F87926300078BAF
:103C80007FF81FF1ED02005484046AF2C00700546B
:103C90009F0050F1201500549F0060F1E0179F1A1B
:103CA000DF00006A010700549F0050F1C015005466
:103CB0009F0060F1E0179F1ADF00006A4106005480
:103CC0001302F0928002805273FE05AACD00009488
:103CD0006002679EF30B40F9FD7BC2A8C0035FD66C
:103CE0007F0000F1AD0A0054FF1F02EB020080527A
:103CF000E7079F9AE1F041AA211000AA3F0000F1D6
:103D0000E0079F1A4000000A3F0840F2C015005427
:103D100084046A929F0050F1400200549F0060F1B9
:103D2000000D0054840C00B5220C40925F1000F18D
:103D3000A10A005421D843D363280012020080D284
:103D40006012003422CC40B30003805262284CB38E
:103D5000C20041B3F30302AAAA000094DDFFFF17DB
:103D6000C50B00B5212000912200499220090035A1
:103D7000620B00B4620400917FF81FF161110054DE
:103D800044F9FFB5B30041D380028052732A4CB28C
:103D90009C000094CFFFFF17020001AA030200B5A8
:103DA000B30041D362F9FFB484046A929F0050F1DA
:103DB000E00C00549F0060F1600B00549F0000F184
:103DC000A00080D201049F9A080080D221D843D35A
:103DD000082900120003805233000014220200B4AC
:103DE000E2FF8FD201F0C19300FC72D37F0002EB9F
:103DF00021FC43D30000005221004DB200009F1A65
:103E0000F3FF805233D013AA73FE05AA00F6FF35E4
:103E10006002679EF30B40F9FD7BC2A8C0035FD62A
:103E2000B30041D3732A4CB26002679EF30B40F992
:103E3000FD7BC2A8C0035FD67FD000B16BFBFF54EF
:103E4000A70780D2E80003CB00004DB21FFD00F1B0
:103E5000EC040054680C0011E700034B2200805270
:103E6000030080D22920C89A3F0100F1E9079F9AF8
:103E70002124C79A210009AA0020C89A010001AA9A
:103E80009FFFFF17211000912200499220F7FF3475
:103E9000420100B468040091010080D20829001298
:103EA0000003805228D008AA13FD05AA55000094EB
:103EB00088FFFF1740010034E80303AAC4FFFF177F
:103EC00025F5FFB5C0000034E80303AAE30308AA00
:103ED000E80303AABEFFFF1700FFFF3521D843D335
:103EE0006828001200028052EFFFFF17620C0111D8
:103EF0001F0101F147008012E300034B0220C29A28
:103F0000220002AA4110819A0024C39A3F0000F1C6
:103F100022008052E1079F9A030080D2210000AA6C
:103F200077FFFF17210080D225FDFFB4080080D263
:103F3000210180D2A6FFFF17650100B513FEEFD265
:103F4000800280522F00009462FFFF17210180D26F
:103F5000E5F3FFB4030080D2210080D2E80303AA76
:103F60009BFFFF17BF0000F10002E09201FEEFD2BD
:103F70000000679E2100679E80028052001C611E27
:103F80001300669E1F00009452FFFF1722CC40B31F
:103F90000002805262284CB3C20041B3F30302AA6C
:103FA000180000944BFFFF170302FC92000280529E
:103FB000610C418A22D002AA53FC05AA1100009488
:103FC00044FFFF1721D843D373280012E0000035C7
:103FD000020080D222CC40B3622A4CB3C20041B36B
:103FE000F30302AA3BFFFF17802C0B5300701D53F5
:103FF00085FFFF1700000000000000000000000027
:10400000800000360104000F2018211E21443BD5FA
:10401000A000083601102E1E0204000F2018221ED8
:1040200021443BD500011036C2B598520110B012A0
:10403000A293AE722100271E4200271E2028221EB6
:1040400021443BD5800018360144040F2008211E6E
:1040500021443BD5C00020360010B01202102E1EA5
:104060000100271E2038221E20443BD5C0035FD606
:10407000080000141F2003D570F0DFF010C2289153
:1040800000021FD600000000000000000000000039
:10409000342E302E300000000D0A2A2A2A2A2A2A1D
:1040A0002A2A2A2A2A2A2A2A2A2A2A2A2A2A2A2A70
:1040B0002A2A2A2A2A2A2A2A2A2A2A2A2A2A2A2A60
:1040C0002A2A2A2A2A2A2A2A2A2A2A2A2A2A2A2A50
:1040D0002A2A2A2A2A2A2A2A2A2A2A2A2A2A2A2A40
:1040E0002A2A2A2A2A2A2A2A2A2A0D0A2A2020208B
:1040F00052656E6573617320465350204578616D3B
:10410000706C652050726F6A65637420666F7220F0
:10411000725F726969635F6D6173746572204D6F60
:1041200064756C6520202020202020202020202065
:1041300020202020202020202020202A0D0A2A2094
:1041400020204578616D706C652050726F6A6563E0
:10415000742056657273696F6E20257320202020AD
:10416000202020202020202020202020202020204F
:10417000202020202020202020202020202020203F
:10418000202020202020202020202A0D0A2A202044
:1041900020466C657820536F667477617265205095
:1041A00061636B2056657273696F6E2025642E25DE
:1041B000642E256420202020202020202020202064
:1041C00020202020202020202020202020202020EF
:1041D0002020202020202020202020202020202AD5
:1041E0000D0A2A2A2A2A2A2A2A2A2A2A2A2A2A2A6C
:1041F0002A2A2A2A2A2A2A2A2A2A2A2A2A2A2A2A1F
:104200002A2A2A2A2A2A2A2A2A2A2A2A2A2A2A2A0E
:104210002A2A2A2A2A2A2A2A2A2A2A2A2A2A2A2AFE
:104220002A2A2A2A2A2A2A2A2A2A2A2A2A2A2A2AEE
:104230002A2A0D0A526566657220746F20726561C4
:10424000646D652E7478742066696C6520666F7283
:10425000206D6F72652064657461696C73206F6E88
:10426000204578616D706C652050726F6A6563746B
:1042700020616E640D0A4653502055736572277392
:10428000204D616E75616C20666F72206D6F726576
:1042900020696E666F726D6174696F6E2061626F06
:1042A000757420725F726969635F6D6173746572A2
:1042B000206472697665720D0A000000000000003B
:1042C00054686973204550207574696C697A657308
:1042D00020504D4F442041434C2073656E736F72E4
:1042E0002061732069696320736C61766520646561
:1042F000766963650D0A55706F6E2073756363652B
:10430000737366756C20696E697469616C697A6132
:1043100074696F6E2C204D505520646973706C6108
:1043200079732073656E736F72206178697320648E
:104330006174610D0A0000002A2A2053454E534F34
:104340005220494E4954204641494C4544202A2A8E
:104350000D0A0000000000005B4552525D20496ECE
:104360002046756E6374696F6E3A202573000000F5
:104370000D0A52657475726E6564204572726F72B3
:1043800020436F64653A20307825780D0A000000DC
:104390002A2A2053454E534F52205245414420442F
:1043A000415441204641494C4544202A2A0D0A00E7
:1043B000582D61786973203D20252E3032662C20DF
:1043C000592D61786973203D20252E3032662C20CE
:1043D0005A2D61786973203D20252E303266000009
:1043E00025730D0A000000002A2A20525F52494915
:1043F000435F4D41535445525F4F70656E204150AD
:1044000049206661696C6564202A2A0D0A00000053
:104410002A2A20525F524949435F4D415354455225
:104420005F577269746520415049206661696C6507
:1044300064202A2A0D0A00002A2A2044657669632E
:1044400065204944207265672C20493243207772E9
:10445000697465206661696C6564202A2A0D0A000A
:104460002A2A20525F524949435F4D4153544552D5
:104470005F5265616420415049206661696C6564E2
:10448000202A2A0D0A0000002A2A20446576696342
:104490006520494420726561642C20204932432004
:1044A00072656164206661696C6564202A2A0D0A60
:1044B00000000000000000002A2A20504F574552FB
:1044C0005F43544C207265672049324320777269FC
:1044D0007465206661696C6564212121202A2A0D9A
:1044E0000A000000000000002A2A204572726F7244
:1044F00020696E2072656164696E67204465766923
:104500006365204944202A2A0D0A000000000000AB
:104510002A2A20525F524949435F4D415354455224
:104520005F436C6F736520415049206661696C651B
:1045300064202A2A0D0A00002A2A204E554C4C20BD
:10454000506F696E74657220636865636B20666185
:10455000696C202A2A0D0A002A2A204461746120ED
:1045600072656769737465722C20493243207265E5
:104570006164206661696C6564202A2A0D0A000066
:104580002A2A20416363656C20446174612072654E
:104590006769737465722C2049324320777269749D
:1045A00065206661696C6564202A2A0D0A00000096
:1045B0002E000000000000004C435F434F4C4C4174
:1045C00054450000000000004C435F4354595045DF
:1045D00000000000000000004C435F4D4F4E45546A
:1045E00041525900000000004C435F4E554D45526A
:1045F00049430000000000004C435F54494D450012
:104600004C435F4D45535341474553000000000064
:10461000494E460000000000696E66000000000080
:104620004E414E00000000006E616E000000000070
:104630003031323334353637383961626364656618
:1046400000000000000000003031323334353637CE
:104650003839414243444546000000000000000054
:10466000286E756C6C29000030000000000000000E
:1046700042616C6C6F632073756363656564656428
:1046800000000000000000002F646174612F6A6563
:104690006E6B696E732F776F726B73706163652FCA
:1046A000474E552D746F6F6C636861696E2F617230
:1046B0006D2D31332F7372632F6E65776C69622DA8
:1046C00063796777696E2F6E65776C69622F6C69A5
:1046D00062632F7374646C69622F6D707265632EF0
:1046E0006300000000000000496E66696E6974791D
:1046F00000000000000000004E614E0000000000BD
:104700002F646174612F6A656E6B696E732F776FAA
:10471000726B73706163652F474E552D746F6F6CAC
:10472000636861696E2F61726D2D31332F7372630F
:104730002F6E65776C69622D63796777696E2F6E6E
:1047400065776C69622F6C6962632F7374646C693E
:10475000622F64746F612E6300000000000000008F
:104760000000000000000000000000000000000049
:1047700000002000000000004007000000000000D2
:1047800000002000000000000000200000000000E9
:104790000000E00F0000000000000000000000002A
:1047A00000000010000000000000001000000000E9
:1047B000000000100000000044070000000000009E
:1047C00000000020000000000000002000000000A9
:1047D0000000001000000000400700000000000082
:1047E0000000003000000000000000200000000079
:1047F000000000100000000048070000000000005A
:104800000000004000000000000000400000000028
:104810000000004000000000400700000000000011
:1048200000000080000000000000004000000000C8
:1048300000000040000000004807000000000000E9
:10484000000000C000000000000000C000000000E8
:104850000000004000000000000000000000000018
:10486000FFFFFFFF00000000FFFFFFFF0000000050
:10487000FFFFFFFF00000000FFFFFFFF0000000040
:10488000F09B214000000000E09B21400000000060
:10489000C89B214000000000000000000000000054
:1048A00001000000801A06001D0000000100000049
:1048B0000C0000008401000085010000860100005A
:1048C0000000000000000000184921400000000026
:1048D000C849214000000000602620400000000080
:1048E0000000000000000000F0482140000000002F
:1048F0000100000001000000021A190187010000F8
:1049000089010000880100008A0100008B0100007D
:104910000084051000000000689C21400000000099
:104920003049214000000000B84B21400000000049
:104930004852214000000000404921400000000092
:10494000000000009D0000001800000000000000B2
:104950006D02000085010000020000007F000000E1
:104960007F0000007F000000000000000000000049
:104970000200000000000000000000000000000035
:104980000000000000000000000000000000000027
:104990000000000000000000702E20400000000019
:1049A0000000000000000000000000000000000007
:1049B0000000821100000000000000000000000064
:1049C0007052214000000000A09C21400000000027
:1049D000E049214000000000B84B214000000000E9
:1049E0008852214000000000F049214000000000F2
:1049F000000100009E000000180000000000000000
:104A00006E02000084010000020000007F00000030
:104A10007F0000007F000000000000000000000098
:104A20000200000000000000000000000000000084
:104A30000000000000000000000000000000000076
:104A40000000000000000000902E20400000000048
:104A50000000000000000000000000000000000056
:104A60004000821100000000000000000000000073
:104A7000B052214000000000D89C214000000000FE
:104A8000904A214000000000604B214000000000DF
:104A90000000000002000000000000000000000014
:104AA000180000009E010000180000009F01000097
:104AB00018000000A0010000180000009C01000088
:104AC00000000000000000000000000000000000E6
:104AD000A0292040000000000000000000000000AD
:104AE000E84A214000000000180000009D0100007D
:104AF0000000000000000000C8522140000000003B
:104B0000030000000600000000000000000000009C
:104B10000000000000000000FFFF00000000000097
:104B200000B80410000000000400000000000000B5
:104B3000404B214000000000804821400000000060
:104B4000000C030603060000000C03060406000028
:104B500000000400030EFFFF00000400020EFFFF30
:104B6000C0352040000000007035204000000000EB
:104B70002033204000000000A0332040000000004F
:104B800000312040000000001032204000000000F2
:104B9000D02E204000000000203420400000000003
:104BA0004031204000000000102F20400000000095
:104BB0006035204000000000206B20400000000015
:104BC000406E204000000000405F204000000000D8
:104BD0007066204000000000806820400000000057
:104BE000605F2040000000000062204000000000E4
:104BF0009062204000000000D067204000000000CC
:104C0000E05F204000000000A05F204000000000A6
:104C10000900000000000000090000000000000082
:104C2000002020202020202020202828282828207C
:104C30002020202020202020202020202020202074
:104C400020881010101010101010101010101010DC
:104C500010040404040404040404041010101010CC
:104C60001010414141414141010101010101010196
:104C700001010101010101010101010110101010E8
:104C80001010424242424242020202020202020268
:104C900002020202020202020202020210101010BC
:104CA00020000000000000000000000000000000E4
:104CB00000000000000000000000000000000000F4
:104CC00000000000000000000000000000000000E4
:104CD00000000000000000000000000000000000D4
:104CE00000000000000000000000000000000000C4
:104CF00000000000000000000000000000000000B4
:104D000000000000000000000000000000000000A3
:104D10000000000000000000000000000000000093
:104D2000000000008204000000007F04000000007A
:104D300000006A04000000005F0443040000B603A2
:104D40004A0400004704560056005600560056001C
:104D500056005600560056000000000000000000FB
:104D6000000000000000720200008003DE037202F7
:104D70007202720200000000000000000604000041
:104D80000000F60300000000000054030000B90317
:104D90000000000079050000000000000000000095
:104DA000000000000000720200008003E0047202B4
:104DB000720272023E04E004730100003904000034
:104DC000200498050C0409040000540373018B05AA
:104DD00000000000900500007301000000000000CA
:104DE00030303030303030303030303030303030C3
:104DF00020202020202020202020202020202020B3
:104E000023030000000020030000000000000B034B
:104E1000000000000003FC020000E502E8020000C0
:104E2000A703570057005700570057005700570077
:104E300057005700000000000000000000000000C4
:104E40000000330200009D028F033302330233025D
:104E500000000000000000004F03000000002903D4
:104E6000000000000000B702000052030000000034
:104E70002905000000000000000000000000000004
:104E80000000330200009D02D004330233023302DB
:104E90006603D00462010000610300008203430541
:104EA0006E036B030000B7026201240500000000DE
:104EB0003B0500006201000000000000000000004F
:104EC00030303030303030303030303030303030E2
:104ED00020202020202020202020202020202020D2
:104EE00005000000190000007D0000000000000027
:104EF0000080E03779C34143176E05B5B5B89346D6
:104F0000F5F93FE9034F384D321D30F94877825AA1
:104F10003CBF737FDD4F15750000000000000000EE
:104F2000000000000000F03F0000000000002440EE
:104F300000000000000059400000000000408F40C9
:104F4000000000000088C34000000000006AF84034
:104F50000000000080842E4100000000D012634158
:104F60000000000084D797410000000065CDCD41CE
:104F7000000000205FA00242000000E876483742AF
:104F8000000000A2941A6D42000040E59C30A2424D
:104F90000000901EC4BCD64200003426F56B0C43C2
:104FA0000080E03779C3414300A0D8855734764369
:104FB00000C84E676DC1AB43003D9160E458E143CA
:104FC000408CB5781DAF154450EFE2D6E41A4B443F
:104FD00092D54D06CFF08044F64AE1C7022DB54484
:104FE000B49DD9794378EA44010000000200000032
:104FF000000000000100000061436F63A787D23FFB
:10500000B3C8608B288AC63FFB799F501344D33FB7
:105010000000000000000000000000000000000090
:105020000000000000000000000000000000000080
:105030000000000000000000000000000000000070
:105040000000000000000000000000000000000060
:105050000000000000000000000000000000000050
:105060000000000000000000000000000000000040
:105070000000000000000000000000000000000030
:105080000000000000000000000000000000000020
:105090000000000000000000000000000000000010
:1050A0000000000000000000000000000000000000
:1050B00000000000000000000000000000000000F0
:1050C00000000000000000000000000000000000E0
:1050D00000000000000000000000000000000000D0
:1050E00000000000000000000000000000000000C0
:1050F00000000000000000000000000000000000B0
:105100001000000000000000017A520004781E0127
:105110001B0C1F001000000018000000A430FFFF4F
:10512000300100000000000010000000000000003E
:10513000017A520004781E011B0C1F0010000000B1
:10514000180000007C41FFFF040100000000000087
:105150001000000000000000017A520004781E01D7
:105160001B0C1F00100000001800000000000000D1
:10517000CC00000000000000100000000000000053
:10518000017A520004781E011B0C1F001000000061
:1051900018000000000000003401000000000000C2
:1051A0001000000000000000017A520004781E0187
:1051B0001B0C1F0010000000180000000000000081
:1051C0002C010000000000001000000000000000A2
:1051D000017A520004781E011B0C1F001000000011
:1051E0001800000000000000B401000000000000F2
:1051F0001000000000000000017A520004781E0137
:105200001B0C1F001000000018000000F4BCFFFF82
:10521000DC000000000000001000000000000000A2
:10522000017A520004781E011B0C1F0010000000C0
:10523000180000004CC0FFFF2C020000000000001E
:105240000100000000000000000000080000000055
:10525000000000000000000000000000000000004E
:105260000000000000000000B849214000000000DC
:10527000000000000000000000000000000000002E
:105280000100000000000000000008000000000015
:10529000000000000000000000000000000000000E
:1052A0000000000000000000684A214000000000EB
:1052B00000000000000000000000000000000000EE
:1052C00001000000000000000435000000000000A4
:1052D00000000000000000000000000000000000CE
:1052E00000000000000000000000000000000000BE
:1052F00000000000000000000000000000000000AE
:10530000000000000000000000000000000000009D
:10531000000000000000000000000000000000008D
:10532000000000000000000000000000000000007D
:10533000000000000000000000000000000000006D
:10534000000000000000000000000000000000005D
:10535000000000000000000000000000000000004D
:10536000000000000000000000000000000000003D
:10537000000000000000000000000000000000002D
:10538000000000000000000000000000000000001D
:10539000000000000000000000000000000000000D
:1053A00000000000000000000000000000000000FD
:1053B00000000000020000000000000000000000EB
:1053C00000000000000000000000000000000000DD
:1053D00000000000000000000200000002000000C9
:1053E00002000000020000000200000002000000B5
:1053F00000000000000000000000000000000000AD
:105400000000000000000000020000000200000098
:10541000020000000000000000000000000000008A
:10542000000000000000000000000000000000007C
:10543000000000000000000000000000000000006C
:10544000000000000000000000000000000000005C
:10545000000000000000000000000000000000004C
:10546000000000000000000000000000000000003C
:10547000000000000000000000000000000000002C
:10548000000000000000000000000000000000001C
:10549000000000000000000000000000000000000C
:1054A00000000000000000000000000000000000FC
:1054B00000000000000000000000000000000000EC
:1054C00000000000000000000000000000000000DC
:1054D00000000000000000000000000000000000CC
:1054E00002000000000000000000000000000000BA
:1054F00000000000000000000000000000000000AC
:105500000200000002000000020000000200000093
:105510000200000002000000020000000200000083
:105520000200000002000000020000000200000073
:105530000200000002000000020000000200000063
:105540000200000002000000020000000200000053
:105550000200000002000000020000000200000043
:105560000200000002000000020000000200000033
:105570000200000002000000020000000200000023
:105580000200000002000000000000000000000017
:10559000000000000000000000000000000000000B
:1055A00000000000000000000000000000000000FB
:1055B00000000000000000000000000000000000EB
:1055C00000000000000000000000000000000000DB
:1055D00000000000000000000000000000000000CB
:1055E00000000000000000000000000000000000BB
:1055F00000000000000000000200000002000000A7
:105600000200000002000000020000000200000092
:105610000200000002000000020000000200000082
:105620000200000002000000020000000200000072
:105630000200000002000000020000000200000062
:105640000200000002000000020000000200000052
:105650000200000002000000020000000200000042
:105660000200000002000000020000000200000032
:105670000200000002000000020000000200000022
:105680000200000002000000020000000200000012
:105690000200000002000000020000000200000002
:1056A00002000000020000000000000000000000F6
:1056B00000000000000000000000000000000000EA
:1056C00000000000000000000000000000000000DA
:1056D00000000000000000000000000000000000CA
:1056E00000000000000000000000000000000000BA
:1056F00000000000000000000000000000000000AA
:105700000000000000000000000000000000000099
:105710000000000000000000000000000000000089
:105720000000000000000000000000000000000079
:105730000000000000000000000000000000000069
:105740000000000000000000000000000000000059
:105750000000000000000000000000000000000049
:105760000000000000000000000000000000000039
:105770000000000000000000000000000000000029
:105780000000000000000000000000000000000019
:105790000000000000000000000000000000000009
:1057A00000000000000000000000000000000000F9
:1057B00000000000000000000000000000000000E9
:1057C00000000000000000000000000000000000D9
:1057D00000000000000000000000000000000000C9
:1057E00000000000000000000000000000000000B9
:1057F00000000000000000000000000000000000A9
:105800000000000000000000000000000000000098
:105810000000000000000000000000000000000088
:105820000000000000000000000000000000000078
:105830000000000000000000000000000000000068
:105840000000000000000000000000000000000058
:105850000000000000000000000000000000000048
:105860000000000000000000000000000200000036
:105870000200000000000000000000000200000024
:105880000200000000000000000000000000000016
:105890000000000002000000000000000200000004
:1058A00002000000000000000200000002000000F2
:1058B00000000000000000000000000002000000E6
:1058C00002000000020000000000000000000000D4
:1058D00000000000000000000000000000000000C8
:1058E00002000000020000000000000000000000B4
:1058F00000000000000000000000000000000000A8
:105900000200000002000000000000000000000093
:105910000000000000000000000000000000000087
:105920000200000002000000000000000000000073
:105930000000000000000000000000000000000067
:105940000000000000000000000000000000000057
:105950000000000000000000000000000000000047
:105960000000000000000000000000000000000037
:105970000000000000000000000000000000000027
:105980000000000000000000000000000000000017
:105990000000000000000000000000000000000007
:1059A00000000000000000000200000002000000F3
:1059B00000000000000000000200000002000000E3
:1059C00000000000000000000000000000000000D7
:1059D00000000000000000000000000000000000C7
:1059E00000000000000000000000000000000000B7
:1059F00000000000000000000000000000000000A7
:105A00000000000000000000020000000200000092
:105A1000020000000200000002000000020000007E
:105A2000020000000200000002000000020000006E
:105A30000000000000000000000000000000000066
:105A40000000000000000000000000000000000056
:105A50000000000000000000000000000000000046
:105A60000000000000000000000000000000000036
:105A70000000000000000000000000000000000026
:105A80000000000000000000000000000000000016
:105A90000000000000000000000000000000000006
:105AA00000000000000000000000000000000000F6
:105AB00000000000000000000000000000000000E6
:105AC00000000000000000000000000000000000D6
:105AD00000CA9A3B00C2EB0B0008AF2FD03BF10786
:105AE000E89DF80300C2EB0B00E1F5050084D71731
:105AF0000084D71700C2EB0BA077E20F8017B42CFD
:105B000080B2E60E00B4C40400E1F50500E1F5053D
:105B100000C2EB0B00E1F5050084D71700366E01DB
:105B2000FFFFFFFFFFFFFFFF00000200000000007B
:105B30000000000000000000000000000000000065
:105B4000305B214000000000305B2140000000007D
:105B5000405B214000000000405B2140000000004D
:105B6000505B214000000000505B2140000000001D
:105B7000605B214000000000605B214000000000ED
:105B8000705B214000000000705B214000000000BD
:105B9000805B214000000000805B2140000000008D
:105BA000905B214000000000905B2140000000005D
:105BB000A05B214000000000A05B2140000000002D
:105BC000B05B214000000000B05B214000000000FD
:105BD000C05B214000000000C05B214000000000CD
:105BE000D05B214000000000D05B2140000000009D
:105BF000E05B214000000000E05B2140000000006D
:105C0000F05B214000000000F05B2140000000003C
:105C1000005C214000000000005C2140000000000A
:105C2000105C214000000000105C214000000000DA
:105C3000205C214000000000205C214000000000AA
:105C4000305C214000000000305C2140000000007A
:105C5000405C214000000000405C2140000000004A
:105C6000505C214000000000505C2140000000001A
:105C7000605C214000000000605C214000000000EA
:105C8000705C214000000000705C214000000000BA
:105C9000805C214000000000805C2140000000008A
:105CA000905C214000000000905C2140000000005A
:105CB000A05C214000000000A05C2140000000002A
:105CC000B05C214000000000B05C214000000000FA
:105CD000C05C214000000000C05C214000000000CA
:105CE000D05C214000000000D05C2140000000009A
:105CF000E05C214000000000E05C2140000000006A
:105D0000F05C214000000000F05C21400000000039
:105D1000005D214000000000005D21400000000007
:105D2000105D214000000000105D214000000000D7
:105D3000205D214000000000205D214000000000A7
:105D4000305D214000000000305D21400000000077
:105D5000405D214000000000405D21400000000047
:105D6000505D214000000000505D21400000000017
:105D7000605D214000000000605D214000000000E7
:105D8000705D214000000000705D214000000000B7
:105D9000805D214000000000805D21400000000087
:105DA000905D214000000000905D21400000000057
:105DB000A05D214000000000A05D21400000000027
:105DC000B05D214000000000B05D214000000000F7
:105DD000C05D214000000000C05D214000000000C7
:105DE000D05D214000000000D05D21400000000097
:105DF000E05D214000000000E05D21400000000067
:105E0000F05D214000000000F05D21400000000036
:105E1000005E214000000000005E21400000000004
:105E2000105E214000000000105E214000000000D4
:105E3000205E214000000000205E214000000000A4
:105E4000305E214000000000305E21400000000074
:105E5000405E214000000000405E21400000000044
:105E6000505E214000000000505E21400000000014
:105E7000605E214000000000605E214000000000E4
:105E8000705E214000000000705E214000000000B4
:105E9000805E214000000000805E21400000000084
:105EA000905E214000000000905E21400000000054
:105EB000A05E214000000000A05E21400000000024
:105EC000B05E214000000000B05E214000000000F4
:105ED000C05E214000000000C05E214000000000C4
:105EE000D05E214000000000D05E21400000000094
:105EF000E05E214000000000E05E21400000000064
:105F0000F05E214000000000F05E21400000000033
:105F1000005F214000000000005F21400000000001
:105F2000105F214000000000105F214000000000D1
:105F3000205F214000000000205F214000000000A1
:105F4000305F214000000000305F21400000000071
:105F5000405F214000000000405F21400000000041
:105F6000505F214000000000505F21400000000011
:105F7000605F214000000000605F214000000000E1
:105F8000705F214000000000705F214000000000B1
:105F9000805F214000000000805F21400000000081
:105FA000905F214000000000905F21400000000051
:105FB000A05F214000000000A05F21400000000021
:105FC000B05F214000000000B05F214000000000F1
:105FD000C05F214000000000C05F214000000000C1
:105FE000D05F214000000000D05F21400000000091
:105FF000E05F214000000000E05F21400000000061
:10600000F05F214000000000F05F21400000000030
:1060100000602140000000000060214000000000FE
:1060200010602140000000001060214000000000CE
:10603000206021400000000020602140000000009E
:10604000306021400000000030602140000000006E
:10605000406021400000000040602140000000003E
:10606000506021400000000050602140000000000E
:1060700060602140000000006060214000000000DE
:1060800070602140000000007060214000000000AE
:10609000806021400000000080602140000000007E
:1060A000906021400000000090602140000000004E
:1060B000A060214000000000A0602140000000001E
:1060C000B060214000000000B060214000000000EE
:1060D000C060214000000000C060214000000000BE
:1060E000D060214000000000D0602140000000008E
:1060F000E060214000000000E0602140000000005E
:10610000F060214000000000F0602140000000002D
:1061100000612140000000000061214000000000FB
:1061200010612140000000001061214000000000CB
:10613000206121400000000020612140000000009B
:10614000306121400000000030612140000000006B
:10615000406121400000000040612140000000003B
:10616000506121400000000050612140000000000B
:1061700060612140000000006061214000000000DB
:1061800070612140000000007061214000000000AB
:10619000806121400000000080612140000000007B
:1061A000906121400000000090612140000000004B
:1061B000A061214000000000A0612140000000001B
:1061C000B061214000000000B061214000000000EB
:1061D000C061214000000000C061214000000000BB
:1061E000D061214000000000D0612140000000008B
:1061F000E061214000000000E0612140000000005B
:10620000F061214000000000F0612140000000002A
:1062100000622140000000000062214000000000F8
:1062200010622140000000001062214000000000C8
:106230002062214000000000206221400000000098
:106240003062214000000000306221400000000068
:106250004062214000000000406221400000000038
:106260005062214000000000506221400000000008
:1062700060622140000000006062214000000000D8
:1062800070622140000000007062214000000000A8
:106290008062214000000000806221400000000078
:1062A0009062214000000000906221400000000048
:1062B000A062214000000000A06221400000000018
:1062C000B062214000000000B062214000000000E8
:1062D000C062214000000000C062214000000000B8
:1062E000D062214000000000D06221400000000088
:1062F000E062214000000000E06221400000000058
:10630000F062214000000000F06221400000000027
:1063100000632140000000000063214000000000F5
:1063200010632140000000001063214000000000C5
:106330002063214000000000206321400000000095
:10634000430000000000000000000000000000000A
:10635000000000000000000000000000000000003D
:1063600043000000000000000000000000000000EA
:10637000000000000000000000000000000000001D
:1063800043000000000000000000000000000000CA
:1063900000000000000000000000000000000000FD
:1063A00043000000000000000000000000000000AA
:1063B00000000000000000000000000000000000DD
:1063C000430000000000000000000000000000008A
:1063D00000000000000000000000000000000000BD
:1063E000430000000000000000000000000000006A
:1063F000000000000000000000000000000000009D
:106400004300000000000000000000000000000049
:10641000000000000000000000000000000000007C
:10642000A09F204000000000900C214000000000D0
:106430000000000000000000204C2140000000008F
:10644000B045214000000000B044214000000000A1
:10645000B044214000000000B04421400000000092
:10646000B044214000000000B04421400000000082
:10647000B044214000000000B04421400000000072
:10648000B044214000000000B04421400000000062
:10649000FFFFFFFFFFFFFFFFFFFFFFFFFFFF00000A
:1064A0000100415343494900000000000000000082
:1064B00000000000000000000000000000000000DC
:1064C0000000415343494900000000000000000063
:1064D00000000000000000000000000000000000BC
:1064E0000000000000000000F064214000000000F7
:1064F0000000000000000000A8AD214000000000E6
:1065000060AE21400000000018AF214000000000F4
:10651000000000000000000000000000000000007B
:10652000000000000000000000000000000000006B
:10653000000000000000000000000000000000005B
:10654000000000000000000000000000000000004B
:10655000000000000000000000000000000000003B
:10656000000000000000000000000000000000002B
:10657000000000000000000000000000000000001B
:10658000000000000000000000000000000000000B
:1065900000000000000000000000000000000000FB
:1065A00000000000000000000000000000000000EB
:1065B00000000000000000000000000000000000DB
:1065C00001000000000000000E33CDAB34126DE678
:1065D000ECDE05000B0000000000000000000000E1
:1065E00000000000000000000000000000000000AB
:1065F000000000000000000000000000000000009B
:10660000000000000000000000000000000000008A
:10661000000000000000000000000000000000007A
:10662000000000000000000000000000000000006A
:10663000000000000000000000000000000000005A
:10664000000000000000000000000000000000004A
:106650000300000000000000A8AD21400000000081
:10666000307F204000000000307F2040000000000C
:10667000307F204000000000307F204000000000FC
:10668000307F204000000000307F204000000000EC
:10669000307F204000000000307F204000000000DC
:1066A000307F204000000000307F204000000000CC
:1066B000307F204000000000307F204000000000BC
:1066C000307F204000000000307F204000000000AC
:1066D000307F204000000000307F2040000000009C
:1066E000307F204000000000307F2040000000008C
:1066F000307F204000000000307F2040000000007C
:10670000307F204000000000307F2040000000006B
:10671000307F204000000000307F2040000000005B
:10672000307F204000000000307F2040000000004B
:10673000307F204000000000307F2040000000003B
:10674000307F204000000000307F2040000000002B
:10675000307F204000000000307F2040000000001B
:10676000307F204000000000307F2040000000000B
:10677000307F204000000000307F204000000000FB
:10678000307F204000000000307F204000000000EB
:10679000307F204000000000307F204000000000DB
:1067A000307F204000000000307F204000000000CB
:1067B000307F204000000000307F204000000000BB
:1067C000307F204000000000307F204000000000AB
:1067D000307F204000000000307F2040000000009B
:1067E000307F204000000000307F2040000000008B
:1067F000307F204000000000307F2040000000007B
:10680000307F204000000000307F2040000000006A
:10681000307F204000000000307F2040000000005A
:10682000307F204000000000307F2040000000004A
:10683000307F204000000000307F2040000000003A
:10684000307F204000000000307F2040000000002A
:10685000307F204000000000307F2040000000001A
:10686000307F204000000000307F2040000000000A
:10687000307F204000000000307F204000000000FA
:10688000307F204000000000307F204000000000EA
:10689000307F204000000000307F204000000000DA
:1068A000307F204000000000307F204000000000CA
:1068B000307F204000000000307F204000000000BA
:1068C000307F204000000000307F204000000000AA
:1068D000307F204000000000307F2040000000009A
:1068E000307F204000000000307F2040000000008A
:1068F000307F204000000000307F2040000000007A
:10690000307F204000000000307F20400000000069
:10691000307F204000000000307F20400000000059
:10692000307F204000000000307F20400000000049
:10693000307F204000000000307F20400000000039
:10694000307F204000000000307F20400000000029
:10695000307F204000000000307F20400000000019
:10696000307F204000000000307F20400000000009
:10697000307F204000000000307F204000000000F9
:10698000307F204000000000307F204000000000E9
:10699000307F204000000000307F204000000000D9
:1069A000307F204000000000307F204000000000C9
:1069B000307F204000000000307F204000000000B9
:1069C000307F204000000000307F204000000000A9
:1069D000307F204000000000307F20400000000099
:1069E000307F204000000000307F20400000000089
:1069F000307F204000000000307F20400000000079
:106A0000307F204000000000307F20400000000068
:106A1000307F204000000000307F20400000000058
:106A2000307F204000000000307F20400000000048
:106A3000307F204000000000307F20400000000038
:106A4000307F204000000000307F20400000000028
:106A5000307F204000000000307F20400000000018
:106A6000307F204000000000307F20400000000008
:106A7000307F204000000000307F204000000000F8
:106A8000307F204000000000307F204000000000E8
:106A9000307F204000000000307F204000000000D8
:106AA000307F204000000000307F204000000000C8
:106AB000307F204000000000307F204000000000B8
:106AC000307F204000000000307F204000000000A8
:106AD000307F204000000000307F20400000000098
:106AE000307F204000000000307F20400000000088
:106AF000307F204000000000307F20400000000078
:106B0000307F204000000000307F20400000000067
:106B1000307F204000000000307F20400000000057
:106B2000307F204000000000307F20400000000047
:106B3000307F204000000000307F20400000000037
:106B4000307F204000000000E06E20400000000088
:106B5000E06E204000000000307F20400000000078
:106B6000307F204000000000307F20400000000007
:106B7000307F204000000000307F204000000000F7
:106B8000307F204000000000307F204000000000E7
:106B9000307F204000000000307F204000000000D7
:106BA000307F204000000000307F204000000000C7
:106BB000307F204000000000307F204000000000B7
:106BC000307F204000000000307F204000000000A7
:106BD000307F204000000000307F20400000000097
:106BE000307F204000000000307F20400000000087
:106BF000307F204000000000307F20400000000077
:106C0000307F204000000000307F20400000000066
:106C1000307F204000000000307F20400000000056
:106C2000307F204000000000307F20400000000046
:106C3000307F204000000000307F20400000000036
:106C4000307F204000000000307F20400000000026
:106C5000307F204000000000307F20400000000016
:106C6000307F204000000000307F20400000000006
:106C7000307F204000000000307F204000000000F6
:106C8000307F204000000000307F204000000000E6
:106C9000307F204000000000307F204000000000D6
:106CA000307F204000000000307F204000000000C6
:106CB000307F204000000000307F204000000000B6
:106CC000307F204000000000307F204000000000A6
:106CD000307F204000000000307F20400000000096
:106CE000307F204000000000307F20400000000086
:106CF000307F204000000000307F20400000000076
:106D0000307F204000000000307F20400000000065
:106D1000307F204000000000307F20400000000055
:106D2000307F204000000000307F20400000000045
:106D3000307F204000000000307F20400000000035
:106D4000307F204000000000307F20400000000025
:106D5000307F204000000000307F20400000000015
:106D6000307F204000000000307F20400000000005
:106D7000307F204000000000307F204000000000F5
:106D8000307F204000000000307F204000000000E5
:106D9000307F204000000000307F204000000000D5
:106DA000307F204000000000307F204000000000C5
:106DB000307F204000000000307F204000000000B5
:106DC000307F204000000000307F204000000000A5
:106DD000307F204000000000307F20400000000095
:106DE000307F204000000000307F20400000000085
:106DF000307F204000000000307F20400000000075
:106E0000307F204000000000307F20400000000064
:106E1000307F204000000000307F20400000000054
:106E2000307F204000000000307F20400000000044
:106E3000307F204000000000307F20400000000034
:106E4000307F204000000000307F20400000000024
:106E5000307F204000000000307F20400000000014
:106E6000307F204000000000307F20400000000004
:106E7000307F204000000000307F204000000000F4
:106E8000307F204000000000307F204000000000E4
:106E9000307F204000000000307F204000000000D4
:106EA000307F204000000000307F204000000000C4
:106EB000307F204000000000307F204000000000B4
:106EC000307F204000000000307F204000000000A4
:106ED000307F204000000000307F20400000000094
:106EE000307F204000000000307F20400000000084
:106EF000307F204000000000307F20400000000074
:106F0000307F204000000000307F20400000000063
:106F1000307F204000000000307F20400000000053
:106F2000307F204000000000307F20400000000043
:106F3000307F204000000000307F20400000000033
:106F4000307F204000000000307F20400000000023
:106F5000307F204000000000307F20400000000013
:106F6000307F204000000000307F20400000000003
:106F7000307F204000000000307F204000000000F3
:106F8000307F204000000000307F204000000000E3
:106F9000307F204000000000307F204000000000D3
:106FA000307F204000000000307F204000000000C3
:106FB000307F204000000000307F204000000000B3
:106FC000307F204000000000307F204000000000A3
:106FD000307F204000000000307F20400000000093
:106FE000307F204000000000307F20400000000083
:106FF000307F204000000000307F20400000000073
:10700000307F204000000000307F20400000000062
:10701000307F204000000000307F20400000000052
:10702000307F204000000000307F20400000000042
:10703000307F204000000000307F20400000000032
:10704000307F204000000000307F20400000000022
:10705000307F204000000000307F20400000000012
:10706000307F204000000000307F20400000000002
:10707000307F204000000000307F204000000000F2
:10708000307F204000000000307F204000000000E2
:10709000307F204000000000307F204000000000D2
:1070A000307F204000000000307F204000000000C2
:1070B000307F204000000000307F204000000000B2
:1070C000307F204000000000307F204000000000A2
:1070D000307F204000000000307F20400000000092
:1070E000307F204000000000307F20400000000082
:1070F000307F204000000000307F20400000000072
:10710000307F204000000000307F20400000000061
:10711000307F204000000000307F20400000000051
:10712000307F204000000000307F20400000000041
:10713000307F204000000000307F20400000000031
:10714000307F204000000000307F20400000000021
:10715000307F204000000000307F20400000000011
:10716000307F204000000000307F20400000000001
:10717000307F204000000000307F204000000000F1
:10718000307F204000000000307F204000000000E1
:10719000307F204000000000307F204000000000D1
:1071A000307F204000000000307F204000000000C1
:1071B000307F204000000000307F204000000000B1
:1071C000307F204000000000307F204000000000A1
:1071D000307F204000000000307F20400000000091
:1071E000307F204000000000307F20400000000081
:1071F000307F204000000000307F20400000000071
:10720000307F204000000000307F20400000000060
:10721000307F204000000000307F20400000000050
:10722000307F204000000000307F20400000000040
:10723000307F204000000000307F20400000000030
:10724000307F204000000000307F20400000000020
:10725000307F204000000000307F20400000000010
:10726000307F204000000000307F20400000000000
:10727000307F204000000000307F204000000000F0
:107280009051204000000000B0512040000000005C
:10729000E051204000000000C052204000000000EB
:1072A00000542040000000008054204000000000F6
:1072B000E054204000000000705520400000000015
:1072C000307F204000000000307F204000000000A0
:1072D000307F204000000000307F20400000000090
:1072E000307F204000000000307F20400000000080
:1072F000307F204000000000307F20400000000070
:10730000307F204000000000307F2040000000005F
:10731000307F204000000000307F2040000000004F
:10732000307F204000000000307F2040000000003F
:10733000307F204000000000307F2040000000002F
:10734000803E204000000000C03E204000000000C1
:10735000903D204000000000A03C204000000000C4
:10736000E03D204000000000307F20400000000091
:10737000307F204000000000307F204000000000EF
:10738000307F204000000000307F204000000000DF
:10739000307F204000000000307F204000000000CF
:1073A000307F204000000000307F204000000000BF
:1073B000307F204000000000307F204000000000AF
:1073C000307F204000000000307F2040000000009F
:1073D000307F204000000000307F2040000000008F
:1073E000307F204000000000307F2040000000007F
:1073F000307F204000000000307F2040000000006F
:10740000307F204000000000307F2040000000005E
:10741000307F204000000000307F2040000000004E
:10742000307F204000000000307F2040000000003E
:10743000307F204000000000307F2040000000002E
:10744000307F204000000000307F2040000000001E
:10745000307F204000000000307F2040000000000E
:10746000307F204000000000307F204000000000FE
:10747000307F204000000000307F204000000000EE
:10748000307F204000000000307F204000000000DE
:10749000307F204000000000307F204000000000CE
:1074A000307F204000000000307F204000000000BE
:1074B000307F204000000000307F204000000000AE
:1074C000307F204000000000307F2040000000009E
:1074D000307F204000000000307F2040000000008E
:1074E000307F204000000000307F2040000000007E
:1074F000307F204000000000307F2040000000006E
:10750000307F204000000000307F2040000000005D
:10751000307F204000000000307F2040000000004D
:10752000307F204000000000307F2040000000003D
:10753000307F204000000000307F2040000000002D
:10754000307F204000000000307F2040000000001D
:10755000307F204000000000307F2040000000000D
:10756000307F204000000000307F204000000000FD
:10757000307F204000000000307F204000000000ED
:10758000307F204000000000307F204000000000DD
:10759000307F204000000000307F204000000000CD
:1075A000307F204000000000307F204000000000BD
:1075B000307F204000000000307F204000000000AD
:1075C000307F204000000000307F2040000000009D
:1075D000307F204000000000307F2040000000008D
:1075E000307F204000000000307F2040000000007D
:1075F000307F204000000000307F2040000000006D
:10760000307F204000000000307F2040000000005C
:10761000307F204000000000307F2040000000004C
:10762000307F204000000000307F2040000000003C
:10763000307F204000000000307F2040000000002C
:10764000307F204000000000307F2040000000001C
:10765000307F204000000000307F2040000000000C
:040000054020000097
:00000001FF
