:020000041000EA
:1000000054040014C0035FD600000000000000008C
:1000100000000000000000000000000000000000E0
:1000200000000000000000000000000000000000D0
:1000300000000000000000000000000000000000C0
:1000400000000000000000000000000000000000B0
:1000500000000000000000000000000000000000A0
:100060000000000000000000000000000000000090
:100070000000000000000000000000000000000080
:1000800004050014C0035FD600000000000000005B
:100090000000000000000000000000000000000060
:1000A0000000000000000000000000000000000050
:1000B0000000000000000000000000000000000040
:1000C0000000000000000000000000000000000030
:1000D0000000000000000000000000000000000020
:1000E0000000000000000000000000000000000010
:1000F0000000000000000000000000000000000000
:1001000090040014C0035FD600000000000000004F
:1001100000000000000000000000000000000000DF
:1001200000000000000000000000000000000000CF
:1001300000000000000000000000000000000000BF
:1001400000000000000000000000000000000000AF
:10015000000000000000000000000000000000009F
:10016000000000000000000000000000000000008F
:10017000000000000000000000000000000000007F
:100180007F2003D5F7030014C0035FD600000000F2
:10019000000000000000000000000000000000005F
:1001A000000000000000000000000000000000004F
:1001B000000000000000000000000000000000003F
:1001C000000000000000000000000000000000002F
:1001D000000000000000000000000000000000001F
:1001E000000000000000000000000000000000000F
:1001F00000000000000000000000000000000000FF
:10020000DC030014C0035FD6000000000000000003
:1002100000000000000000000000000000000000DE
:1002200000000000000000000000000000000000CE
:1002300000000000000000000000000000000000BE
:1002400000000000000000000000000000000000AE
:10025000000000000000000000000000000000009E
:10026000000000000000000000000000000000008E
:10027000000000000000000000000000000000007E
:1002800084040014C0035FD60000000000000000DA
:10029000000000000000000000000000000000005E
:1002A000000000000000000000000000000000004E
:1002B000000000000000000000000000000000003E
:1002C000000000000000000000000000000000002E
:1002D000000000000000000000000000000000001E
:1002E000000000000000000000000000000000000E
:1002F00000000000000000000000000000000000FE
:1003000010040014C0035FD60000000000000000CD
:1003100000000000000000000000000000000000DD
:1003200000000000000000000000000000000000CD
:1003300000000000000000000000000000000000BD
:1003400000000000000000000000000000000000AD
:10035000000000000000000000000000000000009D
:10036000000000000000000000000000000000008D
:10037000000000000000000000000000000000007D
:100380007F2003D57F030014C0035FD60000000068
:10039000000000000000000000000000000000005D
:1003A000000000000000000000000000000000004D
:1003B000000000000000000000000000000000003D
:1003C000000000000000000000000000000000002D
:1003D000000000000000000000000000000000001D
:1003E000000000000000000000000000000000000D
:1003F00000000000000000000000000000000000FD
:100400007F2003D563030014C0035FD60000000003
:1004100000000000000000000000000000000000DC
:1004200000000000000000000000000000000000CC
:1004300000000000000000000000000000000000BC
:1004400000000000000000000000000000000000AC
:10045000000000000000000000000000000000009C
:10046000000000000000000000000000000000008C
:10047000000000000000000000000000000000007C
:100480007F2003D547030014C0035FD6000000009F
:10049000000000000000000000000000000000005C
:1004A000000000000000000000000000000000004C
:1004B000000000000000000000000000000000003C
:1004C000000000000000000000000000000000002C
:1004D000000000000000000000000000000000001C
:1004E000000000000000000000000000000000000C
:1004F00000000000000000000000000000000000FC
:100500007F2003D52B030014C0035FD6000000003A
:1005100000000000000000000000000000000000DB
:1005200000000000000000000000000000000000CB
:1005300000000000000000000000000000000000BB
:1005400000000000000000000000000000000000AB
:10055000000000000000000000000000000000009B
:10056000000000000000000000000000000000008B
:10057000000000000000000000000000000000007B
:100580007F2003D50F030014C0035FD600000000D6
:10059000000000000000000000000000000000005B
:1005A000000000000000000000000000000000004B
:1005B000000000000000000000000000000000003B
:1005C000000000000000000000000000000000002B
:1005D000000000000000000000000000000000001B
:1005E000000000000000000000000000000000000B
:1005F00000000000000000000000000000000000FB
:100600007F2003D5F3020014C0035FD60000000072
:1006100000000000000000000000000000000000DA
:1006200000000000000000000000000000000000CA
:1006300000000000000000000000000000000000BA
:1006400000000000000000000000000000000000AA
:10065000000000000000000000000000000000009A
:10066000000000000000000000000000000000008A
:10067000000000000000000000000000000000007A
:100680007F2003D5D7020014C0035FD6000000000E
:10069000000000000000000000000000000000005A
:1006A000000000000000000000000000000000004A
:1006B000000000000000000000000000000000003A
:1006C000000000000000000000000000000000002A
:1006D000000000000000000000000000000000001A
:1006E000000000000000000000000000000000000A
:1006F00000000000000000000000000000000000FA
:100700007F2003D5BB020014C0035FD600000000A9
:1007100000000000000000000000000000000000D9
:1007200000000000000000000000000000000000C9
:1007300000000000000000000000000000000000B9
:1007400000000000000000000000000000000000A9
:100750000000000000000000000000000000000099
:100760000000000000000000000000000000000089
:100770000000000000000000000000000000000079
:0C0780007F2003D59F020014C0035FD649
:1010000000000090002040F900003FD60000009052
:10101000002440F9E00300AA0100805201000039D9
:1010200000000090002840F9E00300AA210080524F
:101030000100003977000014C0035FD61F2003D5DC
:10104000D01B00100000000000A1001000000000F4
:10105000A8380010000000000000000000000000A0
:101060009F3F03D51F7508D5BF3F03D5220039D553
:10107000406858D303084092A30500B4040080D20E
:101080000C000014080500D1091C00530921C99A5D
:10109000290105AACA1C0053EA20CA9A29010AAAF2
:1010A000497608D508FFFFB5870300B58404009191
:1010B0009F0003EB82030054600080D2807C009B81
:1010C000001C00534024C09A000840921F0800F101
:1010D000E3FEFF5485F87FD3E00305AA00001AD58C
:1010E0009F3F03D5000039D501084092261000919A
:1010F000013043D321244092076C4DD3E73840920E
:101100002010C05A007C40D31F8000F181000054A1
:10111000000400D102000014E70400D1E80301AA92
:10112000DAFFFF179F3F03D5DF3F03D50000009094
:1011300000A440F9E00300AA210080520100003918
:1011400034000014C0035FD600A1001000000000AE
:10115000C0035FD600000000000000000000000097
:10116000C0035FD600000000000000000000000087
:10117000C0035FD600000000000000000000000077
:10118000C0035FD600000000000000000000000067
:10119000C0035FD600000000000000000000000057
:1011A000C0035FD600000000000000000000000047
:1011B000C0035FD600000000000000000000000037
:1011C000C0035FD600000000000000000000000027
:1011D000C0035FD600000000000000000000000017
:1011E000C0035FD600000000000000000000000007
:1011F000C0035FD6000000000000000000000000F7
:10120000C0035FD6000000000000000000000000E6
:101210004005005800C01ED500C01CD500C018D520
:10122000000080D200101ED500101CD5001018D56B
:1012300000000090005841F9E10300AA3F0000912E
:10124000000080D240111ED540111CD51F111ED5A3
:10125000DF3F03D5010080522100153221001632F4
:1012600021001D3221001E3221001F3201111ED526
:10127000DF3F03D50200B0D202111CD5A00038D543
:10128000A0001CD5000038D500001CD51F211CD59E
:1012900000088F52A02FA072E00300AA00E01BD527
:1012A0001F870ED51F7108D506000014C0035FD636
:1012B00068AE0210000000000000001000000000F6
:1012C000FD7BBFA9FD0300918A07009400018052B5
:1012D0000407009400008CD2040000902025B0F296
:1012E000020440D1E55E8B12E35E8B52010040B9EF
:1012F000849C41F92100052A213C0012010000B91B
:10130000442000B902A09452010040B92100030A10
:101310002100022A010000B9BF3F03D58004B0D2EA
:1013200021008052019C01B90A010014FD7BC1A873
:10133000C0035FD61F2003D560100010000000001E
:10134000FE7FBFA9FC77BFA9FA6FBFA9F867BFA945
:10135000F65FBFA9F457BFA9F24FBFA9F047BFA9D5
:10136000EE3FBFA9EC37BFA9EA2FBFA9E827BFA965
:10137000E61FBFA9E417BFA9E20FBFA9E007BFA9F5
:1013800000443BD521443BD5E007BFA9FE7FBFAD5C
:10139000FC77BFADFA6FBFADF867BFADF65FBFAD0D
:1013A000F457BFADF24FBFADF047BFADEE3FBFAD9D
:1013B000EC37BFADEA2FBFADE827BFADE61FBFAD2D
:1013C000E417BFADE20FBFADE007BFAD03403ED5B0
:1013D00022403ED5E20FBFA972000094E417C1A8D5
:1013E00005401ED524401ED59F3F03D5DF3F03D5C2
:1013F000E007C1ACE20FC1ACE417C1ACE61FC1AC61
:10140000E827C1ACEA2FC1ACEC37C1ACEE3FC1ACB0
:10141000F047C1ACF24FC1ACF457C1ACF65FC1AC00
:10142000F867C1ACFA6FC1ACFC77C1ACFE7FC1AC50
:10143000E007C1A800441BD521441BD5E007C1A883
:10144000E20FC1A8E417C1A8E61FC1A8E827C1A8F8
:10145000EA2FC1A8EC37C1A8EE3FC1A8F047C1A848
:10146000F24FC1A8F457C1A8F65FC1A8F867C1A898
:10147000FA6FC1A8FC77C1A8FE7FC1A8E0039FD680
:10148000C0035FD600000000000000000000000064
:10149000BF4000D5E007BFA9E20FBFA9E417BFA96D
:1014A000E61FBFA9E827BFA9EA2FBFA9EC37BFA94C
:1014B000EE3FBFA9F047BFA9F24FBFA9FD7BBFA96F
:1014C00010000094FD7BC1A8F24FC1A8F047C1A84D
:1014D000EE3FC1A8EC37C1A8EA2FC1A8E827C1A8F0
:1014E000E61FC1A8E417C1A8E20FC1A8E007C1A880
:1014F000E0039FD6C0035FD600000000000000009C
:10150000FD7BBEA9FD030091F30B00F921030094BC
:10151000138000511F7C007169020054000000908C
:1015200001BC42F921CC338B0000009002000090F6
:1015300000C442F943C842F9020040394404001192
:1015400004000039737822B8BF3F03D5200040F96A
:1015500000003FD6E003132AF30B40F9FD7BC2A83D
:1015600000030014E103002A0000009000C042F9CB
:10157000014C218BEDFFFF1738E401100000000043
:1015800000400010000000000841001000000000B2
:1015900010410010000000000000000000000000EA
:1015A000FD7BBDA9FD030091F51300F9F502009440
:1015B000E103002A00F00F511F0C007109050054CF
:1015C00015008052F35301A9020000900000009022
:1015D00034800051534443F9004843F962024039D2
:1015E0004304001163020039147822B8BF3F03D5C9
:1015F000FF4103D5DF3F03D53F7C00710802005453
:1016000000000090005043F9005861F800003FD6F8
:10161000DF4103D5DF3F03D561024039E003142ADF
:101620002104005161020039F35341A9350100350D
:10163000F51340F9FD7BC3A8C2020014000000901E
:10164000004C43F900D874F800003FD6F1FFFF17B3
:10165000F51340F9FD7BC3A8C2020014CD0200942B
:10166000E103002A00F00F51350080521F0C007179
:1016700069000054F35301A9D4FFFF17F51340F993
:10168000FD7BC3A8CF050014084100100000000036
:10169000104100100000000038E4011000000000BC
:1016A00000400010000000000000000000000000EA
:1016B000FD7BBFA9FD030091D20300943504009483
:1016C0002C0400941B040094FD7BC1A82104001489
:1016D000FD7BBEA960008052FD030091F30B00F971
:1016E0001C060094200282522000A072A1060094E1
:1016F00060008052C7050094E00180D2A0CC1ED5C6
:10170000330080D2B3CC18D5400080D260C818D541
:1017100060CC18D500068052C601009435020094B2
:10172000E003132A7B020094E01F80D2004618D504
:10173000E003132A0B020094600080D2E0CC1ED597
:10174000F30B40F9FD7BC2A8C0035FD60000000088
:10175000FD7BBEA900000090FD030091F35301A999
:10176000140844F9800240396003003700000090FB
:10177000130C44F9000080523E0800946002403986
:1017800020030036200080523A080094150100948E
:10179000380100946002403900030036350400949B
:1017A000C4FFFF974B010094400080523108009421
:1017B00060024039C0010036C6FFFF9791050094D2
:1017C000000080D2FB3D00949F020039213B009431
:1017D0000000001400000090130C44F97F0200394F
:1017E000E5FFFF172F040094E7FFFF170D0000949B
:1017F000E8000094F1FFFF17B6030094600240393F
:10180000E0FC073773060094E5FFFF171F2003D5A0
:10181000A83800100000000000A100100000000027
:10182000FD7BB9A960008052FD030091F35301A92B
:10183000F55B02A9F76303A9F96B04A9FB7305A97A
:10184000C4050094050000900B0000900A00009071
:1018500006000090040000900E0000900000009030
:101860000F0000900D0000900C0000900900009007
:101870000800009007000090030000900200009014
:1018800001000090BB8445F9058082D27E9945F91C
:101890002525B0F2519D45F9B9000491CBAC45F92D
:1018A000B70008918AB045F9B5000C91D88D45F97B
:1018B000B300109100C045F9B2001491B000189126
:1018C000AE001C91FA8945F9E03700F9B69145F967
:1018D000949545F92FA145F90DA545F9ECA845F9D1
:1018E00069B445F9030080D248B845F9820080D236
:1018F00027BC45F9010080D260F07DD3646B61B8EC
:101900001C00058B666B62B863040091046825B8FF
:101910000400198B860700B91C00178B466B61B851
:10192000066839B8466B62B8860400B90400158BA6
:10193000066B61B8066837B8066B62B8860700B9EF
:101940001C00138BC66A61B8066835B8C66A62B8EF
:10195000860400B90400128B866A61B8066833B841
:10196000866A62B8860700B91C00108BC66B61B826
:10197000066832B8C66B62B8860400B904000E8BE4
:10198000266A61B8066830B8266A62B8860700B968
:10199000068083D22625B0F21C00068BE66961B86A
:1019A00006682EB8E66962B8860400B904A083D23E
:1019B0002425B0F20600048BE63300F9068083D2BA
:1019C0002625B0F2A46961B8046826B8A46962B893
:1019D000840700B9048080D2866961B82425B0F2FA
:1019E0001C00048B04A083D22425B0F2066824B81E
:1019F000E63340F9846962B8C40400B904A080D217
:101A00002425B0F20600048B840004D1E63300F9EB
:101A1000666961B8066824B8666962B8860700B965
:101A200006C080D2446961B82625B0F21C00068B3E
:101A3000C60004D1046826B8E63340F9446962B8A8
:101A4000C40400B904E080D22425B0F20600048B5F
:101A5000E63300F906C080D22625B0F2246961B8C9
:101A6000046826B8246962B8840700B9040081D2EA
:101A7000066961B82425B0F21C00048B840004D1EF
:101A8000066824B8E63340F9046962B8C40400B9B2
:101A9000042081D2060081D22425B0F22625B0F29E
:101AA0000400048BE43300F9E46861B8046826B8E4
:101AB000E46862B8E63740F9840700B9042081D2AF
:101AC0002425B0F2DC6861B8212000911C6824B89C
:101AD000E43340F9C06862B842200091800400B944
:101AE0007F4000F1A1F0FF54F35341A96000805200
:101AF000F55B42A9F76343A9F96B44A9FB7345A9B8
:101B0000FD7BC7A8C3040014C0060210000000003B
:101B10004006021000000000C00502100000000096
:101B20004005021000000000C00402100000000088
:101B30004004021000000000C0030210000000007A
:101B40004003021000000000C0020210000000006C
:101B50004002021000000000C0010210000000005E
:101B60004001021000000000C00002100000000050
:101B70004000021000000000C0FF01100000000043
:101B800040FF011000000000000000000000000005
:101B90000084B1D2010040B981010037010040B991
:101BA00002088F52A22FA07221781F12010000B9E3
:101BB000022000B91F0800B91F0C00B9010040B98C
:101BC00021000032010000B9C0035FD60000000010
:101BD000C0031FD6C0035FD6000000000000000055
:101BE000C0035FD6000000000000000000000000FD
:101BF000FF8300D1E10700F9E10740F9210300B4B8
:101C0000E10740F921FC43D3010300B4010C018B2F
:101C1000E20300AA002000915F0000F93F0000EB02
:101C200081FFFF54E00740F900084092E00F00F9FF
:101C3000E00F40F9400100B4E00F40F9000100B4AA
:101C4000000080D21F2003D53F6820380004009197
:101C5000E20F40F95F0000EB88FFFF549F3F03D580
:101C6000FF830091C0035FD6E10300AAEEFFFF17D8
:101C7000FD7BBFA90000009001000090FD030091D2
:101C8000005C46F9215846F9210000CBD9FFFF97A7
:101C9000FD7BC1A80000009001000090006446F99F
:101CA000216046F9210000CBD2FFFF171F2003D58A
:101CB00000A1001000000000004000100000000023
:101CC000680E021000000000580B02100000000017
:101CD000FD7BBDA90000009001000090FD03009174
:101CE00000B446F9F35301A934B846F9F51300F9E5
:101CF000000014CB1F0000F12D01005415FC43938C
:101D0000130080D21F2003D5807A73F873060091E8
:101D100000003FD6BF0213EB8CFFFF540000009081
:101D20000100009000BC46F934C046F9000014CB15
:101D300015FC43931F0000F1ED000054130080D206
:101D4000807A73F87306009100003FD6BF0213EB50
:101D50008CFFFF54F35341A9F51340F9FD7BC3A851
:101D6000C0035FD61F2003D5580B021000000000EF
:101D7000580B021000000000580B02100000000079
:101D8000580B0210000000000000000000000000DE
:101D900001000090001F80D2210C47F93F0000B9DC
:101DA000004618D5000000900360B0D204000090F7
:101DB000A260B0D2051047F9000080D2610040B99E
:101DC000841447F921080032A60040B9610000B927
:101DD000A10440B946000CB941040CB91F2003D539
:101DE00001080011827860B821000C910004009174
:101DF000627821B81FF400F141FFFF54FF4F03D573
:101E0000DF3F03D5000580D2210080528060B0F210
:101E1000010000B9C0035FD60441001000000000BB
:101E200030FE01100000000040FE01100000000024
:101E30000160B0D200041C12200000B9C0035FD6BC
:101E400000800011022080D20260B0F22100805296
:101E5000037C05532020C01A407823B8C0035FD606
:101E600000800011023080D20260B0F22100805266
:101E7000037C05532020C01A407823B8C0035FD6E6
:101E800000800011038080D20360B0F2E21F805214
:101E9000047C025300041D534220C01A657864B8C4
:101EA0002120C01AA200220A2100022A617824B847
:101EB000C0035FD60000000000000000000000002A
:101EC000E000F837007C409303208CD20360B0F22E
:101ED000E203022A410001AA617820F8C0035FD61C
:101EE00000800011025080D20260B0F221008052C6
:101EF000037C05532020C01A407823B8C0035FD666
:101F000002800011051080D20560B0F200100012AE
:101F1000427C0553230080522400030A210441D34C
:101F2000A70032916320C01AA67862B88420C01A34
:101F30002120C01AC000230A8000002AA07822B8FD
:101F4000E07862B80300230A2100032AE17822B86E
:101F5000C0035FD600000000000000000000000089
:101F6000810080D2040441930160B0F203004093E9
:101F70002504805222C447B80518A47240100012EC
:101F80000000050B00787ED3230000B921100091DA
:101F9000247C0CB93F0000EB81FFFF54C0035FD6E7
:101FA0000002F8370080001103029CD20360B0F2F7
:101FB00021000012047C045342008052000C1F5385
:101FC0004100014B62008052657864B84220C01A1B
:101FD0002020C01AA100220A0000012A607824B83B
:101FE000C0035FD6000000000000000000000000F9
:101FF000810480D2400080528160B0F2200000B99C
:1020000020005FB800781E1220001FB820005FB8C3
:10201000A0001036214000D11F2003D5200040B978
:10202000C0FF1737C0035FD60000000000000000AB
:10203000022080D221008052A260B0F22120C01A7A
:10204000410000B9C0035FD600000000000000009E
:10205000023080D221008052A260B0F22120C01A4A
:10206000410000B9C0035FD600000000000000007E
:1020700003087E92A260B0D26300028B00041D535D
:10208000E21F80524220C01A640044B92120C01AC5
:102090008200220A2100022A610004B9C0035FD62F
:1020A000025080D221008052A260B0F22120C01ADA
:1020B000410000B9C0035FD600000000000000002E
:1020C000041080D200100012A460B0F223000012AD
:1020D00022008052210441D3850040B94220C01A19
:1020E0006320C01AA500220A2120C01A6300052A15
:1020F000830000B983804CB96200220A2100022AC1
:1021000081800CB9C0035FD6000000000000000011
:10211000011080D202004093A160B0F2000441930C
:10212000220000B920800CB9C0035FD60000000077
:10213000000180D28060B0F2000440B9C0035FD6D5
:10214000FF4300D100800011005C4092E00700F9DD
:10215000E00740F920C818D5FF430091C0035FD6BF
:10216000FF4300D100800011005C4092E00700F9BD
:10217000E00740F920CC18D5FF430091C0035FD69B
:1021800000C838D5005C0012C0035FD60000000014
:1021900000CC38D5005C0012C0035FD60000000000
:1021A000FF4300D10500A8D21F040071A000005415
:1021B0001F080071050082D20004A0D2A510809AE9
:1021C000600040F9FF0F00B9640840F9000002CB3D
:1021D000E70F40B90008C59A8208C59A00707D9340
:1021E0000000018BE603022A5F00076B4D020054DA
:1021F000610C40F9E40300AA002000912200409203
:1022000061000036620440F9220002AAE10F40B9E1
:10221000820000F921040011E10F00B9610440F9C6
:10222000E20F40B92100058B610400F9DF00026B69
:102230000CFEFF54FF430091C0035FD60000000076
:10224000E80300AAFD7BBCA9E97740B2FD03009139
:10225000000040F9010540F9E00702A9010940F931
:10226000E11B00F9020D40F9E21F00F91F0009EB24
:1022700048040054020000900100018B0A00B8D20B
:1022800042EC42F9E20F00F93F000AEB880A0054E1
:102290000A00B0D23F000AEB281400542A0500912E
:1022A0003F000AEB690F0054E10F40F9440100CBF5
:1022B000E3830091020080D240008052E41B00F9C9
:1022C000B8FFFF97E41340F901000090050940F9B9
:1022D00084000ACB21F042F98400058BE2030AAAAC
:1022E00040008052EA1300F9E41B00F9ADFFFF97AC
:1022F000FD7BC4A8C0035FD6EA7B40B21F000AEB97
:10230000E8030054020000900100018B0B00B8D2DA
:1023100042F042F9E20F00F93F000BEB880C005449
:102320004B0500913F000BEB29130054E10F40F9DE
:10233000640100CB2205009140008052E3830091AC
:10234000E41B00F997FFFF9701000090E2030BAA3E
:10235000E41340F94000805221F442F9EB1300F9F4
:10236000050940F984000BCB8400058BE41B00F9C0
:102370008CFFFF97FD7BC4A8C0035FD60900A8129D
:102380001F0009EB28070054020000900100018B98
:102390002B05009142F442F9E20F00F93F000BEBEC
:1023A00009110054E10F40F9640100CB420500918E
:1023B00040008052E3830091E41B00F979FFFF970E
:1023C00001000090E2030BAAE41340F940008052A0
:1023D00021F842F9EB1300F9E2FFFF172B050091FA
:1023E000E3830091640100CBE10302AA4000805224
:1023F000020080D2E41B00F96AFFFF97EB1300F99B
:1024000001000090E2030BAA40008052EB1B00F990
:1024100021F042F963FFFF97EB1B00F901000090E8
:102420000200B0D240008052E21300F921F442F9D8
:102430005CFFFF97EA1300F9050140F901000090E5
:10244000040940F9E2030AAA21F842F98400058B45
:1024500084000ACB40008052E41B00F951FFFF9733
:10246000FD7BC4A8C0035FD6E27F40B21F0002EB31
:10247000A80900540100009022050091E383009117
:102480004000805221F842F946FFFF97BAFFFF173C
:10249000E10F40F9E3830091020080D240008052B6
:1024A00040FFFF97FD7BC4A8C0035FD64C05009199
:1024B000E10302AA840100CBE3830091220500918D
:1024C00040008052E41B00F92905009135FFFF9779
:1024D000EC1300F901000090E2030CAA40008052C6
:1024E000E91B00F921F442F92EFFFF97EB1300F9E5
:1024F000050140F901000090040940F9E2030BAA2C
:1025000021F842F98400058B84000BCB40008052F7
:10251000E41B00F923FFFF9797FFFF17E10F40F936
:102520002B050091640100CBE3830091020080D26F
:1025300040008052E41B00F91AFFFF97EB1300F9EB
:1025400001000090E2030BAA40008052EB1B00F94F
:1025500021F042F913FFFF97EA1300F9050140F952
:1025600001000090040940F9E2030AAA21F442F9AB
:102570008400058B84000BCB40008052E41B00F9E3
:1025800008FFFF97FD7BC4A8C0035FD6E10F40F9A9
:1025900022050091E38300914000805201FFFF97E4
:1025A00075FFFF170100009042040091E383009142
:1025B0002000805221FC42F9FAFEFF976EFFFF17C0
:1025C000E10F40F942050091E38300914000805201
:1025D000F4FEFF9768FFFF17009000100000000056
:1025E00000800010000000000070001000000000DB
:1025F000006000100000000020A00010000000009B
:10260000FD7BBFA900000090FD030091004C43F941
:102610000100003201201ED505000090040000904A
:10262000030000900200009001000090AD6043F9AB
:10263000845043F9AE011891635443F9840440B2C5
:10264000425843F9630440B2215C43F9420440B26A
:10265000040C00A9210440B2020401A91F2003D5E3
:10266000E0030DAAAD810091F6FEFF97DF010DEBAF
:1026700081FFFF54E09F88D20080A0F20081C1F268
:1026800000A21ED5A0A386D22010B0F240201ED5F5
:10269000FD7BC1A8C0035FD600A0001000000000B1
:1026A00000900010000000000080001000000000FA
:1026B000007000100000000000600010000000002A
:1026C000B038001000000000000000000000000012
:1026D000FD7BBFA960008052FD0300911D020094A4
:1026E000012080D20240A0522125B0F26000805229
:1026F000220000B9220400B9220800B9220C00B956
:10270000221000B9221400B9220010B9220410B915
:10271000220810B9220C10B9221010B9221410B9D5
:10272000221810B9FD7BC1A8BA01001400000000F6
:1027300000103ED59F3F03D5000074B200101ED597
:10274000DF3F03D5C0035FD600000000000000009B
:1027500000103ED59F3F03D500007EB200101ED56D
:10276000DF3F03D5C0035FD600000000000000007B
:1027700000103ED59F3F03D5000040B200101ED58B
:10278000DF3F03D5C0035FD600000000000000005B
:102790009F3F03D51F7508D5BF3F03D52B0039D503
:1027A0006A6958D38A0500B44AF97FD3050080D2FC
:1027B00009008052EC03805205000014A508009126
:1027C000290D00115F0105EB200400546025C99A12
:1027D0001F047FF240FFFF5405001AD59F3F03D529
:1027E000040039D5863043D388084092DF0000F1D9
:1027F000C310C05A63108C1A08110011846C4DD399
:10280000C720C39AE70005AA8220C89AE00002AA5E
:10281000407608D5260200B4420005AAE00306AAC5
:10282000000400D10120C39A210002AA417608D5F4
:1028300080FFFFB544FCFFB4840400D18220C89A15
:10284000400007AA407608D5F4FFFF179F3F03D545
:10285000DF3F03D5C0035FD624FBFFB4840400D15F
:10286000EAFFFF1700000000000000000000000069
:102870000125B0D20200009000C08852210440B966
:102880006078A472424C44F9212048D30020C11A38
:10289000400000B9C0035FD60041001000000000F6
:1028A000FD7BBDA920008052FD0300918D010094A5
:1028B000034088D201008CD22305B0F222A09452AA
:1028C0002125B0F2600040B90000022A600000B982
:1028D000200040B90000022A200000B9BF3F03D504
:1028E0008204B0D20125B0D224008052E001A0526F
:1028F000449C01B9220440B9200400B9200440B925
:10290000200440B9200440B9200440B9200440B953
:10291000200440B9200440B9200440B90005B0D2D9
:10292000C2C080524200A072020000B9020040B949
:10293000020040B9020040B9020040B9020040B9AB
:10294000020040B9020040B9020040B9E2FDBF12E6
:10295000020800B9020840B9020840B9020840B9AB
:10296000020840B9020840B9020840B9020840B95B
:10297000020840B902C0BF12020C00B9020C40B9F3
:10298000020C40B9020C40B9020C40B9020C40B92B
:10299000020C40B9020C40B9000C40B9050000908F
:1029A000230440B902C0885200889352A5D046F94A
:1029B000632048D36278A4724220C31AA20000B9EF
:1029C000247000B91F2003D51F2003D50004005137
:1029D000003C0072A1FFFF540225B0D2402040917C
:1029E000E307805221008052438000B9E203012AAC
:1029F00001100079E17F805201180079440B8012A8
:102A00004101805223008012E11700B91000001428
:102A10000440003902000039030000390200003987
:102A200001004039211C00123F0400716000005475
:102A300001504039211C0012E11740B92104005116
:102A4000E11700B901504039A1000036E11740B943
:102A500001FEFF35FD7BC3A8DA000014000490D20C
:102A6000210080520025B0F2E37F8052E203012A68
:102A7000440B801201100079410180520318007943
:102A800023008012E11B00B910000014044000393B
:102A9000020000390300003902000039010040390A
:102AA000211C00123F0400716000005401504039A5
:102AB000211C0012E11B40B921040051E11B00B9A7
:102AC00001504039A1000036E11B40B901FEFF353D
:102AD000FD7BC3A8BB000014000890D221008052E7
:102AE0000025B0F2E37F8052E203012A440B8012FA
:102AF00001100079410180520318007923008012EF
:102B0000E11F00B910000014044000390200003930
:102B1000030000390200003901004039211C001275
:102B20003F0400716000005401504039211C001224
:102B3000E11F40B921040051E11F00B901504039A3
:102B4000A1000036E11F40B901FEFF35FD7BC3A89F
:102B50009C000014000C90D2210080520025B0F29D
:102B6000E37F8052E203012A440B801201100079B6
:102B7000410180520318007923008012E12300B93B
:102B8000100000140440003902000039030000392D
:102B90000200003901004039211C00123F0400717D
:102BA0006000005401504039211C0012E12340B95B
:102BB00021040051E12300B9015040398100003661
:102BC000E12340B901FEFF35A3FFFF17001090D2AB
:102BD000210080520025B0F2E37F8052E203012AF7
:102BE000440B8012011000794101805203180079D2
:102BF00023008012E12700B91000001404400039BE
:102C00000200003903000039020000390100403998
:102C1000211C00123F040071600000540150403933
:102C2000211C0012E12740B921040051E12700B91D
:102C30000150403981000036E12740B901FEFF35DF
:102C400085FFFF17001490D2210080520025B0F2BA
:102C5000E37F8052E203012A440B801201100079C5
:102C6000410180520318007923008012E12B00B942
:102C7000100000140440003902000039030000393C
:102C80000200003901004039211C00123F0400718C
:102C90006000005401504039211C0012E12B40B962
:102CA00021040051E12B00B9015040398100003668
:102CB000E12B40B901FEFF3567FFFF17001890D2E6
:102CC000210080520025B0F2E37F8052E203012A06
:102CD000440B8012011000794101805203180079E1
:102CE00023008012E12F00B91000001404400039C5
:102CF00002000039030000390200003901004039A8
:102D0000211C00123F040071600000540150403942
:102D1000211C0012E12F40B921040051E12F00B91C
:102D20000150403981000036E12F40B901FEFF35E6
:102D300049FFFF178004B0D2019C41B981000035E2
:102D40001F2003D5019C41B9C1FFFF34044088D244
:102D5000C35F8B522405B0F201008CD202A09452C2
:102D60002125B0F2800040B90000030A0000022AC9
:102D7000800000B9200040B90000030A0000022AC8
:102D8000200000B9BF3F03D58004B0D2210080529B
:102D9000019C01B9FD7BC3A8C0035FD61F2003D5EA
:102DA00000410010000000000000000000000000D2
:102DB00000000014000000000000000000000000FF
:102DC000C0035FD60000000000000000000000000B
:102DD000C00000B4E10300AA2280A052000080528B
:102DE000220000B9C0035FD6FD7BBFA9FD0300919F
:102DF000F4FFFF9720008052FD7BC1A8C0035FD67F
:102E0000E4FBFF17000000000000000000000000CD
:102E1000034638D5010080D2014618D58104B0D2CE
:102E2000229C41B9820000351F2003D5229C41B964
:102E3000C2FFFF3401000090E003002A216847F937
:102E4000227860785F3C0072C0000054227860787D
:102E5000423C001242040051423C00122278207889
:102E6000217860783F3C00726102005401000090BC
:102E7000054088D22505B0F204A09452266C47F98B
:102E800002008CD2A10040B92225B0F2C07860784F
:102E90002100042AE003202A003C00122100000A3D
:102EA000A10000B9410040B92100042A2000000A15
:102EB000400000B9BF3F03D58004B0D2210080524A
:102EC000019C01B9034618D5C0035FD61F2003D566
:102ED000705C001000000000B03E00100000000018
:102EE000034088D204008CD2003C00120100801202
:102EF0002305B0F22425B0F28504B0D21F2003D5FB
:102F0000620040B95F00006AE1000054820040B9ED
:102F10005F00006A81000054A29C41B94200003465
:102F2000C0035FD621040071C1FEFF548004B0D2FB
:102F3000019C41B961FFFF351F2003D5019C41B9B8
:102F4000C1FFFF34C0035FD6000000000000000096
:102F5000FD7BBFA9FD030091084638D5010080D252
:102F6000014618D5010000B0E603002A271C40F9ED
:102F7000E07866781F3C0072400500548004B0D2AF
:102F8000019C41B901040034E07866781F3C00726E
:102F900021020054000000B0044088D22405B0F2A1
:102FA00002008CD2002040F903A09452810040B965
:102FB0002225B0F2007866782100002A2100032A39
:102FC000810000B9410040B90000012A0000032A35
:102FD000400000B9E0786678003C0012000400115F
:102FE000003C0012E0782678BF3F03D58004B0D2C1
:102FF00021008052019C01B9084618D5FD7BC1A86B
:10300000C0035FD61F2003D5019C41B9E1FBFF350A
:103010001F2003D5019C41B961FFFF34DBFFFF177F
:1030200000000090002040F900786678ADFFFF971F
:10303000D6FFFF171F2003D5705C001000000000B2
:10304000B03E001000000000000000000000000082
:1030500002000090E103002A427040F9400040F96C
:10306000400100B403000090210C001121747E92F5
:10307000637440F90100018B3F0003EBA801005489
:10308000410000F9C0035FD60000009003000090EB
:10309000210C0011006C40F921747E92637440F998
:1030A0000100018B400000F93F0003EBA9FEFF5433
:1030B000FD7BBFA9FD030091523A0094E10300AAF1
:1030C0008201805200008092220000B9FD7BC1A8DD
:1030D000C0035FD61F2003D5680E02100000000059
:1030E000785C001000000000688E021000000000F4
:1030F000000080528104B0D2230080521F2003D5EB
:10310000222040B96420C01A4224C01AE2000037CD
:10311000222040B98400022A242000B9BF3F03D5F1
:10312000E203002A237822B822A041B96420C01A01
:103130004224C01A0201003722A041B98400022AA9
:1031400024A001B9BF3F03D5E203002A42800191C8
:10315000237822B8000400111F20007121FDFF54C4
:10316000C0035FD600000000000000000000000067
:10317000067C1053054080D22525B0F2043C48D38C
:1031800022008052031C0012A77866B84420C41A9B
:103190004120C01AA208068BE400240AA47826B8AD
:1031A000A47866B82400040A8024C01AC000003441
:1031B0001F2003D5400040B90000010A0024C31AB3
:1031C00080FFFF35C0035FD6000000000000000054
:1031D000FF4300D1FF3F0039E03F4039001C00129F
:1031E0001F20007168040054000000900A208252E1
:1031F0000A01A072063C41F9E13F4039E03F403905
:10320000C310218B241C7CD34001200B6534403932
:10321000004C1453C86864B86914403964104039CC
:10322000A50001536130403967384039630840B91F
:103230002205042A080800B9A178012A020C00B965
:103240002100072A011001B9031401B9E03F4039F8
:10325000001C001200040011001C0012E03F0039A5
:10326000E03F4039001C00121F20007169FCFF5430
:10327000FF430091C0035FD6B83E0010000000007D
:10328000420040B9261C0012273C48D349001D12B9
:10329000453C4AD33F141E7281030054040C278B13
:1032A000C8701D53E31F8052E103072A6320C81A28
:1032B0008A004AB9A520C81A4301230A6300052AD7
:1032C00083000AB9A9030034870046B9452444D3D2
:1032D000E30780526320C81AE300230AA520C81A16
:1032E0006300052A830006B90000018B410C43D31B
:1032F0002120C61A020050392100022A211C001286
:1033000001001039C0035FD6080C278BC310005191
:10331000E41F8052E103072A63701D530A054AB96E
:103320008420C31A4401240AA520C31A8400052A54
:1033300004050AB9090400350300018B2A008052F4
:103340004421C61A841C0012E503242A48041F12D3
:1033500069005039A51C0012A900090A690010393A
:103360001F090071A0030054430841D37F0400717A
:10337000A9FCFF54A204003702486738A500020ADE
:10338000054827380104018BC0781F536200805222
:103390004220C01A240044796320C01A803C0012E5
:1033A0000000220A0000032A003C001220000479D9
:1033B000C0035FD6070546B9452444D3E4078052CD
:1033C0008420C31AE400240AA320C31A8300032A1A
:1033D000030506B9C5FFFF170104018BC6781F530B
:1033E000600080520020C61A220044794A21C61A81
:1033F000423C00124000200A00000A2A003C001251
:1034000020000479C0035FD602486738421C0012CE
:103410008400022A04482738DBFFFF170000000061
:10342000E20301AA051C0012E103002A400040B992
:10343000233C48D3E00580367F3000716904005496
:1034400008001D12023C4AD33F141E72400600546D
:103450008605B0D2A4100051C60C238BE11F805208
:1034600084701D53E703032AC9044AB92120C41AF2
:103470004220C41A2101210A2100022AC1040AB9EA
:1034800048070034C30446B9022444D3E1078052FC
:103490002120C41A6100210A4220C41A2100022AF4
:1034A000C10406B9018080D2000C43D38105B0F27B
:1034B0000020C51A226867380000022A001C00128A
:1034C00020682738C0035FD68425B0D22000805200
:1034D0008400238B0320C51A6005B0D285007039A3
:1034E0006300052A631C00128300303965FFFF1753
:1034F0008025B0D2240080520300238B8420C51A7B
:1035000065007039A51C0012A400240A640030393B
:103510005CFFFF178405B0D2A6701D53840C238B6B
:10352000E11F80522120C61AE703032A4220C61A4F
:1035300089004AB92101210A2100022A81000AB921
:1035400048010034830046B9022444D3E107805285
:103550002120C61A6100210A4220C61A2100022A2F
:10356000810006B9D0FFFF178405B0D28A00078B0F
:103570002900805206041F122121C51A211C0012A5
:1035800048015039E203212A421C00124800080A6F
:1035900048011039DF080071C0020054060841D309
:1035A000DF04007109F9FF54C00300368048633816
:1035B000001C00122100002A814823388005B0D267
:1035C000A5781F530704078B600080520020C51A9E
:1035D000C620C51AE1004479213C00122000200ACF
:1035E0000000062A003C0012E0000479C0035FD608
:1035F0008404078BA5781F53600080520020C51AF1
:10360000810044792921C51A213C00122000200A9A
:103610000000092A003C001280000479C0035FD634
:10362000804863384200000A82482338E4FFFF17CD
:10363000FD7BBEA9FD030091601000B4F30B00F9FF
:10364000F30301AAE10F00B4E20300AA200440F949
:10365000400F00B4410040B9804A8A52E009AA7282
:103660003F00006B800F0054400000B940008052C2
:10367000530800F937FEFF976C0240792C010034A3
:103680006B0640F96C4D2C8B600540B9E1030BAA29
:103690006B21009163FFFF977F010CEB61FFFF54EB
:1036A00040008052DBFDFF97730A40F940008052D2
:1036B00028FEFF9767C20091060080D20300805267
:1036C0008805B0D200C1268BE2104079E403062AB7
:1036D000411C001200307839427C08530000191256
:1036E0005F3800712009005405001C325F780071BA
:1036F000A21C00124000801AE20440B92000002AF7
:10370000001C00125F040071E0060054E10C40B997
:103710000114012A211C0012E04441B802C1248B8B
:10372000C60400911F0400710020C41A6000002A22
:10373000001C0012413038390300831ADF1000F1F9
:1037400021FCFF5464420091E60313AA050080D2D5
:103750000A0080528805B0D2CC0040390B01058B9D
:1037600082304039A97C4093870040B90001098B21
:1037700042000C2A421C001262013839FF04007119
:10378000010200546B09783929010E91820840B971
:103790000C1180526B010C0A811040390909098B08
:1037A000E720C51A6209022A4701072A421C0012B3
:1037B000EA1C00122100022A823440392211003909
:1037C000C20440B984400091C62000912110022A11
:1037D000211C001201083839C50100B5250080D22E
:1037E000DEFFFF17E11040B94220C41A05417839C5
:1037F0000114012A4200052A421C0012211C001259
:1038000002413839C5FFFF1700001D32BBFFFF170B
:103810004A151E53400080524311032A631C0012B4
:10382000034538397BFDFF97F30B40F900008052C8
:10383000FD7BC2A8C0035FD620004079C0F0FF34F2
:10384000F30B40F95FFDFF9720008052FD7BC2A87B
:10385000C0035FD65BFDFF97F30B40F9C0018052B8
:10386000F4FFFF170000000000000000000000004F
:103870001F08007140000054C0035FD60000009094
:10388000014C44F9200840F980FFFFB4000000908B
:10389000005044F967FFFF1788E3011000000000A3
:0838A000700B02100000000093
:1038A800010000000000000000000000000000000F
:1038B80000000000000000000000001000000000F0
:1038C800400400000000600000000010000000003C
:1038D80000000010000000000000200000000000B0
:1038E800410400000000000000002010000000005B
:1038F8000000001000000000000020000000000090
:103908004504000000000000000040100000000016
:1039180000004010000000000000C00F0000000080
:1039280040040000000060000000002000000000CB
:10393800000000200000000000002001000000003E
:1039480045060000000000000000202100000000E3
:1039580000002021000000000000E00E0000000030
:10396800400400000000600000000030000000007B
:1039780000000040000000000000000800000000F7
:1039880045040000000000000000003800000000AE
:1039980000000048000000000000000800000000CF
:1039A8004504000000000000000000400000000086
:1039B80000000040000000000000000800000000B7
:1039C8004104000000000000000000480000000062
:1039D800000000480000000000000008000000008F
:1039E800410400000000000000000050000000003A
:1039F8000000005000000000000000080000000067
:103A08004104000000000000000000580000000011
:103A1800000000580000000000000008000000003E
:103A280041040000000000000000006000000000E9
:103A38000000005000000000000000080000000026
:103A480045040000000000000000006800000000BD
:103A580000000058000000000000000800000000FE
:103A68004504000000000000000000700000000095
:103A780000000070000000000000000400000000CA
:103A88004104000000000000000000740000000075
:103A980000000074000000000000000400000000A6
:103AA8004104000000000000000000780000000051
:103AB8000000007800000000000000040000000082
:103AC80041040000000000000000007C000000002D
:103AD8000000007C0000000000000004000000005E
:103AE8004104000000000000000000800000000009
:103AF800000000800000000000000001000000003D
:103B08004D06000000006000000000810000000079
:103B1800000000810000000000000001000000001B
:103B28004D06000000006000000000820000000058
:103B380000000082000000000000000100000000FA
:103B48004004000000006000000000830000000046
:103B580000000083000000000000200000000000BA
:103B680049060000000060000000208300000000FB
:103B780000002083000000000000E00000000000BA
:103B88004004000000006000000000840000000005
:103B980000000070000000000000000400000000A9
:103BA800450400000000000000000088000000003C
:103BB8000000008800000000000000020000000073
:103BC8004D060000000060000000008A00000000B0
:103BD8000000008A00000000000000020000000051
:103BE80040040000000060000000008C000000009D
:103BF8000000008C00000000000000010000000030
:103C080049060000000060000000008D0000000070
:103C18000000008D0000000000000003000000000C
:103C28004004000000006000000000900000000058
:103C380000000090000000000000400000000000AC
:103C48004D040000000060000000409000000000EB
:103C580000004090000000000000C00100000000CB
:103C68004004000000006000000000920000000016
:103C780000000092000000000000000100000000A9
:103C88004D040000000060000000009300000000E8
:103C98000000009300000000000000010000000088
:103CA80040040000000060000000009400000000D4
:103CB8000000007400000000000000040000000084
:103CC800450400000000000000000098000000000B
:103CD8000000007800000000000000040000000060
:103CE80045040000000000000000009C00000000E7
:103CF8000000007C0000000000000004000000003C
:103D08004504000000000000000000A000000000C2
:103D1800000000A0000000000000001000000000EB
:103D28004504000000000000000000B00000000092
:103D3800000000B0000000000000001000000000BB
:103D48004504000000000000000000C00000000062
:103D5800000000C00000000000000040000000005B
:103D68004504000000000000000000000100000001
:103D78000000000001000000000000000100000039
:103D88004004000000006000000000000200000085
:103D98000000000002000000000000000200000017
:103DA80041040000000000000000000004000000C2
:103DB80000000000040000000000000002000000F5
:103DC80041040000000000000000000006000000A0
:103DD80000000000060000000000000002000000D3
:103DE8004104000000000000000000000000000086
:103DF80000000000000000000000000000000000BB
:103E08004004000000006000000000000000000006
:103E1800000000000000000000000000000000009A
:103E280040040000000060000000000000000000E6
:103E3800000000000000000000000000000000007A
:103E480040040000000060000000000000000000C6
:103E5800000000000000000000000000000000005A
:103E680040040000000060000000000000000000A6
:103E7800000000000000000000000000000000003A
:103E88004004000000006000000000000000000086
:103E9800000000000000000000000000000000001A
:103EA8004004000000006000010002000400080057
:103EB80003000000000000000F000F0001010300D4
:103EC80001000000000000000F000F0001010100C8
:103ED80003000000000000000F000F0001010300B4
:103EE80001000000000000000F000F0001010100A8
:103EF80001000000000000000F000F000101010098
:103F08000F000000000000000F000F0001010F006B
:103F180001000000000000000F000F000101010077
:103F280003000000000000000F000F000101030063
:103F380003000000000000000F000F000101030053
:020000041001E9
:10000000FFC309D1024B80D201008052E06300910E
:10001000FD7B00A9FD030091FF1300B9290700949F
:1000200054000094A0030035E043009169CBFF9792
:100030000300009002000090E6474039014B80D257
:10004000E54B4039E0630091E44F4039637440F977
:10005000427840F903060094E06300915100009457
:1000600000000090007C40F94E00009400000090D9
:10007000008040F94B000094E103002A8002003523
:1000800070000094E103002A40010035FD7B40A987
:10009000FFC30991C0035FD6E103002A000000906E
:1000A000007040F9CF050094000020D4DFFFFF1757
:1000B00000000090007040F9CA050094000020D4B0
:1000C000FD7B40A9FFC30991C0035FD600000090EB
:1000D000007040F9C3050094000020D4E9FFFF1729
:1000E00098DB011000000000B8DB011000000000E8
:1000F000C0DB011000000000E0DD01100000000086
:1001000098DF011000000000000000000000000067
:1001100000008052C0035FD6000000000000000015
:1001200000008052C0035FD6000000000000000005
:1001300000008052C0035FD60000000000000000F5
:1001400000008052C0035FD60000000000000000E5
:1001500000008052C0035FD60000000000000000D5
:1001600000008052C0035FD60000000000000000C5
:10017000010000900000009021C440F900C840F93F
:10018000980100141F2003D5F0E2011000000000C8
:10019000880B0210000000000000000000000000BA
:1001A000FD7BBEA9FD030091F30B00F9F30300AA48
:1001B000140700940200009003000090E10313AACA
:1001C000531841F9023C0012601C41F97F020039CA
:1001D000F400009422018012000100340B0000148E
:1001E000420400F10002005461024039211C001257
:1001F0003FE001710001005461024039211C0012EE
:100200003F080071E1FEFF54F30B40F9FD7BC2A8EB
:10021000C0035FD6F30B40F980258052FD7BC2A856
:10022000C0035FD680028052F8FFFF171F2003D55E
:10023000580B021000000000880B021000000000A4
:10024000FD7BBBA90300009002000090010000901C
:1002500000000090FD030091F35301A9739841F948
:10026000F55B02A9549C41F9F76303A917000090BC
:1002700035A041F91800009016A441F9F92300F9BE
:10028000190000901F2003D5600240391F1C007226
:10029000C0FFFF54E00314AA7F020039D90600947E
:1002A000001C0012A0020039C00240398000003753
:1002B000A00240391F1C0072C1010054E0B241F994
:1002C0009F0200F99F120079B6FFFF97E103002A11
:1002D000C0FDFF34F35341A9E003012AF55B42A9B5
:1002E000F76343A9F92340F9FD7BC5A8C0035FD696
:1002F00000AB41F9ABFFFF97E103002AE00314AA2A
:10030000A1FEFF35A7FFFF97E103002A40FEFF355E
:1003100020AF41F9A3FFFF97E103002AC0FDFF359D
:100320009F0200F99F120079D8FFFF171F2003D505
:100330005A0B021000000000600B021000000000C9
:100340005C0B021000000000590B021000000000BE
:10035000B0DF011000000000C0DF0110000000004D
:10036000C8DF0110000000000000000000000000D5
:1003700001000090221042F9010440B9231C001230
:10038000430000393F10007140000054C0035FD6A5
:10039000000840B91F280071A00200541F340071EA
:1003A0006002005401000090221442F941004039DB
:1003B000211C00123F240071A80200540400009088
:1003C0000300009041004039851C42F9211C0012B5
:1003D000642042F923040011631C00124300003919
:1003E000A0C821389F000039C0035FD602000090EA
:1003F0000000009021008052421442F9001842F996
:100400005F00003901000039C0035FD60000009092
:1004100021008052002042F901000039C0035FD65C
:10042000580B0210000000005B0B021000000000DF
:100430005A0B021000000000600B021000000000C8
:10044000590B021000000000000000000000000036
:10045000FD7BBFA9FD030091EAFEFF9700008052DB
:10046000FD7BC1A8C0035FD60000000000000000B3
:10047000FD7BBCA9FD030091F35301A9F30300AA7E
:10048000002440F9E00200B4041440A9F4A3009150
:10049000E49702A9030840F9830A00F9651A40F9B4
:1004A000632240F9642A40F9A50040390508002973
:1004B000010800B9040800F960003FD6602640F941
:1004C000A00000B4E28F42A9020C00A9810A40F901
:1004D000010800F9F35341A9FD7BC4A8C0035FD60E
:1004E000F4A30091E00314AAEDFFFF170000000041
:1004F000021840F9011840B9421C40F9C20100B489
:1005000041000034C0035FD6021C40F9410840B9E5
:10051000032040F921780B1221000B32410800B969
:100520001F0800F903FFFFB402108052010080523F
:10053000D0FFFF17021C40F9A1FEFF340408403928
:10054000030840F9840400129F080071C0010054A0
:1005500065004039440440B9A4200033440400B984
:10056000020040F942441053E403022A2100024BE6
:100570006300048B030800F9011800B941FCFF3542
:10058000E2FFFF1765004079440440B9A42000331E
:10059000440400B9F3FFFF17000000000000000052
:1005A000FD7BBEA9FD030091600500B4410500B4C8
:1005B00022050034E30300AAA02A89526068AA72C7
:1005C000640440B99F00006BE1050054680840399D
:1005D000080500121F090071C0040054601840B9DA
:1005E00080050035641C40F9650040F9860840B973
:1005F000C6740A12860800B9A5441053860840B98B
:10060000E703052A4200054B2500078B650800F922
:10061000C5000C32621800B9850800B91F090071C5
:10062000E000005421004039820440B92220003308
:10063000820400B9FD7BC2A8C0035FD622004079C6
:10064000810440B941200033810400B9FD7BC2A878
:10065000C0035FD6DBC9FF9720008052E01F00B9BE
:10066000D8C9FF97E01F40B9FD7BC2A8C0035FD681
:100670004100003742FB0736D2C9FF976000805225
:10068000F7FFFF17CFC9FF97E0008052F4FFFF1775
:10069000CCC9FF9700018052E7FFFF170000000060
:1006A000FD7BBFA9030000900200009000000090B5
:1006B000FD030091636443F901428052426843F9AB
:1006C000006C43F9BBC9FF9708E00110000000006F
:1006D00018FE01100000000010E0011000000000F2
:1006E000FD7BBDA9FD030091F35301A9F40300AA0A
:1006F000F303022AF51300F9E003022A35101D5313
:100700008203F837D7C5FF978AC6FF97E303002A0D
:10071000615C409202008052637C78D3E003132A2C
:10072000631C6092210003AAE6C5FF97E103152A26
:10073000E003132AD3C5FF97E003132A4100805238
:10074000F0C5FF97E003132A2100805215C6FF97DA
:100750007382001100000090F51340F900E843F99E
:1007600014D833F8F35341A9FD7BC3A8C0035FD667
:1007700038C6FF976FC6FF97E303002A615C40927B
:1007800002008052637C78D3E003132A631C6092DA
:10079000210003AACBC5FF97E103152AE003132A22
:1007A00034C6FF97E003132A4100805245C6FF97E5
:1007B0007382001100000090F51340F900E843F93E
:1007C00014D833F8F35341A9FD7BC3A8C0035FD607
:1007D0009041001000000000000000000000000038
:1007E000FD7BBDA9FD030091A01F00B4F35301A937
:1007F000F40301AA612600B4F51300F9352840F985
:10080000B51E00B4F30300AAA01A40F9401E00B4BC
:10081000A00A40F9001E00B4610640B9A02A89521E
:100820006068AA723F00006BE025005481024039E5
:10083000E00780520024C11A001F0036A02240B9F0
:100840001F140071401F0054800A40B91F0400713A
:10085000201C0054801640B9E01BF837801E40B9B8
:10086000A01BF837802640B9601BF837822E40B9AC
:10087000221BF8377F020039E00313AA630A4039CC
:10088000810640B9842240F93F000071E1179F1AA8
:10089000642200F921040011741A00F9842640F939
:1008A00023040033630A00397F9204A981A24039EE
:1008B0008CFFFF9781424039E00313AA821640B9AA
:1008C00088FFFF9781624039E00313AA821E40B976
:1008D00084FFFF9781824039E00313AA822640B942
:1008E00080FFFF97200080529AC9FF97034638D5B2
:1008F000000080D2004618D5800240391F100071D8
:1009000068170054026080D2052000110205B0F281
:10091000210080522120C51A440040B98100210ADB
:10092000410000B9410040B9401900341F04007172
:10093000C11C005400808AD20000B0F21F2003D5F1
:10094000010040B9010040B9010040B9010040B9BF
:10095000010040B9010040B9000040B9034618D574
:10096000200080522BC9FF97A31A40F9631E00F99B
:100970007F0800B9600840B9400100361F2003D548
:100980001F2003D5631E40F9600840B9A0FF073758
:10099000600840B9A00020361F2003D5631E40F92F
:1009A000600840B9A0FF273700028052600C00B9F0
:1009B00080E09F5200E0BF72601000B96040825238
:1009C000601400B97F1800B9E07F8052810240397D
:1009D0000024C11A60000036E0E3A352602400B98D
:1009E000800640B9666082521F0C0071A00000545E
:1009F0001F0000716600825260408252C600801A59
:100A0000822A40F98812412947004029411444298B
:100A1000EA0408530000115300000A2A493840B97B
:100A2000A5000B5321040012A438042A3F190071B9
:100A30000000042A21041C320000062A0400193296
:100A40008000801A601400B9C80000341F090071CA
:100A500000608052042080520010841A2100002A75
:100A6000450840B9E4080051A0080012BF00007119
:100A700000040051000808530000012A000004325D
:100A80000110811A610C00B99F0400718910005493
:100A9000400840F904EE9F52611040B9E5118052C0
:100AA00024E6BF72C519A072000040B92100050AF2
:100AB0000000040A0000012A601000B9401440F947
:100AC00005028052661A40F9E5A0B77204B068D3F7
:100AD000422840B9019060D3803C1053420000127C
:100AE0000120012AD41440B92100022A613000B942
:100AF000656800B9E003142A7F0A00F97F1A00B97B
:100B00007F1200F97F2A00B9340CF837F5C4FF973B
:100B1000E003142ACBC4FF97601A40F9142C40B9A3
:100B2000E003142AD40AF837EEC4FF97E003142A2E
:100B3000C4C4FF97601A40F9141C40B9E003142A9A
:100B40007409F837E7C4FF97E003142ABDC4FF9780
:100B5000601A40F9142440B9E003142A1408F83745
:100B6000E0C4FF97E003142AB6C4FF97601E40F963
:100B7000218280522100A072010800B9010840B909
:100B8000410100371F2003D51F2003D5601E40F907
:100B9000010840B9A1FF0736000840B9A00020377E
:100BA0001F2003D5601E40F9000840B9A0FF27367A
:100BB000A11E40B9A22A8952F51340F96268AA72AF
:100BC0006286002900008052F35341A9FD7BC3A82F
:100BD000C0035FD6F35341A9F51340F979C8FF97D5
:100BE00020008052FD7BC3A8C0035FD6016380D282
:100BF0000125B0F2220040B942781F12220000B94C
:100C0000210040B91F1400714108005400008AD22D
:100C10000020B0F24BFFFF176AC8FF97F35341A9BA
:100C200040AF8052F51340F9EFFFFF17A11E40B906
:100C3000E0FF9F523F00006B81E0FF5461C8FF97C7
:100C4000F35341A960008052F51340F9E6FFFF1706
:100C500000008AD20000B0F23AFFFF1711C5FF97DB
:100C6000E003142AF3C4FF97C1FFFF170DC5FF97D8
:100C7000E003142AEFC4FF97B6FFFF1709C5FF97DB
:100C8000E003142AEBC4FF97ABFFFF1705C5FF97DE
:100C9000E003142AE7C4FF97A0FFFF17601040B9D4
:100CA000001C1832601000B9FF08007181F0FF5479
:100CB000601040B900001B32601000B980FFFF17C0
:100CC000F35341A9C6FFFF171F08007160010054CC
:100CD0001F0C00718101005400808BD20000B0F223
:100CE00018FFFF1737C8FF97F35341A9C00180527F
:100CF000F51340F9BCFFFF1700008BD20000B0F2E3
:100D000010FFFF1700008CD20000B0F20DFFFF179C
:100D100064FEFF97000000000000000000000000DB
:100D200000000090020000900100009000B046F921
:100D300042AC46F90000403921A846F900040051B0
:100D4000407860B80080001120D860F8E9FDFF17F6
:100D50009041001000000000104100100000000051
:100D6000084100100000000000000000000000002A
:100D7000FD7BBDA90000009002000090FD030091E2
:100D8000002C47F9F30B00F9422847F901000090C5
:100D900000004039212447F900040051407860B830
:100DA0000080001133D860F8611E40F9602A40B914
:100DB000210040B921200012E12F00B900010035C7
:100DC000602240F9A00200B4E00313AA820080521E
:100DD000F30B40F9FD7BC3A8A6FDFF17620240F9A3
:100DE000E1B30091601240F9424450D325030094CE
:100DF000610240F9621240F9602A40B9234450D39D
:100E0000214410534200038B0000014B621200F991
:100E1000602A00B980000034F30B40F9FD7BC3A8C1
:100E2000C0035FD6602240F980FFFFB4E00313AA3D
:100E300022008052F30B40F901008052FD7BC3A8D1
:100E40008CFDFF171F2003D590410010000000000B
:100E500010410010000000000841001000000000D8
:100E6000000000900200009001000090FF4300D1BC
:100E7000006C47F9426847F900004039216447F99E
:100E800000040051407860B80080001120D860F85C
:100E9000018C43A9220840B942740A12220800B901
:100EA000210840B9E10F00B9E10F40B9A30000B437
:100EB00042008052FF430091010080526DFDFF17F8
:100EC000FF430091C0035FD6904100100000000076
:100ED0001041001000000000084100100000000058
:100EE000000000900200009001000090FF4300D13C
:100EF00000D047F942CC47F90000403921C847F9F2
:100F000000040051407860B80080001120D860F8DB
:100F1000031C40F9610040B9644840B92120001227
:100F2000826058D342681B53C401E0378400051225
:100F30004260442A646840B90620A352052040F963
:100F40008400062A646800B9634840B9E30F00B919
:100F5000E30F40B9850100B4FF43009145FDFF1741
:100F6000654840B99F0065F244001C3242041D32BE
:100F70004210841A44001A32BF0071F28200821AB1
:100F8000EDFFFF17FF430091C0035FD61F2003D57D
:100F9000904100100000000010410010000000000F
:100FA00008410010000000000000000000000000E8
:100FB000C0035FD600000000000000000000000039
:100FC000FD7BBAA9FD030091F35301A9345C0091A4
:100FD000F55B02A9F50300AA9FBA00F1A80C005422
:100FE0003F8000F188190054F6010094140480D267
:100FF000010A80D280008052760000B0D682019132
:10100000C102018B00080011214000D1330C40F9CE
:101010007F0201EBC11D0054D31240F9660000901D
:10102000C6C001917F0206EB600F0054610640F9D3
:1010300021F47E92220014CB5F7C00F1AC27005497
:10104000C61A02A98217F8B6C50640F93FFC07F197
:10105000C81E005422FC43D3230080D24104001157
:10106000427C021321781F536220C29AA50002AA73
:10107000C1CE218B22045FF8C50600F9620601A9E2
:10108000330800F9530C00F9017C0213240080D2CC
:101090008420C19A9F0005EBA80C00549F0005EA2C
:1010A000C100005400741E1284F87FD30010001198
:1010B0009F0005EAA0FFFF54E90180920704001198
:1010C000E803002AE7781F5327CD278BC702078B39
:1010D000E50307AAA10C40F909000014220440F915
:1010E000F30301AA210C40F942F47E92430014CB91
:1010F0007F7C00F12C1E0054E31FF8B6BF0001EB0B
:10110000E1FEFF541FF900712D240054A540009109
:10111000080500111F0540F2E1FDFF540500001411
:10112000E1045FF8000400513F0007EB0134005474
:101130001F0440F261FFFF54C00640F90000248AFA
:10114000C00600F984F87FD3810400D13F0000EB92
:10115000830000543600001484F87FD30811001176
:101160009F0000EAA0FFFF54E003082AD4FFFF1706
:1011700094EE7C92E27B40B29F0202EB229054FA02
:10118000A80C00548F0100949FDE07F1891C0054C5
:1011900081FE49D3810C00B43F1000F1A817005420
:1011A00081FE46D320E4001125E0001104781F538E
:1011B000847C7D9376000090D6820191C402048BDA
:1011C000844000D1930C40F99F0013EBE1000054E0
:1011D00092FFFF17630E40F9C211F8B6F30303AA9A
:1011E0009F0003EBA0F1FF54610640F921F47E92C9
:1011F000220014CB5F7C00F1EDFEFF54D31240F9C6
:1012000066000090C6C00191E003052A7F0206EB4C
:10121000E1F0FF54C50640F9017C0213240080D29E
:101220008420C19A9F0005EBA9F3FF54D30A40F92B
:10123000F76303A9770640F9F7F67E92E00214CB34
:101240001F7C00F1E0C254FA420A0054610000F031
:10125000FB7305A97C000090210C46F9E30382D2C0
:10126000822740F98102018B3800038B2180009195
:101270005F0400B118CF74921813819AE00315AA85
:10128000E10318AA7B02178BF96B04A9C90100942A
:10129000F90300AA1F0400B1A00600547F0300EB6D
:1012A000280600547A0000F041E34BB92100180BE6
:1012B00041E30BB9E003012A811700547F2F40F26C
:1012C00041170054C20A40F9E002188B000040B2F6
:1012D000400400F91F2003D5600000F0217C4093FA
:1012E000020846F93F0002EB49000054010806F9E4
:1012F000600000F0D30A40F9020446F93F0002EB17
:1013000049000054010406F9600640F900F47E9299
:101310001A00001480018052130080D2A00200B98C
:101320000C000014048080D200088052E50780522F
:10133000A1FFFF176102018BE00315AA7342009120
:10134000220440F9420040B2220400F92101009435
:10135000F55B42A9E00313AAF35341A9FD7BC6A89C
:10136000C0035FD67F0216EB80110054D30A40F908
:10137000600640F900F47E929F0200EB000014CB5F
:1013800004985FFAAD190054F96B44A9FB7345A9A1
:101390006202148B940240B2740600F9010040B25C
:1013A000C20A00F9410400F9E00315AA7342009152
:1013B00008010094F55B42A9E00313AAF35341A985
:1013C000F76343A9FD7BC6A8C0035FD6619240A91D
:1013D000E00315AA630E40F921F47E926102018BAD
:1013E000220440F9830C00F9420040B2640800F97D
:1013F000220400F973420091F6000094F55B42A9C3
:10140000E00313AAF35341A9FD7BC6A8C0035FD62E
:10141000640A40F96102018BE00315AA220440F935
:10142000830C00F9F1FFFF1722FC49D33FFC27F1A1
:10143000890900545F5000F1E81400544470011110
:10144000436C011184781F53847C7D93C402048B08
:1014500082045FF89F0002EBA10000548500001495
:10146000420840F99F0002EBA0000054430440F9F9
:1014700063F47E927F0001EB48FFFF54440C40F977
:10148000621201A9930800F9530C00F9FFFEFF173F
:101490003F5000F1290700543F5001F1C812005499
:1014A00081FE4CD320BC011125B8011104781F53D3
:1014B000847C7D9340FFFF17640A40F9800240B2AC
:1014C000600600F97402148B650040B2E00315AAAF
:1014D000810C00F9240800F9D45202A9859A00A9C8
:1014E000860E00F9636A22F873420091B9000094F5
:1014F00098FFFF176202028BE00315AA640E41F801
:10150000430440F9630040B2430400F9810C00F940
:10151000240800F9AF0000948EFFFF1780FE43D32C
:101520000104001121781F53217C7D93B3FEFF1726
:101530006302148B940240B2740600F9440040B276
:10154000C30E02A9E00315AA649800A9660C00F96D
:10155000626A21F8734200919E0000947DFFFF179C
:1015600022FC46D344E4001143E0001184781F5369
:10157000847C7D93B6FFFF1720700111256C01114B
:1015800004781F53847C7D930BFFFF17080500111F
:10159000A5800091DFFEFF177A0000F040E34BB911
:1015A0000000180B40E30BB9812740F93F0400B15C
:1015B000200B00543B031BCB00001B0B40E30BB97B
:1015C0003C0F40F22006005439031CCB1B0282D290
:1015D000394300917B031CCB3803188BE00315AA19
:1015E0007B0318CB7B2F4092E1031BAAF1000094F0
:1015F0001F0400B1400B0054000019CBE2031B2A6A
:1016000018001B8B40E34BB9180340B2D90A00F90C
:101610004100000B41E30BB9380700F97F0216EBDC
:10162000C0E5FF54FF7E00F149040054620640F912
:10163000630000F0E06200D160D0C13D00EC7C921C
:101640006302008B42004092420000AA620600F949
:101650006080803C1F7C00F109E4FF5461420091EE
:10166000E00315AA7B02009441E34BB91BFFFF176F
:10167000637C0213210080D22120C39AA50001AA15
:10168000C50600F97FFFFF173B03188BE00315AA7F
:10169000FB031BCB7B2F4092E1031BAAC5000094E8
:1016A000020080521F0400B181FAFF54D6FFFF17D9
:1016B000200080D2200700F9E00315AA130080D291
:1016C00044000094F76343A9F96B44A9FB7345A94F
:1016D00020FFFF175F5001F12802005422FC4CD379
:1016E00044BC011143B8011184781F53847C7D935D
:1016F00057FFFF173F5005F12802005481FE4FD3DA
:1017000020E0011125DC011104781F53847C7D93B6
:10171000A9FEFF17992700F9AAFFFF175F5005F1EF
:101720008802005422FC4FD344E0011143DC011134
:1017300084781F53847C7D9345FFFF173F5015F13C
:101740008802005481FE52D320F4011125F00111CA
:1017500004781F53847C7D9397FEFF179C4300D130
:101760000200805218031C8B180319CBA6FFFF1729
:101770005F5015F16801005422FC52D344F401116A
:1017800043F0011184781F53847C7D9330FFFF1751
:1017900004FE80D2E00F8052C50F805286FEFF17F4
:1017A00004FE80D2C30F805229FFFF17C00640F904
:1017B00065FEFF17000000000000000000000000B0
:1017C000600000F0008030919A00001400000000DA
:1017D000600000F0008030919A00001400000000CA
:1017E000FD7BAFA9EB068012EA0F8012FD0300918A
:1017F000EC430391E843049169000090E82303A9B6
:10180000E80300AAEC2300F9EB2B0929203944F95D
:10181000E017803DE0C341ADE11B803DE21F803D0C
:10182000E323803DE427803DE52B803DE62F803D8E
:10183000E733803DE18B0DA9E20308AAE3930EA9EB
:10184000E3430091E59B0FA9E78700F9E0C300ADF2
:10185000010840F93F0F0094FD7BD1A8C0035FD67B
:10186000FD7BA3A969000090E87B40B2FD030091D5
:10187000F30B00F9E04B803DE14F803DE253803DAA
:10188000E357803DE45B803DE55F803DE663803D5E
:10189000E767803DE3931AA9E59B1BA9E7E700F9F9
:1018A000333944F93F0008EB680700540341805284
:1018B000E03700F9E3F30079E04300F9A10300B455
:1018C000E6230191E4830691E5430791E304801246
:1018D000E00F8012E59704A905008012E42F00F9BB
:1018E00024040051E3030C29E1A30191E383009157
:1018F000E00313AAC00440ADE47700B9E5F700792E
:10190000E48B00B9E00701AD8A0200941F040031A6
:101910006A00005461118052610200B9E13740F958
:101920003F000039F30B40F9FD7BDDA8C0035FD613
:10193000E5230191E3830691E4430791E1048012DA
:10194000E00F8012E49304A904008012E32F00F951
:10195000E3830091E1030C29E1A30191E00313AAC1
:10196000FF7700B9A00440ADE4F70079FF8B00B920
:10197000E00701AD6F0200941F0400316A000054BB
:1019800061118052610200B9F30B40F9FD7BDDA8C3
:10199000C0035FD66111805200008012610200B95D
:1019A000FAFFFF1700000000000000000000000028
:1019B000FD7BBEA9FD030091F35301A9740000F063
:1019C000F30300AA9F620EB9E00301AAA1C5FF9725
:1019D0001F0400B180000054F35341A9FD7BC2A84D
:1019E000C0035FD681624EB981FFFF34610200B946
:1019F000F35341A9FD7BC2A8C0035FD600000000DD
:101A000060000090003844F9C0035FD60000000079
:101A1000C0035FD6000000000000000000000000CE
:101A2000C0035FD6000000000000000000000000BE
:101A3000C0035FD6000000000000000000000000AE
:101A4000C0035FD60000000000000000000000009E
:101A50000000000000000000000000000000000086
:101A60000000000000000000000000000000000076
:101A70000000000000000000000000000000000066
:101A80005F2403D52400028B0500028B5F0002F166
:101A9000880700545F8000F1C80300545F4000F1E4
:101AA000C3000054261C40A98C347FA9061C00A941
:101AB000AC343FA9C0035FD6C2001836260040F9F7
:101AC00087805FF8060000F9A7801FF8C0035FD683
:101AD000C2001036260040B988C05FB8060000B9C1
:101AE000A8C01FB8C0035FD6020100B44EFC41D3AA
:101AF000260040398AF05F3828686E3806000039C1
:101B000008682E38AAF01F38C0035FD61F2003D5FF
:101B1000261C40A9282441A98A2C7EA98C347FA99F
:101B20005F0001F1E8000054061C00A9082401A987
:101B3000AA2C3EA9AC343FA9C0035FD61F2003D511
:101B40002E3C42A9304443A95F8001F1A900005412
:101B5000820C7CA981107DA9A20C3CA9A1103DA9F1
:101B6000061C00A9082401A90E3C02A9104403A9DF
:101B7000AA2C3EA9AC343FA9C0035FD61F2003D5D1
:101B80000E0001CB2EFCFFB4DF0102EBA3040054D6
:101B90002C3440A90E0C409203EC7C9221000ECB19
:101BA00042000E8B261C41A90C3400A9282442A90E
:101BB0002A2C43A92C34C4A9424002F169010054E3
:101BC000661C01A9261C41A9682402A9282442A94F
:101BD0006A2C03A92A2C43A96C3484A92C34C4A9E7
:101BE000420001F1E8FEFF548E3C7CA9661C01A96D
:101BF000861C7DA9682402A988247EA96A2C03A9D1
:101C00008A2C7FA96C3404A9AE3C3CA9A61C3DA932
:101C1000A8243EA9AA2C3FA9C0035FD61F2003D544
:101C20008C347FA9AE0C409284000ECB42000ECBC8
:101C3000861C7FA9AC343FA988247EA98A2C7DA963
:101C40008C34FCA9A5000ECB420002F169010054BE
:101C5000A61C3FA9861C7FA9A8243EA988247EA98A
:101C6000AA2C3DA98A2C7DA9AC34BCA98C34FCA932
:101C7000420001F1E8FEFF54220C43A9A61C3FA933
:101C8000261C42A9A8243EA9282441A9AA2C3DA982
:101C90002A2C40A9AC343CA9020C03A9061C02A9B9
:101CA000082401A90A2C00A9C0035FD60000000087
:101CB0000000000000000000000000000000000024
:101CC0005F2403D5200C014E0400028B5F8001F1DC
:101CD000880300545F4000F1E2010054013C084ECB
:101CE00082001836010000F981801FF8C0035FD61A
:101CF00082001036010000B981C01FB8C0035FD652
:101D0000820000B4010000394200083681E01F78EB
:101D1000C0035FD60000803DC200303780009F3C8A
:101D2000620028360004803D80009E3CC0035FD6E0
:101D30000004803D000001AD80003FADC0035FD6D0
:101D4000211C001203EC7C920000803D5F8002F1B8
:101D50002028407A41020054E5003BD5A51040926E
:101D6000BF1000F1C10100546004803D600001AD6E
:101D700063E47A92820003CB420002D11F2003D594
:101D80006300019123740BD5420001F1A8FFFF54B9
:101D900080003EAD80003FADC0035FD6820003CB24
:101DA000634000D1424001D1600001AD600082ADCE
:101DB000420001F1A8FFFF5480003EAD80003FAD1E
:101DC000C0035FD60000000000000000000000001B
:101DD0000000000000000000000000000000000003
:101DE00000000000000000000000000000000000F3
:101DF00000000000000000000000000000000000E3
:101E00005F2403D5042C40929F803FF1C806005404
:101E1000020C40A9E8C300B2440008CB45D800B288
:101E2000660008CB67D800B2840025EAC500278A7F
:101E3000A00840FA000100548430859A000180D245
:101E4000840CC0DAE033809A8410C0DA000C448B32
:101E5000C0035FD6020C41A9440008CB45D800B2AC
:101E6000660008CB67D800B2840025EAC500278A3F
:101E7000A00840FA400100548430859A000380D2C3
:101E8000840CC0DA060280D28410C0DAC030809A96
:101E9000000C448BC0035FD61F2003D501E87B9262
:101EA0002108C1AD20AC226E00AC206E0098200E3F
:101EB0000300669E63FFFFB42098204E200000CBF5
:101EC000630000354098204E0040009100840C0FC4
:101ED0000300669E6300C0DA6210C0DA0008428B1D
:101EE000C0035FD601E87B92628081520206B8721D
:101EF00021A0404C400C044E2198204E4298204E88
:101F0000211C204E421C204E20BC224E00BC204EE4
:101F10000300669E04F87FD36324C49A23FCFFB4B5
:101F20006300C0DA6010C0DA00FC41D3C0035FD6A2
:101F3000FD7BBCA9FD030091F55B02A97600009032
:101F4000D6820191F50300AAF35301A9F71B00F90A
:101F5000F70301AA1BFEFF97C00A40F9140440F9D9
:101F600094F67E92937E3F91730217CB73CE749258
:101F7000730640D17FFE3FF10D010054010080D275
:101F8000E00315AA8BFEFF97C10A40F92100148BCC
:101F90001F0001EB20010054E00315AA0DFEFF977E
:101FA000F35341A900008052F55B42A9F71B40F9A9
:101FB000FD7BC4A8C0035FD6E10313CBE00315AAE1
:101FC0007CFEFF971F0400B120020054620000F065
:101FD000940213CBC30A40F9940240B241E04BB9DA
:101FE000E00315AA2100134B740400F941E00BB97A
:101FF000F8FDFF97F35341A920008052F55B42A9F9
:10200000F71B40F9FD7BC4A8C0035FD6010080D256
:10201000E00315AA67FEFF97C20A40F9010002CB50
:102020003F7C00F1ADFBFF54440000F0210040B2C2
:10203000410400F9630000D0812440F9000001CB85
:1020400060E00BB9D5FFFF170000000000000000A2
:10205000210A00B4FD7BBEA9FD030091F35301A941
:10206000F30301AAF40300AAD6FDFF9765825FF887
:10207000634200D1400000F000800191A2F87F92FD
:102080006400028B060840F9810440F921F47E9235
:10209000DF0004EB000C0054810400F98600018B82
:1020A0004503003767025FF8450000F0C60440F9B9
:1020B000630007CB4200078BA5C00191C600409288
:1020C000670840F9FF0005EB40090054680C40F92F
:1020D000E80C00F9070900F9C60100B54200018BC0
:1020E000810840F93F0005EBA00E0054850C40F933
:1020F000250C00F9440040B2A10800F9640400F97D
:10210000626822F806000014C50440F9A5060036EE
:10211000410040B2610400F9820000F95FFC07F160
:10212000C903005441FC49D35FFC27F1C80900549E
:1021300041FC46D324E4001125E0001184781F53AC
:10214000847C7D930400048B81045FF89F0001EB85
:10215000A100005453000014210840F99F0001EB36
:10216000A0000054200440F900F47E921F0002EB0E
:1021700048FFFF54240C40F9611001A9E00314AAA0
:10218000830800F9230C00F9F35341A9FD7BC2A891
:1021900090FDFF17C0035FD644FC43D3220080D2DA
:1021A00081040011050440F921781F53847C021337
:1021B00001CC218B4220C49A420005AA020400F9F6
:1021C00020045FF8600401A9230800F9030C00F95A
:1021D000E00314AAF35341A9FD7BC2A87DFDFF17BC
:1021E000450000F04200018BA5C00191BDFFFF1723
:1021F000860900B5850041A92100028BA00C00F9D9
:10220000220040B2050800F9620400F9616821F873
:10221000F0FFFF174100018BE500003762025FF815
:10222000630002CB2100028B640841A9820C00F9F3
:10223000440800F9420000F0240040B2640400F9B0
:10224000422840F9030800F95F0001EB28FCFF5425
:10225000610000D0E00314AA210C46F935FFFF9776
:10226000DCFFFF173F5000F1290100543F5001F1FE
:102270002803005441FC4CD324BC011125B80111A2
:1022800084781F53847C7D93AFFFFF172470011166
:10229000256C011184781F53847C7D93AAFFFF175E
:1022A000060440F9A57C0213220080D24220C59A80
:1022B000420006AA020400F9B0FFFF17030C02A9AE
:1022C000410040B2619400A9650C00F9626822F8EF
:1022D000C0FFFF173F5005F1E800005441FC4FD309
:1022E00024E0011125DC011184781F53847C7D9347
:1022F00095FFFF173F5015F1E800005441FC52D301
:1023000024F4011125F0011184781F53847C7D93FE
:102310008DFFFF1704FE80D2C50F80528AFFFF1782
:10232000400040B2600400F9820000F9A9FFFF17E5
:10233000FFC309D1FD7B00A9FD030091F55B02A954
:10234000F50301AA610040F9E13F00F9610440F999
:10235000E15300F9610840F9E18F00F9611840B9D3
:10236000E19300B9611C40B9F35301A9F30300AA3A
:10237000F76303A9F70302AAE1FF00B9751D0094F2
:10238000000040F9E05B00F99EFEFF97E05700F97E
:10239000020180D2E06305910100805249FEFF975F
:1023A000A022407960003836A00E40F900B300B496
:1023B000F96B04A9FB7305A9E827066DF6C307911D
:1023C00008E4002F540000F0FC0316AA94C22791E1
:1023D000EA0317AA600000D000401D91FF7700B902
:1023E000E04300F9FF9700B9FF7F0EA9FF7B00F9DA
:1023F000FFFB00B9FF8300F9F6BB00F9FF7B01B9D1
:10240000FFC300F9F7030AAAF8030AAA1F2003D59D
:10241000997640F94B1D0094E4630591037C409349
:10242000E20317AAE1330591E00313AA20033FD684
:102430001F000071E0010034EB000054E14F41B98E
:102440003F94007100350054007C4093F702008BEC
:10245000F0FFFF17E0630591020180D20100805276
:1024600018FEFF97200080D2F702008BE9FFFF17CC
:10247000FA03002AE00218CBEA0318AAFB03002A99
:10248000E0F70034E2C340F9617F4093E07B41B95B
:102490004200018B8A0700A900040011E07B01B90A
:1024A0009C430091E2C300F91F1C00712C470054AB
:1024B000E07740B900001B0BE07700B91AF6003452
:1024C000EA060091E8064039070080120B008052AE
:1024D00009008052F8030B2AF703092AF903072A97
:1024E000FA030AAAFFFF04395A070091008100513C
:1024F0001F680171C8000054E14340F9205860781A
:102500006100001020A8208B00001FD6E903172AC5
:10251000EB03182AEA031AAA28F300343A0080527F
:10252000FB230691F7031A2A01008052190080D27A
:102530000700805218008052FF8B00B9FF9B00B942
:10254000FFFF0439E823063932011F72420B0011E4
:10255000E0C340F95A109A1A8E1080522E010E6A6A
:102560008100005464011A4B9F0000716C1A0054E2
:10257000A1010034E17B41B9E2FF04910004009124
:10258000820300F921040011220080D2820700F9A1
:102590009C430091E17B01B9E0C300F93F1C00714D
:1025A000EC200054B2010034E17B41B9E203059113
:1025B00000080091820300F921040011420080D23A
:1025C000820700F99C430091E17B01B9E0C300F967
:1025D0003F1C0071CC3E0054DF0102710029005401
:1025E000E700174BFF0000710C050054290E40371F
:1025F000E17B41B9EC7E409300000C8B9B3300A93A
:1026000021040011E17B01B9E0C300F93F1C007116
:102610008C2400549C4300918900103677011A4B9A
:10262000FF020071CC3E0054E17740B97F011A6B84
:1026300063A19A1A2100030BE17700B9003000B5BD
:10264000FF7B01B9D90000B4E10319AAE00313AA82
:10265000EA4700F97FFEFF97EA4740F9FC0316AA14
:1026600069FFFF1700C10051180080524817403819
:102670000B0B180B18040B0B00C100511F24007129
:1026800069FFFF549AFFFF17640000D0E17B41B956
:1026900084402091FF4000718D050054E2031CAA84
:1026A0000D0280D2FC030AAAE8BB00B9E9C300B955
:1026B000EBCB00B9F7D300B9F703072AF8DB00B971
:1026C000F80304AA04000014F7420051FF4200710D
:1026D000AD0200540040009121040011583400A9BB
:1026E00042400091E17B01B9E0C300F93F1C007159
:1026F000CDFEFF54E2C30591E10315AAE00313AA3E
:10270000B0260094A02A0035F7420051E17B41B980
:10271000E0C340F9E20316AA0D0280D2FF42007125
:10272000ACFDFF54E703172AE40318AAE8BB40B93D
:10273000EA031CAAE9C340B9FC0302AAEBCB40B9E7
:10274000F7D340B9F8DB40B9E77C4093210400118E
:102750000000078B841F00A99C430091E17B01B915
:10276000E0C300F93F1C00712DF4FF54E2C3059152
:10277000E10315AAE00313AAE8BB00B9E9C300B955
:10278000EBCB00B9EA6B00F98E2600946026003589
:10279000E9C340B9FC0316AAEA6B40F9E0C340F96B
:1027A000E8BB40B9EBCB40B949F247361F2003D50F
:1027B0001F9501714D2700540821601E213F0054D0
:1027C000E17B41B90004009162000090240080D2B6
:1027D0004260049121040011821300A99C430091DE
:1027E000E17B01B9E0C300F93F1C0071ECC5005466
:1027F000E29740B9E14B41B93F00026BEA7F0054D8
:10280000E28F4AA9830B00A9E17B41B99C43009167
:1028100021040011E17B01B90000028BE0C300F943
:102820003F1C00718C8C0054E19740B93704005173
:10283000FF0200712DEFFF54640000D0E17B41B92D
:1028400084402091FF4200710DD00054E2031CAA85
:10285000F80304AAFC030AAA1B0280D2E98B00B980
:10286000EB9B00B904000014F7420051FF420071D5
:102870002DCE00540040009121040011586C00A995
:1028800042400091E17B01B9E0C300F93F1C0071B7
:10289000CDFEFF54E2C30591E10315AAE00313AA9C
:1028A00048260094A01D0035E0C340F9E20316AAB3
:1028B000E17B41B9EDFFFF176D0000D0E17B41B92D
:1028C000AD8120919F4000714D060054E2031CAA87
:1028D0000F0280D2FC030AAAF2BB00B9EEC300B912
:1028E000E8CB00B9E9D300B9EBDB00B9E70B01B9DC
:1028F000F71301B9F703042AF82301B9F8030DAA65
:1029000004000014F7420051FF420071AD02005470
:102910000040009121040011583C00A94240009160
:10292000E17B01B9E0C300F93F1C0071CDFEFF540B
:10293000E2C30591E10315AAE00313AA212600943E
:10294000C0180035F7420051E17B41B9E0C340F9BE
:10295000E20316AA0F0280D2FF420071ACFDFF54C1
:10296000E403172AED0318AAF2BB40B9EA031CAA34
:10297000EEC340B9FC0302AAE8CB40B9E9D340B9A1
:10298000EBDB40B9E70B41B9F71341B9F82341B983
:10299000847C4093210400110000048B8D1300A956
:1029A000E17B01B9E0C300F93F1C00712CA7005482
:1029B000E1FF44399C430091EEFEFF17E2C305910D
:1029C000E10315AAE00313AAF2BB00B9EEC300B9F4
:1029D000E8CB00B9E9D300B9EBDB00B9E70B01B9EB
:1029E000EA8B00F9F725009480130035EA8B40F953
:1029F000FC0316AAE0C340F9F2BB40B9EEC340B9EC
:102A0000E8CB40B9E9D340B9EBDB40B9E70B41B9BA
:102A1000E5FEFF17E17B41B90004009164000090DE
:102A2000270080D28460049121040011841F00A932
:102A30009C430091E17B01B9E0C300F93F1C0071A8
:102A40008CEB0054E19740B92100022A21F00034B8
:102A5000E3934AA9840F00A9E17B41B98643009121
:102A600021040011E17B01B96000008BE0C300F993
:102A70003F1C00714CF00054E21AF937E29780B91C
:102A800021040011DB0800A9DC4000914000008B0C
:102A9000E17B01B9E0C300F93F1C0071EDDBFF549D
:102AA000E2C30591E10315AAE00313AAE98B00B97B
:102AB000EB9B00B9EA5F00F9C2250094E00C0035F9
:102AC000EA5F40F9FC0316AAE0C340F9E98B40B97C
:102AD000EB9B40B9D1FEFF1748034039F7021C3287
:102AE00082FEFF17FA03002AE00218CBEA0318AAB5
:102AF000FB03002A60CEFF3463FEFF176D011A4B03
:102B0000BF010071EDD6FF54640000D0E17B41B9F4
:102B100084402091BF410071CD050054E2031CAAFE
:102B20000E0280D2FC030AAAE8BB00B9E9C300B9CF
:102B3000EBCB00B9E7D300B9F7DB00B9F7030D2AF7
:102B4000F80B01B9F80304AA04000014F74200517D
:102B5000FF420071AD0200540040009121040011B9
:102B6000583800A942400091E17B01B9E0C300F967
:102B70003F1C0071CDFEFF54E2C30591E10315AA8D
:102B8000E00313AA8F25009480060035F742005118
:102B9000E17B41B9E0C340F9E20316AA0E0280D2FC
:102BA000FF420071ACFDFF54ED03172AE40318AA9D
:102BB000E8BB40B9EA031CAAE9C340B9FC0302AA76
:102BC000EBCB40B9E7D340B9F7DB40B9F80B41B9DB
:102BD000AD7D40932104001100000D8B843700A9C6
:102BE0009C430091E17B01B9E0C300F93F1C0071F7
:102BF0008DCFFF54E2C30591E10315AAE00313AAA8
:102C0000E8BB00B9E9C300B9EBCB00B9E7D300B921
:102C1000EA6F00F96B25009400020035EA6F40F975
:102C2000FC0316AAE0C340F9E8BB40B9E9C340B9C8
:102C3000EBCB40B9E7D340B96AFEFF17E2C3059179
:102C4000E10315AAE00313AAEA4700F95D25009401
:102C5000EA4740F960CFFF34E10319AA610000B4EC
:102C6000E00313AAFBFCFF97A022407900001A1290
:102C7000F96B44A9FB7345A9E827466D6016013539
:102C8000FD7B40A9F35341A9F55B42A9F76343A932
:102C9000E07740B9FFC30991C0035FD6E17B41B93A
:102CA00000040091E39740B9824300912104001190
:102CB0007F0400712D220054240080D29B1300A9B0
:102CC000E17B01B9E0C300F93F1C0071AC2A00545C
:102CD000E3934AA921040011440C00A94240009149
:102CE000E17B01B90000038BE0C300F93F1C0071D8
:102CF0002C2700540821601EE39740B97704005147
:102D000080220054F77E4093210400110000178BAD
:102D1000E17B01B9E0C300F965070091450000F9C6
:102D2000570400F93F1C00718C620054424000912E
:102D3000E4FB80B921040011E5430591451000A989
:102D40008000008BE17B01B95C400091E0C300F999
:102D50003F1C00712DC6FF54E2C30591E10315AA83
:102D6000E00313AAE98B00B9EB9B00B9EA5F00F915
:102D70001425009420F7FF35EA5F40F9FC0316AAFA
:102D8000E0C340F9E98B40B9EB9B40B923FEFF1744
:102D9000E2C30591E10315AAE00313AA09250094F3
:102DA00040F6FF35FC0316AAC2FDFF17E2C30591EA
:102DB000E10315AAE00313AAEEBB00B9E8C300B90A
:102DC000E9CB00B9EBD300B9E7DB00B9EA8700F93A
:102DD000FC24009420F4FF35EA8740F9FC0316AA8E
:102DE000E0C340F9EEBB40B9E8C340B9E9CB40B914
:102DF000EBD340B9E7DB40B9F8FDFF176D0000D019
:102E0000E17B41B9AD812091FF420071ED03005497
:102E1000F8030DAA1B0280D2EB8B00B9EA4F00F930
:102E200004000014F7420051FF4200718D0200546B
:102E30000040009121040011986F00A99C4300916B
:102E4000E17B01B9E0C300F93F1C0071CDFEFF54E6
:102E5000E2C30591E10315AAE00313AAD924009463
:102E6000C0EFFF35F7420051E17B41B9E0C340F9C3
:102E7000FC0316AAFF420071CCFDFF54EA4F40F953
:102E8000ED0318AAEB8B40B9F77E409321040011A3
:102E90000000178B8D5F00A9E17B01B9E0C300F949
:102EA0003F1C00712DBCFF54E2C30591E10315AA3C
:102EB000E00313AAEB8B00B9EA4F00F9C124009498
:102EC000C0ECFF35EA4F40F9E0C340F9EB8B40B965
:102ED000D6FDFF17E0FF40B9E903172AEB03182AD4
:102EE000E703192AEA031AAA094B1836E0C1F83792
:102EF000E03F40F9003C009100EC7C9201400091E1
:102F0000E13F00F90000C03DE88B00B9E99B00B942
:102F1000EBBB00B9E7C300B9EA6700F9E926009402
:102F2000EA6740F90840601EE88B40B9E99B40B968
:102F3000EBBB40B9E7C340B900C1601E0002F0928C
:102F40000100679E0020611E0D7F00541821601E45
:102F500084C20054E1FF4439600000906500009095
:102F60001F1D017100000391A5200391FF8B00B983
:102F70007A008052FF9B00B929791812BBC0809A51
:102F8000F7031A2A190080D20700805218008052D5
:102F9000C1ADFF341F2003D55A0700116BFDFF1789
:102FA000E24B41B95F0000716DD3FF54E19740B926
:102FB0001F03016B17D3811A2C7C4093FF02007111
:102FC0006D010054E17B41B9E27E40930000028B29
:102FD0009B0B00A921040011E17B01B99C430091E6
:102FE000E0C300F93F1C00714CC10054FF020071A6
:102FF000E4A29F1A1703044BFF0200714C530054C4
:1030000068C3388BE95B5037E19740B9F74B41B95A
:10301000FF02016B2B64005409640037E19740B94B
:103020007B030C8B7B0308CB3700174BFF021B6B1A
:10303000FBB29B1A7F0300716D010054E17B41B923
:10304000627F40930000028B880B00A921040011CD
:10305000E17B01B99C430091E0C300F93F1C007182
:103060002CE700547F0300717BA39F1AF7021B4BD0
:10307000FF0200712DADFF54640000B0E17B41B947
:1030800084402091FF4200710D8E0054E2031CAA7F
:10309000F80304AAFC030AAA1B0280D2E98B00B938
:1030A000EB9B00B904000014F7420051FF4200718D
:1030B0002D8C00540040009121040011586C00A98F
:1030C00042400091E17B01B9E0C300F93F1C00716F
:1030D000CDFEFF54E2C30591E10315AAE00313AA54
:1030E00038240094A0DBFF35E0C340F9E20316AAC0
:1030F000E17B41B9EDFFFF1709DE0737240080D2DD
:103100009B1300A9E17B01B9E0C300F93F1C0071EA
:103110000DE1FF54E2C30591E10315AAE00313AAF0
:10312000E98B00B9EB9B00B9EA5F00F92524009414
:1031300040D9FF35EA5F40F9E20316AAE0C340F93F
:10314000E98B40B9EB9B40B9E17B41B9F9FEFF1730
:10315000E39740B97F040071CDDEFF54640000B0F6
:10316000844020917F4400716D3F0054FC030B2A82
:10317000F80304AA1B0280D2E98B00B9EA4F00F9D8
:1031800004000014F7420051FF420071CD3D00548D
:103190000040009121040011586C00A942400091A8
:1031A000E17B01B9E0C300F93F1C0071CDFEFF5483
:1031B000E2C30591E10315AAE00313AA01240094D8
:1031C000C0D4FF35E0C340F9E20316AAE17B41B960
:1031D000EDFFFF17E2C30591E10315AAE00313AA6F
:1031E000E98B00B9EB9B00B9EA5F00F9F523009485
:1031F00040D3FF350821601EE39740B9EA5F40F9EC
:10320000E20316AAE0C340F977040051E98B40B904
:10321000EB9B40B9E17B41B9C0F9FF54BAFEFF17FF
:10322000E2C30591E10315AAE00313AAE98B00B9F3
:10323000EB9B00B9EA5F00F9E2230094E0D0FF3590
:10324000EA5F40F9E20316AAE0C340F9E98B40B90E
:10325000EB9B40B9E17B41B99EFEFF17E09340B97B
:10326000E903172AEB03182AE703192AEA031AAA23
:10327000C032F837E03F40F9013C009121F07D92E7
:10328000E13F00F91B0040F9FFFF0439FB8500B462
:103290001F4D01716072005438011C1229722037D1
:1032A000A7BBF837E27C4093E0031BAA01008052E1
:1032B000E78B00B9E99B00B9EBBB00B9EA6300F901
:1032C000101A0094EA6340F9F90300AAE78B40B9A9
:1032D000E99B40B9EBBB40B900FB00B4E1FF4439C6
:1032E00003001BCBFF8B00B97F000071FF9B00B96F
:1032F000F703032A7AA09F1A07008052190080D290
:10330000680E80522192FF3424FFFF17E903172A29
:10331000EB03182AEA031AAA1F0D0171400000549A
:10332000A92F2036E0A30591020180D2010080522E
:10333000E88B00B9E99B00B9EBBB00B9EA6300F97F
:1033400060FAFF97E09340B9EA6340F9E88B40B92F
:10335000E99B40B9EBBB40B94082F837E03F40F908
:10336000012C009121F07D92E13F00F9020040B96B
:10337000F8230691E3A30591E10318AAE00313AA39
:10338000E88B00B9E99B00B9EBBB00B9EA6300F92F
:1033900064230094EA6340F9F703002AE88B40B9FC
:1033A0001F040031E99B40B9EBBB40B920DC00545D
:1033B0001F0000711AA09F1AFB0318AA0100805277
:1033C000190080D20700805218008052FF8B00B98C
:1033D000FF9B00B9FFFF04395CFCFF17F803184B93
:1033E000E03F00F948034039F7021E323FFCFF1767
:1033F000EA031AAAEB03182AE703192AFA021C3275
:10340000E09340B95A002837FA202036E04BF837CD
:10341000E03F40F9013C009121F07D92E13F00F94D
:10342000000040F92100805202008052E2FF04397E
:103430000718F8371F0000F1497B1812E008407A9E
:103440006117005481040035570300127A1C0036BE
:10345000FBAF07910006805207008052E0AF0739AA
:10346000E1FF4439FF00176BFF8B00B9FAA0971AF0
:10347000FF9B00B9190080D2180080526186FF348A
:10348000C6FEFF17EB03182AE703192AEA031AAA54
:10349000E9021C32E09340B949002837291B203645
:1034A0008048F837E03F40F9013C009121F07D92DF
:1034B000E13F00F9010040F9E00301AA4119F8B722
:1034C000A717F8371F0000F129791812E008407A91
:1034D00021170054FBB30791070080521700805258
:1034E000E0FFFF17EB03182AE703192AEA031AAAD9
:1034F000E9021C32E09340B949002837891B203685
:103500000043F837E03F40F9013C009121F07D9203
:10351000E13F00F9000040F93A79151201008052AC
:10352000C2FFFF1748034039F7021D32EFFBFF17B8
:1035300048034039F7021B32ECFBFF17E09340B918
:10354000E903172AEB03182AE703192AEA031AAA40
:10355000801AF837E03F40F9013C009121F07D925C
:10356000E13F00F9000040F902068F52430000F0ED
:103570003A011F326380039141008052080F80524C
:10358000E37300F9E2830279A8FFFF17E09340B9E3
:10359000E903172AEA031AAAA90128378901203763
:1035A000A99C303749CE483620ECF837E03F40F947
:1035B000013C009121F07D92E13F00F9000040F9CB
:1035C000E1D34139010000398FFBFF178023F83721
:1035D000E03F40F9013C009121F07D92E13F00F98C
:1035E000000040F9E17780B9010000F986FBFF1780
:1035F000480340391FB1017120200054F7021C32EA
:10360000BAFBFF17480340391FA10171001F005486
:10361000F7021A32B5FBFF176005805248034039A4
:10362000E0FF0439B1FBFF1748034039F7021932B4
:10363000AEFBFF17E1031AAA281440381FA9007136
:1036400040EF005400C10051FA0301AA0700805264
:10365000190080521F240071A874FF541F2003D545
:1036600028144038E708070B0704070B00C1005176
:103670001F24007169FFFF54FF000071FA0301AAC3
:10368000F9A09F5A9AFBFF17E09340B92013F8372F
:10369000E03F40F9002C009100F07D92E13F40F9BD
:1036A000380040B9D8E9FF3748034039E03F00F916
:1036B0008EFBFF17E00313AAA6180094000440F93C
:1036C000E07700F9CFF9FF97E10300AAFB0301AA15
:1036D000E00313AAE18300F99E180094000840F962
:1036E000E07B00F97F0300F1041840FAC00B00549E
:1036F00001004039E0021632480340393F000071B2
:103700001710971A79FBFF1748034039F702003268
:1037100076FBFF17E0FF443948034039606EFF3500
:1037200000048052E0FF043970FBFF17FA03092AF6
:103730003F04007120040054F7B30791FB0317AA5C
:103740003F08007161010054E27340F91F2003D566
:10375000010C409200FC44D34168613861FF1F387E
:1037600080FFFFB5F7021B4BE9031A2A3DFFFF1745
:1037700001080012E2031BAA21C0001161FF1F38DB
:1037800000FC43D360FFFFB53FC00071E0079F1A04
:103790005F03006A80FEFF54420800D10006805299
:1037A000E9031A2AF702024B60F31F38FB0302AA4F
:1037B0002CFFFF17FA03092A1F2400F1A855005413
:1037C00000C00011E9031A2AFBAF079137008052AD
:1037D000E0AF073923FFFF17FBB3079107008052C3
:1037E00020FFFF17E00300CBFA03092AA20580524D
:1037F000210080520EFFFF170971073601FCFF17E9
:10380000E95E3036E08DF837E03F40F9012C009159
:1038100021F07D92E13F00F900008079E10300AAE8
:1038200027FFFF173A6230368089F837E03F40F9CA
:10383000012C009121F07D92E13F00F900004079D8
:1038400021008052F9FEFF17A075F837E03F40F9DC
:10385000013C0091080040FD21F07D92E13F00F91C
:10386000B6FDFF174803403920FBFF17495D30368E
:103870002089F837E03F40F9012C009121F07D923A
:1038800000004079E13F00F924FFFF17E903172A00
:10389000EB03182AE703192AEA031AAAFEFEFF1708
:1038A000E09340B9012000113F0000712D9F0054AA
:1038B000E03F40F9E19300B9023C009141F07D9274
:1038C000E13F00F928FFFF17E09340B90120001104
:1038D0003F0000712D9B0054E03F40F9E19300B997
:1038E000023C009141F07D92E13F00F966FEFF1736
:1038F000E09340B9012000113F000071CD9B0054BE
:10390000E03F40F9E19300B9002C009100F07D9276
:1039100063FFFF17E09340B9A099F837E03F40F903
:10392000012C009121F07D92E13F00F9000040B9A7
:103930003A008052F8230691F7031A2AE023063949
:103940009EFEFF17EA4F40F9EB031C2AE98B40B9B2
:10395000E40318AAF77E4093210400110000178B9E
:10396000E17B01B9E0C300F9440000F9570400F914
:103970003F1C0071CD9DFF54E2C30591E10315AAE0
:10398000E00313AAE98B00B9EB9B00B9EA5F00F9E9
:103990000C2200942096FF35EA5F40F9E20316AA54
:1039A000E0C340F9E98B40B9EB9B40B9E17B41B9F9
:1039B000E0FCFF17E2C30591E10315AAE00313AA97
:1039C000E98B00B9EB9B00B9EA5F00F9FD21009497
:1039D0004094FF35EA5F40F9FC0316AAE0C340F9C2
:1039E000E98B40B9EB9B40B990FBFF174807403982
:1039F000F70217325A070091BCFAFF1748074039FF
:103A0000F7021B325A070091B8FAFF17E00313AA16
:103A1000010880D26BF5FF97A00200F9A00E00F913
:103A2000A0D700B4F96B04A900088052FB7305A964
:103A3000E827066DA02200B961FAFF17E09340B9AC
:103A4000012000113F0000714D970054E03F40F904
:103A5000E19300B9023C009141F07D92E13F00F911
:103A6000E0FEFF17640000B0E17B41B98440209183
:103A7000FF4200712D610054E2031CAA080280D2AB
:103A8000FC030AAAEC5F00F9E9C300B9EBCB00B96B
:103A9000F8D300B9F80304AA04000014F742005157
:103AA000FF420071CD5E00540040009121040011DE
:103AB000582000A942400091E17B01B9E0C300F920
:103AC0003F1C0071CDFEFF54E2C30591E10315AA2E
:103AD000E00313AABB210094008CFF35E0C340F93A
:103AE000E20316AAE17B41B9080280D2ECFFFF177E
:103AF000E903172AEB03182AE703192AEA031AAA8B
:103B0000400000F000E00391E07300F9E09340B959
:103B1000A90F2837890F2037E94830366076F83703
:103B2000E03F40F9012C009121F07D9200004079A6
:103B3000E13F00F97A000014EA031AAAEB03182AFD
:103B4000E703192AFA03172A2EFEFF17400000F098
:103B5000E903172A00800391EB03182AE703192AC7
:103B6000EA031AAAE07300F9E9FFFF17E903172A2D
:103B7000EB03182AE703192AEA031AAA5EFEFF17C5
:103B8000E18B40B93F000071E19B40B920D8407AF9
:103B90008DCC00546D030C8BE2031CAA640000B0B2
:103BA000FC03012A84402091F8030DAA170280D259
:103BB000F34F00F9F95F00F9F90308AAEC6F00F977
:103BC000FB8700F9FB7B40F9E91301B9EB2301B94D
:103BD000FA2701B9FA8340F9EA9700F9280000149E
:103BE0009C070051E17B41B900001A8BE37740F953
:103BF00021040011436800A942400091E17B01B912
:103C0000E0C300F93F1C00712C17005461034039D8
:103C1000050319CBE30318AA3F00056B33B0851ADF
:103C20007F0200718D010054E17B41B96A7E4093AF
:103C300000000A8B592800A921040011E17B01B979
:103C4000E0C300F93F1C00716C3600546103403939
:103C5000424000917F02007165A29F1A3300054B1C
:103C60007F020071AC0B0054E58B40B93903218B06
:103C7000BF00007180DB407ACDB100549F0300711A
:103C80000CFBFF54E18B40B97B0700D121040051AC
:103C9000E18B00B9D4FFFF17E28F4AA9830B00A97B
:103CA000E17B41B99C43009121040011E17B01B902
:103CB0000000028BE0C300F93F1C00710D9BFF5414
:103CC000E2C30591E10315AAE00313AAEC4700F94A
:103CD000E99B00B9EBBB00B9E82B0CA93921009492
:103CE000C07BFF35EC4740F9FC0316AAE82B4CA932
:103CF000E0C340F9E99B40B9EBBB40B9F74B41B990
:103D0000C7FCFF17A001F837E03F40F9013C0091E4
:103D100021F07D92E13F00F9000040F91F0000F121
:103D2000E1079F1A3F01016A610F00543A791512A9
:103D300041008052BDFDFF17E09340B90120001102
:103D40003F000071ED350054E03F40F9E19300B9C8
:103D5000023C009141F07D92E13F00F9EFFFFF1737
:103D6000E09340B9012000113F0000710D3900546B
:103D7000E03F40F9E19300B9023C009141F07D92AF
:103D8000E13F00F9E4FDFF17E09340B90120001185
:103D90003F000071AD310054E03F40F9E19300B9BC
:103DA000023C009141F07D92E13F00F99DFDFF173B
:103DB000E09340B9012000113F000071CD34005460
:103DC000E03F40F9E19300B9023C009141F07D925F
:103DD000E13F00F9B8FDFF176A0000B0E17B41B98F
:103DE0004A4120917F420071ED030054E3130CA976
:103DF000F86B00F9F84F40F90400001473420051C9
:103E00007F420071CD020054004000912104001156
:103E1000445C00A942400091E17B01B9E0C300F994
:103E20003F1C0071CDFEFF54E2C30591E10315AACA
:103E3000E00318AAE3200094607700357342005134
:103E4000630000B0E0C340F9E20316AAE17B41B988
:103E5000644020917F4200718CFDFF54E32B4CA9FC
:103E6000F86B40F9657E4093210400110000058B3A
:103E70004A1400A9E17B01B9E0C300F93F1C0071BD
:103E80002C710054610340394240009177FFFF17C5
:103E9000E2C30591E10315AAE00313AAF2BB00B93E
:103EA000EEC300B9E8CB00B9E9D300B9EBDB00B948
:103EB000E70B01B9EA8B00F9C2200094E06CFF35F2
:103EC000EA8B40F9FC0316AAE0C340F9E1FF44394C
:103ED000F2BB40B9EEC340B9E8CB40B9E9D340B931
:103EE000EBDB40B9E70B41B9A2F9FF17E04F40F90E
:103EF000E2C30591E10315AAB2200094C0A20035E7
:103F0000E0C340F9610000B0E20316AA244020910A
:103F10003FFFFF170106805229011F32E1030539D7
:103F2000E807053982FFFF170021681E468C005400
:103F300017791A12FF060171412B0054010F8052AC
:103F40001F850171000B80520010811A01068052FA
:103F5000E1030539E0070539FB230691190080D2FA
:103F6000FF8C0171EC5B00540101669E0041611EF3
:103F7000A2058052E0230591E88B00B9E9AF122930
:103F800021FC60D3EA6300F93F000071E7FB00B950
:103F900041B09F1AE1BB00B900BC681E1117009424
:103FA0000110681EE88B40B9EA6340F90108611E00
:103FB000E9AF5229E7FB40B92820601E2055005484
:103FC000E303072A1F85017163040091400000F09C
:103FD000420000F00080039142E003916303038BF1
:103FE0004210809A0210661EE0031BAA0300001410
:103FF0002820601E608800542108621EEC0300AA7D
:104000002100781E2000621E44C861380414003864
:104010002138601E7F0000EBC1FEFF5400106C1EB3
:104020003020601E8C0000542020601EA10200542D
:1040300081020036ECB700F9E10300AA443C4039A4
:1040400003F05F387F00046B2101005407068052A3
:1040500027F01F38E1B740F9230400D1E3B700F996
:1040600023F05F389F00036B40FFFF54640400118E
:10407000841C00127FE400714055005424F01F3866
:10408000F84B41B900001B4B013D001129011F32C3
:10409000211C001222008052E09700B90007005155
:1040A000E04B01B93B010014E2C30591E10315AAFD
:1040B000E00313AAE98B00B9EB9B00B9EA5F00F9B2
:1040C00040200094A05CFF35EA5F40F9FC0316AA8B
:1040D000E0C340F9E98B40B9EB9B40B9C5F9FF1744
:1040E000E0830591020180D201008052E88B00B983
:1040F000E99B00B9EBBB00B9E7C300B9EA6700F977
:10410000FBB700F9EFF6FF97E7C340B9EA6740F95C
:10411000E88B40B9E99B40B9EBBB40B9C731F837F0
:10412000180080D217008052FA03092AF903072ADF
:10413000F54700F9F503172AF70318AAF8030AAAA6
:10414000E89B00B9EBBB00B90D000014E3830591B7
:10415000E1230691E00313AAF21F00941F0400312B
:10416000A06F0054A002000B1F00196BEC0000545C
:10417000F712009180730054F503002AE0B740F96C
:10418000026877B842FEFF35F703152AE89B40B96D
:10419000F54740F9E9031A2AEBBB40B9EA0318AA2C
:1041A00077320034FF8E01712C460054FB230691B8
:1041B000190080D2020180D201008052E083059173
:1041C000E88B00B9E99B00B9EBBB00B9EA6300F9E1
:1041D000BCF6FF97E07E4093E4830591F80300AAC4
:1041E000E30300AAE2A30591E1031BAAE00313AADB
:1041F000F01F0094EA6340F91F0300EBE88B40B91D
:10420000E99B40B9EBBB40B9C19700547FCB37382D
:10421000FF020071FF8B00B9FAA29F1AE1FF443937
:1042200007008052FF9B00B918008052E118FF344C
:104230005AFBFF17E98B40B9EA031CAAEB9B40B974
:10424000FC0302AAE40318AAF77E4093210400119C
:104250000000178BE17B01B9E0C300F9845F00A97E
:104260003F1C0071EC41FF549C430091EBF8FF1799
:10427000F7B3079143031612F8E702B2E20317AA55
:10428000E40317AA05008052F70313AAB89999F21C
:10429000F303032AE30315AAF57B40F90700001492
:1042A000197CD89B39FF43D31F2400F149020054E5
:1042B000E00319AAE2031BAA197CD89BA5040011EC
:1042C0005B0400D139FF43D3210B198B010401CBCF
:1042D00021C0001141F01F3853FEFF34A1024039C4
:1042E0003FFC03712010457AC1FDFF541F2400F1EB
:1042F000484F0054F30317AAF70304AAF7021B4B15
:10430000E9031A2AE59700B9F57B00F9F50303AA3A
:1043100054FCFF17E04F40F9E2C30591E10315AAF1
:10432000F86300F9A71F009460810035E36340F94A
:1043300064000090E0C340F9E20316AA610340392B
:104340008440209144FEFF17FF180071C300805283
:10435000FA90831A450000D0F7031A2ABB40049153
:10436000190080D20100805207008052180080524C
:10437000FF8B00B9FF9B00B974F8FF17E0C340F949
:104380004047FFB4E00313AAE2C30591E10315AA75
:104390008C1F0094A022407900001A1235FAFF17F2
:1043A000E09340B9012000113F000071AD2E005490
:1043B000E03F40F9E19300B9022C009141F07D9279
:1043C000E13F00F9EAFBFF17E25340F9E09340B9FF
:1043D000E19300B940C0208B12FCFF17C929483671
:1043E000E05EF837E03F40F9012C009121F07D922A
:1043F000E13F00F900008039E10300AA30FCFF171B
:10440000E25340F9E09340B9E19300B940C0208BFA
:1044100042FEFF17292748362072F837E03F40F95F
:10442000012C009121F07D9200004039E13F00F91C
:104430003AFCFF1749254836E068F837E03F40F975
:10444000012C009121F07D9200004039E13F00F9FC
:1044500033FEFF17E25340F9E09340B9E19300B90E
:1044600040C0208B14FCFF17BA224836E06BF837A7
:10447000E03F40F9012C009121F07D92E13F00F9ED
:104480000000403921008052E8FBFF17E25340F959
:10449000E09340B9E19300B940C0208B1EFCFF17A8
:1044A000FF04003100310054FF1E0171E008407A22
:1044B000E7149F1A0001669E3901183200FC60D390
:1044C0006057F8370941601EFFBB00B9E8A7122901
:1044D0002041601EEBC300B9EA6700F9FF1A0171C1
:1044E00081360054E203072A61008052E5A305915A
:1044F000E4830591E3230591E00313AAE78B00B958
:1045000044160094E78B40B9FB0300AA0100403930
:10451000EA6740F93FC00071E8A7522900C0278B25
:10452000EBC340B960430054E14B41B901C0218B5A
:104530002821601E80420054E0B740F903068052F3
:104540003F0000EBE900005402040091E2B700F9DB
:1045500003000039E0B740F93F0000EB68FFFF546B
:10456000F84B41B900001BCBE09700B9FF1E017169
:10457000402E005400070051FF1A017160410054A1
:10458000011D001202008052190080D2E04B01B9D7
:10459000E1430539610580528000F83620008052E1
:1045A0000000184BA1058052E14705391F24007116
:1045B000AD4A0054ECBF0591AD999952E4030CAAA1
:1045C0008D99B972027CAD9BE30304AAE503002A2E
:1045D000840400D142FC63D34108020B0104014B67
:1045E000E003022A21C0001161F01F38BF8C017165
:1045F000ACFEFF5440C0001180F01F38600800D1AD
:104600001F000CEBC2700054E14B059102144038BE
:10461000221400381F000CEBA1FFFF54E0C30991E6
:10462000030003CB60F40351E0FB00B9E09740B90D
:10463000E1FB40B91700010B1F040071AD4A0054A3
:10464000E0AB40B9F702000B29791512FF020071A7
:1046500029011832FAA29F1A18008052FF8B00B964
:10466000FF9B00B9E0BB40B940270035E1FF44396A
:1046700007008052A1F6FE3448FAFF17EC5F40F9BC
:10468000E40318AAE9C340B9EA031CAAEBCB40B97A
:10469000FC0302AAF8D340B9E77E4093210400113D
:1046A0000000078B841F00A99C430091E17B01B9A6
:1046B000E0C300F93F1C00714D4AFF54E2C305916D
:1046C000E10315AAE00313AAEC5F00F9E9C300B9FE
:1046D000EBCB00B9EA6B00F9BA1E0094E02BFF3572
:1046E000EC5F40F9FC0316AAEA6B40F9E0C340F91D
:1046F000E9C340B9EBCB40B942FAFF17E0FF40B93C
:10470000014000113F0000712D1D0054E03F40F9B1
:10471000E1FF00B9023C0091080040FD41F07D92AC
:10472000E13F00F905FAFF17E0FF40B90140001131
:104730003F000071CD1C0054E03F40F9E1FF00B99B
:10474000003C009100EC7C9201400091E13F00F9B7
:10475000EDF9FF17E4830591E2A30591E00313AAA5
:10476000030080D2010080D2E88B00B9E99B00B938
:10477000EBBB00B9EA6300F98E1E0094EA6340F9CE
:10478000F703002AE88B40B91F040031E99B40B9C8
:10479000EBBB40B9006D0054FBB700F981FEFF1779
:1047A000A0058052A1058052E0FF0439EBF9FF1704
:1047B000E2C30591E10315AAE00313AAE98B00B94E
:1047C000EB9B00B9EA5F00F97E1E00946024FF3580
:1047D000EA5F40F9FC0316AAE0C340F9E98B40B94F
:1047E000EB9B40B9E24B41B997F8FF17E1FF443921
:1047F0001A008052FF8B00B907008052FF9B00B95E
:1048000018008052190080D201EAFE34E3F9FF1744
:10481000E2C30591E10315AAE00313AAEC5F00F9D6
:10482000E9C300B9EBCB00B9EA6B00F9651E00944F
:104830004021FF35EC5F40F9FC0316AAEA6B40F912
:10484000E0C340F9E9C340B9EBCB40B9E8F9FF1741
:1048500049EE0636E28F4AA9830B00A9E17B41B9F4
:104860008643009121040011E17B01B94000008BD7
:10487000E0C300F93F1C00712D10FF54E2C3059105
:10488000E10315AAE00313AAE98B00B9EB9B00B979
:10489000EA5F00F94B1E0094001EFF35EA5F40F905
:1048A000E60316AAE0C340F9E98B40B9EB9B40B997
:1048B000E24B41B9E17B41B970F8FF172048F83766
:1048C000E03F40F9012C009121F07D92E13F00F999
:1048D000000040B921008052D4FAFF176042F83737
:1048E000E03F40F9012C009121F07D92000040B999
:1048F000E13F00F90AFDFF174044F837E03F40F977
:10490000012C009121F07D92000040B9E13F00F9B7
:1049100002FBFF17E047F837E03F40F9012C009118
:1049200021F07D92E13F00F9000080B9E10300AA87
:10493000E3FAFF17A04AF837E03F40F9013C009145
:1049400021F07D92E13F00F9000040F9E1EB407970
:1049500001000079ACF6FF17E09340B90120001187
:104960003F0000714D3C0054E03F40F9E19300B935
:10497000022C009141F07D92E13F00F9B0FBFF175E
:10498000E25340F9E09340B9E19300B940C0208B75
:1049900077FAFF17E09340B9012000113F00007142
:1049A0000D330054E03F40F9E19300B9022C00912F
:1049B00041F07D9200004079E13F00F9D7FAFF17FE
:1049C000E09340B9012000113F0000716D380054A0
:1049D000E03F40F9E19300B9022C009141F07D9253
:1049E000E13F00F98DFBFF17E09340B90120001172
:1049F0003F0000712D310054E03F40F9E19300B9D0
:104A0000022C009141F07D9200004079E13F00F9D5
:104A1000C3FCFF17E0031BAAE9BB00B9EBC300B955
:104A2000190080D2EA6700F9F6F4FF97E1FF4439F4
:104A30001F000071FF8B00B9F703002AFF9B00B92C
:104A40001AA09F1AEA6740F907008052E9BB40B9F3
:104A5000680E8052EBC340B981D7FE344FF9FF177F
:104A600020008052E04B01B956FDFF17E10600110E
:104A7000E00313AAE88B00B9217C4093E99B00B9BD
:104A8000EBBB00B9EA6300F94EF1FF97EA6340F926
:104A9000FB0300AAE88B40B9E99B40B9EBBB40B9E6
:104AA000A05400B4F90300AAC3FDFF17E28F40F938
:104AB000E0FF40B9E1FF00B940C0208B080040FD95
:104AC0001EF9FF17C70080527BFEFF17E28F40F9E7
:104AD000E0FF40B9E1FF00B940C0208B0AF9FF17A1
:104AE000E1040011E00313AAE78B00B9217C409395
:104AF000E8A71229EA5F00F9EBFB00B931F1FF9753
:104B0000EA5F40F9FB0300AAE78B40B9E8A7522906
:104B1000EBFB40B9E02000B4F90300AA13FDFF1736
:104B20004428403956FDFF17E0B740F9F84B41B92A
:104B300000001BCBE09700B9FF00186B01AB433AB4
:104B40004A01005408090051000700518DFEFF176B
:104B5000A00580525A070011A1058052070080521B
:104B6000E0FF043979F6FF17E19740B93F00186B71
:104B70008C170054E0AB40B93F0140F20C03000B2E
:104B80009711981A690050361F0300712C250054A4
:104B9000FF020071E80C8052FAA29F1AE903192A59
:104BA000190080D2FF8B00B9FF9B00B9AEFEFF1742
:104BB000FF16017121020054F804001141008052D7
:104BC000E203182AE5A30591E4830591E323059107
:104BD000E00313AAE78B00B98E140094FB0300AA2C
:104BE000EA6740F901C0388BE78B40B9E8A7522942
:104BF000EBC340B94FFEFF17E203072AE5A3059177
:104C0000E4830591E3230591E00313AA4100805258
:104C1000E78B00B97F140094E8A75229FB0300AA90
:104C2000EA6740F9E78B40B9EBC340B9E9F70736CB
:104C300061C3278B3FFEFF17E25340F9E09340B971
:104C4000E19300B940C0208B8FF9FF17E09340B982
:104C5000012000113F0000710D1A0054E03F40F99F
:104C6000E19300B9022C009141F07D92E13F00F9FF
:104C70002FFBFF17E25340F9E09340B9E19300B9ED
:104C800042C0208BE03F40F9E23F00F984FAFF1771
:104C9000E25340F9E09340B9E19300B940C0208B62
:104CA00031FAFF17E04F40F9E2C30591E10315AA7D
:104CB000E36300F9431D0094E0340035E36340F9F9
:104CC00064000090E0C340F9E20316AA6103403992
:104CD00084402091E5FBFF17E17740F9E88B00B9AC
:104CE000E08340F9EB9F1229E3AB0BA97B0300CBD8
:104CF000E20300AAE0031BAAE46700F9ED120094A6
:104D0000A006403905008052E3AB4BA91F0000719B
:104D1000E46740F9B506959AE88B40B9EB9F5229B4
:104D200064FDFF17E15F40F9F30318AACCF7FF1702
:104D3000E25340F9E09340B9E19300B940C0208BC1
:104D400028FAFF17E2C30591E10315AAE00313AAAD
:104D5000E98B00B9EB9B00B9EA5F00F9191D0094DB
:104D6000C0F7FE35E1AF5229FC0316AAF74B41B953
:104D7000EA5F40F93700174BE0C340F9E98B40B9CF
:104D8000B9F8FF17F84B41B9E00301AAF6FDFF1788
:104D90002821601EC1330054F84B41B900C0388B44
:104DA00000001B4BE09700B9200100120000072A09
:104DB0001F030071AD2E0054A01F0035F703182A01
:104DC000C80C805289135037FF020071FAA29F1A53
:104DD00073FFFF1764000090F703024B844020919B
:104DE0005F4000310A060054E20315AAFC03092AB9
:104DF000F503172A180280D2F70302AAF94700F92F
:104E0000F90304AAEB9B00B9EA5F00F9040000145F
:104E1000B5420051BF4200716D0300540040009143
:104E200021040011D96000A9C6400091E17B01B9BD
:104E3000E0C300F93F1C0071CDFEFF54E2C30591B1
:104E4000E10317AAE00313AADE1C0094E024003556
:104E5000E0C340F9E60316AAE17B41B9EDFFFF1775
:104E6000E1AB40B9E80C80523700000B1F03007122
:104E7000ACFAFF54EC02184B97050031FA529F1A16
:104E800047FFFF17EA5F40F9E20317AAE40319AAF4
:104E9000EB9B40B9F94740F9F703152AE9031C2AAF
:104EA000F50302AAF77E4093210400110000178B3E
:104EB000C45C00A9C6400091E17B01B9E0C300F9E0
:104EC0003F1C0071CDDDFE54E2C30591E10315AA3C
:104ED000E00313AAE98B00B9EB9B00B9EA5F00F984
:104EE000B81C0094A0EBFE35EA5F40F9E60316AA71
:104EF000E0C340F9E98B40B9EB9B40B9E17B41B994
:104F0000DFF6FF17E14B059182000035E14F059177
:104F100002068052E24B053900C00011201400380F
:104F2000E24305912000024BE0FB00B9C0FDFF17F2
:104F3000F96B44A9FB7345A9E827466DA022407987
:104F400000001A32A022007900008012E07700B938
:104F50004CF7FF17F54740F9010080D2A022C07935
:104F600000001A32A02200793DF7FF17C01CF83765
:104F7000E03F40F9013C009121F07D92E13F00F9D2
:104F8000000040F9E17740B9010000B91EF5FF17B4
:104F9000C9B50736ABFDFF17E25340F9E09340B9BE
:104FA000E19300B940C0208B61FAFF17A005805241
:104FB0000941611EE0BB00B945FDFF17E09340B910
:104FC000012000113F0000712D270054E03F40F9FF
:104FD000E19300B9022C009141F07D92E13F00F98C
:104FE00005FDFF17F54740F9E9031A2AE89B40B988
:104FF000EA0318AAEBBB40B9F703192A69FCFF17AB
:10500000E25340F9E09340B9E19300B940C0208BEE
:105010000000407941F9FF17E25340F9E09340B9AD
:10502000E19300B940C0208B000040793CFBFF17A2
:10503000E80C8052E17B40F9200040391FFC0371ED
:1050400040270054030080520200805205000014E3
:1050500042040011210400911FFC0371200100543F
:105060001F00186BEA0000541803004B200440395D
:1050700000FFFF352000403963040011F7FFFF17E0
:10508000E28B00B9E39B00B9E17B00F9E18B40B909
:10509000E903192AE09B40B9190080D20000010BF6
:1050A000E10341B9175C011BFF020071FAA29F1ACC
:1050B0006DFDFF170001669EE011F8B7E1FF44396E
:1050C000400000B0450000B01F1D01710040039179
:1050D000A5600391A6F7FF17E25340F9E09340B9AA
:1050E000E19300B940C0208BCCF9FF17E25340F99F
:1050F000E09340B9E19300B940C0208BD0F9FF178D
:10510000E1001B0B030680522100004B220400111A
:1051100002C0228B617BFF37031400385F0000EB75
:10512000C1FFFF54D7FBFF17E09340B901200011E6
:105130003F0000710D140054E03F40F9E19300B9C5
:10514000022C009141F07D92000040B9E13F00F94E
:10515000F3FAFF17E09340B9012000113F000071FE
:105160000D140054E03F40F9E19300B9022C009186
:1051700041F07D9200004039E13F00F9E8FAFF1765
:10518000E09340B9012000113F000071AD160054BA
:10519000E03F40F9E19300B9022C009141F07D928B
:1051A000000040B9E13F00F9DCF8FF17E0AB40B97F
:1051B000C80C8052EC00000B9701180B02FFFF1780
:1051C000E09340B9012000113F0000710D10005420
:1051D000E03F40F9E19300B9022C009141F07D924B
:1051E000E13F00F9BBFDFF17E09340B9012000113A
:1051F0003F0000712D150054E03F40F9E19300B9E4
:10520000022C009141F07D92E13F00F99DFCFF17D7
:10521000E09340B9012000113F000071ED0E0054F1
:10522000E03F40F9E19300B9022C009141F07D92FA
:10523000E13F00F9BDFDFF17E1FF4439FA03072AFA
:10524000FF8B00B9F703072AFF9B00B907008052C4
:10525000680E8052A197FE3450F7FF17E09340B9D3
:10526000012000113F0000716D130054E03F40F930
:10527000E19300B9022C009141F07D920000403989
:10528000E13F00F9A5F8FF17E09340B901200011B4
:105290003F0000716D060054E03F40F9E19300B912
:1052A000023C009141F07D92E13F00F9A7FDFF171C
:1052B000F34F40F9E80319AAF95F40F9FB7B00F9C5
:1052C000EC6F40F9FC0302AAFB8740F9EA9740F92A
:1052D000E91341B9EB2341B9FA2741B91F0103EBA7
:1052E0000891839A49F7FF17E14740F9F50317AA98
:1052F0005BF6FF17A0058052A1058052E0FF04393C
:1053000070FFFF17E09340B9012000113F000071CA
:105310008D0D0054E03F40F9E19300B9023C00914B
:1053200041F07D92E13F00F916FFFF17E09340B98D
:10533000012000113F000071ED010054E03F40F9F1
:10534000E19300B9023C009141F07D92E13F00F908
:105350009BF8FF17F34F40F9E15F40F940F6FF1764
:10536000E25340F9E09340B9E19300B940C0208B8B
:1053700076FDFF17E25340F9E09340B9E19300B99D
:1053800040C0208B8EF8FF17A00000353A008052F5
:10539000C80C8052F7031A2A01FEFF17E0AB40B990
:1053A000C80C80520C0400119701072BFA529F1A67
:1053B000FBFDFF17E25340F9E09340B9E19300B9D8
:1053C00040C0208B000040B955FAFF17E25340F966
:1053D000E09340B9E19300B940C0208B3DFDFF1739
:1053E000E25340F9E09340B9E19300B940C0208B0B
:1053F000000040394AFAFF17E25340F9E09340B900
:10540000E19300B940C0208B48FDFF172100805276
:105410002100074BE14B01B945FCFF1740008052CA
:10542000E0FB00B982FCFF17E29340B96202F83753
:10543000E03F40F9002C009100F07D92E33F40F9FD
:10544000E03F00F948074039FA0301AAE29300B9A6
:10545000670040B9FF000071F9A09F5A23F4FF17BD
:10546000E25340F9E09340B9E19300B940C0208B8A
:10547000000040B929F8FF17E09340B9022000115D
:10548000E03F40F95F0000712D030054002C0091B3
:1054900000F07D92EAFFFF17E25340F9E09340B934
:1054A000E19300B940C0208BF6FBFF17E25340F9AF
:1054B000E09340B9E19300B940C0208BCEFBFF17C9
:1054C000E25340F9E09340B9E19300B940C0208B2A
:1054D000ACFEFF17E25340F9E09340B9E19300B905
:1054E00040C0208B000040390CF8FF17E45340F90E
:1054F000E39340B983C0238BE33F00F9D0FFFF174C
:10550000A022C079E10319AA00001A32A022007972
:10551000D3F5FF1780018052600200B98BFEFF17A0
:1055200063030C8B6EFFFF17FF8B00B9FF9B00B965
:10553000D7FEFF17A022C079010080D200001A32E6
:10554000A0220079C6F5FF1700000000000000004F
:10555000FF430AD1FD7B00A9FD030091F55B02A981
:10556000F50301AA610040F9E13F00F9610440F947
:10557000E15300F9610840F9E18700F9611840B989
:10558000E19300B9611C40B9F35301A9F40303AAE4
:10559000F30300AAF76303A9F70302AAE1F700B92E
:1055A000EC100094000040F9E05B00F915F2FF9761
:1055B000E05700F9020180D2E0E30591010080523A
:1055C000C0F1FF97730000B4602640F940CB00B4EF
:1055D000A1B240B9A022C07941000037E0A248360C
:1055E000C0006837A1B240B900001332A022007990
:1055F00021781212A1B200B9E0051836A10E40F9C7
:10560000A10500B4410380520100010A3F28007146
:1056100040060054F6430891E827066D08E4002F81
:1056200054000090EA0317AA94C22791FB7305A9BE
:10563000FC0316AA400000F000C02091F96B04A9F9
:10564000FF7700B9E04300F9FF9700B9FF7F0EA98B
:10565000FFF300B9FFFF0FA9F6CB00F9FF9B01B9DB
:10566000FFD300F9F7030AAAF8030AAA1F2003D5FB
:10567000997640F9B3100094E4E30591037C4093DC
:10568000E20317AAE1B30591E00313AA20033FD672
:105690001F000071800500348B040054E16F41B994
:1056A0003F940071A0390054007C4093F702008BB6
:1056B000F0FFFF17E10315AAE00313AAD10F00942E
:1056C000E04E0135A022C079410380520100010A59
:1056D0003F28007101FAFF54A126C079C1F9FF37B4
:1056E000A1B240B941000037C0184936800640AD2C
:1056F000E20317AAE10315AAE3C30491E00313AA86
:10570000E08709AD4F0C0094E07700B9FD7B40A91C
:10571000F35341A9F55B42A9F76343A9E07740B988
:10572000FF430A91C0035FD6E0E30591020180D2F6
:105730000100805263F1FF97200080D2F702008BB6
:10574000CCFFFF17FA03002AE00218CBEA0318AADD
:10575000FB03002AA0E30034E2D340F9617F4093C9
:10576000E09B41B94200018B8A0700A900040011A7
:10577000E09B01B99C430091E2D300F91F1C00712A
:105780002C450054E07740B900001B0BE07700B9CE
:10579000DAE10034EA060091E80640390700801299
:1057A0000B00805209008052F8030B2AF703092AE4
:1057B000F903072AFA030AAAFF7F05395A0700915D
:1057C000008100511F680171C8000054E14340F995
:1057D000205860786100001020A8208B00001FD6A0
:1057E000E903172AEB03182AEA031AAAE8DE0034B1
:1057F0003A008052FBA30691F7031A2A0100805257
:10580000190080D20700805218008052FF8B00B927
:10581000FF9B00B9FF7F0539E8A306391F2003D598
:1058200032011F72420B0011E0D340F95A109A1A4C
:105830008E1080522E010E6A8100005464011A4BB2
:105840009F0000716C1A0054A1010034E19B41B922
:10585000E27F059100040091820300F92104001108
:10586000220080D2820700F99C430091E19B01B99C
:10587000E0D300F93F1C00714C3E0054B2010034EB
:10588000E19B41B9E283059100080091820300F990
:1058900021040011420080D2820700F99C4300914C
:1058A000E19B01B9E0D300F93F1C00710C73005477
:1058B000DF010271E0290054E700174BFF0000717F
:1058C0000C050054290E4037E19B41B9EC7E409312
:1058D00000000C8B9B3300A921040011E19B01B94E
:1058E000E0D300F93F1C00714C2200549C4300910E
:1058F0008900103677011A4BFF0200710C730054B7
:10590000E17740B97F011A6B63A19A1A2100030B5A
:10591000E17700B9002300B5FF9B01B9D90000B4BD
:10592000E10319AAE00313AAEA4700F9C9F1FF97B6
:10593000EA4740F9FC0316AA4BFFFF1700C10051CC
:1059400018008052481740380B0B180B18040B0B2B
:1059500000C100511F24007169FFFF5499FFFF1718
:10596000440000F0E19B41B984C02391FF400071E5
:105970008D050054E2031CAA0D0280D2FC030AAA82
:10598000E9BB00B9E8C300B9EBCB00B9F7D300B964
:10599000F703072AF8DB00B9F80304AA040000148F
:1059A000F7420051FF420071AD02005400400091E7
:1059B00021040011583400A942400091E19B01B933
:1059C000E0D300F93F1C0071CDFEFF54E243069185
:1059D000E10315AAE00313AA0A0C0094A01D0035E8
:1059E000F7420051E19B41B9E0D340F9E20316AA26
:1059F0000D0280D2FF420071ACFDFF54E703172A6D
:105A0000E40318AAE9BB40B9EA031CAAE8C340B9F9
:105A1000FC0302AAEBCB40B9F7D340B9F8DB40B99D
:105A2000E77C4093210400110000078B841F00A92C
:105A30009C430091E19B01B9E0D300F93F1C007148
:105A40002DF4FF54E2430691E10315AAE00313AAE3
:105A5000E9BB00B9E8C300B9EBCB00B9EA6B00F9C8
:105A6000E80B009460190035E9BB40B9FC0316AAA5
:105A7000EA6B40F9E0D340F9E8C340B9EBCB40B959
:105A800049F247361F2003D51F9501712D2500547B
:105A90000821601E01100054E19B41B900040091EF
:105AA000420000B0240080D2426004912104001121
:105AB000821300A99C430091E19B01B9E0D300F956
:105AC0003F1C00718CB00054E29740B9E16B41B9C2
:105AD0003F00026BAA7B0054E28F4AA9830B00A906
:105AE000E19B41B99C43009121040011E19B01B964
:105AF0000000028BE0D300F93F1C0071EC880054D9
:105B0000E19740B937040051FF0200712DEFFF54B7
:105B1000440000F0E19B41B984C02391FF42007131
:105B20004DBC0054E2031CAAF80304AAFC030AAA11
:105B30001B0280D2E98B00B9EB9B00B90400001472
:105B4000F7420051FF4200716DBA005400400091CD
:105B500021040011586C00A942400091E19B01B959
:105B6000E0D300F93F1C0071CDFEFF54E2430691E3
:105B7000E10315AAE00313AAA20B0094A0100035BC
:105B8000E0D340F9E20316AAE19B41B9EDFFFF170C
:105B90004D0000F0E19B41B9AD0124919F4000719F
:105BA0004D060054E2031CAA0F0280D2FC030AAA8D
:105BB000F2BB00B9EEC300B9E9CB00B9E8D300B934
:105BC000EBDB00B9E71301B9F71B01B9F703042AAE
:105BD000F82301B9F8030DAA04000014F74200519C
:105BE000FF420071AD0200540040009121040011F9
:105BF000583C00A942400091E19B01B9E0D300F973
:105C00003F1C0071CDFEFF54E2430691E10315AA4B
:105C1000E00313AA7B0B0094C00B0035F742005140
:105C2000E19B41B9E0D340F9E20316AA0F0280D20A
:105C3000FF420071ACFDFF54E403172AED0318AADC
:105C4000F2BB40B9EA031CAAEEC340B9FC0302AAA6
:105C5000E9CB40B9E8D340B9EBDB40B9E71341B930
:105C6000F71B41B9F82341B9847C4093210400110A
:105C70000000048B8D1300A9E19B01B9E0D300F96A
:105C80003F1C0071AC920054E17F45399C43009168
:105C9000EEFEFF17E26B41B95F0000714C5E0054ED
:105CA000E19B41B900040091440000B0270080D27C
:105CB0008460049121040011841F00A99C43009179
:105CC000E19B01B9E0D300F93F1C0071CC070154FE
:105CD000E19740B92100022A61D70034E3934AA931
:105CE000840F00A9E19B41B9864300912104001172
:105CF000E19B01B96000008BE0D300F93F1C00710B
:105D00008CD70054421EF937E29780B92104001164
:105D1000DB0800A9DC4000914000008BE19B01B949
:105D2000E0D300F93F1C00714DDEFF541F2003D566
:105D3000E2430691E10315AAE00313AAE98B00B937
:105D4000EB9B00B9EA5F00F92E0B009420020035AE
:105D5000EA5F40F9FC0316AAE0D340F9E98B40B9A9
:105D6000EB9B40B9E3FEFF1748034039F7021C32B2
:105D700093FEFF17E2430691E10315AAE00313AA7D
:105D8000EA4700F91F0B0094EA4740F960DCFF3452
:105D9000E10319AA610000B4E00313AAADF0FF9774
:105DA000A022C079A1B240B981170036F96B44A98D
:105DB000FB7345A9E827466DE0173137FD7B40A905
:105DC000F35341A9F55B42A9F76343A9E07740B9D2
:105DD000FF430A91C0035FD6FA03002AE00218CB02
:105DE000EA0318AAFB03002A60CDFF345BFEFF170D
:105DF0006D011A4BBF0100710DD6FF54440000F035
:105E0000E19B41B984C02391BF410071CD0500548D
:105E1000E2031CAA0E0280D2FC030AAAE9BB00B965
:105E2000E8C300B9EBCB00B9E7D300B9F7DB00B9A1
:105E3000F7030D2AF81301B9F80304AA04000014AB
:105E4000F7420051FF420071AD0200540040009142
:105E500021040011583800A942400091E19B01B98A
:105E6000E0D300F93F1C0071CDFEFF54E2430691E0
:105E7000E10315AAE00313AAE20A0094A0F8FF3593
:105E8000F7420051E19B41B9E0D340F9E20316AA81
:105E90000E0280D2FF420071ACFDFF54ED03172AC1
:105EA000E40318AAE9BB40B9EA031CAAE8C340B955
:105EB000FC0302AAEBCB40B9E7D340B9F7DB40B90A
:105EC000F81341B9AD7D40932104001100000D8B02
:105ED000843700A99C430091E19B01B9E0D300F90C
:105EE0003F1C0071ADCEFF54E2430691E10315AAB9
:105EF000E00313AAE9BB00B9E8C300B9EBCB00B9D2
:105F0000E7D300B9EA6F00F9BE0A009420F4FF3528
:105F1000EA6F40F9FC0316AAE0D340F9E9BB40B9A7
:105F2000E8C340B9EBCB40B9E7D340B963FEFF17F4
:105F3000E19B41B900040091E39740B9824300918D
:105F4000210400117F0400718D110054240080D2BF
:105F50009B1300A9E19B01B9E0D300F93F1C00713C
:105F60008C520054E3934AA921040011440C00A967
:105F700042400091E19B01B90000038BE0D300F99E
:105F80003F1C00714C5300540821601EE39740B938
:105F900077040051E0110054F77E40932104001172
:105FA0000000178BE19B01B9E0D300F96507009170
:105FB000450000F9570400F93F1C00710C610054C2
:105FC00042400091E4F380B921040011E5C305913A
:105FD000451000A98000008BE19B01B95C40009155
:105FE000E0D300F93F1C00714DC8FF54E243069115
:105FF000E10315AAE00313AAE98B00B9EB9B00B9F2
:10600000EA5F00F97F0A009440ECFF35EA5F40F94F
:10601000FC0316AAE0D340F9E98B40B9EB9B40B9E9
:1060200034FEFF17E2430691E10315AAE00313AA29
:10603000740A009460EBFF35FC0316AAD2FDFF172B
:10604000E2430691E10315AAE00313AAF2BB00B9EB
:10605000EEC300B9E9CB00B9E8D300B9EBDB00B976
:10606000E71301B9EA8F00F9660A009420E9FF35C9
:10607000EA8F40F9FC0316AAE0D340F9F2BB40B91D
:10608000EEC340B9E9CB40B9E8D340B9EBDB40B946
:10609000E71341B9FAFDFF17A0E84F37A05240F9C6
:1060A00068EEFF97A022C07941FFFF17E0F740B9E3
:1060B000E903172AEB03182AE703192AEA031AAAA5
:1060C000894C183600D2F837E03F40F9003C009187
:1060D00000EC7C9201400091E13F00F90000C03DDE
:1060E000E98B00B9E89B00B9EBBB00B9E7C300B985
:1060F000EA6700F9731A0094EA6740F90840601EE5
:10610000E98B40B9E89B40B9EBBB40B9E7C340B964
:1061100000C1601E0002F0920100679E0020611E17
:106120000D7100541821601E64CE0054E17F453982
:1061300040000090450000901F1D01710000039178
:10614000A5200391FF8B00B97A008052FF9B00B914
:1061500029791812BBC0809AF7031A2A190080D235
:106160000700805218008052C1B5FF341F2003D5AC
:106170005A070011ABFDFF17A9EE0737240080D2A4
:106180009B1300A9E19B01B9E0D300F93F1C00710A
:10619000ADF1FF54E2430691E10315AAE00313AA0F
:1061A000E98B00B9EB9B00B9EA5F00F9150A00948E
:1061B00000DFFF35EA5F40F9E20316AAE0D340F9B9
:1061C000E98B40B9EB9B40B9E19B41B97EFFFF17DA
:1061D000E39740B97F0400716DEFFF54440000D095
:1061E00084C023917F4400718D4E0054FC030B2A20
:1061F000F80304AA1B0280D2E98B00B9EA4F00F928
:1062000004000014F7420051FF420071ED4C0054AD
:106210000040009121040011586C00A942400091F7
:10622000E19B01B9E0D300F93F1C0071CDFEFF54A2
:10623000E2430691E10315AAE00313AAF1090094D1
:1062400080DAFF35E0D340F9E20316AAE19B41B9B9
:10625000EDFFFF17E903172AEB03182AEA031AAA2E
:106260001F0D0171E0540054C9542037E09340B928
:10627000E0E1F837E03F40F9012C009121F07D92F8
:10628000E13F00F9000040B93A008052F8A30691BE
:10629000F7031A2AE0A30639FB0318AA010080526B
:1062A000190080D20700805218008052FF8B00B97D
:1062B000FF9B00B9FF7F05395AFDFF17E09340B9F6
:1062C000E903172AEB03182AE703192AEA031AAA93
:1062D0006044F837E03F40F9013C009121F07D92A5
:1062E000E13F00F91B0040F9FF7F05391B8400B432
:1062F0001F4D0171C070005438011C128970203785
:1063000047B2F837E27C4093E0031BAA01008052B9
:10631000E78B00B9E99B00B9EBBB00B9EA6300F970
:10632000F80D0094EA6340F9F90300AAE78B40B93D
:10633000E99B40B9EBBB40B9401001B4E17F45395E
:1063400003001BCBFF8B00B97F000071FF9B00B9DE
:10635000F703032A7AA09F1A07008052190080D2FF
:10636000680E8052E1A5FF3482FFFF17F803184B37
:10637000E03F00F948034039F7021E3210FDFF17D5
:10638000E1031AAA281440381FA90071C01C015447
:1063900000C10051FA0301AA07008052190080527F
:1063A0001F240071E8A0FF5428144038E708070BA9
:1063B0000704070B00C100511F24007169FFFF543F
:1063C000FF000071FA0301AAF9A09F5AFDFCFF1714
:1063D0006005805248034039E07F0539F8FCFF171B
:1063E000E09340B9003DF837E03F40F9002C0091C0
:1063F00000F07D92E13F40F9380040B998FBFF374B
:1064000048034039E03F00F9EDFCFF17E00313AA11
:10641000500D0094000440F9E07700F979EEFF9701
:10642000E10300AAFB0301AAE00313AAE18300F938
:10643000480D0094000840F9E07F00F97F0300F167
:10644000041840FA2034005401004039E0021632AA
:10645000480340393F0000711710971AD8FCFF1706
:1064600048034039F7020032D5FCFF17E07F453979
:1064700048034039409AFF3500048052E07F0539D7
:10648000CFFCFF17EB03182AE703192AEA031AAA1D
:10649000E9021C32E09340B94900283729332036FD
:1064A000404FF837E03F40F9013C009121F07D92E8
:1064B000E13F00F9000040F93A79151201008052DD
:1064C00002008052E27F0539270EF8371F0000F1E5
:1064D000497B1812E008407A810D0054810C003588
:1064E00057030012BA1B0036FB2F0891000680529A
:1064F00007008052E02F0839E17F4539FF00176B14
:10650000FF8B00B9FAA0971AFF9B00B9190080D23F
:10651000180080526198FF3416FFFF174803403976
:10652000F7021D32A6FCFF17EA031AAAEB03182A8A
:10653000E703192AFA021C32E09340B95A002837BF
:106540007A292036E048F837E03F40F9013C0091D5
:1065500021F07D92E13F00F9000040F921008052D6
:10656000D8FFFF17480340391FB10171203700548D
:10657000F7021C3292FCFF17480340391FA101713A
:1065800000370054F7021A328DFCFF1748034039D8
:10659000F7021B328AFCFF17E09340B9E903172A80
:1065A000EB03182AE703192AEA031AAA402CF83742
:1065B000E03F40F9013C009121F07D92E13F00F97C
:1065C000000040F902068F52430000903A011F324A
:1065D0006380039141008052080F8052E37300F9F9
:1065E000E2C30279B7FFFF17E09340B9E903172A26
:1065F000EA031AAAE9262836406DF837E03F40F949
:10660000013C009121F07D92E13F00F9000040F94A
:10661000E17780B9010000F913FCFF17EB03182A9A
:10662000E703192AEA031AAAE9021C32E09340B9E7
:1066300049002837E9222036C043F837E03F40F9C7
:10664000013C009121F07D92E13F00F9010040F909
:10665000E00301AA0123F8B7E70EF8371F0000F1A5
:1066600029791812E008407A610E0054FB33089132
:106670000700805217008052A0FFFF1748034039DF
:10668000F70219324EFCFF17FA03092A3F04007182
:10669000400D0054F7330891FB0317AA3F0800711F
:1066A00041010054E27340F9010C409200FC44D3D4
:1066B0004168613861FF1F3880FFFFB5F7021B4B4F
:1066C000E9031A2A8DFFFF1701080012E2031BAA33
:1066D00021C0001161FF1F3800FC43D360FFFFB5EC
:1066E0003FC00071E0079F1A5F03006A80FEFF54FD
:1066F000420800D100068052E9031A2AF702024B31
:1067000060F31F38FB0302AA7CFFFF17E2430691E8
:10671000E10315AAE00313AAEEBB00B9E9C300B96F
:10672000E8CB00B9EBD300B9E7DB00B9EA8B00F99D
:10673000B4080094E0B2FF35EA8B40F9FC0316AAD6
:10674000E0D340F9EEBB40B9E9C340B9E8CB40B96A
:10675000EBD340B9E7DB40B956FCFF174D0000D042
:10676000E19B41B9AD012491FF420071ED0300545A
:10677000F8030DAA1B0280D2EB8B00B9EA4F00F997
:1067800004000014F7420051FF4200718D020054D2
:106790000040009121040011986F00A99C430091D2
:1067A000E19B01B9E0D300F93F1C0071CDFEFF541D
:1067B000E2430691E10315AAE00313AA91080094AD
:1067C00080AEFF35F7420051E19B41B9E0D340F97B
:1067D000FC0316AAFF420071CCFDFF54EA4F40F9BA
:1067E000ED0318AAEB8B40B9F77E4093210400110A
:1067F0000000178B8D5F00A9E19B01B9E0D300F980
:106800003F1C0071ED87FF54E2430691E10315AA96
:10681000E00313AAEB8B00B9EA4F00F97908009462
:1068200080ABFF35EA4F40F9E0D340F9EB8B40B93C
:1068300034FCFF17FA03092A1F2400F1A85400545E
:1068400000C00011E9031A2AFB2F0891370080527B
:10685000E02F083929FFFF17FB330891070080520A
:1068600026FFFF17E19740B91F03016B17D3811A69
:106870002C7C4093FF0200716D010054E19B41B9F3
:10688000E27E40930000028B9B0B00A921040011C3
:10689000E19B01B99C430091E0D300F93F1C0071DA
:1068A000CCB30054FF020071E4A29F1A1703044BFB
:1068B000FF0200714C59005468C3388B099550375A
:1068C000E19740B9F76B41B9FF02016B6B260054A9
:1068D00049260037E19740B97B030C8B7B0308CB3B
:1068E0003700174BFF021B6BFBB29B1A7F03007133
:1068F0006D010054E19B41B9627F40930000028B1F
:10690000880B00A921040011E19B01B99C4300916F
:10691000E0D300F93F1C0071ECB600547F03007116
:106920007BA39F1AF7021B4BFF0200712D7EFF54C1
:10693000440000D0E19B41B984C02391FF42007123
:106940004D4B0054E2031CAAF80304AAFC030AAA54
:106950001B0280D2E98B00B9EB9B00B90400001444
:10696000F7420051FF4200716D4900540040009110
:1069700021040011586C00A942400091E19B01B92B
:10698000E0D300F93F1C0071CDFEFF54E2430691B5
:10699000E10315AAE00313AA1A080094A09FFF358B
:1069A000E0D340F9E20316AAE19B41B9EDFFFF17DE
:1069B000E2430691E10315AAE00313AAE98B00B9AB
:1069C000EB9B00B9EA5F00F90E080094209EFF35AA
:1069D000EA5F40F9E20316AAE0D340F9E98B40B937
:1069E000EB9B40B9E19B41B95FFDFF17E243069184
:1069F000E10315AAE00313AAE98B00B9EB9B00B9E8
:106A0000EA5F00F9FF070094409CFF350821601EF3
:106A1000E39740B9EA5F40F9E20316AAE0D340F9F0
:106A200077040051E98B40B9EB9B40B9E19B41B938
:106A300000BDFF5459FDFF17A05240F9FDEBFF9731
:106A4000A022C079E7FAFF174975073623FCFF1724
:106A50000087F837E03F40F9013C0091080040FD15
:106A600021F07D92E13F00F9AAFDFF17FA4F303681
:106A70002079F837E03F40F9012C009121F07D9218
:106A8000E13F00F900004079210080528DFEFF17A0
:106A9000095530366072F837E03F40F9012C00911B
:106AA00021F07D92E13F00F900008079E10300AA26
:106AB00041DDFFB6E00300CBFA03092AA2058052AC
:106AC0002100805280FEFF17480340393CFBFF172E
:106AD00049D92737896B3037A9BB4836E0D6F83714
:106AE000E03F40F9013C009121F07D92E13F00F947
:106AF000000040F9E1D3413901000039DAFAFF170B
:106B0000694C3036C070F837E03F40F9012C0091F5
:106B100021F07D9200004079E13F00F967FEFF1708
:106B2000E903172AEB03182AE703192AEA031AAA2A
:106B3000BFFEFF17E09340B9012000113F00007134
:106B40002D9E0054E03F40F9E19300B9023C0091D2
:106B500041F07D92E13F00F99AFEFF17E09340B9C2
:106B6000012000113F0000714D9C0054E03F40F9AE
:106B7000E19300B9023C009141F07D92E13F00F9C0
:106B8000D9FDFF17E09340B9012000113F000071CB
:106B90002D9A0054E03F40F9E19300B9002C009198
:106BA00000F07D9214FEFF17EA4F40F9EB031C2A18
:106BB000E98B40B9E40318AAF77E40932104001141
:106BC0000000178BE19B01B9E0D300F9440000F904
:106BD000570400F93F1C00714D9FFF54E24306919A
:106BE000E10315AAE00313AAE98B00B9EB9B00B9F6
:106BF000EA5F00F983070094C08CFF35EA5F40F933
:106C0000E20316AAE0D340F9E98B40B9EB9B40B907
:106C1000E19B41B9ECFCFF17E2430691E10315AAA1
:106C2000E00313AAE98B00B9EB9B00B9EA5F00F916
:106C300074070094E08AFF35EA5F40F9FC0316AA66
:106C4000E0D340F9E98B40B9EB9B40B9ADFBFF17AE
:106C500048074039F7021B325A070091D8FAFF174C
:106C600048074039F70217325A070091D4FAFF1744
:106C7000EA031AAAEB03182AE703192AFA03172AC8
:106C80002EFEFF17E903172AEB03182AE703192A38
:106C9000EA031AAA4000009000E00391E07300F9B3
:106CA000E09340B9090B2837E90A203749413036CB
:106CB0006068F837E03F40F9012C009121F07D92A7
:106CC00000004079E13F00F95500001440000090B9
:106CD000E903172A00800391EB03182AE703192A16
:106CE000EA031AAAE07300F9EEFFFF17E903172A77
:106CF000EB03182AE703192AEA031AAAE6FDFF178D
:106D0000E0230691020180D201008052E98B00B994
:106D1000E89B00B9EBBB00B9EA6300F9E9EBFF9728
:106D2000E09340B9EA6340F9E98B40B9E89B40B988
:106D3000EBBB40B9A03EF837E03F40F9012C009191
:106D400021F07D92E13F00F9020040B9F8A30691DD
:106D5000E3230691E10318AAE00313AAE98B00B923
:106D6000E89B00B9EBBB00B9EA6300F9ED140094AD
:106D7000EA6340F9F703002AE98B40B91F040031A8
:106D8000E89B40B9EBBB40B9A0C900541F0000719B
:106D90001AA09F1A41FDFF17E28F4AA9830B00A991
:106DA000E19B41B99C43009121040011E19B01B991
:106DB0000000028BE0D300F93F1C0071CDD8FF54D6
:106DC000E2430691E10315AAE00313AAEC4700F998
:106DD000E99B00B9EBBB00B9E82B0CA909070094AB
:106DE000807DFF35EC4740F9FC0316AAE82B4CA93F
:106DF000E0D340F9E99B40B9EBBB40B9F76B41B92F
:106E0000B5FEFF17A001F837E03F40F9013C0091C3
:106E100021F07D92E13F00F9000040F91F0000F1F0
:106E2000E1079F1A3F01016AC11400543A79151213
:106E300041008052A3FDFF17E09340B901200011EB
:106E40003F0000718D380054E03F40F9E19300B9F4
:106E5000023C009141F07D92E13F00F9EFFFFF1706
:106E6000E09340B9012000113F000071AD320054A1
:106E7000E03F40F9E19300B9023C009141F07D927E
:106E8000E13F00F9B5FDFF17E09340B90120001183
:106E90003F0000710D330054E03F40F9E19300B929
:106EA000023C009141F07D92E13F00F982FDFF1725
:106EB000E09340B9012000113F0000718D2F005474
:106EC000E03F40F9E19300B9023C009141F07D922E
:106ED000E13F00F9DEFDFF17E2430691E10315AA49
:106EE000E00313AAF2BB00B9EEC300B9E9CB00B9C5
:106EF000E8D300B9EBDB00B9E71301B9EA8F00F979
:106F0000C00600946074FF35EA8F40F9FC0316AAAE
:106F1000E0D340F9E17F4539F2BB40B9EEC340B957
:106F2000E9CB40B9E8D340B9EBDB40B9E71341B94D
:106F300046FAFF17E00313AAEA070094A5F9FF1722
:106F40000021681EE69C005417791A12FF06017191
:106F5000C1300054010F80521F850171000B805217
:106F60000010811A01068052E1830539E087053956
:106F7000FBA30691190080D2FF8C0171EC540054E0
:106F80000001669E00FC60D32054F8360041611E6B
:106F9000A0058052E0BB00B9E0A30591E98B00B9E0
:106FA000E8AF1229EA6300F9E7F300B90D0B00948A
:106FB0000110681EE98B40B9EA6340F90108611EBF
:106FC000E8AF5229E7F340B92820601E6100005461
:106FD00020008052E06B01B9E303072A1F8501718D
:106FE00063040091400000904200009000800391F3
:106FF00042E003916303038B4210809A0210661EE5
:10700000E0031BAA030000142820601E20990054EE
:107010002108621EEC0300AA2100781E2000621ED7
:1070200044C86138041400382138601E7F0000EB2A
:10703000C1FEFF5400106C1E3020601E8C000054F6
:107040002020601EA102005481020036ECC700F926
:10705000E10300AA443C403903F05F387F00046B31
:10706000210100540706805227F01F38E1C740F97C
:10707000230400D1E3C700F923F05F389F00036BBE
:1070800040FFFF5464040011841C00127FE400716F
:10709000804E005424F01F38F86B41B900001B4BA0
:1070A000013D001129011F32211C001222008052D3
:1070B000E09700B900070051E06B01B967010014C7
:1070C0000106805229011F32E1830539E88705391D
:1070D00057FFFF17E2430691E10315AAE00313AA45
:1070E000E98B00B9EB9B00B9EA5F00F94506009413
:1070F0000065FF35EA5F40F9FC0316AAE0D340F9CA
:10710000E98B40B9EB9B40B970FAFF17E003069199
:10711000020180D201008052E98B00B9E89B00B9DE
:10712000EBBB00B9E7C300B9EA6700F9FBC700F998
:10713000E4EAFF97E7C340B9EA6740F9E98B40B951
:10714000E89B40B9EBBB40B9074BF837180080D239
:1071500017008052FA03082AF903072AF54700F9B5
:10716000F503172AF70318AAF8030AAAE99B00B93E
:10717000EBBB00B90D000014E3030691E1A30691F7
:10718000E00313AAE71300941F0400312085005484
:10719000A002000B1F00196BEC000054F7120091C5
:1071A00020930054F503002AE0C740F9026877B83D
:1071B00042FEFF35F703152AE99B40B9F54740F930
:1071C000E8031A2AEBBB40B9EA0318AAF7630034B4
:1071D000FF8E01716D770054E1060011E00313AAE0
:1071E000E98B00B9217C4093E89B00B9EBBB00B967
:1071F000EA6300F973E7FF97EA6340F9FB0300AA2B
:10720000E98B40B9E89B40B9EBBB40B900B000B492
:10721000F90300AA020180D201008052E003069126
:10722000E98B00B9E89B00B9EBBB00B9EA6300F950
:10723000A4EAFF97E07E4093E4030691F80300AAD6
:10724000E30300AAE2230691E1031BAAE00313AAC9
:10725000D8130094EA6340F91F0300EBE98B40B9AF
:10726000E89B40B9EBBB40B981AC00547FCB3738C9
:10727000FF020071FF8B00B9FAA29F1AE17F453926
:1072800007008052FF9B00B918008052A12CFF34E8
:10729000B8FBFF17E98B40B9EA031CAAEB9B40B986
:1072A000FC0302AAE40318AAF77E4093210400110C
:1072B0000000178BE19B01B9E0D300F9845F00A9BE
:1072C0003F1C00716C53FF549C43009189F9FF17D8
:1072D000F733089143031612F8E702B2E20317AA44
:1072E000E40317AA05008052F70313AAB89999F28C
:1072F000F303032AE30315AAF57F40F907000014FE
:10730000197CD89B39FF43D31F2400F14902005454
:10731000E00319AAE2031BAA197CD89BA50400115B
:107320005B0400D139FF43D3210B198B010401CB3E
:1073300021C0001141F01F3853FEFF34A102403933
:107340003FFC03712010457AC1FDFF541F2400F15A
:1073500068620054F30317AAF70304AAE59700B97B
:10736000F57F00F9F50303AAD5FCFF17FF1800719C
:10737000C3008052FA90831A250000F0F7031A2AFE
:10738000BB400491190080D2010080520700805256
:1073900018008052FF8B00B9FF9B00B921F9FF173D
:1073A000E09340B9012000113F0000712D240054EA
:1073B000E03F40F9E19300B9023C009141F07D9239
:1073C000E13F00F992FCFF17E0D340F9E03000B54F
:1073D000A022C079FF9B01B973FAFF17440000B0E7
:1073E000E19B41B984C02391FF420071AD1B005461
:1073F000E2031CAA080280D2FC030AAAEC5F00F98F
:10740000E9C300B9EBCB00B9F8D300B9F80304AA7B
:1074100004000014F7420051FF4200714D1900545E
:107420000040009121040011582000A94240009121
:10743000E19B01B9E0D300F93F1C0071CDFEFF5480
:10744000E2430691E10315AAE00313AA6D05009437
:10745000004AFF35E0D340F9E20316AAE19B41B9A7
:10746000080280D2ECFFFF17FA2048364080F83738
:10747000E03F40F9012C009121F07D92E13F00F9BD
:1074800000004039210080520EFCFF17C920483609
:10749000807CF837E03F40F9012C009121F07D928B
:1074A00000004039E13F00F904FCFF17E25340F9C6
:1074B000E09340B9E19300B940C0208B64FCFF1712
:1074C000E25340F9E09340B9E19300B940C0208B0A
:1074D00022FCFF17A91C4836E06EF837E03F40F960
:1074E000012C009121F07D9200004039E13F00F92C
:1074F0004BFEFF17E25340F9E09340B9E19300B926
:1075000040C0208BECFBFF17E09340B90120001135
:107510003F000071AD1F0054E03F40F9E19300B916
:10752000022C009141F07D92E13F00F907FEFF1728
:10753000891C4836C07DF837E03F40F9012C0091A6
:1075400021F07D92E13F00F900008039E10300AABB
:1075500041FCFF17E25340F9E09340B9E19300B9D1
:1075600040C0208B2DFEFF17FF0400316027005420
:10757000FF1E0171E008407AE7149F1A0001669E21
:107580003901183200FC60D3E079F8370941601EF8
:10759000FFBB00B9E9A312292041601EEBC300B96B
:1075A000EA6700F9FF1A0171C1420054E203072A99
:1075B00061008052E5230691E4030691E3A305915F
:1075C000E00313AAE78B00B9120A0094E78B40B9D5
:1075D000FB0300AA01004039EA6740F93FC000718F
:1075E000E9A3522900C0278BEBC340B94052005495
:1075F000E16B41B901C0218B2821601E604F00540E
:10760000E0C740F9030680523F0000EBE900005458
:1076100002040091E2C700F903000039E0C740F915
:107620003F0000EB68FFFF54F86B41B900001BCB33
:10763000E09700B9FF1E01710022005400070051BD
:10764000FF1A017140500054011D001202008052C7
:10765000190080D2E06B01B9E1C3053961058052A0
:107660008000F836200080520000184BA10580529F
:10767000E1C705391F240071CD5B0054EC3F069132
:10768000AD999952E4030CAA8D99B972027CAD9B15
:10769000E30304AAE503002A840400D142FC63D377
:1076A0004108020B0104014BE003022A21C0001132
:1076B00061F01F38BF8C0171ACFEFF5440C0001157
:1076C00080F01F38600800D11F000CEB827E005450
:1076D000E1CB059102144038221400381F000CEB56
:1076E000A1FFFF54E0430A91030003CB60F4035170
:1076F000E0F300B9E09740B9E1F340B91700010B9E
:107700001F0400716D5B0054E0AB40B9F702000B41
:1077100029791512FF02007129011832FAA29F1A65
:1077200018008052FF8B00B9FF9B00B9E0BB40B945
:10773000001B0035E17F4539070080522107FF34E7
:107740008CFAFF17EC5F40F9E40318AAE9C340B9CB
:10775000EA031CAAEBCB40B9FC0302AAF8D340B958
:10776000E77E4093210400110000078B841F00A9CD
:107770009C430091E19B01B9E0D300F93F1C0071EB
:10778000CD89FF54E2430691E10315AAE00313AA51
:10779000EC5F00F9E9C300B9EBCB00B9EA6B00F983
:1077A00098040094602FFF35EC5F40F9FC0316AAA3
:1077B000EA6B40F9E0D340F9E9C340B9EBCB40B9FB
:1077C0003EFCFF1769090736E28F4AA9830B00A91F
:1077D000E19B41B98643009121040011E19B01B96D
:1077E0004000008BE0D300F93F1C0071ED28FF54EE
:1077F000E2430691E10315AAE00313AAE98B00B95D
:10780000EB9B00B9EA5F00F97E040094202CFF3561
:10781000EA5F40F9E60316AAE0D340F9E98B40B9E4
:10782000EB9B40B9E26B41B9E19B41B936F9FF17D7
:10783000E25340F9E09340B9E19300B940C0208B96
:1078400073FBFF17C062F837E03F40F9013C00913D
:1078500021F07D92E13F00F9000040F9E1EB407931
:107860000100007980F7FF17E067F837E03F40F943
:10787000012C009121F07D92000040B9E13F00F918
:1078800067FDFF174050F837E03F40F9012C0091A9
:1078900021F07D92E13F00F9000040B921008052C3
:1078A00008FBFF178063F837E03F40F9012C009197
:1078B00021F07D92000040B9E13F00F9FFFAFF1787
:1078C000605CF837E03F40F9012C009121F07D9297
:1078D000E13F00F9000080B9E10300AA5EFBFF1759
:1078E000E09340B9012000113F0000718D51005418
:1078F000E03F40F9E19300B9022C009141F07D9204
:10790000E13F00F969FCFF17E25340F9E09340B909
:10791000E19300B940C0208B0CFDFF17E09340B904
:10792000012000113F0000716D5D0054E03F40F9FF
:10793000E19300B9022C009141F07D920000407962
:10794000E13F00F9DDFAFF17E0031BAAE9BB00B92C
:10795000EBC300B9190080D2EA6700F929E9FF9763
:10796000E17F45391F000071FF8B00B9F703002A42
:10797000FF9B00B91AA09F1AEA6740F907008052DE
:10798000E9BB40B9680E8052EBC340B9A1F4FE34A4
:10799000F8F9FF17E09340B9012000113F00007192
:1079A000CD4D0054E03F40F9E19300B9022C009125
:1079B00041F07D92E13F00F933FCFF17E09340B9BD
:1079C000012000113F000071ED490054E03F40F9F3
:1079D000E19300B9022C009141F07D9200004079C2
:1079E000E13F00F90EFDFF17E00313AAE243069101
:1079F000E10315AA03040094C0CEFF34E9F8FF1791
:107A0000A05240F90FE8FF9739F7FF170041601EB9
:107A1000FFBB00B961FDFF17E1040011E00313AAE9
:107A2000E78B00B9217C4093E9A31229EA5F00F9B2
:107A3000EBF300B963E5FF97EA5F40F9FB0300AAA7
:107A4000E78B40B9E9A35229EBF340B9806300B456
:107A5000F90300AA4BFDFF17C7008052C8FEFF17AD
:107A6000442840398CFDFF17E0C740F9F86B41B955
:107A700000001BCBE09700B91F03076B01DB433A03
:107A8000EA1700540809005100070051EFFEFF17E4
:107A9000A00580525A070011A105805207008052AC
:107AA000E07F05395FF7FF17E4030691E2230691B3
:107AB000E00313AA030080D2010080D2E98B00B951
:107AC000E89B00B9EBBB00B9EA6300F9B911009477
:107AD000EA6340F9F703002AE98B40B91F0400313B
:107AE000E89B40B9EBBB40B920690054FBC700F9E3
:107AF000B7FDFF17A0058052A1058052E07F053930
:107B00008CF9FF17E0F740B9014000113F00007108
:107B10006D380054E03F40F9E1F700B9003C0091B6
:107B200000EC7C9201400091E13F00F96CF9FF17F5
:107B3000E0F740B9014000113F000071ED340054FE
:107B4000E03F40F9E1F700B9023C0091080040FD38
:107B500041F07D92E13F00F96EF9FF17E18B40B9EA
:107B60003F000071E19B40B920D8407A0D66005477
:107B70006D030C8BE2031CAA440000B0FC03012A35
:107B800084C02391F8030DAA170280D2F34F00F9A5
:107B9000F95F00F9F90308AAEC6F00F9E91301B9DC
:107BA000FB8F00F9EB2301B9FA2701B9FBEB4FA9D1
:107BB000EA9700F9280000149C070051E19B41B9A5
:107BC00000001A8BE37740F921040011436800A9F3
:107BD00042400091E19B01B9E0D300F93F1C0071E4
:107BE0006C08005461034039050319CBE30318AA5C
:107BF0003F00056B33B0851A7F0200718D01005480
:107C0000E19B41B96A7E409300000A8B592800A984
:107C100021040011E19B01B9E0D300F93F1C007180
:107C20004C09005461034039424000917F020071C9
:107C300065A29F1A3300054B7F020071AC0100540E
:107C4000E58B40B93903218BBF00007180DB407A9E
:107C50008D4D00549F0300710CFBFF54E18B40B924
:107C60007B0700D121040051E18B00B9D4FFFF173D
:107C70004A0000B0E19B41B94AC123917F420071A3
:107C8000ED040054E3130CA9F86B00F9F84F40F928
:107C900004000014734200517F420071CD03005470
:107CA0000040009121040011445C00A94240009171
:107CB000E19B01B9E0D300F93F1C0071CDFEFF54F8
:107CC000E2430691E10315AAE00318AA4D030094CC
:107CD000E0150035E0D340F9430000B0E19B41B925
:107CE000E20316AA64C02391EBFFFF17E04F40F9AF
:107CF000E2430691E10315AA4203009420560035A1
:107D0000E0D340F9410000B0E20316AA24C0239159
:107D1000B5FFFF17E32B4CA9F86B40F9657E409344
:107D2000210400110000058B4A1400A9E19B01B950
:107D3000E0D300F93F1C00710C110054610340397D
:107D400042400091BFFFFF17E04F40F9E243069128
:107D5000E10315AAF86300F92A03009420530035C3
:107D6000E36340F9440000B0E0D340F9E20316AA0F
:107D70006103403984C02391ADFFFF17E19740B9FB
:107D80001F03016BAB170054E0AB40B93F0140F259
:107D90000C03000B9711981A690050361F030071ED
:107DA0000C2F0054FF020071E80C8052FAA29F1AB7
:107DB000E903192A190080D2FF8B00B9FF9B00B993
:107DC0005BFEFF17E2430691E10315AAE00313AA45
:107DD000E98B00B9EB9B00B9EA5F00F90903009455
:107DE00080FDFE35EA5F40F9FC0316AAE0D340F9B6
:107DF000E98B40B9EB9B40B9E26B41B9B5F7FF178E
:107E0000FF16017141030054F80400114100805233
:107E1000E203182AE5230691E4030691E3A3059102
:107E2000E00313AAE78B00B9FA070094FB0300AA4A
:107E3000EA6740F901C0388BE78B40B9E9A35229C2
:107E4000EBC340B9EDFDFF17E17F45391A008052C1
:107E5000FF8B00B907008052FF9B00B918008052C9
:107E6000190080D2E1CDFE34C2F8FF17E203072AE1
:107E7000E5230691E4030691E3A30591E00313AA29
:107E800041008052E78B00B9E2070094E9A3522930
:107E9000FB0300AAEA6740F9E78B40B9EBC340B99E
:107EA00049DE073661C3278BD4FDFF17E09340B945
:107EB000012000113F0000710D1E0054E03F40F909
:107EC000E19300B9022C009141F07D92E13F00F96D
:107ED000EDF8FF17E25340F9E09340B9E19300B9A0
:107EE00042C0208BE03F40F9E23F00F942F9FF1722
:107EF000E25340F9E09340B9E19300B940C0208BD0
:107F0000F9F8FF17E25340F9E09340B9E19300B963
:107F100040C0208BABF9FF17E2430691E10315AA9D
:107F2000E00313AAEC5F00F9E9C300B9EBCB00B999
:107F3000EA6B00F9B3020094C0F2FE35EC5F40F941
:107F4000FC0316AAEA6B40F9E0D340F9E9C340B953
:107F5000EBCB40B954FAFF17E04F40F9E2430691EA
:107F6000E10315AAE36300F9A6020094A0420035DC
:107F7000E36340F9440000B0E0D340F9E20316AAFD
:107F80006103403984C023912EFFFF17E15F40F960
:107F9000F30318AA21F0FEB582F7FF17E17740F945
:107FA000E88B00B9E08340F9EB9F1229E3AB0BA902
:107FB0007B0300CBE20300AAE0031BAAE46700F9FD
:107FC0003C060094A006403905008052E3AB4BA963
:107FD0001F000071E46740F9B506959AE88B40B937
:107FE000EB9F5229CBFCFF17F86B41B9E00301AAC4
:107FF0008FFDFF17E2430691E10315AAE00313AAE0
:10800000E98B00B9EB9B00B9EA5F00F97D020094AF
:1080100000ECFE35E1AF5229FC0316AAF76B41B91B
:10802000EA5F40F93700174BE0D340F9E98B40B9DC
:108030003BFAFF172821601E41310054F86B41B90B
:1080400000C0388B00001B4BE09700B920010012E4
:108050000000072A1F030071AD330054801800355B
:10806000F703182AC80C8052E9185037FF02007134
:10807000FAA29F1A4FFFFF17E1AB40B9E80C8052FC
:108080003700000B1F0300710CFFFF54EC02184B6C
:1080900097050031FA529F1A46FFFF17A0B240B968
:1080A000A0000037A022407960004837A05240F974
:1080B00064E6FF9700008012E07700B940F7FF17F1
:1080C000FBA30691190080D253FCFF1744000090D7
:1080D000F703024B84C023915F400031EA0400544F
:1080E000E20315AAFC03092AF503172A180280D215
:1080F000F70302AAF94700F9F90304AAEB9B00B9B8
:10810000EA5F00F904000014B5420051BF4200715B
:108110004D0200540040009121040011D96000A9D3
:10812000C6400091E19B01B9E0D300F93F1C00710A
:10813000CDFEFF54E2430691E10317AAE00313AA20
:108140003002009460250035E0D340F9E60316AA1A
:10815000E19B41B9EDFFFF17EA5F40F9E20317AA7F
:10816000E40319AAEB9B40B9F94740F9F703152A34
:10817000E9031C2AF50302AAF77E409321040011AB
:108180000000178BC45C00A9C6400091E19B01B9B7
:10819000E0D300F93F1C00718DDBFE54E2430691F1
:1081A000E10315AAE00313AAE98B00B9EB9B00B920
:1081B000EA5F00F913020094C0DEFE35EA5F40F981
:1081C000E60316AAE0D340F9E98B40B9EB9B40B92E
:1081D000E19B41B9CDF6FF17E28740F9E0F740B9DE
:1081E000E1F700B940C0208B080040FDC9F7FF1738
:1081F000E1CB059182000035E1CF05910206805266
:10820000E2CB053900C0001120140038E2C305910B
:108210002000024BE0F300B937FDFF17E28740F979
:10822000E0F740B9E1F700B940C0208BACF7FF1789
:10823000F54740F9010080D2A022C07900001A322F
:10824000A0220079A1DAFEB5D6F6FF17201AF8377A
:10825000E03F40F9013C009121F07D92E13F00F9BF
:10826000000040F9E17740B9010000B9FEF4FF17C2
:1082700009A5073625FDFF17E25340F9E09340B901
:10828000E19300B940C0208BFFF7FF17E09340B99E
:10829000012000113F000071CD1E0054E03F40F965
:1082A000E19300B9022C009141F07D92E13F00F989
:1082B0007AFDFF17E09340B9012000113F000071E3
:1082C0002D1E0054E03F40F9E19300B9022C0091CB
:1082D00041F07D9200004039E13F00F9D0FAFF17EC
:1082E0000001669EE017F8B7E17F4539200000D015
:1082F000250000D01F1D017100400391A56003916E
:1083000091F7FF17E25340F9E09340B9E19300B9C8
:1083100040C0208B00004079C1FAFF17E25340F9BA
:10832000E09340B9E19300B940C0208BDFF9FF171B
:10833000E1001B0B030680522100004B22040011B8
:1083400002C0228BA16AFF37031400385F0000EBE4
:10835000C1FFFF5451FBFF17E25340F9E09340B9CE
:10836000E19300B940C0208BC7F9FF17E0AB40B9DB
:10837000C80C8052EC00000B9701180B3BFFFF1755
:10838000E80C8052E17F40F9200040391FFC037166
:108390008024005403008052020080520500001423
:1083A00042040011210400911FFC037120010054BC
:1083B0001F00186BEA0000541803004B20044039DA
:1083C00000FFFF352000403963040011F7FFFF175D
:1083D000E28B00B9E39B00B9E17F00F9E18B40B982
:1083E000E903192AE09B40B9190080D20000010B73
:1083F000E10341B9175C011BFF020071FAA29F1A49
:10840000CBFCFF17F54740F9E8031A2AE99B40B96E
:10841000EA0318AAEBBB40B9F703192A6CFBFF1754
:10842000E09340B9012000113F0000716D16005427
:10843000E03F40F9E19300B9022C009141F07D92B8
:1084400000004039E13F00F91CF8FF17E09340B904
:10845000012000113F000071CD150054E03F40F9AC
:10846000E19300B9022C009141F07D92E13F00F9C7
:1084700019FDFF17E09340B9012000113F00007182
:108480006D0E0054E03F40F9E19300B9022C0091D9
:1084900041F07D92E13F00F9FAFBFF17E09340B90C
:1084A000012000113F000071AD150054E03F40F97C
:1084B000E19300B9023C009141F07D92E13F00F967
:1084C000E6FCFF17A00580520941611EE0BB00B920
:1084D00031FCFF17E25340F9E09340B9E19300B952
:1084E00040C0208B00004079F4F7FF17E09340B9BB
:1084F000012000113F0000710D0A0054E03F40F9D7
:10850000E19300B9022C009141F07D92E13F00F926
:108510000EFCFF17E09340B9012000113F000071ED
:108520008D120054E03F40F9E19300B9022C009114
:1085300041F07D92000040B9E13F00F9DFF7FF17FD
:10854000E17F4539FA03072AFF8B00B9F703072AB1
:10855000FF9B00B907008052680E80522196FE34BE
:1085600004F7FF17E09340B9012000113F000071AC
:10857000CD110054E03F40F9E19300B9022C009185
:1085800041F07D92000040B9E13F00F924FAFF1765
:10859000E09340B9012000113F0000716D080054C4
:1085A000E03F40F9E19300B9023C009141F07D9237
:1085B000E13F00F92BFFFF17E09340B901200011C4
:1085C0003F0000716D100054E03F40F9E19300B9A5
:1085D000023C009141F07D92E13F00F945F9FF171F
:1085E000A0058052A1058052E07F053940FFFF17AA
:1085F000E14740F9F50317AA01BDFEB5E9F5FF17FC
:10860000F34F40F9E80319AAF95F40F9FB7F00F93D
:10861000EC6F40F9FC0302AAFB8F40F9EA9740F99E
:10862000E91341B9EB2341B9FA2741B91F0103EB23
:108630000891839AA3F8FF17E25340F9E09340B9F9
:10864000E19300B940C0208BC0FBFF17E25340F913
:10865000E09340B9E19300B940C0208B89FBFF173C
:10866000210080522100074BE16B01B9E2FBFF17AB
:10867000E25340F9E09340B9E19300B940C0208B48
:1086800086FCFF17E25340F9E09340B9E19300B94B
:1086900040C0208B00004039E1F9FF1740008052B4
:1086A000E0F300B914FCFF17E25340F9E09340B93E
:1086B000E19300B940C0208BEAFEFF17A022C079E9
:1086C00000001A32A0220079B7F5FF17A00000358C
:1086D0003A008052C80C8052F7031A2AB5FDFF17E2
:1086E000E0AB40B9C80C80520C0400119701072B75
:1086F000FA529F1AAFFDFF17E25340F9E09340B9D9
:10870000E19300B940C0208B000040396BF7FF17A0
:10871000E25340F9E09340B9E19300B940C0208BA7
:108720006DFCFF17E29340B90203F837E03F40F9D0
:10873000002C009100F07D92E33F40F9E03F00F90A
:1087400048074039FA0301AAE29300B9670040B92B
:10875000FF000071F9A09F5A19F4FF17E25340F986
:10876000E09340B9E19300B940C0208B3BFCFF1778
:10877000E25340F9E09340B9E19300B940C0208B47
:10878000000040B94DF7FF17E09340B902200011F7
:10879000E03F40F95F0000716D020054002C009131
:1087A00000F07D92E5FFFF17E25340F9E09340B9F6
:1087B000E19300B940C0208B000040B998F9FF1741
:1087C000E15F40F9F34F40F981AEFEB575F5FF1753
:1087D000E25340F9E09340B9E19300B940C0208BE7
:1087E000C4F8FF17E45340F9E39340B983C0238BE7
:1087F000E33F00F9D1FFFF17A022C079E10319AAD6
:1088000000001A32A02200798FFEFF17A022C07943
:10881000010080D200001A32A02200798AFEFF17E0
:10882000FF8B00B9FF9B00B9EDFEFF1763030C8BB4
:108830007FFFFF17000000000000000000000000A4
:10884000FF4314D1FD7B00A9FD030091F35301A95F
:10885000F30301AA21204079F40303AAE34304911E
:10886000661A40F921781E12652240F9F55B02A9CB
:108870006726407964B240B9F60302AA02808052AA
:10888000F50300AAE0E30391E32F00F9E26700B9E2
:10889000E1D30079E7D70079E33B00F9E27B00B947
:1088A000FF8300B9E64700F9E54F00F9E40B01B991
:1088B00058E4FF97800640ADE20316AAE3C3009197
:1088C000E1630191E00315AAE08701AD21F3FF9771
:1088D000F403002AC000F837E1630191E00315AA10
:1088E000D00000941F00007194029F5AE0D3407999
:1088F000800030366022407900001A326022007910
:10890000E07F40F947E4FF97FD7B40A9E003142A8C
:10891000F35341A9F55B42A9FF431491C0035FD60D
:10892000FD7BBBA9FD03009123B040B9F76303A908
:10893000F80302AA63056836F55B02A9F50300AAED
:10894000400840F9F35301A9F40301AAF96B04A903
:108950005A0040F9C00300B4566740A939FF42D31A
:10896000F703192A3F030071AD020054130080D2AF
:1089700003000014FF02136B0D020054C17A73B898
:10898000E20314AAE00315AA73060091A103009460
:108990001F04003101FFFF54F35341A9F55B42A9C5
:1089A000F96B44A91F0B00B91F0B00F9F76343A92A
:1089B000FD7BC5A8C0035FD6000B40F900C839CBCA
:1089C000000B00F95A43009180FCFFB5F35341A915
:1089D00000008052F55B42A9F96B44A9F2FFFF1732
:1089E000640100941F0B00B91F0B00F9F76343A942
:1089F000FD7BC5A8C0035FD600000000000000009A
:108A0000440840F9440000B4C6FFFF17000080523C
:108A10005F0800B9C0035FD600000000000000003E
:108A2000FD7BBDA9FD0300912220C079F35301A96C
:108A3000F30301AAF55B02A9F60300AAE2071837BF
:108A40004000153220200079210840B93F00007114
:108A50008D0B0054642640F9640600B4611A40F995
:108A6000D40240B9DF0200B9620B6037020080D245
:108A7000E00316AA2300805280003FD6E20300AA3A
:108A80001F0400B1E00B0054611A40F9642640F95C
:108A90006022C079E0001036602E40F9630A80B988
:108AA000420003CB600000B4607280B9420000CB8A
:108AB000E00316AA0300805280003FD61F0400B1D5
:108AC000E1080054C30240B96122C0797F7400718B
:108AD000A8060054220080D20208A4F24224C39ABD
:108AE00022060036640E40F922781412640200F95E
:108AF0007F0A00B96222007941006036E307003442
:108B0000612E40F9D40200B9E10000B460D20191B5
:108B10003F0000EB60000054E00316AA4DE5FF970C
:108B20007F2E00F900008052F35341A9F55B42A962
:108B3000FD7BC3A8C0035FD6350C40F955FFFFB4D9
:108B4000210040F9750200F900008052210015CB88
:108B5000F403012A5F0440F241000054602240B94E
:108B6000600E00B93F000071AC000054EEFFFF172B
:108B7000B5C2208B9F0200716DFDFF54611A40F950
:108B8000E303142A642240F9E20315AAE00316AABB
:108B900080003FD69402004B1F000071ACFEFF54D2
:108BA0006122C07921001A3261220079F35341A970
:108BB00000008012F55B42A9FD7BC3A8C0035FD60D
:108BC000617240B93F0000716CF4FF5400008052A4
:108BD000D6FFFF17624A40F9AFFFFF176122C07945
:108BE000630E40F922781412630200F97F0A00B97B
:108BF0006222007961F86736604A00F9C1FFFF1709
:108C0000C00240B920F4FF341F7400710418567A72
:108C100081FCFF5400008052D40200B9C3FFFF174B
:108C2000FD7BBDA9FD030091F35301A9F30301AA44
:108C3000F40300AAF51300F9600000B4012440F920
:108C4000810400B46022C079150080528001003494
:108C500061B240B941000037C0014836E10313AAB0
:108C6000E00314AA6FFFFF97F503002A61B240B931
:108C70006100003760224079E0014836F35341A992
:108C8000E003152AF51340F9FD7BC3A8C0035FD6A6
:108C9000605240F967E3FF97E10313AAE00314AAC7
:108CA00060FFFF97F503002A61B240B981FE0737E4
:108CB000F1FFFF17605240F962E3FF97F35341A9B8
:108CC000E003152AF51340F9FD7BC3A8C0035FD666
:108CD00084000094DCFFFF1700000000000000008B
:108CE000220000B0210000904240279121000F9106
:108CF000200000B000E02191D2010014000000002B
:108D0000FD7BBEA94200009042C03091FD0300915E
:108D1000010440F9F30B00F9F30300AA3F0002EB52
:108D200040000054A70D0094610A40F940000090F3
:108D300000A033913F0000EB60000054E00313AA51
:108D4000A00D0094610E40F9400000900080369123
:108D50003F0000EBA0000054E00313AAF30B40F91E
:108D6000FD7BC2A8970D0014F30B40F9FD7BC2A850
:108D7000C0035FD6000000000000000000000000FB
:108D8000FD7BBCA94000009042000090FD030091D3
:108D9000F35301A913C03091830080520100009069
:108DA00021803391412C07F9020180D201008052C9
:108DB000F55B02A9140000B0F71B00F994C21791EB
:108DC0001F1806F940000090006033917F0600F9FB
:108DD000631200B9160000B07F0E00F9D6C21491DC
:108DE0007F2200B9150000B07F2A00B9B582169124
:108DF0007FB200B9B3E3FF97170000B040000090C6
:108E0000F782139100403391735E03A9765604A94B
:108E1000742A00F9FFE2FF9723018052020180D2F9
:108E20002300A07201008052400000900040369163
:108E30007F5E00F97F6200F963CA00B97F6A00F9BA
:108E40007FDA00B97FE200B97F6A01B99DE3FF973D
:108E50004100009021A03391400000900020369105
:108E600061DE0EA976D60FA9748600F9E9E2FF97B4
:108E700043028052020180D24300A072010080525E
:108E800040000090002039917FBA00F97FBE00F9C0
:108E9000638201B97FC600F97F9201B97F9A01B957
:108EA0007F2202B987E3FF9741000090218036912D
:108EB000615E1AA9400000900000399176561BA906
:108EC00074E200F9F35341A9F55B42A9F71B40F99D
:108ED000FD7BC4A8CFE2FF170000000000000000E7
:108EE000FD7BBEA9FD030091F35301A9F40300AA81
:108EF0005300009073A23091E00313AACDE2FF97D4
:108F0000802640F9E00000B541000090000000908C
:108F100000003491802600F9202C47F9A00000B40D
:108F2000E00313AAF35341A9FD7BC2A8C5E2FF17D2
:108F300094FFFF97E00313AAF35341A9FD7BC2A856
:108F4000C0E2FF1700000000000000000000000069
:108F50004000009000A03091B6E2FF170000000032
:108F60004000009000A03091B6E2FF170000000022
:108F7000FD7BBAA9FD030091F55B02A9F50300AAE8
:108F8000400840F9C00A00B42520C079F35301A974
:108F9000F30301AAFB7305A9FB0302AA850A18368D
:108FA000200C40F9400A00B4F76303A9740340F9A8
:108FB000E5030836611A40F9170080D2642240F9AF
:108FC000160080D2F85376B2DF0218EBE20317AA3C
:108FD000C392989AE00315AA560200B480003FD6C7
:108FE0001F0000716D210054610B40F9007C40931B
:108FF000F702008BD60200CB200000CB600B00F9FB
:10900000C02000B4DF0218EBE20317AA611A40F98E
:10901000C392989A642240F9E00315AA16FEFFB5A0
:10902000975A40A994420091E8FFFF17F96B04A9F1
:10903000650A003618008052000080521A0080D263
:10904000190080D21F2003D5F90700B4600800344E
:10905000600240F9177F4093610E40F9FF0219EB5F
:10906000760E40B9F792999A632240B91F0001EB3E
:109070007600160BE482567AAC1900547F00176B09
:10908000EC170054611A40F9E2031AAA642240F96D
:10909000E00315AA80003FD6F603002A1F000071E6
:1090A000CD0300541803166B20008052E0020054D8
:1090B000610B40F9D67E40935A03168B390316CBC9
:1090C000210016CB610B00F901FCFFB5F35341A958
:1090D000F76343A9F96B44A9FB7345A900008052CB
:1090E000F55B42A9FD7BC6A8C0035FD6E10313AAC6
:1090F000E00315AA43010094A00100356522C07960
:10910000F76303A9AAFFFF17E10313AAE00315AA57
:10911000C4FEFF97E0FCFF34F96B44A96022C079DC
:10912000F76343A900001A3260220079F35341A982
:1091300000008012F55B42A9FB7345A9FD7BC6A820
:10914000C0035FD6990640F9E00314AA9442009147
:10915000B9FFFFB41A0040F9E20319AAE0031AAA02
:109160004101805267020094180400911F0000F131
:1091700018031ACB1817991AB6FFFF17640240F9A3
:109180001C0080D2610E40B91A0080D21F2003D586
:10919000E00304AAF803012AFA0300B425044836C0
:1091A000377C4093FF021AEBC9080054417F40937B
:1091B000F90301AAE00304AAF70301AAF8031A2A93
:1091C000E1031CAAE20317AA2EE2FF97640240F90A
:1091D000610E40B98400178B640200F92100184B1E
:1091E000610E00B9600B40F99C03198B5A0319CB2F
:1091F000000019CB600B00F9A0F6FFB4640240F93F
:10920000610E40B96522C079E00304AAF803012A7F
:109210007AFCFFB59C6A40A994420091DDFFFF17DC
:10922000600E40F91F0004EB43020054652240B970
:109230005FC325EBE3010054E07B40B25F0300EB2A
:109240004393809AE2031CAA611A40F9E00315AA2D
:10925000630CC51A642240F9637C051B80003FD66D
:109260001F000071ADF5FF54197C4093DEFFFF171E
:10927000237C4093E00304AA7F001AEBE1031CAABD
:1092800078909A9A197F4093E20319AAFDE1FF971B
:10929000640240F9610E40B98400198B640200F940
:1092A0002100184B610E00B9E1F9FF35E10313AA63
:1092B000E00315AA5BFEFF9760F9FF3497FFFF17E5
:1092C000597F409301908052BF00016AA0F7FF547C
:1092D000662240B9610E40F9C604060B990001CB25
:1092E000C67C460B367F4093D77C0113C0060091A5
:1092F00000001A8BE27E40935F0000EB8200005476
:1093000026070011D7001A0BE27E409385065036DF
:10931000E10302AAE00315AA2ADFFF97F80300AAD7
:10932000400800B4610E40F9E20316AAD5E1FF97A8
:1093300060224079019080120000010A0000193279
:10934000602200790003168BE402194B597F409389
:10935000600200F9640E00B9E10319AA780E00F961
:10936000E40300AA772200B9F8031A2A3F031AEB94
:1093700008F2FF54F70319AA92FFFF17FC7E4093EF
:10938000E1031AAAE2031CAABEE1FF97600240F9BA
:10939000F603172A610E40B900001C8B600200F929
:1093A0002100174B610E00B93FFFFF17D77E409396
:1093B000E1031AAAE20317AAB2E1FF97620240F999
:1093C000E10313AAE00315AA4200178B620200F919
:1093D00014FEFF9780E6FF3450FFFF17E00315AA45
:1093E000F4090094F80300AAE0FAFFB5610E40F911
:1093F000E00315AA17E3FF976022C079810180522C
:10940000F96B44A900781812A10200B945FFFF17B3
:109410006022C07943FFFF17F35341A9F76343A9C3
:10942000FB7345A92EFFFF17F96B44A981018052F8
:109430006022C079A10200B93AFFFF1700000000C6
:10944000FD7BBBA9FD030091F55B02A9F60302AA0F
:1094500015008052F76303A9F70300AAF80301AAD5
:10946000F35301A9F92300F9191780521F2003D5DE
:10947000D40A40B9D30A40F99F0200710D0200548A
:10948000944EB99B1F2003D5632240797F0400715D
:10949000090100546326C079E10313AAE00317AA67
:1094A0007F0400316000005400033FD6B502002A5B
:1094B00073E202917F0214EB81FEFF54D60240F961
:1094C00096FDFFB5F35341A9E003152AF55B42A9C8
:1094D000F76343A9F92340F9FD7BC5A8C0035FD614
:1094E000FD7BBEA9637C4093FD030091F30B00F963
:1094F000F30301AA2124C07946010094E000F8B7E3
:10950000614A40F92100008B614A00F9F30B40F9F0
:10951000FD7BC2A8C0035FD6612240792178131277
:1095200061220079F30B40F9FD7BC2A8C0035FD62E
:10953000FD7BBDA9FD0300912420C079F35301A94F
:10954000F30301AAF40300AAF55B02A9F50302AA3A
:10955000F603032A840140376126C0798478131208
:1095600064220079C37E4093E20315AAE00314AAA3
:1095700040010094F35341A9F55B42A9FD7BC3A8C8
:10958000C0035FD62124C07943008052020080D2FC
:10959000080100946422C079F0FFFF17000000006A
:1095A000FD7BBEA9FD030091F30B00F9F30301AAB3
:1095B0002124C079FF0000946122C0791F0400B10A
:1095C000E00000542100143261220079604A00F961
:1095D000F30B40F9FD7BC2A8C0035FD621781312BC
:1095E00061220079F30B40F9FD7BC2A8C0035FD66E
:1095F0002124C079DB0000140000000000000000FE
:10960000FD7BBEA922000090FD030091F35301A948
:10961000F40300AAF30301AA403844F9600000B43F
:10962000012440F9610700B46222C079620418364F
:10963000610E40F9C10200B442010036602240B917
:109640007F0E00B9E003004B602A00B90000805291
:10965000410100B4F35341A9FD7BC2A8C0035FD60A
:109660000000805242000837602240B9600E00B905
:109670000000805201FFFFB5E2FE3F3642001A3281
:109680000000801262220079F3FFFF170050805221
:109690004000000A1F00087100FDFF54E10313AAF7
:1096A000E00314AA970B00946222C079610E40F97E
:1096B00082FD0736E2FFFF1702032036C200103793
:1096C000610E40F942001D326222007961FBFFB554
:1096D000EFFFFF17612E40F9010100B460D2019144
:1096E0003F0000EB80000054E00314AA59E2FF970A
:1096F0006222C0797F2E00F9610E40F98004801249
:109700004200000A610200F97F0A00B9EEFFFF176C
:10971000F4FDFF97C5FFFF1720018052800200B9BA
:1097200042001A320000801262220079CAFFFF173D
:10973000FD7BBCA9FD030091F35301A9F403012AA9
:10974000F30302AAF51300F9F50300AA7D000094C3
:109750001F04007181000054800600511FF803713E
:10976000A904005463A20291E203142AE1E30091E8
:10977000E00315AA6B0A00941F0400B10004005412
:10978000C00100B4630E40B9E1E340396304005105
:10979000630E00B9A300F836642A40B97F00046B59
:1097A00024A84A7A40010054630240F964040091FD
:1097B000640200F961000039F51340F9E003142A4E
:1097C000F35341A9FD7BC4A8C0035FD6E20313AAEB
:1097D000E00315AA9F0B00941F040031E1FEFF5423
:1097E00000008012F35341A9F51340F9FD7BC4A892
:1097F000C0035FD6F4E30039E3FFFF17602240792E
:1098000000001A326022007900008012F6FFFF1774
:10981000FD7BBDA9FD030091F35301A9F40300AA48
:1098200040B040B9F30302AA4220C079400000379B
:1098300022034836C200683760B240B94200133292
:10984000622200790000133260B200B9E00314AA6A
:10985000E20313AAB7FFFF97F403002A61B240B9ED
:109860006100003760224079A0004836E003142AE6
:10987000F35341A9FD7BC3A8C0035FD6605240F9F2
:1098800070E0FF97E003142AF35341A9FD7BC3A8BE
:10989000C0035FD6605240F9E12F00B965E0FF9741
:1098A0006222C079E12F40B9E3FFFF1700000000FA
:1098B000230000AAE40300AA7F0840F2400847FA08
:1098C000090100541100001425144038460400D149
:1098D00065140038C5000034E40303AAE20306AAB5
:1098E000E30304AA22FFFFB5C0035FD68400028B06
:1098F000C6FFFFB41F2003D57F1400387F0004EBA0
:10990000C1FFFF54C0035FD6E6DB07B2E6DF9FF27C
:1099100006000014422000D1858400F82120009127
:109920005F1C00F1E9FDFF54250040F9A300068B00
:109930006300258A7FC001F2E0FEFF54E9FFFF17B4
:109940002000009000406D39C0035FD60000000089
:109950002000009000C02B91C0035FD600000000E3
:10996000FD7BBEA9FD030091F35301A9340000F073
:10997000F30300AA9F620EB9E003012AEDD9FF9715
:109980001F04003180000054F35341A9FD7BC2A89D
:10999000C0035FD681624EB981FFFF34610200B916
:1099A000F35341A9FD7BC2A8C0035FD600000000AD
:1099B000FD7BBEA9FD030091F35301A9340000F023
:1099C000F30300AA9F620EB9E003012AE10302AA91
:1099D000E203032ADFD9FF971F0400B1800000547F
:1099E000F35341A9FD7BC2A8C0035FD681624EB983
:1099F00081FFFF34610200B9F35341A9FD7BC2A886
:109A0000C0035FD60000000000000000000000005E
:109A1000FD7BBEA9FD030091F35301A9340000F0C2
:109A2000F30300AAE003012AE10302AA9F620EB930
:109A3000E20303AABBD9FF97017C40931F040031C6
:109A4000A0000054F35341A9E00301AAFD7BC2A882
:109A5000C0035FD680624EB960FFFF34600200B978
:109A6000E00301AAF35341A9FD7BC2A8C0035FD65E
:109A7000FD7BBEA9FD030091F35301A9340000F062
:109A8000F30300AAE003012AE10302AA9F620EB9D0
:109A9000E20303AA9FD9FF97017C40931F04003182
:109AA000A0000054F35341A9E00301AAFD7BC2A822
:109AB000C0035FD680624EB960FFFF34600200B918
:109AC000E00301AAF35341A9FD7BC2A8C0035FD6FE
:109AD0000000000000000000000000000000000086
:109AE0000000000000000000000000000000000076
:109AF0000000000000000000000000000000000066
:109B00005F2403D5820600B4258080520502A87226
:109B1000200C014E03E87B92A50C044E091040F284
:109B20004A1040920002005461A0DF4C248100D111
:109B3000420004AB238C206E448C206E631C254EA7
:109B4000841C254E66BC244EC6BC264EC63C084E20
:109B500024F97FD3C624C49AC620C49A290200548B
:109B6000C60200B561A0DF4C428000F1238C206E5C
:109B7000448C206EA9000054661CA44EC6BCE64E60
:109B8000C63C084E06FFFFB4631C254E841C254EC0
:109B900066BC244EC6BC264EC63C084EE2000054AD
:109BA0004401098B84104092848000D1E40704CBE7
:109BB000C620C49AC624C49AC600C0DA638000D105
:109BC000DF0000F1C610C0DA6004468BE003809A23
:109BD000C0035FD6000080D2C0035FD60000000043
:109BE0000200669E1F0000B90402B01241F860D363
:109BF00043FC60D33F00046BE80200542200022AB9
:109C0000A2020034040080527F286CF2210100542B
:109C1000016AE8D22100679EA40680120008611E36
:109C20000100669E21FC60D3E303012A2178001223
:109C30000200669E63500112217C141363200B32D4
:109C400021F80F512100040B010000B9627C60B3C0
:109C50004000679EC0035FD60000000000000000C7
:109C6000FD7BBCA9FD030091F35301A9341440B955
:109C7000F76303A9F80300AA001440B91F00146B8E
:109C80008B0B0054940600513360009117630091D0
:109C9000F55B02A98A7E4093807E7E937602008BDC
:109CA000EB02008B627A6AB8E37A6AB84204001168
:109CB0007508C21A7F00026BC3040054E70313AA9D
:109CC000E60317AA09008052080080521F2003D51E
:109CD000E34440B8C40040B9653C0012637C1053B3
:109CE000823C0012A524151BA97C10534220254B51
:109CF0004200080B6324151B407C10130020234BEB
:109D0000697C10530340440B623C1033C24400B8DA
:109D1000687C1013DF0207EBC2FDFF54E07A6AB8DB
:109D200080010035601100D1FF0200EBA300005458
:109D30000700001494060051FF0200EB820000545B
:109D4000020040B9001000D162FFFF34141700B9BF
:109D5000E00318AAB30600940004F837E00317AA3A
:109D6000040080521F2003D5634640B8020040B96A
:109D7000413C00122120234B2100040B247C1013B2
:109D80008340434B6240420B413C1033014400B8D6
:109D9000447C1013DF0213EB82FEFF54E1DA74B847
:109DA000E0CA348B81010035001000D11F0017EB91
:109DB000A80000540700001494060051FF0200EBB5
:109DC00082000054010040B9001000D161FFFF344F
:109DD000141700B9B5060011F35341A9E003152A81
:109DE000F55B42A9F76343A9FD7BC4A8C0035FD616
:109DF000F35341A900008052F76343A9FD7BC4A837
:109E0000C0035FD60000000000000000000000005A
:109E1000FD7BB4A9FD030091062840F9F35301A985
:109E2000F30300AAF55B02A9F40304AAF76303A9EC
:109E3000F703012AF80305AAF96B04A9FA03022A19
:109E4000FB7305A91C00669EE34300F9E827066D35
:109E50000840601E060100B4035840B92200805239
:109E6000E10306AA4220C31AC30801298904009409
:109E70007F2A00F90001669E0941601E01008052A0
:109E800000FC60D3F503002AA000F8361578001214
:109E900021008052BC7E60B38903679EA22A0C1207
:109EA000810200B900FEAF525F00006B800E0054CB
:109EB0002821601E61020054E14340F920008052D5
:109EC000200000B9980000B4200000B000640491A4
:109ED000000300F9370000B0F7620491F35341A981
:109EE000E00317AAF55B42A9F76343A9F96B44A9FC
:109EF000FB7345A9E827466DFD7BCCA8C0035FD660
:109F00002041601EE2E30291E1F30291E00313AA13
:109F1000D8060094F40300AAA07E1453A00C0035C8
:109F2000E30757290001669E6100010B22C810114A
:109F30005F800071AD2E0054254810110408805236
:109F40008200024B0024C51AB522C21AA002002AC0
:109F50000000631E2004005121008052E1A700B9D7
:109F600004C2BF520200669E41FC60D32100040B74
:109F7000227C60B34200679E01106F1E210000F03A
:109F80000300621E4138611E248844FD210000F058
:109F9000208C44FD210000F02000441F229044FD4D
:109FA0006000421F1820601E0500781E442A0054DD
:109FB0006000004B06040051BF580071082800548F
:109FC000210000F02100269120D865FC1020691E98
:109FD0002C2D0054FFA300B9070080521F00007110
:109FE0008C00005427008052E700004B060080528E
:109FF000C600050B1B008052E58B00B9FF260071DF
:10A0000068070054FF1600716D280054F7120051C4
:10A0100019008052FF0E0071605900542D2F00541A
:10A02000FF120071A12D005420008052E07B00B986
:10A030005F0300716D530054F5031A2AE0031A2AD6
:10A04000FAAB00B9047C40931F7C0071CD0500542D
:10A05000230080528200805242781F53E103032A7A
:10A0600063040011407C4093007000911F0004EBDA
:10A0700049FFFF54615A00B926000014E14340F93A
:10A08000E0E18452200000B92001669E1FCC40F21E
:10A090000102005437000090186200B420000090C4
:10A0A000F702069100200691000300F98CFFFF17CC
:10A0B0002201669EE3BB40B900FC0F51FFA700B927
:10A0C00041CC60D321240C32227C60B3AAFFFF175D
:10A0D00037000090F85F00B420000090F74206912E
:10A0E000004C0691000300F97DFFFF1739008052F4
:10A0F00017008052150080121A008052F97B00B9B7
:10A10000F5AB00B9010080527F5A00B91F2003D57A
:10A11000E00313AAE79B1129E59B00B9B90300945A
:10A12000E79B5129F60300AAE59B40B9C07200B431
:10A13000BF3A0071762A00F9E0879F1AE303152AD7
:10A140000400190A1F00196AE00A0054E08B40B9A4
:10A150001F0000716D440054E403002A210000D068
:10A16000E00304AA21002691020C4092807C041393
:10A17000207862FCE10304AA014E4036210000D0A1
:10A18000000C00126200805221B844FD2119611EAA
:10A1900060010034210000D0214025911F2003D50B
:10A1A00080000036220040FD420400110008621EBB
:10A1B000007C01132120009140FFFF352118601E13
:10A1C000E0A340B98000003400106E1E3020601EF5
:10A1D000C45400544200621E0090631E0298BF5295
:10A1E0004000411F0000669E01FC60D32100020B6D
:10A1F000207C60B3153E0034FC8B40B9E403152A83
:10A200002100781E0200679E82040051280000D0C1
:10A2100008012691C90600912000621E20C000118D
:10A22000E17B40B9001C001203D962FC2138601E9A
:10A23000E148003400106C1EC00200390018631E93
:10A240000038621E1020611E4C68005422008052AB
:10A25000E00309AA4200094B04106E1E0390641E1D
:10A260000A0000142108631E0008631E2100781EE6
:10A270002200621E21C00011011400382138621E24
:10A280003020601E245E00548238611E5020601E03
:10A29000C41700544100000B3F00046B4BFEFF54F9
:10A2A0003C01669EE0BF40B9E18B40B91F000071E0
:10A2B00020A84E7A6D3D0054E17B40B9813C0034CA
:10A2C000FF0600716D4F0054A30600517F03036B1E
:10A2D0000B520054E000154BE08F00B96303034BB1
:10A2E000755EF836E00313AA21008052E79300B9A7
:10A2F000E69B00B9E5A700B9E3AF00B9F903009404
:10A30000E79340B9F90300AAE69B40B9E5A740B935
:10A31000E3AF40B9E18F40B93F000071C4C8407A53
:10A32000ED0000543F00066B20D0861AE700004B7A
:10A33000C600004B2100004BE18F00B9FB01003447
:10A34000E07B40B9E04C003483510035E10314AAAE
:10A35000E2031B2AE00313AAE79300B9E69B00B9C6
:10A36000E5A700B98B040094E79340B9F40300AA71
:10A37000E69B40B9E5A740B9E00313AA210080524B
:10A38000E79300B9E69B00B9E5A700B9D5030094AF
:10A39000E5A740B9FB0300AAE79340B9E69B40B9A3
:10A3A00065380035FF0600718D1C00542000805276
:10A3B000C000000B001000720031005401048052F4
:10A3C0002100004B3F1000712D4400548103805246
:10A3D0002000004BE18F40B9E700000BC600000BE6
:10A3E0002100000BE18F00B9FF0000714D01005406
:10A3F000E10314AAE203072AE00313AAE69300B9D3
:10A40000E59B00B9AB040094E69340B9F40300AABD
:10A41000E59B40B9DF0000710D010054E1031BAA68
:10A42000E203062AE00313AAE59300B9A10400940D
:10A43000FB0300AAE59340B9E0A340B9FF0A00710D
:10A44000E4D79F1AE0180035BF02007184D8407A23
:10A45000E00D00549527003503008052A200805281
:10A46000E1031BAAE00313AA12030094FB0300AA52
:10A47000E1031BAAE00314AAF70316AAE904009457
:10A480001F0000710D260054E08B40B9D6060091E4
:10A490001C04001120068052E0020039E1031BAACF
:10A4A000E00313AAFB020094590800B4E10319AABF
:10A4B000E00313AAF70200943E000014210080522A
:10A4C000E1A300B907008052E600F83725D9FF362E
:10A4D000E700054BFB03054BE58B00B905008052F7
:10A4E000C7FEFF172700805206008052E700004B8E
:10A4F000F7FFFF17A100621E2020601EE1079F1AD0
:10A50000A500014BABFEFF17E203024B0020C21A6D
:10A5100090FEFF1739008052FF0E00714031005449
:10A520000CD8FF54FF0A0071C05300547F5A00B981
:10A53000E00313AA01008052E77B00B9E6971129D6
:10A54000B0020094E77B40B9F60300AAE6975129D0
:10A55000A05100B4000080121A008052E303002AC8
:10A56000F503002A762A00F9F97B00B9E0AB00B9BF
:10A570004DFFFF17A5040051FFA300B9D2FFFF173D
:10A580001F0016EBA0420054E20300AA01FC5F3852
:10A590003FE4007160FFFF5421040011211C0012F0
:10A5A000F70316AAF60302AA010000391F2003D5FB
:10A5B000E10314AAE00313AAB6020094DF020039F3
:10A5C000E14340F980070011200000B998C8FFB4AA
:10A5D000160300F942FEFF1720008052B700805298
:10A5E000E07B00B9E08B40B94003000BE0AB00B961
:10A5F00015040011BF020071A0C69F1A92FEFF173A
:10A6000057008052FF7B00B98AFEFF17E07B40B9FC
:10A61000000E0034E28F40B95F000071ED0000547D
:10A62000E10319AAE00313AAE57B00B92104009411
:10A63000E57B40B9F90300AAF93F00F9453E003532
:10A64000D5C2358B80030012F64B00F9E0A700B9A4
:10A65000E1031BAAE00314AA82FDFF971AC00011B0
:10A66000E10319AAE0A300B9E00314AA6D04009461
:10A67000E23F40F9E1031BAAE08F00B9E00313AA0F
:10A680007C040094E10300AA001040B98011003559
:10A69000E00314AAE14F00F962040094E203002AE7
:10A6A000E14F40F9E00313AAE29B00B9790200945C
:10A6B000E29B40B9E002022AC0140035E0A740B98D
:10A6C000E03F0034E08F40B96012F837E04B40F9CA
:10A6D0001A140038E04B00F9BF0200EB003D0054B3
:10A6E000E10314AA0300805242018052E00313AA3E
:10A6F00070020094F40300AAE03F40F9E10319AAB4
:10A7000003008052420180523F0300EBE00313AA92
:10A71000E010005467020094F90300AAE13F40F9F9
:10A72000E00313AA030080524201805261020094A8
:10A73000E03F00F9C7FFFF179FCF40F281E3FF54CE
:10A7400080FF60D31F286CF220E3FF542500805265
:10A75000E7040011C6040011E003052A15FFFF17E6
:10A76000E1031BAAE00314AAE59300B9E49B00B936
:10A770002C040094E59340B9E49B40B960E6FF36B1
:10A78000E08B40B9E10314AA0300805242018052D9
:10A7900000040051E08B00B9E00313AAE59300B96F
:10A7A000E49B00B943020094F40300AAE07B40B9A3
:10A7B000E59340B9E49B40B9E0390035E0AB40B9DE
:10A7C0001F000071F503002A84D8407A41E4FF5449
:10A7D000170080D207000014E10314AAE00313AAB3
:10A7E000030080524201805232020094F40300AA16
:10A7F000E1031BAAE00314AA1AFDFF971AC0001177
:10A80000DA6A3738F7060091BF02176B6CFEFF5407
:10A81000BF020071B5060051200080D215D4959A70
:10A82000D502158B170080D222008052E10314AAB2
:10A83000E00313AA9F030094E1031BAAF40300AAF8
:10A84000F80300941F0000718C0000543D010014B7
:10A85000BF0216EB80280054E20315AAB50600D10A
:10A8600040F05F381FE4007140FFFF54FC8B40B99B
:10A8700000040011A0020039E1031BAAE00313AA9F
:10A88000E23F00F903020094E23F40F9B91D00B431
:10A89000FF0200F1E41259FAC0000054E10317AAC4
:10A8A000E00313AAE23F00F9FA010094E23F40F905
:10A8B000F70316AAF60302AAFDFEFF17E00313AA88
:10A8C000F4010094E08F40B9C000F837E08F40B940
:10A8D0009C030012E002002A9C03002ABC040035FD
:10A8E00022008052E10314AAE00313AA710300942A
:10A8F000E1031BAAF40300AACA0300941F0000711D
:10A900008D3100545FE70071002C0054E0A340B982
:10A910001AC40011E24B40F9F70319AAF93F40F9B4
:10A92000FC8B40B95A140038D4FFFF17E1010094A2
:10A93000F90300AAE03F00F946FFFF171B0080D291
:10A94000190080D2FC033A2AF70316AAD4FEFF1797
:10A95000E08F40B94030F837E1A740B9E002002A63
:10A960002000002AC02F00345F0000710DEBFF545F
:10A970005FE70071A0280054E24B40F95A0700112C
:10A98000F70319AAFC8B40B9F93F40F95A14003873
:10A99000BAFFFF174200621E0090631E0298BF526A
:10A9A0004000411F0000669E01FC60D32100020BA5
:10A9B000207C60B30290621E0000679E2138621EF8
:10A9C0003020601E6C0600540040611E3020601E66
:10A9D00064FBFF5433FEFF17800380527EFEFF1797
:10A9E000E0130054E08B40B9210000D021002691F3
:10A9F000E003004B020C4092007C0413227862FCBE
:10AA00002209621EC02900344140601E210000D08E
:10AA10002140259108008052420080521F2003D51A
:10AA2000A0000036200040FD42040011E803042A83
:10AA30002108601E007C01132120009120FFFF35BA
:10AA40001F010071211C621EDEFDFF17E3031B2A9C
:10AA5000190080D2FF7B00B9E78F00B92EFEFF17E7
:10AA6000200000D0000026915F030071A0BA407A58
:10AA700001D861FCEC15005435F6FF350090621EDC
:10AA80002108601E8003679E3020601E8AF5FF54F7
:10AA9000F70316AA1B0080D2190080D27BFEFF1795
:10AAA0003A008052F5031A2A96FDFF17E10300AA27
:10AAB000E203052AE00313AAE79300B9E69B00B975
:10AAC000B4020094E79340B9FB0300AAE69B40B9A7
:10AAD000FF0600710D02005405008052601740B956
:10AAE000E79300B900040051E69B00B9E5A700B95F
:10AAF00060CB208B001840B9B20100940104805251
:10AB0000E79340B9E69B40B92000004BE5A740B968
:10AB100028FEFF179FCF40F201FEFF5480FF60D355
:10AB20001F286CF2A0FDFF54E7040011C6040011B9
:10AB300025008052EAFFFF172141601E420080522B
:10AB400094FDFF17FF7B00B9A7FEFF17C002003975
:10AB50004208631EC042248BE20309AA0390641ECC
:10AB60009F040071401C00542108631E2100781EC0
:10AB70002000621E21C00011411400382138601EDF
:10AB80001F0002EB21FFFF5400106C1E4328601EC3
:10AB90007020611EA4CFFF540038621E1020611E79
:10ABA0008C040054E0BF40B93C01669E1F00007158
:10ABB000E08B40B900A84E7AACF4FF54E08B40B96A
:10ABC000F70316AAF60309AA01D960FC2019611E31
:10ABD00060040051C002008B0390641E0100781EC7
:10ABE0002000621E22C00011E202003900A4411FB1
:10ABF000BF06007141010054970000140218611E45
:10AC00004100781E2200621E22C00011C2160038C8
:10AC10004080411F1F0016EB001200540008631E05
:10AC20000820601EC1FEFF54FC8B40B961FEFF1777
:10AC3000E20300AA01FC5F383FC00071A0FFFF548F
:10AC4000F70316AAF60302AA5AFEFF1781078052DD
:10AC50002000004BA0BCFF54DFFDFF172141601E08
:10AC60004200805257FDFF1775E9FF34E4AB40B94D
:10AC70009F0000716DB1FF54420400110390641EE7
:10AC80000090631EE08B40B94200621E2108631EE3
:10AC90001C0400510898BF522000421F0000669E0D
:10ACA00001FC60D32100080B207C60B355FDFF1729
:10ACB000E1A740B98109003400CC1011E3031B2A3D
:10ACC000C600000BE78F00B9E700000B86FDFF17F9
:10ACD000F742069182FCFF17F702069180FCFF17EE
:10ACE000E10314AAE2031B2AE00313AAE79300B9C5
:10ACF000E69B00B9E5A700B926020094E79340B9A6
:10AD0000F40300AAE69B40B9E5A740B99BFDFF17F5
:10AD100060001B4BC600150BFB03032AA500000BAC
:10AD200003008052E78F00B9A702070B6EFDFF17E3
:10AD3000F70316AA8903679ED6060091A4FFFF17A2
:10AD400041000054BAD80737E20315AAB50600D16E
:10AD500040F05F381FC0007180FFFF54FC8B40B98A
:10AD6000C6FEFF17E08B40B91C040011200680527C
:10AD7000C0020039C1FEFF17E203032AE10319AA4A
:10AD8000E00313AAE39300B9E79B00B9E6A700B973
:10AD9000E5AF00B9FF010094E20314AAF90300AA89
:10ADA000E10319AAE00313AA7E010094E10314AAA7
:10ADB000F40300AAE00313AAB6000094E39340B999
:10ADC000E79B40B9E6A740B97B03036BE5AF40B909
:10ADD00040ADFF545EFDFF179C0700112106805215
:10ADE000F0FDFF17E1BB40B9C0068052E3031B2A08
:10ADF000E78F00B90000014BC600000BE700000B15
:10AE000039FDFF17210B40B9E00313AA7D00009420
:10AE1000FA0300AAA00A00B4221780B921430091C6
:10AE2000004000914208009142F47ED315DBFF9769
:10AE3000E1031AAAE00313AA220080521D02009423
:10AE4000E03F00F9FFFDFF17F70316AAF60300AA7B
:10AE5000D8FDFF17E00316AA0028601E1020611E0F
:10AE60000C0200540020611E41000054A101003773
:10AE7000FC8B40B9F60300AACEFDFF17F70319AA11
:10AE8000F93F40F969FEFF17F54B40F9F70319AA9E
:10AE9000F93F40F920078052A01600386FFEFF17D7
:10AEA000FC8B40B9F60317AAB8FDFF17C600150BB7
:10AEB000E78F00B9A702070B0BFDFF175FE70071D3
:10AEC00040FEFF54E24B40F9F70319AAFC07512951
:10AED000E0A340B93F00007100C40011F93F40F900
:10AEE0001AC09A1A5A14003864FEFF17E00309AA20
:10AEF00026FFFF17E10319AAE00313AA03008052FB
:10AF000042018052E57B00B9E49300B969000094E6
:10AF1000F5AB40B9F90300AAE49340B9BF02007150
:10AF200084D8407A21010054E57B40B9BAFDFF176F
:10AF300021CFFF549ACE073777FEFF174140601E9E
:10AF4000420080529FFCFF17F5AB40B942FDFF174E
:10AF5000F70316AAF60309AA96FDFF175F00007112
:10AF60000CCCFF546CFEFF172300009020000090D3
:10AF70006360069100C00691020080D2E15D8052BC
:10AF80008C9FFF9723000090200000906360069143
:10AF900000C00691020080D2E1358052859FFF9764
:10AFA000FF7B00B923FCFF17000000000000000039
:10AFB000FF4300D13F0000F1E03300910100819A8E
:10AFC000220100B4630100B440004039200000B900
:10AFD000400040391F000071E0079F1AFF430091B5
:10AFE000C0035FD600008052FF430091C0035FD6CC
:10AFF00020008012FAFFFF17000000000000000090
:10B00000FD7BBEA9FD030091023440F9F35301A971
:10B01000F30300AAF403012A420100B4817E4093A5
:10B02000407861F8E00100B4030040F9437821F86A
:10B030001F0800F9F35341A9FD7BC2A8C0035FD6E6
:10B04000220880D2010180D2FA050094603600F90E
:10B05000E20300AA40FEFFB5000080D2F6FFFF1712
:10B0600021008052E00313AA3320D41A210080D299
:10B07000627E4093421C009142F47ED3ED05009421
:10B08000C0FEFFB4144C0129EAFFFF1700000000C6
:10B09000C10000B4003440F9220880B9037862F896
:10B0A000230000F9017822F8C0035FD600000000F9
:10B0B000FD7BBCA927600091050080D2FD030091B3
:10B0C000F35301A9F303032A341440B9F55B02A931
:10B0D000F50301AAF60300AAE47865B8833C0012E0
:10B0E000847C1053634C021B663C0012637C10533B
:10B0F000830C021BC440030BE47825B8A50400911F
:10B10000737C10539F02056B8CFEFF5413010034B7
:10B11000A00E40B91F00146B4D010054A0CA348B1F
:10B1200094060011131800B9B41600B9F35341A9DD
:10B13000E00315AAF55B42A9FD7BC4A8C0035FD656
:10B14000A10A40B9E00316AAF71B00F92104001177
:10B15000ACFFFF97F70300AA600200B4A21680B903
:10B16000A1420091004000914208009142F47ED338
:10B1700044DAFF97C03640F9A10A80B9027861F835
:10B18000A20200F9157821F8F50317AAA0CA348B9A
:10B1900094060011F71B40F9131800B9B41600B952
:10B1A000E3FFFF17030000F0000000F0636006916A
:10B1B00000400891020080D241178052FD9EFF9707
:10B1C000E103002AE2FF9F52000080523F00026B21
:10B1D00068000054213C10530002805202E0BF126C
:10B1E0003F00026B6800005400200011215C1853DE
:10B1F0000200BE123F00026B6800005400100011F4
:10B20000216C1C530200B8123F00026B89000054ED
:10B21000E103212A007C410BC0035FD622741E5338
:10B22000C100E8375F0062F2000C00110104805297
:10B230000010811AC0035FD600080011C0035FD65A
:10B24000E20300AA00008052410040B93F0840F2EA
:10B25000E0000054A1000037A1030836217C01530F
:10B2600020008052410000B9C0035FD63F3C00720D
:10B2700061000054217C1053000280523F1C007278
:10B280006100005400200011217C08533F0C40F263
:10B290006100005400100011217C04533F0440F26F
:10B2A0006100005400080011217C02538100003726
:10B2B00000040011217C015361000034410000B9F9
:10B2C000C0035FD600048052C0035FD6217C0253C6
:10B2D00040008052410000B9C0035FD6000000006A
:10B2E000FD7BBEA9FD030091023440F9F35301A98F
:10B2F000F30300AAF403012A820100B4400440F9D8
:10B30000E00200B4010040F9410400F9210000B05E
:10B31000141800B9F35341A9209844FD000800FD1A
:10B32000FD7BC2A8C0035FD6220880D2010180D273
:10B3300040050094603600F9E20300AA00FEFFB564
:10B34000030000F0000000F06360069100400891E7
:10B35000020080D2A1288052969EFF97E00313AA94
:10B36000820480D2210080D232050094A0FEFFB476
:10B37000210000B0141800B9F35341A9209444FDF2
:10B38000210000B0000400FD209844FD000800FDED
:10B39000FD7BC2A8C0035FD60000000000000000D3
:10B3A000FD7BBCA9FD030091F55B02A9F50301AA91
:10B3B000361440B9F71B00F9571440B9F35301A9EB
:10B3C000F40302AADF02176BEB000054E203172A12
:10B3D000E10314AAF703162AF40315AAF603022AB6
:10B3E000F50301AA810A4129F302160B5F00136BD2
:10B3F00021A4811A03FFFF97800B00B4076000911E
:10B40000E8C8338BE30307AAFF0008EB820000546F
:10B410007F4400B81F0103EBC8FFFF54A6620091F0
:10B420008B620091C9C8368B65C9378BDF0009EB89
:10B4300022080054AA0014CB946600914A6500D1FA
:10B44000810080D24AF57E92BF0014EB4A01018B45
:10B450004A21819A07000014637C1053C30300350E
:10B46000C6100091E71000913F0106EB4906005419
:10B47000C30040B96D3C007200FFFF54EC0307AA03
:10B48000E4030BAA0E008052814440B8830140B906
:10B49000223C00126F3C0012217C1053637C10533D
:10B4A000423C0D1B210C0D1B42000E0B2140420B98
:10B4B000223C1033824500B82E7C1053BF0004EBB1
:10B4C00048FEFF54EE682AB8C30040B9637C1053AD
:10B4D00083FCFF34E10040B9ED0307AAE4030BAAA3
:10B4E0000E008052EC03012A820040794238031B8F
:10B4F00042404C0B413C1033A14500B8814440B858
:10B50000AC0140B9217C10538E3D00122138031B41
:10B510002140420B2E7C1053BF0004EB68FEFF5409
:10B52000C6100091E1682AB8E71000913F0106EBD0
:10B5300008FAFF547F0200718C00005405000014CB
:10B54000730600716000005401CD5FB8A1FFFF34A5
:10B55000F55B42A9F71B40F9131400B9F35341A955
:10B56000FD7BC4A8C0035FD6030000F0000000F01C
:10B570006360069100400891020080D2412C805205
:10B580000C9EFF970000000000000000000000007B
:10B59000FD7BBDA9FD030091F35301A9F303022A2A
:10B5A00042040072F55B02A9F60300AAF50301AAA2
:10B5B000C1040054737E0213F3020034D43240F904
:10B5C000540500B4F3000037737E011353020034B6
:10B5D000800240F9A00200B4F40300AA73FF07360A
:10B5E000E20314AAE10315AAE00316AA6DFFFF9770
:10B5F000D50000B4C13640F9A20A80B9237862F8B8
:10B60000A30200F9357822F8F50300AA737E01132E
:10B6100013FEFF35F35341A9E00315AAF55B42A9D8
:10B62000FD7BC3A8C0035FD6E20314AAE10314AAFA
:10B63000E00316AA5BFFFF97800200F9F40300AA5B
:10B640001F0000F9E6FFFF1742040051240000B07C
:10B6500084E024910300805282D862B895FEFF975F
:10B66000F50300AAD4FFFF17E00316AA21008052B9
:10B6700064FEFF97F40300AAE00000B4200080D22B
:10B68000204EC0F2804201F8D43200F99F0200F946
:10B69000CDFFFF17030000F0000000F0636006918B
:10B6A00000400891020080D2A1288052C19DFF97DE
:10B6B000FD7BBCA9FD030091F76303A9587C05132A
:10B6C000371440B9230C40B91703170BF35301A9E2
:10B6D000F40301AAF55B02A9F5060011210840B99F
:10B6E000F303022AF60300AABF02036BAD00005465
:10B6F00063781F5321040011BF02036BACFFFF549A
:10B70000E00316AA3FFEFF97A00700B40560009172
:10B710001F0300712D010054041B0011E30305AA4F
:10B7200004C8248B1F2003D57F4400B87F0004EB9E
:10B73000C1FFFF54A548388B861680B983620091FB
:10B74000671200726608068B800400540804805259
:10B75000E10305AA0801074B040080521F2003D50E
:10B76000620040B94220C71A4200042A224400B8AD
:10B77000644440B88424C81ADF0003EB28FFFF5458
:10B78000C10014CB82660091216400D1DF0002EB7E
:10B7900021F47E92820080D22100028B2120829AA5
:10B7A000A46821B844000035F503172AC13640F9D2
:10B7B000820A80B9F76343A9237862F8151400B9A7
:10B7C000F55B42A9830200F9347822F8F35341A9CA
:10B7D000FD7BC4A8C0035FD6614440B8A14400B853
:10B7E000DF0003EB29FEFF54614440B8A14400B8D8
:10B7F000DF0003EB28FFFF54ECFFFF17030000F00E
:10B80000000000F06360069100400891020080D2C1
:10B81000C13B8052679DFF970000000000000000C0
:10B82000221440B9E50300AA001440B90000026BDD
:10B83000E1010054437C7E93A5600091216000915A
:10B84000A200038B2100038B03000014BF0002EB56
:10B85000E200005444CC5FB823CC5FB89F00036B78
:10B8600060FFFF540000801200349F1AC0035FD6AF
:10B87000FD7BBDA9FD030091F35301A9F30301AAC8
:10B88000F40302AA211440B9421440B9F51300F997
:10B890002100026B41020035427C7E93616200917F
:10B8A000846200912300028B8400028B0300001449
:10B8B0003F0003EB620A005466CC5FB885CC5FB8EA
:10B8C000DF00056B60FFFF54E10314AAF5279F1A00
:10B8D0009432939A7332819A05000014E10314AAFA
:10B8E000F5579F1A9442939A7342819A810A40B9FC
:10B8F000C4FDFF97000B00B4681680B989620091FF
:10B90000871640B9626200910B600091050380D2F6
:10B910004808088B010080522AC9278B151000B9EE
:10B92000866A65B8646A65B8C33C0012C67C105369
:10B930006320244BC440444B6300010B8440830BC1
:10B94000833C1033036825B8A5100091817C101347
:10B950006402058B1F0104EB48FEFF54040113CB66
:10B9600062660091846400D11F0102EBE6379F1AE2
:10B97000880080D282FC42D3DF0000714504009130
:10B98000A5F47ED3A510889A2801058B6501058B47
:10B990005F0108EB890400544A0500D1040080D2FD
:10B9A0004A0108CB49FD42D3027964B83F0104EB58
:10B9B0004300010B2120220B427C10534140810B9C
:10B9C000233C1033A37824B8217C10138404009105
:10B9D000C1FEFF544AF57E92A1000A8B8300003518
:10B9E00022CC5FB8E7040051C2FFFF34071400B94E
:10B9F000F35341A9F51340F9FD7BC3A8C0035FD6FB
:10BA0000010080527FFDFF97800100B4210080D2A9
:10BA1000014001F8F35341A9F51340F9FD7BC3A898
:10BA2000C0035FD642F47ED3DF00007142109F9ABC
:10BA30006101028BEAFFFF17030000F0000000F035
:10BA40006360069100400891020080D2E146805276
:10BA5000D89CFF97030000F0000000F0636006919F
:10BA600000400891020080D2A1488052D19CFF97EB
:10BA7000FD7BBCA9FD030091E81300FD0840601E9A
:10BA8000F35301A9F40301AAF30302AA210080528F
:10BA90005CFDFF97E00700B40301669EE40300AA83
:10BAA00065F874D360CC60D301000C32BF00007124
:10BAB0002010801AE03F00B983020035E0F30091C6
:10BAC000E0FDFF97E13F40B923008052831400B9A5
:10BAD00000800011811800B9A5030034A5CC1051D5
:10BAE000E81340FDA500000B850200B9A3068052B3
:10BAF0006300004B630200B9E00304AAF35341A9B9
:10BB0000FD7BC4A8C0035FD6E0E30091E83B00BD25
:10BB1000CCFDFF97E13F40B980030034E33B40B9DF
:10BB2000E203004B2220C21A4200032A2124C01A39
:10BB3000E13F00B93F00007182040329E3079F1A27
:10BB400063040011831400B9A5FCFF3561008092E5
:10BB500000C8105121C8238B800200B98000018BDE
:10BB600063681B53001840B996FDFF97E81340FD2A
:10BB70006300004B630200B9F35341A9E00304AA38
:10BB8000FD7BC4A8C0035FD6E23B40B9EAFFFF17C4
:10BB9000030000F0000000F063600691004008918F
:10BBA000020080D2E1618052829CFF970000000079
:10BBB000FD7BBAA9FD030091F55B02A9F50302AA7A
:10BBC000211000B4F35301A9F30301AAF60300AA5C
:10BBD000F76303A9784200D1B45E0091F96B04A920
:10BBE000F8D6FF97F90318AA000740F917F47E92D8
:10BBF0009FBA00F108090054010080523F00007113
:10BC0000140480D2800255FA43090054FF0214EB59
:10BC10004A0A0054010000D0FB7305A93C80019141
:10BC20000203178B830B40F9410440F97F0002EBBC
:10BC3000A00E005423F87F924300038B630440F965
:10BC4000630B003721F47E92E302018B9F0203EB2A
:10BC50008D070054800100377B025FF81B031BCB6C
:10BC6000600740F900F47E922100008B3A00178BA8
:10BC70009F021AEBED180054FA02008B9F021AEB98
:10BC80006D140054E10315AAE00316AACDD4FF9762
:10BC9000F50300AA201D00B4010740F9024000D1BD
:10BCA00021F87F920103018B3F0002EB4011005409
:10BCB000E22200D15F2001F1681600545F9C00F180
:10BCC00048110054E10313AA220040F9020000F9D0
:10BCD000220440F9020400F9210840F9010800F9A2
:10BCE000E10313AAE00316AADAD8FF97E00316AA25
:10BCF000B8D6FF97F35341A9E00315AAF55B42A913
:10BD0000F76343A9F96B44A9FB7345A9FD7BC6A85A
:10BD1000C0035FD694EE7C92E17B40B29F0201EBC0
:10BD2000E1979F1A3F000071800255FA02F7FF5415
:10BD300080018052150080D2C00200B915000014A5
:10BD4000410041A9F70303AAFB7345A9200C00F9A0
:10BD5000010800F91F2003D5210740F9E00214CBA8
:10BD60002203178B210040921F7C00F148030054EE
:10BD7000E10201AA210700F9400440F9000040B2A5
:10BD8000400400F9F50313AAE00316AA91D6FF9721
:10BD9000F35341A9E00315AAF55B42A9F76343A950
:10BDA000F96B44A9FD7BC6A8C0035FD6C0F6073770
:10BDB0007B025FF81B031BCB600740F900F47E9207
:10BDC000AEFFFF17F55B42A9E10302AAFD7BC6A8FF
:10BDD0007CD4FF172403148B810201AA210700F9E8
:10BDE000030040B281400091E00316AA830400F9E9
:10BDF000430440F9630040B2430400F995D8FF972B
:10BE0000E1FFFF1721F47E92838200912200178BBD
:10BE10005F0003EB4A0E005460F307377B025FF8C4
:10BE20001B031BCB600740F900F47E922100008BBE
:10BE30003A00178B7F001AEB0CF2FF54F5031BAA94
:10BE4000E22200D1600F40F9A10E41F8200C00F968
:10BE5000010800F95F2001F168110054E00315AA00
:10BE60005F9C00F129010054600240F9600B00F969
:10BE7000600640F9600F00F95FDC00F1C810005463
:10BE80007342009160830091610240F9010000F962
:10BE9000610640F9010400F9610A40F9010800F95E
:10BEA0006203148B410314CB820B00F9210040B2D2
:10BEB000E00316AA410400F9610740F9210040920D
:10BEC000210014AA610700F942D6FF97FB7345A928
:10BED000B0FFFF17200440F9FB7345A900F47E92E0
:10BEE000F702008B9DFFFF17600240F9A00200F9E6
:10BEF000600640F9A00600F95FDC00F1E805005497
:10BF000061420091A042009170FFFF17F5031BAA48
:10BF1000E22200D1A10E41F8600F40F9200C00F997
:10BF2000010800F95F2001F108040054E00315AA9C
:10BF30005F9C00F129010054600240F9600B00F998
:10BF4000600640F9600F00F95FDC00F1480600541C
:10BF50007342009160830091610240F9010000F991
:10BF6000610640F9010400F9610A40F9010800F98D
:10BF7000F9031BAAF30315AAFB7345A9F7031AAA31
:10BF800076FFFF17E10313AABED6FF9755FFFF17F1
:10BF9000410041A9200C00F9F5031BAAE22200D1BF
:10BFA000010800F9DCFFFF17E10313AAE00315AA5B
:10BFB000B4D6FF97EFFFFF17600A40F9A00A00F917
:10BFC000600E40F9A00E00F95F2001F1000400545A
:10BFD00061820091A08200913CFFFF170303148B44
:10BFE000410014CB830B00F9210040B2E00316AAF4
:10BFF000F50313AA610400F9010740F921004092FA
:10C00000210014AA010700F9F2D5FF97FB7345A997
:10C0100060FFFF17600A40F9601300F9600E40F9F5
:10C02000601700F95F2001F1000200547382009153
:10C0300060C30091C9FFFF17E00316AA150080D264
:10C04000E4D5FF97FB7345A952FFFF17601240F933
:10C05000A01200F961C20091A0C20091621640F9DD
:10C06000A21600F919FFFF17601240F9601B00F9D2
:10C0700073C200916003019161825FF8611F00F952
:10C08000B6FFFF17E10313AAE00315AA7DD6FF97B9
:10C0900084FFFF17600A40F9601300F9600E40F951
:10C0A000601700F95F2001F1800000547382009155
:10C0B00060C3009175FFFF17601240F9601B00F923
:10C0C00073C200916003019161825FF8611F00F902
:10C0D0006EFFFF17000000000000000000000000DD
:10C0E000E30300AA410100B45FFC0371880000541F
:10C0F0002000805222000039C0035FD641118052D7
:10C1000000008012610000B9C0035FD600008052B9
:10C11000C0035FD600000000000000000000000027
:10C12000FD7BBDA904F00491FD030091F35301A927
:10C13000F30303AA7F0200F1030000B09300939A77
:10C14000F40300AA646845F9E30313AA210100B4CB
:10C1500080003FD6E103002A207C40933F04003159
:10C1600060010054F35341A9FD7BC3A8C0035FD60F
:10C17000E18300910200805280003FD6E103002A53
:10C18000207C40933F040031E1FEFF547F0200B960
:10C1900041118052810200B900008092F35341A9FD
:10C1A000FD7BC3A8C0035FD60000000000000000B4
:10C1B000E50304AAE40303AA0300809239020014F1
:10C1C000FD7BB9A9FD030091E03700F9400840F973
:10C1D000F55B02A9F60302AAFB7305A95B0040F90F
:10C1E000E00400B4230040F9F50301AA240C40B98F
:10C1F0001C0080D2F35301A9130080D2F76303A976
:10C2000017908052F96B04A9F903042AE00303AAEA
:10C21000330400B49A7C40937F021AEB220400544A
:10C22000617E4093F40301AAE00303AAFA0301AA82
:10C23000F903132AE1031CAAE2031AAA11D6FF97F5
:10C240009C03148BA30240F9730214CBC00A40F97B
:10C2500063001A8BA40E40B9A30200F9000014CBAE
:10C260008400194BA40E00B9C00A00F9E0FCFFB528
:10C27000F35341A9F76343A9F96B44A90000805225
:10C28000FB7345A9DF0A00B9F55B42A9FD7BC7A88E
:10C29000C0035FD67C4F40A97B430091DBFFFF17B3
:10C2A000A622C079747E4093DF00176A40FCFF54D9
:10C2B000A42240B9A10E40F98404040B740001CB00
:10C2C000847C440B9A7E4093987C01134007009134
:10C2D0000000138B027F40935F0000EB820000544C
:10C2E000840600119800130B027F4093860350369A
:10C2F000E03740F9E10302AA32D3FF97F90300AA1D
:10C30000C00300B4A10E40F9E2031AAADDD5FF97DD
:10C31000A0224079019080120000010A0000193229
:10C32000A022007920031A8B0303144B747E4093E0
:10C33000A00200F9A30E00B9E10314AAB90E00F996
:10C34000E30300AAB82200B9F903132A9F0213EBF2
:10C35000A8F6FF54FA0314AAB7FFFF17E03740F915
:10C3600014FEFF97F90300AAE0FDFFB5A10E40F906
:10C37000E03740F937D7FF97E23740F98001805224
:10C38000A1224079F35341A921001A32F76343A94E
:10C39000F96B44A9400000B9A12200790000801285
:10C3A000FB7345A9DF0A00B9DF0A00F9F55B42A972
:10C3B000FD7BC7A8C0035FD600000000000000009E
:10C3C000FD7BBDA9FD030091F51300F9610600B4E2
:10C3D000F35301A9F30301AAF40300AA600000B417
:10C3E000012440F9410600B460B240B96122C0792D
:10C3F0000005003701064836E10313AAE00314AA3A
:10C4000088F1FF97F503002A622A40F9C20000B4C0
:10C41000611A40F9E00314AA40003FD61F000071E2
:10C42000B5A29F5A6022407920063837612E40F924
:10C43000E10000B460D201913F0000EB60000054C5
:10C44000E00314AA03D7FF977F2E00F9613E40F95D
:10C45000810000B4E00314AAFED6FF977F3E00F9E6
:10C46000BCF2FF977F22007960B240B9A00300368A
:10C47000605240F96BD5FF97BAF2FF97F35341A989
:10C48000E003152AF51340F9FD7BC3A8C0035FD66E
:10C4900041FBFF35F35341A915008052E003152AF3
:10C4A000F51340F9FD7BC3A8C0035FD68DF2FF975B
:10C4B000CEFFFF17605240F95ED5FF976022C0792A
:10C4C000C0F9FF3560B240B960FE0737605240F9ED
:10C4D000150080525BD5FF97F35341A9F0FFFF177A
:10C4E000605240F957D5FF97E2FFFF17610E40F900
:10C4F000E00314AAD7D6FF97CDFFFF170000000076
:10C50000FD7BB5A9FD0300912220C079F35301A959
:10C51000F30301AA2201083620DC01912100805298
:10C52000600200F9600E00F9612200B9F35341A9DD
:10C53000FD7BCBA8C0035FD62124C079F40300AAF9
:10C54000F55B02A9F71B00F98103F837E22301919B
:10C55000900000940003F837E04F40B9168080D275
:10C5600015008152E10316AA000C14121F08407135
:10C57000E00314AAF7179F1A92D2FF97200300B581
:10C580006022C0796005483700741E1261DE019197
:10C59000F55B42A900001F32F71B40F922008052D0
:10C5A000610200F960220079610E00F9622200B98F
:10C5B000DFFFFF176222C0795F0079F2000880D2A6
:10C5C000168080D2D602809AE10316AAE00314AA4C
:10C5D00017008052150080527AD2FF9720FDFFB4D9
:10C5E0006222C079600200F94200193262220079A9
:10C5F000600E00F9762200B9170100354200152AB5
:10C6000062220079F35341A9F55B42A9F71B40F977
:10C61000FD7BCBA8C0035FD66126C079E00314AAD6
:10C6200070000094C00000356222C079F4FFFF174B
:10C63000F55B42A9F71B40F9BDFFFF176222407965
:10C6400042741E1242000032423C0013ECFFFF17FE
:10C65000FD7BBDA9FD030091F35301A9F403012A59
:10C66000F30302AAF55B02A9F50300AA600000B477
:10C67000012440F9610800B46022C079612A40B900
:10C68000610E00B9E0031836610E40F9A10300B451
:10C69000961E0012941E001260046836600240F973
:10C6A000622240B9010001CB5F00016B0D0500540F
:10C6B00021040011620E40B903040091630200F9E5
:10C6C00042040051620E00B916000039602240B9E0
:10C6D0001F00016BA00400549F2A00716022407962
:10C6E000E1179F1A3F00006A01040054F55B42A95C
:10C6F000E003142AF35341A9FD7BC3A8C0035FD60E
:10C70000E10313AAE00315AABEF3FF976003003507
:10C710006022C079961E0012610E40F9941E00122C
:10C72000E0FB6F3762B240B900001332602200793B
:10C730004078121260B200B9600240F9622240B93A
:10C74000010001CB5F00016B4CFBFF54E10313AA16
:10C75000E00315AA33F1FF9700010035600240F9AC
:10C7600021008052D4FFFF17E10313AAE00315AAAA
:10C770002CF1FF97C0FBFF3414008012DCFFFF1781
:10C78000D8F1FF97BDFFFF17000000000000000078
:10C79000FD7BBEA9FD030091F35301A93400009075
:10C7A000F30300AA9F620EB9E003012AE10302AA83
:10C7B00064CEFF971F04003180000054F35341A959
:10C7C000FD7BC2A8C0035FD681624EB981FFFF34F2
:10C7D000610200B9F35341A9FD7BC2A8C0035FD633
:10C7E000FD7BBEA9FD030091F35301A93400009025
:10C7F000F30300AA9F620EB9E003012A59CEFF9706
:10C800001F04003180000054F35341A9FD7BC2A8EE
:10C81000C0035FD681624EB981FFFF34610200B967
:10C82000F35341A9FD7BC2A8C0035FD600000000FE
:10C83000FD7BBEA9237CC29B217C029BFD03009152
:10C84000F30B00F9630400B5DED1FF97F30300AAF0
:10C85000600400B402805FF842F47E92422000D16E
:10C860005F2001F1C80100545F9C00F1C900005431
:10C870000004004F0040009100009F3C5FDC00F18D
:10C88000A80100541F7C00A91F0800F9E00313AAA7
:10C89000F30B40F9FD7BC2A8C0035FD601008052B4
:10C8A00008D5FF97E00313AAF30B40F9FD7BC2A85C
:10C8B000C0035FD66006803D608200915F2001F179
:10C8C00021FEFF5460C20091600A803DEEFFFF1719
:10C8D0004CD4FF9781018052010000B9130080D22F
:10C8E000E00313AAF30B40F9FD7BC2A8C0035FD697
:10C8F000FD7BB8A9BF0000F1FD030091F35301A92E
:10C90000F40300AA00100591F55B02A9F60302AA40
:10C91000F50301AAF76303A9F70306AAF96B04A9B3
:10C920001900859AFB7305A95C0040F9010900B460
:10C93000F30304AA840A00B47A0400D1430A00B4C1
:10C940001B0080D2F53700F90A000014F50300B58A
:10C95000804740B8400600349F0013EB8209005422
:10C960005A0700D1FB0304AA5F0700B1E00100549D
:10C97000E47240F9E30319AA820340B9E1C30191CB
:10C98000380340F9E00314AA80003FD61F040031A9
:10C9900020060054017C409324001B8B9F0013EB66
:10C9A00069FDFF54380300F9F35341A9E0031BAAC2
:10C9B000F55B42A9F76343A9F96B44A9FB7345A949
:10C9C000FD7BC8A8C0035FD61F000071ED010054B5
:10C9D000E23740F9270080D2430400D11F2003D55D
:10C9E000E2C301913F0007EB4200078B42F05F3842
:10C9F00062682738E704009141FFFF54E13740F9AE
:10CA00002040208BE03700F9C00240F9001000916F
:10CA1000C00200F9804740B800FAFF35550000B465
:10CA2000DF0200F93F0300B99B0400D1F35341A991
:10CA3000E0031BAAF55B42A9F76343A9F96B44A97C
:10CA4000FB7345A9FD7BC8A8C0035FD61300809285
:10CA5000BAFFFF1740118052800200B93F0300B9AE
:10CA60001B008092F35341A9E0031BAAF55B42A986
:10CA7000F76343A9F96B44A9FB7345A9FD7BC8A8DB
:10CA8000C0035FD61B0080D2C8FFFF17FB0304AAB8
:10CA9000C6FFFF17000000000000000000000000BB
:10CAA000000000B0060000B0C6C02791003844F96D
:10CAB00090FFFF17000000000000000000000000D1
:10CAC000FD7BBEA90200669E0300AE9EFD030091A1
:10CAD000F30B00F904443BD5E00303AA61FC7FD3C8
:10CAE00063F870D3E50301AA00BC7DD3670400910D
:10CAF000261C0012E80301AA00F442AA41F07DD3EB
:10CB0000FF347FF220090054E77F87926300078B90
:10CB10007FF81FF1ED02005484046AF2C00700544C
:10CB20009F0050F1201500549F0060F1E0179F1AFC
:10CB3000DF00006A010700549F0050F1C015005447
:10CB40009F0060F1E0179F1ADF00006A4106005461
:10CB50001302F0928002805273FE05AACD00009469
:10CB60006002679EF30B40F9FD7BC2A8C0035FD64D
:10CB70007F0000F1AD0A0054FF1F02EB020080525B
:10CB8000E7079F9AE1F041AA211000AA3F0000F1B7
:10CB9000E0079F1A4000000A3F0840F2C015005409
:10CBA00084046A929F0050F1400200549F0060F19B
:10CBB000000D0054840C00B5220C40925F1000F16F
:10CBC000A10A005421D843D363280012020080D266
:10CBD0006012003422CC40B30003805262284CB370
:10CBE000C20041B3F30302AAAA000094DDFFFF17BD
:10CBF000C50B00B521200091220049922009003583
:10CC0000620B00B4620400917FF81FF161110054BF
:10CC100044F9FFB5B30041D380028052732A4CB26D
:10CC20009C000094CFFFFF17020001AA030200B589
:10CC3000B30041D362F9FFB484046A929F0050F1BB
:10CC4000E00C00549F0060F1600B00549F0000F165
:10CC5000A00080D201049F9A080080D221D843D33B
:10CC6000082900120003805233000014220200B48D
:10CC7000E2FF8FD201F0C19300FC72D37F0002EB80
:10CC800021FC43D30000005221004DB200009F1A46
:10CC9000F3FF805233D013AA73FE05AA00F6FF35C6
:10CCA0006002679EF30B40F9FD7BC2A8C0035FD60C
:10CCB000B30041D3732A4CB26002679EF30B40F974
:10CCC000FD7BC2A8C0035FD67FD000B16BFBFF54D1
:10CCD000A70780D2E80003CB00004DB21FFD00F192
:10CCE000EC040054680C0011E700034B2200805252
:10CCF000030080D22920C89A3F0100F1E9079F9ADA
:10CD00002124C79A210009AA0020C89A010001AA7B
:10CD10009FFFFF17211000912200499220F7FF3456
:10CD2000420100B468040091010080D20829001279
:10CD30000003805228D008AA13FD05AA55000094CC
:10CD400088FFFF1740010034E80303AAC4FFFF1760
:10CD500025F5FFB5C0000034E80303AAE30308AAE1
:10CD6000E80303AABEFFFF1700FFFF3521D843D316
:10CD70006828001200028052EFFFFF17620C0111B9
:10CD80001F0101F147008012E300034B0220C29A09
:10CD9000220002AA4110819A0024C39A3F0000F1A8
:10CDA00022008052E1079F9A030080D2210000AA4E
:10CDB00077FFFF17210080D225FDFFB4080080D245
:10CDC000210180D2A6FFFF17650100B513FEEFD247
:10CDD000800280522F00009462FFFF17210180D251
:10CDE000E5F3FFB4030080D2210080D2E80303AA58
:10CDF0009BFFFF17BF0000F10002E09201FEEFD29F
:10CE00000000679E2100679E80028052001C611E08
:10CE10001300669E1F00009452FFFF1722CC40B300
:10CE20000002805262284CB3C20041B3F30302AA4D
:10CE3000180000944BFFFF170302FC92000280527F
:10CE4000610C418A22D002AA53FC05AA1100009469
:10CE500044FFFF1721D843D373280012E0000035A8
:10CE6000020080D222CC40B3622A4CB3C20041B34C
:10CE7000F30302AA3BFFFF17802C0B5300701D53D6
:10CE800085FFFF1700000000000000000000000008
:10CE9000800000360104000F2018211E21443BD5DC
:10CEA000A000083601102E1E0204000F2018221EBA
:10CEB00021443BD500011036C2B598520110B01282
:10CEC000A293AE722100271E4200271E2028221E98
:10CED00021443BD5800018360144040F2008211E50
:10CEE00021443BD5C00020360010B01202102E1E87
:10CEF0000100271E2038221E20443BD5C0035FD6E8
:10CF00001000000000000000017A520004781E01A9
:10CF10001B0C1F001000000018000000644BFFFFF6
:10CF20002C020000000000001000000000000000C3
:10CF3000017A520004781E011B0C1F001000000033
:10CF4000180000007C4DFFFF0401000000000000FD
:10CF50001000000000000000017A520004781E0159
:10CF60001B0C1F001000000018000000944EFFFF73
:10CF70003001000000000000100000000000000070
:10CF8000017A520004781E011B0C1F0010000000E3
:10CF9000180000006CCBFFFFDC0000000000000068
:10CFA0001000000000000000017A520004781E0109
:10CFB0001B0C1F0010000000180000000000000003
:10CFC000CC00000000000000100000000000000085
:10CFD000017A520004781E011B0C1F001000000093
:10CFE00018000000000000003401000000000000F4
:10CFF0001000000000000000017A520004781E01B9
:10D000001B0C1F00100000001800000000000000B2
:10D010002C010000000000001000000000000000D3
:10D02000017A520004781E011B0C1F001000000042
:10D030001800000000000000B40100000000000023
:10D040001035000000000000FFFFFFFFFFFFFFFFA3
:10D0500000000200000000000000000000000000CE
:10D0600000000000000000000000000000000000C0
:10D0700060D001100000000060D00110000000002E
:10D0800070D001100000000070D0011000000000FE
:10D0900080D001100000000080D0011000000000CE
:10D0A00090D001100000000090D00110000000009E
:10D0B000A0D0011000000000A0D00110000000006E
:10D0C000B0D0011000000000B0D00110000000003E
:10D0D000C0D0011000000000C0D00110000000000E
:10D0E000D0D0011000000000D0D0011000000000DE
:10D0F000E0D0011000000000E0D0011000000000AE
:10D10000F0D0011000000000F0D00110000000007D
:10D1100000D101100000000000D10110000000004B
:10D1200010D101100000000010D10110000000001B
:10D1300020D101100000000020D1011000000000EB
:10D1400030D101100000000030D1011000000000BB
:10D1500040D101100000000040D10110000000008B
:10D1600050D101100000000050D10110000000005B
:10D1700060D101100000000060D10110000000002B
:10D1800070D101100000000070D1011000000000FB
:10D1900080D101100000000080D1011000000000CB
:10D1A00090D101100000000090D10110000000009B
:10D1B000A0D1011000000000A0D10110000000006B
:10D1C000B0D1011000000000B0D10110000000003B
:10D1D000C0D1011000000000C0D10110000000000B
:10D1E000D0D1011000000000D0D1011000000000DB
:10D1F000E0D1011000000000E0D1011000000000AB
:10D20000F0D1011000000000F0D10110000000007A
:10D2100000D201100000000000D201100000000048
:10D2200010D201100000000010D201100000000018
:10D2300020D201100000000020D2011000000000E8
:10D2400030D201100000000030D2011000000000B8
:10D2500040D201100000000040D201100000000088
:10D2600050D201100000000050D201100000000058
:10D2700060D201100000000060D201100000000028
:10D2800070D201100000000070D2011000000000F8
:10D2900080D201100000000080D2011000000000C8
:10D2A00090D201100000000090D201100000000098
:10D2B000A0D2011000000000A0D201100000000068
:10D2C000B0D2011000000000B0D201100000000038
:10D2D000C0D2011000000000C0D201100000000008
:10D2E000D0D2011000000000D0D2011000000000D8
:10D2F000E0D2011000000000E0D2011000000000A8
:10D30000F0D2011000000000F0D201100000000077
:10D3100000D301100000000000D301100000000045
:10D3200010D301100000000010D301100000000015
:10D3300020D301100000000020D3011000000000E5
:10D3400030D301100000000030D3011000000000B5
:10D3500040D301100000000040D301100000000085
:10D3600050D301100000000050D301100000000055
:10D3700060D301100000000060D301100000000025
:10D3800070D301100000000070D3011000000000F5
:10D3900080D301100000000080D3011000000000C5
:10D3A00090D301100000000090D301100000000095
:10D3B000A0D3011000000000A0D301100000000065
:10D3C000B0D3011000000000B0D301100000000035
:10D3D000C0D3011000000000C0D301100000000005
:10D3E000D0D3011000000000D0D3011000000000D5
:10D3F000E0D3011000000000E0D3011000000000A5
:10D40000F0D3011000000000F0D301100000000074
:10D4100000D401100000000000D401100000000042
:10D4200010D401100000000010D401100000000012
:10D4300020D401100000000020D4011000000000E2
:10D4400030D401100000000030D4011000000000B2
:10D4500040D401100000000040D401100000000082
:10D4600050D401100000000050D401100000000052
:10D4700060D401100000000060D401100000000022
:10D4800070D401100000000070D4011000000000F2
:10D4900080D401100000000080D4011000000000C2
:10D4A00090D401100000000090D401100000000092
:10D4B000A0D4011000000000A0D401100000000062
:10D4C000B0D4011000000000B0D401100000000032
:10D4D000C0D4011000000000C0D401100000000002
:10D4E000D0D4011000000000D0D4011000000000D2
:10D4F000E0D4011000000000E0D4011000000000A2
:10D50000F0D4011000000000F0D401100000000071
:10D5100000D501100000000000D50110000000003F
:10D5200010D501100000000010D50110000000000F
:10D5300020D501100000000020D5011000000000DF
:10D5400030D501100000000030D5011000000000AF
:10D5500040D501100000000040D50110000000007F
:10D5600050D501100000000050D50110000000004F
:10D5700060D501100000000060D50110000000001F
:10D5800070D501100000000070D5011000000000EF
:10D5900080D501100000000080D5011000000000BF
:10D5A00090D501100000000090D50110000000008F
:10D5B000A0D5011000000000A0D50110000000005F
:10D5C000B0D5011000000000B0D50110000000002F
:10D5D000C0D5011000000000C0D5011000000000FF
:10D5E000D0D5011000000000D0D5011000000000CF
:10D5F000E0D5011000000000E0D50110000000009F
:10D60000F0D5011000000000F0D50110000000006E
:10D6100000D601100000000000D60110000000003C
:10D6200010D601100000000010D60110000000000C
:10D6300020D601100000000020D6011000000000DC
:10D6400030D601100000000030D6011000000000AC
:10D6500040D601100000000040D60110000000007C
:10D6600050D601100000000050D60110000000004C
:10D6700060D601100000000060D60110000000001C
:10D6800070D601100000000070D6011000000000EC
:10D6900080D601100000000080D6011000000000BC
:10D6A00090D601100000000090D60110000000008C
:10D6B000A0D6011000000000A0D60110000000005C
:10D6C000B0D6011000000000B0D60110000000002C
:10D6D000C0D6011000000000C0D6011000000000FC
:10D6E000D0D6011000000000D0D6011000000000CC
:10D6F000E0D6011000000000E0D60110000000009C
:10D70000F0D6011000000000F0D60110000000006B
:10D7100000D701100000000000D701100000000039
:10D7200010D701100000000010D701100000000009
:10D7300020D701100000000020D7011000000000D9
:10D7400030D701100000000030D7011000000000A9
:10D7500040D701100000000040D701100000000079
:10D7600050D701100000000050D701100000000049
:10D7700060D701100000000060D701100000000019
:10D7800070D701100000000070D7011000000000E9
:10D7900080D701100000000080D7011000000000B9
:10D7A00090D701100000000090D701100000000089
:10D7B000A0D7011000000000A0D701100000000059
:10D7C000B0D7011000000000B0D701100000000029
:10D7D000C0D7011000000000C0D7011000000000F9
:10D7E000D0D7011000000000D0D7011000000000C9
:10D7F000E0D7011000000000E0D701100000000099
:10D80000F0D7011000000000F0D701100000000068
:10D8100000D801100000000000D801100000000036
:10D8200010D801100000000010D801100000000006
:10D8300020D801100000000020D8011000000000D6
:10D8400030D801100000000030D8011000000000A6
:10D8500040D801100000000040D801100000000076
:10D8600050D801100000000050D801100000000046
:10D8700078D8011000000000000000000000000047
:10D88000300C021000000000E80C02100000000044
:10D89000A00D0210000000000000000000000000C9
:10D8A0000000000000000000000000000000000078
:10D8B0000000000000000000000000000000000068
:10D8C0000000000000000000000000000000000058
:10D8D0000000000000000000000000000000000048
:10D8E0000000000000000000000000000000000038
:10D8F0000000000000000000000000000000000028
:10D900000000000000000000000000000000000017
:10D910000000000000000000000000000000000007
:10D9200000000000000000000000000000000000F7
:10D9300000000000000000000000000000000000E7
:10D9400000000000000000000100000000000000D6
:10D950000E33CDAB34126DE6ECDE05000B0000009B
:10D9600000000000000000000000000000000000B7
:10D9700000000000000000000000000000000000A7
:10D980000000000000000000000000000000000097
:10D990000000000000000000000000000000000087
:10D9A0000000000000000000000000000000000077
:10D9B0000000000000000000000000000000000067
:10D9C0000000000000000000000000000000000057
:10D9D0000000000000000000030000000000000044
:10D9E000300C0210000000000000000000000000E9
:10D9F00043000000000000000000000000000000E4
:10DA00000000000000000000000000000000000016
:10DA100043000000000000000000000000000000C3
:10DA200000000000000000000000000000000000F6
:10DA300043000000000000000000000000000000A3
:10DA400000000000000000000000000000000000D6
:10DA50004300000000000000000000000000000083
:10DA600000000000000000000000000000000000B6
:10DA70004300000000000000000000000000000063
:10DA80000000000000000000000000000000000096
:10DA90004300000000000000000000000000000043
:10DAA0000000000000000000000000000000000076
:10DAB0004300000000000000000000000000000023
:10DAC0000000000000000000000000000000000056
:10DAD000E0C0011000000000B0AF01100000000025
:10DAE0000000000000000000500A021000000000CA
:10DAF00020E101100000000000E001100000000023
:10DB000000E001100000000000E001100000000033
:10DB100000E001100000000000E001100000000023
:10DB200000E001100000000000E001100000000013
:10DB300000E001100000000000E001100000000003
:10DB4000FFFFFFFFFFFFFFFFFFFFFFFFFFFF0000E3
:10DB5000010041534349490000000000000000005B
:10DB600000000000000000000000000000000000B5
:10DB7000000041534349490000000000000000003C
:10DB80000000000000000000000000000000000095
:10DB900000000000000000000D0A52657475726EEE
:10DBA0006564204572726F7220436F64653A20305D
:10DBB00078257820200D0A00342E302E3000000009
:10DBC0000D0A2A2A2A2A2A2A2A2A2A2A2A2A2A2AF2
:10DBD0002A2A2A2A2A2A2A2A2A2A2A2A2A2A2A2AA5
:10DBE0002A2A2A2A2A2A2A2A2A2A2A2A2A2A2A2A95
:10DBF0002A2A2A2A2A2A2A2A2A2A2A2A2A2A2A2A85
:10DC00002A2A2A2A2A2A2A2A2A2A2A2A2A2A2A2A74
:10DC10002A2A0D0A2A20202052656E65736173201E
:10DC2000465350204578616D706C652050726F6A64
:10DC300065637420666F7220725F7363695F7561DC
:10DC40007274204D6F64756C652020202020202088
:10DC500020202020202020202020202020202020C4
:10DC60002020202A0D0A2A2020204578616D706C22
:10DC7000652050726F6A6563742056657273696FB0
:10DC80006E202573202020202020202020202020EE
:10DC90002020202020202020202020202020202084
:10DCA0002020202020202020202020202020202074
:10DCB00020202A0D0A2A202020466C657820536FE8
:10DCC000667477617265205061636B20566572736C
:10DCD000696F6E2025642E25642E25642020202067
:10DCE0002020202020202020202020202020202034
:10DCF0002020202020202020202020202020202024
:10DD0000202020202020202A0D0A2A2A2A2A2A2AF6
:10DD10002A2A2A2A2A2A2A2A2A2A2A2A2A2A2A2A63
:10DD20002A2A2A2A2A2A2A2A2A2A2A2A2A2A2A2A53
:10DD30002A2A2A2A2A2A2A2A2A2A2A2A2A2A2A2A43
:10DD40002A2A2A2A2A2A2A2A2A2A2A2A2A2A2A2A33
:10DD50002A2A2A2A2A2A2A2A2A2A0D0A5265666586
:10DD60007220746F20726561646D652E7478742002
:10DD700066696C6520666F72206D6F7265206465E0
:10DD80007461696C73206F6E204578616D706C658D
:10DD90002050726F6A65637420616E640D0A465389
:10DDA0005020557365722773204D616E75616C202C
:10DDB000666F72206D6F726520696E666F726D613D
:10DDC00074696F6E2061626F757420725F7363692E
:10DDD0005F75617274206472697665720D0A000065
:10DDE0000A546869732073616D706C652070726F7E
:10DDF0006772616D2064656D6F6E737472617465B6
:10DE00007320686F7720746F207573652074686560
:10DE10002055415254206D6F64756C6520746F20DD
:10DE200073656E6420616E642072656365697665F2
:10DE3000200D0A6D657373616765732076696120D3
:10DE4000746865207465726D696E616C206F6E20F8
:10DE500074686520525A2F543248206D6963726F7E
:10DE600020636F6E74726F6C6C65722E20546865DF
:10DE70002070726F6A65637420696E697469616C81
:10DE8000697A65730D0A746865205541525420778C
:10DE900069746820626175642072617465206F66C0
:10DEA00020313135323030206270732E204F706552
:10DEB0006E2053657269616C205465726D696E6184
:10DEC0006C20776974682074686973206261756476
:10DED0002072617465200D0A76616C756520616E33
:10DEE00064207472616E736D6974732061202748B9
:10DEF000656C6C6F20576F726C6427206D6573734F
:10DF000061676520746F20746865207465726D693F
:10DF10006E616C2E204974207468656E20656E7485
:10DF20006572732061200D0A7265636569766520EC
:10DF30006C6F6F702C2077616974696E6720666FF3
:10DF400072207573657220696E7075742E20416E33
:10DF50007920646174612072656365697665642007
:10DF600066726F6D20746865207465726D696E618C
:10DF70006C206973200D0A696D6D65646961746553
:10DF80006C79206563686F6564206261636B2E0D38
:10DF90000A000000000000000D0A48656C6C6F204C
:10DFA000576F726C642E0D0A000000000000000024
:10DFB0000D0A5573657220696E7075743A20000001
:10DFC0000D0A0000000000000D0A496E76616C69C0
:10DFD0006420696E7075742E20496E70757420729D
:10DFE000616E67652069732066726F6D2031202D28
:10DFF00020313020636861726163746572200D0A9C
:10E000000000000000000000636F6E64000000006C
:10E01000433A2F506572736F6E616C2F5461736B4E
:10E020002F455041502F746573745F3431302F3455
:10E0300031307263302F7265706F2F727A2D657078
:10E040002D61702D6465762F6578616D706C655FEC
:10E0500070726F6A656374732F727A7432685F6569
:10E06000766B2F7363695F756172742F7363695F79
:10E07000756172745F727A7432685F65766B5F6324
:10E080006135355F305F65702F6532737475646913
:10E090006F2F727A2F6673702F7372632F62737093
:10E0A0002F6D63752F616C6C2F6273705F6D6F6481
:10E0B000756C655F73746F702E680000000000005F
:10E0C000494E460000000000696E66000000000036
:10E0D0004E414E00000000006E616E000000000026
:10E0E00030313233343536373839616263646566CE
:10E0F0000000000000000000303132333435363784
:10E100003839414243444546000000000000000009
:10E11000286E756C6C2900003000000000000000C3
:10E120002E000000000000004C435F434F4C4C4168
:10E1300054450000000000004C435F4354595045D3
:10E1400000000000000000004C435F4D4F4E45545E
:10E1500041525900000000004C435F4E554D45525E
:10E1600049430000000000004C435F54494D450006
:10E170004C435F4D45535341474553000000000059
:10E18000496E66696E697479000000000000000045
:10E190004E614E000000000042616C6C6F632073A2
:10E1A000756363656564656400000000000000003D
:10E1B0002F646174612F6A656E6B696E732F776F60
:10E1C000726B73706163652F474E552D746F6F6C62
:10E1D000636861696E2F61726D2D31332D322F733B
:10E1E00072632F6E65776C69622D63796777696EEC
:10E1F0002F6E65776C69622F6C6962632F7374642C
:10E200006C69622F64746F612E630000000000006F
:10E210002F646174612F6A656E6B696E732F776FFF
:10E22000726B73706163652F474E552D746F6F6C01
:10E23000636861696E2F61726D2D31332D322F73DA
:10E2400072632F6E65776C69622D63796777696E8B
:10E250002F6E65776C69622F6C6962632F737464CB
:10E260006C69622F6D707265632E630000000000A0
:10E27000000000000000000000000000000000009E
:10E28000000000000000000000000000000000008E
:10E29000000000000000000000000000000000007E
:10E2A0000000000000000000000E00000000000060
:10E2B000000000000000000000000000000E000050
:10E2C000000000000000000000000000000000004E
:10E2D000000E000000000000000000000000000030
:10E2E00000000000000E0000000000000000000020
:10E2F000000000000200000000000000000000001C
:10E300000C0000004F0200000C0000005002000052
:10E310000C000000510200000C0000004E02000042
:10E3200000000000000000000000000000000000ED
:10E330007003011000000000000000000000000059
:10E3400048E3011000000000000000000100000090
:10E35000000000000000000040D00110000000009C
:10E360000F000000FFFF00000000000000000000A0
:10E3700000000000010100000050008000000000CB
:10E38000000000000000000013000000000000007A
:10E39000A0E301100000000070E201100000000086
:10E3A00004000000070600001888000001080000B3
:10E3B0001840000002080000184000000308000098
:10E3C000188800000408000004000000000B000092
:10E3D000040001000012000004000100011200000E
:10E3E00004000100071600000400010000170000EF
:10E3F00004000100011700000400010005170000DF
:10E4000048890100041B000048890100051B000029
:10E4100004000100022000000200010003230000AC
:10E420000200010004230000020001000523000097
:10E4300002000100062300000000000000000000B0
:10E4400000000000000000000000000000000000CC
:10E4500000000000000000000000000000000000BC
:10E4600000000000000000000000000000000000AC
:10E47000000000000000000000000000000000009C
:10E48000000000000000000000000000000000008C
:10E49000000000000000000000000000000000007C
:10E4A000000000000000000000000000000000006C
:10E4B000000000000000000000000000000000005C
:10E4C000000000000000000000000000000000004C
:10E4D000000000000000000000000000000000003C
:10E4E000000000000000000000000000000000002C
:10E4F000000000000000000000000000000000001C
:10E50000000000000000000000000000000000000B
:10E5100000000000000000000000000000000000FB
:10E5200000000000000000000000000000000000EB
:10E5300000000000000000000000000000000000DB
:10E5400000000000000000000000000000000000CB
:10E5500000000000000000000000000000000000BB
:10E5600000000000000000000000000000000000AB
:10E57000000000000000000000000000000000009B
:10E58000000000000000000000000000000000008B
:10E59000000000000000000000000000000000007B
:10E5A000000000000000000000000000000000006B
:10E5B000000000000000000000000000000000005B
:10E5C000000000000000000000000000000000004B
:10E5D000000000000000000000000000000000003B
:10E5E000000000000000000000000000000000002B
:10E5F000000000000000000000000000000000001B
:10E60000000000000000000000000000000000000A
:10E6100000000000000000000000000000000000FA
:10E6200000000000000000000000000000000000EA
:10E6300000000000000000000000000000000000DA
:10E6400000000000000000000000000000000000CA
:10E6500000000000000000000000000000000000BA
:10E6600000000000000000000000000000000000AA
:10E67000000000000000000000000000000000009A
:10E68000000000000000000000000000000000008A
:10E69000000000000000000000000000000000007A
:10E6A000000000000000000000000000000000006A
:10E6B000000000000000000000000000000000005A
:10E6C000000000000000000000000000000000004A
:10E6D000000000000000000000000000000000003A
:10E6E000000000000000000000000000000000002A
:10E6F000000000000000000000000000000000001A
:10E700000000000000000000000000000000000009
:10E7100000000000000000000000000000000000F9
:10E7200000000000000000000000000000000000E9
:10E7300000000000000000000000000000000000D9
:10E7400000000000000000000000000000000000C9
:10E7500000000000000000000000000000000000B9
:10E7600000000000000000000000000000000000A9
:10E770000000000000000000000000000000000099
:10E780000000000000000000000000000000000089
:10E790000000000000000000000000000000000079
:10E7A0000000000000000000000000000000000069
:10E7B0000000000000000000000000000000000059
:10E7C0000000000000000000000000000000000049
:10E7D0000000000000000000000000000000000039
:10E7E0000000000000000000000000000000000029
:10E7F0000000000000000000000000000000000019
:10E800000000000000000000000000000000000008
:10E8100000000000000000000000000000000000F8
:10E8200000000000000000000000000000000000E8
:10E8300000000000000000000000000000000000D8
:10E8400000000000000000000000000000000000C8
:10E8500000000000000000000000000000000000B8
:10E8600000000000000000000000000000000000A8
:10E870000000000000000000000000000000000098
:10E880000000000000000000000000000000000088
:10E890000000000000000000000000000000000078
:10E8A0000000000000000000000000000000000068
:10E8B0000000000000000000000000000000000058
:10E8C0000000000000000000000000000000000048
:10E8D0000000000000000000000000000000000038
:10E8E0000000000000000000000000000000000028
:10E8F0000000000000000000000000000000000018
:10E900000000000000000000000000000000000007
:10E9100000000000000000000000000000000000F7
:10E9200000000000000000000000000000000000E7
:10E9300000000000000000000000000000000000D7
:10E9400000000000000000000000000000000000C7
:10E9500000000000000000000000000000000000B7
:10E9600000000000000000000000000000000000A7
:10E970000000000000000000000000000000000097
:10E980000000000000000000000000000000000087
:10E990000000000000000000000000000000000077
:10E9A0000000000000000000000000000000000067
:10E9B0000000000000000000000000000000000057
:10E9C0000000000000000000000000000000000047
:10E9D0000000000000000000000000000000000037
:10E9E0000000000000000000000000000000000027
:10E9F0000000000000000000000000000000000017
:10EA00000000000000000000000000000000000006
:10EA100000000000000000000000000000000000F6
:10EA200000000000000000000000000000000000E6
:10EA300000000000000000000000000000000000D6
:10EA400000000000000000000000000000000000C6
:10EA500000000000000000000000000000000000B6
:10EA600000000000000000000000000000000000A6
:10EA70000000000000000000000000000000000096
:10EA80000000000000000000000000000000000086
:10EA90000000000000000000000000000000000076
:10EAA0000000000000000000000000000000000066
:10EAB0000000000000000000000000000000000056
:10EAC0000000000000000000000000000000000046
:10EAD0000000000000000000000000000000000036
:10EAE0000000000000000000000000000000000026
:10EAF0000000000000000000000000000000000016
:10EB00000000000000000000000000000000000005
:10EB100000000000000000000000000000000000F5
:10EB200000000000000000000000000000000000E5
:10EB300000000000000000000000000000000000D5
:10EB400000000000000000000000000000000000C5
:10EB500000000000000000000000000000000000B5
:10EB600000000000000000000000000000000000A5
:10EB70000000000000000000000000000000000095
:10EB80000000000000000000000000000000000085
:10EB90000000000000000000000000000000000075
:10EBA0000000000000000000000000000000000065
:10EBB0000000000000000000000000000000000055
:10EBC0000000000000000000000000000000000045
:10EBD0000000000000000000000000000000000035
:10EBE0000000000000000000000000000000000025
:10EBF0000000000000000000000000000000000015
:10EC00000000000000000000000000000000000004
:10EC100000000000000000000000000000000000F4
:10EC200000000000000000000000000000000000E4
:10EC300000000000000000000000000000000000D4
:10EC400000000000000000000000000000000000C4
:10EC500000000000000000000000000000000000B4
:10EC600000000000000000000000000000000000A4
:10EC70000000000000000000000000000000000094
:10EC80000000000000000000000000000000000084
:10EC90000000000000000000000000000000000074
:10ECA0000000000000000000000000000000000064
:10ECB0000000000000000000000000000000000054
:10ECC0000000000000000000000000000000000044
:10ECD0000000000000000000000000000000000034
:10ECE0000000000000000000000000000000000024
:10ECF0000000000000000000000000000000000014
:10ED00000000000000000000000000000000000003
:10ED100000000000000000000000000000000000F3
:10ED200000000000000000000000000000000000E3
:10ED300000000000000000000000000000000000D3
:10ED400000000000000000000000000000000000C3
:10ED500000000000000000000000000000000000B3
:10ED600000000000000000000000000000000000A3
:10ED70000000000000000000000000000000000093
:10ED80000000000000000000000000000000000083
:10ED90000000000000000000000000000000000073
:10EDA0000000000000000000000000000000000063
:10EDB0000000000000000000000000000000000053
:10EDC0000000000000000000000000000000000043
:10EDD0000000000000000000000000000000000033
:10EDE0000000000000000000000000000000000023
:10EDF0000000000000000000000000000000000013
:10EE00000000000000000000000000000000000002
:10EE100000000000000000000000000000000000F2
:10EE200000000000000000000000000000000000E2
:10EE300000000000000000000000000000000000D2
:10EE400000000000000000000000000000000000C2
:10EE500000000000000000000000000000000000B2
:10EE600000000000000000000000000000000000A2
:10EE70000000000000000000000000000000000092
:10EE80000000000000000000000000000000000082
:10EE90000000000000000000000000000000000072
:10EEA0000000000000000000000000000000000062
:10EEB0000000000000000000000000000000000052
:10EEC0000000000000000000000000000000000042
:10EED0000000000000000000000000000000000032
:10EEE0000000000000000000000000000000000022
:10EEF0000000000000000000000000000000000012
:10EF00000000000000000000000000000000000001
:10EF100000000000000000000000000000000000F1
:10EF200000000000000000000000000000000000E1
:10EF300000000000000000000000000000000000D1
:10EF400000000000000000000000000000000000C1
:10EF500000000000000000000000000000000000B1
:10EF600000000000000000000000000000000000A1
:10EF70000000000000000000000000000000000091
:10EF80000000000000000000000000000000000081
:10EF90000000000000000000000000000000000071
:10EFA0000000000000000000000000000000000061
:10EFB0000000000000000000000000000000000051
:10EFC0000000000000000000000000000000000041
:10EFD0000000000000000000000000000000000031
:10EFE0000000000000000000000000000000000021
:10EFF0000000000000000000000000000000000011
:10F000000000000000000000000000000000000000
:10F0100000000000000000000000000000000000F0
:10F0200000000000000000000000000000000000E0
:10F0300000000000000000000000000000000000D0
:10F0400000000000000000000000000000000000C0
:10F0500000000000000000000000000000000000B0
:10F0600000000000000000000000000000000000A0
:10F070000000000000000000000000000000000090
:10F080000000000000000000000000000000000080
:10F090000000000000000000000000000000000070
:10F0A0000000000000000000000000000000000060
:10F0B0000000000000000000000000000000000050
:10F0C0000000000000000000000000000000000040
:10F0D0000000000000000000000000000000000030
:10F0E0000000000000000000000000000000000020
:10F0F0000000000000000000000000000000000010
:10F1000000000000000000000000000000000000FF
:10F1100000000000000000000000000000000000EF
:10F1200000000000000000000000000000000000DF
:10F1300000000000000000000000000000000000CF
:10F1400000000000000000000000000000000000BF
:10F1500000000000000000000000000000000000AF
:10F16000000000000000000000000000000000009F
:10F17000000000000000000000000000000000008F
:10F18000000000000000000000000000000000007F
:10F19000000000000000000000000000000000006F
:10F1A000000000000000000000000000000000005F
:10F1B000000000000000000000000000000000004F
:10F1C000000000000000000000000000000000003F
:10F1D000000000000000000000000000000000002F
:10F1E000000000000000000000000000000000001F
:10F1F000000000000000000000000000000000000F
:10F2000000000000000000000000000000000000FE
:10F2100000000000000000000000000000000000EE
:10F2200000000000000000000000000000000000DE
:10F2300000000000000000000000000000000000CE
:10F2400000000000000000000000000000000000BE
:10F2500000000000000000000000000000000000AE
:10F26000000000000000000000000000000000009E
:10F27000000000000000000000000000000000008E
:10F28000000000000000000000000000000000007E
:10F29000000000000000000000000000000000006E
:10F2A000000000000000000000000000000000005E
:10F2B000000000000000000000000000000000004E
:10F2C000000000000000000000000000000000003E
:10F2D000000000000000000000000000000000002E
:10F2E000000000000000000000000000000000001E
:10F2F000000000000000000000000000000000000E
:10F3000000000000000000000000000000000000FD
:10F3100000000000000000000000000000000000ED
:10F3200000000000000000000000000000000000DD
:10F3300000000000000000000000000000000000CD
:10F3400000000000000000000000000000000000BD
:10F3500000000000000000000000000000000000AD
:10F36000000000000000000000000000000000009D
:10F37000000000000000000000000000000000008D
:10F38000000000000000000000000000000000007D
:10F39000000000000000000000000000000000006D
:10F3A000000000000000000000000000000000005D
:10F3B000000000000000000000000000000000004D
:10F3C000000000000000000000000000000000003D
:10F3D000000000000000000000000000000000002D
:10F3E000000000000000000000000000000000001D
:10F3F000000000000000000000000000000000000D
:10F4000000000000000000000000000000000000FC
:10F4100000000000000000000000000000000000EC
:10F4200000000000000000000000000000000000DC
:10F4300000000000000000000000000000000000CC
:10F4400000000000000000000000000000000000BC
:10F4500000000000000000000000000000000000AC
:10F46000000000000000000000000000000000009C
:10F47000000000000000000000000000000000008C
:10F48000000000000000000000000000000000007C
:10F49000000000000000000000000000000000006C
:10F4A000000000000000000000000000000000005C
:10F4B000000000000000000000000000000000004C
:10F4C000000000000000000000000000000000003C
:10F4D000000000000000000000000000000000002C
:10F4E000000000000000000000000000000000001C
:10F4F000000000000000000000000000000000000C
:10F5000000000000000000000000000000000000FB
:10F5100000000000000000000000000000000000EB
:10F5200000000000000000000000000000000000DB
:10F5300000000000000000000000000000000000CB
:10F5400000000000000000000000000000000000BB
:10F5500000000000000000000000000000000000AB
:10F56000000000000000000000000000000000009B
:10F57000000000000000000000000000000000008B
:10F58000000000000000000000000000000000007B
:10F59000000000000000000000000000000000006B
:10F5A000000000000000000000000000000000005B
:10F5B000000000000000000000000000000000004B
:10F5C000000000000000000000000000000000003B
:10F5D000000000000000000000000000000000002B
:10F5E000000000000000000000000000000000001B
:10F5F000000000000000000000000000000000000B
:10F6000000000000000000000000000000000000FA
:10F6100000000000000000000000000000000000EA
:10F6200000000000000000000000000000000000DA
:10F6300000000000000000000000000000000000CA
:10F6400000000000000000000000000000000000BA
:10F6500000000000000000000000000000000000AA
:10F66000000000000000000000000000000000009A
:10F67000000000000000000000000000000000008A
:10F68000000000000000000000000000000000007A
:10F69000000000000000000000000000000000006A
:10F6A0000000000000000000E00E0110000000005B
:10F6B000700D011000000000200D0110000000007E
:10F6C000600E0110000000000000000000000000BB
:10F6D000000000000000000000000000000000002A
:10F6E000000000000000000000000000000000001A
:10F6F000000000000000000000000000000000000A
:10F7000000000000000000000000000000000000F9
:10F7100000000000000000000000000000000000E9
:10F7200000000000000000000000000000000000D9
:10F7300000000000000000000000000000000000C9
:10F7400000000000000000000000000000000000B9
:10F7500000000000000000000000000000000000A9
:10F760000000000000000000000000000000000099
:10F770000000000000000000000000000000000089
:10F780000000000000000000000000000000000079
:10F790000000000000000000000000000000000069
:10F7A0000000000000000000000000000000000059
:10F7B0000000000000000000000000000000000049
:10F7C0000000000000000000000000000000000039
:10F7D0000000000000000000000000000000000029
:10F7E0000000000000000000000000000000000019
:10F7F0000000000000000000000000000000000009
:10F8000000000000000000000000000000000000F8
:10F8100000000000000000000000000000000000E8
:10F8200000000000000000000000000000000000D8
:10F8300000000000000000000000000000000000C8
:10F8400000000000000000000000000000000000B8
:10F8500000000000000000000000000000000000A8
:10F860000000000000000000000000000000000098
:10F870000000000000000000000000000000000088
:10F880000000000000000000000000000000000078
:10F890000000000000000000000000000000000068
:10F8A0000000000000000000000000000000000058
:10F8B0000000000000000000000000000000000048
:10F8C0000000000000000000000000000000000038
:10F8D0000000000000000000000000000000000028
:10F8E0000000000000000000000000000000000018
:10F8F0000000000000000000000000000000000008
:10F9000000000000000000000000000000000000F7
:10F9100000000000000000000000000000000000E7
:10F9200000000000000000000000000000000000D7
:10F9300000000000000000000000000000000000C7
:10F9400000000000000000000000000000000000B7
:10F9500000000000000000000000000000000000A7
:10F960000000000000000000000000000000000097
:10F970000000000000000000000000000000000087
:10F980000000000000000000000000000000000077
:10F990000000000000000000000000000000000067
:10F9A0000000000000000000000000000000000057
:10F9B0000000000000000000000000000000000047
:10F9C0000000000000000000000000000000000037
:10F9D0000000000000000000000000000000000027
:10F9E0000000000000000000000000000000000017
:10F9F0000000000000000000000000000000000007
:10FA000000000000000000000000000000000000F6
:10FA100000000000000000000000000000000000E6
:10FA200000000000000000000000000000000000D6
:10FA300000000000000000000000000000000000C6
:10FA400000000000000000000000000000000000B6
:10FA500000000000000000000000000000000000A6
:10FA60000000000000000000000000000000000096
:10FA70000000000000000000000000000000000086
:10FA80000000000000000000000000000000000076
:10FA90000000000000000000000000000000000066
:10FAA0000000000000000000000000000000000056
:10FAB0000000000000000000000000000000000046
:10FAC0000000000000000000000000000000000036
:10FAD0000000000000000000000000000000000026
:10FAE0000000000000000000000000000000000016
:10FAF0000000000000000000000000000000000006
:10FB000000000000000000000000000000000000F5
:10FB100000000000000000000000000000000000E5
:10FB200000000000000000000000000000000000D5
:10FB300000000000000000000000000000000000C5
:10FB400000000000000000000000000000000000B5
:10FB500000000000000000000000000000000000A5
:10FB60000000000000000000000000000000000095
:10FB70000000000000000000000000000000000085
:10FB80000000000000000000000000000000000075
:10FB90000000000000000000000000000000000065
:10FBA0000000000000000000000000000000000055
:10FBB0000000000000000000000000000000000045
:10FBC0000000000000000000000000000000000035
:10FBD0000000000000000000000000000000000025
:10FBE0000000000000000000000000000000000015
:10FBF0000000000000000000000000000000000005
:10FC000000000000000000000000000000000000F4
:10FC100000000000000000000000000000000000E4
:10FC200000000000000000000000000000000000D4
:10FC300000000000000000000000000000000000C4
:10FC400000000000000000000000000000000000B4
:10FC500000000000000000000000000000000000A4
:10FC60000000000000000000000000000000000094
:10FC70000000000000000000000000000000000084
:10FC80000000000000000000000000000000000074
:10FC90000000000000000000000000000000000064
:10FCA0000000000000000000000000000000000054
:10FCB0000000000000000000000000000000000044
:10FCC0000000000000000000000000000000000034
:10FCD0000000000000000000000000000000000024
:10FCE0000000000000000000000000000000000014
:10FCF0000000000000000000000000000000000004
:10FD000000000000000000000000000000000000F3
:10FD100000000000000000000000000000000000E3
:10FD200000000000000000000000000000000000D3
:10FD300000000000000000000000000000000000C3
:10FD400000000000000000000000000000000000B3
:10FD500000000000000000000000000000000000A3
:10FD60000000000000000000000000000000000093
:10FD70000000000000000000000000000000000083
:10FD80000000000000000000000000000000000073
:10FD90000000000000000000000000000000000063
:10FDA0000000000000000000000000000000000053
:10FDB0000000000000000000000000000000000043
:10FDC0000000000000000000000000000000000033
:10FDD0000000000000000000000000000000000023
:10FDE0000000000000000000000000000000000013
:10FDF0000000000000000000000000000000000003
:10FE000000000000000000000000000000000000F2
:10FE100000000000000000006273705F6173736592
:10FE200072745F6368616E6E656C000000000000B4
:10FE3000AAAAAAAA00000200000000000000000018
:10FE4000AAAAAAAAAAAAAAAAAAAAAAAAAAAAAAAA12
:10FE5000AAAAAAAA00000000A8AAAAAAAAAAAAAAAC
:10FE6000AAAAAAAAAAAAAAAAAAAAAAAAAAAAAAAAF2
:10FE7000AAAAAAAAAAAAAAAAAAAAAAAAAAAAAAAAE2
:10FE8000AAAAAAAAAAAAAAAAAAAAAAAAAAAAAAAAD2
:10FE9000AAAAAAAAAAAAAAAAAAAAAAAAAAAA020014
:10FEA0000000000000A0AAAA2AAAAAAAAAAAAAAA8E
:10FEB000AAAAAA2A00000080AAAAAAAA0AA8AAAAEC
:10FEC000AA02AAAAAAAA80AAAAAA2A00000080AA0C
:10FED000AAA2828A82828282828282820200A0A078
:10FEE000820A2A08A0AAAAAAAAAAAAAAAAAAAA828E
:10FEF0000A2A0800000000000000000000000000C6
:10FF000000000000000000000000000000000000F1
:10FF10000000AAAAAAAAAAAAAAAAAAAAAAAAAAAA95
:10FF2000AAAAAAAAAAAAAAAAAAAAAAAAAAAAAAAA31
:10FF3000AAAA2A0000000000000000000000000043
:10FF400000000000000C000000000000000C000099
:10FF500000000000000C000000000000000C000089
:10FF600000000000000C000000000000000C000079
:10FF700000000000000C000000000000000C000069
:10FF800000000000000C000000000000000C000059
:10FF900000000000000C000000000000000C000049
:10FFA00000000000000C000000000000000C000039
:10FFB00000000000000C000000000000000C000029
:10FFC0000000000000000000000000000000000031
:10FFD0000000000000000000000000000000000021
:10FFE0000000000000000000000000000000000011
:10FFF0000000000000000000000000000000000001
:020000041002E8
:1000000000000000000000000000000000000000F0
:1000100000000000000000000000000000000000E0
:1000200000000000000000000000000000000000D0
:1000300000000000000000000000000000000000C0
:1000400000000000000C000000000000000C000098
:1000500000000000000C000000000000000C000088
:1000600000000000000C000000000000000C000078
:1000700000000000000C000000000000000C000068
:1000800000000000000C000000000000000C000058
:1000900000000000000C000000000000000C000048
:1000A00000000000000C000000000000000C000038
:1000B00000000000000C000000000000000C000028
:1000C00000000000000C000000000000000C000018
:1000D00000000000000C000000000000000C000008
:1000E00000000000000C000000000000000C0000F8
:1000F00000000000000C000000000000000C0000E8
:1001000000000000000C000000000000000C0000D7
:1001100000000000000C000000000000000C0000C7
:1001200000000000000C000000000000000C0000B7
:1001300000000000000C000000000000000C0000A7
:1001400000000000000C000000000000000C000097
:1001500000000000000C000000000000000C000087
:1001600000000000000C000000000000000C000077
:1001700000000000000C000000000000000C000067
:1001800000000000000C000000000000000C000057
:1001900000000000000C000000000000000C000047
:1001A00000000000000C000000000000000C000037
:1001B00000000000000C000000000000000C000027
:1001C00000000000000C000000000000000C000017
:1001D00000000000000C000000000000000C000007
:1001E00000000000000C000000000000000C0000F7
:1001F00000000000000C000000000000000C0000E7
:1002000000000000000C000000000000000C0000D6
:1002100000000000000C000000000000000C0000C6
:1002200000000000000C000000000000000C0000B6
:1002300000000000000C000000000000000C0000A6
:1002400000000000000C000000000000000C000096
:1002500000000000000C000000000000000C000086
:1002600000000000000C000000000000000C000076
:1002700000000000000C000000000000000C000066
:1002800000000000000C000000000000000C000056
:1002900000000000000C000000000000000C000046
:1002A00000000000000C000000000000000C000036
:1002B00000000000000C000000000000000C000026
:1002C00000000000000C000000000000000C000016
:1002D00000000000000C000000000000000C000006
:1002E00000000000000C000000000000000C0000F6
:1002F00000000000000C000000000000000C0000E6
:1003000000000000000C000000000000000C0000D5
:1003100000000000000C000000000000000C0000C5
:1003200000000000000C000000000000000C0000B5
:1003300000000000000C000000000000000C0000A5
:1003400000000000000C000000000000000C000095
:1003500000000000000C000000000000000C000085
:1003600000000000000C000000000000000C000075
:1003700000000000000C000000000000000C000065
:1003800000000000000C000000000000000C000055
:1003900000000000000C000000000000000C000045
:1003A00000000000000C000000000000000C000035
:1003B00000000000000C000000000000000C000025
:1003C00000000000000C000000000000000C000015
:1003D00000000000000C000000000000000C000005
:1003E00000000000000C000000000000000C0000F5
:1003F00000000000000C000000000000000C0000E5
:1004000000000000000C000000000000000C0000D4
:1004100000000000000C000000000000000C0000C4
:1004200000000000000C000000000000000C0000B4
:1004300000000000000C000000000000000C0000A4
:1004400000000000000C000000000000000C000094
:1004500000000000000C000000000000000C000084
:1004600000000000000C000000000000000C000074
:1004700000000000000C000000000000000C000064
:1004800000000000000C000000000000000C000054
:1004900000000000000C000000000000000C000044
:1004A00000000000000C000000000000000C000034
:1004B00000000000000C000000000000000C000024
:1004C00000000000000C000000000000000C000014
:1004D00000000000000C000000000000000C000004
:1004E00000000000000C000000000000000C0000F4
:1004F00000000000000C000000000000000C0000E4
:1005000000000000000C000000000000000C0000D3
:1005100000000000000C000000000000000C0000C3
:1005200000000000000C000000000000000C0000B3
:1005300000000000000C000000000000000C0000A3
:1005400000000000000000000000000000000000AB
:10055000000000000000000000000000000000009B
:10056000000000000000000000000000000000008B
:10057000000000000000000000000000000000007B
:10058000000000000000000000000000000000006B
:10059000000000000000000000000000000000005B
:1005A000000000000000000000000000000000004B
:1005B000000000000000000000000000000000003B
:1005C000000000000000000000000000000000002B
:1005D000000000000000000000000000000000001B
:1005E000000000000000000000000000000000000B
:1005F00000000000000000000000000000000000FB
:1006000000000000000000000000000000000000EA
:1006100000000000000000000000000000000000DA
:1006200000000000000000000000000000000000CA
:1006300000000000000000000000000000000000BA
:1006400000000000000C000000000000000C000092
:1006500000000000000C000000000000000C000082
:1006600000000000000C000000000000000C000072
:1006700000000000000C000000000000000C000062
:1006800000000000000C000000000000000C000052
:1006900000000000000C000000000000000C000042
:1006A00000000000000C000000000000000C000032
:1006B00000000000000C000000000000000C000022
:1006C00000000000000C000000000000000C000012
:1006D00000000000000C000000000000000C000002
:1006E00000000000000C000000000000000C0000F2
:1006F00000000000000C000000000000000C0000E2
:1007000000000000000C000000000000000C0000D1
:1007100000000000000C000000000000000C0000C1
:1007200000000000000C000000000000000C0000B1
:1007300000000000000C000000000000000C0000A1
:100740000900000000000000090000000000000097
:100750008204000000007F040000000000006A0422
:10076000000000005F0443040000B6034A040000D8
:1007700047045600560056005600560056005600D4
:1007800056005600000000000000000000000000BD
:100790000000720200008003DE0372027202720225
:1007A0000000000000000000060400000000F60346
:1007B00000000000000054030000B9030000000026
:1007C00079050000000000000000000000000000AB
:1007D0000000720200008003E004720272027202E2
:1007E0003E04E00473010000390400002004980571
:1007F0000C0409040000540373018B050000000081
:1008000090050000730100000000000000000000DF
:1008100030303030303030303030303030303030D8
:1008200020202020202020202020202020202020C8
:1008300023030000000020030000000000000B0361
:10084000000000000003FC020000E502E8020000D6
:10085000A70357005700570057005700570057008D
:1008600057005700000000000000000000000000DA
:100870000000330200009D028F0333023302330273
:1008800000000000000000004F03000000002903EA
:10089000000000000000B70200005203000000004A
:1008A000290500000000000000000000000000001A
:1008B0000000330200009D02D004330233023302F1
:1008C0006603D00462010000610300008203430557
:1008D0006E036B030000B7026201240500000000F4
:1008E0003B05000062010000000000000000000065
:1008F00030303030303030303030303030303030F8
:1009000020202020202020202020202020202020E7
:1009100061436F63A787D23FB3C8608B288AC63F05
:10092000FB799F501344D33F0100000002000000F8
:100930000000000001000000050000001900000098
:100940007D0000000000000000000000000000002A
:100950000080E03779C34143176E05B5B5B89346BB
:10096000F5F93FE9034F384D321D30F94877825A87
:100970003CBF737FDD4F15750000000000000000D4
:10098000000000000000F03F0000000000002440D4
:1009900000000000000059400000000000408F40AF
:1009A000000000000088C34000000000006AF8401A
:1009B0000000000080842E4100000000D01263413E
:1009C0000000000084D797410000000065CDCD41B4
:1009D000000000205FA00242000000E87648374295
:1009E000000000A2941A6D42000040E59C30A24233
:1009F0000000901EC4BCD64200003426F56B0C43A8
:100A00000080E03779C3414300A0D885573476434E
:100A100000C84E676DC1AB43003D9160E458E143AF
:100A2000408CB5781DAF154450EFE2D6E41A4B4424
:100A300092D54D06CFF08044F64AE1C7022DB54469
:100A4000B49DD9794378EA4400000000000000001A
:100A5000002020202020202020202828282828208E
:100A60002020202020202020202020202020202086
:100A700020881010101010101010101010101010EE
:100A800010040404040404040404041010101010DE
:100A900010104141414141410101010101010101A8
:100AA00001010101010101010101010110101010FA
:100AB000101042424242424202020202020202027A
:100AC00002020202020202020202020210101010CE
:100AD00020000000000000000000000000000000F6
:100AE0000000000000000000000000000000000006
:100AF00000000000000000000000000000000000F6
:100B000000000000000000000000000000000000E5
:100B100000000000000000000000000000000000D5
:100B200000000000000000000000000000000000C5
:100B300000000000000000000000000000000000B5
:100B400000000000000000000000000000000000A5
:080B500000000000000000009D
:0400000510001000D7
:00000001FF
