:020000041000EA
:1000000054040014C0035FD600000000000000008C
:1000100000000000000000000000000000000000E0
:1000200000000000000000000000000000000000D0
:1000300000000000000000000000000000000000C0
:1000400000000000000000000000000000000000B0
:1000500000000000000000000000000000000000A0
:100060000000000000000000000000000000000090
:100070000000000000000000000000000000000080
:1000800004050014C0035FD600000000000000005B
:100090000000000000000000000000000000000060
:1000A0000000000000000000000000000000000050
:1000B0000000000000000000000000000000000040
:1000C0000000000000000000000000000000000030
:1000D0000000000000000000000000000000000020
:1000E0000000000000000000000000000000000010
:1000F0000000000000000000000000000000000000
:1001000090040014C0035FD600000000000000004F
:1001100000000000000000000000000000000000DF
:1001200000000000000000000000000000000000CF
:1001300000000000000000000000000000000000BF
:1001400000000000000000000000000000000000AF
:10015000000000000000000000000000000000009F
:10016000000000000000000000000000000000008F
:10017000000000000000000000000000000000007F
:100180007F2003D5F7030014C0035FD600000000F2
:10019000000000000000000000000000000000005F
:1001A000000000000000000000000000000000004F
:1001B000000000000000000000000000000000003F
:1001C000000000000000000000000000000000002F
:1001D000000000000000000000000000000000001F
:1001E000000000000000000000000000000000000F
:1001F00000000000000000000000000000000000FF
:10020000DC030014C0035FD6000000000000000003
:1002100000000000000000000000000000000000DE
:1002200000000000000000000000000000000000CE
:1002300000000000000000000000000000000000BE
:1002400000000000000000000000000000000000AE
:10025000000000000000000000000000000000009E
:10026000000000000000000000000000000000008E
:10027000000000000000000000000000000000007E
:1002800084040014C0035FD60000000000000000DA
:10029000000000000000000000000000000000005E
:1002A000000000000000000000000000000000004E
:1002B000000000000000000000000000000000003E
:1002C000000000000000000000000000000000002E
:1002D000000000000000000000000000000000001E
:1002E000000000000000000000000000000000000E
:1002F00000000000000000000000000000000000FE
:1003000010040014C0035FD60000000000000000CD
:1003100000000000000000000000000000000000DD
:1003200000000000000000000000000000000000CD
:1003300000000000000000000000000000000000BD
:1003400000000000000000000000000000000000AD
:10035000000000000000000000000000000000009D
:10036000000000000000000000000000000000008D
:10037000000000000000000000000000000000007D
:100380007F2003D57F030014C0035FD60000000068
:10039000000000000000000000000000000000005D
:1003A000000000000000000000000000000000004D
:1003B000000000000000000000000000000000003D
:1003C000000000000000000000000000000000002D
:1003D000000000000000000000000000000000001D
:1003E000000000000000000000000000000000000D
:1003F00000000000000000000000000000000000FD
:100400007F2003D563030014C0035FD60000000003
:1004100000000000000000000000000000000000DC
:1004200000000000000000000000000000000000CC
:1004300000000000000000000000000000000000BC
:1004400000000000000000000000000000000000AC
:10045000000000000000000000000000000000009C
:10046000000000000000000000000000000000008C
:10047000000000000000000000000000000000007C
:100480007F2003D547030014C0035FD6000000009F
:10049000000000000000000000000000000000005C
:1004A000000000000000000000000000000000004C
:1004B000000000000000000000000000000000003C
:1004C000000000000000000000000000000000002C
:1004D000000000000000000000000000000000001C
:1004E000000000000000000000000000000000000C
:1004F00000000000000000000000000000000000FC
:100500007F2003D52B030014C0035FD6000000003A
:1005100000000000000000000000000000000000DB
:1005200000000000000000000000000000000000CB
:1005300000000000000000000000000000000000BB
:1005400000000000000000000000000000000000AB
:10055000000000000000000000000000000000009B
:10056000000000000000000000000000000000008B
:10057000000000000000000000000000000000007B
:100580007F2003D50F030014C0035FD600000000D6
:10059000000000000000000000000000000000005B
:1005A000000000000000000000000000000000004B
:1005B000000000000000000000000000000000003B
:1005C000000000000000000000000000000000002B
:1005D000000000000000000000000000000000001B
:1005E000000000000000000000000000000000000B
:1005F00000000000000000000000000000000000FB
:100600007F2003D5F3020014C0035FD60000000072
:1006100000000000000000000000000000000000DA
:1006200000000000000000000000000000000000CA
:1006300000000000000000000000000000000000BA
:1006400000000000000000000000000000000000AA
:10065000000000000000000000000000000000009A
:10066000000000000000000000000000000000008A
:10067000000000000000000000000000000000007A
:100680007F2003D5D7020014C0035FD6000000000E
:10069000000000000000000000000000000000005A
:1006A000000000000000000000000000000000004A
:1006B000000000000000000000000000000000003A
:1006C000000000000000000000000000000000002A
:1006D000000000000000000000000000000000001A
:1006E000000000000000000000000000000000000A
:1006F00000000000000000000000000000000000FA
:100700007F2003D5BB020014C0035FD600000000A9
:1007100000000000000000000000000000000000D9
:1007200000000000000000000000000000000000C9
:1007300000000000000000000000000000000000B9
:1007400000000000000000000000000000000000A9
:100750000000000000000000000000000000000099
:100760000000000000000000000000000000000089
:100770000000000000000000000000000000000079
:0C0780007F2003D59F020014C0035FD649
:1010000000000090002040F900003FD60000009052
:10101000002440F9E00300AA0100805201000039D9
:1010200000000090002840F9E00300AA210080524F
:101030000100003977000014C0035FD61F2003D5DC
:10104000A03800100000000000A100100000000007
:10105000A8380010000000000000000000000000A0
:101060009F3F03D51F7508D5BF3F03D5220039D553
:10107000406858D303084092A30500B4040080D20E
:101080000C000014080500D1091C00530921C99A5D
:10109000290105AACA1C0053EA20CA9A29010AAAF2
:1010A000497608D508FFFFB5870300B58404009191
:1010B0009F0003EB82030054600080D2807C009B81
:1010C000001C00534024C09A000840921F0800F101
:1010D000E3FEFF5485F87FD3E00305AA00001AD58C
:1010E0009F3F03D5000039D501084092261000919A
:1010F000013043D321244092076C4DD3E73840920E
:101100002010C05A007C40D31F8000F181000054A1
:10111000000400D102000014E70400D1E80301AA92
:10112000DAFFFF179F3F03D5DF3F03D50000009094
:1011300000A440F9E00300AA210080520100003918
:1011400034000014C0035FD600A1001000000000AE
:10115000C0035FD600000000000000000000000097
:10116000C0035FD600000000000000000000000087
:10117000C0035FD600000000000000000000000077
:10118000C0035FD600000000000000000000000067
:10119000C0035FD600000000000000000000000057
:1011A000C0035FD600000000000000000000000047
:1011B000C0035FD600000000000000000000000037
:1011C000C0035FD600000000000000000000000027
:1011D000C0035FD600000000000000000000000017
:1011E000C0035FD600000000000000000000000007
:1011F000C0035FD6000000000000000000000000F7
:10120000C0035FD6000000000000000000000000E6
:101210004005005800C01ED500C01CD500C018D520
:10122000000080D200101ED500101CD5001018D56B
:1012300000000090005841F9E10300AA3F0000912E
:10124000000080D240111ED540111CD51F111ED5A3
:10125000DF3F03D5010080522100153221001632F4
:1012600021001D3221001E3221001F3201111ED526
:10127000DF3F03D50200B0D202111CD5A00038D543
:10128000A0001CD5000038D500001CD51F211CD59E
:1012900000088F52A02FA072E00300AA00E01BD527
:1012A0001F870ED51F7108D506000014C0035FD636
:1012B000A08B0210000000000000001000000000E1
:1012C000FD7BBFA9FD0300918607009400018052B9
:1012D0000007009400008CD2040000902025B0F29A
:1012E000020440D1E55E8B12E35E8B52010040B9EF
:1012F000849C41F92100052A213C0012010000B91B
:10130000442000B902A09452010040B92100030A10
:101310002100022A010000B9BF3F03D58004B0D2EA
:1013200021008052019C01B90A010014FD7BC1A873
:10133000C0035FD61F2003D560100010000000001E
:10134000FE7FBFA9FC77BFA9FA6FBFA9F867BFA945
:10135000F65FBFA9F457BFA9F24FBFA9F047BFA9D5
:10136000EE3FBFA9EC37BFA9EA2FBFA9E827BFA965
:10137000E61FBFA9E417BFA9E20FBFA9E007BFA9F5
:1013800000443BD521443BD5E007BFA9FE7FBFAD5C
:10139000FC77BFADFA6FBFADF867BFADF65FBFAD0D
:1013A000F457BFADF24FBFADF047BFADEE3FBFAD9D
:1013B000EC37BFADEA2FBFADE827BFADE61FBFAD2D
:1013C000E417BFADE20FBFADE007BFAD03403ED5B0
:1013D00022403ED5E20FBFA972000094E417C1A8D5
:1013E00005401ED524401ED59F3F03D5DF3F03D5C2
:1013F000E007C1ACE20FC1ACE417C1ACE61FC1AC61
:10140000E827C1ACEA2FC1ACEC37C1ACEE3FC1ACB0
:10141000F047C1ACF24FC1ACF457C1ACF65FC1AC00
:10142000F867C1ACFA6FC1ACFC77C1ACFE7FC1AC50
:10143000E007C1A800441BD521441BD5E007C1A883
:10144000E20FC1A8E417C1A8E61FC1A8E827C1A8F8
:10145000EA2FC1A8EC37C1A8EE3FC1A8F047C1A848
:10146000F24FC1A8F457C1A8F65FC1A8F867C1A898
:10147000FA6FC1A8FC77C1A8FE7FC1A8E0039FD680
:10148000C0035FD600000000000000000000000064
:10149000BF4000D5E007BFA9E20FBFA9E417BFA96D
:1014A000E61FBFA9E827BFA9EA2FBFA9EC37BFA94C
:1014B000EE3FBFA9F047BFA9F24FBFA9FD7BBFA96F
:1014C00010000094FD7BC1A8F24FC1A8F047C1A84D
:1014D000EE3FC1A8EC37C1A8EA2FC1A8E827C1A8F0
:1014E000E61FC1A8E417C1A8E20FC1A8E007C1A880
:1014F000E0039FD6C0035FD600000000000000009C
:10150000FD7BBEA9FD030091F30B00F91D030094C0
:10151000138000511F7C007169020054000000908C
:1015200001BC42F921CC338B0000009002000090F6
:1015300000C442F943C842F9020040394404001192
:1015400004000039737822B8BF3F03D5200040F96A
:1015500000003FD6E003132AF30B40F9FD7BC2A83D
:10156000FC020014E103002A0000009000C042F9D0
:10157000014C218BEDFFFF1790BC01100000000013
:1015800000400010000000000841001000000000B2
:1015900010410010000000000000000000000000EA
:1015A000FD7BBDA9FD030091F51300F9F102009444
:1015B000E103002A00F00F511F0C007109050054CF
:1015C00015008052F35301A9020000900000009022
:1015D00034800051534443F9004843F962024039D2
:1015E0004304001163020039147822B8BF3F03D5C9
:1015F000FF4103D5DF3F03D53F7C00710802005453
:1016000000000090005043F9005861F800003FD6F8
:10161000DF4103D5DF3F03D561024039E003142ADF
:101620002104005161020039F35341A9350100350D
:10163000F51340F9FD7BC3A8BE0200140000009022
:10164000004C43F900D874F800003FD6F1FFFF17B3
:10165000F51340F9FD7BC3A8BE020014C902009433
:10166000E103002A00F00F51350080521F0C007179
:1016700069000054F35301A9D4FFFF17F51340F993
:10168000FD7BC3A8CB05001408410010000000003A
:10169000104100100000000090BC0110000000008C
:1016A00000400010000000000000000000000000EA
:1016B000FD7BBFA9FD030091CE030094310400948B
:1016C0002804009417040094FD7BC1A81D04001495
:1016D000FD7BBEA960008052FD030091F30B00F971
:1016E00018060094200282522000A0729D060094E9
:1016F00060008052C3050094E00180D2A0CC1ED5CA
:10170000330080D2B3CC18D5400080D260C818D541
:1017100060CC18D500068052C201009431020094BA
:10172000E003132A77020094E01F80D2004618D508
:10173000E003132A07020094600080D2E0CC1ED59B
:10174000F30B40F9FD7BC2A8C0035FD60000000088
:10175000FD7BBEA900000090FD030091F35301A999
:10176000140844F9800240396003003700000090FB
:10177000130C44F9000080523A080094600240398A
:101780002003003620008052360800941101009496
:1017900034010094600240390003003631040094A3
:1017A000C4FFFF9747010094400080522D08009429
:1017B00060024039C0010036C6FFFF978D050094D6
:1017C000000080D2274100949F020039413C0094E0
:1017D0000000001400000090130C44F97F0200394F
:1017E000E5FFFF172B040094E7FFFF170D0000949F
:1017F000E8000094F1FFFF17B20300946002403943
:10180000E0FC07376F060094E5FFFF171F2003D5A4
:10181000A83800100000000000A100100000000027
:10182000FD7BB9A960008052FD030091F35301A92B
:10183000F55B02A9F76303A9F96B04A9FB7305A97A
:10184000C0050094050000900B0000900A00009075
:1018500006000090040000900E0000900000009030
:101860000F0000900D0000900C0000900900009007
:101870000800009007000090030000900200009014
:1018800001000090BB8445F9058082D27E9945F91C
:101890002525B0F2519D45F9B9000491CBAC45F92D
:1018A000B70008918AB045F9B5000C91D88D45F97B
:1018B000B300109100C045F9B2001491B000189126
:1018C000AE001C91FA8945F9E03700F9B69145F967
:1018D000949545F92FA145F90DA545F9ECA845F9D1
:1018E00069B445F9030080D248B845F9820080D236
:1018F00027BC45F9010080D260F07DD3646B61B8EC
:101900001C00058B666B62B863040091046825B8FF
:101910000400198B860700B91C00178B466B61B851
:10192000066839B8466B62B8860400B90400158BA6
:10193000066B61B8066837B8066B62B8860700B9EF
:101940001C00138BC66A61B8066835B8C66A62B8EF
:10195000860400B90400128B866A61B8066833B841
:10196000866A62B8860700B91C00108BC66B61B826
:10197000066832B8C66B62B8860400B904000E8BE4
:10198000266A61B8066830B8266A62B8860700B968
:10199000068083D22625B0F21C00068BE66961B86A
:1019A00006682EB8E66962B8860400B904A083D23E
:1019B0002425B0F20600048BE63300F9068083D2BA
:1019C0002625B0F2A46961B8046826B8A46962B893
:1019D000840700B9048080D2866961B82425B0F2FA
:1019E0001C00048B04A083D22425B0F2066824B81E
:1019F000E63340F9846962B8C40400B904A080D217
:101A00002425B0F20600048B840004D1E63300F9EB
:101A1000666961B8066824B8666962B8860700B965
:101A200006C080D2446961B82625B0F21C00068B3E
:101A3000C60004D1046826B8E63340F9446962B8A8
:101A4000C40400B904E080D22425B0F20600048B5F
:101A5000E63300F906C080D22625B0F2246961B8C9
:101A6000046826B8246962B8840700B9040081D2EA
:101A7000066961B82425B0F21C00048B840004D1EF
:101A8000066824B8E63340F9046962B8C40400B9B2
:101A9000042081D2060081D22425B0F22625B0F29E
:101AA0000400048BE43300F9E46861B8046826B8E4
:101AB000E46862B8E63740F9840700B9042081D2AF
:101AC0002425B0F2DC6861B8212000911C6824B89C
:101AD000E43340F9C06862B842200091800400B944
:101AE0007F4000F1A1F0FF54F35341A96000805200
:101AF000F55B42A9F76343A9F96B44A9FB7345A9B8
:101B0000FD7BC7A8BF04001480DF011000000000A7
:101B100000DF01100000000080DE01100000000066
:101B200000DE01100000000080DD01100000000058
:101B300000DD01100000000080DC0110000000004A
:101B400000DC01100000000080DB0110000000003C
:101B500000DB01100000000080DA0110000000002E
:101B600000DA01100000000080D901100000000020
:101B700000D901100000000080D801100000000012
:101B800000D801100000000000000000000000006C
:101B90000084B1D2010040B981010037010040B991
:101BA00002088F52A22FA07221781F12010000B9E3
:101BB000022000B91F0800B91F0C00B9010040B98C
:101BC00021000032010000B9C0035FD60000000010
:101BD000C0035FD60000000000000000000000000D
:101BE000FF8300D1E10700F9E10740F9210300B4C8
:101BF000E10740F921FC43D3010300B4010C018B40
:101C0000E20300AA002000915F0000F93F0000EB12
:101C100081FFFF54E00740F900084092E00F00F90F
:101C2000E00F40F9400100B4E00F40F9000100B4BA
:101C3000000080D21F2003D53F68203800040091A7
:101C4000E20F40F95F0000EB88FFFF549F3F03D590
:101C5000FF830091C0035FD6E10300AAEEFFFF17E8
:101C6000FD7BBFA90000009001000090FD030091E2
:101C7000005446F9215046F9210000CBD9FFFF97C7
:101C8000FD7BC1A80000009001000090005C46F9B7
:101C9000215846F9210000CBD2FFFF171F2003D5A2
:101CA00000A1001000000000004000100000000033
:101CB000A0EB01100000000040E301100000000054
:101CC000FD7BBDA90000009001000090FD03009184
:101CD00000AC46F9F35301A934B046F9F51300F905
:101CE000000014CB1F0000F12D01005415FC43939C
:101CF000130080D21F2003D5807A73F873060091F9
:101D000000003FD6BF0213EB8CFFFF540000009091
:101D10000100009000B446F934B846F9000014CB35
:101D200015FC43931F0000F1ED000054130080D216
:101D3000807A73F87306009100003FD6BF0213EB60
:101D40008CFFFF54F35341A9F51340F9FD7BC3A861
:101D5000C0035FD61F2003D538E301100000000048
:101D600038E301100000000038E30110000000001B
:101D700038E3011000000000000000000000000037
:101D800001000090001F80D2210447F93F0000B9F4
:101D9000004618D5000000900360B0D20400009007
:101DA000A260B0D2050847F9000080D2610040B9B6
:101DB000840C47F921080032A60040B9610000B93F
:101DC000A10440B946000CB941040CB91F2003D549
:101DD00001080011827860B821000C910004009184
:101DE000627821B81FF400F141FFFF54FF4F03D583
:101DF000DF3F03D5000580D2210080528060B0F221
:101E0000010000B9C0035FD60441001000000000CB
:101E1000F8D601100000000000D7011000000000FB
:101E20000160B0D200041C12200000B9C0035FD6CC
:101E300000800011022080D20260B0F221008052A6
:101E4000037C05532020C01A407823B8C0035FD616
:101E500000800011023080D20260B0F22100805276
:101E6000037C05532020C01A407823B8C0035FD6F6
:101E700000800011038080D20360B0F2E21F805224
:101E8000047C025300041D534220C01A657864B8D4
:101E90002120C01AA200220A2100022A617824B857
:101EA000C0035FD60000000000000000000000003A
:101EB000E000F837007C409303208CD20360B0F23E
:101EC000E203022A410001AA617820F8C0035FD62C
:101ED00000800011025080D20260B0F221008052D6
:101EE000037C05532020C01A407823B8C0035FD676
:101EF00002800011051080D20560B0F200100012BF
:101F0000427C0553230080522400030A210441D35C
:101F1000A70032916320C01AA67862B88420C01A44
:101F20002120C01AC000230A8000002AA07822B80D
:101F3000E07862B80300230A2100032AE17822B87E
:101F4000C0035FD600000000000000000000000099
:101F5000810080D2040441930160B0F203004093F9
:101F60002504805222C447B80518A47240100012FC
:101F70000000050B00787ED3230000B921100091EA
:101F8000247C0CB93F0000EB81FFFF54C0035FD6F7
:101F90000002F8370080001103029CD20360B0F207
:101FA00021000012047C045342008052000C1F5395
:101FB0004100014B62008052657864B84220C01A2B
:101FC0002020C01AA100220A0000012A607824B84B
:101FD000C0035FD600000000000000000000000009
:101FE000810480D2400080528160B0F2200000B9AC
:101FF00020005FB800781E1220001FB820005FB8D4
:10200000A0001036214000D11F2003D5200040B988
:10201000C0FF1737C0035FD60000000000000000BB
:10202000022080D221008052A260B0F22120C01A8A
:10203000410000B9C0035FD60000000000000000AE
:10204000023080D221008052A260B0F22120C01A5A
:10205000410000B9C0035FD600000000000000008E
:1020600003087E92A260B0D26300028B00041D536D
:10207000E21F80524220C01A640044B92120C01AD5
:102080008200220A2100022A610004B9C0035FD63F
:10209000025080D221008052A260B0F22120C01AEA
:1020A000410000B9C0035FD600000000000000003E
:1020B000041080D200100012A460B0F223000012BD
:1020C00022008052210441D3850040B94220C01A29
:1020D0006320C01AA500220A2120C01A6300052A25
:1020E000830000B983804CB96200220A2100022AD1
:1020F00081800CB9C0035FD6000000000000000022
:10210000011080D202004093A160B0F2000441931C
:10211000220000B920800CB9C0035FD60000000087
:10212000000180D28060B0F2000440B9C0035FD6E5
:10213000FF4300D100800011005C4092E00700F9ED
:10214000E00740F920C818D5FF430091C0035FD6CF
:10215000FF4300D100800011005C4092E00700F9CD
:10216000E00740F920CC18D5FF430091C0035FD6AB
:1021700000C838D5005C0012C0035FD60000000024
:1021800000CC38D5005C0012C0035FD60000000010
:10219000FF4300D10500A8D21F040071A000005425
:1021A0001F080071050082D20004A0D2A510809AF9
:1021B000600040F9FF0F00B9640840F9000002CB4D
:1021C000E70F40B90008C59A8208C59A00707D9350
:1021D0000000018BE603022A5F00076B4D020054EA
:1021E000610C40F9E40300AA002000912200409213
:1021F00061000036620440F9220002AAE10F40B9F2
:10220000820000F921040011E10F00B9610440F9D6
:10221000E20F40B92100058B610400F9DF00026B79
:102220000CFEFF54FF430091C0035FD60000000086
:10223000E80300AAFD7BBCA9E97740B2FD03009149
:10224000000040F9010540F9E00702A9010940F941
:10225000E11B00F9020D40F9E21F00F91F0009EB34
:1022600048040054020000900100018B0A00B8D21B
:1022700042E442F9E20F00F93F000AEB880A0054F9
:102280000A00B0D23F000AEB281400542A0500913E
:102290003F000AEB690F0054E10F40F9440100CB05
:1022A000E3830091020080D240008052E41B00F9D9
:1022B000B8FFFF97E41340F901000090050940F9C9
:1022C00084000ACB21E842F98400058BE2030AAAC4
:1022D00040008052EA1300F9E41B00F9ADFFFF97BC
:1022E000FD7BC4A8C0035FD6EA7B40B21F000AEBA7
:1022F000E8030054020000900100018B0B00B8D2EB
:1023000042E842F9E20F00F93F000BEB880C005461
:102310004B0500913F000BEB29130054E10F40F9EE
:10232000640100CB2205009140008052E3830091BC
:10233000E41B00F997FFFF9701000090E2030BAA4E
:10234000E41340F94000805221EC42F9EB1300F90C
:10235000050940F984000BCB8400058BE41B00F9D0
:102360008CFFFF97FD7BC4A8C0035FD60900A812AD
:102370001F0009EB28070054020000900100018BA8
:102380002B05009142EC42F9E20F00F93F000BEB04
:1023900009110054E10F40F9640100CB420500919E
:1023A00040008052E3830091E41B00F979FFFF971E
:1023B00001000090E2030BAAE41340F940008052B0
:1023C00021F042F9EB1300F9E2FFFF172B05009112
:1023D000E3830091640100CBE10302AA4000805234
:1023E000020080D2E41B00F96AFFFF97EB1300F9AB
:1023F00001000090E2030BAA40008052EB1B00F9A1
:1024000021E842F963FFFF97EB1B00F90100009000
:102410000200B0D240008052E21300F921EC42F9F0
:102420005CFFFF97EA1300F9050140F901000090F5
:10243000040940F9E2030AAA21F042F98400058B5D
:1024400084000ACB40008052E41B00F951FFFF9743
:10245000FD7BC4A8C0035FD6E27F40B21F0002EB41
:10246000A80900540100009022050091E383009127
:102470004000805221F042F946FFFF97BAFFFF1754
:10248000E10F40F9E3830091020080D240008052C6
:1024900040FFFF97FD7BC4A8C0035FD64C050091A9
:1024A000E10302AA840100CBE3830091220500919D
:1024B00040008052E41B00F92905009135FFFF9789
:1024C000EC1300F901000090E2030CAA40008052D6
:1024D000E91B00F921EC42F92EFFFF97EB1300F9FD
:1024E000050140F901000090040940F9E2030BAA3C
:1024F00021F042F98400058B84000BCB4000805210
:10250000E41B00F923FFFF9797FFFF17E10F40F946
:102510002B050091640100CBE3830091020080D27F
:1025200040008052E41B00F91AFFFF97EB1300F9FB
:1025300001000090E2030BAA40008052EB1B00F95F
:1025400021E842F913FFFF97EA1300F9050140F96A
:1025500001000090040940F9E2030AAA21EC42F9C3
:102560008400058B84000BCB40008052E41B00F9F3
:1025700008FFFF97FD7BC4A8C0035FD6E10F40F9B9
:1025800022050091E38300914000805201FFFF97F4
:1025900075FFFF170100009042040091E383009152
:1025A0002000805221F442F9FAFEFF976EFFFF17D8
:1025B000E10F40F942050091E38300914000805211
:1025C000F4FEFF9768FFFF17009000100000000066
:1025D00000800010000000000070001000000000EB
:1025E000006000100000000020A0001000000000AB
:1025F000FD7BBFA900000090FD030091004443F95A
:102600000100003201201ED505000090040000905A
:10261000030000900200009001000090AD5843F9C3
:10262000844843F9AE011891634C43F9840440B2E5
:10263000425043F9630440B2215443F9420440B28A
:10264000040C00A9210440B2020401A91F2003D5F3
:10265000E0030DAAAD810091F6FEFF97DF010DEBBF
:1026600081FFFF54E09F88D20080A0F20081C1F278
:1026700000A21ED5A0A386D22010B0F240201ED505
:10268000FD7BC1A8C0035FD600A0001000000000C1
:10269000009000100000000000800010000000000A
:1026A000007000100000000000600010000000003A
:1026B000B038001000000000000000000000000022
:1026C000FD7BBFA960008052FD0300911D020094B4
:1026D000012080D20240A0522125B0F26000805239
:1026E000220000B9220400B9220800B9220C00B966
:1026F000221000B9221400B9220010B9220410B926
:10270000220810B9220C10B9221010B9221410B9E5
:10271000221810B9FD7BC1A8BA0100140000000006
:1027200000103ED59F3F03D5000074B200101ED5A7
:10273000DF3F03D5C0035FD60000000000000000AB
:1027400000103ED59F3F03D500007EB200101ED57D
:10275000DF3F03D5C0035FD600000000000000008B
:1027600000103ED59F3F03D5000040B200101ED59B
:10277000DF3F03D5C0035FD600000000000000006B
:102780009F3F03D51F7508D5BF3F03D52B0039D513
:102790006A6958D38A0500B44AF97FD3050080D20C
:1027A00009008052EC03805205000014A508009136
:1027B000290D00115F0105EB200400546025C99A22
:1027C0001F047FF240FFFF5405001AD59F3F03D539
:1027D000040039D5863043D388084092DF0000F1E9
:1027E000C310C05A63108C1A08110011846C4DD3A9
:1027F000C720C39AE70005AA8220C89AE00002AA6F
:10280000407608D5260200B4420005AAE00306AAD5
:10281000000400D10120C39A210002AA417608D504
:1028200080FFFFB544FCFFB4840400D18220C89A25
:10283000400007AA407608D5F4FFFF179F3F03D555
:10284000DF3F03D5C0035FD624FBFFB4840400D16F
:10285000EAFFFF1700000000000000000000000079
:102860000125B0D20200009000C08852210440B976
:102870006078A472424444F9212048D30020C11A50
:10288000400000B9C0035FD6004100100000000006
:10289000FD7BBDA920008052FD0300918D010094B5
:1028A000034088D201008CD22305B0F222A09452BA
:1028B0002125B0F2600040B90000022A600000B992
:1028C000200040B90000022A200000B9BF3F03D514
:1028D0008204B0D20125B0D224008052E001A0527F
:1028E000449C01B9220440B9200400B9200440B935
:1028F000200440B9200440B9200440B9200440B964
:10290000200440B9200440B9200440B90005B0D2E9
:10291000C2C080524200A072020000B9020040B959
:10292000020040B9020040B9020040B9020040B9BB
:10293000020040B9020040B9020040B9E2FDBF12F6
:10294000020800B9020840B9020840B9020840B9BB
:10295000020840B9020840B9020840B9020840B96B
:10296000020840B902C0BF12020C00B9020C40B903
:10297000020C40B9020C40B9020C40B9020C40B93B
:10298000020C40B9020C40B9000C40B9050000909F
:10299000230440B902C0885200889352A5C846F962
:1029A000632048D36278A4724220C31AA20000B9FF
:1029B000247000B91F2003D51F2003D50004005147
:1029C000003C0072A1FFFF540225B0D2402040918C
:1029D000E307805221008052438000B9E203012ABC
:1029E00001100079E17F805201180079440B8012B8
:1029F0004101805223008012E11700B91000001439
:102A00000440003902000039030000390200003997
:102A100001004039211C00123F0400716000005485
:102A200001504039211C0012E11740B92104005126
:102A3000E11700B901504039A1000036E11740B953
:102A400001FEFF35FD7BC3A8DA000014000490D21C
:102A5000210080520025B0F2E37F8052E203012A78
:102A6000440B801201100079410180520318007953
:102A700023008012E11B00B910000014044000394B
:102A8000020000390300003902000039010040391A
:102A9000211C00123F0400716000005401504039B5
:102AA000211C0012E11B40B921040051E11B00B9B7
:102AB00001504039A1000036E11B40B901FEFF354D
:102AC000FD7BC3A8BB000014000890D221008052F7
:102AD0000025B0F2E37F8052E203012A440B80120A
:102AE00001100079410180520318007923008012FF
:102AF000E11F00B910000014044000390200003941
:102B0000030000390200003901004039211C001285
:102B10003F0400716000005401504039211C001234
:102B2000E11F40B921040051E11F00B901504039B3
:102B3000A1000036E11F40B901FEFF35FD7BC3A8AF
:102B40009C000014000C90D2210080520025B0F2AD
:102B5000E37F8052E203012A440B801201100079C6
:102B6000410180520318007923008012E12300B94B
:102B7000100000140440003902000039030000393D
:102B80000200003901004039211C00123F0400718D
:102B90006000005401504039211C0012E12340B96B
:102BA00021040051E12300B9015040398100003671
:102BB000E12340B901FEFF35A3FFFF17001090D2BB
:102BC000210080520025B0F2E37F8052E203012A07
:102BD000440B8012011000794101805203180079E2
:102BE00023008012E12700B91000001404400039CE
:102BF00002000039030000390200003901004039A9
:102C0000211C00123F040071600000540150403943
:102C1000211C0012E12740B921040051E12700B92D
:102C20000150403981000036E12740B901FEFF35EF
:102C300085FFFF17001490D2210080520025B0F2CA
:102C4000E37F8052E203012A440B801201100079D5
:102C5000410180520318007923008012E12B00B952
:102C6000100000140440003902000039030000394C
:102C70000200003901004039211C00123F0400719C
:102C80006000005401504039211C0012E12B40B972
:102C900021040051E12B00B9015040398100003678
:102CA000E12B40B901FEFF3567FFFF17001890D2F6
:102CB000210080520025B0F2E37F8052E203012A16
:102CC000440B8012011000794101805203180079F1
:102CD00023008012E12F00B91000001404400039D5
:102CE00002000039030000390200003901004039B8
:102CF000211C00123F040071600000540150403953
:102D0000211C0012E12F40B921040051E12F00B92C
:102D10000150403981000036E12F40B901FEFF35F6
:102D200049FFFF178004B0D2019C41B981000035F2
:102D30001F2003D5019C41B9C1FFFF34044088D254
:102D4000C35F8B522405B0F201008CD202A09452D2
:102D50002125B0F2800040B90000030A0000022AD9
:102D6000800000B9200040B90000030A0000022AD8
:102D7000200000B9BF3F03D58004B0D221008052AB
:102D8000019C01B9FD7BC3A8C0035FD61F2003D5FA
:102D900000410010000000000000000000000000E2
:102DA000000000140000000000000000000000000F
:102DB000C0035FD60000000000000000000000001B
:102DC000C00000B4E10300AA2280A052000080529B
:102DD000220000B9C0035FD6FD7BBFA9FD030091AF
:102DE000F4FFFF9720008052FD7BC1A8C0035FD68F
:102DF000E4FBFF17000000000000000000000000DE
:102E0000034638D5010080D2014618D58104B0D2DE
:102E1000229C41B9820000351F2003D5229C41B974
:102E2000C2FFFF3401000090E003002A216047F94F
:102E3000227860785F3C0072C0000054227860788D
:102E4000423C001242040051423C00122278207899
:102E5000217860783F3C00726102005401000090CC
:102E6000054088D22505B0F204A09452266447F9A3
:102E700002008CD2A10040B92225B0F2C07860785F
:102E80002100042AE003202A003C00122100000A4D
:102E9000A10000B9410040B92100042A2000000A25
:102EA000400000B9BF3F03D58004B0D2210080525A
:102EB000019C01B9034618D5C0035FD61F2003D576
:102EC000705C001000000000B03E00100000000028
:102ED000034088D204008CD2003C00120100801212
:102EE0002305B0F22425B0F28504B0D21F2003D50B
:102EF000620040B95F00006AE1000054820040B9FE
:102F00005F00006A81000054A29C41B94200003475
:102F1000C0035FD621040071C1FEFF548004B0D20B
:102F2000019C41B961FFFF351F2003D5019C41B9C8
:102F3000C1FFFF34C0035FD60000000000000000A6
:102F4000FD7BBFA9FD030091084638D5010080D262
:102F5000014618D5010000B0E603002A271440F905
:102F6000E07866781F3C0072400500548004B0D2BF
:102F7000019C41B901040034E07866781F3C00727E
:102F800021020054000000B0044088D22405B0F2B1
:102F900002008CD2001840F903A09452810040B97D
:102FA0002225B0F2007866782100002A2100032A49
:102FB000810000B9410040B90000012A0000032A45
:102FC000400000B9E0786678003C0012000400116F
:102FD000003C0012E0782678BF3F03D58004B0D2D1
:102FE00021008052019C01B9084618D5FD7BC1A87B
:102FF000C0035FD61F2003D5019C41B9E1FBFF351B
:103000001F2003D5019C41B961FFFF34DBFFFF178F
:1030100000000090001840F900786678ADFFFF9737
:10302000D6FFFF171F2003D5705C001000000000C2
:10303000B03E001000000000000000000000000092
:1030400002000090E103002A426840F9400040F984
:10305000400100B403000090210C001121747E9205
:10306000636C40F90100018B3F0003EBA8010054A1
:10307000410000F9C0035FD60000009003000090FB
:10308000210C0011006440F921747E92636C40F9B8
:103090000100018B400000F93F0003EBA9FEFF5443
:1030A000FD7BBFA9FD0300918E3F0094E10300AAC0
:1030B0008201805200008092220000B9FD7BC1A8ED
:1030C000C0035FD61F2003D5A0EB01100000000055
:1030D000785C001000000000A06B021000000000EF
:1030E000000080528104B0D2230080521F2003D5FB
:1030F000222040B96420C01A4224C01AE2000037DE
:10310000222040B98400022A242000B9BF3F03D501
:10311000E203002A237822B822A041B96420C01A11
:103120004224C01A0201003722A041B98400022AB9
:1031300024A001B9BF3F03D5E203002A42800191D8
:10314000237822B8000400111F20007121FDFF54D4
:10315000C0035FD600000000000000000000000077
:10316000067C1053054080D22525B0F2043C48D39C
:1031700022008052031C0012A77866B84420C41AAB
:103180004120C01AA208068BE400240AA47826B8BD
:10319000A47866B82400040A8024C01AC000003451
:1031A0001F2003D5400040B90000010A0024C31AC3
:1031B00080FFFF35C0035FD6000000000000000064
:1031C000FF4300D1FF3F0039E03F4039001C0012AF
:1031D0001F20007168040054000000900A208252F1
:1031E0000A01A072063441F9E13F4039E03F40391D
:1031F000C310218B241C7CD34001200B6534403943
:10320000004C1453C86864B86914403964104039DC
:10321000A50001536130403967384039630840B92F
:103220002205042A080800B9A178012A020C00B975
:103230002100072A011001B9031401B9E03F403908
:10324000001C001200040011001C0012E03F0039B5
:10325000E03F4039001C00121F20007169FCFF5440
:10326000FF430091C0035FD6B83E0010000000008D
:10327000420040B9261C0012273C48D349001D12C9
:10328000453C4AD33F141E7281030054040C278B23
:10329000C8701D53E31F8052E103072A6320C81A38
:1032A0008A004AB9A520C81A4301230A6300052AE7
:1032B00083000AB9A9030034870046B9452444D3E2
:1032C000E30780526320C81AE300230AA520C81A26
:1032D0006300052A830006B90000018B410C43D32B
:1032E0002120C61A020050392100022A211C001296
:1032F00001001039C0035FD6080C278BC3100051A2
:10330000E41F8052E103072A63701D530A054AB97E
:103310008420C31A4401240AA520C31A8400052A64
:1033200004050AB9090400350300018B2A00805204
:103330004421C61A841C0012E503242A48041F12E3
:1033400069005039A51C0012A900090A690010394A
:103350001F090071A0030054430841D37F0400718A
:10336000A9FCFF54A204003702486738A500020AEE
:10337000054827380104018BC0781F536200805232
:103380004220C01A240044796320C01A803C0012F5
:103390000000220A0000032A003C001220000479E9
:1033A000C0035FD6070546B9452444D3E4078052DD
:1033B0008420C31AE400240AA320C31A8300032A2A
:1033C000030506B9C5FFFF170104018BC6781F531B
:1033D000600080520020C61A220044794A21C61A91
:1033E000423C00124000200A00000A2A003C001261
:1033F00020000479C0035FD602486738421C0012DF
:103400008400022A04482738DBFFFF170000000071
:10341000E20301AA051C0012E103002A400040B9A2
:10342000233C48D3E00580367F30007169040054A6
:1034300008001D12023C4AD33F141E72400600547D
:103440008605B0D2A4100051C60C238BE11F805218
:1034500084701D53E703032AC9044AB92120C41A02
:103460004220C41A2101210A2100022AC1040AB9FA
:1034700048070034C30446B9022444D3E10780520C
:103480002120C41A6100210A4220C41A2100022A04
:10349000C10406B9018080D2000C43D38105B0F28B
:1034A0000020C51A226867380000022A001C00129A
:1034B00020682738C0035FD68425B0D22000805210
:1034C0008400238B0320C51A6005B0D285007039B3
:1034D0006300052A631C00128300303965FFFF1763
:1034E0008025B0D2240080520300238B8420C51A8B
:1034F00065007039A51C0012A400240A640030394C
:103500005CFFFF178405B0D2A6701D53840C238B7B
:10351000E11F80522120C61AE703032A4220C61A5F
:1035200089004AB92101210A2100022A81000AB931
:1035300048010034830046B9022444D3E107805295
:103540002120C61A6100210A4220C61A2100022A3F
:10355000810006B9D0FFFF178405B0D28A00078B1F
:103560002900805206041F122121C51A211C0012B5
:1035700048015039E203212A421C00124800080A7F
:1035800048011039DF080071C0020054060841D319
:10359000DF04007109F9FF54C00300368048633826
:1035A000001C00122100002A814823388005B0D277
:1035B000A5781F530704078B600080520020C51AAE
:1035C000C620C51AE1004479213C00122000200ADF
:1035D0000000062A003C0012E0000479C0035FD618
:1035E0008404078BA5781F53600080520020C51A01
:1035F000810044792921C51A213C00122000200AAB
:103600000000092A003C001280000479C0035FD644
:10361000804863384200000A82482338E4FFFF17DD
:10362000FD7BBEA9FD030091601000B4F30B00F90F
:10363000F30301AAE10F00B4E20300AA200440F959
:10364000400F00B4410040B9804A8A52E009AA7292
:103650003F00006B800F0054400000B940008052D2
:10366000530800F937FEFF976C0240792C010034B3
:103670006B0640F96C4D2C8B600540B9E1030BAA39
:103680006B21009163FFFF977F010CEB61FFFF54FB
:1036900040008052DBFDFF97730A40F940008052E2
:1036A00028FEFF9767C20091060080D20300805277
:1036B0008805B0D200C1268BE2104079E403062AC7
:1036C000411C001200307839427C08530000191266
:1036D0005F3800712009005405001C325F780071CA
:1036E000A21C00124000801AE20440B92000002A07
:1036F000001C00125F040071E0060054E10C40B9A8
:103700000114012A211C0012E04441B802C1248B9B
:10371000C60400911F0400710020C41A6000002A32
:10372000001C0012413038390300831ADF1000F109
:1037300021FCFF5464420091E60313AA050080D2E5
:103740000A0080528805B0D2CC0040390B01058BAD
:1037500082304039A97C4093870040B90001098B31
:1037600042000C2A421C001262013839FF04007129
:10377000010200546B09783929010E91820840B981
:103780000C1180526B010C0A811040390909098B18
:10379000E720C51A6209022A4701072A421C0012C3
:1037A000EA1C00122100022A823440392211003919
:1037B000C20440B984400091C62000912110022A21
:1037C000211C001201083839C50100B5250080D23E
:1037D000DEFFFF17E11040B94220C41A05417839D5
:1037E0000114012A4200052A421C0012211C001269
:1037F00002413839C5FFFF1700001D32BBFFFF171C
:103800004A151E53400080524311032A631C0012C4
:10381000034538397BFDFF97F30B40F900008052D8
:10382000FD7BC2A8C0035FD620004079C0F0FF3402
:10383000F30B40F95FFDFF9720008052FD7BC2A88B
:10384000C0035FD65BFDFF97F30B40F9C0018052C8
:10385000F4FFFF170000000000000000000000005F
:103860001F08007140000054C0035FD600000090A4
:10387000014444F9200840F980FFFFB400000090A3
:10388000004844F967FFFF17C0BB011000000000AB
:1038900090E80110000000001F2003D51F2003D571
:0838A000C0031FD6C0035FD670
:1038A800010000000000000000000000000000000F
:1038B80000000000000000000000001000000000F0
:1038C800400400000000600000000010000000003C
:1038D80000000010000000000000200000000000B0
:1038E800410400000000000000002010000000005B
:1038F8000000001000000000000020000000000090
:103908004504000000000000000040100000000016
:1039180000004010000000000000C00F0000000080
:1039280040040000000060000000002000000000CB
:10393800000000200000000000002001000000003E
:1039480045060000000000000000202100000000E3
:1039580000002021000000000000E00E0000000030
:10396800400400000000600000000030000000007B
:1039780000000040000000000000000800000000F7
:1039880045040000000000000000003800000000AE
:1039980000000048000000000000000800000000CF
:1039A8004504000000000000000000400000000086
:1039B80000000040000000000000000800000000B7
:1039C8004104000000000000000000480000000062
:1039D800000000480000000000000008000000008F
:1039E800410400000000000000000050000000003A
:1039F8000000005000000000000000080000000067
:103A08004104000000000000000000580000000011
:103A1800000000580000000000000008000000003E
:103A280041040000000000000000006000000000E9
:103A38000000005000000000000000080000000026
:103A480045040000000000000000006800000000BD
:103A580000000058000000000000000800000000FE
:103A68004504000000000000000000700000000095
:103A780000000070000000000000000400000000CA
:103A88004104000000000000000000740000000075
:103A980000000074000000000000000400000000A6
:103AA8004104000000000000000000780000000051
:103AB8000000007800000000000000040000000082
:103AC80041040000000000000000007C000000002D
:103AD8000000007C0000000000000004000000005E
:103AE8004104000000000000000000800000000009
:103AF800000000800000000000000001000000003D
:103B08004D06000000006000000000810000000079
:103B1800000000810000000000000001000000001B
:103B28004D06000000006000000000820000000058
:103B380000000082000000000000000100000000FA
:103B48004004000000006000000000830000000046
:103B580000000083000000000000200000000000BA
:103B680049060000000060000000208300000000FB
:103B780000002083000000000000E00000000000BA
:103B88004004000000006000000000840000000005
:103B980000000070000000000000000400000000A9
:103BA800450400000000000000000088000000003C
:103BB8000000008800000000000000020000000073
:103BC8004D060000000060000000008A00000000B0
:103BD8000000008A00000000000000020000000051
:103BE80040040000000060000000008C000000009D
:103BF8000000008C00000000000000010000000030
:103C080049060000000060000000008D0000000070
:103C18000000008D0000000000000003000000000C
:103C28004004000000006000000000900000000058
:103C380000000090000000000000400000000000AC
:103C48004D040000000060000000409000000000EB
:103C580000004090000000000000C00100000000CB
:103C68004004000000006000000000920000000016
:103C780000000092000000000000000100000000A9
:103C88004D040000000060000000009300000000E8
:103C98000000009300000000000000010000000088
:103CA80040040000000060000000009400000000D4
:103CB8000000007400000000000000040000000084
:103CC800450400000000000000000098000000000B
:103CD8000000007800000000000000040000000060
:103CE80045040000000000000000009C00000000E7
:103CF8000000007C0000000000000004000000003C
:103D08004504000000000000000000A000000000C2
:103D1800000000A0000000000000001000000000EB
:103D28004504000000000000000000B00000000092
:103D3800000000B0000000000000001000000000BB
:103D48004504000000000000000000C00000000062
:103D5800000000C00000000000000040000000005B
:103D68004504000000000000000000000100000001
:103D78000000000001000000000000000100000039
:103D88004004000000006000000000000200000085
:103D98000000000002000000000000000200000017
:103DA80041040000000000000000000004000000C2
:103DB80000000000040000000000000002000000F5
:103DC80041040000000000000000000006000000A0
:103DD80000000000060000000000000002000000D3
:103DE8004104000000000000000000000000000086
:103DF80000000000000000000000000000000000BB
:103E08004004000000006000000000000000000006
:103E1800000000000000000000000000000000009A
:103E280040040000000060000000000000000000E6
:103E3800000000000000000000000000000000007A
:103E480040040000000060000000000000000000C6
:103E5800000000000000000000000000000000005A
:103E680040040000000060000000000000000000A6
:103E7800000000000000000000000000000000003A
:103E88004004000000006000000000000000000086
:103E9800000000000000000000000000000000001A
:103EA8004004000000006000010002000400080057
:103EB80003000000000000000F000F0001010300D4
:103EC80001000000000000000F000F0001010100C8
:103ED80003000000000000000F000F0001010300B4
:103EE80001000000000000000F000F0001010100A8
:103EF80001000000000000000F000F000101010098
:103F08000F000000000000000F000F0001010F006B
:103F180001000000000000000F000F000101010077
:103F280003000000000000000F000F000101030063
:103F380003000000000000000F000F000101030053
:020000041001E9
:10000000FD7BBBA90100009000000090FD03009162
:10001000219440F9F35301A900C440FDE0E30091AD
:10002000F55B02A916000090FF3B00B91500009097
:10003000E02300FDE12700F962CBFF97010000906B
:1000400000000090E4E74039219840F9E3EB4039A3
:10005000E2EF4039009C40F98A0A009400000090C9
:1000600000A040F9E30A0094010000900000009015
:1000700021A440F914A840F9E00314AA3906009419
:10008000E0030035E00314AAE2F30091E1030191DB
:10009000A4060094F303002A00020035E03F40B9B3
:1000A0001F1402712001005401000090C0B240F9F9
:1000B00021BC40F9730A0094A0B640F92100805297
:1000C000700A0094000020D40000009000C040F9A5
:1000D000C80A00940000001401000090C0B240F96A
:1000E00021B840F9670A0094A0B640F9E103132A49
:1000F000640A0094000020D4E9FFFF17010000907B
:10010000F303002AC0B240F921AC40F95D0A009423
:10011000A0B640F9E103132A5A0A0094000020D443
:10012000D9FFFF171F2003D540A8011000000000D1
:10013000A8B3011000000000B0B3011000000000DF
:10014000A8B5011000000000F0BA01100000000086
:10015000A8E801100000000040B7011000000000F6
:1001600058B701100000000070B701100000000037
:1001700090B7011000000000B0B7011000000000AF
:10018000F8B70110000000000900000000000000A6
:10019000FD7BBCA90000009001000090FD030091D0
:1001A000F35301A9132841F9F55B02A9600240B994
:1001B000F71B00F90003003400000090372C41F9D0
:1001C000163441F900000090003841F9150840F953
:1001D000140440A9A20240F9E00314AA40003FD64B
:1001E000A30640F9F303002AE10240B9E00314AA90
:1001F00002008052C142218B60003FD6F55B42A9CC
:10020000E003132AF35341A9F71B40F9FD7BC4A86F
:10021000C0035FD60000009003000090372C41F926
:10022000028080D2003041F901008052763441F9D9
:10023000FF0200B91F0000B9E00316AAD10B009419
:1002400020008052600200B9DFFFFF171F2003D596
:100250004CE701100000000044E70110000000001E
:1002600040E701100000000040E301100000000022
:1002700010BB0110000000000000000000000000A2
:10028000FD7BBEA902000090FD030091F35301A97C
:10029000F40300AAF303012A40A441F9000040B985
:1002A000C0040034F3040034020000900100009008
:1002B000000000902700805248A841F9E30314AAE7
:1002C00022AC41F98542338B06B041F9E700144B6B
:1002D000010140B91F2003D5400040B91F00016B48
:1002E000C0FFFF54C4486138210400113F00107161
:1002F00064000039E000030B21309F1A6304009171
:100300009F280071A00000549F340071E000005449
:100310007F0005EB21FEFF54010100B9F35341A911
:10032000FD7BC2A8C0035FD6C44861389F28007116
:1003300000FFFF54F9FFFF1796FFFF97DAFFFF1743
:1003400000008052F6FFFF174CE70110000000008C
:1003500040E701100000000044E701100000000029
:1003600040E3011000000000000000000000000059
:10037000FD7BBEA902000090FD030091F35301A98B
:10038000F30300AAF403012A40F041F9000040B948
:10039000200200340000009003000090E10313AA43
:1003A000E203142A00F841F973F441F9030840F913
:1003B000000040F97F0200B9630840F960003FD6B1
:1003C000610240B9E1FFFF34F35341A9FD7BC2A8AC
:1003D000C0035FD66FFFFF97EFFFFF171F2003D506
:1003E0004CE701100000000048E701100000000089
:1003F00010BB011000000000000000000000000021
:10040000FD7BBEA901000090FD030091F30B00F9F4
:10041000F30300AA204C42F9000040B9A0030034C5
:10042000330300B4600640B9A00008360100009014
:1004300022008052215042F9220000B940021036B9
:100440000000009001000090640A40B9005442F995
:10045000225842F9030040B9010040B9444823380A
:100460003FFC0F7188000054010040B921040011C5
:10047000010000B9010040B93FFC0F714900005470
:100480001F0000B9F30B40F9FD7BC2A8C0035FD683
:1004900040FFFF97E3FFFF174CE70110000000004B
:1004A00048E701100000000044E7011000000000D0
:1004B00040E3011000000000000000000000000008
:1004C000FD7BBCA903000090FD03009163C042F9CD
:1004D000F35301A9F403002AF30302AA600040F9D0
:1004E000600000B4022440F9020300B49F4E007182
:1004F0006803005400000090947E7C93F51300F98B
:1005000000C442F91500148B006874B81F04003150
:1005100040020054E00301AAE103132A59FFFF97A8
:100520001F04003160020054A10E40B96002004B6C
:100530002100000BA10E00B9F51340F9F35341A9B6
:10054000FD7BC4A8C0035FD6E11F00F90109009438
:10055000E11F40F9E6FFFF17F51340F9610A009427
:1005600021018052010000B900008012F4FFFF1742
:10057000F51340F900008012F1FFFF171F2003D58B
:1005800098B001100000000050E7011000000000CA
:10059000FD7BBDA903000090FD030091632C43F98E
:1005A000F35301A9137C4093F40301AA600040F9BE
:1005B000F51300F9F503022A600000B4012440F9A4
:1005C000A10300B47F4E0071C803005400000090E6
:1005D000617E7C93003043F90200018B016861B8B1
:1005E0003F040031E0020054BF0A0071A80100542A
:1005F000BF060071000100541310138BE00314AA0E
:10060000740E00B9F35341A9F51340F9FD7BC3A85B
:10061000C0035FD6410C80B9940201ABE5FEFF54E4
:10062000300A0094C1028052010000B9000080929B
:10063000F5FFFF17C70800947F4E007189FCFF5437
:10064000280A009421018052010000B90000809224
:10065000EDFFFF171F2003D598B001100000000028
:1006600050E7011000000000000000000000000042
:10067000FD7BBCA903000090FD03009163AC43F92E
:10068000F35301A9F303002AF40302AA600040F91E
:10069000600000B4022440F9420300B47F4E0071B0
:1006A000A804005400000090737E7C93F51300F9B9
:1006B00000B043F91500138B006873B81F040031B4
:1006C00080030054E00301AAE103142A29FFFF97E5
:1006D000E103002AA003F837A20E40B98002004BC4
:1006E0004200000BA20E00B99F02016B20010054D2
:1006F000F51340F9F35341A9FD7BC4A8C0035FD6AD
:10070000E11F00F993080094E11F40F9E4FFFF178F
:10071000F4090094E10300AAF51340F900008052A7
:100720003F0000B9F35341A9FD7BC4A8C0035FD6C5
:10073000F51340F9EB09009421018052010000B942
:1007400000008012ECFFFF17F51340F90000801243
:10075000E9FFFF171F2003D598B00110000000002B
:1007600050E7011000000000000000000000000041
:10077000FD7BBEA901000090FD030091F30B00F981
:10078000F303002A20FC43F9000040F9600000B4A4
:10079000012440F9E10100B47F4E007128020054A9
:1007A00000000090737E7C93010044F9206873B8C8
:1007B0001F040031600100540200801200008052CA
:1007C000226833B8F30B40F9FD7BC2A8C0035FD6A3
:1007D000600800947F4E007149FEFF541F2003D52E
:1007E000C0090094E10300AA220180520000801297
:1007F000220000B9F4FFFF1798B0011000000000BC
:1008000050E70110000000000000000000000000A0
:100810000004004F03008452028080D20000805206
:100820003F3000F9200000AD200002AD230400B9E4
:10083000200001AD222400F9C0035FD600000000B3
:10084000FD7BBEA901000090FD030091F30B00F9B0
:10085000F303002A206044F9000040F9600000B46E
:10086000012440F9C10100B47F4E0071E801005439
:1008700001000090607E7C93216444F9206860B898
:100880001F040031200100547F060071E0879F1A89
:10089000F30B40F9FD7BC2A8C0035FD62D0800947E
:1008A0007F4E007169FEFF548E090094E10300AA97
:1008B0002201805200008052220000B9F5FFFF178C
:1008C00098B001100000000050E701100000000087
:1008D000FD7BBFA9FD030091CAFDFF970000805278
:1008E000FD7BC1A8C0035FD600000000000000002F
:1008F000C0008052C0035FD600000000000000006E
:10090000FD7BBCA9FD030091F35301A9F30300AAE9
:10091000002440F9E00200B4041440A9F4A30091BB
:10092000E49702A9030840F9830A00F9651A40F91F
:10093000632240F9642A40F9A500403905080029DE
:10094000010800B9040800F960003FD6602640F9AC
:10095000A00000B4E28F42A9020C00A9810A40F96C
:10096000010800F9F35341A9FD7BC4A8C0035FD679
:10097000F4A30091E00314AAEDFFFF1700000000AC
:10098000021840F9011840B9421C40F9C20100B4F4
:1009900041000034C0035FD6021C40F9410840B951
:1009A000032040F921780B1221000B32410800B9D5
:1009B0001F0800F903FFFFB40210805201008052AB
:1009C000D0FFFF17021C40F9A1FEFF340408403994
:1009D000030840F9840400129F080071C00100540C
:1009E00065004039440440B9A4200033440400B9F0
:1009F000020040F942441053E403022A2100024B52
:100A00006300048B030800F9011800B941FCFF35AD
:100A1000E2FFFF1765004079440440B9A420003389
:100A2000440400B9F3FFFF170000000000000000BD
:100A3000FD7BBFA9FD030091A00100B4810100B4BA
:100A4000E40300AAA02A89526068AA72850440B90A
:100A5000BF00006B41010054810C04A900008052CA
:100A6000822800F9FD7BC1A8C0035FD6D1C8FF97DB
:100A700020008052FD7BC1A8C0035FD6CDC8FF9780
:100A8000E0008052FD7BC1A8C0035FD600000000DB
:100A9000FD7BBFA9FD030091000800B4030440B929
:100AA000A22A89526268AA727F00026BE107005491
:100AB000021C40F9431440B9636458D37F040071A9
:100AC000C8060054430840B9C4FD9F52C4F9BF7220
:100AD0006400040A440800B963740A12440840B967
:100AE000A40100361F2003D51F2003D5021C40F9A6
:100AF000440840B9040100361F2003D5021C40F908
:100B0000440840B924FF0737030000141F2003D511
:100B1000021C40F9440840B9A4FF2737441040B9EB
:100B200006EE9F52210040B9E511805226E6BF72C1
:100B3000C519A0722100060A8400050A1F0800F9E1
:100B40002100042A411000B9430800B9410840B906
:100B50006100014AC10000361F2003D5021C40F984
:100B6000410840B92100034A81FF0737410840B9D5
:100B70006100014AC10020361F2003D5011C40F945
:100B8000210840B92100034A81FF27370000805225
:100B9000FD7BC1A8C0035FD686C8FF9720008052A6
:100BA000FD7BC1A8C0035FD682C8FF97E0008052DA
:100BB000FD7BC1A8C0035FD600000000000000005C
:100BC000FD7BBFA9FD030091800100B4610100B469
:100BD000020440B9A02A89526068AA725F00006BC3
:100BE000410100540004002F00008052FD7BC1A889
:100BF000200000FDC0035FD66EC8FF972000805222
:100C0000FD7BC1A8C0035FD66AC8FF97E000805291
:100C1000FD7BC1A8C0035FD60000000000000000FB
:100C2000FD7BBFA9FD030091E00300B4E20300AA2D
:100C3000A02A89526068AA72430440B97F00006B01
:100C4000A1020054C0008052C1010836401C40F986
:100C5000030840B963740A12030800B9004840B998
:100C6000C000F0371F2003D51F2003D5401C40F9DA
:100C7000004840B9A0FFF736000080525F1800B965
:100C800061000036000080525F2800B9FD7BC1A8DA
:100C9000C0035FD647C8FF97E0008052FD7BC1A824
:100CA000C0035FD643C8FF9720008052F8FFFF17AC
:100CB000FD7BBFA9FD030091C00100B4A10100B4F8
:100CC000E20300AAA02A89526068AA72430440B9CC
:100CD0007F00006B61010054432840B9000080523E
:100CE000230000B95F2800B9FD7BC1A8C0035FD60F
:100CF00030C8FF9720008052FD7BC1A8C0035FD69B
:100D00002CC8FF97E0008052FD7BC1A8C0035FD6CE
:100D1000FD7BBEA9FD030091600500B4410500B450
:100D200022050034E30300AAA02A89526068AA724F
:100D3000640440B99F00006BE10500546808403925
:100D4000080500121F090071C0040054601840B962
:100D500080050035641C40F9650040F9860840B9FB
:100D6000C6740A12860800B9A5441053860840B913
:100D7000E703052A4200054B2500078B650800F9AB
:100D8000C5000C32621800B9850800B91F0900714E
:100D9000E000005421004039820440B92220003391
:100DA000820400B9FD7BC2A8C0035FD6220040794F
:100DB000810440B941200033810400B9FD7BC2A801
:100DC000C0035FD6FBC7FF9720008052E01F00B929
:100DD000F8C7FF97E01F40B9FD7BC2A8C0035FD6EC
:100DE0004100003742FB0736F2C7FF976000805290
:100DF000F7FFFF17EFC7FF97E0008052F4FFFF17E0
:100E0000ECC7FF9700018052E7FFFF1700000000CA
:100E1000FD7BBFA90300009002000090000000903D
:100E2000FD030091631C47F981408052422047F93D
:100E3000002447F9DBC7FF9740B80110000000000D
:100E400070D601100000000048B80110000000003A
:100E5000C0008052C0035FD6000000000000000008
:100E6000FD7BBDA9FD030091F35301A9F40300AA82
:100E7000F303022AF51300F9E003022A35101D538B
:100E80008203F837F3C3FF97A6C4FF97E303002A52
:100E9000615C409202008052637C78D3E003132AA5
:100EA000631C6092210003AA02C4FF97E103152A84
:100EB000E003132AEFC3FF97E003132A4100805297
:100EC0000CC4FF97E003132A2100805231C4FF971E
:100ED0007382001100000090F51340F900A847F953
:100EE00014D833F8F35341A9FD7BC3A8C0035FD6E0
:100EF00054C4FF978BC4FF97E303002A615C4092C0
:100F000002008052637C78D3E003132A631C609252
:100F1000210003AAE7C3FF97E103152AE003132A80
:100F200050C4FF97E003132A4100805261C4FF9729
:100F30007382001100000090F51340F900A847F9F2
:100F400014D833F8F35341A9FD7BC3A8C0035FD67F
:100F500090410010000000000000000000000000B0
:100F6000FD7BBEA9FD030091C00B00B4F30B00F99B
:100F7000F30300AAA02A89526068AA72610640B9E8
:100F80003F00006B410A0054611E40F97F0600B922
:100F90003F0800B9200840B9400100361F2003D5A2
:100FA0001F2003D5611E40F9200840B9A0FF073774
:100FB000200840B9A00020361F2003D5611E40F94B
:100FC000200840B9A0FF2737601A40F9221440B921
:100FD000001440B942740612221400B90005F83713
:100FE0009CC3FF97601A40F9002C40B90005F83700
:100FF00098C3FF97601A40F9001C40B90005F83704
:1010000094C3FF97601A40F9002440B90005F837EF
:1010100090C3FF9720008052CAC7FF97034638D578
:10102000000080D2004618D5601A40F9000040390F
:101030001F10007108040054046080D201200011C8
:101040000405B0F2E20304AA20008052840040B9F3
:101050000020C11A0000042A400000B9400040B935
:10106000034618D52000805266C7FF97F30B40F95E
:1010700000008052FD7BC2A8C0035FD6F1C3FF977A
:10108000601A40F9002C40B940FBFF36EDC3FF97D2
:10109000601A40F9001C40B940FBFF36E9C3FF97D6
:1010A000601A40F9002440B940FBFF36E5C3FF97C2
:1010B000D9FFFF17016380D2200080520125B0F2D2
:1010C000E20301AA240040B9E3FFFF1739C7FF97E5
:1010D000F30B40F9E0008052FD7BC2A8C0035FD64D
:1010E00034C7FF9720008052E3FFFF170000000085
:1010F000FD7BBEA9FD030091600200B4410200B473
:1011000022020034E30300AAA02A89526068AA726E
:10111000640440B99F00006BE1020054600840394C
:10112000000400121F080071C0010054602840B97B
:1011300080020035611000F9622800B9FD7BC2A869
:10114000C0035FD61BC7FF9720008052E01F00B985
:1011500018C7FF97E01F40B9FD7BC2A8C0035FD648
:101160004100003742FE073612C7FF9760008052E9
:10117000F7FFFF170FC7FF97E0008052F4FFFF173C
:101180000CC7FF9700018052EDFFFF170000000021
:10119000FD7BBDA9FD030091A01F00B4F35301A97D
:1011A000F40301AA612600B4F51300F9352840F9CB
:1011B000B51E00B4F30300AAA01A40F9401E00B403
:1011C000A00A40F9001E00B4610640B9A02A895265
:1011D0006068AA723F00006BE0250054810240392C
:1011E000E00780520024C11A001F0036A02240B937
:1011F0001F140071401F0054800A40B91F04007181
:10120000201C0054801640B9E01BF837801E40B9FE
:10121000A01BF837802640B9601BF837822E40B9F2
:10122000221BF8377F020039E00313AA630A403912
:10123000810640B9842240F93F000071E1179F1AEE
:10124000642200F921040011741A00F9842640F97F
:1012500023040033630A00397F9204A981A2403934
:1012600000FFFF9781424039E00313AA821640B97C
:10127000FCFEFF9781624039E00313AA821E40B949
:10128000F8FEFF9781824039E00313AA822640B915
:10129000F4FEFF97200080522AC7FF97034638D5F7
:1012A000000080D2004618D5800240391F1000711E
:1012B00068170054026080D2052000110205B0F2C8
:1012C000210080522120C51A440040B98100210A22
:1012D000410000B9410040B9401900341F040071B9
:1012E000C11C005400808AD20000B0F21F2003D538
:1012F000010040B9010040B9010040B9010040B906
:10130000010040B9010040B9000040B9034618D5BA
:1013100020008052BBC6FF97A31A40F9631E00F954
:101320007F0800B9600840B9400100361F2003D58E
:101330001F2003D5631E40F9600840B9A0FF07379E
:10134000600840B9A00020361F2003D5631E40F975
:10135000600840B9A0FF273700028052600C00B936
:1013600080E09F5200E0BF72601000B9604082527E
:10137000601400B97F1800B9E07F805281024039C3
:101380000024C11A60000036E0E3A352602400B9D3
:10139000800640B9666082521F0C0071A0000054A4
:1013A0001F0000716600825260408252C600801A9F
:1013B000822A40F9881241294700402941144429D2
:1013C000EA0408530000115300000A2A493840B9C2
:1013D000A5000B5321040012A438042A3F19007100
:1013E0000000042A21041C320000062A04001932DD
:1013F0008000801A601400B9C80000341F09007111
:1014000000608052042080520010841A2100002ABB
:10141000450840B9E4080051A0080012BF0000715F
:1014200000040051000808530000012A00000432A3
:101430000110811A610C00B99F04007189100054D9
:10144000400840F904EE9F52611040B9E511805206
:1014500024E6BF72C519A072000040B92100050A38
:101460000000040A0000012A601000B9401440F98D
:1014700005028052661A40F9E5A0B77204B068D33D
:10148000422840B9019060D3803C105342000012C2
:101490000120012AD41440B92100022A613000B988
:1014A000656800B9E003142A7F0A00F97F1A00B9C1
:1014B0007F1200F97F2A00B9340CF83785C2FF97F4
:1014C000E003142A5BC2FF97601A40F9142C40B95C
:1014D000E003142AD40AF8377EC2FF97E003142AE7
:1014E00054C2FF97601A40F9141C40B9E003142A53
:1014F0007409F83777C2FF97E003142A4DC2FF97AB
:10150000601A40F9142440B9E003142A1408F8378B
:1015100070C2FF97E003142A46C2FF97601E40F98D
:10152000218280522100A072010800B9010840B94F
:10153000410100371F2003D51F2003D5601E40F94D
:10154000010840B9A1FF0736000840B9A0002037C4
:101550001F2003D5601E40F9000840B9A0FF2736C0
:10156000A11E40B9A22A8952F51340F96268AA72F5
:101570006286002900008052F35341A9FD7BC3A875
:10158000C0035FD6F35341A9F51340F909C6FF978D
:1015900020008052FD7BC3A8C0035FD6016380D2C8
:1015A0000125B0F2220040B942781F12220000B992
:1015B000210040B91F1400714108005400008AD274
:1015C0000020B0F24BFFFF17FAC5FF97F35341A974
:1015D00040AF8052F51340F9EFFFFF17A11E40B94D
:1015E000E0FF9F523F00006B81E0FF54F1C5FF9781
:1015F000F35341A960008052F51340F9E6FFFF174D
:1016000000008AD20000B0F23AFFFF17A1C2FF9794
:10161000E003142A83C2FF97C1FFFF179DC2FF9703
:10162000E003142A7FC2FF97B6FFFF1799C2FF9706
:10163000E003142A7BC2FF97ABFFFF1795C2FF9709
:10164000E003142A77C2FF97A0FFFF17601040B98C
:10165000001C1832601000B9FF08007181F0FF54BF
:10166000601040B900001B32601000B980FFFF1706
:10167000F35341A9C6FFFF171F0800716001005412
:101680001F0C00718101005400808BD20000B0F269
:1016900018FFFF17C7C5FF97F35341A9C001805238
:1016A000F51340F9BCFFFF1700008BD20000B0F229
:1016B00010FFFF1700008CD20000B0F20DFFFF17E3
:1016C000D4FDFF97000000000000000000000000B3
:1016D000000000900200009001000090008843F993
:1016E000428443F900004039218043F9000400514D
:1016F000407860B80080001120D860F8A1FCFF1786
:101700009041001000000000104100100000000097
:101710000841001000000000000000000000000070
:10172000FD7BBDA90000009002000090FD03009128
:10173000000444F9F30B00F9420044F90100009061
:101740000000403921FC43F900040051407860B8A2
:101750000080001133D860F8611E40F9602A40B95A
:10176000210040B921200012E12F00B9000100350D
:10177000602240F9A00200B4E00313AA8200805264
:10178000F30B40F9FD7BC3A85EFCFF17620240F932
:10179000E1B30091601240F9424450D3E90500944E
:1017A000610240F9621240F9602A40B9234450D3E3
:1017B000214410534200038B0000014B621200F9D8
:1017C000602A00B980000034F30B40F9FD7BC3A808
:1017D000C0035FD6602240F980FFFFB4E00313AA84
:1017E00022008052F30B40F901008052FD7BC3A818
:1017F00044FCFF171F2003D590410010000000009B
:10180000104100100000000008410010000000001E
:10181000000000900200009001000090FF4300D102
:10182000004444F9424044F900004039213C44F965
:1018300000040051407860B80080001120D860F8A2
:10184000018C43A9220840B942740A12220800B947
:10185000210840B9E10F00B9E10F40B9A30000B47D
:1018600042008052FF4300910100805225FCFF1787
:10187000FF430091C0035FD69041001000000000BC
:10188000104100100000000008410010000000009E
:10189000000000900200009001000090FF4300D182
:1018A00000A844F942A444F90000403921A044F9B9
:1018B00000040051407860B80080001120D860F822
:1018C000031C40F9610040B9644840B9212000126E
:1018D000826058D342681B53C401E037840005126C
:1018E0004260442A646840B90620A352052040F9AA
:1018F0008400062A646800B9634840B9E30F00B960
:10190000E30F40B9850100B4FF430091FDFBFF17D1
:10191000654840B99F0065F244001C3242041D3204
:101920004210841A44001A32BF0071F28200821AF7
:10193000EDFFFF17FF430091C0035FD61F2003D5C3
:101940009041001000000000104100100000000055
:10195000084100100000000000000000000000002E
:10196000FD7BBDA9FD030091E00700B4F35301A97D
:10197000F40301AA210A00B4210440B9F30300AA28
:10198000200080520120C11A3F101F7260080054CD
:10199000610240B962488A526208A0723F00026B3D
:1019A000A009005483024039610080522124C31AE7
:1019B000A1080036810A40F9410500B4210040F930
:1019C000010500B4620200B9748600A95DC5FF97E5
:1019D000014638D5000080D2004618D58002403933
:1019E000A0040034026380D20225B0F2430040B963
:1019F00063781B12430000B9420040B91F04007114
:101A000021070054000088D20020B0F2020440B93F
:101A1000020440B9020440B9020440B9020440B9CA
:101A2000020440B9000440B9014618D52000805294
:101A3000F4C4FF97618E40A900008052F35341A97E
:101A4000220840B92110403942041A532100022AC9
:101A50002100193261000039FD7BC3A8C0035FD6A5
:101A6000F35341A9D3C4FF9720008052FD7BC3A844
:101A7000C0035FD6826180D2000088D20205B0F236
:101A80000000B0F2430040B963781612430000B979
:101A9000420040B9DEFFFF17C6C4FF97C000805266
:101AA000E02F00B9C3C4FF97F35341A9E02F40B919
:101AB000FD7BC3A8C0035FD6BEC4FF972000805241
:101AC000F8FFFF17BBC4FF97F35341A940AF805203
:101AD000E7FFFF17B7C4FF97F35341A9C001805236
:101AE000E3FFFF1703000090020000900000009049
:101AF00081408052638445F9428845F9008C45F95C
:101B0000A8C4FF971F2003D540B8011000000000B3
:101B1000E0D601100000000048B8011000000000ED
:101B2000FD7BBFA9FD030091600400B4410400B433
:101B3000230440F9030400B4E20300B4240040B9D4
:101B400084070034060040B965488A526508A072CF
:101B5000DF00056B81030054050440F9A60440B979
:101B6000C5100051BF040071680300549F0440F287
:101B700001060054050840F9847C0253200440B952
:101B8000A00800B9E400003484741E536000048B84
:101B9000614440B8A10400B97F0000EBA1FFFF54ED
:101BA000A10840B900008052410000B9FD7BC1A8E6
:101BB000C0035FD67FC4FF9720008052FD7BC1A881
:101BC000C0035FD67BC4FF97E0008052FD7BC1A8B5
:101BD000C0035FD6050840F9210440B9DF04007155
:101BE00000030054C00800511F0400710803005492
:101BF000213C0012A11000796440248B1F2003D5E2
:101C000060144038A01000397F0004EBA1FFFF549E
:101C1000DF04007181000054A1204039211C001212
:101C2000E1FFFF17A1104079213C0012DEFFFF17F2
:101C300060C4FF9760008052FD7BC1A8C0035FD6DF
:101C4000211C0012A1200039ECFFFF17A10800B9E8
:101C5000847C0253A4F9FF35D2FFFF170000000077
:101C6000C0035FD60000000000000000000000007C
:101C7000FD7BBAA9FD030091F35301A9345C0091E7
:101C8000F55B02A9F50300AA9FBA00F1A80C005465
:101C90003F8000F188190054F6010094140480D2AA
:101CA000010A80D280008052560000B0D6C2219135
:101CB000C102018B00080011214000D1330C40F912
:101CC0007F0201EBC11D0054D31240F9460000B061
:101CD000C60022917F0206EB600F0054610640F9B6
:101CE00021F47E92220014CB5F7C00F1AC270054DB
:101CF000C61A02A98217F8B6C50640F93FFC07F1DB
:101D0000C81E005422FC43D3230080D2410400119A
:101D1000427C021321781F536220C29AA50002AAB6
:101D2000C1CE218B22045FF8C50600F9620601A925
:101D3000330800F9530C00F9017C0213240080D20F
:101D40008420C19A9F0005EBA80C00549F0005EA6F
:101D5000C100005400741E1284F87FD300100011DB
:101D60009F0005EAA0FFFF54E901809207040011DB
:101D7000E803002AE7781F5327CD278BC702078B7C
:101D8000E50307AAA10C40F909000014220440F958
:101D9000F30301AA210C40F942F47E92430014CBD4
:101DA0007F7C00F12C1E0054E31FF8B6BF0001EB4E
:101DB000E1FEFF541FF900712D240054A54000914D
:101DC000080500111F0540F2E1FDFF540500001455
:101DD000E1045FF8000400513F0007EB01340054B8
:101DE0001F0440F261FFFF54C00640F90000248A3E
:101DF000C00600F984F87FD3810400D13F0000EBD6
:101E0000830000543600001484F87FD308110011B9
:101E10009F0000EAA0FFFF54E003082AD4FFFF1749
:101E200094EE7C92E27B40B29F0202EB229054FA45
:101E3000A80C00548F0100949FDE07F1891C005408
:101E400081FE49D3810C00B43F1000F1A817005463
:101E500081FE46D320E4001125E0001104781F53D1
:101E6000847C7D93560000B0D6C22191C402048BBD
:101E7000844000D1930C40F99F0013EBE100005423
:101E800092FFFF17630E40F9C211F8B6F30303AADD
:101E90009F0003EBA0F1FF54610640F921F47E920C
:101EA000220014CB5F7C00F1EDFEFF54D31240F909
:101EB000460000B0C6002291E003052A7F0206EB2F
:101EC000E1F0FF54C50640F9017C0213240080D2E2
:101ED0008420C19A9F0005EBA9F3FF54D30A40F96F
:101EE000F76303A9770640F9F7F67E92E00214CB78
:101EF0001F7C00F1E0C254FA420A0054610000B0B5
:101F0000FB7305A95C0000B021A844F9E30382D269
:101F1000822F44F98102018B3800038B21800091CC
:101F20005F0400B118CF74921813819AE00315AAC8
:101F3000E10318AA7B02178BF96B04A9BD03009477
:101F4000F90300AA1F0400B1A00600547F0300EBB0
:101F5000280600547A0000B0411B49B92100180B33
:101F6000411B09B9E003012A811700547F2F40F279
:101F700041170054C20A40F9E002188B000040B239
:101F8000400400F91F2003D5600000B0217C40937D
:101F900002A444F93F0002EB4900005401A404F9F3
:101FA000600000B0D30A40F902A044F93F0002EB00
:101FB0004900005401A004F9600640F900F47E9243
:101FC0001A00001480018052130080D2A00200B9D0
:101FD0000C000014048080D200088052E507805273
:101FE000A1FFFF176102018BE00315AA7342009164
:101FF000220440F9420040B2220400F92101009479
:10200000F55B42A9E00313AAF35341A9FD7BC6A8DF
:10201000C0035FD67F0216EB80110054D30A40F94B
:10202000600640F900F47E929F0200EB000014CBA2
:1020300004985FFAAD190054F96B44A9FB7345A9E4
:102040006202148B940240B2740600F9010040B29F
:10205000C20A00F9410400F9E00315AA7342009195
:1020600008010094F55B42A9E00313AAF35341A9C8
:10207000F76343A9FD7BC6A8C0035FD6619240A960
:10208000E00315AA630E40F921F47E926102018BF0
:10209000220440F9830C00F9420040B2640800F9C0
:1020A000220400F973420091F6000094F55B42A906
:1020B000E00313AAF35341A9FD7BC6A8C0035FD672
:1020C000640A40F96102018BE00315AA220440F979
:1020D000830C00F9F1FFFF1722FC49D33FFC27F1E5
:1020E000890900545F5000F1E81400544470011154
:1020F000436C011184781F53847C7D93C402048B4C
:1021000082045FF89F0002EBA100005485000014D8
:10211000420840F99F0002EBA0000054430440F93C
:1021200063F47E927F0001EB48FFFF54440C40F9BA
:10213000621201A9930800F9530C00F9FFFEFF1782
:102140003F5000F1290700543F5001F1C8120054DC
:1021500081FE4CD320BC011125B8011104781F5316
:10216000847C7D9340FFFF17640A40F9800240B2EF
:10217000600600F97402148B650040B2E00315AAF2
:10218000810C00F9240800F9D45202A9859A00A90B
:10219000860E00F9636A22F873420091B900009438
:1021A00098FFFF176202028BE00315AA640E41F844
:1021B000430440F9630040B2430400F9810C00F984
:1021C000240800F9AF0000948EFFFF1780FE43D370
:1021D0000104001121781F53217C7D93B3FEFF176A
:1021E0006302148B940240B2740600F9440040B2BA
:1021F000C30E02A9E00315AA649800A9660C00F9B1
:10220000626A21F8734200919E0000947DFFFF17DF
:1022100022FC46D344E4001143E0001184781F53AC
:10222000847C7D93B6FFFF1720700111256C01118E
:1022300004781F53847C7D930BFFFF170805001162
:10224000A5800091DFFEFF177A000090401B49B97E
:102250000000180B401B09B9812F44F93F0400B15D
:10226000200B00543B031BCB00001B0B401B09B988
:102270003C0F40F22006005439031CCB1B0282D2D3
:10228000394300917B031CCB3803188BE00315AA5C
:102290007B0318CB7B2F4092E1031BAAE50200943D
:1022A0001F0400B1400B0054000019CBE2031B2AAD
:1022B00018001B8B401B49B9180340B2D90A00F91A
:1022C0004100000B411B09B9380700F97F0216EBEA
:1022D000C0E5FF54FF7E00F149040054620640F956
:1022E00063000090E06200D16000C03D00EC7C9291
:1022F0006302008B42004092420000AA620600F98D
:102300006080803C1F7C00F109E4FF546142009131
:10231000E00315AA7F040094411B49B91BFFFF1776
:10232000637C0213210080D22120C39AA50001AA58
:10233000C50600F97FFFFF173B03188BE00315AAC2
:10234000FB031BCB7B2F4092E1031BAAB902009435
:10235000020080521F0400B181FAFF54D6FFFF171C
:10236000200080D2200700F9E00315AA130080D2D4
:1023700044000094F76343A9F96B44A9FB7345A992
:1023800020FFFF175F5001F12802005422FC4CD3BC
:1023900044BC011143B8011184781F53847C7D93A0
:1023A00057FFFF173F5005F12802005481FE4FD31D
:1023B00020E0011125DC011104781F53847C7D93FA
:1023C000A9FEFF17992F04F9AAFFFF175F5005F127
:1023D0008802005422FC4FD344E0011143DC011178
:1023E00084781F53847C7D9345FFFF173F5015F180
:1023F0008802005481FE52D320F4011125F001110E
:1024000004781F53847C7D9397FEFF179C4300D173
:102410000200805218031C8B180319CBA6FFFF176C
:102420005F5015F16801005422FC52D344F40111AD
:1024300043F0011184781F53847C7D9330FFFF1794
:1024400004FE80D2E00F8052C50F805286FEFF1737
:1024500004FE80D2C30F805229FFFF17C00640F947
:1024600065FEFF17000000000000000000000000F3
:102470006000009000402E91A602001400000000B1
:102480006000009000402E91A602001400000000A1
:10249000FD7BBDA9FD0300912220C079F35301A962
:1024A000F30301AAF55B02A9F60300AAE2071837B5
:1024B0004000153220200079210840B93F0000710A
:1024C0008D0B0054642640F9640600B4611A40F98B
:1024D000D40240B9DF0200B9620B6037020080D23B
:1024E000E00316AA2300805280003FD6E20300AA30
:1024F0001F0400B1E00B0054611A40F9642640F952
:102500006022C079E0001036602E40F9630A80B97D
:10251000420003CB600000B4607280B9420000CB7F
:10252000E00316AA0300805280003FD61F0400B1CA
:10253000E1080054C30240B96122C0797F74007180
:10254000A8060054220080D20208A4F24224C39AB2
:1025500022060036640E40F922781412640200F953
:102560007F0A00B96222007941006036E307003437
:10257000612E40F9D40200B9E10000B460D20191AB
:102580003F0000EB60000054E00316AAE103009452
:102590007F2E00F900008052F35341A9F55B42A958
:1025A000FD7BC3A8C0035FD6350C40F955FFFFB4CF
:1025B000210040F9750200F900008052210015CB7E
:1025C000F403012A5F0440F241000054602240B944
:1025D000600E00B93F000071AC000054EEFFFF1721
:1025E000B5C2208B9F0200716DFDFF54611A40F946
:1025F000E303142A642240F9E20315AAE00316AAB1
:1026000080003FD69402004B1F000071ACFEFF54C7
:102610006122C07921001A3261220079F35341A965
:1026200000008012F55B42A9FD7BC3A8C0035FD602
:10263000617240B93F0000716CF4FF540000805299
:10264000D6FFFF17624A40F9AFFFFF176122C0793A
:10265000630E40F922781412630200F97F0A00B970
:102660006222007961F86736604A00F9C1FFFF17FE
:10267000C00240B920F4FF341F7400710418567A68
:1026800081FCFF5400008052D40200B9C3FFFF1741
:10269000FD7BBDA9FD030091F35301A9F30301AA3A
:1026A000F40300AAF51300F9600000B4012440F916
:1026B000810400B46022C07915008052800100348A
:1026C00061B240B941000037C0014836E10313AAA6
:1026D000E00314AA6FFFFF97F503002A61B240B927
:1026E0006100003760224079E0014836F35341A988
:1026F000E003152AF51340F9FD7BC3A8C0035FD69C
:10270000605240F903020094E10313AAE00314AA03
:1027100060FFFF97F503002A61B240B981FE0737D9
:10272000F1FFFF17605240F9FE010094F35341A9F5
:10273000E003152AF51340F9FD7BC3A8C0035FD65B
:1027400084000094DCFFFF17000000000000000080
:10275000420000B02100009042000291210033911C
:10276000400000B0008002919E00001400000000B4
:10277000FD7BBEA96200009042602591FD0300919F
:10278000010440F9F30B00F9F30300AA3F0002EB48
:10279000400000544B110094610A40F96000009021
:1027A000004028913F0000EB60000054E00313AAB2
:1027B00044110094610E40F96000009000202B91BC
:1027C0003F0000EBA0000054E00313AAF30B40F914
:1027D000FD7BC2A83B110014F30B40F9FD7BC2A89E
:1027E000C0035FD6000000000000000000000000F1
:1027F000FD7BBCA96000009062000090FD03009189
:10280000F35301A9136025918300805201000090C9
:1028100021401D9141C005F9020180D20100805282
:10282000F55B02A914000090F71B00F99442349163
:102830001FAC04F960000090000028917F0600F9A9
:10284000631200B9160000907F0E00F9D642319154
:102850007F2200B9150000907F2A00B9B50233919C
:102860007FB200B94702009417000090600000900A
:10287000F702309100E02791735E03A9765604A910
:10288000742A00F99B01009423018052020180D236
:102890002300A072010080526000009000E02A91A5
:1028A0007F5E00F97F6200F963CA00B97F6A00F9B0
:1028B0007FDA00B97FE200B97F6A01B93102009482
:1028C00061000090214028916000009000C02A9192
:1028D00061DE0EA976D60FA9748600F985010094F1
:1028E00043028052020180D24300A0720100805254
:1028F0006000009000C02D917FBA00F97FBE00F902
:10290000638201B97FC600F97F9201B97F9A01B94C
:102910007F2202B91B0200946100009021202B91BC
:10292000615E1AA96000009000A02D9176561BA947
:1029300074E200F9F35341A9F55B42A9F71B40F992
:10294000FD7BC4A86B010014000000000000000023
:10295000FD7BBEA9FD030091F35301A9F40300AA76
:102960007300009073622E91E00313AA6901009432
:10297000802640F9E00000B5610000900000009062
:1029800000C01D91802600F920C045F9A00000B4C8
:10299000E00313AAF35341A9FD7BC2A8610100140F
:1029A00094FFFF97E00313AAF35341A9FD7BC2A84C
:1029B0005C010014000000000000000000000000A6
:1029C0006000009000602E91520100140000000091
:1029D0006000009000602E91520100140000000081
:1029E000FD7BBBA9FD030091F55B02A9F60302AADA
:1029F00015008052F76303A9F70300AAF80301AAA0
:102A0000F35301A9F92300F9191780521F2003D5A8
:102A1000D40A40B9D30A40F99F0200710D02005454
:102A2000944EB99B1F2003D5632240797F04007127
:102A3000090100546326C079E10313AAE00317AA31
:102A40007F0400316000005400033FD6B502002A25
:102A500073E202917F0214EB81FEFF54D60240F92B
:102A600096FDFFB5F35341A9E003152AF55B42A992
:102A7000F76343A9F92340F9FD7BC5A8C0035FD6DE
:102A8000FD7BAFA9EB068012EA0F8012FD030091D7
:102A9000EC430391E8430491490000B0E82303A903
:102AA000E80300AAEC2300F9EB2B0929204D40F99B
:102AB000E017803DE0C341ADE11B803DE21F803D5A
:102AC000E323803DE427803DE52B803DE62F803DDC
:102AD000E733803DE18B0DA9E20308AAE3930EA939
:102AE000E3430091E59B0FA9E78700F9E0C300AD40
:102AF000010840F93F030094FD7BD1A8C0035FD6D5
:102B0000FD7BBAA9FD030091F35301A9F40300AAC8
:102B1000F30301AAE00301AAEA010094822640F926
:102B200004040091E6030191410000B0230080D22B
:102B300021C01F9145008052E61700F9E53300B926
:102B4000E4CF03A9E08704A9E32F00F9930A40F931
:102B5000820400B461B240B96022C07941000037FC
:102B600080034836C000683761B240B900001332B4
:102B7000602200792078121260B200B9E00314AA32
:102B8000E10313AAE2A300919E10009461B240B940
:102B90001F0000715401805294029F5A6100003757
:102BA00060224079A0004836E003142AF35341A97B
:102BB000FD7BC6A8C0035FD6605240F9D9000094DF
:102BC000E003142AF35341A9FD7BC6A8C0035FD6D6
:102BD000605240F9CF0000946022C079E2FFFF17F5
:102BE000E00314AA5BFFFF97DBFFFF170000000064
:102BF000420000B0E10300AA404C40F9C1FFFF17BA
:102C0000FD7BBEA9637C4093FD030091F30B00F9AB
:102C1000F30301AA2124C0796E000094E000F8B704
:102C2000614A40F92100008B614A00F9F30B40F939
:102C3000FD7BC2A8C0035FD66122407921781312C0
:102C400061220079F30B40F9FD7BC2A8C0035FD677
:102C5000FD7BBDA9FD0300912420C079F35301A998
:102C6000F30301AAF40300AAF55B02A9F50302AA83
:102C7000F603032A840140376126C0798478131251
:102C800064220079C37E4093E20315AAE00314AAEC
:102C90007C000094F35341A9F55B42A9FD7BC3A8D6
:102CA000C0035FD62124C07943008052020080D245
:102CB000300000946422C079F0FFFF17000000008C
:102CC000FD7BBEA9FD030091F30B00F9F30301AAFC
:102CD0002124C079270000946122C0791F0400B12B
:102CE000E00000542100143261220079604A00F9AA
:102CF000F30B40F9FD7BC2A8C0035FD62178131205
:102D000061220079F30B40F9FD7BC2A8C0035FD6B6
:102D10002124C0790300001400000000000000001E
:102D2000FD7BBEA9FD030091F35301A9740000903F
:102D3000F30300AA9F8A0BB9E003012A8DF6FF97DF
:102D40001F04003180000054F35341A9FD7BC2A849
:102D5000C0035FD6818A4BB981FFFF34610200B99D
:102D6000F35341A9FD7BC2A8C0035FD60000000059
:102D7000FD7BBEA9FD030091F35301A974000090EF
:102D8000F30300AA9F8A0BB9E003012AE10302AA18
:102D9000E203032AFFF5FF971F0400B180000054EF
:102DA000F35341A9FD7BC2A8C0035FD6818A4BB90A
:102DB00081FFFF34610200B9F35341A9FD7BC2A832
:102DC000C0035FD60000000000000000000000000B
:102DD000FD7BBEA9FD030091F35301A9740000908F
:102DE000F30300AAE003012AE10302AA9F8A0BB9B8
:102DF000E20303AAB3F5FF97017C40931F0400315F
:102E0000A0000054F35341A9E00301AAFD7BC2A82E
:102E1000C0035FD6808A4BB960FFFF34600200B9FF
:102E2000E00301AAF35341A9FD7BC2A8C0035FD60A
:102E3000FD7BBEA9FD030091F35301A9740000902E
:102E4000F30300AA9F8A0BB9E00301AA7DC0FF9794
:102E50001F0400B180000054F35341A9FD7BC2A8B8
:102E6000C0035FD6818A4BB981FFFF34610200B98C
:102E7000F35341A9FD7BC2A8C0035FD60000000048
:102E8000FD7BBEA9FD030091F35301A974000090DE
:102E9000F30300AAE003012AE10302AA9F8A0BB907
:102EA000E20303AAF3F5FF97017C40931F0400316E
:102EB000A0000054F35341A9E00301AAFD7BC2A87E
:102EC000C0035FD6808A4BB960FFFF34600200B94F
:102ED000E00301AAF35341A9FD7BC2A8C0035FD65A
:102EE000400000B0004C40F9C0035FD60000000075
:102EF000C0035FD6000000000000000000000000DA
:102F0000C0035FD6000000000000000000000000C9
:102F1000C0035FD6000000000000000000000000B9
:102F2000C0035FD6000000000000000000000000A9
:102F30000000000000000000000000000000000091
:102F40005F2403D52400028B0500028B5F0002F191
:102F5000880700545F8000F1C80300545F4000F10F
:102F6000C3000054261C40A98C347FA9061C00A96C
:102F7000AC343FA9C0035FD6C2001836260040F922
:102F800087805FF8060000F9A7801FF8C0035FD6AE
:102F9000C2001036260040B988C05FB8060000B9EC
:102FA000A8C01FB8C0035FD6020100B44EFC41D3D5
:102FB000260040398AF05F3828686E3806000039EC
:102FC00008682E38AAF01F38C0035FD61F2003D52B
:102FD000261C40A9282441A98A2C7EA98C347FA9CB
:102FE0005F0001F1E8000054061C00A9082401A9B3
:102FF000AA2C3EA9AC343FA9C0035FD61F2003D53D
:103000002E3C42A9304443A95F8001F1A90000543D
:10301000820C7CA981107DA9A20C3CA9A1103DA91C
:10302000061C00A9082401A90E3C02A9104403A90A
:10303000AA2C3EA9AC343FA9C0035FD61F2003D5FC
:103040000E0001CB2EFCFFB4DF0102EBA304005401
:103050002C3440A90E0C409203EC7C9221000ECB44
:1030600042000E8B261C41A90C3400A9282442A939
:103070002A2C43A92C34C4A9424002F1690100540E
:10308000661C01A9261C41A9682402A9282442A97A
:103090006A2C03A92A2C43A96C3484A92C34C4A912
:1030A000420001F1E8FEFF548E3C7CA9661C01A998
:1030B000861C7DA9682402A988247EA96A2C03A9FC
:1030C0008A2C7FA96C3404A9AE3C3CA9A61C3DA95E
:1030D000A8243EA9AA2C3FA9C0035FD61F2003D570
:1030E0008C347FA9AE0C409284000ECB42000ECBF4
:1030F000861C7FA9AC343FA988247EA98A2C7DA98F
:103100008C34FCA9A5000ECB420002F169010054E9
:10311000A61C3FA9861C7FA9A8243EA988247EA9B5
:10312000AA2C3DA98A2C7DA9AC34BCA98C34FCA95D
:10313000420001F1E8FEFF54220C43A9A61C3FA95E
:10314000261C42A9A8243EA9282441A9AA2C3DA9AD
:103150002A2C40A9AC343CA9020C03A9061C02A9E4
:10316000082401A90A2C00A9C0035FD600000000B2
:10317000000000000000000000000000000000004F
:103180005F2403D5200C014E0400028B5F8001F107
:10319000880300545F4000F1E2010054013C084EF6
:1031A00082001836010000F981801FF8C0035FD645
:1031B00082001036010000B981C01FB8C0035FD67D
:1031C000820000B4010000394200083681E01F7817
:1031D000C0035FD60000803DC200303780009F3CB6
:1031E000620028360004803D80009E3CC0035FD60C
:1031F0000004803D000001AD80003FADC0035FD6FC
:10320000211C001203EC7C920000803D5F8002F1E3
:103210002028407A41020054E5003BD5A510409299
:10322000BF1000F1C10100546004803D600001AD99
:1032300063E47A92820003CB420002D11F2003D5BF
:103240006300019123740BD5420001F1A8FFFF54E4
:1032500080003EAD80003FADC0035FD6820003CB4F
:10326000634000D1424001D1600001AD600082ADF9
:10327000420001F1A8FFFF5480003EAD80003FAD49
:10328000C0035FD600000000000000000000000046
:10329000000000000000000000000000000000002E
:1032A000000000000000000000000000000000001E
:1032B000000000000000000000000000000000000E
:1032C0005F2403D5042C40929F803FF1C806005430
:1032D000020C40A9E8C300B2440008CB45D800B2B4
:1032E000660008CB67D800B2840025EAC500278AAB
:1032F000A00840FA000100548430859A000180D271
:10330000840CC0DAE033809A8410C0DA000C448B5D
:10331000C0035FD6020C41A9440008CB45D800B2D7
:10332000660008CB67D800B2840025EAC500278A6A
:10333000A00840FA400100548430859A000380D2EE
:10334000840CC0DA060280D28410C0DAC030809AC1
:10335000000C448BC0035FD61F2003D501E87B928D
:103360002108C1AD20AC226E00AC206E0098200E6A
:103370000300669E63FFFFB42098204E200000CB20
:10338000630000354098204E0040009100840C0FEF
:103390000300669E6300C0DA6210C0DA0008428B48
:1033A000C0035FD601E87B92628081520206B87248
:1033B00021A0404C400C044E2198204E4298204EB3
:1033C000211C204E421C204E20BC224E00BC204E10
:1033D0000300669E04F87FD36324C49A23FCFFB4E1
:1033E0006300C0DA6010C0DA00FC41D3C0035FD6CE
:1033F000FD7BBCA9FD030091F55B02A9360000F03E
:10340000D6C22191F50300AAF35301A9F71B00F9D5
:10341000F70301AA17FCFF97C00A40F9140440F90A
:1034200094F67E92937E3F91730217CB73CE749283
:10343000730640D17FFE3FF10D010054010080D2A0
:10344000E00315AA7BFEFF97C10A40F92100148B07
:103450001F0001EB20010054E00315AA09FCFF97AF
:10346000F35341A900008052F55B42A9F71B40F9D4
:10347000FD7BC4A8C0035FD6E10313CBE00315AA0C
:103480006CFEFF971F0400B120020054420000F0C0
:10349000940213CBC30A40F9940240B2411849B9CF
:1034A000E00315AA2100134B740400F9411809B96F
:1034B000F4FBFF97F35341A920008052F55B42A92A
:1034C000F71B40F9FD7BC4A8C0035FD6010080D282
:1034D000E00315AA57FEFF97C20A40F9010002CB8C
:1034E0003F7C00F1ADFBFF54240000F0210040B20E
:1034F000410400F9430000F0812C44F9000001CBA5
:10350000601809B9D5FFFF17000000000000000097
:10351000210A00B4FD7BBEA9FD030091F35301A96C
:10352000F30301AAF40300AAD2FBFF9765825FF8B8
:10353000634200D1200000F000C02191A2F87F92E8
:103540006400028B060840F9810440F921F47E9260
:10355000DF0004EB000C0054810400F98600018BAD
:103560004503003767025FF8250000F0C60440F904
:10357000630007CB4200078BA5002291C600409252
:10358000670840F9FF0005EB40090054680C40F95A
:10359000E80C00F9070900F9C60100B54200018BEB
:1035A000810840F93F0005EBA00E0054850C40F95E
:1035B000250C00F9440040B2A10800F9640400F9A8
:1035C000626822F806000014C50440F9A50600361A
:1035D000410040B2610400F9820000F95FFC07F18C
:1035E000C903005441FC49D35FFC27F1C8090054CA
:1035F00041FC46D324E4001125E0001184781F53D8
:10360000847C7D930400048B81045FF89F0001EBB0
:10361000A100005453000014210840F99F0001EB61
:10362000A0000054200440F900F47E921F0002EB39
:1036300048FFFF54240C40F9611001A9E00314AACB
:10364000830800F9230C00F9F35341A9FD7BC2A8BC
:103650008CFBFF17C0035FD644FC43D3220080D20B
:1036600081040011050440F921781F53847C021362
:1036700001CC218B4220C49A420005AA020400F921
:1036800020045FF8600401A9230800F9030C00F985
:10369000E00314AAF35341A9FD7BC2A879FBFF17ED
:1036A000250000F04200018BA5002291BDFFFF170D
:1036B000860900B5850041A92100028BA00C00F904
:1036C000220040B2050800F9620400F9616821F89F
:1036D000F0FFFF174100018BE500003762025FF841
:1036E000630002CB2100028B640841A9820C00F91F
:1036F000440800F9220000F0240040B2640400F9FC
:10370000423044F9030800F95F0001EB28FCFF5444
:10371000410000F0E00314AA21A844F935FFFF9707
:10372000DCFFFF173F5000F1290100543F5001F129
:103730002803005441FC4CD324BC011125B80111CD
:1037400084781F53847C7D93AFFFFF172470011191
:10375000256C011184781F53847C7D93AAFFFF1789
:10376000060440F9A57C0213220080D24220C59AAB
:10377000420006AA020400F9B0FFFF17030C02A9D9
:10378000410040B2619400A9650C00F9626822F81A
:10379000C0FFFF173F5005F1E800005441FC4FD334
:1037A00024E0011125DC011184781F53847C7D9372
:1037B00095FFFF173F5015F1E800005441FC52D32C
:1037C00024F4011125F0011184781F53847C7D932A
:1037D0008DFFFF1704FE80D2C50F80528AFFFF17AE
:1037E000400040B2600400F9820000F9A9FFFF1711
:1037F000FF430AD1FD7B00A9FD030091F55B02A9FF
:10380000F50301AA610040F9E13F00F9610440F9C4
:10381000E15300F9610840F9E18700F9611840B906
:10382000E19300B9611C40B9F35301A9F40303AA61
:10383000F30300AAF76303A9F70302AAE1F700B9AB
:10384000780F0094000040F9E05B00F99DFEFF97BF
:10385000E05700F9020180D2E0E3059101008052B7
:1038600048FEFF97730000B4602640F940CB00B4D7
:10387000A1B240B9A022C07941000037E0A2483689
:10388000C0006837A1B240B900001332A02200790D
:1038900021781212A1B200B9E0051836A10E40F944
:1038A000A10500B4410380520100010A3F280071C4
:1038B00040060054F6430891E827066D08E4002FFF
:1038C00054000090EA0317AA94020891FB7305A91B
:1038D000FC0316AA400000F000400091F96B04A917
:1038E000FF7700B9E04300F9FF9700B9FF7F0EA909
:1038F000FFF300B9FFFF0FA9F6CB00F9FF9B01B959
:10390000FFD300F9F7030AAAF8030AAA1F2003D578
:10391000997640F93F0F0094E4E30591037C4093CE
:10392000E20317AAE1B30591E00313AA20033FD6EF
:103930001F000071800500348B040054E16F41B911
:103940003F940071A0390054007C4093F702008B33
:10395000F0FFFF17E10315AAE00313AA5D0E009420
:10396000E04E0135A022C079410380520100010AD6
:103970003F28007101FAFF54A126C079C1F9FF3731
:10398000A1B240B941000037C0184936800640ADA9
:10399000E20317AAE10315AAE3C30491E00313AA03
:1039A000E08709AD4F0C0094E07700B9FD7B40A99A
:1039B000F35341A9F55B42A9F76343A9E07740B906
:1039C000FF430A91C0035FD6E0E30591020180D274
:1039D00001008052EBFDFF97200080D2F702008BA0
:1039E000CCFFFF17FA03002AE00218CBEA0318AA5B
:1039F000FB03002AA0E30034E2D340F9617F409347
:103A0000E09B41B94200018B8A0700A90004001124
:103A1000E09B01B99C430091E2D300F91F1C0071A7
:103A20002C450054E07740B900001B0BE07700B94B
:103A3000DAE10034EA060091E80640390700801216
:103A40000B00805209008052F8030B2AF703092A61
:103A5000F903072AFA030AAAFF7F05395A070091DA
:103A6000008100511F680171C8000054E14340F912
:103A7000205860786100001020A8208B00001FD61D
:103A8000E903172AEB03182AEA031AAAE8DE00342E
:103A90003A008052FBA30691F7031A2A01008052D4
:103AA000190080D20700805218008052FF8B00B9A5
:103AB000FF9B00B9FF7F0539E8A306391F2003D516
:103AC00032011F72420B0011E0D340F95A109A1ACA
:103AD0008E1080522E010E6A8100005464011A4B30
:103AE0009F0000716C1A0054A1010034E19B41B9A0
:103AF000E27F059100040091820300F92104001186
:103B0000220080D2820700F99C430091E19B01B919
:103B1000E0D300F93F1C00714C3E0054B201003468
:103B2000E19B41B9E283059100080091820300F90D
:103B300021040011420080D2820700F99C430091C9
:103B4000E19B01B9E0D300F93F1C00710C730054F4
:103B5000DF010271E0290054E700174BFF000071FC
:103B60000C050054290E4037E19B41B9EC7E40938F
:103B700000000C8B9B3300A921040011E19B01B9CB
:103B8000E0D300F93F1C00714C2200549C4300918B
:103B90008900103677011A4BFF0200710C73005434
:103BA000E17740B97F011A6B63A19A1A2100030BD8
:103BB000E17700B9002300B5FF9B01B9D90000B43B
:103BC000E10319AAE00313AAEA4700F951FEFF979F
:103BD000EA4740F9FC0316AA4BFFFF1700C100514A
:103BE00018008052481740380B0B180B18040B0BA9
:103BF00000C100511F24007169FFFF5499FFFF1796
:103C0000440000F0E19B41B984400391FF40007102
:103C10008D050054E2031CAA0D0280D2FC030AAAFF
:103C2000E9BB00B9E8C300B9EBCB00B9F7D300B9E1
:103C3000F703072AF8DB00B9F80304AA040000140C
:103C4000F7420051FF420071AD0200540040009164
:103C500021040011583400A942400091E19B01B9B0
:103C6000E0D300F93F1C0071CDFEFF54E243069102
:103C7000E10315AAE00313AA0A0C0094A01D003565
:103C8000F7420051E19B41B9E0D340F9E20316AAA3
:103C90000D0280D2FF420071ACFDFF54E703172AEA
:103CA000E40318AAE9BB40B9EA031CAAE8C340B977
:103CB000FC0302AAEBCB40B9F7D340B9F8DB40B91B
:103CC000E77C4093210400110000078B841F00A9AA
:103CD0009C430091E19B01B9E0D300F93F1C0071C6
:103CE0002DF4FF54E2430691E10315AAE00313AA61
:103CF000E9BB00B9E8C300B9EBCB00B9EA6B00F946
:103D0000E80B009460190035E9BB40B9FC0316AA22
:103D1000EA6B40F9E0D340F9E8C340B9EBCB40B9D6
:103D200049F247361F2003D51F9501712D250054F8
:103D30000821601E01100054E19B41B9000400916C
:103D400042000090240080D24240249121040011BE
:103D5000821300A99C430091E19B01B9E0D300F9D3
:103D60003F1C00718CB00054E29740B9E16B41B93F
:103D70003F00026BAA7B0054E28F4AA9830B00A983
:103D8000E19B41B99C43009121040011E19B01B9E1
:103D90000000028BE0D300F93F1C0071EC88005456
:103DA000E19740B937040051FF0200712DEFFF5435
:103DB000440000F0E19B41B984400391FF4200714F
:103DC0004DBC0054E2031CAAF80304AAFC030AAA8F
:103DD0001B0280D2E98B00B9EB9B00B904000014F0
:103DE000F7420051FF4200716DBA0054004000914B
:103DF00021040011586C00A942400091E19B01B9D7
:103E0000E0D300F93F1C0071CDFEFF54E243069160
:103E1000E10315AAE00313AAA20B0094A010003539
:103E2000E0D340F9E20316AAE19B41B9EDFFFF1789
:103E30004D0000F0E19B41B9AD8103919F400071BD
:103E40004D060054E2031CAA0F0280D2FC030AAA0A
:103E5000F2BB00B9EEC300B9E9CB00B9E8D300B9B1
:103E6000EBDB00B9E71301B9F71B01B9F703042A2B
:103E7000F82301B9F8030DAA04000014F742005119
:103E8000FF420071AD020054004000912104001176
:103E9000583C00A942400091E19B01B9E0D300F9F0
:103EA0003F1C0071CDFEFF54E2430691E10315AAC9
:103EB000E00313AA7B0B0094C00B0035F7420051BE
:103EC000E19B41B9E0D340F9E20316AA0F0280D288
:103ED000FF420071ACFDFF54E403172AED0318AA5A
:103EE000F2BB40B9EA031CAAEEC340B9FC0302AA24
:103EF000E9CB40B9E8D340B9EBDB40B9E71341B9AE
:103F0000F71B41B9F82341B9847C40932104001187
:103F10000000048B8D1300A9E19B01B9E0D300F9E7
:103F20003F1C0071AC920054E17F45399C430091E5
:103F3000EEFEFF17E26B41B95F0000714C5E00546A
:103F4000E19B41B90004009144000090270080D219
:103F50008440249121040011841F00A99C430091F6
:103F6000E19B01B9E0D300F93F1C0071CC0701547B
:103F7000E19740B92100022A61D70034E3934AA9AE
:103F8000840F00A9E19B41B98643009121040011EF
:103F9000E19B01B96000008BE0D300F93F1C007188
:103FA0008CD70054421EF937E29780B921040011E2
:103FB000DB0800A9DC4000914000008BE19B01B9C7
:103FC000E0D300F93F1C00714DDEFF541F2003D5E4
:103FD000E2430691E10315AAE00313AAE98B00B9B5
:103FE000EB9B00B9EA5F00F92E0B0094200200352C
:103FF000EA5F40F9FC0316AAE0D340F9E98B40B927
:10400000EB9B40B9E3FEFF1748034039F7021C322F
:1040100093FEFF17E2430691E10315AAE00313AAFA
:10402000EA4700F91F0B0094EA4740F960DCFF34CF
:10403000E10319AA610000B4E00313AA35FDFF975C
:10404000A022C079A1B240B981170036F96B44A90A
:10405000FB7345A9E827466DE0173137FD7B40A982
:10406000F35341A9F55B42A9F76343A9E07740B94F
:10407000FF430A91C0035FD6FA03002AE00218CB7F
:10408000EA0318AAFB03002A60CDFF345BFEFF178A
:104090006D011A4BBF0100710DD6FF54440000D0D2
:1040A000E19B41B984400391BF410071CD050054AB
:1040B000E2031CAA0E0280D2FC030AAAE9BB00B9E3
:1040C000E8C300B9EBCB00B9E7D300B9F7DB00B91F
:1040D000F7030D2AF81301B9F80304AA0400001429
:1040E000F7420051FF420071AD02005400400091C0
:1040F00021040011583800A942400091E19B01B908
:10410000E0D300F93F1C0071CDFEFF54E24306915D
:10411000E10315AAE00313AAE20A0094A0F8FF3510
:10412000F7420051E19B41B9E0D340F9E20316AAFE
:104130000E0280D2FF420071ACFDFF54ED03172A3E
:10414000E40318AAE9BB40B9EA031CAAE8C340B9D2
:10415000FC0302AAEBCB40B9E7D340B9F7DB40B987
:10416000F81341B9AD7D40932104001100000D8B7F
:10417000843700A99C430091E19B01B9E0D300F989
:104180003F1C0071ADCEFF54E2430691E10315AA36
:10419000E00313AAE9BB00B9E8C300B9EBCB00B94F
:1041A000E7D300B9EA6F00F9BE0A009420F4FF35A6
:1041B000EA6F40F9FC0316AAE0D340F9E9BB40B925
:1041C000E8C340B9EBCB40B9E7D340B963FEFF1772
:1041D000E19B41B900040091E39740B9824300910B
:1041E000210400117F0400718D110054240080D23D
:1041F0009B1300A9E19B01B9E0D300F93F1C0071BA
:104200008C520054E3934AA921040011440C00A9E4
:1042100042400091E19B01B90000038BE0D300F91B
:104220003F1C00714C5300540821601EE39740B9B5
:1042300077040051E0110054F77E409321040011EF
:104240000000178BE19B01B9E0D300F965070091ED
:10425000450000F9570400F93F1C00710C6100543F
:1042600042400091E4F380B921040011E5C30591B7
:10427000451000A98000008BE19B01B95C400091D2
:10428000E0D300F93F1C00714DC8FF54E243069192
:10429000E10315AAE00313AAE98B00B9EB9B00B96F
:1042A000EA5F00F97F0A009440ECFF35EA5F40F9CD
:1042B000FC0316AAE0D340F9E98B40B9EB9B40B967
:1042C00034FEFF17E2430691E10315AAE00313AAA7
:1042D000740A009460EBFF35FC0316AAD2FDFF17A9
:1042E000E2430691E10315AAE00313AAF2BB00B969
:1042F000EEC300B9E9CB00B9E8D300B9EBDB00B9F4
:10430000E71301B9EA8F00F9660A009420E9FF3546
:10431000EA8F40F9FC0316AAE0D340F9F2BB40B99A
:10432000EEC340B9E9CB40B9E8D340B9EBDB40B9C3
:10433000E71341B9FAFDFF17A0E84F37A05240F943
:10434000F8FAFF97A022C07941FFFF17E0F740B9C4
:10435000E903172AEB03182AE703192AEA031AAA22
:10436000894C183600D2F837E03F40F9003C009104
:1043700000EC7C9201400091E13F00F90000C03D5B
:10438000E98B00B9E89B00B9EBBB00B9E7C300B902
:10439000EA6700F9CB170094EA6740F90840601E0D
:1043A000E98B40B9E89B40B9EBBB40B9E7C340B9E2
:1043B00000C1601E0002F0920100679E0020611E95
:1043C0000D7100541821601E64CE0054E17F453900
:1043D000200000F0250000F01F1D017100E0229177
:1043E000A5002391FF8B00B97A008052FF9B00B992
:1043F00029791812BBC0809AF7031A2A190080D2B3
:104400000700805218008052C1B5FF341F2003D529
:104410005A070011ABFDFF17A9EE0737240080D221
:104420009B1300A9E19B01B9E0D300F93F1C007187
:10443000ADF1FF54E2430691E10315AAE00313AA8C
:10444000E98B00B9EB9B00B9EA5F00F9150A00940B
:1044500000DFFF35EA5F40F9E20316AAE0D340F936
:10446000E98B40B9EB9B40B9E19B41B97EFFFF1757
:10447000E39740B97F0400716DEFFF54440000D012
:10448000844003917F4400718D4E0054FC030B2A3D
:10449000F80304AA1B0280D2E98B00B9EA4F00F9A5
:1044A00004000014F7420051FF420071ED4C00542B
:1044B0000040009121040011586C00A94240009175
:1044C000E19B01B9E0D300F93F1C0071CDFEFF5420
:1044D000E2430691E10315AAE00313AAF10900944F
:1044E00080DAFF35E0D340F9E20316AAE19B41B937
:1044F000EDFFFF17E903172AEB03182AEA031AAAAC
:104500001F0D0171E0540054C9542037E09340B9A5
:10451000E0E1F837E03F40F9012C009121F07D9275
:10452000E13F00F9000040B93A008052F8A306913B
:10453000F7031A2AE0A30639FB0318AA01008052E8
:10454000190080D20700805218008052FF8B00B9FA
:10455000FF9B00B9FF7F05395AFDFF17E09340B973
:10456000E903172AEB03182AE703192AEA031AAA10
:104570006044F837E03F40F9013C009121F07D9222
:10458000E13F00F91B0040F9FF7F05391B8400B4AF
:104590001F4D0171C070005438011C128970203702
:1045A00047B2F837E27C4093E0031BAA0100805237
:1045B000E78B00B9E99B00B9EBBB00B9EA6300F9EE
:1045C000200C0094EA6340F9F90300AAE78B40B994
:1045D000E99B40B9EBBB40B9401001B4E17F4539DC
:1045E00003001BCBFF8B00B97F000071FF9B00B95C
:1045F000F703032A7AA09F1A07008052190080D27D
:10460000680E8052E1A5FF3482FFFF17F803184BB4
:10461000E03F00F948034039F7021E3210FDFF1752
:10462000E1031AAA281440381FA90071C01C0154C4
:1046300000C10051FA0301AA0700805219008052FC
:104640001F240071E8A0FF5428144038E708070B26
:104650000704070B00C100511F24007169FFFF54BC
:10466000FF000071FA0301AAF9A09F5AFDFCFF1791
:104670006005805248034039E07F0539F8FCFF1798
:10468000E09340B9003DF837E03F40F9002C00913D
:1046900000F07D92E13F40F9380040B998FBFF37C8
:1046A00048034039E03F00F9EDFCFF17E00313AA8F
:1046B000DC0B0094000440F9E07700F901FBFF9760
:1046C000E10300AAFB0301AAE00313AAE18300F9B6
:1046D000D40B0094000840F9E07F00F97F0300F15B
:1046E000041840FA2034005401004039E002163228
:1046F000480340393F0000711710971AD8FCFF1784
:1047000048034039F7020032D5FCFF17E07F4539F6
:1047100048034039409AFF3500048052E07F053954
:10472000CFFCFF17EB03182AE703192AEA031AAA9A
:10473000E9021C32E09340B949002837293320367A
:10474000404FF837E03F40F9013C009121F07D9265
:10475000E13F00F9000040F93A791512010080525A
:1047600002008052E27F0539270EF8371F0000F162
:10477000497B1812E008407A810D0054810C003505
:1047800057030012BA1B0036FB2F08910006805217
:1047900007008052E02F0839E17F4539FF00176B91
:1047A000FF8B00B9FAA0971AFF9B00B9190080D2BD
:1047B000180080526198FF3416FFFF1748034039F4
:1047C000F7021D32A6FCFF17EA031AAAEB03182A08
:1047D000E703192AFA021C32E09340B95A0028373D
:1047E0007A292036E048F837E03F40F9013C009153
:1047F00021F07D92E13F00F9000040F92100805254
:10480000D8FFFF17480340391FB10171203700540A
:10481000F7021C3292FCFF17480340391FA10171B7
:1048200000370054F7021A328DFCFF174803403955
:10483000F7021B328AFCFF17E09340B9E903172AFD
:10484000EB03182AE703192AEA031AAA402CF837BF
:10485000E03F40F9013C009121F07D92E13F00F9F9
:10486000000040F902068F52230000F03A011F3287
:104870006360239141008052080F8052E37300F976
:10488000E2C30279B7FFFF17E09340B9E903172AA3
:10489000EA031AAAE9262836406DF837E03F40F9C6
:1048A000013C009121F07D92E13F00F9000040F9C8
:1048B000E17780B9010000F913FCFF17EB03182A18
:1048C000E703192AEA031AAAE9021C32E09340B965
:1048D00049002837E9222036C043F837E03F40F945
:1048E000013C009121F07D92E13F00F9010040F987
:1048F000E00301AA0123F8B7E70EF8371F0000F123
:1049000029791812E008407A610E0054FB330891AF
:104910000700805217008052A0FFFF17480340395C
:10492000F70219324EFCFF17FA03092A3F040071FF
:10493000400D0054F7330891FB0317AA3F0800719C
:1049400041010054E27340F9010C409200FC44D351
:104950004168613861FF1F3880FFFFB5F7021B4BCC
:10496000E9031A2A8DFFFF1701080012E2031BAAB0
:1049700021C0001161FF1F3800FC43D360FFFFB569
:104980003FC00071E0079F1A5F03006A80FEFF547A
:10499000420800D100068052E9031A2AF702024BAE
:1049A00060F31F38FB0302AA7CFFFF17E243069166
:1049B000E10315AAE00313AAEEBB00B9E9C300B9ED
:1049C000E8CB00B9EBD300B9E7DB00B9EA8B00F91B
:1049D000B4080094E0B2FF35EA8B40F9FC0316AA54
:1049E000E0D340F9EEBB40B9E9C340B9E8CB40B9E8
:1049F000EBD340B9E7DB40B956FCFF174D0000D0C0
:104A0000E19B41B9AD810391FF420071ED03005478
:104A1000F8030DAA1B0280D2EB8B00B9EA4F00F914
:104A200004000014F7420051FF4200718D0200544F
:104A30000040009121040011986F00A99C4300914F
:104A4000E19B01B9E0D300F93F1C0071CDFEFF549A
:104A5000E2430691E10315AAE00313AA910800942A
:104A600080AEFF35F7420051E19B41B9E0D340F9F8
:104A7000FC0316AAFF420071CCFDFF54EA4F40F937
:104A8000ED0318AAEB8B40B9F77E40932104001187
:104A90000000178B8D5F00A9E19B01B9E0D300F9FD
:104AA0003F1C0071ED87FF54E2430691E10315AA14
:104AB000E00313AAEB8B00B9EA4F00F979080094E0
:104AC00080ABFF35EA4F40F9E0D340F9EB8B40B9BA
:104AD00034FCFF17FA03092A1F2400F1A8540054DC
:104AE00000C00011E9031A2AFB2F089137008052F9
:104AF000E02F083929FFFF17FB3308910700805288
:104B000026FFFF17E19740B91F03016B17D3811AE6
:104B10002C7C4093FF0200716D010054E19B41B970
:104B2000E27E40930000028B9B0B00A92104001140
:104B3000E19B01B99C430091E0D300F93F1C007157
:104B4000CCB30054FF020071E4A29F1A1703044B78
:104B5000FF0200714C59005468C3388B09955037D7
:104B6000E19740B9F76B41B9FF02016B6B26005426
:104B700049260037E19740B97B030C8B7B0308CBB8
:104B80003700174BFF021B6BFBB29B1A7F030071B0
:104B90006D010054E19B41B9627F40930000028B9C
:104BA000880B00A921040011E19B01B99C430091ED
:104BB000E0D300F93F1C0071ECB600547F03007194
:104BC0007BA39F1AF7021B4BFF0200712D7EFF543F
:104BD000440000D0E19B41B984400391FF42007141
:104BE0004D4B0054E2031CAAF80304AAFC030AAAD2
:104BF0001B0280D2E98B00B9EB9B00B904000014C2
:104C0000F7420051FF4200716D490054004000918D
:104C100021040011586C00A942400091E19B01B9A8
:104C2000E0D300F93F1C0071CDFEFF54E243069132
:104C3000E10315AAE00313AA1A080094A09FFF3508
:104C4000E0D340F9E20316AAE19B41B9EDFFFF175B
:104C5000E2430691E10315AAE00313AAE98B00B928
:104C6000EB9B00B9EA5F00F90E080094209EFF3527
:104C7000EA5F40F9E20316AAE0D340F9E98B40B9B4
:104C8000EB9B40B9E19B41B95FFDFF17E243069101
:104C9000E10315AAE00313AAE98B00B9EB9B00B965
:104CA000EA5F00F9FF070094409CFF350821601E71
:104CB000E39740B9EA5F40F9E20316AAE0D340F96E
:104CC00077040051E98B40B9EB9B40B9E19B41B9B6
:104CD00000BDFF5459FDFF17A05240F98DF8FF9712
:104CE000A022C079E7FAFF174975073623FCFF17A2
:104CF0000087F837E03F40F9013C0091080040FD93
:104D000021F07D92E13F00F9AAFDFF17FA4F3036FE
:104D10002079F837E03F40F9012C009121F07D9295
:104D2000E13F00F900004079210080528DFEFF171D
:104D3000095530366072F837E03F40F9012C009198
:104D400021F07D92E13F00F900008079E10300AAA3
:104D500041DDFFB6E00300CBFA03092AA205805229
:104D60002100805280FEFF17480340393CFBFF17AB
:104D700049D92737896B3037A9BB4836E0D6F83791
:104D8000E03F40F9013C009121F07D92E13F00F9C4
:104D9000000040F9E1D3413901000039DAFAFF1788
:104DA000694C3036C070F837E03F40F9012C009173
:104DB00021F07D9200004079E13F00F967FEFF1786
:104DC000E903172AEB03182AE703192AEA031AAAA8
:104DD000BFFEFF17E09340B9012000113F000071B2
:104DE0002D9E0054E03F40F9E19300B9023C009150
:104DF00041F07D92E13F00F99AFEFF17E09340B940
:104E0000012000113F0000714D9C0054E03F40F92B
:104E1000E19300B9023C009141F07D92E13F00F93D
:104E2000D9FDFF17E09340B9012000113F00007148
:104E30002D9A0054E03F40F9E19300B9002C009115
:104E400000F07D9214FEFF17EA4F40F9EB031C2A95
:104E5000E98B40B9E40318AAF77E409321040011BE
:104E60000000178BE19B01B9E0D300F9440000F981
:104E7000570400F93F1C00714D9FFF54E243069117
:104E8000E10315AAE00313AAE98B00B9EB9B00B973
:104E9000EA5F00F983070094C08CFF35EA5F40F9B0
:104EA000E20316AAE0D340F9E98B40B9EB9B40B985
:104EB000E19B41B9ECFCFF17E2430691E10315AA1F
:104EC000E00313AAE98B00B9EB9B00B9EA5F00F994
:104ED00074070094E08AFF35EA5F40F9FC0316AAE4
:104EE000E0D340F9E98B40B9EB9B40B9ADFBFF172C
:104EF00048074039F7021B325A070091D8FAFF17CA
:104F000048074039F70217325A070091D4FAFF17C1
:104F1000EA031AAAEB03182AE703192AFA03172A45
:104F20002EFEFF17E903172AEB03182AE703192AB5
:104F3000EA031AAA200000F000C02391E07300F9F0
:104F4000E09340B9090B2837E90A20374941303648
:104F50006068F837E03F40F9012C009121F07D9224
:104F600000004079E13F00F955000014200000F0F6
:104F7000E903172A00602391EB03182AE703192A93
:104F8000EA031AAAE07300F9EEFFFF17E903172AF4
:104F9000EB03182AE703192AEA031AAAE6FDFF170A
:104FA000E0230691020180D201008052E98B00B912
:104FB000E89B00B9EBBB00B9EA6300F971F8FF9711
:104FC000E09340B9EA6340F9E98B40B9E89B40B906
:104FD000EBBB40B9A03EF837E03F40F9012C00910F
:104FE00021F07D92E13F00F9020040B9F8A306915B
:104FF000E3230691E10318AAE00313AAE98B00B9A1
:10500000E89B00B9EBBB00B9EA6300F91513009403
:10501000EA6340F9F703002AE98B40B91F04003125
:10502000E89B40B9EBBB40B9A0C900541F00007118
:105030001AA09F1A41FDFF17E28F4AA9830B00A90E
:10504000E19B41B99C43009121040011E19B01B90E
:105050000000028BE0D300F93F1C0071CDD8FF5453
:10506000E2430691E10315AAE00313AAEC4700F915
:10507000E99B00B9EBBB00B9E82B0CA90907009428
:10508000807DFF35EC4740F9FC0316AAE82B4CA9BC
:10509000E0D340F9E99B40B9EBBB40B9F76B41B9AC
:1050A000B5FEFF17A001F837E03F40F9013C009141
:1050B00021F07D92E13F00F9000040F91F0000F16E
:1050C000E1079F1A3F01016AC11400543A79151291
:1050D00041008052A3FDFF17E09340B90120001169
:1050E0003F0000718D380054E03F40F9E19300B972
:1050F000023C009141F07D92E13F00F9EFFFFF1784
:10510000E09340B9012000113F000071AD3200541E
:10511000E03F40F9E19300B9023C009141F07D92FB
:10512000E13F00F9B5FDFF17E09340B90120001100
:105130003F0000710D330054E03F40F9E19300B9A6
:10514000023C009141F07D92E13F00F982FDFF17A2
:10515000E09340B9012000113F0000718D2F0054F1
:10516000E03F40F9E19300B9023C009141F07D92AB
:10517000E13F00F9DEFDFF17E2430691E10315AAC6
:10518000E00313AAF2BB00B9EEC300B9E9CB00B942
:10519000E8D300B9EBDB00B9E71301B9EA8F00F9F6
:1051A000C00600946074FF35EA8F40F9FC0316AA2C
:1051B000E0D340F9E17F4539F2BB40B9EEC340B9D5
:1051C000E9CB40B9E8D340B9EBDB40B9E71341B9CB
:1051D00046FAFF17E00313AADEF5FF97A5F9FF17BC
:1051E0000021681EE69C005417791A12FF0601710F
:1051F000C1300054010F80521F850171000B805295
:105200000010811A01068052E1830539E0870539D3
:10521000FBA30691190080D2FF8C0171EC5400545D
:105220000001669E00FC60D32054F8360041611EE8
:10523000A0058052E0BB00B9E0A30591E98B00B95D
:10524000E8AF1229EA6300F9E7F300B935090094E1
:105250000110681EE98B40B9EA6340F90108611E3C
:10526000E8AF5229E7F340B92820601E61000054DE
:1052700020008052E06B01B9E303072A1F8501710A
:1052800063040091200000D0220000D00060239130
:1052900042C023916303038B4210809A0210661E62
:1052A000E0031BAA030000142820601E209900546C
:1052B0002108621EEC0300AA2100781E2000621E55
:1052C00044C86138041400382138601E7F0000EBA8
:1052D000C1FEFF5400106C1E3020601E8C00005474
:1052E0002020601EA102005481020036ECC700F9A4
:1052F000E10300AA443C403903F05F387F00046BAF
:10530000210100540706805227F01F38E1C740F9F9
:10531000230400D1E3C700F923F05F389F00036B3B
:1053200040FFFF5464040011841C00127FE40071EC
:10533000804E005424F01F38F86B41B900001B4B1D
:10534000013D001129011F32211C00122200805250
:10535000E09700B900070051E06B01B96701001444
:105360000106805229011F32E1830539E88705399A
:1053700057FFFF17E2430691E10315AAE00313AAC2
:10538000E98B00B9EB9B00B9EA5F00F94506009490
:105390000065FF35EA5F40F9FC0316AAE0D340F947
:1053A000E98B40B9EB9B40B970FAFF17E003069117
:1053B000020180D201008052E98B00B9E89B00B95C
:1053C000EBBB00B9E7C300B9EA6700F9FBC700F916
:1053D0006CF7FF97E7C340B9EA6740F9E98B40B93A
:1053E000E89B40B9EBBB40B9074BF837180080D2B7
:1053F00017008052FA03082AF903072AF54700F933
:10540000F503172AF70318AAF8030AAAE99B00B9BB
:10541000EBBB00B90D000014E3030691E1A3069174
:10542000E00313AA0F1200941F04003120850054DA
:10543000A002000B1F00196BEC000054F712009142
:1054400020930054F503002AE0C740F9026877B8BA
:1054500042FEFF35F703152AE99B40B9F54740F9AD
:10546000E8031A2AEBBB40B9EA0318AAF763003431
:10547000FF8E01716D770054E1060011E00313AA5D
:10548000E98B00B9217C4093E89B00B9EBBB00B9E4
:10549000EA6300F9F7F1FF97EA6340F9FB0300AA1A
:1054A000E98B40B9E89B40B9EBBB40B900B000B410
:1054B000F90300AA020180D201008052E0030691A4
:1054C000E98B00B9E89B00B9EBBB00B9EA6300F9CE
:1054D0002CF7FF97E07E4093E4030691F80300AABF
:1054E000E30300AAE2230691E1031BAAE00313AA47
:1054F00000120094EA6340F91F0300EBE98B40B906
:10550000E89B40B9EBBB40B981AC00547FCB373846
:10551000FF020071FF8B00B9FAA29F1AE17F4539A3
:1055200007008052FF9B00B918008052A12CFF3465
:10553000B8FBFF17E98B40B9EA031CAAEB9B40B903
:10554000FC0302AAE40318AAF77E40932104001189
:105550000000178BE19B01B9E0D300F9845F00A93B
:105560003F1C00716C53FF549C43009189F9FF1755
:10557000F733089143031612F8E702B2E20317AAC1
:10558000E40317AA05008052F70313AAB89999F209
:10559000F303032AE30315AAF57F40F9070000147B
:1055A000197CD89B39FF43D31F2400F149020054D2
:1055B000E00319AAE2031BAA197CD89BA5040011D9
:1055C0005B0400D139FF43D3210B198B010401CBBC
:1055D00021C0001141F01F3853FEFF34A1024039B1
:1055E0003FFC03712010457AC1FDFF541F2400F1D8
:1055F00068620054F30317AAF70304AAE59700B9F9
:10560000F57F00F9F50303AAD5FCFF17FF18007119
:10561000C3008052FA90831A250000D0F7031A2A9B
:10562000BB202491190080D20100805207008052D3
:1056300018008052FF8B00B9FF9B00B921F9FF17BA
:10564000E09340B9012000113F0000712D24005467
:10565000E03F40F9E19300B9023C009141F07D92B6
:10566000E13F00F992FCFF17E0D340F9E03000B5CC
:10567000A022C079FF9B01B973FAFF17440000B064
:10568000E19B41B984400391FF420071AD1B00547E
:10569000E2031CAA080280D2FC030AAAEC5F00F90C
:1056A000E9C300B9EBCB00B9F8D300B9F80304AAF9
:1056B00004000014F7420051FF4200714D190054DC
:1056C0000040009121040011582000A9424000919F
:1056D000E19B01B9E0D300F93F1C0071CDFEFF54FE
:1056E000E2430691E10315AAE00313AA6D050094B5
:1056F000004AFF35E0D340F9E20316AAE19B41B925
:10570000080280D2ECFFFF17FA2048364080F837B5
:10571000E03F40F9012C009121F07D92E13F00F93A
:1057200000004039210080520EFCFF17C920483686
:10573000807CF837E03F40F9012C009121F07D9208
:1057400000004039E13F00F904FCFF17E25340F943
:10575000E09340B9E19300B940C0208B64FCFF178F
:10576000E25340F9E09340B9E19300B940C0208B87
:1057700022FCFF17A91C4836E06EF837E03F40F9DD
:10578000012C009121F07D9200004039E13F00F9A9
:105790004BFEFF17E25340F9E09340B9E19300B9A3
:1057A00040C0208BECFBFF17E09340B901200011B3
:1057B0003F000071AD1F0054E03F40F9E19300B994
:1057C000022C009141F07D92E13F00F907FEFF17A6
:1057D000891C4836C07DF837E03F40F9012C009124
:1057E00021F07D92E13F00F900008039E10300AA39
:1057F00041FCFF17E25340F9E09340B9E19300B94F
:1058000040C0208B2DFEFF17FF040031602700549D
:10581000FF1E0171E008407AE7149F1A0001669E9E
:105820003901183200FC60D3E079F8370941601E75
:10583000FFBB00B9E9A312292041601EEBC300B9E8
:10584000EA6700F9FF1A0171C1420054E203072A16
:1058500061008052E5230691E4030691E3A30591DC
:10586000E00313AAE78B00B93A080094E78B40B92C
:10587000FB0300AA01004039EA6740F93FC000710C
:10588000E9A3522900C0278BEBC340B94052005412
:10589000E16B41B901C0218B2821601E604F00548B
:1058A000E0C740F9030680523F0000EBE9000054D6
:1058B00002040091E2C700F903000039E0C740F993
:1058C0003F0000EB68FFFF54F86B41B900001BCBB1
:1058D000E09700B9FF1E017100220054000700513B
:1058E000FF1A017140500054011D00120200805245
:1058F000190080D2E06B01B9E1C30539610580521E
:105900008000F836200080520000184BA10580521C
:10591000E1C705391F240071CD5B0054EC3F0691AF
:10592000AD999952E4030CAA8D99B972027CAD9B92
:10593000E30304AAE503002A840400D142FC63D3F4
:105940004108020B0104014BE003022A21C00011AF
:1059500061F01F38BF8C0171ACFEFF5440C00011D4
:1059600080F01F38600800D11F000CEB827E0054CD
:10597000E1CB059102144038221400381F000CEBD3
:10598000A1FFFF54E0430A91030003CB60F40351ED
:10599000E0F300B9E09740B9E1F340B91700010B1B
:1059A0001F0400716D5B0054E0AB40B9F702000BBF
:1059B00029791512FF02007129011832FAA29F1AE3
:1059C00018008052FF8B00B9FF9B00B9E0BB40B9C3
:1059D000001B0035E17F4539070080522107FF3465
:1059E0008CFAFF17EC5F40F9E40318AAE9C340B949
:1059F000EA031CAAEBCB40B9FC0302AAF8D340B9D6
:105A0000E77E4093210400110000078B841F00A94A
:105A10009C430091E19B01B9E0D300F93F1C007168
:105A2000CD89FF54E2430691E10315AAE00313AACE
:105A3000EC5F00F9E9C300B9EBCB00B9EA6B00F900
:105A400098040094602FFF35EC5F40F9FC0316AA20
:105A5000EA6B40F9E0D340F9E9C340B9EBCB40B978
:105A60003EFCFF1769090736E28F4AA9830B00A99C
:105A7000E19B41B98643009121040011E19B01B9EA
:105A80004000008BE0D300F93F1C0071ED28FF546B
:105A9000E2430691E10315AAE00313AAE98B00B9DA
:105AA000EB9B00B9EA5F00F97E040094202CFF35DF
:105AB000EA5F40F9E60316AAE0D340F9E98B40B962
:105AC000EB9B40B9E26B41B9E19B41B936F9FF1755
:105AD000E25340F9E09340B9E19300B940C0208B14
:105AE00073FBFF17C062F837E03F40F9013C0091BB
:105AF00021F07D92E13F00F9000040F9E1EB4079AF
:105B00000100007980F7FF17E067F837E03F40F9C0
:105B1000012C009121F07D92000040B9E13F00F995
:105B200067FDFF174050F837E03F40F9012C009126
:105B300021F07D92E13F00F9000040B92100805240
:105B400008FBFF178063F837E03F40F9012C009114
:105B500021F07D92000040B9E13F00F9FFFAFF1704
:105B6000605CF837E03F40F9012C009121F07D9214
:105B7000E13F00F9000080B9E10300AA5EFBFF17D6
:105B8000E09340B9012000113F0000718D51005495
:105B9000E03F40F9E19300B9022C009141F07D9281
:105BA000E13F00F969FCFF17E25340F9E09340B987
:105BB000E19300B940C0208B0CFDFF17E09340B982
:105BC000012000113F0000716D5D0054E03F40F97D
:105BD000E19300B9022C009141F07D9200004079E0
:105BE000E13F00F9DDFAFF17E0031BAAE9BB00B9AA
:105BF000EBC300B9190080D2EA6700F9B1F5FF974D
:105C0000E17F45391F000071FF8B00B9F703002ABF
:105C1000FF9B00B91AA09F1AEA6740F9070080525B
:105C2000E9BB40B9680E8052EBC340B9A1F4FE3421
:105C3000F8F9FF17E09340B9012000113F0000710F
:105C4000CD4D0054E03F40F9E19300B9022C0091A2
:105C500041F07D92E13F00F933FCFF17E09340B93A
:105C6000012000113F000071ED490054E03F40F970
:105C7000E19300B9022C009141F07D92000040793F
:105C8000E13F00F90EFDFF17E00313AAE24306917E
:105C9000E10315AA03040094C0CEFF34E9F8FF170E
:105CA000A05240F99FF4FF9739F7FF170041601E9B
:105CB000FFBB00B961FDFF17E1040011E00313AA67
:105CC000E78B00B9217C4093E9A31229EA5F00F930
:105CD000EBF300B9E7EFFF97EA5F40F9FB0300AA97
:105CE000E78B40B9E9A35229EBF340B9806300B4D4
:105CF000F90300AA4BFDFF17C7008052C8FEFF172B
:105D0000442840398CFDFF17E0C740F9F86B41B9D2
:105D100000001BCBE09700B91F03076B01DB433A80
:105D2000EA1700540809005100070051EFFEFF1761
:105D3000A00580525A070011A10580520700805229
:105D4000E07F05395FF7FF17E4030691E223069130
:105D5000E00313AA030080D2010080D2E98B00B9CE
:105D6000E89B00B9EBBB00B9EA6300F9E10F0094CE
:105D7000EA6340F9F703002AE98B40B91F040031B8
:105D8000E89B40B9EBBB40B920690054FBC700F960
:105D9000B7FDFF17A0058052A1058052E07F0539AD
:105DA0008CF9FF17E0F740B9014000113F00007186
:105DB0006D380054E03F40F9E1F700B9003C009134
:105DC00000EC7C9201400091E13F00F96CF9FF1773
:105DD000E0F740B9014000113F000071ED3400547C
:105DE000E03F40F9E1F700B9023C0091080040FDB6
:105DF00041F07D92E13F00F96EF9FF17E18B40B968
:105E00003F000071E19B40B920D8407A0D660054F4
:105E10006D030C8BE2031CAA440000B0FC03012AB2
:105E200084400391F8030DAA170280D2F34F00F9C2
:105E3000F95F00F9F90308AAEC6F00F9E91301B959
:105E4000FB8F00F9EB2301B9FA2701B9FBEB4FA94E
:105E5000EA9700F9280000149C070051E19B41B922
:105E600000001A8BE37740F921040011436800A970
:105E700042400091E19B01B9E0D300F93F1C007161
:105E80006C08005461034039050319CBE30318AAD9
:105E90003F00056B33B0851A7F0200718D010054FD
:105EA000E19B41B96A7E409300000A8B592800A902
:105EB00021040011E19B01B9E0D300F93F1C0071FE
:105EC0004C09005461034039424000917F02007147
:105ED00065A29F1A3300054B7F020071AC0100548C
:105EE000E58B40B93903218BBF00007180DB407A1C
:105EF0008D4D00549F0300710CFBFF54E18B40B9A2
:105F00007B0700D121040051E18B00B9D4FFFF17BA
:105F10004A0000B0E19B41B94A4103917F420071C0
:105F2000ED040054E3130CA9F86B00F9F84F40F9A5
:105F300004000014734200517F420071CD030054ED
:105F40000040009121040011445C00A942400091EE
:105F5000E19B01B9E0D300F93F1C0071CDFEFF5475
:105F6000E2430691E10315AAE00318AA4D03009449
:105F7000E0150035E0D340F9430000B0E19B41B9A2
:105F8000E20316AA64400391EBFFFF17E04F40F9CC
:105F9000E2430691E10315AA42030094205600351E
:105FA000E0D340F9410000B0E20316AA2440039177
:105FB000B5FFFF17E32B4CA9F86B40F9657E4093C2
:105FC000210400110000058B4A1400A9E19B01B9CE
:105FD000E0D300F93F1C00710C11005461034039FB
:105FE00042400091BFFFFF17E04F40F9E2430691A6
:105FF000E10315AAF86300F92A0300942053003541
:10600000E36340F944000090E0D340F9E20316AAAC
:106010006103403984400391ADFFFF17E19740B918
:106020001F03016BAB170054E0AB40B93F0140F2D6
:106030000C03000B9711981A690050361F0300716A
:106040000C2F0054FF020071E80C8052FAA29F1A34
:10605000E903192A190080D2FF8B00B9FF9B00B910
:106060005BFEFF17E2430691E10315AAE00313AAC2
:10607000E98B00B9EB9B00B9EA5F00F909030094D2
:1060800080FDFE35EA5F40F9FC0316AAE0D340F933
:10609000E98B40B9EB9B40B9E26B41B9B5F7FF170B
:1060A000FF16017141030054F804001141008052B1
:1060B000E203182AE5230691E4030691E3A3059180
:1060C000E00313AAE78B00B922060094FB0300AAA1
:1060D000EA6740F901C0388BE78B40B9E9A3522940
:1060E000EBC340B9EDFDFF17E17F45391A0080523F
:1060F000FF8B00B907008052FF9B00B91800805247
:10610000190080D2E1CDFE34C2F8FF17E203072A5E
:10611000E5230691E4030691E3A30591E00313AAA6
:1061200041008052E78B00B90A060094E9A3522986
:10613000FB0300AAEA6740F9E78B40B9EBC340B91B
:1061400049DE073661C3278BD4FDFF17E09340B9C2
:10615000012000113F0000710D1E0054E03F40F986
:10616000E19300B9022C009141F07D92E13F00F9EA
:10617000EDF8FF17E25340F9E09340B9E19300B91D
:1061800042C0208BE03F40F9E23F00F942F9FF179F
:10619000E25340F9E09340B9E19300B940C0208B4D
:1061A000F9F8FF17E25340F9E09340B9E19300B9E1
:1061B00040C0208BABF9FF17E2430691E10315AA1B
:1061C000E00313AAEC5F00F9E9C300B9EBCB00B917
:1061D000EA6B00F9B3020094C0F2FE35EC5F40F9BF
:1061E000FC0316AAEA6B40F9E0D340F9E9C340B9D1
:1061F000EBCB40B954FAFF17E04F40F9E243069168
:10620000E10315AAE36300F9A6020094A042003559
:10621000E36340F944000090E0D340F9E20316AA9A
:1062200061034039844003912EFFFF17E15F40F97D
:10623000F30318AA21F0FEB582F7FF17E17740F9C2
:10624000E88B00B9E08340F9EB9F1229E3AB0BA97F
:106250007B0300CBE20300AAE0031BAAE46700F97A
:10626000C8040094A006403905008052E3AB4BA956
:106270001F000071E46740F9B506959AE88B40B9B4
:10628000EB9F5229CBFCFF17F86B41B9E00301AA41
:106290008FFDFF17E2430691E10315AAE00313AA5D
:1062A000E98B00B9EB9B00B9EA5F00F97D0200942D
:1062B00000ECFE35E1AF5229FC0316AAF76B41B999
:1062C000EA5F40F93700174BE0D340F9E98B40B95A
:1062D0003BFAFF172821601E41310054F86B41B989
:1062E00000C0388B00001B4BE09700B92001001262
:1062F0000000072A1F030071AD33005480180035D9
:10630000F703182AC80C8052E9185037FF020071B1
:10631000FAA29F1A4FFFFF17E1AB40B9E80C805279
:106320003700000B1F0300710CFFFF54EC02184BE9
:1063300097050031FA529F1A46FFFF17A0B240B9E5
:10634000A0000037A022407960004837A05240F9F1
:10635000F4F2FF9700008012E07700B940F7FF17D2
:10636000FBA30691190080D253FCFF174400009054
:10637000F703024B844003915F400031EA0400546C
:10638000E20315AAFC03092AF503172A180280D292
:10639000F70302AAF94700F9F90304AAEB9B00B935
:1063A000EA5F00F904000014B5420051BF420071D9
:1063B0004D0200540040009121040011D96000A951
:1063C000C6400091E19B01B9E0D300F93F1C007188
:1063D000CDFEFF54E2430691E10317AAE00313AA9E
:1063E0003002009460250035E0D340F9E60316AA98
:1063F000E19B41B9EDFFFF17EA5F40F9E20317AAFD
:10640000E40319AAEB9B40B9F94740F9F703152AB1
:10641000E9031C2AF50302AAF77E40932104001128
:106420000000178BC45C00A9C6400091E19B01B934
:10643000E0D300F93F1C00718DDBFE54E24306916E
:10644000E10315AAE00313AAE98B00B9EB9B00B99D
:10645000EA5F00F913020094C0DEFE35EA5F40F9FE
:10646000E60316AAE0D340F9E98B40B9EB9B40B9AB
:10647000E19B41B9CDF6FF17E28740F9E0F740B95B
:10648000E1F700B940C0208B080040FDC9F7FF17B5
:10649000E1CB059182000035E1CF059102068052E3
:1064A000E2CB053900C0001120140038E2C3059189
:1064B0002000024BE0F300B937FDFF17E28740F9F7
:1064C000E0F740B9E1F700B940C0208BACF7FF1707
:1064D000F54740F9010080D2A022C07900001A32AD
:1064E000A0220079A1DAFEB5D6F6FF17201AF837F8
:1064F000E03F40F9013C009121F07D92E13F00F93D
:10650000000040F9E17740B9010000B9FEF4FF173F
:1065100009A5073625FDFF17E25340F9E09340B97E
:10652000E19300B940C0208BFFF7FF17E09340B91B
:10653000012000113F000071CD1E0054E03F40F9E2
:10654000E19300B9022C009141F07D92E13F00F906
:106550007AFDFF17E09340B9012000113F00007160
:106560002D1E0054E03F40F9E19300B9022C009148
:1065700041F07D9200004039E13F00F9D0FAFF1769
:106580000001669EE017F8B7E17F4539200000B0B2
:10659000250000B01F1D017100202391A54023910B
:1065A00091F7FF17E25340F9E09340B9E19300B946
:1065B00040C0208B00004079C1FAFF17E25340F938
:1065C000E09340B9E19300B940C0208BDFF9FF1799
:1065D000E1001B0B030680522100004B2204001136
:1065E00002C0228BA16AFF37031400385F0000EB62
:1065F000C1FFFF5451FBFF17E25340F9E09340B94C
:10660000E19300B940C0208BC7F9FF17E0AB40B958
:10661000C80C8052EC00000B9701180B3BFFFF17D2
:10662000E80C8052E17F40F9200040391FFC0371E3
:1066300080240054030080520200805205000014A0
:1066400042040011210400911FFC03712001005439
:106650001F00186BEA0000541803004B2004403957
:1066600000FFFF352000403963040011F7FFFF17DA
:10667000E28B00B9E39B00B9E17F00F9E18B40B9FF
:10668000E903192AE09B40B9190080D20000010BF0
:10669000E10341B9175C011BFF020071FAA29F1AC6
:1066A000CBFCFF17F54740F9E8031A2AE99B40B9EC
:1066B000EA0318AAEBBB40B9F703192A6CFBFF17D2
:1066C000E09340B9012000113F0000716D160054A5
:1066D000E03F40F9E19300B9022C009141F07D9236
:1066E00000004039E13F00F91CF8FF17E09340B982
:1066F000012000113F000071CD150054E03F40F92A
:10670000E19300B9022C009141F07D92E13F00F944
:1067100019FDFF17E09340B9012000113F000071FF
:106720006D0E0054E03F40F9E19300B9022C009156
:1067300041F07D92E13F00F9FAFBFF17E09340B989
:10674000012000113F000071AD150054E03F40F9F9
:10675000E19300B9023C009141F07D92E13F00F9E4
:10676000E6FCFF17A00580520941611EE0BB00B99D
:1067700031FCFF17E25340F9E09340B9E19300B9CF
:1067800040C0208B00004079F4F7FF17E09340B938
:10679000012000113F0000710D0A0054E03F40F954
:1067A000E19300B9022C009141F07D92E13F00F9A4
:1067B0000EFCFF17E09340B9012000113F0000716B
:1067C0008D120054E03F40F9E19300B9022C009192
:1067D00041F07D92000040B9E13F00F9DFF7FF177B
:1067E000E17F4539FA03072AFF8B00B9F703072A2F
:1067F000FF9B00B907008052680E80522196FE343C
:1068000004F7FF17E09340B9012000113F00007129
:10681000CD110054E03F40F9E19300B9022C009102
:1068200041F07D92000040B9E13F00F924FAFF17E2
:10683000E09340B9012000113F0000716D08005441
:10684000E03F40F9E19300B9023C009141F07D92B4
:10685000E13F00F92BFFFF17E09340B90120001141
:106860003F0000716D100054E03F40F9E19300B922
:10687000023C009141F07D92E13F00F945F9FF179C
:10688000A0058052A1058052E07F053940FFFF1727
:10689000E14740F9F50317AA01BDFEB5E9F5FF1779
:1068A000F34F40F9E80319AAF95F40F9FB7F00F9BB
:1068B000EC6F40F9FC0302AAFB8F40F9EA9740F91C
:1068C000E91341B9EB2341B9FA2741B91F0103EBA1
:1068D0000891839AA3F8FF17E25340F9E09340B977
:1068E000E19300B940C0208BC0FBFF17E25340F991
:1068F000E09340B9E19300B940C0208B89FBFF17BA
:10690000210080522100074BE16B01B9E2FBFF1728
:10691000E25340F9E09340B9E19300B940C0208BC5
:1069200086FCFF17E25340F9E09340B9E19300B9C8
:1069300040C0208B00004039E1F9FF174000805231
:10694000E0F300B914FCFF17E25340F9E09340B9BB
:10695000E19300B940C0208BEAFEFF17A022C07966
:1069600000001A32A0220079B7F5FF17A000003509
:106970003A008052C80C8052F7031A2AB5FDFF175F
:10698000E0AB40B9C80C80520C0400119701072BF2
:10699000FA529F1AAFFDFF17E25340F9E09340B956
:1069A000E19300B940C0208B000040396BF7FF171E
:1069B000E25340F9E09340B9E19300B940C0208B25
:1069C0006DFCFF17E29340B90203F837E03F40F94E
:1069D000002C009100F07D92E33F40F9E03F00F988
:1069E00048074039FA0301AAE29300B9670040B9A9
:1069F000FF000071F9A09F5A19F4FF17E25340F904
:106A0000E09340B9E19300B940C0208B3BFCFF17F5
:106A1000E25340F9E09340B9E19300B940C0208BC4
:106A2000000040B94DF7FF17E09340B90220001174
:106A3000E03F40F95F0000716D020054002C0091AE
:106A400000F07D92E5FFFF17E25340F9E09340B973
:106A5000E19300B940C0208B000040B998F9FF17BE
:106A6000E15F40F9F34F40F981AEFEB575F5FF17D0
:106A7000E25340F9E09340B9E19300B940C0208B64
:106A8000C4F8FF17E45340F9E39340B983C0238B64
:106A9000E33F00F9D1FFFF17A022C079E10319AA53
:106AA00000001A32A02200798FFEFF17A022C079C1
:106AB000010080D200001A32A02200798AFEFF175E
:106AC000FF8B00B9FF9B00B9EDFEFF1763030C8B32
:106AD0007FFFFF1700000000000000000000000022
:106AE000FF4314D1FD7B00A9FD030091F35301A9DD
:106AF000F30301AA21204079F40303AAE34304919C
:106B0000661A40F921781E12652240F9F55B02A948
:106B10006726407964B240B9F60302AA0280805227
:106B2000F50300AAE0E30391E32F00F9E26700B95F
:106B3000E1D30079E7D70079E33B00F9E27B00B9C4
:106B4000FF8300B9E64700F9E54F00F9E40B01B90E
:106B5000E8F0FF97800640ADE20316AAE3C3009178
:106B6000E1630191E00315AAE08701AD21F3FF97EE
:106B7000F403002AC000F837E1630191E00315AA8D
:106B8000C4EEFF971F00007194029F5AE0D3407932
:106B9000800030366022407900001A32602200798D
:106BA000E07F40F9D7F0FF97FD7B40A9E003142A6E
:106BB000F35341A9F55B42A9FF431491C0035FD68B
:106BC000FD7BBBA9FD03009123B040B9F76303A986
:106BD000F80302AA63056836F55B02A9F50300AA6B
:106BE000400840F9F35301A9F40301AAF96B04A981
:106BF0005A0040F9C00300B4566740A939FF42D398
:106C0000F703192A3F030071AD020054130080D22C
:106C100003000014FF02136B0D020054C17A73B815
:106C2000E20314AAE00315AA730600912D02009452
:106C30001F04003101FFFF54F35341A9F55B42A942
:106C4000F96B44A91F0B00B91F0B00F9F76343A9A7
:106C5000FD7BC5A8C0035FD6000B40F900C839CB47
:106C6000000B00F95A43009180FCFFB5F35341A992
:106C700000008052F55B42A9F96B44A9F2FFFF17AF
:106C8000600000941F0B00B91F0B00F9F76343A9C4
:106C9000FD7BC5A8C0035FD6000000000000000017
:106CA000440840F9440000B4C6FFFF1700008052BA
:106CB0005F0800B9C0035FD60000000000000000BC
:106CC000FD7BBDA9FD030091F51300F9610600B439
:106CD000F35301A9F30301AAF40300AA600000B46E
:106CE000012440F9410600B460B240B96122C07984
:106CF0000005003701064836E10313AAE00314AA91
:106D0000E4EDFF97F503002A622A40F9C20000B4BF
:106D1000611A40F9E00314AA40003FD61F00007139
:106D2000B5A29F5A6022407920063837612E40F97B
:106D3000E10000B460D201913F0000EB600000541C
:106D4000E00314AAF3F1FF977F2E00F9613E40F9AA
:106D5000810000B4E00314AAEEF1FF977F3E00F932
:106D600018EFFF977F22007960B240B9A003003688
:106D7000605240F963F0FF9716EFFF97F35341A974
:106D8000E003152AF51340F9FD7BC3A8C0035FD6C5
:106D900041FBFF35F35341A915008052E003152A4A
:106DA000F51340F9FD7BC3A8C0035FD6E9EEFF975A
:106DB000CEFFFF17605240F956F0FF976022C0796E
:106DC000C0F9FF3560B240B960FE0737605240F944
:106DD0001500805253F0FF97F35341A9F0FFFF17BE
:106DE000605240F94FF0FF97E2FFFF17610E40F944
:106DF000E00314AAC7F1FF97CDFFFF1700000000C2
:106E0000FD7BBAA9FD030091F55B02A9F50300AA79
:106E1000400840F9C00A00B42520C079F35301A905
:106E2000F30301AAFB7305A9FB0302AA850A18361E
:106E3000200C40F9400A00B4F76303A9740340F939
:106E4000E5030836611A40F9170080D2642240F940
:106E5000160080D2F85376B2DF0218EBE20317AACD
:106E6000C392989AE00315AA560200B480003FD658
:106E70001F0000716D210054610B40F9007C4093AC
:106E8000F702008BD60200CB200000CB600B00F98C
:106E9000C02000B4DF0218EBE20317AA611A40F920
:106EA000C392989A642240F9E00315AA16FEFFB532
:106EB000975A40A994420091E8FFFF17F96B04A983
:106EC000650A003618008052000080521A0080D2F5
:106ED000190080D21F2003D5F90700B460080034E0
:106EE000600240F9177F4093610E40F9FF0219EBF1
:106EF000760E40B9F792999A632240B91F0001EBD0
:106F00007600160BE482567AAC1900547F00176B9A
:106F1000EC170054611A40F9E2031AAA642240F9FE
:106F2000E00315AA80003FD6F603002A1F00007177
:106F3000CD0300541803166B20008052E002005469
:106F4000610B40F9D67E40935A03168B390316CB5A
:106F5000210016CB610B00F901FCFFB5F35341A9E9
:106F6000F76343A9F96B44A9FB7345A9000080525C
:106F7000F55B42A9FD7BC6A8C0035FD6E10313AA57
:106F8000E00315AAD3000094A00100356522C07962
:106F9000F76303A9AAFFFF17E10313AAE00315AAE9
:106FA000BCEDFF97E0FCFF34F96B44A96022C07987
:106FB000F76343A900001A3260220079F35341A914
:106FC00000008012F55B42A9FB7345A9FD7BC6A8B2
:106FD000C0035FD6990640F9E00314AA94420091D9
:106FE000B9FFFFB41A0040F9E20319AAE0031AAA94
:106FF0004101805293010094180400911F0000F198
:1070000018031ACB1817991AB6FFFF17640240F934
:107010001C0080D2610E40B91A0080D21F2003D517
:10702000E00304AAF803012AFA0300B42504483651
:10703000377C4093FF021AEBC9080054417F40930C
:10704000F90301AAE00304AAF70301AAF8031A2A24
:10705000E1031CAAE20317AABAEFFF97640240F902
:10706000610E40B98400178B640200F92100184BAF
:10707000610E00B9600B40F99C03198B5A0319CBC0
:10708000000019CB600B00F9A0F6FFB4640240F9D0
:10709000610E40B96522C079E00304AAF803012A11
:1070A0007AFCFFB59C6A40A994420091DDFFFF176E
:1070B000600E40F91F0004EB43020054652240B902
:1070C0005FC325EBE3010054E07B40B25F0300EBBC
:1070D0004393809AE2031CAA611A40F9E00315AABF
:1070E000630CC51A642240F9637C051B80003FD6FF
:1070F0001F000071ADF5FF54197C4093DEFFFF17B0
:10710000237C4093E00304AA7F001AEBE1031CAA4E
:1071100078909A9A197F4093E20319AA89EFFF9712
:10712000640240F9610E40B98400198B640200F9D1
:107130002100184B610E00B9E1F9FF35E10313AAF4
:10714000E00315AA53EDFF9760F9FF3497FFFF178F
:10715000597F409301908052BF00016AA0F7FF540D
:10716000662240B9610E40F9C604060B990001CBB6
:10717000C67C460B367F4093D77C0113C006009136
:1071800000001A8BE27E40935F0000EB8200005407
:1071900026070011D7001A0BE27E40938506503671
:1071A000E10302AAE00315AAB2EAFF97F80300AAD6
:1071B000400800B4610E40F9E20316AA61EFFF97A0
:1071C00060224079019080120000010A000019320B
:1071D000602200790003168BE402194B597F40931B
:1071E000600200F9640E00B9E10319AA780E00F9F3
:1071F000E40300AA772200B9F8031A2A3F031AEB26
:1072000008F2FF54F70319AA92FFFF17FC7E409380
:10721000E1031AAAE2031CAA4AEFFF97600240F9B1
:10722000F603172A610E40B900001C8B600200F9BA
:107230002100174B610E00B93FFFFF17D77E409327
:10724000E1031AAAE20317AA3EEFFF97620240F990
:10725000E10313AAE00315AA4200178B620200F9AA
:107260000CEDFF9780E6FF3450FFFF17E00315AAEF
:1072700020090094F80300AAE0FAFFB5610E40F976
:10728000E00315AAA3F0FF976022C0798101805224
:10729000F96B44A900781812A10200B945FFFF1745
:1072A0006022C07943FFFF17F35341A9F76343A955
:1072B000FB7345A92EFFFF17F96B44A9810180528A
:1072C0006022C079A10200B93AFFFF170000000058
:1072D000FD7BBEA922000090FD030091F35301A99C
:1072E000F40300AAF30301AA404C40F9600000B483
:1072F000012440F9610700B46222C07962041836A3
:10730000610E40F9C10200B442010036602240B96A
:107310007F0E00B9E003004B602A00B900008052E4
:10732000410100B4F35341A9FD7BC2A8C0035FD65D
:107330000000805242000837602240B9600E00B958
:107340000000805201FFFFB5E2FE3F3642001A32D4
:107350000000801262220079F3FFFF170050805274
:107360004000000A1F00087100FDFF54E10313AA4A
:10737000E00314AA630A00946222C079610E40F906
:1073800082FD0736E2FFFF1702032036C2001037E6
:10739000610E40F942001D326222007961FBFFB5A7
:1073A000EFFFFF17612E40F9010100B460D2019197
:1073B0003F0000EB80000054E00314AA55F0FF9753
:1073C0006222C0797F2E00F9610E40F9800480129C
:1073D0004200000A610200F97F0A00B9EEFFFF17C0
:1073E0005CEDFF97C5FFFF1720018052800200B9B6
:1073F00042001A320000801262220079CAFFFF1791
:10740000FD7BBCA9FD030091F35301A9F403012AFC
:10741000F30302AAF51300F9F50300AA7D00009416
:107420001F04007181000054800600511FF8037191
:10743000A904005463A20291E203142AE1E300913B
:10744000E00315AA070A00941F0400B100040054C9
:10745000C00100B4630E40B9E1E340396304005158
:10746000630E00B9A300F836642A40B97F00046BAC
:1074700024A84A7A40010054630240F96404009150
:10748000640200F961000039F51340F9E003142AA1
:10749000F35341A9FD7BC4A8C0035FD6E20313AA3E
:1074A000E00315AA6B0A00941F040031E1FEFF54AB
:1074B00000008012F35341A9F51340F9FD7BC4A8E5
:1074C000C0035FD6F4E30039E3FFFF176022407981
:1074D00000001A326022007900008012F6FFFF17C8
:1074E000FD7BBDA9FD030091F35301A9F40300AA9C
:1074F00040B040B9F30302AA4220C07940000037EF
:1075000022034836C200683760B240B942001332E5
:10751000622200790000133260B200B9E00314AABD
:10752000E20313AAB7FFFF97F403002A61B240B940
:107530006100003760224079A0004836E003142A39
:10754000F35341A9FD7BC3A8C0035FD6605240F945
:1075500074EEFF97E003142AF35341A9FD7BC3A8FF
:10756000C0035FD6605240F9E12F00B969EEFF9782
:107570006222C079E12F40B9E3FFFF17000000004D
:10758000230000AAE40300AA7F0840F2400847FA5B
:10759000090100541100001425144038460400D19C
:1075A00065140038C5000034E40303AAE20306AA08
:1075B000E30304AA22FFFFB5C0035FD68400028B59
:1075C000C6FFFFB41F2003D57F1400387F0004EBF3
:1075D000C1FFFF54C0035FD6E6DB07B2E6DF9FF2D0
:1075E00006000014422000D1858400F8212000917B
:1075F0005F1C00F1E9FDFF54250040F9A300068B54
:107600006300258A7FC001F2E0FEFF54E9FFFF1707
:107610002000009000804D39C0035FD600000000BC
:107620002000009000000C91C0035FD60000000015
:10763000000000000000000000000000000000004A
:107640005F2403D5820600B4258080520502A8720B
:10765000200C014E03E87B92A50C044E091040F269
:107660004A1040920002005461A0DF4C248100D1F6
:10767000420004AB238C206E448C206E631C254E8C
:10768000841C254E66BC244EC6BC264EC63C084E05
:1076900024F97FD3C624C49AC620C49A2902005470
:1076A000C60200B561A0DF4C428000F1238C206E41
:1076B000448C206EA9000054661CA44EC6BCE64E45
:1076C000C63C084E06FFFFB4631C254E841C254EA5
:1076D00066BC244EC6BC264EC63C084EE200005492
:1076E0004401098B84104092848000D1E40704CBCC
:1076F000C620C49AC624C49AC600C0DA638000D1EA
:10770000DF0000F1C610C0DA6004468BE003809A07
:10771000C0035FD6000080D2C0035FD60000000027
:107720000200669E1F0000B90402B01241F860D347
:1077300043FC60D33F00046BE80200542200022A9D
:10774000A2020034040080527F286CF22101005410
:10775000016AE8D22100679EA40680120008611E1B
:107760000100669E21FC60D3E303012A2178001208
:107770000200669E63500112217C141363200B32B9
:1077800021F80F512100040B010000B9627C60B3A5
:107790004000679EC0035FD60000000000000000AC
:1077A000FD7BBCA9FD030091F35301A9341440B93A
:1077B000F76303A9F80300AA001440B91F00146B73
:1077C0008B0B0054940600513360009117630091B5
:1077D000F55B02A98A7E4093807E7E937602008BC1
:1077E000EB02008B627A6AB8E37A6AB8420400114D
:1077F0007508C21A7F00026BC3040054E70313AA82
:10780000E60317AA09008052080080521F2003D502
:10781000E34440B8C40040B9653C0012637C105397
:10782000823C0012A524151BA97C10534220254B35
:107830004200080B6324151B407C10130020234BCF
:10784000697C10530340440B623C1033C24400B8BF
:10785000687C1013DF0207EBC2FDFF54E07A6AB8C0
:1078600080010035601100D1FF0200EBA30000543D
:107870000700001494060051FF0200EB8200005440
:10788000020040B9001000D162FFFF34141700B9A4
:10789000E00318AAB30600940004F837E00317AA1F
:1078A000040080521F2003D5634640B8020040B94F
:1078B000413C00122120234B2100040B247C101397
:1078C0008340434B6240420B413C1033014400B8BB
:1078D000447C1013DF0213EB82FEFF54E1DA74B82C
:1078E000E0CA348B81010035001000D11F0017EB76
:1078F000A80000540700001494060051FF0200EB9A
:1079000082000054010040B9001000D161FFFF3433
:10791000141700B9B5060011F35341A9E003152A65
:10792000F55B42A9F76343A9FD7BC4A8C0035FD6FA
:10793000F35341A900008052F76343A9FD7BC4A81B
:10794000C0035FD60000000000000000000000003F
:10795000FD7BB4A9FD030091062840F9F35301A96A
:10796000F30300AAF55B02A9F40304AAF76303A9D1
:10797000F703012AF80305AAF96B04A9FA03022AFE
:10798000FB7305A91C00669EE34300F9E827066D1A
:107990000840601E060100B4035840B9220080521E
:1079A000E10306AA4220C31AC308012989040094EE
:1079B0007F2A00F90001669E0941601E0100805285
:1079C00000FC60D3F503002AA000F83615780012F9
:1079D00021008052BC7E60B38903679EA22A0C12EC
:1079E000810200B900FEAF525F00006B800E0054B0
:1079F0002821601E61020054E14340F920008052BA
:107A0000200000B9980000B42000009000442491A8
:107A1000000300F937000090F7422491F35341A985
:107A2000E00317AAF55B42A9F76343A9F96B44A9E0
:107A3000FB7345A9E827466DFD7BCCA8C0035FD644
:107A40002041601EE2E30291E1F30291E00313AAF8
:107A5000D8060094F40300AAA07E1453A00C0035AD
:107A6000E30757290001669E6100010B22C810112F
:107A70005F800071AD2E005425481011040880521B
:107A80008200024B0024C51AB522C21AA002002AA5
:107A90000000631E2004005121008052E1A700B9BC
:107AA00004C2BF520200669E41FC60D32100040B59
:107AB000227C60B34200679E01106F1E210000F01F
:107AC0000300621E4138611E247840FD210000F051
:107AD000207C40FD210000F02000441F228040FD5A
:107AE0006000421F1820601E0500781E442A0054C2
:107AF0006000004B06040051BF5800710828005474
:107B0000210000F02180059120D865FC1020691E1D
:107B10002C2D0054FFA300B9070080521F000071F4
:107B20008C00005427008052E700004B0600805272
:107B3000C600050B1B008052E58B00B9FF260071C3
:107B400068070054FF1600716D280054F7120051A9
:107B500019008052FF0E0071605900542D2F0054FF
:107B6000FF120071A12D005420008052E07B00B96B
:107B70005F0300716D530054F5031A2AE0031A2ABB
:107B8000FAAB00B9047C40931F7C0071CD05005412
:107B9000230080528200805242781F53E103032A5F
:107BA00063040011407C4093007000911F0004EBBF
:107BB00049FFFF54615A00B926000014E14340F91F
:107BC000E0E18452200000B92001669E1FCC40F203
:107BD0000102005437000090186200B420000090A9
:107BE000F7E2259100002691000300F98CFFFF17B2
:107BF0002201669EE3BB40B900FC0F51FFA700B90C
:107C000041CC60D321240C32227C60B3AAFFFF1741
:107C100037000090F85F00B420000090F722269112
:107C2000002C2691000300F97DFFFF1739008052D8
:107C300017008052150080121A008052F97B00B99B
:107C4000F5AB00B9010080527F5A00B91F2003D55F
:107C5000E00313AAE79B1129E59B00B9B90300943F
:107C6000E79B5129F60300AAE59B40B9C07200B416
:107C7000BF3A0071762A00F9E0879F1AE303152ABC
:107C80000400190A1F00196AE00A0054E08B40B989
:107C90001F0000716D440054E403002A210000F02D
:107CA000E00304AA21800591020C4092807C041319
:107CB000207862FCE10304AA014E4036210000F066
:107CC000000C00126200805221A840FD2119611EA3
:107CD00060010034210000F021C004911F2003D571
:107CE00080000036220040FD420400110008621EA0
:107CF000007C01132120009140FFFF352118601EF8
:107D0000E0A340B98000003400106E1E3020601ED9
:107D1000C45400544200621E0090631E0298BF5279
:107D20004000411F0000669E01FC60D32100020B51
:107D3000207C60B3153E0034FC8B40B9E403152A67
:107D40002100781E0200679E82040051280000F086
:107D500008810591C90600912000621E20C0001113
:107D6000E17B40B9001C001203D962FC2138601E7F
:107D7000E148003400106C1EC00200390018631E78
:107D80000038621E1020611E4C6800542200805290
:107D9000E00309AA4200094B04106E1E0390641E02
:107DA0000A0000142108631E0008631E2100781ECB
:107DB0002200621E21C00011011400382138621E09
:107DC0003020601E245E00548238611E5020601EE8
:107DD000C41700544100000B3F00046B4BFEFF54DE
:107DE0003C01669EE0BF40B9E18B40B91F000071C5
:107DF00020A84E7A6D3D0054E17B40B9813C0034AF
:107E0000FF0600716D4F0054A30600517F03036B02
:107E10000B520054E000154BE08F00B96303034B95
:107E2000755EF836E00313AA21008052E79300B98B
:107E3000E69B00B9E5A700B9E3AF00B9F9030094E8
:107E4000E79340B9F90300AAE69B40B9E5A740B91A
:107E5000E3AF40B9E18F40B93F000071C4C8407A38
:107E6000ED0000543F00066B20D0861AE700004B5F
:107E7000C600004B2100004BE18F00B9FB0100342C
:107E8000E07B40B9E04C003483510035E10314AA93
:107E9000E2031B2AE00313AAE79300B9E69B00B9AB
:107EA000E5A700B98B040094E79340B9F40300AA56
:107EB000E69B40B9E5A740B9E00313AA2100805230
:107EC000E79300B9E69B00B9E5A700B9D503009494
:107ED000E5A740B9FB0300AAE79340B9E69B40B988
:107EE00065380035FF0600718D1C0054200080525B
:107EF000C000000B001000720031005401048052D9
:107F00002100004B3F1000712D440054810380522A
:107F10002000004BE18F40B9E700000BC600000BCA
:107F20002100000BE18F00B9FF0000714D010054EA
:107F3000E10314AAE203072AE00313AAE69300B9B7
:107F4000E59B00B9AB040094E69340B9F40300AAA2
:107F5000E59B40B9DF0000710D010054E1031BAA4D
:107F6000E203062AE00313AAE59300B9A1040094F2
:107F7000FB0300AAE59340B9E0A340B9FF0A0071F2
:107F8000E4D79F1AE0180035BF02007184D8407A08
:107F9000E00D00549527003503008052A200805266
:107FA000E1031BAAE00313AA12030094FB0300AA37
:107FB000E1031BAAE00314AAF70316AAE90400943C
:107FC0001F0000710D260054E08B40B9D6060091C9
:107FD0001C04001120068052E0020039E1031BAAB4
:107FE000E00313AAFB020094590800B4E10319AAA4
:107FF000E00313AAF70200943E000014210080520F
:10800000E1A300B907008052E600F83725D9FF3612
:10801000E700054BFB03054BE58B00B905008052DB
:10802000C7FEFF172700805206008052E700004B72
:10803000F7FFFF17A100621E2020601EE1079F1AB4
:10804000A500014BABFEFF17E203024B0020C21A52
:1080500090FEFF1739008052FF0E0071403100542E
:108060000CD8FF54FF0A0071C05300547F5A00B966
:10807000E00313AA01008052E77B00B9E6971129BB
:10808000B0020094E77B40B9F60300AAE6975129B5
:10809000A05100B4000080121A008052E303002AAD
:1080A000F503002A762A00F9F97B00B9E0AB00B9A4
:1080B0004DFFFF17A5040051FFA300B9D2FFFF1722
:1080C0001F0016EBA0420054E20300AA01FC5F3837
:1080D0003FE4007160FFFF5421040011211C0012D5
:1080E000F70316AAF60302AA010000391F2003D5E0
:1080F000E10314AAE00313AAB6020094DF020039D8
:10810000E14340F980070011200000B998C8FFB48E
:10811000160300F942FEFF1720008052B70080527C
:10812000E07B00B9E08B40B94003000BE0AB00B945
:1081300015040011BF020071A0C69F1A92FEFF171E
:1081400057008052FF7B00B98AFEFF17E07B40B9E1
:10815000000E0034E28F40B95F000071ED00005462
:10816000E10319AAE00313AAE57B00B921040094F6
:10817000E57B40B9F90300AAF93F00F9453E003517
:10818000D5C2358B80030012F64B00F9E0A700B989
:10819000E1031BAAE00314AA82FDFF971AC0001195
:1081A000E10319AAE0A300B9E00314AA6D04009446
:1081B000E23F40F9E1031BAAE08F00B9E00313AAF4
:1081C0007C040094E10300AA001040B9801100353E
:1081D000E00314AAE14F00F962040094E203002ACC
:1081E000E14F40F9E00313AAE29B00B97902009441
:1081F000E29B40B9E002022AC0140035E0A740B972
:10820000E03F0034E08F40B96012F837E04B40F9AE
:108210001A140038E04B00F9BF0200EB003D005497
:10822000E10314AA0300805242018052E00313AA22
:1082300070020094F40300AAE03F40F9E10319AA98
:1082400003008052420180523F0300EBE00313AA77
:10825000E010005467020094F90300AAE13F40F9DE
:10826000E00313AA0300805242018052610200948D
:10827000E03F00F9C7FFFF179FCF40F281E3FF54B3
:1082800080FF60D31F286CF220E3FF54250080524A
:10829000E7040011C6040011E003052A15FFFF17CB
:1082A000E1031BAAE00314AAE59300B9E49B00B91B
:1082B0002C040094E59340B9E49B40B960E6FF3696
:1082C000E08B40B9E10314AA0300805242018052BE
:1082D00000040051E08B00B9E00313AAE59300B954
:1082E000E49B00B943020094F40300AAE07B40B988
:1082F000E59340B9E49B40B9E0390035E0AB40B9C3
:108300001F000071F503002A84D8407A41E4FF542D
:10831000170080D207000014E10314AAE00313AA97
:10832000030080524201805232020094F40300AAFA
:10833000E1031BAAE00314AA1AFDFF971AC000115B
:10834000DA6A3738F7060091BF02176B6CFEFF54EC
:10835000BF020071B5060051200080D215D4959A55
:10836000D502158B170080D222008052E10314AA97
:10837000E00313AA9F030094E1031BAAF40300AADD
:10838000F80300941F0000718C0000543D0100149C
:10839000BF0216EB80280054E20315AAB50600D1EF
:1083A00040F05F381FE4007140FFFF54FC8B40B980
:1083B00000040011A0020039E1031BAAE00313AA84
:1083C000E23F00F903020094E23F40F9B91D00B416
:1083D000FF0200F1E41259FAC0000054E10317AAA9
:1083E000E00313AAE23F00F9FA010094E23F40F9EA
:1083F000F70316AAF60302AAFDFEFF17E00313AA6D
:10840000F4010094E08F40B9C000F837E08F40B924
:108410009C030012E002002A9C03002ABC040035E1
:1084200022008052E10314AAE00313AA710300940E
:10843000E1031BAAF40300AACA0300941F00007101
:108440008D3100545FE70071002C0054E0A340B967
:108450001AC40011E24B40F9F70319AAF93F40F999
:10846000FC8B40B95A140038D4FFFF17E101009487
:10847000F90300AAE03F00F946FFFF171B0080D276
:10848000190080D2FC033A2AF70316AAD4FEFF177C
:10849000E08F40B94030F837E1A740B9E002002A48
:1084A0002000002AC02F00345F0000710DEBFF5444
:1084B0005FE70071A0280054E24B40F95A07001111
:1084C000F70319AAFC8B40B9F93F40F95A14003858
:1084D000BAFFFF174200621E0090631E0298BF524F
:1084E0004000411F0000669E01FC60D32100020B8A
:1084F000207C60B30290621E0000679E2138621EDD
:108500003020601E6C0600540040611E3020601E4A
:1085100064FBFF5433FEFF17800380527EFEFF177B
:10852000E0130054E08B40B9210000D02180059178
:10853000E003004B020C4092007C0413227862FCA2
:108540002209621EC02900344140601E210000D073
:1085500021C0049108008052420080521F2003D5A0
:10856000A0000036200040FD42040011E803042A68
:108570002108601E007C01132120009120FFFF359F
:108580001F010071211C621EDEFDFF17E3031B2A81
:10859000190080D2FF7B00B9E78F00B92EFEFF17CC
:1085A000200000D0008005915F030071A0BA407ADE
:1085B00001D861FCEC15005435F6FF350090621EC1
:1085C0002108601E8003679E3020601E8AF5FF54DC
:1085D000F70316AA1B0080D2190080D27BFEFF177A
:1085E0003A008052F5031A2A96FDFF17E10300AA0C
:1085F000E203052AE00313AAE79300B9E69B00B95A
:10860000B4020094E79340B9FB0300AAE69B40B98B
:10861000FF0600710D02005405008052601740B93A
:10862000E79300B900040051E69B00B9E5A700B943
:1086300060CB208B001840B9B20100940104805235
:10864000E79340B9E69B40B92000004BE5A740B94D
:1086500028FEFF179FCF40F201FEFF5480FF60D33A
:108660001F286CF2A0FDFF54E7040011C60400119E
:1086700025008052EAFFFF172141601E4200805210
:1086800094FDFF17FF7B00B9A7FEFF17C00200395A
:108690004208631EC042248BE20309AA0390641EB1
:1086A0009F040071401C00542108631E2100781EA5
:1086B0002000621E21C00011411400382138601EC4
:1086C0001F0002EB21FFFF5400106C1E4328601EA8
:1086D0007020611EA4CFFF540038621E1020611E5E
:1086E0008C040054E0BF40B93C01669E1F0000713D
:1086F000E08B40B900A84E7AACF4FF54E08B40B94F
:10870000F70316AAF60309AA01D960FC2019611E15
:1087100060040051C002008B0390641E0100781EAB
:108720002000621E22C00011E202003900A4411F95
:10873000BF06007141010054970000140218611E29
:108740004100781E2200621E22C00011C2160038AD
:108750004080411F1F0016EB001200540008631EEA
:108760000820601EC1FEFF54FC8B40B961FEFF175C
:10877000E20300AA01FC5F383FC00071A0FFFF5474
:10878000F70316AAF60302AA5AFEFF1781078052C2
:108790002000004BA0BCFF54DFFDFF172141601EED
:1087A0004200805257FDFF1775E9FF34E4AB40B932
:1087B0009F0000716DB1FF54420400110390641ECC
:1087C0000090631EE08B40B94200621E2108631EC8
:1087D0001C0400510898BF522000421F0000669EF2
:1087E00001FC60D32100080B207C60B355FDFF170E
:1087F000E1A740B98109003400CC1011E3031B2A22
:10880000C600000BE78F00B9E700000B86FDFF17DD
:10881000F722269182FCFF17F7E2259180FCFF17D3
:10882000E10314AAE2031B2AE00313AAE79300B9A9
:10883000E69B00B9E5A700B926020094E79340B98A
:10884000F40300AAE69B40B9E5A740B99BFDFF17DA
:1088500060001B4BC600150BFB03032AA500000B91
:1088600003008052E78F00B9A702070B6EFDFF17C8
:10887000F70316AA8903679ED6060091A4FFFF1787
:1088800041000054BAD80737E20315AAB50600D153
:1088900040F05F381FC0007180FFFF54FC8B40B96F
:1088A000C6FEFF17E08B40B91C0400112006805261
:1088B000C0020039C1FEFF17E203032AE10319AA2F
:1088C000E00313AAE39300B9E79B00B9E6A700B958
:1088D000E5AF00B9FF010094E20314AAF90300AA6E
:1088E000E10319AAE00313AA7E010094E10314AA8C
:1088F000F40300AAE00313AAB6000094E39340B97E
:10890000E79B40B9E6A740B97B03036BE5AF40B9ED
:1089100040ADFF545EFDFF179C07001121068052F9
:10892000F0FDFF17E1BB40B9C0068052E3031B2AEC
:10893000E78F00B90000014BC600000BE700000BF9
:1089400039FDFF17210B40B9E00313AA7D00009405
:10895000FA0300AAA00A00B4221780B921430091AB
:10896000004000914208009142F47ED375E9FF97E0
:10897000E1031AAAE00313AA220080521D02009408
:10898000E03F00F9FFFDFF17F70316AAF60300AA60
:10899000D8FDFF17E00316AA0028601E1020611EF4
:1089A0000C0200540020611E41000054A101003758
:1089B000FC8B40B9F60300AACEFDFF17F70319AAF6
:1089C000F93F40F969FEFF17F54B40F9F70319AA83
:1089D000F93F40F920078052A01600386FFEFF17BC
:1089E000FC8B40B9F60317AAB8FDFF17C600150B9C
:1089F000E78F00B9A702070B0BFDFF175FE70071B8
:108A000040FEFF54E24B40F9F70319AAFC07512935
:108A1000E0A340B93F00007100C40011F93F40F9E4
:108A20001AC09A1A5A14003864FEFF17E00309AA04
:108A300026FFFF17E10319AAE00313AA03008052DF
:108A400042018052E57B00B9E49300B969000094CB
:108A5000F5AB40B9F90300AAE49340B9BF02007135
:108A600084D8407A21010054E57B40B9BAFDFF1754
:108A700021CFFF549ACE073777FEFF174140601E83
:108A8000420080529FFCFF17F5AB40B942FDFF1733
:108A9000F70316AAF60309AA96FDFF175F000071F7
:108AA0000CCCFF546CFEFF17030000F0000000F038
:108AB0006340269100A02691020080D2E15D8052A1
:108AC000B8A8FF97030000F0000000F06340269173
:108AD00000A02691020080D2E1358052B1A8FF9714
:108AE000FF7B00B923FCFF1700000000000000001E
:108AF000FF4300D13F0000F1E03300910100819A73
:108B0000220100B4630100B440004039200000B9E4
:108B1000400040391F000071E0079F1AFF43009199
:108B2000C0035FD600008052FF430091C0035FD6B0
:108B300020008012FAFFFF17000000000000000074
:108B4000FD7BBEA9FD030091023440F9F35301A956
:108B5000F30300AAF403012A420100B4817E40938A
:108B6000407861F8E00100B4030040F9437821F84F
:108B70001F0800F9F35341A9FD7BC2A8C0035FD6CB
:108B8000220880D2010180D22A050094603600F9C3
:108B9000E20300AA40FEFFB5000080D2F6FFFF17F7
:108BA00021008052E00313AA3320D41A210080D27E
:108BB000627E4093421C009142F47ED31D050094D6
:108BC000C0FEFFB4144C0129EAFFFF1700000000AB
:108BD000C10000B4003440F9220880B9037862F87B
:108BE000230000F9017822F8C0035FD600000000DE
:108BF000FD7BBCA927600091050080D2FD03009198
:108C0000F35301A9F303032A341440B9F55B02A915
:108C1000F50301AAF60300AAE47865B8833C0012C4
:108C2000847C1053634C021B663C0012637C10531F
:108C3000830C021BC440030BE47825B8A504009103
:108C4000737C10539F02056B8CFEFF54130100349C
:108C5000A00E40B91F00146B4D010054A0CA348B04
:108C600094060011131800B9B41600B9F35341A9C2
:108C7000E00315AAF55B42A9FD7BC4A8C0035FD63B
:108C8000A10A40B9E00316AAF71B00F9210400115C
:108C9000ACFFFF97F70300AA600200B4A21680B9E8
:108CA000A1420091004000914208009142F47ED31D
:108CB000A4E8FF97C03640F9A10A80B9027861F8AC
:108CC000A20200F9157821F8F50317AAA0CA348B7F
:108CD00094060011F71B40F9131800B9B41600B937
:108CE000E3FFFF17030000F0000000F0634026914F
:108CF00000202891020080D24117805229A8FF97B6
:108D0000E103002AE2FF9F52000080523F00026B05
:108D100068000054213C10530002805202E0BF1250
:108D20003F00026B6800005400200011215C1853C2
:108D30000200BE123F00026B6800005400100011D8
:108D4000216C1C530200B8123F00026B89000054D2
:108D5000E103212A007C410BC0035FD622741E531D
:108D6000C100E8375F0062F2000C0011010480527C
:108D70000010811AC0035FD600080011C0035FD63F
:108D8000E20300AA00008052410040B93F0840F2CF
:108D9000E0000054A1000037A1030836217C0153F4
:108DA00020008052410000B9C0035FD63F3C0072F2
:108DB00061000054217C1053000280523F1C00725D
:108DC0006100005400200011217C08533F0C40F248
:108DD0006100005400100011217C04533F0440F254
:108DE0006100005400080011217C0253810000370B
:108DF00000040011217C015361000034410000B9DE
:108E0000C0035FD600048052C0035FD6217C0253AA
:108E100040008052410000B9C0035FD6000000004E
:108E2000FD7BBEA9FD030091023440F9F35301A973
:108E3000F30300AAF403012A820100B4400440F9BC
:108E4000E00200B4010040F9410400F9210000D023
:108E5000141800B9F35341A9208840FD000800FD13
:108E6000FD7BC2A8C0035FD6220880D2010180D258
:108E700070040094603600F9E20300AA00FEFFB51A
:108E8000030000F0000000F06340269100202891CC
:108E9000020080D2A1288052C2A7FF97E00313AA44
:108EA000820480D2210080D262040094A0FEFFB42C
:108EB000210000D0141800B9F35341A9208440FDCB
:108EC000210000D0000400FD208840FD000800FDC6
:108ED000FD7BC2A8C0035FD60000000000000000B8
:108EE000FD7BBCA9FD030091F55B02A9F50301AA76
:108EF000361440B9F71B00F9571440B9F35301A9D0
:108F0000F40302AADF02176BEB000054E203172AF6
:108F1000E10314AAF703162AF40315AAF603022A9A
:108F2000F50301AA810A4129F302160B5F00136BB6
:108F300021A4811A03FFFF97800B00B40760009102
:108F4000E8C8338BE30307AAFF0008EB8200005454
:108F50007F4400B81F0103EBC8FFFF54A6620091D5
:108F60008B620091C9C8368B65C9378BDF0009EB6E
:108F700022080054AA0014CB946600914A6500D1DF
:108F8000810080D24AF57E92BF0014EB4A01018B2A
:108F90004A21819A07000014637C1053C3030035F3
:108FA000C6100091E71000913F0106EB49060054FE
:108FB000C30040B96D3C007200FFFF54EC0307AAE8
:108FC000E4030BAA0E008052814440B8830140B9EB
:108FD000223C00126F3C0012217C1053637C105322
:108FE000423C0D1B210C0D1B42000E0B2140420B7D
:108FF000223C1033824500B82E7C1053BF0004EB96
:1090000048FEFF54EE682AB8C30040B9637C105391
:1090100083FCFF34E10040B9ED0307AAE4030BAA87
:109020000E008052EC03012A820040794238031B73
:1090300042404C0B413C1033A14500B8814440B83C
:10904000AC0140B9217C10538E3D00122138031B26
:109050002140420B2E7C1053BF0004EB68FEFF54EE
:10906000C6100091E1682AB8E71000913F0106EBB5
:1090700008FAFF547F0200718C00005405000014B0
:10908000730600716000005401CD5FB8A1FFFF348A
:10909000F55B42A9F71B40F9131400B9F35341A93A
:1090A000FD7BC4A8C0035FD6030000D0000000D041
:1090B0006340269100202891020080D2412C8052EA
:1090C00038A7FF970000000000000000000000002B
:1090D000FD7BBDA9FD030091F35301A9F303022A0F
:1090E00042040072F55B02A9F60300AAF50301AA87
:1090F000C1040054737E0213F3020034D43240F9E9
:10910000540500B4F3000037737E0113530200349A
:10911000800240F9A00200B4F40300AA73FF0736EE
:10912000E20314AAE10315AAE00316AA6DFFFF9754
:10913000D50000B4C13640F9A20A80B9237862F89C
:10914000A30200F9357822F8F50300AA737E011313
:1091500013FEFF35F35341A9E00315AAF55B42A9BD
:10916000FD7BC3A8C0035FD6E20314AAE10314AADF
:10917000E00316AA5BFFFF97800200F9F40300AA40
:109180001F0000F9E6FFFF1742040051240000B061
:10919000846004910300805282D862B895FEFF97E4
:1091A000F50300AAD4FFFF17E00316AA210080529E
:1091B00064FEFF97F40300AAE00000B4200080D210
:1091C000204EC0F2804201F8D43200F99F0200F92B
:1091D000CDFFFF17030000D0000000D063402691B0
:1091E00000202891020080D2A1288052EDA6FF978E
:1091F000FD7BBCA9FD030091F76303A9587C05130F
:10920000371440B9230C40B91703170BF35301A9C6
:10921000F40301AAF55B02A9F5060011210840B983
:10922000F303022AF60300AABF02036BAD00005449
:1092300063781F5321040011BF02036BACFFFF547E
:10924000E00316AA3FFEFF97A00700B40560009157
:109250001F0300712D010054041B0011E30305AA34
:1092600004C8248B1F2003D57F4400B87F0004EB83
:10927000C1FFFF54A548388B861680B983620091E0
:10928000671200726608068B80040054080480523E
:10929000E10305AA0801074B040080521F2003D5F3
:1092A000620040B94220C71A4200042A224400B892
:1092B000644440B88424C81ADF0003EB28FFFF543D
:1092C000C10014CB82660091216400D1DF0002EB63
:1092D00021F47E92820080D22100028B2120829A8A
:1092E000A46821B844000035F503172AC13640F9B7
:1092F000820A80B9F76343A9237862F8151400B98C
:10930000F55B42A9830200F9347822F8F35341A9AE
:10931000FD7BC4A8C0035FD6614440B8A14400B837
:10932000DF0003EB29FEFF54614440B8A14400B8BC
:10933000DF0003EB28FFFF54ECFFFF17030000D012
:10934000000000D06340269100202891020080D2C6
:10935000C13B805293A6FF97000000000000000070
:10936000221440B9E50300AA001440B90000026BC2
:10937000E1010054437C7E93A5600091216000913F
:10938000A200038B2100038B03000014BF0002EB3B
:10939000E200005444CC5FB823CC5FB89F00036B5D
:1093A00060FFFF540000801200349F1AC0035FD694
:1093B000FD7BBDA9FD030091F35301A9F30301AAAD
:1093C000F40302AA211440B9421440B9F51300F97C
:1093D0002100026B41020035427C7E936162009164
:1093E000846200912300028B8400028B030000142E
:1093F0003F0003EB620A005466CC5FB885CC5FB8CF
:10940000DF00056B60FFFF54E10314AAF5279F1AE4
:109410009432939A7332819A05000014E10314AADE
:10942000F5579F1A9442939A7342819A810A40B9E0
:10943000C4FDFF97000B00B4681680B989620091E3
:10944000871640B9626200910B600091050380D2DB
:109450004808088B010080522AC9278B151000B9D3
:10946000866A65B8646A65B8C33C0012C67C10534E
:109470006320244BC440444B6300010B8440830BA6
:10948000833C1033036825B8A5100091817C10132C
:109490006402058B1F0104EB48FEFF54040113CB4B
:1094A00062660091846400D11F0102EBE6379F1AC7
:1094B000880080D282FC42D3DF0000714504009115
:1094C000A5F47ED3A510889A2801058B6501058B2C
:1094D0005F0108EB890400544A0500D1040080D2E2
:1094E0004A0108CB49FD42D3027964B83F0104EB3D
:1094F0004300010B2120220B427C10534140810B81
:10950000233C1033A37824B8217C101384040091E9
:10951000C1FEFF544AF57E92A1000A8B83000035FC
:1095200022CC5FB8E7040051C2FFFF34071400B932
:10953000F35341A9F51340F9FD7BC3A8C0035FD6DF
:10954000010080527FFDFF97800100B4210080D28E
:10955000014001F8F35341A9F51340F9FD7BC3A87D
:10956000C0035FD642F47ED3DF00007142109F9AA1
:109570006101028BEAFFFF17030000D0000000D05A
:109580006340269100202891020080D2E14680525B
:1095900004A6FF97030000D0000000D0634026918E
:1095A00000202891020080D2A1488052FDA5FF979B
:1095B000FD7BBCA9FD030091E81300FD0840601E7F
:1095C000F35301A9F40301AAF30302AA2100805274
:1095D0005CFDFF97E00700B40301669EE40300AA68
:1095E00065F874D360CC60D301000C32BF00007109
:1095F0002010801AE03F00B983020035E0F30091AB
:10960000E0FDFF97E13F40B923008052831400B989
:1096100000800011811800B9A5030034A5CC1051B9
:10962000E81340FDA500000B850200B9A306805297
:109630006300004B630200B9E00304AAF35341A99D
:10964000FD7BC4A8C0035FD6E0E30091E83B00BD0A
:10965000CCFDFF97E13F40B980030034E33B40B9C4
:10966000E203004B2220C21A4200032A2124C01A1E
:10967000E13F00B93F00007182040329E3079F1A0C
:1096800063040011831400B9A5FCFF3561008092CA
:1096900000C8105121C8238B800200B98000018BC3
:1096A00063681B53001840B996FDFF97E81340FD0F
:1096B0006300004B630200B9F35341A9E00304AA1D
:1096C000FD7BC4A8C0035FD6E23B40B9EAFFFF17A9
:1096D000030000D0000000D06340269100202891B4
:1096E000020080D2E1618052AEA5FF970000000029
:1096F000FD7BBAA9FD030091F55B02A9F50302AA5F
:10970000211000B4F35301A9F30301AAF60300AA40
:10971000F76303A9784200D1B45E0091F96B04A904
:1097200054E3FF97F90318AA000740F917F47E9253
:109730009FBA00F108090054010080523F000071F7
:10974000140480D2800255FA43090054FF0214EB3E
:109750004A0A0054010000B0FB7305A93CC02191E6
:109760000203178B830B40F9410440F97F0002EBA1
:10977000A00E005423F87F924300038B630440F94A
:10978000630B003721F47E92E302018B9F0203EB0F
:109790008D070054800100377B025FF81B031BCB51
:1097A000600740F900F47E922100008B3A00178B8D
:1097B0009F021AEBED180054FA02008B9F021AEB7D
:1097C0006D140054E10315AAE00316AA29E1FF97DE
:1097D000F50300AA201D00B4010740F9024000D1A2
:1097E00021F87F920103018B3F0002EB40110054EE
:1097F000E22200D15F2001F1681600545F9C00F165
:1098000048110054E10313AA220040F9020000F9B4
:10981000220440F9020400F9210840F9010800F986
:10982000E10313AAE00316AA3AE7FF97E00316AA9A
:1098300014E3FF97F35341A9E00315AAF55B42A98E
:10984000F76343A9F96B44A9FB7345A9FD7BC6A83F
:10985000C0035FD694EE7C92E17B40B29F0201EBA5
:10986000E1979F1A3F000071800255FA02F7FF54FA
:1098700080018052150080D2C00200B9150000148A
:10988000410041A9F70303AAFB7345A9200C00F985
:10989000010800F91F2003D5210740F9E00214CB8D
:1098A0002203178B210040921F7C00F148030054D3
:1098B000E10201AA210700F9400440F9000040B28A
:1098C000400400F9F50313AAE00316AAEDE2FF979E
:1098D000F35341A9E00315AAF55B42A9F76343A935
:1098E000F96B44A9FD7BC6A8C0035FD6C0F6073755
:1098F0007B025FF81B031BCB600740F900F47E92EC
:10990000AEFFFF17F55B42A9E10302AAFD7BC6A8E3
:10991000D8E0FF172403148B810201AA210700F964
:10992000030040B281400091E00316AA830400F9CD
:10993000430440F9630040B2430400F9F5E6FF97A1
:10994000E1FFFF1721F47E92838200912200178BA2
:109950005F0003EB4A0E005460F307377B025FF8A9
:109960001B031BCB600740F900F47E922100008BA3
:109970003A00178B7F001AEB0CF2FF54F5031BAA79
:10998000E22200D1600F40F9A10E41F8200C00F94D
:10999000010800F95F2001F168110054E00315AAE5
:1099A0005F9C00F129010054600240F9600B00F94E
:1099B000600640F9600F00F95FDC00F1C810005448
:1099C0007342009160830091610240F9010000F947
:1099D000610640F9010400F9610A40F9010800F943
:1099E0006203148B410314CB820B00F9210040B2B7
:1099F000E00316AA410400F9610740F921004092F2
:109A0000210014AA610700F99EE2FF97FB7345A9A4
:109A1000B0FFFF17200440F9FB7345A900F47E92C4
:109A2000F702008B9DFFFF17600240F9A00200F9CA
:109A3000600640F9A00600F95FDC00F1E80500547B
:109A400061420091A042009170FFFF17F5031BAA2D
:109A5000E22200D1A10E41F8600F40F9200C00F97C
:109A6000010800F95F2001F108040054E00315AA81
:109A70005F9C00F129010054600240F9600B00F97D
:109A8000600640F9600F00F95FDC00F14806005401
:109A90007342009160830091610240F9010000F976
:109AA000610640F9010400F9610A40F9010800F972
:109AB000F9031BAAF30315AAFB7345A9F7031AAA16
:109AC00076FFFF17E10313AA1EE5FF9755FFFF1767
:109AD000410041A9200C00F9F5031BAAE22200D1A4
:109AE000010800F9DCFFFF17E10313AAE00315AA40
:109AF00014E5FF97EFFFFF17600A40F9A00A00F98D
:109B0000600E40F9A00E00F95F2001F1000400543E
:109B100061820091A08200913CFFFF170303148B28
:109B2000410014CB830B00F9210040B2E00316AAD8
:109B3000F50313AA610400F9010740F921004092DE
:109B4000210014AA010700F94EE2FF97FB7345A913
:109B500060FFFF17600A40F9601300F9600E40F9DA
:109B6000601700F95F2001F1000200547382009138
:109B700060C30091C9FFFF17E00316AA150080D249
:109B800040E2FF97FB7345A952FFFF17601240F9AF
:109B9000A01200F961C20091A0C20091621640F9C2
:109BA000A21600F919FFFF17601240F9601B00F9B7
:109BB00073C200916003019161825FF8611F00F937
:109BC000B6FFFF17E10313AAE00315AADDE4FF9730
:109BD00084FFFF17600A40F9601300F9600E40F936
:109BE000601700F95F2001F180000054738200913A
:109BF00060C3009175FFFF17601240F9601B00F908
:109C000073C200916003019161825FF8611F00F9E6
:109C10006EFFFF17000000000000000000000000C1
:109C2000E30300AA410100B45FFC03718800005403
:109C30002000805222000039C0035FD641118052BB
:109C400000008012610000B9C0035FD6000080529E
:109C5000C0035FD60000000000000000000000000C
:109C6000FD7BBDA904F00491FD030091F35301A90C
:109C7000F30303AA7F0200F1030000D09300939A3C
:109C8000F40300AA647041F9E30313AA210100B4AC
:109C900080003FD6E103002A207C40933F0400313E
:109CA00060010054F35341A9FD7BC3A8C0035FD6F4
:109CB000E18300910200805280003FD6E103002A38
:109CC000207C40933F040031E1FEFF547F0200B945
:109CD00041118052810200B900008092F35341A9E2
:109CE000FD7BC3A8C0035FD6000000000000000099
:109CF000E50304AAE40303AA0300809269010014A7
:109D0000FD7BB5A9FD0300912220C079F35301A981
:109D1000F30301AA2201083620DC019121008052C0
:109D2000600200F9600E00F9612200B9F35341A905
:109D3000FD7BCBA8C0035FD62124C079F40300AA21
:109D4000F55B02A9F71B00F98103F837E2230191C3
:109D5000900000940003F837E04F40B9168080D29D
:109D600015008152E10316AA000C14121F0840715D
:109D7000E00314AAF7179F1ABEDFFF97200300B570
:109D80006022C0796005483700741E1261DE0191BF
:109D9000F55B42A900001F32F71B40F922008052F8
:109DA000610200F960220079610E00F9622200B9B7
:109DB000DFFFFF176222C0795F0079F2000880D2CE
:109DC000168080D2D602809AE10316AAE00314AA74
:109DD0001700805215008052A6DFFF9720FDFFB4C8
:109DE0006222C079600200F94200193262220079D1
:109DF000600E00F9762200B9170100354200152ADD
:109E000062220079F35341A9F55B42A9F71B40F99F
:109E1000FD7BCBA8C0035FD66126C079E00314AAFE
:109E200070000094C00000356222C079F4FFFF1773
:109E3000F55B42A9F71B40F9BDFFFF17622240798D
:109E400042741E1242000032423C0013ECFFFF1726
:109E5000FD7BBDA9FD030091F35301A9F403012A81
:109E6000F30302AAF55B02A9F50300AA600000B49F
:109E7000012440F9610800B46022C079612A40B928
:109E8000610E00B9E0031836610E40F9A10300B479
:109E9000961E0012941E001260046836600240F99B
:109EA000622240B9010001CB5F00016B0D05005437
:109EB00021040011620E40B903040091630200F90D
:109EC00042040051620E00B916000039602240B908
:109ED0001F00016BA00400549F2A0071602240798A
:109EE000E1179F1A3F00006A01040054F55B42A984
:109EF000E003142AF35341A9FD7BC3A8C0035FD636
:109F0000E10313AAE00315AAF2F4FF9760030035FA
:109F10006022C079961E0012610E40F9941E001254
:109F2000E0FB6F3762B240B9000013326022007963
:109F30004078121260B200B9600240F9622240B962
:109F4000010001CB5F00016B4CFBFF54E10313AA3E
:109F5000E00315AACFE1FF9700010035600240F948
:109F600021008052D4FFFF17E10313AAE00315AAD2
:109F7000C8E1FF97C0FBFF3414008012DCFFFF171D
:109F800074E2FF97BDFFFF17000000000000000013
:109F9000FD7BBEA9FD030091F35301A9340000B07D
:109FA000F30300AA9F8A0BB9E003012AE10302AA86
:109FB00018DAFF971F04003180000054F35341A9C1
:109FC000FD7BC2A8C0035FD6818A4BB981FFFF34F5
:109FD000610200B9F35341A9FD7BC2A8C0035FD65B
:109FE000FD7BBEA9FD030091F35301A9340000B02D
:109FF000F30300AA9F8A0BB9E003012A11DAFF9745
:10A000001F04003180000054F35341A9FD7BC2A816
:10A01000C0035FD6818A4BB981FFFF34610200B96A
:10A02000F35341A9FD7BC2A8C0035FD60000000026
:10A03000FD7BBEA9237CC29B217C029BFD0300917A
:10A04000F30B00F9630400B50ADFFF97F30300AADE
:10A05000600400B402805FF842F47E92422000D196
:10A060005F2001F1C80100545F9C00F1C900005459
:10A070000004004F0040009100009F3C5FDC00F1B5
:10A08000A80100541F7C00A91F0800F9E00313AACF
:10A09000F30B40F9FD7BC2A8C0035FD601008052DC
:10A0A00038E4FF97E00313AAF30B40F9FD7BC2A845
:10A0B000C0035FD66006803D608200915F2001F1A1
:10A0C00021FEFF5460C20091600A803DEEFFFF1741
:10A0D00084E3FF9781018052010000B9130080D210
:10A0E000E00313AAF30B40F9FD7BC2A8C0035FD6BF
:10A0F000FD7BB8A9BF0000F1FD030091F35301A956
:10A10000F40300AA00100591F55B02A9F60302AA68
:10A11000F50301AAF76303A9F70306AAF96B04A9DB
:10A120001900859AFB7305A95C0040F9010900B488
:10A13000F30304AA840A00B47A0400D1430A00B4E9
:10A140001B0080D2F53700F90A000014F50300B5B2
:10A15000804740B8400600349F0013EB820900544A
:10A160005A0700D1FB0304AA5F0700B1E0010054C5
:10A17000E47240F9E30319AA820340B9E1C30191F3
:10A18000380340F9E00314AA80003FD61F040031D1
:10A1900020060054017C409324001B8B9F0013EB8E
:10A1A00069FDFF54380300F9F35341A9E0031BAAEA
:10A1B000F55B42A9F76343A9F96B44A9FB7345A971
:10A1C000FD7BC8A8C0035FD61F000071ED010054DD
:10A1D000E23740F9270080D2430400D11F2003D585
:10A1E000E2C301913F0007EB4200078B42F05F386A
:10A1F00062682738E704009141FFFF54E13740F9D6
:10A200002040208BE03700F9C00240F90010009197
:10A21000C00200F9804740B800FAFF35550000B48D
:10A22000DF0200F93F0300B99B0400D1F35341A9B9
:10A23000E0031BAAF55B42A9F76343A9F96B44A9A4
:10A24000FB7345A9FD7BC8A8C0035FD613008092AD
:10A25000BAFFFF1740118052800200B93F0300B9D6
:10A260001B008092F35341A9E0031BAAF55B42A9AE
:10A27000F76343A9F96B44A9FB7345A9FD7BC8A803
:10A28000C0035FD61B0080D2C8FFFF17FB0304AAE0
:10A29000C6FFFF17000000000000000000000000E3
:10A2A000000000B0060000B0C6000891004C40F964
:10A2B00090FFFF17000000000000000000000000F9
:10A2C000FD7BBEA90200669E0300AE9EFD030091C9
:10A2D000F30B00F904443BD5E00303AA61FC7FD3F0
:10A2E00063F870D3E50301AA00BC7DD36704009135
:10A2F000261C0012E80301AA00F442AA41F07DD313
:10A30000FF347FF220090054E77F87926300078BB8
:10A310007FF81FF1ED02005484046AF2C007005474
:10A320009F0050F1201500549F0060F1E0179F1A24
:10A33000DF00006A010700549F0050F1C01500546F
:10A340009F0060F1E0179F1ADF00006A4106005489
:10A350001302F0928002805273FE05AACD00009491
:10A360006002679EF30B40F9FD7BC2A8C0035FD675
:10A370007F0000F1AD0A0054FF1F02EB0200805283
:10A38000E7079F9AE1F041AA211000AA3F0000F1DF
:10A39000E0079F1A4000000A3F0840F2C015005431
:10A3A00084046A929F0050F1400200549F0060F1C3
:10A3B000000D0054840C00B5220C40925F1000F197
:10A3C000A10A005421D843D363280012020080D28E
:10A3D0006012003422CC40B30003805262284CB398
:10A3E000C20041B3F30302AAAA000094DDFFFF17E5
:10A3F000C50B00B5212000912200499220090035AB
:10A40000620B00B4620400917FF81FF161110054E7
:10A4100044F9FFB5B30041D380028052732A4CB295
:10A420009C000094CFFFFF17020001AA030200B5B1
:10A43000B30041D362F9FFB484046A929F0050F1E3
:10A44000E00C00549F0060F1600B00549F0000F18D
:10A45000A00080D201049F9A080080D221D843D363
:10A46000082900120003805233000014220200B4B5
:10A47000E2FF8FD201F0C19300FC72D37F0002EBA8
:10A4800021FC43D30000005221004DB200009F1A6E
:10A49000F3FF805233D013AA73FE05AA00F6FF35EE
:10A4A0006002679EF30B40F9FD7BC2A8C0035FD634
:10A4B000B30041D3732A4CB26002679EF30B40F99C
:10A4C000FD7BC2A8C0035FD67FD000B16BFBFF54F9
:10A4D000A70780D2E80003CB00004DB21FFD00F1BA
:10A4E000EC040054680C0011E700034B220080527A
:10A4F000030080D22920C89A3F0100F1E9079F9A02
:10A500002124C79A210009AA0020C89A010001AAA3
:10A510009FFFFF17211000912200499220F7FF347E
:10A52000420100B468040091010080D208290012A1
:10A530000003805228D008AA13FD05AA55000094F4
:10A5400088FFFF1740010034E80303AAC4FFFF1788
:10A5500025F5FFB5C0000034E80303AAE30308AA09
:10A56000E80303AABEFFFF1700FFFF3521D843D33E
:10A570006828001200028052EFFFFF17620C0111E1
:10A580001F0101F147008012E300034B0220C29A31
:10A59000220002AA4110819A0024C39A3F0000F1D0
:10A5A00022008052E1079F9A030080D2210000AA76
:10A5B00077FFFF17210080D225FDFFB4080080D26D
:10A5C000210180D2A6FFFF17650100B513FEEFD26F
:10A5D000800280522F00009462FFFF17210180D279
:10A5E000E5F3FFB4030080D2210080D2E80303AA80
:10A5F0009BFFFF17BF0000F10002E09201FEEFD2C7
:10A600000000679E2100679E80028052001C611E30
:10A610001300669E1F00009452FFFF1722CC40B328
:10A620000002805262284CB3C20041B3F30302AA75
:10A63000180000944BFFFF170302FC9200028052A7
:10A64000610C418A22D002AA53FC05AA1100009491
:10A6500044FFFF1721D843D373280012E0000035D0
:10A66000020080D222CC40B3622A4CB3C20041B374
:10A67000F30302AA3BFFFF17802C0B5300701D53FE
:10A6800085FFFF1700000000000000000000000030
:10A69000800000360104000F2018211E21443BD504
:10A6A000A000083601102E1E0204000F2018221EE2
:10A6B00021443BD500011036C2B598520110B012AA
:10A6C000A293AE722100271E4200271E2028221EC0
:10A6D00021443BD5800018360144040F2008211E78
:10A6E00021443BD5C00020360010B01202102E1EAF
:10A6F0000100271E2038221E20443BD5C0035FD610
:10A700001000000000000000017A520004781E01D1
:10A710001B0C1F0010000000180000002488FFFF21
:10A720002C020000000000001000000000000000EB
:10A73000017A520004781E011B0C1F00100000005B
:10A74000180000003C8AFFFF040100000000000028
:10A750001000000000000000017A520004781E0181
:10A760001B0C1F001000000018000000548BFFFF9E
:10A770003001000000000000100000000000000098
:10A78000017A520004781E011B0C1F00100000000B
:10A7900018000000ACCEFFFFDC000000000000004D
:10A7A0001000000000000000017A520004781E0131
:10A7B0001B0C1F001000000018000000000000002B
:10A7C000CC000000000000001000000000000000AD
:10A7D000017A520004781E011B0C1F0010000000BB
:10A7E000180000000000000034010000000000001C
:10A7F0001000000000000000017A520004781E01E1
:10A800001B0C1F00100000001800000000000000DA
:10A810002C010000000000001000000000000000FB
:10A82000017A520004781E011B0C1F00100000006A
:10A830001800000000000000B4010000000000004B
:10A8400001020304050607080900000000000000DB
:10A850001035000000000000FFFFFFFFFFFFFFFFBB
:10A8600000000200000000000000000000000000E6
:10A8700000000000000000000000000000000000D8
:10A8800070A801100000000070A801100000000076
:10A8900080A801100000000080A801100000000046
:10A8A00090A801100000000090A801100000000016
:10A8B000A0A8011000000000A0A8011000000000E6
:10A8C000B0A8011000000000B0A8011000000000B6
:10A8D000C0A8011000000000C0A801100000000086
:10A8E000D0A8011000000000D0A801100000000056
:10A8F000E0A8011000000000E0A801100000000026
:10A90000F0A8011000000000F0A8011000000000F5
:10A9100000A901100000000000A9011000000000C3
:10A9200010A901100000000010A901100000000093
:10A9300020A901100000000020A901100000000063
:10A9400030A901100000000030A901100000000033
:10A9500040A901100000000040A901100000000003
:10A9600050A901100000000050A9011000000000D3
:10A9700060A901100000000060A9011000000000A3
:10A9800070A901100000000070A901100000000073
:10A9900080A901100000000080A901100000000043
:10A9A00090A901100000000090A901100000000013
:10A9B000A0A9011000000000A0A9011000000000E3
:10A9C000B0A9011000000000B0A9011000000000B3
:10A9D000C0A9011000000000C0A901100000000083
:10A9E000D0A9011000000000D0A901100000000053
:10A9F000E0A9011000000000E0A901100000000023
:10AA0000F0A9011000000000F0A9011000000000F2
:10AA100000AA01100000000000AA011000000000C0
:10AA200010AA01100000000010AA01100000000090
:10AA300020AA01100000000020AA01100000000060
:10AA400030AA01100000000030AA01100000000030
:10AA500040AA01100000000040AA01100000000000
:10AA600050AA01100000000050AA011000000000D0
:10AA700060AA01100000000060AA011000000000A0
:10AA800070AA01100000000070AA01100000000070
:10AA900080AA01100000000080AA01100000000040
:10AAA00090AA01100000000090AA01100000000010
:10AAB000A0AA011000000000A0AA011000000000E0
:10AAC000B0AA011000000000B0AA011000000000B0
:10AAD000C0AA011000000000C0AA01100000000080
:10AAE000D0AA011000000000D0AA01100000000050
:10AAF000E0AA011000000000E0AA01100000000020
:10AB0000F0AA011000000000F0AA011000000000EF
:10AB100000AB01100000000000AB011000000000BD
:10AB200010AB01100000000010AB0110000000008D
:10AB300020AB01100000000020AB0110000000005D
:10AB400030AB01100000000030AB0110000000002D
:10AB500040AB01100000000040AB011000000000FD
:10AB600050AB01100000000050AB011000000000CD
:10AB700060AB01100000000060AB0110000000009D
:10AB800070AB01100000000070AB0110000000006D
:10AB900080AB01100000000080AB0110000000003D
:10ABA00090AB01100000000090AB0110000000000D
:10ABB000A0AB011000000000A0AB011000000000DD
:10ABC000B0AB011000000000B0AB011000000000AD
:10ABD000C0AB011000000000C0AB0110000000007D
:10ABE000D0AB011000000000D0AB0110000000004D
:10ABF000E0AB011000000000E0AB0110000000001D
:10AC0000F0AB011000000000F0AB011000000000EC
:10AC100000AC01100000000000AC011000000000BA
:10AC200010AC01100000000010AC0110000000008A
:10AC300020AC01100000000020AC0110000000005A
:10AC400030AC01100000000030AC0110000000002A
:10AC500040AC01100000000040AC011000000000FA
:10AC600050AC01100000000050AC011000000000CA
:10AC700060AC01100000000060AC0110000000009A
:10AC800070AC01100000000070AC0110000000006A
:10AC900080AC01100000000080AC0110000000003A
:10ACA00090AC01100000000090AC0110000000000A
:10ACB000A0AC011000000000A0AC011000000000DA
:10ACC000B0AC011000000000B0AC011000000000AA
:10ACD000C0AC011000000000C0AC0110000000007A
:10ACE000D0AC011000000000D0AC0110000000004A
:10ACF000E0AC011000000000E0AC0110000000001A
:10AD0000F0AC011000000000F0AC011000000000E9
:10AD100000AD01100000000000AD011000000000B7
:10AD200010AD01100000000010AD01100000000087
:10AD300020AD01100000000020AD01100000000057
:10AD400030AD01100000000030AD01100000000027
:10AD500040AD01100000000040AD011000000000F7
:10AD600050AD01100000000050AD011000000000C7
:10AD700060AD01100000000060AD01100000000097
:10AD800070AD01100000000070AD01100000000067
:10AD900080AD01100000000080AD01100000000037
:10ADA00090AD01100000000090AD01100000000007
:10ADB000A0AD011000000000A0AD011000000000D7
:10ADC000B0AD011000000000B0AD011000000000A7
:10ADD000C0AD011000000000C0AD01100000000077
:10ADE000D0AD011000000000D0AD01100000000047
:10ADF000E0AD011000000000E0AD01100000000017
:10AE0000F0AD011000000000F0AD011000000000E6
:10AE100000AE01100000000000AE011000000000B4
:10AE200010AE01100000000010AE01100000000084
:10AE300020AE01100000000020AE01100000000054
:10AE400030AE01100000000030AE01100000000024
:10AE500040AE01100000000040AE011000000000F4
:10AE600050AE01100000000050AE011000000000C4
:10AE700060AE01100000000060AE01100000000094
:10AE800070AE01100000000070AE01100000000064
:10AE900080AE01100000000080AE01100000000034
:10AEA00090AE01100000000090AE01100000000004
:10AEB000A0AE011000000000A0AE011000000000D4
:10AEC000B0AE011000000000B0AE011000000000A4
:10AED000C0AE011000000000C0AE01100000000074
:10AEE000D0AE011000000000D0AE01100000000044
:10AEF000E0AE011000000000E0AE01100000000014
:10AF0000F0AE011000000000F0AE011000000000E3
:10AF100000AF01100000000000AF011000000000B1
:10AF200010AF01100000000010AF01100000000081
:10AF300020AF01100000000020AF01100000000051
:10AF400030AF01100000000030AF01100000000021
:10AF500040AF01100000000040AF011000000000F1
:10AF600050AF01100000000050AF011000000000C1
:10AF700060AF01100000000060AF01100000000091
:10AF800070AF01100000000070AF01100000000061
:10AF900080AF01100000000080AF01100000000031
:10AFA00090AF01100000000090AF01100000000001
:10AFB000A0AF011000000000A0AF011000000000D1
:10AFC000B0AF011000000000B0AF011000000000A1
:10AFD000C0AF011000000000C0AF01100000000071
:10AFE000D0AF011000000000D0AF01100000000041
:10AFF000E0AF011000000000E0AF01100000000011
:10B00000F0AF011000000000F0AF011000000000E0
:10B0100000B001100000000000B0011000000000AE
:10B0200010B001100000000010B00110000000007E
:10B0300020B001100000000020B00110000000004E
:10B0400030B001100000000030B00110000000001E
:10B0500040B001100000000040B0011000000000EE
:10B0600050B001100000000050B0011000000000BE
:10B0700060B001100000000060B00110000000008E
:10B0800000000000000000000300000000000000BD
:10B0900058E9011000000000A0B0011000000000FD
:10B0A000000000000000000058E90110000000004E
:10B0B00010EA011000000000C8EA011000000000C2
:10B0C0000000000000000000000000000000000080
:10B0D0000000000000000000000000000000000070
:10B0E0000000000000000000000000000000000060
:10B0F0000000000000000000000000000000000050
:10B10000000000000000000000000000000000003F
:10B11000000000000000000000000000000000002F
:10B12000000000000000000000000000000000001F
:10B13000000000000000000000000000000000000F
:10B1400000000000000000000000000000000000FF
:10B1500000000000000000000000000000000000EF
:10B1600000000000000000000000000000000000DF
:10B1700001000000000000000E33CDAB34126DE67C
:10B18000ECDE05000B0000000000000000000000E5
:10B1900000000000000000000000000000000000AF
:10B1A000000000000000000000000000000000009F
:10B1B000000000000000000000000000000000008F
:10B1C000000000000000000000000000000000007F
:10B1D000000000000000000000000000000000006F
:10B1E000000000000000000000000000000000005F
:10B1F000000000000000000000000000000000004F
:10B2000043000000000000000000000000000000FB
:10B21000000000000000000000000000000000002E
:10B2200043000000000000000000000000000000DB
:10B23000000000000000000000000000000000000E
:10B2400043000000000000000000000000000000BB
:10B2500000000000000000000000000000000000EE
:10B26000430000000000000000000000000000009B
:10B2700000000000000000000000000000000000CE
:10B28000430000000000000000000000000000007B
:10B2900000000000000000000000000000000000AE
:10B2A000430000000000000000000000000000005B
:10B2B000000000000000000000000000000000008E
:10B2C000430000000000000000000000000000003B
:10B2D000000000000000000000000000000000006E
:10B2E000209C011000000000F08A01100000000006
:10B2F000000000000000000030E20110000000002B
:10B3000018B901100000000038B901100000000059
:10B3100038B901100000000038B901100000000029
:10B3200038B901100000000038B901100000000019
:10B3300038B901100000000038B901100000000009
:10B3400038B901100000000038B9011000000000F9
:10B35000FFFFFFFFFFFFFFFFFFFFFFFFFFFF0000FB
:10B360000100415343494900000000000000000073
:10B3700000000000000000000000000000000000CD
:10B380000000415343494900000000000000000054
:10B3900000000000000000000000000000000000AD
:10B3A0000000000000000000342E312E30000000AC
:10B3B0000D0A2A2A2A2A2A2A2A2A2A2A2A2A2A2A2A
:10B3C0002A2A2A2A2A2A2A2A2A2A2A2A2A2A2A2ADD
:10B3D0002A2A2A2A2A2A2A2A2A2A2A2A2A2A2A2ACD
:10B3E0002A2A2A2A2A2A2A2A2A2A2A2A2A2A2A2ABD
:10B3F0002A2A2A2A2A2A2A2A2A2A0D0A2A20202008
:10B4000052656E6573617320465350204578616DB7
:10B41000706C652050726F6A65637420666F72206D
:10B42000725F637263204D6F64756C65202020200D
:10B43000202020202020202020202020202020200C
:10B440002020202A0D0A2A2020204578616D706C6A
:10B45000652050726F6A6563742056657273696FF8
:10B460006E20257320202020202020202020202036
:10B4700020202020202020202020202020202020CC
:10B48000202020202020202020202A0D0A2A2020D1
:10B4900020466C657820536F667477617265205022
:10B4A00061636B2056657273696F6E2025642E256B
:10B4B000642E2564202020202020202020202020F1
:10B4C000202020202020202020202020202020207C
:10B4D000202020202020202A0D0A2A2A2A2A2A2A4F
:10B4E0002A2A2A2A2A2A2A2A2A2A2A2A2A2A2A2ABC
:10B4F0002A2A2A2A2A2A2A2A2A2A2A2A2A2A2A2AAC
:10B500002A2A2A2A2A2A2A2A2A2A2A2A2A2A2A2A9B
:10B510002A2A2A2A2A2A2A2A2A2A2A2A2A2A2A2A8B
:10B520002A2A0D0A526566657220746F2072656161
:10B53000646D652E7478742066696C6520666F7220
:10B54000206D6F72652064657461696C73206F6E25
:10B55000204578616D706C652050726F6A65637408
:10B5600020616E640D0A465350205573657227732F
:10B57000204D616E75616C20666F72206D6F726513
:10B5800020696E666F726D6174696F6E2061626FA3
:10B59000757420725F637263206472697665720DE0
:10B5A0000A000000000000000A54686973206578F2
:10B5B000616D706C652070726F6A6563742064657C
:10B5C0006D6F6E7374726174657320746865207535
:10B5D0007365206F662074686520435243202843BA
:10B5E00079636C696320526564756E64616E63791A
:10B5F00020436865636B29206D6F64756C65206FEF
:10B600006E207468650D0A6576616C756174696F8A
:10B610006E20626F6172642E20497420696E6974B5
:10B6200069616C697A6573207468652043524320B0
:10B630007065726970686572616C2C207468656EE3
:10B6400020706572666F726D7320616E20382D6296
:10B650006974204352432063616C63756C61746943
:10B660006F6E206F6E0D0A61207072656465666989
:10B670006E65642073616D706C6520646174612017
:10B6800062756666657220776974682061207365EB
:10B6900065642076616C7565206F6620302E2054BD
:10B6A00068652063616C63756C61746564207265A4
:10B6B00073756C74206973207468656E20636F6D98
:10B6C00070617265640D0A616761696E73742074DC
:10B6D00068652065787065637465642076616C7553
:10B6E0006520746F2076657269667920636F727267
:10B6F0006563746E6573732E0D0A416E7920415037
:10B7000049206572726F72206F7220435243206D20
:10B7100069736D617463682077696C6C20616C7308
:10B720006F20626520646973706C61796564206F55
:10B730006E2074686520636F6E736F6C652E0D00EC
:10B740000A525F4352435F4F70656E20415049205B
:10B750006661696C65642E005B4552525D20496EDE
:10B760002046756E6374696F6E3A20257300000081
:10B770000D0A52657475726E6564204572726F723F
:10B7800020436F64653A203078257820200D0A0028
:10B790000D0A525F4352435F43616C63756C617481
:10B7A0006520415049206661696C65642E0D0A0070
:10B7B0000D0A435243206D69736D617463683A20CA
:10B7C00063616C63756C617465642076616C75652A
:10B7D00020646F6573206E6F74206D6174636820E0
:10B7E00065787065637465642076616C75652E0D8F
:10B7F0000A000000000000000D0A4352432063616C
:10B800006C63756C6174696F6E20737563636573C7
:10B810007366756C3A2063616C63756C6174656402
:10B820002076616C7565206D617463686573206551
:10B83000787065637465642076616C75652E0D00A3
:10B84000636F6E6400000000433A2F557365727396
:10B850002F61353133353036372F446F776E6C6F4B
:10B860006164732F455041502F7773702F776F723B
:10B870006B73706163652F6372635F727A6E326897
:10B880005F65766B5F636135355F305F65702F7222
:10B890007A2F6673702F7372632F6273702F6D63CC
:10B8A000752F616C6C2F6273705F6D6F64756C6562
:10B8B0005F73746F702E6800494E460000000000F0
:10B8C000696E6600000000004E414E00000000005E
:10B8D0006E616E000000000030313233343536378F
:10B8E0003839616263646566000000000000000092
:10B8F00030313233343536373839414243444546A6
:10B900000000000000000000286E756C6C2900002B
:10B9100030000000000000002E00000000000000C9
:10B920004C435F434F4C4C41544500000000000025
:10B930004C435F4354595045000000000000000094
:10B940004C435F4D4F4E455441525900000000009A
:10B950004C435F4E554D45524943000000000000E6
:10B960004C435F54494D45004C435F4D4553534153
:10B970004745530000000000496E66696E6974799E
:10B9800000000000000000004E614E0000000000BA
:10B9900042616C6C6F632073756363656564656495
:10B9A00000000000000000002F646174612F6A65D0
:10B9B0006E6B696E732F776F726B73706163652F37
:10B9C000474E552D746F6F6C636861696E2F61729D
:10B9D0006D2D31332D322F7372632F6E65776C6945
:10B9E000622D63796777696E2F6E65776C69622F58
:10B9F0006C6962632F7374646C69622F64746F6125
:10BA00002E630000000000002F646174612F6A65DE
:10BA10006E6B696E732F776F726B73706163652FD6
:10BA2000474E552D746F6F6C636861696E2F61723C
:10BA30006D2D31332D322F7372632F6E65776C69E4
:10BA4000622D63796777696E2F6E65776C69622FF7
:10BA50006C6962632F7374646C69622F6D707265B8
:10BA6000632E6300000000000000000000000000E2
:10BA700000000000000000000000000000000000C6
:10BA800000000000000000000000000000000000B6
:10BA900000000000000000000000000000000000A6
:10BAA0000000000000000000000E00000000000088
:10BAB000000000000000000000000000000E000078
:10BAC0000000000000000000000000000000000076
:10BAD000000E000000000000000000000000000058
:10BAE00000000000000E0000000000000000000048
:10BAF0000000000001000000010000000000000044
:10BB000008BB0110000000000040008000000000A1
:10BB1000C0E801100000000028BB01100000000078
:10BB200088D60110000000000000000002000000A4
:10BB300000000000000000000C0000004F020000A8
:10BB40000C000000500200000C0000005102000038
:10BB50000C0000004E020000000000000000000089
:10BB600000000000000000000004011000000000C0
:10BB7000000000000000000080BB01100000000079
:10BB800000000000010000000000000000000000B4
:10BB900050A80110000000000F000000FFFF00008F
:10BBA0000000000000000000000000000101000093
:10BBB00000500080000000000000000000000000B5
:10BBC0001600000000000000E0BB011000000000B3
:10BBD00070BA01100000000000000000000000002A
:10BBE0000400000007020000040000000003000041
:10BBF0000400000001030000040000000203000034
:10BC00001888000001080000184000000208000029
:10BC10001840000003080000188800000408000015
:10BC200004000000000B000004000100030E0000EF
:10BC300004000100060E000004000100070E0000D1
:10BC400004000100011200000400010007160000BA
:10BC5000040001000017000002000100021B0000A8
:10BC600002000100031B000048890100041B0000C2
:10BC700048890100051B000002000100061B0000AE
:10BC800002000100031F000004000100061F000065
:10BC900000000000000000000000000000000000A4
:10BCA0000000000000000000000000000000000094
:10BCB0000000000000000000000000000000000084
:10BCC0000000000000000000000000000000000074
:10BCD0000000000000000000000000000000000064
:10BCE0000000000000000000000000000000000054
:10BCF0000000000000000000000000000000000044
:10BD00000000000000000000000000000000000033
:10BD10000000000000000000000000000000000023
:10BD20000000000000000000000000000000000013
:10BD30000000000000000000000000000000000003
:10BD400000000000000000000000000000000000F3
:10BD500000000000000000000000000000000000E3
:10BD600000000000000000000000000000000000D3
:10BD700000000000000000000000000000000000C3
:10BD800000000000000000000000000000000000B3
:10BD900000000000000000000000000000000000A3
:10BDA0000000000000000000000000000000000093
:10BDB0000000000000000000000000000000000083
:10BDC0000000000000000000000000000000000073
:10BDD0000000000000000000000000000000000063
:10BDE0000000000000000000000000000000000053
:10BDF0000000000000000000000000000000000043
:10BE00000000000000000000000000000000000032
:10BE10000000000000000000000000000000000022
:10BE20000000000000000000000000000000000012
:10BE30000000000000000000000000000000000002
:10BE400000000000000000000000000000000000F2
:10BE500000000000000000000000000000000000E2
:10BE600000000000000000000000000000000000D2
:10BE700000000000000000000000000000000000C2
:10BE800000000000000000000000000000000000B2
:10BE900000000000000000000000000000000000A2
:10BEA0000000000000000000000000000000000092
:10BEB0000000000000000000000000000000000082
:10BEC0000000000000000000000000000000000072
:10BED0000000000000000000000000000000000062
:10BEE0000000000000000000000000000000000052
:10BEF0000000000000000000000000000000000042
:10BF00000000000000000000000000000000000031
:10BF10000000000000000000000000000000000021
:10BF20000000000000000000000000000000000011
:10BF30000000000000000000000000000000000001
:10BF400000000000000000000000000000000000F1
:10BF500000000000000000000000000000000000E1
:10BF600000000000000000000000000000000000D1
:10BF700000000000000000000000000000000000C1
:10BF800000000000000000000000000000000000B1
:10BF900000000000000000000000000000000000A1
:10BFA0000000000000000000000000000000000091
:10BFB0000000000000000000000000000000000081
:10BFC0000000000000000000000000000000000071
:10BFD0000000000000000000000000000000000061
:10BFE0000000000000000000000000000000000051
:10BFF0000000000000000000000000000000000041
:10C000000000000000000000000000000000000030
:10C010000000000000000000000000000000000020
:10C020000000000000000000000000000000000010
:10C030000000000000000000000000000000000000
:10C0400000000000000000000000000000000000F0
:10C0500000000000000000000000000000000000E0
:10C0600000000000000000000000000000000000D0
:10C0700000000000000000000000000000000000C0
:10C0800000000000000000000000000000000000B0
:10C0900000000000000000000000000000000000A0
:10C0A0000000000000000000000000000000000090
:10C0B0000000000000000000000000000000000080
:10C0C0000000000000000000000000000000000070
:10C0D0000000000000000000000000000000000060
:10C0E0000000000000000000000000000000000050
:10C0F0000000000000000000000000000000000040
:10C10000000000000000000000000000000000002F
:10C11000000000000000000000000000000000001F
:10C12000000000000000000000000000000000000F
:10C1300000000000000000000000000000000000FF
:10C1400000000000000000000000000000000000EF
:10C1500000000000000000000000000000000000DF
:10C1600000000000000000000000000000000000CF
:10C1700000000000000000000000000000000000BF
:10C1800000000000000000000000000000000000AF
:10C19000000000000000000000000000000000009F
:10C1A000000000000000000000000000000000008F
:10C1B000000000000000000000000000000000007F
:10C1C000000000000000000000000000000000006F
:10C1D000000000000000000000000000000000005F
:10C1E000000000000000000000000000000000004F
:10C1F000000000000000000000000000000000003F
:10C20000000000000000000000000000000000002E
:10C21000000000000000000000000000000000001E
:10C22000000000000000000000000000000000000E
:10C2300000000000000000000000000000000000FE
:10C2400000000000000000000000000000000000EE
:10C2500000000000000000000000000000000000DE
:10C2600000000000000000000000000000000000CE
:10C2700000000000000000000000000000000000BE
:10C2800000000000000000000000000000000000AE
:10C29000000000000000000000000000000000009E
:10C2A000000000000000000000000000000000008E
:10C2B000000000000000000000000000000000007E
:10C2C000000000000000000000000000000000006E
:10C2D000000000000000000000000000000000005E
:10C2E000000000000000000000000000000000004E
:10C2F000000000000000000000000000000000003E
:10C30000000000000000000000000000000000002D
:10C31000000000000000000000000000000000001D
:10C32000000000000000000000000000000000000D
:10C3300000000000000000000000000000000000FD
:10C3400000000000000000000000000000000000ED
:10C3500000000000000000000000000000000000DD
:10C3600000000000000000000000000000000000CD
:10C3700000000000000000000000000000000000BD
:10C3800000000000000000000000000000000000AD
:10C39000000000000000000000000000000000009D
:10C3A000000000000000000000000000000000008D
:10C3B000000000000000000000000000000000007D
:10C3C000000000000000000000000000000000006D
:10C3D000000000000000000000000000000000005D
:10C3E000000000000000000000000000000000004D
:10C3F000000000000000000000000000000000003D
:10C40000000000000000000000000000000000002C
:10C41000000000000000000000000000000000001C
:10C42000000000000000000000000000000000000C
:10C4300000000000000000000000000000000000FC
:10C4400000000000000000000000000000000000EC
:10C4500000000000000000000000000000000000DC
:10C4600000000000000000000000000000000000CC
:10C4700000000000000000000000000000000000BC
:10C4800000000000000000000000000000000000AC
:10C49000000000000000000000000000000000009C
:10C4A000000000000000000000000000000000008C
:10C4B000000000000000000000000000000000007C
:10C4C000000000000000000000000000000000006C
:10C4D000000000000000000000000000000000005C
:10C4E000000000000000000000000000000000004C
:10C4F000000000000000000000000000000000003C
:10C50000000000000000000000000000000000002B
:10C51000000000000000000000000000000000001B
:10C52000000000000000000000000000000000000B
:10C5300000000000000000000000000000000000FB
:10C5400000000000000000000000000000000000EB
:10C5500000000000000000000000000000000000DB
:10C5600000000000000000000000000000000000CB
:10C5700000000000000000000000000000000000BB
:10C5800000000000000000000000000000000000AB
:10C59000000000000000000000000000000000009B
:10C5A000000000000000000000000000000000008B
:10C5B000000000000000000000000000000000007B
:10C5C000000000000000000000000000000000006B
:10C5D000000000000000000000000000000000005B
:10C5E000000000000000000000000000000000004B
:10C5F000000000000000000000000000000000003B
:10C60000000000000000000000000000000000002A
:10C61000000000000000000000000000000000001A
:10C62000000000000000000000000000000000000A
:10C6300000000000000000000000000000000000FA
:10C6400000000000000000000000000000000000EA
:10C6500000000000000000000000000000000000DA
:10C6600000000000000000000000000000000000CA
:10C6700000000000000000000000000000000000BA
:10C6800000000000000000000000000000000000AA
:10C69000000000000000000000000000000000009A
:10C6A000000000000000000000000000000000008A
:10C6B000000000000000000000000000000000007A
:10C6C000000000000000000000000000000000006A
:10C6D000000000000000000000000000000000005A
:10C6E000000000000000000000000000000000004A
:10C6F000000000000000000000000000000000003A
:10C700000000000000000000000000000000000029
:10C710000000000000000000000000000000000019
:10C720000000000000000000000000000000000009
:10C7300000000000000000000000000000000000F9
:10C7400000000000000000000000000000000000E9
:10C7500000000000000000000000000000000000D9
:10C7600000000000000000000000000000000000C9
:10C7700000000000000000000000000000000000B9
:10C7800000000000000000000000000000000000A9
:10C790000000000000000000000000000000000099
:10C7A0000000000000000000000000000000000089
:10C7B0000000000000000000000000000000000079
:10C7C0000000000000000000000000000000000069
:10C7D0000000000000000000000000000000000059
:10C7E0000000000000000000000000000000000049
:10C7F0000000000000000000000000000000000039
:10C800000000000000000000000000000000000028
:10C810000000000000000000000000000000000018
:10C820000000000000000000000000000000000008
:10C8300000000000000000000000000000000000F8
:10C8400000000000000000000000000000000000E8
:10C8500000000000000000000000000000000000D8
:10C8600000000000000000000000000000000000C8
:10C8700000000000000000000000000000000000B8
:10C8800000000000000000000000000000000000A8
:10C890000000000000000000000000000000000098
:10C8A0000000000000000000000000000000000088
:10C8B0000000000000000000000000000000000078
:10C8C0000000000000000000000000000000000068
:10C8D0000000000000000000000000000000000058
:10C8E0000000000000000000000000000000000048
:10C8F0000000000000000000000000000000000038
:10C900000000000000000000000000000000000027
:10C910000000000000000000000000000000000017
:10C920000000000000000000000000000000000007
:10C9300000000000000000000000000000000000F7
:10C9400000000000000000000000000000000000E7
:10C9500000000000000000000000000000000000D7
:10C9600000000000000000000000000000000000C7
:10C9700000000000000000000000000000000000B7
:10C9800000000000000000000000000000000000A7
:10C990000000000000000000000000000000000097
:10C9A0000000000000000000000000000000000087
:10C9B0000000000000000000000000000000000077
:10C9C0000000000000000000000000000000000067
:10C9D0000000000000000000000000000000000057
:10C9E0000000000000000000000000000000000047
:10C9F0000000000000000000000000000000000037
:10CA00000000000000000000000000000000000026
:10CA10000000000000000000000000000000000016
:10CA20000000000000000000000000000000000006
:10CA300000000000000000000000000000000000F6
:10CA400000000000000000000000000000000000E6
:10CA500000000000000000000000000000000000D6
:10CA600000000000000000000000000000000000C6
:10CA700000000000000000000000000000000000B6
:10CA800000000000000000000000000000000000A6
:10CA90000000000000000000000000000000000096
:10CAA0000000000000000000000000000000000086
:10CAB0000000000000000000000000000000000076
:10CAC0000000000000000000000000000000000066
:10CAD0000000000000000000000000000000000056
:10CAE0000000000000000000000000000000000046
:10CAF0000000000000000000000000000000000036
:10CB00000000000000000000000000000000000025
:10CB10000000000000000000000000000000000015
:10CB20000000000000000000000000000000000005
:10CB300000000000000000000000000000000000F5
:10CB400000000000000000000000000000000000E5
:10CB500000000000000000000000000000000000D5
:10CB600000000000000000000000000000000000C5
:10CB700000000000000000000000000000000000B5
:10CB800000000000000000000000000000000000A5
:10CB90000000000000000000000000000000000095
:10CBA0000000000000000000000000000000000085
:10CBB0000000000000000000000000000000000075
:10CBC0000000000000000000000000000000000065
:10CBD0000000000000000000000000000000000055
:10CBE0000000000000000000000000000000000045
:10CBF0000000000000000000000000000000000035
:10CC00000000000000000000000000000000000024
:10CC10000000000000000000000000000000000014
:10CC20000000000000000000000000000000000004
:10CC300000000000000000000000000000000000F4
:10CC400000000000000000000000000000000000E4
:10CC500000000000000000000000000000000000D4
:10CC600000000000000000000000000000000000C4
:10CC700000000000000000000000000000000000B4
:10CC800000000000000000000000000000000000A4
:10CC90000000000000000000000000000000000094
:10CCA0000000000000000000000000000000000084
:10CCB0000000000000000000000000000000000074
:10CCC0000000000000000000000000000000000064
:10CCD0000000000000000000000000000000000054
:10CCE0000000000000000000000000000000000044
:10CCF0000000000000000000000000000000000034
:10CD00000000000000000000000000000000000023
:10CD10000000000000000000000000000000000013
:10CD20000000000000000000000000000000000003
:10CD300000000000000000000000000000000000F3
:10CD400000000000000000000000000000000000E3
:10CD500000000000000000000000000000000000D3
:10CD600000000000000000000000000000000000C3
:10CD700000000000000000000000000000000000B3
:10CD800000000000000000000000000000000000A3
:10CD90000000000000000000000000000000000093
:10CDA0000000000000000000000000000000000083
:10CDB0000000000000000000000000000000000073
:10CDC0000000000000000000000000000000000063
:10CDD0000000000000000000000000000000000053
:10CDE0000000000000000000000000000000000043
:10CDF0000000000000000000000000000000000033
:10CE00000000000000000000000000000000000022
:10CE10000000000000000000000000000000000012
:10CE20000000000000000000000000000000000002
:10CE300000000000000000000000000000000000F2
:10CE400000000000000000000000000000000000E2
:10CE500000000000000000000000000000000000D2
:10CE600000000000000000000000000000000000C2
:10CE700000000000000000000000000000000000B2
:10CE800000000000000000000000000000000000A2
:10CE90000000000000000000000000000000000092
:10CEA0000000000000000000000000000000000082
:10CEB0000000000000000000000000000000000072
:10CEC0000000000000000000000000000000000062
:10CED0000000000000000000000000000000000052
:10CEE0000000000000000000000000000000000042
:10CEF0000000000000000000000000000000000032
:10CF00009018011000000000201701100000000020
:10CF1000D0160110000000001018011000000000E1
:10CF20000000000000000000000000000000000001
:10CF300000000000000000000000000000000000F1
:10CF400000000000000000000000000000000000E1
:10CF500000000000000000000000000000000000D1
:10CF600000000000000000000000000000000000C1
:10CF700000000000000000000000000000000000B1
:10CF800000000000000000000000000000000000A1
:10CF90000000000000000000000000000000000091
:10CFA0000000000000000000000000000000000081
:10CFB0000000000000000000000000000000000071
:10CFC0000000000000000000000000000000000061
:10CFD0000000000000000000000000000000000051
:10CFE0000000000000000000000000000000000041
:10CFF0000000000000000000000000000000000031
:10D000000000000000000000000000000000000020
:10D010000000000000000000000000000000000010
:10D020000000000000000000000000000000000000
:10D0300000000000000000000000000000000000F0
:10D0400000000000000000000000000000000000E0
:10D0500000000000000000000000000000000000D0
:10D0600000000000000000000000000000000000C0
:10D0700000000000000000000000000000000000B0
:10D0800000000000000000000000000000000000A0
:10D090000000000000000000000000000000000090
:10D0A0000000000000000000000000000000000080
:10D0B0000000000000000000000000000000000070
:10D0C0000000000000000000000000000000000060
:10D0D0000000000000000000000000000000000050
:10D0E0000000000000000000000000000000000040
:10D0F0000000000000000000000000000000000030
:10D10000000000000000000000000000000000001F
:10D11000000000000000000000000000000000000F
:10D1200000000000000000000000000000000000FF
:10D1300000000000000000000000000000000000EF
:10D1400000000000000000000000000000000000DF
:10D1500000000000000000000000000000000000CF
:10D1600000000000000000000000000000000000BF
:10D1700000000000000000000000000000000000AF
:10D18000000000000000000000000000000000009F
:10D19000000000000000000000000000000000008F
:10D1A000000000000000000000000000000000007F
:10D1B000000000000000000000000000000000006F
:10D1C000000000000000000000000000000000005F
:10D1D000000000000000000000000000000000004F
:10D1E000000000000000000000000000000000003F
:10D1F000000000000000000000000000000000002F
:10D20000000000000000000000000000000000001E
:10D21000000000000000000000000000000000000E
:10D2200000000000000000000000000000000000FE
:10D2300000000000000000000000000000000000EE
:10D2400000000000000000000000000000000000DE
:10D2500000000000000000000000000000000000CE
:10D2600000000000000000000000000000000000BE
:10D2700000000000000000000000000000000000AE
:10D28000000000000000000000000000000000009E
:10D29000000000000000000000000000000000008E
:10D2A000000000000000000000000000000000007E
:10D2B000000000000000000000000000000000006E
:10D2C000000000000000000000000000000000005E
:10D2D000000000000000000000000000000000004E
:10D2E000000000000000000000000000000000003E
:10D2F000000000000000000000000000000000002E
:10D30000000000000000000000000000000000001D
:10D31000000000000000000000000000000000000D
:10D3200000000000000000000000000000000000FD
:10D3300000000000000000000000000000000000ED
:10D3400000000000000000000000000000000000DD
:10D3500000000000000000000000000000000000CD
:10D3600000000000000000000000000000000000BD
:10D3700000000000000000000000000000000000AD
:10D38000000000000000000000000000000000009D
:10D39000000000000000000000000000000000008D
:10D3A000000000000000000000000000000000007D
:10D3B000000000000000000000000000000000006D
:10D3C000000000000000000000000000000000005D
:10D3D000000000000000000000000000000000004D
:10D3E000000000000000000000000000000000003D
:10D3F000000000000000000000000000000000002D
:10D40000000000000000000000000000000000001C
:10D41000000000000000000000000000000000000C
:10D4200000000000000000000000000000000000FC
:10D4300000000000000000000000000000000000EC
:10D4400000000000000000000000000000000000DC
:10D4500000000000000000000000000000000000CC
:10D4600000000000000000000000000000000000BC
:10D4700000000000000000000000000000000000AC
:10D48000000000000000000000000000000000009C
:10D49000000000000000000000000000000000008C
:10D4A000000000000000000000000000000000007C
:10D4B000000000000000000000000000000000006C
:10D4C000000000000000000000000000000000005C
:10D4D000000000000000000000000000000000004C
:10D4E000000000000000000000000000000000003C
:10D4F000000000000000000000000000000000002C
:10D50000000000000000000000000000000000001B
:10D51000000000000000000000000000000000000B
:10D5200000000000000000000000000000000000FB
:10D5300000000000000000000000000000000000EB
:10D5400000000000000000000000000000000000DB
:10D5500000000000000000000000000000000000CB
:10D5600000000000000000000000000000000000BB
:10D5700000000000000000000000000000000000AB
:10D58000000000000000000000000000000000009B
:10D59000000000000000000000000000000000008B
:10D5A000000000000000000000000000000000007B
:10D5B000000000000000000000000000000000006B
:10D5C000000000000000000000000000000000005B
:10D5D000000000000000000000000000000000004B
:10D5E000000000000000000000000000000000003B
:10D5F000000000000000000000000000000000002B
:10D60000000000000000000000000000000000001A
:10D61000000000000000000000000000000000000A
:10D6200000000000000000000000000000000000FA
:10D6300000000000000000000000000000000000EA
:10D6400000000000000000000000000000000000DA
:10D6500000000000000000000000000000000000CA
:10D6600000000000000000000000000000000000BA
:10D670006273705F6173736572745F6368616E6E0D
:10D68000656C000000000000901101100000000017
:10D69000F010011000000000100D0110000000004B
:10D6A000900A011000000000C00B011000000000F3
:10D6B000200C011000000000300A011000000000E2
:10D6C000600F011000000000B00C0110000000000D
:10D6D000F008011000000000500E011000000000D2
:10D6E0006273705F6173736572745F6368616E6E9D
:10D6F000656C000000000000AAAAAAAA00000200AF
:10D70000AAAAAAAAAAAAAAAAAAAAAAAAAAAAAAAA79
:10D71000AAAAAAAA00000000A8AAAAAAAAAAAAAA13
:10D72000AAAAAAAAAAAAAAAAAAAAAAAAAAAAAAAA59
:10D73000AAAAAAAAAAAAAAAAAAAAAAAAAAAAAAAA49
:10D74000AAAAAAAAAAAAAAAAAAAAAAAAAAAAAAAA39
:10D75000AAAAAAAAAAAAAAAAAAAAAAAAAAAA02007B
:10D760000000000000A0AAAA2AAAAAAAAAAAAAAAF5
:10D77000AAAAAA2A00000080AAAAAAAA0AA8AAAA53
:10D78000AA02AAAAAAAA80AAAAAA2A00000080AA73
:10D79000AAA2828A82828282828282820200A0A0DF
:10D7A000820A2A08A0AAAAAAAAAAAAAAAAAAAA82F5
:10D7B0000A2A08000000000000000000000000002D
:10D7C0000000000000000000000000000000000059
:10D7D0000000AAAAAAAAAAAAAAAAAAAAAAAAAAAAFD
:10D7E000AAAAAAAAAAAAAAAAAAAAAAAAAAAAAAAA99
:10D7F000AAAA2A00000000000000000000000000AB
:10D8000000000000000C000000000000000C000000
:10D8100000000000000C000000000000000C0000F0
:10D8200000000000000C000000000000000C0000E0
:10D8300000000000000C000000000000000C0000D0
:10D8400000000000000C000000000000000C0000C0
:10D8500000000000000C000000000000000C0000B0
:10D8600000000000000C000000000000000C0000A0
:10D8700000000000000C000000000000000C000090
:10D880000000000000000000000000000000000098
:10D890000000000000000000000000000000000088
:10D8A0000000000000000000000000000000000078
:10D8B0000000000000000000000000000000000068
:10D8C0000000000000000000000000000000000058
:10D8D0000000000000000000000000000000000048
:10D8E0000000000000000000000000000000000038
:10D8F0000000000000000000000000000000000028
:10D9000000000000000C000000000000000C0000FF
:10D9100000000000000C000000000000000C0000EF
:10D9200000000000000C000000000000000C0000DF
:10D9300000000000000C000000000000000C0000CF
:10D9400000000000000C000000000000000C0000BF
:10D9500000000000000C000000000000000C0000AF
:10D9600000000000000C000000000000000C00009F
:10D9700000000000000C000000000000000C00008F
:10D9800000000000000C000000000000000C00007F
:10D9900000000000000C000000000000000C00006F
:10D9A00000000000000C000000000000000C00005F
:10D9B00000000000000C000000000000000C00004F
:10D9C00000000000000C000000000000000C00003F
:10D9D00000000000000C000000000000000C00002F
:10D9E00000000000000C000000000000000C00001F
:10D9F00000000000000C000000000000000C00000F
:10DA000000000000000C000000000000000C0000FE
:10DA100000000000000C000000000000000C0000EE
:10DA200000000000000C000000000000000C0000DE
:10DA300000000000000C000000000000000C0000CE
:10DA400000000000000C000000000000000C0000BE
:10DA500000000000000C000000000000000C0000AE
:10DA600000000000000C000000000000000C00009E
:10DA700000000000000C000000000000000C00008E
:10DA800000000000000C000000000000000C00007E
:10DA900000000000000C000000000000000C00006E
:10DAA00000000000000C000000000000000C00005E
:10DAB00000000000000C000000000000000C00004E
:10DAC00000000000000C000000000000000C00003E
:10DAD00000000000000C000000000000000C00002E
:10DAE00000000000000C000000000000000C00001E
:10DAF00000000000000C000000000000000C00000E
:10DB000000000000000C000000000000000C0000FD
:10DB100000000000000C000000000000000C0000ED
:10DB200000000000000C000000000000000C0000DD
:10DB300000000000000C000000000000000C0000CD
:10DB400000000000000C000000000000000C0000BD
:10DB500000000000000C000000000000000C0000AD
:10DB600000000000000C000000000000000C00009D
:10DB700000000000000C000000000000000C00008D
:10DB800000000000000C000000000000000C00007D
:10DB900000000000000C000000000000000C00006D
:10DBA00000000000000C000000000000000C00005D
:10DBB00000000000000C000000000000000C00004D
:10DBC00000000000000C000000000000000C00003D
:10DBD00000000000000C000000000000000C00002D
:10DBE00000000000000C000000000000000C00001D
:10DBF00000000000000C000000000000000C00000D
:10DC000000000000000C000000000000000C0000FC
:10DC100000000000000C000000000000000C0000EC
:10DC200000000000000C000000000000000C0000DC
:10DC300000000000000C000000000000000C0000CC
:10DC400000000000000C000000000000000C0000BC
:10DC500000000000000C000000000000000C0000AC
:10DC600000000000000C000000000000000C00009C
:10DC700000000000000C000000000000000C00008C
:10DC800000000000000C000000000000000C00007C
:10DC900000000000000C000000000000000C00006C
:10DCA00000000000000C000000000000000C00005C
:10DCB00000000000000C000000000000000C00004C
:10DCC00000000000000C000000000000000C00003C
:10DCD00000000000000C000000000000000C00002C
:10DCE00000000000000C000000000000000C00001C
:10DCF00000000000000C000000000000000C00000C
:10DD000000000000000C000000000000000C0000FB
:10DD100000000000000C000000000000000C0000EB
:10DD200000000000000C000000000000000C0000DB
:10DD300000000000000C000000000000000C0000CB
:10DD400000000000000C000000000000000C0000BB
:10DD500000000000000C000000000000000C0000AB
:10DD600000000000000C000000000000000C00009B
:10DD700000000000000C000000000000000C00008B
:10DD800000000000000C000000000000000C00007B
:10DD900000000000000C000000000000000C00006B
:10DDA00000000000000C000000000000000C00005B
:10DDB00000000000000C000000000000000C00004B
:10DDC00000000000000C000000000000000C00003B
:10DDD00000000000000C000000000000000C00002B
:10DDE00000000000000C000000000000000C00001B
:10DDF00000000000000C000000000000000C00000B
:10DE00000000000000000000000000000000000012
:10DE10000000000000000000000000000000000002
:10DE200000000000000000000000000000000000F2
:10DE300000000000000000000000000000000000E2
:10DE400000000000000000000000000000000000D2
:10DE500000000000000000000000000000000000C2
:10DE600000000000000000000000000000000000B2
:10DE700000000000000000000000000000000000A2
:10DE80000000000000000000000000000000000092
:10DE90000000000000000000000000000000000082
:10DEA0000000000000000000000000000000000072
:10DEB0000000000000000000000000000000000062
:10DEC0000000000000000000000000000000000052
:10DED0000000000000000000000000000000000042
:10DEE0000000000000000000000000000000000032
:10DEF0000000000000000000000000000000000022
:10DF000000000000000C000000000000000C0000F9
:10DF100000000000000C000000000000000C0000E9
:10DF200000000000000C000000000000000C0000D9
:10DF300000000000000C000000000000000C0000C9
:10DF400000000000000C000000000000000C0000B9
:10DF500000000000000C000000000000000C0000A9
:10DF600000000000000C000000000000000C000099
:10DF700000000000000C000000000000000C000089
:10DF800000000000000C000000000000000C000079
:10DF900000000000000C000000000000000C000069
:10DFA00000000000000C000000000000000C000059
:10DFB00000000000000C000000000000000C000049
:10DFC00000000000000C000000000000000C000039
:10DFD00000000000000C000000000000000C000029
:10DFE00000000000000C000000000000000C000019
:10DFF00000000000000C000000000000000C000009
:10E0000009000000000000000900000000000000FE
:10E0100023030000000020030000000000000B03A9
:10E02000000000000003FC020000E502E80200001E
:10E03000A7035700570057005700570057005700D5
:10E040005700570000000000000000000000000022
:10E050000000330200009D028F03330233023302BB
:10E0600000000000000000004F0300000000290332
:10E07000000000000000B702000052030000000092
:10E080002905000000000000000000000000000062
:10E090000000330200009D02D00433023302330239
:10E0A0006603D0046201000061030000820343059F
:10E0B0006E036B030000B70262012405000000003C
:10E0C0003B050000620100000000000000000000AD
:10E0D0003030303030303030303030303030303040
:10E0E0002020202020202020202020202020202030
:10E0F00061436F63A787D23FB3C8608B288AC63F4E
:10E10000FB799F501344D33F010000000200000040
:10E1100000000000010000000500000019000000E0
:10E120007D00000000000000000000000000000072
:10E130000080E03779C34143176E05B5B5B8934603
:10E14000F5F93FE9034F384D321D30F94877825ACF
:10E150003CBF737FDD4F157500000000000000001C
:10E16000000000000000F03F00000000000024401C
:10E1700000000000000059400000000000408F40F7
:10E18000000000000088C34000000000006AF84062
:10E190000000000080842E4100000000D012634186
:10E1A0000000000084D797410000000065CDCD41FC
:10E1B000000000205FA00242000000E876483742DD
:10E1C000000000A2941A6D42000040E59C30A2427B
:10E1D0000000901EC4BCD64200003426F56B0C43F0
:10E1E0000080E03779C3414300A0D8855734764397
:10E1F00000C84E676DC1AB43003D9160E458E143F8
:10E20000408CB5781DAF154450EFE2D6E41A4B446C
:10E2100092D54D06CFF08044F64AE1C7022DB544B1
:10E22000B49DD9794378EA44000000000000000062
:10E2300000202020202020202020282828282820D6
:10E2400020202020202020202020202020202020CE
:10E250002088101010101010101010101010101036
:10E260001004040404040404040404101010101026
:10E2700010104141414141410101010101010101F0
:10E280000101010101010101010101011010101042
:10E2900010104242424242420202020202020202C2
:10E2A0000202020202020202020202021010101016
:10E2B000200000000000000000000000000000003E
:10E2C000000000000000000000000000000000004E
:10E2D000000000000000000000000000000000003E
:10E2E000000000000000000000000000000000002E
:10E2F000000000000000000000000000000000001E
:10E30000000000000000000000000000000000000D
:10E3100000000000000000000000000000000000FD
:10E3200000000000000000000000000000000000ED
:08E330000000000000000000E5
:0400000510001000D7
:00000001FF
