:020000040800F2
:101E0000D0410100FFFFFFFFFFFFFFFFFFFFFFFFCC
:101E1000000A0000FFFFFFFFFFFFFFFFFFFFFFFFC4
:101E200000280028FFFFFFFFFFFFFFFFFFFFFFFF6E
:101E3000FFFFFFFFFFFFFFFFFFFFFFFFFFFFFFFFB2
:101E4000FFFFFFFFFFFFFFFFFFFFFFFFFFFFFFFFA2
:101E5000FFFFFFFFFFFFFFFFFFFFFFFFFFFFFFFF92
:101E6000FFFFFFFFFFFFFFFFFFFFFFFFFFFFFFFF82
:101E7000FFFFFFFFFFFFFFFFFFFFFFFFFFFFFFFF72
:101E8000FFFFFFFFFFFFFFFFFFFFFFFFFFFFFFFF62
:101E9000FFFFFFFFFFFFFFFFFFFFFFFFFFFFFFFF52
:101EA000FFFFFFFFFFFFFFFFFFFFFFFFFFFFFFFF42
:101EB000FFFFFFFFFFFFFFFFFFFFFFFFFFFFFFFF32
:101EC000FFFFFFFFFFFFFFFFFFFFFFFFFFFFFFFF22
:101ED000FFFFFFFFFFFFFFFFFFFFFFFFFFFFFFFF12
:101EE000FFFFFFFFFFFFFFFFFFFFFFFFFFFFFFFF02
:101EF000FFFFFFFFFFFFFFFFFFFFFFFFFFFFFFFFF2
:101F0000FFFFFFFFFFFFFFFFFFFFFFFFFFFFFFFFE1
:101F1000FFFFFFFFFFFFFFFFFFFFFFFFFFFFFFFFD1
:101F2000FFFFFFFFFFFFFFFFFFFFFFFFFFFFFFFFC1
:101F3000FFFFFFFFFFFFFFFFFFFFFFFFFFFFFFFFB1
:101F4000FFFFFFFFFFFFFFFFFFFFFFFFFFFFFFFFA1
:101F5000FFFFFFFFFFFFFFFFFFFFFFFFFFFFFFFF91
:101F6000FFFFFFFFFFFFFFFFFFFFFFFFFFFFFFFF81
:101F7000FFFFFFFFFFFFFFFFFFFFFFFFFFFFFFFF71
:101F8000FFFFFFFFFFFFFFFFFFFFFFFFFFFFFFFF61
:101F9000FFFFFFFFFFFFFFFFFFFFFFFFFFFFFFFF51
:101FA000FFFFFFFFFFFFFFFFFFFFFFFFFFFFFFFF41
:101FB000FFFFFFFFFFFFFFFFFFFFFFFFFFFFFFFF31
:101FC000FFFFFFFFFFFFFFFFFFFFFFFFFFFFFFFF21
:101FD000FFFFFFFFFFFFFFFFFFFFFFFFFFFFFFFF11
:101FE000FFFFFFFFFFFFFFFFFFFFFFFFFFFFFFFF01
:101FF000FFFFFFFFFFFFFFFFFFFFFFFFFFFF55AAF0
:1028000008B504F03BF9FEE7024B83F3088804F0B7
:1028100029B900BFB0E2000800000000000000007D
:1028200000000000000000000000000000000000A8
:102830000000000000000000000000000000000098
:102840000000000000000000000000000000000088
:102850000000000000000000000000000000000078
:102860000000000000000000000000000000000068
:102870000000000000000000000000000000000058
:102880000000000000000000000000000000000048
:102890000000000000000000000000000000000038
:1028A0000000000000000000000000000000000028
:1028B0000000000000000000000000000000000018
:1028C0000000000000000000000000000000000008
:1028D00000000000000000000000000000000000F8
:1028E00000000000000000000000000000000000E8
:1028F00000000000000000000000000000000000D8
:1029000000000000000000000000000000000000C7
:1029100000000000000000000000000000000000B7
:1029200000000000000000000000000000000000A7
:102930000000000000000000000000000000000097
:102940000000000000000000000000000000000087
:102950000000000000000000000000000000000077
:102960000000000000000000000000000000000067
:102970000000000000000000000000000000000057
:102980000000000000000000000000000000000047
:102990000000000000000000000000000000000037
:1029A0000000000000000000000000000000000027
:1029B0000000000000000000000000000000000017
:1029C0000000000000000000000000000000000007
:1029D00000000000000000000000000000000000F7
:1029E00000000000000000000000000000000000E7
:1029F00000000000000000000000000000000000D7
:102A000000000000000000000000000000000000C6
:102A100000000000000000000000000000000000B6
:102A200000000000000000000000000000000000A6
:102A30000000000000000000000000000000000096
:102A40000000000000000000000000000000000086
:102A50000000000000000000000000000000000076
:102A60000000000000000000000000000000000066
:102A70000000000000000000000000000000000056
:102A80000000000000000000000000000000000046
:102A90000000000000000000000000000000000036
:102AA0000000000000000000000000000000000026
:102AB0000000000000000000000000000000000016
:102AC0000000000000000000000000000000000006
:102AD00000000000000000000000000000000000F6
:102AE00000000000000000000000000000000000E6
:102AF00000000000000000000000000000000000D6
:102B000000000000000000000000000000000000C5
:102B100000000000000000000000000000000000B5
:102B200000000000000000000000000000000000A5
:102B30000000000000000000000000000000000095
:102B40000000000000000000000000000000000085
:102B50000000000000000000000000000000000075
:102B60000000000000000000000000000000000065
:102B70000000000000000000000000000000000055
:102B80000000000000000000000000000000000045
:102B90000000000000000000000000000000000035
:102BA0000000000000000000000000000000000025
:102BB0000000000000000000000000000000000015
:102BC0000000000000000000000000000000000005
:102BD00000000000000000000000000000000000F5
:102BE00000000000000000000000000000000000E5
:102BF00000000000000000000000000000000000D5
:102C000000000000000000000000000000000000C4
:102C100000000000000000000000000000000000B4
:102C200000000000000000000000000000000000A4
:102C30000000000000000000000000000000000094
:102C40000000000000000000000000000000000084
:102C50000000000000000000000000000000000074
:102C60000000000000000000000000000000000064
:102C70000000000000000000000000000000000054
:102C80000000000000000000000000000000000044
:102C90000000000000000000000000000000000034
:102CA0000000000000000000000000000000000024
:102CB0000000000000000000000000000000000014
:102CC0000000000000000000000000000000000004
:102CD00000000000000000000000000000000000F4
:102CE00000000000000000000000000000000000E4
:102CF00000000000000000000000000000000000D4
:102D000000000000000000000000000000000000C3
:102D100000000000000000000000000000000000B3
:102D200000000000000000000000000000000000A3
:102D30000000000000000000000000000000000093
:102D40000000000000000000000000000000000083
:102D50000000000000000000000000000000000073
:102D60000000000000000000000000000000000063
:102D70000000000000000000000000000000000053
:102D80000000000000000000000000000000000043
:102D90000000000000000000000000000000000033
:102DA0000000000000000000000000000000000023
:102DB0000000000000000000000000000000000013
:102DC0000000000000000000000000000000000003
:102DD00000000000000000000000000000000000F3
:102DE00000000000000000000000000000000000E3
:102DF00000000000000000000000000000000000D3
:102E000000000000000000000000000000000000C2
:102E100000000000000000000000000000000000B2
:102E200000000000000000000000000000000000A2
:102E30000000000000000000000000000000000092
:102E40000000000000000000000000000000000082
:102E50000000000000000000000000000000000072
:102E60000000000000000000000000000000000062
:102E70000000000000000000000000000000000052
:102E80000000000000000000000000000000000042
:102E90000000000000000000000000000000000032
:102EA0000000000000000000000000000000000022
:102EB0000000000000000000000000000000000012
:102EC0000000000000000000000000000000000002
:102ED00000000000000000000000000000000000F2
:102EE00000000000000000000000000000000000E2
:102EF00000000000000000000000000000000000D2
:102F000000000000000000000000000000000000C1
:102F100000000000000000000000000000000000B1
:102F200000000000000000000000000000000000A1
:102F30000000000000000000000000000000000091
:102F40000000000000000000000000000000000081
:102F50000000000000000000000000000000000071
:102F60000000000000000000000000000000000061
:102F70000000000000000000000000000000000051
:102F80000000000000000000000000000000000041
:102F90000000000000000000000000000000000031
:102FA0000000000000000000000000000000000021
:102FB0000000000000000000000000000000000011
:102FC0000000000000000000000000000000000001
:102FD00000000000000000000000000000000000F1
:102FE00000000000000000000000000000000000E1
:102FF00000000000000000000000000000000000D1
:10300000B0E2000801280008F1690008E969000839
:10301000E9690008E9690008E9690008ED69000844
:10302000000000000000000000000000E969000846
:10303000E969000800000000E9690008E969000882
:10304000E5690008E5690008E5690008E569000828
:10305000E5690008E5690008E5690008E569000818
:10306000E5690008E5690008E5690008E569000808
:10307000E5690008E5690008E5690008E5690008F8
:10308000E5690008E5690008E5690008E5690008E8
:10309000E5690008E5690008E5690008E5690008D8
:1030A000E5690008E5690008E5690008E5690008C8
:1030B000E5690008E5690008E5690008E5690008B8
:1030C000E5690008E5690008E5690008E5690008A8
:1030D000E5690008E5690008E5690008E569000898
:1030E000E5690008E5690008E5690008E569000888
:1030F000E5690008E5690008E5690008E569000878
:10310000E5690008E5690008E5690008E569000867
:10311000E5690008E5690008E5690008E569000857
:10312000E5690008E5690008E5690008E569000847
:10313000E5690008E5690008E5690008E569000837
:10314000E5690008E5690008E5690008E569000827
:10315000E5690008E5690008E5690008E569000817
:10316000E5690008E5690008E5690008E569000807
:10317000E5690008E5690008E5690008E5690008F7
:10318000E5690008E5690008E5690008E5690008E7
:10319000E5690008E5690008E5690008E5690008D7
:1031A000E5690008E5690008E5690008E5690008C7
:1031B000E5690008E5690008E5690008E5690008B7
:1031C000E5690008E5690008E5690008E5690008A7
:1031D000E5690008E5690008E5690008E569000897
:1031E000E5690008E5690008E5690008E569000887
:1031F000E5690008E5690008E5690008E569000877
:10320000E5690008E5690008E5690008E569000866
:10321000E5690008E5690008E5690008E569000856
:10322000E5690008E5690008E5690008E569000846
:10323000E5690008E5690008E5690008E569000836
:10324000E5690008E5690008E5690008E569000826
:10325000E5690008E5690008E5690008E569000816
:10326000E5690008E5690008E5690008E569000806
:10327000E5690008E5690008E5690008E5690008F6
:10328000E5690008E5690008E5690008E5690008E6
:10329000E5690008E5690008E5690008E5690008D6
:1032A000E5690008E5690008E5690008E5690008C6
:1032B000E5690008E5690008E5690008E5690008B6
:1032C000E5690008E5690008E5690008E5690008A6
:1032D000E5690008E5690008E5690008E569000896
:1032E000E5690008E5690008E5690008E569000886
:1032F000E5690008E5690008E5690008E569000876
:10330000E5690008E5690008E5690008E569000865
:10331000E5690008E5690008E5690008E569000855
:10332000E5690008E5690008F55B0008A55C000890
:103330007D5D0008F55D0008495E0008A55E000897
:10334000E5690008E5690008E5690008E569000825
:10335000E5690008E5690008E5690008E569000815
:10336000E5690008E5690008E5690008E569000805
:10337000E5690008E5690008E5690008E5690008F5
:10338000E5690008E5690008E5690008E5690008E5
:10339000E5690008E5690008E5690008E5690008D5
:1033A000E5690008E5690008E5690008E5690008C5
:1033B000E5690008E5690008F55B0008A55C000800
:1033C0007D5D0008F55D0008495E0008A55E000807
:1033D000E5690008E5690008E5690008E569000895
:1033E000E5690008E5690008E5690008E569000885
:1033F000E5690008E5690008E5690008E569000875
:10340000E5690008E5690008E5690008E569000864
:10341000E5690008E5690008E5690008E569000854
:10342000E5690008E5690008E5690008E569000844
:10343000E5690008E5690008E5690008E569000834
:10344000E5690008E5690008E5690008E569000824
:10345000E5690008E5690008E5690008E569000814
:10346000E5690008E5690008E5690008E569000804
:10347000E5690008E5690008E5690008E5690008F4
:10348000E5690008E5690008E5690008E5690008E4
:10349000E5690008E5690008E5690008E5690008D4
:1034A000E5690008E5690008E5690008E5690008C4
:1034B000E5690008E5690008E5690008E5690008B4
:1034C000E5690008E5690008E5690008E5690008A4
:1034D000E5690008E5690008E5690008E569000894
:1034E000E5690008E5690008E5690008E569000884
:1034F000E5690008E5690008E5690008E569000874
:10350000E5690008E5690008E5690008E569000863
:10351000E5690008E5690008E5690008E569000853
:10352000E5690008E5690008E5690008E569000843
:10353000E5690008E5690008E5690008E569000833
:10354000E5690008E5690008E5690008E569000823
:10355000E5690008E5690008E5690008E569000813
:10356000E5690008E5690008E5690008E569000803
:10357000E5690008E5690008E5690008E5690008F3
:10358000E5690008E5690008E5690008E5690008E3
:10359000E5690008E5690008E5690008E5690008D3
:1035A000E5690008E5690008E5690008E5690008C3
:1035B000E5690008E5690008E5690008E5690008B3
:1035C000E5690008D9590008355B0008D959000899
:1035D000355B0008E5690008E5690008E569000851
:1035E000E5690008E5690008E5690008E569000883
:1035F000E5690008E5690008E5690008E569000873
:10360000E5690008E5690008E5690008E569000862
:10361000E5690008E5690008E5690008E569000852
:10362000E5690008E5690008E5690008E569000842
:10363000E5690008E5690008E5690008E569000832
:10364000E5690008E5690008E5690008E569000822
:10365000E5690008E5690008E5690008E569000812
:10366000E5690008E5690008E5690008E569000802
:10367000E5690008E5690008E5690008E5690008F2
:10368000E5690008E5690008E5690008E5690008E2
:10369000E5690008E5690008E5690008E5690008D2
:1036A000E5690008E5690008E5690008E5690008C2
:1036B000E5690008E5690008E5690008E5690008B2
:1036C000E5690008E5690008E5690008E5690008A2
:1036D000E5690008E5690008E5690008E569000892
:1036E000E5690008E5690008E5690008E569000882
:1036F000E5690008E5690008E5690008E569000872
:10370000E5690008E5690008E5690008E569000861
:10371000E5690008E5690008E5690008E569000851
:10372000E5690008E5690008E5690008E569000841
:10373000E5690008E5690008E5690008E569000831
:10374000E5690008E5690008E5690008E569000821
:10375000E5690008E5690008E5690008E569000811
:10376000E5690008E5690008E5690008E569000801
:10377000E5690008E5690008E5690008E5690008F1
:10378000E5690008E5690008E5690008E5690008E1
:10379000E5690008E5690008E5690008E5690008D1
:1037A000E5690008E5690008E5690008E5690008C1
:1037B000E5690008E5690008E5690008E5690008B1
:1037C0002DE9F0410446D0E902854068A8EB0507E1
:1037D00097422844154408D80E463A46A5EB0805FA
:1037E00003F076FD2A466068F11903F071FDBFF31E
:1037F0005F8FE560BDE8F0812DE9F8434FF00009E7
:10380000064688461746D0E902243369151B9C42B8
:1038100003F1FF3125BF03F1FF339B180B1B1B1B6B
:10382000BD4228BF3D469D4228BF1D4670684146A7
:103830002A46204403F04CFDB2682C44A24208BF43
:103840000024A944A8447F1BBFF35F8FF460002FBE
:10385000DBD14846BDE8F883F8B5164CA822002114
:10386000204603F027FE4FF480660023032110203A
:10387000114A124F124D21616161A261E761266216
:10388000A3626362E36222666566A0662367E366FD
:103890006367BFF35F8F0B4B9C46A3F11000ACEB4B
:1038A000030213F9011D8342A154F8D1BFF35F8FC6
:1038B000F8BD00BF70E70008B0BC000870E3000866
:1038C00060E3000828C4000838B5214B00EB400431
:1038D00003EBC40EDEF82C40013000EB4000012C5D
:1038E0008C46154603EBC00015D0022C0FD034BB1C
:1038F000DEF82830DEF8242093429CBFDEF820104A
:103900005B18013B9A1A95421CD9204638BDBDE888
:103910003840FFF771BFDEF82830DEF82440A342BC
:103920009CBFDEF820105B18013B1C1B944228BF93
:10393000144661462246FFF743FF204638BD002467
:10394000204638BD2A466146FFF73AFF2C46DCE7A1
:1039500070E70008F8B50B4B04461B780D46532B57
:10396000164601D0FFF778FFEFF311874FF02001E3
:1039700081F31188324629462046FFF7A5FF87F3D9
:103980001188F8BD70E7000810B50446D0E901328F
:10399000501C984207D8236899540246E16863682E
:1039A0000131C4E902019A4200D010BD21682069AA
:1039B000FFF7D0FFA368984215BF4FF0FF330023F5
:1039C000E360A36010BD00BF2DE9F84F91420F46A0
:1039D000DDE90A94154683461E4668D30B464FF030
:1039E0000108B3FBF5F39D4208F10108F9D9B04590
:1039F00038BFB04614F0010A02D1B9F1000F3DD131
:103A0000DBF80C30002B29DB012402E005FB04F479
:103A1000013E012EFAD8B7FBF4F39D4205D805FB11
:103A200004F4B7FBF4F39D42F9D9224E06E0AC4210
:103A3000B4FBF5F30CD31C46B7FBF3F3F156584631
:103A400004FB1377FFF7A0FFDBF80C30002BEEDA56
:103A5000BAF1000F02D0B9F1000F09D1BDE8F88F1B
:103A600020215846FFF790FFDBF80C30002BF5DBE8
:103A7000C14509F1FF39F3D8BDE8F88FA30711D488
:103A800020240CE021465846FFF77EFFDBF80C307F
:103A900009F1FF39002BE1DBB9F1000FB2D0C145CC
:103AA000F0D8ADE7002E0CBF30242024F7E74FF00C
:103AB00001089CE72CC400082DE9F04F00234024A6
:103AC0009BB00DF12809CDE9049480460C461746B9
:103AD000CDE90633089006E004A8FFF755FF079BE1
:103AE000002BC0F2AE8014F9011B002900F0A18068
:103AF0002529F1D10026234613F9011BA1F1230248
:103B00000D2A08D8DFE802F0800707070707070734
:103B10007C0784070778A1F13002D2B2092A4FF05E
:103B2000000501D90EE0013305EB850501EB4505E4
:103B300093F900101C46A1F13002D2B2092AA5F176
:103B40003005F0D92E2900F080800022924694F9A9
:103B5000001021F00403682B04F101045CD0252936
:103B6000BAD05839CBB2202BB9D82029B7D801A365
:103B700053F821F0993C0008DF3A0008DF3A0008CA
:103B8000DF3A0008DF3A0008DF3A0008DF3A0008B1
:103B9000DF3A0008DF3A0008DF3A0008DF3A0008A1
:103BA000B53C00083D3D0008DF3A0008DF3A000858
:103BB000DF3A0008DF3A0008DF3A0008DF3A000881
:103BC000DF3A0008DF3A0008DF3A0008DF3A000871
:103BD000DF3A00081F3D0008DF3A0008DF3A00081E
:103BE000E33C0008DF3A0008C93C0008DF3A00085F
:103BF000DF3A0008993C00081C4646F002067AE7C6
:103C00001C4646F0040676E71C4646F0080672E7B6
:103C10001C4646F001066EE714F9011B21F004036F
:103C2000682B9CD114F9011B21F00403682B96D159
:103C3000F2E7079B002B04DD069C002C40F0B280CD
:103C4000234418461BB0BDE8F08F94F901102A29CF
:103C500009D13B684FF0010A1A1D3A6094F902102D
:103C60001A68023475E7A1F13003DBB2092B4FF07B
:103C7000000204F1010400F2E18002EB820201EB98
:103C8000420214F9011F303AA1F13003DBB2092BD3
:103C9000F3D94FF0010A5CE7134610223968081D7A
:103CA000386009680DEB0200CDE90056FFF78CFE85
:103CB000079B15E73B6804A81A1D3A6093F90010AA
:103CC000FFF762FE079B0BE739681346081D386053
:103CD00009680A22CDE9005604A8FFF775FE079B84
:103CE000FEE63B68191D39601D68002D00F08D80CF
:103CF0000132AE1815F9011B00293FF4F0AEBAF1FC
:103D0000000F02D0B5423FF4EAAE04A8FFF73CFE34
:103D1000079B002BEEDA18461BB0BDE8F08F082396
:103D20000020102239680D1D3D600968CDE9003082
:103D30000DEB0200FFF748FE079BD1E63B684FF012
:103D4000010A191D3960D3F800B08BEAEB73A3EBBD
:103D5000EB73092B09DD4A481946A0FB03C363290D
:103D60000AF1010A4FEAD303F6DC924538BF9246C6
:103D70000DBB079900250B460029FFF662AFBBF18A
:103D8000000F46DB730752D406F00303022B57D013
:103D9000134659460A22CDE9005604A8FFF714FE3F
:103DA000079B9DE62246494640460393FFF7D2FD16
:103DB000039B234445E7BBF1000F06F002031BDB26
:103DC000710719D4002B53D09AB1F3070FD510E027
:103DD000202104A80392FFF7D7FD0799039A002931
:103DE0000B4605F1FF35FFF62CAF002DC4D0AA45D8
:103DF000EED307990B46BFE7013D0BB1002AF8D07F
:103E0000F107F6D4002DF2D1B3E74FF0000A1D4DB3
:103E10006EE72D2104A80392FFF7B6FD039ACBF1BC
:103E2000000B079900290B46FFF60BAFACE72B21DF
:103E300004A80392FFF7A8FD039AF2E7924688E6EA
:103E4000002AA5D1002DA3D0554517D9302104A8AB
:103E50000392FFF799FD0799013D00290B46FFF6F4
:103E6000F0AE039A002DEFD10029FFF6EAAE8FE7FE
:103E7000F007BCD5079B002B8ADAE2E60B46F3E796
:103E8000CDCCCCCCBCBC00080EB400B582B003AB2A
:103E900053F8041B01AA0193FFF70EFE02B05DF870
:103EA00004EB03B0704700BF2DE9F04300249BB042
:103EB000402221460AA8CDE90744ADF8244003F08A
:103EC000F9FA07A802F0ECFC9DF81D30384A01937E
:103ED0009DF81E303749009320469DF81F30FFF7AC
:103EE000D3FF35492046FFF7CFFF00F0ABF900289C
:103EF0004DD1DFF8E090DFF8E080304D08A800F009
:103F000077FA2F4B04462F4A2F4958B10020FFF76C
:103F1000BBFF00F057FA22462C490020FFF7B4FF00
:103F200000BEEBE7BDF8240007EE900AF8EEE77A52
:103F300017EE900A02F024FFBDF82230CDE904010B
:103F400007EE903AF8EEE77A17EE900A02F018FFC3
:103F5000BDF82030CDE9020107EE903AF8EEE77A9D
:103F600017EE900A02F00CFF06460F464A46402123
:103F7000CDE900670AA803F04FFA414620460AAA95
:103F8000FFF782FF2946032002F09EFCB6E70546B4
:103F90000F4B0C4A0C492046FFF776FF00F012FA4F
:103FA0002A4620460949FFF76FFF00BEA1E700BF80
:103FB000C4BC0008CCBC0008F0BE000840420F00A2
:103FC000C0BF00083CC4000884BF0008A0BF0008B0
:103FD00068BF0008E4BF000814C00008022800D031
:103FE000704708B50A490B4802F056FA00F090FAFB
:103FF000094BD3F800335B0507D500F0B5FB00F0A3
:104000007FFBBDE8084000F011BC00F0A7FAF4E720
:10401000A4C5000818E800080000434010B58C460D
:104020008646184A82B0916810688C680023022284
:1040300001A98DF804E08DF805C0A04738B1002033
:10404000114B124A1249FFF71FFF02B010BD4FF08B
:10405000FF331A460F4C2070013B62F1000253EA15
:10406000020108D021780029F6D02378012B4FF0E7
:1040700000032370E9D1084B044A05490020FFF7EB
:1040800003FFE2E7B4C400081CC0000858C40008DD
:1040900084BF000888CB000844C00008314B2DE9DC
:1040A000F04102469F681C68012382B00E468DF8DD
:1040B000072020461A46BD680DF10701A84740B108
:1040C0000020294B294A2A49FFF7DEFE02B0BDE84D
:1040D000F0814FF0FF331A46264D2870013B62F104
:1040E000000253EA020135D028780028F6D02B7858
:1040F000012B2DD04FF000082046314601224346C7
:104100007C6885F80080A04740B140461A4B174AAA
:104110001749FFF7B9FE02B0BDE8F0814FF0FF3359
:104120001A462870013B62F1000253EA020108D0EE
:1041300029780029F6D02B78012B4FF000032B7043
:10414000C4D10E4B094A0A490020FFF79DFEBDE786
:1041500000232B700A4B054A05490020FFF794FE07
:10416000B4E700BFB4C400081CC0000848C400087D
:1041700084BF000888CB000878C00008A0C00008F1
:1041800044C00008F0B50024254B83B09D681E682C
:104190002A68596830468DF8074090470DF10701AD
:1041A000F820FFF77BFF1F4F9DF80730F8222046CD
:1041B0001D49FFF769FE0DF107018D20FFF76EFF26
:1041C0009DF807308D2239462046FFF75DFE0DF140
:1041D00007016C20FFF762FF9DF807306C22204634
:1041E0001249FFF751FE20461149FFF74DFE02210B
:1041F0008D208DF80710FFF711FF0DF107018D20BD
:10420000FFF74CFF8D2239469DF807302046FFF717
:104210003BFE3046EB699847204603B0F0BD00BF37
:10422000B4C40008ECC00008D0C000080CC10008ED
:1042300028C1000810B10279014B1A70704700BF05
:1042400088CB000870B540F62D0200254E4B82B099
:104250004E494F488DF807501A8001F0C7F90446BF
:10426000002865D101234B491A460870484800F0E0
:10427000D1FF044670B12846474B484A4849FFF7EA
:1042800003FE0020474B484A4549FFF7FDFD204605
:1042900002B070BD4FF6FF73444D2870013B9BB2D6
:1042A000002B57D02A78002AF8D02B78012B4FD03A
:1042B00000260122334636480DF107012E7000F02A
:1042C000DFFF044600283CD14FF6FF732870013B06
:1042D0009BB2002B50D02A78002AF8D02B78012BE3
:1042E00048D000269DF807302E70E52BC9D1334603
:1042F00002222549264800F08DFF0446002832D1CD
:104300004FF6FF732870013B9BB243B12A78002A15
:10431000F9D02B78012B4FF000032B70B7D1002080
:10432000234B214A1E49FFF7AFFD4FF49674AEE7C9
:104330002846204B1C4A1A49FFF7A6FD204602B02A
:1043400070BD30461C4B154A1549FFF79DFD98E797
:1043500000232B700020194B104A1149FFF794FDE0
:104360004FF496748DE730460B4B0F4A0C49FFF71C
:104370008BFD8CE700232B70114B084A0849002065
:10438000FFF782FDECE700BFA8D2000864C5000873
:104390008CE800089CD200081CC000088CC40008EF
:1043A00084BF0008ECC100089CC4000889CB000849
:1043B000C0C1000840C1000878C0000868C10008FA
:1043C00094C1000810B5064801F0F4F900B910BD19
:1043D0000020BDE81040034B034A0449FFF754BDD9
:1043E0008CE8000810C200087CC4000884BF0008E4
:1043F000F8B532220024374B37491C600A709C8084
:1044000000285ED0012305461A46344800F002FF1A
:104410000646002831D14FF6FF73314C2070013B26
:104420009BB2002B33D02278002AF8D02378012BBE
:104430002BD0002706223B4626492848277000F04B
:104440001FFF0646002834D14FF6FF732070013B52
:104450009BB23BB32278002AF9D02378012B1FD0DE
:1044600000211C4A6B1E2170053512F8011B03F850
:10447000011F9D42F9D13046F8BD2046194B1A4A1A
:104480001A49FFF701FD3046F8BD002323700020D4
:10449000174B154A1549FFF7F7FC4FF49676EAE7F4
:1044A00000232370134B104A10490020FFF7ECFC47
:1044B000F3E73846104B0C4A0C49FFF7E5FC304651
:1044C000F8BD02260D4B084A0849FFF7DDFC3046CF
:1044D000F8BD00BFA0D200089DD200088CE80008FB
:1044E00089CB00081CC0000868C4000884BF00080D
:1044F00084C200085CC2000878C0000838C2000806
:1045000010B10279014B1A70704700BF89CB0008C7
:104510004FF01F12104B0020C3F80022C3F80422F2
:10452000C3F80822C3F80C22C3F81022C3F81422DF
:10453000C3F81822C3F81C22C3F82022C3F824228F
:10454000C3F82822C3F82C22C3F83022C3F834223F
:10455000C3F83822704700BF000042404FF4E0200B
:104560004FF47C124FF480212DE9F84F0125564C71
:10457000564E574BC4F80069C4F804095548C4F8AE
:1045800008095548C4F80C09C4F81029534AC4F85E
:104590001429534AC4F81829524AC4F81C2902F1B4
:1045A000C062C4F82039C4F824294F4AC4F8282925
:1045B0004E4AC4F82C19C4F830294D494D4AC4F864
:1045C0003419C4F83839C4F83C294B4AC4F8403986
:1045D000C4F84429C4F88C5CFFF7D4FD4FF47A7119
:1045E0001E2002F071F94FF47A711420C4F8785C3F
:1045F00002F06AF9D4F87C3C03F00603062BF9D1EB
:1046000000234FF00422C4F8783CC4F82C2DC4F8E1
:104610008C3C00F0CDF86FF0201B4FF0FF326FF0B4
:1046200080216FF0041A4FF080296FF001186FF0AD
:104630000F1E6FF0071C6FF0F0266FF003152F4F61
:10464000C4F800B64FF00F10C4F804A6C4F80896DA
:10465000C4F80C86C4F81016C4F814E6C4F818267A
:10466000C4F81C26C4F82016C4F82416C4F828C6BA
:10467000C4F82C26C4F83026C4F83426C4F83826EA
:10468000C4F83C26C4F84076C4F84466C4F84856DA
:10469000C4F84C26C4F8502603220B4BC4F8540629
:1046A000C4F84C2CD3F84C2C02F00C02082AF9D197
:1046B0000221054AC3F84C1CD2F8883CDB07FBD525
:1046C0000020BDE8F88F00BF000042400000FF3F1F
:1046D0000000FFFF0000FF1F0000BCE7000080FE9D
:1046E00000001F9E0000DFF9000086030000E0FFCD
:1046F0000000E1F1000003710000FF030106010664
:104700002DE9F04300204FF00F1201270F264FF044
:1047100080694FF0FF284FF03F1E4FF0030C0E4B07
:104720000E4D0F490F4CA860C5F81421AF60C1F8B9
:10473000249DA060C4F81421A760C1F80C89C1F8B9
:1047400010E99860C3F81421C3F81061C3F80CC0D5
:104750009E60BDE8F08300BF000047400000CA43F0
:10476000000042400000CB4310B44FF040204FF017
:10477000C0644FF0FF316FF0FC230C4AC2F82C4D9F
:10478000C2F83C09C2F84019C2F84439D2F81C3AC0
:10479000B3F5803FFAD2054BD3F8200AC0F30900E5
:1047A0000028F9D15DF8044B704700BF000042407B
:1047B0004FF00113194910B40B620B6BDB06FCD5EB
:1047C0004FF00113154A0B64136DDC06FCD54FF056
:1047D0000113134C134811495466906613660B6F0E
:1047E000D806FCD54FF001130C4AC1F88030D2F83E
:1047F0009030D906FBD543F282444FF001130A48AA
:104800000649C2F84441C2F84801C2F84031D1F823
:104810005031DB06FBD55DF8044B70470000424089
:1048200043350080001E0C00011A0C004FF01022CE
:104830001F4B2049C3F80413C3F80025EFF3108081
:10484000012181F31088A3F55043D3F8042C42F0E2
:104850002002C3F8042C80F31088D3F8402C22F0F7
:104860000402C3F8402CD3F8402C22F00802C3F80D
:10487000402CD3F8402C22F01002C3F8402CD3F87F
:10488000402C22F02002C3F8402CEFF3108081F37B
:104890001088D3F8042C22F02002C3F8042C80F3F3
:1048A0001088054BD3E9011218681268104700BF41
:1048B000000042400001001100C5000870B50C4620
:1048C000012122690546D2F80831084623F48033D5
:1048D000C2F8083101F0F8FF2269D2F8083143F438
:1048E0008033C2F8083123681B88492B1BD0922BD8
:1048F00001D0002070BD7F220C4E2B693260002158
:1049000020469847EB680122204609499847012232
:104910003146EB6820469847064B204619882B699C
:104920009847002070BDBF22E6E700BFA8CB000873
:1049300090CB00080CC500080020704708B5FFF7B1
:10494000B3FA002008BD00BF06207047062070475C
:104950000620704706207047034648B1054AC168E3
:10496000914203D100221046DA6070470720704759
:10497000012070474950535130B50469236F23F02B
:10498000300323670469236FDD07FCD4CB7B8D895B
:1049900091F810E003F0030391F811C043EA0563B6
:1049A000D5034FEA8E0EADB20EF01C0E4FEA4C1C32
:1049B0002B430CF4F07C43EA0E0343EA0C0391F81A
:1049C0000EC0012A4FEA4C2C0CF4785C43EA0C032D
:1049D000C4F8803003698C68C3F8844003D103694C
:1049E0000C68C3F888400469236F43F00103236710
:1049F0000469D4F89031DB07FBD51AB9D4F88830B4
:104A00000B6004690123C4F8943130BD00220123F6
:104A1000F0B587B0CDE903228DF80F308DF8113055
:104A20000368858A997B902D0446CDE900229E6912
:104A300002920592ADF80C1005D0482D03D06946BE
:104A4000FFF79AFF18E0002273782769143357F8AC
:104A5000230069466FF3090047F82300A28220462D
:104A6000FFF78AFF73782269143352F8231065F335
:104A7000090142F82310A582236800989B79D84049
:104A800000F0010007B0F0BDF8B5002800F0F58097
:104A90000E46002900F0F1808F69002F00F0ED80B4
:104AA000814BC26805469A4200F0F2803B78002BA9
:104AB00040F0F580BB69002B00F0DF80EFF3108140
:104AC000012383F310884FF08023784AC2F82436FC
:104AD000D2F81038002BFBDA81F31088EFF3108145
:104AE000012383F310884FF00313C2F828366F4A6E
:104AF000D2F814385B07FBD081F31088EFF31080F5
:104B0000012383F310884FF40011C2F80C1DD2F872
:104B10000C4D80F31088EFF3108083F31088C2F8F7
:104B2000101DD2F8101D80F31088EFF3108183F36D
:104B300010884FF01813C2F828395C4AD2F8104A8E
:104B400014F44014FAD181F31088574ABB692E60DF
:104B50002B61EA60FA6832B129465548904700282F
:104B600040F093802B697A783188143243F8221010
:104B700033882A69AB827B78002B00F08180136830
:104B800023F0F85313607A683088137891781B0407
:104B90005278090501F4801103F470230B43C0F32C
:104BA0000900520502F40012034313437A7829697D
:104BB000143241F822307B78F1782A690133890078
:104BC0001B0101F00C01D15079782A693379013148
:104BD00002EB01121B04F17B03F4F81343EA0123F7
:104BE00053602B69327B7978120203EB01139A61CF
:104BF0007B782A69002B4DD1136E43F003031366B3
:104C00003B7A2A691B0403F4803343F4786393608E
:104C10003B7A2A691B04002603F4803343F478634B
:104C2000D3602B6979781A6F61F3C3021A672B6915
:104C30002A68117C9A6E61F307029A662B692A68CA
:104C4000517C9A6E61F30F229A662B692A68117C57
:104C5000DA6E61F30702DA662B692A68517CDA6E34
:104C600061F30F22DA66AE603B693BB1294610481A
:104C70009847044610B1EE6000E001242046F8BDDC
:104C8000116863F30C2111607DE7EC600446F5E7E1
:104C90000E24F3E7136E43F00C031366B0E740F203
:104CA0007A542046F8BD00BF49505351000042409D
:104CB00008C70008F8B1114BC2689A4217D18B1E81
:104CC000022B16D940F2FF33994212D010B4036878
:104CD00002699B6981825B780020143352F823407B
:104CE00061F3090442F823405DF8044B7047072044
:104CF0007047032070470120704700BF495053514F
:104D0000B8B170B50C4DC668AE420AD103699B6E4E
:104D1000C3F30045DB030AD409B1CB7B1BB90120E7
:104D200070BD072070BDFFF727FE284670BD052027
:104D300070BD0120704700BF49505351B8B1B1B1A7
:104D400010B5104AC46882B094420DD103699A6EBE
:104D5000D2030ED4D3F8843113F0410F0BD00123CA
:104D60000B70002002B010BD072002B010BD012062
:104D700070470520F6E70191FFF748FE019908709A
:104D8000EFE700BF49505351002871D0F0B51446E9
:104D90001F46C2683F4B06469A4287B04AD1036914
:104DA0009B6EDD034DD40D46FFF730FE002844D145
:104DB000002D3CD0002C3AD033689B68B4FBF3F252
:104DC00003FB12429B1A9F4231D8402F2FD8304606
:104DD000FFF71CFE88BB0122336803905B7B6946AA
:104DE000CDE90000CDE9040002903046ADF80C306A
:104DF0008DF80F20FFF7C0FDB90724D0FA0739D48A
:104E00007A0843D0023D04EB420235F8023F24F811
:104E1000023B9442F9D1BFF34F8F402F22D1326928
:104E2000D2F88431DB07FBD5002007B0F0BD0120AC
:104E300007B0F0BD072007B0F0BD49F6424007B00B
:104E4000F0BD0520F4E7BA0820D0043D04EB82024F
:104E500055F8043F44F8043B9442F9D1BFF34F8F17
:104E6000402FDCD03269536E43F480735366D6E72B
:104E7000012070476A1E013C1346023312F8011FDD
:104E80005B1B9F4204F8011FF6D8C4E7BFF34F8FA6
:104E9000E8E700BF49505351002831D01B4BC2688E
:104EA0009A4201D00720704730B482B00190019B34
:104EB00001683BB3002204698DF803209DF803507C
:104EC000A56E8B6962F310455978A566046901F1F6
:104ED0000C03E56EDB0662F31045E5661B7802699C
:104EE000DBB28DF80330136E31B143F00C0313665F
:104EF000002002B030BC704743F003031366F7E7AD
:104F000001207047012002B030BC70474950535116
:104F1000002830D01A4BC2689A4201D0072070474F
:104F200082B00190019B02683BB300219369026942
:104F30005B788DF803109DF803104FF0010C116E93
:104F4000ABB16CF38301116601690C338A6EDB0629
:104F500042F480328A6601690020CA6E42F48032CF
:104F6000CA661B78DBB28DF8033002B070476CF371
:104F700001011166E8E701207047012002B0704787
:104F800049505351002866D02DE9F041334B154666
:104F9000C26806469A4286B04CD103699B6EDB0319
:104FA0004CD40F46FFF732FD0346002850D1002FA6
:104FB0003CD031688A7C002A38D04C6903E09342A7
:104FC00004F1080432D0606801338542F7D1B4F8A7
:104FD0000080B8F1000F29D0002401224B7B30461D
:104FE00069460394CDE90144CDE90444ADF80C30A1
:104FF00000948DF80F2007F12047FFF7BDFC013525
:10500000CDE90274CDE90044CDE90444ADF80C804B
:1050100018D10122304669468DF810408DF80F20D6
:10502000FFF7AAFC002006B0BDE8F081012006B021
:10503000BDE8F081072006B0BDE8F081052006B08C
:10504000BDE8F0813368DC78144404F00704E0E73D
:1050500049F64240E7E70120704700BF49505351ED
:1050600098B191B1844610B40948DCF80C408442F0
:1050700007D1CCE90E32CCF8341000205DF8044B97
:10508000704707205DF8044B70470120704700BF50
:105090004349495248B141B1C368054A00209B1AAF
:1050A000B3FA83F35B090B7070470120704700BFB0
:1050B0004349495230B5836B83B004460A466D4676
:1050C000A3B193E8030085E80300E16B1A7119604E
:1050D0001846636B9847A36B1BB195E8030083E800
:1050E0000300002384F82B3003B030BD2B46ECE7DF
:1050F000F8B50446236807209E6A01F0CBFB0546FD
:10510000092001F0C7FB22699378C3F30211137CD5
:1051100094F82C709FB9C840B5FBF0F003F01F0362
:1051200003FB00F0800803D10820F8BD0138FBD054
:105130005378C3F3C011DB09F8D1D1712269002380
:10514000A16984F82B30E16194F8261084F82D30A1
:1051500084F8271084F82E3084F8283084F82F3013
:10516000236284F8303031787078012914BF04212B
:10517000052141EA4001C9B2D17021690A7942F0A2
:1051800010020A7121690A7963F3C3020A71216965
:105190000A7963F304120A7121694A7942F0010223
:1051A0004A712268B2F91020012102F01F05094856
:1051B0005209A94040F82210BF212269D17194F808
:1051C0002C201AB184F82C300020F8BD022223696B
:1051D0005A70F9E700E100E0B8B1034610B40C489A
:1051E000DC6884420DD1D86938B993F82A4024B9D3
:1051F00059601A725DF8044B704708205DF8044B43
:10520000704707205DF8044B70470120704700BFCE
:105210004349495280B380F82A3069B310B4174B20
:10522000C4689C4215D1436B7BB14FF0000C037AEC
:10523000C0E90512012B80F831C00ED0002380F8A0
:1052400029305DF8044BFFF753BF01205DF8044B94
:10525000704707205DF8044B704780F82630002324
:10526000426880F825C0520080F8242080F8293058
:105270005DF8044BFFF73CBF01207047434949529A
:1052800000B10AB90120704780F82A300029F9D00E
:1052900010B4144BC4689C421FD1436BCBB14FF088
:1052A000000C037AC0E90512012B80F831C009D146
:1052B000426880F825C0520042F0010280F82420A4
:1052C00080F82630012380F829305DF8044BFFF781
:1052D0000FBF01205DF8044B704707205DF8044BB9
:1052E000704700BF4349495270B5056903682A7881
:1052F0009B6A22F080022A700569BA4C2A784FF026
:10530000000E42F040022A7005694FF0B30C2A7873
:1053100042F080022A701A79056942F0E0022A748C
:10532000DA78056942F0E0026A749A780569120138
:1053300002F0700242F00802AA701A785D78012A21
:1053400014BF0422052242EA45020569D2B2EA707E
:105350005A790569013AD2B22A7102685268A242AA
:1053600014BF7722F722046962710269012482F86E
:1053700006E0026982F807C091F90D204D7B002AF2
:10538000B8BFFE25B3F90EE0A8BF6D00964A4FEAFC
:105390005E1C0EF16046A8BFEDB206F561464FEA0D
:1053A0008C0C86F800530CF1604C42F82E000EF085
:1053B0001F0E0CF5614C04FA0EF4CCF88041CCF8C9
:1053C000004091F90D404D7B002CB8BFFE254FF0F9
:1053D0000104B3F90CE0A8BF6D004FEA5E1C0EF1AA
:1053E0006046A8BFEDB206F561464FEA8C0C86F820
:1053F00000530CF1604C42F82E000EF01F0E0CF51D
:10540000614C04FA0EF4CCF88041CCF8004091F9DC
:105410000D404D7B002CB8BFFE254FF00104B3F9C1
:105420000AE0A8BF6D004FEA5E1C0EF16046A8BFFF
:10543000EDB206F561464FEA8C0C86F800530CF18C
:10544000604C42F82E000EF01F0E0CF5614C04FA71
:105450000EF4CCF88041CCF8004091F90D404D7B22
:10546000002CB8BFFE254FF00104B3F908E0A8BF37
:105470006D004FEA5E1C0EF16046A8BFEDB206F566
:1054800061464FEA8C0C86F800530CF1604C42F8F0
:105490002E000EF01F0E0CF5614C04FA0EF4CCF841
:1054A0008041CCF80040B3F906C091F90D3091F875
:1054B0000DE0002BB8BF4FF0FE0E4FF00104A8BF67
:1054C0004FEA4E0E4FEA5C130CF16045A8BF5FFA3D
:1054D0008EFE05F561459B0085F800E303F160430E
:1054E00042F82C000CF01F0C03F5614304FA0CF495
:1054F000C3F880411C6091F90D3091F80DE0002B4C
:10550000B8BF4FF0FE0E4FF00104B1F910C0A8BFB4
:105510004FEA4E0E4FEA5C130CF16045A8BF5FFAEC
:105520008EFE05F561459B0085F800E303F16043BD
:1055300042F82C000CF01F0C03F5614304FA0CF444
:10554000C3F880411C6091F90D3091F80DE0002BFB
:10555000B8BF4FF0FE0E4FF00104B1F912C0A8BF62
:105560004FEA4E0E4FEA5C130CF16045A8BF5FFA9C
:105570008EFE05F561459B0085F800E303F160436D
:1055800042F82C000CF01F0C03F5614304FA0CF4F4
:10559000C3F880411C604B7BB1F90E4091F90D10AE
:1055A00004F01F050029B4BFFE235B0004F1604135
:1055B000A8BFDBB201F5614181F800330121630925
:1055C0009B0003F1604303F56143A94042F82400C6
:1055D000C3F8801119600269137823F04003137037
:1055E00070BD00BF40420F00CCE8000810B5002895
:1055F00000F0BF80002900F0BC808B6A002B00F017
:10560000B8801A69002A00F0B480B1F90E40002C6D
:10561000C0F2AF80B1F91040002CC0F2AA80B1F9FD
:105620001240002CC0F2A580B3F90640002CC0F255
:10563000A080B3F90A40002CC0F29B80B3F9084067
:10564000002CC0F29680B3F90C40002CC0F291807F
:10565000B3F90E30002BC0F28C80504BC4689C42D2
:1056600000F0998040F2FF130C782341DB0740F1F2
:105670008F800023026101608A6842600A7B0272A7
:105680000A6A42634A6A80F82930C26380F82A3085
:10569000836380F82B304361C0E90633036280F8EE
:1056A0002C30EFF3108C012383F310880A783C4CE4
:1056B000082A0EBF4FF00813043293404FF0010246
:1056C00018BF43EA0343C4F824360B78082B03F1D0
:1056D000140302FA03F208BF4FF40022D4F8103882
:1056E0001A42FBD08CF31088EFF31084012383F36C
:1056F00010880A78082A47D01A449340294A1B0484
:10570000136091F800C0284A264BBCF1080F08BF6F
:1057100013461B6884F31088EFF31084012383F38E
:1057200010880A78082A2BD0083293401F4A1B049D
:10573000136084F31088EFF3108C012383F3108837
:105740000A78082A18D008329340184A43EA0343DB
:10575000136001230C78124A0934A340D2F8104A8E
:105760001C40FBD18CF31088FFF7BEFD0B4BC360D0
:1057700000E00124204610BD4FF001130C4AE7E77A
:105780004FF480330A4AD3E74FF00053064AB7E795
:1057900040F27A54EEE70E24ECE700BF4349495249
:1057A00000004240000D4240080D424024094240A2
:1057B00028094240002800F0DE8070B503680446E6
:1057C000002B00F0D3809D6A002D00F0CF806B4B42
:1057D000C2689A4201D0072070BD00260369DE71BD
:1057E0000168FFF781FDB320012394F8261084F8A7
:1057F0002C6084F82810A169E6612162216984F88F
:105800002A60C87121695E4ACE71E660B5F90E1052
:10581000480901F01F0103FA01F1203042F820107D
:10582000BFF34F8FBFF36F8FB5F90C10480901F02C
:105830001F0103FA01F1203042F82010BFF34F8F0F
:10584000BFF36F8FB5F90810480901F01F0103FA83
:1058500001F1203042F82010BFF34F8FBFF36F8F5C
:10586000B5F90A10480901F01F0103FA01F12030CF
:1058700042F82010BFF34F8FBFF36F8FB5F90610BA
:10588000480901F01F0103FA01F1203042F820100D
:10589000BFF34F8FBFF36F8F2168B1F90E10480926
:1058A00001F01F0103FA01F1203042F82010BFF38C
:1058B0004F8FBFF36F8F2168B1F91210480901F0C3
:1058C0001F0103FA01F1203042F82010BFF34F8F7F
:1058D000BFF36F8F2168B1F91010480901F01F0163
:1058E00003FA01F1203042F82010BFF34F8FBFF3CD
:1058F0006F8FEFF3108083F3108822681278082AE4
:1059000036D04FF6FF711A4493401E4A41EA0343D2
:10591000136022681B4B11781B4A082908BF1346E5
:105920001B6880F31088EFF31085012383F3108840
:1059300022681278082A0FBF4FF4002104329340E6
:1059400019040123114AC2F824162168097801F1CB
:105950001400082903FA00F308BF4FF40023D2F81B
:1059600010081840FBD185F3108870BD012070BD70
:10597000074B054ACCE70120704700BF4349495215
:1059800000E100E0000D4240080D424000004240AE
:10599000FFFF0020E0B138B50E4BC2689A4201D03B
:1059A000072038BD00250369DD710168FFF79CFC05
:1059B000B322836990F826100362036980F82C50A3
:1059C000C56180F8281080F82A50DA71284638BD61
:1059D000012070474349495210B483B0EFF3038369
:1059E000EFF30383C3F30803504A103B1BB252F892
:1059F000233093F82D20C2B99A69022A04D8196974
:105A00000A7942F040020A71DA69012A29D001219B
:105A10001A69D27CD2B28DF807209DF8072083F84E
:105A20002D1003B05DF8044B7047DA69002AF8D0F6
:105A3000032A26D0022A5FD0012A28D019691A6ABF
:105A4000C87C59698854D3E907210131013AC3E977
:105A50000721002AE5D119690B7962F386130B71CE
:105A6000DFE719690A7942F010020A7119690A79A7
:105A700042F008020A7119690A7922F010020A71CB
:105A8000C5E719690A7942F040020A71D6E793F82E
:105A90002A10002940D01968254CB1F91010480986
:105AA00001F01F0102FA01F1203044F82010BFF389
:105AB0004F8FBFF36F8F4FF0040C1869C17941F01D
:105AC0008001C1711869017941F0100101711869F3
:105AD000017921F0080101711869017921F01001A3
:105AE0000171196981F801C01869417921F001013A
:105AF000417183F82C20A1E719690A7942F010025C
:105B00000A7119690A7942F008020A7119690A7959
:105B100022F010020A7191E7082019694A7A02F00E
:105B2000F7024A721A69507088E700BFCCE8000893
:105B300000E100E0EFF30383EFF30383C3F3080313
:105B40002A4A103B1BB252F8233093F827207ABB25
:105B500093F829205ABBDA691969EAB910B4CA79ED
:105B600022F08002CA711969CA79D209FCD10120D8
:105B70001A681F4CB2F91220510902F01F0200FAF4
:105B800002F2603144F821201A69D37943F04003CE
:105B9000D3715DF8044B70471A6A5869825C8A7445
:105BA000D3E907210131013AC3E90721E2B1704786
:105BB00093F82620032A0ED093F824101A699174C2
:105BC00093F8281093F827200131013A83F8281020
:105BD00083F82720704793F82820022AECD193F805
:105BE0003020002AE3D0E7E71969B7E7CCE80008DE
:105BF00000E100E010B4EFF30383C3F30803274A86
:105C0000103B1BB252F8233093F829201AB193F8B5
:105C10002720012A3CD0DA691ABB93F82A1071B305
:105C20004FF0010C19681E4CB1F91010480901F031
:105C30001F0120300CFA01F144F82010BFF34F8F00
:105C4000BFF36F8F1869C17941F08001C1710420E1
:105C5000196948701869417962F30001417183F84C
:105C60002CC01969CA7922F04002CA711A69D37925
:105C70005B06FCD4EFF303835DF8044B7047082008
:105C800019694A7A02F0F7024A721A695070E8E715
:105C900093F83020002AE4D0BDE700BFCCE800082C
:105CA00000E100E038B5EFF30383C3F30803324AA1
:105CB000103B1BB252F8230003695A78510605D4F1
:105CC00090F8312002F0FF04002A34D090F83120FF
:105CD00002F0FF042ABB01214FF0080C80F82B10C2
:105CE0005A7A02F0F7025A72036983F801C0026817
:105CF0000369926A12788A4214BF02220322DA7080
:105D0000026953790B43537103695A7A120749BFE9
:105D10005A7A80F8311064F304125A72EFF3038355
:105D200038BD002180F831105A7A61F304125A729A
:105D3000EFF3038338BD01255A7A64F304125A72D3
:105D4000036980F82B50DC710168FFF7CDFAB322AC
:105D500090F8263080F82C4080F82830C46180F814
:105D60002A400369846929460462DA71FFF7A2F9BF
:105D7000EFF3038338BD00BFCCE8000808B5EFF3AC
:105D80000383C3F308031A4A103B1BB252F82300E3
:105D90000269537A23F00803537290F82B3083B9C9
:105DA000026990F8291003F0FF0CD379C1F10301C7
:105DB0006CF3C303C9B2D371FFF77CF9EFF303832C
:105DC00008BD00234FF0B30C90F8262080F82C304B
:105DD00080F828208269C3610262026980F82A3053
:105DE000012182F807C0FFF765F9EFF3038308BDCF
:105DF000CCE8000808B5EFF30383C3F30803114AA6
:105E0000103B1BB252F823000269537A23F00403BB
:105E1000537290F82C303BB190F82B3003F0FF0C0C
:105E20002BB10121FFF746F9EFF3038308BD0269A7
:105E300090F82910D379C1F103016CF38203C9B240
:105E4000D371EFE7CCE8000838B5EFF30383002403
:105E50000125C3F30803124A103B1BB252F823007A
:105E60000269537A23F002035372036980F82B50BE
:105E7000DC710168FFF738FAB32290F8263080F819
:105E80002C4080F82830C46180F82A400369846976
:105E900029460462DA71FFF70DF9EFF3038338BD89
:105EA000CCE8000838B5EFF3038300240125C3F3E1
:105EB0000803124A103B1BB252F823000269537ABE
:105EC00023F001035372036980F82B50DC710168E1
:105ED000FFF70AFAB32290F8263080F82C4080F8B9
:105EE0002830C46180F82A40036984692946046225
:105EF000DA71FFF7DFF8EFF3038338BDCCE8000871
:105F000001222DE9F04F0324C0F30726A6F1030E6A
:105F10000EFA02FEC0F385035FFA8EFE364D0EEBDD
:105F2000030C5FFA8CFC204055F82CB0A040AEF179
:105F3000040E82407344C1F3804E2BEA020B0EFA2A
:105F400000FEDFF8C0A04EEA0B0E45F82CE05AF830
:105F50002C50844025EA040EC1F38125854045EA92
:105F60000E05DFF8A4904AF82C5059F82C50DFF8B1
:105F70009C8025EA020EC1F34045854045EA0E05A6
:105F800049F82C50DBB258F823501C4F25EA020C7C
:105F9000C1F38015854045EA0C0548F8235057F8B1
:105FA0002350012E25EA040CC1F3011505FA00F572
:105FB00045EA0C0547F823501BD1D243E443104B6C
:105FC000C1F3C0459E68854032402A439A60D3F8A9
:105FD0000854C1F30152254082402A43C3F80824E3
:105FE000D3F80828C1F38151144081402143C3F8FC
:105FF0000818BDE8F08F00BF18184140281C414028
:1060000000204140181041401814414028304140C0
:106010002DE9F04F0124C3B29C40E6B2FF2EDFF819
:1060200088C1C0F30722C1F3004506D012F80C70F6
:106030009D4027EA04073D43EDB24FF0030E4FF6B3
:10604000FF7802F80C505D000EFA05FE1FFA8EF97B
:10605000C1454F4FC1F3810C0BD00CFA05F537F851
:1060600012C01FFA8CFC2CEA0E0C4CEA050C1FFA2D
:106070008CFCFF2E27F812C0464F01F0010C08D00F
:10608000D55D0CFA03FC25EA040444EA0C045FFA2B
:1060900084FC02F807C04FF0030C4FF0010A9B0884
:1060A0003D4E03EB4203DBB200F0030056F823B091
:1060B000C0000CFA00FCC1F3812282402BEA0C0BD9
:1060C000DFF8E89042EA0B0246F8232059F82360F3
:1060D000C1F3011808FA00F826EA0C06DFF8D0E050
:1060E00048EA060649F823605EF823600AFA00F2DF
:1060F000C1F3803526EA020685403543274F4EF826
:10610000235057F82350C1F3C04425EA02058440C8
:10611000234E2C4347F8234056F82350C1F3015433
:1061200025EA0C0584402C4346F8234006F580669A
:1061300056F82350C1F3815425EA0C0584402C43C2
:1061400046F82340A6F5A05656F82350C1F3404424
:10615000844025EA02052C4346F82340114CC1F344
:10616000801CC90F0CFA00FC814054F8230020EA7F
:1061700002004CEA000044F8230004F5806454F85F
:10618000230020EA0202114344F82310BDE8F08FF7
:106190004001414020004140001141400021414068
:1061A000002541400031414020024140001D414056
:1061B000002D414001232DE9F043C5B2AB40DEB2D2
:1061C000FF2E7E4FC0F30724C1F3004205D0E65DE9
:1061D000AA4026EA03031343DAB24FF00F0C4FF044
:1061E00001084FF0030E764BE25553F824704FEA46
:1061F0008509C1F303660CFA09FC27EA0C0706FAC5
:1062000009F200F00300C0003A4304FA08FC43F826
:1062100024200CEB950C08FA00F3DFF8C8815FFA34
:106220008CFC58F82C700EFA00FEC1F3812227EA8C
:106230000E0782403A4348F82C2008F5406858F889
:106240002C70C1F3011227EA0E0782403A4348F846
:106250002C20A8F5006858F82C70C1F3404227EABA
:10626000030782403A4348F82C2008F5E05858F8D4
:106270002C70C1F3801227EA030782403A4348F8A2
:106280002C20A4F10B025200DFF85C9102EB950286
:10629000D2B259F82280C1F3804728EA0308874028
:1062A00047EA0807DFF8448149F8227058F82C7053
:1062B000CA0F27EA030782403A430D2E48F82C20E4
:1062C0006FEA0E0E6FEA03034FEA06622CD0B2F1BA
:1062D000706F23D03B4CC1F3C04254F82C50824025
:1062E0002B40134344F82C3004F5806454F82C20E0
:1062F000C1F301530EEA02028340134344F82C30E9
:10630000314BC1F3815153F82C2081400EEA020E2B
:1063100041EA0E0143F82C10BDE8F0832B4A02EB52
:10632000C402525DF02AD5D001F07063B3F1506F12
:10633000C1F3C047C1F30156C1F381512CD0B3F171
:10634000706F17D06FF003026FF00100204C214DE9
:10635000DFF89CC0DCF8003003403B43CCF8003051
:106360002B68134033432B60236813400B43236097
:10637000BDE8F08301200322144BDFF878C003EB63
:10638000C4035B5D144C98409A40C043D243134D04
:106390009F409E409940DDE701200322104BDFF82B
:1063A00050C003EBC4035B5D094C98409A40C04366
:1063B000D243084D9F409E409940CBE72002414088
:1063C0008004414000214140002941405CC7000851
:1063D000103C41400C3C41401C3C4140183C414079
:1063E00044C8000800114140981841400035414020
:1063F000083C4140143C414070B50546EFF3108223
:10640000012383F31088224E336833B92149D1F830
:10641000043C43F04003C1F8043C3368013333606B
:1064200082F310882B88D3B1002406E0FFF7C2FE68
:106430002A880134A3B29A4211D96B6803EBC402D3
:10644000506853F83410B0F5803F1ED2CB03EDD422
:10645000FFF7DEFD01342A88A3B29A42EDD8EFF3AC
:106460001083012282F31088326812B13268013A37
:106470003260326832B90749D1F8042C22F0400268
:10648000C1F8042C83F3108870BDFFF739FDCFE706
:106490004CF0000800304140002800F0F1802DE968
:1064A000F04F0C4683B0002900F0AD804A680346E7
:1064B000002A00F0A480744A1968914200F0E2803A
:1064C000A168002900F09F8020469C601A60FFF7B9
:1064D00093FFA468EFF31082012383F310886B4DC0
:1064E0002B68002B00F0C4802B6801332B6082F3F3
:1064F0001088002143F60C070A46A668DFF890C111
:10650000DFF890E101EB410006EB400673880CEBED
:1065100001084FEA132918F807A0B9F1060F0AF08D
:10652000800ADBB200F08180B9F1080F08BF4AF0A1
:10653000100A96F8019043EA0A03B9F1010F66D0F8
:10654000367943EA4613DBB208F80730A66816F836
:106550001000012802D188401043C2B20131042941
:10656000D0D1002043F602074FF0010B0146484E00
:106570000192626800EB800902EB090C22689CF82A
:1065800003C012F810E04CEA0E0C06EB000E0EF5FC
:10659000605888F800C0D4F804C04FEA40081CF8DE
:1065A00009A0CC44BAF1010F1CD10AFA00FA41EA61
:1065B0000A0A5FFA8AF143F6020A9CF801909CF8F5
:1065C00002201EF80AA09CF804C000F6F85306EB5F
:1065D000830383F824C00AF0880343EA090343EAEB
:1065E0008203DBB2226802EB080C9CF801C043EA8C
:1065F0000C13DBB20EF80730D0B90120B9E70A88D6
:10660000002A3FF458AF012003B0BDE8F08F76793F
:1066100009FA01F943EA46139EF81068DBB246EA2C
:106620000906F6B28EF810688EE74AF0080A80E78D
:10663000019A8900174B41EA0211C9B283F8111877
:10664000EFF310838BF310882A6812B12A68013A9D
:106650002A602A6832B90F49D1F8042C22F040028E
:10666000C1F8042C83F31088002003B0BDE8F08F3C
:106670000849D1F8043C43F04003C1F8043C33E737
:10668000012070470E20BFE754524F504CF00008D5
:10669000000041400030414000BF704702222DE918
:1066A000F04F214D40F2422040F2FF36DFF888E003
:1066B000DFF88890DFF888B0DFF88880AF1805F140
:1066C000040A18E037F8124003EA090384424FEA4B
:1066D000842108BF15497F2A41EA030101EA080421
:1066E0001CD03AF80C30033283420CBF5B461B05CA
:1066F00023434EF8043B35F812304FEA420C8342F4
:1067000008BF3346802ADDD10020094A09491A43CF
:10671000CEF80020C1F8040CBDE8F08F41EA0B016F
:1067200082224EF8041BE6E704C6000800FC0F00B6
:1067300000FCFF3F0000424000024040FF03F0FF2A
:106740000000F03FFFFF0FC0704700BF022249F674
:10675000F77008B5104B1149C3F8D0201A6922F020
:106760000C021A61DA68024042F0BF6242F4083259
:10677000DA605A6A42F400225A62D3F88C2042F45A
:106780004062C3F88C204B6B23F0E05343F08053FE
:106790004B63FFF7D9FF08BD00ED00E000EF00E01C
:1067A000024A034BD2691A60704700BFB0E200088A
:1067B00054F00008234B70B4234A244C2449254844
:1067C000C3E90022C3E902221C61234A234CC3E926
:1067D0000B21C3E90904C3E90D04C3E90F21C3E98F
:1067E00013125C659A651E4C1E4A1F4DC3E9174281
:1067F000C3E919221D4E1E4CDA665A671D4AC3E9C9
:106800000565C3E90710C3E911011A67C3E91E2230
:10681000C3E92042C3E92222C3F89020164A174C4C
:10682000C3F89C20164AC3F89440C3E92820154CAD
:106830001548164AC3E92A40C3F89850116070BC45
:10684000704700BFB0E2000800D2496B8074D21AD2
:1068500000C2EB0B00E1F5050084D71780F0FA02C7
:1068600000B4C404405973070008AF2F00131A4B3B
:10687000286BEE0080098D25AA02E50F20EED908CD
:106880005581F20700366E01003E490054F00008C1
:10689000FFF790BF014B53F820007047B0E20008AB
:1068A000034618B1024A00201A6070470120704761
:1068B0000000020400BEFEE7A0F101000028FBD1A9
:1068C000704700BF00000000F8B50546304B01FBE3
:1068D00005F5186800F032FA02460B462AA1D1E904
:1068E000000100F0CFFB0F464FF47A710646A5FB7E
:1068F000010189B900F066FA32463B4600F0C2FB5E
:106900000022244B00F0BEFB00F0A4FC013088B351
:10691000BDE8F840FFF7D0BF284600F00FFA024666
:106920000B463046394616461F460022194B00F0EA
:106930007FFA02460B463046394600F0A3FB00F0D2
:10694000A9FC013041F100014A0143011B1A42EA4E
:10695000D06262EB0102920042EA93729B001B1824
:1069600041EB0201C90041EA5371DB0019B9184635
:106970000028CDD1F8BD4FF0FF342046BDE8F840E7
:10698000FFF79ABFAFF300800000000065CDCD4156
:1069900054F0000800003E4008B50C4A0346106859
:1069A00040B103330A4923F0030303448B4205D863
:1069B000136008BD074908461160F2E700F074FD56
:1069C0000C2203461A604FF0FF3008BD50F000085B
:1069D000D0310108D0F1000808B500F00BF8FDF740
:1069E000ADFFFEE700BE704700BE704700BE7047B7
:1069F00000BE70474FF47002154B70B50020C3F80D
:106A00008820FDF7EBFAFFF7D5FE0120FDF7E6FA47
:106A10001048114A0021121A00F04CFD0F4D104B86
:106A20005B1B002B07DD00249E1055F8043B01344E
:106A30009847A642F9DCFFF7B3FE0220FDF7CEFA35
:106A4000FFF72AFEBDE87040002000F033B800BF19
:106A500000ED00E060E30008CCF100089CD20008E3
:106A60009CD20008034B044AC2F80030FBF7C8BEB2
:106A7000704700BF003000080C08434008B5094AC1
:106A8000094B9A60FFF704FF084B83F30888084B13
:106A900083F30A88FFF75AFEFFF700FEBDE80840BF
:106AA000FFF79ABF0030000800ED00E0B0E20008F8
:106AB000B0D20008704700BF81F0004102E000BF83
:106AC00083F0004330B54FEA41044FEA430594EAAE
:106AD000050F08BF90EA020F1FBF54EA000C55EAE9
:106AE000020C7FEA645C7FEA655C00F0E2804FEABA
:106AF0005454D4EB5555B8BF6D420CDD2C4480EA9C
:106B0000020281EA030382EA000083EA010180EACB
:106B1000020281EA0303362D88BF30BD11F0004F19
:106B20004FEA01314FF4801C4CEA113102D040424F
:106B300061EB410113F0004F4FEA03334CEA13338A
:106B400002D0524263EB430394EA050F00F0A780A2
:106B5000A4F10104D5F1200E0DDB02FA0EFC22FA9D
:106B600005F2801841F1000103FA0EF2801843FA91
:106B700005F359410EE0A5F120050EF1200E012A82
:106B800003FA0EFC28BF4CF0020C43FA05F3C018C0
:106B900051EBE37101F0004507D54FF0000EDCF139
:106BA000000C7EEB00006EEB0101B1F5801F1BD3E2
:106BB000B1F5001F0CD349085FEA30004FEA3C0CE6
:106BC00004F101044FEA445212F5800F80F09A80DC
:106BD000BCF1004F08BF5FEA500C50F1000041EBE0
:106BE000045141EA050130BD5FEA4C0C404141EBE4
:106BF0000101013C28BFB1F5801FE9D291F0000FDF
:106C000004BF01460020B1FA81F308BF2033A3F18D
:106C10000B03B3F120020CDA0C3208DD02F1140C84
:106C2000C2F10C0201FA0CF021FA02F10CE002F1BF
:106C30001402D8BFC2F1200C01FA02F120FA0CFCB8
:106C4000DCBF41EA0C019040E41AA2BF01EB045101
:106C5000294330BD6FEA04041F3C1CDA0C340EDCFF
:106C600004F11404C4F1200220FA04F001FA02F342
:106C700040EA030021FA04F345EA030130BDC4F100
:106C80000C04C4F1200220FA02F001FA04F340EAF5
:106C90000300294630BD21FA04F0294630BD94F0A6
:106CA000000F83F4801306BF81F480110134013D8D
:106CB0004EE77FEA645C18BF7FEA655C29D094EAFE
:106CC000050F08BF90EA020F05D054EA000C04BF7C
:106CD0001946104630BD91EA030F1EBF0021002067
:106CE00030BD5FEA545C05D14000494128BF41F006
:106CF000004130BD14F580043CBF01F5801130BD6A
:106D000001F0004545F0FE4141F470014FF00000F4
:106D100030BD7FEA645C1ABF194610467FEA655CA5
:106D20001CBF0B46024650EA013406BF52EA033547
:106D300091EA030F41F4002130BD00BF90F0000F35
:106D400004BF0021704730B54FF4806404F1320471
:106D50004FF000054FF0000150E700BF90F0000F2A
:106D600004BF0021704730B54FF4806404F1320451
:106D700010F0004548BF40424FF000013EE700BF21
:106D800042004FEAE2014FEA31014FEA02701FBFB1
:106D900012F07F4393F07F4F81F06051704732F0E3
:106DA0007F4208BF704793F07F4F04BF41F400213A
:106DB000704730B54FF4607401F0004521F0004198
:106DC0001CE700BF50EA010208BF704730B54FF022
:106DD00000050AE050EA010208BF704730B511F023
:106DE000004502D5404261EB41014FF4806404F15B
:106DF00032045FEA915C3FF4D8AE4FF003025FEAE1
:106E0000DC0C18BF03325FEADC0C18BF033202EB64
:106E1000DC02C2F1200300FA03FC20FA02F001FABE
:106E200003FE40EA0E0021FA02F11444BDE600BF61
:106E300070B54FF0FF0C4CF4E06C1CEA11541DBF10
:106E40001CEA135594EA0C0F95EA0C0F00F0DEF8DB
:106E50002C4481EA030621EA4C5123EA4C5350EAC0
:106E6000013518BF52EA033541F4801143F4801311
:106E700038D0A0FB02CE4FF00005E1FB02E506F0A2
:106E80000042E0FB03E54FF00006E1FB03569CF0F7
:106E9000000F18BF4EF0010EA4F1FF04B6F5007FFD
:106EA00064F5407404D25FEA4E0E6D4146EB06066F
:106EB00042EAC62141EA55514FEAC52040EA5E50F8
:106EC0004FEACE2EB4F1FD0C88BFBCF5E06F1ED8A2
:106ED000BEF1004F08BF5FEA500E50F1000041EBD9
:106EE000045170BD06F0004646EA010140EA020086
:106EF00081EA0301B4EB5C04C2BFD4EB0C0541EAA8
:106F0000045170BD41F480114FF0000E013C00F3BC
:106F1000AB8014F1360FDEBF002001F0004170BDE0
:106F2000C4F10004203C35DA0C341BDC04F11404F9
:106F3000C4F1200500FA05F320FA04F001FA05F285
:106F400040EA020001F0004221F0004110EBD37052
:106F500021FA04F642EB06015EEA430E08BF20EA7E
:106F6000D37070BDC4F10C04C4F1200500FA04F321
:106F700020FA05F001FA04F240EA020001F00041B3
:106F800010EBD37041F100015EEA430E08BF20EA26
:106F9000D37070BDC4F1200500FA05F24EEA020E6E
:106FA00020FA04F301FA05F243EA020321FA04F09D
:106FB00001F0004121FA04F220EA020000EBD37054
:106FC0005EEA430E08BF20EAD37070BD94F0000F54
:106FD0000FD101F00046400041EB010111F4801F88
:106FE00008BF013CF7D041EA060195F0000F18BF39
:106FF000704703F00046520043EB030313F4801F75
:1070000008BF013DF7D043EA0603704794EA0C0F2E
:107010000CEA135518BF95EA0C0F0CD050EA410644
:1070200018BF52EA4306D1D181EA030101F00041C1
:107030004FF0000070BD50EA410606BF10461946E9
:1070400052EA430619D094EA0C0F02D150EA0136F5
:1070500013D195EA0C0F05D152EA03361CBF104636
:1070600019460AD181EA030101F0004141F0FE41D5
:1070700041F470014FF0000070BD41F0FE4141F459
:10708000780170BD70B54FF0FF0C4CF4E06C1CEA59
:1070900011541DBF1CEA135594EA0C0F95EA0C0F0E
:1070A00000F0A7F8A4EB050481EA030E52EA0335C9
:1070B0004FEA013100F088804FEA03334FF08055EA
:1070C00045EA131343EA12634FEA022245EA111517
:1070D00045EA10654FEA00260EF000419D4208BFC8
:1070E000964244F1FD0404F5407402D25B084FEA75
:1070F0003202B61A65EB03055B084FEA32024FF421
:1071000080104FF4002CB6EB020E75EB030E22BF7D
:10711000B61A754640EA0C005B084FEA3202B6EB3D
:10712000020E75EB030E22BFB61A754640EA5C00EC
:107130005B084FEA3202B6EB020E75EB030E22BF7C
:10714000B61A754640EA9C005B084FEA3202B6EB7D
:10715000020E75EB030E22BFB61A754640EADC003C
:1071600055EA060E18D04FEA051545EA16754FEA9E
:1071700006164FEAC30343EA52734FEAC2025FEABC
:107180001C1CC0D111F4801F0BD141EA00014FF04B
:1071900000004FF0004CB6E711F4801F04BF01431C
:1071A0000020B4F1FD0C88BFBCF5E06F3FF6AFAE38
:1071B000B5EB030C04BFB6EB020C5FEA500C50F1C8
:1071C000000041EB045170BD0EF0004E4EEA11314B
:1071D00014EB5C04C2BFD4EB0C0541EA045170BD52
:1071E00041F480114FF0000E013C90E645EA060E96
:1071F0008DE60CEA135594EA0C0F08BF95EA0C0FC4
:107200003FF43BAF94EA0C0F0AD150EA01347FF40B
:1072100034AF95EA0C0F7FF425AF104619462CE7E2
:1072200095EA0C0F06D152EA03353FF4FDAE104645
:10723000194622E750EA410618BF52EA43067FF496
:10724000C5AE50EA41047FF40DAF52EA43057FF426
:10725000EBAE12E74A0011D212F5001211D20DD591
:107260006FF47873B3EB62520ED44FEAC12343F04C
:10727000004343EA505323FA02F070474FF00000F6
:10728000704750EA013002D14FF0FF3070474FF0A5
:1072900000007047D0B500220B4B06460F46FFF7A3
:1072A000C7FDFFF7D7FF0446FFF748FD0022074B55
:1072B000FFF7BEFD02460B4630463946FFF700FC9D
:1072C000FFF7C8FF2146D0BD0000F03D0000F041AF
:1072D000844641EA000313F0030349D1403A23D323
:1072E0000B6803604B6843608B688360CB68C36046
:1072F0000B6903614B6943618B698361CB69C3612E
:107300000B6A03624B6A43628B6A8362CB6AC36215
:107310000B6B03634B6B43638B6B8363CB6BC363FD
:1073200040304031403ADBD230320BD30B6803603F
:107330004B6843608B688360CB68C360103010314A
:10734000103AF3D20C3205D351F8043B40F8043B19
:10735000043AF9D2043208D0D2071CBF11F8013B1D
:1073600000F8013B01D30B8803806046704700BFE3
:10737000082A13D38B07B1D010F00303AED0C3F1AA
:107380000403D21ADB071CBF11F8013B00F8013BD4
:10739000A4D331F8023B20F8023B9FE7043AD9D34B
:1073A000013A11F8013B00F8013BF9D20B78037068
:1073B0004B7843708B7883706046704720F00301F0
:1073C00010F00300C0F1000051F8043B00F1040C80
:1073D0004FEACC0C6FF000021CBF22FA0CF21343F0
:1073E0004FF0010C4CEA0C2C4CEA0C4CA3EB0C02B9
:1073F00022EA030212EACC1204BF51F8043B043023
:10740000F4D0C2F1000102EA0102B2FA82F2C2F142
:107410001F0200EBD20070470CB40029214B10B5BD
:107420001C689CB038DB4FF000034FF402720290EE
:107430001B931FAB0690ADF8142018D001394FF6FE
:10744000FF701E9A0491079102A9ADF8160020461C
:10745000019300F081F8421C01DA8B232360029B28
:1074600000221A701CB0BDE8104002B070474FF601
:10747000FF700491079102A9ADF8160020461E9AEC
:10748000019300F069F8431C01DA8B2323601CB0E0
:10749000BDE8104002B070478B234FF0FF302360EF
:1074A000F5E700BFDCCB0008014B1868704700BF50
:1074B000DCCB000870B5860747D0541E002A3ED0AA
:1074C000CAB2034601E0013C39D303F8012B9D0702
:1074D000F9D1032C2CD9CDB20F2C05EB052505EBEA
:1074E000054535D9A4F1100C03F1100E1A462CF005
:1074F0000F064FEA1C1CB644C2E90055C2E902550A
:1075000010327245F8D10CF1010214F00C0F04F0A6
:107510000F0C03EB021213D0ACF1040323F00303AE
:107520000433134442F8045B9342FBD10CF0030490
:107530002CB1C9B21C4403F8011BA342FBD170BD9E
:1075400064461346002CF4D1F9E703461446C0E71D
:107550001A46A446E0E700BF2DE9F04FDDB00C4627
:1075600083460A912CAF06920C9303F029F9036825
:1075700018461893FFF722FF08221690002138467C
:10758000FFF798FFA3891E0603D52369002B01F09E
:107590003C800023DFF810A29E46CDE9313333ABA7
:1075A000CDF86CE0CDF864E098463093CDF85CE01F
:1075B000CDF868E0CDF870E0CDF81CE0CDF848E0FB
:1075C0009FED777B8DED147B069DDAF8E44003F0A8
:1075D000F1F82A46034628A958460097A0470028F4
:1075E000034600F0AC80C0F2A280289A252A01D080
:1075F0001D44EAE7069B0446EE1A40F0A4800023EF
:107600006C1C4FF0FF391A468DF8973009936B7850
:1076100003920134A3F120025A2A00F2C780DFE866
:1076200012F03503C500C5002F03C500C500C50015
:107630006B00C500C5005D026E02C500680245030F
:10764000C5003F035B005B005B005B005B005B0011
:107650005B005B005B00C500C500C500C500C50040
:10766000C500C5004B01C500D00114034B014B01FF
:107670004B01C500C500C500C5000E03C500C5000F
:10768000C102C500C500C500FC01C5007302C500EC
:10769000C5009007C500C500C500C500C500C500F0
:1076A000C500C5004B01C500D00134024B014B01A0
:1076B0004B01DA0234028000C500F202C500E30289
:1076C0008C07FB028000C500FC017E008707C50017
:1076D000C500B707C5007E00A3F13002002319469C
:1076E00001EB810114F8013B02EB4101A3F13002EF
:1076F000092AF5D909918DE7584603F061F84368E6
:1077000018461C93FFF75AFE1A900546584603F098
:1077100057F88368179315B1002B40F03386237810
:1077200077E7039B43F020030393237871E7082254
:1077300000213846FFF7BEFE01231D4445E7069BA6
:107740000446EE1A12D0069BC8E90036329B334439
:107750003293319B0133072B319316DC08F1080873
:10776000079B33440793002C7FF449AF329B002BD7
:1077700041F08A820A9B9B8903F04003002B41F071
:10778000008407985DB0BDE8F08F30AA0A9958468A
:1077900003F01AF80028EDD10DF1CC08E0E700BFA6
:1077A000000000000000000030D100080F93069494
:1077B000002BDBD0002243A98DF80C310123914628
:1077C0008DF8972004930D910B9208931392CDE9B5
:1077D0001022039B13F0020302D00499023104919A
:1077E0000399329C11F084010E9105D109990498F6
:1077F0000D1A002D00F3AC8082B1012201340DF18D
:107800009701C8F80420319A32940132C8F8001068
:10781000072A319200F3078408F108087BB1319BF5
:1078200026AA02340133C8F8002002223294072B22
:107830003193C8F8042000F3EA8308F108080E9B8E
:10784000802B00F0A882089BA9EB0305002D00F314
:10785000E182039BDA0500F144820D9BC8F80030F9
:10786000089B1C44C8F80430319B32940133072B29
:10787000319300F3748308F10808039B5A0705D578
:10788000099B049A9D1A002D00F3DC83079B099A3B
:1078900004998A42ACBF9B185B180793002C40F0F8
:1078A0000F83002331930B9B1BB10B99584603F0B8
:1078B00053F80DF1CC0887E60F934FF0FF320C9B85
:1078C0000694073323F00701B24BB1EC027B55EC71
:1078D000174B0C9125F000418DED1E7A1F91DDE9CB
:1078E0001E018DED147B04F083F9002840F05685CD
:1078F0004FF0FF32A74BDDE91E0104F05BF90028D1
:1079000040F04C85002200232046294604F048F927
:10791000002841F071819DF89720039B00209E492B
:1079200023F080030B9003939C4B0F9C8146139094
:10793000472CD8BF19460D910321CDE910000491C1
:107940000891002A3FF445AF049B0133049340E7BC
:10795000102D319A924E24DD21461D930A9C02E09F
:10796000103D102D1BDD013210311023C8F80060CE
:10797000072A08F1080848F8043CCDE93121EFDD79
:1079800030AA214658460DF1CC0802F01DFF002810
:1079900040F09E82103D102DDDE93121E3DC1D9B7E
:1079A0000C4601322C44C8F80060072AC8F804507D
:1079B000CDE9312400F3198708F108089DF89720D4
:1079C0001AE70C9A432B06940F9302F1040403D098
:1079D000039BDD0640F1E185082200212EA843AD7E
:1079E000FFF768FD0C9A2EAB58461268294601F045
:1079F00081FE03460890013301F0BE82089B23EA12
:107A0000E37304930022CDE90C4591468DF897204D
:107A10000B921392CDE91022DBE60C9D0F9300230D
:107A200006948DF8973055F8043B0D93002B00F029
:107A3000DB850F9B532B00F00B87039B13F0100388
:107A4000109340F00587B9F1000FC1F207814A4653
:107A500010990D9803F07CF80B90002801F0D1826A
:107A60000B9B0D9ADDF840909B1A0C959DF8972082
:107A7000089323EAE373CDF84C9004937323CDF875
:107A800044900F93CDF82C905BE70F93039B0694E3
:107A90009C0640F1E4800C9B073323F007031A4651
:107AA000596852F8083B0C920A460029C0F221841A
:107AB000B9F1000FC0F21883039921F080010391FE
:107AC00040F0128353EA020114BF0121002140F06B
:107AD0000B835CAB894608910D934DE00C9B53F8EA
:107AE000042B002A099280F22C84099A0C935242AA
:107AF0000992039B43F004030393237889E52B2326
:107B00008DF89730237884E50F93039B069443F018
:107B1000100616F0200200F0C7830C9B01210733EA
:107B200023F0070318465A6850F8083B0C900020D1
:107B3000B9F1000F8DF89700C0F2A18126F0800006
:107B4000039053EA020040F09981B9F1000018BF98
:107B50000120B9F1000F40F09181002940F0AC8282
:107B600016F001038946089300F0478330238DF80F
:107B70006F310DF26F130D93089900239DF8972034
:107B800049450B931393B8BF4946CDE9103304918F
:107B9000D7E600BFFFFFEF7FB8C20008B4C20008FD
:107BA0003CC900080F93039B069443F01003039312
:107BB000039B13F0200200F08D830C9B073323F00E
:107BC000070319465A6851F8083B0C91039921F4B0
:107BD00080660021ABE72378682B00F0E884039AE5
:107BE00042F04002039214E5039B06949C0640F188
:107BF000B3830C9B079A1B681A60D2175A600C9BC0
:107C000004330C93E0E423786C2B00F0D884039ABF
:107C100042F010020392FCE4039B78200C9A43F09C
:107C2000020647F63003B149ADF8983052F8043BEC
:107C30001B9102210C92002206940F9077E7039B80
:107C400043F0080303932378E3E40F93039B069424
:107C500043F010030393039B9C063FF51CAF03996D
:107C60000C9AC80652F8043B00F187830399490631
:107C700040F1B2860C9243F3C0321BB2114614E7B6
:107C8000039B43F0010303932378C2E49DF89720FC
:107C90002378002A7FF4BDAC20228DF89720B8E429
:107CA000039B43F0800303932378B2E4214611F849
:107CB000013B2A2B01F04C82A3F13002092A01F288
:107CC0000B814FF0000909EB890911F8013B02EB28
:107CD0004909A3F13002092AF5D949EAE9790C46A4
:107CE00098E40F9B652B40F3458100220023DDE9DA
:107CF000140103F04BFF002800F00682319B013491
:107D00007B4A01333294C8F800200122072B3193BB
:107D1000C8F8042000F38F8508F10808279B129A01
:107D2000934280F20983169B189A1C44C8E90023E9
:107D3000319B32940133072B319300F3488408F1CF
:107D40000808129B5D1E002D7FF797AD102D319B0B
:107D5000684E40F3A58522464FF010090A9C03E0C7
:107D6000103D102D40F39B8501331032072BC8E9DD
:107D70000069CDE9313208F10808F1DD30AA214669
:107D8000584602F021FD002840F0A2800DF1CC08F9
:107D9000DDE93132E4E7099B049A9D1A002D7FF753
:107DA00052AD102D319B534E21DD22460A9C02E03C
:107DB000103D102D1ADD013310321021C8F800607B
:107DC000072B08F1080848F8041CCDE93132EFDD33
:107DD00030AA2146584602F0F7FC002878D1103D21
:107DE0000DF1CC08102DDDE93132E4DC144601330D
:107DF0002C44C8F80060072BC8F80450CDE9313492
:107E000000F3BB85089B08F10808A9EB0305002DCA
:107E10007FF71FAD102D319B364E21DD22464FF0EE
:107E200010090A9C02E0103D102D18DD01331032BC
:107E30003049072BC8E90019CDE9313208F10808AB
:107E4000F1DD30AA214658460DF1CC0802F0BCFC09
:107E500000283DD1103D102DDDE93132E6DC14461D
:107E600001332C44C8F80060072BC8F80450CDE952
:107E7000313400F30C8208F10808EAE4039E01297A
:107E800000F0338102295CA900F01B810C4603F04D
:107E90000701DB08204643EA42733031D20804F878
:107EA000011D53EA0205F2D130290D9402D0F107E9
:107EB00000F132835CAB0D9A03969B1A08935BE644
:107EC00030AA0A99584602F07FFC00283FF4E9AC3A
:107ED0000B9B002B3FF44EAC0B99584602F03CFD37
:107EE0000A9B9B8903F0400348E400BFC4C200081A
:107EF000C8BC00082CC90008319B0134AE4A0133CC
:107F00003294C8F800200122072B3193C8F80420CE
:107F100000F3778608F10808129B0B4300F0868770
:107F2000169B18981A19C8E90003319B3292013345
:107F3000072B319300F33A8708F108080029C0F2B3
:107F4000D0870D990133C8F80010072B129901EB67
:107F50000204C8F80410CDE931347FF78CAC30AAA4
:107F60000A99584602F030FC0028B1D1329C0DF13C
:107F7000CC0882E4129B0134319D08F10809012BE1
:107F800005F1010540F33C810D9B072DC8F8003039
:107F90004FF00103CDE93154C8F8043000F3B28149
:107FA000169B0135189A1C44072DC9E90023CDE919
:107FB000315400F3B48109F10809129B002203F146
:107FC000FF380023DDE9140103F0E0FD002840F054
:107FD000348101350D9B4444C9F804800133072DD9
:107FE000C9F80030CDE9315400F31A8109F10809CC
:107FF000199B01351C44C9F80430072D2AABCDE983
:108000003154C9F80030AADC09F1080835E430AA77
:108010000A99584602F0D8FB00287FF459AF329CE9
:108020000DF1CC080BE430AA0A9958461D9302F0D2
:10803000CBFB00287FF44CAF329C0DF1CC081D9B8C
:10804000FFF7ECBB102D319B5C4E21DD22464FF03B
:1080500010090A9C02E0103D102D18DD013310328A
:10806000072BC8E90069CDE9313208F10808F2DDD3
:1080700030AA214658460DF1CC0802F0A5FB002895
:108080007FF426AF103D102DDDE93132E6DC1446D9
:1080900001332C44072BC8E90065CDE931347FF763
:1080A000F5AB30AA0A99584602F08EFB00287FF4FF
:1080B0000FAF329CFFF7EABB5CAB814608900D9393
:1080C0005AE51B9C03F00F001B09205C43EA027376
:1080D000120901F8010D53EA0200F3D15CAB0D91D6
:1080E00003965B1A089347E5039E0A2B72F1000181
:1080F00080F0E383303303968DF86F3101230893CA
:108100000DF26F130D9337E5279900297FF7F4AE31
:10811000109E129B9E42A8BF1E46002E0CDD0D9B9A
:108120003444C8E90036319B32940133072B319334
:1081300000F32F8608F10808109D002EA8BFAD1B84
:10814000002D00F371820D9A109B1344039A55057C
:1081500000F18F82279D129A9542C0F29982039A6C
:10816000D00700F19582129A0D9E551B1644F61AFF
:10817000AE42A8BF2E46002E0DDDC8F800303444B4
:10818000319BC8F8046001333294072B319300F31C
:108190006B8608F10808002EA8BFAD1B002D7FF7E5
:1081A0006CAB102D319B064E40F37A8322464FF084
:1081B00010090A9C0AE000BFC8BC00083CC90008BE
:1081C0002CC90008103D102D40F369830133103293
:1081D000072BC8E90069CDE9313208F10808F1DD63
:1081E00030AA2146584602F0EFFA00287FF470AE1C
:1081F0000DF1CC08DDE93132E4E75CAB0D93BBE473
:10820000039BD9073FF5C0AE0D9B072DC8F8003082
:108210004FF00103CDE93154C8F804307FF7E8AEE0
:1082200030AA0A99584602F0CFFA00287FF450AEDF
:108230000DF1CC09DDE93154DAE6129B012B7FF711
:10824000D7AE112BAF4E40F3BB83224610230A9CBE
:1082500005E0A8F11008B8F1100F40F3B083013524
:108260001032072DC9E90063CDE9315209F108093F
:10827000EFDD30AA2146584602F0A6FA00287FF426
:1082800027AE0DF1CC091023DDE93152E1E730AA28
:108290000A99584602F098FA00287FF419AE329CE9
:1082A0000DF1CC08FFF7D5BA0C9916F0100051F873
:1082B000043B0CD116F0400404D00C919BB2024652
:1082C000012134E416F4007201D0DBB222460C9195
:1082D00001212CE403980C9910F0100051F8043B94
:1082E00038D1039A12F040042FD09BB202460C9171
:1082F0006CE45B42039E4FF02D004FF0010162EBF6
:10830000420215E430AA0A99584602F05DFA0028A4
:108310007FF4DEAD0DF1CC09DDE9315440E630AA41
:108320000A99584602F050FA00287FF4D1AD0DF1B9
:10833000CC09DDE9315440E6039BDB077FF59DAABC
:10834000F1E40C932378FFF764B9039A12F40072F6
:1083500040F07B840C9139E4039BD80600F129831B
:10836000039B590600F16784039B9A0540F1218322
:108370000C9B079A1B681A7041E40C92DA1711469D
:10838000FFF793BB179B1A782378002A3FF441A983
:10839000039A42F480620392FFF73BB9DDE91401CE
:1083A00002460B4603F024FC002840F019860F9B80
:1083B00023F02005412D40F01A83612B4FF030034C
:1083C0008DF8983014BF58237823B9F1630F8DF8D6
:1083D000993000F36F8443AB0B900D93DDE91412D9
:1083E000002A80F29E85DDE9141202F100432291F9
:1083F00023932D230E9327A89DED220B02F01EFA46
:1084000000224FF07F5351EC100BFEF711FD024696
:108410000B46CDE904230022002303F0B7FB08B18B
:1084200001232793384A09F1FF36384B14460F9938
:10843000DDF83490612908BF1C46CDE9108B089403
:10844000CB46DDE9048908E000220023751E03F015
:108450009DFB002840F02C862E4600222C4B4046E7
:108460004946FEF7E5FC8946804603F0D7FB054602
:10847000FEF774FC02460B4640464946FEF720FBD9
:10848000635D5A4680460BF8013B731C8946DBD17D
:108490001446204B0022CDE90489D946DDF84080FE
:1084A000DDF844B003F09AFB002800F02E86089B0C
:1084B0002E94D97B4B4619F8012C914209D13020DA
:1084C00003F8010C2E9B5A1E2E9213F8012C914298
:1084D000F6D0392A00F015860132D2B203F8012C09
:1084E0004B46039A012142F0020203920D9A9B1A15
:1084F0000F9A12930F32279BD2B21093013B27930E
:10850000D8E200BF2CC90008D8C20008C4C20008C5
:10851000000030400000E03F30230D9A02380396FF
:1085200002F8013C5CAB0D901B1A0893FFF724BBCB
:10853000039E0F930694FFF7ECBA0F930694FFF790
:1085400037BB0F93B14B06941B93039B13F0200290
:1085500000F0F6800C9B073323F0070319465A6896
:1085600051F8083B0C9153EA02010BD00399C8075C
:1085700008D541F0020103910F998DF8991030212F
:108580008DF89810039921F480660221FFF7CFBA85
:108590000F939F4B06941B93D7E70C9B43AD1B682F
:1085A0008DF80C31012304930893FFF72BBA039B3A
:1085B000013443F4007303932378FFF72AB8039B35
:1085C000013443F0200303932378FFF722B830AA45
:1085D0000A99584602F0F8F800287FF479AC329CEA
:1085E0000DF1CC08FFF7ADBB4B460D9A0C95062B51
:1085F00091460B9228BF0623139204930893854B50
:10860000CDE910220D93FFF79CB94021584600F0A8
:10861000C7FD0A9B18601861002800F0A38540235D
:108620000A9A5361FEF7B5BF102D319B7A4E40F385
:10863000998222464FF010090A9C03E0103D102D4C
:1086400040F38F8201331032072BC8E90069CDE96E
:10865000313208F10808F1DD30AA2146584602F00F
:10866000B3F800287FF434AC0DF1CC08DDE93132E9
:10867000E4E7139A002A1ADC119A002A17DC0D9AF3
:1086800012990A440E920E9A934228BF134661E54E
:10869000169A18991444C8E90012319A329401329A
:1086A000072A319200F3B28308F108085BE50D9ABE
:1086B0001299CDF820B05018DFF85C91424621465F
:1086C000DDF85C801C468346139B002B36DC11983A
:1086D00008F1FF38013811901A981C9D0144C2E935
:1086E00000503198329101300728319000F3968084
:1086F0000832ABEB040698F80000CDF838B086429B
:10870000A8BF0646002E0CDD31983144013032916D
:1087100007283190C2E9004600F33C81083298F8FE
:108720000000002EACBF851B0546002D1EDC044456
:1087300011980028C9DC002B40F3CF84013BCBE724
:1087400003980C9910F0100051F8043B0CD1039AD7
:1087500012F0400403D09BB202460C9103E7039A47
:1087600012F4007240F06D820C91FCE6102D3198ED
:1087700040F3AF840F9410262C46CDF84080089D1E
:10878000DDF828801393CDF85C9002E0103C102CAB
:1087900017DD013010310728C2E90096CDE931011B
:1087A00002F10802F2DD30AA4146284602F00CF838
:1087B000002840F04E83103C33AA102CDDE9310133
:1087C000E7DC2546139BDDF85CC0DDE90F4801308E
:1087D0002944C2F800C007285560CDE9310100F3F3
:1087E000F482083298F80000A1E730AA0A995846A6
:1087F0001D9301F0E9FF00287FF46AAB9DF89720F4
:108800000DF1CC08329C1D9BFEF7F6BFD8C20008C4
:10881000C4C20008ECC200082CC9000830AA0A999A
:1088200008980E9301F0D0FF002840F08D84329913
:1088300033AA0E9B5DE730AA0A99584601F0C4FF9F
:1088400000287FF445AB329C0DF1CC08FFF766BAE7
:108850002EAE0D9B0822002130462993FEF72AFEFA
:10886000B9F1000FC0F290810024049525460EE076
:1088700043A9584600F03EFF431C04F10404284479
:1088800000F09783484507DC00F0CC830546299A21
:1088900033461259002AEBD10895049D82E1144613
:1088A00001332C44C8F80060072BC8F80450CDE908
:1088B00031347EF7E0AFFFF752BB06F48061002051
:1088C0009E460DF5B87CAF4D0B46CDF82080CDF817
:1088D0002CB0CDE90369814607E0BEF10A0F72F1C1
:1088E00000023AD3B6462246C4461EEB02004FF0C1
:1088F000050B09F101090CF1FF3840F10000A5FB5F
:10890000001424F0030101EB94014FF0CC34401A21
:10891000BEEB000162F1000604FB01F405FB064416
:10892000A1FB05610C4406F001017608A1FB0B1BBD
:1089300046EAC4760918640830310CF8011C002B93
:10894000CBD017990978FF29C7D04945C5D1BEF1C9
:108950000A0F72F1000280F0478242465CABCDF80C
:1089600034809B1ADDF82080CDF84890DDF82CB0DB
:10897000DDF810900893FFF7FFB830AA0A9958461F
:1089800001F022FF00287FF4A3AA329C0DF1CC084D
:10899000FEF759BF30AA0A9908980F9301F014FF07
:1089A000002840F0D18398F8000033AA32990F9B39
:1089B000B7E60C9B079A1B681A60FFF720B91446AC
:1089C00001354444C9F80060072DC9F80480CDE999
:1089D00031547FF70BAB23E403990C928A0540F1E5
:1089E000398143F3C0125BB21146FFF75EB8B9F1AB
:1089F000FF3F00F06C81472D04D1B9F1000F08BF93
:108A00004FF00109039ADDE9140142F48072002954
:108A10000B92C0F244830023CDE920010E930F9BFB
:108A2000652B00F0198200F39C81452B00F0148225
:108A3000462B40F09A814E4603212EAB32465846D3
:108A4000019329AB9DED200B009327AB00F040FF75
:108A5000462D00EB06040D9006D10D9B1B78302BA4
:108A600000F01282279E344400220023DDE9200119
:108A700003F08CF8002840F0F3812E9BA34206D22D
:108A800030215A1C2E9219702E9B9C42F9D8279A9D
:108A900010920D9A472DA3EB0203129300F02D8143
:108AA000462D00F00082109B013B00219DF83C20E8
:108AB00027930B91002B8DF8A820C0F285822B22E2
:108AC000092B8DF8A92040F361820DF1BF06DFF874
:108AD000B4C03446ACFB03211D462046013CC90806
:108AE000632D01EB8102A3EB42020B4602F130023F
:108AF00000F8012CEEDC303304F8013C831EB34255
:108B000080F0FC820DF1A90213F8011BB34202F8B8
:108B1000011FF9D15CAB181AA0F1AD031993129B98
:108B2000199A012B1A44089240F33E82089B169A28
:108B300013440893039B089A23F4806322EAE272A9
:108B400043F480730492039300231393CDE910330D
:108B50000E9B002B40F0DC8099469DF89720FEF795
:108B6000F0BE144601332C44C8F80060072BC8F847
:108B70000450CDE9313400F3AD8008F10808FFF767
:108B8000E2BA00BFCDCCCCCC002329AA584600962F
:108B9000194600F0F3FD03460890013300F0098206
:108BA0000D9B2993089B002B39D0632B77DC002386
:108BB0000B9343AB0D93082200213046FEF77AFC5D
:108BC000089C29AA0D9923465846009600F0D6FD28
:108BD000844240F0CF8200230D9A089999460C9563
:108BE000535421EAE1739DF897200493CDF84C90FB
:108BF000CDE91099FEF7A5BE2D228DF89720FEF73E
:108C00008CBE30AA0A99584601F0DEFD00287FF498
:108C10005FA927990DF1CC08329CFFF77DB9089B1D
:108C20009DF8972099460C95049313930B93CDE9E7
:108C30001033FEF786BE0C9B079A1B681A80FEF75E
:108C4000DEBFDBB222460C918DE4DBB222460C91F2
:108C5000FEF7BCBFDA171146FEF727BF0D98FEF7E7
:108C6000ADFB7323DDF840900F9320EAE0739DF88D
:108C700097200C9508900493CDF84C90CDF8449033
:108C8000CDF82C90FEF75DBE0A9C30AA58462146CE
:108C900001F09AFDA38903F04003FEF76FBD591C54
:108CA000584600F07DFA0D90002800F069820D9B77
:108CB0000B9380E709F10101584600F071FA0D901D
:108CC000002800F059810D9B0B93FFF787BB4FF0F5
:108CD000060997E630AA0A99584601F075FD002862
:108CE0007FF4F6A8329C0DF1CC08FFF72CBA2E9B2E
:108CF0000D9A9B1A1293279B1093109BDA1C01DB91
:108D000099450CDA0F9B023B0F93109B013BCCE67D
:108D10002D224FF000098DF89720FEF715BE129B0B
:108D2000109A934200F30381039B13F0010F109BF1
:108D300000F0B381169A13440893039B5D0503D595
:108D4000109B002B00F37281089B23EAE3730493CA
:108D500067230F930B9B039300230B9313931193A0
:108D6000F6E60F9B662B3FF466AE2EAB02214A4619
:108D70005846019329AB9DED200B009327AB00F0E3
:108D8000A7FD039B0D90D907B1D50D9B03EB0904FB
:108D90006AE630AA0A99584601F016FD00287FF4C9
:108DA00097A8329C0DF1CC08FFF7C6B930AA0A99F2
:108DB000584601F009FD00287FF48AA827990DF193
:108DC000CC08DDE93132FFF7B9B830AA0A99089822
:108DD0000F9301F0F9FC002840F0B68198F80000EC
:108DE00033AA32990F9BA2E40D931A9B1C99A8EB0E
:108DF00003081A46404601F005FF17990D9B4A7873
:108E00000AB1013117914FF000096BE530AA0A99B8
:108E10005846089301F0D8FC00287FF459A8279DF4
:108E20000DF1CC08329C089BFFF79DB9039BDE0730
:108E30007EF523AD169B18991A19C8E90013319BCA
:108E400032920133072B3193B0DC08F10808FFF7A9
:108E500078B8AB46FFF73CB809F101060221ECE512
:108E6000279A2346109214E630AA0A99584601F030
:108E7000ABFC00287FF42CA8279D0DF1CC08129B99
:108E8000329C5D1BFFF787B900220023DDE920013A
:108E900002F07CFE002800F02D81279B1C441093DB
:108EA0000D9BE31A1293039B109A03F00103002A0F
:108EB00043EA090340F33781002B40F08A80109B7E
:108EC000089366230F93039B5B0500F1B180089B19
:108ED00023EAE37304933DE70C464FF00009FEF7E5
:108EE00099BB4D421031AA4E2DDA102402E0103DFC
:108EF000102D28DD01331032072BC8E90064CDE9BD
:108F0000313208F10808F2DD30AA0A99584601F01A
:108F10005BFC00287EF4DCAF0DF1CC08DDE93132DA
:108F2000E5E70023CDE922120E93FFF764BA169A03
:108F3000129B13441A460893109B002B40F3A28007
:108F400067230F93BFE701332A44C8F80060072B5B
:108F5000C8F80450CDE931327FF777AF30AA0A99CB
:108F6000584601F031FC00287EF4B2AF0DF1CC0878
:108F7000DDE93132FEF7E5BF0A9A938943F04003F9
:108F800093814FF0FF330793FEF7FBBB002946D1D7
:108F900030228DF8AA200DF1AB02303302F8013BEC
:108FA0002AABD31A1993BAE5039BDE077FF5C2AD4E
:108FB000BCE50A9B0022B3F90C300B9243F040034E
:108FC0000A9A9381FEF784BF109B2D22C3F10103FF
:108FD00076E5169B4B441344089366230F9372E780
:108FE000159B002BC0F282809DF89720039B694956
:108FF00023F080030393002318460B93664BFEF780
:1090000094BC7323CDF81090CDF8209081469DF844
:1090100097200C950F9313901190FEF792BC0DF1D1
:10902000AA02BAE7049DCDF82090BBE567230F9311
:1090300017990B78FF2B00F099800024109A204696
:1090400003E001300131FF2B08D0934206DAD21A37
:109050004B78002BF5D10B780134F4E71190179180
:10906000139410920B9B119A0393139B1A99134418
:10907000089A01FB03230022089323EAE3730B926F
:10908000049365E5C3F101031A441346089267226D
:1090900023EAE3730F9204935CE608934DE6DDE95F
:1090A000141202F10043209121932D230E93B6E474
:1090B000002ED946DDF84080DDF844B0FFF610AA56
:1090C000731C30224B4409F8012B4B45FBD1FFF7B1
:1090D00008BADFF8BCC0FFF77ABB2346CDF85C8046
:1090E0000C469046DDF820B0FFF7CDBA2D228DF862
:1090F00097207BE7C6F101062796B4E40223199373
:109100000DE5089A927AFFF7E9B9DDE9040100223A
:10911000224B02F03BFD00283FF4E2A9E8077FF56F
:10912000DFA9FFF7C4B92BB90123662204930F927C
:1091300008930FE6169B662201330F924B44089367
:1091400023EAE373049305E6DDF820B0FEF7C0BE22
:109150000C9A63780C4652F8049B49EAE9790C9220
:10916000FEF757BA0C23CBF800300AE7002313931D
:10917000119377E70A9BB3F90C3043F040031FE7E4
:109180000A9B0B90B3F90C3043F0400318E700BF83
:109190002CC90008C0C20008BCC200080000E03FA3
:1091A00001F10B03162B2DE9F04F074683B023D8AE
:1091B000102900F2AF8000F0D5FA10251823022004
:1091C000BC4E33445C68A3F10802944200F08081F5
:1091D0006368384623F00303D4E902122344CA60CB
:1091E00091605A68083442F001025A6000F0C0FAF7
:1091F000204603B0BDE8F08F002B23F00705C0F236
:109200008980A94200F2868000F0ACFAB5F5FC7FB7
:10921000C0F0B4816B0A00F08180042B00F27E81E3
:10922000AB0903F1390003F1380EC300A14E3344FA
:10923000A3F1080C5C68A44507D10DE0002AE168A1
:1092400080F232818C450C4606D0636823F003031C
:109250005A1B0F2AF2DD7046DFF8708234694445EC
:1092600000F0E780636823F0030CACEB05030F2BE1
:1092700000F39481002BC6E9048880F28381BCF559
:10928000007FD6F804E080F029814FEADC03012258
:109290004FEA5C1C013302FA0CF256F833104EEA26
:1092A000020E06EBC302083AC6F804E0C4E9021253
:1092B00046F83340CC6083104FF0010C0CFA03FCED
:1092C000F44531D81CEA0E0F07D120F003004FEA15
:1092D0004C0C04301CEA0E0FF9D006EBC00A814694
:1092E000D646DEF80C300BE05A681C46DB6822F0EC
:1092F0000302511B0F2900F31D81002980F23181E7
:109300009E45F1D109F101090EF1080E19F0030F84
:10931000E7D167E10C233B60002469E74FF4007359
:1093200040204FF03F0E81E7B468636823F00309E3
:10933000A9EB05030F2B02DDA94580F0A4805E4B4D
:1093400008201B6803F1100804EB0903009301F0E7
:1093500067FA5A4AA84483461368013305D008F1D6
:10936000FF384342804403EA08084146384600F08B
:10937000E7F9B0F1FF3F8246504A79D0009B834223
:109380005AD9B44274D14E4B0BF1FF3C186800EB34
:10939000080EC3F800E01168013100F07381009AF3
:1093A000AAEB020272441A601AF00702CDE9002308
:1093B00000F04281C2F10802384692445A44D04437
:1093C00008EA0C01521A02EA0C0B594600F0B8F9EF
:1093D000421C019B00F06E81A0EB0A0000EB0B0821
:1093E000196848F00102B442C6F808A05944CAF806
:1093F0000420196032D0B9F10F0F40F20C8160687F
:10940000A9F10C024FF0050C22F0070200F0010058
:1094100010430F2A606004EB0200C0E901CC1DD9A3
:1094200004F108013846009301F096FA009B196890
:1094300014E0D6F804E03EE7214B0BF1FF3C19683D
:1094400041448E461960A6D1009810EA0C0FA2D1B3
:1094500009EB0803B26843F001035360194B1A6823
:109460008A4238BF1960184B1A688A4238BF19609F
:10947000B468626822F00302531B0F2B40F3CE80C6
:10948000954200F2CB80621945F0010543F00103DB
:10949000083444F8045C3846B260536000F068F960
:1094A000204603B0BDE8F08FA26823443846D1605F
:1094B0008A6096E628CD0008C0F1000820CD00089B
:1094C00090F10008BCF10008B8F1000830CD0008A8
:1094D000DC68A3427FF47CAE0230BDE6BCF5206FB1
:1094E0004FEA5C226CD3142A00F2B98002F15C03CB
:1094F0005B32DB00F118F3580839994203D191E04F
:109500009B68994204D05A6822F003026245F7D85A
:10951000D968C4E902318C60DC60CCE6142B56D9E2
:10952000542B00F2A5802B0B03F16F0003F16E0E9C
:10953000C3007BE6D4F808C03846671945F001053A
:109540006560CCF80C30C3F808C041F00103C6E9EF
:109550000477C7E902887B60A150083400F008F95D
:1095600046E622443846516841F00101516054F802
:10957000082FD3609A6000F0FBF839E6E80805F19F
:1095800008031DE6A44438460834DCF8043043F0F0
:109590000103CCF8043000F0EBF829E6621943F03F
:1095A000010145F0010538466560C6E90422C2E9BB
:1095B0000288516044F80C30083400F0D9F817E6FE
:1095C0004FEA9C1202F139033832DB0092E703F1D3
:1095D0005C0003F15B0EC30028E65AF808395345D6
:1095E00040F0858010F0030F00F1FF30F5D1736873
:1095F00023EA0C0373604FEA4C0C0CF1FF329A42E1
:1096000004D391E64FEA4C0C09F104091CEA030F5C
:10961000F8D0484661E60123CAF80430384600F025
:10962000A7F879E692104FF0010C0CFA02F24EEA1C
:10963000020EC6F804E06CE70AEB0802384602EABC
:109640000C02ABEB020B0BEA0C0B594600F078F85E
:10965000431C019B7FF4C0AEDDF800B0C0E6542A85
:1096600013D84FEA1C3202F16F036E32DB0041E780
:10967000B3F5AA7F13D8EB0B03F1780003F1770E53
:10968000C300D3E5C2F800A08EE6B2F5AA7F19D8D0
:109690004FEADC3202F178037732DB002AE740F24E
:1096A0005452934219D8AB0C03F17D0003F17C0EA8
:1096B000C300BBE5009A4FF0000B083A9044A8EBBA
:1096C0000A088DE640F254539A420CD84FEA9C4265
:1096D00002F17D037C32DB000CE74FF47E737F20C8
:1096E0004FF07E0EA2E54FF47E737E2202E7736890
:1096F00081E700BF70B5054684B05BB11C460F4BD7
:10970000D3F8E060234669B12846B047431C0FD028
:1097100004B070BD094B00F58274D3F8E0602346B5
:109720000029F1D10A46284601A9B047431CEFD1D0
:1097300000228A2322602B6004B070BD30D1000863
:1097400038B50022064D044608462A60FDF724F984
:10975000431C00D038BD2B68002BFBD0236038BDE4
:10976000C8F10008014801F021B800BFC4F10008A9
:10977000014801F01DB800BFC4F1000810B582B067
:10978000049C00934FF0FF33019401F0FFFE02B000
:1097900010BD00BF2DE9F04F036985B00C69A342ED
:1097A000C0F29080013C01F1140500F114088146DB
:1097B00055F824304FEA840C58F8242005EB840730
:1097C000013308EB840B9A42B2FBF3F642D300203C
:1097D000AA46C646CDF80C8003468846CDE901C5A9
:1097E00005465AF8042BDEF8001090B257454FEAB0
:1097F000124C06FB00508AB24FEA104580B206FBBD
:109800000C55A2EB00021A44ABB24FEA1545C3EB6C
:10981000224392B203EB114342EA03424FEA23434D
:109820004EF8042BDDD24146DDF80C80DDE901C5A0
:1098300058F80C3073B9ABF1040BD84504D307E0EA
:10984000D84504F1FF3403D25BF80439002BF7D07C
:10985000C9F81040484601F0A1FC00282EDB002288
:109860004146944655F8040B0B681FFA80FEAF4240
:109870009AB24FEA1040A2EB0E026244C0EB2240C3
:1098800092B200EB134042EA00424FEA204C41F80A
:10989000042BE7D258F8242008EB84036AB9043B70
:1098A000434504D807E0984504F1FF3403D253F848
:1098B0000429002AF7D0C9F810400136304605B017
:1098C000BDE8F08F002005B0BDE8F08F000000007B
:1098D0002DE9F04F9DB004460491816B269D0992BD
:1098E000079357EC106B8DED020B41B1C26B012356
:1098F00093404A608B6001F0F3F90023A363B7F152
:109900000009C0F2B28000232B607B4B33EA0903CD
:1099100000F0B680002200239DED027B51EC170B76
:109920008DED007B02F032F9804668B10123079A81
:109930001360279B13B1714B279A1360DFF8C8811E
:1099400040461DB0BDE8F08F9DED000B1AAA1BA983
:10995000204601F005FD83465FEA195540F0A780D7
:10996000DDE91A85454405F23243202B40F3488255
:10997000C3F1400309FA03F905F2124326FA03F38F
:1099800049EA0300FDF7DAF9013D0123A1F1F8717D
:10999000149300225A4BFDF793F851A3D3E9002307
:1099A000FDF746FA50A3D3E90023FDF78BF80646EE
:1099B0000F462846FDF7D2F94DA3D3E90023FDF762
:1099C00037FA02460B4630463946FDF77BF8064625
:1099D0000F4602F023F9002281460690002330460C
:1099E000394602F0DDF8002840F0FC81A8EB0508BC
:1099F000069D162D08F1FF3A00F2A381414B03EBBF
:109A0000C503DDE90001D3E9002302F0C9F800280D
:109A100000F080806B1EBAF1000F06934FF0000338
:109A20001193C0F2948100230A93069B002B77DAEE
:109A3000069B0A9A0B93D21A0A925A42002310925A
:109A40000693049B092B73D8052B40F3DE81043B5E
:109A500000250493049B023B032B00F28486DFE87D
:109A600013F0FD03FA03F103D703012329F00049A2
:109A70002B60214BCDF80C9033EA09037FF44AAFF9
:109A8000C9F3130942F20F73079A59EA06091360E2
:109A90001DD0279BDFF87480002B3FF451AF08F1F5
:109AA0000303279A404613601DB0BDE8F08FDDE93F
:109AB0000012CDF85080A5F2FF35C2F3130308461B
:109AC000DDF8688043F07F5141F4401161E7279B46
:109AD000DFF83C80002B3FF433AF08F10803E0E7E8
:109AE00061436F63A787D23FB3C8608B288AC63FA4
:109AF000FB799F501344D33F0000F07FC9BC00089E
:109B00000000F83F80C90008C8BC000800C3000876
:109B1000F4C20008B8F1000F40F3188511900A90C4
:109B2000069B9A440B9300231093049B092B8BD91B
:109B3000002301254FF0FF32049308920C950993FE
:109B40000021089BE1631593204601F0A3F80590DE
:109B5000002800F01086089B0E2B8CBF002505F016
:109B60000105059BA363002D00F01E810B990029C0
:109B700040F35C81A64B01F00F02C8054FEA2115A6
:109B800003EBC203D3E9006740F12183A14B05F049
:109B90000F054FF00308D3E90823DDE90001FDF7C5
:109BA00071FACDE90E018DB1DFF86892E90709D5A8
:109BB0003046394608F10108D9E90023FDF738F9A4
:109BC00006460F466D1009F10809EFD132463B46B3
:109BD000DDE90E01FDF756FACDE91201119B53B1F3
:109BE00000228D4BDDE912673046394601F0D8FF7F
:109BF000002840F0B2844046FDF7B0F8DDE91223BA
:109C0000FDF716F9854B0022FCF75CFF089B064622
:109C1000A1F15077002B00F0AE800B9B0E93089BB8
:109C200018937B4AB046189BB94602EBC303DDE9A3
:109C3000126713ED027B394630468DED167B01F03D
:109C4000EDFF0546FDF78AF802460B4630463946D9
:109C50003035FCF735FF059B0F460C995A1C06461C
:109C6000EDB21292DDE91623002900F0FA820020FD
:109C70006B49FDF707FA42464B46FCF721FF059B6F
:109C8000324680461D703B46894601F0A7FF0028FA
:109C900040F05185CDF864A00025CDF858B0DDF82E
:109CA00048A0DDF860B018942AE001355D4580F2E7
:109CB000CB844046494600225A4BFDF7B9F80022B2
:109CC000584B8046894630463946FDF7B1F80F4675
:109CD000064601F0A3FF0446FDF740F802460B4696
:109CE000303430463946FCF7EBFE42464B460AF824
:109CF000014B06460F4601F053FF002840F0AB84AD
:109D000032463B4600204449FCF7DAFE42464B46C9
:109D100001F046FF0028C8D0DDF858B05546189C21
:109D2000059902E0A94200F06B842A4615F8013D2E
:109D3000392BF7D00133DBB22B70DDF8148005929C
:109D40001BE10123BAF1000F1193BFF66CAEC8F10D
:109D500001034FF0000A0A9367E64046FCF7FEFF56
:109D6000DDE91223FDF764F800222C4BFCF7AAFE74
:109D70000646A1F1507700222B4BDDE91201FCF7DA
:109D80009FFE32463B468046894601F027FF002869
:109D900040F0168440464946324607F1004301F040
:109DA000FFFE002840F085811B9B002B03DB0B9AF4
:109DB0000E2A40F361810C9A002A68D0049A012A85
:109DC00040F3F383089B109A5D1EAA42C0F22B83D6
:109DD000002BA2EB050580F27B840A9B089AA3EB7B
:109DE00002082DE34846FCF7B9FF32463B4601F036
:109DF000CDFE00287FF4FAAD09F1FF330693F5E5B7
:109E0000C3F1200306FA03F0BCE5012522E600BFFA
:109E100080C9000858C900080000F03F00001C403D
:109E20000000E03F000024400000144000F0F382F6
:109E30000B9B5E42B24B06F00F0203EBC203DDE95F
:109E40000001D3E90023FCF7F3FF3611CDE90E0141
:109E500000F06384AB4F00234FF00208CDE91201FC
:109E6000F20706D508F10108D7E90023FCF7E0FF67
:109E70002B46761007F10807F2D1CDE91201002B2D
:109E80007FF4ACAE9DED0E7B8DED127BA6E600233C
:109E9000109DDDF828801E460C93B8F1000F0DDDF3
:109EA000BAF1000F0ADDD04543460A9AA8BF5346CF
:109EB000D21AA8EB0308AAEB030A0A92109B53B12B
:109EC0000C9B13B1002D40F0CF825946109A2046CA
:109ED00001F096F883460121204600F0B1FF069B71
:109EE0000746002B40F05E81049B012B40F37681F6
:109EF0000123534413F01F0308D0C3F12002042AA6
:109F000000F3678208D0C3F13C0300E01C230A9AE7
:109F100098449A441A440A920A9B002B05DD59463C
:109F20001A46204601F0C6F88346BAF1000F05DD57
:109F300039465246204601F0BDF80746049B022BE5
:109F4000119BD4BF00250125002B40F0B580089B54
:109F5000002B26DC2DB3089B002B00F03D82099BD3
:109F6000DDF81480DB430E933946204600F0B8FE3E
:109F70001EB13146204600F0B3FE5946204600F09F
:109F8000AFFE00220E9B059901330A70079A1360F9
:109F9000279B002B3FF4D4AC404619601DB0BDE8B0
:109FA000F08F0C9B002B00F0A480B8F1000F05DDB2
:109FB00031464246204601F07DF80646069B002BBE
:109FC00040F02B83B146059D089A6B1E00971A44FA
:109FD000029B03F001030892099300995846FFF78A
:109FE000D9FB31468246584601F0D8F800998046A0
:109FF0004A4620460AF1300701F0F2F8C3680146EC
:10A00000002B40F04C820690584601F0C7F80699A4
:10A010000690204600F064FE049B069A134340F02D
:10A020007982099B002B00F05C83B8F1000FC0F22D
:10A030005583089BA846AB4208F8017B00F03B83A0
:10A04000594600230A22204600F054FE4E4583461E
:10A0500031464FF000034FF00A02204600F05482D0
:10A0600000F048FE4946064600230A22204600F03A
:10A0700041FE45468146B0E7214B03EBC203D3E9DD
:10A08000009A099B002B80F20582089B002B00F3AD
:10A09000018273B900221C4B48465146FCF7C8FEAA
:10A0A00002460B46DDE9000101F084FD002800F0C6
:10A0B000878200273E4652E73946584601F06EF83F
:10A0C0000028BFF644AF0B9B59460A222046013BAD
:10A0D0000B93002300F00EFE0C9B8346002B40F0F8
:10A0E0000B83159B002B159B089302DC002D7FF43E
:10A0F00032AFDDF814800125DDF820900EE000BFBE
:10A1000080C9000858C900080000144059460023BF
:10A110000A22204600F0EEFD0135834639465846B6
:10A12000FFF738FB4D4500F1300308F8013BEDDB4C
:10A13000089A0025002ACCBF90464FF00108059AE6
:10A140009044594601222046049300F0B3FF39465B
:10A15000834601F023F8002840F33782059A02E095
:10A16000904500F0418218F8013CC24608F1FF38E2
:10A17000392BF5D0013388F800300B9B0E9339460C
:10A18000204600F0ADFD002E00F035822DB1B54225
:10A1900003D02946204600F0A3FDDDF81480CDF859
:10A1A00014A0E6E601461A46204600F029FF049B6B
:10A1B0000746012B40F34A81002306933B6907EBD6
:10A1C0008303186900F0E8FDC0F1200391E69DEDDE
:10A1D000007B4FF002088DED0E7BE4E4029B002B28
:10A1E0007FF486AEDDE90212C2F31303002B7FF485
:10A1F0007FAEC14B13402BB10A9B0AF1010A013318
:10A200000A930123069A0693002A3FF471AED5E71C
:10A2100001230C93099B0B9A134415930133012BD3
:10A220001E460893B8BF0126172E40F392820122E2
:10A2300004235B001146013203F11400B042F8D947
:10A24000E16381E401230C93099E002E40F37981A0
:10A2500015960896E8E700230C93DBE700230C93A0
:10A26000F2E740464946FCF7E3FD059B1D70189B4D
:10A27000012BCDE90C0100F03D82189D059BDDF816
:10A2800048801D4400229D4B30463946FCF7D0FDE6
:10A290000F46064601F0C2FC8146FCF75FFD024610
:10A2A0000B4609F1300930463946FCF709FC08F83D
:10A2B000019B454506460F46E4D10022904BDDE95F
:10A2C0000C8940464946FCF7FDFB32463B4601F00F
:10A2D00067FC002840F09E8142464B46002088499A
:10A2E000FCF7EEFB32463B4601F078FC002840F0DC
:10A2F0008C801B9B002BFFF6CAAD0B9B0E2B3FF7F0
:10A30000C6AD804B0B9ADDF8148003EBC203D3E992
:10A31000009ADDE900674A46534630463946FCF765
:10A32000B1FE01F07BFC0546FCF718FD4A4653469A
:10A33000FCF77EFD02460B4630463946FCF7C0FB73
:10A3400005F13003059A1370089B012B129B00F056
:10A35000F781C3F10102CDF810B0CDF80080984626
:10A3600002941446DDF820B01DE04A4653463046BC
:10A370003946FCF787FE01F051FC0546FCF7EEFC80
:10A380004A465346FCF754FD0B46024639463046D2
:10A39000FCF796FB05F1300308F8013B08EB0403DA
:10A3A0005B4500F062810022544BFCF741FD002226
:10A3B000002306460F4601F0E9FB0028D5D0CDF872
:10A3C0001480DDF810B0DDF80080029C0B9B0E932A
:10A3D000D3E5C3F11C039AE539460522204600F077
:10A3E00089FC07465846394600F0D8FE00287FF71A
:10A3F000B6ADDDF81480059B013305930B9B01334B
:10A400000E93312388F80030AEE52A4615F8013D59
:10A41000302BFAD091E49DED007B4FF002088DEDDA
:10A42000127BFFF7DBBB109B069AEB1A10950025F9
:10A430001A44089B06929A440A9A90461A440A9231
:10A440000121204600F0FCFC064626E5029B002B7D
:10A450007FF4B2AEDDE90201C1F313030A46002B1B
:10A460003FF4C7AE0690A9E631462A46204600F0E2
:10A47000C7FD06465A462046314600F00FFD5946B4
:10A480008346204600F02CFC109B5B1B10933FF48E
:10A4900022AD1AE5059B5A1C9846129239E72046D0
:10A4A0000697009F00F01CFCB8F1000F069B08DB2C
:10A4B000029A049902F0010241EA080852EA0802ED
:10A4C00039D1594601222046049300F0F3FD394664
:10A4D000834600F063FE0028049B40F32681392B5D
:10A4E00000F0EE800AF13103AA460AF8013B354636
:10A4F0000B9B4E460E9342E60000F07F0000244086
:10A500000000E03F80C9000800F0F4FB4546064625
:10A51000814662E5B8F1000FC0F21F81049B43EA57
:10A520000808099B53EA080800F01781002A7FF702
:10A5300080AD3B46009F392B00F0C280AA46013314
:10A54000D3E70123CDE90833FFF7FABAC8F10103D5
:10A55000824611900A93FFF7E3BA089B002B3FF461
:10A56000FCAB159D002D7FF71FAC0B9B3046394689
:10A570000022013B0E93894BFCF75AFC02460F4622
:10A5800008F101001646CDE91267FCF7E7FB3246F9
:10A590003B46FCF74DFC0022814BFCF793FA1895E3
:10A5A0000646A1F15077FFF73CBB149A72B303F251
:10A5B00033430A9A9A44109D90461A440A923FE700
:10A5C0000027DDF814803E4615E703D1049BDB0726
:10A5D0003FF5C4AD18F8013CC24608F1FF38302BF6
:10A5E000F8D00B9B0E93CAE50B9B059A01330E9393
:10A5F00031231370C3E5DDF81480CDF814A0BCE45A
:10A600000E9B01330E933123FFF796BB1A9BC3F1C8
:10A610003603CEE70599FFF788BB7168204600F046
:10A6200039FB0546002800F08D80336906F10C01E6
:10A630000C3002339A00FCF74BFE294601222046DB
:10A6400000F038FD8146BEE4DDF864A0DDF858B0C6
:10A65000189CFFF7A9BBDDF81480DDF858B0189CF2
:10A66000CDF848A0CDF814A087E4CDF81480DDF82B
:10A6700010B0DDF80080029C02460B46FCF722FA7F
:10A680004A46534606460F4601F0A8FA58B94A46CC
:10A6900053463046394601F079FA00283FF496AE29
:10A6A000E9077FF593AE0B9B4146059D0E93CDF8D0
:10A6B0001480FFF73ABB3B463546009F4E4640E5C7
:10A6C000A84639233546059A4E4608F8013B4AE527
:10A6D0000A9A9A4490461A440A92B1E63B46009F71
:10A6E00002E73B46009F392BEAD0B8F1000F3FF755
:10A6F000F9AEF9E6129DE0E5314600230A22204634
:10A7000000F0F8FA159B0646002B159B08933FF7BF
:10A710004CAC002D7FF41FAC47E49DED0E7B4FF059
:10A7200002088DED127BFFF759BA7FF4DDAEDA0730
:10A730007FF5DAAED3E6129BDDF8148005931CE4B6
:10A74000059399E70246174B40F2EF211648FCF7B4
:10A75000B1F80021E163FFF7F7B9002A3B46009FFB
:10A760003FF7AFAEC0E6002520462946E56300F07E
:10A7700091FA059030B90B4B002240F2AF110A4814
:10A78000FCF798F8059B01220995A3634FF0FF336E
:10A790000C9215930893FFF707BB00BF00002440FD
:10A7A00000001C4004C3000818C30008704700BF25
:10A7B000704700BF014B93F82801704730D1000863
:10A7C0000048704720D200082DE9F84315469268EA
:10A7D0002C68FAB180468946083401E00834CFB1CC
:10A7E0006B681746591E002B696013DD54F8046C22
:10A7F000002EF3D0334654F8082C4946404600F06A
:10A80000D7FE431C07D0AA680834921B1746AA60DB
:10A81000002FE5D100200023C5E90133BDE8F8830E
:10A82000082802D14FF48050704708B5FCF73CFE71
:10A83000162203464FF0FF301A6008BD002170B5A4
:10A8400055EC104B064625F0004301601148834249
:10A850001DD8204618431AD00F482A46284058B918
:10A8600000220E4B20462946FCF7E2FA0A4621F068
:10A87000004304466FF035016FF31E521B1542F082
:10A880007F55A3F2FE3345F400150B44336045ECCD
:10A89000104B70BDFFFFEF7F0000F07F00005043C2
:10A8A0002DE9F8430646DFF8AC8008208946FFF71B
:10A8B000B7FF05463046FEF755FFD8F808305F6809
:10A8C00027F00307A7F11104A4EB09042C44B4FBFF
:10A8D000F5F4013C05FB04F4A54208DC00213046F8
:10A8E000FEF72EFFD8F808303B44984205D030469A
:10A8F000FEF73EFF0020BDE8F88361423046FEF7D8
:10A900001FFF01300FD03F1B104AD8F808303046E7
:10A9100047F001075F6013681B1B1360FEF728FFF9
:10A920000120BDE8F88300213046FEF709FFD8F882
:10A930000820831A0F2BDADD43F00103034953602B
:10A94000034B1B68C01A0860D1E700BF90F10008F4
:10A9500020CD000828CD000800297CD02DE9F04149
:10A960000C468046FEF7FEFE764F54F8043CA4F1F8
:10A970000805BE6823F0010168184268864222F08B
:10A98000030200F08380DE0700EB020C426033D448
:10A9900054F8084CDCF8043007F1080C2D1B214456
:10A9A00003F00103AC68644564D0D5F80CE0C4F84A
:10A9B0000CE0CEF80840002B00F0818041F001034C
:10A9C0006B600160B1F5007F22D2CB0801224909FA
:10A9D00001338A4079680A4357F833107A6007EBED
:10A9E000C302083AC5E9021247F83350CD60404629
:10A9F000BDE8F041FEF7BCBEDCF80430DB072BD528
:10AA000041F00103B1F5007F44F8043C0160DCD360
:10AA1000B1F5206F4FEA512353D28B0903F139006E
:10AA200003F13802C300F818FB580838984203D1E4
:10AA300061E09B68984204D05A6822F003028A427F
:10AA4000F7D8D868C5E9023085604046DD60BDE8CA
:10AA5000F041FEF78DBE7047114407F1080C836882
:10AA600063453FD0C268DA60936041F001036B60D8
:10AA70006950A7E7002B5FD10A44D0E90213CB60ED
:10AA8000996042F001036B60AA50B0E7DB070A440B
:10AA900007D454F8083CED1A1A44D5E90213CB60E8
:10AAA000996042F001036B60274BBD601B689342C5
:10AAB0009DD8264B40461968FFF7F2FE97E71144F0
:10AAC000CDE7142B08D9542B1DD80B0B03F16F00C5
:10AAD00003F16E02C300A6E703F15C0003F15B0221
:10AAE000C300A0E741F00103C7E90455C5E902CC62
:10AAF0006B6069507BE70121921001FA02F27968DC
:10AB00000A437A609EE7B3F5AA7F06D8CB0B03F120
:10AB1000780003F17702C30085E740F25452934274
:10AB200006D88B0C03F17D0003F17C02C3007AE7A9
:10AB30004FF47E737E2276E741F001036B60016083
:10AB400055E700BF28CD000824CD0008C0F100085B
:10AB50005FFA81FC810744D00346511E22B909E007
:10AB60009A0709D0013905D31846013302786245A6
:10AB7000F6D1704700207047184603290CD80029E9
:10AB8000F8D00346014401E08B42F3D0184613F895
:10AB9000012B6245F8D1704710B50CEB0C2402462E
:10ABA00004EB044402E00439032915D9104652F895
:10ABB000043B6340A3F1013E2EEA030313F0803F00
:10ABC000F1D00346014401E08B4208D0184613F847
:10ABD000012B6245F8D110BD10460029F1D10020AB
:10ABE00010BD1146C9E700BF034649B1FF2A02D88C
:10ABF00001200A7070478A224FF0FF301A607047B8
:10AC00000846704740EA01039B0730B501D1032A8B
:10AC100017D8844601F1FF3E07E01EF8011F541EBD
:10AC200003F8011B29B122469C466346002AF4D151
:10AC300030BD002CFCD0944403F8011B6345FBD1CC
:10AC400030BD0C468446256821460434A5F1013305
:10AC500023EA050313F0803FDCD1043A4CF8045B8F
:10AC6000032AF0D82146D5E782B049B15AB16BB179
:10AC700013780B601278101E18BF012002B07047C5
:10AC800001A9002AF3D1104602B070476FF001000D
:10AC9000F4E700BF38B5436C05460C464BB153F89A
:10ACA000240080B1026843F824200023C0E9033364
:10ACB00038BD2122042100F0B3FB0346686400285C
:10ACC000EDD1002038BD0121284601FA04F56A1DA6
:10ACD000920000F0A5FB0028F3D0C0E90145E4E7AD
:10ACE00031B1436C4A6853F82200086043F82210DF
:10ACF000704700BF2DE9F04107460E461C460D691E
:10AD000001F1140E0020DEF8001001308BB28542F4
:10AD10004FEA114102FB03434FEA134C9BB202FB83
:10AD200001CC03EB0C434FEA1C444EF8043BEADC35
:10AD30003CB1B368AB4207DD06EB850301355C61CE
:10AD400035613046BDE8F081716838460131FFF762
:10AD5000A1FF8046A8B1326906F10C010C30023225
:10AD60009200FCF7B5FA7B6C726853F822103160E0
:10AD700043F82260464606EB850301355C61356188
:10AD8000DFE70246024BBA210248FBF793FD00BF02
:10AD900004C30008BCC30008B0F5803F034618D2C6
:10ADA00003041020B3F1807F01D208301B02B3F1FD
:10ADB000805F01D204301B01B3F1804F03D3002B1D
:10ADC00006DB013070479B0005D45B0005D42020D2
:10ADD00070470020E6E7023070470330704700BF3D
:10ADE0000368014613F0070207D0DA071FD498075B
:10ADF00021D55B0801200B60704798B2A0B11046C6
:10AE0000DAB20AB908301B0A1A0701D104301B094B
:10AE10009A0701D102309B08DA0703D45B0800F1DE
:10AE2000010006D00B6070471B0C1020E8E70020E3
:10AE30007047202070479B0802200B60704700BFBE
:10AE400038B5436C04460D464BB15868B0B1026842
:10AE50005A60002201234561C0E9032338BD212245
:10AE6000042100F0DDFA034660640028EDD1094BAF
:10AE7000002240F245110848FBF71CFD1C2201216D
:10AE8000204600F0CDFA0028F1D001220223C0E9CB
:10AE90000123DEE704C30008BCC300082DE9F04F1E
:10AEA000D1F8108085B015690E469246A84505DB9D
:10AEB0002A46534645468A4690461E4605EB0804F8
:10AEC000DAE90113A342B8BF0131FFF7E3FE00281E
:10AED00000F08B8000F1140707EB840E774505D254
:10AEE0003B46002243F8042B9E45FBD814360AF15A
:10AEF000140906EB880809EB8505464568D2A5EBE1
:10AF00000A030AF1150ACDF808E0AE46153B039492
:10AF100023F00303043355452CBF9B464FF0040B2D
:10AF2000824605E0090C2CD1B04507F104074CD945
:10AF300056F8041B8DB2002DF4D0CC463C460023BD
:10AF400001965CF8040B216886B2E6458AB24FEAA6
:10AF5000104005FB06224FEA11411A4405FB00117F
:10AF600001EB124192B24FEA114342EA014244F826
:10AF7000042BE6D8019E47F80B3056F8041C090C48
:10AF8000D2D03B68002248463D461C469446028883
:10AF90009BB201FB02C202EB144243EA024345F8B2
:10AFA000043B50F8043B2C684FEA134C7045A3B2A5
:10AFB00001FB0C3303EB12434FEA134CE7D3B045CC
:10AFC00047F80B3007F10407B2D85046DDE902E438
:10AFD000002C02DC05E0013C03D05EF8043D002BB0
:10AFE000F9D0046105B0BDE8F08F0246024B4FF482
:10AFF000B1710248FBF75EFC04C30008BCC3000843
:10B0000012F003032DE9F041144607462CD10D46FA
:10B01000A4101CD03E6C86B3E3074FF0000806D4A2
:10B02000641014D03068A8B10646E307F8D532465C
:10B0300029463846FFF732FF35B17B6C696853F813
:10B0400021202A6043F8215064100546EAD12846A1
:10B05000BDE8F081324631463846FFF71FFF3060C9
:10B060000646C0F80080E0E7013B0F4A52F8232073
:10B070000023FFF73FFE0546CAE701213846FFF7E8
:10B0800009FE064640B1012340F27122C0E90432B4
:10B09000002338640360BFE70246044B40F24511C9
:10B0A0000348FBF707FC00BF4CC9000804C30008B5
:10B0B000BCC300082DE9F0470C46904606464FEA0F
:10B0C00062192769A36807EB621749687D1C9D42D6
:10B0D00003DD5B0001319D42FBDC3046FFF7DAFD0A
:10B0E000002850D0B9F1000F00F1140C0EDD09F169
:10B0F0000502634600214FEA820E00EB820243F80C
:10B10000041B9342FBD1AEF114039C4404F11403DD
:10B11000216918F01F0803EB81012BD0C8F1200929
:10B12000E6464FF0000A1A6802FA08F242EA0A02FA
:10B130004EF8042B53F8042B994222FA09FAF2D85C
:10B140000B1B04F11502153B23F00303043391425A
:10B1500038BF04234CF803A0BAF1000F00D13D46DC
:10B16000736C6268056153F82210216043F8224035
:10B17000BDE8F087ACF1040C53F8042B99424CF86D
:10B18000042FF9D8EBE70246024B4FF4EF71024867
:10B19000FBF790FB04C30008BCC3000884460B699E
:10B1A0000069C01A16D10CF1140C14310CEB830297
:10B1B00001EB830310B401E0944508D252F8044D2A
:10B1C00053F8041D8C42F7D005D24FF0FF305DF8E4
:10B1D000044B7047704701205DF8044B704700BF77
:10B1E0002DE9F04F15460A6983B088462B69D21ABB
:10B1F000002A40F08B8001F1140605F1140101EBE7
:10B20000830106EB830302E09E4280F0828053F8C4
:10B21000044D51F8042D9442F6D078D32B460024E7
:10B22000454698466968FFF735FD002800F08C8098
:10B230002E6905F1140B08F1140ED8F8103000F146
:10B24000140A05F110020EEB83094FF0000C0BEB12
:10B2500086015746C460CDF804B05EF8044B52F83E
:10B26000045F1FFA84FBF145ABB24FEA1444A3EB31
:10B270000B03C4EB1544634404EB23449BB24FEA35
:10B28000244C43EA044347F8043BE6D8A9EB0804FE
:10B2900008F11508DDF804B0C145A4F1150434BF68
:10B2A0004FF000084FF00108A408B8F1000F04F1B6
:10B2B00001024FEA820208BF04220BEB020552444E
:10B2C000A94231D917462C4654F8043B1FFA83F89B
:10B2D000A1424FEA134E6344C4449BB20EEB2C4C84
:10B2E00043EA0C434FEA2C4C47F8043BECD80139B5
:10B2F000491B21F003010A4423B952F8043D013EE1
:10B30000002BFAD0066103B0BDE8F08F86DA012485
:10B3100088E70021FFF7BEFC78B101220023C0E9D5
:10B32000042303B0BDE8F08FB8F1000F4FEA8404A6
:10B3300008BF00240AEB0402DEE70246064B40F297
:10B3400037210648FBF7B6FA0246034B40F2452187
:10B350000248FBF7AFFA00BF04C30008BCC30008F3
:10B360002DE9F0430E4683B00121154659EC108BB0
:10B37000FFF790FC0446002846D0C9F30A57C9F3EA
:10B3800013030FB143F480130193B8F1000313D1F9
:10B3900001A8FFF725FD019B012220306361226196
:10B3A0000FB3A7F233470744C0F135003760286078
:10B3B000204603B0BDE8F08368460093FFF710FD18
:10B3C000019BF8B1C0F12002009903FA02F2C340D8
:10B3D0000A430193002B6261A3610CBF0122022288
:10B3E0002261002FDDD104EB8203A0F232403060F5
:10B3F0001869FFF7D1FCC0EB42102860204603B06B
:10B40000BDE8F083009AE5E70246034B40F20F31B6
:10B410000248FBF74FFA00BF04C30008BCC3000892
:10B4200038B5A1FB021434BBFDF7BAFE054630B3B4
:10B4300050F8042C22F00302043A242A0CD8132AD0
:10B440000FD91B2AC0E9004412D9242AC0E90244BA
:10B4500018D000F1100205E02146FCF72BF8284631
:10B4600038BD024600232846C2E90033936038BD48
:10B4700000F10802F6E7FCF717F80C23036000253B
:10B48000284638BD00F11802C0E90444EAE700BFCD
:10B490002DE9F04F8BB086461E46DDE9157A002F68
:10B4A0005AD0156800295CD0149B002B69D0741EFB
:10B4B0004EB3043D0026DDF850B00491039105928F
:10B4C000CDE9015E0BE0039B0BBB019B18680028D4
:10B4D00036D0DC4557D2013C6646631C13D0019937
:10B4E0003B46029851F8042FDAF8E050019107A981
:10B4F000D7E90098A847421C37D000EB060CDC4582
:10B50000E1D9C7E9009830460BB0BDE8F08F0028BC
:10B510000EDD049B07A9019D18445A1E00F1FF3E51
:10B5200011F8013B02F8013F7245F9D101950490F1
:10B53000059B1A6804321A60019B18680028C8D15C
:10B540000399059A01B110600CF1FF3600223046D4
:10B550003A600BB0BDE8F08F00F5867715680029DA
:10B56000A2D14FF0FF331493A1E70646DDF808E0BF
:10B570008A2100223046CEF800103A600BB0BDE8B8
:10B58000F08F149EBFE76646BDE700BF10B584B0DC
:10B59000054C0698009007980190044800680294B2
:10B5A000FFF776FF04B010BD30D10008DCCB0008F7
:10B5B0002DE9F0478E6881460C461D469E42904616
:10B5C000086836D8B1F90C3013F4906F0DD13546B8
:10B5D0002A46414600F004FAA26823680020921B24
:10B5E0002B44A2602360BDE8F0876769096917EB07
:10B5F0004707A0EB010A05F1010048BF013750449D
:10B600007F10B8423A4601D9074602465B0512D57B
:10B6100011464846FDF7C4FD0646F8B15246216979
:10B62000FBF756FEA38923F4906343F08003A381C4
:10B6300006E01E46CCE7484600F01AF8064648B138
:10B6400006EB0A00A7EB0A0326612E466761A3609A
:10B650002060BDE721694846FFF77EF9A3890C22E7
:10B660004FF0FF3043F04003C9F80020A381BAE750
:10B670002DE9F04F164683B0002900F09E800C465D
:10B6800006F10B058046FEF76DF854F8040C162DF4
:10B69000A4F1080920F0030762D810220023154600
:10B6A000B542C0F0A280002B40F09F80974261DA43
:10B6B000DFF828B309EB0701DBF80830D1F804C044
:10B6C0008B4200F097802CF001030B445B68DB0792
:10B6D00068D42CF0030C07EB0C03934245DAC30744
:10B6E00012D454F8083CA9EB030ADAF8043023F02A
:10B6F000030084440CEB070B5A4540F3FE8007EB34
:10B70000000B5A4540F3D48031464046FDF748FDD2
:10B710000646002800F0298154F8043CA0F10802F4
:10B7200023F001034B44934200F0B1803A1F242AD6
:10B7300000F2DF80132A00F2B0800346224611682F
:10B7400019605168596092689A6021464046FFF737
:10B7500003F94046FEF70CF8304603B0BDE8F08F21
:10B7600025F007052A46EB0F9AE71F46D1E9022389
:10B77000D3609A60781BD9F8043009EB07020F28D0
:10B7800003F001031FD83B43C9F80430536843F06A
:10B790000103536026464046FDF7EAFF304603B0FA
:10B7A000BDE8F08FC307AFD454F8083CA9EB030AF7
:10B7B000DAF8043023F00300A1E7114603B0BDE836
:10B7C000F04FFDF7EDBC2B4309EB050140F0010004
:10B7D000C9F80430083141F8040C4046536843F07E
:10B7E00001035360FFF7B8F8D4E70C23C8F8003022
:10B7F0000026D3E72CF0030C05F110010CEB070336
:10B800008B4280F29280C0073FF57EAF54F8083C2F
:10B81000A9EB030ADAF8043023F0030084440CEBAC
:10B82000070399423FF76BAF3A1F5646DAF80C1000
:10B8300056F8080F242AC160886000F2B080132AED
:10B8400040F2AB8021681B2ACAF808106168CAF868
:10B850000C1000F2AB8008340AF11002216811606C
:10B8600061685160A16891605B1B0AEB050240466C
:10B8700043F00103CBF808205360DAF8043003F0FA
:10B8800001032B43CAF80430FDF772FF86E750F836
:10B89000043C23F003031F446CE723681B2A036066
:10B8A0006368436036D804F1080200F1080346E7F4
:10B8B0003A1F5646DAF80C30242A56F8081FCB6097
:10B8C000996022D8132A1ED923681B2ACAF8083087
:10B8D0006368CAF80C303CD808340AF110032268B7
:10B8E0001A6062685A60A2689A6034465F46D14620
:10B8F00040E7214600F074F827E7D1E902133A1F28
:10B90000CB609960D5E73346E9E72146304600F041
:10B9100067F8EAE7A368242A8360E368C36028D055
:10B9200004F1100200F1100309E75B1B09EB0502AB
:10B930004046264643F00103CBF80820536054F8F4
:10B94000043C03F001032B4344F8043CFDF710FFD3
:10B9500024E7A368242ACAF81030E368CAF8143030
:10B9600010D010340AF11803B9E74046FDF700FF84
:10B970003EE7236904F1180203616369436100F142
:10B980001803DCE623691834CAF8183054F8043C6C
:10B99000CAF81C300AF12003A1E732465EE72146CF
:10B9A0003046019300F01CF8019B5DE7A168242A52
:10B9B000CAF81010E168CAF8141003D010340AF164
:10B9C00018024BE722691834CAF8182054F8042CDE
:10B9D000CAF81C200AF1200240E700BF28CD000869
:10B9E00088420ED98B1883420BD900EB020C002A37
:10B9F0006ED0624613F801CD994202F801CDF9D11B
:10BA000070470F2A0FD8034602F1FF3C002A5FD08F
:10BA10000CF1010C013B8C4411F8012B614503F83A
:10BA2000012FF9D1704740EA01039B0751D1A2F1E0
:10BA3000100301F1200C70B523F00F0501F1100E79
:10BA400000F110041B09AC445EF8105C0EF1100EFE
:10BA5000103444F8205C5EF81C5C44F81C5C5EF812
:10BA6000185C44F8185C5EF8145CE64544F8145C15
:10BA7000EAD1013312F00C0F02F00F0C01EB0311AD
:10BA800000EB031329D0ACF1040C1C1F8E462CF0E4
:10BA900003064FEA9C0C1E445EF8045B44F8045F06
:10BAA000B442F9D10CF1010402F0030203EB840368
:10BAB00001EB840102F1FF3C4AB10CF1010C013BA6
:10BAC0008C4411F8012B614503F8012FF9D170BDA9
:10BAD000704702F1FF3C03469AE76246EAE700BF7F
:10BAE0004FF0FF3C06E000BF4FF0010C02E000BF4A
:10BAF0004FF0010C4DF804CD4FEA410C7FEA6C5C2D
:10BB00004FEA430C18BF7FEA6C5C1BD001B050EACF
:10BB1000410C0CBF52EA430C91EA030F02BF90EABA
:10BB2000020F0020704710F1000F91EA030F58BF79
:10BB3000994208BF90422CBFD8176FEAE37040F0DB
:10BB4000010070474FEA410C7FEA6C5C02D150EA79
:10BB5000013C07D14FEA430C7FEA6C5CD6D152EA34
:10BB6000033CD3D05DF8040B704700BF84461046F9
:10BB700062468C461946634600E000BF01B5FFF7F8
:10BB8000B7FF002848BF10F1000F01BD4DF808EDC8
:10BB9000FFF7F4FF0CBF012000205DF808FB00BF99
:10BBA0004DF808EDFFF7EAFF34BF012000205DF8F3
:10BBB00008FB00BF4DF808EDFFF7E0FF94BF012040
:10BBC00000205DF808FB00BF4DF808EDFFF7CEFF41
:10BBD00094BF012000205DF808FB00BF4DF808ED80
:10BBE000FFF7C4FF34BF012000205DF808FB00BF51
:10BBF0004FEA410C7FEA6C5C02D150EA013C0AD169
:10BC00004FEA430C7FEA6C5C02D152EA033C02D15A
:10BC10004FF0000070474FF0010070474FEA4102BB
:10BC200012F5001215D211D56FF47873B3EB62528E
:10BC300012D94FEAC12343F0004343EA505311F0B5
:10BC4000004F23FA02F018BF404270474FF0000047
:10BC5000704750EA013005D111F0004008BF6FF085
:10BC6000004070474FF00000704700BF4275696C9C
:10BC700074207769746820525A2F5620466C657874
:10BC800069626C6520536F667477617265205061DC
:10BC9000636B6167652076657273696F6E20342E01
:10BCA000322E3000342E322E30000000000002040C
:10BCB0005465726D696E616C00000000284E554C31
:10BCC0004C290000342E302E300000000D0A2A2AA4
:10BCD0002A2A2A2A2A2A2A2A2A2A2A2A2A2A2A2AC4
:10BCE0002A2A2A2A2A2A2A2A2A2A2A2A2A2A2A2AB4
:10BCF0002A2A2A2A2A2A2A2A2A2A2A2A2A2A2A2AA4
:10BD00002A2A2A2A2A2A2A2A2A2A2A2A2A2A2A2A93
:10BD10002A2A2A2A2A2A2A2A2A2A2A2A2A2A0D0AC0
:10BD20002A20202052656E6573617320465350208F
:10BD30004578616D706C652050726F6A6563742020
:10BD4000666F7220725F726969635F6D617374659B
:10BD500072204D6F64756C652020202020202020EB
:10BD60002020202020202020202020202020202AC9
:10BD70000D0A2A2020204578616D706C6520507274
:10BD80006F6A6563742056657273696F6E202573E0
:10BD900020202020202020202020202020202020A3
:10BDA0002020202020202020202020202020202093
:10BDB00020202020202020202020202020202A0D8C
:10BDC0000A2A202020466C657820536F66747761BC
:10BDD0007265205061636B2056657273696F6E20C7
:10BDE00025642E25642E256420202020202020205C
:10BDF0002020202020202020202020202020202043
:10BE00002020202020202020202020202020202032
:10BE10002020202A0D0A2A2A2A2A2A2A2A2A2A2ADD
:10BE20002A2A2A2A2A2A2A2A2A2A2A2A2A2A2A2A72
:10BE30002A2A2A2A2A2A2A2A2A2A2A2A2A2A2A2A62
:10BE40002A2A2A2A2A2A2A2A2A2A2A2A2A2A2A2A52
:10BE50002A2A2A2A2A2A2A2A2A2A2A2A2A2A2A2A42
:10BE60002A2A2A2A2A2A0D0A526566657220746FC8
:10BE700020726561646D652E7478742066696C65E6
:10BE800020666F72206D6F72652064657461696CE5
:10BE900073206F6E204578616D706C652050726FF5
:10BEA0006A65637420616E640D0A465350205573B1
:10BEB00065722773204D616E75616C20666F72200C
:10BEC0006D6F726520696E666F726D6174696F6EF9
:10BED0002061626F757420725F726969635F6D6162
:10BEE00073746572206472697665720D0A000000D1
:10BEF00054686973204550207574696C697A65735C
:10BF000020504D4F442041434C2073656E736F7237
:10BF10002061732069696320736C617665206465B4
:10BF2000766963650D0A55706F6E2073756363657E
:10BF3000737366756C20696E697469616C697A6186
:10BF400074696F6E2C204D505520646973706C615C
:10BF500079732073656E736F7220617869732064E2
:10BF60006174610D0A0D0A002A2A2053454E534F71
:10BF70005220494E4954204641494C4544202A2AE2
:10BF8000200D0A005B4552525D20496E2046756EB9
:10BF90006374696F6E3A20257328292C202573005D
:10BFA0000D0A52657475726E6564204572726F7207
:10BFB00020436F64653A203078257820200D0A00F0
:10BFC000202A2A2053454E534F52205245414420A7
:10BFD00044415441204641494C4544202A2A200DE1
:10BFE0000A000000582D61786973203D20252E300D
:10BFF00032662C20592D61786973203D20252E3022
:10C0000032662C205A2D61786973203D20252E3010
:10C01000326600002573200D0A0000002A2A2052F3
:10C020005F524949435F4D41535445525F577269CE
:10C03000746520415049206661696C6564202A2A34
:10C04000200D0A002A2A20446576696365207265FE
:10C0500067697374657220616464726573732C2000
:10C06000493243207772697465206661696C656442
:10C07000202A2A200D0A00002A2A20525F5249490C
:10C08000435F4D41535445525F52656164204150B6
:10C0900049206661696C6564202A2A200D0A000027
:10C0A0002A2A20446576696365207265676973741E
:10C0B000657220726561642C2020493243207265CC
:10C0C0006164206661696C6564202A2A200D0A007B
:10C0D00048572052455620616464723A25782C20D6
:10C0E000646174613A25780D0A0000004D50494F93
:10C0F0003320436F6E66696720616464723A257805
:10C100002C20646174613A25780D0A00426C6F63DB
:10C110006B20454E20616464723A25782C2064615E
:10C1200074613A25780D0A00577269746520746F3E
:10C13000204D50494F3320436F6E6669670D0A00EA
:10C140002A2A20525F524949435F4D415354455278
:10C150005F4F70656E20415049206661696C65646F
:10C16000202A2A200D0A00002A2A204465766963C5
:10C1700065204944207265672C204932432077723C
:10C18000697465206661696C6564202A2A200D0A3D
:10C19000000000002A2A204465766963652049442E
:10C1A00020726561642C20204932432072656164ED
:10C1B000206661696C6564202A2A200D0A0000004F
:10C1C0002A2A20504F5745525F43544C20726567CE
:10C1D00020493243207772697465206661696C6515
:10C1E00064212121202A2A200D0A00002A2A204524
:10C1F00072726F7220696E2072656164696E672069
:10C20000446576696365204944202A2A200D0A0086
:10C210002A2A20525F524949435F4D4153544552A7
:10C220005F436C6F736520415049206661696C659E
:10C2300064202A2A200D0A002A2A204E554C4C2020
:10C24000506F696E74657220636865636B20666108
:10C25000696C202A2A200D0A000000002A2A2044A6
:10C260006174612072656769737465722C2049324C
:10C27000432072656164206661696C6564202A2AC6
:10C28000200D0A002A2A20416363656C20446174F2
:10C29000612072656769737465722C20493243208E
:10C2A0007772697465206661696C6564202A2A204A
:10C2B0000D0A0000494E4600696E66004E414E0070
:10C2C0006E616E0030313233343536373839616261
:10C2D0006364656600000000303132333435363730
:10C2E000383941424344454600000000286E756CD1
:10C2F0006C290000496E66696E697479000000005F
:10C300004E614E0042616C6C6F63207375636365B0
:10C3100065646564000000002F646174612F6A65C4
:10C320006E6B696E732F776F726B73706163652FBD
:10C33000474E552D746F6F6C636861696E2F617223
:10C340006D2D31332F7372632F6E65776C69622D9B
:10C3500063796777696E2F6E65776C69622F6C6998
:10C3600062632F7374646C69622F64746F612E63EF
:10C37000000000002E0000004C435F434F4C4C4136
:10C38000544500004C435F435459504500000000A1
:10C390004C435F4D4F4E4554415259004C435F4E04
:10C3A000554D4552494300004C435F54494D4500AB
:10C3B0004C435F4D45535341474553002F646174CF
:10C3C000612F6A656E6B696E732F776F726B737016
:10C3D0006163652F474E552D746F6F6C636861699B
:10C3E0006E2F61726D2D31332F7372632F6E6577EF
:10C3F0006C69622D63796777696E2F6E65776C69FA
:10C40000622F6C6962632F7374646C69622F6D7044
:10C410007265632E630000000000000000005454A9
:10C420005220524547474553000000003031323317
:10C4300034353637383941424344454668616C5F8C
:10C44000656E747279000000706D69635F7265617A
:10C45000645F726567000000706D69635F77726981
:10C4600074655F7265670000726561645F73656E15
:10C47000736F725F64617461000000006465696ECF
:10C4800069745F73656E736F720000006765745F37
:10C490006465766963655F6964000000696E69744C
:10C4A0005F73656E736F720030E8000824E800085F
:10C4B000C0CB000834E80008C0C400083CC700082E
:10C4C00008000000A086010012000000010C6101BC
:10C4D0006201DE000000000000000000000000001B
:10C4E0003542000800000000ECC400080101041CF3
:10C4F0001C01DF00E100E000E200E3000010C041A9
:10C5000074E800080CC5000808C700089000000384
:10C510000A00000000000000120605ECFFFF040006
:10C5200044C5000828C5000800000000D8CB00085A
:10C5300000000000BD480008394900080000000064
:10C540000000034121000000001000005C0000001A
:10C5500000800000DC00000000000100C7000000B7
:10C56000FFFFFFFF02000000801A06001D00000010
:10C57000010C63016401BA0000000000000000002B
:10C5800000000000014500080000000090C5000800
:10C590000101021A1901BB00BD00BC00BE00BF00B2
:10C5A000000C40440B000000B0C50008A8C40008FF
:10C5B000000C018106000000000C01810700000052
:10C5C000000C010400020000000C01040102000044
:10C5D000000C00000007FFFF000C00000207FFFF37
:10C5E000000C00000008FFFF000C00000108FFFF26
:10C5F000000C00000208FFFF000C00000308FFFF12
:10C60000000C00000407FFFF64006300580057009F
:10C6100042024202420242024202420242024202FA
:10C6200042024202420242024202420242024202EA
:10C6300042024202420242024202420242024202DA
:10C6400042024202420242024202420242024202CA
:10C6500042024202420242024202420242024202BA
:10C6600042024202420242024202420242024202AA
:10C67000420242024202420242024202420242029A
:10C68000420242024202420242024202420242028A
:10C69000420242024202420242024202420242027A
:10C6A000420242024202420242024202420242026A
:10C6B000420242024202420242024202420242025A
:10C6C000420242024202420242024202420242024A
:10C6D000420242024202420242024202420242023A
:10C6E000420242024202420242024202420242022A
:10C6F000420242024202420242024202420242021A
:10C700004202420242020000894A00084D490008E4
:10C7100051490008014D0008B54C0008894D00083A
:10C72000854F00083D4D0008114F0008994E000844
:10C73000554900084949000859490008ED550008C5
:10C74000815200081552000895590008D951000877
:10C750006150000895500008B5570008F0F000003F
:10C76000F0F0F0F0F0F0F0F0F000F0F00204000073
:10C7700000000000F0F0F0F0F0F0F0F00608F0F04B
:10C7800002040608F0F0F0F0F0F0F0F0F0F0F0F055
:10C79000F0F0F0F0F0F0F0F002040608F0F0F0F045
:10C7A000F0F0F0F0F0F0F0F0F0F0F0F0F0F0F0F089
:10C7B000F0F0F0F0F0F0040206080000F0F0F000F5
:10C7C00000000000F0F0F0F0F0F0F0F0F0F0F0F029
:10C7D000F0F0F0F0F0F0F00000000000F0F0F0F009
:10C7E000F0F0F0F0F0F0F0F0F0F0000000000000E9
:10C7F00000000000F0F0F0F0F0000000F0F0F0F0C9
:10C8000000000000F0F0F0F0F0F0F0F0F0F0F0F0E8
:10C81000F0F0F0F000000000000000000000000058
:10C820000000000000000000000000000000000008
:10C83000000000000000000000000000F0F0F0F038
:10C8400000000000000204061012181A080A0C0E5C
:10C85000141600001C1E0000000000000002040668
:10C86000080A0C0E10121416181A1C1E0002080AD0
:10C870001012181A04060C0E14161C1E0002080AC8
:10C880001012181A04060C1214161C1E00020406BC
:10C89000080A0C0E10121416181A1C1E00020406A8
:10C8A000080A000000000000000000000000000076
:10C8B0000000000000000000000000000000000078
:10C8C0000000000000000000000000000000000068
:10C8D0000000000000000000000000000000000058
:10C8E0000000000000000000000000000000000048
:10C8F0000000000000000000000000000000000038
:10C900000000000000000000000000000000000027
:10C910000000000000000000000000000000000017
:10C920000000000000000000000000003030303047
:10C930003030303030303030303030302020202037
:10C940002020202020202020202020200500000062
:10C95000190000007D0000000080E03779C34143EA
:10C96000176E05B5B5B89346F5F93FE9034F384D55
:10C97000321D30F94877825A3CBF737FDD4F157501
:10C98000000000000000F03F000000000000244014
:10C9900000000000000059400000000000408F40EF
:10C9A000000000000088C34000000000006AF8405A
:10C9B0000000000080842E4100000000D01263417E
:10C9C0000000000084D797410000000065CDCD41F4
:10C9D000000000205FA00242000000E876483742D5
:10C9E000000000A2941A6D42000040E59C30A24273
:10C9F0000000901EC4BCD64200003426F56B0C43E8
:10CA00000080E03779C3414300A0D885573476438E
:10CA100000C84E676DC1AB43003D9160E458E143EF
:10CA2000408CB5781DAF154450EFE2D6E41A4B4464
:10CA300092D54D06CFF08044F64AE1C7022DB544A9
:10CA4000B49DD9794378EA4400202020202020207A
:10CA500020202828282828202020202020202020AE
:10CA600020202020202020202088101010101010BE
:10CA7000101010101010101010040404040404040A
:10CA800004040410101010101010414141414141A4
:10CA90000101010101010101010101010101010186
:10CAA0000101010110101010101042424242424296
:10CAB0000202020202020202020202020202020256
:10CAC00002020202101010102000000000000000FE
:10CAD0000000000000000000000000000000000056
:10CAE0000000000000000000000000000000000046
:10CAF0000000000000000000000000000000000036
:10CB00000000000000000000000000000000000025
:10CB10000000000000000000000000000000000015
:10CB20000000000000000000000000000000000005
:10CB300000000000000000000000000000000000F5
:10CB400000000000000000000000000010000000D5
:10CB500000000000017A5200027C0E011B0C0D0047
:10CB6000140000001800000068A7FFFFEC000000A0
:08CB700000024D0A430B000016
:08CB780058A7FF7F0100000037
:04CB800000000000B1
:10CB8800010100000000000000000000000000009B
:10CB98000000000006000001000000000000000086
:10CBA800FF0000000000000000000000610000011C
:10CBB8000001000000000000000000060000000066
:10CBC800000600000000000600000000000600004B
:10CBD80006000000E0CB00080000000058F0000844
:10CBE800C0F0000828F10008000000000000000064
:10CBF800000000000000000000000000000000002D
:10CC0800000000000000000000000000000000001C
:10CC1800000000000000000000000000000000000C
:10CC280000000000000000000000000000000000FC
:10CC380000000000000000000000000000000000EC
:10CC480000000000000000000000000000000000DC
:10CC580000000000000000000000000000000000CC
:10CC680000000000000000000000000000000000BC
:10CC780001000000000000000E33CDAB34126DE659
:10CC8800ECDE05000B0000000000000000000000C2
:10CC9800000000000000000000000000000000008C
:10CCA800000000000000000000000000000000007C
:10CCB800000000000000000000000000000000006C
:10CCC800000000000000000000000000000000005C
:10CCD800000000000000000000000000000000004C
:10CCE800000000000000000000000000000000003C
:10CCF800000000000000000000000000000000002C
:10CD0800000000000000000000000000000000001B
:10CD18000000000000000000FFFFFFFF000002000D
:10CD2800000000000000000028CD000828CD000801
:10CD380030CD000830CD000838CD000838CD0008C7
:10CD480040CD000840CD000848CD000848CD000877
:10CD580050CD000850CD000858CD000858CD000827
:10CD680060CD000860CD000868CD000868CD0008D7
:10CD780070CD000870CD000878CD000878CD000887
:10CD880080CD000880CD000888CD000888CD000837
:10CD980090CD000890CD000898CD000898CD0008E7
:10CDA800A0CD0008A0CD0008A8CD0008A8CD000897
:10CDB800B0CD0008B0CD0008B8CD0008B8CD000847
:10CDC800C0CD0008C0CD0008C8CD0008C8CD0008F7
:10CDD800D0CD0008D0CD0008D8CD0008D8CD0008A7
:10CDE800E0CD0008E0CD0008E8CD0008E8CD000857
:10CDF800F0CD0008F0CD0008F8CD0008F8CD000807
:10CE080000CE000800CE000808CE000808CE0008B2
:10CE180010CE000810CE000818CE000818CE000862
:10CE280020CE000820CE000828CE000828CE000812
:10CE380030CE000830CE000838CE000838CE0008C2
:10CE480040CE000840CE000848CE000848CE000872
:10CE580050CE000850CE000858CE000858CE000822
:10CE680060CE000860CE000868CE000868CE0008D2
:10CE780070CE000870CE000878CE000878CE000882
:10CE880080CE000880CE000888CE000888CE000832
:10CE980090CE000890CE000898CE000898CE0008E2
:10CEA800A0CE0008A0CE0008A8CE0008A8CE000892
:10CEB800B0CE0008B0CE0008B8CE0008B8CE000842
:10CEC800C0CE0008C0CE0008C8CE0008C8CE0008F2
:10CED800D0CE0008D0CE0008D8CE0008D8CE0008A2
:10CEE800E0CE0008E0CE0008E8CE0008E8CE000852
:10CEF800F0CE0008F0CE0008F8CE0008F8CE000802
:10CF080000CF000800CF000808CF000808CF0008AD
:10CF180010CF000810CF000818CF000818CF00085D
:10CF280020CF000820CF000828CF000828CF00080D
:10CF380030CF000830CF000838CF000838CF0008BD
:10CF480040CF000840CF000848CF000848CF00086D
:10CF580050CF000850CF000858CF000858CF00081D
:10CF680060CF000860CF000868CF000868CF0008CD
:10CF780070CF000870CF000878CF000878CF00087D
:10CF880080CF000880CF000888CF000888CF00082D
:10CF980090CF000890CF000898CF000898CF0008DD
:10CFA800A0CF0008A0CF0008A8CF0008A8CF00088D
:10CFB800B0CF0008B0CF0008B8CF0008B8CF00083D
:10CFC800C0CF0008C0CF0008C8CF0008C8CF0008ED
:10CFD800D0CF0008D0CF0008D8CF0008D8CF00089D
:10CFE800E0CF0008E0CF0008E8CF0008E8CF00084D
:10CFF800F0CF0008F0CF0008F8CF0008F8CF0008FD
:10D0080000D0000800D0000808D0000808D00008A8
:10D0180010D0000810D0000818D0000818D0000858
:10D0280020D0000820D0000828D0000828D0000808
:10D0380030D0000830D0000838D0000838D00008B8
:10D0480040D0000840D0000848D0000848D0000868
:10D0580050D0000850D0000858D0000858D0000818
:10D0680060D0000860D0000868D0000868D00008C8
:10D0780070D0000870D0000878D0000878D0000878
:10D0880080D0000880D0000888D0000888D0000828
:10D0980090D0000890D0000898D0000898D00008D8
:10D0A800A0D00008A0D00008A8D00008A8D0000888
:10D0B800B0D00008B0D00008B8D00008B8D0000838
:10D0C800C0D00008C0D00008C8D00008C8D00008E8
:10D0D800D0D00008D0D00008D8D00008D8D0000898
:10D0E800E0D00008E0D00008E8D00008E8D0000848
:10D0F800F0D00008F0D00008F8D00008F8D00008F8
:10D1080000D1000800D1000808D1000808D10008A3
:10D1180010D1000810D1000818D1000818D1000853
:10D1280020D1000820D100084300000000000000C2
:10D1380000000000000000000000000000000000E7
:10D148000000000000000000430000000000000094
:10D1580000000000000000000000000000000000C7
:10D168000000000000000000430000000000000074
:10D1780000000000000000000000000000000000A7
:10D188000000000000000000430000000000000054
:10D198000000000000000000000000000000000087
:10D1A8000000000000000000430000000000000034
:10D1B8000000000000000000000000000000000067
:10D1C8000000000000000000430000000000000014
:10D1D8000000000000000000000000000000000047
:10D1E80000000000000000004300000000000000F4
:10D1F8000000000000000000000000000000000027
:10D208000000000000000000E9AB000869AC00085D
:10D218000000000048CA000874C3000890C1000854
:10D2280090C1000890C1000890C1000890C1000892
:10D2380090C1000890C1000890C1000890C1000882
:10D24800FFFFFFFFFFFFFFFFFFFFFFFFFFFF0000E4
:10D25800010041534349490000000000000000005C
:10D2680000000000000000000000000000000000B6
:10D27800000041534349490000000000000000003D
:10D288000000000000000000000000000000000096
:04D298000000000092
:0FD29C0000000000000000000000000000000083
:0400000508002809BE
:00000001FF
