:020000041000EA
:1000000054040014C0035FD600000000000000008C
:1000100000000000000000000000000000000000E0
:1000200000000000000000000000000000000000D0
:1000300000000000000000000000000000000000C0
:1000400000000000000000000000000000000000B0
:1000500000000000000000000000000000000000A0
:100060000000000000000000000000000000000090
:100070000000000000000000000000000000000080
:1000800004050014C0035FD600000000000000005B
:100090000000000000000000000000000000000060
:1000A0000000000000000000000000000000000050
:1000B0000000000000000000000000000000000040
:1000C0000000000000000000000000000000000030
:1000D0000000000000000000000000000000000020
:1000E0000000000000000000000000000000000010
:1000F0000000000000000000000000000000000000
:1001000090040014C0035FD600000000000000004F
:1001100000000000000000000000000000000000DF
:1001200000000000000000000000000000000000CF
:1001300000000000000000000000000000000000BF
:1001400000000000000000000000000000000000AF
:10015000000000000000000000000000000000009F
:10016000000000000000000000000000000000008F
:10017000000000000000000000000000000000007F
:100180007F2003D5F7030014C0035FD600000000F2
:10019000000000000000000000000000000000005F
:1001A000000000000000000000000000000000004F
:1001B000000000000000000000000000000000003F
:1001C000000000000000000000000000000000002F
:1001D000000000000000000000000000000000001F
:1001E000000000000000000000000000000000000F
:1001F00000000000000000000000000000000000FF
:10020000DC030014C0035FD6000000000000000003
:1002100000000000000000000000000000000000DE
:1002200000000000000000000000000000000000CE
:1002300000000000000000000000000000000000BE
:1002400000000000000000000000000000000000AE
:10025000000000000000000000000000000000009E
:10026000000000000000000000000000000000008E
:10027000000000000000000000000000000000007E
:1002800084040014C0035FD60000000000000000DA
:10029000000000000000000000000000000000005E
:1002A000000000000000000000000000000000004E
:1002B000000000000000000000000000000000003E
:1002C000000000000000000000000000000000002E
:1002D000000000000000000000000000000000001E
:1002E000000000000000000000000000000000000E
:1002F00000000000000000000000000000000000FE
:1003000010040014C0035FD60000000000000000CD
:1003100000000000000000000000000000000000DD
:1003200000000000000000000000000000000000CD
:1003300000000000000000000000000000000000BD
:1003400000000000000000000000000000000000AD
:10035000000000000000000000000000000000009D
:10036000000000000000000000000000000000008D
:10037000000000000000000000000000000000007D
:100380007F2003D57F030014C0035FD60000000068
:10039000000000000000000000000000000000005D
:1003A000000000000000000000000000000000004D
:1003B000000000000000000000000000000000003D
:1003C000000000000000000000000000000000002D
:1003D000000000000000000000000000000000001D
:1003E000000000000000000000000000000000000D
:1003F00000000000000000000000000000000000FD
:100400007F2003D563030014C0035FD60000000003
:1004100000000000000000000000000000000000DC
:1004200000000000000000000000000000000000CC
:1004300000000000000000000000000000000000BC
:1004400000000000000000000000000000000000AC
:10045000000000000000000000000000000000009C
:10046000000000000000000000000000000000008C
:10047000000000000000000000000000000000007C
:100480007F2003D547030014C0035FD6000000009F
:10049000000000000000000000000000000000005C
:1004A000000000000000000000000000000000004C
:1004B000000000000000000000000000000000003C
:1004C000000000000000000000000000000000002C
:1004D000000000000000000000000000000000001C
:1004E000000000000000000000000000000000000C
:1004F00000000000000000000000000000000000FC
:100500007F2003D52B030014C0035FD6000000003A
:1005100000000000000000000000000000000000DB
:1005200000000000000000000000000000000000CB
:1005300000000000000000000000000000000000BB
:1005400000000000000000000000000000000000AB
:10055000000000000000000000000000000000009B
:10056000000000000000000000000000000000008B
:10057000000000000000000000000000000000007B
:100580007F2003D50F030014C0035FD600000000D6
:10059000000000000000000000000000000000005B
:1005A000000000000000000000000000000000004B
:1005B000000000000000000000000000000000003B
:1005C000000000000000000000000000000000002B
:1005D000000000000000000000000000000000001B
:1005E000000000000000000000000000000000000B
:1005F00000000000000000000000000000000000FB
:100600007F2003D5F3020014C0035FD60000000072
:1006100000000000000000000000000000000000DA
:1006200000000000000000000000000000000000CA
:1006300000000000000000000000000000000000BA
:1006400000000000000000000000000000000000AA
:10065000000000000000000000000000000000009A
:10066000000000000000000000000000000000008A
:10067000000000000000000000000000000000007A
:100680007F2003D5D7020014C0035FD6000000000E
:10069000000000000000000000000000000000005A
:1006A000000000000000000000000000000000004A
:1006B000000000000000000000000000000000003A
:1006C000000000000000000000000000000000002A
:1006D000000000000000000000000000000000001A
:1006E000000000000000000000000000000000000A
:1006F00000000000000000000000000000000000FA
:100700007F2003D5BB020014C0035FD600000000A9
:1007100000000000000000000000000000000000D9
:1007200000000000000000000000000000000000C9
:1007300000000000000000000000000000000000B9
:1007400000000000000000000000000000000000A9
:100750000000000000000000000000000000000099
:100760000000000000000000000000000000000089
:100770000000000000000000000000000000000079
:0C0780007F2003D59F020014C0035FD649
:1010000000000090002040F900003FD60000009052
:10101000002440F9E00300AA0100805201000039D9
:1010200000000090002840F9E00300AA210080524F
:101030000100003977000014C0035FD61F2003D5DC
:10104000D01B00100000000000A1001000000000F4
:1010500048390010000000000000000000000000FF
:101060009F3F03D51F7508D5BF3F03D5220039D553
:10107000406858D303084092A30500B4040080D20E
:101080000C000014080500D1091C00530921C99A5D
:10109000290105AACA1C0053EA20CA9A29010AAAF2
:1010A000497608D508FFFFB5870300B58404009191
:1010B0009F0003EB82030054600080D2807C009B81
:1010C000001C00534024C09A000840921F0800F101
:1010D000E3FEFF5485F87FD3E00305AA00001AD58C
:1010E0009F3F03D5000039D501084092261000919A
:1010F000013043D321244092076C4DD3E73840920E
:101100002010C05A007C40D31F8000F181000054A1
:10111000000400D102000014E70400D1E80301AA92
:10112000DAFFFF179F3F03D5DF3F03D50000009094
:1011300000A440F9E00300AA210080520100003918
:1011400034000014C0035FD600A1001000000000AE
:10115000C0035FD600000000000000000000000097
:10116000C0035FD600000000000000000000000087
:10117000C0035FD600000000000000000000000077
:10118000C0035FD600000000000000000000000067
:10119000C0035FD600000000000000000000000057
:1011A000C0035FD600000000000000000000000047
:1011B000C0035FD600000000000000000000000037
:1011C000C0035FD600000000000000000000000027
:1011D000C0035FD600000000000000000000000017
:1011E000C0035FD600000000000000000000000007
:1011F000C0035FD6000000000000000000000000F7
:10120000C0035FD6000000000000000000000000E6
:101210004005005800C01ED500C01CD500C018D520
:10122000000080D200101ED500101CD5001018D56B
:1012300000000090005841F9E10300AA3F0000912E
:10124000000080D240111ED540111CD51F111ED5A3
:10125000DF3F03D5010080522100153221001632F4
:1012600021001D3221001E3221001F3201111ED526
:10127000DF3F03D50200B0D202111CD5A00038D543
:10128000A0001CD5000038D500001CD51F211CD59E
:1012900000088F52A02FA072E00300AA00E01BD527
:1012A0001F870ED51F7108D506000014C0035FD636
:1012B00020DB031000000000000000100000000010
:1012C000FD7BBFA9FD030091B2070094000180528D
:1012D0002C07009400008CD2040000902025B0F26E
:1012E000020440D1E55E8B12E35E8B52010040B9EF
:1012F000849C41F92100052A213C0012010000B91B
:10130000442000B902A09452010040B92100030A10
:101310002100022A010000B9BF3F03D58004B0D2EA
:1013200021008052019C01B90A010014FD7BC1A873
:10133000C0035FD61F2003D560100010000000001E
:10134000FE7FBFA9FC77BFA9FA6FBFA9F867BFA945
:10135000F65FBFA9F457BFA9F24FBFA9F047BFA9D5
:10136000EE3FBFA9EC37BFA9EA2FBFA9E827BFA965
:10137000E61FBFA9E417BFA9E20FBFA9E007BFA9F5
:1013800000443BD521443BD5E007BFA9FE7FBFAD5C
:10139000FC77BFADFA6FBFADF867BFADF65FBFAD0D
:1013A000F457BFADF24FBFADF047BFADEE3FBFAD9D
:1013B000EC37BFADEA2FBFADE827BFADE61FBFAD2D
:1013C000E417BFADE20FBFADE007BFAD03403ED5B0
:1013D00022403ED5E20FBFA972000094E417C1A8D5
:1013E00005401ED524401ED59F3F03D5DF3F03D5C2
:1013F000E007C1ACE20FC1ACE417C1ACE61FC1AC61
:10140000E827C1ACEA2FC1ACEC37C1ACEE3FC1ACB0
:10141000F047C1ACF24FC1ACF457C1ACF65FC1AC00
:10142000F867C1ACFA6FC1ACFC77C1ACFE7FC1AC50
:10143000E007C1A800441BD521441BD5E007C1A883
:10144000E20FC1A8E417C1A8E61FC1A8E827C1A8F8
:10145000EA2FC1A8EC37C1A8EE3FC1A8F047C1A848
:10146000F24FC1A8F457C1A8F65FC1A8F867C1A898
:10147000FA6FC1A8FC77C1A8FE7FC1A8E0039FD680
:10148000C0035FD600000000000000000000000064
:10149000BF4000D5E007BFA9E20FBFA9E417BFA96D
:1014A000E61FBFA9E827BFA9EA2FBFA9EC37BFA94C
:1014B000EE3FBFA9F047BFA9F24FBFA9FD7BBFA96F
:1014C00010000094FD7BC1A8F24FC1A8F047C1A84D
:1014D000EE3FC1A8EC37C1A8EA2FC1A8E827C1A8F0
:1014E000E61FC1A8E417C1A8E20FC1A8E007C1A880
:1014F000E0039FD6C0035FD600000000000000009C
:10150000FD7BBEA9FD030091F30B00F925030094B8
:10151000138000511F7C007169020054000000908C
:1015200001BC42F921CC338B0000009002000090F6
:1015300000C442F943C842F9020040394404001192
:1015400004000039737822B8BF3F03D5200040F96A
:1015500000003FD6E003132AF30B40F9FD7BC2A83D
:1015600004030014E103002A0000009000C042F9C7
:10157000014C218BEDFFFF17C09702100000000007
:1015800000400010000000000841001000000000B2
:1015900010410010000000000000000000000000EA
:1015A000FD7BBDA9FD030091F51300F9F90200943C
:1015B000E103002A00F00F511F0C007109050054CF
:1015C00015008052F35301A9020000900000009022
:1015D00034800051534443F9004843F962024039D2
:1015E0004304001163020039147822B8BF3F03D5C9
:1015F000FF4103D5DF3F03D53F7C00710802005453
:1016000000000090005043F9005861F800003FD6F8
:10161000DF4103D5DF3F03D561024039E003142ADF
:101620002104005161020039F35341A9350100350D
:10163000F51340F9FD7BC3A8C6020014000000901A
:10164000004C43F900D874F800003FD6F1FFFF17B3
:10165000F51340F9FD7BC3A8C6020014D102009423
:10166000E103002A00F00F51350080521F0C007179
:1016700069000054F35301A9D4FFFF17F51340F993
:10168000FD7BC3A8D3050014084100100000000032
:101690001041001000000000C09702100000000080
:1016A00000400010000000000000000000000000EA
:1016B000FD7BBFA9FD030091D6030094390400947B
:1016C000300400941F040094FD7BC1A8250400147D
:1016D000FD7BBEA960008052FD030091F30B00F971
:1016E00044060094200282522000A072C906009491
:1016F00060008052EF050094E00180D2A0CC1ED59E
:10170000330080D2B3CC18D5400080D260C818D541
:1017100060CC18D500068052CA01009439020094AA
:10172000E003132A7F020094E01F80D2004618D500
:10173000E003132A0F020094600080D2E0CC1ED593
:10174000F30B40F9FD7BC2A8C0035FD60000000088
:10175000FD7BBEA900000090FD030091F35301A999
:10176000140844F9800240396003003700000090FB
:10177000130C44F90000805266080094600240395E
:101780002003003620008052620800941501009466
:101790003801009460024039000300363904009497
:1017A000C4FFFF974B0100944000805259080094F9
:1017B00060024039C0010036C6FFFF97B9050094AA
:1017C000000080D2374600949F020039293E0094E1
:1017D0000000001400000090130C44F97F0200394F
:1017E000E5FFFF1733040094E7FFFF170D00009497
:1017F000E8000094F1FFFF17BA030094600240393B
:10180000E0FC07379B060094E5FFFF171F2003D578
:10181000483900100000000000A100100000000086
:10182000FD7BB9A960008052FD030091F35301A92B
:10183000F55B02A9F76303A9F96B04A9FB7305A97A
:10184000EC050094050000900B0000900A00009049
:1018500006000090040000900E0000900000009030
:101860000F0000900D0000900C0000900900009007
:101870000800009007000090030000900200009014
:1018800001000090BB8445F9058082D27E9945F91C
:101890002525B0F2519D45F9B9000491CBAC45F92D
:1018A000B70008918AB045F9B5000C91D88D45F97B
:1018B000B300109100C045F9B2001491B000189126
:1018C000AE001C91FA8945F9E03700F9B69145F967
:1018D000949545F92FA145F90DA545F9ECA845F9D1
:1018E00069B445F9030080D248B845F9820080D236
:1018F00027BC45F9010080D260F07DD3646B61B8EC
:101900001C00058B666B62B863040091046825B8FF
:101910000400198B860700B91C00178B466B61B851
:10192000066839B8466B62B8860400B90400158BA6
:10193000066B61B8066837B8066B62B8860700B9EF
:101940001C00138BC66A61B8066835B8C66A62B8EF
:10195000860400B90400128B866A61B8066833B841
:10196000866A62B8860700B91C00108BC66B61B826
:10197000066832B8C66B62B8860400B904000E8BE4
:10198000266A61B8066830B8266A62B8860700B968
:10199000068083D22625B0F21C00068BE66961B86A
:1019A00006682EB8E66962B8860400B904A083D23E
:1019B0002425B0F20600048BE63300F9068083D2BA
:1019C0002625B0F2A46961B8046826B8A46962B893
:1019D000840700B9048080D2866961B82425B0F2FA
:1019E0001C00048B04A083D22425B0F2066824B81E
:1019F000E63340F9846962B8C40400B904A080D217
:101A00002425B0F20600048B840004D1E63300F9EB
:101A1000666961B8066824B8666962B8860700B965
:101A200006C080D2446961B82625B0F21C00068B3E
:101A3000C60004D1046826B8E63340F9446962B8A8
:101A4000C40400B904E080D22425B0F20600048B5F
:101A5000E63300F906C080D22625B0F2246961B8C9
:101A6000046826B8246962B8840700B9040081D2EA
:101A7000066961B82425B0F21C00048B840004D1EF
:101A8000066824B8E63340F9046962B8C40400B9B2
:101A9000042081D2060081D22425B0F22625B0F29E
:101AA0000400048BE43300F9E46861B8046826B8E4
:101AB000E46862B8E63740F9840700B9042081D2AF
:101AC0002425B0F2DC6861B8212000911C6824B89C
:101AD000E43340F9C06862B842200091800400B944
:101AE0007F4000F1A1F0FF54F35341A96000805200
:101AF000F55B42A9F76343A9F96B44A9FB7345A9B8
:101B0000FD7BC7A8EB040014C0BA0210000000005F
:101B100040BA021000000000C0B90210000000002E
:101B200040B9021000000000C0B802100000000020
:101B300040B8021000000000C0B702100000000012
:101B400040B7021000000000C0B602100000000004
:101B500040B6021000000000C0B5021000000000F6
:101B600040B5021000000000C0B4021000000000E8
:101B700040B4021000000000C0B3021000000000DA
:101B800040B3021000000000000000000000000050
:101B90000084B1D2010040B981010037010040B991
:101BA00002088F52A22FA07221781F12010000B9E3
:101BB000022000B91F0800B91F0C00B9010040B98C
:101BC00021000032010000B9C0035FD60000000010
:101BD000C0031FD6C0035FD6000000000000000055
:101BE000C0035FD6000000000000000000000000FD
:101BF000FF8300D1E10700F9E10740F9210300B4B8
:101C0000E10740F921FC43D3010300B4010C018B2F
:101C1000E20300AA002000915F0000F93F0000EB02
:101C200081FFFF54E00740F900084092E00F00F9FF
:101C3000E00F40F9400100B4E00F40F9000100B4AA
:101C4000000080D21F2003D53F6820380004009197
:101C5000E20F40F95F0000EB88FFFF549F3F03D580
:101C6000FF830091C0035FD6E10300AAEEFFFF17D8
:101C7000FD7BBFA90000009001000090FD030091D2
:101C8000005C46F9215846F9210000CBD9FFFF97A7
:101C9000FD7BC1A80000009001000090006446F99F
:101CA000216046F9210000CBD2FFFF171F2003D58A
:101CB00000A1001000000000004000100000000023
:101CC000203B031000000000802E031000000000E5
:101CD000FD7BBDA90000009001000090FD03009174
:101CE00000B446F9F35301A934B846F9F51300F9E5
:101CF000000014CB1F0000F12D01005415FC43938C
:101D0000130080D21F2003D5807A73F873060091E8
:101D100000003FD6BF0213EB8CFFFF540000009081
:101D20000100009000BC46F934C046F9000014CB15
:101D300015FC43931F0000F1ED000054130080D206
:101D4000807A73F87306009100003FD6BF0213EB50
:101D50008CFFFF54F35341A9F51340F9FD7BC3A851
:101D6000C0035FD61F2003D5802E031000000000A3
:101D7000802E031000000000802E031000000000E1
:101D8000802E031000000000000000000000000092
:101D9000000400D11F0000F1C1FFFF54C0035FD653
:101DA00001000090001F80D2211447F93F0000B9C4
:101DB000004618D5000000900360B0D204000090E7
:101DC000A260B0D2051847F9000080D2610040B986
:101DD000841C47F921080032A60040B9610000B90F
:101DE000A10440B946000CB941040CB91F2003D529
:101DF00001080011827860B821000C910004009164
:101E0000627821B81FF400F141FFFF54FF4F03D562
:101E1000DF3F03D5000580D2210080528060B0F200
:101E2000010000B9C0035FD60441001000000000AB
:101E300038B202100000000040B2021000000000A2
:101E40000160B0D200041C12200000B9C0035FD6AC
:101E500000800011022080D20260B0F22100805286
:101E6000037C05532020C01A407823B8C0035FD6F6
:101E700000800011023080D20260B0F22100805256
:101E8000037C05532020C01A407823B8C0035FD6D6
:101E900000800011038080D20360B0F2E21F805204
:101EA000047C025300041D534220C01A657864B8B4
:101EB0002120C01AA200220A2100022A617824B837
:101EC000C0035FD60000000000000000000000001A
:101ED000E000F837007C409303208CD20360B0F21E
:101EE000E203022A410001AA617820F8C0035FD60C
:101EF00000800011025080D20260B0F221008052B6
:101F0000037C05532020C01A407823B8C0035FD655
:101F100002800011051080D20560B0F2001000129E
:101F2000427C0553230080522400030A210441D33C
:101F3000A70032916320C01AA67862B88420C01A24
:101F40002120C01AC000230A8000002AA07822B8ED
:101F5000E07862B80300230A2100032AE17822B85E
:101F6000C0035FD600000000000000000000000079
:101F7000810080D2040441930160B0F203004093D9
:101F80002504805222C447B80518A47240100012DC
:101F90000000050B00787ED3230000B921100091CA
:101FA000247C0CB93F0000EB81FFFF54C0035FD6D7
:101FB0000002F8370080001103029CD20360B0F2E7
:101FC00021000012047C045342008052000C1F5375
:101FD0004100014B62008052657864B84220C01A0B
:101FE0002020C01AA100220A0000012A607824B82B
:101FF000C0035FD6000000000000000000000000E9
:10200000810480D2400080528160B0F2200000B98B
:1020100020005FB800781E1220001FB820005FB8B3
:10202000A0001036214000D11F2003D5200040B968
:10203000C0FF1737C0035FD600000000000000009B
:10204000022080D221008052A260B0F22120C01A6A
:10205000410000B9C0035FD600000000000000008E
:10206000023080D221008052A260B0F22120C01A3A
:10207000410000B9C0035FD600000000000000006E
:1020800003087E92A260B0D26300028B00041D534D
:10209000E21F80524220C01A640044B92120C01AB5
:1020A0008200220A2100022A610004B9C0035FD61F
:1020B000025080D221008052A260B0F22120C01ACA
:1020C000410000B9C0035FD600000000000000001E
:1020D000041080D200100012A460B0F2230000129D
:1020E00022008052210441D3850040B94220C01A09
:1020F0006320C01AA500220A2120C01A6300052A05
:10210000830000B983804CB96200220A2100022AB0
:1021100081800CB9C0035FD6000000000000000001
:10212000011080D202004093A160B0F200044193FC
:10213000220000B920800CB9C0035FD60000000067
:10214000000180D28060B0F2000440B9C0035FD6C5
:10215000FF4300D100800011005C4092E00700F9CD
:10216000E00740F920C818D5FF430091C0035FD6AF
:10217000FF4300D100800011005C4092E00700F9AD
:10218000E00740F920CC18D5FF430091C0035FD68B
:1021900000C838D5005C0012C0035FD60000000004
:1021A00000CC38D5005C0012C0035FD600000000F0
:1021B000FF4300D10500A8D21F040071A000005405
:1021C0001F080071050082D20004A0D2A510809AD9
:1021D000600040F9FF0F00B9640840F9000002CB2D
:1021E000E70F40B90008C59A8208C59A00707D9330
:1021F0000000018BE603022A5F00076B4D020054CA
:10220000610C40F9E40300AA0020009122004092F2
:1022100061000036620440F9220002AAE10F40B9D1
:10222000820000F921040011E10F00B9610440F9B6
:10223000E20F40B92100058B610400F9DF00026B59
:102240000CFEFF54FF430091C0035FD60000000066
:10225000E80300AAFD7BBCA9E97740B2FD03009129
:10226000000040F9010540F9E00702A9010940F921
:10227000E11B00F9020D40F9E21F00F91F0009EB14
:1022800048040054020000900100018B0A00B8D2FB
:1022900042F442F9E20F00F93F000AEB880A0054C9
:1022A0000A00B0D23F000AEB281400542A0500911E
:1022B0003F000AEB690F0054E10F40F9440100CBE5
:1022C000E3830091020080D240008052E41B00F9B9
:1022D000B8FFFF97E41340F901000090050940F9A9
:1022E00084000ACB21F842F98400058BE2030AAA94
:1022F00040008052EA1300F9E41B00F9ADFFFF979C
:10230000FD7BC4A8C0035FD6EA7B40B21F000AEB86
:10231000E8030054020000900100018B0B00B8D2CA
:1023200042F842F9E20F00F93F000BEB880C005431
:102330004B0500913F000BEB29130054E10F40F9CE
:10234000640100CB2205009140008052E38300919C
:10235000E41B00F997FFFF9701000090E2030BAA2E
:10236000E41340F94000805221FC42F9EB1300F9DC
:10237000050940F984000BCB8400058BE41B00F9B0
:102380008CFFFF97FD7BC4A8C0035FD60900A8128D
:102390001F0009EB28070054020000900100018B88
:1023A0002B05009142FC42F9E20F00F93F000BEBD4
:1023B00009110054E10F40F9640100CB420500917E
:1023C00040008052E3830091E41B00F979FFFF97FE
:1023D00001000090E2030BAAE41340F94000805290
:1023E000210043F9EB1300F9E2FFFF172B050091E1
:1023F000E3830091640100CBE10302AA4000805214
:10240000020080D2E41B00F96AFFFF97EB1300F98A
:1024100001000090E2030BAA40008052EB1B00F980
:1024200021F842F963FFFF97EB1B00F901000090D0
:102430000200B0D240008052E21300F921FC42F9C0
:102440005CFFFF97EA1300F9050140F901000090D5
:10245000040940F9E2030AAA210043F98400058B2C
:1024600084000ACB40008052E41B00F951FFFF9723
:10247000FD7BC4A8C0035FD6E27F40B21F0002EB21
:10248000A80900540100009022050091E383009107
:1024900040008052210043F946FFFF97BAFFFF1723
:1024A000E10F40F9E3830091020080D240008052A6
:1024B00040FFFF97FD7BC4A8C0035FD64C05009189
:1024C000E10302AA840100CBE3830091220500917D
:1024D00040008052E41B00F92905009135FFFF9769
:1024E000EC1300F901000090E2030CAA40008052B6
:1024F000E91B00F921FC42F92EFFFF97EB1300F9CD
:10250000050140F901000090040940F9E2030BAA1B
:10251000210043F98400058B84000BCB40008052DE
:10252000E41B00F923FFFF9797FFFF17E10F40F926
:102530002B050091640100CBE3830091020080D25F
:1025400040008052E41B00F91AFFFF97EB1300F9DB
:1025500001000090E2030BAA40008052EB1B00F93F
:1025600021F842F913FFFF97EA1300F9050140F93A
:1025700001000090040940F9E2030AAA21FC42F993
:102580008400058B84000BCB40008052E41B00F9D3
:1025900008FFFF97FD7BC4A8C0035FD6E10F40F999
:1025A00022050091E38300914000805201FFFF97D4
:1025B00075FFFF170100009042040091E383009132
:1025C00020008052210443F9FAFEFF976EFFFF17A7
:1025D000E10F40F942050091E383009140008052F1
:1025E000F4FEFF9768FFFF17009000100000000046
:1025F00000800010000000000070001000000000CB
:10260000006000100000000020A00010000000008A
:10261000FD7BBFA900000090FD030091005443F929
:102620000100003201201ED505000090040000903A
:10263000030000900200009001000090AD6843F993
:10264000845843F9AE011891635C43F9840440B2A5
:10265000426043F9630440B2216443F9420440B24A
:10266000040C00A9210440B2020401A91F2003D5D3
:10267000E0030DAAAD810091F6FEFF97DF010DEB9F
:1026800081FFFF54E09F88D20080A0F20081C1F258
:1026900000A21ED5A0A386D22010B0F240201ED5E5
:1026A000FD7BC1A8C0035FD600A0001000000000A1
:1026B00000900010000000000080001000000000EA
:1026C000007000100000000000600010000000001A
:1026D0005039001000000000000000000000000061
:1026E000FD7BBFA960008052FD0300914102009470
:1026F000012080D20240A0522125B0F26000805219
:10270000220000B9220400B9220800B9220C00B945
:10271000221000B9221400B9220010B9220410B905
:10272000220810B9220C10B9221010B9221410B9C5
:10273000221810B9FD7BC1A8DE01001400000000C2
:1027400000103ED59F3F03D5000074B200101ED587
:10275000DF3F03D5C0035FD600000000000000008B
:1027600000103ED59F3F03D500007EB200101ED55D
:10277000DF3F03D5C0035FD600000000000000006B
:1027800000103ED59F3F03D5000040B200101ED57B
:10279000DF3F03D5C0035FD600000000000000004B
:1027A0009F3F03D51F7508D5BF3F03D52B0039D5F3
:1027B0006A6958D38A0500B44AF97FD3050080D2EC
:1027C00009008052EC03805205000014A508009116
:1027D000290D00115F0105EB200400546025C99A02
:1027E0001F047FF240FFFF5405001AD59F3F03D519
:1027F000040039D5863043D388084092DF0000F1C9
:10280000C310C05A63108C1A08110011846C4DD388
:10281000C720C39AE70005AA8220C89AE00002AA4E
:10282000407608D5260200B4420005AAE00306AAB5
:10283000000400D10120C39A210002AA417608D5E4
:1028400080FFFFB544FCFFB4840400D18220C89A05
:10285000400007AA407608D5F4FFFF179F3F03D535
:10286000DF3F03D5C0035FD624FBFFB4840400D14F
:10287000EAFFFF1700000000000000000000000059
:102880000125B0D20200009000C08852210440B956
:102890006078A472425444F9212048D30020C11A20
:1028A000400000B9C0035FD60041001000000000E6
:1028B000FD7BBDA920008052FD030091B101009471
:1028C000034088D201008CD22305B0F222A094529A
:1028D0002125B0F2600040B90000022A600000B972
:1028E000200040B90000022A200000B9BF3F03D5F4
:1028F0008204B0D20125B0D224008052E001A0525F
:10290000449C01B9220440B9200400B9200440B914
:10291000200440B9200440B9200440B9200440B943
:10292000200440B9200440B9200440B90005B0D2C9
:10293000C2C080524200A072020000B9020040B939
:10294000020040B9020040B9020040B9020040B99B
:10295000020040B9020040B9020040B9E2FDBF12D6
:10296000020800B9020840B9020840B9020840B99B
:10297000020840B9020840B9020840B9020840B94B
:10298000020840B902C0BF12020C00B9020C40B9E3
:10299000020C40B9020C40B9020C40B9020C40B91B
:1029A000020C40B9020C40B9000C40B9050000907F
:1029B000230440B902C0885200889352A5D846F932
:1029C000632048D36278A4724220C31AA20000B9DF
:1029D000247000B91F2003D51F2003D50004005127
:1029E000003C0072A1FFFF540225B0D2402040916C
:1029F000E307805221008052438000B9E203012A9C
:102A000001100079E17F805201180079440B801297
:102A10004101805223008012E11700B91000001418
:102A20000440003902000039030000390200003977
:102A300001004039211C00123F0400716000005465
:102A400001504039211C0012E11740B92104005106
:102A5000E11700B901504039A1000036E11740B933
:102A600001FEFF35FD7BC3A8DA000014000490D2FC
:102A7000210080520025B0F2E37F8052E203012A58
:102A8000440B801201100079410180520318007933
:102A900023008012E11B00B910000014044000392B
:102AA00002000039030000390200003901004039FA
:102AB000211C00123F040071600000540150403995
:102AC000211C0012E11B40B921040051E11B00B997
:102AD00001504039A1000036E11B40B901FEFF352D
:102AE000FD7BC3A8BB000014000890D221008052D7
:102AF0000025B0F2E37F8052E203012A440B8012EA
:102B000001100079410180520318007923008012DE
:102B1000E11F00B910000014044000390200003920
:102B2000030000390200003901004039211C001265
:102B30003F0400716000005401504039211C001214
:102B4000E11F40B921040051E11F00B90150403993
:102B5000A1000036E11F40B901FEFF35FD7BC3A88F
:102B60009C000014000C90D2210080520025B0F28D
:102B7000E37F8052E203012A440B801201100079A6
:102B8000410180520318007923008012E12300B92B
:102B9000100000140440003902000039030000391D
:102BA0000200003901004039211C00123F0400716D
:102BB0006000005401504039211C0012E12340B94B
:102BC00021040051E12300B9015040398100003651
:102BD000E12340B901FEFF35A3FFFF17001090D29B
:102BE000210080520025B0F2E37F8052E203012AE7
:102BF000440B8012011000794101805203180079C2
:102C000023008012E12700B91000001404400039AD
:102C10000200003903000039020000390100403988
:102C2000211C00123F040071600000540150403923
:102C3000211C0012E12740B921040051E12700B90D
:102C40000150403981000036E12740B901FEFF35CF
:102C500085FFFF17001490D2210080520025B0F2AA
:102C6000E37F8052E203012A440B801201100079B5
:102C7000410180520318007923008012E12B00B932
:102C8000100000140440003902000039030000392C
:102C90000200003901004039211C00123F0400717C
:102CA0006000005401504039211C0012E12B40B952
:102CB00021040051E12B00B9015040398100003658
:102CC000E12B40B901FEFF3567FFFF17001890D2D6
:102CD000210080520025B0F2E37F8052E203012AF6
:102CE000440B8012011000794101805203180079D1
:102CF00023008012E12F00B91000001404400039B5
:102D00000200003903000039020000390100403997
:102D1000211C00123F040071600000540150403932
:102D2000211C0012E12F40B921040051E12F00B90C
:102D30000150403981000036E12F40B901FEFF35D6
:102D400049FFFF178004B0D2019C41B981000035D2
:102D50001F2003D5019C41B9C1FFFF34044088D234
:102D6000C35F8B522405B0F201008CD202A09452B2
:102D70002125B0F2800040B90000030A0000022AB9
:102D8000800000B9200040B90000030A0000022AB8
:102D9000200000B9BF3F03D58004B0D2210080528B
:102DA000019C01B9FD7BC3A8C0035FD61F2003D5DA
:102DB00000410010000000000000000000000000C2
:102DC00000000014000000000000000000000000EF
:102DD000C0035FD6000000000000000000000000FB
:102DE000C00000B4E10300AA2280A052000080527B
:102DF000220000B9C0035FD6FD7BBFA9FD0300918F
:102E0000F4FFFF9720008052FD7BC1A8C0035FD66E
:102E10000200009026EB8252E636BA72007C011B5B
:102E2000424C47F9047D805201409952E37F40B201
:102E30004173A772057CA49B420040B9427CA69BCB
:102E400042FC6DD32108C21ABF0003EB08010054F5
:102E500002D092520213A072007CA29B0008C19A79
:102E6000007C015360010034CAFBFF1721781F5317
:102E700002E284520008C11A007C021B007CA49B61
:102E80001F0003EB09FFFF5400008012C1FBFF1776
:102E9000C0035FD61F2003D50041001000000000D2
:102EA000C0FBFF1700000000000000000000000051
:102EB000034638D5010080D2014618D58104B0D22E
:102EC000229C41B9820000351F2003D5229C41B9C4
:102ED000C2FFFF3401000090E003002A21B847F947
:102EE000227860785F3C0072C000005422786078DD
:102EF000423C001242040051423C001222782078E9
:102F0000217860783F3C007261020054010000901B
:102F1000054088D22505B0F204A0945226BC47F99A
:102F200002008CD2A10040B92225B0F2C0786078AE
:102F30002100042AE003202A003C00122100000A9C
:102F4000A10000B9410040B92100042A2000000A74
:102F5000400000B9BF3F03D58004B0D221008052A9
:102F6000019C01B9034618D5C0035FD61F2003D5C5
:102F7000705C001000000000503F001000000000D6
:102F8000034088D204008CD2003C00120100801261
:102F90002305B0F22425B0F28504B0D21F2003D55A
:102FA000620040B95F00006AE1000054820040B94D
:102FB0005F00006A81000054A29C41B942000034C5
:102FC000C0035FD621040071C1FEFF548004B0D25B
:102FD000019C41B961FFFF351F2003D5019C41B918
:102FE000C1FFFF34C0035FD60000000000000000F6
:102FF000FD7BBFA9FD030091084638D5010080D2B2
:10300000014618D501000090E603002A276C40F91C
:10301000E07866781F3C0072400500548004B0D20E
:10302000019C41B901040034E07866781F3C0072CD
:103030002102005400000090044088D22405B0F220
:1030400002008CD2007040F903A09452810040B974
:103050002225B0F2007866782100002A2100032A98
:10306000810000B9410040B90000012A0000032A94
:10307000400000B9E0786678003C001200040011BE
:10308000003C0012E0782678BF3F03D58004B0D220
:1030900021008052019C01B9084618D5FD7BC1A8CA
:1030A000C0035FD61F2003D5019C41B9E1FBFF356A
:1030B0001F2003D5019C41B961FFFF34DBFFFF17DF
:1030C00000000090007040F900786678ADFFFF972F
:1030D000D6FFFF171F2003D5705C00100000000012
:1030E000503F001000000000000000000000000041
:1030F00002000090E103002A42C040F9400040F97C
:10310000400100B403000090210C001121747E9254
:1031100063C440F90100018B3F0003EBA801005498
:10312000410000F9C0035FD600000090030000904A
:10313000210C001100BC40F921747E9263C440F957
:103140000100018B400000F93F0003EBA9FEFF5492
:10315000FD7BBFA9FD030091E2450094E10300AAB5
:103160008201805200008092220000B9FD7BC1A83C
:10317000C0035FD61F2003D5203B031000000000D2
:10318000785C00100000000020BB0310000000006D
:10319000000080528104B0D2230080521F2003D54A
:1031A000222040B96420C01A4224C01AE20000372D
:1031B000222040B98400022A242000B9BF3F03D551
:1031C000E203002A237822B822A041B96420C01A61
:1031D0004224C01A0201003722A041B98400022A09
:1031E00024A001B9BF3F03D5E203002A4280019128
:1031F000237822B8000400111F20007121FDFF5424
:10320000C0035FD6000000000000000000000000C6
:10321000067C1053054080D22525B0F2043C48D3EB
:1032200022008052031C0012A77866B84420C41AFA
:103230004120C01AA208068BE400240AA47826B80C
:10324000A47866B82400040A8024C01AC0000034A0
:103250001F2003D5400040B90000010A0024C31A12
:1032600080FFFF35C0035FD60000000000000000B3
:10327000FF4300D1FF3F0039E03F4039001C0012FE
:103280001F20007168040054000000900A20825240
:103290000A01A072068C41F9E13F4039E03F403914
:1032A000C310218B241C7CD34001200B6534403992
:1032B000004C1453C86864B869144039641040392C
:1032C000A50001536130403967384039630840B97F
:1032D0002205042A080800B9A178012A020C00B9C5
:1032E0002100072A011001B9031401B9E03F403958
:1032F000001C001200040011001C0012E03F003905
:10330000E03F4039001C00121F20007169FCFF548F
:10331000FF430091C0035FD6583F0010000000003B
:10332000420040B9261C0012273C48D349001D1218
:10333000453C4AD33F141E7281030054040C278B72
:10334000C8701D53E31F8052E103072A6320C81A87
:103350008A004AB9A520C81A4301230A6300052A36
:1033600083000AB9A9030034870046B9452444D331
:10337000E30780526320C81AE300230AA520C81A75
:103380006300052A830006B90000018B410C43D37A
:103390002120C61A020050392100022A211C0012E5
:1033A00001001039C0035FD6080C278BC3100051F1
:1033B000E41F8052E103072A63701D530A054AB9CE
:1033C0008420C31A4401240AA520C31A8400052AB4
:1033D00004050AB9090400350300018B2A00805254
:1033E0004421C61A841C0012E503242A48041F1233
:1033F00069005039A51C0012A900090A690010399A
:103400001F090071A0030054430841D37F040071D9
:10341000A9FCFF54A204003702486738A500020A3D
:10342000054827380104018BC0781F536200805281
:103430004220C01A240044796320C01A803C001244
:103440000000220A0000032A003C00122000047938
:10345000C0035FD6070546B9452444D3E40780522C
:103460008420C31AE400240AA320C31A8300032A79
:10347000030506B9C5FFFF170104018BC6781F536A
:10348000600080520020C61A220044794A21C61AE0
:10349000423C00124000200A00000A2A003C0012B0
:1034A00020000479C0035FD602486738421C00122E
:1034B0008400022A04482738DBFFFF1700000000C1
:1034C000E20301AA051C0012E103002A400040B9F2
:1034D000233C48D3E00580367F30007169040054F6
:1034E00008001D12023C4AD33F141E7240060054CD
:1034F0008605B0D2A4100051C60C238BE11F805268
:1035000084701D53E703032AC9044AB92120C41A51
:103510004220C41A2101210A2100022AC1040AB949
:1035200048070034C30446B9022444D3E10780525B
:103530002120C41A6100210A4220C41A2100022A53
:10354000C10406B9018080D2000C43D38105B0F2DA
:103550000020C51A226867380000022A001C0012E9
:1035600020682738C0035FD68425B0D2200080525F
:103570008400238B0320C51A6005B0D28500703902
:103580006300052A631C00128300303965FFFF17B2
:103590008025B0D2240080520300238B8420C51ADA
:1035A00065007039A51C0012A400240A640030399B
:1035B0005CFFFF178405B0D2A6701D53840C238BCB
:1035C000E11F80522120C61AE703032A4220C61AAF
:1035D00089004AB92101210A2100022A81000AB981
:1035E00048010034830046B9022444D3E1078052E5
:1035F0002120C61A6100210A4220C61A2100022A8F
:10360000810006B9D0FFFF178405B0D28A00078B6E
:103610002900805206041F122121C51A211C001204
:1036200048015039E203212A421C00124800080ACE
:1036300048011039DF080071C0020054060841D368
:10364000DF04007109F9FF54C00300368048633875
:10365000001C00122100002A814823388005B0D2C6
:10366000A5781F530704078B600080520020C51AFD
:10367000C620C51AE1004479213C00122000200A2E
:103680000000062A003C0012E0000479C0035FD667
:103690008404078BA5781F53600080520020C51A50
:1036A000810044792921C51A213C00122000200AFA
:1036B0000000092A003C001280000479C0035FD694
:1036C000804863384200000A82482338E4FFFF172D
:1036D000FD7BBEA9FD030091601000B4F30B00F95F
:1036E000F30301AAE10F00B4E20300AA200440F9A9
:1036F000400F00B4410040B9804A8A52E009AA72E2
:103700003F00006B800F0054400000B94000805221
:10371000530800F937FEFF976C0240792C01003402
:103720006B0640F96C4D2C8B600540B9E1030BAA88
:103730006B21009163FFFF977F010CEB61FFFF544A
:1037400040008052DBFDFF97730A40F94000805231
:1037500028FEFF9767C20091060080D203008052C6
:103760008805B0D200C1268BE2104079E403062A16
:10377000411C001200307839427C085300001912B5
:103780005F3800712009005405001C325F78007119
:10379000A21C00124000801AE20440B92000002A56
:1037A000001C00125F040071E0060054E10C40B9F7
:1037B0000114012A211C0012E04441B802C1248BEB
:1037C000C60400911F0400710020C41A6000002A82
:1037D000001C0012413038390300831ADF1000F159
:1037E00021FCFF5464420091E60313AA050080D235
:1037F0000A0080528805B0D2CC0040390B01058BFD
:1038000082304039A97C4093870040B90001098B80
:1038100042000C2A421C001262013839FF04007178
:10382000010200546B09783929010E91820840B9D0
:103830000C1180526B010C0A811040390909098B67
:10384000E720C51A6209022A4701072A421C001212
:10385000EA1C00122100022A823440392211003968
:10386000C20440B984400091C62000912110022A70
:10387000211C001201083839C50100B5250080D28D
:10388000DEFFFF17E11040B94220C41A0541783924
:103890000114012A4200052A421C0012211C0012B8
:1038A00002413839C5FFFF1700001D32BBFFFF176B
:1038B0004A151E53400080524311032A631C001214
:1038C000034538397BFDFF97F30B40F90000805228
:1038D000FD7BC2A8C0035FD620004079C0F0FF3452
:1038E000F30B40F93BFDFF9720008052FD7BC2A8FF
:1038F000C0035FD637FDFF97F30B40F9C00180523C
:10390000F4FFFF17000000000000000000000000AE
:103910001F08007140000054C0035FD600000090F3
:10392000019C44F9200840F980FFFFB4000000909A
:1039300000A044F967FFFF17009702100000000085
:08394000F03703100000000045
:10394800010000000000000000000000000000006E
:10395800000000000000000000000010000000004F
:10396800400400000000600000000010000000009B
:10397800000000100000000000002000000000000F
:1039880041040000000000000000201000000000BA
:1039980000000010000000000000200000000000EF
:1039A8004504000000000000000040100000000076
:1039B80000004010000000000000C00F00000000E0
:1039C800400400000000600000000020000000002B
:1039D800000000200000000000002001000000009E
:1039E8004506000000000000000020210000000043
:1039F80000002021000000000000E00E0000000090
:103A080040040000000060000000003000000000DA
:103A18000000004000000000000000080000000056
:103A2800450400000000000000000038000000000D
:103A3800000000480000000000000008000000002E
:103A480045040000000000000000004000000000E5
:103A58000000004000000000000000080000000016
:103A680041040000000000000000004800000000C1
:103A780000000048000000000000000800000000EE
:103A88004104000000000000000000500000000099
:103A980000000050000000000000000800000000C6
:103AA8004104000000000000000000580000000071
:103AB800000000580000000000000008000000009E
:103AC8004104000000000000000000600000000049
:103AD8000000005000000000000000080000000086
:103AE800450400000000000000000068000000001D
:103AF800000000580000000000000008000000005E
:103B080045040000000000000000007000000000F4
:103B18000000007000000000000000040000000029
:103B280041040000000000000000007400000000D4
:103B38000000007400000000000000040000000005
:103B480041040000000000000000007800000000B0
:103B580000000078000000000000000400000000E1
:103B680041040000000000000000007C000000008C
:103B78000000007C000000000000000400000000BD
:103B88004104000000000000000000800000000068
:103B9800000000800000000000000001000000009C
:103BA8004D060000000060000000008100000000D9
:103BB800000000810000000000000001000000007B
:103BC8004D060000000060000000008200000000B8
:103BD800000000820000000000000001000000005A
:103BE80040040000000060000000008300000000A6
:103BF800000000830000000000002000000000001A
:103C0800490600000000600000002083000000005A
:103C180000002083000000000000E0000000000019
:103C28004004000000006000000000840000000064
:103C38000000007000000000000000040000000008
:103C4800450400000000000000000088000000009B
:103C580000000088000000000000000200000000D2
:103C68004D060000000060000000008A000000000F
:103C78000000008A000000000000000200000000B0
:103C880040040000000060000000008C00000000FC
:103C98000000008C0000000000000001000000008F
:103CA80049060000000060000000008D00000000D0
:103CB8000000008D0000000000000003000000006C
:103CC80040040000000060000000009000000000B8
:103CD800000000900000000000004000000000000C
:103CE8004D0400000000600000004090000000004B
:103CF80000004090000000000000C001000000002B
:103D08004004000000006000000000920000000075
:103D18000000009200000000000000010000000008
:103D28004D04000000006000000000930000000047
:103D380000000093000000000000000100000000E7
:103D48004004000000006000000000940000000033
:103D580000000074000000000000000400000000E3
:103D6800450400000000000000000098000000006A
:103D780000000078000000000000000400000000BF
:103D880045040000000000000000009C0000000046
:103D98000000007C0000000000000004000000009B
:103DA8004504000000000000000000A00000000022
:103DB800000000A00000000000000010000000004B
:103DC8004504000000000000000000B000000000F2
:103DD800000000B00000000000000010000000001B
:103DE8004504000000000000000000C000000000C2
:103DF800000000C0000000000000004000000000BB
:103E08004504000000000000000000000100000060
:103E18000000000001000000000000000100000098
:103E280040040000000060000000000002000000E4
:103E38000000000002000000000000000200000076
:103E48004104000000000000000000000400000021
:103E58000000000004000000000000000200000054
:103E680041040000000000000000000006000000FF
:103E78000000000006000000000000000200000032
:103E880041040000000000000000000000000000E5
:103E9800000000000000000000000000000000001A
:103EA8004004000000006000000000000000000066
:103EB80000000000000000000000000000000000FA
:103EC8004004000000006000000000000000000046
:103ED80000000000000000000000000000000000DA
:103EE8004004000000006000000000000000000026
:103EF80000000000000000000000000000000000BA
:103F08004004000000006000000000000000000005
:103F18000000000000000000000000000000000099
:103F280040040000000060000000000000000000E5
:103F38000000000000000000000000000000000079
:103F480040040000000060000100020004000800B6
:103F580003000000000000000F000F000101030033
:103F680001000000000000000F000F000101010027
:103F780003000000000000000F000F000101030013
:103F880001000000000000000F000F000101010007
:103F980001000000000000000F000F0001010100F7
:103FA8000F000000000000000F000F0001010F00CB
:103FB80001000000000000000F000F0001010100D7
:103FC80003000000000000000F000F0001010300C3
:103FD80003000000000000000F000F0001010300B3
:020000041001E9
:10000000FD7BBDA90100009000000090FD03009160
:10001000F35301A934A040F9019C40F98002403912
:100020003F0000396004003701000090000000909C
:10003000F51300F921A440F915A840F9E00315AA29
:10004000300A0094F303002AC00300350100009039
:10005000E00315AA21B440F912090094F303002A21
:1000600020050035E00315AA5A080094F303002A7E
:10007000C0030035A00640F9001440B98005F837E8
:100080007CC7FF970000009000C040F9AD100094BD
:10009000F51340F92000805280020039130080528D
:1000A000E003132AF35341A9FD7BC3A8C0035FD625
:1000B0000000009000C440F9A2100094F8FFFF1760
:1000C000010000900000009021AC40F900B040F920
:1000D00040100094F51340F9E003132AF35341A9AB
:1000E000FD7BC3A8C0035FD6010000900000009014
:1000F00021BC40F900B040F936100094F51340F9E6
:10010000E8FFFF17010000900000009021B840F9BF
:1001100000B040F92F100094F51340F9E003132AC2
:10012000F35341A9FD7BC3A8C0035FD6CDC7FF979A
:10013000D5FFFF171F2003D58D2E031000000000F0
:10014000902E0310000000008096021000000000B6
:100150006038031000000000688B021000000000EF
:10016000888B021000000000409602100000000082
:10017000A08B021000000000C88B021000000000DD
:10018000F08B021000000000088C0210000000003C
:10019000FD7BBCA9FD030091FF1B00F9E0C30091AA
:1001A000F35301A9FF7303F86A020094E0C30091BE
:1001B000C4120094F30300AAE0C30091BD0B0094A5
:1001C000930200B41F040071800400541F080071E2
:1001D000A102005400000090007841F9000440B9E9
:1001E000A000003400000090147C41F980024039E6
:1001F0000004003700000090009441F95110009471
:1002000000000090009841F94E1000941F2003D583
:1002100013008052E003132AF35341A9FD7BC4A8C5
:10022000C0035FD600000090009C41F94510009487
:100230000000009000A041F94210009400000090DE
:1002400000A441F93F1000940000009000A841F97B
:100250003C100094EFFFFF176AFFFF97F303002A9B
:10026000E003132AF35341A9FD7BC4A8C0035FD662
:1002700000000090F51300F9158041F9E00315AA7C
:100280004C080094F303002A600100350000009040
:10029000008C41F92B1000949F020039E00315AA4D
:1002A0001C090094F303002A40010035F51340F9BE
:1002B000D4FFFF170100009000000090218441F955
:1002C000008841F9C30F0094F51340F9D2FFFF17DE
:1002D0000100009000000090219041F9008841F950
:1002E000BC0F0094F51340F9CBFFFF171F2003D577
:1002F0008096021000000000902E03100000000005
:100300006038031000000000288C0210000000007C
:10031000888B021000000000508C021000000000CA
:10032000688C021000000000888C021000000000A1
:10033000F08C021000000000388D02100000000058
:10034000508D021000000000708D021000000000AF
:10035000A88D021000000000000000000000000056
:10036000FD7BBCA90200009000000090FD030091FD
:10037000F35301A90100805214D442F9F55B02A99C
:1003800056D042F9E00314AAE20316AA5D070094CE
:10039000F303002A40080035C102407DC0CC8C52D6
:1003A000C0FCA7720200271E0030A7520000271EC3
:1003B00021D8215E03000090020000900000009010
:1003C00063E042F9F71B00F92108221E010880D2E0
:1003D00042E442F915E842F92108201EE00315AA7B
:1003E00020C0221E610000BDFA0F009400000090A2
:1003F000C102407900EC42F9760F009400000090B1
:10040000E10315AA00F042F9720F00940000009079
:1004100017F442F9E00640B9A00000340000009053
:1004200000F842F900004039000A0036010000904F
:10043000E00314AA21FC42F93F000039DD070094D3
:10044000F503002A00040035E00314AAB108009463
:10045000F403002A4005003501000090E00640B991
:1004600021F842F9210040394100003600060034ED
:100470001F080071E006005400000090001443F9CA
:10048000B00F0094F55B42A9E003132AF35341A98E
:10049000F71B40F9FD7BC4A8C0035FD601000090A4
:1004A0000000009021D842F900DC42F9490F009485
:1004B000F55B42A9E003132AF35341A9FD7BC4A8CD
:1004C000C0035FD60100009000000090210043F9B6
:1004D00000DC42F93F0F009400000090E103152A70
:1004E000000443F93B0F0094000020D4E00314AA59
:1004F00088080094F403002A00FBFF3401000090F8
:1005000000000090F303142A210843F900DC42F9AB
:10051000300F0094F55B42A9E003132AF35341A97D
:10052000F71B40F9FD7BC4A8C0035FD6C002407929
:100530001F601371E90200541F7C3071E9F9FF5408
:1005400000000090001043F97E0F0094CBFFFF17CE
:10055000C00240791F601371C90100541F7C3071C3
:1005600008FFFF54A7FEFF970148885220008052E1
:10057000E101A07227CAFF97F55B42A9E003132AA5
:10058000F35341A9F71B40F9FD7BC4A8C0035FD614
:1005900000000090000C43F96A0F0094B7FFFF17AA
:1005A0008E2E0310000000006038031000000000D1
:1005B000B88D021000000000888B021000000000BF
:1005C000802E031000000000D88D021000000000F3
:1005D000882E031000000000E08D021000000000D3
:1005E000088E02100000000080960210000000003B
:1005F0008D2E031000000000902E0310000000005C
:10060000288C021000000000288E0210000000005C
:10061000688C021000000000488E021000000000EC
:10062000788E021000000000A88E0210000000006A
:10063000FD7BBFA900000090FD030091003443F949
:100640003408009460000035FD7BC1A8C0035FD66C
:10065000FD7BC1A80100009000000090213843F903
:10066000003C43F9DB0E001460380310000000006A
:10067000F08E021000000000888B021000000000C5
:10068000000440B91F2C007140000054C0035FD625
:1006900000000090030000900100009022008052B2
:1006A000006C43F9636843F900004039216443F961
:1006B00000040051607860B8220000394000F8372B
:1006C000ECC5FF1767C6FF178D2E03100000000052
:1006D0001041001000000000084100100000000060
:1006E000FD7BBCA9FD030091E0E30091F35301A958
:1006F000F51300F9FF3B00B9BAC9FF97010000905C
:1007000000000090E4E7403921E843F9E3EB403989
:10071000E2EF403900EC43F9AE0E00940000009087
:1007200000F043F9070F00940000009000F443F933
:10073000040F00940000009000F843F9010F0094AA
:100740000000009000FC43F9FE0E009400000090B1
:10075000000044F9FB0E009401000090000000909E
:10076000350444F9140844F90300001480024039A8
:10077000C00100371B010094A0FFFF3485FEFF97E6
:10078000F303002A40FFFF34AAFFFF97E103132A77
:10079000E00315AA8F0E0094000020D48002403997
:1007A000A0FE07361F2003D5EEFEFF97F303002AB5
:1007B00020FEFF349FFFFF97E103132AE00315AAF1
:1007C000840E0094000020D4EBFFFF171F2003D5F8
:1007D000188F021000000000208F0210000000009F
:1007E000F890021000000000388D02100000000098
:1007F000508D021000000000708D021000000000FB
:10080000A88D021000000000288E021000000000D9
:10081000902E031000000000000000000000000007
:10082000FD7BBCA90000009001000090FD03009139
:10083000F35301A9137044F9F55B02A9600240B9B2
:10084000F71B00F90003003400000090377444F9EE
:10085000167C44F900000090008044F9150840F926
:10086000140440A9A20240F9E00314AA40003FD6B4
:10087000A30640F9F303002AE10240B9E00314AAF9
:1008800002008052C142218B60003FD6F55B42A935
:10089000E003132AF35341A9F71B40F9FD7BC4A8D9
:1008A000C0035FD60000009003000090377444F945
:1008B000028080D2007844F901008052767C44F9AD
:1008C000FF0200B91F0000B9E00316AAAD100094A2
:1008D00020008052600200B9DFFFFF171F2003D500
:1008E000AC36031000000000A43603100000000026
:1008F000A036031000000000A0320310000000002A
:1009000090950210000000000000000000000000B0
:10091000FD7BBEA902000090FD030091F35301A9E5
:10092000F40300AAF303012A40EC44F9000040B9A3
:10093000C0040034F3040034020000900100009071
:10094000000000902700805248F044F9E30314AA05
:1009500022F444F98542338B06F844F9E700144B3E
:10096000010140B91F2003D5400040B91F00016BB1
:10097000C0FFFF54C4486138210400113F001071CA
:1009800064000039E000030B21309F1A63040091DA
:100990009F280071A00000549F340071E0000054B3
:1009A0007F0005EB21FEFF54010100B9F35341A97B
:1009B000FD7BC2A8C0035FD6C44861389F28007180
:1009C00000FFFF54F9FFFF1796FFFF97DAFFFF17AD
:1009D00000008052F6FFFF17AC3603100000000045
:1009E000A036031000000000A43603100000000031
:1009F000A032031000000000000000000000000012
:100A0000FD7BBEA902000090FD030091F35301A9F4
:100A1000F30300AAF403012A403845F9000040B965
:100A2000200200340000009003000090E10313AAAC
:100A3000E203142A004045F9733C45F9030840F9E4
:100A4000000040F97F0200B9630840F960003FD61A
:100A5000610240B9E1FFFF34F35341A9FD7BC2A815
:100A6000C0035FD66FFFFF97EFFFFF171F2003D56F
:100A7000AC36031000000000A83603100000000090
:100A8000909502100000000000000000000000002F
:100A9000FD7BBEA901000090FD030091F30B00F95E
:100AA000F30300AA209445F9000040B9A0030034E4
:100AB000330300B4600640B9A0000836010000907E
:100AC00022008052219845F9220000B940021036D8
:100AD0000000009001000090640A40B9009C45F9B4
:100AE00022A045F9030040B9010040B94448233829
:100AF0003FFC0F7188000054010040B9210400112F
:100B0000010000B9010040B93FFC0F7149000054D9
:100B10001F0000B9F30B40F9FD7BC2A8C0035FD6EC
:100B200040FFFF97E3FFFF17AC3603100000000003
:100B3000A836031000000000A436031000000000D7
:100B4000A0320310000000000000000000000000C0
:100B5000FD7BBEA901000090FD030091F35301A9A4
:100B6000F30300AA20E045F9000040B94002003438
:100B700000000090E10313AA14E445F9E00314AA6D
:100B8000F40D009400000090E20313AAE10314AAFC
:100B900000E845F9630E009400000090F35341A96A
:100BA00000EC45F9FD7BC2A8000040F9000440F9C3
:100BB0008C0C00141BFFFF97EEFFFF171F2003D5BF
:100BC000AC36031000000000389202100000000054
:100BD000A02E031000000000588802100000000042
:100BE00000000090002446F9000040B940010034A4
:100BF0000000009001000090002846F9212C46F9E1
:100C0000000040B9210040B93F00006BE0079F1A87
:100C1000C0035FD6FD7BBFA9FD03009101FFFF97D5
:100C20000000009001000090FD7BC1A8002846F95B
:100C3000212C46F9000040B9210040B93F00006B6B
:100C4000E0079F1AC0035FD6AC3603100000000017
:100C5000A436031000000000A036031000000000BE
:100C6000FD7BBCA903000090FD030091639046F951
:100C7000F35301A9F403002AF30302AA600040F928
:100C8000600000B4022440F9020300B49F4E0071DA
:100C90006803005400000090947E7C93F51300F9E3
:100CA000009446F91500148B006874B81F040031D5
:100CB00040020054E00301AAE103132A15FFFF9745
:100CC0001F04003160020054A10E40B96002004BC5
:100CD0002100000BA10E00B9F51340F9F35341A90F
:100CE000FD7BC4A8C0035FD6E11F00F9ED0C0094A2
:100CF000E11F40F9E6FFFF17F51340F9F90E0094E4
:100D000021018052010000B900008012F4FFFF179A
:100D1000F51340F900008012F1FFFF171F2003D5E3
:100D20005888021000000000B036031000000000D8
:100D3000FD7BBDA903000090FD03009163FC46F913
:100D4000F35301A9137C4093F40301AA600040F916
:100D5000F51300F9F503022A600000B4012440F9FC
:100D6000A10300B47F4E0071C8030054000000903E
:100D7000617E7C93000047F90200018B016861B835
:100D80003F040031E0020054BF0A0071A801005482
:100D9000BF060071000100541310138BE00314AA66
:100DA000740E00B9F35341A9F51340F9FD7BC3A8B4
:100DB000C0035FD6410C80B9940201ABE5FEFF543D
:100DC000C80E0094C1028052010000B90000809258
:100DD000F5FFFF17B30C00947F4E007189FCFF54A0
:100DE000C00E009421018052010000B900008092E1
:100DF000EDFFFF171F2003D55888021000000000E8
:100E0000B0360310000000000000000000000000E9
:100E1000FD7BBCA903000090FD030091637C47F9B2
:100E2000F35301A9F303002AF40302AA600040F976
:100E3000600000B4022440F9420300B47F4E007108
:100E4000A804005400000090737E7C93F51300F911
:100E5000008047F91500138B006873B81F04003138
:100E600080030054E00301AAE103142AE5FEFF9782
:100E7000E103002AA003F837A20E40B98002004B1C
:100E80004200000BA20E00B99F02016B200100542A
:100E9000F51340F9F35341A9FD7BC4A8C0035FD605
:100EA000E11F00F97F0C0094E11F40F9E4FFFF17F8
:100EB0008C0E0094E10300AAF51340F90000805263
:100EC0003F0000B9F35341A9FD7BC4A8C0035FD61E
:100ED000F51340F9830E009421018052010000B9FE
:100EE00000008012ECFFFF17F51340F9000080129C
:100EF000E9FFFF171F2003D55888021000000000EB
:100F0000B0360310000000000000000000000000E8
:100F1000FD7BBEA901000090FD030091F30B00F9D9
:100F2000F303002A20CC47F9000040F9600000B428
:100F3000012440F9E10100B47F4E00712802005401
:100F400000000090737E7C9301D047F9206873B84D
:100F50001F04003160010054020080120000805222
:100F6000226833B8F30B40F9FD7BC2A8C0035FD6FB
:100F70004C0C00947F4E007149FEFF541F2003D596
:100F8000580E0094E10300AA220180520000801252
:100F9000220000B9F4FFFF1758880210000000007B
:100FA000B036031000000000000000000000000048
:100FB0000004004F03008452028080D2000080525F
:100FC0003F3000F9200000AD200002AD230400B93D
:100FD000200001AD222400F9C0035FD6000000000C
:100FE000FD7BBEA9010000B0FD030091F30B00F9E9
:100FF000F303002A203040F9000040F9600000B4FB
:10100000012440F9C10100B47F4E0071E801005491
:1010100001000090607E7C93213440F9206860B824
:101020001F040031200100547F060071E0879F1AE1
:10103000F30B40F9FD7BC2A8C0035FD6190C0094E6
:101040007F4E007169FEFF54260E0094E10300AA52
:101050002201805200008052220000B9F5FFFF17E4
:101060005888021000000000B03603100000000095
:10107000FD7BBFA9FD0300919AFDFF970000805200
:10108000FD7BC1A8C0035FD6000000000000000087
:10109000C0008052C0035FD60000000000000000C6
:1010A000FD7BBCA9FD030091F35301A9F30300AA42
:1010B000002440F9E00200B4041440A9F4A3009114
:1010C000E49702A9030840F9830A00F9651A40F978
:1010D000632240F9642A40F9A50040390508002937
:1010E000010800B9040800F960003FD6602640F905
:1010F000A00000B4E28F42A9020C00A9810A40F9C5
:10110000010800F9F35341A9FD7BC4A8C0035FD6D1
:10111000F4A30091E00314AAEDFFFF170000000004
:10112000021840F9011840B9421C40F9C20100B44C
:1011300041000034C0035FD6021C40F9410840B9A9
:10114000032040F921780B1221000B32410800B92D
:101150001F0800F903FFFFB4021080520100805203
:10116000D0FFFF17021C40F9A1FEFF3404084039EC
:10117000030840F9840400129F080071C001005464
:1011800065004039440440B9A4200033440400B948
:10119000020040F942441053E403022A2100024BAA
:1011A0006300048B030800F9011800B941FCFF3506
:1011B000E2FFFF1765004079440440B9A4200033E2
:1011C000440400B9F3FFFF17000000000000000016
:1011D000FD7BBFA9FD030091A00100B4810100B413
:1011E000E40300AAA02A89526068AA72850440B963
:1011F000BF00006B41010054810C04A90000805223
:10120000822800F9FD7BC1A8C0035FD6F1C6FF9715
:1012100020008052FD7BC1A8C0035FD6EDC6FF97BA
:10122000E0008052FD7BC1A8C0035FD60000000033
:10123000FD7BBFA9FD030091000800B4030440B981
:10124000A22A89526268AA727F00026BE1070054E9
:10125000021C40F9431440B9636458D37F04007101
:10126000C8060054430840B9C4FD9F52C4F9BF7278
:101270006400040A440800B963740A12440840B9BF
:10128000A40100361F2003D51F2003D5021C40F9FE
:10129000440840B9040100361F2003D5021C40F960
:1012A000440840B924FF0737030000141F2003D56A
:1012B000021C40F9440840B9A4FF2737441040B944
:1012C00006EE9F52210040B9E511805226E6BF721A
:1012D000C519A0722100060A8400050A1F0800F93A
:1012E0002100042A411000B9430800B9410840B95F
:1012F0006100014AC10000361F2003D5021C40F9DD
:10130000410840B92100034A81FF0737410840B92D
:101310006100014AC10020361F2003D5011C40F99D
:10132000210840B92100034A81FF2737000080527D
:10133000FD7BC1A8C0035FD6A6C6FF9720008052E0
:10134000FD7BC1A8C0035FD6A2C6FF97E000805214
:10135000FD7BC1A8C0035FD60000000000000000B4
:10136000FD7BBFA9FD030091800100B4610100B4C1
:10137000020440B9A02A89526068AA725F00006B1B
:10138000410100540004002F00008052FD7BC1A8E1
:10139000200000FDC0035FD68EC6FF97200080525C
:1013A000FD7BC1A8C0035FD68AC6FF97E0008052CC
:1013B000FD7BC1A8C0035FD6000000000000000054
:1013C000FD7BBFA9FD030091E00300B4E20300AA86
:1013D000A02A89526068AA72430440B97F00006B5A
:1013E000A1020054C0008052C1010836401C40F9DF
:1013F000030840B963740A12030800B9004840B9F1
:10140000C000F0371F2003D51F2003D5401C40F932
:10141000004840B9A0FFF736000080525F1800B9BD
:1014200061000036000080525F2800B9FD7BC1A832
:10143000C0035FD667C6FF97E0008052FD7BC1A85E
:10144000C0035FD663C6FF9720008052F8FFFF17E6
:10145000FD7BBFA9FD030091C00100B4A10100B450
:10146000E20300AAA02A89526068AA72430440B924
:101470007F00006B61010054432840B90000805296
:10148000230000B95F2800B9FD7BC1A8C0035FD667
:1014900050C6FF9720008052FD7BC1A8C0035FD6D5
:1014A0004CC6FF97E0008052FD7BC1A8C0035FD609
:1014B000FD7BBEA9FD030091600500B4410500B4A9
:1014C00022050034E30300AAA02A89526068AA72A8
:1014D000640440B99F00006BE1050054680840397E
:1014E000080500121F090071C0040054601840B9BB
:1014F00080050035641C40F9650040F9860840B954
:10150000C6740A12860800B9A5441053860840B96B
:10151000E703052A4200054B2500078B650800F903
:10152000C5000C32621800B9850800B91F090071A6
:10153000E000005421004039820440B922200033E9
:10154000820400B9FD7BC2A8C0035FD622004079A7
:10155000810440B941200033810400B9FD7BC2A859
:10156000C0035FD61BC6FF9720008052E01F00B962
:1015700018C6FF97E01F40B9FD7BC2A8C0035FD625
:101580004100003742FB073612C6FF9760008052C9
:10159000F7FFFF170FC6FF97E0008052F4FFFF1719
:1015A0000CC6FF9700018052E7FFFF170000000004
:1015B000FD7BBFA903000090020000900000009096
:1015C000FD03009163EC42F98140805242F042F900
:1015D00000F442F9FBC5FF974092021000000000A2
:1015E000A0B10210000000004892021000000000AC
:1015F000C0008052C0035FD6000000000000000061
:10160000FD7BBDA9FD030091F35301A9F40300AADA
:10161000F303022AF51300F9E003022A35101D53E3
:101620008203F83713C2FF97C6C2FF97E303002A6D
:10163000615C409202008052637C78D3E003132AFD
:10164000631C6092210003AA22C2FF97E103152ABE
:10165000E003132A0FC2FF97E003132A41008052D0
:101660002CC2FF97E003132A2100805251C2FF973A
:101670007382001100000090F51340F9007843F9DF
:1016800014D833F8F35341A9FD7BC3A8C0035FD638
:1016900074C2FF97ABC2FF97E303002A615C4092DC
:1016A00002008052637C78D3E003132A631C6092AB
:1016B000210003AA07C2FF97E103152AE003132ABA
:1016C00070C2FF97E003132A4100805281C2FF9746
:1016D0007382001100000090F51340F9007843F97F
:1016E00014D833F8F35341A9FD7BC3A8C0035FD6D8
:1016F0009041001000000000000000000000000009
:10170000FD7BBEA9FD030091C00B00B4F30B00F9F3
:10171000F30300AAA02A89526068AA72610640B940
:101720003F00006B410A0054611E40F97F0600B97A
:101730003F0800B9200840B9400100361F2003D5FA
:101740001F2003D5611E40F9200840B9A0FF0737CC
:10175000200840B9A00020361F2003D5611E40F9A3
:10176000200840B9A0FF2737601A40F9221440B979
:10177000001440B942740612221400B90005F8376B
:10178000BCC1FF97601A40F9002C40B90005F8373A
:10179000B8C1FF97601A40F9001C40B90005F8373E
:1017A000B4C1FF97601A40F9002440B90005F8372A
:1017B000B0C1FF97200080520EC6FF97034638D570
:1017C000000080D2004618D5601A40F90000403968
:1017D0001F10007108040054046080D20120001121
:1017E0000405B0F2E20304AA20008052840040B94C
:1017F0000020C11A0000042A400000B9400040B98E
:10180000034618D520008052AAC5FF97F30B40F974
:1018100000008052FD7BC2A8C0035FD611C2FF97B3
:10182000601A40F9002C40B940FBFF360DC2FF970B
:10183000601A40F9001C40B940FBFF3609C2FF970F
:10184000601A40F9002440B940FBFF3605C2FF97FB
:10185000D9FFFF17016380D2200080520125B0F22A
:10186000E20301AA240040B9E3FFFF1759C5FF971F
:10187000F30B40F9E0008052FD7BC2A8C0035FD6A5
:1018800054C5FF9720008052E3FFFF1700000000BF
:10189000FD7BBEA9FD030091600200B4410200B4CB
:1018A00022020034E30300AAA02A89526068AA72C7
:1018B000640440B99F00006BE102005460084039A5
:1018C000000400121F080071C0010054602840B9D4
:1018D00080020035611000F9622800B9FD7BC2A8C2
:1018E000C0035FD63BC5FF9720008052E01F00B9C0
:1018F00038C5FF97E01F40B9FD7BC2A8C0035FD683
:101900004100003742FE073632C5FF976000805223
:10191000F7FFFF172FC5FF97E0008052F4FFFF1776
:101920002CC5FF9700018052EDFFFF17000000005B
:10193000FD7BBDA9FD030091A01F00B4F35301A9D5
:10194000F40301AA612600B4F51300F9352840F923
:10195000B51E00B4F30300AAA01A40F9401E00B45B
:10196000A00A40F9001E00B4610640B9A02A8952BD
:101970006068AA723F00006BE02500548102403984
:10198000E00780520024C11A001F0036A02240B98F
:101990001F140071401F0054800A40B91F040071D9
:1019A000201C0054801640B9E01BF837801E40B957
:1019B000A01BF837802640B9601BF837822E40B94B
:1019C000221BF8377F020039E00313AA630A40396B
:1019D000810640B9842240F93F000071E1179F1A47
:1019E000642200F921040011741A00F9842640F9D8
:1019F00023040033630A00397F9204A981A240398D
:101A000000FFFF9781424039E00313AA821640B9D4
:101A1000FCFEFF9781624039E00313AA821E40B9A1
:101A2000F8FEFF9781824039E00313AA822640B96D
:101A3000F4FEFF97200080526EC5FF97034638D50D
:101A4000000080D2004618D5800240391F10007176
:101A500068170054026080D2052000110205B0F220
:101A6000210080522120C51A440040B98100210A7A
:101A7000410000B9410040B9401900341F04007111
:101A8000C11C005400808AD20000B0F21F2003D590
:101A9000010040B9010040B9010040B9010040B95E
:101AA000010040B9010040B9000040B9034618D513
:101AB00020008052FFC4FF97A31A40F9631E00F96B
:101AC0007F0800B9600840B9400100361F2003D5E7
:101AD0001F2003D5631E40F9600840B9A0FF0737F7
:101AE000600840B9A00020361F2003D5631E40F9CE
:101AF000600840B9A0FF273700028052600C00B98F
:101B000080E09F5200E0BF72601000B960408252D6
:101B1000601400B97F1800B9E07F8052810240391B
:101B20000024C11A60000036E0E3A352602400B92B
:101B3000800640B9666082521F0C0071A0000054FC
:101B40001F0000716600825260408252C600801AF7
:101B5000822A40F98812412947004029411444292A
:101B6000EA0408530000115300000A2A493840B91A
:101B7000A5000B5321040012A438042A3F19007158
:101B80000000042A21041C320000062A0400193235
:101B90008000801A601400B9C80000341F09007169
:101BA00000608052042080520010841A2100002A14
:101BB000450840B9E4080051A0080012BF000071B8
:101BC00000040051000808530000012A00000432FC
:101BD0000110811A610C00B99F0400718910005432
:101BE000400840F904EE9F52611040B9E51180525F
:101BF00024E6BF72C519A072000040B92100050A91
:101C00000000040A0000012A601000B9401440F9E5
:101C100005028052661A40F9E5A0B77204B068D395
:101C2000422840B9019060D3803C1053420000121A
:101C30000120012AD41440B92100022A613000B9E0
:101C4000656800B9E003142A7F0A00F97F1A00B919
:101C50007F1200F97F2A00B9340CF837A5C0FF972E
:101C6000E003142A7BC0FF97601A40F9142C40B996
:101C7000E003142AD40AF8379EC0FF97E003142A21
:101C800074C0FF97601A40F9141C40B9E003142A8D
:101C90007409F83797C0FF97E003142A6DC0FF97C7
:101CA000601A40F9142440B9E003142A1408F837E4
:101CB00090C0FF97E003142A66C0FF97601E40F9AA
:101CC000218280522100A072010800B9010840B9A8
:101CD000410100371F2003D51F2003D5601E40F9A6
:101CE000010840B9A1FF0736000840B9A00020371D
:101CF0001F2003D5601E40F9000840B9A0FF273619
:101D0000A11E40B9A22A8952F51340F96268AA724D
:101D10006286002900008052F35341A9FD7BC3A8CD
:101D2000C0035FD6F35341A9F51340F929C4FF97C7
:101D300020008052FD7BC3A8C0035FD6016380D220
:101D40000125B0F2220040B942781F12220000B9EA
:101D5000210040B91F1400714108005400008AD2CC
:101D60000020B0F24BFFFF171AC4FF97F35341A9AD
:101D700040AF8052F51340F9EFFFFF17A11E40B9A5
:101D8000E0FF9F523F00006B81E0FF5411C4FF97BA
:101D9000F35341A960008052F51340F9E6FFFF17A5
:101DA00000008AD20000B0F23AFFFF17C1C0FF97CF
:101DB000E003142AA3C0FF97C1FFFF17BDC0FF9720
:101DC000E003142A9FC0FF97B6FFFF17B9C0FF9723
:101DD000E003142A9BC0FF97ABFFFF17B5C0FF9726
:101DE000E003142A97C0FF97A0FFFF17601040B9C7
:101DF000001C1832601000B9FF08007181F0FF5418
:101E0000601040B900001B32601000B980FFFF175E
:101E1000F35341A9C6FFFF171F080071600100546A
:101E20001F0C00718101005400808BD20000B0F2C1
:101E300018FFFF17E7C3FF97F35341A9C001805272
:101E4000F51340F9BCFFFF1700008BD20000B0F281
:101E500010FFFF1700008CD20000B0F20DFFFF173B
:101E6000D4FDFF970000000000000000000000000B
:101E7000000000900200009001000090005847F917
:101E8000425447F900004039215047F900040051FD
:101E9000407860B80080001120D860F8A1FCFF17DE
:101EA00090410010000000001041001000000000F0
:101EB00008410010000000000000000000000000C9
:101EC000FD7BBDA90000009002000090FD03009181
:101ED00000D447F9F30B00F942D047F90100009014
:101EE0000000403921CC47F900040051407860B827
:101EF0000080001133D860F8611E40F9602A40B9B3
:101F0000210040B921200012E12F00B90001003565
:101F1000602240F9A00200B4E00313AA82008052BC
:101F2000F30B40F9FD7BC3A85EFCFF17620240F98A
:101F3000E1B30091601240F9424450D3810A009409
:101F4000610240F9621240F9602A40B9234450D33B
:101F5000214410534200038B0000014B621200F930
:101F6000602A00B980000034F30B40F9FD7BC3A860
:101F7000C0035FD6602240F980FFFFB4E00313AADC
:101F800022008052F30B40F901008052FD7BC3A870
:101F900044FCFF171F2003D59041001000000000F3
:101FA0001041001000000000084100100000000077
:101FB000000000B0020000B0010000B0FF4300D1FB
:101FC000001440F9421040F900004039210C40F95A
:101FD00000040051407860B80080001120D860F8FB
:101FE000018C43A9220840B942740A12220800B9A0
:101FF000210840B9E10F00B9E10F40B9A30000B4D6
:1020000042008052FF4300910100805225FCFF17DF
:10201000FF430091C0035FD6904100100000000014
:1020200010410010000000000841001000000000F6
:10203000000000900200009001000090FF4300D1DA
:10204000007840F9427440F900004039217040F9AD
:1020500000040051407860B80080001120D860F87A
:10206000031C40F9610040B9644840B921200012C6
:10207000826058D342681B53C401E03784000512C4
:102080004260442A646840B90620A352052040F902
:102090008400062A646800B9634840B9E30F00B9B8
:1020A000E30F40B9850100B4FF430091FDFBFF172A
:1020B000654840B99F0065F244001C3242041D325D
:1020C0004210841A44001A32BF0071F28200821A50
:1020D000EDFFFF17FF430091C0035FD61F2003D51C
:1020E00090410010000000001041001000000000AE
:1020F0000841001000000000000000000000000087
:10210000FD7BBFA9FD030091200400B4020400B4CC
:10211000031040B9648888522448AA727F00046B77
:10212000E1030054041440B99F00036B0104005400
:102130003F7C0071A901005423C800517F04007145
:102140002488443A41020054030040F9217C409322
:102150002140009100008052FD7BC1A86178617828
:1021600041000079C0035FD6050440F904000090E7
:102170002300805284E040F96320C11AA500407911
:10218000847865B87F00046A01FEFF5411C3FF978D
:1021900020008052FD7BC1A8C0035FD60DC3FF970E
:1021A000E0008052FD7BC1A8C0035FD609C3FF9742
:1021B00020048052FD7BC1A8C0035FD61F2003D539
:1021C00028B2021000000000000000000000000023
:1021D000FD7BBFA9FD030091A00400B4011040B92C
:1021E000628888522248AA723F00026B01030054A1
:1021F000021440B95F00016B21030054010040F953
:1022000022009052230041795F20236B600100542B
:1022100023004179620090525F20236BE00000545C
:1022200023004179620098525F20236B60000054C4
:10223000220040792202783702384079000080522B
:1022400022000079FD7BC1A8C0035FD6E1C2FF97E1
:10225000E0008052FD7BC1A8C0035FD6DDC2FF97BE
:1022600020048052FD7BC1A8C0035FD6D9C2FF976E
:1022700020008052F4FFFF17D6C2FF970001805262
:10228000F1FFFF1700000000000000000000000048
:10229000FD7BBFA9030000900200009000000090A9
:1022A000FD030091635C41F981408052426041F935
:1022B000006441F9C3C2FF97409202100000000081
:1022C00010B202100000000048920210000000004E
:1022D000FD7BB9A90300009002000090FD0300916E
:1022E00063D041F9F30B00F9E02700B90100009039
:1022F00042CC41F96000403921C841F90004005145
:10230000407860B80080001133D860F8600640F96A
:10231000611240F902004079601A40F9E243007905
:10232000E01700F9FF3300B9810200B4601640F9EC
:10233000A00200B4020C40ADE3230191E00741ADDF
:10234000021040F9620C00AD000400ADE32340F937
:10235000031000F9E23700F920003FD6601640F97B
:10236000C00000B4E1230191200440ADE13740F901
:10237000011000F9000400ADF30B40F9FD7BC7A884
:10238000C0035FD6E0830091F4FFFF171F2003D541
:1023900090410010000000001041001000000000FB
:1023A00008410010000000000000000000000000D4
:1023B000FD7BBFA9FD030091A00400B4011040B94A
:1023C000628888522248AA723F00026B01030054BF
:1023D000021440B95F00016B21030054010840A9B9
:1023E000401040B9A0000035000080523F00007945
:1023F000FD7BC1A8C0035FD620004179431C40F992
:1024000000781F1220000179400440B91F040071B8
:102410004002005400E087522020007920004079DB
:102420000078131220000079F0FFFF1769C2FF97B0
:10243000E0008052FD7BC1A8C0035FD665C2FF9754
:1024400020048052FD7BC1A8C0035FD661C2FF9704
:1024500020008052E7FFFF1760604039E2E78752B3
:1024600022200079400100362064433900140032F4
:102470002064033920644339007819122064033939
:102480002064433900180012206403392000407989
:102490000078191220000079E1FFFF17000000000A
:1024A000FD7BBFA9FD030091E00F00B4C10F00B494
:1024B000E20300AA608888522048AA72431040B9FB
:1024C0007F00006B810F0054430440F9000000902E
:1024D000250040B9008443F9640040796B1C40F941
:1024E000007864B8E50D0034E803202AA000206AD3
:1024F000810D0054630440B9260440B97F04007183
:10250000200E0054E60C0035230840B9A30C00351A
:10251000630140B9270C40B9C30E0034A300062A5A
:10252000FF00236AE408407AC00B00542970403948
:10253000C90000343F1D0071080B0054237440395A
:102540007F1C0071A90A0054240840F9640300B4F8
:10255000830840B9230300348C2840298D1440B9E6
:10256000830058368A010A2A5F01086AA1090054CB
:10257000230148362A0080524A21CD1A1F010A6AD7
:1025800001090054084081526800080A1F0128719F
:10259000400B00542301703688184079831C407921
:1025A0001F01036BE8070054882040798324407999
:1025B0001F01036B68070054430040F9A83C001258
:1025C0002C104079C63C0012E73C00120A008052F1
:1025D00068080079662800796CA80179671000798D
:1025E00026744039C620092A66CC0079C40200B49A
:1025F000860840B9CA3C001246015836881840790E
:102600006A200179871C407968380179880040790F
:10261000673C01798708407968280179673001793A
:1026200026014836869C422988204079C600072A20
:1026300087244079C41C00126498023968500179DB
:1026400067540179640D40B9213040796A200179DD
:10265000610001798401003464004079A610C05AF9
:10266000E10380522100064B84287B924638407952
:102670002100048B213C0012610000792100062A10
:1026800041380079618888522148AA724194022910
:10269000FD7BC1A8C0035FD6CEC1FF971F2003D525
:1026A000CCC1FF97CBC1FF9720008052FD7BC1A812
:1026B000C0035FD6C7C1FF97E0008052FD7BC1A871
:1026C000C0035FD6E6FEFF34A300082A7F00066A37
:1026D00081FEFF5464614039C4F10736240840B9D3
:1026E00004FEFF347F00046A40F1FF54EDFFFF1742
:1026F000E7F1FF34EBFFFF179F010A6AC0F4FF54B4
:10270000E8FFFF171F2003D528B2021000000000C9
:10271000FD7BBDA9FD030091600E00B4F35301A938
:10272000F30300AA608888522048AA72611240B957
:102730003F00006BC10A0054610A40A9F51300F97B
:102740007F0A00F920004179551C40F900781F12DA
:1027500020000179400440B91F040071200A005490
:1027600000E087522020007923004079541440B9BA
:1027700063781312230000791401F837E003142A58
:10278000BCBDFF970000009094820011620640F9E2
:10279000007844F91FD834F8541840B91401F837B8
:1027A000E003142AB3BDFF9700000090948200114B
:1027B000620640F9007844F91FD834F8541C40B937
:1027C000F400F837E003142AAABDFF970000009038
:1027D00094820011007844F91FD834F8B42640B927
:1027E000F400F837E003142AA2BDFF970000009020
:1027F00094820011007844F91FD834F8B42E40B9FF
:10280000F400F837E003142A9ABDFF970000009007
:1028100094820011007844F91FD834F8610240F91D
:10282000200080523F0000793FCC0079F1C1FF9732
:10283000054638D5000080D2004618D5610640F91B
:102840000205B0D2200080520640A052430843B98E
:1028500024004079811800119F0800710120C11ADD
:102860002130861A6100012A410803B9410843B9A1
:10287000054618D58FC1FF97F35341A90000805238
:10288000F51340F9FD7BC3A8C0035FD651C1FF9784
:10289000F35341A9E0008052FD7BC3A8C0035FD67B
:1028A000A0624039E3E787522320007940010036D7
:1028B0002064433900140032206403392064433912
:1028C000007819122064033920644339001800127B
:1028D0002064033920004079007819122000007923
:1028E000A2FFFF173BC1FF9720008052E6FFFF17B2
:1028F00090410010000000000000000000000000F7
:10290000FD7BBBA9FD030091F76303A9C02800B4B8
:10291000F35301A9F40301AA012700B4210040796F
:10292000F30300AAE00080520024C11A802A003676
:10293000F55B02A90025B0D2951E40F9F96B04A9F8
:10294000020440B9BA0240B9000440B9BA000034E8
:102950005F0B0271E02400545F170271A024005441
:10296000800640B9821240B91F040071E020005473
:10297000A30E40B95F080071032100350021005407
:10298000970A40B977290035631240B961888852A7
:102990002148AA727F00016B802A0054831640F9F7
:1029A000630000B4811640B90127F837A41E40F92E
:1029B000442300B4A50E40B9415C1853861A40F96F
:1029C000645200A92034002A637E02A9661A00F925
:1029D000652300355F00007101088252020892529F
:1029E0000100012A0000022A0000811AA10640B954
:1029F000163C0012B90A422920008052980E40B9B4
:102A000021681B53763A00795920192A383C182A34
:102A100078C1FF97044638D5000080D2004618D50B
:102A20000005B0D281024079020843B93F04007129
:102A3000C920005442780612020803B9000843B9BD
:102A4000E08301323F080071C12500540100407944
:102A5000010040790100407901004079010040798E
:102A60000100407900004079044618D520008052CA
:102A700010C1FF9721008052E003012AE5C0FF97B3
:102A8000600240F901E043792100003201E003795E
:102A900001E04379A10008371F2003D5600240F907
:102AA00001E04379A1FF0F3601E04379012110379E
:102AB00001E0437921781F1201E00379600240F9B7
:102AC00001E04379A10008371F2003D5600240F9D7
:102AD00001E04379A1FF0F36E1BF8F52D602010A10
:102AE00016000079393F001219200079183F0012B2
:102AF000A16240395A1F0012181C0079A282403985
:102B00001A30003902F4013981000036A1724039CF
:102B100021041A3201640339961640B99603F83736
:102B20009882403987BDFF97E303002A0200805254
:102B3000615C4092E003162A637C78D3631C609248
:102B4000210003AAE3BCFF9701131D53E003162ADB
:102B5000D0BCFF97E003162A41008052EDBCFF97DE
:102B6000E003162A2100805212BDFF970100009059
:102B7000C2820011E003162A218447F933D822F8D3
:102B8000DCBCFF97E003162AB2BCFF97961A40B947
:102B90009603F837988640396ABDFF97E303002A09
:102BA00002008052615C4092E003162A637C78D375
:102BB000631C6092210003AAC6BCFF9701131D533A
:102BC000E003162AB3BCFF97E003162A41008052A7
:102BD000D0BCFF97E003162A21008052F5BCFF9776
:102BE00001000090C2820011E003162A218447F9F7
:102BF00033D822F8BFBCFF97E003162A95BCFF9795
:102C0000961E40B99603F837948A40394DBDFF9718
:102C1000E303002A02008052615C4092E003162A1E
:102C2000637C78D3631C6092210003AAA9BCFF9740
:102C300081121D53E003162A96BCFF97E003162A63
:102C400041008052B3BCFF97E003162A2100805256
:102C5000D8BCFF9701000090C2820011E003162A41
:102C6000218447F933D822F8A2BCFF97E003162A43
:102C700078BCFF97B42640B99403F837B6A2403920
:102C800030BDFF97E303002A02008052615C40924E
:102C9000E003142A637C78D3631C6092210003AAAA
:102CA0008CBCFF97C1121D53E003142A79BCFF9717
:102CB000E003142A4100805296BCFF97E003142AD7
:102CC00021008052BBBCFF9701000090828200115E
:102CD000E003142A218447F933D822F885BCFF97F2
:102CE000E003142A5BBCFF97B42E40B99403F83775
:102CF000B5C2403913BDFF97E303002A020080529A
:102D0000615C4092E003142A637C78D3631C609278
:102D1000210003AA6FBCFF97A1121D53E003142AE0
:102D20005CBCFF97E003142A4100805279BCFF97F6
:102D3000E003142A210080529EBCFF9701000090FE
:102D400082820011E003142A218447F933D822F843
:102D500068BCFF97E003142A3EBCFF976088885246
:102D6000F55B42A92048AA72F96B44A9601200B928
:102D70007F1A00B9F35341A9E003172AF76343A967
:102D8000FD7BC5A8C0035FD65F0800712103005416
:102D9000A30A40B97F080071C10200546300805249
:102DA0006124C11AE1DE0737A11240B93FFC00716E
:102DB000214400512018417AC8010054A11640B99D
:102DC0003FFC0071214400512018417A2801005431
:102DD000A162403961DD0736A11E40B93FFC007198
:102DE000214400512018417AC9DCFF541F2003D52B
:102DF000F55B42A9F96B44A937008052F5BFFF97F4
:102E0000F4BFFF97F35341A9E003172AF76343A9DF
:102E1000FD7BC5A8C0035FD6F35341A9F55B42A96A
:102E2000F96B44A937008052EABFFF97E003172AE5
:102E3000F76343A9FD7BC5A8C0035FD60158825242
:102E40000000012AEAFEFF17251800112300805216
:102E50006320C51A4200230A020803B9000843B9D7
:102E600081000034008088D22000B2F2F8FEFF1703
:102E7000000088D22000B2F2F5FEFF1757AF805253
:102E8000D4BFFF97DFFFFF17A12640B901D9FF3656
:102E9000A12E40B9C1D8FF36CEBFFF97770180522F
:102EA000F35341A9F55B42A9F96B44A9B3FFFF179E
:102EB000C8BFFF9737008052C6BFFF97F35341A9A1
:102EC000F55B42A9F96B44A9D9FFFF17C1BFFF9772
:102ED00077038052BFBFFF97F35341A9F55B42A927
:102EE000F96B44A9A5FFFF17BABFFF97D70180521E
:102EF000F35341A9F55B42A9F96B44A99FFFFF1762
:102F0000E4FCFF971F2003D5904100100000000053
:102F100000008052EFFCFF170000000000000000DE
:102F2000FD7BBBA9000000B0010000B0FD030091D3
:102F3000004840F9F35301A9020000B0214440F9D0
:102F400000004039424C40F900040051217860B83B
:102F50002080001153D860F8630640F9621640F9EA
:102F6000641C40F9020800B4400440ADF4A3009191
:102F7000E00302AA800600AD451040F9851200F971
:102F8000852440B9640240F963004079BF00016BB9
:102F9000000300548101805203000079010400B94C
:102FA0008398423981B0423963140012031000B98A
:102FB00021781F1281B00239611240F9631A40F979
:102FC000030400F9610000B420003FD6621640F906
:102FD000A20000B4800640AD400400AD801240F96C
:102FE000401000F9F35341A9FD7BC5A8C0035FD68B
:102FF000854041796101805203000079A53C0012AF
:10300000010400B9E303052AA67C0153E103062A63
:10301000660300341F2003D5E703012A217C0153F6
:1030200067781F33E303072A81FFFF35C610C05AB4
:10303000C60400516320C61AC30100346310C05A8D
:1030400021008052660C00122120C61AE103212AB9
:10305000213C0012031000B9A500010A8540017946
:10306000D6FFFF17F4A30091E00314AAC5FFFF17D2
:10307000C1FF9F5203048052F7FFFF17E6038052FF
:10308000EDFFFF171F2003D51041001000000000C6
:1030900008410010000000009041001000000000F6
:1030A000C0035FD600000000000000000000000028
:1030B000FD7BBFA942018052010080D2FD03009137
:1030C00084020094FD7BC1A8C0035FD6000000000D
:1030D000A20000B0E10300AA402C44F9050000144E
:1030E000A20000B0E10300AA402C44F989070014B3
:1030F000FD7BBAA9FD030091F35301A9345C009153
:10310000F55B02A9F50300AA9FBA00F1A80C0054D0
:103110003F8000F188190054F6010094140480D215
:10312000010A80D280008052B60000B0D6C2009161
:10313000C102018B00080011214000D1330C40F97D
:103140007F0201EBC11D0054D31240F9A60000B06C
:10315000C60001917F0206EB600F0054610640F942
:1031600021F47E92220014CB5F7C00F1AC27005446
:10317000C61A02A98217F8B6C50640F93FFC07F146
:10318000C81E005422FC43D3230080D24104001106
:10319000427C021321781F536220C29AA50002AA22
:1031A000C1CE218B22045FF8C50600F9620601A991
:1031B000330800F9530C00F9017C0213240080D27B
:1031C0008420C19A9F0005EBA80C00549F0005EADB
:1031D000C100005400741E1284F87FD30010001147
:1031E0009F0005EAA0FFFF54E90180920704001147
:1031F000E803002AE7781F5327CD278BC702078BE8
:10320000E50307AAA10C40F909000014220440F9C3
:10321000F30301AA210C40F942F47E92430014CB3F
:103220007F7C00F12C1E0054E31FF8B6BF0001EBB9
:10323000E1FEFF541FF900712D240054A5400091B8
:10324000080500111F0540F2E1FDFF5405000014C0
:10325000E1045FF8000400513F0007EB0134005423
:103260001F0440F261FFFF54C00640F90000248AA9
:10327000C00600F984F87FD3810400D13F0000EB41
:10328000830000543600001484F87FD30811001125
:103290009F0000EAA0FFFF54E003082AD4FFFF17B5
:1032A00094EE7C92E27B40B29F0202EB229054FAB1
:1032B000A80C00548F0100949FDE07F1891C005474
:1032C00081FE49D3810C00B43F1000F1A8170054CF
:1032D00081FE46D320E4001125E0001104781F533D
:1032E000847C7D93B60000B0D6C20091C402048BEA
:1032F000844000D1930C40F99F0013EBE10000548F
:1033000092FFFF17630E40F9C211F8B6F30303AA48
:103310009F0003EBA0F1FF54610640F921F47E9277
:10332000220014CB5F7C00F1EDFEFF54D31240F974
:10333000A60000B0C6000191E003052A7F0206EB5B
:10334000E1F0FF54C50640F9017C0213240080D24D
:103350008420C19A9F0005EBA9F3FF54D30A40F9DA
:10336000F76303A9770640F9F7F67E92E00214CBE3
:103370001F7C00F1E0C254FA420A0054010100909F
:10338000FB7305A9BC0000B0216844F9E30382D2B5
:10339000820F40F98102018B3800038B218000915C
:1033A0005F0400B118CF74921813819AE00315AA34
:1033B000E10318AA7B02178BF96B04A91D05009481
:1033C000F90300AA1F0400B1A00600547F0300EB1C
:1033D000280600541A010090419B48B92100180B9F
:1033E000419B08B9E003012A811700547F2F40F266
:1033F00041170054C20A40F9E002188B000040B2A5
:10340000400400F91F2003D500010090217C409367
:10341000026444F93F0002EB49000054016404F9DE
:1034200000010090D30A40F9026044F93F0002EB2A
:1034300049000054016004F9600640F900F47E92EE
:103440001A00001480018052130080D2A00200B93B
:103450000C000014048080D200088052E5078052DE
:10346000A1FFFF176102018BE00315AA73420091CF
:10347000220440F9420040B2220400F921010094E4
:10348000F55B42A9E00313AAF35341A9FD7BC6A84B
:10349000C0035FD67F0216EB80110054D30A40F9B7
:1034A000600640F900F47E929F0200EB000014CB0E
:1034B00004985FFAAD190054F96B44A9FB7345A950
:1034C0006202148B940240B2740600F9010040B20B
:1034D000C20A00F9410400F9E00315AA7342009101
:1034E00008010094F55B42A9E00313AAF35341A934
:1034F000F76343A9FD7BC6A8C0035FD6619240A9CC
:10350000E00315AA630E40F921F47E926102018B5B
:10351000220440F9830C00F9420040B2640800F92B
:10352000220400F973420091F6000094F55B42A971
:10353000E00313AAF35341A9FD7BC6A8C0035FD6DD
:10354000640A40F96102018BE00315AA220440F9E4
:10355000830C00F9F1FFFF1722FC49D33FFC27F150
:10356000890900545F5000F1E814005444700111BF
:10357000436C011184781F53847C7D93C402048BB7
:1035800082045FF89F0002EBA10000548500001444
:10359000420840F99F0002EBA0000054430440F9A8
:1035A00063F47E927F0001EB48FFFF54440C40F926
:1035B000621201A9930800F9530C00F9FFFEFF17EE
:1035C0003F5000F1290700543F5001F1C812005448
:1035D00081FE4CD320BC011125B8011104781F5382
:1035E000847C7D9340FFFF17640A40F9800240B25B
:1035F000600600F97402148B650040B2E00315AA5E
:10360000810C00F9240800F9D45202A9859A00A976
:10361000860E00F9636A22F873420091B9000094A3
:1036200098FFFF176202028BE00315AA640E41F8AF
:10363000430440F9630040B2430400F9810C00F9EF
:10364000240800F9AF0000948EFFFF1780FE43D3DB
:103650000104001121781F53217C7D93B3FEFF17D5
:103660006302148B940240B2740600F9440040B225
:10367000C30E02A9E00315AA649800A9660C00F91C
:10368000626A21F8734200919E0000947DFFFF174B
:1036900022FC46D344E4001143E0001184781F5318
:1036A000847C7D93B6FFFF1720700111256C0111FA
:1036B00004781F53847C7D930BFFFF1708050011CE
:1036C000A5800091DFFEFF171A010090409B48B9CA
:1036D0000000180B409B08B9810F40F93F0400B16E
:1036E000200B00543B031BCB00001B0B409B08B975
:1036F0003C0F40F22006005439031CCB1B0282D23F
:10370000394300917B031CCB3803188BE00315AAC7
:103710007B0318CB7B2F4092E1031BAA4504009446
:103720001F0400B1400B0054000019CBE2031B2A18
:1037300018001B8B409B48B9180340B2D90A00F906
:103740004100000B419B08B9380700F97F0216EBD6
:10375000C0E5FF54FF7E00F149040054620640F9C1
:10376000C3000090E06200D160D0C23D00EC7C92CA
:103770006302008B42004092420000AA620600F9F8
:103780006080803C1F7C00F109E4FF54614200919D
:10379000E00315AADF050094419B48B91BFFFF1702
:1037A000637C0213210080D22120C39AA50001AAC4
:1037B000C50600F97FFFFF173B03188BE00315AA2E
:1037C000FB031BCB7B2F4092E1031BAA190400943F
:1037D000020080521F0400B181FAFF54D6FFFF1788
:1037E000200080D2200700F9E00315AA130080D240
:1037F00044000094F76343A9F96B44A9FB7345A9FE
:1038000020FFFF175F5001F12802005422FC4CD327
:1038100044BC011143B8011184781F53847C7D930B
:1038200057FFFF173F5005F12802005481FE4FD388
:1038300020E0011125DC011104781F53847C7D9365
:10384000A9FEFF17990F00F9AAFFFF175F5005F1B6
:103850008802005422FC4FD344E0011143DC0111E3
:1038600084781F53847C7D9345FFFF173F5015F1EB
:103870008802005481FE52D320F4011125F0011179
:1038800004781F53847C7D9397FEFF179C4300D1DF
:103890000200805218031C8B180319CBA6FFFF17D8
:1038A0005F5015F16801005422FC52D344F4011119
:1038B00043F0011184781F53847C7D9330FFFF1700
:1038C00004FE80D2E00F8052C50F805286FEFF17A3
:1038D00004FE80D2C30F805229FFFF17C00640F9B3
:1038E00065FEFF170000000000000000000000005F
:1038F0000001009000402C9106040014000000001C
:103900000001009000402C9106040014000000000B
:10391000C7000090EC0300AAE60301AAE7442D913A
:10392000E80306AAC5144038E4486538A4FF1F37E9
:10393000BFB40071000700540B00F0920D008052DC
:10394000BFAC0071200600546A7C40937F781B72E4
:10395000C1000054BFC000718007005463090035E6
:103960004A0180D2E3030A2A6809CA9A07008052F2
:10397000000080D209AD0A1BA4C000519F24007131
:10398000A9000054A40401519F640071080200546E
:10399000A4DC00517F00046B8D020054FF00007115
:1039A0000700801200A140FAE30000541F0100EB61
:1039B0002001447A8B000054847C4093270080527D
:1039C00000100A9BC5144038ECFFFF17A484015176
:1039D0009F640071A8000054A45C01517F00046B37
:1039E000ECFDFF541F2003D5FF040031E00100541B
:1039F000BF010071000480DA620000B48703003563
:103A0000410000F9C0035FD6C500403906090091A6
:103A1000CEFFFF17C50040390B00F0D20609009118
:103A20002D008052C9FFFF1740048052800100B969
:103A3000E0030BAA82FEFFB4C10400D1E0030BAA8D
:103A4000410000F9F0FFFF17C000403900781A125A
:103A5000001C00121F600171E0000054630100357A
:103A60000A0180D2E3030A2AC0FFFF17EB0300AA72
:103A7000F2FFFF17C50440390A0280D2C608009140
:103A8000E3030A2AB9FFFF170A0280D2E3030A2AD6
:103A9000B6FFFF170000000000000000000000005B
:103AA0007F9000716498417A4000005499FFFF179D
:103AB000FD7BBFA9FD0300918A030094C1028052DF
:103AC000010000B9000080D2FD7BC1A8C0035FD611
:103AD000A40000B05F9000714498417A842C44F9AE
:103AE000C0000054E303022AE20301AAE10300AA92
:103AF000E00304AA87FFFF17FD7BBFA9FD03009128
:103B000078030094C1028052010000B9000080D205
:103B1000FD7BC1A8C0035FD60000000000000000CC
:103B2000FD7BBDA9FD0300912220C079F35301A9BB
:103B3000F30301AAF55B02A9F60300AAE20718370E
:103B40004000153220200079210840B93F00007163
:103B50008D0B0054642640F9640600B4611A40F9E4
:103B6000D40240B9DF0200B9620B6037020080D294
:103B7000E00316AA2300805280003FD6E20300AA89
:103B80001F0400B1E00B0054611A40F9642640F9AB
:103B90006022C079E0001036602E40F9630A80B9D7
:103BA000420003CB600000B4607280B9420000CBD9
:103BB000E00316AA0300805280003FD61F0400B124
:103BC000E1080054C30240B96122C0797F740071DA
:103BD000A8060054220080D20208A4F24224C39A0C
:103BE00022060036640E40F922781412640200F9AD
:103BF0007F0A00B96222007941006036E307003491
:103C0000612E40F9D40200B9E10000B460D2019104
:103C10003F0000EB60000054E00316AABD040094CE
:103C20007F2E00F900008052F35341A9F55B42A9B1
:103C3000FD7BC3A8C0035FD6350C40F955FFFFB428
:103C4000210040F9750200F900008052210015CBD7
:103C5000F403012A5F0440F241000054602240B99D
:103C6000600E00B93F000071AC000054EEFFFF177A
:103C7000B5C2208B9F0200716DFDFF54611A40F99F
:103C8000E303142A642240F9E20315AAE00316AA0A
:103C900080003FD69402004B1F000071ACFEFF5421
:103CA0006122C07921001A3261220079F35341A9BF
:103CB00000008012F55B42A9FD7BC3A8C0035FD65C
:103CC000617240B93F0000716CF4FF5400008052F3
:103CD000D6FFFF17624A40F9AFFFFF176122C07994
:103CE000630E40F922781412630200F97F0A00B9CA
:103CF0006222007961F86736604A00F9C1FFFF1758
:103D0000C00240B920F4FF341F7400710418567AC1
:103D100081FCFF5400008052D40200B9C3FFFF179A
:103D2000FD7BBDA9FD030091F35301A9F30301AA93
:103D3000F40300AAF51300F9600000B4012440F96F
:103D4000810400B46022C0791500805280010034E3
:103D500061B240B941000037C0014836E10313AAFF
:103D6000E00314AA6FFFFF97F503002A61B240B980
:103D70006100003760224079E0014836F35341A9E1
:103D8000E003152AF51340F9FD7BC3A8C0035FD6F5
:103D9000605240F9DF020094E10313AAE00314AA81
:103DA00060FFFF97F503002A61B240B981FE073733
:103DB000F1FFFF17605240F9DA020094F35341A972
:103DC000E003152AF51340F9FD7BC3A8C0035FD6B5
:103DD000B4000094DCFFFF170000000000000000AA
:103DE000E00400B4FD7BBDA9FD030091F35301A9DC
:103DF000F30300AAA00000B0F51300F9152C44F954
:103E0000750000B4A02640F9800200B46022C07999
:103E1000140080528001003461B240B94100003783
:103E200020024836E10313AAE00315AA3DFFFF97DD
:103E3000F403002A61B240B9610000376022407982
:103E400080014836F51340F9E003142AF35341A9E1
:103E5000FD7BC3A8C0035FD6E00315AA91000094C0
:103E6000EBFFFF17605240F9AA020094EEFFFF1724
:103E7000605240F9AB020094F3FFFF17A20000B0BC
:103E800001000090A00000B04200219121803491F7
:103E900000802191A7000014000000000000000035
:103EA000A20000B0610000B04200219121001591F4
:103EB000A00000B0008021919E00001400000000CE
:103EC000FD7BBEA90201009042602391FD03009199
:103ED000010440F9F30B00F9F30300AA3F0002EBE1
:103EE0004000005497310094610A40F900010090AD
:103EF000004026913F0000EB60000054E00313AA4D
:103F000090310094610E40F9000100900020299149
:103F10003F0000EBA0000054E00313AAF30B40F9AC
:103F2000FD7BC2A887310014F30B40F9FD7BC2A8CA
:103F3000C0035FD600000000000000000000000089
:103F4000FD7BBCA90001009002010090FD030091DF
:103F5000F35301A913602391830080520100009064
:103F600021803A91418005F9020180D201008052FE
:103F7000F55B02A9140000B0F71B00F994421C91F4
:103F80001F6C04F900010090000026917F0600F9E3
:103F9000631200B9160000B07F0E00F9D6421991E5
:103FA0007F2200B9150000B07F2A00B9B5021B912D
:103FB0007FB200B9F3020094170000B00001009036
:103FC000F7C2179100E02591735E03A9765604A904
:103FD000742A00F94702009423018052020180D222
:103FE0002300A072010080520001009000E028919F
:103FF0007F5E00F97F6200F963CA00B97F6A00F949
:104000007FDA00B97FE200B97F6A01B9DD0200946E
:10401000E10000F021402691E00000F000C028916E
:1040200061DE0EA976D60FA9748600F931020094DC
:1040300043028052020180D24300A07201008052EC
:10404000E00000F000C02B917FBA00F97FBE00F9BC
:10405000638201B97FC600F97F9201B97F9A01B9E5
:104060007F2202B9C7020094E10000F021202991CB
:10407000615E1AA9E00000F000A02B9176561BA902
:1040800074E200F9F35341A9F55B42A9F71B40F92B
:10409000FD7BC4A81702001400000000000000000F
:1040A000FD7BBEA9FD030091F35301A9F40300AA0F
:1040B000F30000F073622C91E00313AA1502009440
:1040C000802640F9E00000B5E10000F0E0FFFFF0DD
:1040D00000003B91802600F9208045F9A00000B443
:1040E000E00313AAF35341A9FD7BC2A80D020014FB
:1040F00094FFFF97E00313AAF35341A9FD7BC2A8E5
:104100000802001400000000000000000000000091
:10411000E00000F000602C91FE010014000000009F
:10412000E00000F000602C91FE010014000000008F
:10413000FD7BBBA9FD030091F55B02A9F60302AA72
:1041400015008052F76303A9F70300AAF80301AA38
:10415000F35301A9F92300F9191780521F2003D541
:10416000D40A40B9D30A40F99F0200710D020054ED
:10417000944EB99B1F2003D5632240797F040071C0
:10418000090100546326C079E10313AAE00317AACA
:104190007F0400316000005400033FD6B502002ABE
:1041A00073E202917F0214EB81FEFF54D60240F9C4
:1041B00096FDFFB5F35341A9E003152AF55B42A92B
:1041C000F76343A9F92340F9FD7BC5A8C0035FD677
:1041D000FD7BAFA9EB068012EA0F8012FD03009170
:1041E000EC430391E8430491A9000090E82303A95C
:1041F000E80300AAEC2300F9EB2B0929202D44F950
:10420000E017803DE0C341ADE11B803DE21F803DF2
:10421000E323803DE427803DE52B803DE62F803D74
:10422000E733803DE18B0DA9E20308AAE3930EA9D1
:10423000E3430091E59B0FA9E78700F9E0C300ADD8
:10424000010840F9DB190094FD7BD1A8C0035FD6BB
:10425000FD7BBAA9FD030091F35301A9F40300AA61
:10426000F30301AAE00301AA96020094822640F912
:1042700004040091E6030191A1000090230080D284
:1042800021002F9145008052E61700F9E53300B96F
:10429000E4CF03A9E08704A9E32F00F9930A40F9CA
:1042A000820400B461B240B96022C0794100003795
:1042B00080034836C000683761B240B9000013324D
:1042C000602200792078121260B200B9E00314AACB
:1042D000E10313AAE2A300919631009461B240B9C0
:1042E0001F0000715401805294029F5A61000037F0
:1042F00060224079A0004836E003142AF35341A914
:10430000FD7BC6A8C0035FD6605240F985010094CA
:10431000E003142AF35341A9FD7BC6A8C0035FD66E
:10432000605240F97B0100946022C079E2FFFF17E0
:10433000E00314AA5BFFFF97DBFFFF1700000000FC
:10434000A2000090E10300AA402C44F9C1FFFF172E
:10435000FD7BAFA9EB068012EA0F8012FD030091EE
:10436000EC430391E8430491A9000090E82303A9DA
:10437000E80300AAEC2300F9EB2B0929202D44F9CE
:10438000E017803DE0C341ADE11B803DE21F803D71
:10439000E323803DE427803DE52B803DE62F803DF3
:1043A000E733803DE18B0DA9E20308AAE3930EA950
:1043B000E3430091E59B0FA9E78700F9E0C300AD57
:1043C000010440F943300094FD7BD1A8C0035FD6BF
:1043D000FD7BA3A9A9000090E87B40B2FD030091FA
:1043E000F30B00F9E04B803DE14F803DE253803D0F
:1043F000E357803DE45B803DE55F803DE663803DC3
:10440000E767803DE3931AA9E59B1BA9E7E700F95D
:10441000332D44F93F0008EB6807005403418052F4
:10442000E03700F9E3F30079E04300F9A10300B4B9
:10443000E6230191E4830691E5430791E3048012AA
:10444000E00F8012E59704A905008012E42F00F91F
:1044500024040051E3030C29E1A30191E3830091BB
:10446000E00313AAC00440ADE47700B9E5F7007992
:10447000E48B00B9E00701AD5E0300941F04003136
:104480006A00005461118052610200B9E13740F9BD
:104490003F000039F30B40F9FD7BDDA8C0035FD678
:1044A000E5230191E3830691E4430791E10480123F
:1044B000E00F8012E49304A904008012E32F00F9B6
:1044C000E3830091E1030C29E1A30191E00313AA26
:1044D000FF7700B9A00440ADE4F70079FF8B00B985
:1044E000E00701AD430300941F0400316A0000544B
:1044F00061118052610200B9F30B40F9FD7BDDA828
:10450000C0035FD66111805200008012610200B9C1
:10451000FAFFFF170000000000000000000000008C
:10452000FD7BA3A9FD030091F30B00F9F30301AA9E
:1045300081408052E03700F9E1F30079E04300F96F
:10454000E04B803DE14F803DE253803DE357803DAD
:10455000E45B803DE55F803DE663803DE767803D4D
:10456000E20F1AA9E4171BA9E61F1CA9D5010094A4
:10457000A1000090E4830691E42F00F9E40300AA6F
:10458000E5430791202C44F9E1230191E2058012D3
:10459000E30F8012E59704A905000090A50019918A
:1045A000E20F0C2906008012E20313AAE3830091B4
:1045B000200440ADE1A30191E47300B9E6F700796E
:1045C000E00701ADE48B00B9E55300F9FF6300F9A2
:1045D000FF7300F98F0F0094F30B40F9FD7BDDA80A
:1045E000C0035FD6000000000000000000000000D3
:1045F000FD7BBEA9637C4093FD030091F30B00F9A2
:10460000F30301AA2124C07972000094E000F8B7F6
:10461000614A40F92100008B614A00F9F30B40F92F
:10462000FD7BC2A8C0035FD66122407921781312B6
:1046300061220079F30B40F9FD7BC2A8C0035FD66D
:1046400000008052C0035FD60000000000000000A0
:10465000FD7BBDA9FD0300912420C079F35301A97E
:10466000F30301AAF40300AAF55B02A9F50302AA69
:10467000F603032A840140376126C0798478131237
:1046800064220079C37E4093E20315AAE00314AAD2
:104690007C000094F35341A9F55B42A9FD7BC3A8BC
:1046A000C0035FD62124C07943008052020080D22B
:1046B000300000946422C079F0FFFF170000000072
:1046C000FD7BBEA9FD030091F30B00F9F30301AAE2
:1046D0002124C079270000946122C0791F0400B111
:1046E000E00000542100143261220079604A00F990
:1046F000F30B40F9FD7BC2A8C0035FD621781312EB
:1047000061220079F30B40F9FD7BC2A8C0035FD69C
:104710002124C07903000014000000000000000004
:10472000FD7BBEA9FD030091F35301A9F40000F045
:10473000F30300AA9F0A0BB9E003012AF5F1FF97E2
:104740001F04003180000054F35341A9FD7BC2A82F
:10475000C0035FD6810A4BB981FFFF34610200B903
:10476000F35341A9FD7BC2A8C0035FD6000000003F
:10477000FD7BBEA9FD030091F35301A9F40000F0F5
:10478000F30300AA9F0A0BB9E003012AE10302AA7E
:10479000E203032A67F1FF971F0400B18000005471
:1047A000F35341A9FD7BC2A8C0035FD6810A4BB970
:1047B00081FFFF34610200B9F35341A9FD7BC2A818
:1047C000C0035FD6000000000000000000000000F1
:1047D000FD7BBEA9FD030091F35301A9F40000F095
:1047E000F30300AAE003012AE10302AA9F0A0BB91E
:1047F000E20303AA1BF1FF97017C40931F040031E1
:10480000A0000054F35341A9E00301AAFD7BC2A814
:10481000C0035FD6800A4BB960FFFF34600200B965
:10482000E00301AAF35341A9FD7BC2A8C0035FD6F0
:10483000FD7BBEA9FD030091F35301A9F40000F034
:10484000F30300AA9F0A0BB9E00301AA29BAFF9754
:104850001F0400B180000054F35341A9FD7BC2A89E
:10486000C0035FD6810A4BB981FFFF34610200B9F2
:10487000F35341A9FD7BC2A8C0035FD6000000002E
:10488000FD7BBEA9FD030091F35301A9F40000F0E4
:10489000F30300AAE003012AE10302AA9F0A0BB96D
:1048A000E20303AA5BF1FF97017C40931F040031F0
:1048B000A0000054F35341A9E00301AAFD7BC2A864
:1048C000C0035FD6800A4BB960FFFF34600200B9B5
:1048D000E00301AAF35341A9FD7BC2A8C0035FD640
:1048E000A0000090002C44F9C0035FD60000000037
:1048F000C0035FD6000000000000000000000000C0
:10490000C0035FD6000000000000000000000000AF
:10491000C0035FD60000000000000000000000009F
:10492000C0035FD60000000000000000000000008F
:104930000000000000000000000000000000000077
:104940005F2403D52400028B0500028B5F0002F177
:10495000880700545F8000F1C80300545F4000F1F5
:10496000C3000054261C40A98C347FA9061C00A952
:10497000AC343FA9C0035FD6C2001836260040F908
:1049800087805FF8060000F9A7801FF8C0035FD694
:10499000C2001036260040B988C05FB8060000B9D2
:1049A000A8C01FB8C0035FD6020100B44EFC41D3BB
:1049B000260040398AF05F3828686E3806000039D2
:1049C00008682E38AAF01F38C0035FD61F2003D511
:1049D000261C40A9282441A98A2C7EA98C347FA9B1
:1049E0005F0001F1E8000054061C00A9082401A999
:1049F000AA2C3EA9AC343FA9C0035FD61F2003D523
:104A00002E3C42A9304443A95F8001F1A900005423
:104A1000820C7CA981107DA9A20C3CA9A1103DA902
:104A2000061C00A9082401A90E3C02A9104403A9F0
:104A3000AA2C3EA9AC343FA9C0035FD61F2003D5E2
:104A40000E0001CB2EFCFFB4DF0102EBA3040054E7
:104A50002C3440A90E0C409203EC7C9221000ECB2A
:104A600042000E8B261C41A90C3400A9282442A91F
:104A70002A2C43A92C34C4A9424002F169010054F4
:104A8000661C01A9261C41A9682402A9282442A960
:104A90006A2C03A92A2C43A96C3484A92C34C4A9F8
:104AA000420001F1E8FEFF548E3C7CA9661C01A97E
:104AB000861C7DA9682402A988247EA96A2C03A9E2
:104AC0008A2C7FA96C3404A9AE3C3CA9A61C3DA944
:104AD000A8243EA9AA2C3FA9C0035FD61F2003D556
:104AE0008C347FA9AE0C409284000ECB42000ECBDA
:104AF000861C7FA9AC343FA988247EA98A2C7DA975
:104B00008C34FCA9A5000ECB420002F169010054CF
:104B1000A61C3FA9861C7FA9A8243EA988247EA99B
:104B2000AA2C3DA98A2C7DA9AC34BCA98C34FCA943
:104B3000420001F1E8FEFF54220C43A9A61C3FA944
:104B4000261C42A9A8243EA9282441A9AA2C3DA993
:104B50002A2C40A9AC343CA9020C03A9061C02A9CA
:104B6000082401A90A2C00A9C0035FD60000000098
:104B70000000000000000000000000000000000035
:104B80005F2403D5200C014E0400028B5F8001F1ED
:104B9000880300545F4000F1E2010054013C084EDC
:104BA00082001836010000F981801FF8C0035FD62B
:104BB00082001036010000B981C01FB8C0035FD663
:104BC000820000B4010000394200083681E01F78FD
:104BD000C0035FD60000803DC200303780009F3C9C
:104BE000620028360004803D80009E3CC0035FD6F2
:104BF0000004803D000001AD80003FADC0035FD6E2
:104C0000211C001203EC7C920000803D5F8002F1C9
:104C10002028407A41020054E5003BD5A51040927F
:104C2000BF1000F1C10100546004803D600001AD7F
:104C300063E47A92820003CB420002D11F2003D5A5
:104C40006300019123740BD5420001F1A8FFFF54CA
:104C500080003EAD80003FADC0035FD6820003CB35
:104C6000634000D1424001D1600001AD600082ADDF
:104C7000420001F1A8FFFF5480003EAD80003FAD2F
:104C8000C0035FD60000000000000000000000002C
:104C90000000000000000000000000000000000014
:104CA0000000000000000000000000000000000004
:104CB00000000000000000000000000000000000F4
:104CC0005F2403D5042C40929F803FF1C806005416
:104CD000020C40A9E8C300B2440008CB45D800B29A
:104CE000660008CB67D800B2840025EAC500278A91
:104CF000A00840FA000100548430859A000180D257
:104D0000840CC0DAE033809A8410C0DA000C448B43
:104D1000C0035FD6020C41A9440008CB45D800B2BD
:104D2000660008CB67D800B2840025EAC500278A50
:104D3000A00840FA400100548430859A000380D2D4
:104D4000840CC0DA060280D28410C0DAC030809AA7
:104D5000000C448BC0035FD61F2003D501E87B9273
:104D60002108C1AD20AC226E00AC206E0098200E50
:104D70000300669E63FFFFB42098204E200000CB06
:104D8000630000354098204E0040009100840C0FD5
:104D90000300669E6300C0DA6210C0DA0008428B2E
:104DA000C0035FD601E87B92628081520206B8722E
:104DB00021A0404C400C044E2198204E4298204E99
:104DC000211C204E421C204E20BC224E00BC204EF6
:104DD0000300669E04F87FD36324C49A23FCFFB4C7
:104DE0006300C0DA6010C0DA00FC41D3C0035FD6B4
:104DF000FD7BBCA9FD030091F55B02A9B600009004
:104E0000D6C20091F50300AAF35301A9F71B00F9DC
:104E1000F70301AAB7FAFF97C00A40F9140440F952
:104E200094F67E92937E3F91730217CB73CE749269
:104E3000730640D17FFE3FF10D010054010080D286
:104E4000E00315AA7BFEFF97C10A40F92100148BED
:104E50001F0001EB20010054E00315AAA9FAFF97F7
:104E6000F35341A900008052F55B42A9F71B40F9BA
:104E7000FD7BC4A8C0035FD6E10313CBE00315AAF2
:104E80006CFEFF971F0400B120020054E20000F006
:104E9000940213CBC30A40F9940240B2419848B936
:104EA000E00315AA2100134B740400F9419808B9D6
:104EB00094FAFF97F35341A920008052F55B42A971
:104EC000F71B40F9FD7BC4A8C0035FD6010080D268
:104ED000E00315AA57FEFF97C20A40F9010002CB72
:104EE0003F7C00F1ADFBFF54A4000090210040B2D4
:104EF000410400F9E30000F0810C40F9000001CB0F
:104F0000609808B9D5FFFF170000000000000000FE
:104F1000210A00B4FD7BBEA9FD030091F35301A952
:104F2000F30301AAF40300AA72FAFF9765825FF8FF
:104F3000634200D1A000009000C00091A2F87F92CF
:104F40006400028B060840F9810440F921F47E9246
:104F5000DF0004EB000C0054810400F98600018B93
:104F60004503003767025FF8A5000090C60440F9CA
:104F7000630007CB4200078BA5000191C600409259
:104F8000670840F9FF0005EB40090054680C40F940
:104F9000E80C00F9070900F9C60100B54200018BD1
:104FA000810840F93F0005EBA00E0054850C40F944
:104FB000250C00F9440040B2A10800F9640400F98E
:104FC000626822F806000014C50440F9A506003600
:104FD000410040B2610400F9820000F95FFC07F172
:104FE000C903005441FC49D35FFC27F1C8090054B0
:104FF00041FC46D324E4001125E0001184781F53BE
:10500000847C7D930400048B81045FF89F0001EB96
:10501000A100005453000014210840F99F0001EB47
:10502000A0000054200440F900F47E921F0002EB1F
:1050300048FFFF54240C40F9611001A9E00314AAB1
:10504000830800F9230C00F9F35341A9FD7BC2A8A2
:105050002CFAFF17C0035FD644FC43D3220080D252
:1050600081040011050440F921781F53847C021348
:1050700001CC218B4220C49A420005AA020400F907
:1050800020045FF8600401A9230800F9030C00F96B
:10509000E00314AAF35341A9FD7BC2A819FAFF1734
:1050A000850000F04200018BA5000191BDFFFF17B4
:1050B000860900B5850041A92100028BA00C00F9EA
:1050C000220040B2050800F9620400F9616821F885
:1050D000F0FFFF174100018BE500003762025FF827
:1050E000630002CB2100028B640841A9820C00F905
:1050F000440800F9820000F0240040B2640400F982
:10510000421040F9030800F95F0001EB28FCFF544E
:10511000E10000D0E00314AA216844F935FFFF97AD
:10512000DCFFFF173F5000F1290100543F5001F10F
:105130002803005441FC4CD324BC011125B80111B3
:1051400084781F53847C7D93AFFFFF172470011177
:10515000256C011184781F53847C7D93AAFFFF176F
:10516000060440F9A57C0213220080D24220C59A91
:10517000420006AA020400F9B0FFFF17030C02A9BF
:10518000410040B2619400A9650C00F9626822F800
:10519000C0FFFF173F5005F1E800005441FC4FD31A
:1051A00024E0011125DC011184781F53847C7D9358
:1051B00095FFFF173F5015F1E800005441FC52D312
:1051C00024F4011125F0011184781F53847C7D9310
:1051D0008DFFFF1704FE80D2C50F80528AFFFF1794
:1051E000400040B2600400F9820000F9A9FFFF17F7
:1051F000FFC309D1FD7B00A9FD030091F55B02A966
:10520000F50301AA610040F9E13F00F9610440F9AA
:10521000E15300F9610840F9E18F00F9611840B9E4
:10522000E19300B9611C40B9F35301A9F30300AA4B
:10523000F76303A9F70302AAE1FF00B981310094E3
:10524000000040F9E05B00F99EFEFF97E05700F98F
:10525000020180D2E06305910100805249FEFF9770
:10526000A022407960003836A00E40F900B300B4A7
:10527000F96B04A9FB7305A9E827066DF6C307912E
:1052800008E4002F940000F0FC0316AA9402279172
:10529000EA0317AAA00000D000503191FF7700B9AF
:1052A000E04300F9FF9700B9FF7F0EA9FF7B00F9EB
:1052B000FFFB00B9FF8300F9F6BB00F9FF7B01B9E2
:1052C000FFC300F9F7030AAAF8030AAA1F2003D5AF
:1052D000997640F957310094E4630591037C40933B
:1052E000E20317AAE1330591E00313AA20033FD696
:1052F0001F000071E0010034EB000054E14F41B9A0
:105300003F94007100350054007C4093F702008BFD
:10531000F0FFFF17E0630591020180D20100805287
:1053200018FEFF97200080D2F702008BE9FFFF17DD
:10533000FA03002AE00218CBEA0318AAFB03002AAA
:10534000E0F70034E2C340F9617F4093E07B41B96C
:105350004200018B8A0700A900040011E07B01B91B
:105360009C430091E2C300F91F1C00712C470054BC
:10537000E07740B900001B0BE07700B91AF6003463
:10538000EA060091E8064039070080120B008052BF
:1053900009008052F8030B2AF703092AF903072AA8
:1053A000FA030AAAFFFF04395A070091008100514D
:1053B0001F680171C8000054E14340F9205860782B
:1053C0006100001020A8208B00001FD6E903172AD7
:1053D000EB03182AEA031AAA28F300343A00805291
:1053E000FB230691F7031A2A01008052190080D28C
:1053F0000700805218008052FF8B00B9FF9B00B954
:10540000FFFF0439E823063932011F72420B0011F5
:10541000E0C340F95A109A1A8E1080522E010E6A7B
:105420008100005464011A4B9F0000716C1A0054F3
:10543000A1010034E17B41B9E2FF04910004009135
:10544000820300F921040011220080D2820700F9B2
:105450009C430091E17B01B9E0C300F93F1C00715E
:10546000EC200054B2010034E17B41B9E203059124
:1054700000080091820300F921040011420080D24B
:10548000820700F99C430091E17B01B9E0C300F978
:105490003F1C0071CC3E0054DF0102710029005412
:1054A000E700174BFF0000710C050054290E403730
:1054B000E17B41B9EC7E409300000C8B9B3300A94B
:1054C00021040011E17B01B9E0C300F93F1C007128
:1054D0008C2400549C4300918900103677011A4BAC
:1054E000FF020071CC3E0054E17740B97F011A6B96
:1054F00063A19A1A2100030BE17700B9003000B5CF
:10550000FF7B01B9D90000B4E10319AAE00313AA93
:10551000EA4700F97FFEFF97EA4740F9FC0316AA25
:1055200069FFFF1700C1005118008052481740382A
:105530000B0B180B18040B0B00C100511F2400713A
:1055400069FFFF549AFFFF17A40000D0E17B41B927
:1055500084403491FF4000718D050054E2031CAA81
:105560000D0280D2FC030AAAE8BB00B9E9C300B966
:10557000EBCB00B9F7D300B9F703072AF8DB00B982
:10558000F80304AA04000014F7420051FF4200711E
:10559000AD0200540040009121040011583400A9CC
:1055A00042400091E17B01B9E0C300F93F1C00716A
:1055B000CDFEFF54E2C30591E10315AAE00313AA4F
:1055C00098420094A02A0035F7420051E17B41B98E
:1055D000E0C340F9E20316AA0D0280D2FF42007137
:1055E000ACFDFF54E703172AE40318AAE8BB40B94F
:1055F000EA031CAAE9C340B9FC0302AAEBCB40B9F9
:10560000F7D340B9F8DB40B9E77C4093210400119F
:105610000000078B841F00A99C430091E17B01B926
:10562000E0C300F93F1C00712DF4FF54E2C3059163
:10563000E10315AAE00313AAE8BB00B9E9C300B966
:10564000EBCB00B9EA6B00F9764200946026003596
:10565000E9C340B9FC0316AAEA6B40F9E0C340F97C
:10566000E8BB40B9EBCB40B949F247361F2003D520
:105670001F9501714D2700540821601E213F0054E1
:10568000E17B41B900040091A2000090240080D287
:1056900042400C9121040011821300A99C43009107
:1056A000E17B01B9E0C300F93F1C0071ECC5005477
:1056B000E29740B9E14B41B93F00026BEA7F0054E9
:1056C000E28F4AA9830B00A9E17B41B99C43009179
:1056D00021040011E17B01B90000028BE0C300F955
:1056E0003F1C00718C8C0054E19740B93704005185
:1056F000FF0200712DEFFF54A40000D0E17B41B9FF
:1057000084403491FF4200710DD00054E2031CAA82
:10571000F80304AAFC030AAA1B0280D2E98B00B991
:10572000EB9B00B904000014F7420051FF420071E6
:105730002DCE00540040009121040011586C00A9A6
:1057400042400091E17B01B9E0C300F93F1C0071C8
:10575000CDFEFF54E2C30591E10315AAE00313AAAD
:1057600030420094A01D0035E0C340F9E20316AAC0
:10577000E17B41B9EDFFFF17AD0000D0E17B41B9FE
:10578000AD8134919F4000714D060054E2031CAA84
:105790000F0280D2FC030AAAF2BB00B9EEC300B923
:1057A000E8CB00B9E9D300B9EBDB00B9E70B01B9ED
:1057B000F71301B9F703042AF82301B9F8030DAA76
:1057C00004000014F7420051FF420071AD02005482
:1057D0000040009121040011583C00A94240009172
:1057E000E17B01B9E0C300F93F1C0071CDFEFF541D
:1057F000E2C30591E10315AAE00313AA094200944C
:10580000C0180035F7420051E17B41B9E0C340F9CF
:10581000E20316AA0F0280D2FF420071ACFDFF54D2
:10582000E403172AED0318AAF2BB40B9EA031CAA45
:10583000EEC340B9FC0302AAE8CB40B9E9D340B9B2
:10584000EBDB40B9E70B41B9F71341B9F82341B994
:10585000847C4093210400110000048B8D1300A967
:10586000E17B01B9E0C300F93F1C00712CA7005493
:10587000E1FF44399C430091EEFEFF17E2C305911E
:10588000E10315AAE00313AAF2BB00B9EEC300B905
:10589000E8CB00B9E9D300B9EBDB00B9E70B01B9FC
:1058A000EA8B00F9DF41009480130035EA8B40F960
:1058B000FC0316AAE0C340F9F2BB40B9EEC340B9FD
:1058C000E8CB40B9E9D340B9EBDB40B9E70B41B9CC
:1058D000E5FEFF17E17B41B900040091A4000090B0
:1058E000270080D284400C9121040011841F00A95C
:1058F0009C430091E17B01B9E0C300F93F1C0071BA
:105900008CEB0054E19740B92100022A21F00034C9
:10591000E3934AA9840F00A9E17B41B98643009132
:1059200021040011E17B01B96000008BE0C300F9A4
:105930003F1C00714CF00054E21AF937E29780B92D
:1059400021040011DB0800A9DC4000914000008B1D
:10595000E17B01B9E0C300F93F1C0071EDDBFF54AE
:10596000E2C30591E10315AAE00313AAE98B00B98C
:10597000EB9B00B9EA5F00F9AA410094E00C003506
:10598000EA5F40F9FC0316AAE0C340F9E98B40B98D
:10599000EB9B40B9D1FEFF1748034039F7021C3298
:1059A00082FEFF17FA03002AE00218CBEA0318AAC6
:1059B000FB03002A60CEFF3463FEFF176D011A4B14
:1059C000BF010071EDD6FF54A40000D0E17B41B9C6
:1059D00084403491BF410071CD050054E2031CAAFC
:1059E0000E0280D2FC030AAAE8BB00B9E9C300B9E1
:1059F000EBCB00B9E7D300B9F7DB00B9F7030D2A09
:105A0000F80B01B9F80304AA04000014F74200518E
:105A1000FF420071AD0200540040009121040011CA
:105A2000583800A942400091E17B01B9E0C300F978
:105A30003F1C0071CDFEFF54E2C30591E10315AA9E
:105A4000E00313AA7741009480060035F742005125
:105A5000E17B41B9E0C340F9E20316AA0E0280D20D
:105A6000FF420071ACFDFF54ED03172AE40318AAAE
:105A7000E8BB40B9EA031CAAE9C340B9FC0302AA87
:105A8000EBCB40B9E7D340B9F7DB40B9F80B41B9EC
:105A9000AD7D40932104001100000D8B843700A9D7
:105AA0009C430091E17B01B9E0C300F93F1C007108
:105AB0008DCFFF54E2C30591E10315AAE00313AAB9
:105AC000E8BB00B9E9C300B9EBCB00B9E7D300B933
:105AD000EA6F00F95341009400020035EA6F40F983
:105AE000FC0316AAE0C340F9E8BB40B9E9C340B9DA
:105AF000EBCB40B9E7D340B96AFEFF17E2C305918B
:105B0000E10315AAE00313AAEA4700F9454100940E
:105B1000EA4740F960CFFF34E10319AA610000B4FD
:105B2000E00313AAFBFCFF97A022407900001A12A1
:105B3000F96B44A9FB7345A9E827466D601601354A
:105B4000FD7B40A9F35341A9F55B42A9F76343A943
:105B5000E07740B9FFC30991C0035FD6E17B41B94B
:105B600000040091E39740B98243009121040011A1
:105B70007F0400712D220054240080D29B1300A9C1
:105B8000E17B01B9E0C300F93F1C0071AC2A00546D
:105B9000E3934AA921040011440C00A9424000915A
:105BA000E17B01B90000038BE0C300F93F1C0071E9
:105BB0002C2700540821601EE39740B97704005158
:105BC00080220054F77E4093210400110000178BBF
:105BD000E17B01B9E0C300F965070091450000F9D8
:105BE000570400F93F1C00718C6200544240009140
:105BF000E4FB80B921040011E5430591451000A99B
:105C00008000008BE17B01B95C400091E0C300F9AA
:105C10003F1C00712DC6FF54E2C30591E10315AA94
:105C2000E00313AAE98B00B9EB9B00B9EA5F00F926
:105C3000FC40009420F7FF35EA5F40F9FC0316AA08
:105C4000E0C340F9E98B40B9EB9B40B923FEFF1755
:105C5000E2C30591E10315AAE00313AAF140009401
:105C600040F6FF35FC0316AAC2FDFF17E2C30591FB
:105C7000E10315AAE00313AAEEBB00B9E8C300B91B
:105C8000E9CB00B9EBD300B9E7DB00B9EA8700F94B
:105C9000E440009420F4FF35EA8740F9FC0316AA9B
:105CA000E0C340F9EEBB40B9E8C340B9E9CB40B925
:105CB000EBD340B9E7DB40B9F8FDFF17AD0000D0EA
:105CC000E17B41B9AD813491FF420071ED03005495
:105CD000F8030DAA1B0280D2EB8B00B9EA4F00F942
:105CE00004000014F7420051FF4200718D0200547D
:105CF0000040009121040011986F00A99C4300917D
:105D0000E17B01B9E0C300F93F1C0071CDFEFF54F7
:105D1000E2C30591E10315AAE00313AAC140009470
:105D2000C0EFFF35F7420051E17B41B9E0C340F9D4
:105D3000FC0316AAFF420071CCFDFF54EA4F40F964
:105D4000ED0318AAEB8B40B9F77E409321040011B4
:105D50000000178B8D5F00A9E17B01B9E0C300F95A
:105D60003F1C00712DBCFF54E2C30591E10315AA4D
:105D7000E00313AAEB8B00B9EA4F00F9A9400094A5
:105D8000C0ECFF35EA4F40F9E0C340F9EB8B40B976
:105D9000D6FDFF17E0FF40B9E903172AEB03182AE5
:105DA000E703192AEA031AAA094B1836E0C1F837A3
:105DB000E03F40F9003C009100EC7C9201400091F2
:105DC000E13F00F90000C03DE88B00B9E99B00B954
:105DD000EBBB00B9E7C300B9EA6700F92D470094AF
:105DE000EA6740F90840601EE88B40B9E99B40B97A
:105DF000EBBB40B9E7C340B900C1601E0002F0929E
:105E00000100679E0020611E0D7F00541821601E56
:105E100084C20054E1FF4439A0000090A500009026
:105E20001F1D017100E00A91A5000B91FF8B00B9C5
:105E30007A008052FF9B00B929791812BBC0809A62
:105E4000F7031A2A190080D20700805218008052E6
:105E5000C1ADFF341F2003D55A0700116BFDFF179A
:105E6000E24B41B95F0000716DD3FF54E19740B937
:105E70001F03016B17D3811A2C7C4093FF02007122
:105E80006D010054E17B41B9E27E40930000028B3A
:105E90009B0B00A921040011E17B01B99C430091F7
:105EA000E0C300F93F1C00714CC10054FF020071B7
:105EB000E4A29F1A1703044BFF0200714C530054D5
:105EC00068C3388BE95B5037E19740B9F74B41B96C
:105ED000FF02016B2B64005409640037E19740B95D
:105EE0007B030C8B7B0308CB3700174BFF021B6B2C
:105EF000FBB29B1A7F0300716D010054E17B41B935
:105F0000627F40930000028B880B00A921040011DE
:105F1000E17B01B99C430091E0C300F93F1C007193
:105F20002CE700547F0300717BA39F1AF7021B4BE1
:105F3000FF0200712DADFF54A40000D0E17B41B9F8
:105F400084403491FF4200710D8E0054E2031CAA7C
:105F5000F80304AAFC030AAA1B0280D2E98B00B949
:105F6000EB9B00B904000014F7420051FF4200719E
:105F70002D8C00540040009121040011586C00A9A0
:105F800042400091E17B01B9E0C300F93F1C007180
:105F9000CDFEFF54E2C30591E10315AAE00313AA65
:105FA00020400094A0DBFF35E0C340F9E20316AACD
:105FB000E17B41B9EDFFFF1709DE0737240080D2EE
:105FC0009B1300A9E17B01B9E0C300F93F1C0071FC
:105FD0000DE1FF54E2C30591E10315AAE00313AA02
:105FE000E98B00B9EB9B00B9EA5F00F90D40009422
:105FF00040D9FF35EA5F40F9E20316AAE0C340F951
:10600000E98B40B9EB9B40B9E17B41B9F9FEFF1741
:10601000E39740B97F040071CDDEFF54A40000B0C7
:10602000844034917F4400716D3F0054FC030B2A7F
:10603000F80304AA1B0280D2E98B00B9EA4F00F9E9
:1060400004000014F7420051FF420071CD3D00549E
:106050000040009121040011586C00A942400091B9
:10606000E17B01B9E0C300F93F1C0071CDFEFF5494
:10607000E2C30591E10315AAE00313AAE93F0094E6
:10608000C0D4FF35E0C340F9E20316AAE17B41B971
:10609000EDFFFF17E2C30591E10315AAE00313AA80
:1060A000E98B00B9EB9B00B9EA5F00F9DD3F009492
:1060B00040D3FF350821601EE39740B9EA5F40F9FD
:1060C000E20316AAE0C340F977040051E98B40B916
:1060D000EB9B40B9E17B41B9C0F9FF54BAFEFF1711
:1060E000E2C30591E10315AAE00313AAE98B00B905
:1060F000EB9B00B9EA5F00F9CA3F0094E0D0FF359E
:10610000EA5F40F9E20316AAE0C340F9E98B40B91F
:10611000EB9B40B9E17B41B99EFEFF17E09340B98C
:10612000E903172AEB03182AE703192AEA031AAA34
:10613000C032F837E03F40F9013C009121F07D92F8
:10614000E13F00F91B0040F9FFFF0439FB8500B473
:106150001F4D01716072005438011C1229722037E2
:10616000A7BBF837E27C4093E0031BAA01008052F2
:10617000E78B00B9E99B00B9EBBB00B9EA6300F912
:10618000C02D0094EA6340F9F90300AAE78B40B9F7
:10619000E99B40B9EBBB40B900FB00B4E1FF4439D7
:1061A00003001BCBFF8B00B97F000071FF9B00B980
:1061B000F703032A7AA09F1A07008052190080D2A1
:1061C000680E80522192FF3424FFFF17E903172A3B
:1061D000EB03182AEA031AAA1F0D017140000054AC
:1061E000A92F2036E0A30591020180D20100805240
:1061F000E88B00B9E99B00B9EBBB00B9EA6300F991
:1062000060FAFF97E09340B9EA6340F9E88B40B940
:10621000E99B40B9EBBB40B94082F837E03F40F919
:10622000012C009121F07D92E13F00F9020040B97C
:10623000F8230691E3A30591E10318AAE00313AA4A
:10624000E88B00B9E99B00B9EBBB00B9EA6300F940
:10625000743E0094EA6340F9F703002AE88B40B9E2
:106260001F040031E99B40B9EBBB40B920DC00546E
:106270001F0000711AA09F1AFB0318AA0100805288
:10628000190080D20700805218008052FF8B00B99D
:10629000FF9B00B9FFFF04395CFCFF17F803184BA4
:1062A000E03F00F948034039F7021E323FFCFF1778
:1062B000EA031AAAEB03182AE703192AFA021C3286
:1062C000E09340B95A002837FA202036E04BF837DF
:1062D000E03F40F9013C009121F07D92E13F00F95F
:1062E000000040F92100805202008052E2FF043990
:1062F0000718F8371F0000F1497B1812E008407AB0
:106300006117005481040035570300127A1C0036CF
:10631000FBAF07910006805207008052E0AF0739BB
:10632000E1FF4439FF00176BFF8B00B9FAA0971A01
:10633000FF9B00B9190080D2180080526186FF349B
:10634000C6FEFF17EB03182AE703192AEA031AAA65
:10635000E9021C32E09340B949002837291B203656
:106360008048F837E03F40F9013C009121F07D92F0
:10637000E13F00F9010040F9E00301AA4119F8B733
:10638000A717F8371F0000F129791812E008407AA2
:1063900021170054FBB30791070080521700805269
:1063A000E0FFFF17EB03182AE703192AEA031AAAEA
:1063B000E9021C32E09340B949002837891B203696
:1063C0000043F837E03F40F9013C009121F07D9215
:1063D000E13F00F9000040F93A79151201008052BE
:1063E000C2FFFF1748034039F7021D32EFFBFF17CA
:1063F00048034039F7021B32ECFBFF17E09340B92A
:10640000E903172AEB03182AE703192AEA031AAA51
:10641000801AF837E03F40F9013C009121F07D926D
:10642000E13F00F9000040F902068F52830000F0BE
:106430003A011F3263600B9141008052080F805275
:10644000E37300F9E2830279A8FFFF17E09340B9F4
:10645000E903172AEA031AAAA90128378901203774
:10646000A99C303749CE483620ECF837E03F40F958
:10647000013C009121F07D92E13F00F9000040F9DC
:10648000E1D34139010000398FFBFF178023F83732
:10649000E03F40F9013C009121F07D92E13F00F99D
:1064A000000040F9E17780B9010000F986FBFF1791
:1064B000480340391FB1017120200054F7021C32FB
:1064C000BAFBFF17480340391FA10171001F005498
:1064D000F7021A32B5FBFF176005805248034039B6
:1064E000E0FF0439B1FBFF1748034039F7021932C6
:1064F000AEFBFF17E1031AAA281440381FA9007148
:1065000040EF005400C10051FA0301AA0700805275
:10651000190080521F240071A874FF541F2003D556
:1065200028144038E708070B0704070B00C1005187
:106530001F24007169FFFF54FF000071FA0301AAD4
:10654000F9A09F5A9AFBFF17E09340B92013F83740
:10655000E03F40F9002C009100F07D92E13F40F9CE
:10656000380040B9D8E9FF3748034039E03F00F927
:106570008EFBFF17E00313AAB22C0094000440F92D
:10658000E07700F9CFF9FF97E10300AAFB0301AA26
:10659000E00313AAE18300F9AA2C0094000840F953
:1065A000E07B00F97F0300F1041840FAC00B0054AF
:1065B00001004039E0021632480340393F000071C3
:1065C0001710971A79FBFF1748034039F70200327A
:1065D00076FBFF17E0FF443948034039606EFF3512
:1065E00000048052E0FF043970FBFF17FA03092A08
:1065F0003F04007120040054F7B30791FB0317AA6E
:106600003F08007161010054E27340F91F2003D577
:10661000010C409200FC44D34168613861FF1F388F
:1066200080FFFFB5F7021B4BE9031A2A3DFFFF1756
:1066300001080012E2031BAA21C0001161FF1F38EC
:1066400000FC43D360FFFFB53FC00071E0079F1A15
:106650005F03006A80FEFF54420800D100068052AA
:10666000E9031A2AF702024B60F31F38FB0302AA60
:106670002CFFFF17FA03092A1F2400F1A855005424
:1066800000C00011E9031A2AFBAF079137008052BE
:10669000E0AF073923FFFF17FBB3079107008052D4
:1066A00020FFFF17E00300CBFA03092AA20580525E
:1066B000210080520EFFFF170971073601FCFF17FA
:1066C000E95E3036E08DF837E03F40F9012C00916B
:1066D00021F07D92E13F00F900008079E10300AAFA
:1066E00027FFFF173A6230368089F837E03F40F9DC
:1066F000012C009121F07D92E13F00F900004079EA
:1067000021008052F9FEFF17A075F837E03F40F9ED
:10671000013C0091080040FD21F07D92E13F00F92D
:10672000B6FDFF174803403920FBFF17495D30369F
:106730002089F837E03F40F9012C009121F07D924B
:1067400000004079E13F00F924FFFF17E903172A11
:10675000EB03182AE703192AEA031AAAFEFEFF1719
:10676000E09340B9012000113F0000712D9F0054BB
:10677000E03F40F9E19300B9023C009141F07D9285
:10678000E13F00F928FFFF17E09340B90120001115
:106790003F0000712D9B0054E03F40F9E19300B9A8
:1067A000023C009141F07D92E13F00F966FEFF1747
:1067B000E09340B9012000113F000071CD9B0054CF
:1067C000E03F40F9E19300B9002C009100F07D9288
:1067D00063FFFF17E09340B9A099F837E03F40F915
:1067E000012C009121F07D92E13F00F9000040B9B9
:1067F0003A008052F8230691F7031A2AE02306395B
:106800009EFEFF17EA4F40F9EB031C2AE98B40B9C3
:10681000E40318AAF77E4093210400110000178BAF
:10682000E17B01B9E0C300F9440000F9570400F925
:106830003F1C0071CD9DFF54E2C30591E10315AAF1
:10684000E00313AAE98B00B9EB9B00B9EA5F00F9FA
:10685000F43D00942096FF35EA5F40F9E20316AA62
:10686000E0C340F9E98B40B9EB9B40B9E17B41B90A
:10687000E0FCFF17E2C30591E10315AAE00313AAA8
:10688000E98B00B9EB9B00B9EA5F00F9E53D0094A4
:106890004094FF35EA5F40F9FC0316AAE0C340F9D3
:1068A000E98B40B9EB9B40B990FBFF174807403993
:1068B000F70217325A070091BCFAFF174807403910
:1068C000F7021B325A070091B8FAFF17E00313AA28
:1068D000010880D207F2FF97A00200F9A00E00F98C
:1068E000A0D700B4F96B04A900088052FB7305A976
:1068F000E827066DA02200B961FAFF17E09340B9BE
:10690000012000113F0000714D970054E03F40F915
:10691000E19300B9023C009141F07D92E13F00F922
:10692000E0FEFF17A40000B0E17B41B98440349140
:10693000FF4200712D610054E2031CAA080280D2BC
:10694000FC030AAAEC5F00F9E9C300B9EBCB00B97C
:10695000F8D300B9F80304AA04000014F742005168
:10696000FF420071CD5E00540040009121040011EF
:10697000582000A942400091E17B01B9E0C300F931
:106980003F1C0071CDFEFF54E2C30591E10315AA3F
:10699000E00313AAA33D0094008CFF35E0C340F947
:1069A000E20316AAE17B41B9080280D2ECFFFF178F
:1069B000E903172AEB03182AE703192AEA031AAA9C
:1069C000800000F000C00B91E07300F9E09340B943
:1069D000A90F2837890F2037E94830366076F83715
:1069E000E03F40F9012C009121F07D9200004079B8
:1069F000E13F00F97A000014EA031AAAEB03182A0F
:106A0000E703192AFA03172A2EFEFF17800000F069
:106A1000E903172A00600B91EB03182AE703192AF0
:106A2000EA031AAAE07300F9E9FFFF17E903172A3E
:106A3000EB03182AE703192AEA031AAA5EFEFF17D6
:106A4000E18B40B93F000071E19B40B920D8407A0A
:106A50008DCC00546D030C8BE2031CAAA40000B083
:106A6000FC03012A84403491F8030DAA170280D256
:106A7000F34F00F9F95F00F9F90308AAEC6F00F988
:106A8000FB8700F9FB7B40F9E91301B9EB2301B95E
:106A9000FA2701B9FA8340F9EA9700F928000014AF
:106AA0009C070051E17B41B900001A8BE37740F964
:106AB00021040011436800A942400091E17B01B923
:106AC000E0C300F93F1C00712C17005461034039EA
:106AD000050319CBE30318AA3F00056B33B0851AF1
:106AE0007F0200718D010054E17B41B96A7E4093C1
:106AF00000000A8B592800A921040011E17B01B98B
:106B0000E0C300F93F1C00716C360054610340394A
:106B1000424000917F02007165A29F1A3300054B2D
:106B20007F020071AC0B0054E58B40B93903218B17
:106B3000BF00007180DB407ACDB100549F0300712B
:106B40000CFBFF54E18B40B97B0700D121040051BD
:106B5000E18B00B9D4FFFF17E28F4AA9830B00A98C
:106B6000E17B41B99C43009121040011E17B01B913
:106B70000000028BE0C300F93F1C00710D9BFF5425
:106B8000E2C30591E10315AAE00313AAEC4700F95B
:106B9000E99B00B9EBBB00B9E82B0CA9213D00949F
:106BA000C07BFF35EC4740F9FC0316AAE82B4CA943
:106BB000E0C340F9E99B40B9EBBB40B9F74B41B9A1
:106BC000C7FCFF17A001F837E03F40F9013C0091F6
:106BD00021F07D92E13F00F9000040F91F0000F133
:106BE000E1079F1A3F01016A610F00543A791512BB
:106BF00041008052BDFDFF17E09340B90120001114
:106C00003F000071ED350054E03F40F9E19300B9D9
:106C1000023C009141F07D92E13F00F9EFFFFF1748
:106C2000E09340B9012000113F0000710D3900547C
:106C3000E03F40F9E19300B9023C009141F07D92C0
:106C4000E13F00F9E4FDFF17E09340B90120001196
:106C50003F000071AD310054E03F40F9E19300B9CD
:106C6000023C009141F07D92E13F00F99DFDFF174C
:106C7000E09340B9012000113F000071CD34005471
:106C8000E03F40F9E19300B9023C009141F07D9270
:106C9000E13F00F9B8FDFF17AA0000B0E17B41B960
:106CA0004A4134917F420071ED030054E3130CA973
:106CB000F86B00F9F84F40F90400001473420051DA
:106CC0007F420071CD020054004000912104001168
:106CD000445C00A942400091E17B01B9E0C300F9A6
:106CE0003F1C0071CDFEFF54E2C30591E10315AADC
:106CF000E00318AACB3C0094607700357342005142
:106D0000A30000B0E0C340F9E20316AAE17B41B959
:106D1000644034917F4200718CFDFF54E32B4CA9F9
:106D2000F86B40F9657E4093210400110000058B4B
:106D30004A1400A9E17B01B9E0C300F93F1C0071CE
:106D40002C710054610340394240009177FFFF17D6
:106D5000E2C30591E10315AAE00313AAF2BB00B94F
:106D6000EEC300B9E8CB00B9E9D300B9EBDB00B959
:106D7000E70B01B9EA8B00F9AA3C0094E06CFF35FF
:106D8000EA8B40F9FC0316AAE0C340F9E1FF44395D
:106D9000F2BB40B9EEC340B9E8CB40B9E9D340B942
:106DA000EBDB40B9E70B41B9A2F9FF17E04F40F91F
:106DB000E2C30591E10315AA9A3C0094C0A20035F4
:106DC000E0C340F9A10000B0E20316AA24403491C8
:106DD0003FFFFF170106805229011F32E1030539E9
:106DE000E807053982FFFF170021681E468C005412
:106DF00017791A12FF060171412B0054010F8052BE
:106E00001F850171000B80520010811A010680520B
:106E1000E1030539E0070539FB230691190080D20B
:106E2000FF8C0171EC5B00540101669E0041611E04
:106E3000A2058052E0230591E88B00B9E9AF122941
:106E400021FC60D3EA6300F93F000071E7FB00B961
:106E500041B09F1AE1BB00B900BC681E1D2B009415
:106E60000110681EE88B40B9EA6340F90108611E11
:106E7000E9AF5229E7FB40B92820601E2055005495
:106E8000E303072A1F85017163040091800000F06D
:106E9000820000F000600B9142C00B916303038BF2
:106EA0004210809A0210661EE0031BAA0300001421
:106EB0002820601E608800542108621EEC0300AA8E
:106EC0002100781E2000621E44C861380414003876
:106ED0002138601E7F0000EBC1FEFF5400106C1EC5
:106EE0003020601E8C0000542020601EA10200543F
:106EF00081020036ECB700F9E10300AA443C4039B6
:106F000003F05F387F00046B2101005407068052B4
:106F100027F01F38E1B740F9230400D1E3B700F9A7
:106F200023F05F389F00036B40FFFF54640400119F
:106F3000841C00127FE400714055005424F01F3877
:106F4000F84B41B900001B4B013D001129011F32D4
:106F5000211C001222008052E09700B90007005166
:106F6000E04B01B93B010014E2C30591E10315AA0E
:106F7000E00313AAE98B00B9EB9B00B9EA5F00F9C3
:106F8000283C0094A05CFF35EA5F40F9FC0316AA98
:106F9000E0C340F9E98B40B9EB9B40B9C5F9FF1755
:106FA000E0830591020180D201008052E88B00B994
:106FB000E99B00B9EBBB00B9E7C300B9EA6700F988
:106FC000FBB700F9EFF6FF97E7C340B9EA6740F96E
:106FD000E88B40B9E99B40B9EBBB40B9C731F83702
:106FE000180080D217008052FA03092AF903072AF1
:106FF000F54700F9F503172AF70318AAF8030AAAB8
:10700000E89B00B9EBBB00B90D000014E3830591C8
:10701000E1230691E00313AA023B00941F04003110
:10702000A06F0054A002000B1F00196BEC0000546D
:10703000F712009180730054F503002AE0B740F97D
:10704000026877B842FEFF35F703152AE89B40B97E
:10705000F54740F9E9031A2AEBBB40B9EA0318AA3D
:1070600077320034FF8E01712C460054FB230691C9
:10707000190080D2020180D201008052E083059184
:10708000E88B00B9E99B00B9EBBB00B9EA6300F9F2
:10709000BCF6FF97E07E4093E4830591F80300AAD5
:1070A000E30300AAE2A30591E1031BAAE00313AAEC
:1070B000003B0094EA6340F91F0300EBE88B40B902
:1070C000E99B40B9EBBB40B9C19700547FCB37383F
:1070D000FF020071FF8B00B9FAA29F1AE1FF443949
:1070E00007008052FF9B00B918008052E118FF345E
:1070F0005AFBFF17E98B40B9EA031CAAEB9B40B986
:10710000FC0302AAE40318AAF77E409321040011AD
:107110000000178BE17B01B9E0C300F9845F00A98F
:107120003F1C0071EC41FF549C430091EBF8FF17AA
:10713000F7B3079143031612F8E702B2E20317AA66
:10714000E40317AA05008052F70313AAB89999F22D
:10715000F303032AE30315AAF57B40F907000014A3
:10716000197CD89B39FF43D31F2400F149020054F6
:10717000E00319AAE2031BAA197CD89BA5040011FD
:107180005B0400D139FF43D3210B198B010401CBE0
:1071900021C0001141F01F3853FEFF34A1024039D5
:1071A0003FFC03712010457AC1FDFF541F2400F1FC
:1071B000484F0054F30317AAF70304AAF7021B4B26
:1071C000E9031A2AE59700B9F57B00F9F50303AA4C
:1071D00054FCFF17E04F40F9E2C30591E10315AA03
:1071E000F86300F98F3B009460810035E36340F958
:1071F000A4000090E0C340F9E20316AA61034039FD
:107200008440349144FEFF17FF180071C300805280
:10721000FA90831A850000D0F7031A2ABB200C913C
:10722000190080D20100805207008052180080525D
:10723000FF8B00B9FF9B00B974F8FF17E0C340F95A
:107240004047FFB4E00313AAE2C30591E10315AA86
:10725000743B0094A022407900001A1235FAFF17FF
:10726000E09340B9012000113F000071AD2E0054A1
:10727000E03F40F9E19300B9022C009141F07D928A
:10728000E13F00F9EAFBFF17E25340F9E09340B910
:10729000E19300B940C0208B12FCFF17C929483682
:1072A000E05EF837E03F40F9012C009121F07D923B
:1072B000E13F00F900008039E10300AA30FCFF172C
:1072C000E25340F9E09340B9E19300B940C0208B0C
:1072D00042FEFF17292748362072F837E03F40F971
:1072E000012C009121F07D9200004039E13F00F92E
:1072F0003AFCFF1749254836E068F837E03F40F987
:10730000012C009121F07D9200004039E13F00F90D
:1073100033FEFF17E25340F9E09340B9E19300B91F
:1073200040C0208B14FCFF17BA224836E06BF837B8
:10733000E03F40F9012C009121F07D92E13F00F9FE
:107340000000403921008052E8FBFF17E25340F96A
:10735000E09340B9E19300B940C0208B1EFCFF17B9
:10736000FF04003100310054FF1E0171E008407A33
:10737000E7149F1A0001669E3901183200FC60D3A1
:107380006057F8370941601EFFBB00B9E8A7122912
:107390002041601EEBC300B9EA6700F9FF1A0171D2
:1073A00081360054E203072A61008052E5A305916B
:1073B000E4830591E3230591E00313AAE78B00B969
:1073C000502A0094E78B40B9FB0300AA0100403922
:1073D000EA6740F93FC00071E8A7522900C0278B37
:1073E000EBC340B960430054E14B41B901C0218B6C
:1073F0002821601E80420054E0B740F90306805205
:107400003F0000EBE900005402040091E2B700F9EC
:1074100003000039E0B740F93F0000EB68FFFF547C
:10742000F84B41B900001BCBE09700B9FF1E01717A
:10743000402E005400070051FF1A017160410054B2
:10744000011D001202008052190080D2E04B01B9E8
:10745000E1430539610580528000F83620008052F2
:107460000000184BA1058052E14705391F24007127
:10747000AD4A0054ECBF0591AD999952E4030CAAB2
:107480008D99B972027CAD9BE30304AAE503002A3F
:10749000840400D142FC63D34108020B0104014B78
:1074A000E003022A21C0001161F01F38BF8C017176
:1074B000ACFEFF5440C0001180F01F38600800D1BE
:1074C0001F000CEBC2700054E14B059102144038D0
:1074D000221400381F000CEBA1FFFF54E0C30991F8
:1074E000030003CB60F40351E0FB00B9E09740B91F
:1074F000E1FB40B91700010B1F040071AD4A0054B5
:10750000E0AB40B9F702000B29791512FF020071B8
:1075100029011832FAA29F1A18008052FF8B00B975
:10752000FF9B00B9E0BB40B940270035E1FF44397B
:1075300007008052A1F6FE3448FAFF17EC5F40F9CD
:10754000E40318AAE9C340B9EA031CAAEBCB40B98B
:10755000FC0302AAF8D340B9E77E4093210400114E
:107560000000078B841F00A99C430091E17B01B9B7
:10757000E0C300F93F1C00714D4AFF54E2C305917E
:10758000E10315AAE00313AAEC5F00F9E9C300B90F
:10759000EBCB00B9EA6B00F9A23A0094E02BFF357F
:1075A000EC5F40F9FC0316AAEA6B40F9E0C340F92E
:1075B000E9C340B9EBCB40B942FAFF17E0FF40B94D
:1075C000014000113F0000712D1D0054E03F40F9C3
:1075D000E1FF00B9023C0091080040FD41F07D92BE
:1075E000E13F00F905FAFF17E0FF40B90140001143
:1075F0003F000071CD1C0054E03F40F9E1FF00B9AD
:10760000003C009100EC7C9201400091E13F00F9C8
:10761000EDF9FF17E4830591E2A30591E00313AAB6
:10762000030080D2010080D2E88B00B9E99B00B949
:10763000EBBB00B9EA6300F99E390094EA6340F9B4
:10764000F703002AE88B40B91F040031E99B40B9D9
:10765000EBBB40B9006D0054FBB700F981FEFF178A
:10766000A0058052A1058052E0FF0439EBF9FF1715
:10767000E2C30591E10315AAE00313AAE98B00B95F
:10768000EB9B00B9EA5F00F9663A00946024FF358D
:10769000EA5F40F9FC0316AAE0C340F9E98B40B960
:1076A000EB9B40B9E24B41B997F8FF17E1FF443932
:1076B0001A008052FF8B00B907008052FF9B00B96F
:1076C00018008052190080D201EAFE34E3F9FF1756
:1076D000E2C30591E10315AAE00313AAEC5F00F9E8
:1076E000E9C300B9EBCB00B9EA6B00F94D3A00945D
:1076F0004021FF35EC5F40F9FC0316AAEA6B40F924
:10770000E0C340F9E9C340B9EBCB40B9E8F9FF1752
:1077100049EE0636E28F4AA9830B00A9E17B41B905
:107720008643009121040011E17B01B94000008BE8
:10773000E0C300F93F1C00712D10FF54E2C3059116
:10774000E10315AAE00313AAE98B00B9EB9B00B98A
:10775000EA5F00F9333A0094001EFF35EA5F40F912
:10776000E60316AAE0C340F9E98B40B9EB9B40B9A8
:10777000E24B41B9E17B41B970F8FF172048F83777
:10778000E03F40F9012C009121F07D92E13F00F9AA
:10779000000040B921008052D4FAFF176042F83748
:1077A000E03F40F9012C009121F07D92000040B9AA
:1077B000E13F00F90AFDFF174044F837E03F40F988
:1077C000012C009121F07D92000040B9E13F00F9C9
:1077D00002FBFF17E047F837E03F40F9012C00912A
:1077E00021F07D92E13F00F9000080B9E10300AA99
:1077F000E3FAFF17A04AF837E03F40F9013C009157
:1078000021F07D92E13F00F9000040F9E1EB407981
:1078100001000079ACF6FF17E09340B90120001198
:107820003F0000714D3C0054E03F40F9E19300B946
:10783000022C009141F07D92E13F00F9B0FBFF176F
:10784000E25340F9E09340B9E19300B940C0208B86
:1078500077FAFF17E09340B9012000113F00007153
:107860000D330054E03F40F9E19300B9022C009140
:1078700041F07D9200004079E13F00F9D7FAFF170F
:10788000E09340B9012000113F0000716D380054B1
:10789000E03F40F9E19300B9022C009141F07D9264
:1078A000E13F00F98DFBFF17E09340B90120001183
:1078B0003F0000712D310054E03F40F9E19300B9E1
:1078C000022C009141F07D9200004079E13F00F9E7
:1078D000C3FCFF17E0031BAAE9BB00B9EBC300B967
:1078E000190080D2EA6700F9F6F4FF97E1FF443906
:1078F0001F000071FF8B00B9F703002AFF9B00B93E
:107900001AA09F1AEA6740F907008052E9BB40B904
:10791000680E8052EBC340B981D7FE344FF9FF1790
:1079200020008052E04B01B956FDFF17E10600111F
:10793000E00313AAE88B00B9217C4093E99B00B9CE
:10794000EBBB00B9EA6300F9EAEDFF97EA6340F99F
:10795000FB0300AAE88B40B9E99B40B9EBBB40B9F7
:10796000A05400B4F90300AAC3FDFF17E28F40F949
:10797000E0FF40B9E1FF00B940C0208B080040FDA6
:107980001EF9FF17C70080527BFEFF17E28F40F9F8
:10799000E0FF40B9E1FF00B940C0208B0AF9FF17B2
:1079A000E1040011E00313AAE78B00B9217C4093A6
:1079B000E8A71229EA5F00F9EBFB00B9CDEDFF97CC
:1079C000EA5F40F9FB0300AAE78B40B9E8A7522918
:1079D000EBFB40B9E02000B4F90300AA13FDFF1748
:1079E0004428403956FDFF17E0B740F9F84B41B93C
:1079F00000001BCBE09700B9FF00186B01AB433AC6
:107A00004A01005408090051000700518DFEFF177C
:107A1000A00580525A070011A1058052070080522C
:107A2000E0FF043979F6FF17E19740B93F00186B82
:107A30008C170054E0AB40B93F0140F20C03000B3F
:107A40009711981A690050361F0300712C250054B5
:107A5000FF020071E80C8052FAA29F1AE903192A6A
:107A6000190080D2FF8B00B9FF9B00B9AEFEFF1753
:107A7000FF16017121020054F804001141008052E8
:107A8000E203182AE5A30591E4830591E323059118
:107A9000E00313AAE78B00B99A280094FB0300AA1D
:107AA000EA6740F901C0388BE78B40B9E8A7522953
:107AB000EBC340B94FFEFF17E203072AE5A3059188
:107AC000E4830591E3230591E00313AA410080526A
:107AD000E78B00B98B280094E8A75229FB0300AA82
:107AE000EA6740F9E78B40B9EBC340B9E9F70736DD
:107AF00061C3278B3FFEFF17E25340F9E09340B983
:107B0000E19300B940C0208B8FF9FF17E09340B993
:107B1000012000113F0000710D1A0054E03F40F9B0
:107B2000E19300B9022C009141F07D92E13F00F910
:107B30002FFBFF17E25340F9E09340B9E19300B9FE
:107B400042C0208BE03F40F9E23F00F984FAFF1782
:107B5000E25340F9E09340B9E19300B940C0208B73
:107B600031FAFF17E04F40F9E2C30591E10315AA8E
:107B7000E36300F92B390094E0340035E36340F906
:107B8000A4000090E0C340F9E20316AA6103403963
:107B900084403491E5FBFF17E17740F9E88B00B9A9
:107BA000E08340F9EB9F1229E3AB0BA97B0300CBE9
:107BB000E20300AAE0031BAAE46700F9CD260094C3
:107BC000A006403905008052E3AB4BA91F000071AD
:107BD000E46740F9B506959AE88B40B9EB9F5229C6
:107BE00064FDFF17E15F40F9F30318AACCF7FF1714
:107BF000E25340F9E09340B9E19300B940C0208BD3
:107C000028FAFF17E2C30591E10315AAE00313AABE
:107C1000E98B00B9EB9B00B9EA5F00F901390094E8
:107C2000C0F7FE35E1AF5229FC0316AAF74B41B964
:107C3000EA5F40F93700174BE0C340F9E98B40B9E0
:107C4000B9F8FF17F84B41B9E00301AAF6FDFF1799
:107C50002821601EC1330054F84B41B900C0388B55
:107C600000001B4BE09700B9200100120000072A1A
:107C70001F030071AD2E0054A01F0035F703182A12
:107C8000C80C805289135037FF020071FAA29F1A64
:107C900073FFFF17A4000090F703024B8440349158
:107CA0005F4000310A060054E20315AAFC03092ACA
:107CB000F503172A180280D2F70302AAF94700F940
:107CC000F90304AAEB9B00B9EA5F00F90400001471
:107CD000B5420051BF4200716D0300540040009155
:107CE00021040011D96000A9C6400091E17B01B9CF
:107CF000E0C300F93F1C0071CDFEFF54E2C30591C3
:107D0000E10317AAE00313AAC6380094E024003563
:107D1000E0C340F9E60316AAE17B41B9EDFFFF1786
:107D2000E1AB40B9E80C80523700000B1F03007133
:107D3000ACFAFF54EC02184B97050031FA529F1A27
:107D400047FFFF17EA5F40F9E20317AAE40319AA05
:107D5000EB9B40B9F94740F9F703152AE9031C2AC0
:107D6000F50302AAF77E4093210400110000178B4F
:107D7000C45C00A9C6400091E17B01B9E0C300F9F1
:107D80003F1C0071CDDDFE54E2C30591E10315AA4D
:107D9000E00313AAE98B00B9EB9B00B9EA5F00F995
:107DA000A0380094A0EBFE35EA5F40F9E60316AA7E
:107DB000E0C340F9E98B40B9EB9B40B9E17B41B9A5
:107DC000DFF6FF17E14B059182000035E14F059189
:107DD00002068052E24B053900C000112014003821
:107DE000E24305912000024BE0FB00B9C0FDFF1704
:107DF000F96B44A9FB7345A9E827466DA022407999
:107E000000001A32A022007900008012E07700B949
:107E10004CF7FF17F54740F9010080D2A022C07946
:107E200000001A32A02200793DF7FF17C01CF83776
:107E3000E03F40F9013C009121F07D92E13F00F9E3
:107E4000000040F9E17740B9010000B91EF5FF17C5
:107E5000C9B50736ABFDFF17E25340F9E09340B9CF
:107E6000E19300B940C0208B61FAFF17A005805252
:107E70000941611EE0BB00B945FDFF17E09340B921
:107E8000012000113F0000712D270054E03F40F910
:107E9000E19300B9022C009141F07D92E13F00F99D
:107EA00005FDFF17F54740F9E9031A2AE89B40B999
:107EB000EA0318AAEBBB40B9F703192A69FCFF17BC
:107EC000E25340F9E09340B9E19300B940C0208B00
:107ED0000000407941F9FF17E25340F9E09340B9BF
:107EE000E19300B940C0208B000040793CFBFF17B4
:107EF000E80C8052E17B40F9200040391FFC0371FF
:107F000040270054030080520200805205000014F4
:107F100042040011210400911FFC03712001005450
:107F20001F00186BEA0000541803004B200440396E
:107F300000FFFF352000403963040011F7FFFF17F1
:107F4000E28B00B9E39B00B9E17B00F9E18B40B91A
:107F5000E903192AE09B40B9190080D20000010B07
:107F6000E10341B9175C011BFF020071FAA29F1ADD
:107F70006DFDFF170001669EE011F8B7E1FF44397F
:107F8000800000D0850000D01F1D017100200B91E2
:107F9000A5400B91A6F7FF17E25340F9E09340B9D3
:107FA000E19300B940C0208BCCF9FF17E25340F9B0
:107FB000E09340B9E19300B940C0208BD0F9FF179E
:107FC000E1001B0B030680522100004B220400112C
:107FD00002C0228B617BFF37031400385F0000EB87
:107FE000C1FFFF54D7FBFF17E09340B901200011F8
:107FF0003F0000710D140054E03F40F9E19300B9D7
:10800000022C009141F07D92000040B9E13F00F95F
:10801000F3FAFF17E09340B9012000113F0000710F
:108020000D140054E03F40F9E19300B9022C009197
:1080300041F07D9200004039E13F00F9E8FAFF1776
:10804000E09340B9012000113F000071AD160054CB
:10805000E03F40F9E19300B9022C009141F07D929C
:10806000000040B9E13F00F9DCF8FF17E0AB40B990
:10807000C80C8052EC00000B9701180B02FFFF1791
:10808000E09340B9012000113F0000710D10005431
:10809000E03F40F9E19300B9022C009141F07D925C
:1080A000E13F00F9BBFDFF17E09340B9012000114B
:1080B0003F0000712D150054E03F40F9E19300B9F5
:1080C000022C009141F07D92E13F00F99DFCFF17E9
:1080D000E09340B9012000113F000071ED0E005403
:1080E000E03F40F9E19300B9022C009141F07D920C
:1080F000E13F00F9BDFDFF17E1FF4439FA03072A0C
:10810000FF8B00B9F703072AFF9B00B907008052D5
:10811000680E8052A197FE3450F7FF17E09340B9E4
:10812000012000113F0000716D130054E03F40F941
:10813000E19300B9022C009141F07D92000040399A
:10814000E13F00F9A5F8FF17E09340B901200011C5
:108150003F0000716D060054E03F40F9E19300B923
:10816000023C009141F07D92E13F00F9A7FDFF172D
:10817000F34F40F9E80319AAF95F40F9FB7B00F9D6
:10818000EC6F40F9FC0302AAFB8740F9EA9740F93B
:10819000E91341B9EB2341B9FA2741B91F0103EBB8
:1081A0000891839A49F7FF17E14740F9F50317AAA9
:1081B0005BF6FF17A0058052A1058052E0FF04394D
:1081C00070FFFF17E09340B9012000113F000071DC
:1081D0008D0D0054E03F40F9E19300B9023C00915D
:1081E00041F07D92E13F00F916FFFF17E09340B99F
:1081F000012000113F000071ED010054E03F40F903
:10820000E19300B9023C009141F07D92E13F00F919
:108210009BF8FF17F34F40F9E15F40F940F6FF1775
:10822000E25340F9E09340B9E19300B940C0208B9C
:1082300076FDFF17E25340F9E09340B9E19300B9AE
:1082400040C0208B8EF8FF17A00000353A00805206
:10825000C80C8052F7031A2A01FEFF17E0AB40B9A1
:10826000C80C80520C0400119701072BFA529F1A78
:10827000FBFDFF17E25340F9E09340B9E19300B9E9
:1082800040C0208B000040B955FAFF17E25340F977
:10829000E09340B9E19300B940C0208B3DFDFF174A
:1082A000E25340F9E09340B9E19300B940C0208B1C
:1082B000000040394AFAFF17E25340F9E09340B911
:1082C000E19300B940C0208B48FDFF172100805288
:1082D0002100074BE14B01B945FCFF1740008052DC
:1082E000E0FB00B982FCFF17E29340B96202F83765
:1082F000E03F40F9002C009100F07D92E33F40F90F
:10830000E03F00F948074039FA0301AAE29300B9B7
:10831000670040B9FF000071F9A09F5A23F4FF17CE
:10832000E25340F9E09340B9E19300B940C0208B9B
:10833000000040B929F8FF17E09340B9022000116E
:10834000E03F40F95F0000712D030054002C0091C4
:1083500000F07D92EAFFFF17E25340F9E09340B945
:10836000E19300B940C0208BF6FBFF17E25340F9C0
:10837000E09340B9E19300B940C0208BCEFBFF17DA
:10838000E25340F9E09340B9E19300B940C0208B3B
:10839000ACFEFF17E25340F9E09340B9E19300B916
:1083A00040C0208B000040390CF8FF17E45340F91F
:1083B000E39340B983C0238BE33F00F9D0FFFF175D
:1083C000A022C079E10319AA00001A32A022007984
:1083D000D3F5FF1780018052600200B98BFEFF17B2
:1083E00063030C8B6EFFFF17FF8B00B9FF9B00B977
:1083F000D7FEFF17A022C079010080D200001A32F8
:10840000A0220079C6F5FF17000000000000000060
:10841000FF030ED1FD7B00A9FD030091F35301A9D9
:10842000F55B02A9F50302AAF76303A9F96B04A996
:10843000FA0301AAFB7305A9A07F00F92020C079E7
:10844000610040F9A16B00F9610440F9A14F00F906
:10845000611840B9A1E300B9C000683741B340B921
:1084600000001332402300792078121240B300B983
:1084700001008052A0230491020180D2C1F1FF9734
:10848000800000F01B00805200C03491FC031B2AC6
:1084900081000090140080D221002791BF5B00F979
:1084A000A06300F9800000F000442D91BFCF00B917
:1084B000BF6F00F9BFE700B9A07700F9A17B00F911
:1084C000A07B40F9137440F9DA240094037C4093B4
:1084D000A4230491A07F40F9E20315AAA1130491FB
:1084E00060023FD6E006F837A20741B9017C40930D
:1084F000B502018B420900341F040071400700548B
:108500005F940071E0070054C0FDFF34B60201CB58
:10851000410B40B9D3C2208BF70316AA3F0000716C
:108520002D020054400340F9E10240390200403975
:108530005F00016B41070054420B40B900040091F9
:10854000E3060091400300F941040051410B00B9DA
:108550007F0013EB00080054F70303AA3F000071EB
:108560002CFEFF54A07F40F9E1031AAA7137009452
:10857000A0FDFF341F2003D5A0E740B96000003400
:1085800040234079C0043036A06F40F9600700B541
:1085900000008012A0E700B9A0E740B9BF03009136
:1085A000FD7B40A9F35341A9F55B42A9F76343A9B9
:1085B000F96B44A9FB7345A9FF030E91C0035FD675
:1085C000A3FF9F52020180D2A02304910100805298
:1085D000A30701B96BF1FF97A20741B9B506009156
:1085E000E2010034A07740F900C8623860611837B2
:1085F000210080D2E003012A5F94007181F8FF54CA
:10860000A302403916008052130080D262940051B8
:10861000B90600915F54017149010054A06F40F9FF
:10862000C0FBFFB4A06F40F9140040F9A0E740B9C7
:108630001F0400312002005414FBFFB41F0000147B
:10864000A46340F9825862786400001082A8228BEB
:1086500040001FD686070011F702164BDC00170BEF
:1086600098FFFF17A0E740B980000034402340790D
:10867000A0FD37361F2003D5A06F40F915144079AF
:10868000140040F955EC0034130080D21F2003D5AC
:10869000807A73F8000040F992EAFF97807A73F8C5
:1086A000730600911F0000F9BF02136B2CFFFF54EB
:1086B00000008012A0E700B9E00314AA89EAFF973E
:1086C000B6FFFF17DF0E40F2A1FAFF54A3064039B0
:1086D000D6020032F50319AACDFFFF17D6020032E9
:1086E000C0FFFFF04101805200802A917800805243
:1086F000A05B00F9A1CF00B9400B40B91F00007189
:108700000C0A0054A07F40F9E1031AAA093700942B
:1087100040F3FF35F50319AA961431361F0F007187
:10872000E00C00541F130071403200541F07007109
:10873000E02100541F0B0071211500547F0200F14D
:10874000D9021C1273129FDA76630036598F0035F6
:10875000A0E340B976D9383640D2F837A06B40F95B
:10876000013C009121F07D92A16B00F91B0040F9C2
:108770007BF5FFB4001080D256EAFF97F80300AAF9
:10878000A0E800B4A06F40F9780300F9161440790E
:1087900001104079DF02016B62B50054000040F91E
:1087A000E103162AA26F40F9E40318AAD6060011C5
:1087B0001B7821F856140079020480D2400340F956
:1087C000970000F0F7462D9100004039E06A6038CC
:1087D000407F183679E7FF35010304CB1F0300B94A
:1087E0007F0300F120FC429300040091401040FA06
:1087F00088DF0054A0E740B900040011A0E700B9E9
:1088000030FFFF17D6020032D6021A32F50319AA3A
:1088100018008052400B40B91F000071ECF7FF5464
:10882000F90315AAB8FFFF17D6020032400B40B972
:10883000580080521F0000716DF6FF541F2003D5B1
:10884000410340F9970000F0F7462D912000403990
:10885000E06A6038E0021836B57F40F9E20301AA09
:108860000600001442040091420300F94000403920
:10887000E06A6038E0011836400B40B99C070011EF
:1088800000040051400B00B91F000071CCFEFF54E2
:10889000E1031AAAE00315AAA6360094E0E6FF3524
:1088A000420340F940004039E06A603860FE1F37FB
:1088B000F50319AA1F0F007161F3FF54600600D180
:1088C00001B081521B008052D802012A1F7005F1AD
:1088D000690000547B760551B32B80D2170080527B
:1088E000A0830891BBBB00B9FB03172AB7CF40B9DF
:1088F000960000F0F90300AAD6023A91A05700F9B9
:10890000420340F9400040391FE40071E84200543E
:108910001FDC0071684700541FC00071804500547F
:1089200089440054D7DAF778017081121803010ADC
:1089300020170038400B40B900040051400B00B92B
:108940001F000071CD42005442040091420300F91F
:10895000730600F161FDFF54B7CF00B9F7031B2A7E
:10896000F8004036A05740F93F0300EBA8710054CF
:10897000A05740F93F0300EB20E5FF547802203771
:10898000A1934AA93F030039A07F40F9020080D299
:10899000A3CF40B980003FD6186F2836A1E340B975
:1089A00041ADF837A16B40F9223C009142F07D9235
:1089B000A26B00F9210040F9200000F9A0E740B9BE
:1089C00000040011A0E700B9A05740F9F3021C0B06
:1089D000220300CB7C02020BBAFEFF177F0200F1DC
:1089E000DB021C1273169F9A965700361B820035C5
:1089F000A0E340B9D6C6383600C1F837A06B40F9BD
:108A0000013C009121F07D92A16B00F9000040F93A
:108A1000A05300F940E0FFB4001080D2ADE9FF9709
:108A2000F70300AA80D300B4A06F40F9A25340F925
:108A30001614407901104079570000F9DF02016BEC
:108A4000A29E0054000040F9E103162AA26F40F9EB
:108A5000D6060011B75F00F956140079020480D2DF
:108A6000A25700F9A25340F9027821F8B88308917F
:108A7000190080521F2003D56E2300941F00196B2C
:108A8000C0D7FF54410340F936070011400B40B9ED
:108A9000221440380004005102CB3938410300F958
:108AA000400B00B99F0E00F181000054A01B41B99A
:108AB0001F100071A0000054A0630491020180D235
:108AC000010080522FF0FF97A07F40F9A46304912A
:108AD000C37E4093E20318AAE10317AA2934009445
:108AE000F40300AA1F0400B180D4FF54A08700B58E
:108AF0009C03160B730600D17B010035FF0200B901
:108B0000A05F40F9A15740F9F60200CBA05340F90D
:108B10001F0000F1C0FE4293001041FAA25E005413
:108B2000F7120091400B40B9190080521F000071EC
:108B30004D5D005433FAFFB5A05F40F9A25740F9EC
:108B4000E10200CBA05340F91F0000F120FC42934A
:108B5000401040FA48C60054A0E740B97F030071B6
:108B60000014801AA0E700B956FEFF177F0200F13B
:108B7000DB021C1273129FDAF63800361B760035C2
:108B8000A0E340B976BB383600B2F837A06B40F9A5
:108B9000013C009121F07D92A16B00F9000040F9A9
:108BA000A05300F9C0D3FFB4001080D249E9FF9769
:108BB000F60300AA00C700B4A06F40F9A25340F921
:108BC0001814407901104079560000F91F03016B19
:108BD00042950054000040F902070011A36F40F9CC
:108BE000E103182AB65F00F962140079020480D20A
:108BF000A25700F9A25340F9027821F819008052D7
:108C0000B8830891B54B00F9F503192AF9031AAA9C
:108C1000082300941F00156B40870054210340F97E
:108C2000B7060011200B40B922144038000400514F
:108C300002CB3538210300F9200B00B99F0E00F15B
:108C400081000054A01341B91F100071A00000540E
:108C5000A0430491020180D201008052C9EFFF9726
:108C6000A07F40F9F57E4093A4430491E30315AA45
:108C7000E20318AAE10316AAC2330094F40300AA7F
:108C80001F0400B1E0830054207C00B51A0080521C
:108C9000DF0200B9020180D201008052A06304917A
:108CA000B8EFFF97A07B40F9A3630491E2031A2A6F
:108CB000A1030491047040F9A07F40F980003FD6E1
:108CC0001F040071A303443963009F1AA083049119
:108CD00000C8633840B300349C03170B9F0E00F1AB
:108CE000E04C0054730600D13B010035A0074AA9AF
:108CF000D61200911F0000F1A05F40F9D50200CB11
:108D0000A0FE4293221040FA897A0054200B40B909
:108D1000150080521F0000714D4C0054B3F7FFB591
:108D2000B54B40F9FA0319AADBBCFF35A05F40F947
:108D3000DF0200B9A25740F9C10200CBA05340F9AD
:108D40001F0000F120FC429300040091401040FA03
:108D500029D5FF54B35340F921100091600240F926
:108D6000682C009480D4FFB4600200F9A2FEFF17C3
:108D7000A07F40F9D80E1932B2220094610600D1CA
:108D80000C008052050040F93F7005F16900005465
:108D90006C760551B32B80D2A0830891960000F029
:108DA000FB0300AAB4030AA9C0723791160080D24F
:108DB000A05F00F9E00313AA09008052F30316AA8A
:108DC000F903092AF40305AAF60300AA1700805242
:108DD000BFFF07A9BFD708A9ACCB00B91F2003D597
:108DE000410340F92200403940AC00511F38017165
:108DF000C9080054980B4836800240391F00026BA6
:108E0000210B0054870600D1F50314AA220080D25A
:108E1000E30301AAF40302AAB6CF06A9F60307AA40
:108E2000090000146304009180060091430300F9D7
:108E300062004039C16A60385F00016BA1020054D2
:108E4000F40300AAA06A7438F3031C2A9C070011DB
:108E5000C0710034400B40B900040051400B00B910
:108E60001F0000710CFEFF54A07F40F9E1031AAA15
:108E700030350094E0000035430340F9800600914E
:108E800062004039C16A60385F00016BA0FDFF5489
:108E900082060051807E4093A10A00D1E903192A7D
:108EA000BCC2228BEB03132AB54B40F9F90314AA79
:108EB000B63B40F9004022CBB45340F9B54B00F922
:108EC000B57F40F91300018BB45F00F9F4031CAACD
:108ED000FC030B2AA9A300B981F65F38E2031AAAA2
:108EE000E00315AACF3400947F0214EB61FFFF5416
:108EF0008203194BA9A340B9B54B40F95C0400119A
:108F0000B45F40F91C000014A35F40F9605860781A
:108F10006300001060A8208B00001FD6580258364E
:108F20003F03172B010200541877171217008052C5
:108F300019008052D60600D162170038410B40B9A3
:108F40009C07001121040051410B00B93F00007142
:108F50000D100054400340F900040091400300F953
:108F600016F4FFB5B54B40F9F60313AAB45340F914
:108F7000E903192ADF0200F1007B17121810981A72
:108F8000290500513F05007189BE0054E0060051DB
:108F90001F180071693C0054D82F4036D8C650378E
:108FA00061F35F3820781A121F140171614A00546E
:108FB0007B0700D19C070051A07F40F9E2031AAA69
:108FC00098340094F8A727377F030039A04340F96D
:108FD000809300B5A15740F9020080D2A07F40F9EC
:108FE00094310094A0E340B9183000364099F83726
:108FF000A06B40F9013C009121F07D92A16B00F93A
:10900000000040F9000000FDFBFDFF17FF1E00718E
:10901000A1FAFF5417018052C7FFFF1718325837C3
:109020003F07007101FAFF5459008052C2FFFF1739
:10903000B8F93F36187B1812BFFFFF1738F75F37B4
:1090400000A080520003000A1F001071600000544D
:10905000B8F85736D38700B498004837A04740F98E
:10906000600200CBBB8307A9186B141218071932D2
:10907000130080D2B0FFFF17FF020071600A40FAB0
:10908000412F0054000B18121F001C71C09800548F
:10909000B54B40F9E903192AB45340F9170080523F
:1090A000160080D2B7FFFF17582D5837FF0A0071FE
:1090B000A1F5FF54770080529FFFFF1700308152C7
:1090C0000003000A1F000471600A41FAC1F4FF5452
:1090D000187B171200068052D60600D118031532ED
:1090E000130080D26017003893FFFF17FF1A00713A
:1090F000A1F3FF54F70080528FFFFF1738FA5F3754
:1091000099FFFF173F030071600A40FAA12900543C
:10911000000B18121F001C71E0940054FF06007130
:10912000E41A447A01F2FF54F7060011F71E001208
:1091300081FFFF1778EF4736A0CB40B9187B181294
:109140007306009100630035D60600D17CFFFF173F
:10915000A07F40F9E1031AAA7634009440F0FF356D
:1091600016E4FFB580FFFF171F980171080800542F
:109170001F800171A80000541F180171482000547D
:109180001F000171A9BEFF54FF2A00716DBEFF547C
:10919000017081121803010AE6FDFF17A07F40F954
:1091A000E1031AAA6334009440BDFF34EBFDFF17BE
:1091B00001AC0051A31F80523F00036AE1BCFF5481
:1091C000D8BC3F36187B1812DAFDFF1738BB5F3664
:1091D000770000351803173217018052982C50374A
:1091E000A0BB40B9187316128000003473060091BA
:1091F00000040051A0BB00B97B070011CEFDFF1792
:10920000810000D021003A9137D8F778FF22007111
:109210000CFCFF54D1FDFF17B37F40F9400B40B960
:109220000C000014400340F9A27740F901004039D6
:109230004168613861941F36420B40B900040091C7
:109240009C070011400300F940040051400B00B995
:109250001F0000718CFEFF54E1031AAAE00313AA59
:109260003434009400FEFF3496FCFF171FE00171B8
:1092700041B7FF54010717123F000871E1B6FF54D0
:10928000187B161201A08052170280521803012A7F
:10929000A8FDFF179B380035A0E340B9768038362B
:1092A000807AF837A06B40F9013C009121F07D9263
:1092B000A16B00F9050040F9A55F00F9059BFFB41B
:1092C000000480D283E7FF97E40300AAE095FFB48F
:1092D000A06F40F9A55F40F916144079011040795C
:1092E000A40000F9DF02016B62570054000040F94E
:1092F000E103162AA26F40F9D6060011180480D2A5
:10930000057821F856140079420340F9B983049195
:109310004000403920CB60382098FF34E00313AA86
:10932000BF0000F1F30318AAF60304AAFB079F1A73
:10933000F70305AAF80300AAB45700F90A000014BD
:10934000180700F1C04B0054400B40B91F000071DA
:10935000CD460054420340F94000403920CB6038EC
:10936000E04A0034410B40B940040091400300F949
:109370007F03007121040051410B00B940004039C6
:1093800080140038940016CB801253FAA3FDFF54CA
:1093900073FA7FD3E00316AAE10313AAD92A009433
:1093A000F60300AA208FFFB40400148BE00200F93A
:1093B000E4FFFF17F95F0035A0E340B9366D38369A
:1093C0004057F837A06B40F9013C009121F07D92A5
:1093D000A16B00F9180040F93892FFB4000480D264
:1093E0003CE7FF97F60300AA008DFFB4A06F40F999
:1093F000160300F919144079011040793F03016BFD
:10940000A24B0054000040F9E103192AA36F40F970
:10941000220700113B008052187821F8621400796D
:10942000030480D2400340F9970000D0F7462D9105
:1094300001004039E16A6138E14B1837E40316AAAC
:10944000B55F00F9F50314AAF40317AAF70303AAFA
:10945000410B40B902040091420300F97F030071FF
:1094600021040051410B00B900004039C0160038FA
:10947000D90204CB201357FAC2460054730600F1F8
:1094800000010054400B40B91F000071CD79005419
:10949000400340F901004039816A6138A1FD1F365F
:1094A000F40315AAD30204CBB55F40F9E30317AA6E
:1094B00061060091DF0200397F030071601041FAFC
:1094C00008480054A0E740B99C03130B00040011A6
:1094D000A0E700B9FBFBFF179B230035A0E340B9D1
:1094E00056413836E05AF837A06B40F9183C0091E5
:1094F00018F37D92A06B40F9170040F91789FFB46B
:10950000E00313AAF3E6FF97F60300AAE083FFB493
:10951000A06F40F9F60200F9191440790110407962
:109520003F03016B62720054000040F9E203192A04
:10953000A16F40F939070011177822F8E4031AAA3D
:10954000A07F40F939140079E30313AAE10316AAB6
:10955000220080D293330094F60300AA4088FFB41F
:109560007F0200EBC9000054E10300AAE00240F9C9
:10957000642A0094400000B4E00200F9B86B00F9DE
:10958000EF0100141F60017160E7FF54F3FCFF1747
:1095900098792737000717127F0300391F001071D1
:1095A00061D1FF54A04740F9020016CB1F0016EB13
:1095B00020D1FF54A1A70D91A0A30D917F0301EB32
:1095C0008100009000209B9A21600C91C51E0094A0
:1095D000A15740F9020080D2A07F40F915300094D5
:1095E000A0E340B958D00737984908368058F83773
:1095F000A06B40F9013C009121F07D92A16B00F934
:10960000130040F9CB3800946002803D7AFCFF17CC
:10961000E2118052DF02026A2180FF54730A138B29
:10962000E203032AA3064039F50319AA5304138B56
:1096300073C200D1F6FBFF17980080522FFCFF1772
:109640003F0B0071C1D6FF54790080523AFEFF17DC
:109650003F03172BC1D2FF5434FEFF173F03172BD4
:1096600001CEFF5431FEFF17E00E0051A11F8052C2
:109670001F00016AA0D5FF543BFEFF17A01341B99C
:109680001F10007120B3FF54730600D197FDFF1720
:10969000200B40B9F503172A1F000071ACABFF5433
:1096A000A07F40F9E10319AA2233009480B3FF346C
:1096B000FA0319AAF903152AB54B40F979B3FF3417
:1096C000AEFBFF17400B40B9F903162A1F000071CB
:1096D0004C9DFF541F2003D5A07F40F9E1031AAA37
:1096E0001433009480A2FF3499A2FF34A3FBFF1728
:1096F000A05F40F9F90301AA21F07DD3012A00946B
:10970000A05F00F9806C00B421FB7FD3A15700F962
:10971000A15340F91700168B200000F901FDFF1737
:10972000FF0A0071898D0054FF0E007160C3FF5461
:10973000E8120051131D4092171D0012B97F40F925
:10974000F30333AA7303138B61FF5F38E2031AAA92
:10975000E00319AAB33200947F0313EB61FFFF54B7
:1097600086070051DC00174B0CFEFF1701B080127A
:109770001803010A6FFCFF17583B1836A1E340B9E4
:10978000214DF837A16B40F9223C009142F07D92C7
:10979000A26B00F9210040F92000003988FCFF1776
:1097A000A07F40F9390700D121034039E2031AAA0A
:1097B0009C3200946FFCFF1705008052B7570AA92E
:1097C000F50302AAF70304AABB5F00F9FB031AAA78
:1097D000FA0314AAF403052A162000941F00146B40
:1097E000C0860054610340F9A2830891600B40B920
:1097F00096060011231440380004005143C8343841
:10980000610300F9600B00B95F0F00F1A100005483
:10981000A01B41B9BA6304911F100071C00000542D
:10982000BA630491020180D2E0031AAA01008052B7
:10983000D4ECFF97A07F40F9D47E4093E4031AAAAA
:10984000E30314AAA2830891E10318AACD3000947F
:10985000FA0300AA1F0400B100830054A03800B42A
:109860001F0800B1806C0054000340B9153100940A
:10987000206F00359C03160B5F0F00F18100005430
:10988000A01B41B91F10007140000054730600D1A5
:10989000595B0035A05F40F918130091160317CBF0
:1098A000140080521F0000F1C0FE4293001055FAD0
:1098B000A2700054600B40B91F000071CD5B0054D2
:1098C000600340F9A15340F9000040392068603836
:1098D0001F007DF2640A40FA01F8FF54F4031AAA4B
:1098E000E20315AAB55740F9FA031BAABB5F40F97A
:1098F000E40317AAB8FBFF17A07F40F9E2031AAAF6
:109900009C0B00517B0B00D146320094610340391F
:10991000AAFDFF17600000900102805200801F9195
:10992000D602173278008052A05B00F9A1CF00B9AF
:1099300072FBFF17B8130491020080D2040080D29A
:109940001B0080D29EFBFF17B77F40F9160080D224
:109950000A000014007C4093E1031AAA4200008B25
:10996000420300F9D602008B730200CBE00317AA72
:109970007032009460540035400B40B9420340F906
:109980001F00136B8BFEFF54D602138B0000134B8A
:109990004200138B420300F9400B00B99C03160BE5
:1099A000C8FAFF17410340F9B983049120004039F8
:1099B00020CB60384063FF34400B40B92104009154
:1099C000410300F9730600F100040051400B00B997
:1099D000A0020054B67F40F90D000014400340F986
:1099E0000100403921CB6138E1010034420B40B91C
:1099F00000040091400300F91807001140040051D1
:109A0000400B00B9730600F1E00000541F00007124
:109A10006CFEFF54E1031AAAE00316AA4532009433
:109A2000E0FDFF349C03180BA6FAFF17170080D245
:109A3000BF7F0AA9BF5F00F90DFCFF17B6130491A1
:109A4000BF7F0AA9BF5F00F96DFCFF17600000909F
:109A50000101805200801F91D602003278008052AE
:109A6000A05B00F9A1CF00B924FBFF17E10319AAFD
:109A7000A0830491D6021A32621D009438008052ED
:109A8000F50300AA64FBFF17DF0E40F2815CFF5470
:109A9000A3064039D6021F32F50319AADCFAFF17D4
:109AA000DF0E40F2C15BFF54A30640397FA0017175
:109AB00000210054D6021E32F50319AAD4FAFF176A
:109AC000E2118052DF02026AA15AFF54A26F40F9EC
:109AD000C23500B4A3064039D6021932F50319AADB
:109AE000CBFAFF17DF0E40F2A159FF54A30640390D
:109AF0007FB00171E15EFF54A30A4039D6021F32E4
:109B0000B50A0091C2FAFF17DF020071600A40FA3D
:109B10006158FF54A306403916028052F50319AA72
:109B2000130080D2BAFAFF176000009000801F91E6
:109B30000144805278008052D602012AA05B00F9CD
:109B400000028052A0CF00B9ECFAFF17600000902D
:109B50004101805200801F9178008052A05B00F983
:109B6000A1CF00B9E5FAFF17F50319AAB64A2737BE
:109B7000A0E340B9D6201837964710366060F83712
:109B8000A06B40F9013C009121F07D92A16B00F99E
:109B9000000040F9F50319AA1C00007949FAFF17E3
:109BA000C0FFFFD0F50319AA00802A9178008052E7
:109BB000A05B00F9BFCF00B917FBFF176000009052
:109BC00000801F9178008052A05B00F90001805254
:109BD000A0CF00B9C9FAFF17F50319AA4BFAFF176E
:109BE0001F0800B100D7FF549C03160B1F0C00F197
:109BF00081000054A01B41B91F10007140000054A7
:109C0000730600D1FB77FF34C7FBFF171F0800B1B5
:109C100000D4FF54DA0240B95F070031C183FF541A
:109C2000E3031A2A2AFCFF17A07F40F9E1031AAACE
:109C3000A45F00F9BF310094A45F40F9C0B8FF34BD
:109C4000B45740F9F80313AAE50317AA9F0016EBCF
:109C5000C103005449FAFF17A05F40F9F70301AAB6
:109C600021F07DD3A7280094A05F00F9404100B403
:109C7000E1FA7FD3A15700F9A15340F91600158BE3
:109C8000200000F922FCFF17FC03132A0150801268
:109C9000B6CF46A9E20314AAE0031BAA1803010ADF
:109CA000F40315AAE10315AAB61E0094FB0300AA4B
:109CB000B34700F9D60600D1A1FCFF17B45740F90D
:109CC000F80313AAE50317AA970016CB9F00166B9B
:109CD000604AFF54E10600119F0000397F030071C4
:109CE000217C4093001341FAE82B0054A0E740B9CF
:109CF0009C03170B00040011A0E700B9F1F9FF174E
:109D0000FA0319AA1DFAFF17E01AF837A06B40F9F9
:109D1000013C009121F07D92A16B00F9010040F916
:109D2000E30313AAA07F40F9E4031AAA220080D219
:109D30009C310094F60300AA0042FFB4A0E740B9AA
:109D40009C03160B00040011A0E700B9DDF9FF1712
:109D5000F7FA7FD3E00304AAE10317AA6928009465
:109D6000E40300AA2041FFB41600198B000300F998
:109D7000C3FDFF17C0FE9F523F00006BE847FF5432
:109D8000BB6F40F937200011E1427DD3600340F9F9
:109D90005C2800942047FFB4600300F97713007932
:109DA0009AFDFF17A0CB40B900040051A0CB00B929
:109DB00063FCFF1713008052210080D2BEFDFF1705
:109DC000000340F94F280094E0B7FFB4000300F906
:109DD000BDFDFF17A55700F9C0FE9F52A45F00F913
:109DE0003F00006BA844FF54B86F40F937200011C2
:109DF000E1427DD3000340F942280094E043FFB4E0
:109E0000A55740F9000300F9A45F40F91713007942
:109E100038FDFF17C0FE9F523F00006BC83300544F
:109E2000B96F40F93820001101437DD3200340F978
:109E300034280094003300B4200300F9381300796B
:109E400002FBFF17C0FE9F523F00006B48320054D8
:109E5000A06F40F937200011E1427DD3000040F9A6
:109E600028280094803100B4A16F40F9200000F947
:109E7000371000794BFAFF17C0FE9F523F00006B6E
:109E8000A8300054B96F40F937200011E1427DD36A
:109E9000200340F91B280094E02F00B4200300F9B0
:109EA000371300794DFBFF17A0E340B901200011E3
:109EB0003F000071ED0F0054A06B40F9A1E300B921
:109EC000023C009141F07D92A16B00F942FDFF1729
:109ED000A30A4039D6021D32B50A0091CCF9FF170A
:109EE000780D1037D8550737184A0836A15B40F966
:109EF0006000009000801F91A3CF40B93F0000EBAD
:109F0000020080D2A15740F9A07F40F920520054AE
:109F1000AC2E0094A2FAFF17600DF837A06B40F941
:109F2000133C009173F27D92A06B40F90020601EFB
:109F3000160040F9C64F00540040621EC00200BD2A
:109F4000B36B00F92CFAFF17A1E340B922200011EE
:109F50005F000071AD0C0054A16B40F9A2E300B9A1
:109F6000233C009162F07D92A26B00F992FAFF17F8
:109F70001F0300B900008052522F0094C0360035F4
:109F80009C03160B730600D142FEFF170032F83710
:109F9000A06B40F9013C009121F07D92A16B00F98A
:109FA000000040F9F50319AA1C00003945F9FF1714
:109FB000410340F9970000D0F7462D912000403929
:109FC000E06A6038E0271F37400B40B92104009158
:109FD000410300F9730600F100040051400B00B981
:109FE00036008052C0CDFF54B87F40F90D000014F8
:109FF000400340F901004039E16A613801CD1F3763
:10A00000420B40B900040091400300F9D60600114C
:10A0100040040051400B00B9730600F100CCFF541E
:10A020001F0000716CFEFF54E1031AAAE00318AA96
:10A03000C0300094E0FDFF349C03160B21F9FF179C
:10A04000A0E340B9002000111F0000716D2F0054E3
:10A05000A16B40F9A0E300B9383C009118F37D9260
:10A0600025FDFF17A0E340B9012000113F0000715A
:10A07000AD2D0054A06B40F9A1E300B9023C009162
:10A0800041F07D92A16B00F925FFFF17A1E340B9D4
:10A09000E132F837A16B40F9223C009142F07D9209
:10A0A000A26B00F9210040F92000007944FAFF1763
:10A0B000A24F40F9A0E340B9A1E300B940C0208B12
:10A0C000C5FCFF17A0E340B9002000111F0000717C
:10A0D000CD320054A16B40F9A0E300B9333C0091AC
:10A0E00073F27D9291FFFF17A34F40F9A1E340B9AE
:10A0F000A2E300B961C0218B2FFAFF17A0E340B99A
:10A10000012000113F0000716D300054A06B40F938
:10A11000A1E300B9023C009141F07D92A16B00F9EE
:10A1200038FDFF17A1E340B9222000115F00007144
:10A13000AD300054A16B40F9A2E300B9233C00917B
:10A1400062F07D92A26B00F993FDFF17B54B40F9C9
:10A15000E903192AB45340F9160080D289FBFF178E
:10A16000001AF837A06B40F9013C009121F07D9274
:10A17000A16B00F9160040F91B008052030080D249
:10A18000180080D2A8FCFF17FF4300D1E203009122
:10A19000A26F00F95F0000F95F0800B94EFEFF17DB
:10A1A000A0E340B9012000113F0000718D19005457
:10A1B000A06B40F9A1E300B9023C009141F07D920F
:10A1C000A16B00F96AF9FF17A0E340B90120001163
:10A1D0003F0000718D190054A06B40F9A1E300B954
:10A1E000023C009141F07D92A16B00F96CFAFF17DF
:10A1F000A0E340B9012000113F000071AD170054E9
:10A20000A06B40F9A1E300B9023C009141F07D92BE
:10A21000A16B00F928FCFF17A0E340B90120001151
:10A220003F0000712D150054A06B40F9A1E300B967
:10A23000023C009141F07D92A16B00F9F4F9FF1707
:10A24000A07F40F9020080D2BB3F40F94301805219
:10A250006107009113E6FF97A14340F9020001CB8B
:10A26000D5FCFF17A00040F9A55F00F92527009451
:10A27000E0D3FFB4A55F40F9A00000F99CFEFF17F2
:10A280000016F837A06B40F9013C009121F07D9257
:10A29000A16B00F9180040F9020080D2040080D2BE
:10A2A0001B0080D246F9FF178013F837A06B40F9E6
:10A2B000013C009121F07D92A16B00F9040040F96E
:10A2C000180080D2050080D210FCFF178015F837E7
:10A2D000A06B40F9013C009121F07D92A16B00F947
:10A2E000170040F9BF7F0AA9BF5F00F9E0F9FF1727
:10A2F000A015F837A06B40F9013C009121F07D9248
:10A30000A16B00F9160040F9BF7F0AA9BF5F00F9F1
:10A310003BFAFF17A0E340B9012000113F00007194
:10A320004D120054A06B40F9A1E300B9023C00912A
:10A3300041F07D92A16B00F932FBFF17FA0319AAD5
:10A34000F90315AAB54B40F9174FFF34B37F40F915
:10A350000103198BE2031AAAE00313AA390700D1FB
:10A3600021F05F38AF2F009459FFFF356FFAFF17C8
:10A37000C0FE9F523F00006B0818FF54A06F40F9C9
:10A380003B20001161437DD3000040F9DD2600949D
:10A390004017FFB4A16F40F9200000F93B1000798D
:10A3A00063FCFF17186F151237008052130080D21C
:10A3B000E1FAFF17186F151239008052130080D28E
:10A3C000DDFAFF17A07F40F9E1031AAAA45700F9AC
:10A3D000D82F0094A45740F9C085FF3431FCFF17F3
:10A3E000600340F921100091C62600944020FFB47C
:10A3F000600300F900F9FF17140080522EFDFF17CB
:10A40000D60BFFB49C03160B2EF8FF17000080122A
:10A41000A0E700B9340CFFB4A8F8FF17B35340F914
:10A42000600240F9B72600948039FFB4600200F959
:10A43000CAF9FF17A07F40F9E1031BAABD2F0094C2
:10A4400000A4FF34E503142AE20315AAB55740F926
:10A45000F4031AAAE40317AAFA031BAABB5F40F984
:10A46000C508FF35DCF8FF17B60C0037960C083727
:10A470004027F837A06B40F9013C009121F07D9214
:10A48000A16B00F9000040F9F50319AA1C0000B9FE
:10A490000CF8FF1700008012A0E700B960F8FF1762
:10A4A000A0E340B9012000113F0000712D180054B5
:10A4B000A06B40F9A1E300B9023C009141F07D920C
:10A4C000A16B00F92CFFFF17A24F40F9A0E340B9A0
:10A4D000A1E300B940C0208B4DF9FF17A24F40F90E
:10A4E000A0E340B9A1E300B940C0208BA0F8FF175A
:10A4F000A24F40F9A0E340B9A1E300B940C0208BCE
:10A500006DFBFF17A24F40F9A0E340B9A1E300B9EA
:10A5100040C0208BA2F9FF17A0E340B90120001131
:10A520003F0000714D160054A06B40F9A1E300B943
:10A53000023C009141F07D92A16B00F960FFFF1792
:10A54000A0E340B9012000113F000071AD15005497
:10A55000A06B40F9A1E300B9023C009141F07D926B
:10A56000A16B00F94CFFFF17A24F40F9A0E340B9DF
:10A57000A1E300B940C0208BA2FAFF17A0E340B9C5
:10A58000012000113F0000716D140054A06B40F9D0
:10A59000A1E300B9023C009141F07D92A16B00F96A
:10A5A00050FFFF17A0E340B9012000113F000071E8
:10A5B000AD100054A06B40F9A1E300B9023C00913A
:10A5C00041F07D92A16B00F94FFFFF17A0E340B966
:10A5D000012000113F0000710D100054A06B40F9E4
:10A5E000A1E300B9023C009141F07D92A16B00F91A
:10A5F0006CFEFF17F403162AAFFCFF178012F83722
:10A60000A06B40F9013C009121F07D92A16B00F913
:10A61000000040F9817F4093F50319AA010000F979
:10A62000A8F7FF17A24F40F9A0E340B9A1E300B992
:10A6300040C0208BBAFDFF17A24F40F9A1E340B9FB
:10A64000B86B40F9A0E300B941C0218BA16B00F9C0
:10A65000A9FBFF17E20315AAE003162AB55740F934
:10A66000F60314AAE40317AAF4031AAAFA031BAA0E
:10A67000BB5F40F9000BFF34B37F40F9B45F00F9D2
:10A68000F40316AAF60315AAF50302AA1F2003D5A0
:10A69000A0830891E2031AAA0100148BE00313AA15
:10A6A000940600D121F05F38DE2E009434FFFF3590
:10A6B000B45F40F9E20315AAE40317AAF50316AA4A
:10A6C00045F8FF17E00317AAA1F27DD30D260094E9
:10A6D000F70300AA00EEFFB41800168BB5FA7FD37B
:10A6E000A05F40F9170000F973FCFF17A1E340B920
:10A6F000222000115F0000716D0D0054A16B40F924
:10A70000A2E300B9233C009162F07D92A26B00F9B4
:10A7100065FEFF17A24F40F9A0E340B9A1E300B9DD
:10A7200040C0208BB7FBFF17A24F40F9A1E340B90F
:10A73000B36B40F9A0E300B941C0218BA16B00F9D4
:10A74000FAFDFF17A34F40F9A1E340B9A2E300B916
:10A7500061C0218B10FCFF17B45740F9F9031BAA05
:10A760007F0314EBC9F5FE54B37F40F9E2031AAA44
:10A7700021FF5F38E00313AAAA2E00943F0314EBD5
:10A7800061FFFF54A6F7FF17A0E340B901200011B5
:10A790003F0000716D090054A06B40F9A1E300B9BE
:10A7A000023C009141F07D92A16B00F9F9FCFF178A
:10A7B000A24F40F9A0E340B9A1E300B940C0208B0B
:10A7C0006DFEFF17A24F40F9A0E340B9A1E300B925
:10A7D00040C0208BCCFEFF17A24F40F9A0E340B948
:10A7E000A1E300B940C0208BEEFDFF17A24F40F956
:10A7F000A0E340B9A1E300B940C0208BB0FEFF1731
:10A80000A24F40F9A0E340B9A1E300B940C0208BBA
:10A81000A1FEFF17A24F40F9A0E340B9A1E300B9A0
:10A8200040C0208BAFFEFF17A1E340B9C106F83747
:10A83000A16B40F9223C009142F07D92A26B00F99D
:10A84000210040F9200000B95DF8FF17A0E340B9EE
:10A85000012000113F0000712D070054A06B40F94A
:10A86000A1E300B9023C009141F07D92A16B00F997
:10A8700068FFFF17B45740F9F9031BAA7F0314EBD5
:10A88000E9ECFE54B37F40F9E2031AAA21FF5F38D6
:10A89000E00313AA632E00943F0314EB61FFFF54FF
:10A8A0005FF7FF17A34F40F9A1E340B9A2E300B956
:10A8B00061C0218BFCFDFF17FA031BAA2FF7FF17BE
:10A8C000A24F40F9A0E340B9A1E300B940C0208BFA
:10A8D000B0FCFF17A05740F9F9031BAA7F0300EB58
:10A8E000E9E9FE54B35740F9E2031AAAA07F40F900
:10A8F00021FF5F384B2E00943F0313EB61FFFF54A1
:10A9000047F7FF17A1E340B9222000115F00007153
:10A910008D030054A16B40F9A2E300B9233C0091E0
:10A9200062F07D92A26B00F9C6FFFF17600000D0B5
:10A9300000403C91631C009481FDFF17A24F40F939
:10A94000A0E340B9A1E300B940C0208B31FFFF175D
:10A95000882C009412F8FF17A0E340B901200011E1
:10A960003F0000718D010054A06B40F9A1E300B9D4
:10A97000023C009141F07D92A16B00F9C2FEFF17ED
:10A98000A34F40F9A1E340B9A2E300B961C0218B14
:10A99000ACFFFF17A24F40F9A0E340B9A1E300B913
:10A9A00040C0208BB8FEFF17F90315AAA5F7FF17C3
:10A9B000FF430AD1FD7B00A9FD030091F55B02A9CD
:10A9C000F50301AA610040F9E13F00F9610440F993
:10A9D000E15300F9610840F9E18700F9611840B9D5
:10A9E000E19300B9611C40B9F35301A9F40303AA30
:10A9F000F30300AAF76303A9F70302AAE1F700B97A
:10AA0000901B0094000040F9E05B00F9ADE8FF976F
:10AA1000E05700F9020180D2E0E305910100805285
:10AA200058E8FF97730000B4602640F940CB00B4AB
:10AA3000A1B240B9A022C07941000037E0A2483657
:10AA4000C0006837A1B240B900001332A0220079DB
:10AA500021781212A1B200B9E0051836A10E40F912
:10AA6000A10500B4410380520100010A3F28007192
:10AA700040060054F6430891E827066D08E4002FCD
:10AA8000740000D0EA0317AA94022791FB7305A96A
:10AA9000FC0316AA800000B000903A91F96B04A95B
:10AAA000FF7700B9E04300F9FF9700B9FF7F0EA9D7
:10AAB000FFF300B9FFFF0FA9F6CB00F9FF9B01B927
:10AAC000FFD300F9F7030AAAF8030AAA1F2003D547
:10AAD000997640F9571B0094E4E30591037C409379
:10AAE000E20317AAE1B30591E00313AA20033FD6BE
:10AAF0001F000071800500348B040054E16F41B9E0
:10AB00003F940071A0390054007C4093F702008B01
:10AB1000F0FFFF17E10315AAE00313AA491A0094F6
:10AB2000E04E0135A022C079410380520100010AA4
:10AB30003F28007101FAFF54A126C079C1F9FF37FF
:10AB4000A1B240B941000037C0184936800640AD77
:10AB5000E20317AAE10315AAE3C30491E00313AAD1
:10AB6000E08709AD4F0C0094E07700B9FD7B40A968
:10AB7000F35341A9F55B42A9F76343A9E07740B9D4
:10AB8000FF430A91C0035FD6E0E30591020180D242
:10AB900001008052FBE7FF97200080D2F702008B74
:10ABA000CCFFFF17FA03002AE00218CBEA0318AA29
:10ABB000FB03002AA0E30034E2D340F9617F409315
:10ABC000E09B41B94200018B8A0700A900040011F3
:10ABD000E09B01B99C430091E2D300F91F1C007176
:10ABE0002C450054E07740B900001B0BE07700B91A
:10ABF000DAE10034EA060091E806403907008012E5
:10AC00000B00805209008052F8030B2AF703092A2F
:10AC1000F903072AFA030AAAFF7F05395A070091A8
:10AC2000008100511F680171C8000054E14340F9E0
:10AC3000205860786100001020A8208B00001FD6EB
:10AC4000E903172AEB03182AEA031AAAE8DE0034FC
:10AC50003A008052FBA30691F7031A2A01008052A2
:10AC6000190080D20700805218008052FF8B00B973
:10AC7000FF9B00B9FF7F0539E8A306391F2003D5E4
:10AC800032011F72420B0011E0D340F95A109A1A98
:10AC90008E1080522E010E6A8100005464011A4BFE
:10ACA0009F0000716C1A0054A1010034E19B41B96E
:10ACB000E27F059100040091820300F92104001154
:10ACC000220080D2820700F99C430091E19B01B9E8
:10ACD000E0D300F93F1C00714C3E0054B201003437
:10ACE000E19B41B9E283059100080091820300F9DC
:10ACF00021040011420080D2820700F99C43009198
:10AD0000E19B01B9E0D300F93F1C00710C730054C2
:10AD1000DF010271E0290054E700174BFF000071CA
:10AD20000C050054290E4037E19B41B9EC7E40935D
:10AD300000000C8B9B3300A921040011E19B01B999
:10AD4000E0D300F93F1C00714C2200549C43009159
:10AD50008900103677011A4BFF0200710C73005402
:10AD6000E17740B97F011A6B63A19A1A2100030BA6
:10AD7000E17700B9002300B5FF9B01B9D90000B409
:10AD8000E10319AAE00313AAEA4700F961E8FF9773
:10AD9000EA4740F9FC0316AA4BFFFF1700C1005118
:10ADA00018008052481740380B0B180B18040B0B77
:10ADB00000C100511F24007169FFFF5499FFFF1764
:10ADC000840000B0E19B41B984803D91FF40007157
:10ADD0008D050054E2031CAA0D0280D2FC030AAACE
:10ADE000E9BB00B9E8C300B9EBCB00B9F7D300B9B0
:10ADF000F703072AF8DB00B9F80304AA04000014DB
:10AE0000F7420051FF420071AD0200540040009132
:10AE100021040011583400A942400091E19B01B97E
:10AE2000E0D300F93F1C0071CDFEFF54E2430691D0
:10AE3000E10315AAE00313AA0A0C0094A01D003533
:10AE4000F7420051E19B41B9E0D340F9E20316AA71
:10AE50000D0280D2FF420071ACFDFF54E703172AB8
:10AE6000E40318AAE9BB40B9EA031CAAE8C340B945
:10AE7000FC0302AAEBCB40B9F7D340B9F8DB40B9E9
:10AE8000E77C4093210400110000078B841F00A978
:10AE90009C430091E19B01B9E0D300F93F1C007194
:10AEA0002DF4FF54E2430691E10315AAE00313AA2F
:10AEB000E9BB00B9E8C300B9EBCB00B9EA6B00F914
:10AEC000E80B009460190035E9BB40B9FC0316AAF1
:10AED000EA6B40F9E0D340F9E8C340B9EBCB40B9A5
:10AEE00049F247361F2003D51F9501712D250054C7
:10AEF0000821601E01100054E19B41B9000400913B
:10AF0000620000F0240080D242400C912104001124
:10AF1000821300A99C430091E19B01B9E0D300F9A1
:10AF20003F1C00718CB00054E29740B9E16B41B90D
:10AF30003F00026BAA7B0054E28F4AA9830B00A951
:10AF4000E19B41B99C43009121040011E19B01B9AF
:10AF50000000028BE0D300F93F1C0071EC88005424
:10AF6000E19740B937040051FF0200712DEFFF5403
:10AF7000840000B0E19B41B984803D91FF420071A3
:10AF80004DBC0054E2031CAAF80304AAFC030AAA5D
:10AF90001B0280D2E98B00B9EB9B00B904000014BE
:10AFA000F7420051FF4200716DBA00540040009119
:10AFB00021040011586C00A942400091E19B01B9A5
:10AFC000E0D300F93F1C0071CDFEFF54E24306912F
:10AFD000E10315AAE00313AAA20B0094A010003508
:10AFE000E0D340F9E20316AAE19B41B9EDFFFF1758
:10AFF0008D0000B0E19B41B9ADC13D919F40007112
:10B000004D060054E2031CAA0F0280D2FC030AAAD8
:10B01000F2BB00B9EEC300B9E9CB00B9E8D300B97F
:10B02000EBDB00B9E71301B9F71B01B9F703042AF9
:10B03000F82301B9F8030DAA04000014F7420051E7
:10B04000FF420071AD020054004000912104001144
:10B05000583C00A942400091E19B01B9E0D300F9BE
:10B060003F1C0071CDFEFF54E2430691E10315AA97
:10B07000E00313AA7B0B0094C00B0035F74200518C
:10B08000E19B41B9E0D340F9E20316AA0F0280D256
:10B09000FF420071ACFDFF54E403172AED0318AA28
:10B0A000F2BB40B9EA031CAAEEC340B9FC0302AAF2
:10B0B000E9CB40B9E8D340B9EBDB40B9E71341B97C
:10B0C000F71B41B9F82341B9847C40932104001156
:10B0D0000000048B8D1300A9E19B01B9E0D300F9B6
:10B0E0003F1C0071AC920054E17F45399C430091B4
:10B0F000EEFEFF17E26B41B95F0000714C5E005439
:10B10000E19B41B900040091640000D0270080D287
:10B1100084400C9121040011841F00A99C430091DC
:10B12000E19B01B9E0D300F93F1C0071CC07015449
:10B13000E19740B92100022A61D70034E3934AA97C
:10B14000840F00A9E19B41B98643009121040011BD
:10B15000E19B01B96000008BE0D300F93F1C007156
:10B160008CD70054421EF937E29780B921040011B0
:10B17000DB0800A9DC4000914000008BE19B01B995
:10B18000E0D300F93F1C00714DDEFF541F2003D5B2
:10B19000E2430691E10315AAE00313AAE98B00B983
:10B1A000EB9B00B9EA5F00F92E0B009420020035FA
:10B1B000EA5F40F9FC0316AAE0D340F9E98B40B9F5
:10B1C000EB9B40B9E3FEFF1748034039F7021C32FE
:10B1D00093FEFF17E2430691E10315AAE00313AAC9
:10B1E000EA4700F91F0B0094EA4740F960DCFF349E
:10B1F000E10319AA610000B4E00313AA45E7FF9731
:10B20000A022C079A1B240B981170036F96B44A9D8
:10B21000FB7345A9E827466DE0173137FD7B40A950
:10B22000F35341A9F55B42A9F76343A9E07740B91D
:10B23000FF430A91C0035FD6FA03002AE00218CB4D
:10B24000EA0318AAFB03002A60CDFF345BFEFF1758
:10B250006D011A4BBF0100710DD6FF5484000090A0
:10B26000E19B41B984803D91BF410071CD050054FF
:10B27000E2031CAA0E0280D2FC030AAAE9BB00B9B1
:10B28000E8C300B9EBCB00B9E7D300B9F7DB00B9ED
:10B29000F7030D2AF81301B9F80304AA04000014F7
:10B2A000F7420051FF420071AD020054004000918E
:10B2B00021040011583800A942400091E19B01B9D6
:10B2C000E0D300F93F1C0071CDFEFF54E24306912C
:10B2D000E10315AAE00313AAE20A0094A0F8FF35DF
:10B2E000F7420051E19B41B9E0D340F9E20316AACD
:10B2F0000E0280D2FF420071ACFDFF54ED03172A0D
:10B30000E40318AAE9BB40B9EA031CAAE8C340B9A0
:10B31000FC0302AAEBCB40B9E7D340B9F7DB40B955
:10B32000F81341B9AD7D40932104001100000D8B4D
:10B33000843700A99C430091E19B01B9E0D300F957
:10B340003F1C0071ADCEFF54E2430691E10315AA04
:10B35000E00313AAE9BB00B9E8C300B9EBCB00B91D
:10B36000E7D300B9EA6F00F9BE0A009420F4FF3574
:10B37000EA6F40F9FC0316AAE0D340F9E9BB40B9F3
:10B38000E8C340B9EBCB40B9E7D340B963FEFF1740
:10B39000E19B41B900040091E39740B982430091D9
:10B3A000210400117F0400718D110054240080D20B
:10B3B0009B1300A9E19B01B9E0D300F93F1C007188
:10B3C0008C520054E3934AA921040011440C00A9B3
:10B3D00042400091E19B01B90000038BE0D300F9EA
:10B3E0003F1C00714C5300540821601EE39740B984
:10B3F00077040051E0110054F77E409321040011BE
:10B400000000178BE19B01B9E0D300F965070091BB
:10B41000450000F9570400F93F1C00710C6100540D
:10B4200042400091E4F380B921040011E5C3059185
:10B43000451000A98000008BE19B01B95C400091A0
:10B44000E0D300F93F1C00714DC8FF54E243069160
:10B45000E10315AAE00313AAE98B00B9EB9B00B93D
:10B46000EA5F00F97F0A009440ECFF35EA5F40F99B
:10B47000FC0316AAE0D340F9E98B40B9EB9B40B935
:10B4800034FEFF17E2430691E10315AAE00313AA75
:10B49000740A009460EBFF35FC0316AAD2FDFF1777
:10B4A000E2430691E10315AAE00313AAF2BB00B937
:10B4B000EEC300B9E9CB00B9E8D300B9EBDB00B9C2
:10B4C000E71301B9EA8F00F9660A009420E9FF3515
:10B4D000EA8F40F9FC0316AAE0D340F9F2BB40B969
:10B4E000EEC340B9E9CB40B9E8D340B9EBDB40B992
:10B4F000E71341B9FAFDFF17A0E84F37A05240F912
:10B5000008E5FF97A022C07941FFFF17E0F740B997
:10B51000E903172AEB03182AE703192AEA031AAAF0
:10B52000894C183600D2F837E03F40F9003C0091D2
:10B5300000EC7C9201400091E13F00F90000C03D29
:10B54000E98B00B9E89B00B9EBBB00B9E7C300B9D0
:10B55000EA6700F94F310094EA6740F90840601E3D
:10B56000E98B40B9E89B40B9EBBB40B9E7C340B9B0
:10B5700000C1601E0002F0920100679E0020611E63
:10B580000D7100541821601E64CE0054E17F4539CE
:10B59000600000D0650000D01F1D017100E00A911D
:10B5A000A5000B91FF8B00B97A008052FF9B00B978
:10B5B00029791812BBC0809AF7031A2A190080D281
:10B5C0000700805218008052C1B5FF341F2003D5F8
:10B5D0005A070011ABFDFF17A9EE0737240080D2F0
:10B5E0009B1300A9E19B01B9E0D300F93F1C007156
:10B5F000ADF1FF54E2430691E10315AAE00313AA5B
:10B60000E98B00B9EB9B00B9EA5F00F9150A0094D9
:10B6100000DFFF35EA5F40F9E20316AAE0D340F904
:10B62000E98B40B9EB9B40B9E19B41B97EFFFF1725
:10B63000E39740B97F0400716DEFFF5484000090E0
:10B6400084803D917F4400718D4E0054FC030B2A91
:10B65000F80304AA1B0280D2E98B00B9EA4F00F973
:10B6600004000014F7420051FF420071ED4C0054F9
:10B670000040009121040011586C00A94240009143
:10B68000E19B01B9E0D300F93F1C0071CDFEFF54EE
:10B69000E2430691E10315AAE00313AAF10900941D
:10B6A00080DAFF35E0D340F9E20316AAE19B41B905
:10B6B000EDFFFF17E903172AEB03182AEA031AAA7A
:10B6C0001F0D0171E0540054C9542037E09340B974
:10B6D000E0E1F837E03F40F9012C009121F07D9244
:10B6E000E13F00F9000040B93A008052F8A306910A
:10B6F000F7031A2AE0A30639FB0318AA01008052B7
:10B70000190080D20700805218008052FF8B00B9C8
:10B71000FF9B00B9FF7F05395AFDFF17E09340B941
:10B72000E903172AEB03182AE703192AEA031AAADE
:10B730006044F837E03F40F9013C009121F07D92F0
:10B74000E13F00F91B0040F9FF7F05391B8400B47D
:10B750001F4D0171C070005438011C1289702037D0
:10B7600047B2F837E27C4093E0031BAA0100805205
:10B77000E78B00B9E99B00B9EBBB00B9EA6300F9BC
:10B7800040180094EA6340F9F90300AAE78B40B936
:10B79000E99B40B9EBBB40B9401001B4E17F4539AA
:10B7A00003001BCBFF8B00B97F000071FF9B00B92A
:10B7B000F703032A7AA09F1A07008052190080D24B
:10B7C000680E8052E1A5FF3482FFFF17F803184B83
:10B7D000E03F00F948034039F7021E3210FDFF1721
:10B7E000E1031AAA281440381FA90071C01C015493
:10B7F00000C10051FA0301AA0700805219008052CB
:10B800001F240071E8A0FF5428144038E708070BF4
:10B810000704070B00C100511F24007169FFFF548A
:10B82000FF000071FA0301AAF9A09F5AFDFCFF175F
:10B830006005805248034039E07F0539F8FCFF1766
:10B84000E09340B9003DF837E03F40F9002C00910B
:10B8500000F07D92E13F40F9380040B998FBFF3796
:10B8600048034039E03F00F9EDFCFF17E00313AA5D
:10B87000F4170094000440F9E07700F911E5FF9710
:10B88000E10300AAFB0301AAE00313AAE18300F984
:10B89000EC170094000840F9E07F00F97F0300F105
:10B8A000041840FA2034005401004039E0021632F6
:10B8B000480340393F0000711710971AD8FCFF1752
:10B8C00048034039F7020032D5FCFF17E07F4539C5
:10B8D00048034039409AFF3500048052E07F053923
:10B8E000CFFCFF17EB03182AE703192AEA031AAA69
:10B8F000E9021C32E09340B9490028372933203649
:10B90000404FF837E03F40F9013C009121F07D9233
:10B91000E13F00F9000040F93A7915120100805228
:10B9200002008052E27F0539270EF8371F0000F130
:10B93000497B1812E008407A810D0054810C0035D3
:10B9400057030012BA1B0036FB2F089100068052E5
:10B9500007008052E02F0839E17F4539FF00176B5F
:10B96000FF8B00B9FAA0971AFF9B00B9190080D28B
:10B97000180080526198FF3416FFFF1748034039C2
:10B98000F7021D32A6FCFF17EA031AAAEB03182AD6
:10B99000E703192AFA021C32E09340B95A0028370B
:10B9A0007A292036E048F837E03F40F9013C009121
:10B9B00021F07D92E13F00F9000040F92100805222
:10B9C000D8FFFF17480340391FB1017120370054D9
:10B9D000F7021C3292FCFF17480340391FA1017186
:10B9E00000370054F7021A328DFCFF174803403924
:10B9F000F7021B328AFCFF17E09340B9E903172ACC
:10BA0000EB03182AE703192AEA031AAA402CF8378D
:10BA1000E03F40F9013C009121F07D92E13F00F9C7
:10BA2000000040F902068F52630000D03A011F3235
:10BA300063600B9141008052080F8052E37300F95C
:10BA4000E2C30279B7FFFF17E09340B9E903172A71
:10BA5000EA031AAAE9262836406DF837E03F40F994
:10BA6000013C009121F07D92E13F00F9000040F996
:10BA7000E17780B9010000F913FCFF17EB03182AE6
:10BA8000E703192AEA031AAAE9021C32E09340B933
:10BA900049002837E9222036C043F837E03F40F913
:10BAA000013C009121F07D92E13F00F9010040F955
:10BAB000E00301AA0123F8B7E70EF8371F0000F1F1
:10BAC00029791812E008407A610E0054FB3308917E
:10BAD0000700805217008052A0FFFF17480340392B
:10BAE000F70219324EFCFF17FA03092A3F040071CE
:10BAF000400D0054F7330891FB0317AA3F0800716B
:10BB000041010054E27340F9010C409200FC44D31F
:10BB10004168613861FF1F3880FFFFB5F7021B4B9A
:10BB2000E9031A2A8DFFFF1701080012E2031BAA7E
:10BB300021C0001161FF1F3800FC43D360FFFFB537
:10BB40003FC00071E0079F1A5F03006A80FEFF5448
:10BB5000420800D100068052E9031A2AF702024B7C
:10BB600060F31F38FB0302AA7CFFFF17E243069134
:10BB7000E10315AAE00313AAEEBB00B9E9C300B9BB
:10BB8000E8CB00B9EBD300B9E7DB00B9EA8B00F9E9
:10BB9000B4080094E0B2FF35EA8B40F9FC0316AA22
:10BBA000E0D340F9EEBB40B9E9C340B9E8CB40B9B6
:10BBB000EBD340B9E7DB40B956FCFF178D0000908E
:10BBC000E19B41B9ADC13D91FF420071ED030054CD
:10BBD000F8030DAA1B0280D2EB8B00B9EA4F00F9E3
:10BBE00004000014F7420051FF4200718D0200541E
:10BBF0000040009121040011986F00A99C4300911E
:10BC0000E19B01B9E0D300F93F1C0071CDFEFF5468
:10BC1000E2430691E10315AAE00313AA91080094F8
:10BC200080AEFF35F7420051E19B41B9E0D340F9C6
:10BC3000FC0316AAFF420071CCFDFF54EA4F40F905
:10BC4000ED0318AAEB8B40B9F77E40932104001155
:10BC50000000178B8D5F00A9E19B01B9E0D300F9CB
:10BC60003F1C0071ED87FF54E2430691E10315AAE2
:10BC7000E00313AAEB8B00B9EA4F00F979080094AE
:10BC800080ABFF35EA4F40F9E0D340F9EB8B40B988
:10BC900034FCFF17FA03092A1F2400F1A8540054AA
:10BCA00000C00011E9031A2AFB2F089137008052C7
:10BCB000E02F083929FFFF17FB3308910700805256
:10BCC00026FFFF17E19740B91F03016B17D3811AB5
:10BCD0002C7C4093FF0200716D010054E19B41B93F
:10BCE000E27E40930000028B9B0B00A9210400110F
:10BCF000E19B01B99C430091E0D300F93F1C007126
:10BD0000CCB30054FF020071E4A29F1A1703044B46
:10BD1000FF0200714C59005468C3388B09955037A5
:10BD2000E19740B9F76B41B9FF02016B6B260054F4
:10BD300049260037E19740B97B030C8B7B0308CB86
:10BD40003700174BFF021B6BFBB29B1A7F0300717E
:10BD50006D010054E19B41B9627F40930000028B6A
:10BD6000880B00A921040011E19B01B99C430091BB
:10BD7000E0D300F93F1C0071ECB600547F03007162
:10BD80007BA39F1AF7021B4BFF0200712D7EFF540D
:10BD900084000090E19B41B984803D91FF42007195
:10BDA0004D4B0054E2031CAAF80304AAFC030AAAA0
:10BDB0001B0280D2E98B00B9EB9B00B90400001490
:10BDC000F7420051FF4200716D490054004000915C
:10BDD00021040011586C00A942400091E19B01B977
:10BDE000E0D300F93F1C0071CDFEFF54E243069101
:10BDF000E10315AAE00313AA1A080094A09FFF35D7
:10BE0000E0D340F9E20316AAE19B41B9EDFFFF1729
:10BE1000E2430691E10315AAE00313AAE98B00B9F6
:10BE2000EB9B00B9EA5F00F90E080094209EFF35F5
:10BE3000EA5F40F9E20316AAE0D340F9E98B40B982
:10BE4000EB9B40B9E19B41B95FFDFF17E2430691CF
:10BE5000E10315AAE00313AAE98B00B9EB9B00B933
:10BE6000EA5F00F9FF070094409CFF350821601E3F
:10BE7000E39740B9EA5F40F9E20316AAE0D340F93C
:10BE800077040051E98B40B9EB9B40B9E19B41B984
:10BE900000BDFF5459FDFF17A05240F99DE2FF97E6
:10BEA000A022C079E7FAFF174975073623FCFF1770
:10BEB0000087F837E03F40F9013C0091080040FD61
:10BEC00021F07D92E13F00F9AAFDFF17FA4F3036CD
:10BED0002079F837E03F40F9012C009121F07D9264
:10BEE000E13F00F900004079210080528DFEFF17EC
:10BEF000095530366072F837E03F40F9012C009167
:10BF000021F07D92E13F00F900008079E10300AA71
:10BF100041DDFFB6E00300CBFA03092AA2058052F7
:10BF20002100805280FEFF17480340393CFBFF1779
:10BF300049D92737896B3037A9BB4836E0D6F8375F
:10BF4000E03F40F9013C009121F07D92E13F00F992
:10BF5000000040F9E1D3413901000039DAFAFF1756
:10BF6000694C3036C070F837E03F40F9012C009141
:10BF700021F07D9200004079E13F00F967FEFF1754
:10BF8000E903172AEB03182AE703192AEA031AAA76
:10BF9000BFFEFF17E09340B9012000113F00007180
:10BFA0002D9E0054E03F40F9E19300B9023C00911E
:10BFB00041F07D92E13F00F99AFEFF17E09340B90E
:10BFC000012000113F0000714D9C0054E03F40F9FA
:10BFD000E19300B9023C009141F07D92E13F00F90C
:10BFE000D9FDFF17E09340B9012000113F00007117
:10BFF0002D9A0054E03F40F9E19300B9002C0091E4
:10C0000000F07D9214FEFF17EA4F40F9EB031C2A63
:10C01000E98B40B9E40318AAF77E4093210400118C
:10C020000000178BE19B01B9E0D300F9440000F94F
:10C03000570400F93F1C00714D9FFF54E2430691E5
:10C04000E10315AAE00313AAE98B00B9EB9B00B941
:10C05000EA5F00F983070094C08CFF35EA5F40F97E
:10C06000E20316AAE0D340F9E98B40B9EB9B40B953
:10C07000E19B41B9ECFCFF17E2430691E10315AAED
:10C08000E00313AAE98B00B9EB9B00B9EA5F00F962
:10C0900074070094E08AFF35EA5F40F9FC0316AAB2
:10C0A000E0D340F9E98B40B9EB9B40B9ADFBFF17FA
:10C0B00048074039F7021B325A070091D8FAFF1798
:10C0C00048074039F70217325A070091D4FAFF1790
:10C0D000EA031AAAEB03182AE703192AFA03172A14
:10C0E0002EFEFF17E903172AEB03182AE703192A84
:10C0F000EA031AAA600000B000C00B91E07300F9D7
:10C10000E09340B9090B2837E90A20374941303616
:10C110006068F837E03F40F9012C009121F07D92F2
:10C1200000004079E13F00F955000014600000B0C4
:10C13000E903172A00600B91EB03182AE703192A79
:10C14000EA031AAAE07300F9EEFFFF17E903172AC2
:10C15000EB03182AE703192AEA031AAAE6FDFF17D8
:10C16000E0230691020180D201008052E98B00B9E0
:10C17000E89B00B9EBBB00B9EA6300F981E2FF97E5
:10C18000E09340B9EA6340F9E98B40B9E89B40B9D4
:10C19000EBBB40B9A03EF837E03F40F9012C0091DD
:10C1A00021F07D92E13F00F9020040B9F8A3069129
:10C1B000E3230691E10318AAE00313AAE98B00B96F
:10C1C000E89B00B9EBBB00B9EA6300F9952600943F
:10C1D000EA6340F9F703002AE98B40B91F040031F4
:10C1E000E89B40B9EBBB40B9A0C900541F000071E7
:10C1F0001AA09F1A41FDFF17E28F4AA9830B00A9DD
:10C20000E19B41B99C43009121040011E19B01B9DC
:10C210000000028BE0D300F93F1C0071CDD8FF5421
:10C22000E2430691E10315AAE00313AAEC4700F9E3
:10C23000E99B00B9EBBB00B9E82B0CA909070094F6
:10C24000807DFF35EC4740F9FC0316AAE82B4CA98A
:10C25000E0D340F9E99B40B9EBBB40B9F76B41B97A
:10C26000B5FEFF17A001F837E03F40F9013C00910F
:10C2700021F07D92E13F00F9000040F91F0000F13C
:10C28000E1079F1A3F01016AC11400543A7915125F
:10C2900041008052A3FDFF17E09340B90120001137
:10C2A0003F0000718D380054E03F40F9E19300B940
:10C2B000023C009141F07D92E13F00F9EFFFFF1752
:10C2C000E09340B9012000113F000071AD320054ED
:10C2D000E03F40F9E19300B9023C009141F07D92CA
:10C2E000E13F00F9B5FDFF17E09340B901200011CF
:10C2F0003F0000710D330054E03F40F9E19300B975
:10C30000023C009141F07D92E13F00F982FDFF1770
:10C31000E09340B9012000113F0000718D2F0054BF
:10C32000E03F40F9E19300B9023C009141F07D9279
:10C33000E13F00F9DEFDFF17E2430691E10315AA94
:10C34000E00313AAF2BB00B9EEC300B9E9CB00B910
:10C35000E8D300B9EBDB00B9E71301B9EA8F00F9C4
:10C36000C00600946074FF35EA8F40F9FC0316AAFA
:10C37000E0D340F9E17F4539F2BB40B9EEC340B9A3
:10C38000E9CB40B9E8D340B9EBDB40B9E71341B999
:10C3900046FAFF17E00313AA42DFFF97A5F9FF173C
:10C3A0000021681EE69C005417791A12FF060171DD
:10C3B000C1300054010F80521F850171000B805263
:10C3C0000010811A01068052E1830539E0870539A2
:10C3D000FBA30691190080D2FF8C0171EC5400542C
:10C3E0000001669E00FC60D32054F8360041611EB7
:10C3F000A0058052E0BB00B9E0A30591E98B00B92C
:10C40000E8AF1229EA6300F9E7F300B9B115009427
:10C410000110681EE98B40B9EA6340F90108611E0A
:10C42000E8AF5229E7F340B92820601E61000054AC
:10C4300020008052E06B01B9E303072A1F850171D8
:10C4400063040091600000B0620000B000600B91D6
:10C4500042C00B916303038B4210809A0210661E48
:10C46000E0031BAA030000142820601E209900543A
:10C470002108621EEC0300AA2100781E2000621E23
:10C4800044C86138041400382138601E7F0000EB76
:10C49000C1FEFF5400106C1E3020601E8C00005442
:10C4A0002020601EA102005481020036ECC700F972
:10C4B000E10300AA443C403903F05F387F00046B7D
:10C4C000210100540706805227F01F38E1C740F9C8
:10C4D000230400D1E3C700F923F05F389F00036B0A
:10C4E00040FFFF5464040011841C00127FE40071BB
:10C4F000804E005424F01F38F86B41B900001B4BEC
:10C50000013D001129011F32211C0012220080521E
:10C51000E09700B900070051E06B01B96701001412
:10C520000106805229011F32E1830539E887053968
:10C5300057FFFF17E2430691E10315AAE00313AA90
:10C54000E98B00B9EB9B00B9EA5F00F9450600945E
:10C550000065FF35EA5F40F9FC0316AAE0D340F915
:10C56000E98B40B9EB9B40B970FAFF17E0030691E5
:10C57000020180D201008052E98B00B9E89B00B92A
:10C58000EBBB00B9E7C300B9EA6700F9FBC700F9E4
:10C590007CE1FF97E7C340B9EA6740F9E98B40B90E
:10C5A000E89B40B9EBBB40B9074BF837180080D285
:10C5B00017008052FA03082AF903072AF54700F901
:10C5C000F503172AF70318AAF8030AAAE99B00B98A
:10C5D000EBBB00B90D000014E3030691E1A3069143
:10C5E000E00313AA8F2500941F0400312085005416
:10C5F000A002000B1F00196BEC000054F712009111
:10C6000020930054F503002AE0C740F9026877B888
:10C6100042FEFF35F703152AE99B40B9F54740F97B
:10C62000E8031A2AEBBB40B9EA0318AAF7630034FF
:10C63000FF8E01716D770054E1060011E00313AA2B
:10C64000E98B00B9217C4093E89B00B9EBBB00B9B2
:10C65000EA6300F9A7DAFF97EA6340F9FB0300AA4F
:10C66000E98B40B9E89B40B9EBBB40B900B000B4DE
:10C67000F90300AA020180D201008052E003069172
:10C68000E98B00B9E89B00B9EBBB00B9EA6300F99C
:10C690003CE1FF97E07E4093E4030691F80300AA93
:10C6A000E30300AAE2230691E1031BAAE00313AA15
:10C6B00080250094EA6340F91F0300EBE98B40B941
:10C6C000E89B40B9EBBB40B981AC00547FCB373815
:10C6D000FF020071FF8B00B9FAA29F1AE17F453972
:10C6E00007008052FF9B00B918008052A12CFF3434
:10C6F000B8FBFF17E98B40B9EA031CAAEB9B40B9D2
:10C70000FC0302AAE40318AAF77E40932104001157
:10C710000000178BE19B01B9E0D300F9845F00A909
:10C720003F1C00716C53FF549C43009189F9FF1723
:10C73000F733089143031612F8E702B2E20317AA8F
:10C74000E40317AA05008052F70313AAB89999F2D7
:10C75000F303032AE30315AAF57F40F90700001449
:10C76000197CD89B39FF43D31F2400F149020054A0
:10C77000E00319AAE2031BAA197CD89BA5040011A7
:10C780005B0400D139FF43D3210B198B010401CB8A
:10C7900021C0001141F01F3853FEFF34A10240397F
:10C7A0003FFC03712010457AC1FDFF541F2400F1A6
:10C7B00068620054F30317AAF70304AAE59700B9C7
:10C7C000F57F00F9F50303AAD5FCFF17FF180071E8
:10C7D000C3008052FA90831A650000B0F7031A2A4A
:10C7E000BB200C91190080D20100805207008052BA
:10C7F00018008052FF8B00B9FF9B00B921F9FF1789
:10C80000E09340B9012000113F0000712D24005435
:10C81000E03F40F9E19300B9023C009141F07D9284
:10C82000E13F00F992FCFF17E0D340F9E03000B59A
:10C83000A022C079FF9B01B973FAFF17640000F0D2
:10C84000E19B41B984803D91FF420071AD1B0054D2
:10C85000E2031CAA080280D2FC030AAAEC5F00F9DA
:10C86000E9C300B9EBCB00B9F8D300B9F80304AAC7
:10C8700004000014F7420051FF4200714D190054AA
:10C880000040009121040011582000A9424000916D
:10C89000E19B01B9E0D300F93F1C0071CDFEFF54CC
:10C8A000E2430691E10315AAE00313AA6D05009483
:10C8B000004AFF35E0D340F9E20316AAE19B41B9F3
:10C8C000080280D2ECFFFF17FA2048364080F83784
:10C8D000E03F40F9012C009121F07D92E13F00F909
:10C8E00000004039210080520EFCFF17C920483655
:10C8F000807CF837E03F40F9012C009121F07D92D7
:10C9000000004039E13F00F904FCFF17E25340F911
:10C91000E09340B9E19300B940C0208B64FCFF175D
:10C92000E25340F9E09340B9E19300B940C0208B55
:10C9300022FCFF17A91C4836E06EF837E03F40F9AB
:10C94000012C009121F07D9200004039E13F00F977
:10C950004BFEFF17E25340F9E09340B9E19300B971
:10C9600040C0208BECFBFF17E09340B90120001181
:10C970003F000071AD1F0054E03F40F9E19300B962
:10C98000022C009141F07D92E13F00F907FEFF1774
:10C99000891C4836C07DF837E03F40F9012C0091F2
:10C9A00021F07D92E13F00F900008039E10300AA07
:10C9B00041FCFF17E25340F9E09340B9E19300B91D
:10C9C00040C0208B2DFEFF17FF040031602700546C
:10C9D000FF1E0171E008407AE7149F1A0001669E6D
:10C9E0003901183200FC60D3E079F8370941601E44
:10C9F000FFBB00B9E9A312292041601EEBC300B9B7
:10CA0000EA6700F9FF1A0171C1420054E203072AE4
:10CA100061008052E5230691E4030691E3A30591AA
:10CA2000E00313AAE78B00B9B6140094E78B40B972
:10CA3000FB0300AA01004039EA6740F93FC00071DA
:10CA4000E9A3522900C0278BEBC340B940520054E0
:10CA5000E16B41B901C0218B2821601E604F005459
:10CA6000E0C740F9030680523F0000EBE9000054A4
:10CA700002040091E2C700F903000039E0C740F961
:10CA80003F0000EB68FFFF54F86B41B900001BCB7F
:10CA9000E09700B9FF1E0171002200540007005109
:10CAA000FF1A017140500054011D00120200805213
:10CAB000190080D2E06B01B9E1C3053961058052EC
:10CAC0008000F836200080520000184BA1058052EB
:10CAD000E1C705391F240071CD5B0054EC3F06917E
:10CAE000AD999952E4030CAA8D99B972027CAD9B61
:10CAF000E30304AAE503002A840400D142FC63D3C3
:10CB00004108020B0104014BE003022A21C000117D
:10CB100061F01F38BF8C0171ACFEFF5440C00011A2
:10CB200080F01F38600800D11F000CEB827E00549B
:10CB3000E1CB059102144038221400381F000CEBA1
:10CB4000A1FFFF54E0430A91030003CB60F40351BB
:10CB5000E0F300B9E09740B9E1F340B91700010BE9
:10CB60001F0400716D5B0054E0AB40B9F702000B8D
:10CB700029791512FF02007129011832FAA29F1AB1
:10CB800018008052FF8B00B9FF9B00B9E0BB40B991
:10CB9000001B0035E17F4539070080522107FF3433
:10CBA0008CFAFF17EC5F40F9E40318AAE9C340B917
:10CBB000EA031CAAEBCB40B9FC0302AAF8D340B9A4
:10CBC000E77E4093210400110000078B841F00A919
:10CBD0009C430091E19B01B9E0D300F93F1C007137
:10CBE000CD89FF54E2430691E10315AAE00313AA9D
:10CBF000EC5F00F9E9C300B9EBCB00B9EA6B00F9CF
:10CC000098040094602FFF35EC5F40F9FC0316AAEE
:10CC1000EA6B40F9E0D340F9E9C340B9EBCB40B946
:10CC20003EFCFF1769090736E28F4AA9830B00A96A
:10CC3000E19B41B98643009121040011E19B01B9B8
:10CC40004000008BE0D300F93F1C0071ED28FF5439
:10CC5000E2430691E10315AAE00313AAE98B00B9A8
:10CC6000EB9B00B9EA5F00F97E040094202CFF35AD
:10CC7000EA5F40F9E60316AAE0D340F9E98B40B930
:10CC8000EB9B40B9E26B41B9E19B41B936F9FF1723
:10CC9000E25340F9E09340B9E19300B940C0208BE2
:10CCA00073FBFF17C062F837E03F40F9013C009189
:10CCB00021F07D92E13F00F9000040F9E1EB40797D
:10CCC0000100007980F7FF17E067F837E03F40F98F
:10CCD000012C009121F07D92000040B9E13F00F964
:10CCE00067FDFF174050F837E03F40F9012C0091F5
:10CCF00021F07D92E13F00F9000040B9210080520F
:10CD000008FBFF178063F837E03F40F9012C0091E2
:10CD100021F07D92000040B9E13F00F9FFFAFF17D2
:10CD2000605CF837E03F40F9012C009121F07D92E2
:10CD3000E13F00F9000080B9E10300AA5EFBFF17A4
:10CD4000E09340B9012000113F0000718D51005463
:10CD5000E03F40F9E19300B9022C009141F07D924F
:10CD6000E13F00F969FCFF17E25340F9E09340B955
:10CD7000E19300B940C0208B0CFDFF17E09340B950
:10CD8000012000113F0000716D5D0054E03F40F94B
:10CD9000E19300B9022C009141F07D9200004079AE
:10CDA000E13F00F9DDFAFF17E0031BAAE9BB00B978
:10CDB000EBC300B9190080D2EA6700F9C1DFFF9721
:10CDC000E17F45391F000071FF8B00B9F703002A8E
:10CDD000FF9B00B91AA09F1AEA6740F9070080522A
:10CDE000E9BB40B9680E8052EBC340B9A1F4FE34F0
:10CDF000F8F9FF17E09340B9012000113F000071DE
:10CE0000CD4D0054E03F40F9E19300B9022C009170
:10CE100041F07D92E13F00F933FCFF17E09340B908
:10CE2000012000113F000071ED490054E03F40F93E
:10CE3000E19300B9022C009141F07D92000040790D
:10CE4000E13F00F90EFDFF17E00313AAE24306914C
:10CE5000E10315AA03040094C0CEFF34E9F8FF17DC
:10CE6000A05240F9AFDEFF9739F7FF170041601E6F
:10CE7000FFBB00B961FDFF17E1040011E00313AA35
:10CE8000E78B00B9217C4093E9A31229EA5F00F9FE
:10CE9000EBF300B997D8FF97EA5F40F9FB0300AACC
:10CEA000E78B40B9E9A35229EBF340B9806300B4A2
:10CEB000F90300AA4BFDFF17C7008052C8FEFF17F9
:10CEC000442840398CFDFF17E0C740F9F86B41B9A1
:10CED00000001BCBE09700B91F03076B01DB433A4F
:10CEE000EA1700540809005100070051EFFEFF1730
:10CEF000A00580525A070011A105805207008052F8
:10CF0000E07F05395FF7FF17E4030691E2230691FE
:10CF1000E00313AA030080D2010080D2E98B00B99C
:10CF2000E89B00B9EBBB00B9EA6300F96123009408
:10CF3000EA6340F9F703002AE98B40B91F04003186
:10CF4000E89B40B9EBBB40B920690054FBC700F92E
:10CF5000B7FDFF17A0058052A1058052E07F05397B
:10CF60008CF9FF17E0F740B9014000113F00007154
:10CF70006D380054E03F40F9E1F700B9003C009102
:10CF800000EC7C9201400091E13F00F96CF9FF1741
:10CF9000E0F740B9014000113F000071ED3400544A
:10CFA000E03F40F9E1F700B9023C0091080040FD84
:10CFB00041F07D92E13F00F96EF9FF17E18B40B936
:10CFC0003F000071E19B40B920D8407A0D660054C3
:10CFD0006D030C8BE2031CAA640000F0FC03012A21
:10CFE00084803D91F8030DAA170280D2F34F00F917
:10CFF000F95F00F9F90308AAEC6F00F9E91301B928
:10D00000FB8F00F9EB2301B9FA2701B9FBEB4FA91C
:10D01000EA9700F9280000149C070051E19B41B9F0
:10D0200000001A8BE37740F921040011436800A93E
:10D0300042400091E19B01B9E0D300F93F1C00712F
:10D040006C08005461034039050319CBE30318AAA7
:10D050003F00056B33B0851A7F0200718D010054CB
:10D06000E19B41B96A7E409300000A8B592800A9D0
:10D0700021040011E19B01B9E0D300F93F1C0071CC
:10D080004C09005461034039424000917F02007115
:10D0900065A29F1A3300054B7F020071AC0100545A
:10D0A000E58B40B93903218BBF00007180DB407AEA
:10D0B0008D4D00549F0300710CFBFF54E18B40B970
:10D0C0007B0700D121040051E18B00B9D4FFFF1789
:10D0D0006A0000D0E19B41B94A813D917F420071D5
:10D0E000ED040054E3130CA9F86B00F9F84F40F974
:10D0F00004000014734200517F420071CD030054BC
:10D100000040009121040011445C00A942400091BC
:10D11000E19B01B9E0D300F93F1C0071CDFEFF5443
:10D12000E2430691E10315AAE00318AA4D03009417
:10D13000E0150035E0D340F9630000D0E19B41B930
:10D14000E20316AA64803D91EBFFFF17E04F40F920
:10D15000E2430691E10315AA4203009420560035EC
:10D16000E0D340F9610000D0E20316AA24803D918B
:10D17000B5FFFF17E32B4CA9F86B40F9657E409390
:10D18000210400110000058B4A1400A9E19B01B99C
:10D19000E0D300F93F1C00710C11005461034039C9
:10D1A00042400091BFFFFF17E04F40F9E243069174
:10D1B000E10315AAF86300F92A030094205300350F
:10D1C000E36340F9640000D0E0D340F9E20316AA1B
:10D1D0006103403984803D91ADFFFF17E19740B96D
:10D1E0001F03016BAB170054E0AB40B93F0140F2A5
:10D1F0000C03000B9711981A690050361F03007139
:10D200000C2F0054FF020071E80C8052FAA29F1A02
:10D21000E903192A190080D2FF8B00B9FF9B00B9DE
:10D220005BFEFF17E2430691E10315AAE00313AA90
:10D23000E98B00B9EB9B00B9EA5F00F909030094A0
:10D2400080FDFE35EA5F40F9FC0316AAE0D340F901
:10D25000E98B40B9EB9B40B9E26B41B9B5F7FF17D9
:10D26000FF16017141030054F8040011410080527F
:10D27000E203182AE5230691E4030691E3A305914E
:10D28000E00313AAE78B00B99E120094FB0300AAE7
:10D29000EA6740F901C0388BE78B40B9E9A352290E
:10D2A000EBC340B9EDFDFF17E17F45391A0080520D
:10D2B000FF8B00B907008052FF9B00B91800805215
:10D2C000190080D2E1CDFE34C2F8FF17E203072A2D
:10D2D000E5230691E4030691E3A30591E00313AA75
:10D2E00041008052E78B00B986120094E9A35229CD
:10D2F000FB0300AAEA6740F9E78B40B9EBC340B9EA
:10D3000049DE073661C3278BD4FDFF17E09340B990
:10D31000012000113F0000710D1E0054E03F40F954
:10D32000E19300B9022C009141F07D92E13F00F9B8
:10D33000EDF8FF17E25340F9E09340B9E19300B9EB
:10D3400042C0208BE03F40F9E23F00F942F9FF176D
:10D35000E25340F9E09340B9E19300B940C0208B1B
:10D36000F9F8FF17E25340F9E09340B9E19300B9AF
:10D3700040C0208BABF9FF17E2430691E10315AAE9
:10D38000E00313AAEC5F00F9E9C300B9EBCB00B9E5
:10D39000EA6B00F9B3020094C0F2FE35EC5F40F98D
:10D3A000FC0316AAEA6B40F9E0D340F9E9C340B99F
:10D3B000EBCB40B954FAFF17E04F40F9E243069136
:10D3C000E10315AAE36300F9A6020094A042003528
:10D3D000E36340F9640000D0E0D340F9E20316AA09
:10D3E0006103403984803D912EFFFF17E15F40F9D2
:10D3F000F30318AA21F0FEB582F7FF17E17740F991
:10D40000E88B00B9E08340F9EB9F1229E3AB0BA94D
:10D410007B0300CBE20300AAE0031BAAE46700F948
:10D42000B4100094A006403905008052E3AB4BA92C
:10D430001F000071E46740F9B506959AE88B40B982
:10D44000EB9F5229CBFCFF17F86B41B9E00301AA0F
:10D450008FFDFF17E2430691E10315AAE00313AA2B
:10D46000E98B00B9EB9B00B9EA5F00F97D020094FB
:10D4700000ECFE35E1AF5229FC0316AAF76B41B967
:10D48000EA5F40F93700174BE0D340F9E98B40B928
:10D490003BFAFF172821601E41310054F86B41B957
:10D4A00000C0388B00001B4BE09700B92001001230
:10D4B0000000072A1F030071AD33005480180035A7
:10D4C000F703182AC80C8052E9185037FF02007180
:10D4D000FAA29F1A4FFFFF17E1AB40B9E80C805248
:10D4E0003700000B1F0300710CFFFF54EC02184BB8
:10D4F00097050031FA529F1A46FFFF17A0B240B9B4
:10D50000A0000037A022407960004837A05240F9BF
:10D5100004DDFF9700008012E07700B940F7FF17A5
:10D52000FBA30691190080D253FCFF17640000D0C2
:10D53000F703024B84803D915F400031EA040054C0
:10D54000E20315AAFC03092AF503172A180280D260
:10D55000F70302AAF94700F9F90304AAEB9B00B903
:10D56000EA5F00F904000014B5420051BF420071A7
:10D570004D0200540040009121040011D96000A91F
:10D58000C6400091E19B01B9E0D300F93F1C007156
:10D59000CDFEFF54E2430691E10317AAE00313AA6C
:10D5A0003002009460250035E0D340F9E60316AA66
:10D5B000E19B41B9EDFFFF17EA5F40F9E20317AACB
:10D5C000E40319AAEB9B40B9F94740F9F703152A80
:10D5D000E9031C2AF50302AAF77E409321040011F7
:10D5E0000000178BC45C00A9C6400091E19B01B903
:10D5F000E0D300F93F1C00718DDBFE54E24306913D
:10D60000E10315AAE00313AAE98B00B9EB9B00B96B
:10D61000EA5F00F913020094C0DEFE35EA5F40F9CC
:10D62000E60316AAE0D340F9E98B40B9EB9B40B979
:10D63000E19B41B9CDF6FF17E28740F9E0F740B929
:10D64000E1F700B940C0208B080040FDC9F7FF1783
:10D65000E1CB059182000035E1CF059102068052B1
:10D66000E2CB053900C0001120140038E2C3059157
:10D670002000024BE0F300B937FDFF17E28740F9C5
:10D68000E0F740B9E1F700B940C0208BACF7FF17D5
:10D69000F54740F9010080D2A022C07900001A327B
:10D6A000A0220079A1DAFEB5D6F6FF17201AF837C6
:10D6B000E03F40F9013C009121F07D92E13F00F90B
:10D6C000000040F9E17740B9010000B9FEF4FF170E
:10D6D00009A5073625FDFF17E25340F9E09340B94D
:10D6E000E19300B940C0208BFFF7FF17E09340B9EA
:10D6F000012000113F000071CD1E0054E03F40F9B1
:10D70000E19300B9022C009141F07D92E13F00F9D4
:10D710007AFDFF17E09340B9012000113F0000712E
:10D720002D1E0054E03F40F9E19300B9022C009116
:10D7300041F07D9200004039E13F00F9D0FAFF1737
:10D740000001669EE017F8B7E17F45396000009060
:10D75000650000901F1D017100200B91A5400B91E9
:10D7600091F7FF17E25340F9E09340B9E19300B914
:10D7700040C0208B00004079C1FAFF17E25340F906
:10D78000E09340B9E19300B940C0208BDFF9FF1767
:10D79000E1001B0B030680522100004B2204001104
:10D7A00002C0228BA16AFF37031400385F0000EB30
:10D7B000C1FFFF5451FBFF17E25340F9E09340B91A
:10D7C000E19300B940C0208BC7F9FF17E0AB40B927
:10D7D000C80C8052EC00000B9701180B3BFFFF17A1
:10D7E000E80C8052E17F40F9200040391FFC0371B2
:10D7F000802400540300805202008052050000146F
:10D8000042040011210400911FFC03712001005407
:10D810001F00186BEA0000541803004B2004403925
:10D8200000FFFF352000403963040011F7FFFF17A8
:10D83000E28B00B9E39B00B9E17F00F9E18B40B9CD
:10D84000E903192AE09B40B9190080D20000010BBE
:10D85000E10341B9175C011BFF020071FAA29F1A94
:10D86000CBFCFF17F54740F9E8031A2AE99B40B9BA
:10D87000EA0318AAEBBB40B9F703192A6CFBFF17A0
:10D88000E09340B9012000113F0000716D16005473
:10D89000E03F40F9E19300B9022C009141F07D9204
:10D8A00000004039E13F00F91CF8FF17E09340B950
:10D8B000012000113F000071CD150054E03F40F9F8
:10D8C000E19300B9022C009141F07D92E13F00F913
:10D8D00019FDFF17E09340B9012000113F000071CE
:10D8E0006D0E0054E03F40F9E19300B9022C009125
:10D8F00041F07D92E13F00F9FAFBFF17E09340B958
:10D90000012000113F000071AD150054E03F40F9C7
:10D91000E19300B9023C009141F07D92E13F00F9B2
:10D92000E6FCFF17A00580520941611EE0BB00B96B
:10D9300031FCFF17E25340F9E09340B9E19300B99D
:10D9400040C0208B00004079F4F7FF17E09340B906
:10D95000012000113F0000710D0A0054E03F40F922
:10D96000E19300B9022C009141F07D92E13F00F972
:10D970000EFCFF17E09340B9012000113F00007139
:10D980008D120054E03F40F9E19300B9022C009160
:10D9900041F07D92000040B9E13F00F9DFF7FF1749
:10D9A000E17F4539FA03072AFF8B00B9F703072AFD
:10D9B000FF9B00B907008052680E80522196FE340A
:10D9C00004F7FF17E09340B9012000113F000071F8
:10D9D000CD110054E03F40F9E19300B9022C0091D1
:10D9E00041F07D92000040B9E13F00F924FAFF17B1
:10D9F000E09340B9012000113F0000716D08005410
:10DA0000E03F40F9E19300B9023C009141F07D9282
:10DA1000E13F00F92BFFFF17E09340B9012000110F
:10DA20003F0000716D100054E03F40F9E19300B9F0
:10DA3000023C009141F07D92E13F00F945F9FF176A
:10DA4000A0058052A1058052E07F053940FFFF17F5
:10DA5000E14740F9F50317AA01BDFEB5E9F5FF1747
:10DA6000F34F40F9E80319AAF95F40F9FB7F00F989
:10DA7000EC6F40F9FC0302AAFB8F40F9EA9740F9EA
:10DA8000E91341B9EB2341B9FA2741B91F0103EB6F
:10DA90000891839AA3F8FF17E25340F9E09340B945
:10DAA000E19300B940C0208BC0FBFF17E25340F95F
:10DAB000E09340B9E19300B940C0208B89FBFF1788
:10DAC000210080522100074BE16B01B9E2FBFF17F7
:10DAD000E25340F9E09340B9E19300B940C0208B94
:10DAE00086FCFF17E25340F9E09340B9E19300B997
:10DAF00040C0208B00004039E1F9FF174000805200
:10DB0000E0F300B914FCFF17E25340F9E09340B989
:10DB1000E19300B940C0208BEAFEFF17A022C07934
:10DB200000001A32A0220079B7F5FF17A0000035D7
:10DB30003A008052C80C8052F7031A2AB5FDFF172D
:10DB4000E0AB40B9C80C80520C0400119701072BC0
:10DB5000FA529F1AAFFDFF17E25340F9E09340B924
:10DB6000E19300B940C0208B000040396BF7FF17EC
:10DB7000E25340F9E09340B9E19300B940C0208BF3
:10DB80006DFCFF17E29340B90203F837E03F40F91C
:10DB9000002C009100F07D92E33F40F9E03F00F956
:10DBA00048074039FA0301AAE29300B9670040B977
:10DBB000FF000071F9A09F5A19F4FF17E25340F9D2
:10DBC000E09340B9E19300B940C0208B3BFCFF17C4
:10DBD000E25340F9E09340B9E19300B940C0208B93
:10DBE000000040B94DF7FF17E09340B90220001143
:10DBF000E03F40F95F0000716D020054002C00917D
:10DC000000F07D92E5FFFF17E25340F9E09340B941
:10DC1000E19300B940C0208B000040B998F9FF178C
:10DC2000E15F40F9F34F40F981AEFEB575F5FF179E
:10DC3000E25340F9E09340B9E19300B940C0208B32
:10DC4000C4F8FF17E45340F9E39340B983C0238B32
:10DC5000E33F00F9D1FFFF17A022C079E10319AA21
:10DC600000001A32A02200798FFEFF17A022C0798F
:10DC7000010080D200001A32A02200798AFEFF172C
:10DC8000FF8B00B9FF9B00B9EDFEFF1763030C8B00
:10DC90007FFFFF17000000000000000000000000F0
:10DCA000FF4314D1FD7B00A9FD030091F35301A9AB
:10DCB000F30301AA21204079F40303AAE34304916A
:10DCC000661A40F921781E12652240F9F55B02A917
:10DCD0006726407964B240B9F60302AA02808052F6
:10DCE000F50300AAE0E30391E32F00F9E26700B92E
:10DCF000E1D30079E7D70079E33B00F9E27B00B993
:10DD0000FF8300B9E64700F9E54F00F9E40B01B9DC
:10DD1000F8DAFF97800640ADE20316AAE3C300914C
:10DD2000E1630191E00315AAE08701AD21F3FF97BC
:10DD3000F403002AC000F837E1630191E00315AA5B
:10DD4000F8D7FF971F00007194029F5AE0D34079E3
:10DD5000800030366022407900001A32602200795B
:10DD6000E07F40F9E7DAFF97FD7B40A9E003142A42
:10DD7000F35341A9F55B42A9FF431491C0035FD659
:10DD8000FD7BBBA9FD03009123B040B9F76303A954
:10DD9000F80302AA63056836F55B02A9F50300AA39
:10DDA000400840F9F35301A9F40301AAF96B04A94F
:10DDB0005A0040F9C00300B4566740A939FF42D366
:10DDC000F703192A3F030071AD020054130080D2FB
:10DDD00003000014FF02136B0D020054C17A73B8E4
:10DDE000E20314AAE00315AA73060091190E009429
:10DDF0001F04003101FFFF54F35341A9F55B42A911
:10DE0000F96B44A91F0B00B91F0B00F9F76343A975
:10DE1000FD7BC5A8C0035FD6000B40F900C839CB15
:10DE2000000B00F95A43009180FCFFB5F35341A960
:10DE300000008052F55B42A9F96B44A9F2FFFF177D
:10DE4000BC0A00941F0B00B91F0B00F9F76343A92C
:10DE5000FD7BC5A8C0035FD60000000000000000E5
:10DE6000440840F9440000B4C6FFFF170000805288
:10DE70005F0800B9C0035FD600000000000000008A
:10DE8000FF030ED1FD7B00A9FD030091F35301A90F
:10DE9000F55B02A9F50302AAF76303A9F96B04A9CC
:10DEA000FA0301AA21B040B9FB7305A9A07F00F9CC
:10DEB000600040F9A06B00F9600440F9A04F00F940
:10DEC000601840B9A0E300B94023C0794100003791
:10DED00020924836C000683741B340B90000133281
:10DEE000402300792078121240B300B9010080521B
:10DEF000A0230491020180D222DBFF97600000D0B2
:10DF00001B00805200003E91FC031B2A410000F0E0
:10DF1000140080D221002791BF5B00F9A06300F9B3
:10DF2000600000D000442D91BFCF00B9BF6F00F951
:10DF3000BFE700B9A07700F9A17B00F91F2003D546
:10DF4000A07B40F9137440F93A0E0094037C40938F
:10DF5000A4230491A07F40F9E20315AAA113049120
:10DF600060023FD62008F837A20741B9017C4093F0
:10DF7000B502018B820A00341F040071800800542E
:10DF80005F94007120090054C0FDFF34B70201CB3B
:10DF9000410B40B9F3C2208BF60317AA3F00007172
:10DFA0002D020054400340F9C102403902004039BB
:10DFB0005F00016B81080054420B40B900040091DE
:10DFC000C3060091400300F941040051410B00B920
:10DFD0007F0013EBC0080054F60303AA3F00007152
:10DFE0002CFEFF54A07F40F9E1031AAA910B009484
:10DFF000A0FDFF341F2003D5A1E740B941F700344D
:10E00000402340791F007AF220009F5AA0E700B910
:10E0100040B340B96000003740234079A0884836BB
:10E02000A06F40F9E00000B4A06F40F9140040F97F
:10E03000A0E740B91F04003180060054340800B541
:10E04000A0E740B9BF030091FD7B40A9F35341A96C
:10E05000F55B42A9F76343A9F96B44A9FB7345A992
:10E06000FF030E91C0035FD6A3FF9F52020180D22F
:10E07000A023049101008052A30701B9C1DAFF97E0
:10E08000A20741B9B5060091E2010034A07740F93A
:10E0900000C86238A060183720008052210080D26A
:10E0A0005F94007141F7FF54A3024039160080527B
:10E0B000130080D262940051B90600915F5401713F
:10E0C000C900005440B340B9C0FA07374023407933
:10E0D00080FA4F3717040014A46340F9825862781D
:10E0E0006400001082A8228B40001FD68607001112
:10E0F000D602174BDC00160B92FFFF17A06F40F9FA
:10E10000140040F91F2003D5A06F40F91514407981
:10E1100075EF0034130080D2807A73F8000040F964
:10E12000F0D3FF97807A73F8730600911F0000F90F
:10E13000BF02136B2CFFFF5400008012A0E700B950
:10E14000E00314AAE7D3FF97BEFFFF17DF0E40F2EC
:10E15000A1FBFF54A3064039D6020032F50319AAE9
:10E16000D5FFFF17D6020032A0FFFFB04101805259
:10E1700000802A9178008052A05B00F9A1CF00B9FD
:10E18000400B40B91F0000710C0A0054A07F40F9F9
:10E19000E1031AAA270B009400F3FF35F50319AA2F
:10E1A000F61831361F0F0071E00C00541F13007178
:10E1B000C03200541F070071602200541F0B007111
:10E1C000C11500547F0200F1D9021C1273129FDAAC
:10E1D000B6630036D9990035A0E340B9B6E03836C9
:10E1E00060D7F837A06B40F9013C009121F07D9297
:10E1F000A16B00F9180040F978F6FFB4001080D246
:10E20000B4D3FF97E50300AAE0E600B4A06F40F99D
:10E21000050300F91614407901104079DF02016B03
:10E22000C2B70054000040F9E203162AA16F40F97A
:10E23000D6060011030480D2187822F8361400792B
:10E24000E10305AA400340F9770000B0F7462D919D
:10E2500000004039E06A60384081183639E7FF3500
:10E26000A10001CBBF0000B91F0300F120FC4293C5
:10E2700000040091601040FA68E10054A0E740B942
:10E2800000040011A0E700B92EFFFF17D6020032EC
:10E29000D6021A32F50319AA18008052400B40B971
:10E2A0001F000071ECF7FF54F90315AAB8FFFF1720
:10E2B000D6020032400B40B9580080521F00007156
:10E2C0006DF6FF541F2003D5410340F9770000B0DD
:10E2D000F7462D9120004039E06A6038E002183698
:10E2E000B57F40F9E20301AA060000144204009140
:10E2F000420300F940004039E06A6038E001183616
:10E30000400B40B99C07001100040051400B00B9BC
:10E310001F000071CCFEFF54E1031AAAE00315AA06
:10E32000C40A0094A0E6FF35420340F9400040399A
:10E33000E06A603860FE1F37F50319AA1F0F0071ED
:10E3400061F3FF54600600D11BB08152040080527B
:10E35000DB021B2A1F7005F1690000546476055129
:10E36000B32B80D217008052A0830891B45F00F9CC
:10E37000F403172AF70313AAB3CF40B9760000D0ED
:10E38000F90300AAD642039118708112A4A300B920
:10E39000A05700F91F2003D5420340F9400040393F
:10E3A0001FE40071A84200541FDC0071284700548C
:10E3B0001FC000714045005449440054D3DAF3783B
:10E3C0007B03180A20170038400B40B900040051A5
:10E3D000400B00B91F000071AD420054420400918F
:10E3E000420300F9F70600F181FDFF541F2003D519
:10E3F000B3CF00B9F703142AB45F40F9FB004036ED
:10E40000A05740F93F0300EB08730054A05740F9B0
:10E410003F0300EB80E5FF547B022037A1934AA91C
:10E420003F030039A07F40F9020080D2A3CF40B95A
:10E4300080003FD67B702836A1E340B9A1ADF83704
:10E44000A16B40F9223C009142F07D92A26B00F951
:10E45000210040F9200000F9A0E740B900040011B4
:10E46000A0E700B9A05740F9F3021C0B220300CB30
:10E470007C02020BB3FEFF177F0200F1DB021C12CD
:10E4800073169F9A365700363B830035A0E340B998
:10E49000B6C7383640BFF837A06B40F9013C009151
:10E4A00021F07D92A16B00F9000040F9A05300F922
:10E4B000A0E0FFB4001080D206D3FF97F70300AAB4
:10E4C00020D100B4A06F40F9A25340F9161440794E
:10E4D00001104079570000F9DF02016BA2A300543C
:10E4E000000040F9E103162AA26F40F9D606001198
:10E4F000B75F00F956140079020480D2A25700F9E0
:10E50000A25340F9027821F8B8830891190080528B
:10E51000C80C00941F00196B00D7FF54410340F949
:10E5200036070011400B40B9221440380004005156
:10E5300002CB3938410300F9400B00B99F0E00F1BE
:10E5400081000054A01B41B91F100071A0000054AD
:10E55000A0630491020180D20100805289D9FF9703
:10E56000A07F40F9A4630491C37E4093E20318AAFC
:10E57000E10317AA831D0094F40300AA1F0400B14D
:10E58000C0D3FF54808900B59C03160B730600D1DD
:10E590007B010035FF0200B9A05F40F9A15740F9A7
:10E5A000F60200CBA05340F91F0000F1C0FE4293D9
:10E5B000001041FAE25F0054F7120091400B40B99D
:10E5C000190080521F0000718D5E005433FAFFB5B0
:10E5D000A05F40F9A25740F9E10200CBA05340F9F7
:10E5E0001F0000F120FC4293021042FA03C90054BC
:10E5F000A0E740B97F0300710014801AA0E700B9BA
:10E6000050FEFF177F0200F1DB021C1273129FDA2B
:10E61000B63800365B770035A0E340B976BC3836B3
:10E6200020B4F837A06B40F9013C009121F07D92B5
:10E63000A16B00F9000040F9A05300F940D4FFB4E9
:10E64000001080D2A3D2FF97F60300AAC0C400B482
:10E65000A06F40F9A25340F9181440790110407995
:10E66000560000F91F03016B02940054000040F9AA
:10E6700002070011A36F40F9E103182AB65F00F901
:10E6800062140079020480D2A25700F9A25340F923
:10E69000027821F819008052B8830891B54B00F92F
:10E6A000F503192AF9031AAA620C00941F00156BCE
:10E6B00020890054210340F9B7060011200B40B90E
:10E6C000221440380004005102CB3538210300F9F0
:10E6D000200B00B99F0E00F181000054A01341B936
:10E6E0001F100071A0000054A0430491020180D2C9
:10E6F0000100805223D9FF97A07F40F9F57E409317
:10E70000A4430491E30315AAE20318AAE10316AA9D
:10E710001C1D0094F40300AA1F0400B1C08500541E
:10E72000007E00B51A008052DF0200B9020180D2DB
:10E7300001008052A063049112D9FF97A07B40F999
:10E74000A3630491E2031A2AA1030491047040F91F
:10E75000A07F40F980003FD61F040071A303443915
:10E7600063009F1AA083049100C8633860B5003429
:10E770009C03170B9F0E00F1204E0054730600D12E
:10E780003B010035A0074AA9D61200911F0000F1F5
:10E79000A05F40F9D50200CBA0FE4293001041FAE1
:10E7A000627C0054200B40B9150080521F0000719C
:10E7B0008D4D0054B3F7FFB5B54B40F9FA0319AAD4
:10E7C0001BBCFF35A05F40F9DF0200B9A25740F93A
:10E7D000C10200CBA05340F91F0000F120FC42937E
:10E7E00000040091401040FAA9D4FF54B35340F9FB
:10E7F00021100091600240F9C215009400D4FFB4CA
:10E80000600200F99EFEFF17A07F40F9D70E193273
:10E810000C0C0094610600D10D008052050040F9F7
:10E820003F7005F1690000546D760551B32B80D21D
:10E83000A0830891760000D0FB0300AAF80313AA76
:10E840000A0080D2F3030AAAB4030AA9C0B2009155
:10E85000F40305AA16008052F903162ABFFF07A980
:10E86000BFD708A9A05F00F9ADCB00B91F2003D521
:10E87000410340F92200403940AC00511F3801717A
:10E88000E9080054B70B4836800240391F00026B7C
:10E89000410B0054870600D1F50314AA220080D250
:10E8A000E30301AAF40302AAB8CF06A9F80307AA52
:10E8B000090000146304009180060091430300F9ED
:10E8C00062004039016B60385F00016BA1020054A7
:10E8D000F40300AAA06A7438F3031C2A9C070011F1
:10E8E000E0730034400B40B900040051400B00B904
:10E8F0001F0000710CFEFF54A07F40F9E1031AAA2B
:10E900004C090094E0000035430340F98006009173
:10E9100062004039016B60385F00016BA0FDFF545D
:10E9200083060051EC03132A807E4093F303142ADC
:10E93000B45340F9BCC2238BA10A00D1004023CBC1
:10E94000B45F00F9F803162AB47F40F9F603192AD8
:10E95000AA3B40F91900018BB54B40F9B39300B9BC
:10E96000F3031CAAFC030C2AAA5300F961F65F38D2
:10E97000E2031AAAE00314AA360A00943F0313EB39
:10E9800061FFFF54B39340B9AA5340F98203134B7C
:10E99000B45F40F95C0400111D000014A35F40F94E
:10E9A000605860786300001060A8208B00001FD6BC
:10E9B000570258363F03162B01020054F776171200
:10E9C0001600805219008052180700D162170038D3
:10E9D000410B40B99C07001121040051410B00B9C3
:10E9E0003F000071ED0F0054400340F90004009116
:10E9F000400300F9F8F3FFB5B54B40F9F803162AC8
:10EA0000B45340F9EA0313AAF603192A5F0100F18F
:10EA1000E07A17121710971AC90600513F050071C6
:10EA200029BF0054000700511F180071A93D005470
:10EA3000972F403677CA503761F35F3820781A1223
:10EA40001F140171414C00547B0700D19C070051F9
:10EA5000A07F40F9E2031AAAFE09009437A72737DE
:10EA60007F030039A04340F9A09500B5A15740F9B4
:10EA7000020080D2A07F40F9EE1A0094A0E340B9D2
:10EA8000D72F0036C096F837A06B40F9013C0091B3
:10EA900021F07D92A16B00F9000040F9000000FD1B
:10EAA000F7FDFF17DF1E007181FAFF541601805237
:10EAB000C6FFFF17B73258373F070071E1F9FF541F
:10EAC00059008052C1FFFF1797F93F36F77A1812A5
:10EAD000BEFFFF1717F75F3700A08052E002000A61
:10EAE0001F0010716000005497F85736D38900B4A6
:10EAF00097004837A04740F9600200CBBB8307A9C5
:10EB0000F76A1412F7061932130080D2AFFFFF170D
:10EB1000DF020071600A40FA412E0054E00A181228
:10EB20001F001C71809B0054B54B40F9F603192A55
:10EB3000B45340F9180080520A0080D2B7FFFF1783
:10EB4000F72D5837DF0A007181F5FF5476008052A7
:10EB50009EFFFF1700308152E002000A1F0004717F
:10EB6000600A41FAA1F4FF54F77A171200068052A6
:10EB7000180700D1F7021532130080D26017003851
:10EB800092FFFF17DF1A007181F3FF54F6008052E5
:10EB90008EFFFF1737FA5F3798FFFF173F030071AB
:10EBA000600A40FA61290054E00A18121F001C7123
:10EBB000A0960054DF060071C41A447AA0290054BC
:10EBC0008EFFFF1797EF4736A0CB40B9F77A1812A0
:10EBD0007306009120650035180700D17DFFFF17EF
:10EBE000A07F40F9E1031AAA9208009460F0FF3573
:10EBF00018E4FFB581FFFF171F9801710808005442
:10EC00001F800171A80000541F1801714820005492
:10EC10001F000171E9BEFF547F2A0071ADBEFF5491
:10EC2000017081127B03010AE7FDFF17A07F40F905
:10EC3000E1031AAA7F08009460BDFF34EDFDFF17C1
:10EC400001AC0051A41F80523F00046A21BDFF5453
:10EC50001BBD3F367B7B1812DBFDFF175BBB5F36AE
:10EC6000730000357B031732130180525B2E50373F
:10EC7000A0A340B97B73161280000034F706009100
:10EC800000040051A0A300B994060011CFFDFF17A6
:10EC9000610000D02140039133D8F3787F220071C6
:10ECA0000CFCFF54D3FDFF17B37F40F9400B40B974
:10ECB0000C000014400340F9A27740F901004039EC
:10ECC00041686138E1931F36420B40B9000400915E
:10ECD0009C070011400300F940040051400B00B9AB
:10ECE0001F0000718CFEFF54E1031AAAE00313AA6F
:10ECF0005008009400FEFF3492FCFF171FE00171E2
:10ED000081B7FF54610717123F00087121B7FF5404
:10ED10007B7B161201A08052130280527B03012AD2
:10ED2000A9FDFF171B3A0035A0E340B91685383618
:10ED3000207EF837A06B40F9013C009121F07D92D4
:10ED4000A16B00F9040040F9A45F00F9C49BFFB473
:10ED5000000480D2DFD0FF97E50300AA408C00B406
:10ED6000A06F40F9A45F40F9161440790110407972
:10ED7000850000F9DF02016B82590054000040F960
:10ED8000E103162AA26F40F9D6060011180480D2BA
:10ED9000047821F856140079420340F9B9830491AC
:10EDA0004000403920CB6038E098FF34E00318AAD7
:10EDB0009F0000F1F80313AAF60305AAFB079F1AA8
:10EDC000F70304AAF30300AAB45700F90A000014D9
:10EDD000180700F1E04D0054400B40B91F000071CE
:10EDE000ED480054420340F94000403920CB6038E0
:10EDF000004D0034410B40B940040091400300F93C
:10EE00007F03007121040051410B00B940004039DB
:10EE1000A0140038B40016CB801253FAA3FDFF549F
:10EE200073FA7FD3E00316AAE10313AA3514009402
:10EE3000F60300AA808500B40500148BE00200F9F7
:10EE4000E4FFFF1739620035A0E340B9966F38360A
:10EE50008059F837A06B40F9013C009121F07D9278
:10EE6000A16B00F9180040F9F892FFB4000480D2B9
:10EE700098D0FF97F60300AA608300B4A06F40F912
:10EE8000160300F919144079011040793F03016B12
:10EE9000C24D0054000040F9E103192AA36F40F964
:10EEA000220700111B0480D2187821F8621400791F
:10EEB00023008052400340F9770000B0F7462D91BF
:10EEC00001004039E16A6138014E1837E40316AA9F
:10EED000B55F00F9F50314AAF40317AAF703032A90
:10EEE000410B40B902040091420300F9FF02007196
:10EEF00021040051410B00B900004039C016003810
:10EF0000D90204CB621359FAE9480054730600F1A0
:10EF100000010054400B40B91F0000710D7D0054EA
:10EF2000400340F901004039816A6138A1FD1F3674
:10EF3000F40315AAD30204CBB55F40F9E303172A03
:10EF400061060091DF0200397F00007122105BFA38
:10EF5000234A0054A0E740B99C03130B000400119E
:10EF6000A0E700B9F7FBFF171B250035A0E340B968
:10EF700076433836205DF837A06B40F9183C009195
:10EF800018F37D92A06B40F9170040F9D789FFB4C0
:10EF9000E00313AA4FD0FF97F60300AA407A00B40B
:10EFA000A06F40F9F60200F9191440790110407978
:10EFB0003F03016BE2740054000040F9E203192A98
:10EFC000A16F40F939070011177822F8E4031AAA53
:10EFD000A07F40F939140079E30313AAE10316AACC
:10EFE000220080D2A7050094F60300AA6080FFB437
:10EFF0007F0200EBC9000054E10300AAE00240F9DF
:10F00000C0130094400000B4E00200F9B86B00F9AE
:10F01000000200141F60017160E7FF54F5FCFF1748
:10F0200017792737E00617127F0300391F00107188
:10F03000A1D1FF54A04740F902000ACB1F000AEB00
:10F0400060D1FF54A1A70D91A0A30D917F0301EB07
:10F05000410000D000209B9A21600C91210800946F
:10F06000A15740F9020080D2A07F40F971190094A5
:10F07000A0E340B997D00737174D08360059F83745
:10F08000A06B40F9013C009121F07D92A16B00F949
:10F09000130040F9272200946002803D78FCFF179E
:10F0A000E2118052DF02026AE180FF54730A138B7F
:10F0B000E203032AA3064039F50319AA5304138B6C
:10F0C00073C200D1FCFBFF17980080522DFCFF1784
:10F0D0003F0B007101D7FF54790080523BFEFF17B0
:10F0E000C00E0051A11F80521F00016A61C8FF5469
:10F0F000D6060011D61E001234FEFF173F03162B52
:10F1000021D2FF542EFEFF173F03162B61CDFF5473
:10F110002BFEFF17405340F9FED5FF974023C079DF
:10F120006DFBFF1700008012A0E700B91F2003D578
:10F13000405340F9FBD5FF97BAFBFF17A01341B925
:10F140001F100071E0B1FF54730600D18DFDFF1751
:10F15000200B40B9F503172A1F0000716CAAFF5459
:10F16000A07F40F9E10319AA3207009440B2FF34AE
:10F17000FA0319AAF903152AB54B40F939B2FF343D
:10F180009EFBFF17400B40B9F903162A1F000071C0
:10F190000C9CFF541F2003D5A07F40F9E1031AAA5D
:10F1A0002407009440A1FF3459A1FF3493FBFF17BB
:10F1B000A05F40F9F90301AA21F07DD35113009417
:10F1C000A05F00F9006900B421FB7FD3A15700F9CB
:10F1D000A15340F91700168B200000F9F7FCFF1728
:10F1E0001F0B0071899000541F0F007120C2FF5443
:10F1F00008130051F9030AAA161D4092181D0012A7
:10F20000B37F40F9F60336AA7603168B61FF5F38A9
:10F21000E2031AAAE00313AA0E0800947F0316EB78
:10F2200061FFFF5486070051EA0319AADC00184B5E
:10F2300000FEFF1701B080127B03010A62FCFF177A
:10F24000DB3B1836A1E340B9E14BF837A16B40F93D
:10F25000223C009142F07D92A26B00F9210040F91E
:10F26000200000397DFCFF17A07F40F9390700D14D
:10F2700021034039E2031AAAF607009464FCFF1741
:10F280001B008052B6830891B74B00F9F70313AA0D
:10F29000F30305AAB5630AA9F8031AAAFA0314AA84
:10F2A000F4031B2AFB0301AAA35F00F96109009480
:10F2B0001F00146B20890054010340F995060011CA
:10F2C000000B40B92414403800040051C4CA34383B
:10F2D000010300F9000B00B95F0F00F1A100005419
:10F2E000A01B41B9BA6304911F100071C000005403
:10F2F000BA630491020180D2E0031AAA010080528D
:10F3000020D6FF97A07F40F9B47E4093E4031AAA69
:10F31000E30314AAE20316AAE10313AA191A00943C
:10F32000FA0300AA1F0400B180850054E03800B43D
:10F330001F0800B1206D0054600240B9611A0094AA
:10F34000C06F00359C03150B5F0F00F18100005466
:10F35000A01B41B91F10007140000054F70600D1F6
:10F36000D95B0035A05740F973120091A15F40F9B5
:10F3700075021BCB1F0000F114008052A0FE4293C7
:10F38000001041FA82720054000B40B91F00007156
:10F390000D5E0054000340F9A14B40F900004039D4
:10F3A000206860381F007DF2E40A40FA01F8FF543B
:10F3B000A35F40F9F4031AAAE50313AAFA0318AAF3
:10F3C000B5634AA9E1031BAAA5FBFF17A07F40F97B
:10F3D000E2031AAA9C0B00517B0B00D19D070094FD
:10F3E000610340399BFDFF17200000D001028052CD
:10F3F00000801F91D602173278008052A05B00F97E
:10F40000A1CF00B95FFBFF17B77F40F9160080D28C
:10F410000A000014007C4093E1031AAA4200008B0A
:10F42000420300F9D602008B730200CBE00317AA57
:10F4300080060094E0550035400B40B9420340F986
:10F440001F00136B8BFEFF54D602138B0000134B6F
:10F450004200138B420300F9400B00B99C03160BCA
:10F46000B8FAFF17410340F9B983049120004039ED
:10F4700020CB60388062FF34400B40B921040091FA
:10F48000410300F9730600F100040051400B00B97C
:10F49000A0020054B67F40F90D000014400340F96B
:10F4A0000100403921CB6138E1010034420B40B901
:10F4B00000040091400300F91807001140040051B6
:10F4C000400B00B9730600F1E00000541F0000710A
:10F4D0006CFEFF54E1031AAAE00316AA5506009435
:10F4E000E0FDFF349C03180B96FAFF17170080D23B
:10F4F000BF7F0AA9BF5F00F904FCFF17B613049190
:10F50000BF7F0AA9BF5F00F963FCFF17A513049131
:10F51000030080D2010080D2180080D24AFBFF177E
:10F52000E2118052DF02026AE15CFF54A26F40F9EF
:10F53000A23900B4A3064039D6021932F50319AA3C
:10F54000DDFAFF17DF0E40F2E15BFF54A3064039FE
:10F55000D6021F32F50319AAD7FAFF17200000D0F0
:10F560000101805200801F91D60200327800805243
:10F57000A05B00F9A1CF00B902FBFF177F0200F1E9
:10F58000C00A407A015AFF54A3064039160280523D
:10F59000F50319AA130080D2C7FAFF17E10319AACD
:10F5A000A0830491D6021A32960600943800805245
:10F5B000F50300AA3AFBFF17200000D0410180525A
:10F5C00000801F9178008052A05B00F9A1CF00B9A4
:10F5D000ECFAFF17200000D000801F9101448052F8
:10F5E00078008052D602012AA05B00F90002805206
:10F5F000A0CF00B9E3FAFF17DF0E40F24156FF54E7
:10F60000A30640397FA00171001D0054D6021E32AE
:10F61000F50319AAA8FAFF17DF0E40F24155FF546F
:10F62000A30640397FB001718159FF54A30A4039C4
:10F63000D6021F32B50A00919FFAFF17F50319AAE7
:10F6400016482737A0E340B9F6201837D6461036BB
:10F65000E061F837A06B40F9013C009121F07D9208
:10F66000A16B00F9000040F9F50319AA1C0000790C
:10F6700034FAFF17200000D000801F9178008052DC
:10F68000A05B00F900018052A0CF00B9BDFAFF17BE
:10F69000A0FFFF90F50319AA00802A9178008052FC
:10F6A000A05B00F9BFCF00B9FDFAFF17F50319AA57
:10F6B00036FAFF171F0800B160D6FF549C03160BE3
:10F6C0001F0C00F181000054A01B41B91F100071F4
:10F6D00040000054730600D11B76FF34B8FBFF17BF
:10F6E0001F0800B160D3FF54DA0240B95F07003150
:10F6F000E181FF54E3031A2A1BFCFF17A07F40F9A6
:10F70000E1031AAAA55F00F9CA050094A55F40F9B4
:10F71000A0B6FF34B45740F9F80313AAE40317AABC
:10F72000BF0016EBC103005434FAFF17A05F40F985
:10F73000F70301AA21F07DD3F2110094A05F00F934
:10F74000003D00B4E1FA7FD3A15700F9A15340F97D
:10F750001600158B200000F913FCFF17FC03132A79
:10F7600001508012B8CF46A9E20314AAE0031BAAF5
:10F77000F702010AF40315AAE10315AA010800948F
:10F78000FB0300AAB34700F9180700D191FCFF174B
:10F79000B45740F9F80313AAE40317AAB70016CB2D
:10F7A000BF00166B0049FF54E1060011BF0000398D
:10F7B0007F030071217C4093001341FA282C0054F0
:10F7C000A0E740B99C03170B00040011A0E700B9A3
:10F7D000DCF9FF17FA0319AA08FAFF17001BF8371C
:10F7E000A06B40F9013C009121F07D92A16B00F9E2
:10F7F000010040F9E30313AAA07F40F9E4031AAA29
:10F80000220080D29F030094F60300AA603FFFB459
:10F81000A0E740B99C03160B00040011A0E700B953
:10F82000C8F9FF177BFB7FD3E00304AAE1031BAAFF
:10F83000B4110094E40300AA603500B41600198BDB
:10F84000000300F9B2FDFF17C0FE9F523F00006B9E
:10F85000A8580054BB6F40F937200011E1427DD316
:10F86000600340F9A7110094E05700B4600300F969
:10F870007713007989FDFF17A0CB40B90004005130
:10F88000A0CB00B953FCFF1713008052210080D297
:10F89000ADFDFF17000340F99A110094C0B5FFB405
:10F8A000000300F9ACFDFF17A45700F9C0FE9F52FA
:10F8B000A55F00F93F00006B68550054B86F40F930
:10F8C00037200011E1427DD3000340F98D110094EF
:10F8D000A05400B4A45740F9000300F9A55F40F913
:10F8E0001713007927FDFF17C0FE9F523F00006BE2
:10F8F000A82F0054B96F40F937200011E1427DD3A1
:10F90000200340F97F110094E02E00B4200300F999
:10F910003713007957FBFF17A55F00F9C0FE9F5210
:10F920003F00006B082E0054BB6F40F937200011D8
:10F93000E1427DD3600340F972110094402D00B480
:10F94000A55F40F9600300F97713007937FAFF17D4
:10F95000C0FE9F523F00006B682C0054B96F40F905
:10F960003820001101437DD3200340F96511009434
:10F97000A02B00B4200300F938130079DAFAFF173E
:10F98000A0E340B9012000113F000071ED0F0054C9
:10F99000A06B40F9A1E300B9023C009141F07D92D7
:10F9A000A16B00F930FDFF17A30A4039D6021D32C2
:10F9B000B50A0091C0F9FF177B0D1037FB530737CD
:10F9C000DB4A0836A15B40F9200000D000801F917F
:10F9D000A3CF40B93F0000EB020080D2A15740F90D
:10F9E000A07F40F9C0530054F617009493FAFF1714
:10F9F000A1E340B9222000115F000071AD10005456
:10FA0000A16B40F9A2E300B9233C009162F07D9222
:10FA1000A26B00F98FFAFF17A00EF837A06B40F920
:10FA2000133C009173F27D92A06B40F90020601EA0
:10FA3000160040F9864F00540040621EC00200BD0F
:10FA4000B36B00F90EFAFF177F0200B90000805275
:10FA50009C180094203700359C03150BF70600D145
:10FA600040FEFF17A02EF837A06B40F9013C009133
:10FA700021F07D92A16B00F9000040F9F50319AA6D
:10FA80001C0000392FF9FF17410340F9770000905F
:10FA9000F7462D9120004039E06A603820251F3755
:10FAA000400B40B921040091410300F9730600F1B5
:10FAB00000040051400B00B93600805200CDFF54C5
:10FAC000B87F40F90D000014400340F901004039AF
:10FAD000E16A613841CC1F37420B40B90004009104
:10FAE000400300F9D606001140040051400B00B954
:10FAF000730600F140CBFF541F0000716CFEFF54F1
:10FB0000E1031AAAE00318AACA040094E0FDFF3436
:10FB10009C03160B0BF9FF17A0E340B9002000115E
:10FB20001F000071CD2F0054A16B40F9A0E300B974
:10FB3000383C009118F37D9213FDFF17A0E340B904
:10FB4000012000113F0000710D2E0054A06B40F900
:10FB5000A1E300B9023C009141F07D92A16B00F954
:10FB600024FFFF17A1E340B92132F837A16B40F918
:10FB7000223C009142F07D92A26B00F9210040F9F5
:10FB80002000007935FAFF17A24F40F9A0E340B9F1
:10FB9000A1E300B940C0208BB3FCFF17A0E340B93C
:10FBA000012000113F0000710D350054A06B40F999
:10FBB000A1E300B9023C009141F07D92A16B00F9F4
:10FBC00034FDFF17A1E340B9222000115F0000714E
:10FBD0002D330054A16B40F9A2E300B9233C0091FE
:10FBE00062F07D92A26B00F99DFDFF17A0E340B982
:10FBF000002000111F0000712D330054A16B40F94B
:10FC0000A0E300B9333C009173F27D9287FFFF17A8
:10FC1000A34F40F9A1E340B9A2E300B961C0218B31
:10FC20000CFAFF17B54B40F9F803162AB45340F904
:10FC3000F603192A0A0080D278FBFF17401AF8371A
:10FC4000A06B40F9013C009121F07D92A16B00F97D
:10FC5000160040F9030080521B0080D2180080D2A9
:10FC600095FCFF17FF4300D1E2030091A26F00F95A
:10FC70005F0000F95F0800B92FFEFF17A0E340B94D
:10FC8000012000113F0000716D1A0054A06B40F973
:10FC9000A1E300B9023C009141F07D92A16B00F913
:10FCA00002FAFF17A0E340B9012000113F000071E4
:10FCB0008D180054A06B40F9A1E300B9023C0091FB
:10FCC00041F07D92A16B00F95BFAFF17A0E340B908
:10FCD000012000113F0000718D180054A06B40F905
:10FCE000A1E300B9023C009141F07D92A16B00F9C3
:10FCF00041F9FF17A0E340B9012000113F00007156
:10FD00006D150054A06B40F9A1E300B9023C0091CD
:10FD100041F07D92A16B00F90BFCFF17A07F40F929
:10FD2000020080D2BB3F40F943018052610700913D
:10FD30005CCFFF97A14340F9020001CBC2FCFF1743
:10FD4000800040F9A45F00F96E100094A0D3FFB4C6
:10FD5000A45F40F9800000F99AFEFF17A0E340B9C4
:10FD6000012000113F000071ED150054A06B40F917
:10FD7000A1E300B9023C009141F07D92A16B00F932
:10FD800046FBFF17C013F837A06B40F9013C009108
:10FD900021F07D92A16B00F9170040F9BF7F0AA9FD
:10FDA000BF5F00F9D9F9FF170017F837A06B40F9CA
:10FDB000013C009121F07D92A16B00F9160040F901
:10FDC000BF7F0AA9BF5F00F933FAFF172017F83782
:10FDD000A06B40F9013C009121F07D92A16B00F9EC
:10FDE000050040F9180080D2040080D2EBFBFF1719
:10FDF0008013F837A06B40F9013C009121F07D920F
:10FE0000A16B00F9050040F9030080D2010080D207
:10FE1000180080D20CF9FF17FA0319AAF90315AAE2
:10FE2000B54B40F9F74CFF34B37F40F91F2003D5A1
:10FE30000103198BE2031AAAE00313AA390700D1C0
:10FE400021F05F380305009459FFFF355DFAFF1775
:10FE5000C0FE9F523F00006B68280054A06F40F91D
:10FE60003B20001161437DD3000040F92510009430
:10FE7000A02700B4A16F40F9200000F93B100079E1
:10FE80004FFCFF17F76E151239008052130080D215
:10FE9000CEFAFF17F76E151236008052130080D28B
:10FEA000CAFAFF17000340F92110009115100094C1
:10FEB000601EFFB4000300F9F1F8FF17A07F40F9BE
:10FEC000E1031AAAA45700F9DA030094A45740F9F1
:10FED0008082FF3417FCFF17140080522BFDFF17A0
:10FEE000FA0319AA00008012A0E700B976F8FF17FC
:10FEF0005608FFB49C03160B12F8FF17000080127F
:10FF0000A0E700B9F409FFB48EF8FF17B35340F926
:10FF1000600240F9FB0F0094C036FFB4600200F9A4
:10FF2000B4F9FF17F60D0037D60D0837C029F8379A
:10FF3000A06B40F9013C009121F07D92A16B00F98A
:10FF4000000040F9F50319AA1C0000B9FDF7FF17DE
:10FF5000A07F40F9E10318AAB6030094C0A1FF34C2
:10FF6000A35F40F9E1031BAAE50313AAFB03142ACC
:10FF7000F4031AAAFA0318AAB5634AA9FB03FF35CA
:10FF8000B7F8FF17A0E340B9012000113F0000714E
:10FF90004D170054A06B40F9A1E300B9023C009159
:10FFA00041F07D92A16B00F92AFFFF17A24F40F9A3
:10FFB000A0E340B9A1E300B940C0208B62FBFF176A
:10FFC000A24F40F9A0E340B9A1E300B940C0208BA3
:10FFD00099F9FF17A24F40F9A0E340B9A1E300B996
:10FFE00040C0208B31F9FF17A24F40F9A0E340B980
:10FFF000A1E300B940C0208B7FF8FF17A0E340B910
:020000041002E8
:10000000012000113F0000714D170054A06B40F912
:10001000A1E300B9023C009141F07D92A16B00F98F
:100020005EFFFF17A24F40F9A0E340B9A1E300B97A
:1000300040C0208B99FAFF17A0E340B901200011BE
:100040003F0000718D130054A06B40F9A1E300B98B
:10005000023C009141F07D92A16B00F987FEFF17F1
:10006000A0E340B9012000113F0000718D1300543E
:10007000A06B40F9A1E300B9023C009141F07D92F0
:10008000A16B00F960FFFF17A0E340B90120001148
:100090003F000071AD110054A06B40F9A1E300B91D
:1000A000023C009141F07D92A16B00F944FFFF17E3
:1000B000A0E340B9012000113F0000714D1200542F
:1000C000A06B40F9A1E300B9023C009141F07D92A0
:1000D000A16B00F943FFFF17F403152AABFCFF17D0
:1000E000E012F837A06B40F9013C009121F07D92BD
:1000F000A16B00F9000040F9817F4093F50319AA34
:10010000010000F98FF7FF17A24F40F9A0E340B9B3
:10011000A1E300B940C0208BB6FDFF17A24F40F904
:10012000A1E340B9B86B40F9A0E300B941C0218B0D
:10013000A16B00F994FBFF17A35F40F9E1031BAA31
:10014000E003152AFB0314AAE50313AAF4031AAA71
:10015000FA0318AAB5634AA92008FF34B37F40F90F
:10016000F70303AAB45F00F9F4031BAAFB0315AA63
:10017000F50301AAA55700F9C102148BE2031AAADC
:10018000E00313AA940600D121F05F3831040094F3
:1001900054FFFF35A55740F9E10315AAB45F40F9B4
:1001A000E30317AAF5031BAA2DF8FF17A1E340B933
:1001B000222000115F000071CD0F0054A16B40F9A7
:1001C000A2E300B9233C009162F07D92A26B00F99A
:1001D0006BFEFF17E0031BAA21F07DD3490F0094AB
:1001E000FB0300AA801600B4A15F40F91300158B31
:1001F00020F87FD3A05F00F9A05740F91B0000F959
:1002000062FCFF17B45740F9F9031BAA7F0314EBF4
:10021000A9F5FE54B37F40F9E2031AAA21FF5F3823
:10022000E00313AA0B0400943F0314EB61FFFF5497
:10023000A5F7FF17A34F40F9A1E340B9A2E300B926
:1002400061C0218B06FCFF17A24F40F9A0E340B923
:10025000A1E300B940C0208B8EFBFF17A24F40F9ED
:10026000A1E340B9B36B40F9A0E300B941C0218BD1
:10027000A16B00F9EDFDFF17A24F40F9A0E340B9D3
:10028000A1E300B940C0208B72FEFF17A0E340B984
:10029000012000113F0000716D090054A06B40F96E
:1002A000A1E300B9023C009141F07D92A16B00F9FD
:1002B000EDFCFF17A24F40F9A0E340B9A1E300B95C
:1002C00040C0208BEDFDFF17A24F40F9A0E340B9DD
:1002D000A1E300B940C0208BB9FEFF17A24F40F93F
:1002E000A0E340B9A1E300B940C0208BC6FEFF17D0
:1002F000A24F40F9A0E340B9A1E300B940C0208B70
:10030000A6FEFF17A24F40F9A0E340B9A1E300B950
:1003100040C0208BB3FEFF17A1E340B9C108F837F6
:10032000A16B40F9223C009142F07D92A26B00F952
:10033000210040F9200000B948F8FF17A0E340B9B8
:10034000012000113F000071CD040054A06B40F962
:10035000A1E300B9023C009141F07D92A16B00F94C
:1003600065FFFF1740B340B9A0EC06374023407942
:10037000A06D4F3600008012A0E700B92BF7FF17E1
:10038000B45740F9F9031BAA7F0314EBC9E9FE54E3
:10039000B37F40F9E2031AAA21FF5F38E00313AAF2
:1003A000AC0300943F0314EB61FFFF5446F7FF17C3
:1003B000A34F40F9A1E340B9A2E300B961C0218B8A
:1003C000EFFDFF17A24F40F9A0E340B9A1E300B948
:1003D00040C0208BA4FCFF17FA0318AA07F7FF17E9
:1003E000A24F40F9A0E340B9A1E300B940C0208B7F
:1003F00041FFFF17A05740F9F9031BAA7F0300EB49
:1004000029E6FE54B35740F9E2031AAAA07F40F947
:1004100021FF5F388F0300943F0313EB61FFFF540C
:1004200029F7FF174000009000403C91A50500947B
:1004300083FDFF17A1E340B9222000115F00007186
:100440006D020054A16B40F9A2E300B9233C009176
:1004500062F07D92A26B00F9B6FFFF17C5150094FC
:10046000F6F7FF17A0E340B9012000113F0000712B
:100470008D010054A06B40F9A1E300B9023C00914A
:1004800041F07D92A16B00F9AEFEFF17A34F40F93A
:10049000A1E340B9A2E300B961C0218BA5FFFF171A
:1004A000A24F40F9A0E340B9A1E300B940C0208BBE
:1004B000A4FEFF17FA0318AA8BFEFF17F90315AA6B
:1004C00082F7FF170000000000000000000000009D
:1004D000FD7BBAA9FD030091F30B00F9F30300AA19
:1004E000600000B4042440F9240100B4600440AD6D
:1004F000E00313AAE3030191E00702AD61F6FF9761
:10050000F30B40F9FD7BC6A8C0035FD6E18B02A9BF
:10051000E31F00F9E3CEFF97E31F40F9E00313AABE
:10052000E18B42A9600440ADE3030191E00702AD15
:1005300054F6FF97F30B40F9FD7BC6A8C0035FD6C6
:10054000FD7BBDA9FD030091F51300F9610600B420
:10055000F35301A9F30301AAF40300AA600000B455
:10056000012440F9410600B460B240B96122C0796B
:100570000005003701064836E10313AAE00314AA78
:1005800068CDFF97F503002A622A40F9C20000B443
:10059000611A40F9E00314AA40003FD61F00007121
:1005A000B5A29F5A6022407920063837612E40F963
:1005B000E10000B460D201913F0000EB6000005404
:1005C000E00314AA53D2FF977F2E00F9613E40F951
:1005D000810000B4E00314AA4ED2FF977F3E00F9D9
:1005E000CCCEFF977F22007960B240B9A0030036DD
:1005F000605240F9C3D0FF97CACEFF97F35341A989
:10060000E003152AF51340F9FD7BC3A8C0035FD6AC
:1006100041FBFF35F35341A915008052E003152A31
:10062000F51340F9FD7BC3A8C0035FD69DCEFF97AD
:10063000CEFFFF17605240F9B6D0FF976022C07915
:10064000C0F9FF3560B240B960FE0737605240F92B
:1006500015008052B3D0FF97F35341A9F0FFFF1765
:10066000605240F9AFD0FF97E2FFFF17610E40F9EB
:10067000E00314AA27D2FF97CDFFFF170000000068
:10068000FD7BB9A9FD030091F96B04A9797C029B5C
:10069000E33700F9190800B4F35301A9F30304AADE
:1006A000F55B02A9F50301AAF76303A9F80302AAFF
:1006B000F70300AA600000B4012440F9C11100B49E
:1006C00061B240B96022C07941000037A0104836BD
:1006D000C000683761B240B900001332602200796F
:1006E0002178121261B200B9740A40B9827E409337
:1006F000B405F837610240F9F60319AA0006083775
:10070000FB7305A90E0000148ED0FF97B502148B61
:10071000640240F9DB0214CBE10313AAE00317AA39
:100720008400148B640200F9C2010094C00B0035F0
:10073000610240F9F6031BAA740A40B9947E409303
:10074000E00315AAE20314AADF0214EBE8FDFF544C
:10075000E20316AA7BD0FF97610240F9600A40B914
:100760002100168B610200F90000164B600A00B9E7
:10077000FB7345A960B240B9600000376022407940
:10078000200C4836F35341A9F55B42A9F76343A90E
:10079000F93740F9E00319AAF96B44A9FD7BC7A812
:1007A000C0035FD67F0A00B9F60319AA610240F9B7
:1007B000020080D21400805240FA0F363F0302EB51
:1007C000E00315AA3493829AE20314AA360314CBE9
:1007D0005CD0FF97620240F9612E40F94200148B11
:1007E000600A40B9620200F90000144B600A00B9C7
:1007F000610800B416FCFFB460D20191FB7305A937
:100800003F0000EB60000054E00317AAC1D1FF973E
:100810007F2E00F9B402148B02000014F60301AA23
:10082000E10313AAE00317AA56FAFFB47A0240F9CB
:10083000740200F97C0E40F9740E00F97B2240B975
:10084000762200B97B010094750A80B97A0200F91A
:100850007F0A00B99402158B7C0E00F9C10215CBFA
:100860007B2200B9C0FDFF3460B240B960000037A0
:100870006022407940054836A002198B000016CB53
:10088000F35341A91908D89AF55B42A9F76343A924
:10089000E00319AAF96B44A9FB7345A9FD7BC7A81E
:1008A000C0035FD660B240B9600000376022407973
:1008B000000348369402198B940216CBF55B42A9CB
:1008C000990AD89AF35341A9F76343A9E00319AAF7
:1008D000F96B44A9FB7345A9FD7BC7A8C0035FD68C
:1008E000605240F90BD0FF976022C079E0EF6F377C
:1008F00079FFFF17EBCDFF9772FFFF17FB7305A979
:10090000C5FFFF17605240F906D0FF979EFFFF1703
:10091000605240F903D0FF97E7FFFF17605240F99C
:1009200000D0FF97D5FFFF17000000000000000077
:10093000FD7BBAA9FD030091F55B02A9F50300AAAE
:10094000400840F9C00A00B42520C079F35301A93A
:10095000F30301AAFB7305A9FB0302AA850A183653
:10096000200C40F9400A00B4F76303A9740340F96E
:10097000E5030836611A40F9170080D2642240F975
:10098000160080D2F85376B2DF0218EBE20317AA02
:10099000C392989AE00315AA560200B480003FD68D
:1009A0001F0000716D210054610B40F9007C4093E1
:1009B000F702008BD60200CB200000CB600B00F9C1
:1009C000C02000B4DF0218EBE20317AA611A40F955
:1009D000C392989A642240F9E00315AA16FEFFB567
:1009E000975A40A994420091E8FFFF17F96B04A9B8
:1009F000650A003618008052000080521A0080D22A
:100A0000190080D21F2003D5F90700B46008003414
:100A1000600240F9177F4093610E40F9FF0219EB25
:100A2000760E40B9F792999A632240B91F0001EB04
:100A30007600160BE482567AAC1900547F00176BCF
:100A4000EC170054611A40F9E2031AAA642240F933
:100A5000E00315AA80003FD6F603002A1F000071AC
:100A6000CD0300541803166B20008052E00200549E
:100A7000610B40F9D67E40935A03168B390316CB8F
:100A8000210016CB610B00F901FCFFB5F35341A91E
:100A9000F76343A9F96B44A9FB7345A90000805291
:100AA000F55B42A9FD7BC6A8C0035FD6E10313AA8C
:100AB000E00315AA63020094A00100356522C07905
:100AC000F76303A9AAFFFF17E10313AAE00315AA1E
:100AD00094CCFF97E0FCFF34F96B44A96022C07905
:100AE000F76343A900001A3260220079F35341A949
:100AF00000008012F55B42A9FB7345A9FD7BC6A8E7
:100B0000C0035FD6990640F9E00314AA944200910D
:100B1000B9FFFFB41A0040F9E20319AAE0031AAAC8
:100B20004101805257030094180400911F0000F106
:100B300018031ACB1817991AB6FFFF17640240F969
:100B40001C0080D2610E40B91A0080D21F2003D54C
:100B5000E00304AAF803012AFA0300B42504483686
:100B6000377C4093FF021AEBC9080054417F409341
:100B7000F90301AAE00304AAF70301AAF8031A2A59
:100B8000E1031CAAE20317AA6ECFFF97640240F9A3
:100B9000610E40B98400178B640200F92100184BE4
:100BA000610E00B9600B40F99C03198B5A0319CBF5
:100BB000000019CB600B00F9A0F6FFB4640240F905
:100BC000610E40B96522C079E00304AAF803012A46
:100BD0007AFCFFB59C6A40A994420091DDFFFF17A3
:100BE000600E40F91F0004EB43020054652240B937
:100BF0005FC325EBE3010054E07B40B25F0300EBF1
:100C00004393809AE2031CAA611A40F9E00315AAF3
:100C1000630CC51A642240F9637C051B80003FD633
:100C20001F000071ADF5FF54197C4093DEFFFF17E4
:100C3000237C4093E00304AA7F001AEBE1031CAA83
:100C400078909A9A197F4093E20319AA3DCFFF97B3
:100C5000640240F9610E40B98400198B640200F906
:100C60002100184B610E00B9E1F9FF35E10313AA29
:100C7000E00315AA2BCCFF9760F9FF3497FFFF170D
:100C8000597F409301908052BF00016AA0F7FF5442
:100C9000662240B9610E40F9C604060B990001CBEB
:100CA000C67C460B367F4093D77C0113C00600916B
:100CB00000001A8BE27E40935F0000EB820000543C
:100CC00026070011D7001A0BE27E409385065036A6
:100CD000E10302AAE00315AA06C9FF97F80300AAD8
:100CE000400800B4610E40F9E20316AA15CFFF9741
:100CF00060224079019080120000010A0000193240
:100D0000602200790003168BE402194B597F40934F
:100D1000600200F9640E00B9E10319AA780E00F927
:100D2000E40300AA772200B9F8031A2A3F031AEB5A
:100D300008F2FF54F70319AA92FFFF17FC7E4093B5
:100D4000E1031AAAE2031CAAFECEFF97600240F953
:100D5000F603172A610E40B900001C8B600200F9EF
:100D60002100174B610E00B93FFFFF17D77E40935C
:100D7000E1031AAAE20317AAF2CEFF97620240F932
:100D8000E10313AAE00315AA4200178B620200F9DF
:100D9000E4CBFF9780E6FF3450FFFF17E00315AA6E
:100DA000600C0094F80300AAE0FAFFB5610E40F968
:100DB000E00315AA57D0FF976022C07981018052C5
:100DC000F96B44A900781812A10200B945FFFF177A
:100DD0006022C07943FFFF17F35341A9F76343A98A
:100DE000FB7345A92EFFFF17F96B44A981018052BF
:100DF0006022C079A10200B93AFFFF17000000008D
:100E000022204079200180520000020A1F24007134
:100E10006000005400008052C0035FD64000009084
:100E2000002C44F9BFCBFF170000000000000000B9
:100E3000FD7BBDA9FD030091F35301A9F30301AAB2
:100E4000F40300AA600000B4012440F9C10A00B410
:100E50006122C079C100683760B240B92100133205
:100E6000612200790078121260B200B97F0A00B9DD
:100E7000810A283721031037810A203601081837E4
:100E8000F51300F9600E40F921001E32612200794D
:100E9000000400B47522C079BF0640F2610400541A
:100EA000611243A9E00314AA620E40F9620200F93C
:100EB000632240B980003FD6600A00B91F0000716C
:100EC0006D070054F51340F900008052F35341A917
:100ED000FD7BC3A8C0035FD6612E40F9410100B479
:100EE00060D201913F0000EB60000054E00314AABF
:100EF00008D0FF97607240B9600A00B97F2E00F9F0
:100F000080030035600E40F9F51300F940FCFFB591
:100F1000E10313AAE00314AA721500947522C079A4
:100F2000BF0640F2E0FBFF542000805260220079AF
:100F30004200009001000090420021912100389170
:100F400040000090008021917ACCFF9775220079B3
:100F500020018052B502000ABF02006B21FAFF5443
:100F6000E10313AAE00314AAEECAFF97CDFFFF170F
:100F7000603640F9600200F9D4FFFF17E10313AABD
:100F8000E00314AA67CBFF97C00100356122C07946
:100F9000F51300F921781C127F0E00B97F2A00B9E1
:100FA000B9FFFF173FCCFF97AAFFFF176022C07958
:100FB00081010054F51340F900001B3260220079D2
:100FC00000008012C2FFFF1720018052800200B98A
:100FD00021001A320000801261220079BCFFFF1745
:100FE00000001A3260220079F51340F900008012E7
:100FF0007F0A00B9B6FFFF170000000000000000E4
:1010000023004039E50300AA7F78017120030054D2
:1010100020040091E003271E040080520004014ECA
:10102000E10305AAA20004912004813C3F0002EBE9
:10103000C1FFFF548200005283010034A2C823384C
:10104000E10300AA241440389FB400710002005448
:101050009F74017180010054A4000034E303042A4A
:10106000E00301AAF6FFFF17000400D1C0035FD61A
:101070002004000F23044039200800910400261E9C
:10108000E7FFFF17E00301AAC0035FD6060440395B
:10109000DF7401716010467A2CFEFF540008009145
:1010A000617C4093A404009182682138210400915E
:1010B000DF00016BACFFFF54C100034B7F00066BE8
:1010C000210400516304001121B09F1A6300010B39
:1010D000DCFFFF170000000000000000000000001F
:1010E000FD7BA4A9E8058012EA0F8012FD030091A0
:1010F000E9430691EC030791E92700F9E90301AA06
:10110000E1E300912B0000F0ECB303A9E82B0A29DE
:10111000E80300AA602D44F90B00B092304440ADC2
:101120000A00B0120B41C0F2E1630191E82F00F90F
:10113000F0C700ADEB4306F8E83B00F9EA7B00B9E5
:10114000E047803DE14B803DE24F803DE353803DF1
:10115000E457803DE55B803DE65F803DE763803D91
:10116000E20F19A9E3430091E20309AAE4171AA9BF
:10117000E61F1BA91FD0FF97E12F40F93F00003960
:10118000FD7BDCA8C0035FD600000000000000006B
:10119000FD7BBDA922D00191FD030091F35301A96C
:1011A000F30301AA212C40F93F0002EBA0020054F6
:1011B000F55B02A9756240B9B67A1F53C27E4093AF
:1011C000580B0094F40300AAA00300B4A27E40933D
:1011D000E10300AA1500028BE00315AAD9CDFF9701
:1011E000750200F9766200B9F55B42A9742E00F928
:1011F00000008052F35341A9FD7BC3A8C0035FD612
:10120000018080D2BBC7FF97C00100B462DA4139C8
:1012100003808052602E00F901F40F91636200B9DF
:1012200002FC0F3962D6413902F80F3962D24139D6
:1012300002F40F39610200F9EEFFFF17F55B42A9D6
:1012400000008012ECFFFF1700000000000000000B
:10125000FD7BBDA9FD030091F35301A93F040031BB
:10126000600A0054F55B02A9F403012AF30302AA01
:10127000F50300AA600000B4012440F9A10C00B4F9
:1012800060B240B96222C079400000374209483656
:10129000A200683760B240B94200133200781212DF
:1012A00060B200B940781A1260220079A2001037AB
:1012B000420B2036C209183700001E326022007926
:1012C000612E40F9961E0012600A40B9941E001269
:1012D000410200B4616240B93F00006B6D050054EB
:1012E000600240F9010400D1610200F916F01F38D4
:1012F000600A40B961B240B900040011600A00B947
:1013000021030036F55B42A9E003142AF35341A9F7
:10131000FD7BC3A8C0035FD6620E40F961B240B93D
:10132000630240F921000012620000B45F0003EB89
:10133000C3040054E20313AA6400805265D20191F1
:10134000652E00F9646200B924008052633600F90A
:10135000607200B9566C0738640A00B9620200F97D
:1013600021FDFF3560224079E0FC4F37605240F9A3
:101370006CCDFF97F55B42A9E003142AF35341A912
:10138000FD7BC3A8C0035FD6E00315AAE10313AA3F
:1013900080FFFF9760FAFF3460B240B96000003709
:1013A0006022407900044836F55B42A9140080129F
:1013B000D6FFFF17605240F956CDFF976222C079E1
:1013C00022F76F37B4FFFF1762F05F385F00146BCE
:1013D00021FBFF54630400D100040011630200F9F3
:1013E000600A00B901F9FF35DFFFFF17E10313AA17
:1013F000E00315AA4BCAFF9700FDFF356022C079B4
:101400007F0E00B900781C127F2A00B9ABFFFF17CE
:1014100024CBFF979BFFFF1760B240B960FC0737F2
:1014200042FC4F37605240F9140080123DCDFF97C7
:10143000F55B42A9B5FFFF170000000000000000A7
:10144000FD7BBEA9220000F0FD030091F35301A92A
:10145000F40300AAF30301AA402C44F9600000B48D
:10146000012440F9610700B46222C0796204183691
:10147000610E40F9C10200B442010036602240B959
:101480007F0E00B9E003004B602A00B900008052D3
:10149000410100B4F35341A9FD7BC2A8C0035FD64C
:1014A0000000805242000837602240B9600E00B947
:1014B0000000805201FFFFB5E2FE3F3642001A32C3
:1014C0000000801262220079F3FFFF170050805263
:1014D0004000000A1F00087100FDFF54E10313AA39
:1014E000E00314AAFF1300946222C079610E40F950
:1014F00082FD0736E2FFFF1702032036C2001037D5
:10150000610E40F942001D326222007961FBFFB595
:10151000EFFFFF17612E40F9010100B460D2019185
:101520003F0000EB80000054E00314AA79CEFF973F
:101530006222C0797F2E00F9610E40F9800480128A
:101540004200000A610200F97F0A00B9EEFFFF17AE
:10155000D4CAFF97C5FFFF1720018052800200B94F
:1015600042001A320000801262220079CAFFFF177F
:10157000FD7BBCA9FD030091F35301A9F403012AEB
:10158000F30302AAF51300F9F50300AAA9000094D9
:101590001F04007181000054800600511FF8037180
:1015A000A904005463A20291E203142AE1E300912A
:1015B000E00315AA9B1100941F0400B1000400541D
:1015C000C00100B4630E40B9E1E340396304005147
:1015D000630E00B9A300F836642A40B97F00046B9B
:1015E00024A84A7A40010054630240F9640400913F
:1015F000640200F961000039F51340F9E003142A90
:10160000F35341A9FD7BC4A8C0035FD6E20313AA2C
:10161000E00315AA071400941F040031E1FEFF54F3
:1016200000008012F35341A9F51340F9FD7BC4A8D3
:10163000C0035FD6F4E30039E3FFFF17602240796F
:1016400000001A326022007900008012F6FFFF17B6
:10165000FD7BBDA9FD030091F35301A9F40300AA8A
:1016600040B040B9F30302AA4220C07940000037DD
:1016700022034836C200683760B240B942001332D4
:10168000622200790000133260B200B9E00314AAAC
:10169000E20313AAB7FFFF97F403002A61B240B92F
:1016A0006100003760224079A0004836E003142A28
:1016B000F35341A9FD7BC3A8C0035FD6605240F934
:1016C00098CCFF97E003142AF35341A9FD7BC3A8EC
:1016D000C0035FD6605240F9E12F00B98DCCFF976F
:1016E0006222C079E12F40B9E3FFFF17000000003C
:1016F000230000AAE40300AA7F0840F2400847FA4A
:10170000090100541100001425144038460400D18A
:1017100065140038C5000034E40303AAE20306AAF6
:10172000E30304AA22FFFFB5C0035FD68400028B47
:10173000C6FFFFB41F2003D57F1400387F0004EBE1
:10174000C1FFFF54C0035FD6E6DB07B2E6DF9FF2BE
:1017500006000014422000D1858400F82120009169
:101760005F1C00F1E9FDFF54250040F9A300068B42
:101770006300258A7FC001F2E0FEFF54E9FFFF17F6
:10178000E40300AA200000AAE5DB07B21F0840F22C
:10179000E5DF9FF2400847FA0901005410000014E9
:1017A00020144038450400D1601400384002003451
:1017B000E20305AAE40303AAE30304AA22FFFFB598
:1017C000E00304AAC0035FD6422000D1838400F85E
:1017D000212000915F1C00F109FFFF54230040F914
:1017E0006000058B0000238A1FC001F2E0FEFF5459
:1017F000F2FFFF178000028B050100B41F2003D504
:101800007F1400387F0000EBC1FFFF54C4FDFFB41C
:10181000E00304AAECFFFF17E00303AAA4FFFFB54F
:10182000E9FFFF17000000000000000000000000BA
:10183000200000F000806C39C0035FD6000000007B
:10184000200000F000002B91C0035FD600000000D4
:101850000000000000000000000000000000000088
:101860000000000000000000000000000000000078
:101870000000000000000000000000000000000068
:101880005F2403D5820600B4258080520502A87229
:10189000200C014E03E87B92A50C044E091040F287
:1018A0004A1040920002005461A0DF4C248100D114
:1018B000420004AB238C206E448C206E631C254EAA
:1018C000841C254E66BC244EC6BC264EC63C084E23
:1018D00024F97FD3C624C49AC620C49A290200548E
:1018E000C60200B561A0DF4C428000F1238C206E5F
:1018F000448C206EA9000054661CA44EC6BCE64E63
:10190000C63C084E06FFFFB4631C254E841C254EC2
:1019100066BC244EC6BC264EC63C084EE2000054AF
:101920004401098B84104092848000D1E40704CBE9
:10193000C620C49AC624C49AC600C0DA638000D107
:10194000DF0000F1C610C0DA6004468BE003809A25
:10195000C0035FD6000080D2C0035FD60000000045
:101960000000000000000000000000000000000077
:101970000000000000000000000000000000000067
:101980005F2403D52A0000CBE8C300B206084092CA
:101990005F0940F201040054C60200B51F2003D5C0
:1019A00003686AF8028440F8440008CB46D800B2C5
:1019B000840026EA400043FA40FFFF54450003CA72
:1019C000A60004AAC60CC0DA420CC0DA630CC0DA66
:1019D000C910C0DA4220C99A6320C99A42FC78D360
:1019E00040E043CBC0035FD61F2003D51F2003D5A3
:1019F00000F07D9203686AF8028440F8E90F01CB99
:101A000006008092C624C99A420006AA630006AA6C
:101A1000E6FFFF17060100B40214403823144038D3
:101A20005F0000714010437A210400541F0840F207
:101A300041FFFF54E90F01CB21F07D92278440F84C
:101A40000625C99AE70006AAE40008CBE6D800B24A
:101A5000840026EAE1010054250000CB1F2003D5B5
:101A6000076865F803686AF8E40008CBE6D800B2B6
:101A7000028440F8840026EA400043FA20FFFF5425
:101A80008620C99A450003CAA60006AAC6F9FFB572
:101A9000020040F9E90309CBE324C99A8424C99AD6
:101AA000450003CAA60004AAC7FFFF17400003CBE6
:101AB000C0035FD60000000000000000000000002E
:101AC00000F8AF520000271EC0035FD600000000E0
:101AD0000200669E1F0000B90402B01241F860D3F4
:101AE00043FC60D33F00046BE80200542200022A4A
:101AF000A2020034040080527F286CF221010054BD
:101B0000016AE8D22100679EA40680120008611EC7
:101B10000100669E21FC60D3E303012A21780012B4
:101B20000200669E63500112217C141363200B3265
:101B300021F80F512100040B010000B9627C60B351
:101B40004000679EC0035FD6000000000000000058
:101B5000FD7BBCA9FD030091F35301A9341440B9E6
:101B6000F76303A9F80300AA001440B91F00146B1F
:101B70008B0B005494060051336000911763009161
:101B8000F55B02A98A7E4093807E7E937602008B6D
:101B9000EB02008B627A6AB8E37A6AB842040011F9
:101BA0007508C21A7F00026BC3040054E70313AA2E
:101BB000E60317AA09008052080080521F2003D5AF
:101BC000E34440B8C40040B9653C0012637C105344
:101BD000823C0012A524151BA97C10534220254BE2
:101BE0004200080B6324151B407C10130020234B7C
:101BF000697C10530340440B623C1033C24400B86C
:101C0000687C1013DF0207EBC2FDFF54E07A6AB86C
:101C100080010035601100D1FF0200EBA3000054E9
:101C20000700001494060051FF0200EB82000054EC
:101C3000020040B9001000D162FFFF34141700B950
:101C4000E00318AAFF0600940004F837E00317AA7F
:101C5000040080521F2003D5634640B8020040B9FB
:101C6000413C00122120234B2100040B247C101343
:101C70008340434B6240420B413C1033014400B867
:101C8000447C1013DF0213EB82FEFF54E1DA74B8D8
:101C9000E0CA348B81010035001000D11F0017EB22
:101CA000A80000540700001494060051FF0200EB46
:101CB00082000054010040B9001000D161FFFF34E0
:101CC000141700B9B5060011F35341A9E003152A12
:101CD000F55B42A9F76343A9FD7BC4A8C0035FD6A7
:101CE000F35341A900008052F76343A9FD7BC4A8C8
:101CF000C0035FD6000000000000000000000000EC
:101D0000FD7BB4A9FD030091062840F9F35301A916
:101D1000F30300AAF55B02A9F40304AAF76303A97D
:101D2000F703012AF80305AAF96B04A9FA03022AAA
:101D3000FB7305A91C00669EE34300F9E827066DC6
:101D40000840601E060100B4035840B922008052CA
:101D5000E10306AA4220C31AC3080129890400949A
:101D60007F2A00F90001669E0941601E0100805231
:101D700000FC60D3F503002AA000F83615780012A5
:101D800021008052BC7E60B38903679EA22A0C1298
:101D9000810200B900FEAF525F00006B800E00545C
:101DA0002821601E61020054E14340F92000805266
:101DB000200000B9980000B44000009000440C914D
:101DC000000300F957000090F7420C91F35341A92A
:101DD000E00317AAF55B42A9F76343A9F96B44A98D
:101DE000FB7345A9E827466DFD7BCCA8C0035FD6F1
:101DF0002041601EE2E30291E1F30291E00313AAA5
:101E000094070094F40300AAA07E1453A00C00359C
:101E1000E30757290001669E6100010B22C81011DB
:101E20005F800071AD2E00542548101104088052C7
:101E30008200024B0024C51AB522C21AA002002A51
:101E40000000631E2004005121008052E1A700B968
:101E500004C2BF520200669E41FC60D32100040B05
:101E6000227C60B34200679E01106F1E410000F0AB
:101E70000300621E4138611E247C40FD410000F0D9
:101E8000208040FD410000F02000441F228440FDDE
:101E90006000421F1820601E0500781E442A00546E
:101EA0006000004B06040051BF5800710828005420
:101EB000410000F02100069120D865FC1020691E29
:101EC0002C2D0054FFA300B9070080521F000071A1
:101ED0008C00005427008052E700004B060080521F
:101EE000C600050B1B008052E58B00B9FF26007170
:101EF00068070054FF1600716D280054F712005156
:101F000019008052FF0E0071605900542D2F0054AB
:101F1000FF120071A12D005420008052E07B00B917
:101F20005F0300716D530054F5031A2AE0031A2A67
:101F3000FAAB00B9047C40931F7C0071CD050054BE
:101F4000230080528200805242781F53E103032A0B
:101F500063040011407C4093007000911F0004EB6B
:101F600049FFFF54615A00B926000014E14340F9CB
:101F7000E0E18452200000B92001669E1FCC40F2AF
:101F80000102005457000090186200B44000009015
:101F9000F7020E9100200E91000300F98CFFFF174D
:101FA0002201669EE3BB40B900FC0F51FFA700B9B8
:101FB00041CC60D321240C32227C60B3AAFFFF17EE
:101FC00057000090F85F00B440000090F7420E9177
:101FD000004C0E91000300F97DFFFF17390080527D
:101FE00017008052150080121A008052F97B00B948
:101FF000F5AB00B9010080527F5A00B91F2003D50C
:10200000E00313AAE79B1129E59B00B9B9030094EB
:10201000E79B5129F60300AAE59B40B9C07200B4C2
:10202000BF3A0071762A00F9E0879F1AE303152A68
:102030000400190A1F00196AE00A0054E08B40B935
:102040001F0000716D440054E403002A410000D0D9
:10205000E00304AA21000691020C4092807C041344
:10206000207862FCE10304AA014E4036410000D012
:10207000000C00126200805221B840FD2119611E3F
:1020800060010034410000D0214005911F2003D59C
:1020900080000036220040FD420400110008621E4C
:1020A000007C01132120009140FFFF352118601EA4
:1020B000E0A340B98000003400106E1E3020601E86
:1020C000C45400544200621E0090631E0298BF5226
:1020D0004000411F0000669E01FC60D32100020BFE
:1020E000207C60B3153E0034FC8B40B9E403152A14
:1020F0002100781E0200679E82040051480000D033
:1021000008010691C90600912000621E20C000113E
:10211000E17B40B9001C001203D962FC2138601E2B
:10212000E148003400106C1EC00200390018631E24
:102130000038621E1020611E4C680054220080523C
:10214000E00309AA4200094B04106E1E0390641EAE
:102150000A0000142108631E0008631E2100781E77
:102160002200621E21C00011011400382138621EB5
:102170003020601E245E00548238611E5020601E94
:10218000C41700544100000B3F00046B4BFEFF548A
:102190003C01669EE0BF40B9E18B40B91F00007171
:1021A00020A84E7A6D3D0054E17B40B9813C00345B
:1021B000FF0600716D4F0054A30600517F03036BAF
:1021C0000B520054E000154BE08F00B96303034B42
:1021D000755EF836E00313AA21008052E79300B938
:1021E000E69B00B9E5A700B9E3AF00B94504009448
:1021F000E79340B9F90300AAE69B40B9E5A740B9C7
:10220000E3AF40B9E18F40B93F000071C4C8407AE4
:10221000ED0000543F00066B20D0861AE700004B0B
:10222000C600004B2100004BE18F00B9FB010034D8
:10223000E07B40B9E04C003483510035E10314AA3F
:10224000E2031B2AE00313AAE79300B9E69B00B957
:10225000E5A700B9D7040094E79340B9F40300AAB6
:10226000E69B40B9E5A740B9E00313AA21008052DC
:10227000E79300B9E69B00B9E5A700B921040094F3
:10228000E5A740B9FB0300AAE79340B9E69B40B934
:1022900065380035FF0600718D1C00542000805207
:1022A000C000000B00100072003100540104805285
:1022B0002100004B3F1000712D44005481038052D7
:1022C0002000004BE18F40B9E700000BC600000B77
:1022D0002100000BE18F00B9FF0000714D01005497
:1022E000E10314AAE203072AE00313AAE69300B964
:1022F000E59B00B9F7040094E69340B9F40300AA03
:10230000E59B40B9DF0000710D010054E1031BAAF9
:10231000E203062AE00313AAE59300B9ED04009452
:10232000FB0300AAE59340B9E0A340B9FF0A00719E
:10233000E4D79F1AE0180035BF02007184D8407AB4
:10234000E00D00549527003503008052A200805212
:10235000E1031BAAE00313AA12030094FB0300AAE3
:10236000E1031BAAE00314AAF70316AA350500949B
:102370001F0000710D260054E08B40B9D606009175
:102380001C04001120068052E0020039E1031BAA60
:10239000E00313AAFB020094590800B4E10319AA50
:1023A000E00313AAF70200943E00001421008052BB
:1023B000E1A300B907008052E600F83725D9FF36BF
:1023C000E700054BFB03054BE58B00B90500805288
:1023D000C7FEFF172700805206008052E700004B1F
:1023E000F7FFFF17A100621E2020601EE1079F1A61
:1023F000A500014BABFEFF17E203024B0020C21AFF
:1024000090FEFF1739008052FF0E007140310054DA
:102410000CD8FF54FF0A0071C05300547F5A00B912
:10242000E00313AA01008052E77B00B9E697112967
:10243000B0020094E77B40B9F60300AAE697512961
:10244000A05100B4000080121A008052E303002A59
:10245000F503002A762A00F9F97B00B9E0AB00B950
:102460004DFFFF17A5040051FFA300B9D2FFFF17CE
:102470001F0016EBA0420054E20300AA01FC5F38E3
:102480003FE4007160FFFF5421040011211C001281
:10249000F70316AAF60302AA010000391F2003D58C
:1024A000E10314AAE00313AAB6020094DF02003984
:1024B000E14340F980070011200000B998C8FFB43B
:1024C000160300F942FEFF1720008052B700805229
:1024D000E07B00B9E08B40B94003000BE0AB00B9F2
:1024E00015040011BF020071A0C69F1A92FEFF17CB
:1024F00057008052FF7B00B98AFEFF17E07B40B98E
:10250000000E0034E28F40B95F000071ED0000540E
:10251000E10319AAE00313AAE57B00B96D04009456
:10252000E57B40B9F90300AAF93F00F9453E0035C3
:10253000D5C2358B80030012F64B00F9E0A700B935
:10254000E1031BAAE00314AA82FDFF971AC0001141
:10255000E10319AAE0A300B9E00314AAB9040094A6
:10256000E23F40F9E1031BAAE08F00B9E00313AAA0
:10257000C8040094E10300AA001040B9801100359E
:10258000E00314AAE14F00F9AE040094E203002A2C
:10259000E14F40F9E00313AAE29B00B979020094ED
:1025A000E29B40B9E002022AC0140035E0A740B91E
:1025B000E03F0034E08F40B96012F837E04B40F95B
:1025C0001A140038E04B00F9BF0200EB003D005444
:1025D000E10314AA0300805242018052E00313AACF
:1025E00070020094F40300AAE03F40F9E10319AA45
:1025F00003008052420180523F0300EBE00313AA24
:10260000E010005467020094F90300AAE13F40F98A
:10261000E00313AA03008052420180526102009439
:10262000E03F00F9C7FFFF179FCF40F281E3FF545F
:1026300080FF60D31F286CF220E3FF5425008052F6
:10264000E7040011C6040011E003052A15FFFF1777
:10265000E1031BAAE00314AAE59300B9E49B00B9C7
:1026600078040094E59340B9E49B40B960E6FF36F6
:10267000E08B40B9E10314AA03008052420180526A
:1026800000040051E08B00B9E00313AAE59300B900
:10269000E49B00B943020094F40300AAE07B40B934
:1026A000E59340B9E49B40B9E0390035E0AB40B96F
:1026B0001F000071F503002A84D8407A41E4FF54DA
:1026C000170080D207000014E10314AAE00313AA44
:1026D000030080524201805232020094F40300AAA7
:1026E000E1031BAAE00314AA1AFDFF971AC0001108
:1026F000DA6A3738F7060091BF02176B6CFEFF5499
:10270000BF020071B5060051200080D215D4959A01
:10271000D502158B170080D222008052E10314AA43
:10272000E00313AAEB030094E1031BAAF40300AA3D
:10273000440400941F0000718C0000543D010014FB
:10274000BF0216EB80280054E20315AAB50600D19B
:1027500040F05F381FE4007140FFFF54FC8B40B92C
:1027600000040011A0020039E1031BAAE00313AA30
:10277000E23F00F903020094E23F40F9B91D00B4C2
:10278000FF0200F1E41259FAC0000054E10317AA55
:10279000E00313AAE23F00F9FA010094E23F40F996
:1027A000F70316AAF60302AAFDFEFF17E00313AA19
:1027B000F4010094E08F40B9C000F837E08F40B9D1
:1027C0009C030012E002002A9C03002ABC0400358E
:1027D00022008052E10314AAE00313AABD0300946F
:1027E000E1031BAAF40300AA160400941F00007161
:1027F0008D3100545FE70071002C0054E0A340B914
:102800001AC40011E24B40F9F70319AAF93F40F945
:10281000FC8B40B95A140038D4FFFF17E101009433
:10282000F90300AAE03F00F946FFFF171B0080D222
:10283000190080D2FC033A2AF70316AAD4FEFF1728
:10284000E08F40B94030F837E1A740B9E002002AF4
:102850002000002AC02F00345F0000710DEBFF54F0
:102860005FE70071A0280054E24B40F95A070011BD
:10287000F70319AAFC8B40B9F93F40F95A14003804
:10288000BAFFFF174200621E0090631E0298BF52FB
:102890004000411F0000669E01FC60D32100020B36
:1028A000207C60B30290621E0000679E2138621E89
:1028B0003020601E6C0600540040611E3020601EF7
:1028C00064FBFF5433FEFF17800380527EFEFF1728
:1028D000E0130054E08B40B9410000D02100069184
:1028E000E003004B020C4092007C0413227862FC4F
:1028F0002209621EC02900344140601E410000D000
:102900002140059108008052420080521F2003D5CB
:10291000A0000036200040FD42040011E803042A14
:102920002108601E007C01132120009120FFFF354B
:102930001F010071211C621EDEFDFF17E3031B2A2D
:10294000190080D2FF7B00B9E78F00B92EFEFF1778
:10295000400000D0000006915F030071A0BA407AE9
:1029600001D861FCEC15005435F6FF350090621E6D
:102970002108601E8003679E3020601E8AF5FF5488
:10298000F70316AA1B0080D2190080D27BFEFF1726
:102990003A008052F5031A2A96FDFF17E10300AAB8
:1029A000E203052AE00313AAE79300B9E69B00B906
:1029B00000030094E79340B9FB0300AAE69B40B9EB
:1029C000FF0600710D02005405008052601740B9E7
:1029D000E79300B900040051E69B00B9E5A700B9F0
:1029E00060CB208B001840B9FE0100940104805296
:1029F000E79340B9E69B40B92000004BE5A740B9FA
:102A000028FEFF179FCF40F201FEFF5480FF60D3E6
:102A10001F286CF2A0FDFF54E7040011C60400114A
:102A200025008052EAFFFF172141601E42008052BC
:102A300094FDFF17FF7B00B9A7FEFF17C002003906
:102A40004208631EC042248BE20309AA0390641E5D
:102A50009F040071401C00542108631E2100781E51
:102A60002000621E21C00011411400382138601E70
:102A70001F0002EB21FFFF5400106C1E4328601E54
:102A80007020611EA4CFFF540038621E1020611E0A
:102A90008C040054E0BF40B93C01669E1F000071E9
:102AA000E08B40B900A84E7AACF4FF54E08B40B9FB
:102AB000F70316AAF60309AA01D960FC2019611EC2
:102AC00060040051C002008B0390641E0100781E58
:102AD0002000621E22C00011E202003900A4411F42
:102AE000BF06007141010054970000140218611ED6
:102AF0004100781E2200621E22C00011C21600385A
:102B00004080411F1F0016EB001200540008631E96
:102B10000820601EC1FEFF54FC8B40B961FEFF1708
:102B2000E20300AA01FC5F383FC00071A0FFFF5420
:102B3000F70316AAF60302AA5AFEFF17810780526E
:102B40002000004BA0BCFF54DFFDFF172141601E99
:102B50004200805257FDFF1775E9FF34E4AB40B9DE
:102B60009F0000716DB1FF54420400110390641E78
:102B70000090631EE08B40B94200621E2108631E74
:102B80001C0400510898BF522000421F0000669E9E
:102B900001FC60D32100080B207C60B355FDFF17BA
:102BA000E1A740B98109003400CC1011E3031B2ACE
:102BB000C600000BE78F00B9E700000B86FDFF178A
:102BC000F7420E9182FCFF17F7020E9180FCFF176F
:102BD000E10314AAE2031B2AE00313AAE79300B956
:102BE000E69B00B9E5A700B972020094E79340B9EB
:102BF000F40300AAE69B40B9E5A740B99BFDFF1787
:102C000060001B4BC600150BFB03032AA500000B3D
:102C100003008052E78F00B9A702070B6EFDFF1774
:102C2000F70316AA8903679ED6060091A4FFFF1733
:102C300041000054BAD80737E20315AAB50600D1FF
:102C400040F05F381FC0007180FFFF54FC8B40B91B
:102C5000C6FEFF17E08B40B91C040011200680520D
:102C6000C0020039C1FEFF17E203032AE10319AADB
:102C7000E00313AAE39300B9E79B00B9E6A700B904
:102C8000E5AF00B94B020094E20314AAF90300AACD
:102C9000E10319AAE00313AACA010094E10314AAEC
:102CA000F40300AAE00313AAB6000094E39340B92A
:102CB000E79B40B9E6A740B97B03036BE5AF40B99A
:102CC00040ADFF545EFDFF179C07001121068052A6
:102CD000F0FDFF17E1BB40B9C0068052E3031B2A99
:102CE000E78F00B90000014BC600000BE700000BA6
:102CF00039FDFF17210B40B9E00313AA7D000094B2
:102D0000FA0300AAA00A00B4221780B92143009157
:102D1000004000914208009142F47ED309C7FF971A
:102D2000E1031AAAE00313AA220080526902009468
:102D3000E03F00F9FFFDFF17F70316AAF60300AA0C
:102D4000D8FDFF17E00316AA0028601E1020611EA0
:102D50000C0200540020611E41000054A101003704
:102D6000FC8B40B9F60300AACEFDFF17F70319AAA2
:102D7000F93F40F969FEFF17F54B40F9F70319AA2F
:102D8000F93F40F920078052A01600386FFEFF1768
:102D9000FC8B40B9F60317AAB8FDFF17C600150B48
:102DA000E78F00B9A702070B0BFDFF175FE7007164
:102DB00040FEFF54E24B40F9F70319AAFC075129E2
:102DC000E0A340B93F00007100C40011F93F40F991
:102DD0001AC09A1A5A14003864FEFF17E00309AAB1
:102DE00026FFFF17E10319AAE00313AA030080528C
:102DF00042018052E57B00B9E49300B96900009478
:102E0000F5AB40B9F90300AAE49340B9BF020071E1
:102E100084D8407A21010054E57B40B9BAFDFF1700
:102E200021CFFF549ACE073777FEFF174140601E2F
:102E3000420080529FFCFF17F5AB40B942FDFF17DF
:102E4000F70316AAF60309AA96FDFF175F000071A3
:102E50000CCCFF546CFEFF17230000F0200000F0A4
:102E600063600E9100C00E91020080D2E15D80523D
:102E7000D47FFF97230000F0200000F063600E91E4
:102E800000C00E91020080D2E1358052CD7FFF97C5
:102E9000FF7B00B923FCFF170000000000000000CA
:102EA000FF4300D13F0000F1E03300910100819A1F
:102EB000220100B4630100B440004039200000B991
:102EC000400040391F000071E0079F1AFF43009146
:102ED000C0035FD600008052FF430091C0035FD65D
:102EE00020008012FAFFFF17000000000000000021
:102EF000FD7BBEA9FD030091023440F9F35301A903
:102F0000F30300AAF403012A420100B4817E409336
:102F1000407861F8E00100B4030040F9437821F8FB
:102F20001F0800F9F35341A9FD7BC2A8C0035FD677
:102F3000220880D2010180D2B60E0094603600F9DA
:102F4000E20300AA40FEFFB5000080D2F6FFFF17A3
:102F500021008052E00313AA3320D41A210080D22A
:102F6000627E4093421C009142F47ED3A90E0094ED
:102F7000C0FEFFB4144C0129EAFFFF170000000057
:102F8000C10000B4003440F9220880B9037862F827
:102F9000230000F9017822F8C0035FD6000000008A
:102FA000FD7BBCA927600091050080D2FD03009144
:102FB000F35301A9F303032A341440B9F55B02A9C2
:102FC000F50301AAF60300AAE47865B8833C001271
:102FD000847C1053634C021B663C0012637C1053CC
:102FE000830C021BC440030BE47825B8A5040091B0
:102FF000737C10539F02056B8CFEFF541301003449
:10300000A00E40B91F00146B4D010054A0CA348BB0
:1030100094060011131800B9B41600B9F35341A96E
:10302000E00315AAF55B42A9FD7BC4A8C0035FD6E7
:10303000A10A40B9E00316AAF71B00F92104001108
:10304000ACFFFF97F70300AA600200B4A21680B994
:10305000A1420091004000914208009142F47ED3C9
:1030600038C6FF97C03640F9A10A80B9027861F8E6
:10307000A20200F9157821F8F50317AAA0CA348B2B
:1030800094060011F71B40F9131800B9B41600B9E3
:10309000E3FFFF17230000D0200000D063600E91F3
:1030A00000401091020080D241178052457FFF9767
:1030B000FD7BBCA925C79152651CA772FD03009139
:1030C000F55B02A9F503032A63200011F35301A95C
:1030D000F603022AF40300AA657C259BF76303A983
:1030E000F30301AAF703042AA5FC6193A27C834B96
:1030F000BF2600714D06005420008052010080520E
:1031000000781F53210400115F00006BACFFFF54D7
:10311000E00314AA77FFFF97E10300AA400500B47B
:103120002000805220DC0229DF260071AC0200540E
:10313000732A009136018052BF02166B6D01005454
:10314000B502164B7502158B63164038E00314AABE
:103150004201805263C0005192FFFF97E10300AA31
:103160007F0215EB21FFFF54F35341A9E00301AAAD
:10317000F55B42A9F76343A9FD7BC4A8C0035FD6F2
:10318000782600917342368BF70318AA1F2003D5C7
:10319000E3164038E00314AA4201805263C0005194
:1031A00080FFFF97E10300AAFF0213EB21FFFF540A
:1031B000D32200511303138BE0FFFF17010080524D
:1031C000D4FFFF17230000D0200000D063600E91D1
:1031D00000401091020080D2611A8052F97EFF9760
:1031E000E103002AE2FF9F52000080523F00026B81
:1031F00068000054213C10530002805202E0BF12CC
:103200003F00026B6800005400200011215C18533D
:103210000200BE123F00026B680000540010001153
:10322000216C1C530200B8123F00026B890000544D
:10323000E103212A007C410BC0035FD622741E5398
:10324000C100E8375F0062F2000C001101048052F7
:103250000010811AC0035FD600080011C0035FD6BA
:10326000E20300AA00008052410040B93F0840F24A
:10327000E0000054A1000037A1030836217C01536F
:1032800020008052410000B9C0035FD63F3C00726D
:1032900061000054217C1053000280523F1C0072D8
:1032A0006100005400200011217C08533F0C40F2C3
:1032B0006100005400100011217C04533F0440F2CF
:1032C0006100005400080011217C02538100003786
:1032D00000040011217C015361000034410000B959
:1032E000C0035FD600048052C0035FD6217C025326
:1032F00040008052410000B9C0035FD600000000CA
:10330000FD7BBEA9FD030091023440F9F35301A9EE
:10331000F30300AAF403012A820100B4400440F937
:10332000E00200B4010040F9410400F9410000B09E
:10333000141800B9F35341A9208C40FD000800FD8A
:10334000FD7BC2A8C0035FD6220880D2010180D2D3
:10335000B00D0094603600F9E20300AA00FEFFB54C
:10336000230000D0200000D063600E910040109137
:10337000020080D2A1288052927EFF97E00313AA18
:10338000820480D2210080D2A20D0094A0FEFFB45E
:10339000410000B0141800B9F35341A9208840FD42
:1033A000410000B0000400FD208C40FD000800FD3D
:1033B000FD7BC2A8C0035FD6000000000000000033
:1033C000FD7BBCA9FD030091F55B02A9F50301AAF1
:1033D000361440B9F71B00F9571440B9F35301A94B
:1033E000F40302AADF02176BEB000054E203172A72
:1033F000E10314AAF703162AF40315AAF603022A16
:10340000F50301AA810A4129F302160B5F00136B31
:1034100021A4811AB7FEFF97800B00B407600091CA
:10342000E8C8338BE30307AAFF0008EB82000054CF
:103430007F4400B81F0103EBC8FFFF54A662009150
:103440008B620091C9C8368B65C9378BDF0009EBE9
:1034500022080054AA0014CB946600914A6500D15A
:10346000810080D24AF57E92BF0014EB4A01018BA5
:103470004A21819A07000014637C1053C30300356E
:10348000C6100091E71000913F0106EB4906005479
:10349000C30040B96D3C007200FFFF54EC0307AA63
:1034A000E4030BAA0E008052814440B8830140B966
:1034B000223C00126F3C0012217C1053637C10539D
:1034C000423C0D1B210C0D1B42000E0B2140420BF8
:1034D000223C1033824500B82E7C1053BF0004EB11
:1034E00048FEFF54EE682AB8C30040B9637C10530D
:1034F00083FCFF34E10040B9ED0307AAE4030BAA03
:103500000E008052EC03012A820040794238031BEE
:1035100042404C0B413C1033A14500B8814440B8B7
:10352000AC0140B9217C10538E3D00122138031BA1
:103530002140420B2E7C1053BF0004EB68FEFF5469
:10354000C6100091E1682AB8E71000913F0106EB30
:1035500008FAFF547F0200718C000054050000142B
:10356000730600716000005401CD5FB8A1FFFF3405
:10357000F55B42A9F71B40F9131400B9F35341A9B5
:10358000FD7BC4A8C0035FD6230000D0200000D07C
:1035900063600E9100401091020080D2412C805255
:1035A000087EFF97000000000000000000000000FF
:1035B000FD7BBDA9FD030091F35301A9F303022A8A
:1035C00042040072F55B02A9F60300AAF50301AA02
:1035D000C1040054737E0213F3020034D43240F964
:1035E000540500B4F3000037737E01135302003416
:1035F000800240F9A00200B4F40300AA73FF07366A
:10360000E20314AAE10315AAE00316AA6DFFFF97CF
:10361000D50000B4C13640F9A20A80B9237862F817
:10362000A30200F9357822F8F50300AA737E01138E
:1036300013FEFF35F35341A9E00315AAF55B42A938
:10364000FD7BC3A8C0035FD6E20314AAE10314AA5A
:10365000E00316AA5BFFFF97800200F9F40300AABB
:103660001F0000F9E6FFFF1742040051440000B0BC
:1036700084E004910300805282D862B849FEFF972B
:10368000F50300AAD4FFFF17E00316AA2100805219
:1036900018FEFF97F40300AAE00000B4200080D2D7
:1036A000204EC0F2804201F8D43200F99F0200F9A6
:1036B000CDFFFF17230000D0200000D063600E91E3
:1036C00000401091020080D2A1288052BD7DFF975A
:1036D000FD7BBCA9FD030091F76303A9587C05138A
:1036E000371440B9230C40B91703170BF35301A942
:1036F000F40301AAF55B02A9F5060011210840B9FF
:10370000F303022AF60300AABF02036BAD000054C4
:1037100063781F5321040011BF02036BACFFFF54F9
:10372000E00316AAF3FDFF97A00700B4056000911F
:103730001F0300712D010054041B0011E30305AAAF
:1037400004C8248B1F2003D57F4400B87F0004EBFE
:10375000C1FFFF54A548388B861680B9836200915B
:10376000671200726608068B8004005408048052B9
:10377000E10305AA0801074B040080521F2003D56E
:10378000620040B94220C71A4200042A224400B80D
:10379000644440B88424C81ADF0003EB28FFFF54B8
:1037A000C10014CB82660091216400D1DF0002EBDE
:1037B00021F47E92820080D22100028B2120829A05
:1037C000A46821B844000035F503172AC13640F932
:1037D000820A80B9F76343A9237862F8151400B907
:1037E000F55B42A9830200F9347822F8F35341A92A
:1037F000FD7BC4A8C0035FD6614440B8A14400B8B3
:10380000DF0003EB29FEFF54614440B8A14400B837
:10381000DF0003EB28FFFF54ECFFFF17230000D06D
:10382000200000D063600E9100401091020080D211
:10383000C13B8052637DFF97000000000000000044
:10384000221440B9E50300AA001440B90000026B3D
:10385000E1010054437C7E93A560009121600091BA
:10386000A200038B2100038B03000014BF0002EBB6
:10387000E200005444CC5FB823CC5FB89F00036BD8
:1038800060FFFF540000801200349F1AC0035FD60F
:10389000FD7BBDA9FD030091F35301A9F30301AA28
:1038A000F40302AA211440B9421440B9F51300F9F7
:1038B0002100026B41020035427C7E9361620091DF
:1038C000846200912300028B8400028B03000014A9
:1038D0003F0003EB620A005466CC5FB885CC5FB84A
:1038E000DF00056B60FFFF54E10314AAF5279F1A60
:1038F0009432939A7332819A05000014E10314AA5A
:10390000F5579F1A9442939A7342819A810A40B95B
:1039100078FDFF97000B00B4681680B989620091AA
:10392000871640B9626200910B600091050380D256
:103930004808088B010080522AC9278B151000B94E
:10394000866A65B8646A65B8C33C0012C67C1053C9
:103950006320244BC440444B6300010B8440830B21
:10396000833C1033036825B8A5100091817C1013A7
:103970006402058B1F0104EB48FEFF54040113CBC6
:1039800062660091846400D11F0102EBE6379F1A42
:10399000880080D282FC42D3DF0000714504009190
:1039A000A5F47ED3A510889A2801058B6501058BA7
:1039B0005F0108EB890400544A0500D1040080D25D
:1039C0004A0108CB49FD42D3027964B83F0104EBB8
:1039D0004300010B2120220B427C10534140810BFC
:1039E000233C1033A37824B8217C10138404009165
:1039F000C1FEFF544AF57E92A1000A8B8300003578
:103A000022CC5FB8E7040051C2FFFF34071400B9AD
:103A1000F35341A9F51340F9FD7BC3A8C0035FD65A
:103A20000100805233FDFF97800100B4210080D255
:103A3000014001F8F35341A9F51340F9FD7BC3A8F8
:103A4000C0035FD642F47ED3DF00007142109F9A1C
:103A50006101028BEAFFFF17230000D0200000D095
:103A600063600E9100401091020080D2E1468052C6
:103A7000D47CFF97230000D0200000D063600E911B
:103A800000401091020080D2A1488052CD7CFF9767
:103A90000000669E0198BF5200FC60D300280C1203
:103AA0000000010B010080521F000071AD000054A6
:103AB000E103012A208000AA0000679EC0035FD6B0
:103AC000E003004B007C14131F4C00710C010054E8
:103AD0000201A052010080524028C01AE103012ACD
:103AE000208000AA0000679EC0035FD602500051EC
:103AF0000100B0525F7C0071000080522124C21A84
:103B000021B49F1AE103012A208000AA0000679EC9
:103B1000C0035FD6000000000000000000000000AD
:103B2000FD7BBFA906600091E50301AAFD0300919A
:103B3000041480B9C408048B871000D183C05FB817
:103B4000E003032AA7FDFF97010480522200004BE7
:103B5000A20000B91F2800716D050054052C00510A
:103B6000DF0007EBA202005480805FB8E503003459
:103B70002200054B6320C51A010080D2872000D1A6
:103B80000824C21A6300082A63240C320020C51AD4
:103B9000617C60B3DF0007EBE202005483405FB852
:103BA000FD7BC1A86224C21A0000022A017C40B336
:103BB0002000679EC0035FD61F2C00714001005497
:103BC0006320C51A63240C32010080D200008052A9
:103BD000617C60B3FD7BC1A8017C40B32000679E7F
:103BE000C0035FD60000805263240C32010080D2F3
:103BF000617C60B3017C40B32000679EFD7BC1A85F
:103C0000C0035FD665018052A500004B010080D241
:103C1000020080526824C51A08250C32017D60B369
:103C2000DF0007EB6200005482805FB84224C51AAF
:103C300000540011FD7BC1A86320C01A6000022A55
:103C4000017C40B32000679EC0035FD600000000E7
:103C5000FD7BBCA9FD030091E81300FD0840601E38
:103C6000F35301A9F40301AAF30302AA210080522D
:103C7000A0FCFF97E00700B40301669EE40300AADE
:103C800065F874D360CC60D301000C32BF000071C2
:103C90002010801AE03F00B983020035E0F3009164
:103CA00070FDFF97E13F40B923008052831400B9B3
:103CB00000800011811800B9A5030034A5CC105173
:103CC000E81340FDA500000B850200B9A306805251
:103CD0006300004B630200B9E00304AAF35341A957
:103CE000FD7BC4A8C0035FD6E0E30091E83B00BDC4
:103CF0005CFDFF97E13F40B980030034E33B40B9EE
:103D0000E203004B2220C21A4200032A2124C01AD7
:103D1000E13F00B93F00007182040329E3079F1AC5
:103D200063040011831400B9A5FCFF356100809283
:103D300000C8105121C8238B800200B98000018B7C
:103D400063681B53001840B926FDFF97E81340FD38
:103D50006300004B630200B9F35341A9E00304AAD6
:103D6000FD7BC4A8C0035FD6E23B40B9EAFFFF1762
:103D7000230000D0200000D063600E91004010911D
:103D8000020080D2E16180520E7CFF9700000000AB
:103D9000FD7BBEA9E90301AAEA0300AAFD03009185
:103DA000E16300915FFFFF97E1730091E00309AACF
:103DB0000140601E0B00669E5AFFFF97231540B915
:103DC000401540B9E10B43290000034B2100024B91
:103DD0002014000B1F0000710D01005461FD60D321
:103DE0002050000BFD7BC2A80B7C60B36101679E75
:103DF0002018601EC0035FD60100669EFD7BC2A82E
:103E000022FC60D34050004B017C60B32000679ED1
:103E10002018601EC0035FD60000000000000000F4
:103E20002104005146600091247C0513411480B99F
:103E300084040011C108018B04C8248BDF0001EB4E
:103E4000E2010054230002CB010080D2636400D160
:103E500063FC42D367040091C57861B83F0003EB6F
:103E6000057821B82104009181FFFF540008078BD9
:103E70009F0000EB890000541F4400B89F0000EB36
:103E8000C8FFFF54C0035FD6000000000000000020
:103E900003600091001440B9227C05131F00026BDF
:103EA0002A01005462C8208B0300001440CC5FB884
:103EB000200200355F0003EBA8FFFF540000805292
:103EC000C0035FD6407C409362C8228B4DFFFF54F5
:103ED0002110007200FFFF54657860B82000805206
:103EE000A424C11A8120C11ABF00016B40FEFF54F7
:103EF000C0035FD620008052C0035FD600000000E0
:103F0000230000B0E20301AAE10300AA602C44F9F7
:103F10000400001400000000000000000000000089
:103F2000FD7BBAA9FD030091F55B02A9F50302AA86
:103F3000211000B4F35301A9F30301AAF60300AA68
:103F4000F76303A9784200D1B45E0091F96B04A92C
:103F500068BEFF97F90318AA000740F917F47E928C
:103F60009FBA00F108090054010080523F0000711F
:103F7000140480D2800255FA43090054FF0214EB66
:103F80004A0A0054210000B0FB7305A93CC000910F
:103F90000203178B830B40F9410440F97F0002EBC9
:103FA000A00E005423F87F924300038B630440F972
:103FB000630B003721F47E92E302018B9F0203EB37
:103FC0008D070054800100377B025FF81B031BCB79
:103FD000600740F900F47E922100008B3A00178BB5
:103FE0009F021AEBED180054FA02008B9F021AEBA5
:103FF0006D140054E10315AAE00316AA3DBCFF9717
:10400000F50300AA201D00B4010740F9024000D1C9
:1040100021F87F920103018B3F0002EB4011005415
:10402000E22200D15F2001F1681600545F9C00F18C
:1040300048110054E10313AA220040F9020000F9DC
:10404000220440F9020400F9210840F9010800F9AE
:10405000E10313AAE00316AAAEC3FF97E00316AA72
:1040600028BEFF97F35341A9E00315AAF55B42A9C7
:10407000F76343A9F96B44A9FB7345A9FD7BC6A867
:10408000C0035FD694EE7C92E17B40B29F0201EBCD
:10409000E1979F1A3F000071800255FA02F7FF5422
:1040A00080018052150080D2C00200B915000014B2
:1040B000410041A9F70303AAFB7345A9200C00F9AD
:1040C000010800F91F2003D5210740F9E00214CBB5
:1040D0002203178B210040921F7C00F148030054FB
:1040E000E10201AA210700F9400440F9000040B2B2
:1040F000400400F9F50313AAE00316AA01BEFF97D6
:10410000F35341A9E00315AAF55B42A9F76343A95C
:10411000F96B44A9FD7BC6A8C0035FD6C0F607377C
:104120007B025FF81B031BCB600740F900F47E9213
:10413000AEFFFF17F55B42A9E10302AAFD7BC6A80B
:10414000ECBBFF172403148B810201AA210700F99D
:10415000030040B281400091E00316AA830400F9F5
:10416000430440F9630040B2430400F969C3FF9778
:10417000E1FFFF1721F47E92838200912200178BCA
:104180005F0003EB4A0E005460F307377B025FF8D1
:104190001B031BCB600740F900F47E922100008BCB
:1041A0003A00178B7F001AEB0CF2FF54F5031BAAA1
:1041B000E22200D1600F40F9A10E41F8200C00F975
:1041C000010800F95F2001F168110054E00315AA0D
:1041D0005F9C00F129010054600240F9600B00F976
:1041E000600640F9600F00F95FDC00F1C810005470
:1041F0007342009160830091610240F9010000F96F
:10420000610640F9010400F9610A40F9010800F96A
:104210006203148B410314CB820B00F9210040B2DE
:10422000E00316AA410400F9610740F92100409219
:10423000210014AA610700F9B2BDFF97FB7345A9DD
:10424000B0FFFF17200440F9FB7345A900F47E92EC
:10425000F702008B9DFFFF17600240F9A00200F9F2
:10426000600640F9A00600F95FDC00F1E8050054A3
:1042700061420091A042009170FFFF17F5031BAA55
:10428000E22200D1A10E41F8600F40F9200C00F9A4
:10429000010800F95F2001F108040054E00315AAA9
:1042A0005F9C00F129010054600240F9600B00F9A5
:1042B000600640F9600F00F95FDC00F14806005429
:1042C0007342009160830091610240F9010000F99E
:1042D000610640F9010400F9610A40F9010800F99A
:1042E000F9031BAAF30315AAFB7345A9F7031AAA3E
:1042F00076FFFF17E10313AA92C1FF9755FFFF173F
:10430000410041A9200C00F9F5031BAAE22200D1CB
:10431000010800F9DCFFFF17E10313AAE00315AA67
:1043200088C1FF97EFFFFF17600A40F9A00A00F964
:10433000600E40F9A00E00F95F2001F10004005466
:1043400061820091A08200913CFFFF170303148B50
:10435000410014CB830B00F9210040B2E00316AA00
:10436000F50313AA610400F9010740F92100409206
:10437000210014AA010700F962BDFF97FB7345A94C
:1043800060FFFF17600A40F9601300F9600E40F902
:10439000601700F95F2001F1000200547382009160
:1043A00060C30091C9FFFF17E00316AA150080D271
:1043B00054BDFF97FB7345A952FFFF17601240F9E8
:1043C000A01200F961C20091A0C20091621640F9EA
:1043D000A21600F919FFFF17601240F9601B00F9DF
:1043E00073C200916003019161825FF8611F00F95F
:1043F000B6FFFF17E10313AAE00315AA51C1FF9707
:1044000084FFFF17600A40F9601300F9600E40F95D
:10441000601700F95F2001F1800000547382009161
:1044200060C3009175FFFF17601240F9601B00F92F
:1044300073C200916003019161825FF8611F00F90E
:104440006EFFFF17000000000000000000000000E9
:10445000FD7BBEA90000679EFD030091F35301A9F7
:10446000F403012AF30300AA8AFDFF9774010034C4
:1044700073FA74D3600D80520000134B1F0000715B
:10448000CD00005401FEA7522050000B0100679E92
:104490002154605F0008611EF35341A9FD7BC2A84F
:1044A000C0035FD600000000000000000000000014
:1044B000FD7BB2A9FD030091F35301A9F30300AA08
:1044C000F40302AAE00301AAFB7305A9FC0301AAF5
:1044D000F55B02A9150080D2F76303A9F96B04A963
:1044E000FF6B00F9E06700F9F70300AA16004039F6
:1044F000DFAE0071000A005408020054DF3600717C
:10450000A80F0054DF220071A8090054960F00354F
:1045100000E4002F540000B49C0200F9F35341A9B9
:10452000F55B42A9F76343A9F96B44A9FB7345A95D
:10453000FD7BCEA8C0035FD639008052DFB6007184
:10454000E123005405040091E56700F916044039A1
:1045500016FEFF3418008052DFC200712012005492
:10456000C2C200515F240071C8850054E00305AA4F
:104570001B0080521A00805217008052090000145C
:1045800000040091E06700F95A04040BF7060011DB
:1045900016004039C2C200515F240071A8010054C6
:1045A000630B1B0B440B1A0BFF220071ADFEFF5473
:1045B00000040091E06700F95B04030BF7060011AB
:1045C00016004039C2C200515F240071A9FEFF5499
:1045D000210000B0220080D221800C91E54B00F92F
:1045E00098080094E603002AE54B40F9C002003524
:1045F000E16740F9E003172A040080522204009189
:10460000E26700F936044039C3C200517F240071CB
:10461000E8180054E96740F984040011F603032AFE
:10462000835A003521050091E16700F936054039CC
:10463000F6FFFF1719008052C3FFFF170004009117
:10464000A9FFFF17C07A1A121F140171201C005411
:10465000E303172A040080520600805208008052AB
:1046600007008052A30B00358400182AE41A003595
:1046700008F5FF35DFA60171005C0054EC280054FA
:10468000DF260171A05B0054DF3A017121F4FF5471
:10469000210000B0E023039121001291610B0094EE
:1046A00080F3FF34E06740F9000040391FA000713B
:1046B000406B00542000009000403C91D1080094D1
:1046C000740000B4E06740F9800200F90140611E07
:1046D0003F030071F35341A9F55B42A9201C601E02
:1046E000F76343A9F96B44A9FB7345A9FD7BCEA8E9
:1046F000C0035FD6DF82007120FAFF541800805299
:1047000019008052210000B0E00317AA21800C910B
:10471000220080D24B080094801F0035E16740F9E9
:104720000400805223040091E36700F9E20303AA26
:1047300036044039DFC20071410100541F2003D507
:10474000E10302AA42040091E26700F956004039F1
:10475000DFC2007160FFFF542100034B24040011ED
:10476000C1C600513F200071880D0054E56740F933
:10477000D6C200518604001101008052E90305AA47
:10478000370080521B0080521A0080525A0B1A0BBD
:10479000E003012A04008052DA061A0BA2FFFF1779
:1047A000F70305AAE01E403800781A12001C001218
:1047B0001F600171E0470054F76700F9E50317AA8D
:1047C000F6164038DFC2007180FFFF54F60F003448
:1047D0003800805263FFFF174003631EFF02007121
:1047E000F712831AE100064B7F400071E19F00B988
:1047F0000002805260D0801A1500669E7F240071EE
:104800004D01005402240051410000902100069106
:104810006103631E22D862FC0004421F1500669EDD
:104820007F3C00712C030054E100064B3F000071F7
:1048300081430034E100064B6D1500543F58007170
:10484000AD500054A1048052E200064B2100034BFE
:104850003F00026BAB010054E10180524000009028
:104860002100034B00000691E29F40B9A202679E1F
:1048700000D861FC5C00014B0008621E01D87CFC82
:104880000008611E8FFFFF176000004BE100064B20
:104890000000010B1F000071AD0B0054010C0072F1
:1048A00000010054217C4093420000904200069198
:1048B000A102679E407861FC0008611E1500669E9B
:1048C000006C1C72E01900541FD004712C4D005470
:1048D000017C04131F4000710D62005444000090DD
:1048E00084200591A002679E200080D2080080529B
:1048F00081000036817860FC280080520008611E2B
:10490000217C0113020400913F040071C014005483
:10491000E00302AAF7FFFF17E50317AA060080527B
:10492000170080521B0080521A00805228008052CB
:10493000C17A1A123F140171A1030054E102042A42
:104940002100182A61DEFF34FC6740F981070091DD
:10495000E16700F996074039DFAE0071603A005414
:104960000A008052DFB6007180040054C2C20051B8
:104970005F24007188030054E16740F9DFC20071D1
:10498000810D005422040091E10302AAE16700F9BD
:104990004204009136004039DFC2007160FFFF54CD
:1049A000C2C600515F200071290C0054E303172A8E
:1049B00007008052F703002A2BFFFF17E50300AA28
:1049C00019008052E4FEFF1700E4002F3DFFFF179F
:1049D000E003172A0400805206008052080080522B
:1049E000DAFFFF17E303172A07008052F703002AB4
:1049F000FC6700F91CFFFF172A008052810B009111
:104A0000E16700F9960B4039D9FFFF17A00F00545A
:104A1000E003004B010C007200010054217C409324
:104A20004200009042000691A102679E407861FC1E
:104A30002018601E1500669E007C0413200E0034B2
:104A40001F7C00718C040054420D80521B001C72AC
:104A50004100009021000A917B03821AA002679E08
:104A60000200805280000036210040FD220080526A
:104A70000008611E007C01132120009140FFFF35DA
:104A80000000669E5F000071B502809AFB01003451
:104A9000A2FA74D3600D80520000024BA4FE60D3D2
:104AA0001F0000710D0100541F7C0071AD530054B4
:104AB000B57E60921FD00071ED590054006EA0D2F7
:104AC000157C60B35B0D8052A002679E0820601EBB
:104AD000A10900544004805200E4002F600200B994
:104AE000F8FEFF173F5800310BEDFF54C700074B8E
:104AF0004000009000000691A002679E01D867FC6C
:104B00000018611EEFFEFF17E50317AA0000805290
:104B10001B0080521A00805204008052060080520E
:104B2000170080520800805282FFFF17C2C2005156
:104B300023040091E36700F936044039C3C20051F1
:104B40007F24007108380054230800911F2003D5EA
:104B50004208020BE36700F9E90303AAC206020B4D
:104B60007614403842C00051C7C20051FF24007182
:104B700009FFFF54290101CBE7C389523F2100F10E
:104B80002D360054E303172AF703002ACAD6FF3450
:104B9000E703074BB4FEFF17DFBA0171A0D7FF543C
:104BA0005CFEFF170100669E1F010071B502819A2D
:104BB0004200009042400591A1FE60D30496BF528E
:104BC0002100040B0494AF5240D860FC357C60B3E4
:104BD000A102679E0008611E1500669EA0FE60D3BC
:104BE00001280C123F00046B483400540292AF526B
:104BF0003F00026BC94200541502F0921F2003D5FA
:104C00001B008052E4031A2AE203172AE10305AAD3
:104C1000E00313AAE69300B9E7AB00B925F9FF97C3
:104C2000E05300F9603200B4E09F40B9180080D230
:104C3000E69340B9160080D2E7AB40B91F0000717F
:104C400000A09F1AE0AB00B9C700074BE0676AB24B
:104C5000E1B09F1AE03BE8F2E827066DEA2F076D06
:104C60000B00679EEC4300FDE19300B9690000145E
:104C7000A27F80124200004B2100024B5F7C00713A
:104C80002C1C0054200080520020C21AE0FF15297D
:104C90008503010B6300010B9F03056B7A03030B74
:104CA00080D3851A1F001A6B00D09A1A1F0000715A
:104CB0008D000054A500004B5A03004B9C03004B91
:104CC000E29340B95F0000718C100054BF00007186
:104CD000CC130054E09F40B91F0000714C180054E1
:104CE0005F0300710C1700549F030071ED00005426
:104CF000E10316AAE2031C2AE00313AA75FAFF9740
:104D0000F60300AAC01600B4E16B40F9E20317AA4B
:104D1000E00313AADFFAFF97F80300AA001600B415
:104D2000011040B91F1000B9FA03012AE10316AAC5
:104D3000C4FAFF971F0000712B300054C034005498
:104D4000E10316AAE00318AA12FCFF970110601EE7
:104D50001020611E090B005401106C1E5F030071CE
:104D60000808611E0941611E290D681EA2FE60D35C
:104D70002001669E41280C1203FCAF523F00036BDA
:104D8000401500547F03007102D4A0522210427AD1
:104D90000801005410216B1E2917005402FC60D337
:104DA00003D6A0524200030B4200014B407C60B38B
:104DB0004041601E0900679EE1AF00B935FBFF97D7
:104DC0002029401FE1AF40B91500669EA0FE60D3C8
:104DD00000280C127F0300710000417AE018005493
:104DE000E16B40F9E00313AA66F8FF97E10317AA05
:104DF000E00313AA63F8FF97E10316AAE00313AADE
:104E000060F8FF97E10318AAE00313AA5DF8FF9783
:104E1000FA5340F9E00313AA410B40B935F8FF9764
:104E2000F70300AAC00D00B4421780B941430091B6
:104E3000004000914208009142F47ED3C1BEFF972A
:104E4000AA02679EE2630391E1130391E00313AAB0
:104E50004041601E7FFBFF97E06B00F9200800B423
:104E6000E00313AA2100805226F9FF97F60300AA57
:104E7000600B00B4E0C740B90006F837E19340B9D1
:104E8000E3AB40B91C00010BE2DB40B900001B4B57
:104E9000C10680520000020B2100024B00040051A9
:104EA0001FF80F316BEEFF5420008052E0FF1529F0
:104EB00078FFFF175A0B00354001669E1FCC40F269
:104EC000201300541F0400F1402E005409107E1ED0
:104ED00008106E1EA6FFFF17E10316AAE00313AA2F
:104EE000E5B700B9B3F9FF97E5B740B9F60300AAF3
:104EF000600700B4E26B40F9E10300AAE00313AAE3
:104F0000E5B700B92FF9FF97E20300AAE5B740B96A
:104F1000600600B4E16B40F9E00313AAE5B700B9FD
:104F2000E25F00F917F8FF97E25F40F9E26B00F9E2
:104F3000E5B740B966FFFF17E1AB40B9FC9340B954
:104F40002300004BD1FFFF17E16B40F9E203052A74
:104F5000E00313AADFF9FF97E06B00F9C0EBFFB5A0
:104F60004104805202FEEFD24000679E610200B908
:104F7000E10300AAE00313AAE04B00FD01F8FF974C
:104F8000E10317AAE00313AAFEF7FF97E10316AAAD
:104F9000E00313AAFBF7FF97E15340F9E00313AADC
:104FA000F8F7FF97E10318AAE00313AAF5F7FF97B4
:104FB000E827466DEA2F476DEC4340FDE04B40FD8E
:104FC000C0FDFF17E10317AAE2031A2AE00313AAA0
:104FD000C0F9FF97F70300AA80E8FFB5E06B40F93E
:104FE000E0FFFF17E2AB40B9E10317AAE00313AA01
:104FF00070F9FF97F70300AA40E7FFB5E06B40F9AF
:10500000D8FFFF17A28380124000004B220080527D
:105010004020C01AE28315291EFFFF1709106E1EDB
:105020002841601E52FFFF170096BF520000020B7E
:10503000E1AF00B9157C60B3AC02679E8041601E91
:1050400094FAFF970030491F006CB012E1AF40B9ED
:105050001500669EA2FE60D343280C127F00006BF1
:10506000490C00544001669E1502F0921F0015EB9A
:1050700081EBFF54E06B40F9BAFFFF170001791E86
:105080001F00007100149F1A5F0300710800631E67
:105090000041611E000C681E0000669E40FFFF1765
:1050A000A002679E87FDFF170A00805254FEFF177B
:1050B000E60303AAE503192AE4430391E3130391EA
:1050C000E1230391E00313AA220000F0428009913A
:1050D000C8060094F603002A00E4002F180C0072A2
:1050E00000AFFF541F1B0071E10C005419008052E7
:1050F000F76700F973FDFF1700B9E15E00D8615E44
:105100000839601EFA010035BFCE40F2A1010054FB
:10511000200000F0009840FD1021601E4402005461
:1051200030FFFF1701106E1E1020611E840E005408
:1051300001106C1E0808611E0941611E0CFFFF175B
:10514000200000F0009040FD1021601EC4000054BB
:10515000200000F0009440FD1021601E4C0000541F
:1051600020FFFF17A002679EE06B40F981FFFF1749
:10517000C600040B9F040071CD240054E402040B0C
:105180008804005104000014FA781F53FF02086BD2
:1051900040010054610B1B0BFF220071470B1A0BDF
:1051A000F706001121781F530DFFFF54FF460071D1
:1051B0003BB09B1AF6FFFF17E103002AF703042A0E
:1051C000E003082A1F2000712DAEFF54FF4200713A
:1051D000CC0900547B0B1B0BE003012A0400805216
:1051E0007B041B0B10FDFF17006AA0520000020B8E
:1051F000157C60B3F7FEFF1721000090E0230391B8
:1052000021C01191870800944098FF34E26740F96B
:1052100021000090E023039121E01191420400D18C
:10522000E26700F97F08009480000035E06740F9EC
:1052300000040091E06700F900FEEFD20000679ED5
:1052400020FDFF17E7C389525F00076B47D0871A1D
:105250004DFEFF17E19F40B9200000F000000691CD
:10526000A102679E00D861FC0008611E15FDFF17B2
:105270004104805200FEEFD20000679E610200B937
:1052800010FDFF17E26B40F9E20000B4E063039108
:10529000A1068052E3FAFF97E16B40F9E00313AAFD
:1052A00038F7FF97E0C740B91F0F0071C00F0054D7
:1052B000DF061E72010300541F070071E00F005447
:1052C000E1035B29357C40B3157C60B37600403642
:1052D00000000132157C60B3A002679E1F280C728B
:1052E000019FFF54E04B00FD7EBDFF97E04B40FD6A
:1052F00041048052010000B9F2FCFF1709107C1E26
:1053000008106C1E9AFEFF17E003012A0400805269
:10531000C5FCFF171F130071C00D00541F1700714B
:10532000C00C005400E4002FF6FD4736E08361B264
:10533000157C60B3A002679EEBFFFF171A030035D0
:105340004001669E1FCC40F2A1020054BCFE60D317
:1053500000D6A052832B0C127F00006B0902005470
:10536000001B40B980000035001740B91F040071D0
:105370006D01005422008052E10318AAE00313AA31
:10538000E39300B9D3F8FF97F80300AAE10316AA44
:105390002CF9FF971F0000714C0F0054A002679E6C
:1053A0005BEEFF34002AE7D2A102679E0000679EF1
:1053B0002008601E0000669E00FC60D31F286CF26F
:1053C000E06B40F961DDFF5441048052610200B995
:1053D000E8FEFF177A040034A2CE60D3A0FE60D3AB
:1053E00001FEBF125F00016B600A0054E1B340B9D7
:1053F000E1080035E0AF40B91F00156A00FDFF5419
:10540000E00315AAE1031B2A12FCFF974029601E46
:105410001500669EE2FFFF17210000F0E0230391D4
:10542000E263039121200991120800941F14007176
:105430002194FF54E1035B2900280C32157C60B3F2
:10544000357C40B3A002679E9EFCFF17016AA05204
:105450002000000B1B008052157C60B3EAFDFF1793
:105460004001669E1FCC40F281030054BCFE60D315
:10547000DB080034832B0C1200D6A0527F00006B97
:1054800048090054006EA0527F00006BC8F8FF541A
:10549000E06B40F94104805200E4002F610200B942
:1054A000B4FEFF1700FEAFD2157C60B3B6DF4736FF
:1054B000A0FE60D387FFFF17E2075B2900CC101125
:1054C00021780B122050002A557C40B37FFFFF1734
:1054D0001500F092F6FFFF17E1B340B94108003420
:1054E000A0FE60D33F00006AA0F5FF54E00315AAB8
:1054F000E1031B2AD7FBFF974A39601E4821601E33
:1055000080FCFF545501669EA5FFFF173F00006A0F
:1055100060F4FF54BBFFFF1700008052A5FDFF178A
:10552000010080122020C01A0000150A157C40B32B
:1055300065FDFF17E403152A3B0500340378145377
:1055400002280C12610D80522100034B05D4A05299
:10555000030080125F00056B6120C11A2190831A3D
:105560009F00016BC0020054E1B340B901FDFF355B
:10557000E0AF40B99F00006A20F1FF54A1FFFF1780
:10558000E39340B93B010035812B0C1221004451BB
:10559000214C0032E06B40F9357C60B3A17E40B213
:1055A0002000679E73FEFF1760004451004C0032DC
:1055B000157C60B3B57E40B27BFFFF174201669E4B
:1055C0000102F0925F0001EBA0D0FF5400280C1202
:1055D00000004411157C60D371FFFF170100801299
:1055E000E0FFFF17E0AF40B91F00156A80EDFF54E0
:1055F000BFFFFF17610980522100024B000080129B
:105600000020C11A0000040A157C60B32EFDFF17AC
:10561000E103002AE003172AF7060011EAFEFF174C
:10562000F70305AA38FCFF17000000000000000087
:10563000030000F0630027919EFBFF1700000000AD
:10564000270000D0EB0300AAE60301AAE7442D914E
:10565000E80306AAC5144038E4486538A4FF1F379C
:10566000BFB40071800800540C008052BFAC0071C0
:10567000E00600547F781B72800500546A7C4093DA
:10568000080080920809CA9A097D0A9BE903292A21
:1056900007008052000080D2A4C000519F240071F6
:1056A000A9000054A40401519F6400710802005431
:1056B000A4DC00517F00046B8D020054FF000071D8
:1056C0000700801202A048FAE80000541F0008EB0F
:1056D0008400497A8C000054847C409327008052D7
:1056E0004011009BC5144038ECFFFF17A484015102
:1056F0009F640071A8000054A45C01517F00046BFA
:10570000ECFDFF541F2003D5FF040031600200545C
:105710009F010071000480DA620000B46702003566
:10572000410000F9C0035FD6BFC00071C002005441
:10573000E3040035E8E701B24A0180D2A9008052B3
:10574000E3030A2A2833E3F2D2FFFF17C5004039EA
:1057500006090091C8FFFF1740048052600100B99C
:105760000000809202FEFFB4C10400D1410000F9A4
:10577000EDFFFF17C50040392C008052060900914B
:10578000BDFFFF17C000403900781A12001C00123C
:105790001F600171E0000054A30100350A0180D2AE
:1057A000E9008052E3030A2A0800FC92B9FFFF17C0
:1057B000C50440390A0280D2C6080091E3030A2AD0
:1057C000E90180520800FE92B2FFFF170A0280D260
:1057D000E9018052E3030A2A0800FE92ADFFFF1799
:1057E00098FFFF170000000000000000000000000C
:1057F000E30300AA410100B45FFC03718800005478
:105800002000805222000039C0035FD6411180522F
:1058100000008012610000B9C0035FD60000805212
:10582000C0035FD600000000000000000000000080
:10583000270000D0EC0300AAE60301AAE7442D915B
:10584000E80306AAC5144038E4486538A4FF1F37AA
:10585000BFB40071000700540B00F0920D0080529D
:10586000BFAC0071200600546A7C40937F781B72A5
:10587000C1000054BFC000718007005463090035A7
:105880004A0180D2E3030A2A6809CA9A07008052B3
:10589000000080D209AD0A1BA4C000519F240071F2
:1058A000A9000054A40401519F640071080200542F
:1058B000A4DC00517F00046B8D020054FF000071D6
:1058C0000700801200A140FAE30000541F0100EB22
:1058D0002001447A8B000054847C4093270080523E
:1058E00000100A9BC5144038ECFFFF17A484015137
:1058F0009F640071A8000054A45C01517F00046BF8
:10590000ECFDFF541F2003D5FF040031E0010054DB
:10591000BF010071000480DA620000B48703003523
:10592000410000F9C0035FD6C50040390609009167
:10593000CEFFFF17C50040390B00F0D206090091D9
:105940002D008052C9FFFF1740048052800100B92A
:10595000E0030BAA82FEFFB4C10400D1E0030BAA4E
:10596000410000F9F0FFFF17C000403900781A121B
:10597000001C00121F600171E0000054630100353B
:105980000A0180D2E3030A2AC0FFFF17EB0300AA33
:10599000F2FFFF17C50440390A0280D2C608009101
:1059A000E3030A2AB9FFFF170A0280D2E3030A2A97
:1059B000B6FFFF170000000000000000000000001C
:1059C0009CFFFF1700000000000000000000000026
:1059D000270000D0EB0300AAE60301AAE7442D91BB
:1059E000E80306AAC5144038E4486538A4FF1F3709
:1059F000BFB40071800800540C008052BFAC00712D
:105A0000E00600547F781B72800500546A7C409346
:105A1000080080920809CA9A097D0A9BE903292A8D
:105A200007008052000080D2A4C000519F24007162
:105A3000A9000054A40401519F640071080200549D
:105A4000A4DC00517F00046B8D020054FF00007144
:105A50000700801202A048FAE80000541F0008EB7B
:105A60008400497A8C000054847C40932700805243
:105A70004011009BC5144038ECFFFF17A48401516E
:105A80009F640071A8000054A45C01517F00046B66
:105A9000ECFDFF541F2003D5FF04003160020054C9
:105AA0009F010071000480DA620000B467020035D3
:105AB000410000F9C0035FD6BFC00071C0020054AE
:105AC000E3040035E8E701B24A0180D2A900805220
:105AD000E3030A2A2833E3F2D2FFFF17C500403957
:105AE00006090091C8FFFF1740048052600100B909
:105AF0000000809202FEFFB4C10400D1410000F911
:105B0000EDFFFF17C50040392C00805206090091B7
:105B1000BDFFFF17C000403900781A12001C0012A8
:105B20001F600171E0000054A30100350A0180D21A
:105B3000E9008052E3030A2A0800FC92B9FFFF172C
:105B4000C50440390A0280D2C6080091E3030A2A3C
:105B5000E90180520800FE92B2FFFF170A0280D2CC
:105B6000E9018052E3030A2A0800FE92ADFFFF1705
:105B700098FFFF1700000000000000000000000078
:105B8000FD7BBEA905B00491FD030091F35301A96B
:105B9000F30304AA040000F07F0200F1F40300AA5A
:105BA000B300939A855445F9420100B4E40313AA63
:105BB000A0003FD6E103002A207C40933F0400313F
:105BC000C0010054F35341A9FD7BC2A8C0035FD6B6
:105BD000010080D2E40313AA020000F0230080D267
:105BE00042403C91A0003FD6E103002A207C409334
:105BF0003F04003181FEFF547F0200B94111805201
:105C0000810200B900008092F35341A9FD7BC2A834
:105C1000C0035FD60000000000000000000000008C
:105C2000FD7BBDA904F00491FD030091F35301A98C
:105C3000F30303AA7F0200F1030000F09300939A9C
:105C4000F40300AA645045F9E30313AA210100B448
:105C500080003FD6E103002A207C40933F040031BE
:105C600060010054F35341A9FD7BC3A8C0035FD674
:105C7000E18300910200805280003FD6E103002AB8
:105C8000207C40933F040031E1FEFF547F0200B9C5
:105C900041118052810200B900008092F35341A962
:105CA000FD7BC3A8C0035FD6000000000000000019
:105CB000E50304AAE40303AA03008092F10600149A
:105CC000010080D20300001400000000000000006A
:105CD000FD7BBEA9FD030091F30B00F9A500009424
:105CE000F303002AEF06009401680051200080525F
:105CF0003F08007188000054F30B40F9FD7BC2A8F7
:105D0000C0035FD6602600511F100071F30B40F9ED
:105D1000E0879F1AFD7BC2A8C0035FD60000000089
:105D2000E303002A041C0012623C48D33F080071C0
:105D3000200400543F0C0071A000005442000251A6
:105D400084000251421C0012841C001240400111C8
:105D5000001C00121F7C00714901005440C000115A
:105D6000001C00121F90007108070054C1949E523D
:105D7000000080127F00016B69050054C0035FD6EC
:105D800061FA9952000080127F00016B88FFFF5476
:105D900042C00251848402514100009021C03491DC
:105DA000406019530000024B8004000B20D860783B
:105DB000C0035FD69F780271C9010054848C001122
:105DC00000108052841C00125F7C0271C8010054D4
:105DD00042C001510204020B421C0012404001115A
:105DE000001C00121F7C0071A8FBFF54E5FFFF1789
:105DF00084F80151E00F8052841C00125F7C027114
:105E000089FEFF54424001110204020B421C0012A1
:105E100040400111001C00121F7C007108FAFF5461
:105E2000D8FFFF174240035184840251210000F043
:105E300021C00A91406019530000024B8004000BFE
:105E400020D86078C0035FD65F940271400200548E
:105E5000A80200545F8C0271A00700545F90027189
:105E6000C00600545F840271E003005400008012F9
:105E70005F88027141F8FF5484840251400000D0D1
:105E80000080189100D864781F00007100109F5A9C
:105E9000C0035FD69FDC0371840C401180309F5A91
:105EA000C0035FD6000080125F9C02714003005463
:105EB0005FA00271200200545F98027101F6FF5446
:105EC0009F600371C8F5FF5484840251400000D0E4
:105ED0000040159100D864781F00007100109F5A8F
:105EE000C0035FD684840251400000D000801B9123
:105EF00000D86478C0035FD69F00037108F4FF5494
:105F000084840251400000D00080119100D8647850
:105F1000C0035FD69FC4037128F3FF5484840251E9
:105F2000400000D00080129100D864781F000071FA
:105F300000109F5AC0035FD69FD0037100F48552B2
:105F40008400000B80309F5AC0035FD681840251C9
:105F5000400000D00000179102CC9F528400020B39
:105F600000C861381F00007180109F5AC0035FD6BF
:105F7000FD7BBEA93F0000F121880591FD03009142
:105F8000F35301A9130000F0738A2C917302819AD4
:105F9000F403002A21000090E00313AA21201291AB
:105FA00078EEFF97C0000035E003142A21008052EC
:105FB000F35341A9FD7BC2A85AFFFF1721000090AF
:105FC000E00313AA214012916EEEFF97C000003546
:105FD000E003142A41008052F35341A9FD7BC2A87B
:105FE00050FFFF1721000090E00313AA21601291D7
:105FF00064EEFF97C0000035E003142A6100805270
:10600000F35341A9FD7BC2A846FFFF17E003142A02
:10601000F35341A9FD7BC2A8C0035FD60000000076
:10602000FD7BB9A9FD030091E03700F9400840F974
:10603000F55B02A9F60302AAFB7305A95B0040F910
:10604000E00400B4230040F9F50301AA240C40B990
:106050001C0080D2F35301A9130080D2F76303A977
:1060600017908052F96B04A9F903042AE00303AAEC
:10607000330400B49A7C40937F021AEB220400544C
:10608000617E4093F40301AAE00303AAFA0301AA84
:10609000F903132AE1031CAAE2031AAA29BAFF97FB
:1060A0009C03148BA30240F9730214CBC00A40F97D
:1060B00063001A8BA40E40B9A30200F9000014CBB0
:1060C0008400194BA40E00B9C00A00F9E0FCFFB52A
:1060D000F35341A9F76343A9F96B44A90000805227
:1060E000FB7345A9DF0A00B9F55B42A9FD7BC7A890
:1060F000C0035FD67C4F40A97B430091DBFFFF17B5
:10610000A622C079747E4093DF00176A40FCFF54DA
:10611000A42240B9A10E40F98404040B740001CB01
:10612000847C440B9A7E4093987C01134007009135
:106130000000138B027F40935F0000EB820000544D
:10614000840600119800130B027F4093860350369B
:10615000E03740F9E10302AAE6B3FF97F90300AA8A
:10616000C00300B4A10E40F9E2031AAAF5B9FF97E3
:10617000A0224079019080120000010A000019322B
:10618000A022007920031A8B0303144B747E4093E2
:10619000A00200F9A30E00B9E10314AAB90E00F998
:1061A000E30300AAB82200B9F903132A9F0213EBF4
:1061B000A8F6FF54FA0314AAB7FFFF17E03740F917
:1061C00058F7FF97F90300AAE0FDFFB5A10E40F9CB
:1061D000E03740F94FBBFF97E23740F9800180522A
:1061E000A1224079F35341A921001A32F76343A950
:1061F000F96B44A9400000B9A12200790000801287
:10620000FB7345A9DF0A00B9DF0A00F9F55B42A973
:10621000FD7BC7A8C0035FD600000000000000009F
:10622000FD7BBDA9FD030091F35301A93F0400319B
:10623000C0030054F30302AA42204079341C001228
:1062400042781A12632E40F9F51300F962220079A0
:10625000351C0012610A40B9C30200B4626240B941
:106260005F00016BAD010054600240F9010400D1F0
:10627000610200F915F01F38600A40B9F51340F9C2
:1062800000040011600A00B9E003142AF35341A985
:10629000FD7BC3A8C0035FD6E10313AABDEBFF9744
:1062A00040FEFF34F51340F914008012F7FFFF178A
:1062B000600E40F9620240F9C00000B41F0002EB1A
:1062C0008200005440F05F381F00146B200200541D
:1062D000E00313AA64D2019163008052642E00F996
:1062E000636200B923008052623600F9617200B91E
:1062F000156C0738F51340F9600200F9630A00B91C
:10630000E003142AF35341A9FD7BC3A8C0035FD661
:10631000F51340F9420400D121040011620200F992
:10632000610A00B9D9FFFF1700000000000000005B
:10633000FD7BBEA9FD030091F30B00F9F30301AA55
:10634000212C40F9E10100B462D201913F0002EB3F
:1063500040000054EFBAFF97607240B9600A00B97C
:106360007F2E00F9E0000034613640F900008052D1
:10637000610200F9F30B40F9FD7BC2A8C0035FD6B0
:106380006222407900008012610E40F942001B3207
:106390007F0A00B962220079F6FFFF1700000000B3
:1063A000FD7BBAA9FD030091F96B04A97A7C029BDD
:1063B000FA0600B4F35301A9F90302AA940880B9BC
:1063C000F55B02A9F30304AAF60301AAF76303A984
:1063D000F5031AAAF80300AAFB7305A9FB0303AA95
:1063E0009CD00191810040F95F0314EB49030054F4
:1063F000E00316AAE20314AA52B9FF977F0A00B974
:10640000600240F9F70315AA612E40F90000148BD1
:10641000600200F9D602148BB50214CB010400B45B
:106420003F001CEB60000054E00318AAB9BAFF97C4
:10643000607240B9600A00B97F2E00F90003003491
:10644000613640F9147C4093610200F99F0215EB1C
:1064500003FDFF54E00316AAE20315AA39B9FF971A
:10646000FA031BAA610240F9600A40B9F76343A925
:106470000000154BFB7345A92100158BF55B42A964
:10648000610200F9600A00B9F35341A9E0031AAAB6
:10649000F96B44A9FD7BC6A8C0035FD65403148BD7
:1064A00060224079940217CB610E40F900001B3244
:1064B0009A0AD99A60220079F55B42A9F76343A949
:1064C000E0031AAAFB7345A9610200F97F0A00B92B
:1064D000F35341A9F96B44A9FD7BC6A8C0035FD65D
:1064E000FD7BB5A9FD0300912220C079F35301A9DA
:1064F000F30301AA2201083620DC01912100805219
:10650000600200F9600E00F9612200B9F35341A95D
:10651000FD7BCBA8C0035FD62124C079F40300AA79
:10652000F55B02A9F71B00F98103F837E22301911B
:10653000900000940003F837E04F40B9168080D2F5
:1065400015008152E10316AA000C14121F084071B5
:10655000E00314AAF7179F1AE6B2FF97200300B5CD
:106560006022C0796005483700741E1261DE019117
:10657000F55B42A900001F32F71B40F92200805250
:10658000610200F960220079610E00F9622200B90F
:10659000DFFFFF176222C0795F0079F2000880D226
:1065A000168080D2D602809AE10316AAE00314AACC
:1065B0001700805215008052CEB2FF9720FDFFB425
:1065C0006222C079600200F9420019326222007929
:1065D000600E00F9762200B9170100354200152A35
:1065E00062220079F35341A9F55B42A9F71B40F9F8
:1065F000FD7BCBA8C0035FD66126C079E00314AA57
:1066000070000094C00000356222C079F4FFFF17CB
:10661000F55B42A9F71B40F9BDFFFF1762224079E5
:1066200042741E1242000032423C0013ECFFFF177E
:10663000FD7BBDA9FD030091F35301A9F403012AD9
:10664000F30302AAF55B02A9F50300AA600000B4F7
:10665000012440F9610800B46022C079612A40B980
:10666000610E00B9E0031836610E40F9A10300B4D1
:10667000961E0012941E001260046836600240F9F3
:10668000622240B9010001CB5F00016B0D0500548F
:1066900021040011620E40B903040091630200F965
:1066A00042040051620E00B916000039602240B960
:1066B0001F00016BA00400549F2A007160224079E2
:1066C000E1179F1A3F00006A01040054F55B42A9DC
:1066D000E003142AF35341A9FD7BC3A8C0035FD68E
:1066E000E10313AAE00315AA56EBFF9760030035F8
:1066F0006022C079961E0012610E40F9941E0012AD
:10670000E0FB6F3762B240B90000133260220079BB
:106710004078121260B200B9600240F9622240B9BA
:10672000010001CB5F00016B4CFBFF54E10313AA96
:10673000E00315AA7BB5FF9700010035600240F920
:1067400021008052D4FFFF17E10313AAE00315AA2A
:1067500074B5FF97C0FBFF3414008012DCFFFF17F5
:1067600050B6FF97BDFFFF170000000000000000BB
:10677000FD7BBEA9FD030091F35301A9740000B095
:10678000F30300AA9F0A0BB9E003012AE10302AA5E
:1067900008AAFF971F04003180000054F35341A959
:1067A000FD7BC2A8C0035FD6810A4BB981FFFF34CD
:1067B000610200B9F35341A9FD7BC2A8C0035FD6B3
:1067C000FD7BBEA9FD030091F35301A9740000B045
:1067D000F30300AA9F0A0BB9E003012A01AAFF975D
:1067E0001F04003180000054F35341A9FD7BC2A86F
:1067F000C0035FD6810A4BB981FFFF34610200B943
:10680000F35341A9FD7BC2A8C0035FD6000000007E
:106810000000000000000000000000000000000078
:106820000000000000000000000000000000000068
:106830000000000000000000000000000000000058
:106840005F2403D5420D00B4080001CAEBC300B2B7
:106850001F0940F20D084092C10400540D0300B519
:10686000038440F8248440F8422000F168000BCBF8
:1068700069D800B2660004CACE809FDA050129EA11
:10688000C00940FAE0FEFF54C70005AA422000916B
:10689000E70CC0DA630CC0DAEC10C0DA840CC0DAA2
:1068A0006320CC9A5F0C4CEB8420CC9A63FC78D3A9
:1068B00060E044CB00809F9AC0035FD600F07D92D9
:1068C00021F07D92038440F8EA0F0DCB248440F838
:1068D000090080922925CA9A42000DAB42309FDA06
:1068E000630009AA840009AAE0FFFF171F2003D54F
:1068F0005F4000F122010054031440382414403852
:10690000420400F16088417A6020447A60FFFF54BD
:10691000600004CBC0035FD66D0100B4ED030DCB66
:10692000AD09409242000DCB031440382414403886
:106930007F0400716020447AC1FEFF54AD0500F170
:1069400048FFFF542CF07DD321EC7C920D00809207
:10695000EF030CCB038440F82824C1A8AD21CF9AC3
:10696000EF154092AC0130370425CC9A2821CF9AFC
:10697000422000F1840008AA65000BCB660004CA1F
:106980006AD800B2CE809FDAA5002A8ACA0105AA79
:10699000CAF7FFB5038440F82425CC9A65000BCBD9
:1069A0006AD800B2860003CAA5002A8A5F0C4FEBA2
:1069B000C70005AAE7002D8AEA809FDAAAF6FFB58C
:1069C0002824C1A85F2000F10421CF9A860003CAC1
:1069D000C70005AAE7000D8AEA809FDAAAF5FFB58D
:1069E000038440F8422000D1E0FFFF17000080D26E
:1069F000C0035FD60000000000000000000000009F
:106A000000FFEFD20000679EC0035FD600000000C9
:106A1000FD7BBEA9237CC29B217C029BFD030091D0
:106A2000F30B00F9630400B5B2B1FF97F30300AABA
:106A3000600400B402805FF842F47E92422000D1EC
:106A40005F2001F1C80100545F9C00F1C9000054AF
:106A50000004004F0040009100009F3C5FDC00F10B
:106A6000A80100541F7C00A91F0800F9E00313AA25
:106A7000F30B40F9FD7BC2A8C0035FD60100805232
:106A800040B8FF97E00313AAF30B40F9FD7BC2A8BF
:106A9000C0035FD66006803D608200915F2001F1F7
:106AA00021FEFF5460C20091600A803DEEFFFF1797
:106AB0008CB7FF9781018052010000B9130080D28A
:106AC000E00313AAF30B40F9FD7BC2A8C0035FD615
:106AD000021440B9257C05135F00056BED040054DA
:106AE0000660009121100072C9C8228B447C40933B
:106AF000C3C8258BA87C409360040054C57868B84F
:106B0000631000910A0480524A01014BA524C11A66
:106B10003F0103EB09060054E70306AA1F2003D533
:106B2000620040B94220CA1A4200052AE24400B875
:106B3000654440B8A524C11A3F0103EB28FFFF5468
:106B4000810008CB21F47ED3211400D121FC42D353
:106B500021040091C208018BC57821B825030034B7
:106B600042100091410006CB21FC4293011400B970
:106B700061000034C0035FD61F1400B91F1800B9AC
:106B8000C0035FD63F0103EB89FFFF54820008CBAF
:106B9000010080D242F47ED3420400D142FC42D3B1
:106BA000470400911F2003D5657861B85F0001EBB1
:106BB000C57821B82104009181FFFF54C208078BDA
:106BC000410006CB21FC4293011400B981FDFF3442
:106BD000C0035FD6051800B905FDFF34E20306AA1D
:106BE00042100091E0FFFF170000000000000000CD
:106BF000FD7BB8A9FD030091F55B02A9F60300AA8D
:106C0000200040F9F35301A9F40302AAF76303A992
:106C1000F96B04A9F90301AAFB7305A9020840391D
:106C2000E43300F9E33B00F9E57B00B95FC0007194
:106C3000812E00541C0C0091E0031CAA1F2003D5D8
:106C4000FB0300AA021440385FC00071A0FFFF548C
:106C50007C031C4B80070011E06F00B9440000B0BA
:106C600098801E9100CB6238C01700346003403911
:106C7000150000F01C008052B5820C91130080D2E8
:106C800000CB6038C0220034FA031BAA1F2003D5B2
:106C9000421F403802CB6238C2FFFF35E10315AA1C
:106CA000E0031AAA220080D2E6FEFF97F703002A2B
:106CB000E00600344103403917008052730000B4ED
:106CC000530313CBF70B134B21781A12F3031AAAB1
:106CD0003F400171C00600543A0300F93C0B0035F7
:106CE00060021BCB01008052000400511F1C007188
:106CF000CD0000541F2003D5007C01132104001196
:106D00001F1C0071ACFFFF54E00316AA79F0FF9737
:106D1000F90300AA803600B41A600091FC031AAA95
:106D20007F0313EB620A0054060080520700805272
:106D30000A000014E003062AC6100011610240395F
:106D400001CB6138210C00122120C01AE700012A72
:106D50007F021BEB2009005460FE5F381FB80071F2
:106D600060025BFAA20E0054DF80007141FEFF5406
:106D7000E1031CAA0000805286008052274400B81C
:106D800007008052FC0301AAEDFFFF17932200B415
:106D900041034039530313CB21781A12F70B134BDD
:106DA000F3031AAA3F40017181F9FF54600640398C
:106DB0001FAC0071E01F00541FB400718116005415
:106DC00027008052600A4039610A009102CB603886
:106DD000FA0313AA40040051001C00121F60007146
:106DE000C8F7FF54200440393A0400914240005152
:106DF00000CB603801040051211C00123F6000717B
:106E0000680100541F2003D5411F40384208020B7F
:106E10000204020B4240005100CB613801040051D2
:106E2000211C00123F60007109FFFF54FF00007138
:106E30003A0300F94204825AF702020B3CF5FF3490
:106E4000E06F40B9D30080521F00007173029F1A97
:106E5000F55B42A9E003132AF35341A9F76343A961
:106E6000F96B44A9FB7345A9FD7BC8A8C0035FD695
:106E7000070080521F2003D5E1031CAAE003072A64
:106E8000274400B821001ACB21FC4293211700B9F6
:106E900033681B53D3F0FF979C0240B96102004B4B
:106EA0003F001C6B8C0C00541B0080526B1800546C
:106EB000810A40B93F00176B8B1F0054810640B90F
:106EC0003F00176B2D0800543700174B9F03176BBB
:106ED0004C0E0054800E40B91F080071A0140054DD
:106EE0001F0C0071002100541F0400716114005434
:106EF0009F03176B211400549F070071C0000054BA
:106F000081070051E00319AAE2F3FF9760130034F0
:106F1000810640B9E03B40F9530C8052010000B9B2
:106F200020008052201700B9400300B9E03340F937
:106F3000190000F9C7FFFF17E10315AAE00313AA20
:106F4000220080D2E66F00B9E77F00B93DFEFF97CF
:106F5000E66F40B9E77F40B980F0FF357DFFFF174E
:106F6000150000F0B5820C91E10315AAE0031BAAFD
:106F7000220080D233FEFF97FC03002A400B00352D
:106F8000600740397307009101CB6038010B003472
:106F9000FB0313AA1FC00071A11E00541F2003D5BC
:106FA000601F40381FC00071C0FFFF5400CB603825
:106FB00021008052E16F00B91F000071FC179F1A79
:106FC00040E6FF354600001433008052DB010034F8
:106FD000810E40B93F080071400900543F0C007118
:106FE000800900543F040071C1000054BB00083602
:106FF000400340B96003002A000900371F2003D571
:1070000073021C32E03340F9F55B42A9190000F924
:10701000E03B40F9F96B44A9170000B9E003132ADB
:10702000F35341A9F76343A9FB7345A9FD7BC8A8A6
:10703000C0035FD633001C4BE00319AAE103132AF7
:1070400094F3FF97FB03002A80010034610600518E
:1070500020008052FB03002A227C05130020C11A65
:1070600042DB62B81F00026A800000543F001B6BC5
:107070008C1300545B008052E103132AE00319AA29
:10708000F702130B93FEFF978AFFFF17610600912B
:10709000070080524EFFFF17F30600515B110035C9
:1070A00073110035607E0513220080524220D31AEE
:1070B00063031F32E103172A9C03174B44DB60B8BC
:1070C00053008052E00319AA5F00046A7B109B1AE8
:1070D00080FEFF97970640B9BDFFFF17FA031BAA72
:1070E000EFFEFF1760034039F3031BAA00781A1262
:1070F0001F40017120100054330300F951FFFF17A6
:10710000E17B40B9200080520000014BE07B00B9D8
:10711000E07B40B960F7FF34351740B9E0031AAAA5
:10712000B87E7E934203188B040000141F4400B8FD
:107130005F0000EBE90E0054010040B93F0400314C
:1071400060FFFF5421040011010000B97F0A0071A3
:10715000400F0054201740B91F00156B8C060054D7
:107160009C1300724105005433048052A6FFFF17A0
:10717000E07B40B900EDFF34E10319AAE00316AA51
:1071800080EFFF97130A8052E03340F9F55B42A984
:107190001F0000F9E003132AF35341A9F76343A941
:1071A000F96B44A9FB7345A9FD7BC8A8C0035FD652
:1071B0000700805204FFFF179303014BE00316AA58
:1071C000E10319AAE203132AF702134B41F1FF97D7
:1071D000F90300AA1A60009136FFFF1741074039F2
:1071E00053070091FA0313AA00CB6138E0D6FF34AD
:1071F000411F403800CB6138C0FFFF35B1FEFF179B
:107200001B080091FF6F00B995FEFF174003188B14
:1072100000C05FB8F3EFFF970104805221001C4BC0
:107220001F00016B2AFAFF54201740B91F0000719C
:10723000AD0C0054211B40B940CB208B2273009130
:10724000217C01531F0002EB490C0054440040B95B
:1072500042100091217C042A41801FB8817C015397
:107260001F0002EB48FFFF54000019CB007400D14F
:1072700000FC42D300040091420B008B417B20B8FC
:10728000410000344210009140001ACB00FC4293B0
:10729000201700B9A0090034800A40B9F706001190
:1072A0001F00176B2AF6FF54E00316AAE10319AA80
:1072B00034EFFF9773148052E03340F91F0000F958
:1072C000E4FEFF173B00805277FFFF17E103132A0C
:1072D000E00319AAEFF2FF97FB03002A72FFFF17E2
:1072E000610A0051E00319AAEAF2FF9740ECFF346B
:1072F0007B00805261FFFF17170080523C008052D4
:10730000ABFEFF17E07B40B980F3FF3402FFFF17AD
:10731000210F40B9201740B91F00016BEA02005449
:1073200021CB208B00040011201700B920008052CF
:10733000201800B986FFFF17800240B9530480521D
:10734000000400511F001C6BE1E5FF54817F051311
:10735000200080520020DC1A41DB61B81F00016A66
:1073600020E5FF543304805227FFFF17200080528E
:10737000E06F00B945FEFF17210B40B9E00316AAE4
:1073800021040011DBEEFF97FA0300AAA00300B46A
:10739000221780B9214300910040009142080091DA
:1073A00042F47ED367B5FF97E10319AAE00316AA5A
:1073B000F9031AAA5A630091F2EEFF9740C35FB82F
:1073C000D8FFFF173F1700B93F1B00B9B3FFFF17E6
:1073D000211B00B981FFFF34E2031AAA4210009179
:1073E000AAFFFF17030000D0000000D063600E91D9
:1073F00000801291020080D2811C8052716EFF9732
:10740000030000D0000000D063600E910080129154
:10741000020080D2811080526A6EFF970000000047
:10742000030040F9E70300AA080000146200403995
:107430004604015145800011DF680071A230821AB4
:107440005F00046BE1000054241440386304009191
:10745000E4FEFF3520008052E30000F9C0035FD650
:1074600000008052C0035FD6000000000000000052
:10747000210040B92F100072217C051341C8218BD7
:10748000210D0054291000D1EE0301AA050040F996
:10749000DFC11FB8A4044039040E00344C00009032
:1074A000EA0309AA8C811E91E60309AA030080520F
:1074B000100080520B008052120180521104805241
:1074C000130000149F800071480C00547F01106B62
:1074D0008D0100545F0106EB6088477A8D080054E7
:1074E000030180525F0006EBC2000054CA1000D1B5
:1074F000F0030B2ADFC01FB8E6030AAA030080527C
:10750000A4084039A5040091E4010034814964389D
:10751000A1FDFF34630400116B0500117F20007191
:107520008C050054C40040B9846C1C53210C00121B
:10753000A50400912100042AC10000B9A404403927
:1075400064FEFF35AB080034DF000AEB6038477A91
:107550000D0900545F0006EBC2060054E10302AAC5
:10756000E00306AA1F2003D5034440B8234400B813
:107570001F0009EBA9FFFF54200106CB2105009154
:10758000C604009100F47E92DF0001EB0010009130
:10759000810080D20090819A4000008B1F2003D58B
:1075A0001F4400B81F0009EBC9FFFF54C0C15FB8FA
:1075B000C00000351F2003D55F0009EB20050054F3
:1075C00020CD5FB8A0FFFF34A0008052C0035FD67B
:1075D0005F0006EB62F9FF54C61000D10400805230
:1075E00023008052DF0000B9D1FFFF174302034B95
:1075F000C70040B9E10306AA63741E532D02034B72
:10760000280440B90421CD1A8400072A0725C31A8B
:10761000240000B9274C00B85F0101EB28FFFF549C
:10762000B0FFFF172E100091E90301AA98FFFF1782
:10763000C0C15FB8EFFBFF34EF030F4B01008012B6
:107640002124CF1A0000010AC0C11FB8D9FFFF17BB
:107650009FA400714003005480008052C0035FD695
:1076600020008052200100B9A0008052D8FFFF17EF
:1076700005018052A500034BC30040B907048052A6
:10768000A5741E53E00306AAE700054B1F2003D58F
:10769000040440B98120C71A2100032A8324C51A93
:1076A000010000B9034C00B85F0100EB28FFFF5454
:1076B0005F0006EB43F5FF54DEFFFF17A5080091BE
:1076C000050000F9A0FFFF17000000000000000007
:1076D000FD7BB8A9BF0000F1FD030091F35301A9A0
:1076E000F40300AA00100591F55B02A9F60302AAB3
:1076F000F50301AAF76303A9F70306AAF96B04A926
:107700001900859AFB7305A95C0040F9010900B4D2
:10771000F30304AA840A00B47A0400D1430A00B433
:107720001B0080D2F53700F90A000014F50300B5FC
:10773000804740B8400600349F0013EB8209005494
:107740005A0700D1FB0304AA5F0700B1E00100540F
:10775000E47240F9E30319AA820340B9E1C301913D
:10776000380340F9E00314AA80003FD61F0400311B
:1077700020060054017C409324001B8B9F0013EBD8
:1077800069FDFF54380300F9F35341A9E0031BAA34
:10779000F55B42A9F76343A9F96B44A9FB7345A9BB
:1077A000FD7BC8A8C0035FD61F000071ED01005427
:1077B000E23740F9270080D2430400D11F2003D5CF
:1077C000E2C301913F0007EB4200078B42F05F38B4
:1077D00062682738E704009141FFFF54E13740F920
:1077E0002040208BE03700F9C00240F900100091E2
:1077F000C00200F9804740B800FAFF35550000B4D8
:10780000DF0200F93F0300B99B0400D1F35341A903
:10781000E0031BAAF55B42A9F76343A9F96B44A9EE
:10782000FB7345A9FD7BC8A8C0035FD613008092F7
:10783000BAFFFF1740118052800200B93F0300B920
:107840001B008092F35341A9E0031BAAF55B42A9F8
:10785000F76343A9F96B44A9FB7345A9FD7BC8A84D
:10786000C0035FD61B0080D2C8FFFF17FB0304AA2A
:10787000C6FFFF170000000000000000000000002D
:10788000000000B0060000B0C6002791002C44F9AB
:1078900090FFFF1700000000000000000000000043
:1078A000E13D8052C101A0721F00016B48030054EA
:1078B0004700009005008052E7802291261F8152E8
:1078C000C80080520400001425040011DF00056B7D
:1078D0002B020054C100050B217C410B217C0113BC
:1078E000247C289BE300048BE26864B86308407939
:1078F000427C08536300020B1F00036B68FEFF54B9
:107900001F00026BC200005426040051DF00056B0B
:107910002AFEFF5400008012C0035FD6E06864387E
:10792000C0035FD60000000000000000000000005F
:1079300000443BD50000669E01F874D304FC7FD35D
:1079400022040091841C001200CC40D35F247FF2FB
:10795000A001005405FC44D3030080D2A5BC409292
:10796000028087522100020B000C44D3A3BC40B319
:107970000000679E233850B3830041B36000AF9E80
:10798000C0035FD6A10200B5200500B40210C0DA22
:107990005F3800712C07005441C40011E50180528A
:1079A000A500024B0524C59A0020C19AA5BC4092AF
:1079B00081818752030080D22100024B21380012BE
:1079C000A3BC40B30000679E233850B3830041B38B
:1079D0006000AF9EC0035FD6C00300B401FC44D377
:1079E000030080D2210051B2020C44D34000679EB4
:1079F00005FFFF9223BC40B3633850B2830041B30C
:107A00006000AF9E1F0005EB68030054FD7BBEA91C
:107A100020008052FD030091E007803D1101009499
:107A2000E007C03DFD7BC2A8C0035FD6050080D241
:107A3000030080D2A3BC40B3010080520000679EC7
:107A4000233850B3830041B36000AF9EC0035FD6BC
:107A5000050080D2030080D2A3BC40B3E1FF8F5267
:107A60000000679E233850B3830041B36000AF9E8F
:107A7000C0035FD6C0035FD6453C00510520C59AC0
:107A8000000080D2CAFFFF170000000000000000C5
:107A9000FD7BBEA90200669E0300AE9EFD03009121
:107AA000F30B00F904443BD5E00303AA61FC7FD348
:107AB00063F870D3E50301AA00BC7DD3670400918D
:107AC000261C0012E80301AA00F442AA41F07DD36B
:107AD000FF347FF220090054E77F87926300078B11
:107AE0007FF81FF1ED02005484046AF2C0070054CD
:107AF0009F0050F1201500549F0060F1E0179F1A7D
:107B0000DF00006A010700549F0050F1C0150054C7
:107B10009F0060F1E0179F1ADF00006A41060054E1
:107B20001302F0928002805273FE05AACD000094E9
:107B30006002679EF30B40F9FD7BC2A8C0035FD6CD
:107B40007F0000F1AD0A0054FF1F02EB02008052DB
:107B5000E7079F9AE1F041AA211000AA3F0000F137
:107B6000E0079F1A4000000A3F0840F2C015005489
:107B700084046A929F0050F1400200549F0060F11B
:107B8000000D0054840C00B5220C40925F1000F1EF
:107B9000A10A005421D843D363280012020080D2E6
:107BA0006012003422CC40B30003805262284CB3F0
:107BB000C20041B3F30302AAAA000094DDFFFF173D
:107BC000C50B00B521200091220049922009003503
:107BD000620B00B4620400917FF81FF16111005440
:107BE00044F9FFB5B30041D380028052732A4CB2EE
:107BF0009C000094CFFFFF17020001AA030200B50A
:107C0000B30041D362F9FFB484046A929F0050F13B
:107C1000E00C00549F0060F1600B00549F0000F1E5
:107C2000A00080D201049F9A080080D221D843D3BB
:107C3000082900120003805233000014220200B40D
:107C4000E2FF8FD201F0C19300FC72D37F0002EB00
:107C500021FC43D30000005221004DB200009F1AC6
:107C6000F3FF805233D013AA73FE05AA00F6FF3546
:107C70006002679EF30B40F9FD7BC2A8C0035FD68C
:107C8000B30041D3732A4CB26002679EF30B40F9F4
:107C9000FD7BC2A8C0035FD67FD000B16BFBFF5451
:107CA000A70780D2E80003CB00004DB21FFD00F112
:107CB000EC040054680C0011E700034B22008052D2
:107CC000030080D22920C89A3F0100F1E9079F9A5A
:107CD0002124C79A210009AA0020C89A010001AAFC
:107CE0009FFFFF17211000912200499220F7FF34D7
:107CF000420100B468040091010080D208290012FA
:107D00000003805228D008AA13FD05AA550000944C
:107D100088FFFF1740010034E80303AAC4FFFF17E0
:107D200025F5FFB5C0000034E80303AAE30308AA61
:107D3000E80303AABEFFFF1700FFFF3521D843D396
:107D40006828001200028052EFFFFF17620C011139
:107D50001F0101F147008012E300034B0220C29A89
:107D6000220002AA4110819A0024C39A3F0000F128
:107D700022008052E1079F9A030080D2210000AACE
:107D800077FFFF17210080D225FDFFB4080080D2C5
:107D9000210180D2A6FFFF17650100B513FEEFD2C7
:107DA000800280522F00009462FFFF17210180D2D1
:107DB000E5F3FFB4030080D2210080D2E80303AAD8
:107DC0009BFFFF17BF0000F10002E09201FEEFD21F
:107DD0000000679E2100679E80028052001C611E89
:107DE0001300669E1F00009452FFFF1722CC40B381
:107DF0000002805262284CB3C20041B3F30302AACE
:107E0000180000944BFFFF170302FC9200028052FF
:107E1000610C418A22D002AA53FC05AA11000094E9
:107E200044FFFF1721D843D373280012E000003528
:107E3000020080D222CC40B3622A4CB3C20041B3CC
:107E4000F30302AA3BFFFF17802C0B5300701D5356
:107E500085FFFF1700000000000000000000000088
:107E6000800000360104000F2018211E21443BD55C
:107E7000A000083601102E1E0204000F2018221E3A
:107E800021443BD500011036C2B598520110B01202
:107E9000A293AE722100271E4200271E2028221E18
:107EA00021443BD5800018360144040F2008211ED0
:107EB00021443BD5C00020360010B01202102E1E07
:107EC0000100271E2038221E20443BD5C0035FD668
:107ED0001000000000000000017A520004781E012A
:107EE0001B0C1F00100000001800000054CAFEFF09
:107EF0002C02000000000000100000000000000044
:107F0000017A520004781E011B0C1F0010000000B3
:107F1000180000006CCCFEFF04010000000000000F
:107F20001000000000000000017A520004781E01D9
:107F30001B0C1F00100000001800000084CDFEFF85
:107F400030010000000000001000000000000000F0
:107F5000017A520004781E011B0C1F001000000063
:107F6000180000001C99FFFFDC000000000000006A
:107F70001000000000000000017A520004781E0189
:107F80001B0C1F0010000000180000000000000083
:107F9000CC00000000000000100000000000000005
:107FA000017A520004781E011B0C1F001000000013
:107FB00018000000CC99FFFF340100000000000011
:107FC0001000000000000000017A520004781E0139
:107FD0001B0C1F0010000000180000000000000033
:107FE0002C01000000000000100000000000000054
:107FF000017A520004781E011B0C1F0010000000C3
:10800000180000003CE8FFFFB40100000000000081
:108010001035000000000000FFFFFFFFFFFFFFFF23
:10802000000002000000000000000000000000004E
:108030000000000000000000000000000000000040
:1080400030800210000000003080021000000000AC
:10805000408002100000000040800210000000007C
:10806000508002100000000050800210000000004C
:10807000608002100000000060800210000000001C
:1080800070800210000000007080021000000000EC
:1080900080800210000000008080021000000000BC
:1080A000908002100000000090800210000000008C
:1080B000A080021000000000A0800210000000005C
:1080C000B080021000000000B0800210000000002C
:1080D000C080021000000000C080021000000000FC
:1080E000D080021000000000D080021000000000CC
:1080F000E080021000000000E0800210000000009C
:10810000F080021000000000F0800210000000006B
:108110000081021000000000008102100000000039
:108120001081021000000000108102100000000009
:1081300020810210000000002081021000000000D9
:1081400030810210000000003081021000000000A9
:108150004081021000000000408102100000000079
:108160005081021000000000508102100000000049
:108170006081021000000000608102100000000019
:1081800070810210000000007081021000000000E9
:1081900080810210000000008081021000000000B9
:1081A0009081021000000000908102100000000089
:1081B000A081021000000000A08102100000000059
:1081C000B081021000000000B08102100000000029
:1081D000C081021000000000C081021000000000F9
:1081E000D081021000000000D081021000000000C9
:1081F000E081021000000000E08102100000000099
:10820000F081021000000000F08102100000000068
:108210000082021000000000008202100000000036
:108220001082021000000000108202100000000006
:1082300020820210000000002082021000000000D6
:1082400030820210000000003082021000000000A6
:108250004082021000000000408202100000000076
:108260005082021000000000508202100000000046
:108270006082021000000000608202100000000016
:1082800070820210000000007082021000000000E6
:1082900080820210000000008082021000000000B6
:1082A0009082021000000000908202100000000086
:1082B000A082021000000000A08202100000000056
:1082C000B082021000000000B08202100000000026
:1082D000C082021000000000C082021000000000F6
:1082E000D082021000000000D082021000000000C6
:1082F000E082021000000000E08202100000000096
:10830000F082021000000000F08202100000000065
:108310000083021000000000008302100000000033
:108320001083021000000000108302100000000003
:1083300020830210000000002083021000000000D3
:1083400030830210000000003083021000000000A3
:108350004083021000000000408302100000000073
:108360005083021000000000508302100000000043
:108370006083021000000000608302100000000013
:1083800070830210000000007083021000000000E3
:1083900080830210000000008083021000000000B3
:1083A0009083021000000000908302100000000083
:1083B000A083021000000000A08302100000000053
:1083C000B083021000000000B08302100000000023
:1083D000C083021000000000C083021000000000F3
:1083E000D083021000000000D083021000000000C3
:1083F000E083021000000000E08302100000000093
:10840000F083021000000000F08302100000000062
:108410000084021000000000008402100000000030
:108420001084021000000000108402100000000000
:1084300020840210000000002084021000000000D0
:1084400030840210000000003084021000000000A0
:108450004084021000000000408402100000000070
:108460005084021000000000508402100000000040
:108470006084021000000000608402100000000010
:1084800070840210000000007084021000000000E0
:1084900080840210000000008084021000000000B0
:1084A0009084021000000000908402100000000080
:1084B000A084021000000000A08402100000000050
:1084C000B084021000000000B08402100000000020
:1084D000C084021000000000C084021000000000F0
:1084E000D084021000000000D084021000000000C0
:1084F000E084021000000000E08402100000000090
:10850000F084021000000000F0840210000000005F
:10851000008502100000000000850210000000002D
:1085200010850210000000001085021000000000FD
:1085300020850210000000002085021000000000CD
:10854000308502100000000030850210000000009D
:10855000408502100000000040850210000000006D
:10856000508502100000000050850210000000003D
:10857000608502100000000060850210000000000D
:1085800070850210000000007085021000000000DD
:1085900080850210000000008085021000000000AD
:1085A000908502100000000090850210000000007D
:1085B000A085021000000000A0850210000000004D
:1085C000B085021000000000B0850210000000001D
:1085D000C085021000000000C085021000000000ED
:1085E000D085021000000000D085021000000000BD
:1085F000E085021000000000E0850210000000008D
:10860000F085021000000000F0850210000000005C
:10861000008602100000000000860210000000002A
:1086200010860210000000001086021000000000FA
:1086300020860210000000002086021000000000CA
:10864000308602100000000030860210000000009A
:10865000408602100000000040860210000000006A
:10866000508602100000000050860210000000003A
:10867000608602100000000060860210000000000A
:1086800070860210000000007086021000000000DA
:1086900080860210000000008086021000000000AA
:1086A000908602100000000090860210000000007A
:1086B000A086021000000000A0860210000000004A
:1086C000B086021000000000B0860210000000001A
:1086D000C086021000000000C086021000000000EA
:1086E000D086021000000000D086021000000000BA
:1086F000E086021000000000E0860210000000008A
:10870000F086021000000000F08602100000000059
:108710000087021000000000008702100000000027
:1087200010870210000000001087021000000000F7
:1087300020870210000000002087021000000000C7
:108740003087021000000000308702100000000097
:108750004087021000000000408702100000000067
:108760005087021000000000508702100000000037
:108770006087021000000000608702100000000007
:1087800070870210000000007087021000000000D7
:1087900080870210000000008087021000000000A7
:1087A0009087021000000000908702100000000077
:1087B000A087021000000000A08702100000000047
:1087C000B087021000000000B08702100000000017
:1087D000C087021000000000C087021000000000E7
:1087E000D087021000000000D087021000000000B7
:1087F000E087021000000000E08702100000000087
:10880000F087021000000000F08702100000000056
:108810000088021000000000008802100000000024
:1088200010880210000000001088021000000000F4
:1088300020880210000000002088021000000000C4
:108840000000000000000000030000000000000025
:10885000D8380310000000006088021000000000FB
:108860000000000000000000D838031000000000E5
:108870009039031000000000483A03100000000087
:1088800000000000000000000000000000000000E8
:1088900000000000000000000000000000000000D8
:1088A00000000000000000000000000000000000C8
:1088B00000000000000000000000000000000000B8
:1088C00000000000000000000000000000000000A8
:1088D0000000000000000000000000000000000098
:1088E0000000000000000000000000000000000088
:1088F0000000000000000000000000000000000078
:108900000000000000000000000000000000000067
:108910000000000000000000000000000000000057
:108920000000000000000000000000000000000047
:1089300001000000000000000E33CDAB34126DE6E4
:10894000ECDE05000B00000000000000000000004D
:108950000000000000000000000000000000000017
:108960000000000000000000000000000000000007
:1089700000000000000000000000000000000000F7
:1089800000000000000000000000000000000000E7
:1089900000000000000000000000000000000000D7
:1089A00000000000000000000000000000000000C7
:1089B00000000000000000000000000000000000B7
:1089C0004300000000000000000000000000000064
:1089D0000000000000000000000000000000000097
:1089E0004300000000000000000000000000000044
:1089F0000000000000000000000000000000000077
:108A00004300000000000000000000000000000023
:108A10000000000000000000000000000000000056
:108A20004300000000000000000000000000000003
:108A30000000000000000000000000000000000036
:108A400043000000000000000000000000000000E3
:108A50000000000000000000000000000000000016
:108A600043000000000000000000000000000000C3
:108A700000000000000000000000000000000000F6
:108A800043000000000000000000000000000000A3
:108A900000000000000000000000000000000000D6
:108AA000F057021000000000A02E0210000000008D
:108AB000000000000000000050BB02100000000099
:108AC0002093021000000000108F02100000000030
:108AD000108F021000000000108F02100000000034
:108AE000108F021000000000108F02100000000024
:108AF000108F021000000000108F02100000000014
:108B0000108F021000000000108F02100000000003
:108B1000FFFFFFFFFFFFFFFFFFFFFFFFFFFF000063
:108B200001004153434949000000000000000000DB
:108B30000000000000000000000000000000000035
:108B400000004153434949000000000000000000BC
:108B50000000000000000000000000000000000015
:108B600000000000000000002A2A20525F41444318
:108B70005F4F70656E20415049206661696C656485
:108B8000202A2A200D0A00005B4552525D20496EC2
:108B90002046756E6374696F6E3A2025730000007D
:108BA0002A2A20525F4144435F5363616E436667E4
:108BB00020415049206661696C6564202A2A200D95
:108BC0000A000000000000002A2A20525F414443AE
:108BD0005F5363616E537461727420415049206623
:108BE00061696C6564202A2A200D0A0000000000DB
:108BF0000D0A4144432053746172746564205363C9
:108C0000616E0D00000000000D0A414443205363D3
:108C1000616E20616C726561647920696E2070728A
:108C20006F67726573730D002A2A20525F414443B7
:108C30005F5363616E53746F7020415049206661C9
:108C4000696C6564202A2A200D0A000000000000DB
:108C50000D0A414443205363616E2073746F70703A
:108C600065640D00000000002A2A20525F41444341
:108C70005F436C6F736520415049206661696C6584
:108C800064202A2A200D0A000D0A53746F70206395
:108C90006F6D6D616E64206973206E6F74207375E3
:108CA00070706F7274656420696E2053696E676CB2
:108CB00065205363616E206D6F6465206F7220556F
:108CC000736572206E6F74207072657373656420B3
:108CD0005374617274205363616E20696E20436F18
:108CE0006E74696E756F7573206D6F6465200D000D
:108CF0000D0A507265737320616E79206F74686518
:108D000072206B6579202865786365707420312046
:108D1000616E6420322920746F20676F2062616366
:108D20006B20746F20746865206D61696E206D65BD
:108D30006E750D00000000000D0A4D454E55207463
:108D40006F2053656C6563740D0000000000000027
:108D50005072657373203120746F20537461727484
:108D600020414443205363616E0D00000000000069
:108D70005072657373203220746F2053746F7020AB
:108D8000414443205363616E284F6E6C7920666FB7
:108D90007220436F6E74696E756F7573206D6F64AA
:108DA00065290D00000000005573657220496E7042
:108DB0007574203A0D0000002A2A20525F41444376
:108DC0005F5265616420415049206661696C656449
:108DD000202A2A200D0A000025302E3266000000CD
:108DE0000D0A54686520566F6C7461676520526582
:108DF0006164696E672066726F6D204144433A205A
:108E000025640D0A000000000D0A546865204144E5
:108E10004320696E70757420766F6C746167653A73
:108E20002025730D0A0000000D0A52657475726EDC
:108E30006564204572726F7220436F64653A20301A
:108E400078257820200D0A000D0A41444320566FF2
:108E50006C746167652069732062656C6F7720743C
:108E60006865204C6F776572204C696D69742E209F
:108E70000D000000000000000D0A41444320566F21
:108E80006C746167652069732061626F7665207418
:108E90006865205570706572204C696D69742E206C
:108EA000200D0000000000000D0A50726573732051
:108EB000616E79206F74686572206B6579286578BA
:108EC00063657074203120616E6420322920746FD4
:108ED00020676F206261636B20746F207468652067
:108EE0006D61696E206D656E750D000000000000FB
:108EF0002A2A20525F4144435F436C6F73652041CF
:108F00005049206661696C6564202A2A20200D0A78
:108F10000000000000000000342E302E3000000061
:108F20000D0A2A2A2A2A2A2A2A2A2A2A2A2A2A2ADE
:108F30002A2A2A2A2A2A2A2A2A2A2A2A2A2A2A2A91
:108F40002A2A2A2A2A2A2A2A2A2A2A2A2A2A2A2A81
:108F50002A2A2A2A2A2A2A2A2A2A2A2A2A2A2A2A71
:108F60002A2A2A2A0D0A2A20202052656E6573615A
:108F70007320465350204578616D706C65205072A7
:108F80006F6A65637420666F7220725F616463202C
:108F90004D6F64756C65202020202020202020202B
:108FA000202020202020202A0D0A2A202020457859
:108FB000616D706C652050726F6A656374205665D0
:108FC0007273696F6E2025732020202020202020BE
:108FD0002020202020202020202020202020202091
:108FE00020202020202020202A0D0A2A2020204670
:108FF0006C657820536F6674776172652050616389
:109000006B2056657273696F6E2025642E25642E61
:109010002564202020202020202020202020202007
:109020002020202020202020202020202020202A36
:109030000D0A2A2A2A2A2A2A2A2A2A2A2A2A2A2ACD
:109040002A2A2A2A2A2A2A2A2A2A2A2A2A2A2A2A80
:109050002A2A2A2A2A2A2A2A2A2A2A2A2A2A2A2A70
:109060002A2A2A2A2A2A2A2A2A2A2A2A2A2A2A2A60
:109070002A2A2A2A0D0A526566657220746F2072A8
:109080006561646D652E7478742066696C65206610
:109090006F72206D6F72652064657461696C7320F6
:1090A0006F6E204578616D706C652050726F6A65D7
:1090B000637420616E640D0A4653502055736572C7
:1090C0002773204D616E75616C20666F72206D6F25
:1090D000726520696E666F726D6174696F6E206172
:1090E000626F757420725F61646320647269766573
:1090F000720D0A00000000000D0A546865207072AD
:109100006F6A65637420696E697469616C697A65F8
:1091100073207468652041444320696E2073696E32
:10912000676C65207363616E206F7220636F6E746D
:10913000696E756F7573207363616E206D6F646502
:109140000D0A6261736564206F6E2075736572200D
:1091500073656C656374696F6E20696E20525A2066
:10916000636F6E666967757261746F722E4F6E639E
:109170006520696E697469616C697A65642C7573C0
:1091800065722063616E2073746172740D0A746875
:109190006520414443207363616E20616E642061E9
:1091A0006C736F2073746F702074686520736361D3
:1091B0006E2028696E207468652063617365206F76
:1091C0006620636F6E74696E756F7573207363616B
:1091D0006E206D6F6465290D0A7573696E67205482
:1091E00065726D696E616C20456D756C61746F722E
:1091F0002062792073656E64696E6720636F6D6DA0
:10920000616E64732E526573756C74732061726540
:1092100020646973706C61796564206F6E20546599
:10922000726D696E616C20456D756C61746F722E24
:109230000D000000000000002531303233730000C3
:10924000636F6E6400000000433A2F5573657273BC
:109250002F61353133353036372F446F776E6C6F71
:109260006164732F455041502F7773702F776F7261
:109270006B73706163652F6164635F727A6E3268CD
:109280005F65766B5F636135355F305F65702F7248
:109290007A2F6673702F7372632F6273702F6D63F2
:1092A000752F616C6C2F6273705F6D6F64756C6588
:1092B0005F73746F702E6800494E46000000000016
:1092C000696E6600000000004E414E000000000084
:1092D0006E616E00000000003031323334353637B5
:1092E00038396162636465660000000000000000B8
:1092F00030313233343536373839414243444546CC
:109300000000000000000000286E756C6C29000051
:10931000300000000000000065256C6400000000C3
:109320002E000000000000004C435F434F4C4C41B6
:1093300054450000000000004C435F435459504521
:1093400000000000000000004C435F4D4F4E4554AC
:1093500041525900000000004C435F4E554D4552AC
:1093600049430000000000004C435F54494D450054
:109370004C435F4D455353414745530000000000A7
:10938000496E66696E697479000000000000000093
:109390004E614E000000000042616C6C6F632073F0
:1093A000756363656564656400000000000000008B
:1093B0002F646174612F6A656E6B696E732F776FAE
:1093C000726B73706163652F474E552D746F6F6CB0
:1093D000636861696E2F61726D2D31332D322F7389
:1093E00072632F6E65776C69622D63796777696E3A
:1093F0002F6E65776C69622F6C6962632F7374647A
:109400006C69622F64746F612E63000000000000BD
:109410002F646174612F6A656E6B696E732F776F4D
:10942000726B73706163652F474E552D746F6F6C4F
:10943000636861696E2F61726D2D31332D322F7328
:1094400072632F6E65776C69622D63796777696ED9
:109450002F6E65776C69622F6C6962632F73746419
:109460006C69622F6D707265632E630000000000EE
:109470006E66000000000000696E697479000000EB
:10948000616E0000000000004A4953000000000027
:10949000534A4953000000004555434A500000001C
:1094A0002F646174612F6A656E6B696E732F776FBD
:1094B000726B73706163652F474E552D746F6F6CBF
:1094C000636861696E2F61726D2D31332D322F7398
:1094D00072632F6E65776C69622D63796777696E49
:1094E0002F6E65776C69622F6C6962632F73746489
:1094F0006C69622F6764746F612D67657468657845
:109500002E630000000000000000000000000000CA
:10951000000000000000000000000000000000004B
:10952000000000000000000000000000000000003B
:10953000000000000000000000000000000000002B
:109540000000000000000000000E0000000000000D
:10955000000000000000000000000000000E0000FD
:1095600000000000000000000000000000000000FB
:10957000000E0000000000000000000000000000DD
:1095800000000000000E00000000000000000000CD
:109590000838031000000000A89502100000000029
:1095A000B8B102100000000000000000020000003E
:1095B00000000000000000000C0000004F0200004E
:1095C0000C000000500200000C00000051020000DE
:1095D0000C0000004E02000000000000000000002F
:1095E0000000000000000000900A011000000000D0
:1095F00000000000000000000096021000000000C3
:109600000000000001000000000000000000000059
:1096100010800210000000000F000000FFFF00009B
:109620000000000000000000000000000101000038
:10963000005000800000000000000000000000005A
:109640000100000000000000000000000000000019
:1096500060960210000000000000000000180000EA
:10966000010000000000000000C80000D9041F0C29
:1096700000000000000000000000000000000000EA
:1096800000000000000000000000000000000000DA
:1096900000000000BA020000DFFFFFFFDFFFFFFF56
:1096A00007FFFF000000000080060110000000001E
:1096B0000000000000000000C09602100000000042
:1096C0000000000001000000020000000000000097
:1096D0003F0000003F000000000000003F000000CD
:1096E00000000000BD02000007000000DFFFFFFFD8
:1096F000FF0000000000000000400190000000009A
:10970000140000000000000020970210000000007C
:109710001095021000000000000000000000000092
:109720000400000007020000040000000003000025
:10973000188800000108000018400000020800001E
:10974000184000000308000018880000040800000A
:1097500004000000000B000004000100030E0000E4
:1097600004000100060E000004000100070E0000C6
:1097700004000100011200000400010007160000AF
:10978000040001000017000002000100021B00009D
:1097900002000100031B000048890100041B0000B7
:1097A00048890100051B000002000100061B0000A3
:1097B00002000100031F000004000100061F00005A
:1097C0000000000000000000000000000000000099
:1097D0000000000000000000000000000000000089
:1097E0000000000000000000000000000000000079
:1097F0000000000000000000000000000000000069
:109800000000000000000000000000000000000058
:109810000000000000000000000000000000000048
:109820000000000000000000000000000000000038
:109830000000000000000000000000000000000028
:109840000000000000000000000000000000000018
:109850000000000000000000000000000000000008
:1098600000000000000000000000000000000000F8
:1098700000000000000000000000000000000000E8
:1098800000000000000000000000000000000000D8
:1098900000000000000000000000000000000000C8
:1098A00000000000000000000000000000000000B8
:1098B00000000000000000000000000000000000A8
:1098C0000000000000000000000000000000000098
:1098D0000000000000000000000000000000000088
:1098E0000000000000000000000000000000000078
:1098F0000000000000000000000000000000000068
:109900000000000000000000000000000000000057
:109910000000000000000000000000000000000047
:109920000000000000000000000000000000000037
:109930000000000000000000000000000000000027
:109940000000000000000000000000000000000017
:109950000000000000000000000000000000000007
:1099600000000000000000000000000000000000F7
:1099700000000000000000000000000000000000E7
:1099800000000000000000000000000000000000D7
:1099900000000000000000000000000000000000C7
:1099A00000000000000000000000000000000000B7
:1099B00000000000000000000000000000000000A7
:1099C0000000000000000000000000000000000097
:1099D0000000000000000000000000000000000087
:1099E0000000000000000000000000000000000077
:1099F0000000000000000000000000000000000067
:109A00000000000000000000000000000000000056
:109A10000000000000000000000000000000000046
:109A20000000000000000000000000000000000036
:109A30000000000000000000000000000000000026
:109A40000000000000000000000000000000000016
:109A50000000000000000000000000000000000006
:109A600000000000000000000000000000000000F6
:109A700000000000000000000000000000000000E6
:109A800000000000000000000000000000000000D6
:109A900000000000000000000000000000000000C6
:109AA00000000000000000000000000000000000B6
:109AB00000000000000000000000000000000000A6
:109AC0000000000000000000000000000000000096
:109AD0000000000000000000000000000000000086
:109AE0000000000000000000000000000000000076
:109AF0000000000000000000000000000000000066
:109B00000000000000000000000000000000000055
:109B10000000000000000000000000000000000045
:109B20000000000000000000000000000000000035
:109B30000000000000000000000000000000000025
:109B40000000000000000000000000000000000015
:109B50000000000000000000000000000000000005
:109B600000000000000000000000000000000000F5
:109B700000000000000000000000000000000000E5
:109B800000000000000000000000000000000000D5
:109B900000000000000000000000000000000000C5
:109BA00000000000000000000000000000000000B5
:109BB00000000000000000000000000000000000A5
:109BC0000000000000000000000000000000000095
:109BD0000000000000000000000000000000000085
:109BE0000000000000000000000000000000000075
:109BF0000000000000000000000000000000000065
:109C00000000000000000000000000000000000054
:109C10000000000000000000000000000000000044
:109C20000000000000000000000000000000000034
:109C30000000000000000000000000000000000024
:109C40000000000000000000000000000000000014
:109C50000000000000000000000000000000000004
:109C600000000000000000000000000000000000F4
:109C700000000000000000000000000000000000E4
:109C800000000000000000000000000000000000D4
:109C900000000000000000000000000000000000C4
:109CA00000000000000000000000000000000000B4
:109CB00000000000000000000000000000000000A4
:109CC0000000000000000000000000000000000094
:109CD0000000000000000000000000000000000084
:109CE0000000000000000000000000000000000074
:109CF0000000000000000000000000000000000064
:109D00000000000000000000000000000000000053
:109D10000000000000000000000000000000000043
:109D20000000000000000000000000000000000033
:109D30000000000000000000000000000000000023
:109D40000000000000000000000000000000000013
:109D50000000000000000000000000000000000003
:109D600000000000000000000000000000000000F3
:109D700000000000000000000000000000000000E3
:109D800000000000000000000000000000000000D3
:109D900000000000000000000000000000000000C3
:109DA00000000000000000000000000000000000B3
:109DB00000000000000000000000000000000000A3
:109DC0000000000000000000000000000000000093
:109DD0000000000000000000000000000000000083
:109DE0000000000000000000000000000000000073
:109DF0000000000000000000000000000000000063
:109E00000000000000000000000000000000000052
:109E10000000000000000000000000000000000042
:109E20000000000000000000000000000000000032
:109E30000000000000000000000000000000000022
:109E40000000000000000000000000000000000012
:109E50000000000000000000000000000000000002
:109E600000000000000000000000000000000000F2
:109E700000000000000000000000000000000000E2
:109E800000000000000000000000000000000000D2
:109E900000000000000000000000000000000000C2
:109EA00000000000000000000000000000000000B2
:109EB00000000000000000000000000000000000A2
:109EC0000000000000000000000000000000000092
:109ED0000000000000000000000000000000000082
:109EE0000000000000000000000000000000000072
:109EF0000000000000000000000000000000000062
:109F00000000000000000000000000000000000051
:109F10000000000000000000000000000000000041
:109F20000000000000000000000000000000000031
:109F30000000000000000000000000000000000021
:109F40000000000000000000000000000000000011
:109F50000000000000000000000000000000000001
:109F600000000000000000000000000000000000F1
:109F700000000000000000000000000000000000E1
:109F800000000000000000000000000000000000D1
:109F900000000000000000000000000000000000C1
:109FA00000000000000000000000000000000000B1
:109FB00000000000000000000000000000000000A1
:109FC0000000000000000000000000000000000091
:109FD0000000000000000000000000000000000081
:109FE0000000000000000000000000000000000071
:109FF0000000000000000000000000000000000061
:10A000000000000000000000000000000000000050
:10A010000000000000000000000000000000000040
:10A020000000000000000000000000000000000030
:10A030000000000000000000000000000000000020
:10A040000000000000000000000000000000000010
:10A050000000000000000000000000000000000000
:10A0600000000000000000000000000000000000F0
:10A0700000000000000000000000000000000000E0
:10A0800000000000000000000000000000000000D0
:10A0900000000000000000000000000000000000C0
:10A0A00000000000000000000000000000000000B0
:10A0B00000000000000000000000000000000000A0
:10A0C0000000000000000000000000000000000090
:10A0D0000000000000000000000000000000000080
:10A0E0000000000000000000000000000000000070
:10A0F0000000000000000000000000000000000060
:10A10000000000000000000000000000000000004F
:10A11000000000000000000000000000000000003F
:10A12000000000000000000000000000000000002F
:10A13000000000000000000000000000000000001F
:10A14000000000000000000000000000000000000F
:10A1500000000000000000000000000000000000FF
:10A1600000000000000000000000000000000000EF
:10A1700000000000000000000000000000000000DF
:10A1800000000000000000000000000000000000CF
:10A1900000000000000000000000000000000000BF
:10A1A00000000000000000000000000000000000AF
:10A1B000000000000000000000000000000000009F
:10A1C000000000000000000000000000000000008F
:10A1D000000000000000000000000000000000007F
:10A1E000000000000000000000000000000000006F
:10A1F000000000000000000000000000000000005F
:10A20000000000000000000000000000000000004E
:10A21000000000000000000000000000000000003E
:10A22000000000000000000000000000000000002E
:10A23000000000000000000000000000000000001E
:10A24000000000000000000000000000000000000E
:10A2500000000000000000000000000000000000FE
:10A2600000000000000000000000000000000000EE
:10A2700000000000000000000000000000000000DE
:10A2800000000000000000000000000000000000CE
:10A2900000000000000000000000000000000000BE
:10A2A00000000000000000000000000000000000AE
:10A2B000000000000000000000000000000000009E
:10A2C000000000000000000000000000000000008E
:10A2D000000000000000000000000000000000007E
:10A2E000000000000000000000000000000000006E
:10A2F000000000000000000000000000000000005E
:10A30000000000000000000000000000000000004D
:10A31000000000000000000000000000000000003D
:10A32000000000000000000000000000000000002D
:10A33000000000000000000000000000000000001D
:10A34000000000000000000000000000000000000D
:10A3500000000000000000000000000000000000FD
:10A3600000000000000000000000000000000000ED
:10A3700000000000000000000000000000000000DD
:10A3800000000000000000000000000000000000CD
:10A3900000000000000000000000000000000000BD
:10A3A00000000000000000000000000000000000AD
:10A3B000000000000000000000000000000000009D
:10A3C000000000000000000000000000000000008D
:10A3D000000000000000000000000000000000007D
:10A3E000000000000000000000000000000000006D
:10A3F000000000000000000000000000000000005D
:10A40000000000000000000000000000000000004C
:10A41000000000000000000000000000000000003C
:10A42000000000000000000000000000000000002C
:10A43000000000000000000000000000000000001C
:10A44000000000000000000000000000000000000C
:10A4500000000000000000000000000000000000FC
:10A4600000000000000000000000000000000000EC
:10A4700000000000000000000000000000000000DC
:10A4800000000000000000000000000000000000CC
:10A4900000000000000000000000000000000000BC
:10A4A00000000000000000000000000000000000AC
:10A4B000000000000000000000000000000000009C
:10A4C000000000000000000000000000000000008C
:10A4D000000000000000000000000000000000007C
:10A4E000000000000000000000000000000000006C
:10A4F000000000000000000000000000000000005C
:10A50000000000000000000000000000000000004B
:10A51000000000000000000000000000000000003B
:10A52000000000000000000000000000000000002B
:10A53000000000000000000000000000000000001B
:10A54000000000000000000000000000000000000B
:10A5500000000000000000000000000000000000FB
:10A5600000000000000000000000000000000000EB
:10A5700000000000000000000000000000000000DB
:10A5800000000000000000000000000000000000CB
:10A5900000000000000000000000000000000000BB
:10A5A00000000000000000000000000000000000AB
:10A5B000000000000000000000000000000000009B
:10A5C000000000000000000000000000000000008B
:10A5D000000000000000000000000000000000007B
:10A5E000000000000000000000000000000000006B
:10A5F000000000000000000000000000000000005B
:10A60000000000000000000000000000000000004A
:10A61000000000000000000000000000000000003A
:10A62000000000000000000000000000000000002A
:10A63000000000000000000000000000000000001A
:10A64000000000000000000000000000000000000A
:10A6500000000000000000000000000000000000FA
:10A6600000000000000000000000000000000000EA
:10A6700000000000000000000000000000000000DA
:10A6800000000000000000000000000000000000CA
:10A6900000000000000000000000000000000000BA
:10A6A00000000000000000000000000000000000AA
:10A6B000000000000000000000000000000000009A
:10A6C000000000000000000000000000000000008A
:10A6D000000000000000000000000000000000007A
:10A6E000000000000000000000000000000000006A
:10A6F000000000000000000000000000000000005A
:10A700000000000000000000000000000000000049
:10A710000000000000000000000000000000000039
:10A720000000000000000000000000000000000029
:10A730000000000000000000000000000000000019
:10A740000000000000000000000000000000000009
:10A7500000000000000000000000000000000000F9
:10A7600000000000000000000000000000000000E9
:10A7700000000000000000000000000000000000D9
:10A7800000000000000000000000000000000000C9
:10A7900000000000000000000000000000000000B9
:10A7A00000000000000000000000000000000000A9
:10A7B0000000000000000000000000000000000099
:10A7C0000000000000000000000000000000000089
:10A7D0000000000000000000000000000000000079
:10A7E0000000000000000000000000000000000069
:10A7F0000000000000000000000000000000000059
:10A800000000000000000000000000000000000048
:10A810000000000000000000000000000000000038
:10A820000000000000000000000000000000000028
:10A830000000000000000000000000000000000018
:10A840000000000000000000000000000000000008
:10A8500000000000000000000000000000000000F8
:10A8600000000000000000000000000000000000E8
:10A8700000000000000000000000000000000000D8
:10A8800000000000000000000000000000000000C8
:10A8900000000000000000000000000000000000B8
:10A8A00000000000000000000000000000000000A8
:10A8B0000000000000000000000000000000000098
:10A8C0000000000000000000000000000000000088
:10A8D0000000000000000000000000000000000078
:10A8E0000000000000000000000000000000000068
:10A8F0000000000000000000000000000000000058
:10A900000000000000000000000000000000000047
:10A910000000000000000000000000000000000037
:10A920000000000000000000000000000000000027
:10A930000000000000000000000000000000000017
:10A940000000000000000000000000000000000007
:10A9500000000000000000000000000000000000F7
:10A9600000000000000000000000000000000000E7
:10A9700000000000000000000000000000000000D7
:10A9800000000000000000000000000000000000C7
:10A9900000000000000000000000000000000000B7
:10A9A00000000000000000000000000000000000A7
:10A9B0000000000000000000000000000000000097
:10A9C0000000000000000000000000000000000087
:10A9D0000000000000000000000000000000000077
:10A9E0000000000000000000000000000000000067
:10A9F0000000000000000000000000000000000057
:10AA00000000000000000000000000000000000046
:10AA10000000000000000000000000000000000036
:10AA20000000000000000000000000000000000026
:10AA30003020011000000000C01E011000000000C6
:10AA4000701E011000000000B01F01100000000087
:10AA500000000000000000000000000000000000F6
:10AA600000000000000000000000000000000000E6
:10AA700000000000000000000000000000000000D6
:10AA800000000000000000000000000000000000C6
:10AA900000000000000000000000000000000000B6
:10AAA00000000000000000000000000000000000A6
:10AAB0000000000000000000000000000000000096
:10AAC0000000000000000000000000000000000086
:10AAD0000000000000000000000000000000000076
:10AAE0000000000000000000000000000000000066
:10AAF0000000000000000000000000000000000056
:10AB00000000000000000000000000000000000045
:10AB10000000000000000000000000000000000035
:10AB20000000000000000000000000000000000025
:10AB30000000000000000000000000000000000015
:10AB40000000000000000000000000000000000005
:10AB500000000000000000000000000000000000F5
:10AB600000000000000000000000000000000000E5
:10AB700000000000000000000000000000000000D5
:10AB800000000000000000000000000000000000C5
:10AB900000000000000000000000000000000000B5
:10ABA00000000000000000000000000000000000A5
:10ABB0000000000000000000000000000000000095
:10ABC0000000000000000000000000000000000085
:10ABD0000000000000000000000000000000000075
:10ABE0000000000000000000000000000000000065
:10ABF0000000000000000000000000000000000055
:10AC00000000000000000000000000000000000044
:10AC10000000000000000000000000000000000034
:10AC20000000000000000000000000000000000024
:10AC30000000000000000000000000000000000014
:10AC40000000000000000000000000000000000004
:10AC500000000000000000000000000000000000F4
:10AC600000000000000000000000000000000000E4
:10AC700000000000000000000000000000000000D4
:10AC800000000000000000000000000000000000C4
:10AC900000000000000000000000000000000000B4
:10ACA00000000000000000000000000000000000A4
:10ACB0000000000000000000000000000000000094
:10ACC0000000000000000000000000000000000084
:10ACD0000000000000000000000000000000000074
:10ACE0000000000000000000000000000000000064
:10ACF0000000000000000000000000000000000054
:10AD00000000000000000000000000000000000043
:10AD10000000000000000000000000000000000033
:10AD20000000000000000000000000000000000023
:10AD30000000000000000000000000000000000013
:10AD40000000000000000000000000000000000003
:10AD500000000000000000000000000000000000F3
:10AD600000000000000000000000000000000000E3
:10AD700000000000000000000000000000000000D3
:10AD800000000000000000000000000000000000C3
:10AD9000102F011000000000000000000000000063
:10ADA0000000000000000000202F01100000000043
:10ADB0000000000000000000000000000000000093
:10ADC0000000000000000000000000000000000083
:10ADD0000000000000000000000000000000000073
:10ADE0000000000000000000000000000000000063
:10ADF0000000000000000000000000000000000053
:10AE00000000000000000000000000000000000042
:10AE10000000000000000000000000000000000032
:10AE20000000000000000000000000000000000022
:10AE30000000000000000000000000000000000012
:10AE40000000000000000000000000000000000002
:10AE500000000000000000000000000000000000F2
:10AE600000000000000000000000000000000000E2
:10AE700000000000000000000000000000000000D2
:10AE800000000000000000000000000000000000C2
:10AE900000000000000000000000000000000000B2
:10AEA00000000000000000000000000000000000A2
:10AEB0000000000000000000000000000000000092
:10AEC0000000000000000000000000000000000082
:10AED0000000000000000000000000000000000072
:10AEE0000000000000000000000000000000000062
:10AEF0000000000000000000000000000000000052
:10AF00000000000000000000000000000000000041
:10AF10000000000000000000000000000000000031
:10AF20000000000000000000000000000000000021
:10AF30000000000000000000000000000000000011
:10AF40000000000000000000000000000000000001
:10AF500000000000000000000000000000000000F1
:10AF600000000000000000000000000000000000E1
:10AF700000000000000000000000000000000000D1
:10AF800000000000000000000000000000000000C1
:10AF900000000000000000000000000000000000B1
:10AFA00000000000000000000000000000000000A1
:10AFB0000000000000000000000000000000000091
:10AFC0000000000000000000000000000000000081
:10AFD0000000000000000000000000000000000071
:10AFE0000000000000000000000000000000000061
:10AFF0000000000000000000000000000000000051
:10B000000000000000000000000000000000000040
:10B010000000000000000000000000000000000030
:10B020000000000000000000000000000000000020
:10B030000000000000000000000000000000000010
:10B040000000000000000000000000000000000000
:10B0500000000000000000000000000000000000F0
:10B0600000000000000000000000000000000000E0
:10B0700000000000000000000000000000000000D0
:10B0800000000000000000000000000000000000C0
:10B0900000000000000000000000000000000000B0
:10B0A00000000000000000000000000000000000A0
:10B0B0000000000000000000000000000000000090
:10B0C0000000000000000000000000000000000080
:10B0D0000000000000000000000000000000000070
:10B0E0000000000000000000000000000000000060
:10B0F0000000000000000000000000000000000050
:10B10000000000000000000000000000000000003F
:10B11000000000000000000000000000000000002F
:10B12000000000000000000000000000000000001F
:10B13000000000000000000000000000000000000F
:10B1400000000000000000000000000000000000FF
:10B1500000000000000000000000000000000000EF
:10B1600000000000000000000000000000000000DF
:10B1700000000000000000000000000000000000CF
:10B1800000000000000000000000000000000000BF
:10B1900000000000000000000000000000000000AF
:10B1A0006273705F6173736572745F6368616E6E02
:10B1B000656C000000000000301901100000000064
:10B1C0009018011000000000B014011000000000F1
:10B1D0003012011000000000601301100000000098
:10B1E000C013011000000000D01101100000000089
:10B1F00000170110000000005014011000000000B2
:10B200009010011000000000F01501100000000077
:10B210006273705F6173736572745F6368616E6E91
:10B22000656C0000000000000F0000000F0000002F
:10B23000FF7F000000000000AAAAAAAA00000200E6
:10B24000AAAAAAAAAAAAAAAAAAAAAAAAAAAAAAAA5E
:10B25000AAAAAAAA00000000A8AAAAAAAAAAAAAAF8
:10B26000AAAAAAAAAAAAAAAAAAAAAAAAAAAAAAAA3E
:10B27000AAAAAAAAAAAAAAAAAAAAAAAAAAAAAAAA2E
:10B28000AAAAAAAAAAAAAAAAAAAAAAAAAAAAAAAA1E
:10B29000AAAAAAAAAAAAAAAAAAAAAAAAAAAA020060
:10B2A0000000000000A0AAAA2AAAAAAAAAAAAAAADA
:10B2B000AAAAAA2A00000080AAAAAAAA0AA8AAAA38
:10B2C000AA02AAAAAAAA80AAAAAA2A00000080AA58
:10B2D000AAA2828A82828282828282820200A0A0C4
:10B2E000820A2A08A0AAAAAAAAAAAAAAAAAAAA82DA
:10B2F0000A2A080000000000000000000000000012
:10B30000000000000000000000000000000000003D
:10B310000000AAAAAAAAAAAAAAAAAAAAAAAAAAAAE1
:10B32000AAAAAAAAAAAAAAAAAAAAAAAAAAAAAAAA7D
:10B33000AAAA2A000000000000000000000000008F
:10B3400000000000000C000000000000000C0000E5
:10B3500000000000000C000000000000000C0000D5
:10B3600000000000000C000000000000000C0000C5
:10B3700000000000000C000000000000000C0000B5
:10B3800000000000000C000000000000000C0000A5
:10B3900000000000000C000000000000000C000095
:10B3A00000000000000C000000000000000C000085
:10B3B00000000000000C000000000000000C000075
:10B3C000000000000000000000000000000000007D
:10B3D000000000000000000000000000000000006D
:10B3E000000000000000000000000000000000005D
:10B3F000000000000000000000000000000000004D
:10B40000000000000000000000000000000000003C
:10B41000000000000000000000000000000000002C
:10B42000000000000000000000000000000000001C
:10B43000000000000000000000000000000000000C
:10B4400000000000000C000000000000000C0000E4
:10B4500000000000000C000000000000000C0000D4
:10B4600000000000000C000000000000000C0000C4
:10B4700000000000000C000000000000000C0000B4
:10B4800000000000000C000000000000000C0000A4
:10B4900000000000000C000000000000000C000094
:10B4A00000000000000C000000000000000C000084
:10B4B00000000000000C000000000000000C000074
:10B4C00000000000000C000000000000000C000064
:10B4D00000000000000C000000000000000C000054
:10B4E00000000000000C000000000000000C000044
:10B4F00000000000000C000000000000000C000034
:10B5000000000000000C000000000000000C000023
:10B5100000000000000C000000000000000C000013
:10B5200000000000000C000000000000000C000003
:10B5300000000000000C000000000000000C0000F3
:10B5400000000000000C000000000000000C0000E3
:10B5500000000000000C000000000000000C0000D3
:10B5600000000000000C000000000000000C0000C3
:10B5700000000000000C000000000000000C0000B3
:10B5800000000000000C000000000000000C0000A3
:10B5900000000000000C000000000000000C000093
:10B5A00000000000000C000000000000000C000083
:10B5B00000000000000C000000000000000C000073
:10B5C00000000000000C000000000000000C000063
:10B5D00000000000000C000000000000000C000053
:10B5E00000000000000C000000000000000C000043
:10B5F00000000000000C000000000000000C000033
:10B6000000000000000C000000000000000C000022
:10B6100000000000000C000000000000000C000012
:10B6200000000000000C000000000000000C000002
:10B6300000000000000C000000000000000C0000F2
:10B6400000000000000C000000000000000C0000E2
:10B6500000000000000C000000000000000C0000D2
:10B6600000000000000C000000000000000C0000C2
:10B6700000000000000C000000000000000C0000B2
:10B6800000000000000C000000000000000C0000A2
:10B6900000000000000C000000000000000C000092
:10B6A00000000000000C000000000000000C000082
:10B6B00000000000000C000000000000000C000072
:10B6C00000000000000C000000000000000C000062
:10B6D00000000000000C000000000000000C000052
:10B6E00000000000000C000000000000000C000042
:10B6F00000000000000C000000000000000C000032
:10B7000000000000000C000000000000000C000021
:10B7100000000000000C000000000000000C000011
:10B7200000000000000C000000000000000C000001
:10B7300000000000000C000000000000000C0000F1
:10B7400000000000000C000000000000000C0000E1
:10B7500000000000000C000000000000000C0000D1
:10B7600000000000000C000000000000000C0000C1
:10B7700000000000000C000000000000000C0000B1
:10B7800000000000000C000000000000000C0000A1
:10B7900000000000000C000000000000000C000091
:10B7A00000000000000C000000000000000C000081
:10B7B00000000000000C000000000000000C000071
:10B7C00000000000000C000000000000000C000061
:10B7D00000000000000C000000000000000C000051
:10B7E00000000000000C000000000000000C000041
:10B7F00000000000000C000000000000000C000031
:10B8000000000000000C000000000000000C000020
:10B8100000000000000C000000000000000C000010
:10B8200000000000000C000000000000000C000000
:10B8300000000000000C000000000000000C0000F0
:10B8400000000000000C000000000000000C0000E0
:10B8500000000000000C000000000000000C0000D0
:10B8600000000000000C000000000000000C0000C0
:10B8700000000000000C000000000000000C0000B0
:10B8800000000000000C000000000000000C0000A0
:10B8900000000000000C000000000000000C000090
:10B8A00000000000000C000000000000000C000080
:10B8B00000000000000C000000000000000C000070
:10B8C00000000000000C000000000000000C000060
:10B8D00000000000000C000000000000000C000050
:10B8E00000000000000C000000000000000C000040
:10B8F00000000000000C000000000000000C000030
:10B9000000000000000C000000000000000C00001F
:10B9100000000000000C000000000000000C00000F
:10B9200000000000000C000000000000000C0000FF
:10B9300000000000000C000000000000000C0000EF
:10B9400000000000000000000000000000000000F7
:10B9500000000000000000000000000000000000E7
:10B9600000000000000000000000000000000000D7
:10B9700000000000000000000000000000000000C7
:10B9800000000000000000000000000000000000B7
:10B9900000000000000000000000000000000000A7
:10B9A0000000000000000000000000000000000097
:10B9B0000000000000000000000000000000000087
:10B9C0000000000000000000000000000000000077
:10B9D0000000000000000000000000000000000067
:10B9E0000000000000000000000000000000000057
:10B9F0000000000000000000000000000000000047
:10BA00000000000000000000000000000000000036
:10BA10000000000000000000000000000000000026
:10BA20000000000000000000000000000000000016
:10BA30000000000000000000000000000000000006
:10BA400000000000000C000000000000000C0000DE
:10BA500000000000000C000000000000000C0000CE
:10BA600000000000000C000000000000000C0000BE
:10BA700000000000000C000000000000000C0000AE
:10BA800000000000000C000000000000000C00009E
:10BA900000000000000C000000000000000C00008E
:10BAA00000000000000C000000000000000C00007E
:10BAB00000000000000C000000000000000C00006E
:10BAC00000000000000C000000000000000C00005E
:10BAD00000000000000C000000000000000C00004E
:10BAE00000000000000C000000000000000C00003E
:10BAF00000000000000C000000000000000C00002E
:10BB000000000000000C000000000000000C00001D
:10BB100000000000000C000000000000000C00000D
:10BB200000000000000C000000000000000C0000FD
:10BB300000000000000C000000000000000C0000ED
:10BB400009000000000000000900000000000000E3
:10BB500000202020202020202020282828282820DD
:10BB600020202020202020202020202020202020D5
:10BB7000208810101010101010101010101010103D
:10BB8000100404040404040404040410101010102D
:10BB900010104141414141410101010101010101F7
:10BBA0000101010101010101010101011010101049
:10BBB00010104242424242420202020202020202C9
:10BBC000020202020202020202020202101010101D
:10BBD0002000000000000000000000000000000045
:10BBE0000000000000000000000000000000000055
:10BBF0000000000000000000000000000000000045
:10BC00000000000000000000000000000000000034
:10BC10000000000000000000000000000000000024
:10BC20000000000000000000000000000000000014
:10BC30000000000000000000000000000000000004
:10BC400000000000000000000000000000000000F4
:10BC5000000000008204000000007F0400000000DB
:10BC600000006A04000000005F0443040000B60303
:10BC70004A0400004704560056005600560056007D
:10BC8000560056005600560000000000000000005C
:10BC9000000000000000720200008003DE03720258
:10BCA00072027202000000000000000006040000A2
:10BCB0000000F60300000000000054030000B90378
:10BCC00000000000790500000000000000000000F6
:10BCD000000000000000720200008003E004720215
:10BCE000720272023E04E004730100003904000095
:10BCF000200498050C0409040000540373018B050B
:10BD0000000000009005000073010000000000002A
:10BD10003030303030303030303030303030303023
:10BD20002020202020202020202020202020202013
:10BD30006105F2FFF2FFF2FFF2FF2D05F2FFF2FFC5
:10BD4000F2FFF2FFF2FFEF03EF03EF03EF03EF0366
:10BD5000EF03EF03EF03EF03EF03F2FFF2FFF2FF56
:10BD6000F2FFF2FFF2FFF2FFF903F2FF6C00220094
:10BD7000F903F903F903F2FFF2FFF2FFF2FF0D05F9
:10BD8000F2FFF2FFFE04F2FFF2FFF2FF7500F2FF96
:10BD9000F2FFF2FFF2FFB004F2FFF2FF0605F2FF3E
:10BDA000F2FFF2FFF2FFF2FFF903F2FF6D00230052
:10BDB000F903F903F903130553051C00F2FF2405E9
:10BDC0001B0545055A053505F2FFF2FF76001C00FC
:10BDD0003E05F2FFF2FFB004F2FF1C004500B6FF83
:10BDE0004500B6FFB6FF860001000100010001001A
:10BDF00001000100010001000100B6FFB6FFB6FF1F
:10BE0000B6FFB6FFB6FFB6FF40000000000000001E
:10BE100048006300B6FFB6FF5700B6FFB6FFB6FF97
:10BE2000B6FF7A00B6FF7800B6FFB6FFB6FF740023
:10BE3000B6FFB6FFB6FF68003C00B6FFB6FFB6FF20
:10BE4000B6FFB6FFB6FFB6FF4000000000000000DE
:10BE500048006300B6FFB6FF5700B6FFB6FFB6FF57
:10BE6000B6FF7A00B6FF7800B6FFB6FFB6FF7400E3
:10BE7000B6FFB6FFB6FF68003C00000000000000FF
:10BE80000A0001000200030004000500060007008C
:10BE9000080009000A000B000C000D000E000F0046
:10BEA0001000000023030000000020030000000039
:10BEB00000000B03000000000003FC020000E5028C
:10BEC000E8020000A703570057005700570057002B
:10BED0005700570057005700000000000000000006
:10BEE000000000000000330200009D028F033302B7
:10BEF0003302330200000000000000004F03000086
:10BF000000002903000000000000B70200005203F7
:10BF100000000000290500000000000000000000F3
:10BF2000000000000000330200009D02D004330234
:10BF3000330233026603D004620100006103000093
:10BF4000820343056E036B030000B7026201240500
:10BF5000000000003B05000062010000000000003E
:10BF600030303030303030303030303030303030D1
:10BF700020202020202020202020202020202020C1
:10BF80007005F6FFF6FFF6FFF6FF2405F6FFF6FF55
:10BF9000F6FFF6FFF6FFED03ED03ED03ED03ED0312
:10BFA000ED03ED03ED03ED03ED03F6FFF6FFF6FF02
:10BFB000F6FFF6FFF6FFF6FFF703F6FF68001E0038
:10BFC000F703F703F703F6FFF6FFF6FFF6FF160594
:10BFD000F6FFF6FF1C05F6FFF6FFF6FF7100F6FF11
:10BFE000F6FFF6FFF6FFBF04F6FFF6FF2C05F6FF9F
:10BFF000F6FFF6FFF6FFF6FFF703F6FF69001F00F6
:10C00000F703F703F703430569051800F6FF4B052F
:10C010000D05540562053A05F6FFF6FF720018009B
:10C020003305F6FFF6FFBF04F6FF18004600B5FF24
:10C030004600B5FFB5FF85000100010001000100C9
:10C0400001000100010001000100B5FFB5FFB5FFCF
:10C05000B5FFB5FFB5FFB5FF4100000000000000CF
:10C0600049006400B5FFB5FF5800B5FFB5FFB5FF47
:10C07000B5FF7B00B5FF7900B5FFB5FFB5FF7500D3
:10C08000B5FFB5FFB5FF69003D00B5FFB5FFB5FFD2
:10C09000B5FFB5FFB5FFB5FF41000000000000008F
:10C0A00049006400B5FFB5FF5800B5FFB5FFB5FF07
:10C0B000B5FF7B00B5FF7900B5FFB5FFB5FF750093
:10C0C000B5FFB5FFB5FF69003D00000000000000AE
:10C0D0000A0001000200030004000500060007003A
:10C0E000080009000A000B000C000D000E000F00F4
:10C0F000100000000000000061436F63A787D23F7B
:10C10000B3C8608B288AC63FFB799F501344D33F46
:10C11000010000000200000000000000010000001B
:10C120009535A094FFFFDF3F35E5AF350000E03FD8
:10C130009535A094FFFFCF3F0500000019000000D7
:10C140007D00000000000000000000000000000072
:10C150000080E03779C34143176E05B5B5B8934603
:10C16000F5F93FE9034F384D321D30F94877825ACF
:10C170003CBF737FDD4F157500000000000000001C
:10C18000000000000000F03F00000000000024401C
:10C1900000000000000059400000000000408F40F7
:10C1A000000000000088C34000000000006AF84062
:10C1B0000000000080842E4100000000D012634186
:10C1C0000000000084D797410000000065CDCD41FC
:10C1D000000000205FA00242000000E876483742DD
:10C1E000000000A2941A6D42000040E59C30A2427B
:10C1F0000000901EC4BCD64200003426F56B0C43F0
:10C200000080E03779C3414300A0D8855734764396
:10C2100000C84E676DC1AB43003D9160E458E143F7
:10C22000408CB5781DAF154450EFE2D6E41A4B446C
:10C2300092D54D06CFF08044F64AE1C7022DB544B1
:10C24000B49DD9794378EA4434000000CEFBFFFF67
:10C25000CB0300000100000000000000000000000F
:10C2600035000000CEFBFFFFCB0300000100000003
:10C2700000000000000000000000000000000000BE
:10C28000BC89D897B2D29C3C33A7A8D523F64939AC
:10C290003DA7F444FD0FA5329D978CCF08BA5B25CE
:10C2A000436FAC6428066811000000000000000025
:10C2B0000C5F104E154E2A4E314E364E3C4E3F4EC0
:10C2C000424E564E584E824E854E6B8C8A4E12828E
:10C2D0000D5F8E4E9E4E9F4EA04EA24EB04EB34E60
:10C2E000B64ECE4ECD4EC44EC64EC24ED74EDE4E8C
:10C2F000ED4EDF4EF74E094F5A4F304F5B4F5D4FBB
:10C30000574F474F764F884F8F4F984F7B4F694F0E
:10C31000704F914F6F4F864F964F1851D44FDF4F4C
:10C32000CE4FD84FDB4FD14FDA4FD04FE44FE54FD0
:10C330001A50285014502A50255005501C4FF64FC3
:10C34000215029502C50FE4FEF4F115006504350B2
:10C35000475003675550505048505A5056506C50F3
:10C36000785080509A508550B450B250C950CA503D
:10C37000B350C250D650DE50E550ED50E350EE5071
:10C38000F950F550095101510251165115511451EE
:10C390001A5121513A5137513C513B513F51405173
:10C3A00052514C5154516251F87A69516A516E514F
:10C3B00080518251D8568C5189518F51915193514E
:10C3C00095519651A451A651A251A951AA51AB51D0
:10C3D000B351B151B251B051B551BD51C551C9510F
:10C3E000DB51E0515586E951ED51F051F551FE51C7
:10C3F00004520B5214520E5227522A522E523352CA
:10C4000039524F5244524B524C525E5254526A521D
:10C410007452695273527F527D528D52945292528D
:10C42000715288529152A88FA78FAC52AD52BC5214
:10C43000B552C152CD52D752DE52E352E652ED9878
:10C44000E052F352F552F852F95206530853387538
:10C450000D5310530F5315531A5323532F53315366
:10C4600033533853405346534553174E49534D5356
:10C47000D6515E5369536E5318597B537753825389
:10C480009653A053A653A553AE53B053B653C353BC
:10C49000127CD996DF53FC66EE71EE53E853ED53F0
:10C4A000FA5301543D5440542C542D543C542E54B2
:10C4B000365429541D544E548F5475548E545F5421
:10C4C00071547754705492547B54805476548454ED
:10C4D00090548654C754A254B854A554AC54C45470
:10C4E000C854A854AB54C254A454BE54BC54D854D9
:10C4F000E554E6540F551455FD54EE54ED54FA54DA
:10C50000E2543955405563554C552E555C554555AB
:10C5100056555755385533555D5599558055AF5437
:10C520008A559F557B557E5598559E55AE557C55E1
:10C530008355A9558755A855DA55C555DF55C455B6
:10C54000DC55E455D4551456F7551656FE55FD5591
:10C550001B56F9554E565056DF71345636563256E4
:10C5600038566B5664562F566C566A568656805609
:10C570008A56A05694568F56A556AE56B656B45601
:10C58000C256BC56C156C356C056C856CE56D156D2
:10C59000D356D756EE56F9560057FF56045709574B
:10C5A00008570B570D57135718571657C7551C5791
:10C5B0002657375738574E573B5740574F576957AD
:10C5C000C057885761577F5789579357A057B3571C
:10C5D000A457AA57B057C357C657D457D257D357A3
:10C5E0000A58D657E3570B5819581D5872582158F6
:10C5F00062584B587058C06B52583D5879588558FE
:10C60000B9589F58AB58BA58DE58BB58B858AE58AE
:10C61000C558D358D158D758D958D858E558DC58A8
:10C62000E458DF58EF58FA58F958FB58FC58FD58B1
:10C6300002590A5910591B59A66825592C592D59C8
:10C64000325938593E59D27A555950594E595A593A
:10C6500058596259605967596C59695978598159C3
:10C660009D595E4FAB4FA359B259C659E859DC5991
:10C670008D59D959DA59255A1F5A115A1C5A095A33
:10C680001A5A405A6C5A495A355A365A625A6A5A94
:10C690009A5ABC5ABE5ACB5AC25ABD5AE35AD75AB2
:10C6A000E65AE95AD65AFA5AFB5A0C5B0B5B165BF0
:10C6B000325BD05A2A5B365B3E5B435B455B405B3B
:10C6C000515B555B5A5B5B5B655B695B705B735B86
:10C6D000755B785B88657A5B805B835BA65BB85B28
:10C6E000C35BC75BC95BD45BD05BE45BE65BE25BCF
:10C6F000DE5BE55BEB5BF05BF65BF35B055C075CCD
:10C70000085C0D5C135C205C225C285C385C395C46
:10C71000415C465C4E5C535C505C4F5C715B6C5C96
:10C720006E5C624E765C795C8C5C915C945C9B592F
:10C73000AB5CBB5CB65CBC5CB75CC55CBE5CC75C40
:10C74000D95CE95CFD5CFA5CED5C8C5DEA5C0B5DE0
:10C75000155D175D5C5D1F5D1B5D115D145D225DE8
:10C760001A5D195D185D4C5D525D4E5D4B5D6C5DF3
:10C77000735D765D875D845D825DA25D9D5DAC5D70
:10C78000AE5DBD5D905DB75DBC5DC95DCD5DD35DEA
:10C79000D25DD65DDB5DEB5DF25DF55D0B5E1A5E35
:10C7A000195E115E1B5E365E375E445E435E405E20
:10C7B0004E5E575E545E5F5E625E645E475E755EAF
:10C7C000765E7A5EBC9E7F5EA05EC15EC25EC85E23
:10C7D000D05ECF5ED65EE35EDD5EDA5EDB5EE25E9D
:10C7E000E15EE85EE95EEC5EF15EF35EF05EF45EF3
:10C7F000F85EFE5E035F095F5D5F5C5F0B5F115F6C
:10C80000165F295F2D5F385F415F485F4C5F4E5F69
:10C810002F5F515F565F575F595F615F6D5F735F59
:10C82000775F835F825F7F5F8A5F885F915F875FEB
:10C830009E5F995F985FA05FA85FAD5FBC5FD65FAA
:10C84000FB5FE45FF85FF15FDD5FB360FF5F216076
:10C8500060601960106029600E6031601B601560B7
:10C860002B6026600F603A605A6041606A607760B2
:10C870005F604A6046604D60636043606460426030
:10C880006C606B60596081608D60E76083609A6066
:10C8900084609B60966097609260A7608B60E160A7
:10C8A000B860E060D360B460F05FBD60C660B56042
:10C8B000D8604D6115610661F660F7600061F46053
:10C8C000FA6003612161FB60F1600D610E614761F7
:10C8D0003E61286127614A613F613C612C6134619E
:10C8E0003D614261446173617761586159615A6188
:10C8F0006B6174616F61656171615F615D615361FD
:10C900007561996196618761AC6194619A618A6190
:10C910009161AB61AE61CC61CA61C961F761C86107
:10C92000C361C661BA61CB61797FCD61E661E361C4
:10C93000F661FA61F461FF61FD61FC61FE61006214
:10C94000086209620D620C6214621B621E6221623F
:10C950002A622E6230623262336241624E625E62ED
:10C9600063625B62606268627C62826289627E622C
:10C97000926293629662D46283629462D762D16259
:10C98000BB62CF62FF62C662D464C862DC62CC6202
:10C99000CA62C262C7629B62C9620C63EE62F162E4
:10C9A000276302630863EF62F56250633E634D6381
:10C9B0001C644F6396638E638063AB637663A3638B
:10C9C0008F6389639F63B5636B636963BE63E96368
:10C9D000C063C663E363C963D263F663C46316646A
:10C9E000346406641364266436641D651764286421
:10C9F0000F6467646F6476644E642A65956493641B
:10CA0000A564A9648864BC64DA64D264C564C7643C
:10CA1000BB64D864C264F164E7640982E064E164E1
:10CA2000AC62E364EF642C65F664F464F264FA6467
:10CA30000065FD6418651C650565246523652B6527
:10CA4000346535653765366538654B7548655665B7
:10CA500055654D6558655E655D657265786582658D
:10CA600083658A8B9B659F65AB65B765C365C66546
:10CA7000C165C465CC65D265DB65D965E065E165F6
:10CA8000F16572670A660366FB657367356636662D
:10CA900034661C664F664466496641665E665D663E
:10CAA0006466676668665F666266706683668866E7
:10CAB0008E668966846698669D66C166B966C96633
:10CAC000BE66BC66C466B866D666DA66E0663F6671
:10CAD000E666E966F066F566F7660F6716671E6735
:10CAE0002667276738972E673F673667416738673D
:10CAF000376746675E67606759676367646789671A
:10CB00007067A9677C676A678C678B67A667A16790
:10CB10008567B767EF67B467EC67B367E967B867BE
:10CB2000E467DE67DD67E267EE67B967CE67C66711
:10CB3000E7679C6A1E684668296840684D683268E5
:10CB40004E68B3682B685968636877687F689F6828
:10CB50008F68AD6894689D689B688368AE6AB968A1
:10CB60007468B568A068BA680F698D687E680169E5
:10CB7000CA680869D86822692669E1680C69CD68C5
:10CB8000D468E768D568366912690469D768E368CC
:10CB90002569F968E068EF6828692A691A692369D4
:10CBA0002169C668796977695C6978696B695469D4
:10CBB0007E696E69396974693D695969306961696D
:10CBC0005E695D6981696A69B269AE69D069BF6988
:10CBD000C169D369BE69CE69E85BCA69DD69BB69B1
:10CBE000C369A7692E6A9169A0699C699569B4694E
:10CBF000DE69E869026A1B6AFF690A6BF969F26912
:10CC0000E769056AB1691E6AED69146AEB690A6A27
:10CC1000126AC16A236A136A446A0C6A726A366AC3
:10CC2000786A476A626A596A666A486A386A226A32
:10CC3000906A8D6AA06A846AA26AA36A976A178654
:10CC4000BB6AC36AC26AB86AB36AAC6ADE6AD16A8E
:10CC5000DF6AAA6ADA6AEA6AFB6A056B1686FA6A0A
:10CC6000126B166B319B1F6B386B376BDC76396B35
:10CC7000EE98476B436B496B506B596B546B5B6B16
:10CC80005F6B616B786B796B7F6B806B846B836B95
:10CC90008D6B986B956B9E6BA46BAA6BAB6BAF6B3C
:10CCA000B26BB16BB36BB76BBC6BC66BCB6BD36B3F
:10CCB000DF6BEC6BEB6BF36BEF6BBE9E086C136C76
:10CCC000146C1B6C246C236C5E6C556C626C6A6C0F
:10CCD000826C8D6C9A6C816C9B6C7E6C686C736CD6
:10CCE000926C906CC46CF16CD36CBD6CD76CC56CE1
:10CCF000DD6CAE6CB16CBE6CBA6CDB6CEF6CD96C7D
:10CD0000EA6C1F6D4D88366D2B6D3D6D386D196D5C
:10CD1000356D336D126D0C6D636D936D646D5A6D71
:10CD2000796D596D8E6D956DE46F856DF96D156E2C
:10CD30000A6EB56DC76DE66DB86DC66DEC6DDE6DD6
:10CD4000CC6DE86DD26DC56DFA6DD96DE46DD56DA4
:10CD5000EA6DEE6D2D6E6E6E2E6E196E726E5F6EDA
:10CD60003E6E236E6B6E2B6E766E4D6E1F6E436E37
:10CD70003A6E4E6E246EFF6E1D6E386E826EAA6E17
:10CD8000986EC96EB76ED36EBD6EAF6EC46EB26E66
:10CD9000D46ED56E8F6EA56EC26E9F6E416F116F91
:10CDA0004C70EC6EF86EFE6E3F6FF26E316FEF6E90
:10CDB000326FCC6E3E6F136FF76E866F7A6F786F3F
:10CDC000816F806F6F6F5B6FF36F6D6F826F7C6FC2
:10CDD000586F8E6F916FC26F666FB36FA36FA16F45
:10CDE000A46FB96FC66FAA6FDF6FD56FEC6FD46F8A
:10CDF000D86FF16FEE6FDB6F09700B70FA6F117007
:10CE000001700F70FE6F1B701A70746F1D701870B8
:10CE10001F7030703E7032705170637099709270F4
:10CE2000AF70F170AC70B870B370AE70DF70CB7073
:10CE3000DD70D9700971FD701C71197165715571C2
:10CE40008871667162714C7156716C718F71FB7172
:10CE500084719571A871AC71D771B971BE71D271BD
:10CE6000C971D471CE71E071EC71E771F571FC712B
:10CE7000F971FF710D7210721B7228722D722C7273
:10CE8000307232723B723C723F72407246724B7229
:10CE9000587274727E728272817287729272967206
:10CEA000A272A772B972B272C372C672C472CE7223
:10CEB000D272E272E072E172F972F7720F50177378
:10CEC0000A731C7316731D7334732F7329732573C0
:10CED0003E734E734F73D89E57736A736873707343
:10CEE000787375737B737A73C873B373CE73BB73C4
:10CEF000C073E573EE73DE73A27405746F742574EA
:10CF0000F87332743A7455743F745F745974417491
:10CF10005C746974707463746A7476747E748B74F0
:10CF20009E74A774CA74CF74D474F173E074E374FC
:10CF3000E774E974EE74F274F074F174F874F774D1
:10CF40000475037505750C750E750D7515751375DE
:10CF50001E7526752C753C7544754D754A75497559
:10CF60005B7546755A756975647567756B756D7512
:10CF7000787576758675877574758A758975827505
:10CF800094759A759D75A575A375C275B375C375AE
:10CF9000B575BD75B875BC75B175CD75CA75D275E9
:10CFA000D975E375DE75FE75FF75FC750176F07554
:10CFB000FA75F275F3750B760D7609761F7627767E
:10CFC0002076217622762476347630763B76477644
:10CFD000487646765C7658766176627668766976CB
:10CFE0006A7667766C7670767276767678767C7608
:10CFF0008076837688768B768E769676937699761B
:10D000009A76B076B476B876B976BA76C276CD76B8
:10D01000D676D276DE76E176E576E776EA762F8604
:10D02000FB76087707770477297724771E772577AB
:10D0300026771B773777387747775A7768776B7714
:10D040005B7765777F777E7779778E778B77917748
:10D05000A0779E77B077B677B977BF77BC77BD7783
:10D06000BB77C777CD77D777DA77DC77E377EE775B
:10D07000FC770C781278267920782A7945788E7892
:10D08000747886787C789A788C78A378B578AA7842
:10D09000AF78D178C678CB78D478BE78BC78C578AC
:10D0A000CA78EC78E778DA78FD78F478077912793D
:10D0B000117919792C792B794079607957795F79D1
:10D0C0005A79557953797A797F798A799D79A779CF
:10D0D0004B9FAA79AE79B379B979BA79C979D579FB
:10D0E000E779EC79E179E379087A0D7A187A197A97
:10D0F000207A1F7A8079317A3B7A3E7A377A437A7E
:10D10000577A497A617A627A697A9D9F707A797AD8
:10D110007D7A887A977A957A987A967AA97AC87A6F
:10D12000B07AB67AC57AC47ABF7A8390C77ACA7A57
:10D13000CD7ACF7AD57AD37AD97ADA7ADD7AE17A6A
:10D14000E27AE67AED7AF07A027B0F7B0A7B067B45
:10D15000337B187B197B1E7B357B287B367B507B92
:10D160007A7B047B4D7B0B7B4C7B457B757B657BA6
:10D17000747B677B707B717B6C7B6E7B9D7B987B0C
:10D180009F7B8D7B9C7B9A7B8B7B927B8F7B5D7B5C
:10D19000997BCB7BC17BCC7BCF7BB47BC67BDD7BA0
:10D1A000E97B117C147CE67BE57B607C007C077C62
:10D1B000137CF37BF77B177C0D7CF67B237C277C31
:10D1C0002A7C1F7C377C2B7C3D7C4C7C437C547CB4
:10D1D0004F7C407C507C587C5F7C647C567C657CBA
:10D1E0006C7C757C837C907CA47CAD7CA27CAB7CCD
:10D1F000A17CA87CB37CB27CB17CAE7CB97CBD7CCC
:10D20000C07CC57CC27CD87CD27CDC7CE27C3B9B35
:10D21000EF7CF27CF47CF67CFA7C067D027D1C7D42
:10D22000157D0A7D457D4B7D2E7D327D3F7D357D93
:10D23000467D737D567D4E7D727D687D6E7D4F7D12
:10D24000637D937D897D5B7D8F7D7D7D9B7DBA7DBB
:10D25000AE7DA37DB57DC77DBD7DAB7D3D7EA27DD1
:10D26000AF7DDC7DB87D9F7DB07DD87DDD7DE47DAB
:10D27000DE7DFB7DF27DE17D057E0A7E237E217EC3
:10D28000127E317E1F7E097E0B7E227E467E667E6A
:10D290003B7E357E397E437E377E327E3A7E677EA8
:10D2A0005D7E567E5E7E597E5A7E797E6A7E697E7E
:10D2B0007C7E7B7E837ED57D7D7EAE8F7F7E887EED
:10D2C000897E8C7E927E907E937E947E967E8E7EEC
:10D2D0009B7E9C7E387F3A7F457F4C7F4D7F4E7F83
:10D2E000507F517F557F547F587F5F7F607F687F7D
:10D2F000697F677F787F827F867F837F887F877F54
:10D300008C7F947F9E7F9D7F9A7FA37FAF7FB27F2C
:10D31000B97FAE7FB67FB87F718BC57FC67FCA7F6E
:10D32000D57FD47FE17FE67FE97FF37FF97FDC98CB
:10D33000068004800B801280188019801C80218058
:10D3400028803F803B804A804680528058805A80A7
:10D350005F80628068807380728070807680798060
:10D360007D807F808480868085809B8093809A806A
:10D37000AD809051AC80DB80E580D980DD80C480B9
:10D38000DA80D6800981EF80F1801B812981238199
:10D390002F814B818B9646813E8153815181FC8048
:10D3A00071816E81658166817481838188818A81C2
:10D3B00080818281A0819581A481A3815F819381F5
:10D3C000A981B081B581BE81B881BD81C081C28192
:10D3D000BA81C981CD81D181D981D881C881DA81D1
:10D3E000DF81E081E781FA81FB81FE810182028297
:10D3F000058207820A820D821082168229822B8280
:10D40000388233824082598258825D825A825F829A
:10D410006482628268826A826B822E8271827782E3
:10D4200078827E828D829282AB829F82BB82AC8226
:10D43000E182E382DF82D282F482F382FA829383F2
:10D440000383FB82F982DE820683DC820983D98230
:10D450003583348316833283318340833983508309
:10D4600045832F832B831783188385839A83AA830D
:10D470009F83A283968323838E8387838A837C837F
:10D48000B58373837583A0838983A883F48313840E
:10D49000EB83CE83FD830384D8830B84C183F7831E
:10D4A0000784E083F2830D8422842084BD83388442
:10D4B0000685FB836D842A843C845A858484778422
:10D4C0006B84AD846E848284698446842C846F84EA
:10D4D00079843584CA846284B984BF849F84D98462
:10D4E000CD84BB84DA84D084C184C684D684A184EC
:10D4F0002185FF84F484178518852C851F85158563
:10D500001485FC844085638558854885418502865D
:10D510004B8555858085A485888591858A85A885D4
:10D520006D8594859B85EA8587859C8577857E8535
:10D530009085C985BA85CF85B985D085D585DD85A6
:10D54000E585DC85F9850A8613860B86FE85FA85D6
:10D55000068622861A8630863F864D86554E54862C
:10D560005F86678671869386A386A986AA868B8640
:10D570008C86B686AF86C486C686B086C986238862
:10D58000AB86D486DE86E986EC86DF86DB86EF8690
:10D5900012870687088700870387FB86118709871C
:10D5A0000D87F9860A8734873F8737873B8725872A
:10D5B00029871A8760875F8778874C874E877487AB
:10D5C000578768876E875987538763876A87058877
:10D5D000A2879F878287AF87CB87BD87C087D08789
:10D5E000D696AB87C487B387C787C687BB87EF87C5
:10D5F000F287E0870F880D88FE87F687F7870E8809
:10D60000D287118816881588228821883188368823
:10D61000398827883B8844884288528859885E88A0
:10D6200062886B8881887E889E8875887D88B588A9
:10D630007288828897889288AE889988A2888D8817
:10D64000A488B088BF88B188C388C488D488D888A3
:10D65000D988DD88F9880289FC88F488E888F2880E
:10D6600004890C890A89138943891E8925892A8995
:10D670002B89418944893B89368938894C891D89A0
:10D6800060895E89668964896D896A896F89748910
:10D6900077897E89838988898A8993899889A189EC
:10D6A000A989A689AC89AF89B289BA89BD89BF89A0
:10D6B000C089DA89DC89DD89E789F489F889038AF8
:10D6C000168A108A0C8A1B8A1D8A258A368A418A04
:10D6D0005B8A528A468A488A7C8A6D8A6C8A628A08
:10D6E000858A828A848AA88AA18A918AA58AA68A3A
:10D6F0009A8AA38AC48ACD8AC28ADA8AEB8AF38A92
:10D70000E78AE48AF18A148BE08AE28AF78ADE8A61
:10D71000DB8A0C8B078B1A8BE18A168B108B178B8D
:10D72000208B338BAB97268B2B8B3E8B288B418B9F
:10D730004C8B4F8B4E8B498B568B5B8B5A8B6B8BE9
:10D740005F8B6C8B6F8B748B7D8B808B8C8B8E8BBC
:10D75000928B938B968B998B9A8B3A8C418C3F8CC6
:10D76000488C4C8C4E8C508C558C628C6C8C788C8C
:10D770007A8C828C898C858C8A8C8D8C8E8C948C06
:10D780007C8C988C1D62AD8CAA8CBD8CB28CB38CB9
:10D79000AE8CB68CC88CC18CE48CE38CDA8CFD8C9E
:10D7A000FA8CFB8C048D058D0A8D078D0F8D0D8DE8
:10D7B000108D4E9F138DCD8C148D168D678D6D8DB4
:10D7C000718D738D818D998DC28DBE8DBA8DCF8DEA
:10D7D000DA8DD68DCC8DDB8DCB8DEA8DEB8DDF8D0B
:10D7E000E38DFC8D088E098EFF8D1D8E1E8E108E92
:10D7F0001F8E428E358E308E348E4A8E478E498EE5
:10D800004C8E508E488E598E648E608E2A8E638E1A
:10D81000558E768E728E7C8E818E878E858E848ECE
:10D820008B8E8A8E938E918E948E998EAA8EA18ED7
:10D83000AC8EB08EC68EB18EBE8EC58EC88ECB8E8F
:10D84000DB8EE38EFC8EFB8EEB8EFE8E0A8F058FB9
:10D85000158F128F198F138F1C8F1F8F1B8F0C8F9B
:10D86000268F338F3B8F398F458F428F3E8F4C8F62
:10D87000498F468F4E8F578F5C8F628F638F648F77
:10D880009C8F9F8FA38FAD8FAF8FB78FDA8FE58F70
:10D89000E28FEA8FEF8F8790F48F0590F98FFA8FE0
:10D8A0001190159021900D901E9016900B9027903E
:10D8B000369035903990F88F4F905090519052900B
:10D8C0000E9049903E90569058905E9068906F9060
:10D8D0007690A896729082907D90819080908A90A8
:10D8E00089908F90A890AF90B190B590E290E4901D
:10D8F0004862DB90029112911991329130914A91D4
:10D9000056915891639165916991739172918B9140
:10D9100089918291A291AB91AF91AA91B591B49165
:10D92000BA91C091C191C991CB91D091D691DF911B
:10D93000E191DB91FC91F591F6911E92FF91149289
:10D940002C92159211925E9257924592499264924E
:10D95000489295923F924B9250929C9296929392BB
:10D960009B925A92CF92B992B792E9920F93FA9200
:10D9700044932E93199322931A9323933A933593B6
:10D980003B935C9360937C936E935693B093AC936C
:10D99000AD939493B993D693D793E893E593D893A3
:10D9A000C393DD93D093C893E4931A94149413947F
:10D9B00003940794109436942B94359421943A94BC
:10D9C0004194529444945B94609462945E946A94FB
:10D9D00029927094759477947D945A947C947E9453
:10D9E00081947F94829587958A959495969598953C
:10D9F0009995A095A895A795AD95BC95BB95B9951A
:10DA0000BE95CA95F66FC395CD95CC95D595D49511
:10DA1000D695DC95E195E595E295219628962E968A
:10DA20002F9642964C964F964B9677965C965E96BE
:10DA30005D965F96669672966C968D96989695967C
:10DA40009796AA96A796B196B296B096B496B696C1
:10DA5000B896B996CE96CB96C996CD964D89DC965A
:10DA60000D97D596F99604970697089713970E97F2
:10DA700011970F971697199724972A9730973997E8
:10DA80003D973E97449746974897429749975C97AA
:10DA90006097649766976897D2526B97719779975A
:10DAA00085977C9781977A9786978B978F97909792
:10DAB0009C97A897A697A397B397B497C397C69731
:10DAC000C897CB97DC97ED974F9FF297DF7AF69741
:10DAD000F5970F980C9838982498219837983D9886
:10DAE00046984F984B986B986F9870987198749867
:10DAF0007398AA98AF98B198B698C498C398C698E6
:10DB0000E998EB9803990999129914991899219910
:10DB10001D991E99249920992C992E993D993E99E9
:10DB200042994999459950994B99519952994C99D3
:10DB3000559997999899A599AD99AE99BC99DF99FE
:10DB4000DB99DD99D899D199ED99EE99F199F299EE
:10DB5000FB99F899019A0F9A059AE299199A2B9ACA
:10DB6000379A459A429A409A439A3E9A559A4D9AC4
:10DB70005B9A579A5F9A629A659A649A699A6B9AC5
:10DB80006A9AAD9AB09ABC9AC09ACF9AD19AD39A0F
:10DB9000D49ADE9ADF9AE29AE39AE69AEF9AEB9A9F
:10DBA000EE9AF49AF19AF79AFB9A069B189B1A9BA5
:10DBB0001F9B229B239B259B279B289B299B2A9B62
:10DBC0002E9B2F9B329B449B439B4F9B4D9B4E9B7D
:10DBD000519B589B749B939B839B919B969B979B7C
:10DBE0009F9BA09BA89BB49BC09BCA9BB99BC69BB9
:10DBF000CF9BD19BD29BE39BE29BE49BD49BE19B7D
:10DC00003A9CF29BF19BF09B159C149C099C139CE5
:10DC10000C9C069C089C129C0A9C049C2E9C1B9CA1
:10DC2000259C249C219C309C479C329C469C3E9C7D
:10DC30005A9C609C679C769C789CE79CEC9CF09C32
:10DC4000099D089DEB9C039D069D2A9D269DAF9DE9
:10DC5000239D1F9D449D159D129D419D3F9D3E9D71
:10DC6000469D489D5D9D5E9D649D519D509D599D25
:10DC7000729D899D879DAB9D6F9D7A9D9A9DA49D68
:10DC8000A99DB29DC49DC19DBB9DB89DBA9DC69DD9
:10DC9000CF9DC29DD99DD39DF89DE69DED9DEF9DA5
:10DCA000FD9D1A9E1B9E1E9E759E799E7D9E819E49
:10DCB000889E8B9E8C9E929E959E919E9D9EA59EDB
:10DCC000A99EB89EAA9EAD9E6197CC9ECE9ECF9EE9
:10DCD000D09ED49EDC9EDE9EDD9EE09EE59EE89E6C
:10DCE000EF9EF49EF69EF79EF99EFB9EFC9EFD9E87
:10DCF000079F089FB776159F219F2C9F3E9F4A9FA5
:10DD0000529F549F639F5F9F609F619F669F679F25
:10DD10006C9F6A9F779F729F769F959F9C9FA09F05
:10DD20002F58C76959906474DC5199710000000044
:10DD30009C4E1655035A3F96C0541B612863F659F2
:10DD4000229075841C83507AAA60E163256EED658C
:10DD50006684A682F59B93682757A16571629B5BD9
:10DD6000D0597B86F498627DBE7D8E9B16629F7C27
:10DD7000B788895BB55E096397664868C7958D97D4
:10DD80004F67E54E0A4F4D4F9D4F4950F256375958
:10DD9000D459015A095CDF600F617061136605692F
:10DDA000BA704F757075FB79AD7DEF7DC3800E84C1
:10DDB0006388028B55907A903B53954EA54EDF5762
:10DDC000B280C190EF78004EF158A26E3890327A4E
:10DDD00028838B822F9C41517053BD54E154E056EF
:10DDE000FB59155FF298EB6DE4802D856296709675
:10DDF000A096FB970B54F353875BCF70BD7FC28F08
:10DE0000E8966F535C9DBA7A114E9378FC81266E2A
:10DE1000185604551D6B1A853B9CE559A953666D30
:10DE2000DC748F954256914E4B90F2964F830C992D
:10DE3000E153B655305B715F2066F3660468386C59
:10DE4000F36C296D5B74C8764E7A3498F1825B88E6
:10DE5000608AED92B26DAB75CA76C599A660018BEA
:10DE60008A8DB2958E69AD538651125730584459F8
:10DE7000B45BF65E2860A963F463BF6C146F8E70A8
:10DE800014715971D5713F73017E7682D182978565
:10DE900060905B921B9D6958BC655A6C2575F95161
:10DEA0002E596559805FDC5FBC62FA652A6A276B70
:10DEB000B46B8B73C17F56892C9D0E9DC49EA15C53
:10DEC000966C7B8304514B5CB661C6817668617247
:10DED000594EFA4F78536960296E4F7AF3970B4E7B
:10DEE0001653EE4E554F3D4FA14F734FA052EF5377
:10DEF00009560F59C15AB65BE15BD17987669C67B9
:10DF0000B6674C6BB36C6B70C2738D79BE793C7A1B
:10DF1000877BB182DB8204837783EF83D383668739
:10DF2000B28A2956A88CE68F4E901E978A86C44FD7
:10DF3000E85C116259723B75E581BD82FE86C08C3A
:10DF4000C5961399D599CB4E1A4FE389DE564A5898
:10DF5000CA58FB5EEB5F2A6094606260D061126217
:10DF6000D0623965419B6666B068776D70704C759C
:10DF70008676757DA582F9878B958E969D8CF1515D
:10DF8000BE521659B354B35B165D68618269AF6DBA
:10DF90008D78CB845788728AA793B89A6C6DA899AC
:10DFA000D986A357FF67CE860E92835287560454B4
:10DFB000D35EE162B9643C683868BB6B7273BA784F
:10DFC0006B7A9A89D2896B8D038FED90A395949685
:10DFD0006997665BB35C7D694D984E989B63207B27
:10DFE0002B6A7F6AB6680D9C5F6F72529D55706098
:10DFF000EC623B6D076ED16E5B841089448F144ECA
:10E00000399CF6531B693A6A84972A685C51C37A33
:10E01000B284DC918C935B56289D22680583318401
:10E02000A57C0852C582E6747E4E834FA051D25B18
:10E030000A52D852E752FB5D9A552A58E6598C5B32
:10E04000985BDB5B725E795EA3601F616361BE619A
:10E05000DB636265D1675368FA683E6B536B576C3C
:10E06000226F976F456FB0741875E3760B77FF7A60
:10E07000A17B217CE97D367FF07F9D8066829E8337
:10E08000B389CC8AAB8C8490519493959195A29549
:10E090006596D39728991882384E2B54B85CCC5D7E
:10E0A000A9734C763C77A95CEB7F0B8DC1961198D8
:10E0B00054985898014F0E4F71539C556856FA5713
:10E0C0004759095BC45B905C0C5E7E5ECC5FEE637F
:10E0D0003A67D765E2651F67CB68C4685F6A305EE0
:10E0E000C56B176C7D6C7F754879635B007A007D2A
:10E0F000BD5F8F89188AB48C778DCC8E1D8FE29886
:10E100000E9A3C9B804E7D50005193599C5B2F6230
:10E110008062EC643A6BA07291754779A97FFB87A6
:10E12000BC8A708BAC63CA83A09709540354AB5567
:10E130005468586A708A27787567CD9E7453A25BBD
:10E140001A8150860690184E454EC74E114FCA533D
:10E150003854AE5B135F256051653D67426C726C4D
:10E16000E36C78700374767AAE7A087B1A7DFE7C55
:10E17000667DE7655B72BB53455CE85DD262E06239
:10E180001963206E5A86318ADD8DF892016FA67967
:10E190005A9BA84EAB4EAC4E9B4FA04FD15047510F
:10E1A000F67A7151F651545321537F53EB53AC55CA
:10E1B0008358E15C375F4A5F2F6050606D601F637A
:10E1C00059654B6AC16CC272ED72EF77F8800581B8
:10E1D00008824E85F790E193FF9757995A9AF04E2F
:10E1E000DD512D5C81666D69405CF26675698973ED
:10E1F0005068817CC550E4524757FE5D2693A46564
:10E20000236B3D6B34748179BD794B7BCA7DB982B8
:10E21000CC837F885F89398BD18FD1911F548092B5
:10E220005D4E3650E5533A53D7729673E977E682DE
:10E23000AF8EC699C899D29977511A615E86B0554A
:10E240007A7A7650D35B47908596324EDB6AE791B7
:10E25000515C485C98639F7A936C7497618FAA7A3B
:10E260008A718896827C1768707E51686C93F2522E
:10E270001B54AB85138AA47FCD8EE19066538888AA
:10E280004179C24FBE501152445153552D57EA7334
:10E290008B575159625F845F756076616761A961D0
:10E2A000B2633A646C656F664268136E66753D7A58
:10E2B000FB7C4C7D997D4B7E6B7F0E834A83CD86A4
:10E2C000088A638A668BFD8E1A988F9DB882CE8FDE
:10E2D000E89B87521F628364C06F99964168915092
:10E2E000206B7A6C546F747A507D4088238A08675B
:10E2F000F64E3950265065507C5138526352A7551E
:10E300000F570558CC5AFA5EB261F861F362726336
:10E310001C69296A7D72AC722E7314786F78797DCE
:10E320000C77A9808B89198BE28CD28E63907593C0
:10E330007A965598139A789E43519F53B3537B5EB8
:10E34000265F1B6E906E8473FE73437D3782008A56
:10E35000FA8A50964E4E0B50E4537C54FA56D159DB
:10E36000645BF15DAB5E275F38624565AF67566EF3
:10E37000D072CA7CB488A180E180F0834E86878AFF
:10E38000E88D3792C7966798139F944E924E0D4F23
:10E39000485349543E542F5A8C5FA15F9F60A76831
:10E3A0008E6A5A7481789E8AA48A778B90915E4E89
:10E3B000C99BA44E7C4FAF4F1950165049516C5118
:10E3C0009F52B952FE529A53E35311540E54895539
:10E3D0005157A2577D59545B5D5B8F5BE55DE75DEF
:10E3E000F75D785E835E9A5EB75E185F52604C613F
:10E3F0009762D862A7633B6502664366F4666D6701
:10E4000021689768CB695F6C2A6D696D2F6E9D6E70
:10E41000327587766C783F7AE07C057D187D5E7D6D
:10E42000B17D15800380AF80B18054818F812A82B5
:10E4300052834C8861881B8BA28CFC8CCA9075918E
:10E4400071923F78FC92A4954D9605989999D89A27
:10E450003B9D5B52AB52F7530854D558F762E06FBF
:10E460006A8C5F8FB99E4B513B524A54FD56407A9D
:10E470007791609DD29E4473096F70811175FD5F25
:10E48000DA60A89ADB72BC8F646B0398CA4EF056B0
:10E490006457BE585A5A6860C7610F660666396885
:10E4A000B168F76DD5753A7D6E82429B9B4E504F99
:10E4B000C95306556F5DE65DEE5DFB67996C73743D
:10E4C0000278508A9693DF885057A75E2B63B55029
:10E4D000AC508D510067C9545E58BB59B05B695F41
:10E4E0004D62A1633D68736B086E7D70C791807249
:10E4F000157826786D798E65307DDC83C188098F2B
:10E500009B966452285750676A7FA18CB45142573A
:10E510002A963A588A69B480B2540E5DFC579578B1
:10E52000FA9D5C4F4A528B543E6428661467F56727
:10E53000847A567B227D2F935C68AD9B397B19537F
:10E540008A513752DF5BF662AE64E6642D67BA6BC0
:10E55000A985D1969076D69B4C630693AB9BBF76EC
:10E560005266094E9850C253715CE86092646365CC
:10E570005F68E671CA732375977B827E9586838B6D
:10E58000DB8C78911099AC65AB668B6BD54ED44E15
:10E590003A4F7F4F3A52F853F253E355DB56EB585C
:10E5A000CB59C959FF59505B4D5C025E2B5ED75F5A
:10E5B0001D6007632F655C5BAF65BD65E8659D67A2
:10E5C000626B7B6B0F6C45734979C179F87C197D5F
:10E5D0002B7DA2800281F38196895E8A698A668A90
:10E5E0008C8AEE8AC78CDC8CCC96FC986F6B8B4E39
:10E5F0003C4F8D4F5051575BFA5B48610163426657
:10E60000216BCB6EBB6C3E72BD74D475C1783A7908
:10E610000C803380EA8194849E8F506C7F9E0F5FC4
:10E62000588B2B9DFA7AF88E8D5BEB96034EF15347
:10E63000F7573159C95AA45B89607F6E066FBE7562
:10E64000EA8C9F5B0085E07B7250F4679D82615C81
:10E650004A851E7E0E829951045C6863668D9C65B6
:10E660006E713E79177D05801D8BCA8E6E90C786B0
:10E67000AA901F50FA523A5C53677C7035724C91E5
:10E68000C8912B93E582C25B315FF9603B4ED65354
:10E69000885B4B6231678A6BE972E0732E7A6B811B
:10E6A000A38D529196991251D7536A54FF5B886398
:10E6B000396AAC7D0097DA56CE536854975B315C6B
:10E6C000DE5DEE4F0161FE62326DC079CB79427D35
:10E6D0004D7ED27FED811F82908446887289908B17
:10E6E000748E2F8F31904B916C91C6969C91C04E39
:10E6F0004F4F45514153935F0E62D467416C0B6E8F
:10E700006373267ECD918392D4531959BF5BD16D2B
:10E710005D792E7E9B7C7E589F71FA515388F08FD5
:10E72000CA4FFB5C2566AC77E37A1C82FF99C65121
:10E73000AA5FEC656F69896BF36D966E646FFE7608
:10E74000147DE15D759087910698E6511D524062F7
:10E750009166D9661A6EB65ED27D727FF866AF8515
:10E76000F785F88AA952D95373598F5E905F556027
:10E77000E4926496B7501F51DD5220534753EC5337
:10E78000E8544655315517566859BE593C5AB55B41
:10E79000065C0F5C115C1A5C845E8A5EE05E705FF2
:10E7A0007F628462DB628C63776307660C662D662A
:10E7B00076667E67A2681F6A356ABC6C886D096ED2
:10E7C000586E3C7126716771C77501775D78017964
:10E7D0006579F079E07A117BA77C397D9680D683C4
:10E7E0008B8449855D88F3881F8A3C8A548A738AA2
:10E7F000618CDE8CA49166927E9318949C96989777
:10E800000A4E084E1E4E574E97517052CE573458EE
:10E81000CC58225B385EC560FE6461675667446D04
:10E82000B6727375637AB884728BB891209331563F
:10E83000F457FE98ED620D69966BED71547E77800A
:10E840007282E689DF985587B18F3B5C384FE14F84
:10E85000B54F0755205ADD5BE95BC35F4E612F63FF
:10E86000B0654B66EE689B69786DF16D3375B9756F
:10E870001F775E79E679337DE381AF82AA85AA8925
:10E880003A8AAB8E9B8F3290DD910797BA4EC14E7C
:10E8900003527558EC580B5C1A753D5C4E810A8A20
:10E8A000C58F63966D97257BCF8A08986291F35642
:10E8B000A853179039548257255EA863346C8A7028
:10E8C00061778B7CE07F708842905491109318930D
:10E8D0008F965E74C49A075D695D7065A267A88DA6
:10E8E000DB966E6349671969C5831798C096FE88E1
:10E8F000846F7A64F85B164E2C705D752F66C45178
:10E900003652E252D359815F276010623F657465C9
:10E910001F667466F2681668636B056E72721F7507
:10E92000DB76BE7C5680F058FD887F89A08A938A6A
:10E93000CB8A1D9092915297599789650E7A0681DC
:10E94000BB962D5EDC601A62A56514669067F3774E
:10E950004D7A4D7C3E7E0A81AC8C648DE18D5F8E5C
:10E96000A9780752D962A563426498622D8A837A96
:10E97000C07BAC8AEA96767D0C824987D94E485195
:10E9800043536053A35B025C165CDD5D2662476205
:10E99000B06413683468C96C456D176DD3675C6FDC
:10E9A0004E717D71CB657F7AAD7BDA7D4A7EA87F23
:10E9B0007A811B823982A6856E8ACE8CF58D7890FD
:10E9C0007790AD9291928395AE9B4D528455386F5E
:10E9D000367168518579557EB381CE7C4C5651583D
:10E9E000A85CAA63FE66FD665A69D9728F758E753A
:10E9F0000E795679DF79977C207D447D0786348AAD
:10EA00003B966190209FE7507552CC53E2530950DA
:10EA1000AA55EE584F593D728B5B645C1D53E36001
:10EA2000F3605C6383633F63BB63CD64E965F96650
:10EA3000E35DCD69FD69156FE571894EE975F8767D
:10EA4000937ADF7CCF7D9C7D6180498358836C8481
:10EA5000BC84FB85C588708D01906D9097931C9741
:10EA6000129ACF5097588E61D3813585088D2090AA
:10EA7000C34F7450475273536F6049635F672C6E86
:10EA8000B38D1F90D74F5E5CCA8CCF659A7D525371
:10EA900096887651C363585B6B5B0A5C0D64516763
:10EAA0005C90D64E1A592A59706C518A3E551558A9
:10EAB000A559F0605362C167358255694096C49983
:10EAC000289A534F0658FE5B1080B15C2F5E855F1D
:10EAD00020604B613462FF66F06CDE6ECE807F8119
:10EAE000D4828B88B88C00902E908A96DB9EDB9B1C
:10EAF000E34EF05327592C7B8D914C98F99DDD6E98
:10EB0000277053534455855B58629E62D362A26C52
:10EB1000EF6F2274178A3894C16FFE8A3883E751E9
:10EB2000F886EA53E953464F5490B08F6A593181C1
:10EB3000FD5DEA7ABF8FDA68378CF872489C3D6ACF
:10EB4000B08A394E585306566657C562A263E665C9
:10EB50004E6BE16D5B6EAD70ED77EF7AAA7BBB7D9E
:10EB60003D80C680CB86958A5B93E356C7583E5F4F
:10EB7000AD659666806AB56B3775C78A2450E577B0
:10EB800030571B5F65607A66606CF4751A7A6E7F29
:10EB9000F48118874590B399C97B5C75F97A517BEC
:10EBA000C4841090E979927A3683E15A40772D4EE9
:10EBB000F24E995BE05FBD623C66F167E86C6B8684
:10EBC00077883B8A4E91F392D099176A26702A7300
:10EBD000E7825784AF8C014E4651CB518B55F55B84
:10EBE000165E335E815E145F355F6B5FB45FF2610A
:10EBF0001163A2661D676E6F52723A753A77748020
:10EC0000398178817687BF8ADC8A858DF38D9A92E7
:10EC100077950298E59CC5525763F4761567886C22
:10EC2000CD73C38CAE937396256D9C580E69CC69D9
:10EC3000FD8F9A93DB751A905A580268B463FB698A
:10EC4000434F2C6FD867BB8F2685B47D54933F69A3
:10EC5000706F6A57F7582C5B2C7D2A720A54E39127
:10EC6000B49DAD4E4E4F5C50755043529E8C4854EF
:10EC700024589A5B1D5E955EAD5EF75E1F5F8C60EB
:10EC8000B5623A63D063AF68406C87788E790B7A4F
:10EC9000E07D4782028AE68A448E1390B8902D91D7
:10ECA000D8910E9FE56C5864E2647565F46E8476C5
:10ECB0001B7B6990D193BA6EF254B95FA4644D8FF7
:10ECC000ED8F449278516B582959555C975EFB6DD6
:10ECD0008F7E1C75BC8CE28E5B98B9701D4FBF6B2C
:10ECE000B16F3075FB964E51105435585758AC598A
:10ECF000605C925F97655C67216E7B76DF83ED8C4D
:10ED00001490FD904D9325783A78AA52A65E1F572D
:10ED10007459126012505A51AC51CD5100521055D5
:10ED2000545858585759955BF65C8B5DBC6095629A
:10ED30002D6471674368BC68DF68D776D86D6F6EE5
:10ED40009B6D6F70C871535FD8757779497B547B21
:10ED5000527BD67C717D305263846985E4850E8A4E
:10ED6000048B468C0F8E03900F90199476962D98F5
:10ED7000309AD895CD50D5520C5402580E5CA761EC
:10ED80009E641E6DB377E57AF48004845390859277
:10ED9000E05C079D3F53975FB35F9C6D797263772B
:10EDA000BF79E47BD26BEC72AD8A0368616AF8517B
:10EDB000817A34694A5CF69CEB82C55B49911E708E
:10EDC00078566F5CC76066658C6C5A8C419013985E
:10EDD0005154C7660D924859A39085514D4EEA5142
:10EDE00099850E8B58707A634B936269B499047E4F
:10EDF000777557536069DF8EE3965D6C8C4E3C5C93
:10EE0000105FE98F0253D18C89807986FF5EE565BA
:10EE1000734E655182593F5CEE97FB4E8A59CD5F28
:10EE20008D8AE16FB0796279E75B71842B73B17180
:10EE3000745EF55F7B639A64C371987C434EFC5E9D
:10EE40004B4EDC57A256A960C36F0D7DFD80338108
:10EE5000BF81B28F9789A486F45D8A62AD64878989
:10EE60007767E26C3E6D36743478465A757FAD82B2
:10EE7000AC99F34FC35EDD62926357656F67C376EB
:10EE80004C72CC80BA80298F4D910D50F957925A0F
:10EE9000856873696471FD72B78CF258E08C6A966C
:10EEA00019907F87E479E77729842F4F65525A5369
:10EEB000CD62CF67CA6C7D76947B957C36828485E3
:10EEC000EB8FDD66206F06721B7EAB83C199A69E19
:10EED000FD51B17B7278B87B8780487BE86A615EC0
:10EEE0008C80517560756B5162928C6E7A769791B9
:10EEF000EA9A104F707F9C624F7BA595E99C7A56E9
:10EF00005958E486BC96344F24524A53CD53DB53B0
:10EF1000065E2C6491657F673E6C4E6C4872AF72E2
:10EF2000ED735475417E2C82E985A98CC47BC69112
:10EF300069711298EF983D6369666A75E476D078D6
:10EF40004385EE862A53515326548359875E7C5F4E
:10EF5000B26049627962AB629065D46BCC6CB27579
:10EF6000AE769178D879CB7D777FA580AB88B98A4A
:10EF7000BB8C7F905E97DB980B6A387C99503E5C27
:10EF8000AE5F8767D86B357409778E7F3B9FCA6702
:10EF9000177A39538B75ED9A665F9D81F18398805E
:10EFA0003C5FC55F6275467B3C906768EB599B5A36
:10EFB000107D7E762C8BF54F6A5F196A376C026F75
:10EFC000E27468796888558A798CDF5ECF63C5758D
:10EFD000D279D7822893F2929C84ED862D9CC154DD
:10EFE0006C5F8C655C6D1570A78CD38C3B984F65FE
:10EFF000F6740D4ED84EE0572B59665ACC5BA8518B
:10F00000035E9C5E166076627765A7656E666E6DC0
:10F010003672267B50819A8199825C8BA08CE68C1B
:10F02000748D1C964496AE4FAB64666B1E826184F1
:10F030006A85E890015C5369A8987A8457850F4FD8
:10F040006F52A95F455E0D678F797981078986893F
:10F05000F56D175F5562B86CCF4E6972929B065280
:10F060003B547456B358A4616E621A716E59897C10
:10F07000DE7C1B7DF09687655E80194E754F75515D
:10F080004058635E735E0A5FC467264E3D8589956E
:10F090005B96737C0198FB50C1585676A778255231
:10F0A000A5771185867B4F5009594772C77BE87D4C
:10F0B000BA8FD48F4D90BF4FC952295A015FAD9777
:10F0C000DD4F1782EA9203575563696B2B75DC8815
:10F0D000148F427ADF52935855610A62AE66CD6B47
:10F0E0003F7CE9832350F84F055346543158495922
:10F0F0009D5BF05CEF5C295D965EB16267633E6587
:10F10000B9650B67D56CE16CF97032782B7EDE80C7
:10F11000B3820C84EC84028712892A8A4A8CA690D6
:10F12000D292FD98F39C6C9D4F4EA14E8D5056523D
:10F130004A57A8593D5ED85FD95F3F62B4661B67E6
:10F14000D067D2689251217DAA80A881008B8C8CD7
:10F15000BF8C7E92329620542C981753D5505C5316
:10F16000A858B264346767726677467AE691C352EC
:10F17000A16C866B00584C5E54592C67FB7FE151A3
:10F18000C6766964E878549BBB9ECB57B95927660D
:10F190009A67CE6BE954D969555E9C819567AA9BA5
:10F1A000FE67529C5D68A64EE34FC853B9622B6759
:10F1B000AB6CC48FAD4F6D7EBF9E074E6261806E9B
:10F1C0002B6F138573542A67459BF35D957BAC5C6D
:10F1D000C65B1C874A6ED184147A088199598D7C4C
:10F1E000116C2077D952225921715F72DB772797F2
:10F1F000619D0B697F5A185AA5510D547D540E66B6
:10F20000DF76F78F9892F49CEA595D72C56E4D5186
:10F21000C968BF7DEC7D6297BA9E7864216A0283DB
:10F2200084595F5BDB6B1B73F276B27D1780998428
:10F2300032512867D99EEE766267FF520599245CA9
:10F240003B627E7CB08C4F55B6600B7D8095015340
:10F250005F4EB6511C593A723680CE91255FE277E7
:10F260008453795F047DAC85338A8D8E5697F3671E
:10F27000AE85539409610861B96C5276ED8A388F76
:10F280002F55514F2A51C752CB53A55B7D5EA060CD
:10F290008261D6630967DA67676E8C6D3673377380
:10F2A00031755079D588988A4A909190F590C49696
:10F2B0008D871559884E594F0E4E898A3F8F109869
:10F2C000AD507C5E9659B95BB85EDA63FA63C1648F
:10F2D000DC664A69D8690B6DB66E94712875AF7A91
:10F2E0008A7F00804984C9848189218B0A8E659038
:10F2F0007D960A997E619162326B836C746DCC7FCE
:10F30000FC7FC06D857FBA87F8886567B1833C98BC
:10F31000F7961B6D617D3D846A91714E7553505D0A
:10F32000046BEB6FCD852D86A78929520F54655C40
:10F330004E67A86806748374E275CF88E188CC9123
:10F34000E29678968B5F8773CB7A4E84A06365755F
:10F350008952416D9C6E097459756B78927C8696C2
:10F36000DC7A8D9FB64F6E61C5655C86864EAE4E6B
:10F37000DA50214ECC51EE5B99658168BC6D1F73EC
:10F380004276AD771C7AE77C6F82D28A7C90CF91EF
:10F39000759618989B52D17D2B5098539767CB6DDB
:10F3A000D0713374E8812A8FA396579C9F9E607416
:10F3B0004158996D2F7D5E98E44E364F8B4FB75173
:10F3C000B152BA5D1C60B2733C79D3823492B79665
:10F3D000F6960A97979E629FA666746B1752A35281
:10F3E000C870C288C95E4B609061236F49713E7CD2
:10F3F000F47D6F80EE8423902C9342546F9BD36AEC
:10F400008970C28CEF8D3297B452415ACA5E045F44
:10F4100017677C6994696A6D0F6F6272FC72ED7B8D
:10F4200001807E804B87CE906D51939E84798B8036
:10F430003293D68A2D508C54718A6A6BC48C0781A2
:10F44000D160A067F29D994E984E109C6B8AC18541
:10F45000688500697E6E9778558100000000000085
:10F46000002502250C251025182514251C252C25E2
:10F47000242534253C25012503250F2513251B258F
:10F480001725232533252B253B254B2520252F25E7
:10F49000282537253F251D253025252538254225BA
:10F4A00010041104120413041404150401041604B6
:10F4B0001704180419041A041B041C041D041E0458
:10F4C0001F04200421042204230424042504260408
:10F4D0002704280429042A042B042C042D042E04B8
:10F4E0002F040000000000000000000000000000E9
:10F4F000000000000000000000000000000000000C
:10F500003004310432043304340435045104360425
:10F510003704380439043A043B043C043D043E04F7
:10F520003F044004410442044304440445044604A7
:10F530004704480449044A044B044C044D044E0457
:10F540004F04000000000000000000000000000068
:10F5500091039203930394039503960397039803EF
:10F5600099039A039B039C039D039E039F03A0039F
:10F57000A103A303A403A503A603A703A803A90348
:10F58000000000000000000000000000000000007B
:10F59000B103B203B303B403B503B603B703B803AF
:10F5A000B903BA03BB03BC03BD03BE03BF03C0035F
:10F5B000C103C303C403C503C603C703C803C90308
:10F5C000000000000000000000000000000000013A
:10F5D0000101010101010101010000000000000022
:10F5E000010101010101010101010101010101010B
:10F5F0000101010101010101010100000000000001
:10F6000000010101010101010101010101010101EB
:10F6100001010101010101010101010000000000DF
:10F62000C625A125A025B325B225BD25BC253B2097
:10F63000123092219021912193211330000000007B
:10F6400000000000000000000000000000000000BA
:10F65000000008220B2286228722822283222A226D
:10F66000292200000000000000000000000000004F
:10F67000000027222822AC00D221D421002203221C
:10F68000292200000000000000000000000000002F
:10F690000000000000002022A522122302220722DF
:10F6A000612252226A226B221A223D221D22352219
:10F6B0002B222C22000000000000000000000000AF
:10F6C00000002B2130206F266D266A262020212065
:10F6D000B6002C22000000000000EF250000000012
:10F6E0000030013002300CFF0EFFFB301AFF1BFF11
:10F6F0001FFF01FF9B309C30B40040FFA8003EFF7D
:10F700003E203FFFFD30FE309D309E300330DD4E09
:10F71000053006300730FC30142010200FFF3CFF6E
:10F720001C3016205CFF26202520182019201C20C4
:10F730001D2008FF09FF143015303BFF3DFF5BFF24
:10F740005DFF083009300A300B300C300D300E30C0
:10F750000F30103011300BFF1222B100D700F7002C
:10F760001DFF60221CFF1EFF662267221E2234221C
:10F7700042264026B000322033200321A50004FF9A
:10F78000A200A30005FF03FF06FF0AFF20FFA7005A
:10F7900006260526CB25CF25CE25C725000000004F
:10F7A0000000000000000000000000000000000059
:10F7B0000000000000000000000000000000000049
:10F7C0000000000000000000000000000000000039
:10F7D000101112131415161718190000000000005C
:10F7E000001A1B1C1D1E1F0000000000000000006E
:10F7F0000000000000000000000000000000000009
:10F80000001A1B1C1D1E1F0000000000000000004D
:10F8100000000000000000000000000000000000E8
:10F8200000000000000000000000000000000000D8
:10F8300000000000000000000000000000000000C8
:10F8400000000000000000000000000000000000B8
:10F8500000000000000000000000000000000000A8
:10F860000000000000000000000000000000000098
:10F870000000000000000000000000000000000088
:10F880000000000000000000000000000000000078
:10F890000000000000000000000000000000000068
:10F8A000000000001F001C200000000014210000C8
:10F8B0000200162400000000142500000200152894
:10F8C00000000000112900000000142A00000000C0
:10F8D000182B00000000142C00000000102D000068
:10F8E0000000142E000001000C3000000900143A42
:10F8F00000000100183C00000200143F000001005D
:10F90000034100001900155B00000000145C0000BA
:10F910000000115D00000000175E000000000F5F96
:10F9200000000000176000000000036100001900E3
:10F93000157B00000000187C00000000117D000015
:10F940000000187E00000000007F000020001CA0C6
:10F950000000000014A10000000016A20000030037
:10F9600019A60000000014A70000000017A800005E
:10F97000000019A90000000006AA0000000013AB57
:10F980000000000018AC0000000001AD0000000005
:10F9900019AE0000000017AF0000000019B0000011
:10F9A000000018B1000000000EB20000010017B402
:10F9B0000000000003B50000000014B600000100C4
:10F9C00017B8000000000EB90000000006BA0000E1
:10F9D000000012BB000000000EBC0000020014BFBB
:10F9E0000000000003C00000160018D7000000004F
:10F9F00003D80000060004DF0000000003E0000060
:10FA0000160018F70000000003F800003F0004385B
:10FA100001000000033901000F000449010000004B
:10FA2000034A01004200048D01000000038E010022
:10FA30000C00049B01000000039C01000D0004AABF
:10FA40000100010003AC01000D0004BA0100000038
:10FA500006BB0100000003BC0100010004BE010060
:10FA6000000003BF0100000006C00100030003C442
:10FA70000100000007C50100000003C601000100ED
:10FA800007C80100000003C90100010007CB010005
:10FA9000000003CC0100230004F00100000003F18A
:10FAA0000100000007F20100000003F301002D0037
:10FAB00004210200000003220200110004340200AD
:10FAC0000500033A02001A00045502000000035624
:10FAD0000200010004580200000003590200000067
:10FAE000045A02000000035B02000100045D0200F2
:10FAF00002000360020001000462020000000363D0
:10FB0000020000000464020000000365020001001E
:10FB1000046702000000036802000400046D020094
:10FB20000100036F02000000047002000000037176
:10FB300002000100047302000100037502000000CE
:10FB4000047602000600037D02000000047E02002D
:10FB50000100038002000000048102000000038213
:10FB60000200010004840200020003870200050075
:10FB7000048D0200040003920200000004930200BE
:10FB80000000069402000000049502000700039D97
:10FB900002000100049F0200100005B002001100E5
:10FBA00017C20200030005C602000B0017D20200B4
:10FBB0000D0005E00200040017E50200060005EC58
:10FBC0000200000017ED0200000005EE0200000038
:10FBD00017EF020010000B0003006F00037003001A
:10FBE000030005740300000017750300000003768E
:10FBF00003000100057A03000000037B03000200FC
:10FC0000147E03000000037F03000000178403003C
:10FC1000010003860300000014870300000003882E
:10FC200003000200038C03000000038E03000100A8
:10FC300004900300000003910300100003A30300DD
:10FC40000C0004B00300000003B10300200008D240
:10FC50000300020003D50300200018F60300000093
:10FC600003F70300040004FC0300000003FD03008D
:10FC700084001982040000000B83040004000A8839
:10FC800004000100038A0400A500033105002500DB
:10FC9000055905000000145A050005000460050020
:10FCA0000000036105002500048705000100148998
:10FCB00005000000108A05000000198D05000100F4
:10FCC000168F050000000B9105002C0010BE0500EA
:10FCD00000000BBF0500000014C0050000000BC1B0
:10FCE0000500010014C3050000000BC4050001005D
:10FCF00014C6050000000BC70500000006D0050073
:10FD00001A0006EF0500030014F3050001000100CE
:10FD1000060005001806060002001409060001008E
:10FD2000160B06000000140C06000100190E060058
:10FD300001000B1006000A00141B06000000011C45
:10FD400006000000141D06000200062006001F0029
:10FD50000540060000000641060009000B4B0600A6
:10FD600014000C6006000900146A06000300066E09
:10FD7000060001000B70060000000671060062001C
:10FD800014D40600000006D5060000000BD60600BD
:10FD9000060001DD0600000019DE060000000BDF92
:10FDA0000600050005E5060001000BE7060001005E
:10FDB00019E9060000000BEA0600030006EE060043
:10FDC00001000CF00600090006FA0600020019FD09
:10FDD0000600010006FF06000000140007000D00E9
:10FDE000010F070000000610070000000B110700BC
:10FDF0000000061207001D000B3007001A00064D18
:10FE0000070058000BA607000A0006B10700000013
:10FE10000CC00700090006CA070020000BEB070012
:10FE2000080005F40700010019F60700000014F7A8
:10FE30000700020005FA070000000BFD07000000A4
:10FE400016FE070001000600080015000B1608004A
:10FE50000300051A080000000B1B08000800052419
:10FE6000080000000B25080002000528080000001B
:10FE70000B2908000400143008000E00064008009A
:10FE800018000B5908000200145E0800000006600C
:10FE900008000A0006700800170017880800000014
:10FEA0000689080005000190080001000B98080071
:10FEB000070006A00800280005C9080000000BCABA
:10FEC0000800170001E2080000000BE308001F0013
:10FED0000903090000000604090035000B3A090077
:10FEE0000000093B090000000B3C09000000063D32
:10FEF00009000000093E090002000B41090007004B
:10FF00000949090003000B4D09000000094E0900D2
:10FF100001000650090000000B51090006000658B8
:10FF2000090009000B6209000100146409000100C6
:10FF30000C66090009001470090000000571090031
:10FF40000000067209000E000B8109000000098202
:10FF500009000100068509000700068F090001005D
:10FF600006930900150006AA0900060006B209005A
:10FF7000000006B6090003000BBC0900000006BD26
:10FF80000900000009BE090002000BC109000300BE
:10FF900009C70900010009CB090001000BCD0900C8
:10FFA000000006CE0900000009D70900000006DCA9
:10FFB0000900010006DF090002000BE20900010050
:10FFC0000CE60900090006F00900010016F209001C
:10FFD00001000EF40900050019FA0900000016FBE3
:10FFE0000900000006FC0900000014FD09000000E3
:10FFF0000BFE090000000B010A00010009030A00C2
:020000041003E7
:10000000000006050A000500060F0A00010006139D
:100010000A001500062A0A00060006320A0001003E
:1000200006350A00010006380A0001000B3C0A00F0
:100030000000093E0A0002000B410A0001000B47C4
:100040000A0001000B4B0A0002000B510A000000DD
:1000500006590A000300065E0A0000000C660A004A
:1000600009000B700A00010006720A0002000B75FD
:100070000A00000014760A0000000B810A0001004B
:1000800009830A00000006850A000800068F0A009E
:10009000020006930A00150006AA0A00060006B22E
:1000A0000A00010006B50A0004000BBC0A000000AB
:1000B00006BD0A00000009BE0A0002000BC10A00CA
:1000C00004000BC70A00010009C90A00000009CB9F
:1000D0000A0001000BCD0A00000006D00A00000053
:1000E00006E00A0001000BE20A0001000CE60A002B
:1000F000090014F00A00000016F10A00000006F9D9
:100100000A0000000BFA0A0005000B010B000000BA
:1001100009020B00010006050B000700060F0B008B
:10012000010006130B001500062A0B00060006321C
:100130000B00010006350B0004000B3C0B00000017
:10014000063D0B000000093E0B0000000B3F0B00BA
:10015000000009400B0000000B410B0003000947A1
:100160000B000100094B0B0001000B4D0B000000C0
:100170000B550B00010009570B000000065C0B003B
:100180000100065F0B0002000B620B0001000C6611
:100190000B00090019700B00000006710B00000035
:1001A0000E720B0005000B820B00000006830B0093
:1001B000000006850B000500068E0B00020006926B
:1001C0000B00030006990B000100069C0B000000C9
:1001D000069E0B00010006A30B00010006A80B0001
:1001E000020006AE0B000B0009BE0B0001000BC0A5
:1001F0000B00000009C10B00010009C60B00020042
:1002000009CA0B0002000BCD0B00000006D00B004A
:10021000000009D70B0000000CE60B0009000EF0EF
:100220000B00020019F30B00050016F90B0000008B
:1002300019FA0B0000000B000C00000009010C0073
:1002400002000B040C00000006050C000700060E5F
:100250000C00020006120C001600062A0C000F000B
:100260000B3C0C000000063D0C0000000B3E0C0097
:10027000020009410C0003000B460C0002000B4A6F
:100280000C0003000B550C00010006580C00020086
:10029000065D0C00000006600C0001000B620C0003
:1002A00001000C660C00090014770C0000000E78A9
:1002B0000C000600197F0C00000006800C000000F6
:1002C0000B810C00000009820C00010014840C005A
:1002D000000006850C000700068E0C000200069246
:1002E0000C00160006AA0C00090006B50C0004005C
:1002F0000BBC0C00000006BD0C00000009BE0C0089
:1003000000000BBF0C00000009C00C0004000BC66D
:100310000C00000009C70C00010009CA0C00010014
:100320000BCC0C00010009D50C00010006DD0C000F
:10033000010006E00C0001000BE20C0001000CE6DD
:100340000C00090006F10C00010009F30C0000008C
:100350000B000D00010009020D00010006040D0054
:100360000800060E0D00020006120D0028000B3BCF
:100370000D000100063D0D000000093E0D000200C9
:100380000B410D00030009460D000200094A0D0053
:1003900002000B4D0D000000064E0D000000194F2D
:1003A0000D00000006540D00020009570D0000006A
:1003B0000E580D000600065F0D0002000B620D00D6
:1003C00001000C660D0009000E700D00080019797F
:1003D0000D000000067A0D0005000B810D000000E5
:1003E00009820D00010006850D001100069A0D001E
:1003F000170006B30D00080006BD0D00000006C082
:100400000D0006000BCA0D00000009CF0D00020010
:100410000BD20D0002000BD60D00000009D80D0014
:1004200007000CE60D00090009F20D00010014F4AC
:100430000D00000006010E002F000B310E00000021
:1004400006320E0001000B340E000600163F0E00AF
:10045000000006400E00050005460E0000000B4798
:100460000E000700144F0E0000000C500E00090093
:10047000145A0E00010006810E00010006840E00D1
:10048000000006860E000400068C0E00170006A56C
:100490000E00000006A70E0009000BB10E000000C0
:1004A00006B20E0001000BB40E00080006BD0E00DF
:1004B000000006C00E00040005C60E0000000BC8B8
:1004C0000E0006000CD00E00090006DC0E00030032
:1004D00006000F00000019010F00020014040F00B5
:1004E0000E0019130F00000014140F00000019155E
:1004F0000F0002000B180F000100191A0F00050071
:100500000C200F0009000E2A0F00090019340F00FB
:1005100000000B350F00000019360F0000000B37EC
:100520000F00000019380F0000000B390F00000009
:10053000153A0F000000113B0F000000153C0F00A2
:100540000000113D0F000000093E0F0001000640B1
:100550000F00070006490F0023000B710F000D006C
:10056000097F0F0000000B800F00040014850F00AE
:1005700000000B860F00010006880F0004000B8DA1
:100580000F000A000B990F00230019BE0F0007008F
:100590000BC60F00000019C70F00050019CE0F0091
:1005A000010014D00F00040019D50F00030014D966
:1005B0000F000100060010002A00092B10000100A6
:1005C0000B2D100003000931100000000B32100049
:1005D00005000938100000000B3910000100093B2C
:1005E000100001000B3D10000100063F100000004C
:1005F0000C4010000900144A1000050006501000BD
:1006000005000956100001000B5810000100065AA1
:10061000100003000B5E10000200066110000000D5
:100620000962100002000665100001000967100051
:100630000600066E100002000B7110000300067524
:1006400010000C000B821000000009831000010054
:100650000B85100001000987100005000B8D1000AC
:100660000000068E10000000098F100000000C90A2
:1006700010000900099A100002000B9D10000000F4
:10068000199E1000010003A01000250003C71000F0
:10069000000003CD1000000003D010002A0014FB5E
:1006A0001000000005FC1000000003FD1000020017
:1006B000060011004801064A12000300065012000D
:1006C0000600065812000000065A120003000660D9
:1006D00012002800068A1200030006901200200073
:1006E00006B21200030006B81200060006C012008F
:1006F000000006C21200030006C812000E0006D851
:1007000012003800061213000300061813004200FE
:100710000B5D130002001460130008000E69130043
:100720001300068013000F0019901300090003A0A6
:100730001300550003F8130005001000140000001A
:10074000060114006B02196D16000000146E1600ED
:100750000000066F160010001C80160000000681C5
:1007600016001900159B16000000119C16000000D1
:1007700006A016004A0014EB160002000DEE16004B
:10078000020006F1160007000600170011000B1208
:1007900017000200091517000000061F17001200BD
:1007A0000B32170001000934170000001435170040
:1007B00001000640170011000B52170001000660EF
:1007C00017000C00066E170002000B7217000100E4
:1007D0000680170033000BB41700010009B617009C
:1007E00000000BB71700060009BE170007000BC674
:1007F0001700000009C7170001000BC917000A0005
:1008000014D41700020005D71700000014D81700F1
:10081000020016DB1700000006DC170000000BDDED
:10082000170000000CE0170009000EF01700090087
:100830001400180005001006180000001407180026
:1008400003000B0B18000200010E180000000B0F34
:10085000180000000C1018000900062018002200E3
:1008600005431800000006441800340006801800F4
:1008700004000B85180001000687180021000BA951
:100880001800000006AA1800000006B01800450075
:10089000060019001E000B20190002000923190090
:1008A00003000B2719000100092919000200093073
:1008B000190001000B32190000000933190005006E
:1008C0000B391900020019401900000014441900E6
:1008D00001000C4619000900065019001D000670A1
:1008E00019000400068019002B0006B01900190039
:1008F0000CD0190009000EDA1900000019DE1900E9
:10090000210006001A0016000B171A000100091931
:100910001A0001000B1B1A000000141E1A0001002F
:1009200006201A00340009551A0000000B561A0060
:10093000000009571A0000000B581A0006000B604F
:100940001A00000009611A0000000B621A00000082
:1009500009631A0001000B651A000700096D1A00EF
:1009600005000B731A0009000B7F1A0000000C80B1
:100970001A0009000C901A00090014A01A000600C1
:1009800005A71A00000014A81A0005000BB01A00F1
:100990000D000ABE1A0000000BBF1A000F000B006A
:1009A0001B00030009041B00000006051B002E00AD
:1009B0000B341B00000009351B0000000B361B0028
:1009C0000400093B1B0000000B3C1B000000093D1C
:1009D0001B0004000B421B00000009431B00010028
:1009E00006451B0007000C501B000900145A1B0091
:1009F000060019611B0009000B6B1B00080019742D
:100A00001B000800147D1B0001000B801B0001006F
:100A100009821B00000006831B001D0009A11B00AA
:100A200000000BA21B00030009A61B0001000BA87D
:100A30001B00010009AA1B0000000BAB1B000200F9
:100A400006AE1B0001000CB01B00090006BA1B001B
:100A50002B000BE61B00000009E71B0000000BE861
:100A60001B00010009EA1B0002000BED1B00000047
:100A700009EE1B0000000BEF1B00020009F21B0037
:100A8000010014FC1B00030006001C0023000924C5
:100A90001C0007000B2C1C00070009341C0001007F
:100AA0000B361C000100143B1C0004000C401C0011
:100AB0000900064D1C0002000C501C000900065ADB
:100AC0001C001D0005781C000500147E1C000100A0
:100AD00003801C00080003901C002A0003BD1C00BA
:100AE000020014C01C0007000BD01C00020014D32D
:100AF0001C0000000BD41C000C0009E11C000000CD
:100B00000BE21C00060006E91C0003000BED1C00B4
:100B1000000006EE1C0005000BF41C00000006F5AA
:100B20001C00010009F71C0000000BF81C0001006C
:100B300006FA1C00000004001D002B00052C1D00FF
:100B40003E00046B1D000C0005781D0000000379B9
:100B50001D000000047A1D000200037D1D0000003E
:100B6000047E1D000F00038E1D000000048F1D0079
:100B70000B00059B1D0024000BC01D003F0003005F
:100B80001E00950004961E000400039B1E0000003A
:100B9000049C1E000100039E1E000000049F1E0016
:100BA000000003A01E00750003181F0005000320AD
:100BB0001F00250003481F00050004501F0000000F
:100BC00003511F00000004521F00000003531F00C8
:100BD000000004541F00000003551F0000000456CD
:100BE0001F00000003571F00000003591F000000F2
:100BF000035B1F000000035D1F000000035F1F0078
:100C00001E0003801F00070007881F0007000390D5
:100C10001F00070007981F00070003A01F00070020
:100C200007A81F00070003B01F00010004B21F0047
:100C3000000003B31F00000004B41F00000004B64E
:100C40001F00010003B81F00030007BC1F000000C5
:100C500017BD1F00000003BE1F00000017BF1F00CC
:100C6000020004C21F00000003C31F00000004C4F0
:100C70001F00000004C61F00010003C81F0003007E
:100C800007CC1F00000017CD1F00020003D01F007B
:100C9000010004D21F00010004D61F00010003D888
:100CA0001F00030017DD1F00020003E01F0001000A
:100CB00004E21F00020003E51F00000004E61F001D
:100CC000010003E81F00040017ED1F00020004F2FA
:100CD0001F00000003F31F00000004F41F000000C9
:100CE00004F61F00010003F81F00030007FC1F00AB
:100CF000000017FD1F0001001C0020000A00010B6E
:100D0000200004001010200005001416200001002F
:100D1000131820000000121920000000151A2000EE
:100D20000000131B20000100121D20000000151EF2
:100D300020000000131F20000000142020000700E6
:100D40001A28200000001B2920000000012A200092
:100D500004001C2F2000000014302000080013396C
:100D600020000000123A20000000143B2000030085
:100D70000F3F200001001441200002001844200011
:100D80000000154520000000114620000000144717
:100D900020000A0018522000000014532000000018
:100DA0000F54200000001455200009001C5F200093
:100DB00000000160200004000166200009000E70A0
:100DC000200000000571200000000E7420000500C6
:100DD000187A20000200157D20000000117E2000FE
:100DE0000000057F200000000E8020000900188A06
:100DF00020000200158D20000000118E2000000050
:100E0000059020000C0016A0200020000BD0200030
:100E10000C000ADD200003000BE1200000000AE2C4
:100E2000200002000BE520000B001900210001004A
:100E30000802210000001903210003000807210017
:100E40000000190821000100040A21000000080B1D
:100E500021000200040E2100010008102100020000
:100E600004132100000019142100000008152100BE
:100E700000001916210001001818210000000819AF
:100E800021000400191E2100050008242100000093
:100E90001925210000000326210000001927210048
:100EA0000000082821000000192921000000032A61
:100EB00021000100082C21000100192E2100000052
:100EC000042F21000000083021000100033221001E
:100ED0000000083321000000043421000000063522
:100EE00021000300043921000000193A210001000B
:100EF000043C21000100083E2100010018402100AF
:100F00000400084521000000044621000300194A9E
:100F100021000000184B21000000194C21000100A5
:100F2000034E21000000194F210000000E50210047
:100F30000F000D60210022000383210001000D85B8
:100F4000210003000E8921000000198A2100010000
:100F5000189021000400199521000400189A21001E
:100F60000100199C2100030018A02100000019A114
:100F70002100010018A32100000019A42100010094
:100F800018A62100000019A72100060018AE2100B4
:100F9000000019AF21001E0018CE2100010019D059
:100FA0002100010018D22100000019D32100000007
:100FB00018D42100000019D521001E0018F42100CA
:100FC0000B01190023000700150823000000110978
:100FD00023000000150A23000000110B230000006D
:100FE000190C2300130018202300010019222300EC
:100FF0000600152923000000112A23000000192BE8
:1010000023005000187C23000000197D23001D00E0
:10101000189B2300180019B42300270018DC2300B4
:10102000050019E223004400194024000A000E6064
:1010300024003B00199C24004D000EEA24001500FA
:1010400019002500B60018B72500000019B82500C2
:10105000080018C12500000019C22500350018F845
:1010600025000700190026006E00186F26000000FA
:1010700019702600F7001568270000001169270085
:101080000000156A27000000116B27000000156C96
:1010900027000000116D27000000156E27000000DA
:1010A000116F270000001570270000001171270044
:1010B000000015722700000011732700000015744E
:1010C000270000001175270000000E7627001D0084
:1010D000199427002B0018C02700040015C527000D
:1010E000000011C62700000018C727001E0015E6E3
:1010F0002700000011E72700000015E82700000086
:1011000011E92700000015EA2700000011EB270075
:10111000000015EC2700000011ED2700000015EE7F
:101120002700000011EF2700000018F027000F0033
:1011300019002800FF0018002900820015832900EB
:101140000000118429000000158529000000118687
:1011500029000000158729000000118829000000DF
:10116000158929000000118A29000000158B29002B
:101170000000118C29000000158D29000000118E3F
:1011800029000000158F290000001190290000009F
:1011900015912900000011922900000015932900E3
:1011A00000001194290000001595290000001196F7
:1011B000290000001597290000001198290000005F
:1011C000189929003E0015D82900000011D92900DE
:1011D000000015DA2900000011DB2900000018DCEE
:1011E00029001F0015FC2900000011FD2900000046
:1011F00018FE2900010119002B002F0018302B00C8
:10120000140019452B00010018472B000500194D4B
:101210002B00260019762B001F0019972B00680061
:1012200003002C00700004712C00000003722C00DD
:10123000010004742C00000003752C0001000477E9
:101240002C000400057C2C000100037E2C006500AE
:1012500004E42C00000019E52C00050003EB2C0031
:1012600003000BEF2C00020003F22C00010014F924
:101270002C0003000EFD2C00000014FE2C000100C9
:1012800003002D00250003272D000000032D2D0055
:10129000000006302D003700056F2D00000014708F
:1012A0002D0000000B7F2D00000006802D00160091
:1012B00006A02D00060006A82D00060006B02D0091
:1012C000060006B82D00060006C02D00060006C860
:1012D0002D00060006D02D00060006D82D000600C1
:1012E0000BE02D001F0014002E00010013022E0041
:1012F000000012032E00000013042E00000012054F
:101300002E00000014062E00020013092E0000001B
:10131000120A2E000000140B2E000000130C2E00E9
:101320000000120D2E000000140E2E0008001017F1
:101330002E00000014182E000100101A2E000000CC
:10134000141B2E000000131C2E000000121D2E0086
:101350000000141E2E00010013202E000000122198
:101360002E00000015222E00000011232E00000088
:1013700015242E00000011252E00000015262E0039
:10138000000011272E00000015282E000000112952
:101390002E000000142A2E000400052F2E0000004D
:1013A00014302E000900103A2E000100143C2E00CB
:1013B000030010402E00000014412E0000001542D2
:1013C0002E00000014432E000C0019502E000100C6
:1013D00014522E00020015552E00000011562E004A
:1013E000000015572E00000011582E00000015595E
:1013F0002E000000115A2E000000155B2E00000088
:10140000115C2E000000105D2E00000019802E00DF
:101410001900199B2E00580019002F00D50019F053
:101420002F000B001C0030000000140130000200EF
:1014300019043000000005053000000006063000E9
:1014400000000D07300000001508300000001109F1
:1014500030000000150A30000000110B30000000C1
:10146000150C30000000110D30000000150E30008A
:101470000000110F300000001510300000001111A5
:101480003000000019123000010015143000000077
:101490001115300000001516300000001117300043
:1014A0000000151830000000111930000000151A56
:1014B00030000000111B30000000101C3000000044
:1014C000151D30000000111E3000010019203000F1
:1014D00000000D21300008000B2A30000300092E07
:1014E00030000100103030000000053130000400F1
:1014F0001936300001000D3830000200053B300085
:101500000000063C30000000143D30000000193E91
:10151000300001000641300055000B9930000100F9
:10152000179B30000100059D30000100069F300030
:10153000000010A03000000006A13000590014FB8C
:101540003000000005FC3000020006FF3000000003
:10155000060531002A00063131005D001990310086
:1015600001000E923100030019963100090006A017
:1015700031001F0019C03100230006F031000F00B8
:10158000190032001E000E2032000900192A320014
:101590001D000E48320007001950320000000E51A5
:1015A00032000E00196032001F000E803200090068
:1015B000198A320026000EB132000E0019C0320026
:1015C0003F0106003400BF1919C04D003F0006005E
:1015D0004E0014520515A00000000616A000760467
:1015E0001990A400360006D0A400270005F8A40036
:1015F000050014FEA40001000600A5000B01050C67
:10160000A6000000140DA60002000610A6000F00A0
:101610000C20A6000900062AA60001000340A6002F
:101620002D00066EA60000000B6FA60000000A70D9
:10163000A60002001473A60000000B74A6000900A7
:10164000147EA6000000057FA60000000380A6000F
:101650001B00059CA60001000B9EA600010006A031
:10166000A60045000DE6A60009000BF0A60001004B
:1016700014F2A60005001700A70016000517A70022
:1016800008001720A70001000322A7000D00043066
:10169000A70001000332A7003D000570A70000006D
:1016A0000471A70007000379A7000E000588A700B2
:1016B00000001789A7000100038BA7000200048E19
:1016C000A7000000068FA70000000390A7000400F9
:1016D0000495A70000000396A700180004AFA70018
:1016E000000003B0A7001A0003D0A700010004D334
:1016F000A700000004D5A700000003D6A700030040
:1017000005F2A700020003F5A700010006F7A700F5
:10171000000005F8A700010004FAA700000006FB7E
:10172000A70006000B02A80000000603A8000200A4
:101730000B06A80000000607A80003000B0BA8007A
:101740000000060CA80016000923A80001000B25C4
:10175000A80001000927A80000001928A80003001C
:101760000B2CA80000000E30A80005001936A800B8
:1017700001001638A80000001939A8000000064032
:10178000A80033001474A80003000980A800010019
:101790000682A800310009B4A8000F000BC4A800FD
:1017A000010014CEA80001000CD0A80009000BE035
:1017B000A800110006F2A800050014F8A800020015
:1017C00006FBA800000014FCA800000006FDA8000D
:1017D00001000BFFA80000000C00A9000900060A88
:1017E000A9001B000B26A9000700142EA900010068
:1017F0000630A90016000B47A9000A000952A900EB
:101800000100145FA90000000660A9001C000B8005
:10181000A90002000983A90000000684A9002E0087
:101820000BB3A900000009B4A90001000BB6A90080
:10183000030009BAA90001000BBCA900010009BE00
:10184000A900020014C1A9000C0005CFA9000000E6
:101850000CD0A900090014DEA900010006E0A900CF
:1018600004000BE5A900000005E6A900000006E75A
:10187000A90008000CF0A900090006FAA90004005C
:101880000600AA0028000B29AA000500092FAA00BB
:1018900001000B31AA0001000933AA0001000B3539
:1018A000AA0001000640AA0002000B43AA000000A3
:1018B0000644AA0007000B4CAA000000094DAA002C
:1018C00000000C50AA000900145CAA000300066086
:1018D000AA000F000570AA0000000671AA0005000A
:1018E0001977AA000200067AAA000000097BAA0064
:1018F00000000B7CAA000000097DAA000000067E03
:10190000AA0031000BB0AA00000006B1AA00000036
:101910000BB2AA00020006B5AA0001000BB7AA008C
:10192000010006B9AA0004000BBEAA00010006C00F
:10193000AA0000000BC1AA00000006C2AA00000015
:1019400006DBAA00010005DDAA00000014DEAA00E3
:10195000010006E0AA000A0009EBAA0000000BEC57
:10196000AA00010009EEAA00010014F0AA0001007B
:1019700006F2AA00000005F3AA00010009F5AA007A
:1019800000000BF6AA0000000601AB0005000609E6
:10199000AB0005000611AB0005000620AB000600F9
:1019A0000628AB0006000430AB0022000353AB0056
:1019B00000000454AB000600175BAB000000055CA0
:1019C000AB0003000460AB0008000569AB00000039
:1019D000176AAB0001000370AB004F0006C0AB00FC
:1019E000220009E3AB0001000BE5AB00000009E6B3
:1019F000AB0001000BE8AB00000009E9AB000100FF
:101A000014EBAB00000009ECAB0000000BEDAB00E9
:101A100000000CF0AB0009000600AC00A32B06B0E0
:101A2000D700160006CBD70030000200D800FF0711
:101A30000600F9006D010670FA0069000400FB0061
:101A400006000413FB000400061DFB0000000B1E33
:101A5000FB000000061FFB0009001829FB00000026
:101A6000062AFB000C000638FB000400063EFB00C3
:101A700000000640FB0001000643FB000100064693
:101A8000FB006B0017B2FB00100006D3FB006A01DD
:101A9000113EFD000000153FFD0000001940FD0053
:101AA0000F000650FD003F000692FD00350019CFE3
:101AB000FD00000006F0FD000B0016FCFD0000001C
:101AC00019FDFD0002000B00FE000F001410FE00C7
:101AD00006001517FE0000001118FE000000141982
:101AE000FE0000000B20FE000F001430FE0000007E
:101AF0001031FE0001000F33FE0001001535FE001D
:101B000000001136FE0000001537FE0000001138FD
:101B1000FE0000001539FE000000113AFE00000032
:101B2000153BFE000000113CFE000000153DFE00CC
:101B30000000113EFE000000153FFE0000001140B5
:101B4000FE0000001541FE0000001142FE000000F2
:101B50001543FE0000001144FE0000001445FE0085
:101B600001001547FE0000001148FE000000144966
:101B7000FE0003000F4DFE0002001450FE000200A4
:101B80001454FE0003001058FE0000001559FE001A
:101B90000000115AFE000000155BFE000000115C01
:101BA000FE000000155DFE000000115EFE0000005A
:101BB000145FFE0002001862FE0000001063FE00C9
:101BC00000001864FE0002001468FE0000001669A0
:101BD000FE000000146AFE0001000670FE00040012
:101BE0000676FE00860001FFFE0000001401FF00E3
:101BF00002001604FF0000001405FF000200150893
:101C0000FF0000001109FF000000140AFF0000009F
:101C1000180BFF000000140CFF000000100DFF0067
:101C20000000140EFF0001000C10FF000900141A40
:101C3000FF000100181CFF000200141FFF0001003C
:101C40000321FF001900153BFF000000143CFF00BA
:101C50000000113DFF000000173EFF0000000F3F95
:101C6000FF0000001740FF0000000341FF001900C3
:101C7000155BFF000000185CFF000000115DFF0015
:101C80000000185EFF000000155FFF0000001160FB
:101C9000FF0000001461FF0000001562FF0000005B
:101CA0001163FF0000001464FF0001000666FF00DE
:101CB00009000570FF0000000671FF002C00059E62
:101CC000FF00010006A0FF001E0006C2FF00050085
:101CD00006CAFF00050006D2FF00050006DAFF0075
:101CE000020016E0FF00010018E2FF00000017E309
:101CF000FF00000019E4FF00000016E5FF000100EE
:101D000019E8FF00000018E9FF00030019EDFF00CB
:101D1000010001F9FF00020019FCFF0001000600AC
:101D200000010B00060D0001190006280001120039
:101D3000063C00010100063F00010E0006500001B4
:101D40000D00068000017A001400010102000E0758
:101D500001012C001937010108000D400101340078
:101D60000E75010103001979010110000E8A0101AD
:101D70000100198C01010200199001010C0019A049
:101D80000101000019D001012C000BFD0101000030
:101D9000068002011C0006A0020130000BE00201D7
:101DA00000000EE102011A00060003011F000E20D0
:101DB00003010300062D030113000D410301000080
:101DC0000642030107000D4A03010000065003010B
:101DD00025000B7603010400068003011D00149FFB
:101DE0000301000006A00301230006C80301070049
:101DF00014D0030100000DD103010400030004010D
:101E00004F00065004014D000CA00401090003B06E
:101E10000401230003D80401230006000501270064
:101E2000063005013300146F050100000370050141
:101E30000A00037C05010E00038C050106000394D3
:101E400005010100039705010A0003A305010E0027
:101E500003B30501060003BB0501010006000601EE
:101E600036010640070115000660070107000580DE
:101E70000701050005870701290005B207010800D1
:101E8000060008010500060808010000060A08010E
:101E90002B00063708010100063C08010000063F40
:101EA000080116001457080100000E580801070029
:101EB0000660080116001977080101000E79080173
:101EC0000600068008011E000EA70801080006E0B3
:101ED0000801120006F4080101000EFB08010400CD
:101EE0000600090115000E1609010500141F09015D
:101EF0000000062009011900143F090100000680B6
:101F0000090137000EBC0901010006BE09010100EC
:101F10000EC009010F000ED209012D0006000A01B2
:101F200000000B010A0102000B050A0101000B0C65
:101F30000A01030006100A01030006150A01020047
:101F400006190A011C000B380A0102000B3F0A01A6
:101F500000000E400A01080014500A010800066043
:101F60000A011C000E7D0A010100147F0A01000015
:101F700006800A011C000E9D0A01020006C00A012B
:101F8000070019C80A01000006C90A011B000BE579
:101F90000A0101000EEB0A01040014F00A01060018
:101FA00006000B01350014390B01060006400B0139
:101FB00015000E580B01070006600B0112000E7889
:101FC0000B01070006800B01110014990B0103009F
:101FD0000EA90B01060006000C01480003800C014D
:101FE000320003C00C0132000EFA0C01050006009D
:101FF0000D0123000B240D0103000C300D0109001D
:102000000E600E011E0006800E0129000BAB0E01B2
:10201000010010AD0E01000006B00E0101000BFD25
:102020000E01020006000F011C000E1D0F01090029
:1020300006270F01000006300F0115000B460F01A7
:102040000A000E510F01030014550F010400067021
:102050000F0111000B820F01030014860F01030012
:1020600006B00F0114000EC50F01060006E00F01B7
:1020700016000900100100000B0110010000090208
:10208000100100000603100134000B3810010E008F
:102090001447100106000E52100113000C661001C7
:1020A00009000B70100100000671100101000B7394
:1020B000100101000675100100000B7F10010200E5
:1020C000098210010000068310012C0009B01001E4
:1020D00002000BB31001030009B7100101000BB996
:1020E0001001010014BB1001010001BD100100002E
:1020F00014BE100103000BC21001000001CD10013D
:10210000000006D0100118000CF0100109000B00AF
:10211000110102000603110123000B271101040025
:10212000092C110100000B2D110107000C361101C3
:102130000900144011010300064411010000094583
:102140001101010006471101000006501101220093
:102150000B731101000014741101010006761101C6
:1021600000000B80110101000982110100000683AB
:1021700011012F0009B3110102000BB61101080073
:1021800009BF1101010006C11101030014C51101AD
:1021900003000BC91101030014CD1101000009CE89
:1021A000110100000BCF110100000CD0110109003A
:1021B00006DA1101000014DB1101000006DC110138
:1021C000000014DD110102000EE1110113000600F0
:1021D00012011100061312011800092C120102004D
:1021E0000B2F120102000932120101000B341201FF
:1021F00000000935120100000B36120101001438ED
:10220000120105000B3E12010000063F1201010001
:102210000B4112010000068012010600068812011F
:102220000000068A12010300068F12010E00069FAD
:102230001201090014A91201000006B012012E00BB
:102240000BDF1201000009E0120102000BE3120192
:1022500007000CF0120109000B0013010100090234
:1022600013010100060513010700060F1301010009
:10227000061313011500062A130106000632130186
:1022800001000635130104000B3B13010100063D5C
:1022900013010000093E130101000B40130100006F
:1022A000094113010300094713010100094B130100
:1022B0000200065013010000095713010000065DDB
:1022C000130104000962130101000B6613010600EB
:1022D0000B701301040006001401340009351401C9
:1022E00002000B38140107000940140101000B42E1
:1022F000140102000945140100000B4614010000FE
:10230000064714010300144B140104000C5014017F
:102310000900145A14010100145D140100000B5E41
:1023200014010000065F14010200068014012F0052
:1023300009B0140102000BB31401050009B914011E
:1023400000000BBA1401000009BB140103000BBF0D
:102350001401010009C1140100000BC214010100A5
:1023600006C41401010014C61401000006C71401BC
:1023700000000CD014010900068015012E0009AFE1
:10238000150102000BB21501030009B81501030085
:102390000BBC1501010009BE150100000BBF1501A2
:1023A000010014C11501160006D8150103000BDC4D
:1023B00015010100060016012F0009301601020068
:1023C0000B3316010700093B160101000B3D1601F6
:1023D0000000093E160100000B3F160101001441E8
:1023E000160102000644160100000C5016010900F7
:1023F000146016010C00068016012A000BAB1601B2
:10240000000009AC160100000BAD1601000009AE7A
:10241000160101000BB01601050009B616010000F7
:102420000BB71601000006B81601000014B916011A
:1024300000000CC016010900060017011A000B1D50
:10244000170102000920170101000B2217010300E8
:102450000926170100000B27170104000C30170193
:1024600009000E3A17010100143C17010200193F40
:1024700017010000064017010600060018012B0096
:10248000092C180102000B2F180108000938180147
:1024900000000B3918010100143B1801000003A0D3
:1024A00018013F000CE0180109000EEA18010800AD
:1024B00006FF18010700060919010000060C1901A2
:1024C0000700061519010100061819011700093047
:1024D000190105000937190101000B3B1901010021
:1024E000093D190100000B3E19010000063F1901CA
:1024F00000000940190100000641190100000942CD
:10250000190100000B4319010000144419010200D5
:102510000C501901090006A01901070006AA1901AB
:10252000260009D1190102000BD4190103000BDAAE
:102530001901010009DC190103000BE01901000079
:1025400006E11901000014E21901000006E3190177
:10255000000009E41901000006001A0100000B0147
:102560001A010900060B1A0127000B331A01050096
:1025700009391A010000063A1A0100000B3B1A0142
:102580000300143F1A0107000B471A010000065010
:102590001A0100000B511A01050009571A01010028
:1025A0000B591A010200065C1A012D000B8A1A0150
:1025B0000C0009971A0100000B981A010100149AE7
:1025C0001A010200069D1A010000149E1A0104005F
:1025D00006B01A01480014001B01090006001C0186
:1025E0000800060A1C012400092F1C0100000B3002
:1025F0001C0106000B381C010500093E1C010000EF
:102600000B3F1C01000006401C01000014411C018E
:1026100004000C501C0109000E5A1C011200147019
:102620001C01010006721C011D000B921C0115000B
:1026300009A91C0100000BAA1C01060009B11C011C
:1026400000000BB21C01010009B41C0100000BB515
:102650001C01010006001D01060006081D01010005
:10266000060B1D0125000B311D0105000B3A1D0154
:1026700000000B3C1D0101000B3F1D01060006463A
:102680001D0100000B471D0100000C501D01090039
:1026900006601D01050006671D010100066A1D0197
:1026A0001F00098A1D0104000B901D010100099300
:1026B0001D0101000B951D01000009961D01000080
:1026C0000B971D01000006981D0100000CA01D01C4
:1026D000090006E01E0112000BF31E01010009F5BE
:1026E0001E01010014F71E0101000B001F01010073
:1026F00006021F01000009031F01000006041F015C
:102700000C0006121F01210009341F0101000B36C5
:102710001F010400093E1F0101000B401F010000C2
:1027200009411F0100000B421F01000014431F015B
:102730000C000C501F01090006B01F0100000EC064
:102740001F01140019D51F01070016DD1F0103002A
:1027500019E11F01100014FF1F01000006002001F5
:1027600099030D0024016E001470240104000680FA
:102770002401C30006902F01600014F12F01010015
:10278000060030012F04013034010F000B403401EA
:1027900000000641340105000B4734010E0006001D
:1027A0004401460206006801380206406A011E0024
:1027B0000C606A010900146E6A01010006706A016A
:1027C0004E000CC06A01090006D06A011D000BF022
:1027D0006A01040014F56A01000006006B012F0075
:1027E0000B306B01060014376B010400193C6B01C0
:1027F000030005406B01030014446B010000194500
:102800006B0100000C506B0109000E5B6B010600B0
:1028100006636B011400067D6B01120003406E011C
:102820003F000E806E01160014976E010300060033
:102830006F014A000B4F6F01000006506F0100004E
:1028400009516F0136000B8F6F01030005936F0173
:102850000C0005E06F01010014E26F01000005E3C8
:102860006F0100000BE46F01000009F06F0101002F
:1028700006007001F71706008801D50406008D01D7
:10288000080005F0AF01030005F5AF01060005FDE6
:10289000AF0101000600B00122010632B1010000C3
:1028A0000650B10102000655B10100000664B101F5
:1028B00003000670B1018B010600BC016A000670BE
:1028C000BC010C000680BC0108000690BC01090098
:1028D000199CBC0100000B9DBC010100149FBC01B0
:1028E000000001A0BC0103000B00CF012D000B3044
:1028F000CF0116001950CF0173001900D001F50067
:102900001900D10126001929D1013B000965D10127
:1029100001000B67D1010200196AD1010200096DA3
:10292000D10105000173D10107000B7BD101070024
:102930001983D10101000B85D1010600198CD10149
:102940001D000BAAD101030019AED1013C001900F2
:10295000D20141000B42D20102001945D201000010
:102960000EC0D20113000EE0D20113001900D301F2
:1029700056000E60D30118000800D4011900041A93
:10298000D40119000834D4011900044ED401060002
:102990000456D40111000868D40119000482D4013E
:1029A0001900089CD4010000089ED401010008A26F
:1029B000D401000008A5D401010008A9D401030036
:1029C00008AED401070004B6D401030004BBD4014F
:1029D000000004BDD401060004C5D4010A0008D0DB
:1029E000D401190004EAD40119000804D50101003A
:1029F0000807D5010300080DD50107000816D50109
:102A00000600041ED50119000838D5010100083B55
:102A1000D50103000840D50104000846D501000097
:102A2000084AD50106000452D5011900086CD501E9
:102A300019000486D501190008A0D501190004BAAF
:102A4000D501190008D4D501190004EED5011900EB
:102A50000808D60119000422D6011900083CD60145
:102A600019000456D60119000870D6011900048A0D
:102A7000D6011B0008A8D601180018C1D601000015
:102A800004C2D601180018DBD601000004DCD60110
:102A9000050008E2D601180018FBD601000004FC6E
:102AA000D60118001815D70100000416D70105003B
:102AB000081CD70118001835D70100000436D701CB
:102AC0001800184FD70100000450D7010500085620
:102AD000D7011800186FD70100000470D701180043
:102AE0001889D7010000048AD70105000890D70192
:102AF000180018A9D701000004AAD701180018C3AC
:102B0000D701000004C4D701050008CAD70100009E
:102B100004CBD70100000CCED70131001900D80139
:102B2000FF010B00DA0136001937DA0103000B3B15
:102B3000DA013100196DDA0107000B75DA010000C6
:102B40001976DA010D000B84DA0100001985DA012B
:102B500001001487DA0104000B9BDA0104000BA1C9
:102B6000DA010E000400DF010900060ADF0100009F
:102B7000040BDF0113000425DF0105000B00E00159
:102B800006000B08E00110000B1BE00106000B2300
:102B9000E00101000B26E00104000530E0013D00EA
:102BA0000B8FE00100000600E1012C000B30E10179
:102BB00006000537E10106000C40E1010900064E60
:102BC000E1010000194FE10100000690E2011D0043
:102BD0000BAEE201000006C0E2012B000BECE201AB
:102BE00003000CF0E201090016FFE201000006D02C
:102BF000E4011A0005EBE40100000BECE401030022
:102C00000CF0E401090006E0E701060006E8E70130
:102C1000030006EDE701010006F0E7010E000600E3
:102C2000E801C4000EC7E80108000BD0E801060067
:102C30000300E90143000B44E9010600054BE901EB
:102C400000000C50E9010900145EE90101000E7159
:102C5000EC013A0019ACEC0100000EADEC010200F1
:102C600016B0EC0100000EB1EC0103000E01ED0105
:102C70002C00192EED0100000E2FED010E000600B4
:102C8000EE0103000605EE011A000621EE01010027
:102C90000624EE0100000627EE0100000629EE01E1
:102CA00009000634EE0103000639EE010000063B80
:102CB000EE0100000642EE0100000647EE010000B2
:102CC0000649EE010000064BEE010000064DEE0144
:102CD00002000651EE0101000654EE010000065705
:102CE000EE0100000659EE010000065BEE01000057
:102CF000065DEE010000065FEE0100000661EE01D8
:102D000001000664EE0100000667EE010300066C98
:102D1000EE0106000674EE0103000679EE010300E1
:102D2000067EEE0100000680EE010900068BEE0132
:102D3000100006A1EE01020006A5EE01040006AB9C
:102D4000EE01100018F0EE0101001900F0012B0057
:102D50001930F001630019A0F0010E0019B1F00163
:102D60000E0019C1F0010E0019D1F00124000E006F
:102D7000F1010C00190DF101A00019E6F1011C0090
:102D80001910F2012B001940F20108001950F2014C
:102D900001001960F20105001900F301FA0017FBA8
:102DA000F30104001900F401D70219DCF601100048
:102DB00019F0F6010C001900F7017600197BF701F4
:102DC0005E0019E0F7010B0019F0F701000019008F
:102DD000F8010B001910F80137001950F80109002B
:102DE0001960F80127001990F8011D0019B0F801C9
:102DF00001001900F90153011960FA010D00197061
:102E0000FA010C001980FA0108001990FA012D004E
:102E100019BFFA01060019CEFA010D0019E0FA01F6
:102E2000080019F0FA0108001900FB01920019943A
:102E3000FB0136000CF0FB01090006000002DFA6D2
:102E40000600A70239100640B702DD000620B802CE
:102E5000811606B0CE02301D0600F8021D020600E3
:102E600000034A13065013035F100101000E000017
:102E70000120000E5F000B00010EEF0000000000BB
:0400000510001000D7
:00000001FF
