:020000022000DC
:102D0000D8000100FFFFFFFFFFFFFFFFFFFFFFFFF6
:102D100000020000FFFFFFFFFFFFFFFFFFFFFFFFBD
:102D2000002F0220FFFFFFFFFFFFFFFFFFFFFFFF5E
:102D3000FFFFFFFFFFFFFFFFFFFFFFFFFFFFFFFFA3
:102D4000FFFFFFFFFFFFFFFFFFFFFFFFFFFFFFFF93
:102D5000FFFFFFFFFFFFFFFFFFFFFFFFFFFFFFFF83
:102D6000FFFFFFFFFFFFFFFFFFFFFFFFFFFFFFFF73
:102D7000FFFFFFFFFFFFFFFFFFFFFFFFFFFFFFFF63
:102D8000FFFFFFFFFFFFFFFFFFFFFFFFFFFFFFFF53
:102D9000FFFFFFFFFFFFFFFFFFFFFFFFFFFFFFFF43
:102DA000FFFFFFFFFFFFFFFFFFFFFFFFFFFFFFFF33
:102DB000FFFFFFFFFFFFFFFFFFFFFFFFFFFFFFFF23
:102DC000FFFFFFFFFFFFFFFFFFFFFFFFFFFFFFFF13
:102DD000FFFFFFFFFFFFFFFFFFFFFFFFFFFFFFFF03
:102DE000FFFFFFFFFFFFFFFFFFFFFFFFFFFFFFFFF3
:102DF000FFFFFFFFFFFFFFFFFFFFFFFFFFFFFFFFE3
:102E0000FFFFFFFFFFFFFFFFFFFFFFFFFFFFFFFFD2
:102E1000FFFFFFFFFFFFFFFFFFFFFFFFFFFFFFFFC2
:102E2000FFFFFFFFFFFFFFFFFFFFFFFFFFFFFFFFB2
:102E3000FFFFFFFFFFFFFFFFFFFFFFFFFFFFFFFFA2
:102E4000FFFFFFFFFFFFFFFFFFFFFFFFFFFFFFFF92
:102E5000FFFFFFFFFFFFFFFFFFFFFFFFFFFFFFFF82
:102E6000FFFFFFFFFFFFFFFFFFFFFFFFFFFFFFFF72
:102E7000FFFFFFFFFFFFFFFFFFFFFFFFFFFFFFFF62
:102E8000FFFFFFFFFFFFFFFFFFFFFFFFFFFFFFFF52
:102E9000FFFFFFFFFFFFFFFFFFFFFFFFFFFFFFFF42
:102EA000FFFFFFFFFFFFFFFFFFFFFFFFFFFFFFFF32
:102EB000FFFFFFFFFFFFFFFFFFFFFFFFFFFFFFFF22
:102EC000FFFFFFFFFFFFFFFFFFFFFFFFFFFFFFFF12
:102ED000FFFFFFFFFFFFFFFFFFFFFFFFFFFFFFFF02
:102EE000FFFFFFFFFFFFFFFFFFFFFFFFFFFFFFFFF2
:102EF000FFFFFFFFFFFFFFFFFFFFFFFFFFFF55AAE1
:102F0000024B83F3088800F037BD00BF20D10200D8
:1030000020D10200693902007539020065390200D9
:103010006539020065390200653902007139020024
:103020000000000000000000000000006539020000
:1030300065390200000000006539020065390200B0
:10304000FD570200FD570200FD570200FD57020028
:10305000FD570200FD570200FD570200FD57020018
:10306000FD570200FD570200FD570200FD57020008
:10307000FD570200FD570200FD570200FD570200F8
:10308000FD570200FD570200FD570200FD570200E8
:10309000FD570200FD570200FD570200FD570200D8
:1030A000FD570200FD570200FD570200FD570200C8
:1030B000FD570200FD570200FD570200FD570200B8
:1030C000FD570200FD570200FD570200FD570200A8
:1030D000FD570200FD570200FD570200FD57020098
:1030E000FD570200FD570200FD570200FD57020088
:1030F000FD570200FD570200FD570200FD57020078
:10310000FD570200FD570200FD570200FD57020067
:10311000FD570200FD570200FD570200FD57020057
:10312000FD570200FD570200FD570200FD57020047
:10313000FD570200FD570200FD570200FD57020037
:10314000FD570200FD570200FD570200FD57020027
:10315000FD570200FD570200FD570200FD57020017
:10316000FD570200FD570200FD570200FD57020007
:10317000FD570200FD570200FD570200FD570200F7
:10318000FD570200FD570200FD570200FD570200E7
:10319000FD570200FD570200FD570200FD570200D7
:1031A000FD570200FD570200FD570200FD570200C7
:1031B000FD570200FD570200FD570200FD570200B7
:1031C000FD570200FD570200FD570200FD570200A7
:1031D000FD570200FD570200FD570200FD57020097
:1031E000FD570200FD570200FD570200FD57020087
:1031F000FD570200FD570200FD570200FD57020077
:10320000FD570200FD570200FD570200FD57020066
:10321000FD570200FD570200FD570200FD57020056
:10322000FD570200FD570200FD570200FD57020046
:10323000FD570200FD570200FD570200FD57020036
:10324000FD570200FD570200FD570200FD57020026
:10325000FD570200FD570200FD570200FD57020016
:10326000FD570200FD570200FD570200FD57020006
:10327000FD570200FD570200FD570200FD570200F6
:10328000FD570200FD570200FD570200FD570200E6
:10329000FD570200FD570200FD570200FD570200D6
:1032A000FD570200FD570200FD570200FD570200C6
:1032B000FD570200FD570200FD570200FD570200B6
:1032C000FD570200FD570200FD570200FD570200A6
:1032D000FD570200FD570200FD570200C1550200D4
:1032E000FD570200FD570200FD570200FD57020086
:1032F000FD570200FD570200FD570200495502002C
:10330000FD570200FD570200FD570200FD57020065
:10331000FD570200FD570200FD570200FD57020055
:10332000FD570200FD570200FD570200FD57020045
:10333000FD570200FD570200FD570200FD57020035
:10334000FD570200FD570200FD570200FD57020025
:10335000FD570200FD570200FD570200FD57020015
:10336000FD570200FD570200FD570200FD57020005
:10337000FD570200FD570200FD570200FD570200F5
:10338000FD570200FD570200FD570200FD570200E5
:10339000FD570200FD570200FD570200FD570200D5
:1033A000FD570200FD570200FD570200FD570200C5
:1033B000FD570200FD570200FD570200FD570200B5
:1033C000FD570200FD570200FD570200FD570200A5
:1033D000FD570200FD570200FD570200FD57020095
:1033E000FD570200FD570200FD570200FD57020085
:1033F000FD570200FD570200FD570200FD57020075
:10340000FD570200FD570200FD570200FD57020064
:10341000FD570200FD570200FD570200FD57020054
:10342000FD570200FD570200FD570200FD57020044
:10343000FD570200FD570200FD570200FD57020034
:10344000FD570200FD570200FD570200FD57020024
:10345000FD570200FD570200FD570200FD57020014
:10346000FD570200FD570200FD570200FD57020004
:10347000FD570200FD570200FD570200FD570200F4
:10348000FD570200FD570200FD570200FD570200E4
:10349000FD570200FD570200FD570200FD570200D4
:1034A000FD570200FD570200FD570200FD570200C4
:1034B000FD570200FD570200FD570200FD570200B4
:1034C000FD570200FD570200FD570200FD570200A4
:1034D000FD570200FD570200FD570200FD57020094
:1034E000FD570200FD570200FD570200FD57020084
:1034F000FD570200FD570200FD570200FD57020074
:10350000FD570200FD570200FD570200FD57020063
:10351000FD570200FD570200FD570200FD57020053
:10352000FD570200FD570200FD570200FD57020043
:10353000FD570200FD570200FD570200FD57020033
:10354000FD570200FD570200FD570200FD57020023
:10355000FD570200FD570200FD570200FD57020013
:10356000FD570200FD570200FD570200FD57020003
:10357000FD570200FD570200FD570200FD570200F3
:10358000FD570200FD570200FD570200FD570200E3
:10359000FD570200FD570200FD570200FD570200D3
:1035A000FD570200FD570200FD570200FD570200C3
:1035B000FD570200FD570200FD570200FD570200B3
:1035C000FD570200FD570200FD570200FD570200A3
:1035D000FD570200FD570200FD570200FD57020093
:1035E000FD570200FD570200FD570200FD57020083
:1035F000FD570200FD570200FD570200FD57020073
:10360000FD570200FD570200FD570200FD57020062
:10361000FD570200FD570200FD570200FD57020052
:10362000FD570200FD570200FD570200FD57020042
:10363000FD570200FD570200FD570200FD57020032
:10364000FD570200FD570200FD570200FD57020022
:10365000FD570200FD570200FD570200FD57020012
:10366000FD570200FD570200FD570200FD57020002
:10367000FD570200FD570200FD570200FD570200F2
:10368000FD570200FD570200FD570200FD570200E2
:10369000FD570200FD570200FD570200FD570200D2
:1036A000FD570200FD570200FD570200FD570200C2
:1036B000FD570200FD570200FD570200FD570200B2
:1036C000FD570200FD570200FD570200FD570200A2
:1036D000FD570200FD570200FD570200FD57020092
:1036E000FD570200FD570200FD570200FD57020082
:1036F000FD570200FD570200FD570200FD57020072
:10370000FD570200FD570200FD570200FD57020061
:10371000FD570200FD570200FD570200FD57020051
:10372000FD570200FD570200FD570200FD57020041
:10373000FD570200FD570200FD570200FD57020031
:10374000FD570200FD570200FD570200FD57020021
:10375000FD570200FD570200FD570200FD57020011
:10376000FD570200FD570200FD570200FD57020001
:10377000FD570200FD570200FD570200FD570200F1
:10378000FD570200FD570200FD570200FD570200E1
:10379000FD570200FD570200FD570200FD570200D1
:1037A000FD570200FD570200FD570200FD570200C1
:1037B000FD570200FD570200FD570200FD570200B1
:10380000D82F030061380210ED5702004138021032
:1038100045380210493802104D38021000000000EF
:1038200000000000000000000000000051380210FD
:103830005538021000000000593802105D3802109F
:10384000FEE700BFFEE700BFFEE700BFFEE700BFE8
:10385000FEE700BFFEE700BFFEE700BFFEE700BFD8
:04386000FEE700BFC0
:10389000704700BF022249F6F77108B50A4BC3F81A
:1038A000D0201A6922F00C021A61DA680A4042F04C
:1038B000BF6242F40832DA605A6A42F400225A6265
:1038C000FFF7E6FF08BD00BF00ED00E0EFF3108159
:1038D000012383F310884FF00313204AC2F82C35DC
:1038E000D2F8AC369807FBD081F31088EFF3108044
:1038F000012383F310884FF003131849C2F82C38C2
:10390000D1F8AC399B07FBD180F31088EFF310801E
:10391000012383F310884FF00313104AC1F82C35AC
:10392000D2F8AC369907FBD080F31088EFF3108003
:10393000012383F310884FF003130849C2F82C3891
:10394000D1F8AC399B07FBD180F31088044AD2F838
:103950001C3D23F00103C2F81C3D704700000141EB
:103960000000024100BE704708B500F011F8FEE704
:1039700000BE704700BE7047034A044BC3F84C2892
:10398000FFF7F2BF704700BF0030020000000241A5
:1039900008B5094A094B9A6001F064FE084B83F3AD
:1039A0000888084B83F30A88FFF774FFFFF78EFF40
:1039B000BDE8084001F01CBF0030020000ED00E04F
:1039C00020D1020020C10200024B83F30888FFF7D8
:0839D000D3BF00BF20D10200AB
:1039D8002DE9F0410446D0E902854068A8EB0507C7
:1039E80097422844154408D80E463A46A5EB0805E0
:1039F80002F04EFB2A466068F11902F049FBBFF35A
:103A08005F8FE560BDE8F0812DE9F8434FF00009CC
:103A1800064688461746D0E902243369151B9C429E
:103A280003F1FF3125BF03F1FF339B180B1B1B1B51
:103A3800BD4228BF3D469D4228BF1D46706841468D
:103A48002A46204402F024FBB2682C44A24208BF54
:103A58000024A944A8447F1BBFF35F8FF460002FA4
:103A6800DBD14846BDE8F883F8B5164CA8220021FA
:103A7800204602F0FFFB4FF480660023032110204C
:103A8800114A124F124D21616161A261E7612662FC
:103A9800A3626362E36222666566A0662367E366E3
:103AA8006367BFF35F8F0B4B9C46A3F11000ACEB31
:103AB800030213F9011D8342A154F8D1BFF35F8FAC
:103AC800F8BD00BF90D5020084AE020090D102007C
:103AD80080D1020070B4020038B5214B00EB4004DD
:103AE80003EBC40EDEF82C40013000EB4000012C43
:103AF8008C46154603EBC00015D0022C0FD034BB02
:103B0800DEF82830DEF8242093429CBFDEF820102F
:103B18005B18013B9A1A95421CD9204638BDBDE86E
:103B28003840FFF771BFDEF82830DEF82440A342A2
:103B38009CBFDEF820105B18013B1C1B944228BF79
:103B4800144661462246FFF743FF204638BD00244D
:103B5800204638BD2A466146FFF73AFF2C46DCE787
:103B680090D50200F8B50B4B04461B780D46532B35
:103B7800164601D0FFF778FFEFF311874FF02001C9
:103B880081F31188324629462046FFF7A5FF87F3BF
:103B98001188F8BD90D5020010B50446D0E901326D
:103BA800501C984207D8236899540246E168636814
:103BB8000131C4E902019A4200D010BD2168206990
:103BC800FFF7D0FFA368984215BF4FF0FF330023DB
:103BD800E360A36010BD00BF2DE9F84F91420F4686
:103BE800DDE90A94154683461E4668D30B464FF016
:103BF8000108B3FBF5F39D4208F10108F9D9B04576
:103C080038BFB04614F0010A02D1B9F1000F3DD116
:103C1800DBF80C30002B29DB012402E005FB04F45F
:103C2800013E012EFAD8B7FBF4F39D4205D805FBF7
:103C380004F4B7FBF4F39D42F9D9224E06E0AC42F6
:103C4800B4FBF5F30CD31C46B7FBF3F3F156584617
:103C580004FB1377FFF7A0FFDBF80C30002BEEDA3C
:103C6800BAF1000F02D0B9F1000F09D1BDE8F88F01
:103C780020215846FFF790FFDBF80C30002BF5DBCE
:103C8800C14509F1FF39F3D8BDE8F88FA30711D46E
:103C980020240CE021465846FFF77EFFDBF80C3065
:103CA80009F1FF39002BE1DBB9F1000FB2D0C145B2
:103CB800F0D8ADE7002E0CBF30242024F7E74FF0F2
:103CC80001089CE774B402002DE9F04F002340245A
:103CD8009BB00DF12809CDE9049480460C4617469F
:103CE800CDE90633089006E004A8FFF755FF079BC7
:103CF800002BC0F2AE8014F9011B002900F0A1804E
:103D08002529F1D10026234613F9011BA1F123022D
:103D18000D2A08D8DFE802F080070707070707071A
:103D28007C0784070778A1F13002D2B2092A4FF044
:103D3800000501D90EE0013305EB850501EB4505CA
:103D480093F900101C46A1F13002D2B2092AA5F15C
:103D58003005F0D92E2900F080800022924694F98F
:103D6800001021F00403682B04F101045CD025291C
:103D7800BAD05839CBB2202BB9D82029B7D801A34B
:103D880053F821F0B13E0200F73C0200F73C020074
:103D9800F73C0200F73C0200F73C0200F73C020047
:103DA800F73C0200F73C0200F73C0200F73C020037
:103DB800CD3E0200553F0200F73C0200F73C0200EE
:103DC800F73C0200F73C0200F73C0200F73C020017
:103DD800F73C0200F73C0200F73C0200F73C020007
:103DE800F73C0200373F0200F73C0200F73C0200B4
:103DF800FB3E0200F73C0200E13E0200F73C0200F5
:103E0800F73C0200B13E02001C4646F002067AE783
:103E18001C4646F0040676E71C4646F0080672E79C
:103E28001C4646F001066EE714F9011B21F0040355
:103E3800682B9CD114F9011B21F00403682B96D13F
:103E4800F2E7079B002B04DD069C002C40F0B280B3
:103E5800234418461BB0BDE8F08F94F901102A29B5
:103E680009D13B684FF0010A1A1D3A6094F9021013
:103E78001A68023475E7A1F13003DBB2092B4FF061
:103E8800000204F1010400F2E18002EB820201EB7E
:103E9800420214F9011F303AA1F13003DBB2092BB9
:103EA800F3D94FF0010A5CE7134610223968081D60
:103EB800386009680DEB0200CDE90056FFF78CFE6B
:103EC800079B15E73B6804A81A1D3A6093F9001090
:103ED800FFF762FE079B0BE739681346081D386039
:103EE80009680A22CDE9005604A8FFF775FE079B6A
:103EF800FEE63B68191D39601D68002D00F08D80B5
:103F08000132AE1815F9011B00293FF4F0AEBAF1E1
:103F1800000F02D0B5423FF4EAAE04A8FFF73CFE1A
:103F2800079B002BEEDA18461BB0BDE8F08F08237C
:103F38000020102239680D1D3D600968CDE9003068
:103F48000DEB0200FFF748FE079BD1E63B684FF0F8
:103F5800010A191D3960D3F800B08BEAEB73A3EBA3
:103F6800EB73092B09DD4A481946A0FB03C36329F3
:103F78000AF1010A4FEAD303F6DC924538BF9246AC
:103F88000DBB079900250B460029FFF662AFBBF170
:103F9800000F46DB730752D406F00303022B57D0F9
:103FA800134659460A22CDE9005604A8FFF714FE25
:103FB800079B9DE62246494640460393FFF7D2FDFC
:103FC800039B234445E7BBF1000F06F002031BDB0C
:103FD800710719D4002B53D09AB1F3070FD510E00D
:103FE800202104A80392FFF7D7FD0799039A002917
:103FF8000B4605F1FF35FFF62CAF002DC4D0AA45BE
:10400800EED307990B46BFE7013D0BB1002AF8D064
:10401800F107F6D4002DF2D1B3E74FF0000A1D4D99
:104028006EE72D2104A80392FFF7B6FD039ACBF1A2
:10403800000B079900290B46FFF60BAFACE72B21C5
:1040480004A80392FFF7A8FD039AF2E7924688E6D0
:10405800002AA5D1002DA3D0554517D9302104A891
:104068000392FFF799FD0799013D00290B46FFF6DA
:10407800F0AE039A002DEFD10029FFF6EAAE8FE7E4
:10408800F007BCD5079B002B8ADAE2E60B46F3E77C
:10409800CDCCCCCC90AE02000EB400B582B003AB50
:1040A80053F8041B01AA0193FFF70EFE02B05DF856
:1040B80004EB03B0704700BF10B501F0E1F900B997
:1040C80010BD0020BDE81040024B034A0349FFF72A
:1040D800E3BF00BF98AE020084B40200BCAE020089
:1040E8002DE9F04F002491B01E22214608A8039420
:1040F80002F0C0F803A8CDE905448DF8104001F09E
:10410800F7FA9DF80D30664A01939DF80E3065491F
:10411800009320469DF80F30FFF7BEFF6249204606
:10412800FFF7BAFF6149624801F00EF8002873D121
:104138006049614801F008F80446002840F0A08072
:104148005D4800F07FFF0446002840F0868058480C
:1041580000F0D4FE044600286CD10026574C584F76
:10416800584DDFF84C81DFF850912378002BFCD0B4
:10417800404604A9267000F08FFF8246A8B1404649
:1041880001F07EF9002840D1484601F079F900286D
:1041980034D14D4B4D4A4E490020FFF77DFF524622
:1041A8004C490020FFF778FF00BE3A6806982B6854
:1041B80002FB00F06968C01841F1000101F0D2FD6E
:1041C8008246059801F0BCFD0146504601F0C4FE48
:1041D80000230022C5E900233E6001F0A3FC8246CB
:1041E8008B463D4A4021CDE900AB08A801F0F4FF19
:1041F8003A4908AA0020FFF74FFFB6E7384B394A7B
:1042080033490020FFF748FFC3E7354B354A3049AB
:104218000020FFF741FFB7E70546334B20462B4AFE
:104228002B49FFF739FF2A4620462A49FFF734FF72
:1042380000BE7DE71E48FFF73FFF1F48FFF73CFF22
:104248002A4B224A22490020FFF726FF224621490D
:104258000020FFF721FF00BE7FE71548FFF72CFF7E
:104268001548FFF729FF224B184A19490020FFF784
:1042780013FF224617490020FFF70EFF00BE66E72E
:104288000B48FFF719FF184B104A11490020FFF798
:1042980003FF22460F490020FFF7FEFE00BE4FE74E
:1042A800D8AE0200E0AE0200B4B0020074B502005D
:1042B800B8D602000CB5020098D6020048D6020013
:1042C80038D6020040D602009CB2020090B4020028
:1042D800BCAE02003CB20200C0B20200C8B202008A
:1042E80098AE020084B402001CB202007CB2020044
:1042F8005CB20200022800D0704708B5064907489A
:1043080000F0E0FD064BD3F8003ADB0700D508BD06
:10431800BDE8084000F01EB8DCB502004CD602002B
:1043280000000241037953B1012B00D070470021EE
:104338008068054A10600548516003707047044A58
:10434800136801331360704740D6020048D6020054
:1043580038D602000F224FF00F1003212DE9F04F3D
:104368004FF4803A01254FF000094FF0023440F233
:1043780002284FF0005E4FF020576FF050466FF064
:10438800584C194BC3F81021C3F814019A60D9602E
:104398001649174AD1F804B41648D1F820B2C1F822
:1043A80004A40AF1020AC1F820A2A3F50C1302F52D
:1043B800805102F54052D560C3F8209E156282688C
:1043C8000C62C1F824808C62CC62C3F848E3C3F85D
:1043D8004CC3C3F85073C3F854631368D0E90001A1
:1043E800BDE8F04F184700BF00002541000001411B
:1043F80000000341A8B40200002070470020704765
:1044080008B5FFF76DFE002008BD00BF0620704705
:1044180006207047062070470620704730B50469AB
:10442800236F23F0300323670469236FDD07FCD46F
:10443800CB7B8D8991F810E003F0030391F811C04C
:1044480043EA0563D5034FEA8E0EADB20EF01C0E9B
:104458004FEA4C1C2B430CF4F07C43EA0E0343EA6E
:104468000C0391F80EC0012A4FEA4C2C0CF4785C2E
:1044780043EA0C03C4F8803003698C68C3F88440AD
:1044880003D103690C68C3F888400469236F43F0BB
:10449800010323670469D4F89031DB07FBD51AB907
:1044A800D4F888300B6004690123C4F8943130BD16
:1044B80000220123F0B587B0CDE903228DF80F3033
:1044C8008DF811300368858A997B902D0446CDE9D3
:1044D80000229E6902920592ADF80C1005D0482D75
:1044E80003D06946FFF79AFF18E00022737827691E
:1044F800143357F8230069466FF3090047F823007F
:10450800A2822046FFF78AFF73782269143352F893
:10451800231065F3090142F82310A5822368009847
:104528009B79D84000F0010007B0F0BDF8B500282D
:1045380000F0C3800E46002900F0BF808F69002F6D
:1045480000F0BB80684BC26805469A4200F0C08004
:104558003B78002B40F0C380BB69002B00F0AD8096
:10456800EFF31081012383F310884FF00F135F4A94
:10457800C2F85035D2F8D0361B07FBD081F310882B
:10458800EFF31081012383F310884FF40030C2F851
:10459800640BD2F8640B81F31088EFF3108183F376
:1045A80010884FF00313C2F85038504AD2F8D04957
:1045B80014F00304FAD181F310884B4ABB692E60CA
:1045C8002B61EA60FA682AB12946494890470028D1
:1045D8007BD12B697A783188143243F822103388DA
:1045E8002A69AB827B78002B6AD0136823F0F853D2
:1045F80013607A683088137891781B04527809051B
:1046080001F4801103F470230B43C0F30900520531
:1046180002F40012034313437A782969143241F8EB
:1046280022307B78F1782A69013389001B0101F077
:104638000C01D15079782A693379013102EB0112E2
:104648001B04F17B03F4F81343EA012353602B693D
:10465800327B7978120203EB01139A617B782A691D
:10466800002B37D1136E43F00303136600263B7A01
:104678002A691B0403F4803343F4786393602B693D
:1046880079781A6F61F3C3021A672B692A68117C5B
:104698009A6E61F307029A662B692A68517C9A6EB2
:1046A80061F30F229A66AE603B693BB12946104818
:1046B8009847044610B1EE6000E001242046F8BD9A
:1046C800116863F30C21116093E7EC600446F5E789
:1046D8000E24F3E7136E43F00C031366C6E740F2AB
:1046E8007A542046F8BD00BF49505351000001419B
:1046F80038B60200F0B1104BC2689A4216D18B1E30
:10470800022B15D940F2FF33994211D010B4036837
:1047180002699B6981825B780020143352F8234038
:1047280061F3090442F8234010BC70470720704722
:1047380003207047012070474950535140B3154B2F
:10474800C2689A4222D1002203689B69C2601B7D1D
:10475800D3B1EFF31081012383F310880E4A0F4879
:10476800C2F8640BD2F8640B81F31088EFF3108160
:1047780083F310884FF47023C2F85035D2F8D0363E
:104788001B07FBD181F31088002070470720704772
:10479800012070474950535100000141FFFF0200BA
:1047A800C0B138B50C4DD0F80CC0AC450AD103697E
:1047B8009B6EC3F30045DB030AD409B1CB7B1BB95D
:1047C800012038BD072038BDFFF728FE284638BD30
:1047D800052038BD0120704749505351B8B1B1B1D7
:1047E80010B5104AC46882B094420DD103699A6E1C
:1047F800D2030ED4D3F8843113F0410F0BD0012328
:104808000B70002002B010BD072002B010BD0120BF
:1048180070470520F6E70191FFF74AFE01990870F5
:10482800EFE700BF49505351002800F08F802DE971
:10483800F04114461F46C2684D4B06469A4286B060
:1048480053D103699B6EDA0358D40D46FFF730FE47
:1048580000284ED1002D44D0002C42D033689B68EC
:10486800B4FBF3F203FB12429B1A9F4239D8402F44
:1048780037D83046FFF71CFE00283AD101223368AA
:104888000390597BCDE90000CDE904000290ADF812
:104898000C1030466946D3F818808DF80F20FFF7C2
:1048A800BDFDBB072ED0F80752D47A085CD0023D74
:1048B80004EB420235F8023F24F8023B9442F9D156
:1048C800BFF34F8F402F2CD13269D2F88431D907EA
:1048D800FBD598F80830012B2FD0002006B0BDE892
:1048E800F081012006B0BDE8F081072006B0BDE8E0
:1048F800F08149F6424006B0BDE8F081052006B0D7
:10490800BDE8F081BA082FD0043D04EB820255F8C7
:10491800043F44F8043BA242F9D1BFF34F8F402F24
:10492800D2D0052331694A68013B0092009AFAD136
:104938004B6E43F480734B66C6E7D2F88431DB07CD
:10494800FBD4536E43F480635366C6E70120704777
:10495800013C6A1E1346023312F8011F5B1B9F427B
:1049680004F8011FF6D8ABE7BFF34F8FD9E700BFB4
:104978004950535100282CD0184BC2689A4201D094
:104988000720704782B00190019B02681BB3002189
:10499800936902695B788DF803109DF803104FF056
:1049A800010C116E8BB16CF3830111660169002053
:1049B8008A6EDB0642F480328A6603F100431B7874
:1049C800DBB28DF8033002B070476CF30101116659
:1049D800ECE701207047012002B07047495053515D
:1049E80000282FD01A4BC2689A4201D0072070477E
:1049F80010B483B00190019B02682BB34FF0000CF8
:104A0800936901698DF803C09DF803405A788C6E4C
:104A1800D3066CF310448C6603F100431B78DBB2B9
:104A28008DF8033042B10269136E43F00C0313662C
:104A3800002003B010BC70470269136E43F00303F3
:104A48001366F5E701207047012003B010BC7047DA
:104A580049505351002873D02DE9F043394B15467E
:104A6800C26806469A4287B055D103699B6EDA033D
:104A780055D40F46FFF71CFD034600285DD1002FD3
:104A880045D031688A7C002A41D04C6903E09342C2
:104A980004F108043BD0606801338542F7D1B4F8CB
:104AA8000090B9F1000F32D0002401224B7BD1F8DD
:104AB8001880304669460394CDE90144CDE90444A1
:104AC800ADF80C3000948DF80F2007F10047FFF780
:104AD800A5FC0135CDE90274CDE90044CDE90444D3
:104AE800ADF80C9004D03368DC78144404F0070463
:104AF8000122694630468DF810408DF80F20FFF7E7
:104B08008DFC98F8083093420DD0002000E0012079
:104B180007B0BDE8F083072007B0BDE8F0830520A3
:104B280007B0BDE8F0833269D2F88431DB07FBD4E3
:104B3800536E43F480635366E7E749F64240E7E77C
:104B480001207047495053510322F0B54FF0010E30
:104B5800C0F307256B1EC0F3850C214E0CEB430CEC
:104B68005FFA8CFC104056F82C7000FA02F30EFA2B
:104B780003F027EA00076FEA000EC1F3804098406F
:104B8800184C384346F82C0054F82C609A40C1F36E
:104B9800812026EA02069840304344F82C00F5B9F3
:104BA800D243C1F3C04000FA03F5D4F8F80F04F675
:104BB800F8740EEA000028432060D4F80054C1F3CA
:104BC8000150154098402843C4F80004D4F8000860
:104BD800C1F38151024099401143C4F80018F0BD57
:104BE80008180341081003410122C3B29A40F0B5E6
:104BF800D5B2FF2D364EC0F30724C1F3004C08D0C0
:104C0800A55D0CFA03FC25EA020242EA0C025FFAEF
:104C180082FC04F806C04FF0070C03224FF0010E87
:104C28002C4F9E00C1F30265B5400CFA06FC57F8FC
:104C380024609B0826EA0C0C45EA0C05264E03EB7B
:104C4800440347F82450DBB200F0030056F8235021
:104C5800C0008240C1F3812425EA020584402C4328
:104C680046F8234006F5406656F82350C1F3011470
:104C780025EA020584402C4346F8234006F5806661
:104C880056F823500EFA00FEC1F3C044844025EACA
:104C98000E0C44EA0C0446F82340104CC1F3015CA6
:104CA800C1F381510CFA00FC814054F8230020EA3A
:104CB80002004CEA000044F8230004F5806454F82C
:104CC800230020EA0202114344F82310F0BD00BF7C
:104CD80020020341800403410011034100250341E0
:104CE8004FF0010CC3B20CFA03FC2DE9F04F5FFA48
:104CF8008CF6FF2E454FC0F30722C1F3004405D0C0
:104D0800D55D9C4025EA0C052C43E4B2D455032418
:104D18004FF6FF785D00AC401FFA84F9C1453C4F5F
:104D2800C1F3810E0BD00EFA05F537F812E01FFA21
:104D38008EFE2EEA040E4EEA050E1FFA8EFEFF2E98
:104D480027F812E001F00104324F05D0D55D9C40F0
:104D580025EA0C052C43E4B24FF0030C4FF0010E8A
:104D68009B082D4D03EB4203D455DBB200F0030042
:104D780055F823B0C0000CFA00FCC1F3812A0AFAE6
:104D880000FA2BEA0C0BDFF894904AEA0B0A45F874
:104D980023A059F82350C1F3011808FA00F825EAAE
:104DA8000C051F4F48EA050549F8235057F82350CA
:104DB8000EFA00FEC1F38034844025EA0E05194E30
:104DC8002C4347F8234056F82340C1F3C0428240A1
:104DD80024EA0E042243144C46F82320C1F301525E
:104DE800C1F381518240814054F8230020EA0C002D
:104DF80002430E4844F8232050F8232022EA0C02EC
:104E0800114340F82310BDE8F08F00BF2002034192
:104E1800400103412000034100110341001D0341EB
:104E2800002D0341002103410025034100290341CE
:104E380070B50546EFF31082012383F310881F4EE7
:104E480033681BB91E490B6040230B60336801337C
:104E5800336082F310882B88D3B1002406E0FFF773
:104E6800C3FE2A880134A3B29A4211D96B6803EBB6
:104E7800C402506853F83410B0F5803F1BD2CB03FE
:104E8800EDD4FFF72DFF01342A88A3B29A42EDD85A
:104E9800EFF31082012383F31088336813B133686A
:104EA800013B336033681BB9802005490B600860FB
:104EB80082F3108870BDFFF747FED2E7D8D602000C
:104EC80000300341A0B199B14A6808B5034652B110
:104ED800094A186890420DD008461A609960FFF791
:104EE800A7FF002008BD0A88002AF1D0012008BDCC
:104EF800012070470E2008BD54524F5050B1064B48
:104F080002689A4204D1D0E9023200205A60704700
:104F1800072070470120704754504700002800DAE6
:104F280070470B0648BFFE214FF0010C10B558BF63
:104F380049000D4C4FEA501300F1604E58BFC9B2FA
:104F48000EF5614E9B008EF8001303F1604344F8A0
:104F5800202000F01F0003F561430CFA00F0C3F8AD
:104F68008001186010BD00BFDCD6020070B58369EF
:104F780084B004468C46164601AD9BB193E8070001
:104F880085E8070083F804C09E60E26918461A6045
:104F980063699847A3691BB195E8070083E8070090
:104FA80004B070BD2B46EDE770B50446EFF30383FC
:104FB800C3F30803214A103B0FFA83FC52F82C0074
:104FC8009BB24568EA6992F8382072B9826894BB46
:104FD8002D780121012DD26C0CD0436953B32144A3
:104FE800C9B2BDE87040FFF7C1BF062100222D7885
:104FF800012DF2D103F01F039D404FF0004300261E
:10500800D0F808E04FEA5C1CCEF81030D0F808E081
:105018000CF1600CCEF81430D0F808E0CEF8183057
:1050280083685E6283689E62054B43F82C5043692F
:10503800002BD4D170BD2146126DD8E7DCD6020012
:1050480000E100E018B3134A0168034691421CD1FD
:1050580010B44268D3F808C0D2699168D06841F0AA
:1050680000445168CCF814409C6840F00040A061AE
:105078009C6841F0004121611469996800204C62E4
:105088009B6852699A6210BC7047072070470120DC
:10509800704700BF54504700E0B138B50C46D9B14D
:1050A8000E4A01680346914201D0072038BD826844
:1050B8000F20526E0132A2609B68DD6A00F012FB7D
:1050C80001220346C5F302659540EB4063602270F8
:1050D800002038BD01207047012038BD54504700DA
:1050E80010B48C6E01342AB1944203D9013A10BC31
:1050F8001A607047DDF804C0496B00781CF0010F96
:105108000CBF01F01F01C1F30441032808D90909A4
:1051180081F001016AB9A1B9022210BC5A60704736
:1051280001F00C01A1F10401B1FA81F14909002A49
:10513800F1D0944201D80029EED1032210BC5A6064
:105148007047002CE8D0F8E72DE9F04184B0002939
:1051580000F05B81CB690C46002B00F056810646B7
:10516800002800F052810B7ADA0700F14E810A2BF1
:1051780000F24B810B78032B00F24C81B04B026894
:105188009A4200F05A8101230A7C072A88BF02F05C
:1051980007029340C3600B7C072B00F24B814B69DD
:1051A800CA69002B00F04181B4F91230002BC0F21B
:1051B8003A81536C002B00F028810023746033740B
:1051C800E269526CB26062697261A269C6E906322C
:1051D800B4F91230217C002B80F21E81E769EFF3CD
:1051E8001081012383F310884FF00113954AC2F808
:1051F8004035D2F8C03613F00103FAD081F3108895
:10520800EFF31080012181F310884FF48015C2F864
:10521800645BD2F8645B80F31088EFF3108081F34D
:1052280010884FF00111C2F84018864AD2F8C059C8
:1052380015F00105FAD180F310884FF42541B268C2
:105248004FF0000C1160B268D562B268D563B268DD
:1052580095642178227A03294FF000414FEA5202DF
:10526800D6F808E04FEA026208BF42F4803260686C
:10527800CEF82C20B26801381161B2685161B26869
:105288009161B268C2F824C0B268C2F828C0B26896
:10529800B969D161B268F9691162B2680021906692
:1052A800B26850664FF0FF302278CDE90201D7F896
:1052B8004080002A40F0C880032062685208013A02
:1052C8000292B1684A65B1688A652178032903D9D1
:1052D800B168CA65B1680A663A6C82BB3A78B2B1FD
:1052E80022787978022A4FEA811E4FEA011C00F0E1
:1052F800C580032A03D000290CBF0622092248EAE8
:10530800020242EA0E0242EA0C0242F48078BA78BB
:10531800AAB197F803C021784FEA0C12022942EA91
:105328008C1200F0A980032904D0BCF1000F0CBF37
:10533800062109210A4348EA024242F0807872684D
:10534800D16991F8382012F0010F07D00A6BD6F80E
:1053580008C0013ACCF84C2091F83820920703D5C0
:105368004A6BB168013A0A650022B1684A64B168BB
:105378008A63B168C1F888203A6C42B997F821204D
:1053880097F82010520742EA413248EA020897F893
:105398003820002A14BF4FF4A0014FF4AA01B268C4
:1053A80011642278012A04D10022B168CA64B16864
:1053B8000A65B268C2F83480B2681063B2681363D1
:1053C800D6E90232DA60617C3246B4F91200FFF79E
:1053D800A5FD97F82210B7F92600FFF79FFD97F86B
:1053E8002310B7F92800FFF799FD97F82410B7F9AB
:1053F8002A00FFF793FDB16811488B6B43F0805387
:1054080043F043038B63306000E00125284604B075
:10541800BDE8F0810525F9E70422012000F096F99E
:1054280000283FF4DBAE0B25F0E70B78012B7FF467
:10543800C0AEB9E640F27A55E8E70E25E6E700BFC8
:105448005450470000000141012A11D0CDF800C096
:10545800D6E90101E26802ABFFF742FEDDE902216D
:105468000B0643EA014343F0030043F0010328E736
:1054780003204FF0FF3224E709215BE709223EE7CA
:10548800002855D02B4A0168034691424ED130B4CA
:105498004168B1F91220C969002A10DB012402F021
:1054A8001F05AC405009244D203045F82040BFF37B
:1054B8004F8FBFF36F8F0024204840F82240B1F986
:1054C8002620002A10DB012402F01F05AC405009F9
:1054D800194D203045F82040BFF34F8FBFF36F8F31
:1054E8000024164840F82240B1F92820002A11DB90
:1054F8000120114C510902F01F0C203100FA0CF068
:1055080044F82100BFF34F8FBFF36F8F00200B4982
:1055180041F822000022D3E902101A6088609968D5
:1055280010464A639B689A6330BC704707207047EF
:10553800012070475450470000E100E0DCD602002B
:10554800EFF30383C3F308031949103B1AB251F868
:10555800220041680978012906D043691BB100225D
:105568001146FFF703BD70479BB203F01F03994034
:10557800002310B5D0E902CECCF808E0D0F808C076
:105588000C4CCCF84830D0F808C05209CCF84C3054
:10559800D0F808C06032CCF8503044F82210436983
:1055A8002BB1BDE8104000221146FFF7DFBC10BD4B
:1055B800DCD6020000E100E00020FFF7F5BC00BFE8
:1055C800024A034B52681A60704700BF20D102009C
:1055D80060DE020070B442F6E065134B134A1448CB
:1055E800C3E90D22C3E90F20C3E911209A61114ACA
:1055F8001149C3E91402114C114E124AC3E90B01B7
:105608001160C3E90061C3E9094499601C620E494D
:105618000E4C0F4ADC64C3E904120E4C0E48DD60E0
:105628009C65D86170BC704720D1020000E1F50587
:1056380000C2EB0B0084D71780B2E60E5581F20743
:1056480000AB904160DE020055A0FC0100688909AA
:105658002A50FE0000366E0180F0FA0270B442F65D
:10566800E065134B134A1448C3E90D22C3E90F2020
:10567800C3E911209A61114A1149C3E91402114C76
:10568800114E124AC3E90B011160C3E90061C3E975
:10569800094499601C620E490E4C0F4ADC64C3E948
:1056A80004120E4C0E48DD609C65D86170BC7047D2
:1056B80020D1020000E1F50500C2EB0B0084D717EA
:1056C80080B2E60E5581F20700AB904160DE020021
:1056D80055A0FC01006889092A50FE0000366E01B9
:1056E80080F0FA02014B53F82000704720D10200E5
:1056F800034618B1024A00201A607047012070471B
:105708000000020400BEFEE700BF704708B50C4A5F
:105718000346106840B103330A4923F003030344E6
:105728008B4205D8136008BD074908461160F2E7A7
:1057380000F09AFD0C2203461A604FF0FF3008BDB6
:105748005CDE0200D81F0300D8DF020001281CD04D
:10575800102818D140F2FF13CB40D80739D50A2AB0
:105768003AD801EB81001D4B01EB4001114453F87D
:105778002120531C30D04FF0010C02F01F030CFA0B
:1057880003FC604610E005207047FF23CB40DB0791
:105798001FD5052A20D84FF0000C01EB410102EB80
:1057A800410202F01F03984000B50D495209EFF37A
:1057B800108E012383F3108851F8223023EA000366
:1057C80043EA0C0341F822308EF3108800205DF87C
:1057D80004FB40F27A507047032070476CB6020011
:1057E8008000064100BE704708B500F005F8FEF7D6
:1057F80007FEFEE700BE704770B50020FEF77AFD91
:10580800FFF7E8FE0120FEF775FD0F480F4A00215B
:10581800121A00F02FFD0E4D0E4B5B1B002B07DDFF
:1058280000249E1055F8043B01349847A642F9DC41
:10583800FFF7C6FE0220FEF75DFDFFF765FFBDE836
:105848007040002000F008B880D10200D8DF0200C4
:105858001CC102001CC10200704700BF81F000415A
:1058680002E000BF83F0004330B54FEA41044FEA3D
:10587800430594EA050F08BF90EA020F1FBF54EAD8
:10588800000C55EA020C7FEA645C7FEA655C00F074
:10589800E2804FEA5454D4EB5555B8BF6D420CDD45
:1058A8002C4480EA020281EA030382EA000083EAC8
:1058B800010180EA020281EA0303362D88BF30BD68
:1058C80011F0004F4FEA01314FF4801C4CEA1131BE
:1058D80002D0404261EB410113F0004F4FEA03331D
:1058E8004CEA133302D0524263EB430394EA050FA8
:1058F80000F0A780A4F10104D5F1200E0DDB02FA17
:105908000EFC22FA05F2801841F1000103FA0EF2AA
:10591800801843FA05F359410EE0A5F120050EF170
:10592800200E012A03FA0EFC28BF4CF0020C43FAA1
:1059380005F3C01851EBE37101F0004507D54FF0AE
:10594800000EDCF1000C7EEB00006EEB0101B1F5FE
:10595800801F1BD3B1F5001F0CD349085FEA300044
:105968004FEA3C0C04F101044FEA445212F5800F4F
:1059780080F09A80BCF1004F08BF5FEA500C50F1EC
:10598800000041EB045141EA050130BD5FEA4C0CCF
:10599800404141EB0101013C28BFB1F5801FE9D22C
:1059A80091F0000F04BF01460020B1FA81F308BF4F
:1059B8002033A3F10B03B3F120020CDA0C3208DD1B
:1059C80002F1140CC2F10C0201FA0CF021FA02F1F6
:1059D8000CE002F11402D8BFC2F1200C01FA02F166
:1059E80020FA0CFCDCBF41EA0C019040E41AA2BF8B
:1059F80001EB0451294330BD6FEA04041F3C1CDA53
:105A08000C340EDC04F11404C4F1200220FA04F072
:105A180001FA02F340EA030021FA04F345EA03011C
:105A280030BDC4F10C04C4F1200220FA02F001FADE
:105A380004F340EA0300294630BD21FA04F0294660
:105A480030BD94F0000F83F4801306BF81F48011F9
:105A58000134013D4EE77FEA645C18BF7FEA655C6C
:105A680029D094EA050F08BF90EA020F05D054EA3E
:105A7800000C04BF1946104630BD91EA030F1EBF43
:105A88000021002030BD5FEA545C05D14000494147
:105A980028BF41F0004130BD14F580043CBF01F53A
:105AA800801130BD01F0004545F0FE4141F4700120
:105AB8004FF0000030BD7FEA645C1ABF19461046FB
:105AC8007FEA655C1CBF0B46024650EA013406BFFC
:105AD80052EA033591EA030F41F4002130BD00BFBB
:105AE80090F0000F04BF0021704730B54FF4806478
:105AF80004F132044FF000054FF0000150E700BFF9
:105B080090F0000F04BF0021704730B54FF4806457
:105B180004F1320410F0004548BF40424FF0000144
:105B28003EE700BF42004FEAE2014FEA31014FEA87
:105B380002701FBF12F07F4393F07F4F81F06051D6
:105B4800704732F07F4208BF704793F07F4F04BF21
:105B580041F40021704730B54FF4607401F00045FE
:105B680021F000411CE700BF50EA010208BF70475E
:105B780030B54FF000050AE050EA010208BF70474F
:105B880030B511F0004502D5404261EB41014FF4B8
:105B9800806404F132045FEA915C3FF4D8AE4FF0C0
:105BA80003025FEADC0C18BF03325FEADC0C18BFA3
:105BB800033202EBDC02C2F1200300FA03FC20FAF4
:105BC80002F001FA03FE40EA0E0021FA02F1144441
:105BD800BDE600BF80F0004002E000BF81F0004158
:105BE80042001FBF5FEA410392EA030F7FEA226C7B
:105BF8007FEA236C6AD04FEA1262D2EB1363C1BF0B
:105C0800D218414048404140B8BF5B42192B88BF79
:105C1800704710F0004F40F4000020F07F4018BF9C
:105C2800404211F0004F41F4000121F07F4118BFBC
:105C3800494292EA030F3FD0A2F1010241FA03FC64
:105C480010EB0C00C3F1200301FA03F100F000434C
:105C580002D5494260EB4000B0F5000F13D3B0F114
:105C6800807F06D340084FEA310102F10102FE2A83
:105C780051D2B1F1004F40EBC25008BF20F00100F3
:105C880040EA03007047490040EB0000013A28BF92
:105C9800B0F5000FEDD2B0FA80FCACF1080CB2EB15
:105CA8000C0200FA0CF0AABF00EBC2505242184393
:105CB800BCBFD0401843704792F0000F81F4000138
:105CC80006BF80F400000132013BB5E74FEA41030B
:105CD8007FEA226C18BF7FEA236C21D092EA030F77
:105CE80004D092F0000F08BF0846704790EA010FF1
:105CF8001CBF0020704712F07F4F04D1400028BF1E
:105D080040F00040704712F100723CBF00F50000FF
:105D1800704700F0004343F0FE4040F40000704735
:105D28007FEA226216BF08467FEA236301464202E1
:105D380006BF5FEA412390EA010F40F480007047F4
:105D48004FF0000304E000BF10F0004348BF40429A
:105D58005FEA000C08BF704743F0964301464FF0D6
:105D680000001CE050EA010208BF70474FF0000332
:105D78000AE000BF50EA010208BF704711F0004373
:105D880002D5404261EB41015FEA010C02BF844643
:105D98000146002043F0B64308BFA3F18053A3F5A2
:105DA8000003BCFA8CF2083AA3EBC25310DB01FAE9
:105DB80002FC634400FA02FCC2F12002BCF1004F6D
:105DC80020FA02F243EB020008BF20F001007047FE
:105DD80002F1200201FA02FCC2F1200250EA4C0052
:105DE80021FA02F243EB020008BF20EADC70704798
:105DF8004FF0FF0C1CEAD0521EBF1CEAD15392EAA6
:105E08000C0F93EA0C0F6FD01A4480EA010C400281
:105E180018BF5FEA41211ED04FF0006343EA5010DB
:105E280043EA5111A0FB01310CF00040B1F5000F1D
:105E38003EBF490041EAD3715B0040EA010062F1CC
:105E48007F02FD2A1DD8B3F1004F40EBC25008BFB6
:105E580020F00100704790F0000F0CF0004C08BFD4
:105E680049024CEA502040EA51207F3AC2BFD2F1A1
:105E7800FF0340EAC250704740F400004FF00003AF
:105E8800013A5DDC12F1190FDCBF00F000407047E9
:105E9800C2F10002410021FA02F1C2F1200200FA27
:105EA80002FC5FEA310040F1000053EA4C0308BFEE
:105EB80020EADC70704792F0000F00F0004C02BF3F
:105EC800400010F4000F013AF9D040EA0C0093F0BA
:105ED800000F01F0004C02BF490011F4000F013B14
:105EE800F9D041EA0C018FE70CEAD15392EA0C0F82
:105EF80018BF93EA0C0F0AD030F0004C18BF31F0ED
:105F0800004CD8D180EA010000F00040704790F0C2
:105F1800000F17BF90F0004F084691F0000F91F066
:105F2800004F14D092EA0C0F01D142020FD193EA2C
:105F38000C0F03D14B0218BF084608D180EA0100B4
:105F480000F0004040F0FE4040F40000704740F090
:105F5800FE4040F4400070474FF0FF0C1CEAD0525E
:105F68001EBF1CEAD15392EA0C0F93EA0C0F69D0BA
:105F7800A2EB030280EA010C49024FEA402037D025
:105F88004FF0805343EA111143EA10130CF000401C
:105F98008B4238BF5B0042F17D024FF4000C8B420C
:105FA80024BF5B1A40EA0C00B3EB510F24BFA3EBEC
:105FB800510340EA5C00B3EB910F24BFA3EB9103BC
:105FC80040EA9C00B3EBD10F24BFA3EBD10340EA16
:105FD800DC001B0118BF5FEA1C1CE0D1FD2A3FF65C
:105FE80050AF8B4240EBC25008BF20F00100704711
:105FF8000CF0004C4CEA50207F32C2BFD2F1FF03B4
:1060080040EAC250704740F400004FF00003013AE4
:1060180037E792F0000F00F0004C02BF400010F488
:10602800000F013AF9D040EA0C0093F0000F01F09C
:10603800004C02BF490011F4000F013BF9D041EABE
:106048000C0195E70CEAD15392EA0C0F08D14202F1
:106058007FF47DAF93EA0C0F7FF470AF084676E7C4
:1060680093EA0C0F04D14B023FF44CAF08466EE79D
:1060780030F0004C18BF31F0004CCAD130F000426B
:106088007FF45CAF31F000437FF43CAF5FE700BFC3
:10609800844641EA000313F0030349D1403A23D36D
:1060A8000B6803604B6843608B688360CB68C36090
:1060B8000B6903614B6943618B698361CB69C36178
:1060C8000B6A03624B6A43628B6A8362CB6AC36260
:1060D8000B6B03634B6B43638B6B8363CB6BC36348
:1060E80040304031403ADBD230320BD30B6803608A
:1060F8004B6843608B688360CB68C3601030103195
:10610800103AF3D20C3205D351F8043B40F8043B63
:10611800043AF9D2043208D0D2071CBF11F8013B67
:1061280000F8013B01D30B8803806046704700BF2D
:10613800082A13D38B07B1D010F00303AED0C3F1F4
:106148000403D21ADB071CBF11F8013B00F8013B1E
:10615800A4D331F8023B20F8023B9FE7043AD9D395
:10616800013A11F8013B00F8013BF9D20B780370B2
:106178004B7843708B7883706046704720F003013A
:1061880010F00300C0F1000051F8043B00F1040CCA
:106198004FEACC0C6FF000021CBF22FA0CF213433A
:1061A8004FF0010C4CEA0C2C4CEA0C4CA3EB0C0203
:1061B80022EA030212EACC1204BF51F8043B04306D
:1061C800F4D0C2F1000102EA0102B2FA82F2C2F18D
:1061D8001F0200EBD20070470CB40029214B10B508
:1061E8001C689CB038DB4FF000034FF40272029039
:1061F8001B931FAB0690ADF8142018D001394FF649
:10620800FF701E9A0491079102A9ADF81600204666
:10621800019300F081F8421C01DA8B232360029B72
:1062280000221A701CB0BDE8104002B070474FF64B
:10623800FF700491079102A9ADF8160020461E9A36
:10624800019300F069F8431C01DA8B2323601CB02A
:10625800BDE8104002B070478B234FF0FF30236039
:10626800F5E700BF5CBA0200014B1868704700BF31
:106278005CBA020070B5860747D0541E002A3ED08B
:10628800CAB2034601E0013C39D303F8012B9D074C
:10629800F9D1032C2CD9CDB20F2C05EB052505EB34
:1062A800054535D9A4F1100C03F1100E1A462CF04F
:1062B8000F064FEA1C1CB644C2E90055C2E9025554
:1062C80010327245F8D10CF1010214F00C0F04F0F1
:1062D8000F0C03EB021213D0ACF1040323F00303F9
:1062E8000433134442F8045B9342FBD10CF00304DB
:1062F8002CB1C9B21C4403F8011BA342FBD170BDE9
:1063080064461346002CF4D1F9E703461446C0E767
:106318001A46A446E0E700BF2DE9F04FE1B00C466D
:1063280083460E9130AF0A92109303F023F9036865
:1063380018461C93FFF722FF08221A9000213846BE
:10634800FFF798FFA3891E0603D52369002B01F0E8
:10635800328000230024DFF808A29E46CDE93533B9
:1063680037ABCDF87CE0CDF874E098463493002341
:10637800CDF86CE0CDF878E0CDF880E0CDF82CE0F1
:10638800CDF858E0CDE918340A9DDAF8E44003F076
:10639800EBF82A4603462CA958460097A047002840
:1063A800034600F0AC80C0F2A2802C9A252A01D0C6
:1063B8001D44EAE70A9B0446EE1A40F0A480002335
:1063C8006C1C4FF0FF391A468DF8A7300D936B7887
:1063D80007920134A3F120025A2A00F2C380DFE8B1
:1063E80012F02D03C100C1002703C100C100C10084
:1063F8006B00C100C10056026702C10061023D0383
:10640800C10037035B005B005B005B005B005B0067
:106418005B005B005B00C100C100C100C100C1009E
:10642800C100C1004701C100C9010C034701470170
:106438004701C100C100C100C1000603C100C1007D
:10644800B902C100C100C100F501C1006C02C10060
:10645800C1008607C100C100C100C100C100C10060
:10646800C100C1004701C100C9012D024701470110
:106478004701D2022D028000C100EA02C100DB02FE
:106488008207F3028000C100F5017E007D07C1008C
:10649800C100AD07C1007E00A3F1300200231946F8
:1064A80001EB810114F8013B02EB4101A3F1300239
:1064B800092AF5D90D918DE7584603F05BF8436832
:1064C80018462093FFF75AFE1E900546584603F0DB
:1064D80051F882681B9215B1002A40F02B86237868
:1064E80077E7079B43F020030793237871E7082297
:1064F80000213846FFF7BEFE01231D4445E70A9BED
:106508000446EE1A12D00A9BC8E90036369B33447B
:106518003693359B0133072B359316DC08F10808B1
:106528000B9B33440B93002C7FF449AF369B002B15
:1065380041F082820E9B9B8903F04003002B41F0BF
:10654800FB830B9861B0BDE8F08F34AA0E995846CA
:1065580003F014F80028EDD10DF1DC08E0E700BFE6
:10656800B0BF020013930A94002BDFD0002247A982
:106578008DF81C31012391468DF8A72008931191BD
:106588000F920C931792CDE91422079B13F0020384
:1065980002D00899023108910799369C11F08401BC
:1065A800129105D10D9908980D1A002D00F3A980B4
:1065B80082B1012201340DF1A701C8F80420359AEF
:1065C80036940132C8F80010072A359200F3038484
:1065D80008F108087BB1359B2AAA02340133C8F8B0
:1065E800002002223694072B3593C8F8042000F3C4
:1065F800E68308F10808129B802B00F0A4820C9B0C
:10660800A9EB0305002D00F3DD82079BDA0500F1F5
:106618004082119BC8F800300C9B1C44C8F8043019
:10662800359B36940133072B359300F3708308F1BB
:106638000808079B5A0705D50D9B089A9D1A002D37
:1066480000F3D8830B9B0D9A08998A42ACBF9B181C
:106658005B180B93002C40F00B83002335930F9BA2
:106668001BB10F99584603F055F80DF1DC088BE67D
:1066780013934FF0FF32109B0A94073323F007015E
:10668800B04BF1E80245109125F000412294239186
:10669800DDE92201CDE9184504F090FB002840F01F
:1066A80055854FF0FF32A74BDDE9220104F068FB66
:1066B800002840F04B85002200232046294604F09C
:1066C80055FB002841F070819DF8A720079B00200A
:1066D8009D4923F080030F9007939C4B139C8146A0
:1066E8001790472CD8BF194611910321CDE9140002
:1066F80008910C91002A3FF448AF089B0133089396
:1067080043E7102D359A924E24DD214621930E9CA5
:1067180002E0103D102D1BDD013210311023C8F8A6
:106728000060072A08F1080848F8043CCDE935213B
:10673800EFDD34AA214658460DF1DC0802F01EFFB1
:10674800002840F09D82103D102DDDE93521E3DC65
:10675800219B0C4601322C44C8F80060072AC8F86F
:106768000450CDE9352400F3168708F108089DF890
:10677800A7201DE7109A432B0A94139302F10404EF
:1067880003D0079BDD0640F1DE850822002132A8F0
:1067980047ADFFF76FFD109A32AB5846126829468D
:1067A80001F084FE03460C90013301F0C0820C9B7B
:1067B80023EAE37308930022CDE9104591468DF84A
:1067C800A7200F921792CDE91422DEE6109D1393AD
:1067D80000230A948DF8A73055F8043B1193002B39
:1067E80000F0D885139B532B00F00887079B13F004
:1067F8001003149340F00287B9F1000FC1F206812B
:106808004A461499119803F081F80F90002801F076
:10681800D3820F9B119ADDF850909B1A10959DF822
:10682800A7200C9323EAE373CDF85C9008937323B5
:10683800CDF854901393CDF83C905BE71393079BE6
:106848000A949C0640F1E380109B073323F007036A
:106858001A46596852F8083B10920A460029C0F2B5
:106868002084B9F1000FC0F21783079921F0800145
:10687800079140F0118353EA020114BF012100215E
:1068880040F00A8360AB89460C9111934DE0109B50
:1068980053F8042B002A0D9280F22B840D9A109342
:1068A80052420D92079B43F004030793237890E527
:1068B8002B238DF8A73023788BE51393079B0A9435
:1068C80043F0100616F0200200F0C683109B012149
:1068D800073323F0070318465A6850F8083B10900E
:1068E8000020B9F1000F8DF8A700C0F2A08126F0B2
:1068F8008000079053EA020040F09881B9F1000047
:1069080018BF0120B9F1000F40F09081002940F034
:10691800AB8216F0010389460C9300F046833023BE
:106928008DF87F310DF27F1311930C9900239DF898
:10693800A72049450F931793B8BF4946CDE91433AB
:106948000891D7E6FFFFEF7F00B30200FCB2020018
:1069580008B802001393079B0A9443F010030793A7
:10696800079B13F0200200F08D83109B073323F060
:10697800070319465A6851F8083B1091079921F402
:1069880080660021ACE72378682B00F0E684079A3C
:1069980042F0400207921CE5079B0A949C0640F1CE
:1069A800B383109B0B9A1B681A60D2175A60109B0E
:1069B80004331093E8E423786C2B00F0D684079A0C
:1069C80042F01002079204E5079B7820109A43F0E2
:1069D800020647F63003B149ADF8A83052F8043B37
:1069E8001F910221109200220A94139078E7079BC6
:1069F80043F0080307932378EBE41393079B0A9467
:106A080043F010030793079B9C063FF51DAF0799BA
:106A1800109AC80652F8043B00F187830799490683
:106A280040F1B086109243F3C0321BB2114615E70D
:106A3800079B43F0010307932378CAE49DF8A72036
:106A48002378002A7FF4C5AC20228DF8A720C0E463
:106A5800079B43F0800307932378BAE4214611F893
:106A6800013B2A2B01F04E82A3F13002092A01F2E0
:106A78000F814FF0000909EB890911F8013B02EB7E
:106A88004909A3F13002092AF5D949EAE9790C46FE
:106A9800A0E4139B652B40F3458100220023DDE928
:106AA800180104F059F9002800F00682359B0134DA
:106AB8007B4A01333694C8F800200122072B35930E
:106AC800C8F8042000F38D8508F108082B9B169A56
:106AD800934280F209831A9B1C9A1C44C8E900233C
:106AE800359B36940133072B359300F3468408F120
:106AF8000808169B5D1E002D7FF79BAD102D359B5A
:106B0800684E40F3A38522464FF010090E9C03E01F
:106B1800103D102D40F3998501331032072BC8E939
:106B28000069CDE9353208F10808F1DD34AA2146BB
:106B3800584602F023FD002840F0A2800DF1DC0841
:106B4800DDE93532E4E70D9B089A9D1A002D7FF7A1
:106B580056AD102D359B534E21DD22460E9C02E08A
:106B6800103D102D1ADD013310321021C8F80060D5
:106B7800072B08F1080848F8041CCDE93532EFDD89
:106B880034AA2146584602F0F9FC002878D1103D75
:106B98000DF1DC08102DDDE93532E4DC1446013353
:106BA8002C44C8F80060072BC8F80450CDE93534E8
:106BB80000F3B9850C9B08F10808A9EB0305002D23
:106BC8007FF723AD102D359B364E21DD22464FF041
:106BD80010090E9C02E0103D102D18DD0133103213
:106BE8003049072BC8E90019CDE9353208F1080802
:106BF800F1DD34AA214658460DF1DC0802F0BEFC4E
:106C080000283DD1103D102DDDE93532E6DC144673
:106C180001332C44C8F80060072BC8F80450CDE9AC
:106C2800353400F30C8208F10808EEE4079E0129C8
:106C380000F03381022960A900F01B810C4603F0A3
:106C48000701DB08204643EA42733031D20804F8D2
:106C5800011D53EA0205F2D13029119402D0F1073F
:106C680000F1308360AB119A07969B1A0C935CE68F
:106C780034AA0E99584602F081FC00283FF4EDAC86
:106C88000F9B002B3FF456AC0F99584602F042FD7B
:106C98000E9B9B8903F0400350E400BF0CB3020035
:106CA800DCAE0200F8B70200359B0134AE4A01336E
:106CB8003694C8F800200122072B3593C8F8042021
:106CC80000F3778608F10808169B0B4300F08A87C3
:106CD8001A9B1C981A19C8E90003359B3692013390
:106CE800072B359300F33D8708F108080029C0F207
:106CF800D48711990133C8F80010072B169901EBB6
:106D08000204C8F80410CDE935347FF790AC34AAF2
:106D18000E99584602F032FC0028B1D1369C0DF18C
:106D2800DC0886E4169B0134359D08F10809012B1F
:106D380005F1010540F33C81119B072DC8F800308F
:106D48004FF00103CDE93554C8F8043000F3B2819F
:106D58001A9B01351C9A1C44072DC9E90023CDE96B
:106D6800355400F3B48109F10809169B002203F198
:106D7800FF380023DDE9180103F0EEFF002840F09A
:106D880034810135119B4444C9F804800133072D2F
:106D9800C9F80030CDE9355400F31A8109F1080922
:106DA8001D9B01351C44C9F80430072D2EABCDE9D5
:106DB8003554C9F80030AADC09F1080839E434AAC6
:106DC8000E99584602F0DAFB00287FF459AF369C3A
:106DD8000DF1DC080FE434AA0E995846219302F00D
:106DE800CDFB00287FF44CAF369C0DF1DC08219BCD
:106DF800FFF7F0BB102D359B5C4E21DD22464FF08E
:106E080010090E9C02E0103D102D18DD01331032E0
:106E1800072BC8E90069CDE9353208F10808F2DD29
:106E280034AA214658460DF1DC0802F0A7FB0028D9
:106E38007FF426AF103D102DDDE93532E6DC14462F
:106E480001332C44072BC8E90065CDE935347FF7B9
:106E5800F9AB34AA0E99584602F090FB00287FF44B
:106E68000FAF369CFFF7EEBB60AB81460C901193D9
:106E78005BE51F9C03F00F001B09205C43EA0273CB
:106E8800120901F8010D53EA0200F3D160AB119128
:106E980007965B1A0C9348E5079E0A2B72F10001CE
:106EA80080F0E183303307968DF87F3101230C930E
:106EB8000DF27F13119338E52B9900297FF7F4AE73
:106EC800149E169B9E42A8BF1E46002E0CDD119BE9
:106ED8003444C8E90036359B36940133072B359383
:106EE80000F3328608F10808149D002EA8BFAD1BD8
:106EF800002D00F36F82119A149B1344079A5505CD
:106F080000F18D822B9D169A9542C0F29782079ABE
:106F1800D00700F19382169A119E551B1644F61A53
:106F2800AE42A8BF2E46002E0DDDC8F8003034440E
:106F3800359BC8F8046001333694072B359300F36A
:106F48006F8608F10808002EA8BFAD1B002D7FF73B
:106F580070AB102D359B064E40F3788322464FF0D8
:106F680010090E9C0AE000BFDCAE020008B802005F
:106F7800F8B70200103D102D40F36783013310323B
:106F8800072BC8E90069CDE9353208F10808F1DDB9
:106F980034AA2146584602F0F1FA00287FF470AE70
:106FA8000DF1DC08DDE93532E4E760AB1193BCE4B0
:106FB800079BD9073FF5C0AE119B072DC8F80030D5
:106FC8004FF00103CDE93554C8F804307FF7E8AE37
:106FD80034AA0E99584602F0D1FA00287FF450AE30
:106FE8000DF1DC09DDE93554DAE6169B012B7FF754
:106FF800D7AE112BAE4E40F3B983224610230E9C18
:1070080005E0A8F11008B8F1100F40F3AE83013580
:107018001032072DC9E90063CDE9355209F1080995
:10702800EFDD34AA2146584602F0A8FA00287FF47A
:1070380027AE0DF1DC091023DDE93552E1E734AA6A
:107048000E99584602F09AFA00287FF419AE369C39
:107058000DF1DC08FFF7D9BA109916F0100051F8B5
:10706800043B0CD116F0400404D010919BB20246A8
:10707800012135E416F4007201D0DBB222461091EA
:1070880001212DE40798109910F0100051F8043BE5
:1070980038D1079A12F040042FD09BB202461091C3
:1070A8006CE45B42079E4FF02D004FF0010162EB4C
:1070B800420216E434AA0E99584602F05FFA0028F4
:1070C8007FF4DEAD0DF1DC09DDE9355440E634AA84
:1070D8000E99584602F052FA00287FF4D1AD0DF10E
:1070E800DC09DDE9355440E6079BDB077FF5A1AAFB
:1070F800F1E410932378FFF76CB9079A12F4007241
:1071080040F07B84109139E4079BD80600F127836F
:10711800079B590600F16784079B9A0540F11F8376
:10712800109B0B9A1B681A7041E41092DA171146EB
:10713800FFF794BB1B9B1A782378002A3FF449A9D0
:10714800079A42F480620792FFF743B9DDE9180114
:1071580002460B4603F032FE002840F01C86139BC3
:1071680023F02005412D40F01883612B4FF03003A8
:107178008DF8A83014BF58237823B9F1630F8DF820
:10718800A93000F36F8447AB0F901193DDE9181213
:10719800002A80F2A285DDE91834269304F1004321
:1071A80027932D2312932BAADDE9260102F020FA5A
:1071B80000224FF07F5303F067FB02460B46CDE9F0
:1071C80008230022002303F0C7FD08B101232B93F5
:1071D800384A09F1FF36384B1399DDF84490612994
:1071E80008BF1A46CDE9148B1446CB460C92DDE94C
:1071F800088908E000220023751E03F0ADFD002871
:1072080040F030862E4600222C4B4046494603F07B
:107218003BFB8946804603F0E7FD0546FEF770FC18
:1072280002460B4640464946FEF71CFB635D5A463C
:1072380080460BF8013B731C8946DBD11446204B72
:107248000022CDE90889D946DDF85080DDF854B030
:1072580003F0AAFD002800F032860C9B3294D97BFB
:107268004B4619F8012C914209D1302003F8010C42
:10727800329B5A1E329213F8012C9142F6D0392AC9
:1072880000F019860132D2B203F8012C4B46079A56
:10729800012142F002020792119A9B1A139A16933F
:1072A8000F322B9BD2B21493013B2B93DAE200BF2F
:1072B800F8B7020020B302000CB30200000030400F
:1072C8000000E03F3023119A0238079602F8013C8B
:1072D80060AB11901B1A0C93FFF727BB079E139303
:1072E8000A94FFF7EFBA13930A94FFF739BB139385
:1072F800B14B0A941F93079B13F0200200F0F6800D
:10730800109B073323F0070319465A6851F8083BC6
:10731800109153EA02010BD00799C80708D541F02C
:107328000201079113998DF8A91030218DF8A81042
:10733800079921F480660221FFF7D2BA13939F4B75
:107348000A941F93D7E7109B47AD1B688DF81C3133
:10735800012308930C93FFF72EBA079B013443F4DB
:10736800007307932378FFF734B8079B013443F081
:10737800200307932378FFF72CB834AA0E995846B0
:1073880002F0FCF800287FF47BAC369C0DF1DC0899
:10739800FFF7AFBB4B46119A1095062B91460F92FB
:1073A80028BF0623179208930C93854BCDE9142226
:1073B8001193FFF79FB94021584600F0CBFD0E9B73
:1073C80018601861002800F0A78540230E9A5361C1
:1073D800FEF7BFBF102D359B7A4E40F39B822246A5
:1073E8004FF010090E9C03E0103D102D40F39182E0
:1073F80001331032072BC8E90069CDE9353208F1AD
:107408000808F1DD34AA2146584602F0B7F80028EA
:107418007FF436AC0DF1DC08DDE93532E4E7179A84
:10742800002A1ADC159A002A17DC119A16990A44C0
:107438001292129A934228BF134663E51A9A1C992E
:107448001444C8E90012359A36940132072A359255
:1074580000F3B88308F108085DE5119A1699CDF88C
:1074680030B05018DFF85C9142462146DDF86C8058
:107478001C468346179B002B36DC159808F1FF380D
:10748800013815901E98209D0144C2E90050359896
:10749800369101300728359000F396800832ABEB1F
:1074A800040698F80000CDF848B08642A8BF064602
:1074B800002E0CDD3598314401303691072835907F
:1074C800C2E9004600F33C81083298F80000002E1B
:1074D800ACBF851B0546002D1EDC0444159800280A
:1074E800C9DC002B40F3D384013BCBE70798109904
:1074F80010F0100051F8043B0CD1079A12F0400428
:1075080003D09BB20246109103E7079A12F4007267
:1075180040F06F821091FCE6102D359840F3B3844B
:10752800139410262C46CDF850800C9DDDF8388039
:107538001793CDF86C9002E0103C102C17DD013049
:1075480010310728C2E90096CDE9350102F1080299
:10755800F2DD34AA4146284602F010F8002840F02F
:107568005483103C37AA102CDDE93501E7DC2546A9
:10757800179BDDF86CC0DDE9134801302944C2F8D7
:1075880000C007285560CDE9350100F3F9820832BB
:1075980098F80000A1E734AA0E995846219301F003
:1075A800EDFF00287FF46CAB9DF8A7200DF1DC08F7
:1075B800369C219BFEF7FCBF20B302000CB30200EF
:1075C80034B30200F8B7020034AA0E990C9812934B
:1075D80001F0D4FF002840F09184369937AA129B15
:1075E8005DE734AA0E99584601F0C8FF00287FF4D9
:1075F80047AB369C0DF1DC08FFF768BA32AE119B39
:107608000822002130462D93FEF734FEB9F1000F11
:10761800C0F292810024089525460EE047A95846F5
:1076280000F044FF431C04F10404284400F09C8348
:10763800484507DC00F0D18305462D9A3346125998
:10764800002AEBD10C95089D84E1144601332C44A3
:10765800C8F80060072BC8F80450CDE935347EF728
:10766800E6AFFFF754BB06F4806100209E460DF597
:10767800C07CB04D0B46CDF83080CDF83CB0CDE99C
:107688000769814607E0BEF10A0F72F100023AD39A
:10769800B6462246C4461EEB02004FF0050B09F120
:1076A80001090CF1FF3840F10000A5FB001424F09B
:1076B800030101EB94014FF0CC34401ABEEB0001FA
:1076C80062F1000604FB01F405FB0644A1FB056119
:1076D8000C4406F001017608A1FB0B1B46EAC476B0
:1076E8000918640830310CF8011C002BCBD01B9909
:1076F8000978FF29C7D04945C5D1BEF10A0F72F1F3
:10770800000280F04C82424660ABCDF844809B1A60
:10771800DDF83080CDF85890DDF83CB0DDF82090E9
:107728000C93FFF702B934AA0E99584601F026FFC8
:1077380000287FF4A5AA369C0DF1DC08FEF75FBF90
:1077480034AA0E990C98139301F018FF002840F002
:10775800D58398F8000037AA3699139BB7E6109B93
:107768000B9A1B681A60FFF722B914460135444486
:10777800C9F80060072DC9F80480CDE935547FF7B2
:107788000DAB25E4079910928A0540F13B8143F33C
:10779800C0125BB21146FFF761B8B9F1FF3F00F0C4
:1077A8006E81472D04D1B9F1000F08BF4FF00109D0
:1077B8000798DDE9181240F48070002A0F90C0F293
:1077C80048830023CDE924121293139B652B00F004
:1077D8001F8200F39E81452B00F01A82462B40F051
:1077E8009C814E4603235846CDE9003632AB0493BC
:1077F8002DAB03932BAB0293DDE9242300F044FF68
:10780800462D00EB0604119006D1119B1B78302BF6
:1078180000F016822B9E344400220023DDE9240167
:1078280003F09AFA002840F0F781329BA34206D26F
:1078380030215A1C32921970329B9C42F9D82B9AEB
:107848001492119A472DA3EB0203169300F02D8191
:10785800462D00F00482149B013B00219DF84C202A
:107868002B930F91002B8DF8B820C0F288822B2221
:10787800092B8DF8B92040F364820DF1CF06DFF8AB
:10788800B4C03446ACFB03211D462046013CC90860
:10789800632D01EB8102A3EB42020B4602F1300299
:1078A80000F8012CEEDC303304F8013C831EB342AF
:1078B80080F0FE820DF1B90213F8011BB34202F801
:1078C800011FF9D160AB181AA0F1AD031D93169BE7
:1078D8001D9A012B1A440C9240F341820C9B1A9A70
:1078E80013440C93079B0C9A23F4806322EAE272F8
:1078F80043F480730892079300231793CDE9143358
:10790800129B002B40F0DC8099469DF8A720FEF7DB
:10791800F1BE144601332C44C8F80060072BC8F8A0
:107928000450CDE9353400F3AD8008F10808FFF7BD
:10793800E2BA00BFCDCCCCCC00232DAA5846009685
:10794800194600F0F7FD03460C90013300F00C8255
:10795800119B2D930C9B002B39D0632B77DC0023D4
:107968000F9347AB1193082200213046FEF782FCA3
:107978000C9C2DAA119923465846009600F0DAFD72
:10798800844240F0D1820023119A0C9999461095AF
:10799800535421EAE1739DF8A7200893CDF85C9031
:1079A800CDE91499FEF7A6BE2D228DF8A720FEF783
:1079B8008DBE34AA0E99584601F0E0FD00287FF4E8
:1079C8005FA92B990DF1DC08369CFFF77DB90C9B5C
:1079D8009DF8A72099461095089317930F93CDE922
:1079E8001433FEF787BE109B0B9A1B681A80FEF7AC
:1079F800DEBFDBB2224610918BE4DBB22246109147
:107A0800FEF7BCBFDA171146FEF728BF1198FEF73C
:107A1800B5FB7323DDF85090139320EAE0739DF8CB
:107A2800A72010950C900893CDF85C90CDF8549051
:107A3800CDF83C90FEF75EBE0E9C34AA584621460F
:107A480001F09CFDA38903F04003FEF777BD591CA4
:107A5800584600F07FFA1190002800F06B82119BC5
:107A68000F9380E709F10101584600F073FA11906D
:107A7800002800F05C81119B0F93FFF787BB4FF044
:107A8800060995E634AA0E99584601F077FD0028B4
:107A98007FF4F6A8369C0DF1DC08FFF72CBA329B70
:107AA800119A9B1A16932B9B1493149BDA1C01DBD7
:107AB80099450CDA139B023B1393149B013BCCE6CC
:107AC8002D224FF000098DF8A720FEF716BE169B51
:107AD800149A934200F30781079B13F0010F149B3C
:107AE80000F0B5811A9A13440C93079B5D0503D5E2
:107AF800149B002B00F375810C9B23EAE373089316
:107B0800672313930F9B079300230F9317931593E2
:107B1800F6E6139B662B3FF464AE32AB5846CDF8BD
:107B2800049004932DAB03932BAB02930223009391
:107B3800DDE9242300F0A8FD079B1190D907AED5F5
:107B4800119B03EB090467E634AA0E99584601F025
:107B580015FD00287FF494A8369C0DF1DC08FFF78A
:107B6800C3B934AA0E99584601F008FD00287FF4DD
:107B780087A82B990DF1DC08DDE93532FFF7B6B897
:107B880034AA0E990C98139301F0F8FC002840F0E1
:107B9800B58198F8000037AA3699139B9DE4119394
:107BA8001E9B2099A8EB03081A46404601F008FFDF
:107BB8001B99119B4A7812B10A4601321B924FF069
:107BC800000965E534AA0E9958460C9301F0D6FCD5
:107BD80000287FF455A82B9D0DF1DC08369C0C9BE2
:107BE800FFF799B9079BDE077EF523AD1A9B1C9911
:107BF8001A19C8E90013359B36920133072B3593C0
:107C0800AFDC08F10808FFF774B8AB46FFF738B8DF
:107C180009F101060223E6E52B9A2346149210E6A1
:107C280034AA0E99584601F0A9FC00287FF428A828
:107C38002B9D0DF1DC08169B369C5D1BFFF783B965
:107C480000220023DDE9240103F086F8002800F073
:107C58002B812B9B1C441493119BE31A1693079BAF
:107C6800149A03F00103002A43EA090340F335811B
:107C7800002B40F08980149B0C9366231393079B79
:107C88005B0500F1B0800C9B23EAE373089339E7A6
:107C98000C464FF00009FEF79DBB4D421031A94E2E
:107CA8002CDA102402E0103D102D27DD01331032AC
:107CB800072BC8E90064CDE9353208F10808F2DD80
:107CC80034AA0E99584601F059FC00287EF4D8AF22
:107CD8000DF1DC08DDE93532E5E70023CDE92612B0
:107CE8001293FFF760BA169B1A9A9A18149B002BE6
:107CF8000C9240F3A28067231393C0E701332A4410
:107D0800C8F80060072BC8F80450CDE935327FF772
:107D180078AF34AA0E99584601F030FC00287EF45A
:107D2800AFAF0DF1DC08DDE93532FEF7E2BF0E9AA0
:107D3800938943F0400393814FF0FF330B93FEF791
:107D480000BC002946D130228DF8BA200DF1BB02C3
:107D5800303302F8013B2EABD31A1D93B7E5079BCE
:107D6800DE077FF5BFADB9E50E9B0022B3F90C30F5
:107D78000F9243F040030E9A9381FEF781BF149B44
:107D88002D22C3F1010373E51A9B4B4413440C9352
:107D98006623139373E7199B002BC0F281809DF82B
:107DA800A720079B684923F0800307930023184600
:107DB8000F93664BFEF792BC7323CDF82090CDF855
:107DC800309081469DF8A720109513931790159031
:107DD800FEF790BC0DF1BA02BAE7089DCDF83090D5
:107DE800B8E5672313931B990B78FF2B00F0988055
:107DF8000024149A204603E001300131FF2B08D0FB
:107E0800934206DAD21A4B78002BF5D10B7801345D
:107E1800F4E715901B91179414920F9B159A0793EA
:107E2800179B1E9913440C9A01FB032300220C9301
:107E380023EAE3730F92089362E5C3F101031A443E
:107E48006723139322EAE2730C9208935AE60C9381
:107E58004BE6DDE91834249304F1004325932D23E0
:107E68001293B2E4002ED946DDF85080DDF854B004
:107E7800FFF60CAA731C30224B4409F8012B4B4522
:107E8800FBD1FFF704BADFF8BCC0FFF776BB234687
:107E9800CDF86C800C469046DDF830B0FFF7C9BAD3
:107EA8002D228DF8A7207CE7C6F101062B96B2E4B7
:107EB80002231D930BE50C9A927AFFF7E5B9DDE9E9
:107EC80008010022224B02F047FF00283FF4DEA9F8
:107ED800E8077FF5DBA9FFF7C0B92BB901236622B4
:107EE800089313920C930DE61A9B662201331392A2
:107EF8004B440C9323EAE373089303E6DDF830B0B0
:107F0800FEF7BEBE109A63780C4652F8049B49EA05
:107F1800E9791092FEF75DBA0C23CBF800300BE735
:107F280000231793159378E70E9BB3F90C3043F0B1
:107F3800400320E70E9B0F90B3F90C3043F0400349
:107F480019E700BFF8B7020008B3020004B3020043
:107F58000000E03F01F10B03162B2DE9F04F074617
:107F680083B023D8102900F2AF8000F0D7FA10258B
:107F780018230220BD4E33445C68A3F108029442E2
:107F880000F082816368384623F00303D4E90212C3
:107F98002344CA6091605A68083442F001025A606A
:107FA80000F0C2FA204603B0BDE8F08F002B23F0A2
:107FB8000705C0F28980A94200F2868000F0AEFA77
:107FC800B5F5FC7FC0F0B6816B0A00F08180042B08
:107FD80000F28081AB0903F1390003F1380EC300C8
:107FE800A24E3344A3F1080C5C68A44507D10DE008
:107FF800002AE16880F233818C450C4606D063681C
:1080080023F003035A1B0F2AF2DD7046DFF8608263
:108018003469444500F0E780636823F0030CACEB57
:1080280005030F2B00F39681002BC6E9048880F224
:108038008581BCF5007FD6F804E080F02B814FEAFB
:10804800DC0301224FEA5C1C013302FA0CF256F8F9
:1080580033104EEA020E06EBC302083AC6F804E0F3
:10806800C4E9021246F83340CC6083104FF0010C8B
:108078000CFA03FCF44531D81CEA0E0F07D120F0A6
:1080880003004FEA4C0C04301CEA0E0FF9D006EB43
:10809800C00A8146D646DEF80C300BE05A681C460A
:1080A800DB6822F00302511B0F2900F31F8100290E
:1080B80080F233819E45F1D109F101090EF1080ED4
:1080C80019F0030FE7D169E10C233B60002469E74D
:1080D8004FF4007340204FF03F0E81E7B4686368A7
:1080E80023F00309A9EB05030F2B02DDA94580F056
:1080F800A580604B08201B6803F1100804EB0903F6
:10810800009301F067FA5C4AA84483461368013378
:1081180005D008F1FF384342804403EA0808414685
:10812800384600F0E9F9B0F1FF3F8246524A7AD06A
:1081380004EB0903834259D9B44274D14F4B0BF174
:10814800FF3C1868404418601168013100F07681DE
:1081580004EB0902AAEB020202441A601AF00702B1
:10816800CDE9002300F04481C2F108023846924468
:108178005A44D04408EA0C01521A02EA0C0B594638
:1081880000F0BAF9421C019B00F07081A0EB0A00D4
:1081980000EB0B08196848F00102B442C6F808A0C1
:1081A8005944CAF80420196033D0B9F10F0F40F2CE
:1081B8000E816068A9F10C024FF0050C22F007024D
:1081C80000F0010010430F2A606004EB0200C0E9D0
:1081D80001CC1ED904F108013846009301F09AFA3F
:1081E800009B196815E0D6F804E03EE7234B0BF135
:1081F800FF3C1968414408461960A5D104EB090EF3
:108208001EEA0C0FA0D109EB0803B26843F0010382
:1082180053601B4B1A688A4238BF1960194B1A6899
:108228008A4238BF1960B468626822F00302531B9F
:108238000F2B40F3CF80954200F2CC80621945F0B5
:10824800010543F00103083444F8045C3846B26081
:10825800536000F069F9204603B0BDE8F08FA268CA
:1082680023443846D1608A6095E600BFA8BB020067
:10827800B0BB0200CCDF0200A0BB02009CDF020002
:10828800C8DF0200C4DF0200DC68A3427FF47AAED4
:108298000230BBE6BCF5206F4FEA5C226CD3142A8F
:1082A80000F2B98002F15C035B32DB00F118F3588D
:1082B8000839994203D191E09B68994204D05A68E1
:1082C80022F003026245F7D8D968C4E902318C600C
:1082D800DC60CAE6142B56D9542B00F2A5802B0B70
:1082E80003F16F0003F16E0EC30079E6D4F808C0FD
:1082F8003846671945F001056560CCF80C30C3F8BD
:1083080008C041F00103C6E90477C7E902887B6029
:10831800A150083400F008F944E622443846516870
:1083280041F00101516054F8082FD3609A6000F0C1
:10833800FBF837E6E80805F108031BE6A4443846CD
:108348000834DCF8043043F00103CCF8043000F0C2
:10835800EBF827E6621943F0010145F001053846BC
:108368006560C6E90422C2E90288516044F80C300D
:10837800083400F0D9F815E64FEA9C1202F13903E7
:108388003832DB0092E703F15C0003F15B0EC300B7
:1083980026E65AF80839534540F0858010F0030F57
:1083A80000F1FF30F5D1736823EA0C0373604FEADC
:1083B8004C0C0CF1FF329A4204D38FE64FEA4C0C76
:1083C80009F104091CEA030FF8D048465FE60123C7
:1083D800CAF80430384600F0A7F877E692104FF054
:1083E800010C0CFA02F24EEA020EC6F804E06CE741
:1083F8000AEB0802384602EA0C02ABEB020B0BEA66
:108408000C0B594600F078F8431C019B7FF4BEAE74
:10841800DDF800B0BEE6542A13D84FEA1C3202F148
:108428006F036E32DB0041E7B3F5AA7F13D8EB0B7D
:1084380003F1780003F1770EC300D1E5C2F800A07C
:108448008CE6B2F5AA7F19D84FEADC3202F178033C
:108458007732DB002AE740F25452934219D8AB0C2A
:1084680003F17D0003F17C0EC300B9E5009A4FF0DB
:10847800000B083A9044A8EB0A088BE640F25453E4
:108488009A420CD84FEA9C4202F17D037C32DB0011
:108498000CE74FF47E737F204FF07E0EA0E54FF47B
:1084A8007E737E2202E7736881E700BF70B50546D8
:1084B80084B05BB11C460F4BD3F8E060234669B12A
:1084C8002846B047431C0FD004B070BD094B00F5D7
:1084D8008274D3F8E06023460029F1D10A46284681
:1084E80001A9B047431CEFD100228A2322602B60E8
:1084F80004B070BDB0BF020038B50022064D044676
:1085080008462A60FDF702F9431C00D038BD2B68E5
:10851800002BFBD0236038BDD4DF0200014801F0F6
:108528001FB800BFD0DF0200014801F01BB800BF30
:10853800D0DF020000B583B0DDF810C000934FF023
:10854800FF33CDF804C001F0F5FE03B05DF804FB7D
:108558002DE9F04F036985B00C69A342C0F2908001
:10856800013C01F1140500F11408814655F8243046
:108578004FEA840C58F8242005EB8407013308EBF4
:10858800840B9A42B2FBF3F642D30020AA46C646B1
:10859800CDF80C8003468846CDE901C505465AF852
:1085A800042BDEF8001090B257454FEA124C06FB38
:1085B80000508AB24FEA104580B206FB0C55A2EB78
:1085C80000021A44ABB24FEA1545C3EB224392B2FC
:1085D80003EB114342EA03424FEA23434EF8042BCC
:1085E800DDD24146DDF80C80DDE901C558F80C30D4
:1085F80073B9ABF1040BD84504D307E0D84504F1AF
:10860800FF3403D25BF80439002BF7D0C9F81040C7
:10861800484601F0A1FC00282EDB00224146944682
:1086280055F8040B0B681FFA80FEAF429AB24FEA66
:108638001040A2EB0E026244C0EB224092B200EB63
:10864800134042EA00424FEA204C41F8042BE7D29B
:1086580058F8242008EB84036AB9043B434504D83E
:1086680007E0984504F1FF3403D253F80429002A9F
:10867800F7D0C9F810400136304605B0BDE8F08F94
:10868800002005B0BDE8F08F2DE9F04F816B9DB05B
:1086980016461F460446299DCDE9026741B1C26BC3
:1086A800012393404A608B6001F0F8F90023A3632B
:1086B800B7F10009C0F2B48000232B607C4B33EA89
:1086C800090300F0B880DDE90223104619460022AC
:1086D8000023CDE9080102F03FFB804668B1012381
:1086E800289A13602A9B13B1724B2A9A1360DFF8F9
:1086F800C88140461DB0BDE8F08F1AAB20460193F3
:108708001BAB0093DDE9082301F006FD83465FEA11
:10871800195540F0A780DDE91A85454405F2324332
:10872800202B40F34982C3F1400309FA03F905F20B
:10873800124326FA03F349EA0300FDF7D1F9013D94
:108748000123A1F1F871149300225C4BFDF78AF81C
:1087580051A3D3E9002302F097F851A3D3E90023EA
:10876800FDF782F806460F462846FDF7C9F94EA3DD
:10877800D3E9002302F088F802460B463046394612
:10878800FDF772F806460F4602F02EFB00228146DE
:10879800069000233046394602F0E8FA002840F0F7
:1087A800FD81A8EB0508069D162D08F1FF3A00F299
:1087B800A481434B03EBC503DDE90801D3E900239A
:1087C80002F0D4FA002800F081806B1EBAF1000F85
:1087D80006934FF000031193C0F2958100230A938A
:1087E800069B002B78DA069B0A9A0B93D21A0A92F8
:1087F8005A42002310920693269B092B74D8052B06
:1088080040F3DF81043B00252693269B023B032B84
:1088180000F28386DFE813F0FD03FA03F003D603C2
:10882800012329F000492B60214BCDF80C9033EA45
:1088380009037FF448AFC9F3130942F20F73289A6A
:1088480059EA060913601DD02A9BDFF87880002BAF
:108858003FF44FAF08F103032A9A404613601DB056
:10886800BDE8F08FDDE90812CDF85080A5F2FF359C
:10887800C2F313030846DDF8688043F07F5141F4E2
:10888800401161E72A9BDFF84080002B3FF431AFAD
:1088980008F10803E0E700BF61436F63A787D23F91
:1088A800B3C8608B288AC63FFB799F501344D33FD7
:1088B8000000F07FDDAE0200DCAE02000000F83FF1
:1088C80050B8020048B302003CB30200B8F1000FF0
:1088D80040F3178511900A90069B9A440B93002346
:1088E8001093269B092B8AD900230125CDE926332D
:1088F8004FF0FF330C9507930021079BE163159315
:10890800204601F0A5F80590002800F00E86079B88
:108918000E2B8CBF002505F00105059BA363002DD8
:1089280000F01E810B99002940F35C81A64B01F0F1
:108938000F02C8054FEA211503EBC203D3E900670C
:1089480040F11F83A14B05F00F054FF00308D3E951
:108958000823DDE9080102F0C1F8CDE90E018DB167
:10896800DFF86892E90709D53046394608F1010869
:10897800D9E9002301F088FF06460F466D1009F17A
:108988000809EFD132463B46DDE90E0102F0A6F8B0
:10899800CDE91201119B53B100228D4BDDE912671D
:1089A8003046394602F0E2F9002840F0B1844046EA
:1089B800FDF7A6F8DDE9122301F066FF854B0022DA
:1089C800FCF752FF079B0646A1F15077002B00F0F9
:1089D800AE800B9B0E93079B18937B4AB046189B5F
:1089E800B94602EBC303DDE9126753E902233946AE
:1089F8003046CDE9162302F0F7F90546FDF780F871
:108A080002460B46304639463035FCF72BFF059BAE
:108A180006460F460C98591CEDB21291DDE9162353
:108A2800002800F0F98200206B4902F057F842460E
:108A38004B46FCF717FF059A3B46804615703246B1
:108A4800894602F0B1F9002840F04F85CDF864A0BE
:108A58000025CDF858B0DDF848A0DDF860B01894CE
:108A68002AE001355D4580F2CA8440464946002225
:108A78005A4B01F009FF0022584B80468946304680
:108A8800394601F001FF0F46064602F0ADF90446EB
:108A9800FDF736F802460B46303430463946FCF7C7
:108AA800E1FE42464B460AF8014B06460F4602F0E5
:108AB8005DF9002840F0AA8432463B46002044492C
:108AC800FCF7D0FE42464B4602F050F90028C8D0C9
:108AD800DDF858B05546189C059902E0A94200F007
:108AE8006A842A4615F8013D392BF7D00133DBB2E9
:108AF8002B70DDF81480059219E10123BAF1000FFB
:108B08001193BFF66BAEC8F101034FF0000A0A9348
:108B180066E64046FCF7F4FFDDE9122301F0B4FEF7
:108B280000222C4BFCF7A0FE0646A1F1507700224C
:108B38002B4BDDE91201FCF795FE32463B46804699
:108B4800894602F031F9002840F01584404649462C
:108B5800324607F1004302F009F9002840F083810A
:108B68001B9B002B03DB0B9A0E2A40F35F810C9AA8
:108B7800002A66D0269A012A40F3F283079A109BAE
:108B8800551EAB42C0F22983002AA3EB050580F2EB
:108B980079840A9B079AA3EB02082BE34846FCF763
:108BA800AFFF32463B4602F0D7F800287FF4F9AD14
:108BB80009F1FF330693F4E5C3F1200306FA03F045
:108BC800BBE5012521E600BF50B8020028B8020025
:108BD8000000F03F00001C400000E03F000024407F
:108BE8000000144000F0F1820B9B5E42B14B06F08E
:108BF8000F0203EBC203DDE90801D3E9002301F00A
:108C080043FE3611CDE90E0100F06184AA4F00231E
:108C18004FF00208F20706D508F10108D7E900234A
:108C280001F032FE2B46761007F10807F2D1CDE9A4
:108C38001201002B7FF4AEAEDDE90E23CDE912233D
:108C4800A8E60023109DDDF828801E460C93B8F195
:108C5800000F0DDDBAF1000F0ADDD04543460A9A30
:108C6800A8BF5346D21AA8EB0308AAEB030A0A9234
:108C7800109B53B10C9B13B1002D40F0CF82594685
:108C8800109A204601F09AF883460121204600F008
:108C9800B5FF069B0746002B40F05E81269B012B03
:108CA80040F376810123534413F01F0308D0C3F126
:108CB8002002042A00F3678208D0C3F13C0300E0D5
:108CC8001C230A9A98449A441A440A920A9B002B35
:108CD80005DD59461A46204601F0CAF88346BAF11E
:108CE800000F05DD39465246204601F0C1F8074617
:108CF800269B022B119BD4BF00250125002B40F099
:108D0800B580079B002B26DC2DB3079B002B00F0BA
:108D18003D82279BDDF81480DB430E9339462046BD
:108D280000F0BCFE1EB13146204600F0B7FE5946A1
:108D3800204600F0B3FE00220E9B059901330A700D
:108D4800289A13602A9B002B3FF4D3AC4046196045
:108D58001DB0BDE8F08F0C9B002B00F0A480B8F18B
:108D6800000F05DD31464246204601F081F80646EF
:108D7800069B002B40F02C83B146059D079A6B1E7D
:108D880006971A44029B03F0010308920A93069976
:108D98005846FFF7DDFB31468246584601F0DCF8BD
:108DA800069980464A4620460AF1300701F0F4F851
:108DB800C3680146002B40F055820790584601F0E1
:108DC800CBF807990790204600F068FE269B079A83
:108DD800134340F07A820A9B002B00F05C83B8F1C1
:108DE800000FC0F25583089BA846AB4208F8017BE8
:108DF80000F03B83594600230A22204600F058FE23
:108E08004E45834631464FF000034FF00A02204694
:108E180000F0558200F04CFE4946064600230A221F
:108E2800204600F045FE45468146B0E7214B03EB5E
:108E3800C203D3E9009A279B002B80F20582079B87
:108E4800002B00F3018273B900221C4B484651469F
:108E580001F01AFD02460B46DDE9080101F090FF1A
:108E6800002800F0888200273E4652E739465846D7
:108E780001F072F80028BFF644AF0B9B59460A224E
:108E88002046013B0B93002300F012FE0C9B834607
:108E9800002B40F00B83159B002B159B079302DCDE
:108EA800002D7FF432AFDDF814800125DDF81C9029
:108EB8000EE000BF50B8020028B8020000001440BD
:108EC800594600230A22204600F0F2FD0135834668
:108ED80039465846FFF73CFB4D4500F1300308F88A
:108EE800013BEDDB079A0025002ACCBF90464FF0E6
:108EF8000108059A9044594601222046029300F041
:108F0800B7FF3946834601F027F8002840F3388236
:108F1800059A02E0904500F0428218F8013CC246EA
:108F280008F1FF38392BF5D0013388F800300B9B56
:108F38000E933946204600F0B1FD002E00F036822F
:108F48002DB1B54203D02946204600F0A7FDDDF833
:108F58001480CDF814A0E6E601461A46204600F033
:108F68002DFF269B0746012B40F34A8100230693D9
:108F78003B6907EB8303186900F0ECFDC0F120039F
:108F880091E6DDE908234FF00208CDE90E23E6E477
:108F9800029B002B7FF486AEDDE90212C2F31303B5
:108FA800002B7FF47FAEAB4B13402BB10A9B0AF129
:108FB800010A01330A930123069A0693002A3FF413
:108FC80071AED5E701230C93279B0B9A1344159395
:108FD8000133012B1E460793B8BF0126172E40F315
:108FE8009282012204235B001146013203F114002E
:108FF800B042F8D9E16383E401230C93279B002B4B
:1090080040F37A811E4615930793E7E700230C93F4
:10901800DAE700230C93F1E74046494601F034FCB7
:10902800059B1D70189B012BCDE90C0100F03C82BB
:10903800189D059BDDF848801D440022864B30466C
:10904800394601F021FC0F46064601F0CDFE814667
:10905800FCF756FD02460B4609F130093046394601
:10906800FCF700FC08F8019B454506460F46E4D18D
:1090780000227A4BDDE90C8940464946FCF7F4FBAF
:1090880032463B4601F072FE002840F09E8142467F
:109098004B4600207149FCF7E5FB32463B4601F0A0
:1090A80083FE002840F08B801B9B002BFFF6C9AD88
:1090B8000B9B0E2B3FF7C5AD694B0B9ADDF814805F
:1090C80003EBC203D3E9009ADDE908674A46534631
:1090D8003046394601F002FD01F086FE0546FCF7F0
:1090E8000FFD4A46534601F0CFFB02460B46304679
:1090F8003946FCF7B7FB05F13003059A1370079B57
:10910800012B129B00F0F681C3F10102CDF808B0E3
:10911800CDF818809846DDF81CB0079414461DE079
:109128004A4653463046394601F0D8FC01F05CFE09
:109138000546FCF7E5FC4A46534601F0A5FB0B46FD
:10914800024639463046FCF78DFB05F1300308F836
:10915800013B08EB04035B4500F0628100223E4BB3
:1091680001F092FB0022002306460F4601F0F4FDB1
:109178000028D5D0CDF81480DDF808B0DDE90684E4
:109188000B9B0E93D3E5C3F11C039AE539460522E0
:10919800204600F08DFC07465846394600F0DCFEB4
:1091A80000287FF7B6ADDDF81480059B01330593E1
:1091B8000B9B01330E93312388F80030AEE52A4625
:1091C80015F8013D302BFAD093E4DDE908234FF080
:1091D8000208CDE91223FFF7DDBB109B069AEB1AB4
:1091E800109500251A440A9B06929846079A13443C
:1091F80092440A930121204600F000FD064626E528
:10920800029B002B7FF4B2AEDDE90201C1F3130328
:109218000A46002B3FF4C7AE0690A9E631462A4617
:10922800204600F0CBFD06465A462046314600F05F
:1092380013FD59468346204600F030FC109B5B1B0B
:1092480010933FF422AD1AE5059B5A1C98461292DA
:109258003AE700BF0000F07F000024400000E03F34
:1092680050B8020020460797069F00F017FCB8F197
:10927800000F079B08DB029A269902F0010241EAD7
:10928800080852EA080231D15946012220460293C1
:1092980000F0EEFD3946834600F05EFE0028029B92
:1092A80040F31D81392B00F0E5800AF13103AA460D
:1092B8000AF8013B35460B9B4E460E9339E600F003
:1092C800F7FB45460646814661E5B8F1000FC0F256
:1092D8001E81269B43EA08080A9B53EA080800F007
:1092E8001681002A7FF77FAD3B46069F392B00F099
:1092F800C180AA460133DBE7012327930793FFF7D1
:10930800FBBAC8F10103824611900A93FFF7E4BA49
:10931800079B002B3FF4FDAB159D002D7FF720AC7C
:109328000B9B304639460022013B0E93884B01F0D7
:10933800ABFA02460F4608F101001646CDE912675E
:10934800FCF7DEFB32463B4601F09EFA0022814BD9
:10935800FCF78AFA18950646A1F15077FFF73DBB4E
:10936800149A72B303F233430A9A9A44109D9046B2
:109378001A440A923EE70027DDF814803E4614E7B7
:1093880003D1029BDB073FF5C3AD18F8013CC24689
:1093980008F1FF38302BF8D00B9B0E93C9E50B9BD7
:1093A800059A01330E9331231370C2E5DDF814805A
:1093B800CDF814A0BBE40E9B01330E933123FFF7C5
:1093C80097BB1A9BC3F13603CEE70599FFF789BB14
:1093D8007168204600F03CFB0546002800F08C80B0
:1093E800336906F10C010C3002339A00FCF750FE89
:1093F80029460122204600F03BFD8146BDE4DDF808
:1094080064A0DDF858B0189CFFF7AABBDDF81480FB
:10941800DDF858B0189CCDF848A0CDF814A086E423
:10942800CDF81480DDF808B0DDE9068402460B4665
:10943800FCF71AFA4A46534606460F4601F0B4FCB2
:1094480058B94A4653463046394601F085FC00284B
:109458003FF496AEE9077FF593AE0B9B4146059D19
:109468000E93CDF81480FFF73CBB3B463546069F6C
:109478004E4640E5A84639233546059A4E4608F833
:10948800013B4AE50A9B9244984613440A93B1E685
:109498003B46069F0BE73B46069F392BEAD0B8F1BF
:1094A800000F3FF702AF02E7129DE1E531460023C6
:1094B8000A22204600F0FCFA159B0646002B159B55
:1094C80007933FF74CAC002D7FF41FAC47E4DDE970
:1094D8000E234FF00208CDE91223FFF75BBA7FF4A1
:1094E800E6AEDA077FF5E3AEDCE6129BDDF8148022
:1094F80005931CE4059399E70246174B40F2EF21C8
:109508001648FCF7FFF80021E163FFF7F9B9002AD4
:109518003B46069F3FF7B8AEC9E6002520462946D8
:10952800E56300F095FA059030B90B4B002240F244
:10953800AF110A48FCF7E6F8059B01222795A363BB
:109548004FF0FF330C9215930793FFF709BB00BF49
:109558000000244000001C404CB3020060B302002D
:10956800704700BF704700BF014B93F82801704750
:10957800B0BF020000487047A0C002002DE9F843C0
:10958800154692682C68FAB180468946083401E08D
:109598000834CFB16B681746591E002B696013DD7C
:1095A80054F8046C002EF3D0334654F8082C49467E
:1095B800404600F0D1FE431C07D0AA680834921B2D
:1095C8001746AA60002FE5D100200023C5E9013322
:1095D800BDE8F883082802D14FF48050704708B5D9
:1095E800FCF742FE162203464FF0FF301A6008BD12
:1095F800F8B5DFF85CC021F0004300270446634556
:109608000D46176021D8844653EA0C0C1DD0DFF8AC
:1096180044C016460A4601EA0C0CBCF1000F09D1F9
:1096280000220D4B01F030F96FF0350704460A4669
:1096380021F000436FF31E521B1542F07F55A3F231
:10964800FE3345F400153B44336020462946F8BDF7
:10965800FFFFEF7F0000F07F000050432DE9F84343
:109668000646DFF8A48008208946FFF7B3FF0546C1
:109678003046FEF753FFD8F808305F6827F0030735
:10968800A7F11104A4EB09042C44B4FBF5F4013C44
:1096980005FB04F4A54208DC00213046FEF72CFF48
:1096A800D8F808303B44984205D03046FEF73CFFD6
:1096B8000020BDE8F88361423046FEF71DFF013007
:1096C8000FD03F1B114AD8F80830304647F0010741
:1096D8005F6013681B1B1360FEF726FF0120BDE8BF
:1096E800F88300213046FEF707FFD8F80820831AD0
:1096F8000F2BDADD43F0010304495360044B1B6868
:10970800C01A0860D1E700BFA8BB02009CDF0200B6
:10971800A0BB020000297CD0F8B50C460646FEF72F
:10972800FDFE774F54F8043CA4F10805D7F808C0AB
:1097380023F0010168184268844522F0030200F012
:109748008380DB0700EB020C426033D454F8084CEA
:10975800DCF8043007F1080C2D1B214403F0010349
:10976800AC68644564D0D5F80CE0C4F80CE0CEF8D9
:109778000840002B00F0818041F001036B6001601C
:10978800B1F5007F22D2CB080122490901338A4072
:1097980079680A4357F833107A6007EBC302083A2E
:1097A800C5E9021247F83350CD603046BDE8F840AD
:1097B800FEF7BABEDCF80430DB072BD541F0010315
:1097C800B1F5007F44F8043C0160DCD3B1F5206FAB
:1097D8004FEA512353D28B0903F1390003F13802C0
:1097E800C300F818FB580838984203D161E09B6819
:1097F800984204D05A6822F003028A42F7D8D868FF
:10980800C5E9023085603046DD60BDE8F840FEF706
:109818008BBE7047114407F1080C836863453FD03D
:10982800C268DA60936041F001036B606950A7E792
:10983800002B5FD10A44D0E90213CB60996042F053
:1098480001036B60AA50B0E70A44D90707D454F85B
:10985800083CED1A1A44D5E90213CB60996042F02E
:1098680001036B60274BBD601B6893429DD8264B54
:1098780030461968FFF7F2FE97E71144CDE7142B3D
:1098880008D9542B1DD80B0B03F16F0003F16E029E
:10989800C300A6E703F15C0003F15B02C300A0E785
:1098A80041F00103C7E90455C5E902CC6B60695072
:1098B8007BE70121921001FA02F279680A437A6083
:1098C8009EE7B3F5AA7F06D8CB0B03F1780003F126
:1098D8007702C30085E740F25452934206D88B0CB6
:1098E80003F17D0003F17C02C3007AE74FF47E7335
:1098F8007E2276E741F001036B60016055E700BF07
:10990800A8BB0200A4BB0200CCDF02005FFA81FC06
:10991800810744D00346511E22B909E09A0709D0AD
:10992800013905D31846013302786245F6D17047EC
:1099380000207047184603290CD80029F8D00346A0
:10994800014401E08B42F3D0184613F8012B62451D
:10995800F8D1704710B50CEB0C24024604EB044414
:1099680002E00439032915D9104652F8043B634034
:10997800A3F1013E2EEA030313F0803FF1D0034622
:10998800014401E08B4208D0184613F8012B6245C8
:10999800F8D110BD10460029F1D1002010BD1146A4
:1099A800C9E700BF034649B1FF2A02D801200A705F
:1099B80070478A224FF0FF301A6070470846704798
:1099C80040EA01039B0730B501D1032A17D8844622
:1099D80001F1FF3E07E01EF8011F541E03F8011BAA
:1099E80029B122469C466346002AF4D130BD002C9A
:1099F800FCD0944403F8011B6345FBD130BD0C46F1
:109A08008446256821460434A5F1013323EA050379
:109A180013F0803FDCD1043A4CF8045B032AF0D8F9
:109A28002146D5E782B049B15AB16BB113780B60C2
:109A38001278101E18BF012002B0704701A9002A31
:109A4800F3D1104602B070476FF00100F4E700BF91
:109A580038B5436C05460C464BB153F8240080B129
:109A6800026843F824200023C0E9033338BD2122CB
:109A7800042100F0B1FB034668640028EDD1002002
:109A880038BD0121284601FA04F56A1D920000F04C
:109A9800A3FB0028F3D0C0E90145E4E731B1436CEA
:109AA8004A6853F82200086043F82210704700BF44
:109AB8002DE9F04107460E461C460D6901F1140ECA
:109AC8000020DEF8001001308BB285424FEA1141C8
:109AD80002FB03434FEA134C9BB202FB01CC03EB9E
:109AE8000C434FEA1C444EF8043BEADC3CB1B36833
:109AF800AB4207DD06EB850301355C613561304615
:109B0800BDE8F081716838460131FFF7A1FF804652
:109B1800A8B1326906F10C010C3002329200FCF750
:109B2800B7FA7B6C726853F82210316043F82260F0
:109B3800464606EB850301355C613561DFE7024681
:109B4800024BBA210248FBF7DDFD00BF4CB302000F
:109B580004B40200B0F5803F034618D20304102075
:109B6800B3F1807F01D208301B02B3F1805F01D2CC
:109B780004301B01B3F1804F03D3002B06DB013007
:109B880070479B0005D45B0005D420207047002057
:109B9800E6E7023070470330704700BF03680146AC
:109BA80013F0070207D0DA071FD4980721D55B08FE
:109BB80001200B60704798B2A0B11046DAB20AB91A
:109BC80008301B0A1A0701D104301B099A0701D172
:109BD80002309B08DA0703D45B0800F1010006D0C5
:109BE8000B6070471B0C1020E8E70020704720200E
:109BF80070479B0802200B60704700BF38B5436C64
:109C080004460D464BB15868B0B102685A6000224C
:109C180001234561C0E9032338BD2122042100F056
:109C2800DBFA034660640028EDD1094B002240F2BC
:109C380045110848FBF766FD1C220121204600F06B
:109C4800CBFA0028F1D001220223C0E90123DEE784
:109C58004CB3020004B402002DE9F04FD1F8108093
:109C680085B015690E469246A84505DB2A46534637
:109C780045468A4690461E4605EB0804DAE9011374
:109C8800A342B8BF0131FFF7E3FE002800F08B8044
:109C980000F1140707EB840E774505D23B460022F6
:109CA80043F8042B9E45FBD814360AF1140906EB39
:109CB800880809EB8505464568D2A5EB0A030AF131
:109CC800150ACDF808E0AE46153B039423F00303CC
:109CD800043355452CBF9B464FF0040B824605E0E4
:109CE800090C2CD1B04507F104074CD956F8041BD0
:109CF8008DB2002DF4D0CC463C46002301965CF88A
:109D0800040B216886B2E6458AB24FEA104005FB8B
:109D180006224FEA11411A4405FB001101EB1241DA
:109D280092B24FEA114342EA014244F8042BE6D8C2
:109D3800019E47F80B3056F8041C090CD2D03B683A
:109D4800002248463D461C46944602889BB201FBC9
:109D580002C202EB144243EA024345F8043B50F8BE
:109D6800043B2C684FEA134C7045A3B201FB0C333B
:109D780003EB12434FEA134CE7D3B04547F80B30D7
:109D880007F10407B2D85046DDE902E4002C02DCF2
:109D980005E0013C03D05EF8043D002BF9D00461D6
:109DA80005B0BDE8F08F0246024B4FF4B17102488E
:109DB800FBF7A8FC4CB3020004B4020012F0030342
:109DC8002DE9F041144607462CD10D46A4101CD0AD
:109DD8003E6C86B3E3074FF0000806D4641014D035
:109DE8003068A8B10646E307F8D532462946384612
:109DF800FFF732FF35B17B6C696853F821202A6080
:109E080043F8215064100546EAD12846BDE8F081A0
:109E1800324631463846FFF71FFF30600646C0F825
:109E28000080E0E7013B0F4A52F823200023FFF7A8
:109E38003FFE0546CAE701213846FFF709FE0646F8
:109E480040B1012340F27122C0E904320023386492
:109E58000360BFE70246044B40F245110348FBF795
:109E680051FC00BF18B802004CB3020004B4020051
:109E78002DE9F0470C46904606464FEA62192769D5
:109E8800A36807EB621749687D1C9D4203DD5B00F0
:109E980001319D42FBDC3046FFF7DAFD002850D047
:109EA800B9F1000F00F1140C0EDD09F1050263464B
:109EB80000214FEA820E00EB820243F8041B934212
:109EC800FBD1AEF114039C4404F11403216918F08A
:109ED8001F0803EB81012BD0C8F12009E6464FF09B
:109EE800000A1A6802FA08F242EA0A024EF8042B3B
:109EF80053F8042B994222FA09FAF2D80B1B04F101
:109F08001502153B23F003030433914238BF0423A1
:109F18004CF803A0BAF1000F00D13D46736C62689B
:109F2800056153F82210216043F82240BDE8F0870C
:109F3800ACF1040C53F8042B99424CF8042FF9D8CF
:109F4800EBE70246024B4FF4EF710248FBF7DAFBEE
:109F58004CB3020004B4020084460B690069C01ABD
:109F680015D10CF1140C14310CEB830201EB8303B3
:109F780010B401E0944508D252F8044D53F8041D7A
:109F88008C42F7D004D24FF0FF3010BC70477047B6
:109F9800012010BC704700BF2DE9F04F15460A6933
:109FA80083B088462B69D21A002A40F08B8001F1D1
:109FB800140605F1140101EB830106EB830302E0AB
:109FC8009E4280F0828053F8044D51F8042D94424B
:109FD800F6D078D32B460024454698466968FFF7A3
:109FE80037FD002800F08C802E6905F1140B08F16C
:109FF800140ED8F8103000F1140A05F110020EEB17
:10A0080083094FF0000C0BEB86015746C460CDF86E
:10A0180004B05EF8044B52F8045F1FFA84FBF14564
:10A02800ABB24FEA1444A3EB0B03C4EB15446344EF
:10A0380004EB23449BB24FEA244C43EA044347F819
:10A04800043BE6D8A9EB080408F11508DDF804B0CC
:10A05800C145A4F1150434BF4FF000084FF00108C2
:10A06800A408B8F1000F04F101024FEA820208BF08
:10A0780004220BEB02055244A94231D917462C465B
:10A0880054F8043B1FFA83F8A1424FEA134E634485
:10A09800C4449BB20EEB2C4C43EA0C434FEA2C4CC5
:10A0A80047F8043BECD80139491B21F003010A4465
:10A0B80023B952F8043D013E002BFAD0066103B0E3
:10A0C800BDE8F08F86DA012488E70021FFF7C0FC9D
:10A0D80078B101220023C0E9042303B0BDE8F08F62
:10A0E800B8F1000F4FEA840408BF00240AEB040209
:10A0F800DEE70246064B40F237210648FBF702FB33
:10A108000246034B40F245210248FBF7FBFA00BF29
:10A118004CB3020004B40200F0B5012183B0164626
:10A128001F46FFF795FC0546002849D0C7F30A5497
:10A13800C7F313030CB143F48013002E019315D118
:10A1480001A8FFF72BFD0199012200F120036961A5
:10A158002A611CB3A4F23344C3F135001C44089BA4
:10A168001C60099B1860284603B0F0BD684600963D
:10A17800FFF714FD019A034600B3C0F1200102FA6B
:10A1880001F1C240009801920143002AC5E9051275
:10A198000CBF012202222A61002CDBD1A3F2324338
:10A1A800089805EB820103600869FFF7D3FC099B57
:10A1B800C0EB42101860284603B0F0BD0099E4E7F0
:10A1C8000246034B40F20F310248FBF79BFA00BFEF
:10A1D8004CB3020004B4020038B5A1FB021434BB2E
:10A1E800FDF7B8FE054630B350F8042C22F0030200
:10A1F800043A242A0CD8132A0FD91B2AC0E9004490
:10A2080012D9242AC0E9024418D000F1100205E04E
:10A218002146FCF72FF8284638BD02460023284679
:10A22800C2E90033936038BD00F10802F6E7FCF795
:10A238001BF80C2303600025284638BD00F11802DE
:10A24800C0E90444EAE700BF2DE9F04F89B086462B
:10A258001E46DDE9137A002F53D01568002955D022
:10A26800129B002B62D0741E2EB3043D0026DDF82D
:10A2780048B002910392CDE900E10AE0019BF3B9ED
:10A288002868002831D0DC4552D2013C6646631C60
:10A2980011D055F8042F3B4605A90098DAF8E0C01C
:10A2A800D7E90098E047421C34D000EB060CDC45A7
:10A2B800E4D9C7E90098304609B0BDE8F08F002816
:10A2C8000CDD029B05A918445A1E00F1FF3E11F847
:10A2D800013B02F8013F7245F9D10290039B2868BF
:10A2E8001A6804321A600028CDD10199039A01B185
:10A2F80010600CF1FF36002230463A6009B0BDE824
:10A30800F08F00F5867715680029A9D14FF0FF3343
:10A318001293A8E70646DDF800E08A2100223046BD
:10A32800CEF800103A6009B0BDE8F08F129EC2E77F
:10A338006646C0E710B584B0054C069800900798AB
:10A348000190044800680294FFF77EFF04B010BD36
:10A35800B0BF02005CBA02002DE9F0478E68814662
:10A368000C461D469E429046086836D8B1F90C3016
:10A3780013F4906F0DD135462A46414600F004FA91
:10A38800A26823680020921B2B44A2602360BDE8CA
:10A39800F0876769096917EB4707A0EB010A05F120
:10A3A800010048BF013750447F10B8423A4601D9EE
:10A3B800074602465B0512D511464846FDF7CAFD19
:10A3C8000646F8B152462169FBF762FEA38923F4D9
:10A3D800906343F08003A38106E01E46CCE748461D
:10A3E80000F01AF8064648B106EB0A00A7EB0A0384
:10A3F80026612E466761A3602060BDE72169484653
:10A40800FFF788F9A3890C224FF0FF3043F040038F
:10A41800C9F80020A381BAE72DE9F04F164683B0AA
:10A42800002900F09E800C4606F10B058046FEF7D9
:10A4380075F854F8040C162DA4F1080920F0030748
:10A4480062D8102200231546B542C0F0A280002B26
:10A4580040F09F80974261DADFF8F8B209EB070114
:10A46800DBF80830D1F804C08B4200F097802CF05C
:10A4780001030B445B68DB0768D42CF0030C07EB83
:10A488000C03934245DAC30712D454F8083CA9EBED
:10A49800030ADAF8043023F0030084440CEB070BBA
:10A4A8005A4540F3FE8007EB000B5A4540F3D48031
:10A4B80031464046FDF74EFD0646002800F029814A
:10A4C80054F8043CA0F1080223F001034B449342E2
:10A4D80000F0B1803A1F242A00F2DF80132A00F22C
:10A4E800B080034622461168196051685960926825
:10A4F8009A6021464046FFF70DF94046FEF714F8EA
:10A50800304603B0BDE8F08F25F007052A46EB0F6B
:10A518009AE71F46D1E90223D3609A60781BD9F8DD
:10A52800043009EB07020F2803F001031FD83B434F
:10A53800C9F80430536843F0010353602646404687
:10A54800FDF7F2FF304603B0BDE8F08FC307AFD484
:10A5580054F8083CA9EB030ADAF8043023F00300A6
:10A56800A1E7114603B0BDE8F04FFDF7F3BC2B435C
:10A5780009EB050140F00100C9F80430083141F841
:10A58800040C4046536843F001035360FFF7C2F8D8
:10A59800D4E70C23C8F800300026D3E72CF0030CCE
:10A5A80005F110010CEB07038B4280F29280C00783
:10A5B8003FF57EAF54F8083CA9EB030ADAF80430FB
:10A5C80023F0030084440CEB070399423FF76BAF79
:10A5D8003A1F5646DAF80C1056F8080F242AC160BC
:10A5E800886000F2B080132A40F2AB8021681B2AF1
:10A5F800CAF808106168CAF80C1000F2AD80083477
:10A608000AF110022168116061685160A1689160C7
:10A618005B1B0AEB0502404643F00103CBF8082018
:10A628005360DAF8043003F001032B43CAF804300E
:10A63800FDF77AFF86E750F8043C23F003031F4434
:10A648006CE723681B2A03606368436036D804F10B
:10A65800080200F1080346E73A1F5646DAF80C30BC
:10A66800242A56F8081FCB60996022D8132A1ED9CD
:10A6780023681B2ACAF808306368CAF80C303CD82B
:10A6880008340AF1100322681A6062685A60A268E6
:10A698009A6034465F46D14640E7214600F074F898
:10A6A80027E7D1E902133A1FCB609960D5E7334613
:10A6B800E9E72146304600F067F8EAE7A368242A6C
:10A6C8008360E368C36028D004F1100200F110032E
:10A6D80009E75B1B09EB05024046264643F00103E8
:10A6E800CBF80820536054F8043C03F001032B43D3
:10A6F80044F8043CFDF718FF24E7A368242ACAF8A5
:10A708001030E368CAF8143010D010340AF1180376
:10A71800B9E74046FDF708FF3EE7236904F1180250
:10A7280003616369436100F11803DCE623691834A7
:10A73800CAF8183054F8043CCAF81C300AF120034F
:10A74800A1E732465EE721463046019300F01CF847
:10A75800019B5DE7A8BB0200A168242ACAF8101073
:10A76800E168CAF8141003D010340AF1180249E756
:10A7780022691834CAF8182054F8042CCAF81C2086
:10A788000AF120023EE700BF88420ED98B188342A7
:10A798000BD900EB020C002A6ED0624613F801CDEB
:10A7A800994202F801CDF9D170470F2A0FD8034614
:10A7B80002F1FF3C002A5FD00CF1010C013B8C44F4
:10A7C80011F8012B614503F8012FF9D1704740EAD0
:10A7D80001039B0751D1A2F1100301F1200C70B5C0
:10A7E80023F00F0501F1100E00F110041B09AC4411
:10A7F8005EF8105C0EF1100E103444F8205C5EF820
:10A808001C5C44F81C5C5EF8185C44F8185C5EF844
:10A81800145CE64544F8145CEAD1013312F00C0FDD
:10A8280002F00F0C01EB031100EB031329D0ACF17C
:10A83800040C1C1F8E462CF003064FEA9C0C1E4489
:10A848005EF8045B44F8045FB442F9D10CF10104EA
:10A8580002F0030203EB840301EB840102F1FF3CE5
:10A868004AB10CF1010C013B8C4411F8012B6145F4
:10A8780003F8012FF9D170BD704702F1FF3C034680
:10A888009AE76246EAE700BF70B54FF0FF0C4CF458
:10A89800E06C1CEA11541DBF1CEA135594EA0C0F16
:10A8A80095EA0C0F00F0DEF82C4481EA030621EA51
:10A8B8004C5123EA4C5350EA013518BF52EA03358C
:10A8C80041F4801143F4801338D0A0FB02CE4FF03E
:10A8D8000005E1FB02E506F00042E0FB03E54FF06E
:10A8E8000006E1FB03569CF0000F18BF4EF0010E66
:10A8F800A4F1FF04B6F5007F64F5407404D25FEA62
:10A908004E0E6D4146EB060642EAC62141EA555114
:10A918004FEAC52040EA5E504FEACE2EB4F1FD0C56
:10A9280088BFBCF5E06F1ED8BEF1004F08BF5FEAD4
:10A93800500E50F1000041EB045170BD06F0004686
:10A9480046EA010140EA020081EA0301B4EB5C0433
:10A95800C2BFD4EB0C0541EA045170BD41F480112B
:10A968004FF0000E013C00F3AB8014F1360FDEBF50
:10A97800002001F0004170BDC4F10004203C35DA2C
:10A988000C341BDC04F11404C4F1200500FA05F3AF
:10A9980020FA04F001FA05F240EA020001F0004250
:10A9A80021F0004110EBD37021FA04F642EB0601C6
:10A9B8005EEA430E08BF20EAD37070BDC4F10C04F0
:10A9C800C4F1200500FA04F320FA05F001FA04F2B4
:10A9D80040EA020001F0004110EBD37041F10001A0
:10A9E8005EEA430E08BF20EAD37070BDC4F12005AB
:10A9F80000FA05F24EEA020E20FA04F301FA05F213
:10AA080043EA020321FA04F001F0004121FA04F2BA
:10AA180020EA020000EBD3705EEA430E08BF20EA8A
:10AA2800D37070BD94F0000F0FD101F000464000C4
:10AA380041EB010111F4801F08BF013CF7D041EA46
:10AA4800060195F0000F18BF704703F0004652004A
:10AA580043EB030313F4801F08BF013DF7D043EA1B
:10AA68000603704794EA0C0F0CEA135518BF95EAD1
:10AA78000C0F0CD050EA410618BF52EA4306D1D158
:10AA880081EA030101F000414FF0000070BD50EA77
:10AA9800410606BF1046194652EA430619D094EA01
:10AAA8000C0F02D150EA013613D195EA0C0F05D1EB
:10AAB80052EA03361CBF104619460AD181EA03013F
:10AAC80001F0004141F0FE4141F470014FF00000F7
:10AAD80070BD41F0FE4141F4780170BD70B54FF092
:10AAE800FF0C4CF4E06C1CEA11541DBF1CEA135512
:10AAF80094EA0C0F95EA0C0F00F0A7F8A4EB0504F4
:10AB080081EA030E52EA03354FEA013100F08880EA
:10AB18004FEA03334FF0805545EA131343EA1263B3
:10AB28004FEA022245EA111545EA10654FEA002668
:10AB38000EF000419D4208BF964244F1FD0404F521
:10AB4800407402D25B084FEA3202B61A65EB03057D
:10AB58005B084FEA32024FF480104FF4002CB6EB3A
:10AB6800020E75EB030E22BFB61A754640EA0C00BA
:10AB78005B084FEA3202B6EB020E75EB030E22BFFA
:10AB8800B61A754640EA5C005B084FEA3202B6EB3B
:10AB9800020E75EB030E22BFB61A754640EA9C00FA
:10ABA8005B084FEA3202B6EB020E75EB030E22BFCA
:10ABB800B61A754640EADC0055EA060E18D04FEA88
:10ABC800051545EA16754FEA06164FEAC30343EA28
:10ABD80052734FEAC2025FEA1C1CC0D111F4801FF5
:10ABE8000BD141EA00014FF000004FF0004CB6E7EE
:10ABF80011F4801F04BF01430020B4F1FD0C88BF8D
:10AC0800BCF5E06F3FF6AFAEB5EB030C04BFB6EB97
:10AC1800020C5FEA500C50F1000041EB045170BD8A
:10AC28000EF0004E4EEA113114EB5C04C2BFD4EBB7
:10AC38000C0541EA045170BD41F480114FF0000E3B
:10AC4800013C90E645EA060E8DE60CEA135594EAB7
:10AC58000C0F08BF95EA0C0F3FF43BAF94EA0C0FBA
:10AC68000AD150EA01347FF434AF95EA0C0F7FF42F
:10AC780025AF104619462CE795EA0C0F06D152EA83
:10AC880003353FF4FDAE1046194622E750EA410667
:10AC980018BF52EA43067FF4C5AE50EA41047FF478
:10ACA8000DAF52EA43057FF4EBAE12E74FF0FF3CDD
:10ACB80006E000BF4FF0010C02E000BF4FF0010CAE
:10ACC8004DF804CD4FEA410C7FEA6C5C4FEA430C27
:10ACD80018BF7FEA6C5C1BD001B050EA410C0CBF76
:10ACE80052EA430C91EA030F02BF90EA020F0020D8
:10ACF800704710F1000F91EA030F58BF994208BF3F
:10AD080090422CBFD8176FEAE37040F001007047FB
:10AD18004FEA410C7FEA6C5C02D150EA013C07D152
:10AD28004FEA430C7FEA6C5CD6D152EA033CD3D09D
:10AD38005DF8040B704700BF8446104662468C4697
:10AD48001946634600E000BF01B5FFF7B7FF0028CA
:10AD580048BF10F1000F01BD4DF808EDFFF7F4FFF3
:10AD68000CBF012000205DF808FB00BF4DF808ED7E
:10AD7800FFF7EAFF34BF012000205DF808FB00BFA1
:10AD88004DF808EDFFF7E0FF94BF012000205DF8C3
:10AD980008FB00BF4DF808EDFFF7CEFF94BF012078
:10ADA80000205DF808FB00BF4DF808EDFFF7C4FF71
:10ADB80034BF012000205DF808FB00BF4FEA410CBA
:10ADC8007FEA6C5C02D150EA013C0AD14FEA430C9D
:10ADD8007FEA6C5C02D152EA033C02D14FF00000DA
:10ADE80070474FF0010070474FEA410212F5001218
:10ADF80015D211D56FF47873B3EB625212D94FEABA
:10AE0800C12343F0004343EA505311F0004F23FAA3
:10AE180002F018BF404270474FF00000704750EAF8
:10AE2800013005D111F0004008BF6FF000407047B5
:10AE38004FF00000704700BF4275696C7420776955
:10AE4800746820525A2F4720466C657869626C6591
:10AE580020536F667477617265205061636B616718
:10AE6800652076657273696F6E20342E322E30003D
:10AE7800342E322E30000000000002045465726D3A
:10AE8800696E616C00000000284E554C4C2900008A
:10AE98000D0A202A2A20525F4750545F436C6F7373
:10AEA8006520415049206661696C6564202A2A0D35
:10AEB8000A0000005B4552525D20496E2046756EBF
:10AEC8006374696F6E3A20257328292C2025730036
:10AED800342E302E300000000D0A2A2A2A2A2A2A67
:10AEE8002A2A2A2A2A2A2A2A2A2A2A2A2A2A2A2ABA
:10AEF8002A2A2A2A2A2A2A2A2A2A2A2A2A2A2A2AAA
:10AF08002A2A2A2A2A2A2A2A2A2A2A2A2A2A2A2A99
:10AF18002A2A2A2A2A2A2A2A2A2A2A2A0D0A2A20D0
:10AF2800202052656E657361732046535020457822
:10AF3800616D706C652050726F6A65637420666F0E
:10AF48007220725F677074204D6F64756C65202085
:10AF58002020202020202020202020202020202ADF
:10AF68000D0A2A2020204578616D706C652050728A
:10AF78006F6A6563742056657273696F6E202573F6
:10AF880020202020202020202020202020202020B9
:10AF980020202020202020202020202020202020A9
:10AFA8002A0D0A2A202020466C657820536F667483
:10AFB80077617265205061636B2056657273696FA3
:10AFC8006E2025642E25642E256420202020202034
:10AFD8002020202020202020202020202020202069
:10AFE800202020202020202A0D0A2A2A2A2A2A2A3C
:10AFF8002A2A2A2A2A2A2A2A2A2A2A2A2A2A2A2AA9
:10B008002A2A2A2A2A2A2A2A2A2A2A2A2A2A2A2A98
:10B018002A2A2A2A2A2A2A2A2A2A2A2A2A2A2A2A88
:10B028002A2A2A2A2A2A2A2A2A2A2A2A0D0A526552
:10B0380066657220746F20726561646D652E747820
:10B04800742066696C6520666F72206D6F7265206A
:10B0580064657461696C73206F6E204578616D70EA
:10B068006C652050726F6A65637420616E640D0AA6
:10B0780046535020557365722773204D616E756174
:10B088006C20666F72206D6F726520696E666F72D4
:10B098006D6174696F6E2061626F757420725F678D
:10B0A8007074206472697665720D0A000D0A54681E
:10B0B80065204578616D706C652050726F6A6563B4
:10B0C800742064656D6F6E73747261746573207437
:10B0D80068652066756E6374696F6E616C697479F2
:10B0E800206F662047505420496E7075740D0A63AE
:10B0F800617074757265206D6F64756C652E0D0ACC
:10B1080047505434206973207573656420746F2028
:10B1180067656E657261746520706572696F6469D0
:10B12800632070756C736573206F66203530306DE1
:10B13800736563206475726174696F6E20616E64F3
:10B148000D0A70726F766964656420617320696E98
:10B1580070757420746F2047505420496E70757450
:10B1680020636170747572652847505433292E2006
:10B178004750543320636F756E747320746865206C
:10B188006576656E740D0A70756C736520726563FB
:10B1980065697665642061742069747320696E70CE
:10B1A80075742E204261736564206F6E2074686523
:10B1B80020706572696F6420616E642063617074C9
:10B1C800757265206576656E742C0D0A7468652045
:10B1D80074696D6520706572696F64206F66207090
:10B1E800756C73652069732063616C63756C617439
:10B1F800656420616E6420646973706C617965644C
:10B20800206F6E205254545669657765722E0D0A68
:10B21800000000002A2A20525F4750545F4F706593
:10B228006E20415049206661696C6564202A2A0DA8
:10B238000A0000000D0A52657475726E6564204537
:10B2480072726F7220436F64653A203078257820D7
:10B25800200D0A002A2A20525F4750545F456E612C
:10B26800626C6520415049206661696C6564202ADA
:10B278002A0D0A002A2A20525F4750545F537461EE
:10B28800727420415049206661696C6564202A2ADD
:10B298000D0A00002A2A20525F4750545F496E6603
:10B2A8006F47657420415049206661696C65642068
:10B2B8002A2A0D0A0000000025302E3566000000FD
:10B2C8000D0A50756C7365207769647468206D6524
:10B2D80061737572656D656E742076616C7565282D
:10B2E800696E207365636F6E6429202D2025730DA8
:10B2F8000A000000494E4600696E66004E414E0045
:10B308006E616E0030313233343536373839616228
:10B3180063646566000000003031323334353637F7
:10B32800383941424344454600000000286E756C98
:10B338006C290000496E66696E6974790000000026
:10B348004E614E0042616C6C6F6320737563636578
:10B3580065646564000000002F646174612F6A658C
:10B368006E6B696E732F776F726B73706163652F85
:10B37800474E552D746F6F6C636861696E2F6172EB
:10B388006D2D31332F7372632F6E65776C69622D63
:10B3980063796777696E2F6E65776C69622F6C6960
:10B3A80062632F7374646C69622F64746F612E63B7
:10B3B800000000002E0000004C435F434F4C4C41FE
:10B3C800544500004C435F43545950450000000069
:10B3D8004C435F4D4F4E4554415259004C435F4ECC
:10B3E800554D4552494300004C435F54494D450073
:10B3F8004C435F4D45535341474553002F64617497
:10B40800612F6A656E6B696E732F776F726B7370DD
:10B418006163652F474E552D746F6F6C6368616962
:10B428006E2F61726D2D31332F7372632F6E6577B6
:10B438006C69622D63796777696E2F6E65776C69C1
:10B44800622F6C6962632F7374646C69622F6D700C
:10B458007265632E63000000000000000000545471
:10B4680052205245474745530000000030313233DF
:10B478003435363738394142434445466770745F3E
:10B488006465696E6974000068616C5F656E7472EA
:10B49800790000007CD6020070D6020058D602005F
:10B4A80080D60200B4B4020038B6020000000002E0
:10B4B800000000000000000002060503AA55040071
:10B4C800ECB40200D0B402000000000058BA020038
:10B4D80000000000014402000544020000000000D2
:10B4E800000006402000000000100000520000008C
:10B4F80000800000D800000000000100C700000024
:10B50800FFFFFFFF00000000000000000000000037
:10B51800000000800300AF002D430200000000007F
:10B528002CB502000000000000010000000400002B
:10B5380000010000000400000000000000000000FE
:10B5480000000000000000040404A700DFFFDFFF84
:10B55800DFFF000000000000000000000000000005
:10B56800000000000000000000830440000000000C
:10B5780080F0FA020000000040787D010404DFFF3B
:10B58800000000000000000094B502000000010067
:10B5980000000000000000000000000000000000A3
:10B5A800000000000000000000000000000004048B
:10B5B8000404DFFFDFFFDFFFDFFF00000000000003
:10B5C8000000000000000000000000000000000073
:10B5D800008404400A000000E8B502009CB40200A0
:10B5E8000008010201000000000401010417000026
:10B5F80000080106000A0000000800000404FFFF1C
:10B60800000800000005FFFF000800000105FFFF1B
:10B61800000800000205FFFF000800000305FFFF07
:10B62800000800000104FFFF000800000004FFFFFD
:10B6380035450200194402001D440200A9470200D2
:10B64800FD460200314802005D4A0200E54702005B
:10B658007D490200E9490200214402001544020024
:10B668004547020000000000010000000200000041
:10B67800030000000500000006000000FFFFFFFFB8
:10B68800FFFFFFFFFFFFFFFFFFFFFFFF04000000BA
:10B698000700000008000000FFFFFFFFFFFFFFFF9B
:10B6A800FFFFFFFFFFFFFFFFFFFFFFFFFFFFFFFFA2
:10B6B800FFFFFFFF0A000000090000000B00000068
:10B6C8000C000000FFFFFFFFFFFFFFFFFFFFFFFF72
:10B6D800FFFFFFFFFFFFFFFFFFFFFFFFFFFFFFFF72
:10B6E8000E0000000D0000000F0000001000000018
:10B6F8001100000012000000FFFFFFFFFFFFFFFF27
:10B70800FFFFFFFFFFFFFFFFFFFFFFFFFFFFFFFF41
:10B7180013000000140000001500000016000000CF
:10B7280017000000FFFFFFFFFFFFFFFFFFFFFFFF06
:10B73800FFFFFFFFFFFFFFFFFFFFFFFF18000000F5
:10B74800FFFFFFFFFFFFFFFFFFFFFFFFFFFFFFFF01
:10B75800FFFFFFFFFFFFFFFF190000001A000000B6
:10B768001B000000FFFFFFFFFFFFFFFF1C000000A2
:10B778001D0000001E0000001F000000FFFFFFFF6B
:10B78800FFFFFFFFFFFFFFFFFFFFFFFFFFFFFFFFC1
:10B79800FFFFFFFF20000000210000002200000042
:10B7A8002300000024000000FFFFFFFFFFFFFFFF52
:10B7B800FFFFFFFFFFFFFFFFFFFFFFFFFFFFFFFF91
:10B7C80025000000260000002700000028000000D7
:10B7D80029000000FFFFFFFFFFFFFFFFFFFFFFFF44
:10B7E800FFFFFFFFFFFFFFFF2B0000002A00000004
:10B7F8003030303030303030303030303030303041
:10B808002020202020202020202020202020202030
:10B8180005000000190000007D0000000000000085
:10B828000080E03779C34143176E05B5B5B8934634
:10B83800F5F93FE9034F384D321D30F94877825A00
:10B848003CBF737FDD4F1575000000000000F03F1E
:10B8580000000000000024400000000000005940E3
:10B868000000000000408F40000000000088C34036
:10B8780000000000006AF8400000000080842E41AB
:10B8880000000000D01263410000000084D79741F7
:10B898000000000065CDCD41000000205FA00242FD
:10B8A800000000E876483742000000A2941A6D4272
:10B8B800000040E59C30A2420000901EC4BCD64265
:10B8C80000003426F56B0C430080E03779C3414310
:10B8D80000A0D8855734764300C84E676DC1AB4386
:10B8E800003D9160E458E143408CB5781DAF1544A4
:10B8F80050EFE2D6E41A4B4492D54D06CFF080447F
:10B90800F64AE1C7022DB544B49DD9794378EA4493
:10B918000020202020202020202028282828282017
:10B92800202020202020202020202020202020200F
:10B938002088101010101010101010101010101077
:10B948001004040404040404040404101010101067
:10B958001010414141414141010101010101010131
:10B968000101010101010101010101011010101083
:10B978001010424242424242020202020202020203
:10B988000202020202020202020202021010101057
:10B99800200000000000000000000000000000007F
:10B9A800000000000000000000000000000000008F
:10B9B800000000000000000000000000000000007F
:10B9C800000000000000000000000000000000006F
:10B9D800000000000000000000000000000000005F
:10B9E800000000000000000000000000000000004F
:10B9F800000000000000000000000000000000003F
:10BA0800000000000000000000000000000000002E
:10BA1800000000001000000000000000017A520041
:10BA2800027C0E011B0C0D00140000001800000021
:10BA380060A6FFFFEC00000000024D0A430B000067
:08BA480050A6FF7F0100000081
:04BA500000000000F2
:10BA58000600000060BA02000000000064DE020078
:10BA6800CCDE020034DF020000000000000000000D
:10BA780000000000000000000000000000000000BE
:10BA880000000000000000000000000000000000AE
:10BA9800000000000000000000000000000000009E
:10BAA800000000000000000000000000000000008E
:10BAB800000000000000000000000000000000007E
:10BAC800000000000000000000000000000000006E
:10BAD800000000000000000000000000000000005E
:10BAE800000000000000000000000000000000004E
:10BAF80001000000000000000E33CDAB34126DE6EB
:10BB0800ECDE05000B000000000000000000000053
:10BB1800000000000000000000000000000000001D
:10BB2800000000000000000000000000000000000D
:10BB380000000000000000000000000000000000FD
:10BB480000000000000000000000000000000000ED
:10BB580000000000000000000000000000000000DD
:10BB680000000000000000000000000000000000CD
:10BB780000000000000000000000000000000000BD
:10BB880000000000000000000000000000000000AD
:10BB98000000000000000000FFFFFFFF000002009F
:10BBA8000000000000000000A8BB0200A8BB0200C3
:10BBB800B0BB0200B0BB0200B8BB0200B8BB0200B9
:10BBC800C0BB0200C0BB0200C8BB0200C8BB020069
:10BBD800D0BB0200D0BB0200D8BB0200D8BB020019
:10BBE800E0BB0200E0BB0200E8BB0200E8BB0200C9
:10BBF800F0BB0200F0BB0200F8BB0200F8BB020079
:10BC080000BC020000BC020008BC020008BC020024
:10BC180010BC020010BC020018BC020018BC0200D4
:10BC280020BC020020BC020028BC020028BC020084
:10BC380030BC020030BC020038BC020038BC020034
:10BC480040BC020040BC020048BC020048BC0200E4
:10BC580050BC020050BC020058BC020058BC020094
:10BC680060BC020060BC020068BC020068BC020044
:10BC780070BC020070BC020078BC020078BC0200F4
:10BC880080BC020080BC020088BC020088BC0200A4
:10BC980090BC020090BC020098BC020098BC020054
:10BCA800A0BC0200A0BC0200A8BC0200A8BC020004
:10BCB800B0BC0200B0BC0200B8BC0200B8BC0200B4
:10BCC800C0BC0200C0BC0200C8BC0200C8BC020064
:10BCD800D0BC0200D0BC0200D8BC0200D8BC020014
:10BCE800E0BC0200E0BC0200E8BC0200E8BC0200C4
:10BCF800F0BC0200F0BC0200F8BC0200F8BC020074
:10BD080000BD020000BD020008BD020008BD02001F
:10BD180010BD020010BD020018BD020018BD0200CF
:10BD280020BD020020BD020028BD020028BD02007F
:10BD380030BD020030BD020038BD020038BD02002F
:10BD480040BD020040BD020048BD020048BD0200DF
:10BD580050BD020050BD020058BD020058BD02008F
:10BD680060BD020060BD020068BD020068BD02003F
:10BD780070BD020070BD020078BD020078BD0200EF
:10BD880080BD020080BD020088BD020088BD02009F
:10BD980090BD020090BD020098BD020098BD02004F
:10BDA800A0BD0200A0BD0200A8BD0200A8BD0200FF
:10BDB800B0BD0200B0BD0200B8BD0200B8BD0200AF
:10BDC800C0BD0200C0BD0200C8BD0200C8BD02005F
:10BDD800D0BD0200D0BD0200D8BD0200D8BD02000F
:10BDE800E0BD0200E0BD0200E8BD0200E8BD0200BF
:10BDF800F0BD0200F0BD0200F8BD0200F8BD02006F
:10BE080000BE020000BE020008BE020008BE02001A
:10BE180010BE020010BE020018BE020018BE0200CA
:10BE280020BE020020BE020028BE020028BE02007A
:10BE380030BE020030BE020038BE020038BE02002A
:10BE480040BE020040BE020048BE020048BE0200DA
:10BE580050BE020050BE020058BE020058BE02008A
:10BE680060BE020060BE020068BE020068BE02003A
:10BE780070BE020070BE020078BE020078BE0200EA
:10BE880080BE020080BE020088BE020088BE02009A
:10BE980090BE020090BE020098BE020098BE02004A
:10BEA800A0BE0200A0BE0200A8BE0200A8BE0200FA
:10BEB800B0BE0200B0BE0200B8BE0200B8BE0200AA
:10BEC800C0BE0200C0BE0200C8BE0200C8BE02005A
:10BED800D0BE0200D0BE0200D8BE0200D8BE02000A
:10BEE800E0BE0200E0BE0200E8BE0200E8BE0200BA
:10BEF800F0BE0200F0BE0200F8BE0200F8BE02006A
:10BF080000BF020000BF020008BF020008BF020015
:10BF180010BF020010BF020018BF020018BF0200C5
:10BF280020BF020020BF020028BF020028BF020075
:10BF380030BF020030BF020038BF020038BF020025
:10BF480040BF020040BF020048BF020048BF0200D5
:10BF580050BF020050BF020058BF020058BF020085
:10BF680060BF020060BF020068BF020068BF020035
:10BF780070BF020070BF020078BF020078BF0200E5
:10BF880080BF020080BF020088BF020088BF020095
:10BF980090BF020090BF020098BF020098BF020045
:10BFA800A0BF0200A0BF0200430000000000000084
:10BFB8000000000000000000000000000000000079
:10BFC8000000000000000000430000000000000026
:10BFD8000000000000000000000000000000000059
:10BFE8000000000000000000430000000000000006
:10BFF8000000000000000000000000000000000039
:10C0080000000000000000004300000000000000E5
:10C018000000000000000000000000000000000018
:10C0280000000000000000004300000000000000C5
:10C0380000000000000000000000000000000000F8
:10C0480000000000000000004300000000000000A5
:10C0580000000000000000000000000000000000D8
:10C068000000000000000000430000000000000085
:10C0780000000000000000000000000000000000B8
:10C088000000000000000000AD9902002D9A020097
:10C098000000000018B90200BCB30200BCB20200E4
:10C0A800BCB20200BCB20200BCB20200BCB20200C8
:10C0B800BCB20200BCB20200BCB20200BCB20200B8
:10C0C800FFFFFFFFFFFFFFFFFFFFFFFFFFFF000076
:10C0D80001004153434949000000000000000000EE
:10C0E8000000000000000000000000000000000048
:10C0F80000004153434949000000000000000000CF
:10C108000000000000000000000000000000000027
:04C118000000000023
:04000003200039C9D7
:00000001FF
