:020000040800F2
:101E000098280100FFFFFFFFFFFFFFFFFFFFFFFF1D
:101E1000000A0000FFFFFFFFFFFFFFFFFFFFFFFFC4
:101E200000280028FFFFFFFFFFFFFFFFFFFFFFFF6E
:101E3000FFFFFFFFFFFFFFFFFFFFFFFFFFFFFFFFB2
:101E4000FFFFFFFFFFFFFFFFFFFFFFFFFFFFFFFFA2
:101E5000FFFFFFFFFFFFFFFFFFFFFFFFFFFFFFFF92
:101E6000FFFFFFFFFFFFFFFFFFFFFFFFFFFFFFFF82
:101E7000FFFFFFFFFFFFFFFFFFFFFFFFFFFFFFFF72
:101E8000FFFFFFFFFFFFFFFFFFFFFFFFFFFFFFFF62
:101E9000FFFFFFFFFFFFFFFFFFFFFFFFFFFFFFFF52
:101EA000FFFFFFFFFFFFFFFFFFFFFFFFFFFFFFFF42
:101EB000FFFFFFFFFFFFFFFFFFFFFFFFFFFFFFFF32
:101EC000FFFFFFFFFFFFFFFFFFFFFFFFFFFFFFFF22
:101ED000FFFFFFFFFFFFFFFFFFFFFFFFFFFFFFFF12
:101EE000FFFFFFFFFFFFFFFFFFFFFFFFFFFFFFFF02
:101EF000FFFFFFFFFFFFFFFFFFFFFFFFFFFFFFFFF2
:101F0000FFFFFFFFFFFFFFFFFFFFFFFFFFFFFFFFE1
:101F1000FFFFFFFFFFFFFFFFFFFFFFFFFFFFFFFFD1
:101F2000FFFFFFFFFFFFFFFFFFFFFFFFFFFFFFFFC1
:101F3000FFFFFFFFFFFFFFFFFFFFFFFFFFFFFFFFB1
:101F4000FFFFFFFFFFFFFFFFFFFFFFFFFFFFFFFFA1
:101F5000FFFFFFFFFFFFFFFFFFFFFFFFFFFFFFFF91
:101F6000FFFFFFFFFFFFFFFFFFFFFFFFFFFFFFFF81
:101F7000FFFFFFFFFFFFFFFFFFFFFFFFFFFFFFFF71
:101F8000FFFFFFFFFFFFFFFFFFFFFFFFFFFFFFFF61
:101F9000FFFFFFFFFFFFFFFFFFFFFFFFFFFFFFFF51
:101FA000FFFFFFFFFFFFFFFFFFFFFFFFFFFFFFFF41
:101FB000FFFFFFFFFFFFFFFFFFFFFFFFFFFFFFFF31
:101FC000FFFFFFFFFFFFFFFFFFFFFFFFFFFFFFFF21
:101FD000FFFFFFFFFFFFFFFFFFFFFFFFFFFFFFFF11
:101FE000FFFFFFFFFFFFFFFFFFFFFFFFFFFFFFFF01
:101FF000FFFFFFFFFFFFFFFFFFFFFFFFFFFF55AAF0
:1028000008B502F053FDFEE7024B83F3088802F09F
:1028100041BD00BFD0C9000800000000000000005A
:1028200000000000000000000000000000000000A8
:102830000000000000000000000000000000000098
:102840000000000000000000000000000000000088
:102850000000000000000000000000000000000078
:102860000000000000000000000000000000000068
:102870000000000000000000000000000000000058
:102880000000000000000000000000000000000048
:102890000000000000000000000000000000000038
:1028A0000000000000000000000000000000000028
:1028B0000000000000000000000000000000000018
:1028C0000000000000000000000000000000000008
:1028D00000000000000000000000000000000000F8
:1028E00000000000000000000000000000000000E8
:1028F00000000000000000000000000000000000D8
:1029000000000000000000000000000000000000C7
:1029100000000000000000000000000000000000B7
:1029200000000000000000000000000000000000A7
:102930000000000000000000000000000000000097
:102940000000000000000000000000000000000087
:102950000000000000000000000000000000000077
:102960000000000000000000000000000000000067
:102970000000000000000000000000000000000057
:102980000000000000000000000000000000000047
:102990000000000000000000000000000000000037
:1029A0000000000000000000000000000000000027
:1029B0000000000000000000000000000000000017
:1029C0000000000000000000000000000000000007
:1029D00000000000000000000000000000000000F7
:1029E00000000000000000000000000000000000E7
:1029F00000000000000000000000000000000000D7
:102A000000000000000000000000000000000000C6
:102A100000000000000000000000000000000000B6
:102A200000000000000000000000000000000000A6
:102A30000000000000000000000000000000000096
:102A40000000000000000000000000000000000086
:102A50000000000000000000000000000000000076
:102A60000000000000000000000000000000000066
:102A70000000000000000000000000000000000056
:102A80000000000000000000000000000000000046
:102A90000000000000000000000000000000000036
:102AA0000000000000000000000000000000000026
:102AB0000000000000000000000000000000000016
:102AC0000000000000000000000000000000000006
:102AD00000000000000000000000000000000000F6
:102AE00000000000000000000000000000000000E6
:102AF00000000000000000000000000000000000D6
:102B000000000000000000000000000000000000C5
:102B100000000000000000000000000000000000B5
:102B200000000000000000000000000000000000A5
:102B30000000000000000000000000000000000095
:102B40000000000000000000000000000000000085
:102B50000000000000000000000000000000000075
:102B60000000000000000000000000000000000065
:102B70000000000000000000000000000000000055
:102B80000000000000000000000000000000000045
:102B90000000000000000000000000000000000035
:102BA0000000000000000000000000000000000025
:102BB0000000000000000000000000000000000015
:102BC0000000000000000000000000000000000005
:102BD00000000000000000000000000000000000F5
:102BE00000000000000000000000000000000000E5
:102BF00000000000000000000000000000000000D5
:102C000000000000000000000000000000000000C4
:102C100000000000000000000000000000000000B4
:102C200000000000000000000000000000000000A4
:102C30000000000000000000000000000000000094
:102C40000000000000000000000000000000000084
:102C50000000000000000000000000000000000074
:102C60000000000000000000000000000000000064
:102C70000000000000000000000000000000000054
:102C80000000000000000000000000000000000044
:102C90000000000000000000000000000000000034
:102CA0000000000000000000000000000000000024
:102CB0000000000000000000000000000000000014
:102CC0000000000000000000000000000000000004
:102CD00000000000000000000000000000000000F4
:102CE00000000000000000000000000000000000E4
:102CF00000000000000000000000000000000000D4
:102D000000000000000000000000000000000000C3
:102D100000000000000000000000000000000000B3
:102D200000000000000000000000000000000000A3
:102D30000000000000000000000000000000000093
:102D40000000000000000000000000000000000083
:102D50000000000000000000000000000000000073
:102D60000000000000000000000000000000000063
:102D70000000000000000000000000000000000053
:102D80000000000000000000000000000000000043
:102D90000000000000000000000000000000000033
:102DA0000000000000000000000000000000000023
:102DB0000000000000000000000000000000000013
:102DC0000000000000000000000000000000000003
:102DD00000000000000000000000000000000000F3
:102DE00000000000000000000000000000000000E3
:102DF00000000000000000000000000000000000D3
:102E000000000000000000000000000000000000C2
:102E100000000000000000000000000000000000B2
:102E200000000000000000000000000000000000A2
:102E30000000000000000000000000000000000092
:102E40000000000000000000000000000000000082
:102E50000000000000000000000000000000000072
:102E60000000000000000000000000000000000062
:102E70000000000000000000000000000000000052
:102E80000000000000000000000000000000000042
:102E90000000000000000000000000000000000032
:102EA0000000000000000000000000000000000022
:102EB0000000000000000000000000000000000012
:102EC0000000000000000000000000000000000002
:102ED00000000000000000000000000000000000F2
:102EE00000000000000000000000000000000000E2
:102EF00000000000000000000000000000000000D2
:102F000000000000000000000000000000000000C1
:102F100000000000000000000000000000000000B1
:102F200000000000000000000000000000000000A1
:102F30000000000000000000000000000000000091
:102F40000000000000000000000000000000000081
:102F50000000000000000000000000000000000071
:102F60000000000000000000000000000000000061
:102F70000000000000000000000000000000000051
:102F80000000000000000000000000000000000041
:102F90000000000000000000000000000000000031
:102FA0000000000000000000000000000000000021
:102FB0000000000000000000000000000000000011
:102FC0000000000000000000000000000000000001
:102FD00000000000000000000000000000000000F1
:102FE00000000000000000000000000000000000E1
:102FF00000000000000000000000000000000000D1
:10300000D0C9000801280008215200081952000800
:103010001952000819520008195200081D520008E0
:10302000000000000000000000000000195200082D
:103030001952000800000000195200081952000837
:1030400015520008155200081552000815520008C4
:1030500015520008155200081552000815520008B4
:1030600015520008155200081552000815520008A4
:103070001552000815520008155200081552000894
:103080001552000815520008155200081552000884
:103090001552000815520008155200081552000874
:1030A0001552000815520008155200081552000864
:1030B0001552000815520008155200081552000854
:1030C0001552000815520008155200081552000844
:1030D0001552000815520008155200081552000834
:1030E0001552000815520008155200081552000824
:1030F0001552000815520008155200081552000814
:103100001552000815520008155200081552000803
:1031100015520008155200081552000815520008F3
:1031200015520008155200081552000815520008E3
:1031300015520008155200081552000815520008D3
:1031400015520008155200081552000815520008C3
:1031500015520008155200081552000815520008B3
:1031600015520008155200081552000815520008A3
:103170001552000815520008155200081552000893
:103180001552000815520008155200081552000883
:103190001552000815520008155200081552000873
:1031A0001552000815520008155200081552000863
:1031B0001552000815520008155200081552000853
:1031C0001552000815520008155200081552000843
:1031D0001552000815520008155200081552000833
:1031E0001552000815520008155200081552000823
:1031F0001552000815520008155200081552000813
:103200001552000815520008155200081552000802
:1032100015520008155200081552000815520008F2
:1032200015520008155200081552000815520008E2
:1032300015520008155200081552000815520008D2
:1032400015520008155200081552000815520008C2
:1032500015520008155200081552000815520008B2
:1032600015520008155200081552000815520008A2
:103270001552000815520008155200081552000892
:103280001552000815520008155200081552000882
:103290001552000815520008155200081552000872
:1032A0001552000815520008155200081552000862
:1032B0001552000815520008155200081552000852
:1032C0001552000815520008155200081552000842
:1032D0001552000815520008155200081552000832
:1032E0001552000815520008155200081552000822
:1032F0001552000815520008155200081552000812
:103300001552000815520008155200081552000801
:1033100015520008155200081552000815520008F1
:1033200015520008155200081552000815520008E1
:1033300015520008155200081552000815520008D1
:1033400015520008155200081552000815520008C1
:1033500015520008155200081552000815520008B1
:1033600015520008155200081552000815520008A1
:103370001552000815520008155200081552000891
:103380001552000815520008155200081552000881
:103390001552000815520008155200081552000871
:1033A0001552000815520008155200081552000861
:1033B0001552000815520008155200081552000851
:1033C0001552000815520008155200081552000841
:1033D0001552000815520008155200081552000831
:1033E0001552000815520008155200081552000821
:1033F0001552000815520008155200081552000811
:103400001552000815520008155200081552000800
:1034100015520008155200081552000815520008F0
:1034200015520008155200081552000815520008E0
:1034300015520008155200081552000815520008D0
:1034400015520008155200081552000815520008C0
:1034500015520008155200081552000815520008B0
:1034600015520008155200081552000815520008A0
:103470001552000815520008155200081552000890
:103480001552000815520008155200081552000880
:103490001552000815520008155200081552000870
:1034A0001552000815520008155200081552000860
:1034B0001552000815520008155200081552000850
:1034C0001552000815520008155200081552000840
:1034D0001552000815520008155200081552000830
:1034E0001552000815520008155200081552000820
:1034F0001552000815520008155200081552000810
:1035000015520008155200081552000815520008FF
:1035100015520008155200081552000815520008EF
:1035200015520008155200081552000815520008DF
:1035300015520008155200081552000815520008CF
:1035400015520008155200081552000815520008BF
:1035500015520008155200081552000815520008AF
:10356000155200081552000815520008155200089F
:10357000155200081552000815520008155200088F
:10358000155200081552000815520008155200087F
:10359000155200081552000815520008155200086F
:1035A000155200081552000815520008155200085F
:1035B000155200081552000815520008155200084F
:1035C00015520008354F0008A14F00081552000899
:1035D000155200081552000815520008155200082F
:1035E000155200081552000815520008155200081F
:1035F000155200081552000815520008155200080F
:1036000015520008155200081552000815520008FE
:1036100015520008155200081552000815520008EE
:1036200015520008155200081552000815520008DE
:1036300015520008155200081552000815520008CE
:1036400015520008155200081552000815520008BE
:1036500015520008155200081552000815520008AE
:10366000155200081552000815520008155200089E
:10367000155200081552000815520008155200088E
:10368000155200081552000815520008155200087E
:10369000155200081552000815520008155200086E
:1036A000155200081552000815520008155200085E
:1036B000155200081552000815520008155200084E
:1036C000155200081552000815520008155200083E
:1036D000155200081552000815520008155200082E
:1036E000155200081552000815520008155200081E
:1036F000155200081552000815520008155200080E
:1037000015520008155200081552000815520008FD
:1037100015520008155200081552000815520008ED
:1037200015520008155200081552000815520008DD
:1037300015520008155200081552000815520008CD
:1037400015520008155200081552000815520008BD
:1037500015520008155200081552000815520008AD
:10376000155200081552000815520008155200089D
:10377000155200081552000815520008155200088D
:10378000155200081552000815520008155200087D
:10379000155200081552000815520008155200086D
:1037A000155200081552000815520008155200085D
:1037B000155200081552000815520008155200084D
:1037C0002DE9F0410446D0E902854068A8EB0507E1
:1037D00097422844154408D80E463A46A5EB0805FA
:1037E00002F04CF82A466068F11902F047F8BFF37E
:1037F0005F8FE560BDE8F0812DE9F8434FF00009E7
:10380000064688461746D0E902243369151B9C42B8
:1038100003F1FF3125BF03F1FF339B180B1B1B1B6B
:10382000BD4228BF3D469D4228BF1D4670684146A7
:103830002A46204402F022F8B2682C44A24208BF73
:103840000024A944A8447F1BBFF35F8FF460002FBE
:10385000DBD14846BDE8F883F8B5164CA822002114
:10386000204602F0FDF84FF480660023032110206B
:10387000114A124F124D21616161A261E761266216
:10388000A3626362E36222666566A0662367E366FD
:103890006367BFF35F8F0B4B9C46A3F11000ACEB4B
:1038A000030213F9011D8342A154F8D1BFF35F8FC6
:1038B000F8BD00BF80CE000884A6000880CA0008BA
:1038C00070CA000880AC000838B5214B00EB4004FA
:1038D00003EBC40EDEF82C40013000EB4000012C5D
:1038E0008C46154603EBC00015D0022C0FD034BB1C
:1038F000DEF82830DEF8242093429CBFDEF820104A
:103900005B18013B9A1A95421CD9204638BDBDE888
:103910003840FFF771BFDEF82830DEF82440A342BC
:103920009CBFDEF820105B18013B1C1B944228BF93
:10393000144661462246FFF743FF204638BD002467
:10394000204638BD2A466146FFF73AFF2C46DCE7A1
:1039500080CE0008F8B50B4B04461B780D46532B60
:10396000164601D0FFF778FFEFF311874FF02001E3
:1039700081F31188324629462046FFF7A5FF87F3D9
:103980001188F8BD80CE000810B50446D0E9013298
:10399000501C984207D8236899540246E16863682E
:1039A0000131C4E902019A4200D010BD21682069AA
:1039B000FFF7D0FFA368984215BF4FF0FF330023F5
:1039C000E360A36010BD00BF2DE9F84F91420F46A0
:1039D000DDE90A94154683461E4668D30B464FF030
:1039E0000108B3FBF5F39D4208F10108F9D9B04590
:1039F00038BFB04614F0010A02D1B9F1000F3DD131
:103A0000DBF80C30002B29DB012402E005FB04F479
:103A1000013E012EFAD8B7FBF4F39D4205D805FB11
:103A200004F4B7FBF4F39D42F9D9224E06E0AC4210
:103A3000B4FBF5F30CD31C46B7FBF3F3F156584631
:103A400004FB1377FFF7A0FFDBF80C30002BEEDA56
:103A5000BAF1000F02D0B9F1000F09D1BDE8F88F1B
:103A600020215846FFF790FFDBF80C30002BF5DBE8
:103A7000C14509F1FF39F3D8BDE8F88FA30711D488
:103A800020240CE021465846FFF77EFFDBF80C307F
:103A900009F1FF39002BE1DBB9F1000FB2D0C145CC
:103AA000F0D8ADE7002E0CBF30242024F7E74FF00C
:103AB00001089CE784AC00082DE9F04F0023402466
:103AC0009BB00DF12809CDE9049480460C461746B9
:103AD000CDE90633089006E004A8FFF755FF079BE1
:103AE000002BC0F2AE8014F9011B002900F0A18068
:103AF0002529F1D10026234613F9011BA1F1230248
:103B00000D2A08D8DFE802F0800707070707070734
:103B10007C0784070778A1F13002D2B2092A4FF05E
:103B2000000501D90EE0013305EB850501EB4505E4
:103B300093F900101C46A1F13002D2B2092AA5F176
:103B40003005F0D92E2900F080800022924694F9A9
:103B5000001021F00403682B04F101045CD0252936
:103B6000BAD05839CBB2202BB9D82029B7D801A365
:103B700053F821F0993C0008DF3A0008DF3A0008CA
:103B8000DF3A0008DF3A0008DF3A0008DF3A0008B1
:103B9000DF3A0008DF3A0008DF3A0008DF3A0008A1
:103BA000B53C00083D3D0008DF3A0008DF3A000858
:103BB000DF3A0008DF3A0008DF3A0008DF3A000881
:103BC000DF3A0008DF3A0008DF3A0008DF3A000871
:103BD000DF3A00081F3D0008DF3A0008DF3A00081E
:103BE000E33C0008DF3A0008C93C0008DF3A00085F
:103BF000DF3A0008993C00081C4646F002067AE7C6
:103C00001C4646F0040676E71C4646F0080672E7B6
:103C10001C4646F001066EE714F9011B21F004036F
:103C2000682B9CD114F9011B21F00403682B96D159
:103C3000F2E7079B002B04DD069C002C40F0B280CD
:103C4000234418461BB0BDE8F08F94F901102A29CF
:103C500009D13B684FF0010A1A1D3A6094F902102D
:103C60001A68023475E7A1F13003DBB2092B4FF07B
:103C7000000204F1010400F2E18002EB820201EB98
:103C8000420214F9011F303AA1F13003DBB2092BD3
:103C9000F3D94FF0010A5CE7134610223968081D7A
:103CA000386009680DEB0200CDE90056FFF78CFE85
:103CB000079B15E73B6804A81A1D3A6093F90010AA
:103CC000FFF762FE079B0BE739681346081D386053
:103CD00009680A22CDE9005604A8FFF775FE079B84
:103CE000FEE63B68191D39601D68002D00F08D80CF
:103CF0000132AE1815F9011B00293FF4F0AEBAF1FC
:103D0000000F02D0B5423FF4EAAE04A8FFF73CFE34
:103D1000079B002BEEDA18461BB0BDE8F08F082396
:103D20000020102239680D1D3D600968CDE9003082
:103D30000DEB0200FFF748FE079BD1E63B684FF012
:103D4000010A191D3960D3F800B08BEAEB73A3EBBD
:103D5000EB73092B09DD4A481946A0FB03C363290D
:103D60000AF1010A4FEAD303F6DC924538BF9246C6
:103D70000DBB079900250B460029FFF662AFBBF18A
:103D8000000F46DB730752D406F00303022B57D013
:103D9000134659460A22CDE9005604A8FFF714FE3F
:103DA000079B9DE62246494640460393FFF7D2FD16
:103DB000039B234445E7BBF1000F06F002031BDB26
:103DC000710719D4002B53D09AB1F3070FD510E027
:103DD000202104A80392FFF7D7FD0799039A002931
:103DE0000B4605F1FF35FFF62CAF002DC4D0AA45D8
:103DF000EED307990B46BFE7013D0BB1002AF8D07F
:103E0000F107F6D4002DF2D1B3E74FF0000A1D4DB3
:103E10006EE72D2104A80392FFF7B6FD039ACBF1BC
:103E2000000B079900290B46FFF60BAFACE72B21DF
:103E300004A80392FFF7A8FD039AF2E7924688E6EA
:103E4000002AA5D1002DA3D0554517D9302104A8AB
:103E50000392FFF799FD0799013D00290B46FFF6F4
:103E6000F0AE039A002DEFD10029FFF6EAAE8FE7FE
:103E7000F007BCD5079B002B8ADAE2E60B46F3E796
:103E8000CDCCCCCC90A600080EB400B582B003AB6C
:103E900053F8041B01AA0193FFF70EFE02B05DF870
:103EA00004EB03B0704700BF10B500F0E3FF00B9AA
:103EB00010BD0020BDE81040024B034A0349FFF744
:103EC000E3BF00BF98A6000894AC0008BCA6000899
:103ED0002DE9F04F002491B01E22214608A803943A
:103EE00001F0BEFD03A8CDE905448DF8104001F0B6
:103EF000D7F89DF80D30674A01939DF80E3066495A
:103F0000009320469DF80F30FFF7BEFF634920461F
:103F1000FFF7BAFF6249634800F0FAFD002875D147
:103F20006149624800F0F4FD0446002840F0A28098
:103F30005E4800F06FFD0446002840F08880594834
:103F400000F0C8FC044600286ED10026584C594F9A
:103F5000594DDFF85081DFF854912378002BFCD0C5
:103F6000404604A9267000F07DFD8246A8B1404677
:103F700000F080FF002842D1484600F07BFF002877
:103F800036D14E4B4E4A4F490020FFF77DFF524637
:103F90004D490020FFF778FF00BE3A6806982B686D
:103FA00002FB00F06968C01841F1000101F020FC3B
:103FB000DDED057A07EE100AF8EE677A0023C7EE0A
:103FC000277A002217EE900AC5E900233E6001F02F
:103FD000EFFA82468B463D4A4021CDE900AB08A866
:103FE00001F0F0FC3A4908AA0020FFF74DFFB4E7C2
:103FF000384B394A33490020FFF746FFC1E7354BBC
:10400000354A30490020FFF73FFFB5E70546334BFF
:1040100020462B4A2B49FFF737FF2A4620462A49DC
:10402000FFF732FF00BE7BE71E48FFF73DFF1F484A
:10403000FFF73AFF2A4B224A22490020FFF724FFCC
:10404000224621490020FFF71FFF00BE7DE71548EB
:10405000FFF72AFF1548FFF727FF224B184A194997
:104060000020FFF711FF224617490020FFF70CFF41
:1040700000BE64E70B48FFF717FF184B104A1149C1
:104080000020FFF701FF22460F490020FFF7FCFE4A
:1040900000BE4DE7D8A60008E0A60008B4A80008B6
:1040A00020AD000878CF0008B8AC000858CF000851
:1040B00038CF000828CF000830CF0008ACAA00088D
:1040C000A0AC0008BCA6000844AA0008D0AA0008BA
:1040D000D8AA000898A6000894AC000824AA0008F2
:1040E00088AA000864AA0008037953B1012B00D004
:1040F000704700218068054A1060054851600370D0
:104100007047044A136801331360704730CF0008CA
:1041100038CF000828CF000808B5FFF7D9FE0020E7
:1041200008BD00BF01224FF0030C2DE9F047040A3F
:10413000093C944000EA0C03E4B2C0F38500DFF8C8
:10414000A08004EB00095FFA89F9083403FA0CF344
:10415000204458F829409A4024EA020AC1F38044D6
:104160009C40DFF880E044EA0A0448F82940C0B2E5
:104170005EF820400CFA03FC24EA0C08C1F3812409
:104180009C40144F44EA08044EF8204057F8204061
:10419000114E24EA020EC1F340449C4044EA0E044E
:1041A00047F8204056F820400C4D24EA0204C1F3A1
:1041B00080129A40224346F82020C1F30111994011
:1041C00055F8203023EA0C03194345F82010BDE8C8
:1041D000F08700BF2814414028304140281C41404E
:1041E00048184140281041402DE9F04F0124C3B246
:1041F0009C40E6B2FF2EDFF888C1C0F30722C1F36E
:10420000004506D012F80C709D4027EA04073D4394
:10421000EDB24FF0030E4FF6FF7802F80C505D0040
:104220000EFA05FE1FFA8EF9C1454F4FC1F3810CFE
:104230000BD00CFA05F537F812C01FFA8CFC2CEAEB
:104240000E0C4CEA050C1FFA8CFCFF2E27F812C04E
:10425000464F01F0010C08D0D55D0CFA03FC25EAAD
:10426000040444EA0C045FFA84FC02F807C04FF02F
:10427000030C4FF0010A9B083D4E03EB4203DBB2F7
:1042800000F0030056F823B0C0000CFA00FCC1F3A4
:10429000812282402BEA0C0BDFF8E89042EA0B0205
:1042A00046F8232059F82360C1F3011808FA00F8F2
:1042B00026EA0C06DFF8D0E048EA060649F8236053
:1042C0005EF823600AFA00F2C1F3803526EA02069E
:1042D00085403543274F4EF8235057F82350C1F3FC
:1042E000C04425EA02058440234E2C4347F823406E
:1042F00056F82350C1F3015425EA0C0584402C43A1
:1043000046F8234006F5806656F82350C1F38154E1
:1043100025EA0C0584402C4346F82340A6F5A05618
:1043200056F82350C1F34044844025EA02052C434B
:1043300046F82340114CC1F3801CC90F0CFA00FC55
:10434000814054F8230020EA02004CEA000044F8BF
:10435000230004F5806454F8230020EA020211438C
:1043600044F82310BDE8F08F400141402000414057
:1043700000114140002141400025414000314140B1
:1043800020024140001D4140002D414001232DE904
:10439000F047C6B2B340DCB2FF2C984FC0F30725FC
:1043A000C1F3004205D0EC5DB24024EA030313439D
:1043B000DAB24FF00F0E4FF0010C0324DFF86C82DD
:1043C000EA5558F825204FEA86090EFA09FEC1F38E
:1043D000036722EA0E0207FA09F3134348F825306F
:1043E00005FA0CF3DFF8489203EB9603DBB200EA20
:1043F000040259F82380A2409440C1F3812E28EA98
:1044000004080EFA02FE4EEA080E49F823E009F508
:10441000406959F82380C1F3011E28EA04080EFA06
:1044200002FE4EEA080E49F823E0A9F5006959F8A2
:1044300023800CFA02FCC1F3404E28EA0C080EFA65
:1044400002FE4EEA080E49F823E009F5E05959F852
:104450002380C1F3801E28EA0C080EFA02FE4EEA01
:10446000080E49F823E0A5F10A0E4FEA4E0E0EEBB6
:10447000960EA9F5BD595FFA8EFEA9F1100959F8FB
:104480002EA0C1F380482AEA0C0A08FA02F848EA8A
:104490000A0849F82E8009F5DD5909F1100959F883
:1044A00023804FEAD17E28EA0C080EFA02FE4EEA7B
:1044B000080E49F823E0E4436FEA0C0CC1F3C0494D
:1044C000C1F30158C1F3815E4FEA076A27BBB0F51B
:1044D000E05F72D04A4809FA02F908FA02F80EFAC7
:1044E00002FE50F8232047490CEA020C49EA0C026C
:1044F00040F8232051F82320224048EA020241F8E4
:10450000232001F5806151F8232014404EEA040471
:1045100041F82340BDE8F087BAF1706F43D101F054
:104520007061B1F1706F27D101200322364B01F188
:10453000455103EBC5039B5D01F59E3198409A40C0
:10454000C043D243314C324D09FA03F908FA03F85B
:104550000EFA03FE10312B68034043EA09032B6077
:104560002368134043EA080323600B68134043EABF
:104570000E030B60BDE8F087B1F1506F25D0234BDF
:104580000029244C18BF1C4603F10403224918BF1C
:104590001946A3F10803214D6FF0030218BF1D4611
:1045A0006FF00100D7E7BAF1506F93D11C4800EBD0
:1045B000C500805DF028B2D18CE76FF003026FF088
:1045C00001001549134C154DC5E701200322144B7A
:1045D00001F14D5103EBC5039B5D01F59E31984000
:1045E0009A40C043D2430F4C0F4D09FA03F908FA21
:1045F00003F80EFA03FE1C31ADE700BF2002414074
:1046000000214140002541408CAF00080C3C414056
:10461000083C4140243C4140283C4140203C414032
:10462000A4AE0008183C4140143C41408004414085
:104630000011414070B50546EFF31082012383F36A
:104640001088224E336833B92149D1F8043C43F035
:104650004003C1F8043C33680133336082F31088AF
:104660002B88D3B1002406E0FFF790FE2A8801349E
:10467000A3B29A4211D96B6803EBC402506853F895
:104680003410B0F5803F1ED2CB03EDD4FFF7ACFD64
:1046900001342A88A3B29A42EDD8EFF310830122A5
:1046A00082F31088326812B13268013A326032689F
:1046B00032B90749D1F8042C22F04002C1F8042C89
:1046C00083F3108870BDFFF72DFDCFE798CF00086A
:1046D00000304140002800F0F1802DE9F04F0C46F9
:1046E00083B0002900F0AD804A680346002A00F03C
:1046F000A480744A1968914200F0E280A168002900
:1047000000F09F8020469C601A60FFF793FFA4682A
:10471000EFF31082012383F310886B4D2B68002B7D
:1047200000F0C4802B6801332B6082F310880021D5
:1047300043F60C070A46A668DFF890C1DFF890E15F
:1047400001EB410006EB400673880CEB01084FEAD1
:10475000132918F807A0B9F1010F0AF0800ADBB29B
:1047600000F08180B9F1070F08BF4AF0100A96F8EF
:10477000019043EA0A03B9F1010F66D0367943EAA2
:104780004613DBB208F80730A66816F810000128B7
:1047900002D188401043C2B201310429D0D1002097
:1047A00043F602074FF0010B0146484E0192626842
:1047B00000EB800902EB090C22689CF803C012F898
:1047C00010E04CEA0E0C06EB000E0EF5605888F86F
:1047D00000C0D4F804C04FEA40081CF809A0CC443B
:1047E000BAF1010F1CD10AFA00FA41EA0A0A5FFA8B
:1047F0008AF143F6020A9CF801909CF802201EF808
:104800000AA09CF804C000F6F85306EB830383F873
:1048100024C00AF0880343EA090343EA8203DBB2B7
:10482000226802EB080C9CF801C043EA0C13DBB2CF
:104830000EF80730D0B90120B9E70A88002A3FF402
:1048400058AF012003B0BDE8F08F767909FA01F97D
:1048500043EA46139EF81068DBB246EA0906F6B250
:104860008EF810688EE74AF0080A80E7019A8900FE
:10487000174B41EA0211C9B283F81118EFF3108304
:104880008BF310882A6812B12A68013A2A602A68D4
:1048900032B90F49D1F8042C22F04002C1F8042C9F
:1048A00083F31088002003B0BDE8F08F0849D1F8E9
:1048B000043C43F04003C1F8043C33E70120704757
:1048C0000E20BFE754524F5098CF000800004140DF
:1048D0000030414050B1064B02689A4204D1D0E901
:1048E000023200205A60704707207047012070474D
:1048F00054504700002800DA70470B0648BFFE21DD
:104900004FF0010C10B558BF49000D4C4FEA501341
:1049100000F1604E58BFC9B20EF5614E9B008EF893
:10492000001303F1604344F8202000F01F0003F55A
:1049300061430CFA00F0C3F88001186010BD00BF9D
:104940009CCF000870B5836984B004468C46164637
:1049500001AD9BB193E8070085E8070083F804C028
:104960009E60E26918461A6063699847A3691BB1A3
:1049700095E8070083E8070004B070BD2B46EDE71B
:10498000F0B40446EFF30383C3F308031F4A103B5C
:104990000FFA83FC52F82C009BB24568EA6992F842
:1049A000382072B98268002C2CD12D780121012D7C
:1049B000D26C0BD043691BB32144C9B2F0BCFFF7E2
:1049C000C1BF042100222D78012DF3D103F01F0374
:1049D0009D404FF00043002687684FEA5C1C3B6116
:1049E00087680CF1600C7B618768BB6183685E62DD
:1049F00083689E62064B43F82C504369002BDBD141
:104A0000F0BC70472146126DDDE700BF9CCF000867
:104A100000E100E008B3124A0168034691421AD14E
:104A200030B442689D68D2699168D06841F0004412
:104A300051686C619C6840F00040A0619C6841F046
:104A4000004121611469996800204C629B68526999
:104A50009A6230BC7047072070470120704700BF42
:104A600054504700D8B138B50C46D1B10E4A016850
:104A70000346914201D0072038BD82680B20526E58
:104A80000132A2609B68DD6A00F004FB034601224C
:104A9000C5F3C355EB4063602270002038BD012090
:104AA0007047012038BD00BF5450470030B48C6EB1
:104AB00001342AB1944203D930BC013A1A607047DC
:104AC000029D496B0078ED0754BF01F01F01C1F34F
:104AD0000441032808D9090981F001016AB9A1B983
:104AE00030BC02225A60704701F00C01A1F10401B0
:104AF000B1FA81F14909002AF1D0944201D8002984
:104B0000EED130BC03225A607047002CE8D0F8E7A1
:104B10002DE9F04385B0002900F08781CB690C4670
:104B2000002B00F082810646002800F07E810B7A7F
:104B3000072B00F07A81092B00F077810A2B00F215
:104B400074810B78032B00F27581B34B02689A4293
:104B500000F0828101220B7C072B88BF03F0070342
:104B600002FA03F3C3600B7C0F2B00F272814B69D6
:104B7000002B00F06981B4F91230002BC0F26E8175
:104B8000E3695B6C002B00F0508100237460337488
:104B9000E269526CB26062697261A269C6E906326A
:104BA000E769EFF31080012181F31088237C9B4A91
:104BB000DB080B4401FA03F343EA0343C2F80C3663
:104BC000237CDB0811339940D2F804380B42FBD028
:104BD00080F31088EFF31080012181F31088237C8B
:104BE000DB080B3301FA03F31B04C2F8143DD2F8BF
:104BF000143D80F31088EFF3108081F310880323B5
:104C000002254FF0090E4FF00A0C217CD94015FB0C
:104C100001E103FA01F141EA0141C2F81419227CD1
:104C2000DA4015FB02C57D4AAB40D2F8085A1D4058
:104C3000FBD180F310884FF42542B3684FF0000C8D
:104C40001A60B368DD62B368DD63B3689D64217880
:104C5000227A03294FF00041B0684FEAC25208BFE0
:104C600042F480326368C262B2684FF0FF30116173
:104C7000B268013B5161B2689161B268C2F824C068
:104C8000B268C2F828C0B268B969D161B268F9697E
:104C900011620021B2689366B26853662378CDE949
:104CA0000201D7F84080002B00F0C680012B00F0F5
:104CB000D780CDF800C0D6E90101E26802ABFFF76A
:104CC000F5FEDDE902210B0643EA014343F0030050
:104CD00043F00109B1684A65B1688A652178032902
:104CE00003D9B168CA65B1680A663A6C82BB3A7882
:104CF000B2B122787978022A4FEA811E4FEA011C6C
:104D000000F0B580032A03D000290CBF0622092237
:104D100048EA020242EA0E0242EA0C0242F48078B9
:104D2000BA78AAB197F803C021784FEA0C12022989
:104D300042EA8C1200F09980032904D0BCF1000FE4
:104D40000CBF062109210A4348EA024242F080785A
:104D50007268D16991F83820D30705D50A6BB3681A
:104D6000013ADA6491F83820930703D54A6BB168A9
:104D7000013A0A650022B1684A64B168C1F8A82006
:104D8000B1688A63B168C1F888203A6C42B997F873
:104D9000212097F82010520742EA413248EA0208DF
:104DA00097F83820002A14BF4FF4A0014FF4AA014D
:104DB000B26811642278012A04D10022B168CA6461
:104DC000B1680A65B268C2F83480B2681063B2682C
:104DD000C2F83090D6E90232DA60617C3246B4F92A
:104DE0001200FFF787FD97F82210B7F92600FFF7AA
:104DF00081FD97F82310B7F92800FFF77BFD97F89E
:104E00002410B7F92A00FFF775FDB16802488B6BD3
:104E100043F0805304E000BF54504700000042407C
:104E200043F043038B63306000E00125284605B062
:104E3000BDE8F0830525F9E762684FF001095208E3
:104E4000013A0320029245E70B78012B7FF498AEDC
:104E500091E640F27A55E9E70E25E7E70B25E5E70D
:104E6000994603204FF0FF3234E709216BE709220E
:104E70004EE700BF002855D02B4A016803469142F7
:104E80004ED130B44168B1F91220C969002A10DB53
:104E9000012402F01F05AC405009244D203045F894
:104EA0002040BFF34F8FBFF36F8F0024204840F89E
:104EB0002240B1F92620002A10DB012402F01F0550
:104EC000AC405009194D203045F82040BFF34F8FBA
:104ED000BFF36F8F0024164840F82240B1F9282014
:104EE000002A11DB0120114C510902F01F0C203166
:104EF00000FA0CF044F82100BFF34F8FBFF36F8F1F
:104F000000200B4941F822000022D3E902101A6068
:104F10008860996810464A639B689A6330BC704702
:104F200007207047012070475450470000E100E01F
:104F30009CCF0008EFF30383C3F308031649103B2B
:104F40001AB251F8220041680978012906D0436954
:104F50001BB100221146FFF7F5BC70479BB203F06E
:104F60001F039940002370B4D0E90256AE608568F3
:104F70000A4CAB6485685209EB64856860322B6526
:104F800044F82210436923B170BC00221146FFF798
:104F9000D9BC70BC704700BF9CCF000800E100E0A6
:104FA0000020FFF7EDBC00BF024A034B92691A6074
:104FB000704700BFD0C9000820D70008204B30B48C
:104FC000204A2148214C224DC3E90000C3E90200D8
:104FD000C3E905521F48204D1C61204C2049C3E9FC
:104FE0000904C3E90D04C3E91340C3E915451D488D
:104FF0001D4CC3E91700C3E9190018675C671B481B
:105000001B4CC3E90711C3E90B21C3E90F21194D5B
:10501000D867C3E91122DC66C3F8800016489C6794
:10502000C3E92150154C1648C3E92340154C1648D6
:10503000C3E925141549C3F89C000A6030BC7047C9
:10504000D0C9000800C2EB0B00D2496B8074D21AA1
:1050500000131A4B80F0FA0200B4C4040084D7177E
:1050600000E1F50540597307286BEE009B68870245
:1050700080098D2500CA9A3B0008AF2FAA02E50FD0
:105080005581F20700366E01003E490020D7000826
:10509000FFF794BF014B53F820007047D0C90008B8
:1050A000034618B1024A00201A6070470120704779
:1050B0000000020400BEFEE700BF704702222DE997
:1050C000F04F234D40F2472040F2FF36DFF890E0EA
:1050D000DFF89090DFF890B0DFF89080AF1805F11E
:1050E000040A18E037F8124003EA090384424FEA41
:1050F000842108BF17497F2A41EA030101EA080415
:105100001FD03AF80C30033283420CBF5B461B05BC
:1051100023434EF8043B35F812304FEA420C8342E9
:1051200008BF3346802ADDD10B4A0C491A43CEF81A
:105130000020D1F8043C23F00103C1F8043CBDE891
:10514000F08F41EA0B0182224EF8041BE3E700BF17
:10515000A0AD000800FC0F0000FCFF3F0000424033
:1051600000024040FF03F0FF0000F03FFFFF0FC0D0
:1051700008B50C4A0346106840B103330A4923F0CE
:10518000030303448B4205D8136008BD0749084652
:105190001160F2E700F05EFC0C2203461A604FF04B
:1051A000FF3008BD1CD700089818010898D80008DF
:1051B000704700BF022249F6F77008B5104B11493D
:1051C000C3F8D0201A6922F00C021A61DA68024092
:1051D00042F0BF6242F40832DA605A6A42F40022B6
:1051E0005A62D3F88C2042F44062C3F88C204B6B97
:1051F00023F0E05343F080534B63FFF7D9FF08BD22
:1052000000ED00E000EF00E008B500F00BF8FEF75D
:1052100083FFFEE700BE704700BE704700BE7047C8
:1052200000BE70474FF47002154B70B50020C3F8F4
:10523000882006F045F8FFF7C1FE012006F040F88F
:105240001048114A0021121A00F00AFC0F4D104BB1
:105250005B1B002B07DD00249E1055F8043B013436
:105260009847A642F9DCFFF79FFE022006F028F8D7
:10527000FFF722FFBDE87040002000F033B800BF08
:1052800000ED00E070CA000898D80008CCB900080A
:10529000CCB90008034A044BC3F80C28FDF7B0BA98
:1052A000704700BF003000080000434008B5094ABD
:1052B000094B9A60FFF7ECFE084B83F30888084B14
:1052C00083F30A88FFF776FFFFF7F8FEBDE8084092
:1052D000FFF79ABF0030000800ED00E0D0C90008D9
:1052E000D0B90008704700BF81F0004102E000BF64
:1052F00083F0004330B54FEA41044FEA430594EA96
:10530000050F08BF90EA020F1FBF54EA000C55EAD0
:10531000020C7FEA645C7FEA655C00F0E2804FEAA1
:105320005454D4EB5555B8BF6D420CDD2C4480EA83
:10533000020281EA030382EA000083EA010180EAB3
:10534000020281EA0303362D88BF30BD11F0004F01
:105350004FEA01314FF4801C4CEA113102D0404237
:1053600061EB410113F0004F4FEA03334CEA133372
:1053700002D0524263EB430394EA050F00F0A7808A
:10538000A4F10104D5F1200E0DDB02FA0EFC22FA85
:1053900005F2801841F1000103FA0EF2801843FA79
:1053A00005F359410EE0A5F120050EF1200E012A6A
:1053B00003FA0EFC28BF4CF0020C43FA05F3C018A8
:1053C00051EBE37101F0004507D54FF0000EDCF121
:1053D000000C7EEB00006EEB0101B1F5801F1BD3CA
:1053E000B1F5001F0CD349085FEA30004FEA3C0CCE
:1053F00004F101044FEA445212F5800F80F09A80C4
:10540000BCF1004F08BF5FEA500C50F1000041EBC7
:10541000045141EA050130BD5FEA4C0C404141EBCB
:105420000101013C28BFB1F5801FE9D291F0000FC6
:1054300004BF01460020B1FA81F308BF2033A3F175
:105440000B03B3F120020CDA0C3208DD02F1140C6C
:10545000C2F10C0201FA0CF021FA02F10CE002F1A7
:105460001402D8BFC2F1200C01FA02F120FA0CFCA0
:10547000DCBF41EA0C019040E41AA2BF01EB0451E9
:10548000294330BD6FEA04041F3C1CDA0C340EDCE7
:1054900004F11404C4F1200220FA04F001FA02F32A
:1054A00040EA030021FA04F345EA030130BDC4F1E8
:1054B0000C04C4F1200220FA02F001FA04F340EADD
:1054C0000300294630BD21FA04F0294630BD94F08E
:1054D000000F83F4801306BF81F480110134013D75
:1054E0004EE77FEA645C18BF7FEA655C29D094EAE6
:1054F000050F08BF90EA020F05D054EA000C04BF64
:105500001946104630BD91EA030F1EBF002100204E
:1055100030BD5FEA545C05D14000494128BF41F0ED
:10552000004130BD14F580043CBF01F5801130BD51
:1055300001F0004545F0FE4141F470014FF00000DC
:1055400030BD7FEA645C1ABF194610467FEA655C8D
:105550001CBF0B46024650EA013406BF52EA03352F
:1055600091EA030F41F4002130BD00BF90F0000F1D
:1055700004BF0021704730B54FF4806404F1320459
:105580004FF000054FF0000150E700BF90F0000F12
:1055900004BF0021704730B54FF4806404F1320439
:1055A00010F0004548BF40424FF000013EE700BF09
:1055B00042004FEAE2014FEA31014FEA02701FBF99
:1055C00012F07F4393F07F4F81F06051704732F0CB
:1055D0007F4208BF704793F07F4F04BF41F4002122
:1055E000704730B54FF4607401F0004521F0004180
:1055F0001CE700BF50EA010208BF704730B54FF00A
:1056000000050AE050EA010208BF704730B511F00A
:10561000004502D5404261EB41014FF4806404F142
:1056200032045FEA915C3FF4D8AE4FF003025FEAC8
:10563000DC0C18BF03325FEADC0C18BF033202EB4C
:10564000DC02C2F1200300FA03FC20FA02F001FAA6
:1056500003FE40EA0E0021FA02F11444BDE600BF49
:1056600080F0004002E000BF81F0004142001FBF17
:105670005FEA410392EA030F7FEA226C7FEA236C20
:105680006AD04FEA1262D2EB1363C1BFD218414015
:1056900048404140B8BF5B42192B88BF704710F0AB
:1056A000004F40F4000020F07F4018BF404211F04E
:1056B000004F41F4000121F07F4118BF494292EAB6
:1056C000030F3FD0A2F1010241FA03FC10EB0C00E2
:1056D000C3F1200301FA03F100F0004302D549426F
:1056E00060EB4000B0F5000F13D3B0F1807F06D31C
:1056F00040084FEA310102F10102FE2A51D2B1F114
:10570000004F40EBC25008BF20F0010040EA030008
:105710007047490040EB0000013A28BFB0F5000F88
:10572000EDD2B0FA80FCACF1080CB2EB0C0200FA3E
:105730000CF0AABF00EBC25052421843BCBFD0408D
:105740001843704792F0000F81F4000106BF80F407
:1057500000000132013BB5E74FEA41037FEA226CCA
:1057600018BF7FEA236C21D092EA030F04D092F095
:10577000000F08BF0846704790EA010F1CBF0020C9
:10578000704712F07F4F04D1400028BF40F0004026
:10579000704712F100723CBF00F50000704700F046
:1057A000004343F0FE4040F4000070477FEA22626D
:1057B00016BF08467FEA23630146420206BF5FEA3E
:1057C000412390EA010F40F4800070474FF000033E
:1057D00004E000BF10F0004348BF40425FEA000C05
:1057E00008BF704743F0964301464FF000001CE0AD
:1057F00050EA010208BF70474FF000030AE000BF03
:1058000050EA010208BF704711F0004302D5404240
:1058100061EB41015FEA010C02BF844601460020B2
:1058200043F0B64308BFA3F18053A3F50003BCFACD
:105830008CF2083AA3EBC25310DB01FA02FC63447A
:1058400000FA02FCC2F12002BCF1004F20FA02F281
:1058500043EB020008BF20F00100704702F1200274
:1058600001FA02FCC2F1200250EA4C0021FA02F2D5
:1058700043EB020008BF20EADC707047844641EA2F
:10588000000313F0030349D1403A23D30B680360AC
:105890004B6843608B688360CB68C3600B690361AE
:1058A0004B6943618B698361CB69C3610B6A036296
:1058B0004B6A43628B6A8362CB6AC3620B6B03637E
:1058C0004B6B43638B6B8363CB6BC3634030403163
:1058D000403ADBD230320BD30B6803604B68436035
:1058E0008B688360CB68C36010301031103AF3D2FC
:1058F0000C3205D351F8043B40F8043B043AF9D28A
:10590000043208D0D2071CBF11F8013B00F8013B5C
:1059100001D30B8803806046704700BF082A13D369
:105920008B07B1D010F00303AED0C3F10403D21A39
:10593000DB071CBF11F8013B00F8013BA4D331F891
:10594000023B20F8023B9FE7043AD9D3013A11F811
:10595000013B00F8013BF9D20B7803704B784370A0
:105960008B7883706046704720F0030110F00300CD
:10597000C0F1000051F8043B00F1040C4FEACC0CDC
:105980006FF000021CBF22FA0CF213434FF0010C1F
:105990004CEA0C2C4CEA0C4CA3EB0C0222EA03025E
:1059A00012EACC1204BF51F8043B0430F4D0C2F127
:1059B000000102EA0102B2FA82F2C2F11F0200EB18
:1059C000D20070470CB40029214B10B51C689CB064
:1059D00038DB4FF000034FF4027202901B931FABB1
:1059E0000690ADF8142018D001394FF6FF701E9ABA
:1059F0000491079102A9ADF816002046019300F02A
:105A000083F8421C01DA8B232360029B00221A7068
:105A10001CB0BDE8104002B070474FF6FF70049113
:105A2000079102A9ADF8160020461E9A019300F0D6
:105A30006BF8431C01DA8B2323601CB0BDE81040D7
:105A400002B070478B234FF0FF302360F5E700BFB3
:105A500008B30008014B1868704700BF08B300087E
:105A600070B5860747D0541E002A3ED0CAB20346FE
:105A700001E0013C39D303F8012B9D07F9D1032C38
:105A80002CD9CDB20F2C05EB052505EB054535D9F5
:105A9000A4F1100C03F1100E1A462CF00F064FEA79
:105AA0001C1CB644C2E90055C2E9025510327245C9
:105AB000F8D10CF1010214F00C0F04F00F0C03EB01
:105AC000021213D0ACF1040323F003030433134494
:105AD00042F8045B9342FBD10CF003042CB1C9B231
:105AE0001C4403F8011BA342FBD170BD644613465E
:105AF000002CF4D1F9E703461446C0E71A46A44641
:105B0000E0E700BF000000002DE9F04FDDB00C46DB
:105B100083460A912CAF06920C9303F029F903688F
:105B200018461893FFF720FF0822169000213846E8
:105B3000FFF796FFA3891E0603D52369002B01F00A
:105B40003C800023DFF810A29E46CDE9313333AB11
:105B5000CDF86CE0CDF864E098463093CDF85CE089
:105B6000CDF868E0CDF870E0CDF81CE0CDF848E065
:105B70009FED777B8DED147B069DDAF8E44003F012
:105B8000F1F82A46034628A958460097A04700285E
:105B9000034600F0AC80C0F2A280289A252A01D0EA
:105BA0001D44EAE7069B0446EE1A40F0A480002359
:105BB0006C1C4FF0FF391A468DF8973009936B78BB
:105BC00003920134A3F120025A2A00F2C780DFE8D1
:105BD00012F03503C500C5002F03C500C500C50080
:105BE0006B00C500C5005D026E02C500680245037A
:105BF000C5003F035B005B005B005B005B005B007C
:105C00005B005B005B00C500C500C500C500C500AA
:105C1000C500C5004B01C500D00114034B014B0169
:105C20004B01C500C500C500C5000E03C500C50079
:105C3000C102C500C500C500FC01C5007302C50056
:105C4000C5009007C500C500C500C500C500C5005A
:105C5000C500C5004B01C500D00134024B014B010A
:105C60004B01DA0234028000C500F202C500E302F3
:105C70008C07FB028000C500FC017E008707C50081
:105C8000C500B707C5007E00A3F130020023194606
:105C900001EB810114F8013B02EB4101A3F1300259
:105CA000092AF5D909918DE7584603F061F8436850
:105CB00018461C93FFF758FE1A900546584603F005
:105CC00057F88368179315B1002B40F0338623787B
:105CD00077E7039B43F020030393237871E70822BF
:105CE00000213846FFF7BCFE01231D4445E7069B13
:105CF0000446EE1A12D0069BC8E90036329B3344A4
:105D00003293319B0133072B319316DC08F10808DD
:105D1000079B33440793002C7FF449AF329B002B41
:105D200041F08A820A9B9B8903F04003002B41F0DB
:105D3000008407985DB0BDE8F08F30AA0A995846F4
:105D400003F01AF80028EDD10DF1CC08E0E700BF10
:105D5000000000000000000060B800080F930694E7
:105D6000002BDBD0002243A98DF80C310123914692
:105D70008DF8972004930D910B9208931392CDE91F
:105D80001022039B13F0020302D004990231049104
:105D90000399329C11F084010E9105D10999049860
:105DA0000D1A002D00F3AC8082B1012201340DF1F7
:105DB0009701C8F80420319A32940132C8F80010D3
:105DC000072A319200F3078408F108087BB1319B60
:105DD00026AA02340133C8F8002002223294072B8D
:105DE0003193C8F8042000F3EA8308F108080E9BF9
:105DF000802B00F0A882089BA9EB0305002D00F37F
:105E0000E182039BDA0500F144820D9BC8F8003063
:105E1000089B1C44C8F80430319B32940133072B93
:105E2000319300F3748308F10808039B5A0705D5E2
:105E3000099B049A9D1A002D00F3DC83079B099AA5
:105E400004998A42ACBF9B185B180793002C40F062
:105E50000F83002331930B9B1BB10B99584603F022
:105E600053F80DF1CC0887E60F934FF0FF320C9BEF
:105E70000694073323F00701B24BB1EC027B55ECDB
:105E8000174B0C9125F000418DED1E7A1F91DDE935
:105E90001E018DED147B04F095FB002840F0568523
:105EA0004FF0FF32A74BDDE91E0104F06DFB002827
:105EB00040F04C85002200232046294604F05AFB7E
:105EC000002841F071819DF89720039B00209E4996
:105ED00023F080030B9003939C4B0F9C81461390FF
:105EE000472CD8BF19460D910321CDE9100004912C
:105EF0000891002A3FF445AF049B0133049340E727
:105F0000102D319A924E24DD21461D930A9C02E009
:105F1000103D102D1BDD013210311023C8F8006038
:105F2000072A08F1080848F8043CCDE93121EFDDE3
:105F300030AA214658460DF1CC0802F01DFF00287A
:105F400040F09E82103D102DDDE93121E3DC1D9BE8
:105F50000C4601322C44C8F80060072AC8F80450E7
:105F6000CDE9312400F3198708F108089DF897203E
:105F70001AE70C9A432B06940F9302F1040403D002
:105F8000039BDD0640F1E185082200212EA843ADE8
:105F9000FFF766FD0C9A2EAB58461268294601F0B1
:105FA00081FE03460890013301F0BE82089B23EA7C
:105FB000E37304930022CDE90C4591468DF89720B8
:105FC0000B921392CDE91022DBE60C9D0F93002378
:105FD00006948DF8973055F8043B0D93002B00F094
:105FE000DB850F9B532B00F00B87039B13F01003F3
:105FF000109340F00587B9F1000FC1F207814A46BE
:1060000010990D9803F07CF80B90002801F0D182D4
:106010000B9B0D9ADDF840909B1A0C959DF89720EC
:10602000089323EAE373CDF84C9004937323CDF8DF
:1060300044900F93CDF82C905BE70F93039B06944D
:106040009C0640F1E4800C9B073323F007031A46BB
:10605000596852F8083B0C920A460029C0F2218484
:10606000B9F1000FC0F21883039921F08001039168
:1060700040F0128353EA020114BF0121002140F0D5
:106080000B835CAB894608910D934DE00C9B53F854
:10609000042B002A099280F22C84099A0C93524214
:1060A0000992039B43F004030393237889E52B2390
:1060B0008DF89730237884E50F93039B069443F083
:1060C000100616F0200200F0C7830C9B0121073355
:1060D00023F0070318465A6850F8083B0C9000203C
:1060E000B9F1000F8DF89700C0F2A18126F0800071
:1060F000039053EA020040F09981B9F1000018BF03
:106100000120B9F1000F40F09181002940F0AC82EC
:1061100016F001038946089300F0478330238DF879
:106120006F310DF26F130D93089900239DF897209E
:1061300049450B931393B8BF4946CDE910330491F9
:10614000D7E600BFFFFFEF7F10AB00080CAB0008E5
:1061500084B000080F93039B069443F0100303934D
:10616000039B13F0200200F08D830C9B073323F078
:10617000070319465A6851F8083B0C91039921F41A
:1061800080660021ABE72378682B00F0E884039A4F
:1061900042F04002039214E5039B06949C0640F1F2
:1061A000B3830C9B079A1B681A60D2175A600C9B2A
:1061B00004330C93E0E423786C2B00F0D884039A2A
:1061C00042F010020392FCE4039B78200C9A43F007
:1061D000020647F63003B149ADF8983052F8043B57
:1061E0001B9102210C92002206940F9077E7039BEB
:1061F00043F0080303932378E3E40F93039B06948F
:1062000043F010030393039B9C063FF51CAF0399D7
:106210000C9AC80652F8043B00F18783039949069B
:1062200040F1B2860C9243F3C0321BB2114614E720
:10623000039B43F0010303932378C2E49DF8972066
:106240002378002A7FF4BDAC20228DF89720B8E493
:10625000039B43F0800303932378B2E4214611F8B3
:10626000013B2A2B01F04C82A3F13002092A01F2F2
:106270000B814FF0000909EB890911F8013B02EB92
:106280004909A3F13002092AF5D949EAE9790C460E
:1062900098E40F9B652B40F3458100220023DDE944
:1062A000140104F05DF9002800F00682319B0134EE
:1062B0007B4A01333294C8F800200122072B319326
:1062C000C8F8042000F38F8508F10808279B129A6C
:1062D000934280F20983169B189A1C44C8E9002354
:1062E000319B32940133072B319300F3488408F13A
:1062F0000808129B5D1E002D7FF797AD102D319B76
:10630000684E40F3A58522464FF010090A9C03E031
:10631000103D102D40F39B8501331032072BC8E947
:106320000069CDE9313208F10808F1DD30AA2146D3
:10633000584602F021FD002840F0A2800DF1CC0863
:10634000DDE93132E4E7099B049A9D1A002D7FF7BD
:1063500052AD102D319B534E21DD22460A9C02E0A6
:10636000103D102D1ADD013310321021C8F80060E5
:10637000072B08F1080848F8041CCDE93132EFDD9D
:1063800030AA2146584602F0F7FC002878D1103D8B
:106390000DF1CC08102DDDE93132E4DC1446013377
:1063A0002C44C8F80060072BC8F80450CDE93134FC
:1063B00000F3BB85089B08F10808A9EB0305002D35
:1063C0007FF71FAD102D319B364E21DD22464FF059
:1063D00010090A9C02E0103D102D18DD0133103227
:1063E0003049072BC8E90019CDE9313208F1080816
:1063F000F1DD30AA214658460DF1CC0802F0BCFC74
:1064000000283DD1103D102DDDE93132E6DC144687
:1064100001332C44C8F80060072BC8F80450CDE9BC
:10642000313400F30C8208F10808EAE4039E0129E4
:1064300000F0338102295CA900F01B810C4603F0B7
:106440000701DB08204643EA42733031D20804F8E2
:10645000011D53EA0205F2D130290D9402D0F10753
:1064600000F132835CAB0D9A03969B1A08935BE6AE
:1064700030AA0A99584602F07FFC00283FF4E9ACA4
:106480000B9B002B3FF44EAC0B99584602F03CFDA1
:106490000A9B9B8903F0400348E400BF1CAB000843
:1064A000DCA6000874B00008319B0134AE4A013309
:1064B0003294C8F800200122072B3193C8F8042039
:1064C00000F3778608F10808129B0B4300F08687DB
:1064D000169B18981A19C8E90003319B32920133B0
:1064E000072B319300F33A8708F108080029C0F21E
:1064F000D0870D990133C8F80010072B129901EBD2
:106500000204C8F80410CDE931347FF78CAC30AA0E
:106510000A99584602F030FC0028B1D1329C0DF1A6
:10652000CC0882E4129B0134319D08F10809012B4B
:1065300005F1010540F33C810D9B072DC8F80030A3
:106540004FF00103CDE93154C8F8043000F3B281B3
:10655000169B0135189A1C44072DC9E90023CDE983
:10656000315400F3B48109F10809129B002203F1B0
:10657000FF380023DDE9140103F0F2FF002840F0AA
:10658000348101350D9B4444C9F804800133072D43
:10659000C9F80030CDE9315400F31A8109F1080936
:1065A000199B01351C44C9F80430072D2AABCDE9ED
:1065B0003154C9F80030AADC09F1080835E430AAE2
:1065C0000A99584602F0D8FB00287FF459AF329C54
:1065D0000DF1CC080BE430AA0A9958461D9302F03D
:1065E000CBFB00287FF44CAF329C0DF1CC081D9BF7
:1065F000FFF7ECBB102D319B5C4E21DD22464FF0A6
:1066000010090A9C02E0103D102D18DD01331032F4
:10661000072BC8E90069CDE9313208F10808F2DD3D
:1066200030AA214658460DF1CC0802F0A5FB0028FF
:106630007FF426AF103D102DDDE93132E6DC144643
:1066400001332C44072BC8E90065CDE931347FF7CD
:10665000F5AB30AA0A99584602F08EFB00287FF469
:106660000FAF329CFFF7EABB5CAB814608900D93FD
:106670005AE51B9C03F00F001B09205C43EA0273E0
:10668000120901F8010D53EA0200F3D15CAB0D9140
:1066900003965B1A089347E5039E0A2B72F10001EB
:1066A00080F0E383303303968DF86F310123089334
:1066B0000DF26F130D9337E5279900297FF7F4AE9C
:1066C000109E129B9E42A8BF1E46002E0CDD0D9B05
:1066D0003444C8E90036319B32940133072B31939F
:1066E00000F32F8608F10808109D002EA8BFAD1BEF
:1066F000002D00F371820D9A109B1344039A5505E7
:1067000000F18F82279D129A9542C0F29982039AD6
:10671000D00700F19582129A0D9E551B1644F61A69
:10672000AE42A8BF2E46002E0DDDC8F8003034441E
:10673000319BC8F8046001333294072B319300F386
:106740006B8608F10808002EA8BFAD1B002D7FF74F
:106750006CAB102D319B064E40F37A8322464FF0EE
:1067600010090A9C0AE000BFDCA6000884B00008FB
:1067700074B00008103D102D40F3698301331032CE
:10678000072BC8E90069CDE9313208F10808F1DDCD
:1067900030AA2146584602F0EFFA00287FF470AE86
:1067A0000DF1CC08DDE93132E4E75CAB0D93BBE4DD
:1067B000039BD9073FF5C0AE0D9B072DC8F80030ED
:1067C0004FF00103CDE93154C8F804307FF7E8AE4B
:1067D00030AA0A99584602F0CFFA00287FF450AE4A
:1067E0000DF1CC09DDE93154DAE6129B012B7FF77C
:1067F000D7AE112BAF4E40F3BB83224610230A9C29
:1068000005E0A8F11008B8F1100F40F3B08301358E
:106810001032072DC9E90063CDE9315209F10809A9
:10682000EFDD30AA2146584602F0A6FA00287FF490
:1068300027AE0DF1CC091023DDE93152E1E730AA92
:106840000A99584602F098FA00287FF419AE329C53
:106850000DF1CC08FFF7D5BA0C9916F0100051F8DD
:10686000043B0CD116F0400404D00C919BB20246BC
:10687000012134E416F4007201D0DBB222460C91FF
:1068800001212CE403980C9910F0100051F8043BFE
:1068900038D1039A12F040042FD09BB202460C91DB
:1068A0006CE45B42039E4FF02D004FF0010162EB60
:1068B000420215E430AA0A99584602F05DFA00280F
:1068C0007FF4DEAD0DF1CC09DDE9315440E630AAAC
:1068D0000A99584602F050FA00287FF4D1AD0DF124
:1068E000CC09DDE9315440E6039BDB077FF59DAA27
:1068F000F1E40C932378FFF764B9039A12F4007261
:1069000040F07B840C9139E4039BD80600F1298385
:10691000039B590600F16784039B9A0540F121838C
:106920000C9B079A1B681A7041E40C92DA17114607
:10693000FFF793BB179B1A782378002A3FF441A9ED
:10694000039A42F480620392FFF73BB9DDE9140138
:1069500002460B4603F036FE002840F019860F9BD6
:1069600023F02005412D40F01A83612B4FF03003B6
:106970008DF8983014BF58237823B9F1630F8DF840
:10698000993000F36F8443AB0B900D93DDE9141243
:10699000002A80F29E85DDE9141202F10043229163
:1069A00023932D230E9327A89DED220B02F01EFAB0
:1069B00000224FF07F5351EC100B03F069FB0246AD
:1069C0000B46CDE904230022002303F0C9FD08B1E2
:1069D00001232793384A09F1FF36384B14460F99A3
:1069E000DDF83490612908BF1C46CDE9108B08946E
:1069F000CB46DDE9048908E000220023751E03F080
:106A0000AFFD002840F02C862E4600222C4B40463D
:106A1000494603F03DFB8946804603F0E9FD054603
:106A2000FEF7B4FD02460B4640464946FEF760FCC1
:106A3000635D5A4680460BF8013B731C8946DBD1E7
:106A40001446204B0022CDE90489D946DDF8408068
:106A5000DDF844B003F0ACFD002800F02E86089B62
:106A60002E94D97B4B4619F8012C914209D1302044
:106A700003F8010C2E9B5A1E2E9213F8012C914202
:106A8000F6D0392A00F015860132D2B203F8012C73
:106A90004B46039A012142F0020203920D9A9B1A7F
:106AA0000F9A12930F32279BD2B21093013B279378
:106AB000D8E200BF74B0000830AB00081CAB00087F
:106AC000000030400000E03F30230D9A023803966A
:106AD00002F8013C5CAB0D901B1A0893FFF724BB36
:106AE000039E0F930694FFF7ECBA0F930694FFF7FB
:106AF00037BB0F93B14B06941B93039B13F02002FB
:106B000000F0F6800C9B073323F0070319465A6800
:106B100051F8083B0C9153EA02010BD00399C807C6
:106B200008D541F0020103910F998DF89910302199
:106B30008DF89810039921F480660221FFF7CFBAEF
:106B40000F939F4B06941B93D7E70C9B43AD1B6899
:106B50008DF80C31012304930893FFF72BBA039BA4
:106B6000013443F4007303932378FFF72AB8039B9F
:106B7000013443F0200303932378FFF722B830AAAF
:106B80000A99584602F0F8F800287FF479AC329C54
:106B90000DF1CC08FFF7ADBB4B460D9A0C95062BBB
:106BA00091460B9228BF0623139204930893854BBA
:106BB000CDE910220D93FFF79CB94021584600F013
:106BC000C7FD0A9B18601861002800F0A3854023C8
:106BD0000A9A5361FEF7B5BF102D319B7A4E40F3F0
:106BE000998222464FF010090A9C03E0103D102DB7
:106BF00040F38F8201331032072BC8E90069CDE9D9
:106C0000313208F10808F1DD30AA2146584602F079
:106C1000B3F800287FF434AC0DF1CC08DDE9313253
:106C2000E4E7139A002A1ADC119A002A17DC0D9A5D
:106C300012990A440E920E9A934228BF134661E5B8
:106C4000169A18991444C8E90012319A3294013204
:106C5000072A319200F3B28308F108085BE50D9A28
:106C60001299CDF820B05018DFF85C9142462146C9
:106C7000DDF85C801C468346139B002B36DC1198A4
:106C800008F1FF38013811901A981C9D0144C2E99F
:106C900000503198329101300728319000F39680EE
:106CA0000832ABEB040698F80000CDF838B0864205
:106CB000A8BF0646002E0CDD3198314401303291D8
:106CC00007283190C2E9004600F33C81083298F869
:106CD0000000002EACBF851B0546002D1EDC0444C1
:106CE00011980028C9DC002B40F3CF84013BCBE78F
:106CF00003980C9910F0100051F8043B0CD1039A42
:106D000012F0400403D09BB202460C9103E7039AB1
:106D100012F4007240F06D820C91FCE6102D319857
:106D200040F3AF840F9410262C46CDF84080089D88
:106D3000DDF828801393CDF85C9002E0103C102C15
:106D400017DD013010310728C2E90096CDE9310185
:106D500002F10802F2DD30AA4146284602F00CF8A2
:106D6000002840F04E83103C33AA102CDDE931019D
:106D7000E7DC2546139BDDF85CC0DDE90F480130F8
:106D80002944C2F800C007285560CDE9310100F35D
:106D9000F482083298F80000A1E730AA0A99584610
:106DA0001D9301F0E9FF00287FF46AAB9DF897205E
:106DB0000DF1CC08329C1D9BFEF7F6BF30AB0008EE
:106DC0001CAB000844AB000874B0000830AA0A9954
:106DD00008980E9301F0D0FF002840F08D8432997E
:106DE00033AA0E9B5DE730AA0A99584601F0C4FF0A
:106DF00000287FF445AB329C0DF1CC08FFF766BA52
:106E00002EAE0D9B0822002130462993FEF728FE66
:106E1000B9F1000FC0F290810024049525460EE0E0
:106E200043A9584600F03EFF431C04F104042844E3
:106E300000F09783484507DC00F0CC830546299A8B
:106E400033461259002AEBD10895049D82E114467D
:106E500001332C44C8F80060072BC8F80450CDE972
:106E600031347EF7E0AFFFF752BB06F480610020BB
:106E70009E460DF5B87CAF4D0B46CDF82080CDF881
:106E80002CB0CDE90369814607E0BEF10A0F72F12B
:106E900000023AD3B6462246C4461EEB02004FF02B
:106EA000050B09F101090CF1FF3840F10000A5FBC9
:106EB000001424F0030101EB94014FF0CC34401A8C
:106EC000BEEB000162F1000604FB01F405FB064481
:106ED000A1FB05610C4406F001017608A1FB0B1B28
:106EE00046EAC4760918640830310CF8011C002BFE
:106EF000CBD017990978FF29C7D04945C5D1BEF134
:106F00000A0F72F1000280F0478242465CABCDF876
:106F100034809B1ADDF82080CDF84890DDF82CB045
:106F2000DDF810900893FFF7FFB830AA0A99584689
:106F300001F022FF00287FF4A3AA329C0DF1CC08B7
:106F4000FEF759BF30AA0A9908980F9301F014FF71
:106F5000002840F0D18398F8000033AA32990F9BA3
:106F6000B7E60C9B079A1B681A60FFF720B9144616
:106F700001354444C9F80060072DC9F80480CDE903
:106F800031547FF70BAB23E403990C928A0540F14F
:106F9000398143F3C0125BB21146FFF75EB8B9F115
:106FA000FF3F00F06C81472D04D1B9F1000F08BFFD
:106FB0004FF00109039ADDE9140142F480720029BF
:106FC0000B92C0F244830023CDE920010E930F9B66
:106FD000652B00F0198200F39C81452B00F0148290
:106FE000462B40F09A814E4603212EAB324658463E
:106FF000019329AB9DED200B009327AB00F040FFE0
:10700000462D00EB06040D9006D10D9B1B78302B0E
:1070100000F01282279E344400220023DDE9200183
:1070200003F09EFA002840F0F3812E9BA34206D283
:1070300030215A1C2E9219702E9B9C42F9D8279A07
:1070400010920D9A472DA3EB0203129300F02D81AD
:10705000462D00F00082109B013B00219DF83C2052
:1070600027930B91002B8DF8A820C0F285822B224C
:10707000092B8DF8A92040F361820DF1BF06DFF8DE
:10708000B4C03446ACFB03211D462046013CC90870
:10709000632D01EB8102A3EB42020B4602F13002A9
:1070A00000F8012CEEDC303304F8013C831EB342BF
:1070B00080F0FC820DF1A90213F8011BB34202F823
:1070C000011FF9D15CAB181AA0F1AD031993129B03
:1070D000199A012B1A44089240F33E82089B169A93
:1070E00013440893039B089A23F4806322EAE27214
:1070F00043F480730492039300231393CDE9103378
:107100000E9B002B40F0DC8099469DF89720FEF7FF
:10711000F0BE144601332C44C8F80060072BC8F8B1
:107120000450CDE9313400F3AD8008F10808FFF7D1
:10713000E2BA00BFCDCCCCCC002329AA5846009699
:10714000194600F0F3FD03460890013300F0098270
:107150000D9B2993089B002B39D0632B77DC0023F0
:107160000B9343AB0D93082200213046FEF778FCC9
:10717000089C29AA0D9923465846009600F0D6FD92
:10718000844240F0CF8200230D9A089999460C95CD
:10719000535421EAE1739DF897200493CDF84C9065
:1071A000CDE91099FEF7A5BE2D228DF89720FEF7A8
:1071B0008CBE30AA0A99584601F0DEFD00287FF403
:1071C0005FA927990DF1CC08329CFFF77DB9089B88
:1071D0009DF8972099460C95049313930B93CDE952
:1071E0001033FEF786BE0C9B079A1B681A80FEF7C9
:1071F000DEBFDBB222460C918DE4DBB222460C915D
:10720000FEF7BCBFDA171146FEF727BF0D98FEF751
:10721000ABFB7323DDF840900F9320EAE0739DF8F9
:1072200097200C9508900493CDF84C90CDF844909D
:10723000CDF82C90FEF75DBE0A9C30AA5846214638
:1072400001F09AFDA38903F04003FEF76FBD591CBE
:10725000584600F07DFA0D90002800F069820D9BE1
:107260000B9380E709F10101584600F071FA0D9087
:10727000002800F059810D9B0B93FFF787BB4FF05F
:10728000060997E630AA0A99584601F075FD0028CC
:107290007FF4F6A8329C0DF1CC08FFF72CBA2E9B98
:1072A0000D9A9B1A1293279B1093109BDA1C01DBFB
:1072B00099450CDA0F9B023B0F93109B013BCCE6E8
:1072C0002D224FF000098DF89720FEF715BE129B76
:1072D000109A934200F30381039B13F0010F109B5C
:1072E00000F0B381169A13440893039B5D0503D500
:1072F000109B002B00F37281089B23EAE373049335
:1073000067230F930B9B039300230B93139311930A
:10731000F6E60F9B662B3FF466AE2EAB02214A4683
:107320005846019329AB9DED200B009327AB00F04D
:10733000A7FD039B0D90D907B1D50D9B03EB090465
:107340006AE630AA0A99584601F016FD00287FF433
:1073500097A8329C0DF1CC08FFF7C6B930AA0A995C
:10736000584601F009FD00287FF48AA827990DF1FD
:10737000CC08DDE93132FFF7B9B830AA0A9908988C
:107380000F9301F0F9FC002840F0B68198F8000056
:1073900033AA32990F9BA2E40D931A9B1C99A8EB78
:1073A00003081A46404601F005FF17990D9B4A78DD
:1073B0000AB1013117914FF000096BE530AA0A9923
:1073C0005846089301F0D8FC00287FF459A8279D5F
:1073D0000DF1CC08329C089BFFF79DB9039BDE079B
:1073E0007EF523AD169B18991A19C8E90013319B35
:1073F00032920133072B3193B0DC08F10808FFF714
:1074000078B8AB46FFF73CB809F101060221ECE57C
:10741000279A2346109214E630AA0A99584601F09A
:10742000ABFC00287FF42CA8279D0DF1CC08129B03
:10743000329C5D1BFFF787B900220023DDE92001A4
:1074400003F08EF8002800F02D81279B1C44109338
:107450000D9BE31A1293039B109A03F00103002A79
:1074600043EA090340F33781002B40F08A80109BE8
:10747000089366230F93039B5B0500F1B180089B83
:1074800023EAE37304933DE70C464FF00009FEF74F
:1074900099BB4D421031AA4E2DDA102402E0103D66
:1074A000102D28DD01331032072BC8E90064CDE927
:1074B000313208F10808F2DD30AA0A99584601F085
:1074C0005BFC00287EF4DCAF0DF1CC08DDE9313245
:1074D000E5E70023CDE922120E93FFF764BA169A6E
:1074E000129B13441A460893109B002B40F3A28072
:1074F00067230F93BFE701332A44C8F80060072BC6
:10750000C8F80450CDE931327FF777AF30AA0A9935
:10751000584601F031FC00287EF4B2AF0DF1CC08E2
:10752000DDE93132FEF7E5BF0A9A938943F0400363
:1075300093814FF0FF330793FEF7FBBB002946D141
:1075400030228DF8AA200DF1AB02303302F8013B56
:107550002AABD31A1993BAE5039BDE077FF5C2ADB8
:10756000BCE50A9B0022B3F90C300B9243F04003B8
:107570000A9A9381FEF784BF109B2D22C3F1010369
:1075800076E5169B4B441344089366230F9372E7EA
:10759000159B002BC0F282809DF89720039B6949C0
:1075A00023F080030393002318460B93664BFEF7EA
:1075B00094BC7323CDF81090CDF8209081469DF8AF
:1075C00097200C950F9313901190FEF792BC0DF13C
:1075D000AA02BAE7049DCDF82090BBE567230F937C
:1075E00017990B78FF2B00F099800024109A204601
:1075F00003E001300131FF2B08D0934206DAD21AA2
:107600004B78002BF5D10B780134F4E711901791EA
:10761000139410920B9B119A0393139B1A99134482
:10762000089A01FB03230022089323EAE3730B92D9
:10763000049365E5C3F101031A44134608926722D7
:1076400023EAE3730F9204935CE608934DE6DDE9C9
:10765000141202F10043209121932D230E93B6E4DE
:10766000002ED946DDF84080DDF844B0FFF610AAC0
:10767000731C30224B4409F8012B4B45FBD1FFF71B
:1076800008BADFF8BCC0FFF77ABB2346CDF85C80B0
:107690000C469046DDF820B0FFF7CDBA2D228DF8CC
:1076A00097207BE7C6F101062796B4E402231993DD
:1076B0000DE5089A927AFFF7E9B9DDE904010022A5
:1076C000224B02F04DFF00283FF4E2A9E8077FF5C6
:1076D000DFA9FFF7C4B92BB90123662204930F92E7
:1076E00008930FE6169B662201330F924B440893D2
:1076F00023EAE373049305E6DDF820B0FEF7C0BE8D
:107700000C9A63780C4652F8049B49EAE9790C928A
:10771000FEF757BA0C23CBF800300AE70023139387
:10772000119377E70A9BB3F90C3043F040031FE74E
:107730000A9B0B90B3F90C3043F0400318E700BFED
:1077400074B0000818AB000814AB00080000E03F5C
:1077500001F10B03162B2DE9F04F074683B023D818
:10776000102900F2AF8000F0D5FA1025182302206E
:10777000BC4E33445C68A3F10802944200F080815F
:107780006368384623F00303D4E902122344CA6035
:1077900091605A68083442F001025A6000F0C0FA61
:1077A000204603B0BDE8F08F002B23F00705C0F2A0
:1077B0008980A94200F2868000F0ACFAB5F5FC7F22
:1077C000C0F0B4816B0A00F08180042B00F27E814E
:1077D000AB0903F1390003F1380EC300A14E334465
:1077E000A3F1080C5C68A44507D10DE0002AE1680C
:1077F00080F232818C450C4606D0636823F0030387
:107800005A1B0F2AF2DD7046DFF870823469444556
:1078100000F0E780636823F0030CACEB05030F2B4B
:1078200000F39481002BC6E9048880F28381BCF5C3
:10783000007FD6F804E080F029814FEADC030122C2
:107840004FEA5C1C013302FA0CF256F833104EEA90
:10785000020E06EBC302083AC6F804E0C4E90212BD
:1078600046F83340CC6083104FF0010C0CFA03FC57
:10787000F44531D81CEA0E0F07D120F003004FEA7F
:107880004C0C04301CEA0E0FF9D006EBC00A8146FE
:10789000D646DEF80C300BE05A681C46DB6822F056
:1078A0000302511B0F2900F31D81002980F2318151
:1078B0009E45F1D109F101090EF1080E19F0030FEF
:1078C000E7D167E10C233B60002469E74FF40073C4
:1078D00040204FF03F0E81E7B468636823F003094E
:1078E000A9EB05030F2B02DDA94580F0A4805E4BB8
:1078F00008201B6803F1100804EB0903009301F052
:1079000067FA5A4AA84483461368013305D008F140
:10791000FF384342804403EA08084146384600F0F5
:10792000E7F9B0F1FF3F8246504A79D0009B83428D
:107930005AD9B44274D14E4B0BF1FF3C186800EB9E
:10794000080EC3F800E01168013100F07381009A5D
:10795000AAEB020272441A601AF00702CDE9002372
:1079600000F04281C2F10802384692445A44D044A1
:1079700008EA0C01521A02EA0C0B594600F0B8F959
:10798000421C019B00F06E81A0EB0A0000EB0B088B
:10799000196848F00102B442C6F808A05944CAF870
:1079A0000420196032D0B9F10F0F40F20C816068E9
:1079B000A9F10C024FF0050C22F0070200F00100C3
:1079C00010430F2A606004EB0200C0E901CC1DD90E
:1079D00004F108013846009301F096FA009B1968FB
:1079E00014E0D6F804E03EE7214B0BF1FF3C1968A8
:1079F00041448E461960A6D1009810EA0C0FA2D11E
:107A000009EB0803B26843F001035360194B1A688D
:107A10008A4238BF1960184B1A688A4238BF196009
:107A2000B468626822F00302531B0F2B40F3CE8030
:107A3000954200F2CB80621945F0010543F0010345
:107A4000083444F8045C3846B260536000F068F9CA
:107A5000204603B0BDE8F08FA26823443846D160C9
:107A60008A6096E658B400088CD8000850B4000824
:107A70005CD8000888D8000884D8000860B40008E2
:107A8000DC68A3427FF47CAE0230BDE6BCF5206F1B
:107A90004FEA5C226CD3142A00F2B98002F15C0335
:107AA0005B32DB00F118F3580839994203D191E0B9
:107AB0009B68994204D05A6822F003026245F7D8C5
:107AC000D968C4E902318C60DC60CCE6142B56D94D
:107AD000542B00F2A5802B0B03F16F0003F16E0E07
:107AE000C3007BE6D4F808C03846671945F00105A5
:107AF0006560CCF80C30C3F808C041F00103C6E95A
:107B00000477C7E902887B60A150083400F008F9C7
:107B100046E622443846516841F00101516054F86C
:107B2000082FD3609A6000F0FBF839E6E80805F109
:107B300008031DE6A44438460834DCF8043043F05A
:107B40000103CCF8043000F0EBF829E6621943F0A9
:107B5000010145F0010538466560C6E90422C2E925
:107B60000288516044F80C30083400F0D9F817E668
:107B70004FEA9C1202F139033832DB0092E703F13D
:107B80005C0003F15B0EC30028E65AF80839534540
:107B900040F0858010F0030F00F1FF30F5D17368DD
:107BA00023EA0C0373604FEA4C0C0CF1FF329A424B
:107BB00004D391E64FEA4C0C09F104091CEA030FC7
:107BC000F8D0484661E60123CAF80430384600F090
:107BD000A7F879E692104FF0010C0CFA02F24EEA87
:107BE000020EC6F804E06CE70AEB0802384602EA27
:107BF0000C02ABEB020B0BEA0C0B594600F078F8C9
:107C0000431C019B7FF4C0AEDDF800B0C0E6542AEF
:107C100013D84FEA1C3202F16F036E32DB0041E7EA
:107C2000B3F5AA7F13D8EB0B03F1780003F1770EBD
:107C3000C300D3E5C2F800A08EE6B2F5AA7F19D83A
:107C40004FEADC3202F178037732DB002AE740F2B8
:107C50005452934219D8AB0C03F17D0003F17C0E12
:107C6000C300BBE5009A4FF0000B083A9044A8EB24
:107C70000A088DE640F254539A420CD84FEA9C42CF
:107C800002F17D037C32DB000CE74FF47E737F2032
:107C90004FF07E0EA2E54FF47E737E2202E77368FA
:107CA00081E700BF70B5054684B05BB11C460F4B41
:107CB000D3F8E060234669B12846B047431C0FD093
:107CC00004B070BD094B00F58274D3F8E060234620
:107CD0000029F1D10A46284601A9B047431CEFD13B
:107CE00000228A2322602B6004B070BD60B80008B7
:107CF00038B50022064D044608462A60FDF738FADA
:107D0000431C00D038BD2B68002BFBD0236038BD4E
:107D100094D80008014801F021B800BF90D80008AD
:107D2000014801F01DB800BF90D8000810B582B01E
:107D3000049C00934FF0FF33019401F0FFFE02B06A
:107D400010BD00BF2DE9F04F036985B00C69A34257
:107D5000C0F29080013C01F1140500F11408814645
:107D600055F824304FEA840C58F8242005EB84079A
:107D7000013308EB840B9A42B2FBF3F642D30020A6
:107D8000AA46C646CDF80C8003468846CDE901C513
:107D900005465AF8042BDEF8001090B257454FEA1A
:107DA000124C06FB00508AB24FEA104580B206FB27
:107DB0000C55A2EB00021A44ABB24FEA1545C3EBD7
:107DC000224392B203EB114342EA03424FEA2343B8
:107DD0004EF8042BDDD24146DDF80C80DDE901C50B
:107DE00058F80C3073B9ABF1040BD84504D307E055
:107DF000D84504F1FF3403D25BF80439002BF7D0E7
:107E0000C9F81040484601F0A1FC00282EDB0022F2
:107E10004146944655F8040B0B681FFA80FEAF42AA
:107E20009AB24FEA1040A2EB0E026244C0EB22402D
:107E300092B200EB134042EA00424FEA204C41F874
:107E4000042BE7D258F8242008EB84036AB9043BDA
:107E5000434504D807E0984504F1FF3403D253F8B2
:107E60000429002AF7D0C9F810400136304605B081
:107E7000BDE8F08F002005B0BDE8F08F00000000E5
:107E80002DE9F04F9DB004460491816B269D099227
:107E9000079357EC106B8DED020B41B1C26B0123C0
:107EA00093404A608B6001F0F3F90023A363B7F1BC
:107EB0000009C0F2B28000232B607B4B33EA090338
:107EC00000F0B680002200239DED027B51EC170BE1
:107ED0008DED007B02F044FB804668B10123079AD8
:107EE0001360279B13B1714B279A1360DFF8C88189
:107EF00040461DB0BDE8F08F9DED000B1AAA1BA9EE
:107F0000204601F005FD83465FEA195540F0A78041
:107F1000DDE91A85454405F23243202B40F34882BF
:107F2000C3F1400309FA03F905F2124326FA03F3F9
:107F300049EA0300FDF71AFB013D0123A1F1F871A5
:107F4000149300225A4BFDF7D3F951A3D3E9002330
:107F500002F09EF850A3D3E90023FDF7CBF90646C3
:107F60000F462846FDF712FB4DA3D3E9002302F08C
:107F70008FF802460B4630463946FDF7BBF90646F8
:107F80000F4602F035FB0022814606900023304662
:107F9000394602F0EFFA002840F0FC81A8EB050812
:107FA000069D162D08F1FF3A00F2A381414B03EB29
:107FB000C503DDE90001D3E9002302F0DBFA002864
:107FC00000F080806B1EBAF1000F06934FF00003A3
:107FD0001193C0F2948100230A93069B002B77DA59
:107FE000069B0A9A0B93D21A0A925A4200231092C5
:107FF0000693049B092B73D8052B40F3DE81043BC9
:1080000000250493049B023B032B00F28486DFE8E7
:1080100013F0FD03FA03F103D703012329F000490C
:108020002B60214BCDF80C9033EA09037FF44AAF63
:10803000C9F3130942F20F73079A59EA060913604C
:108040001DD0279BDFF87480002B3FF451AF08F15F
:108050000303279A404613601DB0BDE8F08FDDE9A9
:108060000012CDF85080A5F2FF35C2F31303084685
:10807000DDF8688043F07F5141F4401161E7279BB0
:10808000DFF83C80002B3FF433AF08F10803E0E752
:1080900061436F63A787D23FB3C8608B288AC63F0E
:1080A000FB799F501344D33F0000F07FDDA600080A
:1080B0000000F83FC8B00008DCA6000858AB000874
:1080C0004CAB0008B8F1000F40F3188511900A90EE
:1080D000069B9A440B9300231093049B092B8BD986
:1080E000002301254FF0FF32049308920C95099369
:1080F0000021089BE1631593204601F0A3F8059049
:10810000002800F01086089B0E2B8CBF002505F080
:108110000105059BA363002D00F01E810B9900292A
:1081200040F35C81A64B01F00F02C8054FEA211510
:1081300003EBC203D3E9006740F12183A14B05F0B3
:108140000F054FF00308D3E90823DDE9000102F031
:10815000C9F8CDE90E018DB1DFF86892E90709D5BC
:108160003046394608F10108D9E9002301F090FFB3
:1081700006460F466D1009F10809EFD132463B461D
:10818000DDE90E0102F0AEF8CDE91201119B53B109
:1081900000228D4BDDE912673046394602F0EAF9DC
:1081A000002840F0B2844046FDF7F0F9DDE91223E3
:1081B00001F06EFF854B0022FDF79CF8089B0646F8
:1081C000A1F15077002B00F0AE800B9B0E93089B23
:1081D00018937B4AB046189BB94602EBC303DDE90E
:1081E000126713ED027B394630468DED167B02F0A7
:1081F000FFF90546FDF7CAF902460B4630463946F7
:108200003035FDF775F8059B0F460C995A1C06464C
:10821000EDB21292DDE91623002900F0FA82002067
:108220006B4902F05FF842464B46FDF761F8059B4B
:10823000324680461D703B46894602F0B9F9002857
:1082400040F05185CDF864A00025CDF858B0DDF898
:1082500048A0DDF860B018942AE001355D4580F251
:10826000CB844046494600225A4B01F011FF0022C0
:10827000584B804689463046394601F009FF0F4683
:10828000064602F0B5F90446FDF780F902460B46B2
:10829000303430463946FDF72BF842464B460AF853
:1082A000014B06460F4602F065F9002840F0AB840A
:1082B00032463B4600204449FDF71AF842464B46F9
:1082C00002F058F90028C8D0DDF858B05546189C7F
:1082D000059902E0A94200F06B842A4615F8013D99
:1082E000392BF7D00133DBB22B70DDF81480059207
:1082F0001BE10123BAF1000F1193BFF66CAEC8F178
:1083000001034FF0000A0A9367E64046FDF73EF985
:10831000DDE9122301F0BCFE00222C4BFCF7EAFF42
:108320000646A1F1507700222B4BDDE91201FCF744
:10833000DFFF32463B468046894602F039F9002885
:1083400040F0168440464946324607F1004302F0A9
:1083500011F9002840F085811B9B002B03DB0B9A51
:108360000E2A40F361810C9A002A68D0049A012AEF
:1083700040F3F383089B109A5D1EAA42C0F22B8340
:10838000002BA2EB050580F27B840A9B089AA3EBE5
:1083900002082DE34846FDF7F9F832463B4602F065
:1083A000DFF800287FF4FAAD09F1FF330693F5E515
:1083B000C3F1200306FA03F0BCE5012522E600BF65
:1083C000C8B00008A0B000080000F03F00001C404A
:1083D0000000E03F000024400000144000F0F38261
:1083E0000B9B5E42B24B06F00F0203EBC203DDE9CA
:1083F0000001D3E9002301F04BFE3611CDE90E0157
:1084000000F06384AB4F00234FF00208CDE9120166
:10841000F20706D508F10108D7E9002301F038FE7C
:108420002B46761007F10807F2D1CDE91201002B97
:108430007FF4ACAE9DED0E7B8DED127BA6E60023A6
:10844000109DDDF828801E460C93B8F1000F0DDD5D
:10845000BAF1000F0ADDD04543460A9AA8BF534639
:10846000D21AA8EB0308AAEB030A0A92109B53B195
:108470000C9B13B1002D40F0CF825946109A204634
:1084800001F096F883460121204600F0B1FF069BDB
:108490000746002B40F05E81049B012B40F3768160
:1084A0000123534413F01F0308D0C3F12002042A10
:1084B00000F3678208D0C3F13C0300E01C230A9A52
:1084C00098449A441A440A920A9B002B05DD5946A7
:1084D0001A46204601F0C6F88346BAF1000F05DDC2
:1084E00039465246204601F0BDF80746049B022B50
:1084F000119BD4BF00250125002B40F0B580089BBF
:10850000002B26DC2DB3089B002B00F03D82099B3D
:10851000DDF81480DB430E933946204600F0B8FEA8
:108520001EB13146204600F0B3FE5946204600F009
:10853000AFFE00220E9B059901330A70079A136063
:10854000279B002B3FF4D4AC404619601DB0BDE81A
:10855000F08F0C9B002B00F0A480B8F1000F05DD1C
:1085600031464246204601F07DF80646069B002B28
:1085700040F02B83B146059D089A6B1E00971A4464
:10858000029B03F001030892099300995846FFF7F4
:10859000D9FB31468246584601F0D8F8009980460A
:1085A0004A4620460AF1300701F0F2F8C368014656
:1085B000002B40F04C820690584601F0C7F806990F
:1085C0000690204600F064FE049B069A134340F098
:1085D0007982099B002B00F05C83B8F1000FC0F298
:1085E0005583089BA846AB4208F8017B00F03B830B
:1085F000594600230A22204600F054FE4E45834689
:1086000031464FF000034FF00A02204600F054823A
:1086100000F048FE4946064600230A22204600F0A4
:1086200041FE45468146B0E7214B03EBC203D3E947
:10863000009A099B002B80F20582089B002B00F317
:10864000018273B900221C4B4846514601F020FDBF
:1086500002460B46DDE9000101F096FF002800F01C
:10866000878200273E4652E73946584601F06EF8A9
:108670000028BFF644AF0B9B59460A222046013B17
:108680000B93002300F00EFE0C9B8346002B40F062
:108690000B83159B002B159B089302DC002D7FF4A8
:1086A00032AFDDF814800125DDF820900EE000BF28
:1086B000C8B00008A0B000080000144059460023CC
:1086C0000A22204600F0EEFD013583463946584621
:1086D000FFF738FB4D4500F1300308F8013BEDDBB7
:1086E000089A0025002ACCBF90464FF00108059A51
:1086F0009044594601222046049300F0B3FF3946C6
:10870000834601F023F8002840F33782059A02E0FF
:10871000904500F0418218F8013CC24608F1FF384C
:10872000392BF5D0013388F800300B9B0E93394676
:10873000204600F0ADFD002E00F035822DB1B5428F
:1087400003D02946204600F0A3FDDDF81480CDF8C3
:1087500014A0E6E601461A46204600F029FF049BD5
:108760000746012B40F34A81002306933B6907EB40
:108770008303186900F0E8FDC0F1200391E69DED48
:10878000007B4FF002088DED0E7BE4E4029B002B92
:108790007FF486AEDDE90212C2F31303002B7FF4EF
:1087A0007FAEC14B13402BB10A9B0AF1010A013382
:1087B0000A930123069A0693002A3FF471AED5E787
:1087C00001230C93099B0B9A134415930133012B3E
:1087D0001E460893B8BF0126172E40F3928201224D
:1087E00004235B001146013203F11400B042F8D9B2
:1087F000E16381E401230C93099E002E40F379810B
:1088000015960896E8E700230C93DBE700230C930A
:10881000F2E74046494601F03BFC059B1D70189B62
:10882000012BCDE90C0100F03D82189D059BDDF880
:1088300048801D4400229D4B3046394601F028FCFB
:108840000F46064601F0D4FE8146FCF79FFE024625
:108850000B4609F1300930463946FCF749FD08F866
:10886000019B454506460F46E4D10022904BDDE9C9
:108870000C8940464946FCF73DFD32463B4601F037
:1088800079FE002840F09E8142464B4600208849F0
:10889000FCF72EFD32463B4601F08AFE002840F0F0
:1088A0008C801B9B002BFFF6CAAD0B9B0E2B3FF75A
:1088B000C6AD804B0B9ADDF8148003EBC203D3E9FD
:1088C000009ADDE900674A4653463046394601F0D2
:1088D00009FD01F08DFE0546FCF758FE4A46534659
:1088E00001F0D6FB02460B4630463946FCF700FD48
:1088F00005F13003059A1370089B012B129B00F0C1
:10890000F781C3F10102CDF810B0CDF80080984690
:1089100002941446DDF820B01DE04A465346304626
:10892000394601F0DFFC01F063FE0546FCF72EFE40
:108930004A46534601F0ACFB0B46024639463046E8
:10894000FCF7D6FC05F1300308F8013B08EB040303
:108950005B4500F062810022544B01F099FB00223C
:10896000002306460F4601F0FBFD0028D5D0CDF8C8
:108970001480DDF810B0DDF80080029C0B9B0E9394
:10898000D3E5C3F11C039AE539460522204600F0E1
:1089900089FC07465846394600F0D8FE00287FF784
:1089A000B6ADDDF81480059B013305930B9B0133B5
:1089B0000E93312388F80030AEE52A4615F8013DC4
:1089C000302BFAD091E49DED007B4FF002088DED45
:1089D000127BFFF7DBBB109B069AEB1A1095002564
:1089E0001A44089B06929A440A9A90461A440A929C
:1089F0000121204600F0FCFC064626E5029B002BE8
:108A00007FF4B2AEDDE90201C1F313030A46002B85
:108A10003FF4C7AE0690A9E631462A46204600F04C
:108A2000C7FD06465A462046314600F00FFD59461E
:108A30008346204600F02CFC109B5B1B10933FF4F8
:108A400022AD1AE5059B5A1C9846129239E720463A
:108A50000697009F00F01CFCB8F1000F069B08DB96
:108A6000029A049902F0010241EA080852EA080257
:108A700039D1594601222046049300F0F3FD3946CE
:108A8000834600F063FE0028049B40F32681392BC7
:108A900000F0EE800AF13103AA460AF8013B3546A0
:108AA0000B9B4E460E9342E60000F07F00002440F0
:108AB0000000E03FC8B0000800F0F4FB4546064661
:108AC000814662E5B8F1000FC0F21F81049B43EAC2
:108AD0000808099B53EA080800F01781002A7FF76D
:108AE00080AD3B46009F392B00F0C280AA4601337F
:108AF000D3E70123CDE90833FFF7FABAC8F1010340
:108B0000824611900A93FFF7E3BA089B002B3FF4CB
:108B1000FCAB159D002D7FF71FAC0B9B30463946F3
:108B20000022013B0E93894B01F0B2FA02460F4638
:108B300008F101001646CDE91267FCF727FD324621
:108B40003B4601F0A5FA0022814BFCF7D3FB1895B8
:108B50000646A1F15077FFF73CBB149A72B303F2BB
:108B600033430A9A9A44109D90461A440A923FE76A
:108B70000027DDF814803E4615E703D1049BDB0790
:108B80003FF5C4AD18F8013CC24608F1FF38302B60
:108B9000F8D00B9B0E93CAE50B9B059A01330E93FD
:108BA00031231370C3E5DDF81480CDF814A0BCE4C4
:108BB0000E9B01330E933123FFF796BB1A9BC3F133
:108BC0003603CEE70599FFF788BB7168204600F0B1
:108BD00039FB0546002800F08D80336906F10C0151
:108BE0000C3002339A00FCF749FE29460122204648
:108BF00000F038FD8146BEE4DDF864A0DDF858B031
:108C0000189CFFF7A9BBDDF81480DDF858B0189C5C
:108C1000CDF848A0CDF814A087E4CDF81480DDF895
:108C200010B0DDF80080029C02460B46FCF762FBA8
:108C30004A46534606460F4601F0BAFC58B94A4622
:108C400053463046394601F08BFC00283FF496AE7F
:108C5000E9077FF593AE0B9B4146059D0E93CDF83A
:108C60001480FFF73ABB3B463546009F4E4640E531
:108C7000A84639233546059A4E4608F8013B4AE591
:108C80000A9A9A4490461A440A92B1E63B46009FDB
:108C900002E73B46009F392BEAD0B8F1000F3FF7BF
:108CA000F9AEF9E6129DE0E5314600230A2220469E
:108CB00000F0F8FA159B0646002B159B08933FF72A
:108CC0004CAC002D7FF41FAC47E49DED0E7B4FF0C4
:108CD00002088DED127BFFF759BA7FF4DDAEDA079B
:108CE0007FF5DAAED3E6129BDDF8148005931CE421
:108CF000059399E70246174B40F2EF211648FCF71F
:108D0000D9F90021E163FFF7F7B9002A3B46009F3C
:108D10003FF7AFAEC0E6002520462946E56300F0E8
:108D200091FA059030B90B4B002240F2AF110A487E
:108D3000FCF7C0F9059B01220995A3634FF0FF33AF
:108D40000C9215930893FFF707BB00BF0000244067
:108D500000001C405CAB000870AB0008704700BF0F
:108D6000704700BF014B93F82801704760B80008B6
:108D70000048704750B900082DE9F843154692683D
:108D80002C68FAB180468946083401E00834CFB136
:108D90006B681746591E002B696013DD54F8046C8C
:108DA000002EF3D0334654F8082C4946404600F0D4
:108DB000D7FE431C07D0AA680834921B1746AA6046
:108DC000002FE5D100200023C5E90133BDE8F88379
:108DD000082802D14FF48050704708B5FCF73AFEDE
:108DE000162203464FF0FF301A6008BD002170B50F
:108DF00055EC104B064625F00043016011488342B4
:108E00001DD8204618431AD00F482A46284058B982
:108E100000220E4B2046294601F03AF90A4621F07D
:108E2000004304466FF035016FF31E521B1542F0EC
:108E30007F55A3F2FE3345F400150B44336045EC37
:108E4000104B70BDFFFFEF7F0000F07F000050432C
:108E50002DE9F8430646DFF8AC8008208946FFF785
:108E6000B7FF05463046FEF755FFD8F808305F6873
:108E700027F00307A7F11104A4EB09042C44B4FB69
:108E8000F5F4013C05FB04F4A54208DC0021304662
:108E9000FEF72EFFD8F808303B44984205D0304604
:108EA000FEF73EFF0020BDE8F88361423046FEF742
:108EB0001FFF01300FD03F1B104AD8F80830304652
:108EC00047F001075F6013681B1B1360FEF728FF64
:108ED0000120BDE8F88300213046FEF709FFD8F8ED
:108EE0000820831A0F2BDADD43F001030349536096
:108EF000034B1B68C01A0860D1E700BF5CD80008AC
:108F000050B4000858B4000800297CD02DE9F04185
:108F10000C468046FEF7FEFE764F54F8043CA4F162
:108F20000805BE6823F0010168184268864222F0F5
:108F3000030200F08380DE0700EB020C426033D4B2
:108F400054F8084CDCF8043007F1080C2D1B2144C0
:108F500003F00103AC68644564D0D5F80CE0C4F8B4
:108F60000CE0CEF80840002B00F0818041F00103B6
:108F70006B600160B1F5007F22D2CB080122490964
:108F800001338A4079680A4357F833107A6007EB57
:108F9000C302083AC5E9021247F83350CD60404693
:108FA000BDE8F041FEF7BCBEDCF80430DB072BD592
:108FB00041F00103B1F5007F44F8043C0160DCD3CB
:108FC000B1F5206F4FEA512353D28B0903F13900D9
:108FD00003F13802C300F818FB580838984203D14F
:108FE00061E09B68984204D05A6822F003028A42EA
:108FF000F7D8D868C5E9023085604046DD60BDE835
:10900000F041FEF78DBE7047114407F1080C8368EC
:1090100063453FD0C268DA60936041F001036B6042
:109020006950A7E7002B5FD10A44D0E90213CB6057
:10903000996042F001036B60AA50B0E7DB070A4475
:1090400007D454F8083CED1A1A44D5E90213CB6052
:10905000996042F001036B60274BBD601B6893422F
:109060009DD8264B40461968FFF7F2FE97E711445A
:10907000CDE7142B08D9542B1DD80B0B03F16F002F
:1090800003F16E02C300A6E703F15C0003F15B028B
:10909000C300A0E741F00103C7E90455C5E902CCCC
:1090A0006B6069507BE70121921001FA02F2796846
:1090B0000A437A609EE7B3F5AA7F06D8CB0B03F18B
:1090C000780003F17702C30085E740F254529342DF
:1090D00006D88B0C03F17D0003F17C02C3007AE714
:1090E0004FF47E737E2276E741F001036B600160EE
:1090F00055E700BF58B4000854B400088CD80008E5
:109100005FFA81FC810744D00346511E22B909E071
:109110009A0709D0013905D3184601330278624510
:10912000F6D1704700207047184603290CD8002953
:10913000F8D00346014401E08B42F3D0184613F8FF
:10914000012B6245F8D1704710B50CEB0C24024698
:1091500004EB044402E00439032915D9104652F8FF
:10916000043B6340A3F1013E2EEA030313F0803F6A
:10917000F1D00346014401E08B4208D0184613F8B1
:10918000012B6245F8D110BD10460029F1D1002015
:1091900010BD1146C9E700BF034649B1FF2A02D8F6
:1091A00001200A7070478A224FF0FF301A60704722
:1091B0000846704740EA01039B0730B501D1032AF6
:1091C00017D8844601F1FF3E07E01EF8011F541E28
:1091D00003F8011B29B122469C466346002AF4D1BC
:1091E00030BD002CFCD0944403F8011B6345FBD137
:1091F00030BD0C468446256821460434A5F1013370
:1092000023EA050313F0803FDCD1043A4CF8045BF9
:10921000032AF0D82146D5E782B049B15AB16BB1E3
:1092200013780B601278101E18BF012002B070472F
:1092300001A9002AF3D1104602B070476FF0010077
:10924000F4E700BF38B5436C05460C464BB153F804
:10925000240080B1026843F824200023C0E90333CE
:1092600038BD2122042100F0B3FB034668640028C6
:10927000EDD1002038BD0121284601FA04F56A1D10
:10928000920000F0A5FB0028F3D0C0E90145E4E717
:1092900031B1436C4A6853F82200086043F8221049
:1092A000704700BF2DE9F04107460E461C460D6988
:1092B00001F1140E0020DEF8001001308BB285425F
:1092C0004FEA114102FB03434FEA134C9BB202FBEE
:1092D00001CC03EB0C434FEA1C444EF8043BEADCA0
:1092E0003CB1B368AB4207DD06EB850301355C6139
:1092F00035613046BDE8F081716838460131FFF7CD
:10930000A1FF8046A8B1326906F10C010C3002328F
:109310009200FCF7B3FA7B6C726853F8221031604C
:1093200043F82260464606EB850301355C613561F2
:10933000DFE70246024BBA210248FBF7BBFE00BF43
:109340005CAB000814AC0008B0F5803F034618D2AF
:1093500003041020B3F1807F01D208301B02B3F167
:10936000805F01D204301B01B3F1804F03D3002B87
:1093700006DB013070479B0005D45B0005D420203C
:1093800070470020E6E7023070470330704700BFA7
:109390000368014613F0070207D0DA071FD49807C5
:1093A00021D55B0801200B60704798B2A0B1104630
:1093B000DAB20AB908301B0A1A0701D104301B09B6
:1093C0009A0701D102309B08DA0703D45B0800F149
:1093D000010006D00B6070471B0C1020E8E700204E
:1093E0007047202070479B0802200B60704700BF29
:1093F00038B5436C04460D464BB15868B0B10268AD
:109400005A60002201234561C0E9032338BD2122AF
:10941000042100F0DDFA034660640028EDD1094B19
:10942000002240F245110848FBF744FE1C220121AE
:10943000204600F0CDFA0028F1D001220223C0E935
:109440000123DEE75CAB000814AC00082DE9F04F07
:10945000D1F8108085B015690E469246A84505DB07
:109460002A46534645468A4690461E4605EB080462
:10947000DAE90113A342B8BF0131FFF7E3FE002888
:1094800000F08B8000F1140707EB840E774505D2BE
:109490003B46002243F8042B9E45FBD814360AF1C4
:1094A000140906EB880809EB8505464568D2A5EB4B
:1094B0000A030AF1150ACDF808E0AE46153B0394FD
:1094C00023F00303043355452CBF9B464FF0040B98
:1094D000824605E0090C2CD1B04507F104074CD9B0
:1094E00056F8041B8DB2002DF4D0CC463C46002328
:1094F00001965CF8040B216886B2E6458AB24FEA11
:10950000104005FB06224FEA11411A4405FB0011E9
:1095100001EB124192B24FEA114342EA014244F890
:10952000042BE6D8019E47F80B3056F8041C090CB2
:10953000D2D03B68002248463D461C4694460288ED
:109540009BB201FB02C202EB144243EA024345F81C
:10955000043B50F8043B2C684FEA134C7045A3B20F
:1095600001FB0C3303EB12434FEA134CE7D3B04536
:1095700047F80B3007F10407B2D85046DDE902E4A2
:10958000002C02DC05E0013C03D05EF8043D002B1A
:10959000F9D0046105B0BDE8F08F0246024B4FF4EC
:1095A000B1710248FBF786FD5CAB000814AC000803
:1095B00012F003032DE9F041144607462CD10D4665
:1095C000A4101CD03E6C86B3E3074FF0000806D40D
:1095D000641014D03068A8B10646E307F8D53246C7
:1095E00029463846FFF732FF35B17B6C696853F87E
:1095F00021202A6043F8215064100546EAD128460C
:10960000BDE8F081324631463846FFF71FFF306033
:109610000646C0F80080E0E7013B0F4A52F82320DD
:109620000023FFF73FFE0546CAE701213846FFF752
:1096300009FE064640B1012340F27122C0E904321E
:10964000002338640360BFE70246044B40F2451133
:109650000348FBF72FFD00BF94B000085CAB000887
:1096600014AC00082DE9F0470C46904606464FEA38
:1096700062192769A36807EB621749687D1C9D4240
:1096800003DD5B0001319D42FBDC3046FFF7DAFD74
:10969000002850D0B9F1000F00F1140C0EDD09F1D3
:1096A0000502634600214FEA820E00EB820243F876
:1096B000041B9342FBD1AEF114039C4404F1140348
:1096C000216918F01F0803EB81012BD0C8F1200994
:1096D000E6464FF0000A1A6802FA08F242EA0A0265
:1096E0004EF8042B53F8042B994222FA09FAF2D8C7
:1096F0000B1B04F11502153B23F0030304339142C5
:1097000038BF04234CF803A0BAF1000F00D13D4646
:10971000736C6268056153F82210216043F822409F
:10972000BDE8F087ACF1040C53F8042B99424CF8D7
:10973000042FF9D8EBE70246024B4FF4EF710248D1
:10974000FBF7B8FC5CAB000814AC000884460B695E
:109750000069C01A16D10CF1140C14310CEB830201
:1097600001EB830310B401E0944508D252F8044D94
:1097700053F8041D8C42F7D005D24FF0FF305DF84E
:10978000044B7047704701205DF8044B704700BFE1
:109790002DE9F04F15460A6983B088462B69D21A25
:1097A000002A40F08B8001F1140605F1140101EB51
:1097B000830106EB830302E09E4280F0828053F82F
:1097C000044D51F8042D9442F6D078D32B46002452
:1097D000454698466968FFF735FD002800F08C8003
:1097E0002E6905F1140B08F1140ED8F8103000F1B1
:1097F000140A05F110020EEB83094FF0000C0BEB7D
:1098000086015746C460CDF804B05EF8044B52F8A8
:10981000045F1FFA84FBF145ABB24FEA1444A3EB9B
:109820000B03C4EB1544634404EB23449BB24FEA9F
:10983000244C43EA044347F8043BE6D8A9EB080468
:1098400008F11508DDF804B0C145A4F1150434BFD2
:109850004FF000084FF00108A408B8F1000F04F120
:1098600001024FEA820208BF04220BEB02055244B8
:10987000A94231D917462C4654F8043B1FFA83F805
:10988000A1424FEA134E6344C4449BB20EEB2C4CEE
:1098900043EA0C434FEA2C4C47F8043BECD801391F
:1098A000491B21F003010A4423B952F8043D013E4B
:1098B000002BFAD0066103B0BDE8F08F86DA0124F0
:1098C00088E70021FFF7BEFC78B101220023C0E940
:1098D000042303B0BDE8F08FB8F1000F4FEA840411
:1098E00008BF00240AEB0402DEE70246064B40F202
:1098F00037210648FBF7DEFB0246034B40F24521C9
:109900000248FBF7D7FB00BF5CAB000814AC0008B3
:109910002DE9F0430E4683B00121154659EC108B1A
:10992000FFF790FC0446002846D0C9F30A57C9F354
:1099300013030FB143F480130193B8F1000313D163
:1099400001A8FFF725FD019B012220306361226100
:109950000FB3A7F233470744C0F1350037602860E2
:10996000204603B0BDE8F08368460093FFF710FD82
:10997000019BF8B1C0F12002009903FA02F2C34042
:109980000A430193002B6261A3610CBF01220222F2
:109990002261002FDDD104EB8203A0F2324030605F
:1099A0001869FFF7D1FCC0EB42102860204603B0D5
:1099B000BDE8F083009AE5E70246034B40F20F3121
:1099C0000248FBF777FB00BF5CAB000814AC000853
:1099D00038B5A1FB021434BBFDF7BAFE054630B31F
:1099E00050F8042C22F00302043A242A0CD8132A3B
:1099F0000FD91B2AC0E9004412D9242AC0E9024425
:109A000018D000F1100205E02146FCF729F828469D
:109A100038BD024600232846C2E90033936038BDB2
:109A200000F10802F6E7FCF715F80C2303600025A7
:109A3000284638BD00F11802C0E90444EAE700BF37
:109A40002DE9F04F8BB086461E46DDE9157A002FD2
:109A50005AD0156800295CD0149B002B69D0741E65
:109A60004EB3043D0026DDF850B0049103910592F9
:109A7000CDE9015E0BE0039B0BBB019B186800283E
:109A800036D0DC4557D2013C6646631C13D00199A1
:109A90003B46029851F8042FDAF8E050019107A9EB
:109AA000D7E90098A847421C37D000EB060CDC45EC
:109AB000E1D9C7E9009830460BB0BDE8F08F002827
:109AC0000EDD049B07A9019D18445A1E00F1FF3EBC
:109AD00011F8013B02F8013F7245F9D1019504905C
:109AE000059B1A6804321A60019B18680028C8D1C7
:109AF0000399059A01B110600CF1FF36002230463F
:109B00003A600BB0BDE8F08F00F586771568002944
:109B1000A2D14FF0FF331493A1E70646DDF808E029
:109B20008A2100223046CEF800103A600BB0BDE822
:109B3000F08F149EBFE76646BDE700BF10B584B046
:109B4000054C06980090079801900448006802941C
:109B5000FFF776FF04B010BD60B8000808B3000836
:109B60002DE9F0478E6881460C461D469E42904680
:109B7000086836D8B1F90C3013F4906F0DD1354622
:109B80002A46414600F004FAA26823680020921B8E
:109B90002B44A2602360BDE8F0876769096917EB71
:109BA0004707A0EB010A05F1010048BF0137504407
:109BB0007F10B8423A4601D9074602465B0512D5E6
:109BC00011464846FDF7C4FD0646F8B152462169E4
:109BD000FBF754FEA38923F4906343F08003A38131
:109BE00006E01E46CCE7484600F01AF8064648B1A3
:109BF00006EB0A00A7EB0A0326612E466761A36005
:109C00002060BDE721694846FFF77EF9A3890C2251
:109C10004FF0FF3043F04003C9F80020A381BAE7BA
:109C20002DE9F04F164683B0002900F09E800C46C7
:109C300006F10B058046FEF76DF854F8040C162D5E
:109C4000A4F1080920F0030762D81022002315466A
:109C5000B542C0F0A280002B40F09F80974261DAAD
:109C6000DFF828B309EB0701DBF80830D1F804C0AE
:109C70008B4200F097802CF001030B445B68DB07FC
:109C800068D42CF0030C07EB0C03934245DAC307AE
:109C900012D454F8083CA9EB030ADAF8043023F094
:109CA000030084440CEB070B5A4540F3FE8007EB9E
:109CB000000B5A4540F3D48031464046FDF748FD3D
:109CC0000646002800F0298154F8043CA0F108025F
:109CD00023F001034B44934200F0B1803A1F242A41
:109CE00000F2DF80132A00F2B0800346224611689A
:109CF00019605168596092689A6021464046FFF7A2
:109D000003F94046FEF70CF8304603B0BDE8F08F8B
:109D100025F007052A46EB0F9AE71F46D1E90223F3
:109D2000D3609A60781BD9F8043009EB07020F283A
:109D300003F001031FD83B43C9F80430536843F0D4
:109D40000103536026464046FDF7EAFF304603B064
:109D5000BDE8F08FC307AFD454F8083CA9EB030A61
:109D6000DAF8043023F00300A1E7114603B0BDE8A0
:109D7000F04FFDF7EDBC2B4309EB050140F001006E
:109D8000C9F80430083141F8040C4046536843F0E8
:109D900001035360FFF7B8F8D4E70C23C8F800308C
:109DA0000026D3E72CF0030C05F110010CEB0703A0
:109DB0008B4280F29280C0073FF57EAF54F8083C9A
:109DC000A9EB030ADAF8043023F0030084440CEB17
:109DD000070399423FF76BAF3A1F5646DAF80C106B
:109DE00056F8080F242AC160886000F2B080132A58
:109DF00040F2AB8021681B2ACAF808106168CAF8D3
:109E00000C1000F2AB8008340AF1100221681160D6
:109E100061685160A16891605B1B0AEB05024046D6
:109E200043F00103CBF808205360DAF8043003F064
:109E300001032B43CAF80430FDF772FF86E750F8A0
:109E4000043C23F003031F446CE723681B2A0360D0
:109E50006368436036D804F1080200F1080346E75E
:109E60003A1F5646DAF80C30242A56F8081FCB6001
:109E7000996022D8132A1ED923681B2ACAF80830F1
:109E80006368CAF80C303CD808340AF11003226821
:109E90001A6062685A60A2689A6034465F46D1468A
:109EA00040E7214600F074F827E7D1E902133A1F92
:109EB000CB609960D5E73346E9E72146304600F0AC
:109EC00067F8EAE7A368242A8360E368C36028D0C0
:109ED00004F1100200F1100309E75B1B09EB050216
:109EE0004046264643F00103CBF80820536054F85F
:109EF000043C03F001032B4344F8043CFDF710FF3E
:109F000024E7A368242ACAF81030E368CAF814309A
:109F100010D010340AF11803B9E74046FDF700FFEE
:109F20003EE7236904F1180203616369436100F1AC
:109F30001803DCE623691834CAF8183054F8043CD6
:109F4000CAF81C300AF12003A1E732465EE7214639
:109F50003046019300F01CF8019B5DE7A168242ABC
:109F6000CAF81010E168CAF8141003D010340AF1CE
:109F700018024BE722691834CAF8182054F8042C48
:109F8000CAF81C200AF1200240E700BF58B40008BC
:109F900088420ED98B1883420BD900EB020C002AA1
:109FA0006ED0624613F801CD994202F801CDF9D185
:109FB00070470F2A0FD8034602F1FF3C002A5FD0FA
:109FC0000CF1010C013B8C4411F8012B614503F8A5
:109FD000012FF9D1704740EA01039B0751D1A2F14B
:109FE000100301F1200C70B523F00F0501F1100EE4
:109FF00000F110041B09AC445EF8105C0EF1100E69
:10A00000103444F8205C5EF81C5C44F81C5C5EF87C
:10A01000185C44F8185C5EF8145CE64544F8145C7F
:10A02000EAD1013312F00C0F02F00F0C01EB031117
:10A0300000EB031329D0ACF1040C1C1F8E462CF04E
:10A0400003064FEA9C0C1E445EF8045B44F8045F70
:10A05000B442F9D10CF1010402F0030203EB8403D2
:10A0600001EB840102F1FF3C4AB10CF1010C013B10
:10A070008C4411F8012B614503F8012FF9D170BD13
:10A08000704702F1FF3C03469AE76246EAE700BFE9
:10A0900070B54FF0FF0C4CF4E06C1CEA11541DBF7E
:10A0A0001CEA135594EA0C0F95EA0C0F00F0DEF849
:10A0B0002C4481EA030621EA4C5123EA4C5350EA2E
:10A0C000013518BF52EA033541F4801143F480137F
:10A0D00038D0A0FB02CE4FF00005E1FB02E506F010
:10A0E0000042E0FB03E54FF00006E1FB03569CF065
:10A0F000000F18BF4EF0010EA4F1FF04B6F5007F6B
:10A1000064F5407404D25FEA4E0E6D4146EB0606DC
:10A1100042EAC62141EA55514FEAC52040EA5E5065
:10A120004FEACE2EB4F1FD0C88BFBCF5E06F1ED80F
:10A13000BEF1004F08BF5FEA500E50F1000041EB46
:10A14000045170BD06F0004646EA010140EA0200F3
:10A1500081EA0301B4EB5C04C2BFD4EB0C0541EA15
:10A16000045170BD41F480114FF0000E013C00F32A
:10A17000AB8014F1360FDEBF002001F0004170BD4E
:10A18000C4F10004203C35DA0C341BDC04F1140467
:10A19000C4F1200500FA05F320FA04F001FA05F2F3
:10A1A00040EA020001F0004221F0004110EBD370C0
:10A1B00021FA04F642EB06015EEA430E08BF20EAEC
:10A1C000D37070BDC4F10C04C4F1200500FA04F38F
:10A1D00020FA05F001FA04F240EA020001F0004121
:10A1E00010EBD37041F100015EEA430E08BF20EA94
:10A1F000D37070BDC4F1200500FA05F24EEA020EDC
:10A2000020FA04F301FA05F243EA020321FA04F00A
:10A2100001F0004121FA04F220EA020000EBD370C1
:10A220005EEA430E08BF20EAD37070BD94F0000FC1
:10A230000FD101F00046400041EB010111F4801FF5
:10A2400008BF013CF7D041EA060195F0000F18BFA6
:10A25000704703F00046520043EB030313F4801FE2
:10A2600008BF013DF7D043EA0603704794EA0C0F9C
:10A270000CEA135518BF95EA0C0F0CD050EA4106B2
:10A2800018BF52EA4306D1D181EA030101F000412F
:10A290004FF0000070BD50EA410606BF1046194657
:10A2A00052EA430619D094EA0C0F02D150EA013663
:10A2B00013D195EA0C0F05D152EA03361CBF1046A4
:10A2C00019460AD181EA030101F0004141F0FE4143
:10A2D00041F470014FF0000070BD41F0FE4141F4C7
:10A2E000780170BD70B54FF0FF0C4CF4E06C1CEAC7
:10A2F00011541DBF1CEA135594EA0C0F95EA0C0F7C
:10A3000000F0A7F8A4EB050481EA030E52EA033536
:10A310004FEA013100F088804FEA03334FF0805557
:10A3200045EA131343EA12634FEA022245EA111584
:10A3300045EA10654FEA00260EF000419D4208BF35
:10A34000964244F1FD0404F5407402D25B084FEAE2
:10A350003202B61A65EB03055B084FEA32024FF48E
:10A3600080104FF4002CB6EB020E75EB030E22BFEB
:10A37000B61A754640EA0C005B084FEA3202B6EBAB
:10A38000020E75EB030E22BFB61A754640EA5C005A
:10A390005B084FEA3202B6EB020E75EB030E22BFEA
:10A3A000B61A754640EA9C005B084FEA3202B6EBEB
:10A3B000020E75EB030E22BFB61A754640EADC00AA
:10A3C00055EA060E18D04FEA051545EA16754FEA0C
:10A3D00006164FEAC30343EA52734FEAC2025FEA2A
:10A3E0001C1CC0D111F4801F0BD141EA00014FF0B9
:10A3F00000004FF0004CB6E711F4801F04BF01438A
:10A400000020B4F1FD0C88BFBCF5E06F3FF6AFAEA5
:10A41000B5EB030C04BFB6EB020C5FEA500C50F135
:10A42000000041EB045170BD0EF0004E4EEA1131B8
:10A4300014EB5C04C2BFD4EB0C0541EA045170BDBF
:10A4400041F480114FF0000E013C90E645EA060E03
:10A450008DE60CEA135594EA0C0F08BF95EA0C0F31
:10A460003FF43BAF94EA0C0F0AD150EA01347FF479
:10A4700034AF95EA0C0F7FF425AF104619462CE750
:10A4800095EA0C0F06D152EA03353FF4FDAE1046B3
:10A49000194622E750EA410618BF52EA43067FF404
:10A4A000C5AE50EA41047FF40DAF52EA43057FF494
:10A4B000EBAE12E74FF0FF3C06E000BF4FF0010C9F
:10A4C00002E000BF4FF0010C4DF804CD4FEA410C03
:10A4D0007FEA6C5C4FEA430C18BF7FEA6C5C1BD0D0
:10A4E00001B050EA410C0CBF52EA430C91EA030F51
:10A4F00002BF90EA020F0020704710F1000F91EAAE
:10A50000030F58BF994208BF90422CBFD8176FEA7B
:10A51000E37040F0010070474FEA410C7FEA6C5C49
:10A5200002D150EA013C07D14FEA430C7FEA6C5C50
:10A53000D6D152EA033CD3D05DF8040B704700BF7C
:10A540008446104662468C461946634600E000BFCA
:10A5500001B5FFF7B7FF002848BF10F1000F01BD9C
:10A560004DF808EDFFF7F4FF0CBF012000205DF867
:10A5700008FB00BF4DF808EDFFF7EAFF34BF0120EC
:10A5800000205DF808FB00BF4DF808EDFFF7E0FF85
:10A5900094BF012000205DF808FB00BF4DF808EDD6
:10A5A000FFF7CEFF94BF012000205DF808FB00BF3D
:10A5B0004DF808EDFFF7C4FF34BF012000205DF81F
:10A5C00008FB00BF4FEA410C7FEA6C5C02D150EA05
:10A5D000013C0AD14FEA430C7FEA6C5C02D152EA9B
:10A5E000033C02D14FF0000070474FF0010070476C
:10A5F0004FEA410212F5001215D211D56FF47873AB
:10A60000B3EB625212D94FEAC12343F0004343EA4D
:10A61000505311F0004F23FA02F018BF4042704728
:10A620004FF00000704750EA013005D111F00040B2
:10A6300008BF6FF0004070474FF00000704700BF48
:10A640004275696C74207769746820525A2F4720CC
:10A65000466C657869626C6520536F6674776172C9
:10A6600065205061636B6167652076657273696F01
:10A670006E20342E322E3000342E322E3000000068
:10A68000000002045465726D696E616C0000000088
:10A69000284E554C4C2900000D0A2A2A20525F47AB
:10A6A00050545F436C6F7365204150492066616967
:10A6B0006C6564202A2A0D0A000000005B45525296
:10A6C0005D20496E2046756E6374696F6E3A202571
:10A6D0007328292C20257300342E312E30000000E1
:10A6E0000D0A2A2A2A2A2A2A2A2A2A2A2A2A2A2A07
:10A6F0002A2A2A2A2A2A2A2A2A2A2A2A2A2A2A2ABA
:10A700002A2A2A2A2A2A2A2A2A2A2A2A2A2A2A2AA9
:10A710002A2A2A2A2A2A2A2A2A2A2A2A2A2A2A2A99
:10A720002A2A2A2A0D0A2A20202052656E65736182
:10A730007320465350204578616D706C65205072CF
:10A740006F6A65637420666F7220725F6770742031
:10A750004D6F64756C652020202020202020202053
:10A76000202020202020202A0D0A2A202020457881
:10A77000616D706C652050726F6A656374205665F8
:10A780007273696F6E2025732020202020202020E6
:10A7900020202020202020202020202020202020B9
:10A7A00020202020202020202A0D0A2A2020204698
:10A7B0006C657820536F66747761726520506163B1
:10A7C0006B2056657273696F6E2025642E25642E8A
:10A7D0002564202020202020202020202020202030
:10A7E0002020202020202020202020202020202A5F
:10A7F0000D0A2A2A2A2A2A2A2A2A2A2A2A2A2A2AF6
:10A800002A2A2A2A2A2A2A2A2A2A2A2A2A2A2A2AA8
:10A810002A2A2A2A2A2A2A2A2A2A2A2A2A2A2A2A98
:10A820002A2A2A2A2A2A2A2A2A2A2A2A2A2A2A2A88
:10A830002A2A2A2A0D0A526566657220746F2072D0
:10A840006561646D652E7478742066696C65206638
:10A850006F72206D6F72652064657461696C73201E
:10A860006F6E204578616D706C652050726F6A65FF
:10A87000637420616E640D0A4653502055736572EF
:10A880002773204D616E75616C20666F72206D6F4D
:10A89000726520696E666F726D6174696F6E20619A
:10A8A000626F757420725F67707420647269766578
:10A8B000720D0A000D0A546865206578616D706C30
:10A8C000652070726F6A6563742064656D6F6E7366
:10A8D000747261746573207468652066756E637444
:10A8E000696F6E616C697479206F662047505420DF
:10A8F000496E7075740D0A63617074757265206DB0
:10A900006F64756C652E2047505434206973207530
:10A9100073656420746F2067656E6572617465206D
:10A92000706572696F6469632070756C73657320FC
:10A930006F66203530300D0A6D696C6C6973656324
:10A940006F6E6473206475726174696F6E20616EDE
:10A95000642070726F766964656420617320696E2B
:10A9600070757420746F2047505420496E70757450
:10A9700020636170747572650D0A2847505433293D
:10A980002E204750543320636F756E7473207468A3
:10A9900065206576656E742070756C7365207265D0
:10A9A0006365697665642061742069747320696EDB
:10A9B0007075742E2042617365640D0A6F6E207489
:10A9C000686520706572696F6420616E64206361E0
:10A9D0007074757265206576656E742C2074686578
:10A9E0002074696D6520706572696F64206F6620E0
:10A9F00070756C73652069730D0A63616C63756CA7
:10AA00006174656420616E6420646973706C61793F
:10AA10006564206F6E2052545420566965776572C4
:10AA20002E0D0A000D0A2A2A20525F4750545F4F0C
:10AA300070656E20415049206661696C6564202A0A
:10AA40002A0D0A000D0A52657475726E6564204500
:10AA500072726F7220436F64653A20307825780DEA
:10AA60000A0000000D0A2A2A20525F4750545F4511
:10AA70006E61626C6520415049206661696C656455
:10AA8000202A2A0D0A0000000D0A2A2A20525F47B8
:10AA900050545F537461727420415049206661695B
:10AAA0006C6564202A2A0D0A000000000D0A2A2A7B
:10AAB00020525F4750545F496E666F47657420416E
:10AAC0005049206661696C6564202A2A0D0A0000DD
:10AAD00025302E35660000000D0A50756C73652018
:10AAE0007769647468206D6561737572656D656EF4
:10AAF000742076616C756528696E207365636F6E6E
:10AB00006429202D2025730D0A000000494E4600BF
:10AB1000696E66004E414E006E616E003031323318
:10AB20003435363738396162636465660000000089
:10AB30003031323334353637383941424344454673
:10AB400000000000286E756C6C290000496E666973
:10AB50006E697479000000004E614E0042616C6CB9
:10AB60006F6320737563636565646564000000004E
:10AB70002F646174612F6A656E6B696E732F776FD6
:10AB8000726B73706163652F474E552D746F6F6CD8
:10AB9000636861696E2F61726D2D31332F7372633B
:10ABA0002F6E65776C69622D63796777696E2F6E9A
:10ABB00065776C69622F6C6962632F7374646C696A
:10ABC000622F64746F612E63000000002E0000008D
:10ABD0004C435F434F4C4C41544500004C435F4352
:10ABE00054595045000000004C435F4D4F4E4554B2
:10ABF000415259004C435F4E554D45524943000068
:10AC00004C435F54494D45004C435F4D45535341C0
:10AC1000474553002F646174612F6A656E6B696EDE
:10AC2000732F776F726B73706163652F474E552D6D
:10AC3000746F6F6C636861696E2F61726D2D313353
:10AC40002F7372632F6E65776C69622D63796777F6
:10AC5000696E2F6E65776C69622F6C6962632F7302
:10AC600074646C69622F6D707265632E63000000FE
:10AC700000000000000054545220524547474553FD
:10AC80000000000030313233343536373839414234
:10AC9000434445466770745F6465696E697400007B
:10ACA00068616C5F656E74727900000054CF0008B3
:10ACB00048CF0008F0B200080000000000000000CB
:10ACC000000000000000008003006101E94000086E
:10ACD00000000000D8AC00080000000000010000E7
:10ACE000000400000001000000040000000000005B
:10ACF00000000000000000000000000404046201E5
:10AD0000DFFFDFFFDFFF00000000000000000000A9
:10AD100000000000000000000000000000030143EC
:10AD20000000000000E1F5050000000080F0FA02DC
:10AD30000404DFFF000000000000000040AD000838
:10AD40000100000000000000000000000000000002
:10AD500000000000000000000000000000000000F3
:10AD6000000004040404DFFFDFFFDFFFDFFF00005B
:10AD700000000000000000000000000000000000D3
:10AD800000000000000401430200000094AD000830
:10AD9000ACAC00080004010A060300000004010A2C
:10ADA00004050000B600760047024702470247024A
:10ADB000470247024702470247024702470247024B
:10ADC000470247024702470247024702470247023B
:10ADD000470247024702470247024702470247022B
:10ADE000470247024702470247024702470247021B
:10ADF000470247024702470247024702470247020B
:10AE000047024702470247024702470247024702FA
:10AE100047024702470247024702470247024702EA
:10AE200047024702470247024702470247024702DA
:10AE300047024702470247024702470247024702CA
:10AE400047024702470247024702470247024702BA
:10AE500047024702470247024702470247024702AA
:10AE6000470247024702470247024702470247029A
:10AE7000470247024702470247024702470247028A
:10AE8000470247024702470247024702470247027A
:10AE9000470247024702470247024702470247026A
:10AEA00047020000F0F0F002F0F004F0F006F0F0DD
:10AEB00008F0F0F0F0F0000000000000F0F0F0F01A
:10AEC000F0F0F0F0F0F0F0F000F0F0F0F0F0F0F072
:10AED000F0F0F0F0F0F0F0F0F0F0F0F0F0F0F0F072
:10AEE000F0F0F0F0F0F0F0F0F0F0F0F0F0F0F0F062
:10AEF000F0F0F0F0F0F0F0F0F0F0F0F0F0F0F0F052
:10AF0000F0F00000F000F00000000000F002F0F0AF
:10AF100004F0F006F0F008F0F0F0F0F0F0F0F000DF
:10AF200000000000F0F0F0F0F0F0F0F0F0F0F0F0E1
:10AF3000F0F000000000000000000000F0F0F00061
:10AF4000F0000000F0F0F0F000000000F0F0F0F091
:10AF5000F0F0F0F0F0F0F0F0F0F0F0F000000000B1
:10AF600000000000000000000000000000000000E1
:10AF700000000000000000000000000000000000D1
:10AF800000000000F0F0F0F0000000000A0C0E10CD
:10AF9000121416181A1C1E000204060816180000C7
:10AFA000000000001A1C1E00020406080A0C0E1005
:10AFB00012140000080A0C0E1012140016181A1CA5
:10AFC0001E0A0C000E10121416181A1C1E00020481
:10AFD00006080000000000000000000016181A1CFF
:10AFE0001E00020406080A0C0E10121400020400CF
:10AFF0000000000006080A0C0E10121416181A1C85
:10B000001E1416181A1C1E00000000001214161838
:10B010001A1C1E00020406080A0C000000000000B2
:10B0200000000000080A0C0E100000000E101214A0
:10B030000000000000020406181A1C1E080A0C0E6C
:10B0400010121416000000000000000000000000B4
:10B0500000000000000000000000000000000000F0
:10B0600000000000000000000000000000020406D4
:10B070000000000030303030303030303030303090
:10B080003030303020202020202020202020202080
:10B090002020202005000000190000007D00000095
:10B0A0000080E03779C34143176E05B5B5B89346C4
:10B0B000F5F93FE9034F384D321D30F94877825A90
:10B0C0003CBF737FDD4F1575000000000000F03FAE
:10B0D0000000000000002440000000000000594073
:10B0E0000000000000408F40000000000088C340C6
:10B0F00000000000006AF8400000000080842E413B
:10B1000000000000D01263410000000084D7974186
:10B110000000000065CDCD41000000205FA002428C
:10B12000000000E876483742000000A2941A6D4201
:10B13000000040E59C30A2420000901EC4BCD642F4
:10B1400000003426F56B0C430080E03779C341439F
:10B1500000A0D8855734764300C84E676DC1AB4315
:10B16000003D9160E458E143408CB5781DAF154433
:10B1700050EFE2D6E41A4B4492D54D06CFF080440E
:10B18000F64AE1C7022DB544B49DD9794378EA4423
:10B1900000202020202020202020282828282820A7
:10B1A000202020202020202020202020202020209F
:10B1B0002088101010101010101010101010101007
:10B1C00010040404040404040404041010101010F7
:10B1D00010104141414141410101010101010101C1
:10B1E0000101010101010101010101011010101013
:10B1F0001010424242424242020202020202020293
:10B2000002020202020202020202020210101010E6
:10B21000200000000000000000000000000000000E
:10B22000000000000000000000000000000000001E
:10B23000000000000000000000000000000000000E
:10B2400000000000000000000000000000000000FE
:10B2500000000000000000000000000000000000EE
:10B2600000000000000000000000000000000000DE
:10B2700000000000000000000000000000000000CE
:10B2800000000000000000000000000000000000BE
:10B29000000000001000000000000000017A5200D1
:10B2A000027C0E011B0C0D001400000018000000B1
:10B2B000CCA5FFFFEC00000000024D0A430B00008C
:10B2C000022800D0704703498B68002BFAD002484F
:10B2D000F9F700BA88AD00083CCF0008704700BFFE
:08B2E0009CA5FF7F01000000A6
:04B2E8000000000062
:10B2F000000000010000000000010000000000014B
:10B30000000000000001000010B300080000000071
:10B310000000000024D700088CD70008F4D70008EC
:10B32000000000000000000000000000000000001D
:10B33000000000000000000000000000000000000D
:10B3400000000000000000000000000000000000FD
:10B3500000000000000000000000000000000000ED
:10B3600000000000000000000000000000000000DD
:10B3700000000000000000000000000000000000CD
:10B3800000000000000000000000000000000000BD
:10B3900000000000000000000000000000000000AD
:10B3A000000000000000000001000000000000009C
:10B3B0000E33CDAB34126DE6ECDE05000B00000061
:10B3C000000000000000000000000000000000007D
:10B3D000000000000000000000000000000000006D
:10B3E000000000000000000000000000000000005D
:10B3F000000000000000000000000000000000004D
:10B40000000000000000000000000000000000003C
:10B41000000000000000000000000000000000002C
:10B42000000000000000000000000000000000001C
:10B43000000000000000000000000000000000000C
:10B4400000000000000000000000000000000000FC
:10B45000FFFFFFFF000002000000000000000000EE
:10B4600058B4000858B4000860B4000860B400087C
:10B4700068B4000868B4000870B4000870B400082C
:10B4800078B4000878B4000880B4000880B40008DC
:10B4900088B4000888B4000890B4000890B400088C
:10B4A00098B4000898B40008A0B40008A0B400083C
:10B4B000A8B40008A8B40008B0B40008B0B40008EC
:10B4C000B8B40008B8B40008C0B40008C0B400089C
:10B4D000C8B40008C8B40008D0B40008D0B400084C
:10B4E000D8B40008D8B40008E0B40008E0B40008FC
:10B4F000E8B40008E8B40008F0B40008F0B40008AC
:10B50000F8B40008F8B4000800B5000800B5000859
:10B5100008B5000808B5000810B5000810B5000807
:10B5200018B5000818B5000820B5000820B50008B7
:10B5300028B5000828B5000830B5000830B5000867
:10B5400038B5000838B5000840B5000840B5000817
:10B5500048B5000848B5000850B5000850B50008C7
:10B5600058B5000858B5000860B5000860B5000877
:10B5700068B5000868B5000870B5000870B5000827
:10B5800078B5000878B5000880B5000880B50008D7
:10B5900088B5000888B5000890B5000890B5000887
:10B5A00098B5000898B50008A0B50008A0B5000837
:10B5B000A8B50008A8B50008B0B50008B0B50008E7
:10B5C000B8B50008B8B50008C0B50008C0B5000897
:10B5D000C8B50008C8B50008D0B50008D0B5000847
:10B5E000D8B50008D8B50008E0B50008E0B50008F7
:10B5F000E8B50008E8B50008F0B50008F0B50008A7
:10B60000F8B50008F8B5000800B6000800B6000854
:10B6100008B6000808B6000810B6000810B6000802
:10B6200018B6000818B6000820B6000820B60008B2
:10B6300028B6000828B6000830B6000830B6000862
:10B6400038B6000838B6000840B6000840B6000812
:10B6500048B6000848B6000850B6000850B60008C2
:10B6600058B6000858B6000860B6000860B6000872
:10B6700068B6000868B6000870B6000870B6000822
:10B6800078B6000878B6000880B6000880B60008D2
:10B6900088B6000888B6000890B6000890B6000882
:10B6A00098B6000898B60008A0B60008A0B6000832
:10B6B000A8B60008A8B60008B0B60008B0B60008E2
:10B6C000B8B60008B8B60008C0B60008C0B6000892
:10B6D000C8B60008C8B60008D0B60008D0B6000842
:10B6E000D8B60008D8B60008E0B60008E0B60008F2
:10B6F000E8B60008E8B60008F0B60008F0B60008A2
:10B70000F8B60008F8B6000800B7000800B700084F
:10B7100008B7000808B7000810B7000810B70008FD
:10B7200018B7000818B7000820B7000820B70008AD
:10B7300028B7000828B7000830B7000830B700085D
:10B7400038B7000838B7000840B7000840B700080D
:10B7500048B7000848B7000850B7000850B70008BD
:10B7600058B7000858B7000860B7000860B700086D
:10B7700068B7000868B7000870B7000870B700081D
:10B7800078B7000878B7000880B7000880B70008CD
:10B7900088B7000888B7000890B7000890B700087D
:10B7A00098B7000898B70008A0B70008A0B700082D
:10B7B000A8B70008A8B70008B0B70008B0B70008DD
:10B7C000B8B70008B8B70008C0B70008C0B700088D
:10B7D000C8B70008C8B70008D0B70008D0B700083D
:10B7E000D8B70008D8B70008E0B70008E0B70008ED
:10B7F000E8B70008E8B70008F0B70008F0B700089D
:10B80000F8B70008F8B7000800B8000800B800084A
:10B8100008B8000808B8000810B8000810B80008F8
:10B8200018B8000818B8000820B8000820B80008A8
:10B8300028B8000828B8000830B8000830B8000858
:10B8400038B8000838B8000840B8000840B8000808
:10B8500048B8000848B8000850B8000850B80008B8
:10B860004300000000000000000000000000000095
:10B8700000000000000000000000000000000000C8
:10B880004300000000000000000000000000000075
:10B8900000000000000000000000000000000000A8
:10B8A0004300000000000000000000000000000055
:10B8B0000000000000000000000000000000000088
:10B8C0004300000000000000000000000000000035
:10B8D0000000000000000000000000000000000068
:10B8E0004300000000000000000000000000000015
:10B8F0000000000000000000000000000000000048
:10B9000043000000000000000000000000000000F4
:10B910000000000000000000000000000000000027
:10B9200043000000000000000000000000000000D4
:10B930000000000000000000000000000000000007
:10B9400099910008199200080000000090B10008C9
:10B95000CCAB0008B8A60008B8A60008B8A6000836
:10B96000B8A60008B8A60008B8A60008B8A600083F
:10B97000B8A60008B8A60008FFFFFFFFFFFFFFFF03
:10B98000FFFFFFFFFFFF0000010041534349490053
:10B9900000000000000000000000000000000000A7
:10B9A000000000000000000000004153434949002E
:10B9B0000000000000000000000000000000000087
:0CB9C0000000000000000000000000007B
:0400000508002809BE
:00000001FF
