:020000041000EA
:1000000054040014C0035FD600000000000000008C
:1000100000000000000000000000000000000000E0
:1000200000000000000000000000000000000000D0
:1000300000000000000000000000000000000000C0
:1000400000000000000000000000000000000000B0
:1000500000000000000000000000000000000000A0
:100060000000000000000000000000000000000090
:100070000000000000000000000000000000000080
:1000800004050014C0035FD600000000000000005B
:100090000000000000000000000000000000000060
:1000A0000000000000000000000000000000000050
:1000B0000000000000000000000000000000000040
:1000C0000000000000000000000000000000000030
:1000D0000000000000000000000000000000000020
:1000E0000000000000000000000000000000000010
:1000F0000000000000000000000000000000000000
:1001000090040014C0035FD600000000000000004F
:1001100000000000000000000000000000000000DF
:1001200000000000000000000000000000000000CF
:1001300000000000000000000000000000000000BF
:1001400000000000000000000000000000000000AF
:10015000000000000000000000000000000000009F
:10016000000000000000000000000000000000008F
:10017000000000000000000000000000000000007F
:100180007F2003D5F7030014C0035FD600000000F2
:10019000000000000000000000000000000000005F
:1001A000000000000000000000000000000000004F
:1001B000000000000000000000000000000000003F
:1001C000000000000000000000000000000000002F
:1001D000000000000000000000000000000000001F
:1001E000000000000000000000000000000000000F
:1001F00000000000000000000000000000000000FF
:10020000DC030014C0035FD6000000000000000003
:1002100000000000000000000000000000000000DE
:1002200000000000000000000000000000000000CE
:1002300000000000000000000000000000000000BE
:1002400000000000000000000000000000000000AE
:10025000000000000000000000000000000000009E
:10026000000000000000000000000000000000008E
:10027000000000000000000000000000000000007E
:1002800084040014C0035FD60000000000000000DA
:10029000000000000000000000000000000000005E
:1002A000000000000000000000000000000000004E
:1002B000000000000000000000000000000000003E
:1002C000000000000000000000000000000000002E
:1002D000000000000000000000000000000000001E
:1002E000000000000000000000000000000000000E
:1002F00000000000000000000000000000000000FE
:1003000010040014C0035FD60000000000000000CD
:1003100000000000000000000000000000000000DD
:1003200000000000000000000000000000000000CD
:1003300000000000000000000000000000000000BD
:1003400000000000000000000000000000000000AD
:10035000000000000000000000000000000000009D
:10036000000000000000000000000000000000008D
:10037000000000000000000000000000000000007D
:100380007F2003D57F030014C0035FD60000000068
:10039000000000000000000000000000000000005D
:1003A000000000000000000000000000000000004D
:1003B000000000000000000000000000000000003D
:1003C000000000000000000000000000000000002D
:1003D000000000000000000000000000000000001D
:1003E000000000000000000000000000000000000D
:1003F00000000000000000000000000000000000FD
:100400007F2003D563030014C0035FD60000000003
:1004100000000000000000000000000000000000DC
:1004200000000000000000000000000000000000CC
:1004300000000000000000000000000000000000BC
:1004400000000000000000000000000000000000AC
:10045000000000000000000000000000000000009C
:10046000000000000000000000000000000000008C
:10047000000000000000000000000000000000007C
:100480007F2003D547030014C0035FD6000000009F
:10049000000000000000000000000000000000005C
:1004A000000000000000000000000000000000004C
:1004B000000000000000000000000000000000003C
:1004C000000000000000000000000000000000002C
:1004D000000000000000000000000000000000001C
:1004E000000000000000000000000000000000000C
:1004F00000000000000000000000000000000000FC
:100500007F2003D52B030014C0035FD6000000003A
:1005100000000000000000000000000000000000DB
:1005200000000000000000000000000000000000CB
:1005300000000000000000000000000000000000BB
:1005400000000000000000000000000000000000AB
:10055000000000000000000000000000000000009B
:10056000000000000000000000000000000000008B
:10057000000000000000000000000000000000007B
:100580007F2003D50F030014C0035FD600000000D6
:10059000000000000000000000000000000000005B
:1005A000000000000000000000000000000000004B
:1005B000000000000000000000000000000000003B
:1005C000000000000000000000000000000000002B
:1005D000000000000000000000000000000000001B
:1005E000000000000000000000000000000000000B
:1005F00000000000000000000000000000000000FB
:100600007F2003D5F3020014C0035FD60000000072
:1006100000000000000000000000000000000000DA
:1006200000000000000000000000000000000000CA
:1006300000000000000000000000000000000000BA
:1006400000000000000000000000000000000000AA
:10065000000000000000000000000000000000009A
:10066000000000000000000000000000000000008A
:10067000000000000000000000000000000000007A
:100680007F2003D5D7020014C0035FD6000000000E
:10069000000000000000000000000000000000005A
:1006A000000000000000000000000000000000004A
:1006B000000000000000000000000000000000003A
:1006C000000000000000000000000000000000002A
:1006D000000000000000000000000000000000001A
:1006E000000000000000000000000000000000000A
:1006F00000000000000000000000000000000000FA
:100700007F2003D5BB020014C0035FD600000000A9
:1007100000000000000000000000000000000000D9
:1007200000000000000000000000000000000000C9
:1007300000000000000000000000000000000000B9
:1007400000000000000000000000000000000000A9
:100750000000000000000000000000000000000099
:100760000000000000000000000000000000000089
:100770000000000000000000000000000000000079
:0C0780007F2003D59F020014C0035FD649
:1010000000000090002040F900003FD60000009052
:10101000002440F9E00300AA0100805201000039D9
:1010200000000090002840F9E00300AA210080524F
:101030000100003977000014C0035FD61F2003D5DC
:10104000F03C00100000000000B1001000000000A3
:10105000F83C00100000000000000000000000004C
:101060009F3F03D51F7508D5BF3F03D5220039D553
:10107000406858D303084092A30500B4040080D20E
:101080000C000014080500D1091C00530921C99A5D
:10109000290105AACA1C0053EA20CA9A29010AAAF2
:1010A000497608D508FFFFB5870300B58404009191
:1010B0009F0003EB82030054600080D2807C009B81
:1010C000001C00534024C09A000840921F0800F101
:1010D000E3FEFF5485F87FD3E00305AA00001AD58C
:1010E0009F3F03D5000039D501084092261000919A
:1010F000013043D321244092076C4DD3E73840920E
:101100002010C05A007C40D31F8000F181000054A1
:10111000000400D102000014E70400D1E80301AA92
:10112000DAFFFF179F3F03D5DF3F03D50000009094
:1011300000A440F9E00300AA210080520100003918
:1011400034000014C0035FD600B10010000000009E
:10115000C0035FD600000000000000000000000097
:10116000C0035FD600000000000000000000000087
:10117000C0035FD600000000000000000000000077
:10118000C0035FD600000000000000000000000067
:10119000C0035FD600000000000000000000000057
:1011A000C0035FD600000000000000000000000047
:1011B000C0035FD600000000000000000000000037
:1011C000C0035FD600000000000000000000000027
:1011D000C0035FD600000000000000000000000017
:1011E000C0035FD600000000000000000000000007
:1011F000C0035FD6000000000000000000000000F7
:10120000C0035FD6000000000000000000000000E6
:101210004005005800C01ED500C01CD500C018D520
:10122000000080D200101ED500101CD5001018D56B
:1012300000000090005841F9E10300AA3F0000912E
:10124000000080D240111ED540111CD51F111ED5A3
:10125000DF3F03D5010080522100153221001632F4
:1012600021001D3221001E3221001F3201111ED526
:10127000DF3F03D50200B0D202111CD5A00038D543
:10128000A0001CD5000038D500001CD51F211CD59E
:1012900000088F52A02FA072E00300AA00E01BD527
:1012A0001F870ED51F7108D506000014C0035FD636
:1012B00058F00310000000000000001000000000C3
:1012C000FD7BBFA9FD0300918608009400018052B8
:1012D0000008009400008CD22025B0F2010000909C
:1012E000259C41F9040440D1010040B9E65E8B120F
:1012F000E35E8B5202A094522100062A213C001288
:10130000010000B9852000B9010040B92100030A9D
:101310002100022A010000B9BF3F03D58004B0D2EA
:1013200021008052019C01B90A010014FD7BC1A873
:10133000C0035FD61F2003D560100010000000001E
:10134000FE7FBFA9FC77BFA9FA6FBFA9F867BFA945
:10135000F65FBFA9F457BFA9F24FBFA9F047BFA9D5
:10136000EE3FBFA9EC37BFA9EA2FBFA9E827BFA965
:10137000E61FBFA9E417BFA9E20FBFA9E007BFA9F5
:1013800000443BD521443BD5E007BFA9FE7FBFAD5C
:10139000FC77BFADFA6FBFADF867BFADF65FBFAD0D
:1013A000F457BFADF24FBFADF047BFADEE3FBFAD9D
:1013B000EC37BFADEA2FBFADE827BFADE61FBFAD2D
:1013C000E417BFADE20FBFADE007BFAD03403ED5B0
:1013D00022403ED5E20FBFA972000094E417C1A8D5
:1013E00005401ED524401ED59F3F03D5DF3F03D5C2
:1013F000E007C1ACE20FC1ACE417C1ACE61FC1AC61
:10140000E827C1ACEA2FC1ACEC37C1ACEE3FC1ACB0
:10141000F047C1ACF24FC1ACF457C1ACF65FC1AC00
:10142000F867C1ACFA6FC1ACFC77C1ACFE7FC1AC50
:10143000E007C1A800441BD521441BD5E007C1A883
:10144000E20FC1A8E417C1A8E61FC1A8E827C1A8F8
:10145000EA2FC1A8EC37C1A8EE3FC1A8F047C1A848
:10146000F24FC1A8F457C1A8F65FC1A8F867C1A898
:10147000FA6FC1A8FC77C1A8FE7FC1A8E0039FD680
:10148000C0035FD600000000000000000000000064
:10149000BF4000D5E007BFA9E20FBFA9E417BFA96D
:1014A000E61FBFA9E827BFA9EA2FBFA9EC37BFA94C
:1014B000EE3FBFA9F047BFA9F24FBFA9FD7BBFA96F
:1014C00010000094FD7BC1A8F24FC1A8F047C1A84D
:1014D000EE3FC1A8EC37C1A8EA2FC1A8E827C1A8F0
:1014E000E61FC1A8E417C1A8E20FC1A8E007C1A880
:1014F000E0039FD6C0035FD600000000000000009C
:10150000FD7BBEA9FD030091F30B00F939030094A4
:101510001F7C00711380005169020054000000908C
:1015200001BC42F921CC338B0000009000C442F989
:101530000200009043C842F90200403944040011FF
:1015400004000039737822B8BF3F03D5200040F96A
:1015500000003FD6E003132AF30B40F9FD7BC2A83D
:1015600018030014E103002A0000009000C042F9B3
:10157000014C218BEDFFFF1718A90210000000009D
:101580000050001000000000085100100000000092
:1015900010510010000000000000000000000000DA
:1015A000FD7BBDA9FD030091F51300F90D03009427
:1015B000E103002A00F00F511F0C007109050054CF
:1015C00015008052F35301A900000090134443F921
:1015D00000000090004843F9348000516202403915
:1015E0004304001163020039147822B8BF3F03D5C9
:1015F000FF4103D5DF3F03D53F7C00710802005453
:1016000000000090005043F9005861F800003FD6F8
:10161000DF4103D5DF3F03D561024039E003142ADF
:101620002104005161020039F35341A9350100350D
:10163000F51340F9FD7BC3A8DA0200140000009006
:10164000004C43F900D874F800003FD6F1FFFF17B3
:10165000F51340F9FD7BC3A8DA020014E5020094FB
:10166000E103002A00F00F51350080521F0C007179
:1016700069000054F35301A9D4FFFF17F51340F993
:10168000FD7BC3A8EB05001408510010000000000A
:10169000105100100000000018A902100000000006
:1016A00000500010000000000000000000000000DA
:1016B000FD7BBFA9FD030091EA0300944D04009453
:1016C0004404009433040094FD7BC1A83904001441
:1016D000FD7BBEA960008052FD030091F30B00F971
:1016E00018070094200282522000A0729D070094E7
:1016F00060008052C3060094E00180D2A0CC1ED5C9
:10170000330080D2B3CC18D5400080D260C818D541
:1017100060CC18D500068052C201009441020094AA
:10172000E003132A93020094E01F80D2004618D5EC
:10173000E003132A17020094600080D2E0CC1ED58B
:10174000F30B40F9FD7BC2A8C0035FD60000000088
:10175000FD7BBEA9FD030091F35301A90000009099
:10176000140844F9800240396003003700000090FB
:10177000130C44F9000080524E0900946002403975
:1017800020030036200080524A0900941101009481
:101790003401009460024039000300364D04009487
:1017A000C4FFFF9747010094400080524109009414
:1017B00060024039C0010036C6FFFF97AD050094B6
:1017C000000080D29B4A00949F020039AD3D0094F6
:1017D0000000001400000090130C44F97F0200394F
:1017E000E5FFFF1747040094E7FFFF170D00009483
:1017F000E8000094F1FFFF17CE0300946002403927
:10180000E0FC07376F070094E5FFFF171F2003D5A3
:10181000F83C00100000000000B1001000000000C3
:10182000FD7BB9A960008052FD030091F35301A92B
:10183000F55B02A9F76303A9F96B04A9FB7305A97A
:10184000C0060094000000901B8445F90000009041
:101850001A8845F900000090198C45F900000090A5
:10186000189045F900000090179445F90000009089
:10187000169845F900000090159C45F9000000906D
:1018800014A045F90000009013A445F90000009051
:101890001EA845F90000009012AC45F90000009028
:1018A00011B045F90000009010B445F90000009017
:1018B0000FB845F9000000900EBC45F9058082D2B2
:1018C0002525B0F20000009000C045F9AD0004915C
:1018D000AC000891AB000C91AA001091A9001491E2
:1018E000A8001891A7001C91820080D2010080D22C
:1018F000030080D2E03700F960F07DD3646B61B8FB
:101900001C00058B666B62B863040091046825B8FF
:1019100004000D8B860700B91C000C8B466B61B868
:101920007F4000F106682DB8466B62B8860400B9A6
:1019300004000B8B266B61B806682CB8266B62B866
:10194000860700B91C000A8B066B61B806682BB8C5
:10195000066B62B8860400B90400098BE66A61B8B8
:1019600006682AB8E66A62B8860700B91C00088BC8
:10197000C66A61B8066829B8C66A62B8860400B942
:101980000400078BA66A61B8066828B8A66A62B820
:10199000860700B9068083D22625B0F21C00068B8C
:1019A000866A61B8066827B8866A62B8860400B994
:1019B00004A083D22425B0F20600048BE63300F99C
:1019C000068083D22625B0F2646A61B8046826B81E
:1019D000646A62B8840700B9048080D22425B0F21A
:1019E0001C00048B04A083D22425B0F2C66B61B81E
:1019F000066824B8E63340F9C46B62B8C40400B981
:101A000004A080D22425B0F20600048B840004D107
:101A1000E63300F9466A61B8066824B8466A62B8D7
:101A2000860700B906C080D22625B0F21C00068BBE
:101A3000C60004D1246A61B8046826B8E63340F9C8
:101A4000246A62B8C40400B904E080D22425B0F24C
:101A50000600048BE63300F906C080D22625B0F2DA
:101A6000046A61B8046826B8046A62B8840700B9D9
:101A7000040081D22425B0F21C00048B840004D120
:101A8000E66961B8066824B8E63340F9E46962B8EB
:101A9000C40400B9042081D22425B0F2060081D20A
:101AA0002625B0F20400048BE43300F9C46961B860
:101AB000046826B8C46962B8E63740F9840700B9FB
:101AC000042081D22425B0F2DC6861B82120009185
:101AD0001C6824B8E43340F9C06862B84220009121
:101AE000800400B9A1F0FF54F35341A96000805273
:101AF000F55B42A9F76343A9F96B44A9FB7345A9B8
:101B0000FD7BC7A8BF05001490CF021000000000A5
:101B100010CF02100000000090CE02100000000064
:101B200010CE02100000000090CD02100000000056
:101B300010CD02100000000090CC02100000000048
:101B400010CC02100000000090CB0210000000003A
:101B500010CB02100000000090CA0210000000002C
:101B600010CA02100000000090C90210000000001E
:101B700010C902100000000090C802100000000010
:101B800010C802100000000000000000000000006B
:101B90000084B1D2010040B981010037010040B991
:101BA00002088F52A22FA07221781F12010000B9E3
:101BB000022000B91F0800B91F0C00B9010040B98C
:101BC00021000032010000B9C0035FD60000000010
:101BD000C0035FD60000000000000000000000000D
:101BE000FF8300D1E10700F9E10740F9210300B4C8
:101BF000E10740F921FC43D3010300B4010C018B40
:101C0000E20300AA002000913F0000EB5F0000F912
:101C100081FFFF54E00740F900084092E00F00F90F
:101C2000E00F40F9400100B4E00F40F9000100B4BA
:101C3000000080D21F2003D53F68203800040091A7
:101C4000E20F40F95F0000EB88FFFF549F3F03D590
:101C5000FF830091C0035FD6E10300AAEEFFFF17E8
:101C6000FD7BBFA9FD03009100000090015046F9E3
:101C700000000090005446F9210000CBD9FFFF97E7
:101C8000FD7BC1A800000090015846F900000090BB
:101C9000005C46F9210000CBD2FFFF171F2003D5BF
:101CA00000B1001000000000005000100000000013
:101CB0005850031000000000B04303100000000063
:101CC000FD7BBDA9FD030091F35301A90000009025
:101CD00014AC46F9F51300F90000009015B046F970
:101CE000940215CB9F0200F12D01005494FE439302
:101CF000130080D21F2003D5A07A73F873060091D9
:101D000000003FD69F0213EB8CFFFF5400000090B1
:101D100014B446F90000009015B846F9940215CBAA
:101D20009F0200F194FE4393ED000054130080D213
:101D3000A07A73F87306009100003FD69F0213EB60
:101D40008CFFFF54F35341A9F51340F9FD7BC3A861
:101D5000C0035FD61F2003D5A84303100000000076
:101D6000A843031000000000A84303100000000077
:101D7000A843031000000000000000000000000065
:101D800000000090010447F9001F80D23F0000B915
:101D9000004618D50360B0D200000090050847F94E
:101DA000A260B0D2610040B900000090040C47F975
:101DB00021080032A60040B9000080D2610000B9BD
:101DC000A10440B946000CB941040CB91F2003D549
:101DD00001080011827860B821000C910004009184
:101DE0001FF400F1627821B841FFFF54FF4F03D583
:101DF000DF3F03D5000580D28060B0F22100805221
:101E0000010000B9C0035FD60451001000000000BB
:101E100008C702100000000010C7021000000000F8
:101E20000160B0D200041C12200000B9C0035FD6CC
:101E300000800011022080D20260B0F221008052A6
:101E4000037C05532020C01A407823B8C0035FD616
:101E500000800011023080D20260B0F22100805276
:101E6000037C05532020C01A407823B8C0035FD6F6
:101E700000800011038080D20360B0F2E21F805224
:101E8000047C025300041D534220C01A657864B8D4
:101E90002120C01AA200220A2100022A617824B857
:101EA000C0035FD60000000000000000000000003A
:101EB000E000F837007C409303208CD20360B0F23E
:101EC000E203022A410001AA617820F8C0035FD62C
:101ED00000800011038081D20360B0F26200805262
:101EE000047C0453000C1F534220C01A657864B868
:101EF0002120C01AA200220A2100022A617824B8F7
:101F0000C0035FD6000000000000000000000000D9
:101F100000800011025080D20260B0F22100805295
:101F2000037C05532020C01A407823B8C0035FD635
:101F300002800011051080D20560B0F2001000127E
:101F4000427C0553230080522400030A210441D31C
:101F5000A70032916320C01AA67862B88420C01A04
:101F60002120C01AC000230A8000002AA07822B8CD
:101F7000E07862B80300230A2100032AE17822B83E
:101F8000C0035FD600000000000000000000000059
:101F9000810080D20160B0F20404419303004093B9
:101FA00022C447B8250480520518A47240100012BC
:101FB0000000050B00787ED3230000B921100091AA
:101FC000247C0CB93F0000EB81FFFF54C0035FD6B7
:101FD0000002F8370080001103029CD20360B0F2C7
:101FE00021000012047C045342008052000C1F5355
:101FF0004100014B62008052657864B84220C01AEB
:102000002020C01AA100220A0000012A607824B80A
:10201000C0035FD6000000000000000000000000C8
:10202000810480D28160B0F240008052200000B96B
:1020300020005FB800781E1220001FB820005FB893
:10204000A0001036214000D11F2003D5200040B948
:10205000C0FF1737C0035FD600000000000000007B
:10206000022080D2A260B0F2210080522120C01A4A
:10207000410000B9C0035FD600000000000000006E
:10208000023080D2A260B0F2210080522120C01A1A
:10209000410000B9C0035FD600000000000000004E
:1020A00003087E92A260B0D26300028B00041D532D
:1020B000E21F80524220C01A640044B92120C01A95
:1020C0008200220A2100022A610004B9C0035FD6FF
:1020D000031044D3A460B0D2000C1F53620080529E
:1020E0008308038B4220C01A2120C01A60004CB91B
:1020F0000200220A2100022A61000CB9C0035FD647
:10210000025080D2A260B0F2210080522120C01A79
:10211000410000B9C0035FD60000000000000000CD
:10212000041080D2A460B0F200100012230000124C
:10213000850040B9220080524220C01A210441D3B8
:10214000A500220A6320C01A6300052A830000B993
:102150002120C01A83804CB96200220A2100022A81
:1021600081800CB9C0035FD60000000000000000B1
:10217000011080D2A160B0F20200409300044193AC
:10218000220000B920800CB9C0035FD60000000017
:10219000000180D28060B0F2000440B9C0035FD675
:1021A000FF4300D100800011005C4092E00700F97D
:1021B000E00740F920C818D5FF430091C0035FD65F
:1021C000FF4300D100800011005C4092E00700F95D
:1021D000E00740F920CC18D5FF430091C0035FD63B
:1021E00000C838D5005C0012C0035FD600000000B4
:1021F00000CC38D5005C0012C0035FD600000000A0
:10220000FF4300D11F0400710600A8D2A0000054B3
:102210001F080071060082D20004A0D2C610809A66
:10222000600040F9FF0F00B9650840F9000002CBDB
:10223000E20F40B90008C69AA508C69A00707D93BF
:102240000000018BBF00026B6D0200541F2003D5FC
:10225000610C40F9E40300AA0020009122004092A2
:1022600061000036620440F9220002AAE10F40B981
:10227000820000F921040011E10F00B9610440F966
:10228000E20F40B92100068B610400F9BF00026B28
:102290000CFEFF54FF430091C0035FD60000000016
:1022A000E70300AAFD7BBCA9E87740B2FD030091DB
:1022B000000040F9E10440F9E00702A91F0008EB23
:1022C000E10840F9E11B00F9E20C40F9E21F00F9D6
:1022D0004804005402000090421C43F9E20F00F948
:1022E0000100018B0900B8D23F0009EB680A0054D5
:1022F0000900B0D23F0009EB081400540905009111
:102300003F0009EB490F0054E10F40F9240100CBD5
:10231000E3830091020080D240008052E41B00F968
:10232000B8FFFF97E41340F901000090E50840F979
:10233000840009CB212043F98400058BE20309AA1C
:1023400040008052E91300F9E41B00F9ADFFFF974C
:10235000FD7BC4A8C0035FD6E97B40B21F0009EB38
:10236000E803005402000090422043F9E20F00F914
:102370000100018B0A00B8D23F000AEB680C005440
:102380002A0500913F000AEB09130054E10F40F9C0
:10239000440100CB0205009140008052E38300918C
:1023A000E41B00F997FFFF9701000090E2030AAADF
:1023B000E41340F940008052212443F9EA1300F964
:1023C000E50840F984000ACB8400058BE41B00F982
:1023D0008CFFFF97FD7BC4A8C0035FD60800A8123E
:1023E0001F0008EB080700540100018B0A0500914B
:1023F0003F000AEB01000090212443F9E10F00F9AE
:10240000E9100054440100CB2205009140008052A5
:10241000E3830091E41B00F97AFFFF97010000902D
:10242000E2030AAAE41340F940008052212843F94C
:10243000EA1300F9E3FFFF170A050091E383009117
:10244000440100CBE10302AA40008052020080D286
:10245000E41B00F96BFFFF97EA1300F901000090FD
:10246000E2030AAA40008052EA1B00F9212043F946
:1024700064FFFF97EA1B00F9010000900200B0D250
:1024800040008052E21300F9212443F95DFFFF97D9
:10249000E91300F9E50040F901000090E40840F973
:1024A000E20309AA212843F98400058B840009CBA3
:1024B00040008052E41B00F952FFFF97FD7BC4A847
:1024C000C0035FD6E27F40B21F0002EBA8090054B0
:1024D0000100009002050091E383009140008052CA
:1024E000212843F947FFFF97BBFFFF17E10F40F992
:1024F000E3830091020080D24000805241FFFF97A9
:10250000FD7BC4A8C0035FD62B050091E10302AA9E
:10251000640100CBE38300910205009140008052EA
:10252000E41B00F90805009136FFFF97EB1300F953
:1025300001000090E2030BAA40008052E81B00F962
:10254000212443F92FFFFF97EA1300F9E50040F932
:1025500001000090E40840F9E2030AAA212843F9A7
:102560008400058B84000ACB40008052E41B00F9F4
:1025700024FFFF9798FFFF17E10F40F90A0500912C
:10258000440100CBE3830091020080D240008052DE
:10259000E41B00F91BFFFF97EA1300F9010000900C
:1025A000E2030AAA40008052EA1B00F9212043F905
:1025B00014FFFF97E91300F9E50040F901000090CE
:1025C000E40840F9E20309AA212443F98400058BB9
:1025D00084000ACB40008052E41B00F909FFFF97FA
:1025E000FD7BC4A8C0035FD6E10F40F9020500914E
:1025F000E38300914000805202FFFF9776FFFF17B0
:1026000000000090012C43F942040091E383009103
:1026100020008052FBFEFF976FFFFF17E10F40F98C
:1026200022050091E383009140008052F5FEFF9760
:1026300069FFFF171F2003D500A000100000000055
:10264000009000100000000000800010000000005A
:10265000007000100000000020B00010000000001A
:10266000FD7BBFA9FD03009100000090007C43F9B1
:102670000100003201201ED5010000902C9043F98A
:1026800001000090248043F901000090238443F965
:1026900001000090228843F901000090218C43F949
:1026A0008D011891840440B2630440B2420440B2E8
:1026B000210440B2040C00A9020401A91F2003D583
:1026C000E0030CAA8C810091F6FEFF97BF010CEB92
:1026D00081FFFF54E09F88D20080A0F20081C1F208
:1026E00000A21ED5A0A386D22010B0F240201ED595
:1026F000FD7BC1A8C0035FD600B000100000000041
:1027000000A0001000000000009000100000000079
:1027100000800010000000000070001000000000A9
:10272000003D00100000000000000000000000005C
:10273000FD7BBFA960008052FD030091010300945E
:10274000012080D22125B0F20240A05260008052C8
:10275000220000B9220400B9220800B9220C00B9F5
:10276000221000B9221400B9220010B9220410B9B5
:10277000220810B9220C10B9221010B9221410B975
:10278000221810B9FD7BC1A89E02001400000000B1
:1027900000103ED59F3F03D5000074B200101ED537
:1027A000DF3F03D5C0035FD600000000000000003B
:1027B00000103ED59F3F03D500007EB200101ED50D
:1027C000DF3F03D5C0035FD600000000000000001B
:1027D00000103ED59F3F03D5000040B200101ED52B
:1027E000DF3F03D5C0035FD60000000000000000FB
:1027F0009F3F03D51F7508D5BF3F03D52B0039D5A3
:102800006A6958D38A0500B44A010A8B050080D250
:1028100009008052EC03805205000014A5080091C5
:10282000290D00115F0105EB200400546025C99AB1
:102830001F047FF240FFFF5405001AD59F3F03D5C8
:10284000040039D5863043D388084092DF0000F178
:10285000C310C05A63108C1A08110011846C4DD338
:10286000C720C39AE70005AA8220C89AE00002AAFE
:10287000407608D5260200B4420005AAE00306AA65
:10288000000400D10120C39A210002AA417608D594
:1028900080FFFFB544FCFFB4840400D18220C89AB5
:1028A000400007AA407608D5F4FFFF179F3F03D5E5
:1028B000DF3F03D5C0035FD624FBFFB4840400D1FF
:1028C000EAFFFF1700000000000000000000000009
:1028D0000125B0D200000090027C44F900C088526B
:1028E0006078A472210440B9212048D30020C11A85
:1028F000400000B9C0035FD6005100100000000086
:10290000FD7BBDA920008052FD030091710200945F
:10291000034088D22305B0F222A0945201008CD249
:102920002125B0F2600040B90000022A600000B921
:10293000200040B90000022A200000B9BF3F03D5A3
:102940008204B0D20125B0D224008052E001A0520E
:10295000449C01B9220440B9200400B9200440B9C4
:10296000200440B9200440B9200440B9200440B9F3
:10297000200440B9200440B9200440B90005B0D279
:10298000C2C080524200A072020000B9020040B9E9
:10299000020040B9020040B9020040B9020040B94B
:1029A000020040B9020040B9020040B9E2FDBF1286
:1029B000020800B9020840B9020840B9020840B94B
:1029C000020840B9020840B9020840B9020840B9FB
:1029D000020840B902C0BF12020C00B9020C40B993
:1029E000020C40B9020C40B9020C40B9020C40B9CB
:1029F000020C40B9020C40B9000C40B9230440B9A4
:102A000000000090050047F902C088526278A47265
:102A1000632048D3008893524220C31AA20000B911
:102A2000247000B91F2003D51F2003D500040051D6
:102A3000003C0072A1FFFF540225B0D2402040911B
:102A4000E307805221008052438000B9E203012A4B
:102A500001100079E17F805201180079440B801247
:102A60004101805223008012E11700B910000014C8
:102A70000440003902000039030000390200003927
:102A800001004039211C00123F0400716000005415
:102A900001504039211C0012E11740B921040051B6
:102AA000E11700B901504039A1000036E11740B9E3
:102AB00001FEFF35FD7BC3A8DE000014000490D2A8
:102AC0000025B0F221008052E37F8052011000798E
:102AD000E203012A0318007941018052440B80125D
:102AE00023008012E11B00B91000001404400039DB
:102AF00002000039030000390200003901004039AA
:102B0000211C00123F040071600000540150403944
:102B1000211C0012E11B40B921040051E11B00B946
:102B200001504039A1000036E11B40B901FEFF35DC
:102B3000FD7BC3A8BF000014000890D20025B0F2AE
:102B400021008052E37F805201100079E203012AC4
:102B50000318007941018052440B80122300801237
:102B6000E11F00B9100000140440003902000039D0
:102B7000030000390200003901004039211C001215
:102B80003F0400716000005401504039211C0012C4
:102B9000E11F40B921040051E11F00B90150403943
:102BA000A1000036E11F40B901FEFF35FD7BC3A83F
:102BB000A0000014000C90D20025B0F22100805239
:102BC000E37F805201100079E203012A03180079A3
:102BD00041018052440B801223008012E12300B98E
:102BE00010000014044000390200003903000039CD
:102BF0000200003901004039211C00123F0400711D
:102C00006000005401504039211C0012E12340B9FA
:102C100021040051E12300B9015040398100003600
:102C2000E12340B901FEFF35A3FFFF17001090D24A
:102C30000025B0F221008052E37F8052011000791C
:102C4000E203012A0318007941018052440B8012EB
:102C500023008012E12700B910000014044000395D
:102C60000200003903000039020000390100403938
:102C7000211C00123F0400716000005401504039D3
:102C8000211C0012E12740B921040051E12700B9BD
:102C90000150403981000036E12740B901FEFF357F
:102CA00085FFFF17001490D20025B0F2210080525A
:102CB000E37F805201100079E203012A03180079B2
:102CC00041018052440B801223008012E12B00B995
:102CD00010000014044000390200003903000039DC
:102CE0000200003901004039211C00123F0400712C
:102CF0006000005401504039211C0012E12B40B902
:102D000021040051E12B00B9015040398100003607
:102D1000E12B40B901FEFF3567FFFF17001890D285
:102D20000025B0F221008052E37F8052011000792B
:102D3000E203012A0318007941018052440B8012FA
:102D400023008012E12F00B9100000140440003964
:102D50000200003903000039020000390100403947
:102D6000211C00123F0400716000005401504039E2
:102D7000211C0012E12F40B921040051E12F00B9BC
:102D80000150403981000036E12F40B901FEFF3586
:102D900049FFFF178004B0D2019C41B98100003582
:102DA0001F2003D5019C41B9C1FFFF34044088D2E4
:102DB0002405B0F2C35F8B5202A09452800040B948
:102DC00001008CD22125B0F20000030A0000022A83
:102DD000800000B9200040B90000030A0000022A68
:102DE000200000B9BF3F03D58004B0D2210080523B
:102DF000019C01B9FD7BC3A8C0035FD61F2003D58A
:102E00000051001000000000000000000000000061
:102E1000000000140000000000000000000000009E
:102E20000845001400000000000000000000000041
:102E3000C0035FD60000000000000000000000009A
:102E4000C00000B4E10300AA4280A05200008052FA
:102E5000220000B9C0035FD6FD7BBFA9FD0300912E
:102E6000F4FFFF9720008052FD7BC1A8C0035FD60E
:102E7000C4FBFF170000000000000000000000007D
:102E800000840151A19999528199B972007CA19B4A
:102E900000FC62D3C0035FD6000000000000000009
:102EA000E1899D5281D8A97282068052017CA19B42
:102EB00021FC64D32080021B007C0153C0035FD639
:102EC00000840151A29999528299B972210000722D
:102ED000017CA29B21FC62D32108010B0100014B64
:102EE0002010001121741E5300741E532000801AFC
:102EF000C0035FD6000000000000000000000000DA
:102F0000017C0353A32489524392A4720207805286
:102F1000217CA39B21FC60D34080011B007C0153DA
:102F2000C0035FD6000000000000000000000000A9
:102F3000FD7BBEA9FD030091F30B00F9F303002A0A
:102F4000002080D2B7FFFF970100009024C847F906
:102F5000E303132A807823F8400100B4010180D2F2
:102F60001F0000F91F2003D5827863F85F6821F8FD
:102F7000212000913F0004F181FFFF54807863F825
:102F8000F30B40F9FD7BC2A8C0035FD61F2003D519
:102F9000506D001000000000000000000000000064
:102FA000FD7BBEA9FD030091F30B00F9F303002A9A
:102FB000002080D29BFFFF970100009021FC47F981
:102FC000205833F8400100B40004004F000000AD69
:102FD000000001AD000002AD000003AD000004AD33
:102FE000000005AD000006AD000007ADF30B40F991
:102FF000FD7BC2A8C0035FD6706C0010000000000B
:10300000000000122010000BC0035FD6000000007B
:10301000FD7BB9A983068052FD030091000000905A
:1030200000F040F9F35301A90100009024EC40F9AD
:10303000F55B02A9A19999528199B972F76303A925
:1030400002004039E0899D5280D8A97242040051A3
:10305000947862B895860151BF0E0471A17EA19B40
:1030600021FC62D3207CA09B00FC64D30084031B62
:10307000007C015302787ED3280A00544305B0D265
:103080004200038B440049B942C04AB94400240AB3
:10309000827C1053370000724410841AA407003455
:1030A000227C0353A32489524392A47213F47ED347
:1030B000F96B04A9000000901AF440F9407CA39B2E
:1030C000050780520200009042F840F900FC60D3EE
:1030D000E23700F90200009058FC40F9A584001B7B
:1030E0005625B0D24005B0D27602168B94820011DC
:1030F000B97C01537302008BFB7305A91C0080523D
:10310000837C015383050034E003032AE103042A8E
:1031100002000012007C01534104012AA0FFFF3588
:103120006310C05A02048052630400512120C31A64
:10313000410000342210C05A9C03020B210080522F
:10314000800F0012BF0E04719B24C21A0010170BCF
:103150002120C01A8802005462E249B94100012AC4
:1031600061E209B9427B79F8E33740F9017B79F8EC
:10317000427860F862D834F8207860F800003FD6D2
:10318000647B1F72E1FBFF54F96B44A9FB7345A9F3
:10319000F35341A9F55B42A9F76343A9FD7BC7A897
:1031A000C0035FD6C23A40B94100012AC13A00B912
:1031B000EDFFFF170100B052DFFFFF174325B0D22C
:1031C0004200038B443040B9424040B94400240AD5
:1031D000B0FFFF171F2003D51051001000000000A2
:1031E0000851001000000000506D001000000000A9
:1031F0009051001000000000706C001000000000F2
:10320000034638D5010080D2014618D58104B0D2DA
:10321000229C41B9820000351F2003D5229C41B970
:10322000C2FFFF3401000090216041F9E003002A51
:10323000227860785F3C0072C00000542278607889
:10324000423C001242040051423C00122278207895
:10325000217860783F3C00726102005401000090C8
:10326000266441F9054088D22505B0F204A09452A5
:1032700002008CD22225B0F2C0786078A10040B95B
:10328000E003202A003C00122100042A2100000A49
:10329000A10000B9410040B92100042A2000000A21
:1032A000400000B9BF3F03D58004B0D22100805256
:1032B000019C01B9034618D5C0035FD61F2003D572
:1032C000306E0010000000000043001000000000FD
:1032D000003C0012034088D22305B0F204008CD2D7
:1032E0002425B0F2010080128504B0D21F2003D53E
:1032F000620040B95F00006AE1000054820040B9FA
:103300005F00006A81000054A29C41B94200003471
:10331000C0035FD621040071C1FEFF548004B0D207
:10332000019C41B961FFFF351F2003D5019C41B9C4
:10333000C1FFFF34C0035FD60000000000000000A2
:10334000FD7BBFA9FD030091084638D5010080D25E
:10335000014618D501000090271442F9E603002A1F
:10336000E07866781F3C0072400500548004B0D2BB
:10337000019C41B901040034E07866781F3C00727A
:103380002102005400000090001842F9044088D245
:103390002405B0F203A0945202008CD22225B0F290
:1033A000810040B9007866782100002A2100032AB4
:1033B000810000B9410040B90000012A0000032A41
:1033C000400000B9E0786678003C0012000400116B
:1033D000003C0012E0782678BF3F03D58004B0D2CD
:1033E00021008052019C01B9084618D5FD7BC1A877
:1033F000C0035FD61F2003D5019C41B9E1FBFF3517
:103400001F2003D5019C41B961FFFF34DBFFFF178B
:1034100000000090001842F900786678ADFFFF9731
:10342000D6FFFF171F2003D5306E001000000000EC
:103430000043001000000000000000000000000039
:1034400001000090226842F9E103002A400040F99F
:10345000400100B4210C001103000090636C42F99C
:1034600021747E920100018B3F0003EBA801005400
:10347000410000F9C0035FD600000090006442F9EB
:10348000210C001103000090636C42F921747E92BC
:10349000400000F90100018B3F0003EBA9FEFF543F
:1034A000FD7BBFA9FD03009192480094E10300AAAF
:1034B0008201805200008092220000B9FD7BC1A8E9
:1034C000C0035FD61F2003D5585003100000000032
:1034D000386E00100000000058D0031000000000FB
:1034E000000080528104B0D2230080521F2003D5F7
:1034F000222040B96420C01A4224C01AE2000037DA
:10350000222040B98400022A242000B9BF3F03D5FD
:10351000E203002A237822B822A041B96420C01A0D
:103520004224C01A0201003722A041B98400022AB5
:1035300024A001B9BF3F03D5E203002A42800191D4
:10354000237822B8000400111F20007121FDFF54D0
:10355000C0035FD600000000000000000000000073
:10356000067C1053054080D22525B0F2043C48D398
:1035700022008052031C0012A77866B84420C41AA7
:103580004120C01AA208068BE400240AA47826B8B9
:10359000A47866B82400040A8024C01AC00000344D
:1035A0001F2003D5400040B90000010A0024C31ABF
:1035B00080FFFF35C0035FD6000000000000000060
:1035C000FF4300D1FF3F0039E03F4039001C0012AB
:1035D0001F2000714806005400000090035443F976
:1035E0000A2082520A01A072E03F4039011C0012F9
:1035F000001C7CD36210218B6100008B646860B872
:10360000C4030034E03F4039470840B92610403930
:103610004001200B2914403925344039004C145303
:103620002838403922304039040800B9010840B92F
:103630009F3F03D5DF3F03D52105062A010C00B9C2
:10364000010C40B99F3F03D5DF3F03D5A1000153D3
:103650002178022A2100082A011001B9011041B97C
:103660009F3F03D5DF3F03D5071401B9001441B9CB
:103670009F3F03D5DF3F03D5E03F4039001C0012D8
:1036800000040011001C0012E03F0039E03F403907
:10369000001C00121F20007189FAFF54FF430091A3
:1036A000C0035FD61F2003D50843001000000000B0
:1036B000420040B93F141E72273C48D3211C00121F
:1036C00049001D12463C4AD381030054050C278B48
:1036D00028701D53E41F8052E303072A8420C81A70
:1036E000AA004AB9C620C81A4401240A8400062A3E
:1036F000A4000AB9A9030034A70046B9462444D35C
:10370000E40780528420C81AE400240AC620C81A9C
:103710008400062AA40006B90300038B420C43D39D
:103720004120C11A600050392100002A211C0012DA
:1037300061001039C0035FD6080C278B241000519C
:10374000E51F8052E303072A84701D530A054AB916
:10375000A520C41A4501250AC620C41AA500062AB8
:1037600005050AB9090400350400038B2A008052BC
:103770004521C11AA51C0012E603252A49041F127F
:1037800088005039C61C00123F090071C800080AA1
:1037900088001039A0030054440841D39F040071ED
:1037A000A9FCFF54A204003702486738C600020A89
:1037B000064827380304038B2100010B6000805268
:1037C0008420C11A620044790020C11A413C0012D1
:1037D0002000200A0000042A003C00126000047946
:1037E000C0035FD6070546B9462444D3E507805297
:1037F000A520C41AE500250AC420C41AA400042A7E
:10380000040506B9C5FFFF170304038B2100010B54
:10381000600080524A21C11A620044790020C11A16
:10382000413C00122000200A00000A2A003C00123D
:1038300060000479C0035FD602486738421C00125A
:10384000A500022A05482738DBFFFF17000000000B
:10385000E20301AA051C0012E103002A400040B95E
:10386000233C48D3E00580367F3000716904005462
:103870003F141E7208001D12013C4AD3400600543A
:103880008605B0D2A4100051C60C238BE21F8052D3
:1038900084701D53E703032AC9044AB94220C41A9D
:1038A0002120C41A2201220A4100012AC1040AB9B6
:1038B00048070034C30446B9022444D3E1078052C8
:1038C0002120C41A6100210A4220C41A2100022AC0
:1038D000C10406B9018080D28105B0F2000C43D347
:1038E000226867380020C51A0000022A001C001256
:1038F00020682738C0035FD68425B0D220008052CC
:103900008400238B0320C51A6005B0D2850070396E
:103910006300052A631C00128300303965FFFF171E
:103920008025B0D2240080520300238B8420C51A46
:1039300065007039A51C0012A400240A6400303907
:103940005CFFFF178405B0D2A6701D53840C238B37
:10395000E21F80524220C61AE703032A2120C61A1A
:1039600089004AB92201220A4100012A81000AB9CC
:1039700048010034830046B9022444D3E107805251
:103980002120C61A6100210A4220C61A2100022AFB
:10399000810006B9D0FFFF178405B0D28A00078BDB
:1039A0002900805208041F122121C51A211C00126F
:1039B00046015039E203212A421C00121F090071FE
:1039C0004600060A46011039C0020054060841D3D9
:1039D000DF04007109F9FF54C003003680486338E2
:1039E000001C00122100002A814823388005B0D233
:1039F000A500050B0704078B600080520020C51A44
:103A0000C620C51AE1004479213C00122000200A9A
:103A10000000062A003C0012E0000479C0035FD6D3
:103A20008404078BA500050B600080520020C51A96
:103A3000810044792921C51A213C00122000200A66
:103A40000000092A003C001280000479C0035FD600
:103A5000804863384200000A82482338E4FFFF1799
:103A6000FD7BBEA9FD030091E01000B4F30B00F94B
:103A7000F30301AA611000B4E20300AA200440F994
:103A8000C00F00B4410040B9804A8A52E009AA72CE
:103A90003F00006B00100054610A40F9210F00B490
:103AA000400000B940008052530800F925FEFF97FE
:103AB0006C0240792C0100346B0640F96C4D2C8B64
:103AC000600540B9E1030BAA6B21009161FFFF97EC
:103AD0007F010CEB61FFFF5440008052C9FDFF974E
:103AE000730A40F94000805216FEFF9762C20091AF
:103AF000030080D2040080528705B0D2E0C0238B3F
:103B00004824403941204039E603032A1F39007117
:103B1000003078390000191205001C32A51C001273
:103B2000A00700541F790071A000801A450440B915
:103B30002000002A001C0012BF04007180070054FE
:103B4000410C40B90114012A211C0012404441B823
:103B5000E5C0268B630400911F0400710020C61A83
:103B60008000002AA1303839001C00120400841A99
:103B70007F1000F141FCFF5463420091050080D2A8
:103B8000090080528705B0D26B024039EA00058BEC
:103B900062304039A87C4093660040B9E000088B51
:103BA00042000B2A421C001242013839DF04007126
:103BB000010200544A09783908010E91620840B99F
:103BC0000B1180524A010B0A61104039E808088B3A
:103BD000C620C51A4209022A2601062A421C0012E2
:103BE000C91C00122100022A623440390211003936
:103BF000620640B963400091732200912110022AAD
:103C0000211C001201083839450200B5250080D278
:103C1000DEFFFF17450440B900001D322000002AD6
:103C2000001C0012BF040071C1F8FF54411040B9DC
:103C3000A520C61AE84078390114012AA500082AEF
:103C4000A51C0012211C0012E5403839C0FFFF17E7
:103C500029151E53400080522411042A841C00128E
:103C6000E444383967FDFF97F30B40F900008052B8
:103C7000FD7BC2A8C0035FD62000407940F0FF342E
:103C8000F30B40F96BFCFF9720008052FD7BC2A82C
:103C9000C0035FD667FCFF97F30B40F9C001805269
:103CA000F4FFFF170000000000000000000000000B
:103CB0001F08007140000054C0035FD60000009050
:103CC000016C46F9200840F980FFFFB40000009025
:103CD000007046F963FFFF1758A8021000000000AB
:103CE000104D0310000000001F2003D51F2003D536
:083CF000C0031FD6C0035FD61C
:103CF80001000000000000000000000000000000BB
:103D0800000000000000000000000010000000009B
:103D180040040000000060000000001000000000E7
:103D2800000000100000000000002000000000005B
:103D38004104000000000000000020100000000006
:103D4800000000100000000000002000000000003B
:103D580045040000000000000000401000000000C2
:103D680000004010000000000000C00F000000002C
:103D78004004000000006000000000200000000077
:103D880000000020000000000000200100000000EA
:103D9800450600000000000000002021000000008F
:103DA80000002021000000000000E00E00000000DC
:103DB8004004000000006000000000300000000027
:103DC80000000040000000000000000800000000A3
:103DD800450400000000000000000038000000005A
:103DE800000000480000000000000008000000007B
:103DF8004504000000000000000000400000000032
:103E08000000004000000000000000080000000062
:103E1800410400000000000000000048000000000D
:103E2800000000480000000000000008000000003A
:103E380041040000000000000000005000000000E5
:103E48000000005000000000000000080000000012
:103E580041040000000000000000005800000000BD
:103E680000000058000000000000000800000000EA
:103E78004104000000000000000000600000000095
:103E880000000050000000000000000800000000D2
:103E98004504000000000000000000680000000069
:103EA80000000058000000000000000800000000AA
:103EB8004504000000000000000000700000000041
:103EC8000000007000000000000000040000000076
:103ED8004104000000000000000000740000000021
:103EE8000000007400000000000000040000000052
:103EF80041040000000000000000007800000000FD
:103F0800000000780000000000000004000000002D
:103F180041040000000000000000007C00000000D8
:103F28000000007C00000000000000040000000009
:103F380041040000000000000000008000000000B4
:103F480000000080000000000000000100000000E8
:103F58004D06000000006000000000810000000025
:103F680000000081000000000000000100000000C7
:103F78004D06000000006000000000820000000004
:103F880000000082000000000000000100000000A6
:103F980040040000000060000000008300000000F2
:103FA8000000008300000000000020000000000066
:103FB80049060000000060000000208300000000A7
:103FC80000002083000000000000E0000000000066
:103FD80040040000000060000000008400000000B1
:103FE8000000007000000000000000040000000055
:103FF80045040000000000000000008800000000E8
:10400800000000880000000000000002000000001E
:104018004D060000000060000000008A000000005B
:104028000000008A000000000000000200000000FC
:1040380040040000000060000000008C0000000048
:104048000000008C000000000000000100000000DB
:1040580049060000000060000000008D000000001C
:104068000000008D000000000000000300000000B8
:104078004004000000006000000000900000000004
:104088000000009000000000000040000000000058
:104098004D04000000006000000040900000000097
:1040A80000004090000000000000C0010000000077
:1040B80040040000000060000000009200000000C2
:1040C8000000009200000000000000010000000055
:1040D8004D04000000006000000000930000000094
:1040E8000000009300000000000000010000000034
:1040F8004004000000006000000000940000000080
:10410800000000740000000000000004000000002F
:1041180045040000000000000000009800000000B6
:10412800000000780000000000000004000000000B
:1041380045040000000000000000009C0000000092
:104148000000007C000000000000000400000000E7
:104158004504000000000000000000A0000000006E
:10416800000000A000000000000000100000000097
:104178004504000000000000000000B0000000003E
:10418800000000B000000000000000100000000067
:104198004504000000000000000000C0000000000E
:1041A800000000C000000000000000400000000007
:1041B80045040000000000000000000001000000AD
:1041C80000000000010000000000000001000000E5
:1041D8004004000000006000000000000200000031
:1041E80000000000020000000000000002000000C3
:1041F800410400000000000000000000040000006E
:1042080000000000040000000000000002000000A0
:10421800410400000000000000000000060000004B
:10422800000000000600000000000000020000007E
:104238004104000000000000000000000000000031
:104248000000000000000000000000000000000066
:1042580040040000000060000000000000000000B2
:104268000000000000000000000000000000000046
:104278004004000000006000000000000000000092
:104288000000000000000000000000000000000026
:104298004004000000006000000000000000000072
:1042A8000000000000000000000000000000000006
:1042B8004004000000006000000000000000000052
:1042C80000000000000000000000000000000000E6
:1042D8004004000000006000000000000000000032
:1042E80000000000000000000000000000000000C6
:1042F8004004000000006000010002000400080003
:1043080003000000000000000F000F00010103007F
:1043180001000000000000000F000F000101010073
:1043280003000000000000000F000F00010103005F
:1043380001000000000000000F000F000101010053
:1043480001000000000000000F000F000101010043
:104358000F000000000000000F000F0001010F0017
:1043680001000000000000000F000F000101010023
:1043780003000000000000000F000F00010103000F
:1043880003000000000000000F000F0001010300FF
:020000041001E9
:10000000FD7BB4A9FD030091E0830291F35301A9A4
:10001000F55B02A9F76303A9F96B04A9FB7305A9B2
:10002000FF330179FFA300B9FFAF00B985CBFF977C
:100030000100009000000090E4874239E38B4239D0
:10004000E28F423921AC41F900B041F939140094F2
:100050000000009000B441F992140094E90000946B
:10006000E0AF00B9E0AF40B9C01500350000009026
:1000700000C441F91C0000909C030E918914009467
:100080000000009013C841F9000000901ACC41F91B
:100090000000009015D041F90000009014D441F9FF
:1000A0000000009000D841F9E03300F90000009012
:1000B0001BBC41F90000009016DC41F900000090E3
:1000C00019E041F90000009000E441F9E03700F93F
:1000D0000000009000E841F9E03F00F900000090C6
:1000E00000EC41F9E04300F90000009000F041F914
:1000F000E04700F90000009000F441F9E03B00F90E
:100100000000009018F841F90000009017FC41F938
:100110003C0200941F1C0072C0FFFF54E0C3029118
:10012000FF7F0BA913020094E0C7C239800000349E
:10013000E00313AA5B140094F6FFFF17E0C3C23973
:100140001FC80171200200541FCC017140030054EC
:100150001F9C0171A1020054E0031AAA51140094DB
:10016000E10315AAE00314AA520A0094E0AF00B913
:10017000E0AF40B9E0070035A10240B9E00316AA9C
:10018000EC130094E3FFFF17E00314AADD0F0094C3
:10019000E0AF00B9E0AF40B940080035E00318AA6D
:1001A00040140094DBFFFF17E00317AA3D140094EE
:1001B000D8FFFF17E00319AA3A1400941F2003D5B3
:1001C000100200941F1C0072C0FFFF54E0A30291B4
:1001D000FFAB00B9E7010094E1630291E0A3029153
:1001E000B800009460F90736E03740F92D14009408
:1001F000E2674239E00314AAE1634239423C1053FA
:100200004160012A217C1053A10200B9CD0900945C
:10021000E0AF00B9E0AF40B900070035A10240B936
:10022000E00314AAE30F0094E0AF00B9E0AF40B9D7
:1002300000050035E00314AAC6080094E0AF00B939
:10024000E0AF40B9A0F9FF34E14740F9E0031BAA51
:10025000B8130094E0AF40B900F9FF34800340F9CF
:10026000E1AF40B9B3130094000020D4C3FFFF17DF
:10027000E13340F9E0031BAAAE130094E0AF40B9AC
:10028000C0F7FF340000009000000E91E1AF40B9CC
:10029000000040F9A7130094000020D4B7FFFF1717
:1002A000E13B40F9E0031BAAA2130094E0AF40B980
:1002B00060F7FF340000009000000E91E1AF40B9FC
:1002C000000040F99B130094000020D4B4FFFF17F6
:1002D000E14340F9E0031BAA96130094E0AF40B954
:1002E000A0FAFF34800340F9E1AF40B991130094C4
:1002F000000020D4D0FFFF17E13F40F9E0031BAA24
:100300008C130094E0AF40B9A0F8FF34800340F9AB
:10031000E1AF40B987130094000020D4C0FFFF175D
:100320000000009001B841F90000009000BC41F9C4
:1003300080130094E0AF40B9A0E9FF34E1AF40B9C9
:100340000000009000C041F97A130094000020D40E
:1003500047FFFF171F2003D5E89A02100000000096
:10036000F09A021000000000109D02100000000032
:10037000709F021000000000A09F0210000000000B
:10038000B89F021000000000D89F0210000000007B
:1003900010A102100000000050A102100000000097
:1003A000B043031000000000284D031000000000BF
:1003B00068A102100000000090A1021000000000DF
:1003C00098A1021000000000B0A10210000000007F
:1003D000C8A1021000000000F0A1021000000000FF
:1003E00018A202100000000040A20210000000004D
:1003F00068A202100000000080A2021000000000AD
:10040000FD7BBEA900000090FD030091F35301A9FC
:1004100001000090345042F9014C42F9E00314AA63
:10042000DC09009420010035E00314AA4908009477
:10043000F303002AE0010035E003132AF35341A936
:10044000FD7BC2A8C0035FD6F303002A0100009021
:1004500000000090215442F9005842F935130094ED
:10046000E003132AF35341A9FD7BC2A8C0035FD662
:100470000100009000000090215C42F9005842F910
:100480002C130094E003132AF35341A9FD7BC2A867
:10049000C0035FD61F2003D5A0A6021000000000F5
:1004A000284D03100000000098A202100000000078
:1004B000A09F021000000000B8A20210000000007F
:1004C00000E6014FFD7BBCA9FD030091F35301A998
:1004D000F40301AAF30300AAE03300BD79150094E8
:1004E0001F0C00F1C801005400E6014F0100261E58
:1004F00040010034F51300F9F5C30091B50200CBBB
:10050000E203002AE10313AAA01200918D140094C3
:10051000F51340F9E13340B9610200B9040080D21B
:10052000636AE4388404009162781A1263C000514F
:1005300042040151421C00125F1400716088497A24
:100540000901005400000090001443F95513009471
:10055000F35341A900008052FD7BC4A8C0035FD6BD
:100560009F1000F1E1FDFF54E1E30091020080D211
:100570000500805204008052070000901F2003D520
:10058000636AE238600401511F940071290200542B
:1005900063C00051E003042A237820B8E402003449
:1005A000E00F4729040080526010000B804A253874
:1005B000A5040011420400915F1000F121FEFF54D8
:1005C000F35341A920008052FD7BC4A8C0035FD62D
:1005D000E61843F9C6486038600000100688268B8C
:1005E000C0001FD6E003042AE3018052237820B81C
:1005F00084FDFF351F2003D524008052EEFFFF1736
:10060000C3018052E4FFFF17A3018052E2FFFF17EE
:1006100083018052E0FFFF1743018052DEFFFF1786
:1006200063018052DCFFFF17D8A202100000000017
:10063000F4A502100000000000000000000000000F
:10064000FD7BBCA9FD030091F35301A900000090BC
:10065000138043F9F55B02A9600240B9F71B00F96A
:100660002003003400000090178443F9000000903C
:10067000168C43F900000090009043F9150840F9EA
:10068000140440A9A20240F9E00314AA40003FD696
:10069000A30640F9F303002AE10240B9E00314AADB
:1006A00002008052C142218B60003FD6F55B42A917
:1006B000E003132AF35341A9F71B40F9FD7BC4A8BB
:1006C000C0035FD600000090178443F9000000903B
:1006D000038843F900000090168C43F9028080D211
:1006E000010080527F0000B9E00316AAFF0200B9A2
:1006F000A414009420008052600200B9DEFFFF17AE
:10070000CC4B031000000000C44B0310000000009D
:10071000C04B031000000000C047031000000000A1
:10072000A8A7021000000000000000000000000068
:10073000FD7BBEA9FD0300910200009042FC43F93D
:10074000F35301A9F40300AAF303012A400040B9BE
:10075000C0040034F304003400000090080044F9A1
:1007600000000090020444F900000090060844F9DB
:1007700027008052010140B9E30314AA8542338B5C
:10078000E700144B1F2003D5400040B91F00016B48
:10079000C0FFFF54C44861382104001164000039CF
:1007A0003F00107121309F1AE000030B9F28007159
:1007B00063040091A00000549F340071E0000054D5
:1007C0007F0005EB21FEFF54010100B9F35341A95D
:1007D000FD7BC2A8C0035FD6C44861389F28007162
:1007E00000FFFF54F9FFFF1796FFFF97DAFFFF178F
:1007F00000008052F6FFFF17CC4B031000000000F2
:10080000C04B031000000000C44B031000000000A8
:10081000C0470310000000000000000000000000BE
:10082000FD7BBDA9FD03009102000090424C44F9FC
:10083000F35301A9F40300AA400040B9F51300F9ED
:10084000F503012A6002003400000090005444F9CE
:1008500001000090335044F9E203152A030840F9DF
:10086000E10314AA000040F97F0200B9630840F9CF
:1008700060003FD61F2003D5610240B9E1FFFF347D
:10088000F35341A9F51340F9FD7BC3A8C0035FD61C
:100890006CFFFF97EDFFFF17CC4B0310000000002B
:1008A000C84B031000000000A8A7021000000000C1
:1008B000FD7BBEA9FD0300910100009021A444F935
:1008C000F30B00F9F30300AA200040B9A0030034A1
:1008D000330300B4600640B9A00008360100009060
:1008E00021A844F922008052220000B940021036AB
:1008F0000000009000AC44F90100009021B044F9E0
:10090000020040B9040040B9630A40B99FFC0F716E
:100910002348223888000054010040B92104001106
:10092000010000B9010040B93FFC0F7149000054BB
:100930001F0000B9F30B40F9FD7BC2A8C0035FD6CE
:1009400040FFFF97E3FFFF17CC4B031000000000B0
:10095000C84B031000000000C44B0310000000004F
:10096000C04703100000000000000000000000006D
:10097000FD7BBEA9FD0300910100009021F044F928
:10098000F35301A9F30300AA200040B94002003448
:100990000000009014F444F9E10313AAE00314AA40
:1009A0004412009400000090E20313AAE10314AA89
:1009B00000F844F95F1200940000009000FC44F934
:1009C000F35341A9000040F9FD7BC2A8000440F99F
:1009D000DC1000141BFFFF97EEFFFF171F2003D54D
:1009E000CC4B03100000000000A302100000000028
:1009F000C043031000000000D89702100000000060
:100A000000000090003445F9000040B94001003476
:100A100000000090003845F901000090213C45F9A4
:100A2000000040B9210040B93F00006BE0079F1A69
:100A3000C0035FD6FD7BBFA9FD03009101FFFF97B7
:100A400000000090003845F901000090213C45F974
:100A5000000040B9FD7BC1A8210040B93F00006BF8
:100A6000E0079F1AC0035FD6CC4B031000000000C4
:100A7000C44B031000000000C04B03100000000036
:100A8000FD7BBCA9FD0300910300009063A045F924
:100A9000F35301A9F403002AF30302AA600040F90A
:100AA000600000B4022440F9020300B49F4E0071BC
:100AB000680300540000009000A445F9947E7C93E4
:100AC000F51300F91500148B006874B81F04003189
:100AD00040020054E00301AAE103132A15FFFF9727
:100AE0001F04003160020054A10E40B96002004BA7
:100AF0002100000BA10E00B9F51340F9F35341A9F1
:100B0000FD7BC4A8C0035FD6E11F00F93D1100942E
:100B1000E11F40F9E6FFFF17F51340F9F5120094C5
:100B200021018052010000B900008012F4FFFF177C
:100B3000F51340F900008012F1FFFF171F2003D5C5
:100B4000D897021000000000D04B031000000000F6
:100B5000FD7BBDA9FD03009103000090630C46F9E5
:100B6000F35301A9137C4093F40301AA600040F9F8
:100B7000F51300F9F503022A600000B4012440F9DE
:100B8000A10300B47F4E0071C80300540000009020
:100B9000001046F9617E7C930200018B016861B808
:100BA0003F040031E0020054BF0A0071A801005464
:100BB000BF060071000100541310138BE00314AA48
:100BC000740E00B9F35341A9F51340F9FD7BC3A896
:100BD000C0035FD6410C80B9940201ABE5FEFF541F
:100BE000C4120094C1028052010000B9000080923A
:100BF000F5FFFF17031100947F4E007189FCFF542D
:100C0000BC12009421018052010000B900008092C2
:100C1000EDFFFF171F2003D5D8970210000000003A
:100C2000D04B031000000000000000000000000096
:100C3000FD7BBCA9FD03009103000090638846F989
:100C4000F35301A9F303002AF40302AA600040F958
:100C5000600000B4022440F9020300B47F4E00712A
:100C60006804005400000090008C46F9737E7C9369
:100C7000F51300F91500138B006873B81F040031D9
:100C800040030054E00301AAE103142AE5FEFF97A4
:100C90008003F837A20E40B98002006B4100000BC0
:100CA000A10E00B920010054F51340F9F35341A9F6
:100CB000FD7BC4A8C0035FD6E11F00F9D1100094EA
:100CC000E11F40F9E6FFFF178A120094E10300AA32
:100CD000F51340F9000080523F0000B9F35341A9D9
:100CE000FD7BC4A8C0035FD6F51340F981120094C0
:100CF00021018052010000B900008012ECFFFF17B3
:100D0000F51340F900008012E9FFFF171F2003D5FB
:100D1000D897021000000000D04B03100000000024
:100D2000FD7BBEA9FD0300910100009021D446F98E
:100D3000F30B00F9F303002A200040F9600000B42F
:100D4000012440F9E10100B47F4E007128020054F3
:100D50000000009001D846F9737E7C93206873B838
:100D60001F04003160010054020080120000805214
:100D7000226833B8F30B40F9FD7BC2A8C0035FD6ED
:100D8000A01000947F4E007149FEFF541F2003D530
:100D900058120094E10300AA220180520000801240
:100DA000220000B9F4FFFF17D897021000000000DE
:100DB000D04B031000000000000000000000000005
:100DC0000004004F03008452028080D20000805251
:100DD0003F3000F9200000AD200002AD230400B92F
:100DE000200001AD222400F9C0035FD600000000FE
:100DF000FD7BBEA9FD03009101000090213847F959
:100E0000F30B00F9F303002A200040F9600000B45E
:100E1000012440F9C10100B47F4E0071E801005483
:100E200000000090013C47F9607E7C93206860B828
:100E30001F040031200100547F060071E0879F1AD3
:100E4000F30B40F9FD7BC2A8C0035FD66D10009480
:100E50007F4E007169FEFF5426120094E10300AA40
:100E60002201805200008052220000B9F5FFFF17D6
:100E7000D897021000000000D04B031000000000C3
:100E8000FD7BBFA9FD0300915EFCFF97000080522F
:100E9000FD7BC1A8C0035FD6000000000000000079
:100EA000C0008052C0035FD60000000000000000B8
:100EB000FD7BBCA9FD030091F35301A9F30300AA34
:100EC000002440F9E00200B4041440A9F4A3009106
:100ED000E49702A9030840F9830A00F9651A40F96A
:100EE000632240F9642A40F9A50040390508002929
:100EF000010800B9040800F960003FD6602640F9F7
:100F0000A00000B4E28F42A9020C00A9810A40F9B6
:100F1000010800F9F35341A9FD7BC4A8C0035FD6C3
:100F2000F4A30091E00314AAEDFFFF1700000000F6
:100F3000021840F9011840B9421C40F9C20100B43E
:100F400041000034C0035FD6021C40F9410840B99B
:100F5000032040F921780B1221000B32410800B91F
:100F60001F0800F903FFFFB40210805201008052F5
:100F7000D0FFFF17021C40F9A1FEFF3404084039DE
:100F8000030840F9840400129F080071C001005456
:100F900065004039440440B9A4200033440400B93A
:100FA000020040F942441053E403022A2100024B9C
:100FB0006300048B030800F9011800B941FCFF35F8
:100FC000E2FFFF1765004079440440B9A4200033D4
:100FD000440400B9F3FFFF17000000000000000008
:100FE000FD7BBFA9FD030091A00100B4810100B405
:100FF000E40300AAA02A89526068AA72850440B955
:10100000BF00006B41010054810C04A90000805214
:10101000822800F9FD7BC1A8C0035FD685C7FF9772
:1010200020008052FD7BC1A8C0035FD681C7FF9717
:10103000E0008052FD7BC1A8C0035FD60000000025
:10104000FD7BBFA9FD030091000800B4030440B973
:10105000A22A89526268AA727F00026BE1070054DB
:10106000021C40F9431440B9636458D37F040071F3
:10107000C8060054430840B9C4FD9F52C4F9BF726A
:101080006400040A440800B963740A12440840B9B1
:10109000A40100361F2003D51F2003D5021C40F9F0
:1010A000440840B9040100361F2003D5021C40F952
:1010B000440840B924FF0737030000141F2003D55C
:1010C000021C40F9440840B9A4FF2737441040B936
:1010D00006EE9F5226E6BF72210040B9E51180520C
:1010E000C519A0722100060A8400050A1F0800F92C
:1010F0002100042A411000B9430800B9410840B951
:101100006100014AC10000361F2003D5021C40F9CE
:10111000410840B92100034A81FF0737410840B91F
:101120006100014AC10020361F2003D5011C40F98F
:10113000210840B92100034A81FF2737000080526F
:10114000FD7BC1A8C0035FD63AC7FF97200080523D
:10115000FD7BC1A8C0035FD636C7FF97E000805271
:10116000FD7BC1A8C0035FD60000000000000000A6
:10117000FD7BBFA9FD030091800100B4610100B4B3
:10118000020440B9A02A89526068AA725F00006B0D
:10119000410100540004002F00008052FD7BC1A8D3
:1011A000200000FDC0035FD622C7FF9720008052B9
:1011B000FD7BC1A8C0035FD61EC7FF97E000805229
:1011C000FD7BC1A8C0035FD6000000000000000046
:1011D000FD7BBFA9FD030091E00300B4E20300AA78
:1011E000A02A89526068AA72430440B97F00006B4C
:1011F000A1020054C0008052C1010836401C40F9D1
:10120000030840B963740A12030800B9004840B9E2
:10121000C000F0371F2003D51F2003D5401C40F924
:10122000004840B9A0FFF736000080525F1800B9AF
:1012300061000036000080525F2800B9FD7BC1A824
:10124000C0035FD6FBC6FF97E0008052FD7BC1A8BC
:10125000C0035FD6F7C6FF9720008052F8FFFF1744
:10126000FD7BBFA9FD030091C00100B4A10100B442
:10127000E20300AAA02A89526068AA72430440B916
:101280007F00006B61010054432840B90000805288
:10129000230000B95F2800B9FD7BC1A8C0035FD659
:1012A000E4C6FF9720008052FD7BC1A8C0035FD633
:1012B000E0C6FF97E0008052FD7BC1A8C0035FD667
:1012C000FD7BBEA9FD030091600500B4410500B49B
:1012D00022050034E30300AAA02A89526068AA729A
:1012E000640440B99F00006BE10500546508403973
:1012F000A5040012BF080071C0040054601840B972
:1013000080050035641C40F9BF080071650040F994
:10131000860840B9C6740A12860800B9A54410535D
:10132000860840B9E703052A4200054B2500078BD4
:10133000650800F9C5000C32621800B9850800B9CB
:10134000E000005421004039820440B922200033DB
:10135000820400B9FD7BC2A8C0035FD62200407999
:10136000810440B941200033810400B9FD7BC2A84B
:10137000C0035FD6AFC6FF9720008052E01F00B9C0
:10138000ACC6FF97E01F40B9FD7BC2A8C0035FD683
:101390004100003742FB0736A6C6FF976000805227
:1013A000F7FFFF17A3C6FF97E0008052F4FFFF1777
:1013B000A0C6FF9700018052E7FFFF170000000062
:1013C000FD7BBFA903000090020000900000009088
:1013D000FD03009163F441F9C1FB805242F841F9E9
:1013E00000FC41F98BC6FF9708A302100000000023
:1013F00008C302100000000010A30210000000004B
:10140000C0008052C0035FD6000000000000000052
:10141000FD7BBDA9FD030091F35301A9F40300AACC
:10142000F303022AF51300F9E003022A35101D53D5
:101430008203F83787C2FF9756C3FF97E303002A5A
:10144000615C409202008052637C78D3E003132AEF
:10145000631C6092210003AA96C2FF97E103152A3C
:10146000E003132A83C2FF97E003132A410080524E
:10147000B0C2FF97E003132A21008052D5C2FF9724
:101480007382001100000090008042F9F51340F9CA
:1014900014D833F8F35341A9FD7BC3A8C0035FD62A
:1014A000F8C2FF973BC3FF97E303002A615C4092B9
:1014B00002008052637C78D3E003132A631C60929D
:1014C000210003AA7BC2FF97E103152AE003132A38
:1014D000F4C2FF97E003132A4100805211C3FF9723
:1014E0007382001100000090008042F9F51340F96A
:1014F00014D833F8F35341A9FD7BC3A8C0035FD6CA
:1015000090510010000000000000000000000000EA
:10151000FD7BBEA9FD030091E00E00B4F30B00F9C2
:10152000F30300AAA02A89526068AA72610640B932
:101530003F00006B610D0054611E40F97F0600B949
:101540003F0800B9200840B9400100361F2003D5EC
:101550001F2003D5611E40F9200840B9A0FF0737BE
:10156000200840B9A00020361F2003D5611E40F995
:10157000200840B9A0FF2737601A40F9221440B96B
:10158000001440B942740612221400B9A005F837BD
:1015900030C2FF97601A40F9002C40B9A005F83717
:1015A0002CC2FF97601A40F9001C40B9A005F8371B
:1015B00028C2FF97601A40F9002440B9A005F83707
:1015C00024C2FF97200080525EC7FF97601A40F93F
:1015D000002840F9003C40B91F040071A0050054E8
:1015E000034638D5000080D2004618D5601A40F96D
:1015F000000040391F10007188060054046080D23A
:101600000405B0F201200011E20304AA840040B9ED
:10161000200080520020C11A0000042A400000B9B6
:10162000400040B9034618D520008052F5C6FF9708
:10163000F30B40F900008052FD7BC2A8C0035FD6C7
:1016400090C2FF97601A40F9002C40B9A0FAFF360B
:101650008CC2FF97601A40F9001C40B9A0FAFF360F
:1016600088C2FF97601A40F9002440B9A0FAFF36FB
:1016700084C2FF972000805232C7FF97601A40F95A
:10168000002840F9003C40B91F040071A1FAFF5442
:10169000034638D5010080D2014618D5621A40F9B8
:1016A0000105B0D2240043B9420040394240001144
:1016B0000020C21A0000042A200003B9200043B908
:1016C000034618D5D9FFFF17016380D20125B0F278
:1016D00020008052E20301AA240040B9CFFFFF1787
:1016E000D4C5FF97F30B40F9E0008052FD7BC2A800
:1016F000C0035FD6CFC5FF9720008052CFFFFF17F2
:10170000FD7BBEA9FD030091600200B4410200B45C
:1017100022020034E30300AAA02A89526068AA7258
:10172000640440B99F00006BE10200546008403936
:10173000000400121F080071C0010054602840B965
:1017400080020035611000F9622800B9FD7BC2A853
:10175000C0035FD6B7C5FF9720008052E01F00B9D5
:10176000B4C5FF97E01F40B9FD7BC2A8C0035FD698
:101770004100003742FE0736AEC5FF976000805239
:10178000F7FFFF17ABC5FF97E0008052F4FFFF178C
:10179000A8C5FF9700018052EDFFFF170000000071
:1017A000FD7BBDA9FD030091E02200B4F35301A924
:1017B000F40301AA412800B4F55B02A9352840F9D9
:1017C000F52100B4F30300AAA01A40F9802100B467
:1017D000A00A40F9402100B4610640B9A02A89520C
:1017E0006068AA723F00006B603F0054A13E40B9A0
:1017F000E007805282024039E3FF81523F040071CA
:10180000210080520010831A2120C21A3F00006A72
:10181000C0220054A12240B93F140071002300549B
:101820003F0C0071610000540024C21A00230036EE
:10183000800A40B91F040071201E0054801640B970
:10184000E01DF837801E40B9A01DF837802640B94A
:10185000601DF837822E40B9221DF8377F0200390B
:10186000E00313AA630A4039810640B9842240F993
:101870003F000071E1179F1A642200F92104001152
:10188000741A00F9842640F923040033630A0039EE
:101890007F9204A981A24039DEFEFF978142403940
:1018A000E00313AA821640B9DAFEFF97816240393D
:1018B000E00313AA821E40B9D6FEFF978182403909
:1018C000E00313AA822640B9D2FEFF97200080527F
:1018D0009CC6FF97A03E40B91F040071A01A005497
:1018E000034638D5000080D2004618D58102403921
:1018F0003F10007109270054046380D20425B0F220
:10190000E20304AA20008012840040B90000040A07
:10191000400000B93F0C0071400040B9E000805227
:1019200040360054083800543F04007140170054FA
:101930003F080071611B005401008BD20100B0F21E
:10194000220040B900040051001C0072A1FFFF54A6
:10195000034618D5200080522AC6FF97A01A40F9E6
:10196000601E00F91F0800B9010840B921010036C6
:101970001F2003D5601E40F9010840B9A1FF0737B9
:10198000010840B9A10020361F2003D5601E40F990
:10199000010840B9A1FF2737832A40F9010280528C
:1019A00022008052E5FF8152663C40B9010C00B92B
:1019B00081E09F5201E0BF72011000B96140825284
:1019C000011400B91F1800B9DF00026BE17F8052DB
:1019D0002110851A840240394220C41A5F00016A2E
:1019E00060000054E1E3A352012400B9810640B92C
:1019F000666082523F0C0071A00000543F000071ED
:101A00006600825261408252C600811A67044029F2
:101A1000652440B9820E40B9E904085321001153EE
:101A2000A5000B532100092AA238022A683840B9C0
:101A30004200012A850A40B94200062A612040B9C5
:101A40001F19007146001932C200821A021400B92F
:101A50002104001221041C32C5000034BF080071AB
:101A600002608052052080524210851A2100022A0D
:101A7000660840B9E5080051C2080012DF00007195
:101A800042040051420808534200012A4200043235
:101A90004110811A010C00B9BF04007149110054B2
:101AA000610840F905EE9F5225E6BF72021040B969
:101AB000E6118052C619A072210040B94200060A00
:101AC0002100050A2100022A011000B9611440F921
:101AD00005028052E5A0B772622840B9A63E40B91F
:101AE00023B068D3219060D342000012DF0400715C
:101AF000633C10536120012A2100022A013000B901
:101B0000056800B97F0A00F97F1A00B97F1200F951
:101B10007F2A00B9A0100054601A40F9161440B989
:101B2000E003162AB60FF837FAC0FF97E003162A2B
:101B3000C0C0FF97601A40F9162C40B9E003162A7E
:101B4000560EF837F3C0FF97E003162AB9C0FF9787
:101B5000A03E40B91F04007120110054601A40F9E2
:101B6000141C40B9E003142A940CF837E9C0FF971D
:101B7000E003142AAFC0FF97601A40F9142440B95B
:101B8000E003142A340BF837E2C0FF97E003142A6D
:101B9000A8C0FF97601E40F9218280522100A072E8
:101BA000010800B9010840B9410100371F2003D5E1
:101BB0001F2003D5601E40F9010840B9A1FF073678
:101BC000000840B9A00020371F2003D5601E40F94F
:101BD000000840B9A0FF2736A11E40B9A22A8952A9
:101BE0006268AA7200008052F55B42A962860029F1
:101BF000F35341A9FD7BC3A8C0035FD6F35341A9AA
:101C0000F55B42A98BC4FF9720008052FD7BC3A8DF
:101C1000C0035FD601808AD20100B0F200040051F7
:101C2000210040B9001C007261FFFF5449FFFF17FB
:101C3000034638D5010080D2014618D50205B0D23E
:101C400081024039440043B9254000113F2C007106
:101C50000020C51A8000200A400003B9400043B9A3
:101C6000C90C0054D7FDFF9772C4FF97F35341A9E5
:101C700040AF8052F55B42A9E5FFFF17A11E40B9B6
:101C8000E0FF9F523F00006B41DDFF5469C4FF97A6
:101C9000F35341A960008052F55B42A9DCFFFF17B6
:101CA00001008AD20100B0F2220040B900040051C4
:101CB000001C0072A1FFFF5426FFFF17F35341A938
:101CC000D1FFFF17011040B9FF080071211C183225
:101CD000011000B9C1EFFF54011040B921001B32BF
:101CE000011000B97AFFFF1706C1FF97E003142A1D
:101CF000DCC0FF97A8FFFF1702C1FF97E003142A7B
:101D0000D8C0FF979DFFFF17FEC0FF97E003162A7C
:101D1000D4C0FF978FFFFF17FAC0FF97E003162A82
:101D2000D0C0FF9784FFFF179F1C00712908005443
:101D30004205B0D280200051E1008052439442B964
:101D400000741E532020C01A6000200A409402B97B
:101D5000601A40F941008052001440B90016F8376B
:101D60005CC0FF97601A40F901008052002C40B916
:101D70002015F83757C0FF9768FFFF1780024039DA
:101D80001F1C0071690400544205B0D200200051AC
:101D9000E1008052439442B900741E532020C01ABF
:101DA0006000200A409402B9601A40F94100805254
:101DB000001C40B9C012F83746C0FF97601A40F9BE
:101DC00001008052002440B9E011F83741C0FF976C
:101DD00063FFFF1725200011046080D20405B0F2D4
:101DE00020008052E20304AA0020C51A840040B9F2
:101DF000E003202AC6FEFF17000000B0003C40F9B7
:101E000000486138620000104088208B00001FD617
:101E10004205B0D200741E53E1008052439042B993
:101E20002020C01A6000200A409002B9DFFFFF178F
:101E30004105B0D284741E53E0008052229042B912
:101E40000020C41A4000200A209002B9C1FFFF17E9
:101E5000010081D26102B2F2E00080521F2003D55E
:101E6000220040B900040051001C0072A1FFFF5481
:101E7000B8FEFF17018080D26102B2F2E00080520A
:101E8000220040B900040051001C0072A1FFFF5461
:101E9000B0FEFF17E00080526102B2D21F2003D5CE
:101EA000220040B900040051001C0072A1FFFF5441
:101EB000A8FEFF17010083D26100B2F2E000805259
:101EC000220040B900040051001C0072A1FFFF5421
:101ED000A0FEFF17018082D26100B2F2E0008052C2
:101EE000220040B900040051001C0072A1FFFF5401
:101EF00098FEFF17010082D26100B2F2E00080522A
:101F0000220040B900040051001C0072A1FFFF54E0
:101F100090FEFF17018081D26100B2F2E000805292
:101F2000220040B900040051001C0072A1FFFF54C0
:101F300088FEFF17010081D26100B2F2E0008052FA
:101F4000220040B900040051001C0072A1FFFF54A0
:101F500080FEFF17018080D26100B2F2E000805263
:101F6000220040B900040051001C0072A1FFFF5480
:101F700078FEFF17E00080526100B2D21F2003D527
:101F8000220040B900040051001C0072A1FFFF5460
:101F900070FEFF17018081D26102B2F2E000805230
:101FA000220040B900040051001C0072A1FFFF5440
:101FB00068FEFF17008083D26000B2F21F2003D5B5
:101FC000020040B921040051211C0072A1FFFF54FE
:101FD00060FEFF1797C3FF97F35341A9C0018052DA
:101FE000F55B42A90AFFFF1701808BD20100B0F216
:101FF000220040B900040051001C0072A1FFFF54F0
:1020000054FEFF1733C0FF97D5FEFF1731C0FF976F
:102010006BFFFF172FC0FF97C0FEFF172DC0FF9764
:1020200051FFFF1702008CD20200B0F23F10007186
:102030002001005442FC7F913F14007141E1FF54A4
:10204000410040B900040051001C0072A1FFFF5480
:1020500040FEFF17410040B900040051001C00720F
:1020600080C7FF54410040B900040051001C0072B9
:1020700021FFFF5437FEFF17F8C2021000000000D6
:1020800000000090006040F901000090225C40F9DF
:1020900001000090215840F900004039000400512F
:1020A000407860B80080001120D860F8A1FBFF17CD
:1020B00090510010000000001051001000000000BE
:1020C00008510010000000000000000000000000A7
:1020D000FD7BBDA9FD0300910000009000DC40F9EC
:1020E000F30B00F90100009022D840F901000090A4
:1020F00021D440F90000403900040051407860B814
:102100000080001133D860F8611E40F9602A40B9A0
:10211000210040B921200012E12F00B90001003553
:10212000602240F9A00200B4E00313AA82008052AA
:10213000F30B40F9FD7BC3A85EFBFF17620240F979
:10214000E1B30091601240F9424450D37D0D0094F8
:10215000610240F9621240F921441053602A40B9EB
:10216000E303012A0000014B4100038B611200F9D7
:10217000602A00B980000034F30B40F9FD7BC3A84E
:10218000C0035FD6602240F980FFFFB4E00313AACA
:1021900022008052F30B40F901008052FD7BC3A85E
:1021A00044FBFF171F2003D59051001000000000D2
:1021B0001051001000000000085100100000000045
:1021C00000000090001441F901000090221041F934
:1021D00001000090210C41F9000040390004005139
:1021E000407860B80080001120D860F8011C40F9E8
:1021F000220840B942740A12220800B9210840B9E5
:10220000012040F9810000B4420080520100805258
:1022100028FBFF17C0035FD690510010000000009C
:1022200010510010000000000851001000000000D4
:1022300000000090007C41F901000090227841F9F3
:1022400001000090217441F9000040390004005160
:10225000407860B80080001120D860F8031C40F975
:10226000610040B9644840B921200012826058D30F
:1022700042681B538401E0378400057245001D321B
:10228000646840B9A210821A0520A3528400052A6E
:10229000646800B9634840B9032040F9230200B4E0
:1022A00004FBFF17654840B98400057244001C32E6
:1022B00042041D324210841A44001A32BF0071F2E7
:1022C0008200821A646840B90520A3528400052A5E
:1022D000646800B9634840B9032040F923FEFFB5A4
:1022E000C0035FD61F2003D59051001000000000EE
:1022F0001051001000000000085100100000000004
:10230000030440F962404039631440F95F200071D2
:10231000A0010054649840B984000034639C40B923
:102320007F040071600100540300009064B041F923
:10233000213C0012030840F9807862B86168207877
:10234000C0035FD6000840F9010800B9C0035FD69A
:10235000007082D20000B2F2012000B9C0035FD643
:1023600030C4021000000000000000000000000067
:102370003F180071A00C0054E80200543F0C00719B
:10238000200B0054480400543F040071E004005442
:102390003F080071E1010054020440F9010000907F
:1023A000219C42F9A400805245404039020000902F
:1023B00042A042F9030840F9217865B864682138E1
:1023C000038440A960404039407860B83F682038B5
:1023D000C0035FD63F240071200700542806005434
:1023E0003F1C007140030054010440F902000090BA
:1023F000439C42F9E200805224404039010840F9F0
:10240000607864B822682038C0035FD63F1000713E
:10241000E0030054020440F901000090219C42F9BD
:10242000C4008052E1FFFF17010440F90200009050
:10243000439C42F98200805224404039010840F90F
:10244000607864B822682038C0035FD6020440F97F
:1024500001000090219C42F9C5008052464040395D
:102460000200009043A042F902028052040840F9A1
:10247000217866B885682138048440A980404039B5
:10248000607860B822682038C0035FD6020440F943
:1024900001000090219C42F9A5008052F0FFFF1737
:1024A0003F28007161F9FF54020440F901000090D7
:1024B000219C42F925018052E9FFFF17040440F9ED
:1024C00002000090439C42F90200009042A042F9B1
:1024D00085404039040840F9637865B8816823383D
:1024E000B8FFFF17020440F901000090219C42F957
:1024F000A5008052464040390200009043A042F9B6
:1025000002018052DAFFFF17050440F90200009033
:10251000449C42F90200009043A042F9020180521B
:10252000A6404039050840F9847866B8A168243887
:10253000D2FFFF171F2003D520C5021000000000A6
:1025400050C5021000000000000000000000000064
:10255000FD7BBFA9FD030091400D00B4020040B90E
:1025600061A68A5281AAA9725F00016B210C0054F6
:10257000010440F9221440F923404039240040B9B5
:1025800045404339650000379F08007160060054DC
:10259000234040399F040071A0030054611800518A
:1025A000211C0012000C40F93F0400710902005484
:1025B000419840B981000034419C40B93F0400710A
:1025C000E008005401000090210444F902004A3957
:1025D00021C863382100022A211C001201000A3997
:1025E00000008052FD7BC1A8C0035FD601000090AF
:1025F000210444F902006A3921C863382100022A03
:10260000211C001201002A39F6FFFF17010000907B
:10261000240044F9617C4093050840F97F20007153
:10262000817861B8442040B91FB00039C00400541B
:102630009F0400714000005421080011BF48217818
:1026400061180051211C0012000C40F93F04007178
:1026500008FBFF54E6FFFF17443C40B9412040B956
:102660009F040071A00500543F040071400800540D
:102670003F080071C004005464040051841C00121F
:102680009F040071E4979F1A7F140071E5079F1A59
:102690003F1400718100050A60090054E10700340D
:1026A0000100009021FC43F945028052040840F9E2
:1026B000217863B885682138010440F9240040B9C5
:1026C000B4FFFF179F040071400000542110001157
:1026D000000C40F9BF4821B8B6FFFF1701004A3986
:1026E000211C001221041F3201000A39BDFFFF170F
:1026F000D0C1FF97E0008052FD7BC1A8C0035FD628
:10270000CCC1FF9720008052B7FFFF170100009057
:1027100021F843F9E5FFFF173F040071200400543E
:102720003F0800718005005464040051841C0012AD
:102730009F040071E4979F1A7F140071E5079F1AA8
:102740003F1400718100050AC00400546102003486
:102750000100009021FC43F9A50C8052040840F9C7
:10276000217863B885682138010440F9240040B914
:1027700088FFFF170100009021F843F925048052DB
:10278000040840F9217863B885682138010440F9CC
:10279000240040B97FFFFF17000C40F985FFFF17A9
:1027A0000100009021F843F9C50A8052040840F95D
:1027B000217863B885682138010440F9240040B9C4
:1027C00074FFFF17A1FEFF340100009021FC43F9C4
:1027D000EBFFFF170100009021F843F9DFFFFF171F
:1027E000C1FDFF340100009021FC43F9EFFFFF170A
:1027F000F0C4021000000000C0C40210000000007D
:1028000000C402100000000090C30210000000008D
:102810004000F836C0035FD6FD7BBDA9FD030091E3
:10282000F35301A9F303002AF40302AAF51300F9F4
:10283000F503012A57BEFF97E303002A615C40922B
:1028400002008052637C78D3E003132A631C6092F9
:10285000210003AA97BDFF97A1121D53E003132A7D
:1028600084BDFF97E003132A41008052B1BDFF975A
:10287000E003132A21008052D6BDFF97000000908C
:10288000015444F962820011E003132A34D822F87B
:10289000A0BDFF97F51340F9E003132AF35341A9B4
:1028A000FD7BC3A863BDFF1790510010000000001E
:1028B000010440F9020C40F923404039211440F949
:1028C00060180051001C00121F04007149020054DE
:1028D000214C40F92000C0D23F0000EB2001005401
:1028E00000000090009C44F941004A3900C8633858
:1028F000211C00122000200A40000A39C0035FD6C4
:1029000040004A39211F80520000010A40000A3964
:10291000C0035FD600000090009C44F941006A3972
:1029200000C86338211C00122000200A40002A3908
:10293000C0035FD61F2003D590C302100000000023
:10294000FD7BBFA9FD030091000600B4020040B961
:1029500061A68A5281AAA972E40300AA5F00016BF2
:10296000C1040054060440F9C51440F9D1FFFF9793
:10297000A0404339E0030037A0204139A0030037CD
:10298000C340403900000090010C45F980244139D2
:10299000820840F9217863B8000C1C538320413928
:1029A0000000032A001C001240682138800440F90E
:1029B0000040403901040051211C00123F04007105
:1029C0000488457A6001005401000090221045F906
:1029D000812C4139830840F9427860B8200C1C539F
:1029E000812841390000012A001C00126068223849
:1029F00000008052030000140EC1FF97E0008052D7
:102A0000FD7BC1A8C0035FD60AC1FF97200080529A
:102A1000FCFFFF171F2003D5F0C4021000000000C8
:102A2000C0C4021000000000000000000000000010
:102A30000340403962180051421C00125F040071CB
:102A4000C9010054001440F9029840B982000034D2
:102A5000009C40B91F040071E00100540000009088
:102A6000025045F920004A3941C86338001C001261
:102A70000000010AC0035FD600000090025045F933
:102A800020006A3941C86338001C00120000010AA6
:102A9000C0035FD620004A3900041F12C0035FD66E
:102AA00090C30210000000000000000000000000C1
:102AB000FD7BBFA9FD030091000600B4E50301AA58
:102AC000C10500B4E40300AA60A68A5280AAA972D4
:102AD000810040B93F00006B01040054860440F9B6
:102AE000810C40F9E00306AAC71440F9D1FFFF9713
:102AF0001F1C0072E0079F1AA00400B9C0404039B3
:102B00001F20007120030054E19840B96101003496
:102B1000E19C40B93F04007101010054007082D271
:102B20000000B2F2002040B9A00000B900008052BD
:102B3000FD7BC1A8C0035FD60100009022C445F907
:102B4000810840F9407860B820686078003C001245
:102B5000A00000B9F6FFFF17B6C0FF97E000805253
:102B6000FD7BC1A8C0035FD6800840F9000840B9CA
:102B7000A00000B9EEFFFF17AEC0FF972000805203
:102B8000FD7BC1A8C0035FD630C402100000000066
:102B9000FD7BB1A9FD030091E11D00B4F55B02A925
:102BA000F50301AA361440F9561D00B4F35301A9E8
:102BB000F30300AAC01C00B4200840B9011C005156
:102BC0003F781E7202184A7A281C0054A10240B9AC
:102BD0003F080071E8520054620240B960A68A5270
:102BE00080AAA9725F00006B405D0054A242403988
:102BF000E03F80520024C21A20580036C00240F93B
:102C0000601A00B4A20E40F95F0000F12408417A76
:102C100061000054C17E40B9811BF837010000B04B
:102C20002044C33DF76303A9F96B04A9FB7305A90D
:102C30006082813CA11240F9758200A92000805277
:102C4000621A00F97F8603A9BEC1FF97024638D5F4
:102C5000000080D2004618D50005B0D2010843B963
:102C600021781F12010803B9000843B9A042403976
:102C70001F200071887E0054016082D20100B2F2F0
:102C8000F40080521F2003D52000403980060051F7
:102C9000141C0072A1FFFF54024618D52000805278
:102CA00058C1FF97E00313AA02FFFF97E00313AA9E
:102CB0000100805293FDFF97000000B0014846F9E3
:102CC000000000B0004C46F9A342403962040051B4
:102CD000E40303AA491C00127F200071620A40F934
:102CE000257863B8087863B8E0130054A108001190
:102CF00000008012404825783F0500714048217847
:102D00008900005401090011404828784048217882
:102D10004A008052C1824329060000B0C75046F9DC
:102D2000C642433921101D532014002AE77863B8A6
:102D3000001C001246140037010000B0215446F96F
:102D4000060000B0C95846F92110038B210003CBBF
:102D5000A39A4029CB325829630400512168663870
:102D6000260800120000062A40682738211443D3A1
:102D7000A0424039620A40F9207960B841682038A1
:102D8000A00240B91F040071C0470054C12240B9DD
:102D900020410035C02243396B0500513F040071CA
:102DA000005400543F080071205800543F14007133
:102DB000A05D00543F180071806500548C050051DF
:102DC00002001F1260670036610A40F99F200071FF
:102DD000406E0054C0CE40B96B3D00122B482578A0
:102DE0001F0400710042005402010034A5000A0BC8
:102DF0008C3D00121F0400712C482578610000549E
:102E000000010A0B2C682078620640F9E107805225
:102E1000609A41A90128083901282839030000B027
:102E2000675C46F9000000B0056046F90006805274
:102E300048404039C162C13904050051C25E40B901
:102E4000841C0012230400129F040071E47868B807
:102E50000489457A210C00122110831A2110022ABC
:102E6000211C0012C1682438C2064C29631240F9A3
:102E7000420C00124110012A211C00126124003969
:102E8000A1424039C3CE40B9640A40F97F040071C1
:102E9000A20240B900009F1AA37861B80100022A7B
:102EA0005F040071211C00122010801A80682338F2
:102EB000600640F9004040391F1000710418477A3D
:102EC000802D0054670A40F9C0424339A00B0037F7
:102ED000A00240B91F080071C03E0054C0D2403962
:102EE00002008052C0000036C13A40B9E200805270
:102EF000600080523F0000714210801AC0024139C8
:102F000080380037E503022A04008052C026413988
:102F100003008052C0000036C14E40B9E300805229
:102F2000600080523F0000716310801AC042413936
:102F3000800A0036C65640B9E000805261008052D7
:102F4000DF0000711410811A4E000014F35341A9E0
:102F5000F55B42A9B7BFFF9720008052FD7BCFA849
:102F6000C0035FD6A61000110000801201110011ED
:102F7000404825B88A008052404826B8404828B8C2
:102F8000404821B864FFFF17C18240B981E4FF3691
:102F9000C18A40B941E4FF36C18E40B901E4FF3631
:102FA000A11640B9C1E3FF36A2BFFF97F35341A971
:102FB00060018052F55B42A9E9FFFF17C11A40B9D1
:102FC000030000B0665846F9230800120000032AE7
:102FD00040682738211443D39F200071A042403914
:102FE000A3000A0B620A40F9C07860B84168203833
:102FF000A0320054620A40F93F050071C102412924
:103000002104005100040051213C00124148257860
:10301000003C00124048237889EFFF54C306422940
:1030200000010A0B6304005121040051633C0012AB
:1030300043482878213C00124148207873FFFF174D
:10304000C292442940001D7242009F1A421C001285
:10305000C42A18374510042A841C0012A51C00122B
:10306000C382452961001D7201001D1263009F1A71
:10307000001C00123F000071631C001214009F1A14
:10308000A642403900000090006846F901008052D5
:10309000411C0033007866B8811C1833611C103362
:1030A000E5682038811E0833640640F980404039C5
:1030B00002040051421C00125F0400710488457A2A
:1030C00060010054A442403900000090026C46F9AF
:1030D0006010142A630A40F9001C0012427864B898
:1030E00060682238640640F9804040390200009050
:1030F000597046F9614A00B9620A40F9340080D239
:10310000217B60B800000090007446F9981440F9E3
:103110005F682138010840AD610640F9021040F9AE
:10312000E27700F9201440F9211440B9E1C300B955
:10313000E123039100C0CA3C02C047F8210800AD5A
:1031400001A440B9E18B00B9014440F9E25B00F908
:1031500002A0423900BC40B9E2330239E027803D89
:10316000E0A300B9E15F00F906000014FF820171DD
:10317000CC140054940600919F1A00F1A009005449
:1031800080F67ED3E1C302912100008B37C05FB887
:10319000FF8200310BFFFF54E12302918102018B7A
:1031A00021F05F383F10007121FEFF54610640F9A5
:1031B0008006005102000090437846F91A7C409343
:1031C00021404039E0230391020C148BE003172ABD
:1031D000E33700F92104018B21001A8B5B805FF833
:1031E000617861B8E17700B926BFFF97FC03002A38
:1031F00044BFFF97E203002AE17740B9E0031C2AAD
:10320000FC03022A7FBFFF9701000090247C46F94F
:10321000E2031C2AE103002A807862F8A02700B4A8
:1032200000000090058046F9A07862F8A02800B45C
:10323000847862F8E003012A937820F8A17862F894
:103240003B7820F8610640F9E003172AE23740F99D
:10325000214040392104018B21001A8B577861B835
:1032600008BFFF97FA03002A0EBFFF97E103172A52
:10327000F703002AE0031A2A62BFFF975FCF0071AD
:10328000481400544205B0D2210080525748378B71
:103290002020C01A940600919F1A00F1E10249B95A
:1032A0002000200AE00209B9C1F6FF541F2003D50F
:1032B000608A40A900404039217B60B8406861388D
:1032C000001C001200001C3240682138608A40A9AE
:1032D00000404039217B60B840686138001C001212
:1032E0000000003240682138608A40A9004040391F
:1032F000217B60B840686138001C001200001F325A
:1033000040682138610640F92240403940040051AC
:10331000001C00121F040071E9010054630A40F907
:10332000217B62B860686138001C001200001E3208
:1033300060682138608A40A900404039217B60B82C
:1033400040686138001C001200001D3240682138BE
:10335000610640F9E20313AA201440B92144403920
:103360002CFDFF9701E34139E20313AA007F40B926
:1033700028FDFF9701E74139E20313AA008340B912
:1033800024FDFF9701134239E20313AA008B40B9D1
:1033900020FDFF97008F40B9E20313AA01174239BD
:1033A0001CFDFF97600640F9004040391F14007172
:1033B0000418487AC10600542105B0D2A71640F976
:1033C000200040B9210440B92205B0D2400000B924
:1033D000410400B9C09A40B9800A0035F55B42A9A2
:1033E00061A68A5281AAA97200008052F76343A99C
:1033F000F96B44A9FB7345A9610200B9F35341A9D4
:10340000FD7BCFA8C0035FD600C00391E163208B92
:10341000E003172A3BC059B89ABEFF97FA03002A67
:10342000A0BEFF97E203002AE1031A2AE003172A4D
:10343000F703022AA3BEFF975FCF0071E80900548B
:103440004105B0D2E20180522148378B4220C01A98
:103450007B23C01A20C842B90000220A20C802B942
:1034600020C842B97B03002A3BC802B942FFFF17BC
:1034700001000090226446F9011E8052670A40F95B
:10348000407860B8E168207890FEFF17640A40F940
:103490002205B0D2237B60B8C1A241392000195364
:1034A00081686338211C00120000012A80682338DB
:1034B000630640F9400040B9410440B962404039D8
:1034C000A71640F9A20100345F0C0071E00000541F
:1034D0005F100071A1F7FF54E27440B921741E120D
:1034E0002100022AB9FFFF17E27040B900741812D8
:1034F0000018022AB5FFFF17E26C40B900741E12D3
:103500000000022AB1FFFF174225B0D221008052ED
:103510005748378B2020C01AE13240B92000200ADA
:10352000E03200B914FFFF17027082D20200B2F23B
:10353000E10C53294044403900141E124044003924
:10354000C30500342000805240440039E00313AA30
:1035500088FBFF97027082D20200B2F2E0A040B96D
:1035600041444039211C00122004002A001C001292
:10357000404400399AFFFF174125B0D2E201805242
:103580002148378B4220C01A7B23C01A202040B923
:103590000000220A202000B9202040B97B03002A25
:1035A0003B2000B9F4FEFF17E503022A0400805215
:1035B000ACFEFF17A20E40B93F040071660A40F945
:1035C00042040051201100543F080071E0180054DB
:1035D00000010A0B3F140071001E00549F2000716F
:1035E00020260054423C0012C2482878633C001256
:1035F000C348207805FEFF1743444039E00313AA6F
:1036000063181F12434400395AFBFF97D2FFFF177C
:10361000C04640B9800C003545041C32640080521D
:103620003BFEFF17E303082A2B682378EFFDFF1703
:1036300000BEFF97F35341A9A0008052F55B42A959
:1036400047FEFF17610A40F900010A0BC20A40B9A0
:1036500042040051224825B8C20E40B9420400512C
:10366000224823B8C21240B942040051224828B867
:10367000C21640B942040051224820B8E3FDFF17AA
:10368000C02240B9610A40F91F040071200A0054A9
:10369000A5000A0B00010A0B9F20007120100054A6
:1036A0003F482578633C001223482078D7FDFF1758
:1036B000C42240B99F040071C00700549F080071E4
:1036C000000D00549F140071800D00549F1800716C
:1036D00061050054C026413920050036C04E40B96E
:1036E000C01900353400805205008052E303142ACB
:1036F000040080520200805262FEFF17CDBDFF978A
:10370000F35341A940AF8052F55B42A914FEFF1765
:10371000E0031C2AE17700B9E23F00F905BEFF97FC
:103720000200009042E03391E17740B9440040F953
:10373000E23F40F960D7FFB5BEBDFF97C2FEFF175D
:10374000E0031C2AE17700B9E23F00F915BEFF97BC
:103750000200009042003491E17740B9450040F901
:103760000200009042E03391440040F9E23F40F90A
:1037700000D6FFB5AFBDFF97B3FEFF17050080521F
:103780000300805204008052020080523DFEFF1769
:10379000A8BDFF97F35341A9C0018052F55B42A930
:1037A000EFFDFF1745081C32E4008052D8FDFF17DB
:1037B000C0D2403940FE0736C03A40B9A00C0035AF
:1037C000E203042A03008052250280522DFEFF17D7
:1037D0009F200071000F00543F482578633C001281
:1037E0002348287889FDFF179F200071A0000A0B4D
:1037F00020100054633C0012C3482578C1CE40B964
:10380000423C0012C24820783F040071E1AFFF54EF
:1038100000010A0BC3482878C24820787BFDFF17B7
:10382000620A40F9C1D24039C00700369F200071BA
:10383000A4000A0B600C0054C0CE40B96B3D0012CE
:103840004B4824781F04007140190054E1180037D8
:10385000E503052A633C0012436825786BFDFF17DA
:10386000C0D24039C0F80736C03A40B92007003509
:1038700024008052D3FFFF17C026413900F80736D5
:10388000C04E40B9A00C0035340080520500805273
:10389000E303142A0400805202008052F9FDFF174E
:1038A0003F4825B8234820B858FDFF17620A40F961
:1038B000C1024139E00B00369F20007160100054B6
:1038C000C0CE40B96B3D00124B4825781F040071F3
:1038D000E018005481180037A0000A0B633C001266
:1038E0004368207849FDFF179F200071A0000A0B54
:1038F000A0100054423C0012C2482578C1CE40B905
:10390000633C0012C34820783F040071E1A7FF54D4
:1039100000010A0BC2482878C34820783BFDFF17F6
:1039200021000072607C01530310831A9F200071F4
:1039300060050054C0CE40B9633C0012434825786E
:103940001F04007121A6FF54434828782FFDFF175C
:10395000C400805203008052E203042AC50C805246
:10396000C8FDFF17620A40F9C1264139E00D003455
:103970009F200071C012005421000072607C01532E
:103980000310831A6B3D0012633C00124B482578EC
:10399000434828781DFDFF179F200071000E00543A
:1039A000633C0012C3482878423C0012C248207889
:1039B00016FDFF173F4825B8234828B813FDFF1709
:1039C0004B4824B8C0CE40B91F0400710012005407
:1039D00021000072607C01530310831A434825B80C
:1039E000C0CE40B91F04007101A1FF54434828B85C
:1039F00006FDFF17C34825B8C24820B8C0CE40B95D
:103A00001F04007121A0FF5400010A0BC34828B80D
:103A1000C24820B8FDFCFF17D40080520500805238
:103A2000E303142A040080520200805295FDFF1720
:103A300021000072607C01530310831A9F200071E3
:103A400020050054C0CE40B9A5000A0B633C00120B
:103A50001F04007143482578819DFF5400010A0B23
:103A600043482078E9FCFF17620A40F9C142413916
:103A7000A00600349F200071E003052AC00D005409
:103A800021000072607C01530310831A6B3D001209
:103A90004B48257800010A0B633C0012434820780C
:103AA000DAFCFF17C24828B8C34820B8D7FCFF1774
:103AB000C29AFF34610A40F99F20007180070054C8
:103AC000C0CE40B9CAFCFF174B4825B8C0CE40B99C
:103AD0001F040071600A005421000072607C0153D1
:103AE0000310831AA5000A0B434825B8C0CE40B97D
:103AF0001F040071A198FF5400010A0B434820B82D
:103B0000C2FCFF17C24825B8C34820B8C0CE40B990
:103B10001F040071A197FF5400010A0BC24828B886
:103B2000C34820B8B9FCFF1721000072607C015324
:103B30000310831A9F200071A0F5FF54633C00120C
:103B400094FFFF1721000072607C01530310831A59
:103B50009F20007101FAFF54E8FFFF17C34828B8FF
:103B6000C24820B8A9FCFF17637C015373FFFF17FD
:103B700000010A0B21000072E503052A617C015354
:103B80002310831A4B482078633C00124368257841
:103B9000434828789DFCFF172B4825B8C0CE40B974
:103BA0001F040071000600540293FF34A5000A0BA5
:103BB0002C4825B8C0CE40B91F0400716192FF5453
:103BC00000010A0B2C6820B890FCFF17210000723E
:103BD000607C01534B4825B80310831A434828B82A
:103BE0008AFCFF17637C015398FFFF17A5000A0B9F
:103BF00021000072607C01534B4828780310831A1F
:103C0000633C00124368257895FFFF1700010A0BFB
:103C10004B6820B841EE0736637C015370FFFF17F5
:103C2000E003082A4B6820B8E1F50736637C0153AE
:103C3000ADFFFF174B6820B801F60736637C0153D0
:103C4000AEFFFF1700000090033C46F90000009013
:103C5000024046F900000090004446F9C1FB805242
:103C60006CBCFF97E003082A2B6820B802FAFF35E6
:103C700066FCFF171F2003D508A3021000000000F8
:103C800078C302100000000010A302100000000022
:103C900000C4021000000000D0C3021000000000A9
:103CA00080C5021000000000E0C502100000000006
:103CB00050C5021000000000B0C502100000000056
:103CC00020C5021000000000A0C302100000000088
:103CD000F0C4021000000000C0C402100000000088
:103CE00090C4021000000000E0C6021000000000B6
:103CF00070C6021000000000506D001000000000AF
:103D0000706C0010000000001F2003D51F2003D599
:103D100000100090000000009012009000000000D1
:103D2000FD7BBDA9FD0300910000009000DC46F979
:103D3000F30B00F90100009022D846F90100009031
:103D400021D446F90000403900040051407860B8A1
:103D50000080001133D860F8611A40F9A10100B465
:103D6000601E40F9C00100B4020C40A9E20F02A994
:103D7000622240F9020000F91F0400F920003FD63A
:103D8000601E40F9600000B4E20F42A9020C00A9D5
:103D9000F30B40F9FD7BC3A8C0035FD6E08300911D
:103DA000F4FFFF171F2003D5905100100000000002
:103DB0001051001000000000085100100000000029
:103DC000FD7BBDA9E603002AFD030091010000B0C0
:103DD000214C40F9F30B00F9020000B0454840F9CE
:103DE000020000B0424440F9030000B0645040F9C2
:103DF000030000B0635440F9210040392104005110
:103E0000A07861B80080001153D860F8650640F9C9
:103E1000A21440F9A1404039A04040394220433922
:103E20001F200071847861B8637861B86005005420
:103E300002030034C700805208008052A00040B93D
:103E40001F04007160050054611A40F9C10100B4FB
:103E5000601E40F9E700060B800500B4020C40A983
:103E6000E20F02A9622240F9020000F907200129AD
:103E700020003FD6601E40F9600000B4E20F42A966
:103E8000020C00A9F30B40F9FD7BC3A8C0035FD669
:103E9000620A40F9E6030034DF040071E0090054CF
:103EA000DF080071000D0054630800110418005170
:103EB000841C00129F040071484863780088447A8B
:103EC000083D0012C80B0054000000B0005840F933
:103ED000E31E80524E000014E2FAFF35600A40F9FA
:103EE000C6060035084864B827008052D4FFFF1783
:103EF00061B2403921030037611A40F960B20039DC
:103F000081FAFFB5E0FFFF17E0830091D6FFFF17AE
:103F10004848647803040051631C001200180051E3
:103F20007F0C0071001C0012083D00120088417ACD
:103F300068080054000000B0005840F92700805283
:103F4000017861B84068613800181F124068213854
:103F5000650640F9BAFFFF17E00313AA55FAFF9769
:103F600001008052E00313AAE6F8FF977FB2003900
:103F7000611A40F981F8FFB4621E40F9A30040B90C
:103F8000E00302AA7F04007161F6FF54A20700B4A7
:103F9000441440A9E41702A9602240F9400000F946
:103FA0005F200129E00302AA20003FD6601E40F9ED
:103FB00060F6FFB5B4FFFF17DF040071A0050054E1
:103FC000DF080071200300546310001127008052A5
:103FD000084863B89AFFFF178408001103040051D2
:103FE000631C0012001800517F0C0071001C0012AD
:103FF000484864780088417A083D0012C80100549E
:1040000000000090005840F9A31F8052017861B869
:1040100027008052406861380000030A4068213858
:10402000650640F986FFFF17084863B827008052ED
:1040300083FFFF17E703062A81FFFF17270080523F
:104040007FFFFF174848637803180051631C001274
:104050007F040071083D00120088447A08FFFF5475
:1040600000000090005840F9631F8052E8FFFF17DE
:1040700084100011E703062A084864B870FFFF1790
:10408000E2830091C5FFFF1790510010000000006F
:104090001051001000000000085100100000000046
:1040A00000C4021000000000D0C302100000000095
:1040B00060C40210000000000000000000000000CA
:1040C000000080523FFFFF170000000000000000CA
:1040D000200080523BFFFF1700000000000000009E
:1040E0004000805237FFFF17000000000000000072
:1040F0006000805233FFFF17000000000000000046
:10410000FD7BBFA9FD030091800400B4020040B90B
:1041100061A68A5281AAA9725F00016BE102005474
:10412000020440F941404039421440F93F200071F7
:10413000C0020054439840B923010034429C40B966
:104140005F040071C1000054007082D20000B2F21E
:104150001F2000B9000080520A00001402000090E5
:1041600043D440F9020840F9607861B85F6820786C
:1041700000008052030000142EBBFF97E000805225
:10418000FD7BC1A8C0035FD6000840F91F0800B935
:1041900000008052FBFFFF1726BBFF9720008052D4
:1041A000F8FFFF171F2003D530C4021000000000E5
:1041B000FD7BBFA9FD030091600300B4E40300AAE6
:1041C000E503012A60A68A5280AAA972810040B93B
:1041D0003F00006B81010054800440F9810C40F9DC
:1041E00014FAFF971F1C007261010054E00304AA37
:1041F000E103052A43F8FF9700008052FD7BC1A828
:10420000C0035FD60BBBFF97E0008052FD7BC1A8C7
:10421000C0035FD607BBFF9700018052FD7BC1A89A
:10422000C0035FD603BBFF9720008052F4FFFF1747
:10423000C0035FD600000000000000000000000086
:10424000A20000B0E10300AA40EC43F9050000140D
:10425000A20000B0E10300AA40EC43F9AD0600144F
:10426000FD7BBAA9FD030091F35301A9345C0091D1
:10427000F55B02A9F50300AA9FBA00F1A80C00544F
:104280003F8000F188190054F6010094140480D294
:10429000010A80D280008052B6000090D6C23E91C2
:1042A000C102018B00080011214000D1330C40F9FC
:1042B0007F0201EBC11D0054D31240F9A60000900B
:1042C000C6003F917F0206EB600F0054610640F983
:1042D00021F47E92220014CB5F7C00F1AC270054C5
:1042E000C61A02A98217F8B6C50640F93FFC07F1C5
:1042F000C81E005422FC43D3230080D24104001185
:10430000427C021321781F536220C29AA50002AAA0
:10431000C1CE218B22045FF8C50600F9620601A90F
:10432000330800F9530C00F9017C0213240080D2F9
:104330008420C19A9F0005EBA80C00549F0005EA59
:10434000C100005400741E1284F87FD300100011C5
:104350009F0005EAA0FFFF54E901809207040011C5
:10436000E803002AE7781F5327CD278BC702078B66
:10437000E50307AAA10C40F909000014220440F942
:10438000F30301AA210C40F942F47E92430014CBBE
:104390007F7C00F12C1E0054E31FF8B6BF0001EB38
:1043A000E1FEFF541FF900712D240054A540009137
:1043B000080500111F0540F2E1FDFF54050000143F
:1043C000E1045FF8000400513F0007EB01340054A2
:1043D0001F0440F261FFFF54C00640F90000248A28
:1043E000C00600F984F87FD3810400D13F0000EBC0
:1043F000830000543600001484F87FD308110011A4
:104400009F0000EAA0FFFF54E003082AD4FFFF1733
:1044100094EE7C92E27B40B29F0202EB229054FA2F
:10442000A80C00548F0100949FDE07F1891C0054F2
:1044300081FE49D3810C00B43F1000F1A81700544D
:1044400081FE46D320E4001125E0001104781F53BB
:10445000847C7D93B6000090D6C23E91C402048B4A
:10446000844000D1930C40F99F0013EBE10000540D
:1044700092FFFF17630E40F9C211F8B6F30303AAC7
:104480009F0003EBA0F1FF54610640F921F47E92F6
:10449000220014CB5F7C00F1EDFEFF54D31240F9F3
:1044A000A6000090C6003F91E003052A7F0206EBBC
:1044B000E1F0FF54C50640F9017C0213240080D2CC
:1044C0008420C19A9F0005EBA9F3FF54D30A40F959
:1044D000F76303A9770640F9F7F67E92E00214CB62
:1044E0001F7C00F1E0C254FA420A0054010100901E
:1044F000FB7305A9BC000090210447F9E30382D2B5
:1045000082CF47F98102018B3800038B2180009113
:104510005F0400B118CF74921813819AE00315AAB2
:10452000E10318AA7B02178BF96B04A945040094D8
:10453000F90300AA1F0400B1A00600547F0300EB9A
:10454000280600541A01009041D34DB92100180BE0
:1045500041D30DB9E003012A811700547F2F40F2A7
:1045600041170054C20A40F9E002188B000040B223
:10457000400400F91F2003D500010090217C4093E6
:10458000020047F93F0002EB49000054010007F91F
:1045900000010090D30A40F902FC46F93F0002EB0B
:1045A0004900005401FC06F9600640F900F47E92CF
:1045B0001A00001480018052130080D2A00200B9BA
:1045C0000C000014048080D200088052E50780525D
:1045D000A1FFFF176102018BE00315AA734200914E
:1045E000220440F9420040B2220400F92101009463
:1045F000F55B42A9E00313AAF35341A9FD7BC6A8CA
:10460000C0035FD67F0216EB80110054D30A40F935
:10461000600640F900F47E929F0200EB000014CB8C
:1046200004985FFAAD190054F96B44A9FB7345A9CE
:104630006202148B940240B2740600F9010040B289
:10464000C20A00F9410400F9E00315AA734200917F
:1046500008010094F55B42A9E00313AAF35341A9B2
:10466000F76343A9FD7BC6A8C0035FD6619240A94A
:10467000E00315AA630E40F921F47E926102018BDA
:10468000220440F9830C00F9420040B2640800F9AA
:10469000220400F973420091F6000094F55B42A9F0
:1046A000E00313AAF35341A9FD7BC6A8C0035FD65C
:1046B000640A40F96102018BE00315AA220440F963
:1046C000830C00F9F1FFFF1722FC49D33FFC27F1CF
:1046D000890900545F5000F1E8140054447001113E
:1046E000436C011184781F53847C7D93C402048B36
:1046F00082045FF89F0002EBA100005485000014C3
:10470000420840F99F0002EBA0000054430440F926
:1047100063F47E927F0001EB48FFFF54440C40F9A4
:10472000621201A9930800F9530C00F9FFFEFF176C
:104730003F5000F1290700543F5001F1C8120054C6
:1047400081FE4CD320BC011125B8011104781F5300
:10475000847C7D9340FFFF17640A40F9800240B2D9
:10476000600600F97402148B650040B2E00315AADC
:10477000810C00F9240800F9D45202A9859A00A9F5
:10478000860E00F9636A22F873420091B900009422
:1047900098FFFF176202028BE00315AA640E41F82E
:1047A000430440F9630040B2430400F9810C00F96E
:1047B000240800F9AF0000948EFFFF1780FE43D35A
:1047C0000104001121781F53217C7D93B3FEFF1754
:1047D0006302148B940240B2740600F9440040B2A4
:1047E000C30E02A9E00315AA649800A9660C00F99B
:1047F000626A21F8734200919E0000947DFFFF17CA
:1048000022FC46D344E4001143E0001184781F5396
:10481000847C7D93B6FFFF1720700111256C011178
:1048200004781F53847C7D930BFFFF17080500114C
:10483000A5800091DFFEFF171A01009040D34DB90B
:104840000000180B40D30DB981CF47F93F0400B1E8
:10485000200B00543B031BCB00001B0B40D30DB9B6
:104860003C0F40F22006005439031CCB1B0282D2BD
:10487000394300917B031CCB3803188BE00315AA46
:104880007B0318CB7B2F4092E1031BAA6D0300949E
:104890001F0400B1400B0054000019CBE2031B2A97
:1048A00018001B8B40D34DB9180340B2D90A00F948
:1048B0004100000B41D30DB9380700F97F0216EB18
:1048C000C0E5FF54FF7E00F149040054620640F940
:1048D000C30000B0E06200D16004C03D00EC7C92F7
:1048E0006302008B42004092420000AA620600F977
:1048F0006080803C1F7C00F109E4FF54614200911C
:10490000E00315AA0305009441D34DB91BFFFF171F
:10491000637C0213210080D22120C39AA50001AA42
:10492000C50600F97FFFFF173B03188BE00315AAAC
:10493000FB031BCB7B2F4092E1031BAA4103009496
:10494000020080521F0400B181FAFF54D6FFFF1706
:10495000200080D2200700F9E00315AA130080D2BE
:1049600044000094F76343A9F96B44A9FB7345A97C
:1049700020FFFF175F5001F12802005422FC4CD3A6
:1049800044BC011143B8011184781F53847C7D938A
:1049900057FFFF173F5005F12802005481FE4FD307
:1049A00020E0011125DC011104781F53847C7D93E4
:1049B000A9FEFF1799CF07F9AAFFFF175F5005F16E
:1049C0008802005422FC4FD344E0011143DC011162
:1049D00084781F53847C7D9345FFFF173F5015F16A
:1049E0008802005481FE52D320F4011125F00111F8
:1049F00004781F53847C7D9397FEFF179C4300D15E
:104A00000200805218031C8B180319CBA6FFFF1756
:104A10005F5015F16801005422FC52D344F4011197
:104A200043F0011184781F53847C7D9330FFFF177E
:104A300004FE80D2E00F8052C50F805286FEFF1721
:104A400004FE80D2C30F805229FFFF17C00640F931
:104A500065FEFF17000000000000000000000000DD
:104A6000000100B0002001912E030014000000009E
:104A7000000100B0002001912E030014000000008E
:104A8000FD7BBDA9FD0300912220C079F35301A94C
:104A9000F30301AAF55B02A9F60300AAE20718379F
:104AA0004000153220200079210840B93F000071F4
:104AB0008D0B0054642640F9640600B4611A40F975
:104AC000D40240B9DF0200B9620B6037020080D225
:104AD000E00316AA2300805280003FD6E20300AA1A
:104AE0001F0400B1E00B0054611A40F9642640F93C
:104AF0006022C079E0001036602E40F9630A80B968
:104B0000420003CB600000B4607280B9420000CB69
:104B1000E00316AA0300805280003FD61F0400B1B4
:104B2000E1080054C30240B96122C0797F7400716A
:104B3000A8060054220080D20208A4F24224C39A9C
:104B400022060036640E40F922781412640200F93D
:104B50007F0A00B96222007941006036E307003421
:104B6000612E40F9D40200B9E10000B460D2019195
:104B70003F0000EB60000054E00316AA65040094B7
:104B80007F2E00F900008052F35341A9F55B42A942
:104B9000FD7BC3A8C0035FD6350C40F955FFFFB4B9
:104BA000210040F9750200F900008052210015CB68
:104BB000F403012A5F0440F241000054602240B92E
:104BC000600E00B93F000071AC000054EEFFFF170B
:104BD000B5C2208B9F0200716DFDFF54611A40F930
:104BE000E303142A642240F9E20315AAE00316AA9B
:104BF00080003FD69402004B1F000071ACFEFF54B2
:104C00006122C07921001A3261220079F35341A94F
:104C100000008012F55B42A9FD7BC3A8C0035FD6EC
:104C2000617240B93F0000716CF4FF540000805283
:104C3000D6FFFF17624A40F9AFFFFF176122C07924
:104C4000630E40F922781412630200F97F0A00B95A
:104C50006222007961F86736604A00F9C1FFFF17E8
:104C6000C00240B920F4FF341F7400710418567A52
:104C700081FCFF5400008052D40200B9C3FFFF172B
:104C8000FD7BBDA9FD030091F35301A9F30301AA24
:104C9000F40300AAF51300F9600000B4012440F900
:104CA000810400B46022C079150080528001003474
:104CB00061B240B941000037C0014836E10313AA90
:104CC000E00314AA6FFFFF97F503002A61B240B911
:104CD0006100003760224079E0014836F35341A972
:104CE000E003152AF51340F9FD7BC3A8C0035FD686
:104CF000605240F98B020094E10313AAE00314AA66
:104D000060FFFF97F503002A61B240B981FE0737C3
:104D1000F1FFFF17605240F986020094F35341A956
:104D2000E003152AF51340F9FD7BC3A8C0035FD645
:104D3000B4000094DCFFFF1700000000000000003A
:104D4000E00400B4FD7BBDA9FD030091F35301A96C
:104D5000F30300AAA00000B0F51300F915EC43F925
:104D6000750000B4A02640F9800200B46022C0792A
:104D7000140080528001003461B240B94100003714
:104D800020024836E10313AAE00315AA3DFFFF976E
:104D9000F403002A61B240B9610000376022407913
:104DA00080014836F51340F9E003142AF35341A972
:104DB000FD7BC3A8C0035FD6E00315AA9100009451
:104DC000EBFFFF17605240F956020094EEFFFF1709
:104DD000605240F957020094F3FFFF17A20000B0A1
:104DE00001000090A00000B042001F91210032910C
:104DF00000801F91A70000140000000000000000C8
:104E0000A20000B0410000D042001F912180049117
:104E1000A00000B000801F919E0000140000000060
:104E2000FD7BBEA90201009042403891FD03009134
:104E3000010440F9F30B00F9F30300AA3F0002EB71
:104E400040000054B7240094610A40F9000100902A
:104E500000203B913F0000EB60000054E00313AAE8
:104E6000B0240094610E40F90001009000003E91D2
:104E70003F0000EBA0000054E00313AAF30B40F93D
:104E8000FD7BC2A8A7240014F30B40F9FD7BC2A848
:104E9000C0035FD60000000000000000000000001A
:104EA000FD7BBCA900010090020100B0FD03009150
:104EB000F35301A913403891830080520100009000
:104EC00021003891411C00F9020180D2010080527A
:104ED000F55B02A9140000B0F71B00F9948214914D
:104EE0001F0807F90001009000E03A917F0600F9E1
:104EF000631200B9160000B07F0E00F9D68211913E
:104F00007F2200B9150000B07F2A00B9B542139185
:104F10007FB200B99B020094170000B0000100901E
:104F2000F702109100C03A91735E03A9765604A966
:104F3000742A00F9F301009423018052020180D207
:104F40002300A072010080520001009000C03D913A
:104F50007F5E00F97F6200F963CA00B97F6A00F9D9
:104F60007FDA00B97FE200B97F6A01B98502009457
:104F70000101009021203B910001009000A03D9193
:104F800061DE0EA976D60FA9748600F9DD010094C2
:104F900043028052020180D24300A072010080527D
:104FA000000100B000A000917FBA00F97FBE00F9B7
:104FB000638201B97FC600F97F9201B97F9A01B976
:104FC0007F2202B96F0200940101009021003E91FE
:104FD000615E1AA9000100B00080009176561BA9FD
:104FE00074E200F9F35341A9F55B42A9F71B40F9BC
:104FF000FD7BC4A8C30100140000000000000000F5
:10500000FD7BBEA9FD030091F35301A9F40300AA9F
:105010001301009073420191E00313AAC1010094AF
:10502000802640F9E00000B501010090E0FFFFF0AC
:1050300000803891802600F9201C40F9A00000B4BF
:10504000E00313AAF35341A9FD7BC2A8B9010014E0
:1050500094FFFF97E00313AAF35341A9FD7BC2A875
:10506000B401001400000000000000000000000077
:105070000001009000400191AA010014000000000E
:105080000001009000400191AA01001400000000FE
:10509000FD7BBBA9FD030091F55B02A9F60302AA03
:1050A00015008052F76303A9F70300AAF80301AAC9
:1050B000F35301A9F92300F9191780521F2003D5D2
:1050C000D40A40B9D30A40F99F0200710D0200547E
:1050D000944EB99B1F2003D5632240797F04007151
:1050E000090100546326C079E10313AAE00317AA5B
:1050F0007F0400316000005400033FD6B502002A4F
:1051000073E202917F0214EB81FEFF54D60240F954
:1051100096FDFFB5F35341A9E003152AF55B42A9BB
:10512000F76343A9F92340F9FD7BC5A8C0035FD607
:10513000FD7BAFA9EB068012EA0F8012FD03009100
:10514000EC430391E8430491A9000090E82303A9EC
:10515000E80300AAEC2300F9EB2B092920ED43F921
:10516000E017803DE0C341ADE11B803DE21F803D83
:10517000E323803DE427803DE52B803DE62F803D05
:10518000E733803DE18B0DA9E20308AAE3930EA962
:10519000E3430091E59B0FA9E78700F9E0C300AD69
:1051A000010840F9FB0C0094FD7BD1A8C0035FD639
:1051B000FD7BBAA9FD030091F35301A9F40300AAF2
:1051C000F30301AAE00301AA3E020094822640F9FB
:1051D00004040091E6030191A10000B0230080D2F5
:1051E0002180099145008052E61700F9E53300B9A6
:1051F000E4CF03A9E08704A9E32F00F9930A40F95B
:10520000820400B461B240B96022C0794100003725
:1052100080034836C000683761B240B900001332DD
:10522000602200792078121260B200B9E00314AA5B
:10523000E10313AAE2A30091B624009461B240B93D
:105240001F0000715401805294029F5A6100003780
:1052500060224079A0004836E003142AF35341A9A4
:10526000FD7BC6A8C0035FD6605240F931010094AF
:10527000E003142AF35341A9FD7BC6A8C0035FD6FF
:10528000605240F9270100946022C079E2FFFF17C5
:10529000E00314AA5BFFFF97DBFFFF17000000008D
:1052A000A2000090E10300AA40EC43F9C1FFFF1700
:1052B000FD7BAFA9EB068012EA0F8012FD0300917F
:1052C000EC430391E8430491A9000090E82303A96B
:1052D000E80300AAEC2300F9EB2B092920ED43F9A0
:1052E000E017803DE0C341ADE11B803DE21F803D02
:1052F000E323803DE427803DE52B803DE62F803D84
:10530000E733803DE18B0DA9E20308AAE3930EA9E0
:10531000E3430091E59B0FA9E78700F9E0C300ADE7
:10532000010440F963230094FD7BD1A8C0035FD63C
:10533000FD7BA3A9FD030091F30B00F9F30301AA80
:1053400081408052E03700F9E1F30079E04300F951
:10535000E04B803DE14F803DE253803DE357803D8F
:10536000E45B803DE55F803DE663803DE767803D2F
:10537000E20F1AA9E4171BA9E61F1CA9D10100948A
:10538000A1000090E4830691E42F00F9E40300AA51
:10539000E543079120EC43F9E1230191E2058012F6
:1053A000E30F8012E59704A905000090A540119134
:1053B000E20F0C2906008012E20313AAE383009196
:1053C000200440ADE1A30191E47300B9E6F7007950
:1053D000E00701ADE48B00B9E55300F9FF6300F984
:1053E000FF7300F903030094F30B40F9FD7BDDA884
:1053F000C0035FD6000000000000000000000000B5
:10540000FD7BBEA9637C4093FD030091F30B00F983
:10541000F30301AA2124C07972000094E000F8B7D8
:10542000614A40F92100008B614A00F9F30B40F911
:10543000FD7BC2A8C0035FD6612240792178131298
:1054400061220079F30B40F9FD7BC2A8C0035FD64F
:1054500000008052C0035FD6000000000000000082
:10546000FD7BBDA9FD0300912420C079F35301A960
:10547000F30301AAF40300AAF55B02A9F50302AA4B
:10548000F603032A840140376126C0798478131219
:1054900064220079C37E4093E20315AAE00314AAB4
:1054A0007C000094F35341A9F55B42A9FD7BC3A89E
:1054B000C0035FD62124C07943008052020080D20D
:1054C000300000946422C079F0FFFF170000000054
:1054D000FD7BBEA9FD030091F30B00F9F30301AAC4
:1054E0002124C079270000946122C0791F0400B1F3
:1054F000E00000542100143261220079604A00F972
:10550000F30B40F9FD7BC2A8C0035FD621781312CC
:1055100061220079F30B40F9FD7BC2A8C0035FD67E
:105520002124C079030000140000000000000000E6
:10553000FD7BBEA9FD030091F35301A91401009066
:10554000F30300AA9F4200B9E003012AF5EDFF979B
:105550001F04003180000054F35341A9FD7BC2A811
:10556000C0035FD6814240B981FFFF34610200B9B8
:10557000F35341A9FD7BC2A8C0035FD60000000021
:10558000FD7BBEA9FD030091F35301A91401009016
:10559000F30300AA9F4200B9E003012AE10302AA33
:1055A000E203032A6BEDFF971F0400B18000005453
:1055B000F35341A9FD7BC2A8C0035FD6814240B925
:1055C00081FFFF34610200B9F35341A9FD7BC2A8FA
:1055D000C0035FD6000000000000000000000000D3
:1055E000FD7BBEA9FD030091F35301A914010090B6
:1055F000F30300AAE003012AE10302AA9F4200B9D3
:10560000E20303AA1FEDFF97017C40931F040031C2
:10561000A0000054F35341A9E00301AAFD7BC2A8F6
:10562000C0035FD6804240B960FFFF34600200B91A
:10563000E00301AAF35341A9FD7BC2A8C0035FD6D2
:10564000FD7BBEA9FD030091F35301A91401009055
:10565000F30300AA9F4200B9E00301AA79B7FF97BC
:105660001F0400B180000054F35341A9FD7BC2A880
:10567000C0035FD6814240B981FFFF34610200B9A7
:10568000F35341A9FD7BC2A8C0035FD60000000010
:10569000FD7BBEA9FD030091F35301A91401009005
:1056A000F30300AAE003012AE10302AA9F4200B922
:1056B000E20303AA5FEDFF97017C40931F040031D2
:1056C000A0000054F35341A9E00301AAFD7BC2A846
:1056D000C0035FD6804240B960FFFF34600200B96A
:1056E000E00301AAF35341A9FD7BC2A8C0035FD622
:1056F000A000009000EC43F9C0035FD6000000005A
:10570000C0035FD6000000000000000000000000A1
:10571000C0035FD600000000000000000000000091
:10572000C0035FD600000000000000000000000081
:10573000C0035FD600000000000000000000000071
:105740005F2403D52400028B0500028B5F0002F169
:10575000880700545F8000F1C80300545F4000F1E7
:10576000C3000054261C40A98C347FA9061C00A944
:10577000AC343FA9C0035FD6C2001836260040F9FA
:1057800087805FF8060000F9A7801FF8C0035FD686
:10579000C2001036260040B988C05FB8060000B9C4
:1057A000A8C01FB8C0035FD6020100B44EFC41D3AD
:1057B000260040398AF05F3828686E3806000039C4
:1057C00008682E38AAF01F38C0035FD61F2003D503
:1057D000261C40A9282441A98A2C7EA98C347FA9A3
:1057E0005F0001F1E8000054061C00A9082401A98B
:1057F000AA2C3EA9AC343FA9C0035FD61F2003D515
:105800002E3C42A9304443A95F8001F1A900005415
:10581000820C7CA981107DA9A20C3CA9A1103DA9F4
:10582000061C00A9082401A90E3C02A9104403A9E2
:10583000AA2C3EA9AC343FA9C0035FD61F2003D5D4
:105840000E0001CB2EFCFFB4DF0102EBA3040054D9
:105850002C3440A90E0C409203EC7C9221000ECB1C
:1058600042000E8B261C41A90C3400A9282442A911
:105870002A2C43A92C34C4A9424002F169010054E6
:10588000661C01A9261C41A9682402A9282442A952
:105890006A2C03A92A2C43A96C3484A92C34C4A9EA
:1058A000420001F1E8FEFF548E3C7CA9661C01A970
:1058B000861C7DA9682402A988247EA96A2C03A9D4
:1058C0008A2C7FA96C3404A9AE3C3CA9A61C3DA936
:1058D000A8243EA9AA2C3FA9C0035FD61F2003D548
:1058E0008C347FA9AE0C409284000ECB42000ECBCC
:1058F000861C7FA9AC343FA988247EA98A2C7DA967
:105900008C34FCA9A5000ECB420002F169010054C1
:10591000A61C3FA9861C7FA9A8243EA988247EA98D
:10592000AA2C3DA98A2C7DA9AC34BCA98C34FCA935
:10593000420001F1E8FEFF54220C43A9A61C3FA936
:10594000261C42A9A8243EA9282441A9AA2C3DA985
:105950002A2C40A9AC343CA9020C03A9061C02A9BC
:10596000082401A90A2C00A9C0035FD6000000008A
:105970000000000000000000000000000000000027
:105980005F2403D5200C014E0400028B5F8001F1DF
:10599000880300545F4000F1E2010054013C084ECE
:1059A00082001836010000F981801FF8C0035FD61D
:1059B00082001036010000B981C01FB8C0035FD655
:1059C000820000B4010000394200083681E01F78EF
:1059D000C0035FD60000803DC200303780009F3C8E
:1059E000620028360004803D80009E3CC0035FD6E4
:1059F0000004803D000001AD80003FADC0035FD6D4
:105A0000211C001203EC7C920000803D5F8002F1BB
:105A10002028407A41020054E5003BD5A510409271
:105A2000BF1000F1C10100546004803D600001AD71
:105A300063E47A92820003CB420002D11F2003D597
:105A40006300019123740BD5420001F1A8FFFF54BC
:105A500080003EAD80003FADC0035FD6820003CB27
:105A6000634000D1424001D1600001AD600082ADD1
:105A7000420001F1A8FFFF5480003EAD80003FAD21
:105A8000C0035FD60000000000000000000000001E
:105A90000000000000000000000000000000000006
:105AA00000000000000000000000000000000000F6
:105AB00000000000000000000000000000000000E6
:105AC0005F2403D5042C40929F803FF1C806005408
:105AD000020C40A9E8C300B2440008CB45D800B28C
:105AE000660008CB67D800B2840025EAC500278A83
:105AF000A00840FA000100548430859A000180D249
:105B0000840CC0DAE033809A8410C0DA000C448B35
:105B1000C0035FD6020C41A9440008CB45D800B2AF
:105B2000660008CB67D800B2840025EAC500278A42
:105B3000A00840FA400100548430859A000380D2C6
:105B4000840CC0DA060280D28410C0DAC030809A99
:105B5000000C448BC0035FD61F2003D501E87B9265
:105B60002108C1AD20AC226E00AC206E0098200E42
:105B70000300669E63FFFFB42098204E200000CBF8
:105B8000630000354098204E0040009100840C0FC7
:105B90000300669E6300C0DA6210C0DA0008428B20
:105BA000C0035FD601E87B92628081520206B87220
:105BB00021A0404C400C044E2198204E4298204E8B
:105BC000211C204E421C204E20BC224E00BC204EE8
:105BD0000300669E04F87FD36324C49A23FCFFB4B9
:105BE0006300C0DA6010C0DA00FC41D3C0035FD6A6
:105BF000FD7BBCA9FD030091F55B02A9960000F0B6
:105C0000D6C23E91F50300AAF35301A9F71B00F990
:105C1000F70301AA93FBFF97C00A40F9140440F967
:105C200094F67E92937E3F91730217CB73CE74925B
:105C3000730640D17FFE3FF10D010054010080D278
:105C4000E00315AA7FFEFF97C10A40F92100148BDB
:105C50001F0001EB20010054E00315AA85FBFF970C
:105C6000F35341A900008052F55B42A9F71B40F9AC
:105C7000FD7BC4A8C0035FD6E10313CBE00315AAE4
:105C800070FEFF971F0400B120020054E20000F0F4
:105C9000940213CBC30A40F9940240B241D04DB9EB
:105CA000E00315AA2100134B740400F941D00DB98B
:105CB00070FBFF97F35341A920008052F55B42A986
:105CC000F71B40F9FD7BC4A8C0035FD6010080D25A
:105CD000E00315AA5BFEFF97C20A40F9010002CB60
:105CE0003F7C00F1ADFBFF54840000F0210040B286
:105CF000410400F9E30000F081CC47F9000001CB3A
:105D000060D00DB9D5FFFF170000000000000000B3
:105D1000210A00B4FD7BBEA9FD030091F35301A944
:105D2000F30301AAF40300AA4EFBFF9765825FF814
:105D3000634200D1800000F000C03E91A2F87F9243
:105D40006400028B060840F9810440F921F47E9238
:105D5000DF0004EB000C0054810400F98600018B85
:105D60004503003767025FF8850000F0C60440F97C
:105D7000630007CB4200078BA5003F91C60040920D
:105D8000670840F9FF0005EB40090054680C40F932
:105D9000E80C00F9070900F9C60100B54200018BC3
:105DA000810840F93F0005EBA00E0054850C40F936
:105DB000250C00F9440040B2A10800F9640400F980
:105DC000626822F806000014C50440F9A5060036F2
:105DD000410040B2610400F9820000F95FFC07F164
:105DE000C903005441FC49D35FFC27F1C8090054A2
:105DF00041FC46D324E4001125E0001184781F53B0
:105E0000847C7D930400048B81045FF89F0001EB88
:105E1000A100005453000014210840F99F0001EB39
:105E2000A0000054200440F900F47E921F0002EB11
:105E300048FFFF54240C40F9611001A9E00314AAA3
:105E4000830800F9230C00F9F35341A9FD7BC2A894
:105E500008FBFF17C0035FD644FC43D3220080D267
:105E600081040011050440F921781F53847C02133A
:105E700001CC218B4220C49A420005AA020400F9F9
:105E800020045FF8600401A9230800F9030C00F95D
:105E9000E00314AAF35341A9FD7BC2A8F5FAFF174A
:105EA000850000F04200018BA5003F91BDFFFF1768
:105EB000860900B5850041A92100028BA00C00F9DC
:105EC000220040B2050800F9620400F9616821F877
:105ED000F0FFFF174100018BE500003762025FF819
:105EE000630002CB2100028B640841A9820C00F9F7
:105EF000440800F9820000F0240040B2640400F974
:105F000042D047F9030800F95F0001EB28FCFF5479
:105F1000E10000F0E00314AA210447F935FFFF97E0
:105F2000DCFFFF173F5000F1290100543F5001F101
:105F30002803005441FC4CD324BC011125B80111A5
:105F400084781F53847C7D93AFFFFF172470011169
:105F5000256C011184781F53847C7D93AAFFFF1761
:105F6000060440F9A57C0213220080D24220C59A83
:105F7000420006AA020400F9B0FFFF17030C02A9B1
:105F8000410040B2619400A9650C00F9626822F8F2
:105F9000C0FFFF173F5005F1E800005441FC4FD30C
:105FA00024E0011125DC011184781F53847C7D934A
:105FB00095FFFF173F5015F1E800005441FC52D304
:105FC00024F4011125F0011184781F53847C7D9302
:105FD0008DFFFF1704FE80D2C50F80528AFFFF1786
:105FE000400040B2600400F9820000F9A9FFFF17E9
:105FF000FF030ED1FD7B00A9FD030091F35301A91E
:10600000F55B02A9F50302AAF76303A9F96B04A9DA
:10601000FA0301AAFB7305A9A07F00F92020C0792B
:10602000610040F9A16B00F9610440F9A14F00F94A
:10603000611840B9A1E300B9C000683741B340B965
:1060400000001332402300792078121240B300B9C7
:1060500001008052A0230491020180D249FEFF97E3
:10606000A00000F01B00805200800091FC031B2A5E
:10607000810000F0140080D221002591BF5B00F95F
:10608000A06300F9A00000F000841691BFCF00B912
:10609000BF6F00F9BFE700B9A07700F9A17B00F955
:1060A000A07B40F9137440F9DA240094037C4093F8
:1060B000A4230491A07F40F9E20315AAA11304913F
:1060C00060023FD6E006F837A20741B9017C409351
:1060D000B502018B420900341F04007140070054CF
:1060E0005F940071E0070054C0FDFF34B60201CB9D
:1060F000410B40B9D3C2208BF70316AA3F000071B1
:106100002D020054400340F9E102403902004039B9
:106110005F00016B41070054420B40B9000400913D
:10612000E3060091400300F941040051410B00B91E
:106130007F0013EB00080054F70303AA3F0000712F
:106140002CFEFF54A07F40F9E1031AAA59370094AE
:10615000A0FDFF341F2003D5A0E740B96000003444
:1061600040234079C0043036A06F40F9600700B585
:1061700000008012A0E700B9A0E740B9BF0300917A
:10618000FD7B40A9F35341A9F55B42A9F76343A9FD
:10619000F96B44A9FB7345A9FF030E91C0035FD6B9
:1061A000A3FF9F52020180D2A023049101008052DC
:1061B000A30701B9F3FDFF97A20741B9B506009106
:1061C000E2010034A07740F900C8623860611837F6
:1061D000210080D2E003012A5F94007181F8FF540E
:1061E000A302403916008052130080D262940051FD
:1061F000B90600915F54017149010054A06F40F944
:10620000C0FBFFB4A06F40F9140040F9A0E740B90B
:106210001F0400312002005414FBFFB41F000014BF
:10622000A46340F9825862786400001082A8228B2F
:1062300040001FD686070011F702164BDC00170B33
:1062400098FFFF17A0E740B9800000344023407951
:10625000A0FD37361F2003D5A06F40F915144079F3
:10626000140040F955EC0034130080D21F2003D5F0
:10627000807A73F8000040F9F6F7FF97807A73F898
:10628000730600911F0000F9BF02136B2CFFFF542F
:1062900000008012A0E700B9E00314AAEDF7FF9711
:1062A000B6FFFF17DF0E40F2A1FAFF54A3064039F4
:1062B000D6020032F50319AACDFFFF17D60200322D
:1062C000600000B04101805200400E917800805281
:1062D000A05B00F9A1CF00B9400B40B91F000071CD
:1062E0000C0A0054A07F40F9E1031AAAF136009489
:1062F00040F3FF35F50319AA961431361F0F0071CC
:10630000E00C00541F130071403200541F0700714D
:10631000E02100541F0B0071211500547F0200F191
:10632000D9021C1273129FDA76630036598F00353A
:10633000A0E340B976D9383640D2F837A06B40F99F
:10634000013C009121F07D92A16B00F91B0040F906
:106350007BF5FFB4001080D2BAF7FF97F80300AACC
:10636000A0E800B4A06F40F9780300F91614407952
:1063700001104079DF02016B62B50054000040F962
:10638000E103162AA26F40F9E40318AAD606001109
:106390001B7821F856140079020480D2400340F99A
:1063A000B70000F0F786169100004039E06A6038C7
:1063B000407F183679E7FF35010304CB1F0300B98E
:1063C0007F0300F120FC429300040091401040FA4A
:1063D00088DF0054A0E740B900040011A0E700B92D
:1063E00030FFFF17D6020032D6021A32F50319AA7F
:1063F00018008052400B40B91F000071ECF7FF54A9
:10640000F90315AAB8FFFF17D6020032400B40B9B6
:10641000580080521F0000716DF6FF541F2003D5F5
:10642000410340F9B70000F0F7861691200040398B
:10643000E06A6038E0021836B57F40F9E20301AA4D
:106440000600001442040091420300F94000403964
:10645000E06A6038E0011836400B40B99C07001133
:1064600000040051400B00B91F000071CCFEFF5426
:10647000E1031AAAE00315AA8E360094E0E6FF3580
:10648000420340F940004039E06A603860FE1F373F
:10649000F50319AA1F0F007161F3FF54600600D1C4
:1064A00001B081521B008052D802012A1F7005F1F1
:1064B000690000547B760551B32B80D217008052BF
:1064C000A0830891BBBB00B9FB03172AB7CF40B923
:1064D000B60000F0F90300AAD6C20591A05700F952
:1064E000420340F9400040391FE40071E842005483
:1064F0001FDC0071684700541FC0007180450054C4
:1065000089440054D7DAF778017081121803010A20
:1065100020170038400B40B900040051400B00B96F
:106520001F000071CD42005442040091420300F963
:10653000730600F161FDFF54B7CF00B9F7031B2AC2
:10654000F8004036A05740F93F0300EBA871005413
:10655000A05740F93F0300EB20E5FF5478022037B5
:10656000A1934AA93F030039A07F40F9020080D2DD
:10657000A3CF40B980003FD6186F2836A1E340B9B9
:1065800041ADF837A16B40F9223C009142F07D9279
:10659000A26B00F9210040F9200000F9A0E740B902
:1065A00000040011A0E700B9A05740F9F3021C0B4A
:1065B000220300CB7C02020BBAFEFF177F0200F120
:1065C000DB021C1273169F9A965700361B82003509
:1065D000A0E340B9D6C6383600C1F837A06B40F901
:1065E000013C009121F07D92A16B00F9000040F97F
:1065F000A05300F940E0FFB4001080D211F7FF97DC
:10660000F70300AA80D300B4A06F40F9A25340F969
:106610001614407901104079570000F9DF02016B30
:10662000A29E0054000040F9E103162AA26F40F92F
:10663000D6060011B75F00F956140079020480D223
:10664000A25700F9A25340F9027821F8B8830891C3
:10665000190080521F2003D56E2300941F00196B70
:10666000C0D7FF54410340F936070011400B40B931
:10667000221440380004005102CB3938410300F99C
:10668000400B00B99F0E00F181000054A01B41B9DE
:106690001F100071A0000054A0630491020180D279
:1066A00001008052B7FCFF97A07F40F9A4630491DA
:1066B000C37E4093E20318AAE10317AA9134009421
:1066C000F40300AA1F0400B180D4FF54A08700B5D2
:1066D0009C03160B730600D17B010035FF0200B945
:1066E000A05F40F9A15740F9F60200CBA05340F952
:1066F0001F0000F1C0FE4293001041FAA25E005458
:10670000F7120091400B40B9190080521F00007130
:106710004D5D005433FAFFB5A05F40F9A25740F930
:10672000E10200CBA05340F91F0000F120FC42938E
:10673000401040FA48C60054A0E740B97F030071FA
:106740000014801AA0E700B956FEFF177F0200F17F
:10675000DB021C1273129FDAF63800361B76003506
:10676000A0E340B976BB383600B2F837A06B40F9E9
:10677000013C009121F07D92A16B00F9000040F9ED
:10678000A05300F9C0D3FFB4001080D2ADF6FF973C
:10679000F60300AA00C700B4A06F40F9A25340F965
:1067A0001814407901104079560000F91F03016B5D
:1067B00042950054000040F902070011A36F40F910
:1067C000E103182AB65F00F962140079020480D24E
:1067D000A25700F9A25340F9027821F8190080521B
:1067E000B8830891B54B00F9F503192AF9031AAAE1
:1067F000082300941F00156B40870054210340F9C3
:10680000B7060011200B40B9221440380004005193
:1068100002CB3538210300F9200B00B99F0E00F19F
:1068200081000054A01341B91F100071A000005452
:10683000A0430491020180D20100805251FCFF97D5
:10684000A07F40F9F57E4093A4430491E30315AA89
:10685000E20318AAE10316AA2A340094F40300AA5A
:106860001F0400B1E0830054207C00B51A00805260
:10687000DF0200B9020180D201008052A0630491BE
:1068800040FCFF97A07B40F9A3630491E2031A2A1E
:10689000A1030491047040F9A07F40F980003FD625
:1068A0001F040071A303443963009F1AA08304915D
:1068B00000C8633840B300349C03170B9F0E00F1EF
:1068C000E04C0054730600D13B010035A0074AA9F3
:1068D000D61200911F0000F1A05F40F9D50200CB55
:1068E000A0FE4293221040FA897A0054200B40B94E
:1068F000150080521F0000714D4C0054B3F7FFB5D6
:10690000B54B40F9FA0319AADBBCFF35A05F40F98B
:10691000DF0200B9A25740F9C10200CBA05340F9F1
:106920001F0000F120FC429300040091401040FA47
:1069300029D5FF54B35340F921100091600240F96A
:10694000602C009480D4FFB4600200F9A2FEFF170F
:10695000A07F40F9D80E1932B2220094610600D10E
:106960000C008052050040F93F7005F169000054A9
:106970006C760551B32B80D2A0830891B60000F04D
:10698000FB0300AAB4030AA9C0320391160080D207
:10699000A05F00F9E00313AA09008052F30316AACE
:1069A000F903092AF40305AAF60300AA1700805286
:1069B000BFFF07A9BFD708A9ACCB00B91F2003D5DB
:1069C000410340F92200403940AC00511F380171A9
:1069D000C9080054980B4836800240391F00026BEA
:1069E000210B0054870600D1F50314AA220080D29F
:1069F000E30301AAF40302AAB6CF06A9F60307AA85
:106A0000090000146304009180060091430300F91B
:106A100062004039C16A60385F00016BA102005416
:106A2000F40300AAA06A7438F3031C2A9C0700111F
:106A3000C0710034400B40B900040051400B00B954
:106A40001F0000710CFEFF54A07F40F9E1031AAA59
:106A500018350094E0000035430340F980060091AA
:106A600062004039C16A60385F00016BA0FDFF54CD
:106A700082060051807E4093A10A00D1E903192AC1
:106A8000BCC2228BEB03132AB54B40F9F90314AABD
:106A9000B63B40F9004022CBB45340F9B54B00F966
:106AA000B57F40F91300018BB45F00F9F4031CAA11
:106AB000FC030B2AA9A300B981F65F38E2031AAAE6
:106AC000E00315AAB73400947F0214EB61FFFF5472
:106AD0008203194BA9A340B9B54B40F95C040011DE
:106AE000B45F40F91C000014A35F40F9605860785F
:106AF0006300001060A8208B00001FD65802583693
:106B00003F03172B01020054187717121700805209
:106B100019008052D60600D162170038410B40B9E7
:106B20009C07001121040051410B00B93F00007186
:106B30000D100054400340F900040091400300F997
:106B400016F4FFB5B54B40F9F60313AAB45340F958
:106B5000E903192ADF0200F1007B17121810981AB6
:106B6000290500513F05007189BE0054E00600511F
:106B70001F180071693C0054D82F4036D8C65037D2
:106B800061F35F3820781A121F140171614A0054B2
:106B90007B0700D19C070051A07F40F9E2031AAAAD
:106BA00080340094F8A727377F030039A04340F9C9
:106BB000809300B5A15740F9020080D2A07F40F930
:106BC0008C310094A0E340B9183000364099F83772
:106BD000A06B40F9013C009121F07D92A16B00F97E
:106BE000000040F9000000FDFBFDFF17FF1E0071D3
:106BF000A1FAFF5417018052C7FFFF171832583708
:106C00003F07007101FAFF5459008052C2FFFF177D
:106C1000B8F93F36187B1812BFFFFF1738F75F37F8
:106C200000A080520003000A1F0010716000005491
:106C3000B8F85736D38700B498004837A04740F9D2
:106C4000600200CBBB8307A9186B14121807193216
:106C5000130080D2B0FFFF17FF020071600A40FAF4
:106C6000412F0054000B18121F001C71C0980054D3
:106C7000B54B40F9E903192AB45340F91700805283
:106C8000160080D2B7FFFF17582D5837FF0A007142
:106C9000A1F5FF54770080529FFFFF17003081520B
:106CA0000003000A1F000471600A41FAC1F4FF5496
:106CB000187B171200068052D60600D11803153231
:106CC000130080D26017003893FFFF17FF1A00717E
:106CD000A1F3FF54F70080528FFFFF1738FA5F3798
:106CE00099FFFF173F030071600A40FAA129005481
:106CF000000B18121F001C71E0940054FF06007175
:106D0000E41A447A01F2FF54F7060011F71E00124C
:106D100081FFFF1778EF4736A0CB40B9187B1812D8
:106D20007306009100630035D60600D17CFFFF1783
:106D3000A07F40F9E1031AAA5E34009440F0FF35C9
:106D400016E4FFB580FFFF171F9801710808005473
:106D50001F800171A80000541F18017148200054C1
:106D60001F000171A9BEFF54FF2A00716DBEFF54C0
:106D7000017081121803010AE6FDFF17A07F40F998
:106D8000E1031AAA4B34009440BDFF34EBFDFF171A
:106D900001AC0051A31F80523F00036AE1BCFF54C5
:106DA000D8BC3F36187B1812DAFDFF1738BB5F36A8
:106DB000770000351803173217018052982C50378E
:106DC000A0BB40B9187316128000003473060091FE
:106DD00000040051A0BB00B97B070011CEFDFF17D6
:106DE000A10000F021C0059137D8F778FF2200718B
:106DF0000CFCFF54D1FDFF17B37F40F9400B40B9A5
:106E00000C000014400340F9A27740F9010040391A
:106E10004168613861941F36420B40B9000400910B
:106E20009C070011400300F940040051400B00B9D9
:106E30001F0000718CFEFF54E1031AAAE00313AA9D
:106E40001C34009400FEFF3496FCFF171FE0017114
:106E500041B7FF54010717123F000871E1B6FF5414
:106E6000187B161201A08052170280521803012AC3
:106E7000A8FDFF179B380035A0E340B9768038366F
:106E8000807AF837A06B40F9013C009121F07D92A7
:106E9000A16B00F9050040F9A55F00F9059BFFB45F
:106EA000000480D2E7F4FF97E40300AAE095FFB462
:106EB000A06F40F9A55F40F91614407901104079A0
:106EC000A40000F9DF02016B62570054000040F992
:106ED000E103162AA26F40F9D6060011180480D2E9
:106EE000057821F856140079420340F9B9830491DA
:106EF0004000403920CB60382098FF34E00313AACB
:106F0000BF0000F1F30318AAF60304AAFB079F1AB7
:106F1000F70305AAF80300AAB45700F90A00001401
:106F2000180700F1C04B0054400B40B91F0000711E
:106F3000CD460054420340F94000403920CB603830
:106F4000E04A0034410B40B940040091400300F98D
:106F50007F03007121040051410B00B9400040390A
:106F600080140038940016CB801253FAA3FDFF540E
:106F700073FA7FD3E00316AAE10313AAD12A00947F
:106F8000F60300AA208FFFB40400148BE00200F97E
:106F9000E4FFFF17F95F0035A0E340B9366D3836DE
:106FA0004057F837A06B40F9013C009121F07D92E9
:106FB000A16B00F9180040F93892FFB4000480D2A8
:106FC000A0F4FF97F60300AA008DFFB4A06F40F96C
:106FD000160300F919144079011040793F03016B41
:106FE000A24B0054000040F9E103192AA36F40F9B5
:106FF000220700113B008052187821F862140079B2
:10700000030480D2400340F9B70000D0F786169100
:1070100001004039E16A6138E14B1837E40316AAF0
:10702000B55F00F9F50314AAF40317AAF70303AA3E
:10703000410B40B902040091420300F97F03007143
:1070400021040051410B00B900004039C01600383E
:10705000D90204CB201357FAC2460054730600F13C
:1070600000010054400B40B91F000071CD7900545D
:10707000400340F901004039816A6138A1FD1F36A3
:10708000F40315AAD30204CBB55F40F9E30317AAB2
:1070900061060091DF0200397F030071601041FA40
:1070A00008480054A0E740B99C03130B00040011EA
:1070B000A0E700B9FBFBFF179B230035A0E340B915
:1070C00056413836E05AF837A06B40F9183C009129
:1070D00018F37D92A06B40F9170040F91789FFB4AF
:1070E000E00313AA57F4FF97F60300AAE083FFB466
:1070F000A06F40F9F60200F91914407901104079A7
:107100003F03016B62720054000040F9E203192A48
:10711000A16F40F939070011177822F8E4031AAA81
:10712000A07F40F939140079E30313AAE10316AAFA
:10713000220080D27B330094F60300AA4088FFB47B
:107140007F0200EBC9000054E10300AAE00240F90D
:107150005C2A0094400000B4E00200F9B86B00F92A
:10716000EF0100141F60017160E7FF54F3FCFF178B
:1071700098792737000717127F0300391F00107115
:1071800061D1FF54A04740F9020016CB1F0016EB57
:1071900020D1FF54A1A70D91A0A30D917F0301EB76
:1071A000810000F000209B9A21A00E91C51E009442
:1071B000A15740F9020080D2A07F40F90D30009421
:1071C000A0E340B958D00737984908368058F837B7
:1071D000A06B40F9013C009121F07D92A16B00F978
:1071E000130040F9B34500946002803D7AFCFF171C
:1071F000E2118052DF02026A2180FF54730A138B6E
:10720000E203032AA3064039F50319AA5304138B9A
:1072100073C200D1F6FBFF17980080522FFCFF17B6
:107220003F0B0071C1D6FF54790080523AFEFF1720
:107230003F03172BC1D2FF5434FEFF173F03172B18
:1072400001CEFF5431FEFF17E00E0051A11F805206
:107250001F00016AA0D5FF543BFEFF17A01341B9E0
:107260001F10007120B3FF54730600D197FDFF1764
:10727000200B40B9F503172A1F000071ACABFF5477
:10728000A07F40F9E10319AA0A33009480B3FF34C8
:10729000FA0319AAF903152AB54B40F979B3FF345B
:1072A000AEFBFF17400B40B9F903162A1F0000710F
:1072B0004C9DFF541F2003D5A07F40F9E1031AAA7B
:1072C000FC32009480A2FF3499A2FF34A3FBFF1785
:1072D000A05F40F9F90301AA21F07DD3F9290094B8
:1072E000A05F00F9806C00B421FB7FD3A15700F9A7
:1072F000A15340F91700168B200000F901FDFF177C
:10730000FF0A0071898D0054FF0E007160C3FF54A5
:10731000E8120051131D4092171D0012B97F40F969
:10732000F30333AA7303138B61FF5F38E2031AAAD6
:10733000E00319AA9B3200947F0313EB61FFFF5413
:1073400086070051DC00174B0CFEFF1701B08012BE
:107350001803010A6FFCFF17583B1836A1E340B928
:10736000214DF837A16B40F9223C009142F07D920B
:10737000A26B00F9210040F92000003988FCFF17BA
:10738000A07F40F9390700D121034039E2031AAA4E
:10739000843200946FFCFF1705008052B7570AA98A
:1073A000F50302AAF70304AABB5F00F9FB031AAABC
:1073B000FA0314AAF403052A162000941F00146B84
:1073C000C0860054610340F9A2830891600B40B964
:1073D00096060011231440380004005143C8343885
:1073E000610300F9600B00B95F0F00F1A1000054C8
:1073F000A01B41B9BA6304911F100071C000005472
:10740000BA630491020180D2E0031AAA01008052FB
:107410005CF9FF97A07F40F9D47E4093E4031AAA59
:10742000E30314AAA2830891E10318AA353100945A
:10743000FA0300AA1F0400B100830054A03800B46E
:107440001F0800B1806C0054000340B97D310094E6
:10745000206F00359C03160B5F0F00F18100005474
:10746000A01B41B91F10007140000054730600D1E9
:10747000595B0035A05F40F918130091160317CB34
:10748000140080521F0000F1C0FE4293001055FA14
:10749000A2700054600B40B91F000071CD5B005416
:1074A000600340F9A15340F900004039206860387A
:1074B0001F007DF2640A40FA01F8FF54F4031AAA8F
:1074C000E20315AAB55740F9FA031BAABB5F40F9BE
:1074D000E40317AAB8FBFF17A07F40F9E2031AAA3A
:1074E0009C0B00517B0B00D12E320094610340397C
:1074F000AAFDFF17600000900102805200801591E4
:10750000D602173278008052A05B00F9A1CF00B9F3
:1075100072FBFF17B8130491020080D2040080D2DE
:107520001B0080D29EFBFF17B77F40F9160080D268
:107530000A000014007C4093E1031AAA4200008B69
:10754000420300F9D602008B730200CBE00317AAB6
:107550005832009460540035400B40B9420340F962
:107560001F00136B8BFEFF54D602138B0000134BCE
:107570004200138B420300F9400B00B99C03160B29
:10758000C8FAFF17410340F9B9830491200040393C
:1075900020CB60384063FF34400B40B92104009198
:1075A000410300F9730600F100040051400B00B9DB
:1075B000A0020054B67F40F90D000014400340F9CA
:1075C0000100403921CB6138E1010034420B40B960
:1075D00000040091400300F9180700114004005115
:1075E000400B00B9730600F1E00000541F00007169
:1075F0006CFEFF54E1031AAAE00316AA2D32009490
:10760000E0FDFF349C03180BA6FAFF17170080D289
:10761000BF7F0AA9BF5F00F90DFCFF17B6130491E5
:10762000BF7F0AA9BF5F00F96DFCFF1760000090E3
:107630000101805200801591D602003278008052FC
:10764000A05B00F9A1CF00B924FBFF17E10319AA41
:10765000A0830491D6021A32621D00943800805231
:10766000F50300AA64FBFF17DF0E40F2815CFF54B4
:10767000A3064039D6021F32F50319AADCFAFF1718
:10768000DF0E40F2C15BFF54A30640397FA00171B9
:1076900000210054D6021E32F50319AAD4FAFF17AE
:1076A000E2118052DF02026AA15AFF54A26F40F930
:1076B000C23500B4A3064039D6021932F50319AA1F
:1076C000CBFAFF17DF0E40F2A159FF54A306403951
:1076D0007FB00171E15EFF54A30A4039D6021F3228
:1076E000B50A0091C2FAFF17DF020071600A40FA82
:1076F0006158FF54A306403916028052F50319AAB7
:10770000130080D2BAFAFF17600000900080159134
:107710000144805278008052D602012AA05B00F911
:1077200000028052A0CF00B9ECFAFF176000009071
:10773000410180520080159178008052A05B00F9D1
:10774000A1CF00B9E5FAFF17F50319AAB64A273702
:10775000A0E340B9D6201837964710366060F83756
:10776000A06B40F9013C009121F07D92A16B00F9E2
:10777000000040F9F50319AA1C00007949FAFF1727
:1077800060000090F50319AA00400E917800805225
:10779000A05B00F9BFCF00B917FBFF176000009096
:1077A0000080159178008052A05B00F900018052A2
:1077B000A0CF00B9C9FAFF17F50319AA4BFAFF17B2
:1077C0001F0800B100D7FF549C03160B1F0C00F1DB
:1077D00081000054A01B41B91F10007140000054EB
:1077E000730600D1FB77FF34C7FBFF171F0800B1FA
:1077F00000D4FF54DA0240B95F070031C183FF545F
:10780000E3031A2A2AFCFF17A07F40F9E1031AAA12
:10781000A45F00F9A7310094A45F40F9C0B8FF3419
:10782000B45740F9F80313AAE50317AA9F0016EB13
:10783000C103005449FAFF17A05F40F9F70301AAFA
:1078400021F07DD39F280094A05F00F9404100B44F
:10785000E1FA7FD3A15700F9A15340F91600158B27
:10786000200000F922FCFF17FC03132A01508012AC
:10787000B6CF46A9E20314AAE0031BAA1803010A23
:10788000F40315AAE10315AAB61E0094FB0300AA8F
:10789000B34700F9D60600D1A1FCFF17B45740F951
:1078A000F80313AAE50317AA970016CB9F00166BDF
:1078B000604AFF54E10600119F0000397F03007108
:1078C000217C4093001341FAE82B0054A0E740B913
:1078D0009C03170B00040011A0E700B9F1F9FF1792
:1078E000FA0319AA1DFAFF17E01AF837A06B40F93E
:1078F000013C009121F07D92A16B00F9010040F95B
:10790000E30313AAA07F40F9E4031AAA220080D25D
:1079100084310094F60300AA0042FFB4A0E740B906
:107920009C03160B00040011A0E700B9DDF9FF1756
:10793000F7FA7FD3E00304AAE10317AA61280094B1
:10794000E40300AA2041FFB41600198B000300F9DC
:10795000C3FDFF17C0FE9F523F00006BE847FF5476
:10796000BB6F40F937200011E1427DD3600340F93D
:10797000542800942047FFB4600300F9771300797E
:107980009AFDFF17A0CB40B900040051A0CB00B96D
:1079900063FCFF1713008052210080D2BEFDFF1749
:1079A000000340F947280094E0B7FFB4000300F952
:1079B000BDFDFF17A55700F9C0FE9F52A45F00F957
:1079C0003F00006BA844FF54B86F40F93720001106
:1079D000E1427DD3000340F93A280094E043FFB42C
:1079E000A55740F9000300F9A45F40F91713007987
:1079F00038FDFF17C0FE9F523F00006BC833005494
:107A0000B96F40F93820001101437DD3200340F9BC
:107A10002C280094003300B4200300F938130079B7
:107A200002FBFF17C0FE9F523F00006B483200541C
:107A3000A06F40F937200011E1427DD3000040F9EA
:107A400020280094803100B4A16F40F9200000F993
:107A5000371000794BFAFF17C0FE9F523F00006BB2
:107A6000A8300054B96F40F937200011E1427DD3AE
:107A7000200340F913280094E02F00B4200300F9FC
:107A8000371300794DFBFF17A0E340B90120001127
:107A90003F000071ED0F0054A06B40F9A1E300B965
:107AA000023C009141F07D92A16B00F942FDFF176D
:107AB000A30A4039D6021D32B50A0091CCF9FF174E
:107AC000780D1037D8550737184A0836A15B40F9AA
:107AD0006000009000801591A3CF40B93F0000EBFB
:107AE000020080D2A15740F9A07F40F920520054F3
:107AF000142F0094A2FAFF17600DF837A06B40F91D
:107B0000133C009173F27D92A06B40F90020601E3F
:107B1000160040F9C64F00540040621EC00200BD6E
:107B2000B36B00F92CFAFF17A1E340B92220001132
:107B30005F000071AD0C0054A16B40F9A2E300B9E5
:107B4000233C009162F07D92A26B00F992FAFF173C
:107B50001F0300B900008052BA2F0094C0360035D0
:107B60009C03160B730600D142FEFF170032F83754
:107B7000A06B40F9013C009121F07D92A16B00F9CE
:107B8000000040F9F50319AA1C00003945F9FF1758
:107B9000410340F9B70000D0F78616912000403924
:107BA000E06A6038E0271F37400B40B9210400919C
:107BB000410300F9730600F100040051400B00B9C5
:107BC00036008052C0CDFF54B87F40F90D0000143C
:107BD000400340F901004039E16A613801CD1F37A7
:107BE000420B40B900040091400300F9D606001191
:107BF00040040051400B00B9730600F100CCFF5463
:107C00001F0000716CFEFF54E1031AAAE00318AADA
:107C1000A8300094E0FDFF349C03160B21F9FF17F8
:107C2000A0E340B9002000111F0000716D2F005427
:107C3000A16B40F9A0E300B9383C009118F37D92A4
:107C400025FDFF17A0E340B9012000113F0000719E
:107C5000AD2D0054A06B40F9A1E300B9023C0091A6
:107C600041F07D92A16B00F925FFFF17A1E340B918
:107C7000E132F837A16B40F9223C009142F07D924D
:107C8000A26B00F9210040F92000007944FAFF17A7
:107C9000A24F40F9A0E340B9A1E300B940C0208B56
:107CA000C5FCFF17A0E340B9002000111F000071C0
:107CB000CD320054A16B40F9A0E300B9333C0091F0
:107CC00073F27D9291FFFF17A34F40F9A1E340B9F2
:107CD000A2E300B961C0218B2FFAFF17A0E340B9DE
:107CE000012000113F0000716D300054A06B40F97D
:107CF000A1E300B9023C009141F07D92A16B00F933
:107D000038FDFF17A1E340B9222000115F00007188
:107D1000AD300054A16B40F9A2E300B9233C0091BF
:107D200062F07D92A26B00F993FDFF17B54B40F90D
:107D3000E903192AB45340F9160080D289FBFF17D2
:107D4000001AF837A06B40F9013C009121F07D92B8
:107D5000A16B00F9160040F91B008052030080D28D
:107D6000180080D2A8FCFF17FF4300D1E203009166
:107D7000A26F00F95F0000F95F0800B94EFEFF171F
:107D8000A0E340B9012000113F0000718D1900549B
:107D9000A06B40F9A1E300B9023C009141F07D9253
:107DA000A16B00F96AF9FF17A0E340B901200011A7
:107DB0003F0000718D190054A06B40F9A1E300B998
:107DC000023C009141F07D92A16B00F96CFAFF1723
:107DD000A0E340B9012000113F000071AD1700542D
:107DE000A06B40F9A1E300B9023C009141F07D9203
:107DF000A16B00F928FCFF17A0E340B90120001196
:107E00003F0000712D150054A06B40F9A1E300B9AB
:107E1000023C009141F07D92A16B00F9F4F9FF174B
:107E2000A07F40F9020080D2BB3F40F9430180525D
:107E300061070091572D0094A14340F9020001CB46
:107E4000D5FCFF17A00040F9A55F00F91D2700949D
:107E5000E0D3FFB4A55F40F9A00000F99CFEFF1736
:107E60000016F837A06B40F9013C009121F07D929B
:107E7000A16B00F9180040F9020080D2040080D202
:107E80001B0080D246F9FF178013F837A06B40F92A
:107E9000013C009121F07D92A16B00F9040040F9B2
:107EA000180080D2050080D210FCFF178015F8372B
:107EB000A06B40F9013C009121F07D92A16B00F98B
:107EC000170040F9BF7F0AA9BF5F00F9E0F9FF176B
:107ED000A015F837A06B40F9013C009121F07D928C
:107EE000A16B00F9160040F9BF7F0AA9BF5F00F936
:107EF0003BFAFF17A0E340B9012000113F000071D9
:107F00004D120054A06B40F9A1E300B9023C00916E
:107F100041F07D92A16B00F932FBFF17FA0319AA19
:107F2000F90315AAB54B40F9174FFF34B37F40F959
:107F30000103198BE2031AAAE00313AA390700D13F
:107F400021F05F38972F009459FFFF356FFAFF1724
:107F5000C0FE9F523F00006B0818FF54A06F40F90D
:107F60003B20001161437DD3000040F9D5260094E9
:107F70004017FFB4A16F40F9200000F93B100079D1
:107F800063FCFF17186F151237008052130080D260
:107F9000E1FAFF17186F151239008052130080D2D2
:107FA000DDFAFF17A07F40F9E1031AAAA45700F9F0
:107FB000C02F0094A45740F9C085FF3431FCFF174F
:107FC000600340F921100091BE2600944020FFB4C8
:107FD000600300F900F9FF17140080522EFDFF170F
:107FE000D60BFFB49C03160B2EF8FF17000080126F
:107FF000A0E700B9340CFFB4A8F8FF17B35340F959
:10800000600240F9AF2600948039FFB4600200F9A5
:10801000CAF9FF17A07F40F9E1031BAAA52F00941E
:1080200000A4FF34E503142AE20315AAB55740F96A
:10803000F4031AAAE40317AAFA031BAABB5F40F9C8
:10804000C508FF35DCF8FF17B60C0037960C08376B
:108050004027F837A06B40F9013C009121F07D9258
:10806000A16B00F9000040F9F50319AA1C0000B942
:108070000CF8FF1700008012A0E700B960F8FF17A6
:10808000A0E340B9012000113F0000712D180054F9
:10809000A06B40F9A1E300B9023C009141F07D9250
:1080A000A16B00F92CFFFF17A24F40F9A0E340B9E4
:1080B000A1E300B940C0208B4DF9FF17A24F40F952
:1080C000A0E340B9A1E300B940C0208BA0F8FF179E
:1080D000A24F40F9A0E340B9A1E300B940C0208B12
:1080E0006DFBFF17A24F40F9A0E340B9A1E300B92F
:1080F00040C0208BA2F9FF17A0E340B90120001176
:108100003F0000714D160054A06B40F9A1E300B987
:10811000023C009141F07D92A16B00F960FFFF17D6
:10812000A0E340B9012000113F000071AD150054DB
:10813000A06B40F9A1E300B9023C009141F07D92AF
:10814000A16B00F94CFFFF17A24F40F9A0E340B923
:10815000A1E300B940C0208BA2FAFF17A0E340B909
:10816000012000113F0000716D140054A06B40F914
:10817000A1E300B9023C009141F07D92A16B00F9AE
:1081800050FFFF17A0E340B9012000113F0000712C
:10819000AD100054A06B40F9A1E300B9023C00917E
:1081A00041F07D92A16B00F94FFFFF17A0E340B9AA
:1081B000012000113F0000710D100054A06B40F928
:1081C000A1E300B9023C009141F07D92A16B00F95E
:1081D0006CFEFF17F403162AAFFCFF178012F83766
:1081E000A06B40F9013C009121F07D92A16B00F958
:1081F000000040F9817F4093F50319AA010000F9BE
:10820000A8F7FF17A24F40F9A0E340B9A1E300B9D6
:1082100040C0208BBAFDFF17A24F40F9A1E340B93F
:10822000B86B40F9A0E300B941C0218BA16B00F904
:10823000A9FBFF17E20315AAE003162AB55740F978
:10824000F60314AAE40317AAF4031AAAFA031BAA52
:10825000BB5F40F9000BFF34B37F40F9B45F00F916
:10826000F40316AAF60315AAF50302AA1F2003D5E4
:10827000A0830891E2031AAA0100148BE00313AA59
:10828000940600D121F05F38C62E009434FFFF35EC
:10829000B45F40F9E20315AAE40317AAF50316AA8E
:1082A00045F8FF17E00317AAA1F27DD30526009435
:1082B000F70300AA00EEFFB41800168BB5FA7FD3BF
:1082C000A05F40F9170000F973FCFF17A1E340B964
:1082D000222000115F0000716D0D0054A16B40F968
:1082E000A2E300B9233C009162F07D92A26B00F9F9
:1082F00065FEFF17A24F40F9A0E340B9A1E300B922
:1083000040C0208BB7FBFF17A24F40F9A1E340B953
:10831000B36B40F9A0E300B941C0218BA16B00F918
:10832000FAFDFF17A34F40F9A1E340B9A2E300B95A
:1083300061C0218B10FCFF17B45740F9F9031BAA49
:108340007F0314EBC9F5FE54B37F40F9E2031AAA88
:1083500021FF5F38E00313AA922E00943F0314EB31
:1083600061FFFF54A6F7FF17A0E340B901200011F9
:108370003F0000716D090054A06B40F9A1E300B902
:10838000023C009141F07D92A16B00F9F9FCFF17CE
:10839000A24F40F9A0E340B9A1E300B940C0208B4F
:1083A0006DFEFF17A24F40F9A0E340B9A1E300B969
:1083B00040C0208BCCFEFF17A24F40F9A0E340B98C
:1083C000A1E300B940C0208BEEFDFF17A24F40F99A
:1083D000A0E340B9A1E300B940C0208BB0FEFF1775
:1083E000A24F40F9A0E340B9A1E300B940C0208BFF
:1083F000A1FEFF17A24F40F9A0E340B9A1E300B9E5
:1084000040C0208BAFFEFF17A1E340B9C106F8378B
:10841000A16B40F9223C009142F07D92A26B00F9E1
:10842000210040F9200000B95DF8FF17A0E340B932
:10843000012000113F0000712D070054A06B40F98E
:10844000A1E300B9023C009141F07D92A16B00F9DB
:1084500068FFFF17B45740F9F9031BAA7F0314EB19
:10846000E9ECFE54B37F40F9E2031AAA21FF5F381A
:10847000E00313AA4B2E00943F0314EB61FFFF545B
:108480005FF7FF17A34F40F9A1E340B9A2E300B99A
:1084900061C0218BFCFDFF17FA031BAA2FF7FF1702
:1084A000A24F40F9A0E340B9A1E300B940C0208B3E
:1084B000B0FCFF17A05740F9F9031BAA7F0300EB9C
:1084C000E9E9FE54B35740F9E2031AAAA07F40F944
:1084D00021FF5F38332E00943F0313EB61FFFF54FD
:1084E00047F7FF17A1E340B9222000115F00007198
:1084F0008D030054A16B40F9A2E300B9233C009125
:1085000062F07D92A26B00F9C6FFFF17800000D0D9
:1085100000A007915B1C009481FDFF17A24F40F95A
:10852000A0E340B9A1E300B940C0208B31FFFF17A1
:10853000F02C009412F8FF17A0E340B901200011BD
:108540003F0000718D010054A06B40F9A1E300B918
:10855000023C009141F07D92A16B00F9C2FEFF1731
:10856000A34F40F9A1E340B9A2E300B961C0218B58
:10857000ACFFFF17A24F40F9A0E340B9A1E300B957
:1085800040C0208BB8FEFF17F90315AAA5F7FF1707
:10859000FF430AD1FD7B00A9FD030091F55B02A911
:1085A000F50301AA610040F9E13F00F9610440F9D7
:1085B000E15300F9610840F9E18700F9611840B919
:1085C000E19300B9611C40B9F35301A9F40303AA74
:1085D000F30300AAF76303A9F70302AAE1F700B9BE
:1085E000901B0094000040F9E05B00F935F5FF971F
:1085F000E05700F9020180D2E0E3059101008052CA
:10860000E0F4FF97730000B4602640F940CB00B45B
:10861000A1B240B9A022C07941000037E0A248369B
:10862000C0006837A1B240B900001332A02200791F
:1086300021781212A1B200B9E0051836A10E40F956
:10864000A10500B4410380520100010A3F280071D6
:1086500040060054F6430891E827066D08E4002F11
:10866000940000B0EA0317AA94022591FB7305A9B0
:10867000FC0316AAA00000B000500691F96B04A9F3
:10868000FF7700B9E04300F9FF9700B9FF7F0EA91B
:10869000FFF300B9FFFF0FA9F6CB00F9FF9B01B96B
:1086A000FFD300F9F7030AAAF8030AAA1F2003D58B
:1086B000997640F9571B0094E4E30591037C4093BD
:1086C000E20317AAE1B30591E00313AA20033FD602
:1086D0001F000071800500348B040054E16F41B924
:1086E0003F940071A0390054007C4093F702008B46
:1086F000F0FFFF17E10315AAE00313AA491A00943B
:10870000E04E0135A022C079410380520100010AE8
:108710003F28007101FAFF54A126C079C1F9FF3743
:10872000A1B240B941000037C0184936800640ADBB
:10873000E20317AAE10315AAE3C30491E00313AA15
:10874000E08709AD4F0C0094E07700B9FD7B40A9AC
:10875000F35341A9F55B42A9F76343A9E07740B918
:10876000FF430A91C0035FD6E0E30591020180D286
:108770000100805283F4FF97200080D2F702008B23
:10878000CCFFFF17FA03002AE00218CBEA0318AA6D
:10879000FB03002AA0E30034E2D340F9617F409359
:1087A000E09B41B94200018B8A0700A90004001137
:1087B000E09B01B99C430091E2D300F91F1C0071BA
:1087C0002C450054E07740B900001B0BE07700B95E
:1087D000DAE10034EA060091E80640390700801229
:1087E0000B00805209008052F8030B2AF703092A74
:1087F000F903072AFA030AAAFF7F05395A070091ED
:10880000008100511F680171C8000054E14340F924
:10881000205860786100001020A8208B00001FD62F
:10882000E903172AEB03182AEA031AAAE8DE003440
:108830003A008052FBA30691F7031A2A01008052E6
:10884000190080D20700805218008052FF8B00B9B7
:10885000FF9B00B9FF7F0539E8A306391F2003D528
:1088600032011F72420B0011E0D340F95A109A1ADC
:108870008E1080522E010E6A8100005464011A4B42
:108880009F0000716C1A0054A1010034E19B41B9B2
:10889000E27F059100040091820300F92104001198
:1088A000220080D2820700F99C430091E19B01B92C
:1088B000E0D300F93F1C00714C3E0054B20100347B
:1088C000E19B41B9E283059100080091820300F920
:1088D00021040011420080D2820700F99C430091DC
:1088E000E19B01B9E0D300F93F1C00710C73005407
:1088F000DF010271E0290054E700174BFF0000710F
:108900000C050054290E4037E19B41B9EC7E4093A1
:1089100000000C8B9B3300A921040011E19B01B9DD
:10892000E0D300F93F1C00714C2200549C4300919D
:108930008900103677011A4BFF0200710C73005446
:10894000E17740B97F011A6B63A19A1A2100030BEA
:10895000E17700B9002300B5FF9B01B9D90000B44D
:10896000E10319AAE00313AAEA4700F9E9F4FF9723
:10897000EA4740F9FC0316AA4BFFFF1700C100515C
:1089800018008052481740380B0B180B18040B0BBB
:1089900000C100511F24007169FFFF5499FFFF17A8
:1089A000A40000B0E19B41B984400991FF400071EF
:1089B0008D050054E2031CAA0D0280D2FC030AAA12
:1089C000E9BB00B9E8C300B9EBCB00B9F7D300B9F4
:1089D000F703072AF8DB00B9F80304AA040000141F
:1089E000F7420051FF420071AD0200540040009177
:1089F00021040011583400A942400091E19B01B9C3
:108A0000E0D300F93F1C0071CDFEFF54E243069114
:108A1000E10315AAE00313AA0A0C0094A01D003577
:108A2000F7420051E19B41B9E0D340F9E20316AAB5
:108A30000D0280D2FF420071ACFDFF54E703172AFC
:108A4000E40318AAE9BB40B9EA031CAAE8C340B989
:108A5000FC0302AAEBCB40B9F7D340B9F8DB40B92D
:108A6000E77C4093210400110000078B841F00A9BC
:108A70009C430091E19B01B9E0D300F93F1C0071D8
:108A80002DF4FF54E2430691E10315AAE00313AA73
:108A9000E9BB00B9E8C300B9EBCB00B9EA6B00F958
:108AA000E80B009460190035E9BB40B9FC0316AA35
:108AB000EA6B40F9E0D340F9E8C340B9EBCB40B9E9
:108AC00049F247361F2003D51F9501712D2500540B
:108AD0000821601E01100054E19B41B9000400917F
:108AE000820000D0240080D2422010912104001185
:108AF000821300A99C430091E19B01B9E0D300F9E6
:108B00003F1C00718CB00054E29740B9E16B41B951
:108B10003F00026BAA7B0054E28F4AA9830B00A995
:108B2000E19B41B99C43009121040011E19B01B9F3
:108B30000000028BE0D300F93F1C0071EC88005468
:108B4000E19740B937040051FF0200712DEFFF5447
:108B5000A40000B0E19B41B984400991FF4200713B
:108B60004DBC0054E2031CAAF80304AAFC030AAAA1
:108B70001B0280D2E98B00B9EB9B00B90400001402
:108B8000F7420051FF4200716DBA0054004000915D
:108B900021040011586C00A942400091E19B01B9E9
:108BA000E0D300F93F1C0071CDFEFF54E243069173
:108BB000E10315AAE00313AAA20B0094A01000354C
:108BC000E0D340F9E20316AAE19B41B9EDFFFF179C
:108BD000AD0000B0E19B41B9AD8109919F400071AA
:108BE0004D060054E2031CAA0F0280D2FC030AAA1D
:108BF000F2BB00B9EEC300B9E9CB00B9E8D300B9C4
:108C0000EBDB00B9E71301B9F71B01B9F703042A3D
:108C1000F82301B9F8030DAA04000014F74200512B
:108C2000FF420071AD020054004000912104001188
:108C3000583C00A942400091E19B01B9E0D300F902
:108C40003F1C0071CDFEFF54E2430691E10315AADB
:108C5000E00313AA7B0B0094C00B0035F7420051D0
:108C6000E19B41B9E0D340F9E20316AA0F0280D29A
:108C7000FF420071ACFDFF54E403172AED0318AA6C
:108C8000F2BB40B9EA031CAAEEC340B9FC0302AA36
:108C9000E9CB40B9E8D340B9EBDB40B9E71341B9C0
:108CA000F71B41B9F82341B9847C4093210400119A
:108CB0000000048B8D1300A9E19B01B9E0D300F9FA
:108CC0003F1C0071AC920054E17F45399C430091F8
:108CD000EEFEFF17E26B41B95F0000714C5E00547D
:108CE000E19B41B900040091840000D0270080D2AC
:108CF0008420109121040011841F00A99C4300913D
:108D0000E19B01B9E0D300F93F1C0071CC0701548D
:108D1000E19740B92100022A61D70034E3934AA9C0
:108D2000840F00A9E19B41B9864300912104001101
:108D3000E19B01B96000008BE0D300F93F1C00719A
:108D40008CD70054421EF937E29780B921040011F4
:108D5000DB0800A9DC4000914000008BE19B01B9D9
:108D6000E0D300F93F1C00714DDEFF541F2003D5F6
:108D7000E2430691E10315AAE00313AAE98B00B9C7
:108D8000EB9B00B9EA5F00F92E0B0094200200353E
:108D9000EA5F40F9FC0316AAE0D340F9E98B40B939
:108DA000EB9B40B9E3FEFF1748034039F7021C3242
:108DB00093FEFF17E2430691E10315AAE00313AA0D
:108DC000EA4700F91F0B0094EA4740F960DCFF34E2
:108DD000E10319AA610000B4E00313AACDF3FF97E1
:108DE000A022C079A1B240B981170036F96B44A91D
:108DF000FB7345A9E827466DE0173137FD7B40A995
:108E0000F35341A9F55B42A9F76343A9E07740B961
:108E1000FF430A91C0035FD6FA03002AE00218CB91
:108E2000EA0318AAFB03002A60CDFF345BFEFF179C
:108E30006D011A4BBF0100710DD6FF54A40000B0A4
:108E4000E19B41B984400991BF410071CD050054B7
:108E5000E2031CAA0E0280D2FC030AAAE9BB00B9F5
:108E6000E8C300B9EBCB00B9E7D300B9F7DB00B931
:108E7000F7030D2AF81301B9F80304AA040000143B
:108E8000F7420051FF420071AD02005400400091D2
:108E900021040011583800A942400091E19B01B91A
:108EA000E0D300F93F1C0071CDFEFF54E243069170
:108EB000E10315AAE00313AAE20A0094A0F8FF3523
:108EC000F7420051E19B41B9E0D340F9E20316AA11
:108ED0000E0280D2FF420071ACFDFF54ED03172A51
:108EE000E40318AAE9BB40B9EA031CAAE8C340B9E5
:108EF000FC0302AAEBCB40B9E7D340B9F7DB40B99A
:108F0000F81341B9AD7D40932104001100000D8B91
:108F1000843700A99C430091E19B01B9E0D300F99B
:108F20003F1C0071ADCEFF54E2430691E10315AA48
:108F3000E00313AAE9BB00B9E8C300B9EBCB00B961
:108F4000E7D300B9EA6F00F9BE0A009420F4FF35B8
:108F5000EA6F40F9FC0316AAE0D340F9E9BB40B937
:108F6000E8C340B9EBCB40B9E7D340B963FEFF1784
:108F7000E19B41B900040091E39740B9824300911D
:108F8000210400117F0400718D110054240080D24F
:108F90009B1300A9E19B01B9E0D300F93F1C0071CC
:108FA0008C520054E3934AA921040011440C00A9F7
:108FB00042400091E19B01B90000038BE0D300F92E
:108FC0003F1C00714C5300540821601EE39740B9C8
:108FD00077040051E0110054F77E40932104001102
:108FE0000000178BE19B01B9E0D300F96507009100
:108FF000450000F9570400F93F1C00710C61005452
:1090000042400091E4F380B921040011E5C30591C9
:10901000451000A98000008BE19B01B95C400091E4
:10902000E0D300F93F1C00714DC8FF54E2430691A4
:10903000E10315AAE00313AAE98B00B9EB9B00B981
:10904000EA5F00F97F0A009440ECFF35EA5F40F9DF
:10905000FC0316AAE0D340F9E98B40B9EB9B40B979
:1090600034FEFF17E2430691E10315AAE00313AAB9
:10907000740A009460EBFF35FC0316AAD2FDFF17BB
:10908000E2430691E10315AAE00313AAF2BB00B97B
:10909000EEC300B9E9CB00B9E8D300B9EBDB00B906
:1090A000E71301B9EA8F00F9660A009420E9FF3559
:1090B000EA8F40F9FC0316AAE0D340F9F2BB40B9AD
:1090C000EEC340B9E9CB40B9E8D340B9EBDB40B9D6
:1090D000E71341B9FAFDFF17A0E84F37A05240F956
:1090E00094F1FF97A022C07941FFFF17E0F740B944
:1090F000E903172AEB03182AE703192AEA031AAA35
:10910000894C183600D2F837E03F40F9003C009116
:1091100000EC7C9201400091E13F00F90000C03D6D
:10912000E98B00B9E89B00B9EBBB00B9E7C300B914
:10913000EA6700F9373E0094EA6740F90840601E8C
:10914000E98B40B9E89B40B9EBBB40B9E7C340B9F4
:1091500000C1601E0002F0920100679E0020611EA7
:109160000D7100541821601E64CE0054E17F453912
:10917000800000B0850000B01F1D017100C00E917D
:10918000A5E00E91FF8B00B97A008052FF9B00B9D9
:1091900029791812BBC0809AF7031A2A190080D2C5
:1091A0000700805218008052C1B5FF341F2003D53C
:1091B0005A070011ABFDFF17A9EE0737240080D234
:1091C0009B1300A9E19B01B9E0D300F93F1C00719A
:1091D000ADF1FF54E2430691E10315AAE00313AA9F
:1091E000E98B00B9EB9B00B9EA5F00F9150A00941E
:1091F00000DFFF35EA5F40F9E20316AAE0D340F949
:10920000E98B40B9EB9B40B9E19B41B97EFFFF1769
:10921000E39740B97F0400716DEFFF54A400009004
:10922000844009917F4400718D4E0054FC030B2A49
:10923000F80304AA1B0280D2E98B00B9EA4F00F9B7
:1092400004000014F7420051FF420071ED4C00543D
:109250000040009121040011586C00A94240009187
:10926000E19B01B9E0D300F93F1C0071CDFEFF5432
:10927000E2430691E10315AAE00313AAF109009461
:1092800080DAFF35E0D340F9E20316AAE19B41B949
:10929000EDFFFF17E903172AEB03182AEA031AAABE
:1092A0001F0D0171E0540054C9542037E09340B9B8
:1092B000E0E1F837E03F40F9012C009121F07D9288
:1092C000E13F00F9000040B93A008052F8A306914E
:1092D000F7031A2AE0A30639FB0318AA01008052FB
:1092E000190080D20700805218008052FF8B00B90D
:1092F000FF9B00B9FF7F05395AFDFF17E09340B986
:10930000E903172AEB03182AE703192AEA031AAA22
:109310006044F837E03F40F9013C009121F07D9234
:10932000E13F00F91B0040F9FF7F05391B8400B4C1
:109330001F4D0171C070005438011C128970203714
:1093400047B2F837E27C4093E0031BAA0100805249
:10935000E78B00B9E99B00B9EBBB00B9EA6300F900
:1093600038180094EA6340F9F90300AAE78B40B982
:10937000E99B40B9EBBB40B9401001B4E17F4539EE
:1093800003001BCBFF8B00B97F000071FF9B00B96E
:10939000F703032A7AA09F1A07008052190080D28F
:1093A000680E8052E1A5FF3482FFFF17F803184BC7
:1093B000E03F00F948034039F7021E3210FDFF1765
:1093C000E1031AAA281440381FA90071C01C0154D7
:1093D00000C10051FA0301AA07008052190080520F
:1093E0001F240071E8A0FF5428144038E708070B39
:1093F0000704070B00C100511F24007169FFFF54CF
:10940000FF000071FA0301AAF9A09F5AFDFCFF17A3
:109410006005805248034039E07F0539F8FCFF17AA
:10942000E09340B9003DF837E03F40F9002C00914F
:1094300000F07D92E13F40F9380040B998FBFF37DA
:1094400048034039E03F00F9EDFCFF17E00313AAA1
:10945000F4170094000440F9E07700F999F1FF97C0
:10946000E10300AAFB0301AAE00313AAE18300F9C8
:10947000EC170094000840F9E07F00F97F0300F149
:10948000041840FA2034005401004039E00216323A
:10949000480340393F0000711710971AD8FCFF1796
:1094A00048034039F7020032D5FCFF17E07F453909
:1094B00048034039409AFF3500048052E07F053967
:1094C000CFFCFF17EB03182AE703192AEA031AAAAD
:1094D000E9021C32E09340B949002837293320368D
:1094E000404FF837E03F40F9013C009121F07D9278
:1094F000E13F00F9000040F93A791512010080526D
:1095000002008052E27F0539270EF8371F0000F174
:10951000497B1812E008407A810D0054810C003517
:1095200057030012BA1B0036FB2F08910006805229
:1095300007008052E02F0839E17F4539FF00176BA3
:10954000FF8B00B9FAA0971AFF9B00B9190080D2CF
:10955000180080526198FF3416FFFF174803403906
:10956000F7021D32A6FCFF17EA031AAAEB03182A1A
:10957000E703192AFA021C32E09340B95A0028374F
:109580007A292036E048F837E03F40F9013C009165
:1095900021F07D92E13F00F9000040F92100805266
:1095A000D8FFFF17480340391FB10171203700541D
:1095B000F7021C3292FCFF17480340391FA10171CA
:1095C00000370054F7021A328DFCFF174803403968
:1095D000F7021B328AFCFF17E09340B9E903172A10
:1095E000EB03182AE703192AEA031AAA402CF837D2
:1095F000E03F40F9013C009121F07D92E13F00F90C
:10960000000040F902068F52830000B03A011F3279
:1096100063400F9141008052080F8052E37300F9BC
:10962000E2C30279B7FFFF17E09340B9E903172AB5
:10963000EA031AAAE9262836406DF837E03F40F9D8
:10964000013C009121F07D92E13F00F9000040F9DA
:10965000E17780B9010000F913FCFF17EB03182A2A
:10966000E703192AEA031AAAE9021C32E09340B977
:1096700049002837E9222036C043F837E03F40F957
:10968000013C009121F07D92E13F00F9010040F999
:10969000E00301AA0123F8B7E70EF8371F0000F135
:1096A00029791812E008407A610E0054FB330891C2
:1096B0000700805217008052A0FFFF17480340396F
:1096C000F70219324EFCFF17FA03092A3F04007112
:1096D000400D0054F7330891FB0317AA3F080071AF
:1096E00041010054E27340F9010C409200FC44D364
:1096F0004168613861FF1F3880FFFFB5F7021B4BDF
:10970000E9031A2A8DFFFF1701080012E2031BAAC2
:1097100021C0001161FF1F3800FC43D360FFFFB57B
:109720003FC00071E0079F1A5F03006A80FEFF548C
:10973000420800D100068052E9031A2AF702024BC0
:1097400060F31F38FB0302AA7CFFFF17E243069178
:10975000E10315AAE00313AAEEBB00B9E9C300B9FF
:10976000E8CB00B9EBD300B9E7DB00B9EA8B00F92D
:10977000B4080094E0B2FF35EA8B40F9FC0316AA66
:10978000E0D340F9EEBB40B9E9C340B9E8CB40B9FA
:10979000EBD340B9E7DB40B956FCFF17AD000090B2
:1097A000E19B41B9AD810991FF420071ED03005485
:1097B000F8030DAA1B0280D2EB8B00B9EA4F00F927
:1097C00004000014F7420051FF4200718D02005462
:1097D0000040009121040011986F00A99C43009162
:1097E000E19B01B9E0D300F93F1C0071CDFEFF54AD
:1097F000E2430691E10315AAE00313AA910800943D
:1098000080AEFF35F7420051E19B41B9E0D340F90A
:10981000FC0316AAFF420071CCFDFF54EA4F40F949
:10982000ED0318AAEB8B40B9F77E40932104001199
:109830000000178B8D5F00A9E19B01B9E0D300F90F
:109840003F1C0071ED87FF54E2430691E10315AA26
:10985000E00313AAEB8B00B9EA4F00F979080094F2
:1098600080ABFF35EA4F40F9E0D340F9EB8B40B9CC
:1098700034FCFF17FA03092A1F2400F1A8540054EE
:1098800000C00011E9031A2AFB2F0891370080520B
:10989000E02F083929FFFF17FB330891070080529A
:1098A00026FFFF17E19740B91F03016B17D3811AF9
:1098B0002C7C4093FF0200716D010054E19B41B983
:1098C000E27E40930000028B9B0B00A92104001153
:1098D000E19B01B99C430091E0D300F93F1C00716A
:1098E000CCB30054FF020071E4A29F1A1703044B8B
:1098F000FF0200714C59005468C3388B09955037EA
:10990000E19740B9F76B41B9FF02016B6B26005438
:1099100049260037E19740B97B030C8B7B0308CBCA
:109920003700174BFF021B6BFBB29B1A7F030071C2
:109930006D010054E19B41B9627F40930000028BAE
:10994000880B00A921040011E19B01B99C430091FF
:10995000E0D300F93F1C0071ECB600547F030071A6
:109960007BA39F1AF7021B4BFF0200712D7EFF5451
:10997000A4000090E19B41B984400991FF4200712D
:109980004D4B0054E2031CAAF80304AAFC030AAAE4
:109990001B0280D2E98B00B9EB9B00B904000014D4
:1099A000F7420051FF4200716D49005400400091A0
:1099B00021040011586C00A942400091E19B01B9BB
:1099C000E0D300F93F1C0071CDFEFF54E243069145
:1099D000E10315AAE00313AA1A080094A09FFF351B
:1099E000E0D340F9E20316AAE19B41B9EDFFFF176E
:1099F000E2430691E10315AAE00313AAE98B00B93B
:109A0000EB9B00B9EA5F00F90E080094209EFF3539
:109A1000EA5F40F9E20316AAE0D340F9E98B40B9C6
:109A2000EB9B40B9E19B41B95FFDFF17E243069113
:109A3000E10315AAE00313AAE98B00B9EB9B00B977
:109A4000EA5F00F9FF070094409CFF350821601E83
:109A5000E39740B9EA5F40F9E20316AAE0D340F980
:109A600077040051E98B40B9EB9B40B9E19B41B9C8
:109A700000BDFF5459FDFF17A05240F929EFFF9791
:109A8000A022C079E7FAFF174975073623FCFF17B4
:109A90000087F837E03F40F9013C0091080040FDA5
:109AA00021F07D92E13F00F9AAFDFF17FA4F303611
:109AB0002079F837E03F40F9012C009121F07D92A8
:109AC000E13F00F900004079210080528DFEFF1730
:109AD000095530366072F837E03F40F9012C0091AB
:109AE00021F07D92E13F00F900008079E10300AAB6
:109AF00041DDFFB6E00300CBFA03092AA20580523C
:109B00002100805280FEFF17480340393CFBFF17BD
:109B100049D92737896B3037A9BB4836E0D6F837A3
:109B2000E03F40F9013C009121F07D92E13F00F9D6
:109B3000000040F9E1D3413901000039DAFAFF179A
:109B4000694C3036C070F837E03F40F9012C009185
:109B500021F07D9200004079E13F00F967FEFF1798
:109B6000E903172AEB03182AE703192AEA031AAABA
:109B7000BFFEFF17E09340B9012000113F000071C4
:109B80002D9E0054E03F40F9E19300B9023C009162
:109B900041F07D92E13F00F99AFEFF17E09340B952
:109BA000012000113F0000714D9C0054E03F40F93E
:109BB000E19300B9023C009141F07D92E13F00F950
:109BC000D9FDFF17E09340B9012000113F0000715B
:109BD0002D9A0054E03F40F9E19300B9002C009128
:109BE00000F07D9214FEFF17EA4F40F9EB031C2AA8
:109BF000E98B40B9E40318AAF77E409321040011D1
:109C00000000178BE19B01B9E0D300F9440000F993
:109C1000570400F93F1C00714D9FFF54E243069129
:109C2000E10315AAE00313AAE98B00B9EB9B00B985
:109C3000EA5F00F983070094C08CFF35EA5F40F9C2
:109C4000E20316AAE0D340F9E98B40B9EB9B40B997
:109C5000E19B41B9ECFCFF17E2430691E10315AA31
:109C6000E00313AAE98B00B9EB9B00B9EA5F00F9A6
:109C700074070094E08AFF35EA5F40F9FC0316AAF6
:109C8000E0D340F9E98B40B9EB9B40B9ADFBFF173E
:109C900048074039F7021B325A070091D8FAFF17DC
:109CA00048074039F70217325A070091D4FAFF17D4
:109CB000EA031AAAEB03182AE703192AFA03172A58
:109CC0002EFEFF17E903172AEB03182AE703192AC8
:109CD000EA031AAA800000B000A00F91E07300F917
:109CE000E09340B9090B2837E90A2037494130365B
:109CF0006068F837E03F40F9012C009121F07D9237
:109D000000004079E13F00F955000014800000B0E8
:109D1000E903172A00400F91EB03182AE703192AD9
:109D2000EA031AAAE07300F9EEFFFF17E903172A06
:109D3000EB03182AE703192AEA031AAAE6FDFF171C
:109D4000E0230691020180D201008052E98B00B924
:109D5000E89B00B9EBBB00B9EA6300F909EFFF9794
:109D6000E09340B9EA6340F9E98B40B9E89B40B918
:109D7000EBBB40B9A03EF837E03F40F9012C009121
:109D800021F07D92E13F00F9020040B9F8A306916D
:109D9000E3230691E10318AAE00313AAE98B00B9B3
:109DA000E89B00B9EBBB00B9EA6300F9FD2600941B
:109DB000EA6340F9F703002AE98B40B91F04003138
:109DC000E89B40B9EBBB40B9A0C900541F0000712B
:109DD0001AA09F1A41FDFF17E28F4AA9830B00A921
:109DE000E19B41B99C43009121040011E19B01B921
:109DF0000000028BE0D300F93F1C0071CDD8FF5466
:109E0000E2430691E10315AAE00313AAEC4700F927
:109E1000E99B00B9EBBB00B9E82B0CA9090700943A
:109E2000807DFF35EC4740F9FC0316AAE82B4CA9CE
:109E3000E0D340F9E99B40B9EBBB40B9F76B41B9BE
:109E4000B5FEFF17A001F837E03F40F9013C009153
:109E500021F07D92E13F00F9000040F91F0000F180
:109E6000E1079F1A3F01016AC11400543A791512A3
:109E700041008052A3FDFF17E09340B9012000117B
:109E80003F0000718D380054E03F40F9E19300B984
:109E9000023C009141F07D92E13F00F9EFFFFF1796
:109EA000E09340B9012000113F000071AD32005431
:109EB000E03F40F9E19300B9023C009141F07D920E
:109EC000E13F00F9B5FDFF17E09340B90120001113
:109ED0003F0000710D330054E03F40F9E19300B9B9
:109EE000023C009141F07D92E13F00F982FDFF17B5
:109EF000E09340B9012000113F0000718D2F005404
:109F0000E03F40F9E19300B9023C009141F07D92BD
:109F1000E13F00F9DEFDFF17E2430691E10315AAD8
:109F2000E00313AAF2BB00B9EEC300B9E9CB00B954
:109F3000E8D300B9EBDB00B9E71301B9EA8F00F908
:109F4000C00600946074FF35EA8F40F9FC0316AA3E
:109F5000E0D340F9E17F4539F2BB40B9EEC340B9E7
:109F6000E9CB40B9E8D340B9EBDB40B9E71341B9DD
:109F700046FAFF17E00313AA22ECFF97A5F9FF1793
:109F80000021681EE69C005417791A12FF06017121
:109F9000C1300054010F80521F850171000B8052A7
:109FA0000010811A01068052E1830539E0870539E6
:109FB000FBA30691190080D2FF8C0171EC54005470
:109FC0000001669E00FC60D32054F8360041611EFB
:109FD000A0058052E0BB00B9E0A30591E98B00B970
:109FE000E8AF1229EA6300F9E7F300B9A915009474
:109FF0000110681EE98B40B9EA6340F90108611E4F
:10A00000E8AF5229E7F340B92820601E61000054F0
:10A0100020008052E06B01B9E303072A1F8501711C
:10A0200063040091800000908200009000400F9136
:10A0300042A00F916303038B4210809A0210661EA8
:10A04000E0031BAA030000142820601E209900547E
:10A050002108621EEC0300AA2100781E2000621E67
:10A0600044C86138041400382138601E7F0000EBBA
:10A07000C1FEFF5400106C1E3020601E8C00005486
:10A080002020601EA102005481020036ECC700F9B6
:10A09000E10300AA443C403903F05F387F00046BC1
:10A0A000210100540706805227F01F38E1C740F90C
:10A0B000230400D1E3C700F923F05F389F00036B4E
:10A0C00040FFFF5464040011841C00127FE40071FF
:10A0D000804E005424F01F38F86B41B900001B4B30
:10A0E000013D001129011F32211C00122200805263
:10A0F000E09700B900070051E06B01B96701001457
:10A100000106805229011F32E1830539E8870539AC
:10A1100057FFFF17E2430691E10315AAE00313AAD4
:10A12000E98B00B9EB9B00B9EA5F00F945060094A2
:10A130000065FF35EA5F40F9FC0316AAE0D340F959
:10A14000E98B40B9EB9B40B970FAFF17E003069129
:10A15000020180D201008052E98B00B9E89B00B96E
:10A16000EBBB00B9E7C300B9EA6700F9FBC700F928
:10A1700004EEFF97E7C340B9EA6740F9E98B40B9BD
:10A18000E89B40B9EBBB40B9074BF837180080D2C9
:10A1900017008052FA03082AF903072AF54700F945
:10A1A000F503172AF70318AAF8030AAAE99B00B9CE
:10A1B000EBBB00B90D000014E3030691E1A3069187
:10A1C000E00313AAF72500941F04003120850054F2
:10A1D000A002000B1F00196BEC000054F712009155
:10A1E00020930054F503002AE0C740F9026877B8CD
:10A1F00042FEFF35F703152AE99B40B9F54740F9C0
:10A20000E8031A2AEBBB40B9EA0318AAF763003443
:10A21000FF8E01716D770054E1060011E00313AA6F
:10A22000E98B00B9217C4093E89B00B9EBBB00B9F6
:10A23000EA6300F90BE8FF97EA6340F9FB0300AA21
:10A24000E98B40B9E89B40B9EBBB40B900B000B422
:10A25000F90300AA020180D201008052E0030691B6
:10A26000E98B00B9E89B00B9EBBB00B9EA6300F9E0
:10A27000C4EDFF97E07E4093E4030691F80300AA43
:10A28000E30300AAE2230691E1031BAAE00313AA59
:10A29000E8250094EA6340F91F0300EBE98B40B91D
:10A2A000E89B40B9EBBB40B981AC00547FCB373859
:10A2B000FF020071FF8B00B9FAA29F1AE17F4539B6
:10A2C00007008052FF9B00B918008052A12CFF3478
:10A2D000B8FBFF17E98B40B9EA031CAAEB9B40B916
:10A2E000FC0302AAE40318AAF77E4093210400119C
:10A2F0000000178BE19B01B9E0D300F9845F00A94E
:10A300003F1C00716C53FF549C43009189F9FF1767
:10A31000F733089143031612F8E702B2E20317AAD3
:10A32000E40317AA05008052F70313AAB89999F21B
:10A33000F303032AE30315AAF57F40F9070000148D
:10A34000197CD89B39FF43D31F2400F149020054E4
:10A35000E00319AAE2031BAA197CD89BA5040011EB
:10A360005B0400D139FF43D3210B198B010401CBCE
:10A3700021C0001141F01F3853FEFF34A1024039C3
:10A380003FFC03712010457AC1FDFF541F2400F1EA
:10A3900068620054F30317AAF70304AAE59700B90B
:10A3A000F57F00F9F50303AAD5FCFF17FF1800712C
:10A3B000C3008052FA90831A85000090F7031A2A8E
:10A3C000BB001091190080D201008052070080521A
:10A3D00018008052FF8B00B9FF9B00B921F9FF17CD
:10A3E000E09340B9012000113F0000712D2400547A
:10A3F000E03F40F9E19300B9023C009141F07D92C9
:10A40000E13F00F992FCFF17E0D340F9E03000B5DE
:10A41000A022C079FF9B01B973FAFF17840000F0F6
:10A42000E19B41B984400991FF420071AD1B00548A
:10A43000E2031CAA080280D2FC030AAAEC5F00F91E
:10A44000E9C300B9EBCB00B9F8D300B9F80304AA0B
:10A4500004000014F7420051FF4200714D190054EE
:10A460000040009121040011582000A942400091B1
:10A47000E19B01B9E0D300F93F1C0071CDFEFF5410
:10A48000E2430691E10315AAE00313AA6D050094C7
:10A49000004AFF35E0D340F9E20316AAE19B41B937
:10A4A000080280D2ECFFFF17FA2048364080F837C8
:10A4B000E03F40F9012C009121F07D92E13F00F94D
:10A4C00000004039210080520EFCFF17C920483699
:10A4D000807CF837E03F40F9012C009121F07D921B
:10A4E00000004039E13F00F904FCFF17E25340F956
:10A4F000E09340B9E19300B940C0208B64FCFF17A2
:10A50000E25340F9E09340B9E19300B940C0208B99
:10A5100022FCFF17A91C4836E06EF837E03F40F9EF
:10A52000012C009121F07D9200004039E13F00F9BB
:10A530004BFEFF17E25340F9E09340B9E19300B9B5
:10A5400040C0208BECFBFF17E09340B901200011C5
:10A550003F000071AD1F0054E03F40F9E19300B9A6
:10A56000022C009141F07D92E13F00F907FEFF17B8
:10A57000891C4836C07DF837E03F40F9012C009136
:10A5800021F07D92E13F00F900008039E10300AA4B
:10A5900041FCFF17E25340F9E09340B9E19300B961
:10A5A00040C0208B2DFEFF17FF04003160270054B0
:10A5B000FF1E0171E008407AE7149F1A0001669EB1
:10A5C0003901183200FC60D3E079F8370941601E88
:10A5D000FFBB00B9E9A312292041601EEBC300B9FB
:10A5E000EA6700F9FF1A0171C1420054E203072A29
:10A5F00061008052E5230691E4030691E3A30591EF
:10A60000E00313AAE78B00B9AE140094E78B40B9BE
:10A61000FB0300AA01004039EA6740F93FC000711E
:10A62000E9A3522900C0278BEBC340B94052005424
:10A63000E16B41B901C0218B2821601E604F00549D
:10A64000E0C740F9030680523F0000EBE9000054E8
:10A6500002040091E2C700F903000039E0C740F9A5
:10A660003F0000EB68FFFF54F86B41B900001BCBC3
:10A67000E09700B9FF1E017100220054000700514D
:10A68000FF1A017140500054011D00120200805257
:10A69000190080D2E06B01B9E1C305396105805230
:10A6A0008000F836200080520000184BA10580522F
:10A6B000E1C705391F240071CD5B0054EC3F0691C2
:10A6C000AD999952E4030CAA8D99B972027CAD9BA5
:10A6D000E30304AAE503002A840400D142FC63D307
:10A6E0004108020B0104014BE003022A21C00011C2
:10A6F00061F01F38BF8C0171ACFEFF5440C00011E7
:10A7000080F01F38600800D11F000CEB827E0054DF
:10A71000E1CB059102144038221400381F000CEBE5
:10A72000A1FFFF54E0430A91030003CB60F40351FF
:10A73000E0F300B9E09740B9E1F340B91700010B2D
:10A740001F0400716D5B0054E0AB40B9F702000BD1
:10A7500029791512FF02007129011832FAA29F1AF5
:10A7600018008052FF8B00B9FF9B00B9E0BB40B9D5
:10A77000001B0035E17F4539070080522107FF3477
:10A780008CFAFF17EC5F40F9E40318AAE9C340B95B
:10A79000EA031CAAEBCB40B9FC0302AAF8D340B9E8
:10A7A000E77E4093210400110000078B841F00A95D
:10A7B0009C430091E19B01B9E0D300F93F1C00717B
:10A7C000CD89FF54E2430691E10315AAE00313AAE1
:10A7D000EC5F00F9E9C300B9EBCB00B9EA6B00F913
:10A7E00098040094602FFF35EC5F40F9FC0316AA33
:10A7F000EA6B40F9E0D340F9E9C340B9EBCB40B98B
:10A800003EFCFF1769090736E28F4AA9830B00A9AE
:10A81000E19B41B98643009121040011E19B01B9FC
:10A820004000008BE0D300F93F1C0071ED28FF547D
:10A83000E2430691E10315AAE00313AAE98B00B9EC
:10A84000EB9B00B9EA5F00F97E040094202CFF35F1
:10A85000EA5F40F9E60316AAE0D340F9E98B40B974
:10A86000EB9B40B9E26B41B9E19B41B936F9FF1767
:10A87000E25340F9E09340B9E19300B940C0208B26
:10A8800073FBFF17C062F837E03F40F9013C0091CD
:10A8900021F07D92E13F00F9000040F9E1EB4079C1
:10A8A0000100007980F7FF17E067F837E03F40F9D3
:10A8B000012C009121F07D92000040B9E13F00F9A8
:10A8C00067FDFF174050F837E03F40F9012C009139
:10A8D00021F07D92E13F00F9000040B92100805253
:10A8E00008FBFF178063F837E03F40F9012C009127
:10A8F00021F07D92000040B9E13F00F9FFFAFF1717
:10A90000605CF837E03F40F9012C009121F07D9226
:10A91000E13F00F9000080B9E10300AA5EFBFF17E8
:10A92000E09340B9012000113F0000718D510054A7
:10A93000E03F40F9E19300B9022C009141F07D9293
:10A94000E13F00F969FCFF17E25340F9E09340B999
:10A95000E19300B940C0208B0CFDFF17E09340B994
:10A96000012000113F0000716D5D0054E03F40F98F
:10A97000E19300B9022C009141F07D9200004079F2
:10A98000E13F00F9DDFAFF17E0031BAAE9BB00B9BC
:10A99000EBC300B9190080D2EA6700F949ECFF97D0
:10A9A000E17F45391F000071FF8B00B9F703002AD2
:10A9B000FF9B00B91AA09F1AEA6740F9070080526E
:10A9C000E9BB40B9680E8052EBC340B9A1F4FE3434
:10A9D000F8F9FF17E09340B9012000113F00007122
:10A9E000CD4D0054E03F40F9E19300B9022C0091B5
:10A9F00041F07D92E13F00F933FCFF17E09340B94D
:10AA0000012000113F000071ED490054E03F40F982
:10AA1000E19300B9022C009141F07D920000407951
:10AA2000E13F00F90EFDFF17E00313AAE243069190
:10AA3000E10315AA03040094C0CEFF34E9F8FF1720
:10AA4000A05240F93BEBFF9739F7FF170041601E1A
:10AA5000FFBB00B961FDFF17E1040011E00313AA79
:10AA6000E78B00B9217C4093E9A31229EA5F00F942
:10AA7000EBF300B9FBE5FF97EA5F40F9FB0300AA9F
:10AA8000E78B40B9E9A35229EBF340B9806300B4E6
:10AA9000F90300AA4BFDFF17C7008052C8FEFF173D
:10AAA000442840398CFDFF17E0C740F9F86B41B9E5
:10AAB00000001BCBE09700B91F03076B01DB433A93
:10AAC000EA1700540809005100070051EFFEFF1774
:10AAD000A00580525A070011A1058052070080523C
:10AAE000E07F05395FF7FF17E4030691E223069143
:10AAF000E00313AA030080D2010080D2E98B00B9E1
:10AB0000E89B00B9EBBB00B9EA6300F9C9230094E4
:10AB1000EA6340F9F703002AE98B40B91F040031CA
:10AB2000E89B40B9EBBB40B920690054FBC700F972
:10AB3000B7FDFF17A0058052A1058052E07F0539BF
:10AB40008CF9FF17E0F740B9014000113F00007198
:10AB50006D380054E03F40F9E1F700B9003C009146
:10AB600000EC7C9201400091E13F00F96CF9FF1785
:10AB7000E0F740B9014000113F000071ED3400548E
:10AB8000E03F40F9E1F700B9023C0091080040FDC8
:10AB900041F07D92E13F00F96EF9FF17E18B40B97A
:10ABA0003F000071E19B40B920D8407A0D66005407
:10ABB0006D030C8BE2031CAA840000F0FC03012A45
:10ABC00084400991F8030DAA170280D2F34F00F9CF
:10ABD000F95F00F9F90308AAEC6F00F9E91301B96C
:10ABE000FB8F00F9EB2301B9FA2701B9FBEB4FA961
:10ABF000EA9700F9280000149C070051E19B41B935
:10AC000000001A8BE37740F921040011436800A982
:10AC100042400091E19B01B9E0D300F93F1C007173
:10AC20006C08005461034039050319CBE30318AAEB
:10AC30003F00056B33B0851A7F0200718D0100540F
:10AC4000E19B41B96A7E409300000A8B592800A914
:10AC500021040011E19B01B9E0D300F93F1C007110
:10AC60004C09005461034039424000917F02007159
:10AC700065A29F1A3300054B7F020071AC0100549E
:10AC8000E58B40B93903218BBF00007180DB407A2E
:10AC90008D4D00549F0300710CFBFF54E18B40B9B4
:10ACA0007B0700D121040051E18B00B9D4FFFF17CD
:10ACB0008A0000F0E19B41B94A4109917F4200714D
:10ACC000ED040054E3130CA9F86B00F9F84F40F9B8
:10ACD00004000014734200517F420071CD03005400
:10ACE0000040009121040011445C00A94240009101
:10ACF000E19B01B9E0D300F93F1C0071CDFEFF5488
:10AD0000E2430691E10315AAE00318AA4D0300945B
:10AD1000E0150035E0D340F9830000F0E19B41B934
:10AD2000E20316AA64400991EBFFFF17E04F40F9D8
:10AD3000E2430691E10315AA420300942056003530
:10AD4000E0D340F9810000F0E20316AA2440099103
:10AD5000B5FFFF17E32B4CA9F86B40F9657E4093D4
:10AD6000210400110000058B4A1400A9E19B01B9E0
:10AD7000E0D300F93F1C00710C110054610340390D
:10AD800042400091BFFFFF17E04F40F9E2430691B8
:10AD9000E10315AAF86300F92A0300942053003553
:10ADA000E36340F9840000F0E0D340F9E20316AA1F
:10ADB0006103403984400991ADFFFF17E19740B925
:10ADC0001F03016BAB170054E0AB40B93F0140F2E9
:10ADD0000C03000B9711981A690050361F0300717D
:10ADE0000C2F0054FF020071E80C8052FAA29F1A47
:10ADF000E903192A190080D2FF8B00B9FF9B00B923
:10AE00005BFEFF17E2430691E10315AAE00313AAD4
:10AE1000E98B00B9EB9B00B9EA5F00F909030094E4
:10AE200080FDFE35EA5F40F9FC0316AAE0D340F945
:10AE3000E98B40B9EB9B40B9E26B41B9B5F7FF171D
:10AE4000FF16017141030054F804001141008052C3
:10AE5000E203182AE5230691E4030691E3A3059192
:10AE6000E00313AAE78B00B996120094FB0300AA33
:10AE7000EA6740F901C0388BE78B40B9E9A3522952
:10AE8000EBC340B9EDFDFF17E17F45391A00805251
:10AE9000FF8B00B907008052FF9B00B91800805259
:10AEA000190080D2E1CDFE34C2F8FF17E203072A71
:10AEB000E5230691E4030691E3A30591E00313AAB9
:10AEC00041008052E78B00B97E120094E9A3522919
:10AED000FB0300AAEA6740F9E78B40B9EBC340B92E
:10AEE00049DE073661C3278BD4FDFF17E09340B9D5
:10AEF000012000113F0000710D1E0054E03F40F999
:10AF0000E19300B9022C009141F07D92E13F00F9FC
:10AF1000EDF8FF17E25340F9E09340B9E19300B92F
:10AF200042C0208BE03F40F9E23F00F942F9FF17B1
:10AF3000E25340F9E09340B9E19300B940C0208B5F
:10AF4000F9F8FF17E25340F9E09340B9E19300B9F3
:10AF500040C0208BABF9FF17E2430691E10315AA2D
:10AF6000E00313AAEC5F00F9E9C300B9EBCB00B929
:10AF7000EA6B00F9B3020094C0F2FE35EC5F40F9D1
:10AF8000FC0316AAEA6B40F9E0D340F9E9C340B9E3
:10AF9000EBCB40B954FAFF17E04F40F9E24306917A
:10AFA000E10315AAE36300F9A6020094A04200356C
:10AFB000E36340F9840000F0E0D340F9E20316AA0D
:10AFC00061034039844009912EFFFF17E15F40F98A
:10AFD000F30318AA21F0FEB582F7FF17E17740F9D5
:10AFE000E88B00B9E08340F9EB9F1229E3AB0BA992
:10AFF0007B0300CBE20300AAE0031BAAE46700F98D
:10B00000B4100094A006403905008052E3AB4BA970
:10B010001F000071E46740F9B506959AE88B40B9C6
:10B02000EB9F5229CBFCFF17F86B41B9E00301AA53
:10B030008FFDFF17E2430691E10315AAE00313AA6F
:10B04000E98B00B9EB9B00B9EA5F00F97D0200943F
:10B0500000ECFE35E1AF5229FC0316AAF76B41B9AB
:10B06000EA5F40F93700174BE0D340F9E98B40B96C
:10B070003BFAFF172821601E41310054F86B41B99B
:10B0800000C0388B00001B4BE09700B92001001274
:10B090000000072A1F030071AD33005480180035EB
:10B0A000F703182AC80C8052E9185037FF020071C4
:10B0B000FAA29F1A4FFFFF17E1AB40B9E80C80528C
:10B0C0003700000B1F0300710CFFFF54EC02184BFC
:10B0D00097050031FA529F1A46FFFF17A0B240B9F8
:10B0E000A0000037A022407960004837A05240F904
:10B0F00090E9FF9700008012E07700B940F7FF1752
:10B10000FBA30691190080D253FCFF17840000D0E6
:10B11000F703024B844009915F400031EA04005478
:10B12000E20315AAFC03092AF503172A180280D2A4
:10B13000F70302AAF94700F9F90304AAEB9B00B947
:10B14000EA5F00F904000014B5420051BF420071EB
:10B150004D0200540040009121040011D96000A963
:10B16000C6400091E19B01B9E0D300F93F1C00719A
:10B17000CDFEFF54E2430691E10317AAE00313AAB0
:10B180003002009460250035E0D340F9E60316AAAA
:10B19000E19B41B9EDFFFF17EA5F40F9E20317AA0F
:10B1A000E40319AAEB9B40B9F94740F9F703152AC4
:10B1B000E9031C2AF50302AAF77E4093210400113B
:10B1C0000000178BC45C00A9C6400091E19B01B947
:10B1D000E0D300F93F1C00718DDBFE54E243069181
:10B1E000E10315AAE00313AAE98B00B9EB9B00B9B0
:10B1F000EA5F00F913020094C0DEFE35EA5F40F911
:10B20000E60316AAE0D340F9E98B40B9EB9B40B9BD
:10B21000E19B41B9CDF6FF17E28740F9E0F740B96D
:10B22000E1F700B940C0208B080040FDC9F7FF17C7
:10B23000E1CB059182000035E1CF059102068052F5
:10B24000E2CB053900C0001120140038E2C305919B
:10B250002000024BE0F300B937FDFF17E28740F909
:10B26000E0F740B9E1F700B940C0208BACF7FF1719
:10B27000F54740F9010080D2A022C07900001A32BF
:10B28000A0220079A1DAFEB5D6F6FF17201AF8370A
:10B29000E03F40F9013C009121F07D92E13F00F94F
:10B2A000000040F9E17740B9010000B9FEF4FF1752
:10B2B00009A5073625FDFF17E25340F9E09340B991
:10B2C000E19300B940C0208BFFF7FF17E09340B92E
:10B2D000012000113F000071CD1E0054E03F40F9F5
:10B2E000E19300B9022C009141F07D92E13F00F919
:10B2F0007AFDFF17E09340B9012000113F00007173
:10B300002D1E0054E03F40F9E19300B9022C00915A
:10B3100041F07D9200004039E13F00F9D0FAFF177B
:10B320000001669EE017F8B7E17F4539600000F044
:10B33000650000F01F1D017100000F91A5200F9105
:10B3400091F7FF17E25340F9E09340B9E19300B958
:10B3500040C0208B00004079C1FAFF17E25340F94A
:10B36000E09340B9E19300B940C0208BDFF9FF17AB
:10B37000E1001B0B030680522100004B2204001148
:10B3800002C0228BA16AFF37031400385F0000EB74
:10B39000C1FFFF5451FBFF17E25340F9E09340B95E
:10B3A000E19300B940C0208BC7F9FF17E0AB40B96B
:10B3B000C80C8052EC00000B9701180B3BFFFF17E5
:10B3C000E80C8052E17F40F9200040391FFC0371F6
:10B3D00080240054030080520200805205000014B3
:10B3E00042040011210400911FFC0371200100544C
:10B3F0001F00186BEA0000541803004B200440396A
:10B4000000FFFF352000403963040011F7FFFF17EC
:10B41000E28B00B9E39B00B9E17F00F9E18B40B911
:10B42000E903192AE09B40B9190080D20000010B02
:10B43000E10341B9175C011BFF020071FAA29F1AD8
:10B44000CBFCFF17F54740F9E8031A2AE99B40B9FE
:10B45000EA0318AAEBBB40B9F703192A6CFBFF17E4
:10B46000E09340B9012000113F0000716D160054B7
:10B47000E03F40F9E19300B9022C009141F07D9248
:10B4800000004039E13F00F91CF8FF17E09340B994
:10B49000012000113F000071CD150054E03F40F93C
:10B4A000E19300B9022C009141F07D92E13F00F957
:10B4B00019FDFF17E09340B9012000113F00007112
:10B4C0006D0E0054E03F40F9E19300B9022C009169
:10B4D00041F07D92E13F00F9FAFBFF17E09340B99C
:10B4E000012000113F000071AD150054E03F40F90C
:10B4F000E19300B9023C009141F07D92E13F00F9F7
:10B50000E6FCFF17A00580520941611EE0BB00B9AF
:10B5100031FCFF17E25340F9E09340B9E19300B9E1
:10B5200040C0208B00004079F4F7FF17E09340B94A
:10B53000012000113F0000710D0A0054E03F40F966
:10B54000E19300B9022C009141F07D92E13F00F9B6
:10B550000EFCFF17E09340B9012000113F0000717D
:10B560008D120054E03F40F9E19300B9022C0091A4
:10B5700041F07D92000040B9E13F00F9DFF7FF178D
:10B58000E17F4539FA03072AFF8B00B9F703072A41
:10B59000FF9B00B907008052680E80522196FE344E
:10B5A00004F7FF17E09340B9012000113F0000713C
:10B5B000CD110054E03F40F9E19300B9022C009115
:10B5C00041F07D92000040B9E13F00F924FAFF17F5
:10B5D000E09340B9012000113F0000716D08005454
:10B5E000E03F40F9E19300B9023C009141F07D92C7
:10B5F000E13F00F92BFFFF17E09340B90120001154
:10B600003F0000716D100054E03F40F9E19300B934
:10B61000023C009141F07D92E13F00F945F9FF17AE
:10B62000A0058052A1058052E07F053940FFFF1739
:10B63000E14740F9F50317AA01BDFEB5E9F5FF178B
:10B64000F34F40F9E80319AAF95F40F9FB7F00F9CD
:10B65000EC6F40F9FC0302AAFB8F40F9EA9740F92E
:10B66000E91341B9EB2341B9FA2741B91F0103EBB3
:10B670000891839AA3F8FF17E25340F9E09340B989
:10B68000E19300B940C0208BC0FBFF17E25340F9A3
:10B69000E09340B9E19300B940C0208B89FBFF17CC
:10B6A000210080522100074BE16B01B9E2FBFF173B
:10B6B000E25340F9E09340B9E19300B940C0208BD8
:10B6C00086FCFF17E25340F9E09340B9E19300B9DB
:10B6D00040C0208B00004039E1F9FF174000805244
:10B6E000E0F300B914FCFF17E25340F9E09340B9CE
:10B6F000E19300B940C0208BEAFEFF17A022C07979
:10B7000000001A32A0220079B7F5FF17A00000351B
:10B710003A008052C80C8052F7031A2AB5FDFF1771
:10B72000E0AB40B9C80C80520C0400119701072B04
:10B73000FA529F1AAFFDFF17E25340F9E09340B968
:10B74000E19300B940C0208B000040396BF7FF1730
:10B75000E25340F9E09340B9E19300B940C0208B37
:10B760006DFCFF17E29340B90203F837E03F40F960
:10B77000002C009100F07D92E33F40F9E03F00F99A
:10B7800048074039FA0301AAE29300B9670040B9BB
:10B79000FF000071F9A09F5A19F4FF17E25340F916
:10B7A000E09340B9E19300B940C0208B3BFCFF1708
:10B7B000E25340F9E09340B9E19300B940C0208BD7
:10B7C000000040B94DF7FF17E09340B90220001187
:10B7D000E03F40F95F0000716D020054002C0091C1
:10B7E00000F07D92E5FFFF17E25340F9E09340B986
:10B7F000E19300B940C0208B000040B998F9FF17D1
:10B80000E15F40F9F34F40F981AEFEB575F5FF17E2
:10B81000E25340F9E09340B9E19300B940C0208B76
:10B82000C4F8FF17E45340F9E39340B983C0238B76
:10B83000E33F00F9D1FFFF17A022C079E10319AA65
:10B8400000001A32A02200798FFEFF17A022C079D3
:10B85000010080D200001A32A02200798AFEFF1770
:10B86000FF8B00B9FF9B00B9EDFEFF1763030C8B44
:10B870007FFFFF1700000000000000000000000034
:10B88000FF4314D1FD7B00A9FD030091F35301A9EF
:10B89000F30301AA21204079F40303AAE3430491AE
:10B8A000661A40F921781E12652240F9F55B02A95B
:10B8B0006726407964B240B9F60302AA028080523A
:10B8C000F50300AAE0E30391E32F00F9E26700B972
:10B8D000E1D30079E7D70079E33B00F9E27B00B9D7
:10B8E000FF8300B9E64700F9E54F00F9E40B01B921
:10B8F00084E7FF97800640ADE20316AAE3C30091F8
:10B90000E1630191E00315AAE08701AD21F3FF9700
:10B91000F403002AC000F837E1630191E00315AA9F
:10B92000D8E4FF971F00007194029F5AE0D340793A
:10B93000800030366022407900001A32602200799F
:10B94000E07F40F973E7FF97FD7B40A9E003142AED
:10B95000F35341A9F55B42A9FF431491C0035FD69D
:10B96000FD7BBBA9FD03009123B040B9F76303A998
:10B97000F80302AA63056836F55B02A9F50300AA7D
:10B98000400840F9F35301A9F40301AAF96B04A993
:10B990005A0040F9C00300B4566740A939FF42D3AA
:10B9A000F703192A3F030071AD020054130080D23F
:10B9B00003000014FF02136B0D020054C17A73B828
:10B9C000E20314AAE00315AA73060091190E00946D
:10B9D0001F04003101FFFF54F35341A9F55B42A955
:10B9E000F96B44A91F0B00B91F0B00F9F76343A9BA
:10B9F000FD7BC5A8C0035FD6000B40F900C839CB5A
:10BA0000000B00F95A43009180FCFFB5F35341A9A4
:10BA100000008052F55B42A9F96B44A9F2FFFF17C1
:10BA2000BC0A00941F0B00B91F0B00F9F76343A970
:10BA3000FD7BC5A8C0035FD6000000000000000029
:10BA4000440840F9440000B4C6FFFF1700008052CC
:10BA50005F0800B9C0035FD60000000000000000CE
:10BA6000FF030ED1FD7B00A9FD030091F35301A953
:10BA7000F55B02A9F50302AAF76303A9F96B04A910
:10BA8000FA0301AA21B040B9FB7305A9A07F00F910
:10BA9000600040F9A06B00F9600440F9A04F00F984
:10BAA000601840B9A0E300B94023C07941000037D5
:10BAB00020924836C000683741B340B900001332C5
:10BAC000402300792078121240B300B9010080525F
:10BAD000A0230491020180D2AAE7FF97800000D042
:10BAE0001B00805200C00991FC031B2A610000D09A
:10BAF000140080D221002591BF5B00F9A06300F9FA
:10BB0000800000D000841691BFCF00B9BF6F00F94C
:10BB1000BFE700B9A07700F9A17B00F91F2003D58A
:10BB2000A07B40F9137440F93A0E0094037C4093D3
:10BB3000A4230491A07F40F9E20315AAA113049164
:10BB400060023FD62008F837A20741B9017C409334
:10BB5000B502018B820A00341F0400718008005472
:10BB60005F94007120090054C0FDFF34B70201CB7F
:10BB7000410B40B9F3C2208BF60317AA3F000071B6
:10BB80002D020054400340F9C102403902004039FF
:10BB90005F00016B81080054420B40B90004009122
:10BBA000C3060091400300F941040051410B00B964
:10BBB0007F0013EBC0080054F60303AA3F00007196
:10BBC0002CFEFF54A07F40F9E1031AAA910B0094C8
:10BBD000A0FDFF341F2003D5A1E740B941F7003491
:10BBE000402340791F007AF220009F5AA0E700B955
:10BBF00040B340B96000003740234079A088483600
:10BC0000A06F40F9E00000B4A06F40F9140040F9C3
:10BC1000A0E740B91F04003180060054340800B585
:10BC2000A0E740B9BF030091FD7B40A9F35341A9B0
:10BC3000F55B42A9F76343A9F96B44A9FB7345A9D6
:10BC4000FF030E91C0035FD6A3FF9F52020180D273
:10BC5000A023049101008052A30701B949E7FF978F
:10BC6000A20741B9B5060091E2010034A07740F97E
:10BC700000C86238A060183720008052210080D2AE
:10BC80005F94007141F7FF54A302403916008052BF
:10BC9000130080D262940051B90600915F54017183
:10BCA000C900005440B340B9C0FA07374023407977
:10BCB00080FA4F3717040014A46340F98258627861
:10BCC0006400001082A8228B40001FD68607001156
:10BCD000D602174BDC00160B92FFFF17A06F40F93E
:10BCE000140040F91F2003D5A06F40F915144079C6
:10BCF00075EF0034130080D2807A73F8000040F9A9
:10BD000054E1FF97807A73F8730600911F0000F9E1
:10BD1000BF02136B2CFFFF5400008012A0E700B994
:10BD2000E00314AA4BE1FF97BEFFFF17DF0E40F2BE
:10BD3000A1FBFF54A3064039D6020032F50319AA2D
:10BD4000D5FFFF17D602003240000090410180521B
:10BD500000400E9178008052A05B00F9A1CF00B99D
:10BD6000400B40B91F0000710C0A0054A07F40F93D
:10BD7000E1031AAA270B009400F3FF35F50319AA73
:10BD8000F61831361F0F0071E00C00541F130071BC
:10BD9000C03200541F070071602200541F0B007155
:10BDA000C11500547F0200F1D9021C1273129FDAF0
:10BDB000B6630036D9990035A0E340B9B6E038360D
:10BDC00060D7F837A06B40F9013C009121F07D92DB
:10BDD000A16B00F9180040F978F6FFB4001080D28A
:10BDE00018E1FF97E50300AAE0E600B4A06F40F970
:10BDF000050300F91614407901104079DF02016B48
:10BE0000C2B70054000040F9E203162AA16F40F9BE
:10BE1000D6060011030480D2187822F8361400796F
:10BE2000E10305AA400340F9970000D0F786169178
:10BE300000004039E06A60384081183639E7FF3544
:10BE4000A10001CBBF0000B91F0300F120FC429309
:10BE500000040091601040FA68E10054A0E740B986
:10BE600000040011A0E700B92EFFFF17D602003230
:10BE7000D6021A32F50319AA18008052400B40B9B5
:10BE80001F000071ECF7FF54F90315AAB8FFFF1764
:10BE9000D6020032400B40B9580080521F0000719A
:10BEA0006DF6FF541F2003D5410340F9970000D0E1
:10BEB000F786169120004039E06A6038E0021836B3
:10BEC000B57F40F9E20301AA060000144204009184
:10BED000420300F940004039E06A6038E00118365A
:10BEE000400B40B99C07001100040051400B00B901
:10BEF0001F000071CCFEFF54E1031AAAE00315AA4B
:10BF0000C40A0094A0E6FF35420340F940004039DE
:10BF1000E06A603860FE1F37F50319AA1F0F007131
:10BF200061F3FF54600600D11BB0815204008052BF
:10BF3000DB021B2A1F7005F169000054647605516D
:10BF4000B32B80D217008052A0830891B45F00F910
:10BF5000F403172AF70313AAB3CF40B9960000D011
:10BF6000F90300AAD6020F9118708112A4A300B998
:10BF7000A05700F91F2003D5420340F94000403983
:10BF80001FE40071A84200541FDC007128470054D0
:10BF90001FC000714045005449440054D3DAF3787F
:10BFA0007B03180A20170038400B40B900040051E9
:10BFB000400B00B91F000071AD42005442040091D3
:10BFC000420300F9F70600F181FDFF541F2003D55D
:10BFD000B3CF00B9F703142AB45F40F9FB00403631
:10BFE000A05740F93F0300EB08730054A05740F9F5
:10BFF0003F0300EB80E5FF547B022037A1934AA961
:10C000003F030039A07F40F9020080D2A3CF40B99E
:10C0100080003FD67B702836A1E340B9A1ADF83748
:10C02000A16B40F9223C009142F07D92A26B00F995
:10C03000210040F9200000F9A0E740B900040011F8
:10C04000A0E700B9A05740F9F3021C0B220300CB74
:10C050007C02020BB3FEFF177F0200F1DB021C1211
:10C0600073169F9A365700363B830035A0E340B9DC
:10C07000B6C7383640BFF837A06B40F9013C009195
:10C0800021F07D92A16B00F9000040F9A05300F966
:10C09000A0E0FFB4001080D26AE0FF97F70300AA87
:10C0A00020D100B4A06F40F9A25340F91614407992
:10C0B00001104079570000F9DF02016BA2A3005480
:10C0C000000040F9E103162AA26F40F9D6060011DC
:10C0D000B75F00F956140079020480D2A25700F924
:10C0E000A25340F9027821F8B883089119008052D0
:10C0F000C80C00941F00196B00D7FF54410340F98E
:10C1000036070011400B40B922144038000400519A
:10C1100002CB3938410300F9400B00B99F0E00F102
:10C1200081000054A01B41B91F100071A0000054F1
:10C13000A0630491020180D20100805211E6FF97B2
:10C14000A07F40F9A4630491C37E4093E20318AA40
:10C15000E10317AAEB1D0094F40300AA1F0400B129
:10C16000C0D3FF54808900B59C03160B730600D121
:10C170007B010035FF0200B9A05F40F9A15740F9EB
:10C18000F60200CBA05340F91F0000F1C0FE42931D
:10C19000001041FAE25F0054F7120091400B40B9E1
:10C1A000190080521F0000718D5E005433FAFFB5F4
:10C1B000A05F40F9A25740F9E10200CBA05340F93B
:10C1C0001F0000F120FC4293021042FA03C9005400
:10C1D000A0E740B97F0300710014801AA0E700B9FE
:10C1E00050FEFF177F0200F1DB021C1273129FDA70
:10C1F000B63800365B770035A0E340B976BC3836F8
:10C2000020B4F837A06B40F9013C009121F07D92F9
:10C21000A16B00F9000040F9A05300F940D4FFB42D
:10C22000001080D207E0FF97F60300AAC0C400B454
:10C23000A06F40F9A25340F91814407901104079D9
:10C24000560000F91F03016B02940054000040F9EE
:10C2500002070011A36F40F9E103182AB65F00F945
:10C2600062140079020480D2A25700F9A25340F967
:10C27000027821F819008052B8830891B54B00F973
:10C28000F503192AF9031AAA620C00941F00156B12
:10C2900020890054210340F9B7060011200B40B952
:10C2A000221440380004005102CB3538210300F934
:10C2B000200B00B99F0E00F181000054A01341B97A
:10C2C0001F100071A0000054A0430491020180D20D
:10C2D00001008052ABE5FF97A07F40F9F57E4093C7
:10C2E000A4430491E30315AAE20318AAE10316AAE2
:10C2F000841D0094F40300AA1F0400B1C0850054FB
:10C30000007E00B51A008052DF0200B9020180D21F
:10C3100001008052A06304919AE5FF97A07B40F949
:10C32000A3630491E2031A2AA1030491047040F963
:10C33000A07F40F980003FD61F040071A303443959
:10C3400063009F1AA083049100C8633860B500346D
:10C350009C03170B9F0E00F1204E0054730600D172
:10C360003B010035A0074AA9D61200911F0000F139
:10C37000A05F40F9D50200CBA0FE4293001041FA25
:10C38000627C0054200B40B9150080521F000071E0
:10C390008D4D0054B3F7FFB5B54B40F9FA0319AA18
:10C3A0001BBCFF35A05F40F9DF0200B9A25740F97E
:10C3B000C10200CBA05340F91F0000F120FC4293C2
:10C3C00000040091401040FAA9D4FF54B35340F93F
:10C3D00021100091600240F9BA15009400D4FFB416
:10C3E000600200F99EFEFF17A07F40F9D70E1932B8
:10C3F0000C0C0094610600D10D008052050040F93C
:10C400003F7005F1690000546D760551B32B80D261
:10C41000A0830891960000B0FB0300AAF80313AABA
:10C420000A0080D2F3030AAAB4030AA9C0720C91CD
:10C43000F40305AA16008052F903162ABFFF07A9C4
:10C44000BFD708A9A05F00F9ADCB00B91F2003D565
:10C45000410340F92200403940AC00511F380171BE
:10C46000E9080054B70B4836800240391F00026BC0
:10C47000410B0054870600D1F50314AA220080D294
:10C48000E30301AAF40302AAB8CF06A9F80307AA96
:10C49000090000146304009180060091430300F931
:10C4A00062004039016B60385F00016BA1020054EB
:10C4B000F40300AAA06A7438F3031C2A9C07001135
:10C4C000E0730034400B40B900040051400B00B948
:10C4D0001F0000710CFEFF54A07F40F9E1031AAA6F
:10C4E0004C090094E0000035430340F980060091B8
:10C4F00062004039016B60385F00016BA0FDFF54A2
:10C5000083060051EC03132A807E4093F303142A20
:10C51000B45340F9BCC2238BA10A00D1004023CB05
:10C52000B45F00F9F803162AB47F40F9F603192A1C
:10C53000AA3B40F91900018BB54B40F9B39300B900
:10C54000F3031CAAFC030C2AAA5300F961F65F3816
:10C55000E2031AAAE00314AA360A00943F0313EB7D
:10C5600061FFFF54B39340B9AA5340F98203134BC0
:10C57000B45F40F95C0400111D000014A35F40F992
:10C58000605860786300001060A8208B00001FD600
:10C59000570258363F03162B01020054F776171244
:10C5A0001600805219008052180700D16217003817
:10C5B000410B40B99C07001121040051410B00B907
:10C5C0003F000071ED0F0054400340F9000400915A
:10C5D000400300F9F8F3FFB5B54B40F9F803162A0C
:10C5E000B45340F9EA0313AAF603192A5F0100F1D4
:10C5F000E07A17121710971AC90600513F0500710B
:10C6000029BF0054000700511F180071A93D0054B4
:10C61000972F403677CA503761F35F3820781A1267
:10C620001F140171414C00547B0700D19C0700513D
:10C63000A07F40F9E2031AAAFE09009437A7273722
:10C640007F030039A04340F9A09500B5A15740F9F8
:10C65000020080D2A07F40F9E61A0094A0E340B91E
:10C66000D72F0036C096F837A06B40F9013C0091F7
:10C6700021F07D92A16B00F9000040F9000000FD5F
:10C68000F7FDFF17DF1E007181FAFF54160180527B
:10C69000C6FFFF17B73258373F070071E1F9FF5463
:10C6A00059008052C1FFFF1797F93F36F77A1812E9
:10C6B000BEFFFF1717F75F3700A08052E002000AA5
:10C6C0001F0010716000005497F85736D38900B4EA
:10C6D00097004837A04740F9600200CBBB8307A909
:10C6E000F76A1412F7061932130080D2AFFFFF1752
:10C6F000DF020071600A40FA412E0054E00A18126D
:10C700001F001C71809B0054B54B40F9F603192A99
:10C71000B45340F9180080520A0080D2B7FFFF17C7
:10C72000F72D5837DF0A007181F5FF5476008052EB
:10C730009EFFFF1700308152E002000A1F000471C3
:10C74000600A41FAA1F4FF54F77A171200068052EA
:10C75000180700D1F7021532130080D26017003895
:10C7600092FFFF17DF1A007181F3FF54F600805229
:10C770008EFFFF1737FA5F3798FFFF173F030071EF
:10C78000600A40FA61290054E00A18121F001C7167
:10C79000A0960054DF060071C41A447AA029005400
:10C7A0008EFFFF1797EF4736A0CB40B9F77A1812E4
:10C7B0007306009120650035180700D17DFFFF1733
:10C7C000A07F40F9E1031AAA9208009460F0FF35B7
:10C7D00018E4FFB581FFFF171F9801710808005486
:10C7E0001F800171A80000541F18017148200054D7
:10C7F0001F000171E9BEFF547F2A0071ADBEFF54D6
:10C80000017081127B03010AE7FDFF17A07F40F949
:10C81000E1031AAA7F08009460BDFF34EDFDFF1705
:10C8200001AC0051A41F80523F00046A21BDFF5497
:10C830001BBD3F367B7B1812DBFDFF175BBB5F36F2
:10C84000730000357B031732130180525B2E503783
:10C85000A0A340B97B73161280000034F706009144
:10C8600000040051A0A300B994060011CFFDFF17EA
:10C87000810000B021000F9133D8F3787F2200713E
:10C880000CFCFF54D3FDFF17B37F40F9400B40B9B8
:10C890000C000014400340F9A27740F90100403930
:10C8A00041686138E1931F36420B40B900040091A2
:10C8B0009C070011400300F940040051400B00B9EF
:10C8C0001F0000718CFEFF54E1031AAAE00313AAB3
:10C8D0005008009400FEFF3492FCFF171FE0017126
:10C8E00081B7FF54610717123F00087121B7FF5449
:10C8F0007B7B161201A08052130280527B03012A17
:10C90000A9FDFF171B3A0035A0E340B9168538365C
:10C91000207EF837A06B40F9013C009121F07D9218
:10C92000A16B00F9040040F9A45F00F9C49BFFB4B7
:10C93000000480D243DEFF97E50300AA408C00B4D8
:10C94000A06F40F9A45F40F91614407901104079B6
:10C95000850000F9DF02016B82590054000040F9A4
:10C96000E103162AA26F40F9D6060011180480D2FE
:10C97000047821F856140079420340F9B9830491F0
:10C980004000403920CB6038E098FF34E00318AA1B
:10C990009F0000F1F80313AAF60305AAFB079F1AEC
:10C9A000F70304AAF30300AAB45700F90A0000141D
:10C9B000180700F1E04D0054400B40B91F00007112
:10C9C000ED480054420340F94000403920CB603824
:10C9D000004D0034410B40B940040091400300F980
:10C9E0007F03007121040051410B00B94000403920
:10C9F000A0140038B40016CB801253FAA3FDFF54E4
:10CA000073FA7FD3E00316AAE10313AA2D1400944E
:10CA1000F60300AA808500B40500148BE00200F93B
:10CA2000E4FFFF1739620035A0E340B9966F38364E
:10CA30008059F837A06B40F9013C009121F07D92BC
:10CA4000A16B00F9180040F9F892FFB4000480D2FD
:10CA5000FCDDFF97F60300AA608300B4A06F40F9E5
:10CA6000160300F919144079011040793F03016B56
:10CA7000C24D0054000040F9E103192AA36F40F9A8
:10CA8000220700111B0480D2187821F86214007963
:10CA900023008052400340F9970000B0F7861691BA
:10CAA00001004039E16A6138014E1837E40316AAE3
:10CAB000B55F00F9F50314AAF40317AAF703032AD4
:10CAC000410B40B902040091420300F9FF020071DA
:10CAD00021040051410B00B900004039C016003854
:10CAE000D90204CB621359FAE9480054730600F1E5
:10CAF00000010054400B40B91F0000710D7D00542F
:10CB0000400340F901004039816A6138A1FD1F36B8
:10CB1000F40315AAD30204CBB55F40F9E303172A47
:10CB200061060091DF0200397F00007122105BFA7C
:10CB3000234A0054A0E740B99C03130B00040011E2
:10CB4000A0E700B9F7FBFF171B250035A0E340B9AC
:10CB500076433836205DF837A06B40F9183C0091D9
:10CB600018F37D92A06B40F9170040F9D789FFB404
:10CB7000E00313AAB3DDFF97F60300AA407A00B4DE
:10CB8000A06F40F9F60200F91914407901104079BC
:10CB90003F03016BE2740054000040F9E203192ADC
:10CBA000A16F40F939070011177822F8E4031AAA97
:10CBB000A07F40F939140079E30313AAE10316AA10
:10CBC000220080D2A7050094F60300AA6080FFB47B
:10CBD0007F0200EBC9000054E10300AAE00240F923
:10CBE000B8130094400000B4E00200F9B86B00F9FB
:10CBF000000200141F60017160E7FF54F5FCFF178D
:10CC000017792737E00617127F0300391F001071CC
:10CC1000A1D1FF54A04740F902000ACB1F000AEB44
:10CC200060D1FF54A1A70D91A0A30D917F0301EB4B
:10CC3000610000D000209B9A21A00E912108009451
:10CC4000A15740F9020080D2A07F40F969190094F1
:10CC5000A0E340B997D00737174D08360059F83789
:10CC6000A06B40F9013C009121F07D92A16B00F98D
:10CC7000130040F90F2F00946002803D78FCFF17ED
:10CC8000E2118052DF02026AE180FF54730A138BC3
:10CC9000E203032AA3064039F50319AA5304138BB0
:10CCA00073C200D1FCFBFF17980080522DFCFF17C8
:10CCB0003F0B007101D7FF54790080523BFEFF17F4
:10CCC000C00E0051A11F80521F00016A61C8FF54AD
:10CCD000D6060011D61E001234FEFF173F03162B96
:10CCE00021D2FF542EFEFF173F03162B61CDFF54B8
:10CCF0002BFEFF17405340F98AE2FF974023C0798B
:10CD00006DFBFF1700008012A0E700B91F2003D5BC
:10CD1000405340F987E2FF97BAFBFF17A01341B9D0
:10CD20001F100071E0B1FF54730600D18DFDFF1795
:10CD3000200B40B9F503172A1F0000716CAAFF549D
:10CD4000A07F40F9E10319AA3207009440B2FF34F2
:10CD5000FA0319AAF903152AB54B40F939B2FF3481
:10CD60009EFBFF17400B40B9F903162A1F00007104
:10CD70000C9CFF541F2003D5A07F40F9E1031AAAA1
:10CD80002407009440A1FF3459A1FF3493FBFF17FF
:10CD9000A05F40F9F90301AA21F07DD34913009463
:10CDA000A05F00F9006900B421FB7FD3A15700F90F
:10CDB000A15340F91700168B200000F9F7FCFF176C
:10CDC0001F0B0071899000541F0F007120C2FF5487
:10CDD00008130051F9030AAA161D4092181D0012EB
:10CDE000B37F40F9F60336AA7603168B61FF5F38EE
:10CDF000E2031AAAE00313AA0E0800947F0316EBBD
:10CE000061FFFF5486070051EA0319AADC00184BA2
:10CE100000FEFF1701B080127B03010A62FCFF17BE
:10CE2000DB3B1836A1E340B9E14BF837A16B40F981
:10CE3000223C009142F07D92A26B00F9210040F962
:10CE4000200000397DFCFF17A07F40F9390700D191
:10CE500021034039E2031AAAF607009464FCFF1785
:10CE60001B008052B6830891B74B00F9F70313AA51
:10CE7000F30305AAB5630AA9F8031AAAFA0314AAC8
:10CE8000F4031B2AFB0301AAA35F00F961090094C4
:10CE90001F00146B20890054010340F9950600110E
:10CEA000000B40B92414403800040051C4CA34387F
:10CEB000010300F9000B00B95F0F00F1A10000545D
:10CEC000A01B41B9BA6304911F100071C000005447
:10CED000BA630491020180D2E0031AAA01008052D1
:10CEE000A8E2FF97A07F40F9B47E4093E4031AAA1A
:10CEF000E30314AAE20316AAE10313AA811A009419
:10CF0000FA0300AA1F0400B180850054E03800B481
:10CF10001F0800B1206D0054600240B9C91A009486
:10CF2000C06F00359C03150B5F0F00F181000054AA
:10CF3000A01B41B91F10007140000054F70600D13A
:10CF4000D95B0035A05740F973120091A15F40F9F9
:10CF500075021BCB1F0000F114008052A0FE42930B
:10CF6000001041FA82720054000B40B91F0000719A
:10CF70000D5E0054000340F9A14B40F90000403918
:10CF8000206860381F007DF2E40A40FA01F8FF547F
:10CF9000A35F40F9F4031AAAE50313AAFA0318AA37
:10CFA000B5634AA9E1031BAAA5FBFF17A07F40F9BF
:10CFB000E2031AAA9C0B00517B0B00D19D07009441
:10CFC000610340399BFDFF17200000F001028052F1
:10CFD00000801591D602173278008052A05B00F9CC
:10CFE000A1CF00B95FFBFF17B77F40F9160080D2D1
:10CFF0000A000014007C4093E1031AAA4200008B4F
:10D00000420300F9D602008B730200CBE00317AA9B
:10D0100080060094E0550035400B40B9420340F9CA
:10D020001F00136B8BFEFF54D602138B0000134BB3
:10D030004200138B420300F9400B00B99C03160B0E
:10D04000B8FAFF17410340F9B98304912000403931
:10D0500020CB60388062FF34400B40B9210400913E
:10D06000410300F9730600F100040051400B00B9C0
:10D07000A0020054B67F40F90D000014400340F9AF
:10D080000100403921CB6138E1010034420B40B945
:10D0900000040091400300F91807001140040051FA
:10D0A000400B00B9730600F1E00000541F0000714E
:10D0B0006CFEFF54E1031AAAE00316AA5506009479
:10D0C000E0FDFF349C03180B96FAFF17170080D27F
:10D0D000BF7F0AA9BF5F00F904FCFF17B6130491D4
:10D0E000BF7F0AA9BF5F00F963FCFF17A513049176
:10D0F000030080D2010080D2180080D24AFBFF17C3
:10D10000E2118052DF02026AE15CFF54A26F40F933
:10D11000A23900B4A3064039D6021932F50319AA80
:10D12000DDFAFF17DF0E40F2E15BFF54A306403942
:10D13000D6021F32F50319AAD7FAFF17200000D034
:10D140000101805200801591D60200327800805291
:10D15000A05B00F9A1CF00B902FBFF177F0200F12D
:10D16000C00A407A015AFF54A30640391602805281
:10D17000F50319AA130080D2C7FAFF17E10319AA11
:10D18000A0830491D6021A32960600943800805289
:10D19000F50300AA3AFBFF17200000D0410180529E
:10D1A0000080159178008052A05B00F9A1CF00B9F2
:10D1B000ECFAFF17200000D0008015910144805246
:10D1C00078008052D602012AA05B00F9000280524A
:10D1D000A0CF00B9E3FAFF17DF0E40F24156FF542B
:10D1E000A30640397FA00171001D0054D6021E32F3
:10D1F000F50319AAA8FAFF17DF0E40F24155FF54B4
:10D20000A30640397FB001718159FF54A30A403908
:10D21000D6021F32B50A00919FFAFF17F50319AA2B
:10D2200016482737A0E340B9F6201837D6461036FF
:10D23000E061F837A06B40F9013C009121F07D924C
:10D24000A16B00F9000040F9F50319AA1C00007950
:10D2500034FAFF17200000D000801591780080522A
:10D26000A05B00F900018052A0CF00B9BDFAFF1702
:10D27000200000D0F50319AA00400E9178008052DA
:10D28000A05B00F9BFCF00B9FDFAFF17F50319AA9B
:10D2900036FAFF171F0800B160D6FF549C03160B27
:10D2A0001F0C00F181000054A01B41B91F10007138
:10D2B00040000054730600D11B76FF34B8FBFF1703
:10D2C0001F0800B160D3FF54DA0240B95F07003194
:10D2D000E181FF54E3031A2A1BFCFF17A07F40F9EA
:10D2E000E1031AAAA55F00F9CA050094A55F40F9F9
:10D2F000A0B6FF34B45740F9F80313AAE40317AA01
:10D30000BF0016EBC103005434FAFF17A05F40F9C9
:10D31000F70301AA21F07DD3EA110094A05F00F980
:10D32000003D00B4E1FA7FD3A15700F9A15340F9C1
:10D330001600158B200000F913FCFF17FC03132ABD
:10D3400001508012B8CF46A9E20314AAE0031BAA39
:10D35000F702010AF40315AAE10315AA01080094D3
:10D36000FB0300AAB34700F9180700D191FCFF178F
:10D37000B45740F9F80313AAE40317AAB70016CB71
:10D38000BF00166B0049FF54E1060011BF000039D1
:10D390007F030071217C4093001341FA282C005434
:10D3A000A0E740B99C03170B00040011A0E700B9E7
:10D3B000DCF9FF17FA0319AA08FAFF17001BF83760
:10D3C000A06B40F9013C009121F07D92A16B00F926
:10D3D000010040F9E30313AAA07F40F9E4031AAA6D
:10D3E000220080D29F030094F60300AA603FFFB49E
:10D3F000A0E740B99C03160B00040011A0E700B998
:10D40000C8F9FF177BFB7FD3E00304AAE1031BAA43
:10D41000AC110094E40300AA603500B41600198B27
:10D42000000300F9B2FDFF17C0FE9F523F00006BE2
:10D43000A8580054BB6F40F937200011E1427DD35A
:10D44000600340F99F110094E05700B4600300F9B5
:10D450007713007989FDFF17A0CB40B90004005174
:10D46000A0CB00B953FCFF1713008052210080D2DB
:10D47000ADFDFF17000340F992110094C0B5FFB451
:10D48000000300F9ACFDFF17A45700F9C0FE9F523E
:10D49000A55F00F93F00006B68550054B86F40F974
:10D4A00037200011E1427DD3000340F9851100943B
:10D4B000A05400B4A45740F9000300F9A55F40F957
:10D4C0001713007927FDFF17C0FE9F523F00006B26
:10D4D000A82F0054B96F40F937200011E1427DD3E5
:10D4E000200340F977110094E02E00B4200300F9E6
:10D4F0003713007957FBFF17A55F00F9C0FE9F5255
:10D500003F00006B082E0054BB6F40F9372000111C
:10D51000E1427DD3600340F96A110094402D00B4CC
:10D52000A55F40F9600300F97713007937FAFF1718
:10D53000C0FE9F523F00006B682C0054B96F40F949
:10D540003820001101437DD3200340F95D11009480
:10D55000A02B00B4200300F938130079DAFAFF1782
:10D56000A0E340B9012000113F000071ED0F00540D
:10D57000A06B40F9A1E300B9023C009141F07D921B
:10D58000A16B00F930FDFF17A30A4039D6021D3206
:10D59000B50A0091C0F9FF177B0D1037FB53073711
:10D5A000DB4A0836A15B40F9200000D000801591CD
:10D5B000A3CF40B93F0000EB020080D2A15740F951
:10D5C000A07F40F9C05300545E18009493FAFF17EF
:10D5D000A1E340B9222000115F000071AD1000549A
:10D5E000A16B40F9A2E300B9233C009162F07D9267
:10D5F000A26B00F98FFAFF17A00EF837A06B40F965
:10D60000133C009173F27D92A06B40F90020601EE4
:10D61000160040F9864F00540040621EC00200BD53
:10D62000B36B00F90EFAFF177F0200B900008052B9
:10D6300004190094203700359C03150BF70600D120
:10D6400040FEFF17A02EF837A06B40F9013C009177
:10D6500021F07D92A16B00F9000040F9F50319AAB1
:10D660001C0000392FF9FF17410340F99700009083
:10D67000F786169120004039E06A603820251F3770
:10D68000400B40B921040091410300F9730600F1F9
:10D6900000040051400B00B93600805200CDFF5409
:10D6A000B87F40F90D000014400340F901004039F3
:10D6B000E16A613841CC1F37420B40B90004009148
:10D6C000400300F9D606001140040051400B00B998
:10D6D000730600F140CBFF541F0000716CFEFF5435
:10D6E000E1031AAAE00318AACA040094E0FDFF347B
:10D6F0009C03160B0BF9FF17A0E340B900200011A3
:10D700001F000071CD2F0054A16B40F9A0E300B9B8
:10D71000383C009118F37D9213FDFF17A0E340B948
:10D72000012000113F0000710D2E0054A06B40F944
:10D73000A1E300B9023C009141F07D92A16B00F998
:10D7400024FFFF17A1E340B92132F837A16B40F95C
:10D75000223C009142F07D92A26B00F9210040F939
:10D760002000007935FAFF17A24F40F9A0E340B935
:10D77000A1E300B940C0208BB3FCFF17A0E340B980
:10D78000012000113F0000710D350054A06B40F9DD
:10D79000A1E300B9023C009141F07D92A16B00F938
:10D7A00034FDFF17A1E340B9222000115F00007192
:10D7B0002D330054A16B40F9A2E300B9233C009142
:10D7C00062F07D92A26B00F99DFDFF17A0E340B9C6
:10D7D000002000111F0000712D330054A16B40F98F
:10D7E000A0E300B9333C009173F27D9287FFFF17ED
:10D7F000A34F40F9A1E340B9A2E300B961C0218B76
:10D800000CFAFF17B54B40F9F803162AB45340F948
:10D81000F603192A0A0080D278FBFF17401AF8375E
:10D82000A06B40F9013C009121F07D92A16B00F9C1
:10D83000160040F9030080521B0080D2180080D2ED
:10D8400095FCFF17FF4300D1E2030091A26F00F99E
:10D850005F0000F95F0800B92FFEFF17A0E340B991
:10D86000012000113F0000716D1A0054A06B40F9B7
:10D87000A1E300B9023C009141F07D92A16B00F957
:10D8800002FAFF17A0E340B9012000113F00007128
:10D890008D180054A06B40F9A1E300B9023C00913F
:10D8A00041F07D92A16B00F95BFAFF17A0E340B94C
:10D8B000012000113F0000718D180054A06B40F949
:10D8C000A1E300B9023C009141F07D92A16B00F907
:10D8D00041F9FF17A0E340B9012000113F0000719A
:10D8E0006D150054A06B40F9A1E300B9023C009112
:10D8F00041F07D92A16B00F90BFCFF17A07F40F96E
:10D90000020080D2BB3F40F9430180526107009181
:10D91000A0160094A14340F9020001CBC2FCFF17FE
:10D92000800040F9A45F00F966100094A0D3FFB412
:10D93000A45F40F9800000F99AFEFF17A0E340B908
:10D94000012000113F000071ED150054A06B40F95B
:10D95000A1E300B9023C009141F07D92A16B00F976
:10D9600046FBFF17C013F837A06B40F9013C00914C
:10D9700021F07D92A16B00F9170040F9BF7F0AA941
:10D98000BF5F00F9D9F9FF170017F837A06B40F90E
:10D99000013C009121F07D92A16B00F9160040F945
:10D9A000BF7F0AA9BF5F00F933FAFF172017F837C6
:10D9B000A06B40F9013C009121F07D92A16B00F930
:10D9C000050040F9180080D2040080D2EBFBFF175D
:10D9D0008013F837A06B40F9013C009121F07D9253
:10D9E000A16B00F9050040F9030080D2010080D24C
:10D9F000180080D20CF9FF17FA0319AAF90315AA27
:10DA0000B54B40F9F74CFF34B37F40F91F2003D5E5
:10DA10000103198BE2031AAAE00313AA390700D104
:10DA200021F05F380305009459FFFF355DFAFF17B9
:10DA3000C0FE9F523F00006B68280054A06F40F961
:10DA40003B20001161437DD3000040F91D1000947C
:10DA5000A02700B4A16F40F9200000F93B10007925
:10DA60004FFCFF17F76E151239008052130080D259
:10DA7000CEFAFF17F76E151236008052130080D2CF
:10DA8000CAFAFF17000340F9211000910D1000940D
:10DA9000601EFFB4000300F9F1F8FF17A07F40F902
:10DAA000E1031AAAA45700F9DA030094A45740F935
:10DAB0008082FF3417FCFF17140080522BFDFF17E4
:10DAC000FA0319AA00008012A0E700B976F8FF1740
:10DAD0005608FFB49C03160B12F8FF1700008012C3
:10DAE000A0E700B9F409FFB48EF8FF17B35340F96B
:10DAF000600240F9F30F0094C036FFB4600200F9F1
:10DB0000B4F9FF17F60D0037D60D0837C029F837DE
:10DB1000A06B40F9013C009121F07D92A16B00F9CE
:10DB2000000040F9F50319AA1C0000B9FDF7FF1722
:10DB3000A07F40F9E10318AAB6030094C0A1FF3406
:10DB4000A35F40F9E1031BAAE50313AAFB03142A10
:10DB5000F4031AAAFA0318AAB5634AA9FB03FF350E
:10DB6000B7F8FF17A0E340B9012000113F00007192
:10DB70004D170054A06B40F9A1E300B9023C00919D
:10DB800041F07D92A16B00F92AFFFF17A24F40F9E7
:10DB9000A0E340B9A1E300B940C0208B62FBFF17AE
:10DBA000A24F40F9A0E340B9A1E300B940C0208BE7
:10DBB00099F9FF17A24F40F9A0E340B9A1E300B9DA
:10DBC00040C0208B31F9FF17A24F40F9A0E340B9C4
:10DBD000A1E300B940C0208B7FF8FF17A0E340B954
:10DBE000012000113F0000714D170054A06B40F957
:10DBF000A1E300B9023C009141F07D92A16B00F9D4
:10DC00005EFFFF17A24F40F9A0E340B9A1E300B9BE
:10DC100040C0208B99FAFF17A0E340B90120001102
:10DC20003F0000718D130054A06B40F9A1E300B9CF
:10DC3000023C009141F07D92A16B00F987FEFF1735
:10DC4000A0E340B9012000113F0000718D13005482
:10DC5000A06B40F9A1E300B9023C009141F07D9234
:10DC6000A16B00F960FFFF17A0E340B9012000118C
:10DC70003F000071AD110054A06B40F9A1E300B961
:10DC8000023C009141F07D92A16B00F944FFFF1727
:10DC9000A0E340B9012000113F0000714D12005473
:10DCA000A06B40F9A1E300B9023C009141F07D92E4
:10DCB000A16B00F943FFFF17F403152AABFCFF1714
:10DCC000E012F837A06B40F9013C009121F07D9201
:10DCD000A16B00F9000040F9817F4093F50319AA78
:10DCE000010000F98FF7FF17A24F40F9A0E340B9F8
:10DCF000A1E300B940C0208BB6FDFF17A24F40F949
:10DD0000A1E340B9B86B40F9A0E300B941C0218B51
:10DD1000A16B00F994FBFF17A35F40F9E1031BAA75
:10DD2000E003152AFB0314AAE50313AAF4031AAAB5
:10DD3000FA0318AAB5634AA92008FF34B37F40F953
:10DD4000F70303AAB45F00F9F4031BAAFB0315AAA7
:10DD5000F50301AAA55700F9C102148BE2031AAA20
:10DD6000E00313AA940600D121F05F383104009437
:10DD700054FFFF35A55740F9E10315AAB45F40F9F8
:10DD8000E30317AAF5031BAA2DF8FF17A1E340B977
:10DD9000222000115F000071CD0F0054A16B40F9EB
:10DDA000A2E300B9233C009162F07D92A26B00F9DE
:10DDB0006BFEFF17E0031BAA21F07DD3410F0094F7
:10DDC000FB0300AA801600B4A15F40F91300158B75
:10DDD00020F87FD3A05F00F9A05740F91B0000F99D
:10DDE00062FCFF17B45740F9F9031BAA7F0314EB39
:10DDF000A9F5FE54B37F40F9E2031AAA21FF5F3868
:10DE0000E00313AA0B0400943F0314EB61FFFF54DB
:10DE1000A5F7FF17A34F40F9A1E340B9A2E300B96A
:10DE200061C0218B06FCFF17A24F40F9A0E340B967
:10DE3000A1E300B940C0208B8EFBFF17A24F40F931
:10DE4000A1E340B9B36B40F9A0E300B941C0218B15
:10DE5000A16B00F9EDFDFF17A24F40F9A0E340B917
:10DE6000A1E300B940C0208B72FEFF17A0E340B9C8
:10DE7000012000113F0000716D090054A06B40F9B2
:10DE8000A1E300B9023C009141F07D92A16B00F941
:10DE9000EDFCFF17A24F40F9A0E340B9A1E300B9A0
:10DEA00040C0208BEDFDFF17A24F40F9A0E340B921
:10DEB000A1E300B940C0208BB9FEFF17A24F40F983
:10DEC000A0E340B9A1E300B940C0208BC6FEFF1714
:10DED000A24F40F9A0E340B9A1E300B940C0208BB4
:10DEE000A6FEFF17A24F40F9A0E340B9A1E300B995
:10DEF00040C0208BB3FEFF17A1E340B9C108F8373B
:10DF0000A16B40F9223C009142F07D92A26B00F996
:10DF1000210040F9200000B948F8FF17A0E340B9FC
:10DF2000012000113F000071CD040054A06B40F9A6
:10DF3000A1E300B9023C009141F07D92A16B00F990
:10DF400065FFFF1740B340B9A0EC06374023407986
:10DF5000A06D4F3600008012A0E700B92BF7FF1725
:10DF6000B45740F9F9031BAA7F0314EBC9E9FE5427
:10DF7000B37F40F9E2031AAA21FF5F38E00313AA36
:10DF8000AC0300943F0314EB61FFFF5446F7FF1707
:10DF9000A34F40F9A1E340B9A2E300B961C0218BCE
:10DFA000EFFDFF17A24F40F9A0E340B9A1E300B98C
:10DFB00040C0208BA4FCFF17FA0318AA07F7FF172D
:10DFC000A24F40F9A0E340B9A1E300B940C0208BC3
:10DFD00041FFFF17A05740F9F9031BAA7F0300EB8D
:10DFE00029E6FE54B35740F9E2031AAAA07F40F98C
:10DFF00021FF5F388F0300943F0313EB61FFFF5451
:10E0000029F7FF176000009000A007919D0500947C
:10E0100083FDFF17A1E340B9222000115F000071CA
:10E020006D020054A16B40F9A2E300B9233C0091BA
:10E0300062F07D92A26B00F9B6FFFF172D160094D7
:10E04000F6F7FF17A0E340B9012000113F0000716F
:10E050008D010054A06B40F9A1E300B9023C00918E
:10E0600041F07D92A16B00F9AEFEFF17A34F40F97E
:10E07000A1E340B9A2E300B961C0218BA5FFFF175E
:10E08000A24F40F9A0E340B9A1E300B940C0208B02
:10E09000A4FEFF17FA0318AA8BFEFF17F90315AAAF
:10E0A00082F7FF17000000000000000000000000E1
:10E0B000FD7BBAA9FD030091F30B00F9F30300AA5D
:10E0C000600000B4042440F9240100B4600440ADB1
:10E0D000E00313AAE3030191E00702AD61F6FF97A5
:10E0E000F30B40F9FD7BC6A8C0035FD6E18B02A904
:10E0F000E31F00F9C3DBFF97E31F40F9E00313AA16
:10E10000E18B42A9600440ADE3030191E00702AD59
:10E1100054F6FF97F30B40F9FD7BC6A8C0035FD60A
:10E12000FD7BBDA9FD030091F51300F9610600B464
:10E13000F35301A9F30301AAF40300AA600000B499
:10E14000012440F9410600B460B240B96122C079AF
:10E150000005003701064836E10313AAE00314AABC
:10E1600048DAFF97F503002A622A40F9C20000B49A
:10E17000611A40F9E00314AA40003FD61F00007165
:10E18000B5A29F5A6022407920063837612E40F9A7
:10E19000E10000B460D201913F0000EB6000005448
:10E1A000E00314AADBDEFF977F2E00F9613E40F901
:10E1B000810000B4E00314AAD6DEFF977F3E00F989
:10E1C000ACDBFF977F22007960B240B9A003003634
:10E1D000605240F94FDDFF97AADBFF97F35341A947
:10E1E000E003152AF51340F9FD7BC3A8C0035FD6F1
:10E1F00041FBFF35F35341A915008052E003152A76
:10E20000F51340F9FD7BC3A8C0035FD67DDBFF9704
:10E21000CEFFFF17605240F942DDFF976022C079C0
:10E22000C0F9FF3560B240B960FE0737605240F96F
:10E23000150080523FDDFF97F35341A9F0FFFF1710
:10E24000605240F93BDDFF97E2FFFF17610E40F996
:10E25000E00314AAAFDEFF97CDFFFF170000000018
:10E26000FD7BB9A9FD030091F96B04A9797C029BA0
:10E27000E33700F9190800B4F35301A9F30304AA22
:10E28000F55B02A9F50301AAF76303A9F80302AA43
:10E29000F70300AA600000B4012440F9C11100B4E2
:10E2A00061B240B96022C07941000037A010483601
:10E2B000C000683761B240B90000133260220079B3
:10E2C0002178121261B200B9740A40B9827E40937B
:10E2D000B405F837610240F9F60319AA00060837B9
:10E2E000FB7305A90E00001416DDFF97B502148B11
:10E2F000640240F9DB0214CBE10313AAE00317AA7E
:10E300008400148B640200F9C2010094C00B003534
:10E31000610240F9F6031BAA740A40B9947E409347
:10E32000E00315AAE20314AADF0214EBE8FDFF5490
:10E33000E20316AA03DDFF97610240F9600A40B9C3
:10E340002100168B610200F90000164B600A00B92B
:10E35000FB7345A960B240B9600000376022407984
:10E36000200C4836F35341A9F55B42A9F76343A952
:10E37000F93740F9E00319AAF96B44A9FD7BC7A856
:10E38000C0035FD67F0A00B9F60319AA610240F9FB
:10E39000020080D21400805240FA0F363F0302EB95
:10E3A000E00315AA3493829AE20314AA360314CB2D
:10E3B000E4DCFF97620240F9612E40F94200148BC1
:10E3C000600A40B9620200F90000144B600A00B90B
:10E3D000610800B416FCFFB460D20191FB7305A97B
:10E3E0003F0000EB60000054E00317AA49DEFF97EE
:10E3F0007F2E00F9B402148B02000014F60301AA68
:10E40000E10313AAE00317AA56FAFFB47A0240F90F
:10E41000740200F97C0E40F9740E00F97B2240B9B9
:10E42000762200B97B010094750A80B97A0200F95E
:10E430007F0A00B99402158B7C0E00F9C10215CB3E
:10E440007B2200B9C0FDFF3460B240B960000037E4
:10E450006022407940054836A002198B000016CB97
:10E46000F35341A91908D89AF55B42A9F76343A968
:10E47000E00319AAF96B44A9FB7345A9FD7BC7A862
:10E48000C0035FD660B240B96000003760224079B7
:10E49000000348369402198B940216CBF55B42A90F
:10E4A000990AD89AF35341A9F76343A9E00319AA3B
:10E4B000F96B44A9FB7345A9FD7BC7A8C0035FD6D0
:10E4C000605240F997DCFF976022C079E0EF6F3728
:10E4D00079FFFF17CBDAFF9772FFFF17FB7305A9D0
:10E4E000C5FFFF17605240F992DCFF979EFFFF17B0
:10E4F000605240F98FDCFF97E7FFFF17605240F949
:10E500008CDCFF97D5FFFF17000000000000000023
:10E51000FD7BBAA9FD030091F55B02A9F50300AAF2
:10E52000400840F9C00A00B42520C079F35301A97E
:10E53000F30301AAFB7305A9FB0302AA850A183697
:10E54000200C40F9400A00B4F76303A9740340F9B2
:10E55000E5030836611A40F9170080D2642240F9B9
:10E56000160080D2F85376B2DF0218EBE20317AA46
:10E57000C392989AE00315AA560200B480003FD6D1
:10E580001F0000716D210054610B40F9007C409325
:10E59000F702008BD60200CB200000CB600B00F905
:10E5A000C02000B4DF0218EBE20317AA611A40F999
:10E5B000C392989A642240F9E00315AA16FEFFB5AB
:10E5C000975A40A994420091E8FFFF17F96B04A9FC
:10E5D000650A003618008052000080521A0080D26E
:10E5E000190080D21F2003D5F90700B46008003459
:10E5F000600240F9177F4093610E40F9FF0219EB6A
:10E60000760E40B9F792999A632240B91F0001EB48
:10E610007600160BE482567AAC1900547F00176B13
:10E62000EC170054611A40F9E2031AAA642240F977
:10E63000E00315AA80003FD6F603002A1F000071F0
:10E64000CD0300541803166B20008052E0020054E2
:10E65000610B40F9D67E40935A03168B390316CBD3
:10E66000210016CB610B00F901FCFFB5F35341A962
:10E67000F76343A9F96B44A9FB7345A900008052D5
:10E68000F55B42A9FD7BC6A8C0035FD6E10313AAD0
:10E69000E00315AA63020094A00100356522C07949
:10E6A000F76303A9AAFFFF17E10313AAE00315AA62
:10E6B00074D9FF97E0FCFF34F96B44A96022C0795C
:10E6C000F76343A900001A3260220079F35341A98D
:10E6D00000008012F55B42A9FB7345A9FD7BC6A82B
:10E6E000C0035FD6990640F9E00314AA9442009152
:10E6F000B9FFFFB41A0040F9E20319AAE0031AAA0D
:10E70000410180524F030094180400911F0000F152
:10E7100018031ACB1817991AB6FFFF17640240F9AD
:10E720001C0080D2610E40B91A0080D21F2003D590
:10E73000E00304AAF803012AFA0300B425044836CA
:10E74000377C4093FF021AEBC9080054417F409385
:10E75000F90301AAE00304AAF70301AAF8031A2A9D
:10E76000E1031CAAE20317AAF6DBFF97640240F953
:10E77000610E40B98400178B640200F92100184B28
:10E78000610E00B9600B40F99C03198B5A0319CB39
:10E79000000019CB600B00F9A0F6FFB4640240F949
:10E7A000610E40B96522C079E00304AAF803012A8A
:10E7B0007AFCFFB59C6A40A994420091DDFFFF17E7
:10E7C000600E40F91F0004EB43020054652240B97B
:10E7D0005FC325EBE3010054E07B40B25F0300EB35
:10E7E0004393809AE2031CAA611A40F9E00315AA38
:10E7F000630CC51A642240F9637C051B80003FD678
:10E800001F000071ADF5FF54197C4093DEFFFF1728
:10E81000237C4093E00304AA7F001AEBE1031CAAC7
:10E8200078909A9A197F4093E20319AAC5DBFF9763
:10E83000640240F9610E40B98400198B640200F94A
:10E840002100184B610E00B9E1F9FF35E10313AA6D
:10E85000E00315AA0BD9FF9760F9FF3497FFFF1764
:10E86000597F409301908052BF00016AA0F7FF5486
:10E87000662240B9610E40F9C604060B990001CB2F
:10E88000C67C460B367F4093D77C0113C0060091AF
:10E8900000001A8BE27E40935F0000EB8200005480
:10E8A00026070011D7001A0BE27E409385065036EA
:10E8B000E10302AAE00315AA6AD6FF97F80300AAAB
:10E8C000400800B4610E40F9E20316AA9DDBFF97F1
:10E8D00060224079019080120000010A0000193284
:10E8E000602200790003168BE402194B597F409394
:10E8F000600200F9640E00B9E10319AA780E00F96C
:10E90000E40300AA772200B9F8031A2A3F031AEB9E
:10E9100008F2FF54F70319AA92FFFF17FC7E4093F9
:10E92000E1031AAAE2031CAA86DBFF97600240F902
:10E93000F603172A610E40B900001C8B600200F933
:10E940002100174B610E00B93FFFFF17D77E4093A0
:10E95000E1031AAAE20317AA7ADBFF97620240F9E1
:10E96000E10313AAE00315AA4200178B620200F923
:10E97000C4D8FF9780E6FF3450FFFF17E00315AAC5
:10E98000580C0094F80300AAE0FAFFB5610E40F9B4
:10E99000E00315AADFDCFF976022C0798101805275
:10E9A000F96B44A900781812A10200B945FFFF17BE
:10E9B0006022C07943FFFF17F35341A9F76343A9CE
:10E9C000FB7345A92EFFFF17F96B44A98101805203
:10E9D0006022C079A10200B93AFFFF1700000000D1
:10E9E00022204079200180520000020A1F24007179
:10E9F0006000005400008052C0035FD6400000F069
:10EA000000EC43F99FD8FF17000000000000000051
:10EA1000FD7BBDA9FD030091F35301A9F30301AAF6
:10EA2000F40300AA600000B4012440F9C10A00B454
:10EA30006122C079C100683760B240B92100133249
:10EA4000612200790078121260B200B97F0A00B921
:10EA5000810A283721031037810A20360108183728
:10EA6000F51300F9600E40F921001E326122007991
:10EA7000000400B47522C079BF0640F2610400545E
:10EA8000611243A9E00314AA620E40F9620200F980
:10EA9000632240B980003FD6600A00B91F000071B0
:10EAA0006D070054F51340F900008052F35341A95B
:10EAB000FD7BC3A8C0035FD6612E40F9410100B4BD
:10EAC00060D201913F0000EB60000054E00314AA03
:10EAD00090DCFF97607240B9600A00B97F2E00F9A0
:10EAE00080030035600E40F9F51300F940FCFFB5D6
:10EAF000E10313AAE00314AAE22100947522C0796D
:10EB0000BF0640F2E0FBFF542000805260220079F3
:10EB1000420000F00100009042001F9121802791E7
:10EB2000400000F000801F915AD9FF9775220079AC
:10EB300020018052B502000ABF02006B21FAFF5487
:10EB4000E10313AAE00314AACED7FF97CDFFFF1766
:10EB5000603640F9600200F9D4FFFF17E10313AA01
:10EB6000E00314AA47D8FF97C00100356122C0799D
:10EB7000F51300F921781C127F0E00B97F2A00B925
:10EB8000B9FFFF171FD9FF97AAFFFF176022C079AF
:10EB900081010054F51340F900001B326022007916
:10EBA00000008012C2FFFF1720018052800200B9CE
:10EBB00021001A320000801261220079BCFFFF1789
:10EBC00000001A3260220079F51340F9000080122B
:10EBD0007F0A00B9B6FFFF17000000000000000028
:10EBE00023004039E50300AA7F7801712003005417
:10EBF00020040091E003271E040080520004014E0F
:10EC0000E10305AAA20004912004813C3F0002EB2D
:10EC1000C1FFFF548200005283010034A2C8233890
:10EC2000E10300AA241440389FB40071000200548C
:10EC30009F74017180010054A4000034E303042A8E
:10EC4000E00301AAF6FFFF17000400D1C0035FD65E
:10EC50002004000F23044039200800910400261EE0
:10EC6000E7FFFF17E00301AAC0035FD6060440399F
:10EC7000DF7401716010467A2CFEFF540008009189
:10EC8000617C4093A40400918268213821040091A2
:10EC9000DF00016BACFFFF54C100034B7F00066B2C
:10ECA000210400516304001121B09F1A6300010B7D
:10ECB000DCFFFF1700000000000000000000000063
:10ECC000FD7BA4A9E8058012EA0F8012FD030091E4
:10ECD000E9430691EC030791E92700F9E90301AA4A
:10ECE000E1E300914B0000F0ECB303A9E82B0A2903
:10ECF000E80300AA60ED43F90B00B092304440AD48
:10ED00000A00B0120B41C0F2E1630191E82F00F953
:10ED1000F0C700ADEB4306F8E83B00F9EA7B00B929
:10ED2000E047803DE14B803DE24F803DE353803D35
:10ED3000E457803DE55B803DE65F803DE763803DD5
:10ED4000E20F19A9E3430091E20309AAE4171AA903
:10ED5000E61F1BA9C3140094E12F40F93F000039BE
:10ED6000FD7BDCA8C0035FD60000000000000000AF
:10ED7000FD7BBDA922D00191FD030091F35301A9B0
:10ED8000F30301AA212C40F93F0002EBA00200543A
:10ED9000F55B02A9756240B9B67A1F53C27E4093F3
:10EDA000500B0094F40300AAA00300B4A27E409389
:10EDB000E10300AA1500028BE00315AA61DAFF97B0
:10EDC000750200F9766200B9F55B42A9742E00F96C
:10EDD00000008052F35341A9FD7BC3A8C0035FD656
:10EDE000018080D21FD5FF97C00100B462DA41399B
:10EDF00003808052602E00F901F40F91636200B924
:10EE000002FC0F3962D6413902F80F3962D241391A
:10EE100002F40F39610200F9EEFFFF17F55B42A91A
:10EE200000008012ECFFFF1700000000000000004F
:10EE3000FD7BBDA9FD030091F35301A93F040031FF
:10EE4000600A0054F55B02A9F403012AF30302AA45
:10EE5000F50300AA600000B4012440F9A10C00B43D
:10EE600060B240B96222C07940000037420948369A
:10EE7000A200683760B240B9420013320078121223
:10EE800060B200B940781A1260220079A2001037EF
:10EE9000420B2036C209183700001E32602200796A
:10EEA000612E40F9961E0012600A40B9941E0012AD
:10EEB000410200B4616240B93F00006B6D0500542F
:10EEC000600240F9010400D1610200F916F01F3818
:10EED000600A40B961B240B900040011600A00B98B
:10EEE00021030036F55B42A9E003142AF35341A93C
:10EEF000FD7BC3A8C0035FD6620E40F961B240B982
:10EF0000630240F921000012620000B45F0003EBCD
:10EF1000C3040054E20313AA6400805265D2019135
:10EF2000652E00F9646200B924008052633600F94E
:10EF3000607200B9566C0738640A00B9620200F9C1
:10EF400021FDFF3560224079E0FC4F37605240F9E7
:10EF5000F8D9FF97F55B42A9E003142AF35341A9BE
:10EF6000FD7BC3A8C0035FD6E00315AAE10313AA83
:10EF700080FFFF9760FAFF3460B240B9600000374D
:10EF80006022407900044836F55B42A914008012E3
:10EF9000D6FFFF17605240F9E2D9FF976222C0798D
:10EFA00022F76F37B4FFFF1762F05F385F00146B12
:10EFB00021FBFF54630400D100040011630200F937
:10EFC000600A00B901F9FF35DFFFFF17E10313AA5B
:10EFD000E00315AA2BD7FF9700FDFF356022C0790B
:10EFE0007F0E00B900781C127F2A00B9ABFFFF1713
:10EFF00004D8FF979BFFFF1760B240B960FC07374A
:10F0000042FC4F37605240F914008012C9D9FF9773
:10F01000F55B42A9B5FFFF170000000000000000EB
:10F02000FD7BBEA9420000D0FD030091F35301A96E
:10F03000F40300AAF30301AA40EC43F9600000B412
:10F04000012440F9610700B46222C07962041836D5
:10F05000610E40F9C10200B442010036602240B99D
:10F060007F0E00B9E003004B602A00B90000805217
:10F07000410100B4F35341A9FD7BC2A8C0035FD690
:10F080000000805242000837602240B9600E00B98B
:10F090000000805201FFFFB5E2FE3F3642001A3207
:10F0A0000000801262220079F3FFFF1700508052A7
:10F0B0004000000A1F00087100FDFF54E10313AA7D
:10F0C000E00314AA6F2000946222C079610E40F917
:10F0D00082FD0736E2FFFF1702032036C200103719
:10F0E000610E40F942001D326222007961FBFFB5DA
:10F0F000EFFFFF17612E40F9010100B460D20191CA
:10F100003F0000EB80000054E00314AA01DBFF97EE
:10F110006222C0797F2E00F9610E40F980048012CE
:10F120004200000A610200F97F0A00B9EEFFFF17F2
:10F13000B4D7FF97C5FFFF1720018052800200B9A6
:10F1400042001A320000801262220079CAFFFF17C3
:10F15000FD7BBCA9FD030091F35301A9F403012A2F
:10F16000F30302AAF51300F9F50300AAA90000941D
:10F170001F04007181000054800600511FF80371C4
:10F18000A904005463A20291E203142AE1E300916E
:10F19000E00315AA031200941F0400B100040054F8
:10F1A000C00100B4630E40B9E1E34039630400518B
:10F1B000630E00B9A300F836642A40B97F00046BDF
:10F1C00024A84A7A40010054630240F96404009183
:10F1D000640200F961000039F51340F9E003142AD4
:10F1E000F35341A9FD7BC4A8C0035FD6E20313AA71
:10F1F000E00315AA772000941F040031E1FEFF54BC
:10F2000000008012F35341A9F51340F9FD7BC4A817
:10F21000C0035FD6F4E30039E3FFFF1760224079B3
:10F2200000001A326022007900008012F6FFFF17FA
:10F23000FD7BBDA9FD030091F35301A9F40300AACE
:10F2400040B040B9F30302AA4220C0794000003721
:10F2500022034836C200683760B240B94200133218
:10F26000622200790000133260B200B9E00314AAF0
:10F27000E20313AAB7FFFF97F403002A61B240B973
:10F280006100003760224079A0004836E003142A6C
:10F29000F35341A9FD7BC3A8C0035FD6605240F978
:10F2A00024D9FF97E003142AF35341A9FD7BC3A897
:10F2B000C0035FD6605240F9E12F00B919D9FF971A
:10F2C0006222C079E12F40B9E3FFFF170000000080
:10F2D000230000AAE40300AA7F0840F2400847FA8E
:10F2E000090100541100001425144038460400D1CF
:10F2F00065140038C5000034E40303AAE20306AA3B
:10F30000E30304AA22FFFFB5C0035FD68400028B8B
:10F31000C6FFFFB41F2003D57F1400387F0004EB25
:10F32000C1FFFF54C0035FD6E6DB07B2E6DF9FF202
:10F3300006000014422000D1858400F821200091AD
:10F340005F1C00F1E9FDFF54250040F9A300068B86
:10F350006300258A7FC001F2E0FEFF54E9FFFF173A
:10F36000E40300AA200000AAE5DB07B21F0840F270
:10F37000E5DF9FF2400847FA09010054100000142D
:10F3800020144038450400D1601400384002003495
:10F39000E20305AAE40303AAE30304AA22FFFFB5DC
:10F3A000E00304AAC0035FD6422000D1838400F8A2
:10F3B000212000915F1C00F109FFFF54230040F958
:10F3C0006000058B0000238A1FC001F2E0FEFF549D
:10F3D000F2FFFF178000028B050100B41F2003D548
:10F3E0007F1400387F0000EBC1FFFF54C4FDFFB461
:10F3F000E00304AAECFFFF17E00303AAA4FFFFB594
:10F40000E9FFFF17000000000000000000000000FE
:10F41000400000D000806A39C0035FD600000000C1
:10F42000400000D000002991C0035FD6000000001A
:10F4300000000000000000000000000000000000CC
:10F440005F2403D5820600B4258080520502A8728D
:10F45000200C014E03E87B92A50C044E091040F2EB
:10F460004A1040920002005461A0DF4C248100D178
:10F47000420004AB238C206E448C206E631C254E0E
:10F48000841C254E66BC244EC6BC264EC63C084E87
:10F4900024F97FD3C624C49AC620C49A29020054F2
:10F4A000C60200B561A0DF4C428000F1238C206EC3
:10F4B000448C206EA9000054661CA44EC6BCE64EC7
:10F4C000C63C084E06FFFFB4631C254E841C254E27
:10F4D00066BC244EC6BC264EC63C084EE200005414
:10F4E0004401098B84104092848000D1E40704CB4E
:10F4F000C620C49AC624C49AC600C0DA638000D16C
:10F50000DF0000F1C610C0DA6004468BE003809A89
:10F51000C0035FD6000080D2C0035FD600000000A9
:10F5200000000000000000000000000000000000DB
:10F5300000000000000000000000000000000000CB
:10F540005F2403D52A0000CBE8C300B2060840922E
:10F550005F0940F201040054C60200B51F2003D524
:10F5600003686AF8028440F8440008CB46D800B229
:10F57000840026EA400043FA40FFFF54450003CAD6
:10F58000A60004AAC60CC0DA420CC0DA630CC0DACA
:10F59000C910C0DA4220C99A6320C99A42FC78D3C4
:10F5A00040E043CBC0035FD61F2003D51F2003D507
:10F5B00000F07D9203686AF8028440F8E90F01CBFD
:10F5C00006008092C624C99A420006AA630006AAD1
:10F5D000E6FFFF17060100B4021440382314403838
:10F5E0005F0000714010437A210400541F0840F26C
:10F5F00041FFFF54E90F01CB21F07D92278440F8B1
:10F600000625C99AE70006AAE40008CBE6D800B2AE
:10F61000840026EAE1010054250000CB1F2003D519
:10F62000076865F803686AF8E40008CBE6D800B21A
:10F63000028440F8840026EA400043FA20FFFF5489
:10F640008620C99A450003CAA60006AAC6F9FFB5D6
:10F65000020040F9E90309CBE324C99A8424C99A3A
:10F66000450003CAA60004AAC7FFFF17400003CB4A
:10F67000C0035FD600000000000000000000000092
:10F6800000F8AF520000271EC0035FD60000000044
:10F690000200669E1F0000B90402B01241F860D358
:10F6A00043FC60D33F00046BE80200542200022AAE
:10F6B000A2020034040080527F286CF22101005421
:10F6C000016AE8D22100679EA40680120008611E2C
:10F6D0000100669E21FC60D3E303012A2178001219
:10F6E0000200669E63500112217C141363200B32CA
:10F6F00021F80F512100040B010000B9627C60B3B6
:10F700004000679EC0035FD60000000000000000BC
:10F71000FD7BBCA9FD030091F35301A9341440B94A
:10F72000F76303A9F80300AA001440B91F00146B83
:10F730008B0B0054940600513360009117630091C5
:10F74000F55B02A98A7E4093807E7E937602008BD1
:10F75000EB02008B627A6AB8E37A6AB8420400115D
:10F760007508C21A7F00026BC3040054E70313AA92
:10F77000E60317AA09008052080080521F2003D513
:10F78000E34440B8C40040B9653C0012637C1053A8
:10F79000823C0012A524151BA97C10534220254B46
:10F7A0004200080B6324151B407C10130020234BE0
:10F7B000697C10530340440B623C1033C24400B8D0
:10F7C000687C1013DF0207EBC2FDFF54E07A6AB8D1
:10F7D00080010035601100D1FF0200EBA30000544E
:10F7E0000700001494060051FF0200EB8200005451
:10F7F000020040B9001000D162FFFF34141700B9B5
:10F80000E00318AAFF0600940004F837E00317AAE3
:10F81000040080521F2003D5634640B8020040B95F
:10F82000413C00122120234B2100040B247C1013A7
:10F830008340434B6240420B413C1033014400B8CB
:10F84000447C1013DF0213EB82FEFF54E1DA74B83C
:10F85000E0CA348B81010035001000D11F0017EB86
:10F86000A80000540700001494060051FF0200EBAA
:10F8700082000054010040B9001000D161FFFF3444
:10F88000141700B9B5060011F35341A9E003152A76
:10F89000F55B42A9F76343A9FD7BC4A8C0035FD60B
:10F8A000F35341A900008052F76343A9FD7BC4A82C
:10F8B000C0035FD600000000000000000000000050
:10F8C000FD7BB4A9FD030091062840F9F35301A97B
:10F8D000F30300AAF55B02A9F40304AAF76303A9E2
:10F8E000F703012AF80305AAF96B04A9FA03022A0F
:10F8F000FB7305A91C00669EE34300F9E827066D2B
:10F900000840601E060100B4035840B9220080522E
:10F91000E10306AA4220C31AC308012989040094FE
:10F920007F2A00F90001669E0941601E0100805295
:10F9300000FC60D3F503002AA000F8361578001209
:10F9400021008052BC7E60B38903679EA22A0C12FC
:10F95000810200B900FEAF525F00006B800E0054C0
:10F960002821601E61020054E14340F920008052CA
:10F97000200000B9980000B4400000F0002410916D
:10F98000000300F9570000F0F7221091F35341A94A
:10F99000E00317AAF55B42A9F76343A9F96B44A9F1
:10F9A000FB7345A9E827466DFD7BCCA8C0035FD655
:10F9B0002041601EE2E30291E1F30291E00313AA09
:10F9C00094070094F40300AAA07E1453A00C003501
:10F9D000E30757290001669E6100010B22C8101140
:10F9E0005F800071AD2E005425481011040880522C
:10F9F0008200024B0024C51AB522C21AA002002AB6
:10FA00000000631E2004005121008052E1A700B9CC
:10FA100004C2BF520200669E41FC60D32100040B69
:10FA2000227C60B34200679E01106F1E610000D00F
:10FA30000300621E4138611E24F441FD610000D0C4
:10FA400020F841FD610000D02000441F22FC41FD50
:10FA50006000421F1820601E0500781E442A0054D2
:10FA60006000004B06040051BF5800710828005484
:10FA7000610000D021C0119120D865FC1020691EC2
:10FA80002C2D0054FFA300B9070080521F00007105
:10FA90008C00005427008052E700004B0600805283
:10FAA000C600050B1B008052E58B00B9FF260071D4
:10FAB00068070054FF1600716D280054F7120051BA
:10FAC00019008052FF0E0071605900542D2F005410
:10FAD000FF120071A12D005420008052E07B00B97C
:10FAE0005F0300716D530054F5031A2AE0031A2ACC
:10FAF000FAAB00B9047C40931F7C0071CD05005423
:10FB0000230080528200805242781F53E103032A6F
:10FB100063040011407C4093007000911F0004EBCF
:10FB200049FFFF54615A00B926000014E14340F92F
:10FB3000E0E18452200000B92001669E1FCC40F213
:10FB400001020054570000F0186200B4400000F0B9
:10FB5000F7C2119100E01191000300F98CFFFF172B
:10FB60002201669EE3BB40B900FC0F51FFA700B91C
:10FB700041CC60D321240C32227C60B3AAFFFF1752
:10FB8000570000F0F85F00B4400000F0F702129157
:10FB9000000C1291000300F97DFFFF17390080521D
:10FBA00017008052150080121A008052F97B00B9AC
:10FBB000F5AB00B9010080527F5A00B91F2003D570
:10FBC000E00313AAE79B1129E59B00B9B903009450
:10FBD000E79B5129F60300AAE59B40B9C07200B427
:10FBE000BF3A0071762A00F9E0879F1AE303152ACD
:10FBF0000400190A1F00196AE00A0054E08B40B99A
:10FC00001F0000716D440054E403002A610000D01D
:10FC1000E00304AA21C01191020C4092807C0413DD
:10FC2000207862FCE10304AA014E4036610000D056
:10FC3000000C001262008052213042FD2119611E29
:10FC400060010034610000D0210011911F2003D514
:10FC500080000036220040FD420400110008621EB0
:10FC6000007C01132120009140FFFF352118601E08
:10FC7000E0A340B98000003400106E1E3020601EEA
:10FC8000C45400544200621E0090631E0298BF528A
:10FC90004000411F0000669E01FC60D32100020B62
:10FCA000207C60B3153E0034FC8B40B9E403152A78
:10FCB0002100781E0200679E82040051680000D077
:10FCC00008C11191C90600912000621E20C00011D8
:10FCD000E17B40B9001C001203D962FC2138601E90
:10FCE000E148003400106C1EC00200390018631E89
:10FCF0000038621E1020611E4C68005422008052A1
:10FD0000E00309AA4200094B04106E1E0390641E12
:10FD10000A0000142108631E0008631E2100781EDB
:10FD20002200621E21C00011011400382138621E19
:10FD30003020601E245E00548238611E5020601EF8
:10FD4000C41700544100000B3F00046B4BFEFF54EE
:10FD50003C01669EE0BF40B9E18B40B91F000071D5
:10FD600020A84E7A6D3D0054E17B40B9813C0034BF
:10FD7000FF0600716D4F0054A30600517F03036B13
:10FD80000B520054E000154BE08F00B96303034BA6
:10FD9000755EF836E00313AA21008052E79300B99C
:10FDA000E69B00B9E5A700B9E3AF00B945040094AC
:10FDB000E79340B9F90300AAE69B40B9E5A740B92B
:10FDC000E3AF40B9E18F40B93F000071C4C8407A49
:10FDD000ED0000543F00066B20D0861AE700004B70
:10FDE000C600004B2100004BE18F00B9FB0100343D
:10FDF000E07B40B9E04C003483510035E10314AAA4
:10FE0000E2031B2AE00313AAE79300B9E69B00B9BB
:10FE1000E5A700B9D7040094E79340B9F40300AA1A
:10FE2000E69B40B9E5A740B9E00313AA2100805240
:10FE3000E79300B9E69B00B9E5A700B92104009457
:10FE4000E5A740B9FB0300AAE79340B9E69B40B998
:10FE500065380035FF0600718D1C0054200080526B
:10FE6000C000000B001000720031005401048052E9
:10FE70002100004B3F1000712D440054810380523B
:10FE80002000004BE18F40B9E700000BC600000BDB
:10FE90002100000BE18F00B9FF0000714D010054FB
:10FEA000E10314AAE203072AE00313AAE69300B9C8
:10FEB000E59B00B9F7040094E69340B9F40300AA67
:10FEC000E59B40B9DF0000710D010054E1031BAA5E
:10FED000E203062AE00313AAE59300B9ED040094B7
:10FEE000FB0300AAE59340B9E0A340B9FF0A007103
:10FEF000E4D79F1AE0180035BF02007184D8407A19
:10FF0000E00D00549527003503008052A200805276
:10FF1000E1031BAAE00313AA12030094FB0300AA47
:10FF2000E1031BAAE00314AAF70316AA35050094FF
:10FF30001F0000710D260054E08B40B9D6060091D9
:10FF40001C04001120068052E0020039E1031BAAC4
:10FF5000E00313AAFB020094590800B4E10319AAB4
:10FF6000E00313AAF70200943E000014210080521F
:10FF7000E1A300B907008052E600F83725D9FF3623
:10FF8000E700054BFB03054BE58B00B905008052EC
:10FF9000C7FEFF172700805206008052E700004B83
:10FFA000F7FFFF17A100621E2020601EE1079F1AC5
:10FFB000A500014BABFEFF17E203024B0020C21A63
:10FFC00090FEFF1739008052FF0E0071403100543F
:10FFD0000CD8FF54FF0A0071C05300547F5A00B977
:10FFE000E00313AA01008052E77B00B9E6971129CC
:10FFF000B0020094E77B40B9F60300AAE6975129C6
:020000041002E8
:10000000A05100B4000080121A008052E303002ABD
:10001000F503002A762A00F9F97B00B9E0AB00B9B4
:100020004DFFFF17A5040051FFA300B9D2FFFF1732
:100030001F0016EBA0420054E20300AA01FC5F3847
:100040003FE4007160FFFF5421040011211C0012E5
:10005000F70316AAF60302AA010000391F2003D5F0
:10006000E10314AAE00313AAB6020094DF020039E8
:10007000E14340F980070011200000B998C8FFB49F
:10008000160300F942FEFF1720008052B70080528D
:10009000E07B00B9E08B40B94003000BE0AB00B956
:1000A00015040011BF020071A0C69F1A92FEFF172F
:1000B00057008052FF7B00B98AFEFF17E07B40B9F2
:1000C000000E0034E28F40B95F000071ED00005473
:1000D000E10319AAE00313AAE57B00B96D040094BB
:1000E000E57B40B9F90300AAF93F00F9453E003528
:1000F000D5C2358B80030012F64B00F9E0A700B99A
:10010000E1031BAAE00314AA82FDFF971AC00011A5
:10011000E10319AAE0A300B9E00314AAB90400940A
:10012000E23F40F9E1031BAAE08F00B9E00313AA04
:10013000C8040094E10300AA001040B98011003502
:10014000E00314AAE14F00F9AE040094E203002A90
:10015000E14F40F9E00313AAE29B00B97902009451
:10016000E29B40B9E002022AC0140035E0A740B982
:10017000E03F0034E08F40B96012F837E04B40F9BF
:100180001A140038E04B00F9BF0200EB003D0054A8
:10019000E10314AA0300805242018052E00313AA33
:1001A00070020094F40300AAE03F40F9E10319AAA9
:1001B00003008052420180523F0300EBE00313AA88
:1001C000E010005467020094F90300AAE13F40F9EF
:1001D000E00313AA0300805242018052610200949E
:1001E000E03F00F9C7FFFF179FCF40F281E3FF54C4
:1001F00080FF60D31F286CF220E3FF54250080525B
:10020000E7040011C6040011E003052A15FFFF17DB
:10021000E1031BAAE00314AAE59300B9E49B00B92B
:1002200078040094E59340B9E49B40B960E6FF365A
:10023000E08B40B9E10314AA0300805242018052CE
:1002400000040051E08B00B9E00313AAE59300B964
:10025000E49B00B943020094F40300AAE07B40B998
:10026000E59340B9E49B40B9E0390035E0AB40B9D3
:100270001F000071F503002A84D8407A41E4FF543E
:10028000170080D207000014E10314AAE00313AAA8
:10029000030080524201805232020094F40300AA0B
:1002A000E1031BAAE00314AA1AFDFF971AC000116C
:1002B000DA6A3738F7060091BF02176B6CFEFF54FD
:1002C000BF020071B5060051200080D215D4959A66
:1002D000D502158B170080D222008052E10314AAA8
:1002E000E00313AAEB030094E1031BAAF40300AAA2
:1002F000440400941F0000718C0000543D01001460
:10030000BF0216EB80280054E20315AAB50600D1FF
:1003100040F05F381FE4007140FFFF54FC8B40B990
:1003200000040011A0020039E1031BAAE00313AA94
:10033000E23F00F903020094E23F40F9B91D00B426
:10034000FF0200F1E41259FAC0000054E10317AAB9
:10035000E00313AAE23F00F9FA010094E23F40F9FA
:10036000F70316AAF60302AAFDFEFF17E00313AA7D
:10037000F4010094E08F40B9C000F837E08F40B935
:100380009C030012E002002A9C03002ABC040035F2
:1003900022008052E10314AAE00313AABD030094D3
:1003A000E1031BAAF40300AA160400941F000071C5
:1003B0008D3100545FE70071002C0054E0A340B978
:1003C0001AC40011E24B40F9F70319AAF93F40F9AA
:1003D000FC8B40B95A140038D4FFFF17E101009498
:1003E000F90300AAE03F00F946FFFF171B0080D287
:1003F000190080D2FC033A2AF70316AAD4FEFF178D
:10040000E08F40B94030F837E1A740B9E002002A58
:100410002000002AC02F00345F0000710DEBFF5454
:100420005FE70071A0280054E24B40F95A07001121
:10043000F70319AAFC8B40B9F93F40F95A14003868
:10044000BAFFFF174200621E0090631E0298BF525F
:100450004000411F0000669E01FC60D32100020B9A
:10046000207C60B30290621E0000679E2138621EED
:100470003020601E6C0600540040611E3020601E5B
:1004800064FBFF5433FEFF17800380527EFEFF178C
:10049000E0130054E08B40B9610000B021C011911D
:1004A000E003004B020C4092007C0413227862FCB3
:1004B0002209621EC02900344140601E610000B064
:1004C0002100119108008052420080521F2003D564
:1004D000A0000036200040FD42040011E803042A79
:1004E0002108601E007C01132120009120FFFF35B0
:1004F0001F010071211C621EDEFDFF17E3031B2A92
:10050000190080D2FF7B00B9E78F00B92EFEFF17DC
:10051000600000B000C011915F030071A0BA407A82
:1005200001D861FCEC15005435F6FF350090621ED1
:100530002108601E8003679E3020601E8AF5FF54EC
:10054000F70316AA1B0080D2190080D27BFEFF178A
:100550003A008052F5031A2A96FDFF17E10300AA1C
:10056000E203052AE00313AAE79300B9E69B00B96A
:1005700000030094E79340B9FB0300AAE69B40B94F
:10058000FF0600710D02005405008052601740B94B
:10059000E79300B900040051E69B00B9E5A700B954
:1005A00060CB208B001840B9FE01009401048052FA
:1005B000E79340B9E69B40B92000004BE5A740B95E
:1005C00028FEFF179FCF40F201FEFF5480FF60D34B
:1005D0001F286CF2A0FDFF54E7040011C6040011AF
:1005E00025008052EAFFFF172141601E4200805221
:1005F00094FDFF17FF7B00B9A7FEFF17C00200396B
:100600004208631EC042248BE20309AA0390641EC1
:100610009F040071401C00542108631E2100781EB5
:100620002000621E21C00011411400382138601ED4
:100630001F0002EB21FFFF5400106C1E4328601EB8
:100640007020611EA4CFFF540038621E1020611E6E
:100650008C040054E0BF40B93C01669E1F0000714D
:10066000E08B40B900A84E7AACF4FF54E08B40B95F
:10067000F70316AAF60309AA01D960FC2019611E26
:1006800060040051C002008B0390641E0100781EBC
:100690002000621E22C00011E202003900A4411FA6
:1006A000BF06007141010054970000140218611E3A
:1006B0004100781E2200621E22C00011C2160038BE
:1006C0004080411F1F0016EB001200540008631EFB
:1006D0000820601EC1FEFF54FC8B40B961FEFF176D
:1006E000E20300AA01FC5F383FC00071A0FFFF5485
:1006F000F70316AAF60302AA5AFEFF1781078052D3
:100700002000004BA0BCFF54DFFDFF172141601EFD
:100710004200805257FDFF1775E9FF34E4AB40B942
:100720009F0000716DB1FF54420400110390641EDC
:100730000090631EE08B40B94200621E2108631ED8
:100740001C0400510898BF522000421F0000669E02
:1007500001FC60D32100080B207C60B355FDFF171E
:10076000E1A740B98109003400CC1011E3031B2A32
:10077000C600000BE78F00B9E700000B86FDFF17EE
:10078000F702129182FCFF17F7C2119180FCFF174C
:10079000E10314AAE2031B2AE00313AAE79300B9BA
:1007A000E69B00B9E5A700B972020094E79340B94F
:1007B000F40300AAE69B40B9E5A740B99BFDFF17EB
:1007C00060001B4BC600150BFB03032AA500000BA2
:1007D00003008052E78F00B9A702070B6EFDFF17D9
:1007E000F70316AA8903679ED6060091A4FFFF1798
:1007F00041000054BAD80737E20315AAB50600D164
:1008000040F05F381FC0007180FFFF54FC8B40B97F
:10081000C6FEFF17E08B40B91C0400112006805271
:10082000C0020039C1FEFF17E203032AE10319AA3F
:10083000E00313AAE39300B9E79B00B9E6A700B968
:10084000E5AF00B94B020094E20314AAF90300AA31
:10085000E10319AAE00313AACA010094E10314AA50
:10086000F40300AAE00313AAB6000094E39340B98E
:10087000E79B40B9E6A740B97B03036BE5AF40B9FE
:1008800040ADFF545EFDFF179C070011210680520A
:10089000F0FDFF17E1BB40B9C0068052E3031B2AFD
:1008A000E78F00B90000014BC600000BE700000B0A
:1008B00039FDFF17210B40B9E00313AA7D00009416
:1008C000FA0300AAA00A00B4221780B921430091BC
:1008D000004000914208009142F47ED399D3FF97E3
:1008E000E1031AAAE00313AA2200805269020094CD
:1008F000E03F00F9FFFDFF17F70316AAF60300AA71
:10090000D8FDFF17E00316AA0028601E1020611E04
:100910000C0200540020611E41000054A101003768
:10092000FC8B40B9F60300AACEFDFF17F70319AA06
:10093000F93F40F969FEFF17F54B40F9F70319AA93
:10094000F93F40F920078052A01600386FFEFF17CC
:10095000FC8B40B9F60317AAB8FDFF17C600150BAC
:10096000E78F00B9A702070B0BFDFF175FE70071C8
:1009700040FEFF54E24B40F9F70319AAFC07512946
:10098000E0A340B93F00007100C40011F93F40F9F5
:100990001AC09A1A5A14003864FEFF17E00309AA15
:1009A00026FFFF17E10319AAE00313AA03008052F0
:1009B00042018052E57B00B9E49300B969000094DC
:1009C000F5AB40B9F90300AAE49340B9BF02007146
:1009D00084D8407A21010054E57B40B9BAFDFF1765
:1009E00021CFFF549ACE073777FEFF174140601E94
:1009F000420080529FFCFF17F5AB40B942FDFF1744
:100A0000F70316AAF60309AA96FDFF175F00007107
:100A10000CCCFF546CFEFF17430000D0400000D008
:100A20006320129100801291020080D2E15D805219
:100A3000F888FF97430000D0400000D06320129157
:100A400000801291020080D2E1358052F188FF9738
:100A5000FF7B00B923FCFF1700000000000000002E
:100A6000FF4300D13F0000F1E03300910100819A83
:100A7000220100B4630100B440004039200000B9F5
:100A8000400040391F000071E0079F1AFF430091AA
:100A9000C0035FD600008052FF430091C0035FD6C1
:100AA00020008012FAFFFF17000000000000000085
:100AB000FD7BBEA9FD030091023440F9F35301A967
:100AC000F30300AAF403012A420100B4817E40939B
:100AD000407861F8E00100B4030040F9437821F860
:100AE0001F0800F9F35341A9FD7BC2A8C0035FD6DC
:100AF000220880D2010180D2261B0094603600F9C2
:100B0000E20300AA40FEFFB5000080D2F6FFFF1707
:100B100021008052E00313AA3320D41A210080D28E
:100B2000627E4093421C009142F47ED3191B0094D4
:100B3000C0FEFFB4144C0129EAFFFF1700000000BB
:100B4000C10000B4003440F9220880B9037862F88B
:100B5000230000F9017822F8C0035FD600000000EE
:100B6000FD7BBCA927600091050080D2FD030091A8
:100B7000F35301A9F303032A341440B9F55B02A926
:100B8000F50301AAF60300AAE47865B8833C0012D5
:100B9000847C1053634C021B663C0012637C105330
:100BA000830C021BC440030BE47825B8A504009114
:100BB000737C10539F02056B8CFEFF5413010034AD
:100BC000A00E40B91F00146B4D010054A0CA348B15
:100BD00094060011131800B9B41600B9F35341A9D3
:100BE000E00315AAF55B42A9FD7BC4A8C0035FD64C
:100BF000A10A40B9E00316AAF71B00F9210400116D
:100C0000ACFFFF97F70300AA600200B4A21680B9F8
:100C1000A1420091004000914208009142F47ED32D
:100C2000C8D2FF97C03640F9A10A80B9027861F8AE
:100C3000A20200F9157821F8F50317AAA0CA348B8F
:100C400094060011F71B40F9131800B9B41600B947
:100C5000E3FFFF17430000D0400000D06320129153
:100C600000001491020080D2411780526988FF97DA
:100C7000FD7BBCA925C79152651CA772FD0300919D
:100C8000F55B02A9F503032A63200011F35301A9C0
:100C9000F603022AF40300AA657C259BF76303A9E7
:100CA000F30301AAF703042AA5FC6193A27C834BFA
:100CB000BF2600714D060054200080520100805272
:100CC00000781F53210400115F00006BACFFFF543C
:100CD000E00314AA77FFFF97E10300AA400500B4E0
:100CE0002000805220DC0229DF260071AC02005473
:100CF000732A009136018052BF02166B6D010054B9
:100D0000B502164B7502158B63164038E00314AA22
:100D10004201805263C0005192FFFF97E10300AA95
:100D20007F0215EB21FFFF54F35341A9E00301AA11
:100D3000F55B42A9F76343A9FD7BC4A8C0035FD656
:100D4000782600917342368BF70318AA1F2003D52B
:100D5000E3164038E00314AA4201805263C00051F8
:100D600080FFFF97E10300AAFF0213EB21FFFF546E
:100D7000D32200511303138BE0FFFF1701008052B1
:100D8000D4FFFF17430000D0400000D06320129131
:100D900000001491020080D2611A80521D88FF97D2
:100DA000E103002AE2FF9F52000080523F00026BE5
:100DB00068000054213C10530002805202E0BF1230
:100DC0003F00026B6800005400200011215C1853A2
:100DD0000200BE123F00026B6800005400100011B8
:100DE000216C1C530200B8123F00026B89000054B2
:100DF000E103212A007C410BC0035FD622741E53FD
:100E0000C100E8375F0062F2000C0011010480525B
:100E10000010811AC0035FD600080011C0035FD61E
:100E2000E20300AA00008052410040B93F0840F2AE
:100E3000E0000054A1000037A1030836217C0153D3
:100E400020008052410000B9C0035FD63F3C0072D1
:100E500061000054217C1053000280523F1C00723C
:100E60006100005400200011217C08533F0C40F227
:100E70006100005400100011217C04533F0440F233
:100E80006100005400080011217C025381000037EA
:100E900000040011217C015361000034410000B9BD
:100EA000C0035FD600048052C0035FD6217C02538A
:100EB00040008052410000B9C0035FD6000000002E
:100EC000FD7BBEA9FD030091023440F9F35301A953
:100ED000F30300AAF403012A820100B4400440F99C
:100EE000E00200B4010040F9410400F9610000B0E3
:100EF000141800B9F35341A9200442FD000800FD75
:100F0000FD7BC2A8C0035FD6220880D2010180D237
:100F1000201A0094603600F9E20300AA00FEFFB533
:100F2000430000D0400000D06320129100001491D3
:100F3000020080D2A1288052B687FF97E00313AA4F
:100F4000820480D2210080D2121A0094A0FEFFB445
:100F5000610000B0141800B9F35341A9200042FD0C
:100F6000610000B0000400FD200442FD000800FD07
:100F7000FD7BC2A8C0035FD6000000000000000097
:100F8000FD7BBCA9FD030091F55B02A9F50301AA55
:100F9000361440B9F71B00F9571440B9F35301A9AF
:100FA000F40302AADF02176BEB000054E203172AD6
:100FB000E10314AAF703162AF40315AAF603022A7A
:100FC000F50301AA810A4129F302160B5F00136B96
:100FD00021A4811AB7FEFF97800B00B4076000912F
:100FE000E8C8338BE30307AAFF0008EB8200005434
:100FF0007F4400B81F0103EBC8FFFF54A6620091B5
:101000008B620091C9C8368B65C9378BDF0009EB4D
:1010100022080054AA0014CB946600914A6500D1BE
:10102000810080D24AF57E92BF0014EB4A01018B09
:101030004A21819A07000014637C1053C3030035D2
:10104000C6100091E71000913F0106EB49060054DD
:10105000C30040B96D3C007200FFFF54EC0307AAC7
:10106000E4030BAA0E008052814440B8830140B9CA
:10107000223C00126F3C0012217C1053637C105301
:10108000423C0D1B210C0D1B42000E0B2140420B5C
:10109000223C1033824500B82E7C1053BF0004EB75
:1010A00048FEFF54EE682AB8C30040B9637C105371
:1010B00083FCFF34E10040B9ED0307AAE4030BAA67
:1010C0000E008052EC03012A820040794238031B53
:1010D00042404C0B413C1033A14500B8814440B81C
:1010E000AC0140B9217C10538E3D00122138031B06
:1010F0002140420B2E7C1053BF0004EB68FEFF54CE
:10110000C6100091E1682AB8E71000913F0106EB94
:1011100008FAFF547F0200718C000054050000148F
:10112000730600716000005401CD5FB8A1FFFF3469
:10113000F55B42A9F71B40F9131400B9F35341A919
:10114000FD7BC4A8C0035FD6430000B0400000B0E0
:101150006320129100001491020080D2412C805231
:101160002C87FF9700000000000000000000000036
:10117000FD7BBDA9FD030091F35301A9F303022AEE
:1011800042040072F55B02A9F60300AAF50301AA66
:10119000C1040054737E0213F3020034D43240F9C8
:1011A000540500B4F3000037737E0113530200347A
:1011B000800240F9A00200B4F40300AA73FF0736CE
:1011C000E20314AAE10315AAE00316AA6DFFFF9734
:1011D000D50000B4C13640F9A20A80B9237862F87C
:1011E000A30200F9357822F8F50300AA737E0113F3
:1011F00013FEFF35F35341A9E00315AAF55B42A99D
:10120000FD7BC3A8C0035FD6E20314AAE10314AABE
:10121000E00316AA5BFFFF97800200F9F40300AA1F
:101220001F0000F9E6FFFF17420400516400009020
:1012300084A010910300805282D862B849FEFF97C3
:10124000F50300AAD4FFFF17E00316AA210080527D
:1012500018FEFF97F40300AAE00000B4200080D23B
:10126000204EC0F2804201F8D43200F99F0200F90A
:10127000CDFFFF17430000B0400000B06320129183
:1012800000001491020080D2A1288052E186FF97CD
:10129000FD7BBCA9FD030091F76303A9587C0513EE
:1012A000371440B9230C40B91703170BF35301A9A6
:1012B000F40301AAF55B02A9F5060011210840B963
:1012C000F303022AF60300AABF02036BAD00005429
:1012D00063781F5321040011BF02036BACFFFF545E
:1012E000E00316AAF3FDFF97A00700B40560009184
:1012F0001F0300712D010054041B0011E30305AA14
:1013000004C8248B1F2003D57F4400B87F0004EB62
:10131000C1FFFF54A548388B861680B983620091BF
:10132000671200726608068B80040054080480521D
:10133000E10305AA0801074B040080521F2003D5D2
:10134000620040B94220C71A4200042A224400B871
:10135000644440B88424C81ADF0003EB28FFFF541C
:10136000C10014CB82660091216400D1DF0002EB42
:1013700021F47E92820080D22100028B2120829A69
:10138000A46821B844000035F503172AC13640F996
:10139000820A80B9F76343A9237862F8151400B96B
:1013A000F55B42A9830200F9347822F8F35341A98E
:1013B000FD7BC4A8C0035FD6614440B8A14400B817
:1013C000DF0003EB29FEFF54614440B8A14400B89C
:1013D000DF0003EB28FFFF54ECFFFF17430000B0D2
:1013E000400000B06320129100001491020080D2EE
:1013F000C13B80528786FF9700000000000000007C
:10140000221440B9E50300AA001440B90000026BA1
:10141000E1010054437C7E93A5600091216000911E
:10142000A200038B2100038B03000014BF0002EB1A
:10143000E200005444CC5FB823CC5FB89F00036B3C
:1014400060FFFF540000801200349F1AC0035FD673
:10145000FD7BBDA9FD030091F35301A9F30301AA8C
:10146000F40302AA211440B9421440B9F51300F95B
:101470002100026B41020035427C7E936162009143
:10148000846200912300028B8400028B030000140D
:101490003F0003EB620A005466CC5FB885CC5FB8AE
:1014A000DF00056B60FFFF54E10314AAF5279F1AC4
:1014B0009432939A7332819A05000014E10314AABE
:1014C000F5579F1A9442939A7342819A810A40B9C0
:1014D00078FDFF97000B00B4681680B9896200910F
:1014E000871640B9626200910B600091050380D2BB
:1014F0004808088B010080522AC9278B151000B9B3
:10150000866A65B8646A65B8C33C0012C67C10532D
:101510006320244BC440444B6300010B8440830B85
:10152000833C1033036825B8A5100091817C10130B
:101530006402058B1F0104EB48FEFF54040113CB2A
:1015400062660091846400D11F0102EBE6379F1AA6
:10155000880080D282FC42D3DF00007145040091F4
:10156000A5F47ED3A510889A2801058B6501058B0B
:101570005F0108EB890400544A0500D1040080D2C1
:101580004A0108CB49FD42D3027964B83F0104EB1C
:101590004300010B2120220B427C10534140810B60
:1015A000233C1033A37824B8217C101384040091C9
:1015B000C1FEFF544AF57E92A1000A8B83000035DC
:1015C00022CC5FB8E7040051C2FFFF34071400B912
:1015D000F35341A9F51340F9FD7BC3A8C0035FD6BF
:1015E0000100805233FDFF97800100B4210080D2BA
:1015F000014001F8F35341A9F51340F9FD7BC3A85D
:10160000C0035FD642F47ED3DF00007142109F9A80
:101610006101028BEAFFFF17430000B0400000B0F9
:101620006320129100001491020080D2E1468052A2
:10163000F885FF97430000B0400000B0632012918E
:1016400000001491020080D2A1488052F185FF97DA
:101650000000669E0198BF5200FC60D300280C1267
:101660000000010B010080521F000071AD0000540A
:10167000E103012A208000AA0000679EC0035FD614
:10168000E003004B007C14131F4C00710C0100544C
:101690000201A052010080524028C01AE103012A31
:1016A000208000AA0000679EC0035FD60250005150
:1016B0000100B0525F7C0071000080522124C21AE8
:1016C00021B49F1AE103012A208000AA0000679E2E
:1016D000C0035FD600000000000000000000000012
:1016E000FD7BBFA906600091E50301AAFD030091FF
:1016F000041480B9C408048B871000D183C05FB87C
:10170000E003032AA7FDFF97010480522200004B4B
:10171000A20000B91F2800716D050054052C00516E
:10172000DF0007EBA202005480805FB8E5030034BD
:101730002200054B6320C51A010080D2872000D10A
:101740000824C21A6300082A63240C320020C51A38
:10175000617C60B3DF0007EBE202005483405FB8B6
:10176000FD7BC1A86224C21A0000022A017C40B39A
:101770002000679EC0035FD61F2C007140010054FB
:101780006320C51A63240C32010080D2000080520D
:10179000617C60B3FD7BC1A8017C40B32000679EE3
:1017A000C0035FD60000805263240C32010080D257
:1017B000617C60B3017C40B32000679EFD7BC1A8C3
:1017C000C0035FD665018052A500004B010080D2A6
:1017D000020080526824C51A08250C32017D60B3CE
:1017E000DF0007EB6200005482805FB84224C51A14
:1017F00000540011FD7BC1A86320C01A6000022ABA
:10180000017C40B32000679EC0035FD6000000004B
:10181000FD7BBCA9FD030091E81300FD0840601E9C
:10182000F35301A9F40301AAF30302AA2100805291
:10183000A0FCFF97E00700B40301669EE40300AA42
:1018400065F874D360CC60D301000C32BF00007126
:101850002010801AE03F00B983020035E0F30091C8
:1018600070FDFF97E13F40B923008052831400B917
:1018700000800011811800B9A5030034A5CC1051D7
:10188000E81340FDA500000B850200B9A3068052B5
:101890006300004B630200B9E00304AAF35341A9BB
:1018A000FD7BC4A8C0035FD6E0E30091E83B00BD28
:1018B0005CFDFF97E13F40B980030034E33B40B952
:1018C000E203004B2220C21A4200032A2124C01A3C
:1018D000E13F00B93F00007182040329E3079F1A2A
:1018E00063040011831400B9A5FCFF3561008092E8
:1018F00000C8105121C8238B800200B98000018BE1
:1019000063681B53001840B926FDFF97E81340FD9C
:101910006300004B630200B9F35341A9E00304AA3A
:10192000FD7BC4A8C0035FD6E23B40B9EAFFFF17C6
:10193000430000B0400000B06320129100001491F9
:10194000020080D2E16180523285FF9700000000E2
:10195000FD7BBEA9E90301AAEA0300AAFD030091E9
:10196000E16300915FFFFF97E1730091E00309AA33
:101970000140601E0B00669E5AFFFF97231540B979
:10198000401540B9E10B43290000034B2100024BF5
:101990002014000B1F0000710D01005461FD60D385
:1019A0002050000BFD7BC2A80B7C60B36101679ED9
:1019B0002018601EC0035FD60100669EFD7BC2A892
:1019C00022FC60D34050004B017C60B32000679E36
:1019D0002018601EC0035FD6000000000000000059
:1019E0002104005146600091247C0513411480B904
:1019F00084040011C108018B04C8248BDF0001EBB3
:101A0000E2010054230002CB010080D2636400D1C4
:101A100063FC42D367040091C57861B83F0003EBD3
:101A2000057821B82104009181FFFF540008078B3D
:101A30009F0000EB890000541F4400B89F0000EB9A
:101A4000C8FFFF54C0035FD6000000000000000084
:101A500003600091001440B9227C05131F00026B43
:101A60002A01005462C8208B0300001440CC5FB8E8
:101A7000200200355F0003EBA8FFFF5400008052F6
:101A8000C0035FD6407C409362C8228B4DFFFF5459
:101A90002110007200FFFF54657860B8200080526A
:101AA000A424C11A8120C11ABF00016B40FEFF545B
:101AB000C0035FD620008052C0035FD60000000044
:101AC00043000090E20301AAE10300AA60EC43F99D
:101AD00004000014000000000000000000000000EE
:101AE000FD7BBAA9FD030091F55B02A9F50302AAEB
:101AF000211000B4F35301A9F30301AAF60300AACD
:101B0000F76303A9784200D1B45E0091F96B04A990
:101B1000D4CBFF97F90318AA000740F917F47E9277
:101B20009FBA00F108090054010080523F00007183
:101B3000140480D2800255FA43090054FF0214EBCA
:101B40004A0A0054210000F0FB7305A93CC03E91F5
:101B50000203178B830B40F9410440F97F0002EB2D
:101B6000A00E005423F87F924300038B630440F9D6
:101B7000630B003721F47E92E302018B9F0203EB9B
:101B80008D070054800100377B025FF81B031BCBDD
:101B9000600740F900F47E922100008B3A00178B19
:101BA0009F021AEBED180054FA02008B9F021AEB09
:101BB0006D140054E10315AAE00316AAA9C9FF9702
:101BC000F50300AA201D00B4010740F9024000D12E
:101BD00021F87F920103018B3F0002EB401100547A
:101BE000E22200D15F2001F1681600545F9C00F1F1
:101BF00048110054E10313AA220040F9020000F941
:101C0000220440F9020400F9210840F9010800F912
:101C1000E10313AAE00316AA3ED0FF97E00316AA39
:101C200094CBFF97F35341A9E00315AAF55B42A9B2
:101C3000F76343A9F96B44A9FB7345A9FD7BC6A8CB
:101C4000C0035FD694EE7C92E17B40B29F0201EB31
:101C5000E1979F1A3F000071800255FA02F7FF5486
:101C600080018052150080D2C00200B91500001416
:101C7000410041A9F70303AAFB7345A9200C00F911
:101C8000010800F91F2003D5210740F9E00214CB19
:101C90002203178B210040921F7C00F1480300545F
:101CA000E10201AA210700F9400440F9000040B216
:101CB000400400F9F50313AAE00316AA6DCBFF97C1
:101CC000F35341A9E00315AAF55B42A9F76343A9C1
:101CD000F96B44A9FD7BC6A8C0035FD6C0F60737E1
:101CE0007B025FF81B031BCB600740F900F47E9278
:101CF000AEFFFF17F55B42A9E10302AAFD7BC6A870
:101D000058C9FF172403148B810201AA210700F987
:101D1000030040B281400091E00316AA830400F959
:101D2000430440F9630040B2430400F9F9CFFF9740
:101D3000E1FFFF1721F47E92838200912200178B2E
:101D40005F0003EB4A0E005460F307377B025FF835
:101D50001B031BCB600740F900F47E922100008B2F
:101D60003A00178B7F001AEB0CF2FF54F5031BAA05
:101D7000E22200D1600F40F9A10E41F8200C00F9D9
:101D8000010800F95F2001F168110054E00315AA71
:101D90005F9C00F129010054600240F9600B00F9DA
:101DA000600640F9600F00F95FDC00F1C8100054D4
:101DB0007342009160830091610240F9010000F9D3
:101DC000610640F9010400F9610A40F9010800F9CF
:101DD0006203148B410314CB820B00F9210040B243
:101DE000E00316AA410400F9610740F9210040927E
:101DF000210014AA610700F91ECBFF97FB7345A9C8
:101E0000B0FFFF17200440F9FB7345A900F47E9250
:101E1000F702008B9DFFFF17600240F9A00200F956
:101E2000600640F9A00600F95FDC00F1E805005407
:101E300061420091A042009170FFFF17F5031BAAB9
:101E4000E22200D1A10E41F8600F40F9200C00F908
:101E5000010800F95F2001F108040054E00315AA0D
:101E60005F9C00F129010054600240F9600B00F909
:101E7000600640F9600F00F95FDC00F1480600548D
:101E80007342009160830091610240F9010000F902
:101E9000610640F9010400F9610A40F9010800F9FE
:101EA000F9031BAAF30315AAFB7345A9F7031AAAA2
:101EB00076FFFF17E10313AA22CEFF9755FFFF1706
:101EC000410041A9200C00F9F5031BAAE22200D130
:101ED000010800F9DCFFFF17E10313AAE00315AACC
:101EE00018CEFF97EFFFFF17600A40F9A00A00F92C
:101EF000600E40F9A00E00F95F2001F100040054CB
:101F000061820091A08200913CFFFF170303148BB4
:101F1000410014CB830B00F9210040B2E00316AA64
:101F2000F50313AA610400F9010740F9210040926A
:101F3000210014AA010700F9CECAFF97FB7345A937
:101F400060FFFF17600A40F9601300F9600E40F966
:101F5000601700F95F2001F10002005473820091C4
:101F600060C30091C9FFFF17E00316AA150080D2D5
:101F7000C0CAFF97FB7345A952FFFF17601240F9D3
:101F8000A01200F961C20091A0C20091621640F94E
:101F9000A21600F919FFFF17601240F9601B00F943
:101FA00073C200916003019161825FF8611F00F9C3
:101FB000B6FFFF17E10313AAE00315AAE1CDFF97CF
:101FC00084FFFF17600A40F9601300F9600E40F9C2
:101FD000601700F95F2001F18000005473820091C6
:101FE00060C3009175FFFF17601240F9601B00F994
:101FF00073C200916003019161825FF8611F00F973
:102000006EFFFF170000000000000000000000004D
:10201000FD7BBEA90000679EFD030091F35301A95B
:10202000F403012AF30300AA8AFDFF977401003428
:1020300073FA74D3600D80520000134B1F000071BF
:10204000CD00005401FEA7522050000B0100679EF6
:102050002154605F0008611EF35341A9FD7BC2A8B3
:10206000C0035FD600000000000000000000000078
:10207000FD7BB2A9FD030091F35301A9F30300AA6C
:10208000F40302AAE00301AAFB7305A9FC0301AA59
:10209000F55B02A9150080D2F76303A9F96B04A9C7
:1020A000FF6B00F9E06700F9F70300AA160040395A
:1020B000DFAE0071000A005408020054DF360071E0
:1020C000A80F0054DF220071A8090054960F0035B4
:1020D00000E4002F540000B49C0200F9F35341A91E
:1020E000F55B42A9F76343A9F96B44A9FB7345A9C2
:1020F000FD7BCEA8C0035FD639008052DFB60071E9
:10210000E123005405040091E56700F91604403905
:1021100016FEFF3418008052DFC2007120120054F6
:10212000C2C200515F240071C8850054E00305AAB3
:102130001B0080521A0080521700805209000014C0
:1021400000040091E06700F95A04040BF70600113F
:1021500016004039C2C200515F240071A80100542A
:10216000630B1B0B440B1A0BFF220071ADFEFF54D7
:1021700000040091E06700F95B04030BF70600110F
:1021800016004039C2C200515F240071A9FEFF54FD
:1021900041000090220080D221401091E54B00F9CF
:1021A00008150094E603002AE54B40F9C00200350B
:1021B000E16740F9E003172A0400805222040091ED
:1021C000E26700F936044039C3C200517F24007130
:1021D000E8180054E96740F984040011F603032A63
:1021E000835A003521050091E16700F93605403931
:1021F000F6FFFF1719008052C3FFFF17000400917C
:10220000A9FFFF17C07A1A121F140171201C005475
:10221000E303172A0400805206008052080080520F
:1022200007008052A30B00358400182AE41A0035F9
:1022300008F5FF35DFA60171005C0054EC2800545E
:10224000DF260171A05B0054DF3A017121F4FF54D5
:1022500041000090E023039121C01591D117009413
:1022600080F3FF34E06740F9000040391FA000719F
:10227000406B00544000009000A00791411500946D
:10228000740000B4E06740F9800200F90140611E6B
:102290003F030071F35341A9F55B42A9201C601E66
:1022A000F76343A9F96B44A9FB7345A9FD7BCEA84D
:1022B000C0035FD6DF82007120FAFF5418008052FD
:1022C0001900805241000090E00317AA21401091AC
:1022D000220080D2BB140094801F0035E16740F9D2
:1022E0000400805223040091E36700F9E20303AA8B
:1022F00036044039DFC20071410100541F2003D56C
:10230000E10302AA42040091E26700F95600403955
:10231000DFC2007160FFFF542100034B2404001151
:10232000C1C600513F200071880D0054E56740F997
:10233000D6C200518604001101008052E90305AAAB
:10234000370080521B0080521A0080525A0B1A0B21
:10235000E003012A04008052DA061A0BA2FFFF17DD
:10236000F70305AAE01E403800781A12001C00127C
:102370001F600171E0470054F76700F9E50317AAF1
:10238000F6164038DFC2007180FFFF54F60F0034AC
:102390003800805263FFFF174003631EFF02007185
:1023A000F712831AE100064B7F400071E19F00B9EC
:1023B0000002805260D0801A1500669E7F24007152
:1023C0004D01005402240051410000F021C0119140
:1023D0006103631E22D862FC0004421F1500669E42
:1023E0007F3C00712C030054E100064B3F0000715C
:1023F00081430034E100064B6D1500543F580071D5
:10240000AD500054A1048052E200064B2100034B62
:102410003F00026BAB010054E1018052400000F02C
:102420002100034B00C01191E29F40B9A202679EB8
:1024300000D861FC5C00014B0008621E01D87CFCE6
:102440000008611E8FFFFF176000004BE100064B84
:102450000000010B1F000071AD0B0054010C007255
:1024600000010054217C4093420000F042C01191D1
:10247000A102679E407861FC0008611E1500669EFF
:10248000006C1C72E01900541FD004712C4D0054D4
:10249000017C04131F4000710D620054440000F0E1
:1024A00084E01091A002679E200080D20800805234
:1024B00081000036817860FC280080520008611E8F
:1024C000217C0113020400913F040071C0140054E8
:1024D000E00302AAF7FFFF17E50317AA06008052E0
:1024E000170080521B0080521A0080522800805230
:1024F000C17A1A123F140171A1030054E102042AA7
:102500002100182A61DEFF34FC6740F98107009141
:10251000E16700F996074039DFAE0071603A005478
:102520000A008052DFB6007180040054C2C200511C
:102530005F24007188030054E16740F9DFC2007135
:10254000810D005422040091E10302AAE16700F921
:102550004204009136004039DFC2007160FFFF5431
:10256000C2C600515F200071290C0054E303172AF2
:1025700007008052F703002A2BFFFF17E50300AA8C
:1025800019008052E4FEFF1700E4002F3DFFFF1703
:10259000E003172A0400805206008052080080528F
:1025A000DAFFFF17E303172A07008052F703002A18
:1025B000FC6700F91CFFFF172A008052810B009175
:1025C000E16700F9960B4039D9FFFF17A00F0054BF
:1025D000E003004B010C007200010054217C409389
:1025E000420000F042C01191A102679E407861FC58
:1025F0002018601E1500669E007C0413200E003417
:102600001F7C00718C040054420D80521B001C7210
:10261000410000F021C015917B03821AA002679E41
:102620000200805280000036210040FD22008052CE
:102630000008611E007C01132120009140FFFF353E
:102640000000669E5F000071B502809AFB010034B5
:10265000A2FA74D3600D80520000024BA4FE60D336
:102660001F0000710D0100541F7C0071AD53005418
:10267000B57E60921FD00071ED590054006EA0D25B
:10268000157C60B35B0D8052A002679E0820601E1F
:10269000A10900544004805200E4002F600200B9F8
:1026A000F8FEFF173F5800310BEDFF54C700074BF2
:1026B000400000F000C01191A002679E01D867FCA5
:1026C0000018611EEFFEFF17E50317AA00008052F5
:1026D0001B0080521A008052040080520600805273
:1026E000170080520800805282FFFF17C2C20051BB
:1026F00023040091E36700F936044039C3C2005156
:102700007F24007108380054230800911F2003D54E
:102710004208020BE36700F9E90303AAC206020BB1
:102720007614403842C00051C7C20051FF240071E6
:1027300009FFFF54290101CBE7C389523F2100F172
:102740002D360054E303172AF703002ACAD6FF34B4
:10275000E703074BB4FEFF17DFBA0171A0D7FF54A0
:102760005CFEFF170100669E1F010071B502819A91
:10277000420000F042001191A1FE60D30496BF52C6
:102780002100040B0494AF5240D860FC357C60B348
:10279000A102679E0008611E1500669EA0FE60D320
:1027A00001280C123F00046B483400540292AF52CF
:1027B0003F00026BC94200541502F0921F2003D55E
:1027C0001B008052E4031A2AE203172AE10305AA38
:1027D000E00313AAE69300B9E7AB00B925F9FF9728
:1027E000E05300F9603200B4E09F40B9180080D295
:1027F000E69340B9160080D2E7AB40B91F000071E4
:1028000000A09F1AE0AB00B9C700074BE0676AB2AF
:10281000E1B09F1AE03BE8F2E827066DEA2F076D6A
:102820000B00679EEC4300FDE19300B969000014C2
:10283000A27F80124200004B2100024B5F7C00719E
:102840002C1C0054200080520020C21AE0FF1529E1
:102850008503010B6300010B9F03056B7A03030BD8
:1028600080D3851A1F001A6B00D09A1A1F000071BE
:102870008D000054A500004B5A03004B9C03004BF5
:10288000E29340B95F0000718C100054BF000071EA
:10289000CC130054E09F40B91F0000714C18005445
:1028A0005F0300710C1700549F030071ED0000548A
:1028B000E10316AAE2031C2AE00313AA75FAFF97A4
:1028C000F60300AAC01600B4E16B40F9E20317AAB0
:1028D000E00313AADFFAFF97F80300AA001600B47A
:1028E000011040B91F1000B9FA03012AE10316AA2A
:1028F000C4FAFF971F0000712B300054C0340054FD
:10290000E10316AAE00318AA12FCFF970110601E4B
:102910001020611E090B005401106C1E5F03007132
:102920000808611E0941611E290D681EA2FE60D3C0
:102930002001669E41280C1203FCAF523F00036B3E
:10294000401500547F03007102D4A0522210427A35
:102950000801005410216B1E2917005402FC60D39B
:1029600003D6A0524200030B4200014B407C60B3EF
:102970004041601E0900679EE1AF00B935FBFF973B
:102980002029401FE1AF40B91500669EA0FE60D32C
:1029900000280C127F0300710000417AE0180054F7
:1029A000E16B40F9E00313AA66F8FF97E10317AA69
:1029B000E00313AA63F8FF97E10316AAE00313AA42
:1029C00060F8FF97E10318AAE00313AA5DF8FF97E8
:1029D000FA5340F9E00313AA410B40B935F8FF97C9
:1029E000F70300AAC00D00B4421780B9414300911B
:1029F000004000914208009142F47ED351CBFF97F2
:102A0000AA02679EE2630391E1130391E00313AA14
:102A10004041601E7FFBFF97E06B00F9200800B487
:102A2000E00313AA2100805226F9FF97F60300AABB
:102A3000600B00B4E0C740B90006F837E19340B935
:102A4000E3AB40B91C00010BE2DB40B900001B4BBB
:102A5000C10680520000020B2100024B000400510D
:102A60001FF80F316BEEFF5420008052E0FF152954
:102A700078FFFF175A0B00354001669E1FCC40F2CD
:102A8000201300541F0400F1402E005409107E1E34
:102A900008106E1EA6FFFF17E10316AAE00313AA93
:102AA000E5B700B9B3F9FF97E5B740B9F60300AA57
:102AB000600700B4E26B40F9E10300AAE00313AA47
:102AC000E5B700B92FF9FF97E20300AAE5B740B9CF
:102AD000600600B4E16B40F9E00313AAE5B700B962
:102AE000E25F00F917F8FF97E25F40F9E26B00F947
:102AF000E5B740B966FFFF17E1AB40B9FC9340B9B9
:102B00002300004BD1FFFF17E16B40F9E203052AD8
:102B1000E00313AADFF9FF97E06B00F9C0EBFFB504
:102B20004104805202FEEFD24000679E610200B96C
:102B3000E10300AAE00313AAE04B00FD01F8FF97B0
:102B4000E10317AAE00313AAFEF7FF97E10316AA11
:102B5000E00313AAFBF7FF97E15340F9E00313AA40
:102B6000F8F7FF97E10318AAE00313AAF5F7FF9718
:102B7000E827466DEA2F476DEC4340FDE04B40FDF2
:102B8000C0FDFF17E10317AAE2031A2AE00313AA04
:102B9000C0F9FF97F70300AA80E8FFB5E06B40F9A2
:102BA000E0FFFF17E2AB40B9E10317AAE00313AA65
:102BB00070F9FF97F70300AA40E7FFB5E06B40F913
:102BC000D8FFFF17A28380124000004B22008052E2
:102BD0004020C01AE28315291EFFFF1709106E1E40
:102BE0002841601E52FFFF170096BF520000020BE3
:102BF000E1AF00B9157C60B3AC02679E8041601EF6
:102C000094FAFF970030491F006CB012E1AF40B951
:102C10001500669EA2FE60D343280C127F00006B55
:102C2000490C00544001669E1502F0921F0015EBFE
:102C300081EBFF54E06B40F9BAFFFF170001791EEA
:102C40001F00007100149F1A5F0300710800631ECB
:102C50000041611E000C681E0000669E40FFFF17C9
:102C6000A002679E87FDFF170A00805254FEFF17DF
:102C7000E60303AAE503192AE4430391E31303914E
:102C8000E1230391E00313AA420000F042401591B2
:102C900038130094F603002A00E4002F180C007289
:102CA00000AFFF541F1B0071E10C0054190080524B
:102CB000F76700F973FDFF1700B9E15E00D8615EA8
:102CC0000839601EFA010035BFCE40F2A101005460
:102CD000400000F0001042FD1021601E440200542C
:102CE00030FFFF1701106E1E1020611E840E00546D
:102CF00001106C1E0808611E0941611E0CFFFF17C0
:102D0000400000F0000842FD1021601EC400005485
:102D1000400000F0000C42FD1021601E4C000054E9
:102D200020FFFF17A002679EE06B40F981FFFF17AD
:102D3000C600040B9F040071CD240054E402040B70
:102D40008804005104000014FA781F53FF02086B36
:102D500040010054610B1B0BFF220071470B1A0B43
:102D6000F706001121781F530DFFFF54FF46007135
:102D70003BB09B1AF6FFFF17E103002AF703042A72
:102D8000E003082A1F2000712DAEFF54FF4200719E
:102D9000CC0900547B0B1B0BE003012A040080527A
:102DA0007B041B0B10FDFF17006AA0520000020BF2
:102DB000157C60B3F7FEFF1741000090E0230391FC
:102DC00021801591F71400944098FF34E26740F990
:102DD00041000090E023039121A01591420400D10D
:102DE000E26700F9EF14009480000035E06740F9D5
:102DF00000040091E06700F900FEEFD20000679E3A
:102E000020FDFF17E7C389525F00076B47D0871A81
:102E10004DFEFF17E19F40B9400000F000C0119146
:102E2000A102679E00D861FC0008611E15FDFF1716
:102E30004104805200FEEFD20000679E610200B99B
:102E400010FDFF17E26B40F9E20000B4E06303916C
:102E5000A1068052E3FAFF97E16B40F9E00313AA61
:102E600038F7FF97E0C740B91F0F0071C00F00543B
:102E7000DF061E72010300541F070071E00F0054AB
:102E8000E1035B29357C40B3157C60B376004036A6
:102E900000000132157C60B3A002679E1F280C72EF
:102EA000019FFF54E04B00FD12CAFF97E04B40FD2D
:102EB00041048052010000B9F2FCFF1709107C1E8A
:102EC00008106C1E9AFEFF17E003012A04008052CE
:102ED000C5FCFF171F130071C00D00541F170071B0
:102EE000C00C005400E4002FF6FD4736E08361B2C9
:102EF000157C60B3A002679EEBFFFF171A03003535
:102F00004001669E1FCC40F2A1020054BCFE60D37B
:102F100000D6A052832B0C127F00006B09020054D4
:102F2000001B40B980000035001740B91F04007134
:102F30006D01005422008052E10318AAE00313AA95
:102F4000E39300B9D3F8FF97F80300AAE10316AAA8
:102F50002CF9FF971F0000714C0F0054A002679ED0
:102F60005BEEFF34002AE7D2A102679E0000679E55
:102F70002008601E0000669E00FC60D31F286CF2D3
:102F8000E06B40F961DDFF5441048052610200B9F9
:102F9000E8FEFF177A040034A2CE60D3A0FE60D30F
:102FA00001FEBF125F00016B600A0054E1B340B93B
:102FB000E1080035E0AF40B91F00156A00FDFF547D
:102FC000E00315AAE1031B2A12FCFF974029601EAB
:102FD0001500669EE2FFFF17410000F0E023039119
:102FE000E263039121E01491821400941F14007194
:102FF0002194FF54E1035B2900280C32157C60B357
:10300000357C40B3A002679E9EFCFF17016AA05268
:103010002000000B1B008052157C60B3EAFDFF17F7
:103020004001669E1FCC40F281030054BCFE60D379
:10303000DB080034832B0C1200D6A0527F00006BFB
:1030400048090054006EA0527F00006BC8F8FF547E
:10305000E06B40F94104805200E4002F610200B9A6
:10306000B4FEFF1700FEAFD2157C60B3B6DF473663
:10307000A0FE60D387FFFF17E2075B2900CC101189
:1030800021780B122050002A557C40B37FFFFF1798
:103090001500F092F6FFFF17E1B340B94108003484
:1030A000A0FE60D33F00006AA0F5FF54E00315AA1C
:1030B000E1031B2AD7FBFF974A39601E4821601E97
:1030C00080FCFF545501669EA5FFFF173F00006A74
:1030D00060F4FF54BBFFFF1700008052A5FDFF17EF
:1030E000010080122020C01A0000150A157C40B390
:1030F00065FDFF17E403152A3B05003403781453DC
:1031000002280C12610D80522100034B05D4A052FD
:10311000030080125F00056B6120C11A2190831AA1
:103120009F00016BC0020054E1B340B901FDFF35BF
:10313000E0AF40B99F00006A20F1FF54A1FFFF17E4
:10314000E39340B93B010035812B0C12210044511F
:10315000214C0032E06B40F9357C60B3A17E40B277
:103160002000679E73FEFF1760004451004C003240
:10317000157C60B3B57E40B27BFFFF174201669EAF
:103180000102F0925F0001EBA0D0FF5400280C1266
:1031900000004411157C60D371FFFF1701008012FD
:1031A000E0FFFF17E0AF40B91F00156A80EDFF5444
:1031B000BFFFFF17610980522100024B00008012FF
:1031C0000020C11A0000040A157C60B32EFDFF1711
:1031D000E103002AE003172AF7060011EAFEFF17B1
:1031E000F70305AA38FCFF170000000000000000EC
:1031F000230000D0630025919EFBFF170000000014
:10320000470000D0EC0300AAE60301AAE784169168
:10321000E80306AAC5144038E4486538A4FF1F3700
:10322000BFB40071000700540B00F0920D008052F3
:10323000BFAC0071200600546A7C40937F781B72FB
:10324000C1000054BFC000718007005463090035FD
:103250004A0180D2E3030A2A6809CA9A0700805209
:10326000000080D209AD0A1BA4C000519F24007148
:10327000A9000054A40401519F6400710802005485
:10328000A4DC00517F00046B8D020054FF0000712C
:103290000700801200A140FAE30000541F0100EB78
:1032A0002001447A8B000054847C40932700805294
:1032B00000100A9BC5144038ECFFFF17A48401518D
:1032C0009F640071A8000054A45C01517F00046B4E
:1032D000ECFDFF541F2003D5FF040031E001005432
:1032E000BF010071000480DA620000B4870300357A
:1032F000410000F9C0035FD6C500403906090091BE
:10330000CEFFFF17C50040390B00F0D2060900912F
:103310002D008052C9FFFF1740048052800100B980
:10332000E0030BAA82FEFFB4C10400D1E0030BAAA4
:10333000410000F9F0FFFF17C000403900781A1271
:10334000001C00121F600171E00000546301003591
:103350000A0180D2E3030A2AC0FFFF17EB0300AA89
:10336000F2FFFF17C50440390A0280D2C608009157
:10337000E3030A2AB9FFFF170A0280D2E3030A2AED
:10338000B6FFFF1700000000000000000000000072
:103390007F9000716498417A4000005499FFFF17B4
:1033A000FD7BBFA9FD030091D2C8FF97C1028052E7
:1033B000010000B9000080D2FD7BC1A8C0035FD628
:1033C000470000D0EB0300AAE60301AAE7841691A8
:1033D000E80306AAC5144038E4486538A4FF1F373F
:1033E000BFB40071800800540C008052BFAC007163
:1033F000E00600547F781B72800500546A7C40937D
:10340000080080920809CA9A097D0A9BE903292AC3
:1034100007008052000080D2A4C000519F24007198
:10342000A9000054A40401519F64007108020054D3
:10343000A4DC00517F00046B8D020054FF0000717A
:103440000700801202A048FAE80000541F0008EBB1
:103450008400497A8C000054847C40932700805279
:103460004011009BC5144038ECFFFF17A4840151A4
:103470009F640071A8000054A45C01517F00046B9C
:10348000ECFDFF541F2003D5FF04003160020054FF
:103490009F010071000480DA620000B46702003509
:1034A000410000F9C0035FD6BFC00071C0020054E4
:1034B000E3040035E8E701B24A0180D2A900805256
:1034C000E3030A2A2833E3F2D2FFFF17C50040398D
:1034D00006090091C8FFFF1740048052600100B93F
:1034E0000000809202FEFFB4C10400D1410000F947
:1034F000EDFFFF17C50040392C00805206090091EE
:10350000BDFFFF17C000403900781A12001C0012DE
:103510001F600171E0000054A30100350A0180D250
:10352000E9008052E3030A2A0800FC92B9FFFF1762
:10353000C50440390A0280D2C6080091E3030A2A72
:10354000E90180520800FE92B2FFFF170A0280D202
:10355000E9018052E3030A2A0800FE92ADFFFF173B
:1035600098FFFF17000000000000000000000000AE
:10357000E30300AA410100B45FFC0371880000541A
:103580002000805222000039C0035FD641118052D2
:1035900000008012610000B9C0035FD600008052B5
:1035A000C0035FD600000000000000000000000023
:1035B000470000D0EC0300AAE60301AAE7841691B5
:1035C000E80306AAC5144038E4486538A4FF1F374D
:1035D000BFB40071000700540B00F0920D00805240
:1035E000BFAC0071200600546A7C40937F781B7248
:1035F000C1000054BFC0007180070054630900354A
:103600004A0180D2E3030A2A6809CA9A0700805255
:10361000000080D209AD0A1BA4C000519F24007194
:10362000A9000054A40401519F64007108020054D1
:10363000A4DC00517F00046B8D020054FF00007178
:103640000700801200A140FAE30000541F0100EBC4
:103650002001447A8B000054847C409327008052E0
:1036600000100A9BC5144038ECFFFF17A4840151D9
:103670009F640071A8000054A45C01517F00046B9A
:10368000ECFDFF541F2003D5FF040031E00100547E
:10369000BF010071000480DA620000B487030035C6
:1036A000410000F9C0035FD6C5004039060900910A
:1036B000CEFFFF17C50040390B00F0D2060900917C
:1036C0002D008052C9FFFF1740048052800100B9CD
:1036D000E0030BAA82FEFFB4C10400D1E0030BAAF1
:1036E000410000F9F0FFFF17C000403900781A12BE
:1036F000001C00121F600171E000005463010035DE
:103700000A0180D2E3030A2AC0FFFF17EB0300AAD5
:10371000F2FFFF17C50440390A0280D2C6080091A3
:10372000E3030A2AB9FFFF170A0280D2E3030A2A39
:10373000B6FFFF17000000000000000000000000BE
:103740009CFFFF17000000000000000000000000C8
:10375000470000D0EB0300AAE60301AAE784169114
:10376000E80306AAC5144038E4486538A4FF1F37AB
:10377000BFB40071800800540C008052BFAC0071CF
:10378000E00600547F781B72800500546A7C4093E9
:10379000080080920809CA9A097D0A9BE903292A30
:1037A00007008052000080D2A4C000519F24007105
:1037B000A9000054A40401519F6400710802005440
:1037C000A4DC00517F00046B8D020054FF000071E7
:1037D0000700801202A048FAE80000541F0008EB1E
:1037E0008400497A8C000054847C409327008052E6
:1037F0004011009BC5144038ECFFFF17A484015111
:103800009F640071A8000054A45C01517F00046B08
:10381000ECFDFF541F2003D5FF040031600200546B
:103820009F010071000480DA620000B46702003575
:10383000410000F9C0035FD6BFC00071C002005450
:10384000E3040035E8E701B24A0180D2A9008052C2
:10385000E3030A2A2833E3F2D2FFFF17C5004039F9
:1038600006090091C8FFFF1740048052600100B9AB
:103870000000809202FEFFB4C10400D1410000F9B3
:10388000EDFFFF17C50040392C008052060900915A
:10389000BDFFFF17C000403900781A12001C00124B
:1038A0001F600171E0000054A30100350A0180D2BD
:1038B000E9008052E3030A2A0800FC92B9FFFF17CF
:1038C000C50440390A0280D2C6080091E3030A2ADF
:1038D000E90180520800FE92B2FFFF170A0280D26F
:1038E000E9018052E3030A2A0800FE92ADFFFF17A8
:1038F00098FFFF170000000000000000000000001B
:10390000FD7BBEA905B00491FD030091F35301A90D
:10391000F30304AA240000D07F0200F1F40300AAFC
:10392000B300939A851445F9420100B4E40313AA45
:10393000A0003FD6E103002A207C40933F040031E1
:10394000C0010054F35341A9FD7BC2A8C0035FD658
:10395000010080D2E40313AA220000F0230080D2E9
:1039600042A00791A0003FD6E103002A207C4093AB
:103970003F04003181FEFF547F0200B941118052A3
:10398000810200B900008092F35341A9FD7BC2A8D7
:10399000C0035FD60000000000000000000000002F
:1039A000FD7BBDA904F00491FD030091F35301A92F
:1039B000F30303AA7F0200F1230000D09300939A3F
:1039C000F40300AA641045F9E30313AA210100B42B
:1039D00080003FD6E103002A207C40933F04003161
:1039E00060010054F35341A9FD7BC3A8C0035FD617
:1039F000E18300910200805280003FD6E103002A5B
:103A0000207C40933F040031E1FEFF547F0200B967
:103A100041118052810200B900008092F35341A904
:103A2000FD7BC3A8C0035FD60000000000000000BB
:103A3000E50304AAE40303AA03008092F112001430
:103A4000010080D20300001400000000000000000C
:103A5000FD7BBEA9FD030091F30B00F9A5000094C6
:103A6000F303002AEF1200940168005120008052F5
:103A70003F08007188000054F30B40F9FD7BC2A899
:103A8000C0035FD6602600511F100071F30B40F990
:103A9000E0879F1AFD7BC2A8C0035FD6000000002C
:103AA000E303002A041C0012623C48D33F08007163
:103AB000200400543F0C0071A00000544200025149
:103AC00084000251421C0012841C0012404001116B
:103AD000001C00121F7C00714901005440C00011FD
:103AE000001C00121F90007108070054C1949E52E0
:103AF000000080127F00016B69050054C0035FD68F
:103B000061FA9952000080127F00016B88FFFF5418
:103B100042C00251848402516100009021C004918E
:103B2000406019530000024B8004000B20D86078DD
:103B3000C0035FD69F780271C9010054848C0011C4
:103B400000108052841C00125F7C0271C801005476
:103B500042C001510204020B421C001240400111FC
:103B6000001C00121F7C0071A8FBFF54E5FFFF172B
:103B700084F80151E00F8052841C00125F7C0271B6
:103B800089FEFF54424001110204020B421C001244
:103B900040400111001C00121F7C007108FAFF5404
:103BA000D8FFFF174240035184840251410000D0E6
:103BB00021C01A91406019530000024B8004000B91
:103BC00020D86078C0035FD65F9402714002005431
:103BD000A80200545F8C0271A00700545F9002712C
:103BE000C00600545F840271E0030054000080129C
:103BF0005F88027141F8FF5484840251600000B074
:103C00000080289100D864781F00007100109F5A2E
:103C1000C0035FD69FDC0371840C401180309F5A33
:103C2000C0035FD6000080125F9C02714003005405
:103C30005FA00271200200545F98027101F6FF54E8
:103C40009F600371C8F5FF5484840251600000B086
:103C50000040259100D864781F00007100109F5A21
:103C6000C0035FD684840251600000B000802B91B5
:103C700000D86478C0035FD69F00037108F4FF5436
:103C800084840251600000B00080219100D86478E3
:103C9000C0035FD69FC4037128F3FF54848402518C
:103CA000600000B00080229100D864781F0000718D
:103CB00000109F5AC0035FD69FD0037100F4855255
:103CC0008400000B80309F5AC0035FD6818402516C
:103CD000600000B00000279102CC9F528400020BCC
:103CE00000C861381F00007180109F5AC0035FD662
:103CF000FD7BBEA93F0000F121880591FD030091E5
:103D0000F35301A9330000D0738A2A917302819A78
:103D1000F403002A210000F0E00313AA21E015912A
:103D200008EEFF97C0000035E003142A21008052FE
:103D3000F35341A9FD7BC2A85AFFFF17210000F0F1
:103D4000E00313AA21001691FEEDFF97C000003595
:103D5000E003142A41008052F35341A9FD7BC2A81D
:103D600050FFFF17210000F0E00313AA2120169155
:103D7000F4EDFF97C0000035E003142A6100805283
:103D8000F35341A9FD7BC2A846FFFF17E003142AA5
:103D9000F35341A9FD7BC2A8C0035FD60000000019
:103DA000FD7BBDA9FD030091F35301A93F04003140
:103DB000C0030054F30302AA42204079341C0012CD
:103DC00042781A12632E40F9F51300F96222007945
:103DD000351C0012610A40B9C30200B4626240B9E6
:103DE0005F00016BAD010054600240F9010400D195
:103DF000610200F915F01F38600A40B9F51340F967
:103E000000040011600A00B9E003142AF35341A929
:103E1000FD7BC3A8C0035FD6E10313AAD5EBFF97D0
:103E200040FEFF34F51340F914008012F7FFFF172E
:103E3000600E40F9620240F9C00000B41F0002EBBE
:103E40008200005440F05F381F00146B20020054C1
:103E5000E00313AA64D2019163008052642E00F93A
:103E6000636200B923008052623600F9617200B9C2
:103E7000156C0738F51340F9600200F9630A00B9C0
:103E8000E003142AF35341A9FD7BC3A8C0035FD606
:103E9000F51340F9420400D121040011620200F937
:103EA000610A00B9D9FFFF17000000000000000000
:103EB000FD7BBEA9FD030091F30B00F9F30301AAFA
:103EC000212C40F9E10100B462D201913F0002EBE4
:103ED000400000548FC7FF97607240B9600A00B974
:103EE0007F2E00F9E0000034613640F90000805276
:103EF000610200F9F30B40F9FD7BC2A8C0035FD655
:103F00006222407900008012610E40F942001B32AB
:103F10007F0A00B962220079F6FFFF170000000057
:103F2000FD7BBAA9FD030091F96B04A97A7C029B81
:103F3000FA0600B4F35301A9F90302AA940880B960
:103F4000F55B02A9F30304AAF60301AAF76303A928
:103F5000F5031AAAF80300AAFB7305A9FB0303AA39
:103F60009CD00191810040F95F0314EB4903005498
:103F7000E00316AAE20314AAF2C5FF977F0A00B96C
:103F8000600240F9F70315AA612E40F90000148B76
:103F9000600200F9D602148BB50214CB010400B400
:103FA0003F001CEB60000054E00318AA59C7FF97BC
:103FB000607240B9600A00B97F2E00F90003003436
:103FC000613640F9147C4093610200F99F0215EBC1
:103FD00003FDFF54E00316AAE20315AAD9C5FF9713
:103FE000FA031BAA610240F9600A40B9F76343A9CA
:103FF0000000154BFB7345A92100158BF55B42A909
:10400000610200F9600A00B9F35341A9E0031AAA5A
:10401000F96B44A9FD7BC6A8C0035FD65403148B7B
:1040200060224079940217CB610E40F900001B32E8
:104030009A0AD99A60220079F55B42A9F76343A9ED
:10404000E0031AAAFB7345A9610200F97F0A00B9CF
:10405000F35341A9F96B44A9FD7BC6A8C0035FD601
:10406000FFC309D1FD7B00A9FD030091F55B02A907
:10407000F50301AA610040F9E13F00F9610440F94C
:10408000E15300F9610840F9E18F00F9611840B986
:10409000E19300B9611C40B9F35301A9F30300AAED
:1040A000F76303A9F70302AAE1FF00B9DDECFF976C
:1040B000000040F9E05B00F982C6FF97E05700F985
:1040C000020180D2E0630591010080522DC6FF9766
:1040D000A022407960003836A00E40F900B300B449
:1040E000F96B04A9FB7305A9E827066DF6C30791D0
:1040F00008E4002F340000B0FC0316AA94022591B6
:10410000EA0317AA6000009000702E91FF7700B9B3
:10411000E04300F9FF9700B9FF7F0EA9FF7B00F98C
:10412000FFFB00B9FF8300F9F6BB00F9FF7B01B983
:10413000FFC300F9F7030AAAF8030AAA1F2003D550
:10414000997640F9B3ECFF97E4630591037C4093C3
:10415000E20317AAE1330591E00313AA20033FD637
:104160001F000071E0010034EB000054E14F41B941
:104170003F94007100350054007C4093F702008B9F
:10418000F0FFFF17E0630591020180D20100805229
:10419000FCC5FF97200080D2F702008BE9FFFF17D4
:1041A000FA03002AE00218CBEA0318AAFB03002A4C
:1041B000E0F70034E2C340F9617F4093E07B41B90E
:1041C0004200018B8A0700A900040011E07B01B9BD
:1041D0009C430091E2C300F91F1C00712C4700545E
:1041E000E07740B900001B0BE07700B91AF6003405
:1041F000EA060091E8064039070080120B00805261
:1042000009008052F8030B2AF703092AF903072A49
:10421000FA030AAAFFFF04395A07009100810051EE
:104220001F680171C8000054E14340F920586078CC
:104230006100001020A8208B00001FD6E903172A78
:10424000EB03182AEA031AAA28F300343A00805232
:10425000FB230691F7031A2A01008052190080D22D
:104260000700805218008052FF8B00B9FF9B00B9F5
:10427000FFFF0439E823063932011F72420B001197
:10428000E0C340F95A109A1A8E1080522E010E6A1D
:104290008100005464011A4B9F0000716C1A005495
:1042A000A1010034E17B41B9E2FF049100040091D7
:1042B000820300F921040011220080D2820700F954
:1042C0009C430091E17B01B9E0C300F93F1C007100
:1042D000EC200054B2010034E17B41B9E2030591C6
:1042E00000080091820300F921040011420080D2ED
:1042F000820700F99C430091E17B01B9E0C300F91A
:104300003F1C0071CC3E0054DF01027100290054B3
:10431000E700174BFF0000710C050054290E4037D1
:10432000E17B41B9EC7E409300000C8B9B3300A9EC
:1043300021040011E17B01B9E0C300F93F1C0071C9
:104340008C2400549C4300918900103677011A4B4D
:10435000FF020071CC3E0054E17740B97F011A6B37
:1043600063A19A1A2100030BE17700B9003000B570
:10437000FF7B01B9D90000B4E10319AAE00313AA35
:10438000EA4700F963C6FF97EA4740F9FC0316AA1B
:1043900069FFFF1700C100511800805248174038CC
:1043A0000B0B180B18040B0B00C100511F240071DC
:1043B00069FFFF549AFFFF1764000090E17B41B949
:1043C00084803191FF4000718D050054E2031CAAE6
:1043D0000D0280D2FC030AAAE8BB00B9E9C300B908
:1043E000EBCB00B9F7D300B9F703072AF8DB00B924
:1043F000F80304AA04000014F7420051FF420071C0
:10440000AD0200540040009121040011583400A96D
:1044100042400091E17B01B9E0C300F93F1C00710B
:10442000CDFEFF54E2C30591E10315AAE00313AAF0
:10443000A0100094A02A0035F7420051E17B41B959
:10444000E0C340F9E20316AA0D0280D2FF420071D8
:10445000ACFDFF54E703172AE40318AAE8BB40B9F0
:10446000EA031CAAE9C340B9FC0302AAEBCB40B99A
:10447000F7D340B9F8DB40B9E77C40932104001141
:104480000000078B841F00A99C430091E17B01B9C8
:10449000E0C300F93F1C00712DF4FF54E2C3059105
:1044A000E10315AAE00313AAE8BB00B9E9C300B908
:1044B000EBCB00B9EA6B00F97E1000946026003562
:1044C000E9C340B9FC0316AAEA6B40F9E0C340F91E
:1044D000E8BB40B9EBCB40B949F247361F2003D5C2
:1044E0001F9501714D2700540821601E213F005483
:1044F000E17B41B900040091220000D0240080D269
:104500004220109121040011821300A99C430091C4
:10451000E17B01B9E0C300F93F1C0071ECC5005418
:10452000E29740B9E14B41B93F00026BEA7F00548A
:10453000E28F4AA9830B00A9E17B41B99C4300911A
:1045400021040011E17B01B90000028BE0C300F9F6
:104550003F1C00718C8C0054E19740B93704005126
:10456000FF0200712DEFFF5464000090E17B41B920
:1045700084803191FF4200710DD00054E2031CAAE7
:10458000F80304AAFC030AAA1B0280D2E98B00B933
:10459000EB9B00B904000014F7420051FF42007188
:1045A0002DCE00540040009121040011586C00A948
:1045B00042400091E17B01B9E0C300F93F1C00716A
:1045C000CDFEFF54E2C30591E10315AAE00313AA4F
:1045D00038100094A01D0035E0C340F9E20316AA8C
:1045E000E17B41B9EDFFFF176D000090E17B41B920
:1045F000ADC131919F4000714D060054E2031CAAE9
:104600000F0280D2FC030AAAF2BB00B9EEC300B9C4
:10461000E8CB00B9E9D300B9EBDB00B9E70B01B98E
:10462000F71301B9F703042AF82301B9F8030DAA17
:1046300004000014F7420051FF420071AD02005423
:104640000040009121040011583C00A94240009113
:10465000E17B01B9E0C300F93F1C0071CDFEFF54BE
:10466000E2C30591E10315AAE00313AA1110009417
:10467000C0180035F7420051E17B41B9E0C340F971
:10468000E20316AA0F0280D2FF420071ACFDFF5474
:10469000E403172AED0318AAF2BB40B9EA031CAAE7
:1046A000EEC340B9FC0302AAE8CB40B9E9D340B954
:1046B000EBDB40B9E70B41B9F71341B9F82341B936
:1046C000847C4093210400110000048B8D1300A909
:1046D000E17B01B9E0C300F93F1C00712CA7005435
:1046E000E1FF44399C430091EEFEFF17E2C30591C0
:1046F000E10315AAE00313AAF2BB00B9EEC300B9A7
:10470000E8CB00B9E9D300B9EBDB00B9E70B01B99D
:10471000EA8B00F9E70F009480130035EA8B40F92B
:10472000FC0316AAE0C340F9F2BB40B9EEC340B99E
:10473000E8CB40B9E9D340B9EBDB40B9E70B41B96D
:10474000E5FEFF17E17B41B900040091240000D091
:10475000270080D28420109121040011841F00A919
:104760009C430091E17B01B9E0C300F93F1C00715B
:104770008CEB0054E19740B92100022A21F000346B
:10478000E3934AA9840F00A9E17B41B986430091D4
:1047900021040011E17B01B96000008BE0C300F946
:1047A0003F1C00714CF00054E21AF937E29780B9CF
:1047B00021040011DB0800A9DC4000914000008BBF
:1047C000E17B01B9E0C300F93F1C0071EDDBFF5450
:1047D000E2C30591E10315AAE00313AAE98B00B92E
:1047E000EB9B00B9EA5F00F9B20F0094E00C0035D2
:1047F000EA5F40F9FC0316AAE0C340F9E98B40B92F
:10480000EB9B40B9D1FEFF1748034039F7021C3239
:1048100082FEFF17FA03002AE00218CBEA0318AA67
:10482000FB03002A60CEFF3463FEFF176D011A4BB5
:10483000BF010071EDD6FF5464000090E17B41B9E7
:1048400084803191BF410071CD050054E2031CAA60
:104850000E0280D2FC030AAAE8BB00B9E9C300B982
:10486000EBCB00B9E7D300B9F7DB00B9F7030D2AAA
:10487000F80B01B9F80304AA04000014F742005130
:10488000FF420071AD02005400400091210400116C
:10489000583800A942400091E17B01B9E0C300F91A
:1048A0003F1C0071CDFEFF54E2C30591E10315AA40
:1048B000E00313AA7F0F009480060035F7420051F1
:1048C000E17B41B9E0C340F9E20316AA0E0280D2AF
:1048D000FF420071ACFDFF54ED03172AE40318AA50
:1048E000E8BB40B9EA031CAAE9C340B9FC0302AA29
:1048F000EBCB40B9E7D340B9F7DB40B9F80B41B98E
:10490000AD7D40932104001100000D8B843700A978
:104910009C430091E17B01B9E0C300F93F1C0071A9
:104920008DCFFF54E2C30591E10315AAE00313AA5A
:10493000E8BB00B9E9C300B9EBCB00B9E7D300B9D4
:10494000EA6F00F95B0F009400020035EA6F40F94E
:10495000FC0316AAE0C340F9E8BB40B9E9C340B97B
:10496000EBCB40B9E7D340B96AFEFF17E2C305912C
:10497000E10315AAE00313AAEA4700F94D0F0094DA
:10498000EA4740F960CFFF34E10319AA610000B49F
:10499000E00313AADFC4FF97A022407900001A1297
:1049A000F96B44A9FB7345A9E827466D60160135EC
:1049B000FD7B40A9F35341A9F55B42A9F76343A9E5
:1049C000E07740B9FFC30991C0035FD6E17B41B9ED
:1049D00000040091E39740B9824300912104001143
:1049E0007F0400712D220054240080D29B1300A963
:1049F000E17B01B9E0C300F93F1C0071AC2A00540F
:104A0000E3934AA921040011440C00A942400091FB
:104A1000E17B01B90000038BE0C300F93F1C00718A
:104A20002C2700540821601EE39740B977040051F9
:104A300080220054F77E4093210400110000178B60
:104A4000E17B01B9E0C300F965070091450000F979
:104A5000570400F93F1C00718C62005442400091E1
:104A6000E4FB80B921040011E5430591451000A93C
:104A70008000008BE17B01B95C400091E0C300F94C
:104A80003F1C00712DC6FF54E2C30591E10315AA36
:104A9000E00313AAE98B00B9EB9B00B9EA5F00F9C8
:104AA000040F009420F7FF35EA5F40F9FC0316AAD3
:104AB000E0C340F9E98B40B9EB9B40B923FEFF17F7
:104AC000E2C30591E10315AAE00313AAF90E0094CD
:104AD00040F6FF35FC0316AAC2FDFF17E2C305919D
:104AE000E10315AAE00313AAEEBB00B9E8C300B9BD
:104AF000E9CB00B9EBD300B9E7DB00B9EA8700F9ED
:104B0000EC0E009420F4FF35EA8740F9FC0316AA66
:104B1000E0C340F9EEBB40B9E8C340B9E9CB40B9C6
:104B2000EBD340B9E7DB40B9F8FDFF176D0000900B
:104B3000E17B41B9ADC13191FF420071ED030054F9
:104B4000F8030DAA1B0280D2EB8B00B9EA4F00F9E3
:104B500004000014F7420051FF4200718D0200541E
:104B60000040009121040011986F00A99C4300911E
:104B7000E17B01B9E0C300F93F1C0071CDFEFF5499
:104B8000E2C30591E10315AAE00313AAC90E00943C
:104B9000C0EFFF35F7420051E17B41B9E0C340F976
:104BA000FC0316AAFF420071CCFDFF54EA4F40F906
:104BB000ED0318AAEB8B40B9F77E40932104001156
:104BC0000000178B8D5F00A9E17B01B9E0C300F9FC
:104BD0003F1C00712DBCFF54E2C30591E10315AAEF
:104BE000E00313AAEB8B00B9EA4F00F9B10E009471
:104BF000C0ECFF35EA4F40F9E0C340F9EB8B40B918
:104C0000D6FDFF17E0FF40B9E903172AEB03182A86
:104C1000E703192AEA031AAA094B1836E0C1F83744
:104C2000E03F40F9003C009100EC7C920140009193
:104C3000E13F00F90000C03DE88B00B9E99B00B9F5
:104C4000EBBB00B9E7C300B9EA6700F9710F009444
:104C5000EA6740F90840601EE88B40B9E99B40B91B
:104C6000EBBB40B9E7C340B900C1601E0002F0923F
:104C70000100679E0020611E0D7F00541821601EF8
:104C800084C20054E1FF4439200000D0250000D048
:104C90001F1D017100C00E91A5E00E91FF8B00B9A0
:104CA0007A008052FF9B00B929791812BBC0809A04
:104CB000F7031A2A190080D2070080521800805288
:104CC000C1ADFF341F2003D55A0700116BFDFF173C
:104CD000E24B41B95F0000716DD3FF54E19740B9D9
:104CE0001F03016B17D3811A2C7C4093FF020071C4
:104CF0006D010054E17B41B9E27E40930000028BDC
:104D00009B0B00A921040011E17B01B99C43009198
:104D1000E0C300F93F1C00714CC10054FF02007158
:104D2000E4A29F1A1703044BFF0200714C53005476
:104D300068C3388BE95B5037E19740B9F74B41B90D
:104D4000FF02016B2B64005409640037E19740B9FE
:104D50007B030C8B7B0308CB3700174BFF021B6BCD
:104D6000FBB29B1A7F0300716D010054E17B41B9D6
:104D7000627F40930000028B880B00A92104001180
:104D8000E17B01B99C430091E0C300F93F1C007135
:104D90002CE700547F0300717BA39F1AF7021B4B83
:104DA000FF0200712DADFF5464000090E17B41B91A
:104DB00084803191FF4200710D8E0054E2031CAAE1
:104DC000F80304AAFC030AAA1B0280D2E98B00B9EB
:104DD000EB9B00B904000014F7420051FF42007140
:104DE0002D8C00540040009121040011586C00A942
:104DF00042400091E17B01B9E0C300F93F1C007122
:104E0000CDFEFF54E2C30591E10315AAE00313AA06
:104E1000280E0094A0DBFF35E0C340F9E20316AA98
:104E2000E17B41B9EDFFFF1709DE0737240080D28F
:104E30009B1300A9E17B01B9E0C300F93F1C00719D
:104E40000DE1FF54E2C30591E10315AAE00313AAA3
:104E5000E98B00B9EB9B00B9EA5F00F9150E0094ED
:104E600040D9FF35EA5F40F9E20316AAE0C340F9F2
:104E7000E98B40B9EB9B40B9E17B41B9F9FEFF17E3
:104E8000E39740B97F040071CDDEFF5464000090C9
:104E9000848031917F4400716D3F0054FC030B2AE4
:104EA000F80304AA1B0280D2E98B00B9EA4F00F98B
:104EB00004000014F7420051FF420071CD3D005440
:104EC0000040009121040011586C00A9424000915B
:104ED000E17B01B9E0C300F93F1C0071CDFEFF5436
:104EE000E2C30591E10315AAE00313AAF10D0094B2
:104EF000C0D4FF35E0C340F9E20316AAE17B41B913
:104F0000EDFFFF17E2C30591E10315AAE00313AA21
:104F1000E98B00B9EB9B00B9EA5F00F9E50D00945D
:104F200040D3FF350821601EE39740B9EA5F40F99E
:104F3000E20316AAE0C340F977040051E98B40B9B7
:104F4000EB9B40B9E17B41B9C0F9FF54BAFEFF17B2
:104F5000E2C30591E10315AAE00313AAE98B00B9A6
:104F6000EB9B00B9EA5F00F9D20D0094E0D0FF3569
:104F7000EA5F40F9E20316AAE0C340F9E98B40B9C1
:104F8000EB9B40B9E17B41B99EFEFF17E09340B92E
:104F9000E903172AEB03182AE703192AEA031AAAD6
:104FA000C032F837E03F40F9013C009121F07D929A
:104FB000E13F00F91B0040F9FFFF0439FB8500B415
:104FC0001F4D01716072005438011C122972203784
:104FD000A7BBF837E27C4093E0031BAA0100805294
:104FE000E78B00B9E99B00B9EBBB00B9EA6300F9B4
:104FF00014E9FF97EA6340F9F90300AAE78B40B987
:10500000E99B40B9EBBB40B900FB00B4E1FF443978
:1050100003001BCBFF8B00B97F000071FF9B00B921
:10502000F703032A7AA09F1A07008052190080D242
:10503000680E80522192FF3424FFFF17E903172ADC
:10504000EB03182AEA031AAA1F0D0171400000544D
:10505000A92F2036E0A30591020180D201008052E1
:10506000E88B00B9E99B00B9EBBB00B9EA6300F932
:1050700044C2FF97E09340B9EA6340F9E88B40B936
:10508000E99B40B9EBBB40B94082F837E03F40F9BB
:10509000012C009121F07D92E13F00F9020040B91E
:1050A000F8230691E3A30591E10318AAE00313AAEC
:1050B000E88B00B9E99B00B9EBBB00B9EA6300F9E2
:1050C00038FAFF97EA6340F9F703002AE88B40B902
:1050D0001F040031E99B40B9EBBB40B920DC005410
:1050E0001F0000711AA09F1AFB0318AA010080522A
:1050F000190080D20700805218008052FF8B00B93F
:10510000FF9B00B9FFFF04395CFCFF17F803184B45
:10511000E03F00F948034039F7021E323FFCFF1719
:10512000EA031AAAEB03182AE703192AFA021C3227
:10513000E09340B95A002837FA202036E04BF83780
:10514000E03F40F9013C009121F07D92E13F00F900
:10515000000040F92100805202008052E2FF043931
:105160000718F8371F0000F1497B1812E008407A51
:105170006117005481040035570300127A1C003671
:10518000FBAF07910006805207008052E0AF07395D
:10519000E1FF4439FF00176BFF8B00B9FAA0971AA3
:1051A000FF9B00B9190080D2180080526186FF343D
:1051B000C6FEFF17EB03182AE703192AEA031AAA07
:1051C000E9021C32E09340B949002837291B2036F8
:1051D0008048F837E03F40F9013C009121F07D9292
:1051E000E13F00F9010040F9E00301AA4119F8B7D5
:1051F000A717F8371F0000F129791812E008407A44
:1052000021170054FBB3079107008052170080520A
:10521000E0FFFF17EB03182AE703192AEA031AAA8B
:10522000E9021C32E09340B949002837891B203637
:105230000043F837E03F40F9013C009121F07D92B6
:10524000E13F00F9000040F93A791512010080525F
:10525000C2FFFF1748034039F7021D32EFFBFF176B
:1052600048034039F7021B32ECFBFF17E09340B9CB
:10527000E903172AEB03182AE703192AEA031AAAF3
:10528000801AF837E03F40F9013C009121F07D920F
:10529000E13F00F9000040F902068F52230000B000
:1052A0003A011F3263400F9141008052080F805233
:1052B000E37300F9E2830279A8FFFF17E09340B996
:1052C000E903172AEA031AAAA90128378901203716
:1052D000A99C303749CE483620ECF837E03F40F9FA
:1052E000013C009121F07D92E13F00F9000040F97E
:1052F000E1D34139010000398FFBFF178023F837D4
:10530000E03F40F9013C009121F07D92E13F00F93E
:10531000000040F9E17780B9010000F986FBFF1732
:10532000480340391FB1017120200054F7021C329C
:10533000BAFBFF17480340391FA10171001F005439
:10534000F7021A32B5FBFF17600580524803403957
:10535000E0FF0439B1FBFF1748034039F702193267
:10536000AEFBFF17E1031AAA281440381FA90071E9
:1053700040EF005400C10051FA0301AA0700805217
:10538000190080521F240071A874FF541F2003D5F8
:1053900028144038E708070B0704070B00C1005129
:1053A0001F24007169FFFF54FF000071FA0301AA76
:1053B000F9A09F5A9AFBFF17E09340B92013F837E2
:1053C000E03F40F9002C009100F07D92E13F40F970
:1053D000380040B9D8E9FF3748034039E03F00F9C9
:1053E0008EFBFF17E00313AA0EE8FF97000440F9B5
:1053F000E07700F9B3C1FF97E10300AAFB0301AA1C
:10540000E00313AAE18300F906E8FF97000840F9DA
:10541000E07B00F97F0300F1041840FAC00B005450
:1054200001004039E0021632480340393F00007164
:105430001710971A79FBFF1748034039F70200321B
:1054400076FBFF17E0FF443948034039606EFF35B3
:1054500000048052E0FF043970FBFF17FA03092AA9
:105460003F04007120040054F7B30791FB0317AA0F
:105470003F08007161010054E27340F91F2003D519
:10548000010C409200FC44D34168613861FF1F3831
:1054900080FFFFB5F7021B4BE9031A2A3DFFFF17F8
:1054A00001080012E2031BAA21C0001161FF1F388E
:1054B00000FC43D360FFFFB53FC00071E0079F1AB7
:1054C0005F03006A80FEFF54420800D1000680524C
:1054D000E9031A2AF702024B60F31F38FB0302AA02
:1054E0002CFFFF17FA03092A1F2400F1A8550054C6
:1054F00000C00011E9031A2AFBAF07913700805260
:10550000E0AF073923FFFF17FBB307910700805275
:1055100020FFFF17E00300CBFA03092AA2058052FF
:10552000210080520EFFFF170971073601FCFF179B
:10553000E95E3036E08DF837E03F40F9012C00910C
:1055400021F07D92E13F00F900008079E10300AA9B
:1055500027FFFF173A6230368089F837E03F40F97D
:10556000012C009121F07D92E13F00F9000040798B
:1055700021008052F9FEFF17A075F837E03F40F98F
:10558000013C0091080040FD21F07D92E13F00F9CF
:10559000B6FDFF174803403920FBFF17495D303641
:1055A0002089F837E03F40F9012C009121F07D92ED
:1055B00000004079E13F00F924FFFF17E903172AB3
:1055C000EB03182AE703192AEA031AAAFEFEFF17BB
:1055D000E09340B9012000113F0000712D9F00545D
:1055E000E03F40F9E19300B9023C009141F07D9227
:1055F000E13F00F928FFFF17E09340B901200011B7
:105600003F0000712D9B0054E03F40F9E19300B949
:10561000023C009141F07D92E13F00F966FEFF17E8
:10562000E09340B9012000113F000071CD9B005470
:10563000E03F40F9E19300B9002C009100F07D9229
:1056400063FFFF17E09340B9A099F837E03F40F9B6
:10565000012C009121F07D92E13F00F9000040B95A
:105660003A008052F8230691F7031A2AE0230639FC
:105670009EFEFF17EA4F40F9EB031C2AE98B40B965
:10568000E40318AAF77E4093210400110000178B51
:10569000E17B01B9E0C300F9440000F9570400F9C7
:1056A0003F1C0071CD9DFF54E2C30591E10315AA93
:1056B000E00313AAE98B00B9EB9B00B9EA5F00F99C
:1056C000FC0B00942096FF35EA5F40F9E20316AA2E
:1056D000E0C340F9E98B40B9EB9B40B9E17B41B9AC
:1056E000E0FCFF17E2C30591E10315AAE00313AA4A
:1056F000E98B00B9EB9B00B9EA5F00F9ED0B009470
:105700004094FF35EA5F40F9FC0316AAE0C340F974
:10571000E98B40B9EB9B40B990FBFF174807403934
:10572000F70217325A070091BCFAFF1748074039B1
:10573000F7021B325A070091B8FAFF17E00313AAC9
:10574000010880D2C7BAFF97A00200F9A00E00F9A5
:10575000A0D700B4F96B04A900088052FB7305A917
:10576000E827066DA02200B961FAFF17E09340B95F
:10577000012000113F0000714D970054E03F40F9B7
:10578000E19300B9023C009141F07D92E13F00F9C4
:10579000E0FEFF17440000F0E17B41B984803191C5
:1057A000FF4200712D610054E2031CAA080280D25E
:1057B000FC030AAAEC5F00F9E9C300B9EBCB00B91E
:1057C000F8D300B9F80304AA04000014F74200510A
:1057D000FF420071CD5E0054004000912104001191
:1057E000582000A942400091E17B01B9E0C300F9D3
:1057F0003F1C0071CDFEFF54E2C30591E10315AAE1
:10580000E00313AAAB0B0094008CFF35E0C340F912
:10581000E20316AAE17B41B9080280D2ECFFFF1730
:10582000E903172AEB03182AE703192AEA031AAA3D
:10583000200000B000A00F91E07300F9E09340B9A0
:10584000A90F2837890F2037E94830366076F837B6
:10585000E03F40F9012C009121F07D920000407959
:10586000E13F00F97A000014EA031AAAEB03182AB0
:10587000E703192AFA03172A2EFEFF17200000B0AB
:10588000E903172A00400F91EB03182AE703192AAE
:10589000EA031AAAE07300F9E9FFFF17E903172AE0
:1058A000EB03182AE703192AEA031AAA5EFEFF1778
:1058B000E18B40B93F000071E19B40B920D8407AAC
:1058C0008DCC00546D030C8BE2031CAA440000F045
:1058D000FC03012A84803191F8030DAA170280D2BB
:1058E000F34F00F9F95F00F9F90308AAEC6F00F92A
:1058F000FB8700F9FB7B40F9E91301B9EB2301B900
:10590000FA2701B9FA8340F9EA9700F92800001450
:105910009C070051E17B41B900001A8BE37740F905
:1059200021040011436800A942400091E17B01B9C4
:10593000E0C300F93F1C00712C170054610340398B
:10594000050319CBE30318AA3F00056B33B0851A92
:105950007F0200718D010054E17B41B96A7E409362
:1059600000000A8B592800A921040011E17B01B92C
:10597000E0C300F93F1C00716C36005461034039EC
:10598000424000917F02007165A29F1A3300054BCF
:105990007F020071AC0B0054E58B40B93903218BB9
:1059A000BF00007180DB407ACDB100549F030071CD
:1059B0000CFBFF54E18B40B97B0700D1210400515F
:1059C000E18B00B9D4FFFF17E28F4AA9830B00A92E
:1059D000E17B41B99C43009121040011E17B01B9B5
:1059E0000000028BE0C300F93F1C00710D9BFF54C7
:1059F000E2C30591E10315AAE00313AAEC4700F9FD
:105A0000E99B00B9EBBB00B9E82B0CA9290B00946A
:105A1000C07BFF35EC4740F9FC0316AAE82B4CA9E4
:105A2000E0C340F9E99B40B9EBBB40B9F74B41B942
:105A3000C7FCFF17A001F837E03F40F9013C009197
:105A400021F07D92E13F00F9000040F91F0000F1D4
:105A5000E1079F1A3F01016A610F00543A7915125C
:105A600041008052BDFDFF17E09340B901200011B5
:105A70003F000071ED350054E03F40F9E19300B97B
:105A8000023C009141F07D92E13F00F9EFFFFF17EA
:105A9000E09340B9012000113F0000710D3900541E
:105AA000E03F40F9E19300B9023C009141F07D9262
:105AB000E13F00F9E4FDFF17E09340B90120001138
:105AC0003F000071AD310054E03F40F9E19300B96F
:105AD000023C009141F07D92E13F00F99DFDFF17EE
:105AE000E09340B9012000113F000071CD34005413
:105AF000E03F40F9E19300B9023C009141F07D9212
:105B0000E13F00F9B8FDFF174A0000F0E17B41B921
:105B10004A8131917F420071ED030054E3130CA9D7
:105B2000F86B00F9F84F40F904000014734200517B
:105B30007F420071CD020054004000912104001109
:105B4000445C00A942400091E17B01B9E0C300F947
:105B50003F1C0071CDFEFF54E2C30591E10315AA7D
:105B6000E00318AAD30A009460770035734200510D
:105B7000430000F0E0C340F9E20316AAE17B41B91B
:105B8000648031917F4200718CFDFF54E32B4CA95E
:105B9000F86B40F9657E4093210400110000058BED
:105BA0004A1400A9E17B01B9E0C300F93F1C007170
:105BB0002C710054610340394240009177FFFF1778
:105BC000E2C30591E10315AAE00313AAF2BB00B9F1
:105BD000EEC300B9E8CB00B9E9D300B9EBDB00B9FB
:105BE000E70B01B9EA8B00F9B20A0094E06CFF35CB
:105BF000EA8B40F9FC0316AAE0C340F9E1FF4439FF
:105C0000F2BB40B9EEC340B9E8CB40B9E9D340B9E3
:105C1000EBDB40B9E70B41B9A2F9FF17E04F40F9C0
:105C2000E2C30591E10315AAA20A0094C0A20035BF
:105C3000E0C340F9410000F0E20316AA248031914C
:105C40003FFFFF170106805229011F32E10305398A
:105C5000E807053982FFFF170021681E468C0054B3
:105C600017791A12FF060171412B0054010F80525F
:105C70001F850171000B80520010811A01068052AD
:105C8000E1030539E0070539FB230691190080D2AD
:105C9000FF8C0171EC5B00540101669E0041611EA6
:105CA000A2058052E0230591E88B00B9E9AF1229E3
:105CB00021FC60D3EA6300F93F000071E7FB00B903
:105CC00041B09F1AE1BB00B900BC681E71E6FF97A6
:105CD0000110681EE88B40B9EA6340F90108611EB3
:105CE000E9AF5229E7FB40B92820601E2055005437
:105CF000E303072A1F85017163040091200000B0AF
:105D0000220000B000400F9142A00F916303038B6B
:105D10004210809A0210661EE0031BAA03000014C2
:105D20002820601E608800542108621EEC0300AA2F
:105D30002100781E2000621E44C861380414003817
:105D40002138601E7F0000EBC1FEFF5400106C1E66
:105D50003020601E8C0000542020601EA1020054E0
:105D600081020036ECB700F9E10300AA443C403957
:105D700003F05F387F00046B210100540706805256
:105D800027F01F38E1B740F9230400D1E3B700F949
:105D900023F05F389F00036B40FFFF546404001141
:105DA000841C00127FE400714055005424F01F3819
:105DB000F84B41B900001B4B013D001129011F3276
:105DC000211C001222008052E09700B90007005108
:105DD000E04B01B93B010014E2C30591E10315AAB0
:105DE000E00313AAE98B00B9EB9B00B9EA5F00F965
:105DF000300A0094A05CFF35EA5F40F9FC0316AA64
:105E0000E0C340F9E98B40B9EB9B40B9C5F9FF17F6
:105E1000E0830591020180D201008052E88B00B935
:105E2000E99B00B9EBBB00B9E7C300B9EA6700F929
:105E3000FBB700F9D3BEFF97E7C340B9EA6740F963
:105E4000E88B40B9E99B40B9EBBB40B9C731F837A3
:105E5000180080D217008052FA03092AF903072A92
:105E6000F54700F9F503172AF70318AAF8030AAA59
:105E7000E89B00B9EBBB00B90D000014E38305916A
:105E8000E1230691E00313AAC6F6FF971F04003131
:105E9000A06F0054A002000B1F00196BEC0000540F
:105EA000F712009180730054F503002AE0B740F91F
:105EB000026877B842FEFF35F703152AE89B40B920
:105EC000F54740F9E9031A2AEBBB40B9EA0318AADF
:105ED00077320034FF8E01712C460054FB2306916B
:105EE000190080D2020180D201008052E083059126
:105EF000E88B00B9E99B00B9EBBB00B9EA6300F994
:105F0000A0BEFF97E07E4093E4830591F80300AACA
:105F1000E30300AAE2A30591E1031BAAE00313AA8D
:105F2000C4F6FF97EA6340F91F0300EBE88B40B922
:105F3000E99B40B9EBBB40B9C19700547FCB3738E0
:105F4000FF020071FF8B00B9FAA29F1AE1FF4439EA
:105F500007008052FF9B00B918008052E118FF34FF
:105F60005AFBFF17E98B40B9EA031CAAEB9B40B927
:105F7000FC0302AAE40318AAF77E4093210400114F
:105F80000000178BE17B01B9E0C300F9845F00A931
:105F90003F1C0071EC41FF549C430091EBF8FF174C
:105FA000F7B3079143031612F8E702B2E20317AA08
:105FB000E40317AA05008052F70313AAB89999F2CF
:105FC000F303032AE30315AAF57B40F90700001445
:105FD000197CD89B39FF43D31F2400F14902005498
:105FE000E00319AAE2031BAA197CD89BA50400119F
:105FF0005B0400D139FF43D3210B198B010401CB82
:1060000021C0001141F01F3853FEFF34A102403976
:106010003FFC03712010457AC1FDFF541F2400F19D
:10602000484F0054F30317AAF70304AAF7021B4BC7
:10603000E9031A2AE59700B9F57B00F9F50303AAED
:1060400054FCFF17E04F40F9E2C30591E10315AAA4
:10605000F86300F99709009460810035E36340F923
:10606000440000D0E0C340F9E20316AA61034039BE
:106070008480319144FEFF17FF180071C3008052E5
:10608000FA90831A25000090F7031A2ABB0010919A
:10609000190080D2010080520700805218008052FF
:1060A000FF8B00B9FF9B00B974F8FF17E0C340F9FC
:1060B0004047FFB4E00313AAE2C30591E10315AA28
:1060C0007C090094A022407900001A1235FAFF17CB
:1060D000E09340B9012000113F000071AD2E005443
:1060E000E03F40F9E19300B9022C009141F07D922C
:1060F000E13F00F9EAFBFF17E25340F9E09340B9B2
:10610000E19300B940C0208B12FCFF17C929483623
:10611000E05EF837E03F40F9012C009121F07D92DC
:10612000E13F00F900008039E10300AA30FCFF17CD
:10613000E25340F9E09340B9E19300B940C0208BAD
:1061400042FEFF17292748362072F837E03F40F912
:10615000012C009121F07D9200004039E13F00F9CF
:106160003AFCFF1749254836E068F837E03F40F928
:10617000012C009121F07D9200004039E13F00F9AF
:1061800033FEFF17E25340F9E09340B9E19300B9C1
:1061900040C0208B14FCFF17BA224836E06BF8375A
:1061A000E03F40F9012C009121F07D92E13F00F9A0
:1061B0000000403921008052E8FBFF17E25340F90C
:1061C000E09340B9E19300B940C0208B1EFCFF175B
:1061D000FF04003100310054FF1E0171E008407AD5
:1061E000E7149F1A0001669E3901183200FC60D343
:1061F0006057F8370941601EFFBB00B9E8A71229B4
:106200002041601EEBC300B9EA6700F9FF1A017173
:1062100081360054E203072A61008052E5A305910C
:10622000E4830591E3230591E00313AAE78B00B90A
:10623000A4E5FF97E78B40B9FB0300AA01004039B2
:10624000EA6740F93FC00071E8A7522900C0278BD8
:10625000EBC340B960430054E14B41B901C0218B0D
:106260002821601E80420054E0B740F903068052A6
:106270003F0000EBE900005402040091E2B700F98E
:1062800003000039E0B740F93F0000EB68FFFF541E
:10629000F84B41B900001BCBE09700B9FF1E01711C
:1062A000402E005400070051FF1A01716041005454
:1062B000011D001202008052190080D2E04B01B98A
:1062C000E1430539610580528000F8362000805294
:1062D0000000184BA1058052E14705391F240071C9
:1062E000AD4A0054ECBF0591AD999952E4030CAA54
:1062F0008D99B972027CAD9BE30304AAE503002AE1
:10630000840400D142FC63D34108020B0104014B19
:10631000E003022A21C0001161F01F38BF8C017117
:10632000ACFEFF5440C0001180F01F38600800D15F
:106330001F000CEBC2700054E14B05910214403871
:10634000221400381F000CEBA1FFFF54E0C3099199
:10635000030003CB60F40351E0FB00B9E09740B9C0
:10636000E1FB40B91700010B1F040071AD4A005456
:10637000E0AB40B9F702000B29791512FF0200715A
:1063800029011832FAA29F1A18008052FF8B00B917
:10639000FF9B00B9E0BB40B940270035E1FF44391D
:1063A00007008052A1F6FE3448FAFF17EC5F40F96F
:1063B000E40318AAE9C340B9EA031CAAEBCB40B92D
:1063C000FC0302AAF8D340B9E77E409321040011F0
:1063D0000000078B841F00A99C430091E17B01B959
:1063E000E0C300F93F1C00714D4AFF54E2C3059120
:1063F000E10315AAE00313AAEC5F00F9E9C300B9B1
:10640000EBCB00B9EA6B00F9AA080094E02BFF354A
:10641000EC5F40F9FC0316AAEA6B40F9E0C340F9CF
:10642000E9C340B9EBCB40B942FAFF17E0FF40B9EE
:10643000014000113F0000712D1D0054E03F40F964
:10644000E1FF00B9023C0091080040FD41F07D925F
:10645000E13F00F905FAFF17E0FF40B901400011E4
:106460003F000071CD1C0054E03F40F9E1FF00B94E
:10647000003C009100EC7C9201400091E13F00F96A
:10648000EDF9FF17E4830591E2A30591E00313AA58
:10649000030080D2010080D2E88B00B9E99B00B9EB
:1064A000EBBB00B9EA6300F962F5FF97EA6340F9D4
:1064B000F703002AE88B40B91F040031E99B40B97B
:1064C000EBBB40B9006D0054FBB700F981FEFF172C
:1064D000A0058052A1058052E0FF0439EBF9FF17B7
:1064E000E2C30591E10315AAE00313AAE98B00B901
:1064F000EB9B00B9EA5F00F96E0800946024FF3559
:10650000EA5F40F9FC0316AAE0C340F9E98B40B901
:10651000EB9B40B9E24B41B997F8FF17E1FF4439D3
:106520001A008052FF8B00B907008052FF9B00B910
:1065300018008052190080D201EAFE34E3F9FF17F7
:10654000E2C30591E10315AAE00313AAEC5F00F989
:10655000E9C300B9EBCB00B9EA6B00F95508009428
:106560004021FF35EC5F40F9FC0316AAEA6B40F9C5
:10657000E0C340F9E9C340B9EBCB40B9E8F9FF17F4
:1065800049EE0636E28F4AA9830B00A9E17B41B9A7
:106590008643009121040011E17B01B94000008B8A
:1065A000E0C300F93F1C00712D10FF54E2C30591B8
:1065B000E10315AAE00313AAE98B00B9EB9B00B92C
:1065C000EA5F00F93B080094001EFF35EA5F40F9DE
:1065D000E60316AAE0C340F9E98B40B9EB9B40B94A
:1065E000E24B41B9E17B41B970F8FF172048F83719
:1065F000E03F40F9012C009121F07D92E13F00F94C
:10660000000040B921008052D4FAFF176042F837E9
:10661000E03F40F9012C009121F07D92000040B94B
:10662000E13F00F90AFDFF174044F837E03F40F929
:10663000012C009121F07D92000040B9E13F00F96A
:1066400002FBFF17E047F837E03F40F9012C0091CB
:1066500021F07D92E13F00F9000080B9E10300AA3A
:10666000E3FAFF17A04AF837E03F40F9013C0091F8
:1066700021F07D92E13F00F9000040F9E1EB407923
:1066800001000079ACF6FF17E09340B9012000113A
:106690003F0000714D3C0054E03F40F9E19300B9E8
:1066A000022C009141F07D92E13F00F9B0FBFF1711
:1066B000E25340F9E09340B9E19300B940C0208B28
:1066C00077FAFF17E09340B9012000113F000071F5
:1066D0000D330054E03F40F9E19300B9022C0091E2
:1066E00041F07D9200004079E13F00F9D7FAFF17B1
:1066F000E09340B9012000113F0000716D38005453
:10670000E03F40F9E19300B9022C009141F07D9205
:10671000E13F00F98DFBFF17E09340B90120001124
:106720003F0000712D310054E03F40F9E19300B982
:10673000022C009141F07D9200004079E13F00F988
:10674000C3FCFF17E0031BAAE9BB00B9EBC300B908
:10675000190080D2EA6700F9DABCFF97E1FF4439FB
:106760001F000071FF8B00B9F703002AFF9B00B9DF
:106770001AA09F1AEA6740F907008052E9BB40B9A6
:10678000680E8052EBC340B981D7FE344FF9FF1732
:1067900020008052E04B01B956FDFF17E1060011C1
:1067A000E00313AAE88B00B9217C4093E99B00B970
:1067B000EBBB00B9EA6300F9AAB6FF97EA6340F9B8
:1067C000FB0300AAE88B40B9E99B40B9EBBB40B999
:1067D000A05400B4F90300AAC3FDFF17E28F40F9EB
:1067E000E0FF40B9E1FF00B940C0208B080040FD48
:1067F0001EF9FF17C70080527BFEFF17E28F40F99A
:10680000E0FF40B9E1FF00B940C0208B0AF9FF1753
:10681000E1040011E00313AAE78B00B9217C409347
:10682000E8A71229EA5F00F9EBFB00B98DB6FF97E4
:10683000EA5F40F9FB0300AAE78B40B9E8A75229B9
:10684000EBFB40B9E02000B4F90300AA13FDFF17E9
:106850004428403956FDFF17E0B740F9F84B41B9DD
:1068600000001BCBE09700B9FF00186B01AB433A67
:106870004A01005408090051000700518DFEFF171E
:10688000A00580525A070011A105805207008052CE
:10689000E0FF043979F6FF17E19740B93F00186B24
:1068A0008C170054E0AB40B93F0140F20C03000BE1
:1068B0009711981A690050361F0300712C25005457
:1068C000FF020071E80C8052FAA29F1AE903192A0C
:1068D000190080D2FF8B00B9FF9B00B9AEFEFF17F5
:1068E000FF16017121020054F8040011410080528A
:1068F000E203182AE5A30591E4830591E3230591BA
:10690000E00313AAE78B00B9EEE3FF97FB0300AAAD
:10691000EA6740F901C0388BE78B40B9E8A75229F4
:10692000EBC340B94FFEFF17E203072AE5A3059129
:10693000E4830591E3230591E00313AA410080520B
:10694000E78B00B9DFE3FF97E8A75229FB0300AA12
:10695000EA6740F9E78B40B9EBC340B9E9F707367E
:1069600061C3278B3FFEFF17E25340F9E09340B924
:10697000E19300B940C0208B8FF9FF17E09340B935
:10698000012000113F0000710D1A0054E03F40F952
:10699000E19300B9022C009141F07D92E13F00F9B2
:1069A0002FFBFF17E25340F9E09340B9E19300B9A0
:1069B00042C0208BE03F40F9E23F00F984FAFF1724
:1069C000E25340F9E09340B9E19300B940C0208B15
:1069D00031FAFF17E04F40F9E2C30591E10315AA30
:1069E000E36300F933070094E0340035E36340F9D2
:1069F000440000D0E0C340F9E20316AA6103403925
:106A000084803191E5FBFF17E17740F9E88B00B90D
:106A1000E08340F9EB9F1229E3AB0BA97B0300CB8A
:106A2000E20300AAE0031BAAE46700F929E2FF974A
:106A3000A006403905008052E3AB4BA91F0000714E
:106A4000E46740F9B506959AE88B40B9EB9F522967
:106A500064FDFF17E15F40F9F30318AACCF7FF17B5
:106A6000E25340F9E09340B9E19300B940C0208B74
:106A700028FAFF17E2C30591E10315AAE00313AA60
:106A8000E98B00B9EB9B00B9EA5F00F909070094B4
:106A9000C0F7FE35E1AF5229FC0316AAF74B41B906
:106AA000EA5F40F93700174BE0C340F9E98B40B982
:106AB000B9F8FF17F84B41B9E00301AAF6FDFF173B
:106AC0002821601EC1330054F84B41B900C0388BF7
:106AD00000001B4BE09700B9200100120000072ABC
:106AE0001F030071AD2E0054A01F0035F703182AB4
:106AF000C80C805289135037FF020071FAA29F1A06
:106B000073FFFF17440000D0F703024B84803191DC
:106B10005F4000310A060054E20315AAFC03092A6B
:106B2000F503172A180280D2F70302AAF94700F9E1
:106B3000F90304AAEB9B00B9EA5F00F90400001412
:106B4000B5420051BF4200716D03005400400091F6
:106B500021040011D96000A9C6400091E17B01B970
:106B6000E0C300F93F1C0071CDFEFF54E2C3059164
:106B7000E10317AAE00313AACE060094E02400352F
:106B8000E0C340F9E60316AAE17B41B9EDFFFF1728
:106B9000E1AB40B9E80C80523700000B1F030071D5
:106BA000ACFAFF54EC02184B97050031FA529F1AC9
:106BB00047FFFF17EA5F40F9E20317AAE40319AAA7
:106BC000EB9B40B9F94740F9F703152AE9031C2A62
:106BD000F50302AAF77E4093210400110000178BF1
:106BE000C45C00A9C6400091E17B01B9E0C300F993
:106BF0003F1C0071CDDDFE54E2C30591E10315AAEF
:106C0000E00313AAE98B00B9EB9B00B9EA5F00F936
:106C1000A8060094A0EBFE35EA5F40F9E60316AA49
:106C2000E0C340F9E98B40B9EB9B40B9E17B41B946
:106C3000DFF6FF17E14B059182000035E14F05912A
:106C400002068052E24B053900C0001120140038C2
:106C5000E24305912000024BE0FB00B9C0FDFF17A5
:106C6000F96B44A9FB7345A9E827466DA02240793A
:106C700000001A32A022007900008012E07700B9EB
:106C80004CF7FF17F54740F9010080D2A022C079E8
:106C900000001A32A02200793DF7FF17C01CF83718
:106CA000E03F40F9013C009121F07D92E13F00F985
:106CB000000040F9E17740B9010000B91EF5FF1767
:106CC000C9B50736ABFDFF17E25340F9E09340B971
:106CD000E19300B940C0208B61FAFF17A0058052F4
:106CE0000941611EE0BB00B945FDFF17E09340B9C3
:106CF000012000113F0000712D270054E03F40F9B2
:106D0000E19300B9022C009141F07D92E13F00F93E
:106D100005FDFF17F54740F9E9031A2AE89B40B93A
:106D2000EA0318AAEBBB40B9F703192A69FCFF175D
:106D3000E25340F9E09340B9E19300B940C0208BA1
:106D40000000407941F9FF17E25340F9E09340B960
:106D5000E19300B940C0208B000040793CFBFF1755
:106D6000E80C8052E17B40F9200040391FFC0371A0
:106D70004027005403008052020080520500001496
:106D800042040011210400911FFC037120010054F2
:106D90001F00186BEA0000541803004B2004403910
:106DA00000FFFF352000403963040011F7FFFF1793
:106DB000E28B00B9E39B00B9E17B00F9E18B40B9BC
:106DC000E903192AE09B40B9190080D20000010BA9
:106DD000E10341B9175C011BFF020071FAA29F1A7F
:106DE0006DFDFF170001669EE011F8B7E1FF443921
:106DF00020000090250000901F1D017100000F91E0
:106E0000A5200F91A6F7FF17E25340F9E09340B990
:106E1000E19300B940C0208BCCF9FF17E25340F951
:106E2000E09340B9E19300B940C0208BD0F9FF173F
:106E3000E1001B0B030680522100004B22040011CD
:106E400002C0228B617BFF37031400385F0000EB28
:106E5000C1FFFF54D7FBFF17E09340B90120001199
:106E60003F0000710D140054E03F40F9E19300B978
:106E7000022C009141F07D92000040B9E13F00F901
:106E8000F3FAFF17E09340B9012000113F000071B1
:106E90000D140054E03F40F9E19300B9022C009139
:106EA00041F07D9200004039E13F00F9E8FAFF1718
:106EB000E09340B9012000113F000071AD1600546D
:106EC000E03F40F9E19300B9022C009141F07D923E
:106ED000000040B9E13F00F9DCF8FF17E0AB40B932
:106EE000C80C8052EC00000B9701180B02FFFF1733
:106EF000E09340B9012000113F0000710D100054D3
:106F0000E03F40F9E19300B9022C009141F07D92FD
:106F1000E13F00F9BBFDFF17E09340B901200011EC
:106F20003F0000712D150054E03F40F9E19300B996
:106F3000022C009141F07D92E13F00F99DFCFF178A
:106F4000E09340B9012000113F000071ED0E0054A4
:106F5000E03F40F9E19300B9022C009141F07D92AD
:106F6000E13F00F9BDFDFF17E1FF4439FA03072AAD
:106F7000FF8B00B9F703072AFF9B00B90700805277
:106F8000680E8052A197FE3450F7FF17E09340B986
:106F9000012000113F0000716D130054E03F40F9E3
:106FA000E19300B9022C009141F07D92000040393C
:106FB000E13F00F9A5F8FF17E09340B90120001167
:106FC0003F0000716D060054E03F40F9E19300B9C5
:106FD000023C009141F07D92E13F00F9A7FDFF17CF
:106FE000F34F40F9E80319AAF95F40F9FB7B00F978
:106FF000EC6F40F9FC0302AAFB8740F9EA9740F9DD
:10700000E91341B9EB2341B9FA2741B91F0103EB59
:107010000891839A49F7FF17E14740F9F50317AA4A
:107020005BF6FF17A0058052A1058052E0FF0439EE
:1070300070FFFF17E09340B9012000113F0000717D
:107040008D0D0054E03F40F9E19300B9023C0091FE
:1070500041F07D92E13F00F916FFFF17E09340B940
:10706000012000113F000071ED010054E03F40F9A4
:10707000E19300B9023C009141F07D92E13F00F9BB
:107080009BF8FF17F34F40F9E15F40F940F6FF1717
:10709000E25340F9E09340B9E19300B940C0208B3E
:1070A00076FDFF17E25340F9E09340B9E19300B950
:1070B00040C0208B8EF8FF17A00000353A008052A8
:1070C000C80C8052F7031A2A01FEFF17E0AB40B943
:1070D000C80C80520C0400119701072BFA529F1A1A
:1070E000FBFDFF17E25340F9E09340B9E19300B98B
:1070F00040C0208B000040B955FAFF17E25340F919
:10710000E09340B9E19300B940C0208B3DFDFF17EB
:10711000E25340F9E09340B9E19300B940C0208BBD
:10712000000040394AFAFF17E25340F9E09340B9B2
:10713000E19300B940C0208B48FDFF172100805229
:107140002100074BE14B01B945FCFF17400080527D
:10715000E0FB00B982FCFF17E29340B96202F83706
:10716000E03F40F9002C009100F07D92E33F40F9B0
:10717000E03F00F948074039FA0301AAE29300B959
:10718000670040B9FF000071F9A09F5A23F4FF1770
:10719000E25340F9E09340B9E19300B940C0208B3D
:1071A000000040B929F8FF17E09340B90220001110
:1071B000E03F40F95F0000712D030054002C009166
:1071C00000F07D92EAFFFF17E25340F9E09340B9E7
:1071D000E19300B940C0208BF6FBFF17E25340F962
:1071E000E09340B9E19300B940C0208BCEFBFF177C
:1071F000E25340F9E09340B9E19300B940C0208BDD
:10720000ACFEFF17E25340F9E09340B9E19300B9B7
:1072100040C0208B000040390CF8FF17E45340F9C0
:10722000E39340B983C0238BE33F00F9D0FFFF17FE
:10723000A022C079E10319AA00001A32A022007925
:10724000D3F5FF1780018052600200B98BFEFF1753
:1072500063030C8B6EFFFF17FF8B00B9FF9B00B918
:10726000D7FEFF17A022C079010080D200001A3299
:10727000A0220079C6F5FF17000000000000000002
:10728000FD7BB5A9FD0300912220C079F35301A92C
:10729000F30301AA2201083620DC0191210080526B
:1072A000600200F9600E00F9612200B9F35341A9B0
:1072B000FD7BCBA8C0035FD62124C079F40300AACC
:1072C000F55B02A9F71B00F98103F837E22301916E
:1072D000900000940003F837E04F40B9168080D248
:1072E00015008152E10316AA000C14121F08407108
:1072F000E00314AAF7179F1ADAB3FF97200300B52B
:107300006022C0796005483700741E1261DE019169
:10731000F55B42A900001F32F71B40F922008052A2
:10732000610200F960220079610E00F9622200B961
:10733000DFFFFF176222C0795F0079F2000880D278
:10734000168080D2D602809AE10316AAE00314AA1E
:107350001700805215008052C2B3FF9720FDFFB482
:107360006222C079600200F942001932622200797B
:10737000600E00F9762200B9170100354200152A87
:1073800062220079F35341A9F55B42A9F71B40F94A
:10739000FD7BCBA8C0035FD66126C079E00314AAA9
:1073A00070000094C00000356222C079F4FFFF171E
:1073B000F55B42A9F71B40F9BDFFFF176222407938
:1073C00042741E1242000032423C0013ECFFFF17D1
:1073D000FD7BBDA9FD030091F35301A9F403012A2C
:1073E000F30302AAF55B02A9F50300AA600000B44A
:1073F000012440F9610800B46022C079612A40B9D3
:10740000610E00B9E0031836610E40F9A10300B423
:10741000961E0012941E001260046836600240F945
:10742000622240B9010001CB5F00016B0D050054E1
:1074300021040011620E40B903040091630200F9B7
:1074400042040051620E00B916000039602240B9B2
:107450001F00016BA00400549F2A00716022407934
:10746000E1179F1A3F00006A01040054F55B42A92E
:10747000E003142AF35341A9FD7BC3A8C0035FD6E0
:10748000E10313AAE00315AAE6DEFF9760030035C7
:107490006022C079961E0012610E40F9941E0012FF
:1074A000E0FB6F3762B240B900001332602200790E
:1074B0004078121260B200B9600240F9622240B90D
:1074C000010001CB5F00016B4CFBFF54E10313AAE9
:1074D000E00315AAEBB5FF9700010035600240F903
:1074E00021008052D4FFFF17E10313AAE00315AA7D
:1074F000E4B5FF97C0FBFF3414008012DCFFFF17D8
:10750000C0B6FF97BDFFFF1700000000000000009D
:10751000FD7BBEA9FD030091F35301A9740000D0C7
:10752000F30300AA9F4200B9E003012AE10302AA83
:1075300024A6FF971F04003180000054F35341A993
:10754000FD7BC2A8C0035FD6814240B981FFFF34F2
:10755000610200B9F35341A9FD7BC2A8C0035FD605
:10756000FD7BBEA9FD030091F35301A9740000D077
:10757000F30300AA9F4200B9E003012A1DA6FF976A
:107580001F04003180000054F35341A9FD7BC2A8C1
:10759000C0035FD6814240B981FFFF34610200B968
:1075A000F35341A9FD7BC2A8C0035FD600000000D1
:1075B00000000000000000000000000000000000CB
:1075C0005F2403D5420D00B4080001CAEBC300B22A
:1075D0001F0940F20D084092C10400540D0300B58C
:1075E000038440F8248440F8422000F168000BCB6B
:1075F00069D800B2660004CACE809FDA050129EA84
:10760000C00940FAE0FEFF54C70005AA42200091DD
:10761000E70CC0DA630CC0DAEC10C0DA840CC0DA14
:107620006320CC9A5F0C4CEB8420CC9A63FC78D31B
:1076300060E044CB00809F9AC0035FD600F07D924B
:1076400021F07D92038440F8EA0F0DCB248440F8AA
:10765000090080922925CA9A42000DAB42309FDA78
:10766000630009AA840009AAE0FFFF171F2003D5C1
:107670005F4000F1220100540314403824144038C4
:10768000420400F16088417A6020447A60FFFF5430
:10769000600004CBC0035FD66D0100B4ED030DCBD9
:1076A000AD09409242000DCB0314403824144038F9
:1076B0007F0400716020447AC1FEFF54AD0500F1E3
:1076C00048FFFF542CF07DD321EC7C920D0080927A
:1076D000EF030CCB038440F82824C1A8AD21CF9A36
:1076E000EF154092AC0130370425CC9A2821CF9A6F
:1076F000422000F1840008AA65000BCB660004CA92
:107700006AD800B2CE809FDAA5002A8ACA0105AAEB
:10771000CAF7FFB5038440F82425CC9A65000BCB4B
:107720006AD800B2860003CAA5002A8A5F0C4FEB14
:10773000C70005AAE7002D8AEA809FDAAAF6FFB5FE
:107740002824C1A85F2000F10421CF9A860003CA33
:10775000C70005AAE7000D8AEA809FDAAAF5FFB5FF
:10776000038440F8422000D1E0FFFF17000080D2E0
:10777000C0035FD600000000000000000000000011
:1077800000FFEFD20000679EC0035FD6000000003C
:10779000FD7BBEA9237CC29B217C029BFD03009143
:1077A000F30B00F9630400B5AEB2FF97F30300AA30
:1077B000600400B402805FF842F47E92422000D15F
:1077C0005F2001F1C80100545F9C00F1C900005422
:1077D0000004004F0040009100009F3C5FDC00F17E
:1077E000A80100541F7C00A91F0800F9E00313AA98
:1077F000F30B40F9FD7BC2A8C0035FD601008052A5
:1078000060B8FF97E00313AAF30B40F9FD7BC2A811
:10781000C0035FD66006803D608200915F2001F169
:1078200021FEFF5460C20091600A803DEEFFFF1709
:10783000B0B7FF9781018052010000B9130080D2D8
:10784000E00313AAF30B40F9FD7BC2A8C0035FD687
:10785000021440B9257C05135F00056BED0400544C
:107860000660009121100072C9C8228B447C4093AD
:10787000C3C8258BA87C409360040054C57868B8C1
:10788000631000910A0480524A01014BA524C11AD9
:107890003F0103EB09060054E70306AA1F2003D5A6
:1078A000620040B94220CA1A4200052AE24400B8E8
:1078B000654440B8A524C11A3F0103EB28FFFF54DB
:1078C000810008CB21F47ED3211400D121FC42D3C6
:1078D00021040091C208018BC57821B8250300342A
:1078E00042100091410006CB21FC4293011400B9E3
:1078F00061000034C0035FD61F1400B91F1800B91F
:10790000C0035FD63F0103EB89FFFF54820008CB21
:10791000010080D242F47ED3420400D142FC42D323
:10792000470400911F2003D5657861B85F0001EB23
:10793000C57821B82104009181FFFF54C208078B4C
:10794000410006CB21FC4293011400B981FDFF34B4
:10795000C0035FD6051800B905FDFF34E20306AA8F
:1079600042100091E0FFFF1700000000000000003F
:10797000FD7BB8A9FD030091F55B02A9F60300AAFF
:10798000200040F9F35301A9F40302AAF76303A905
:10799000F96B04A9F90301AAFB7305A90208403990
:1079A000E43300F9E33B00F9E57B00B95FC0007107
:1079B000812E00541C0C0091E0031CAA1F2003D54B
:1079C000FB0300AA021440385FC00071A0FFFF54FF
:1079D0007C031C4B80070011E06F00B9440000B02D
:1079E0009800329100CB6238C017003460034039F0
:1079F000150000F01C008052B5421091130080D297
:107A000000CB6038C0220034FA031BAA1F2003D524
:107A1000421F403802CB6238C2FFFF35E10315AA8E
:107A2000E0031AAA220080D2E6FEFF97F703002A9D
:107A3000E00600344103403917008052730000B45F
:107A4000530313CBF70B134B21781A12F3031AAA23
:107A50003F400171C00600543A0300F93C0B003569
:107A600060021BCB01008052000400511F1C0071FA
:107A7000CD0000541F2003D5007C01132104001108
:107A80001F1C0071ACFFFF54E00316AA09E4FF9726
:107A9000F90300AA803600B41A600091FC031AAA08
:107AA0007F0313EB620A00540600805207008052E5
:107AB0000A000014E003062AC610001161024039D2
:107AC00001CB6138210C00122120C01AE700012AE5
:107AD0007F021BEB2009005460FE5F381FB8007165
:107AE00060025BFAA20E0054DF80007141FEFF5479
:107AF000E1031CAA0000805286008052274400B88F
:107B000007008052FC0301AAEDFFFF17932200B487
:107B100041034039530313CB21781A12F70B134B4F
:107B2000F3031AAA3F40017181F9FF5460064039FE
:107B30001FAC0071E01F00541FB400718116005487
:107B400027008052600A4039610A009102CB6038F8
:107B5000FA0313AA40040051001C00121F600071B8
:107B6000C8F7FF54200440393A04009142400051C4
:107B700000CB603801040051211C00123F600071ED
:107B8000680100541F2003D5411F40384208020BF2
:107B90000204020B4240005100CB61380104005145
:107BA000211C00123F60007109FFFF54FF000071AB
:107BB0003A0300F94204825AF702020B3CF5FF3403
:107BC000E06F40B9D30080521F00007173029F1A0A
:107BD000F55B42A9E003132AF35341A9F76343A9D4
:107BE000F96B44A9FB7345A9FD7BC8A8C0035FD608
:107BF000070080521F2003D5E1031CAAE003072AD7
:107C0000274400B821001ACB21FC4293211700B968
:107C100033681B5363E4FF979C0240B96102004B39
:107C20003F001C6B8C0C00541B0080526B180054DE
:107C3000810A40B93F00176B8B1F0054810640B981
:107C40003F00176B2D0800543700174B9F03176B2D
:107C50004C0E0054800E40B91F080071A01400544F
:107C60001F0C0071002100541F04007161140054A6
:107C70009F03176B211400549F070071C00000542C
:107C800081070051E00319AA72E7FF9760130034DF
:107C9000810640B9E03B40F9530C8052010000B925
:107CA00020008052201700B9400300B9E03340F9AA
:107CB000190000F9C7FFFF17E10315AAE00313AA93
:107CC000220080D2E66F00B9E77F00B93DFEFF9742
:107CD000E66F40B9E77F40B980F0FF357DFFFF17C1
:107CE000150000F0B5421091E10315AAE0031BAAAC
:107CF000220080D233FEFF97FC03002A400B0035A0
:107D0000600740397307009101CB6038010B0034E4
:107D1000FB0313AA1FC00071A11E00541F2003D52E
:107D2000601F40381FC00071C0FFFF5400CB603897
:107D300021008052E16F00B91F000071FC179F1AEB
:107D400040E6FF354600001433008052DB0100346A
:107D5000810E40B93F080071400900543F0C00718A
:107D6000800900543F040071C1000054BB00083674
:107D7000400340B96003002A000900371F2003D5E3
:107D800073021C32E03340F9F55B42A9190000F997
:107D9000E03B40F9F96B44A9170000B9E003132A4E
:107DA000F35341A9F76343A9FB7345A9FD7BC8A819
:107DB000C0035FD633001C4BE00319AAE103132A6A
:107DC00024E7FF97FB03002A80010034610600517D
:107DD00020008052FB03002A227C05130020C11AD8
:107DE00042DB62B81F00026A800000543F001B6B38
:107DF0008C1300545B008052E103132AE00319AA9C
:107E0000F702130B93FEFF978AFFFF17610600919D
:107E1000070080524EFFFF17F30600515B1100353B
:107E200073110035607E0513220080524220D31A60
:107E300063031F32E103172A9C03174B44DB60B82E
:107E400053008052E00319AA5F00046A7B109B1A5A
:107E500080FEFF97970640B9BDFFFF17FA031BAAE4
:107E6000EFFEFF1760034039F3031BAA00781A12D4
:107E70001F40017120100054330300F951FFFF1718
:107E8000E17B40B9200080520000014BE07B00B94B
:107E9000E07B40B960F7FF34351740B9E0031AAA18
:107EA000B87E7E934203188B040000141F4400B870
:107EB0005F0000EBE90E0054010040B93F040031BF
:107EC00060FFFF5421040011010000B97F0A007116
:107ED000400F0054201740B91F00156B8C0600544A
:107EE0009C1300724105005433048052A6FFFF1713
:107EF000E07B40B900EDFF34E10319AAE00316AAC4
:107F000010E3FF97130A8052E03340F9F55B42A972
:107F10001F0000F9E003132AF35341A9F76343A9B3
:107F2000F96B44A9FB7345A9FD7BC8A8C0035FD6C4
:107F30000700805204FFFF179303014BE00316AACA
:107F4000E10319AAE203132AF702134BD1E4FF97C6
:107F5000F90300AA1A60009136FFFF174107403964
:107F600053070091FA0313AA00CB6138E0D6FF341F
:107F7000411F403800CB6138C0FFFF35B1FEFF170D
:107F80001B080091FF6F00B995FEFF174003188B87
:107F900000C05FB883E3FF970104805221001C4BAF
:107FA0001F00016B2AFAFF54201740B91F0000710F
:107FB000AD0C0054211B40B940CB208B22730091A3
:107FC000217C01531F0002EB490C0054440040B9CE
:107FD00042100091217C042A41801FB8817C01530A
:107FE0001F0002EB48FFFF54000019CB007400D1C2
:107FF00000FC42D300040091420B008B417B20B86F
:10800000410000344210009140001ACB00FC429322
:10801000201700B9A0090034800A40B9F706001102
:108020001F00176B2AF6FF54E00316AAE10319AAF2
:10803000C4E2FF9773148052E03340F91F0000F947
:10804000E4FEFF173B00805277FFFF17E103132A7E
:10805000E00319AA7FE6FF97FB03002A72FFFF17D0
:10806000610A0051E00319AA7AE6FF9740ECFF3459
:108070007B00805261FFFF17170080523C00805246
:10808000ABFEFF17E07B40B980F3FF3402FFFF1720
:10809000210F40B9201740B91F00016BEA020054BC
:1080A00021CB208B00040011201700B92000805242
:1080B000201800B986FFFF17800240B95304805290
:1080C000000400511F001C6BE1E5FF54817F051384
:1080D000200080520020DC1A41DB61B81F00016AD9
:1080E00020E5FF543304805227FFFF172000805201
:1080F000E06F00B945FEFF17210B40B9E00316AA57
:10810000210400116BE2FF97FA0300AAA00300B458
:10811000221780B92143009100400091420800914C
:1081200042F47ED387B5FF97E10319AAE00316AAAC
:10813000F9031AAA5A63009182E2FF9740C35FB81D
:10814000D8FFFF173F1700B93F1B00B9B3FFFF1758
:10815000211B00B981FFFF34E2031AAA42100091EB
:10816000AAFFFF17030000D0000000D06320129187
:1081700000401691020080D2811C8052256BFF972F
:10818000030000D0000000D063201291004016913F
:10819000020080D2811080521E6BFF970000000009
:1081A000030040F9E70300AA080000146200403908
:1081B0004604015145800011DF680071A230821A27
:1081C0005F00046BE1000054241440386304009104
:1081D000E4FEFF3520008052E30000F9C0035FD6C3
:1081E00000008052C0035FD60000000000000000C5
:1081F000210040B92F100072217C051341C8218B4A
:10820000210D0054291000D1EE0301AA050040F908
:10821000DFC11FB8A4044039040E00344C000090A4
:10822000EA0309AA8C013291E60309AA03008052ED
:10823000100080520B0080521201805211048052B3
:10824000130000149F800071480C00547F01106BD4
:108250008D0100545F0106EB6088477A8D08005459
:10826000030180525F0006EBC2000054CA1000D127
:10827000F0030B2ADFC01FB8E6030AAA03008052EE
:10828000A4084039A5040091E40100348149643810
:10829000A1FDFF34630400116B0500117F20007104
:1082A0008C050054C40040B9846C1C53210C00128E
:1082B000A50400912100042AC10000B9A40440399A
:1082C00064FEFF35AB080034DF000AEB6038477A04
:1082D0000D0900545F0006EBC2060054E10302AA38
:1082E000E00306AA1F2003D5034440B8234400B886
:1082F0001F0009EBA9FFFF54200106CB21050091C7
:10830000C604009100F47E92DF0001EB00100091A2
:10831000810080D20090819A4000008B1F2003D5FD
:108320001F4400B81F0009EBC9FFFF54C0C15FB86C
:10833000C00000351F2003D55F0009EB2005005465
:1083400020CD5FB8A0FFFF34A0008052C0035FD6ED
:108350005F0006EB62F9FF54C61000D104008052A2
:1083600023008052DF0000B9D1FFFF174302034B07
:10837000C70040B9E10306AA63741E532D02034BE4
:10838000280440B90421CD1A8400072A0725C31AFE
:10839000240000B9274C00B85F0101EB28FFFF540F
:1083A000B0FFFF172E100091E90301AA98FFFF17F5
:1083B000C0C15FB8EFFBFF34EF030F4B0100801229
:1083C0002124CF1A0000010AC0C11FB8D9FFFF172E
:1083D0009FA400714003005480008052C0035FD608
:1083E00020008052200100B9A0008052D8FFFF1762
:1083F00005018052A500034BC30040B90704805219
:10840000A5741E53E00306AAE700054B1F2003D501
:10841000040440B98120C71A2100032A8324C51A05
:10842000010000B9034C00B85F0100EB28FFFF54C6
:108430005F0006EB43F5FF54DEFFFF17A508009130
:10844000050000F9A0FFFF17000000000000000079
:10845000FD7BB8A9BF0000F1FD030091F35301A912
:10846000F40300AA00100591F55B02A9F60302AA25
:10847000F50301AAF76303A9F70306AAF96B04A998
:108480001900859AFB7305A95C0040F9010900B445
:10849000F30304AA840A00B47A0400D1430A00B4A6
:1084A0001B0080D2F53700F90A000014F50300B56F
:1084B000804740B8400600349F0013EB8209005407
:1084C0005A0700D1FB0304AA5F0700B1E001005482
:1084D000E47240F9E30319AA820340B9E1C30191B0
:1084E000380340F9E00314AA80003FD61F0400318E
:1084F00020060054017C409324001B8B9F0013EB4B
:1085000069FDFF54380300F9F35341A9E0031BAAA6
:10851000F55B42A9F76343A9F96B44A9FB7345A92D
:10852000FD7BC8A8C0035FD61F000071ED01005499
:10853000E23740F9270080D2430400D11F2003D541
:10854000E2C301913F0007EB4200078B42F05F3826
:1085500062682738E704009141FFFF54E13740F992
:108560002040208BE03700F9C00240F90010009154
:10857000C00200F9804740B800FAFF35550000B44A
:10858000DF0200F93F0300B99B0400D1F35341A976
:10859000E0031BAAF55B42A9F76343A9F96B44A961
:1085A000FB7345A9FD7BC8A8C0035FD6130080926A
:1085B000BAFFFF1740118052800200B93F0300B993
:1085C0001B008092F35341A9E0031BAAF55B42A96B
:1085D000F76343A9F96B44A9FB7345A9FD7BC8A8C0
:1085E000C0035FD61B0080D2C8FFFF17FB0304AA9D
:1085F000C6FFFF17000000000000000000000000A0
:10860000000000B0060000B0C600259100EC43F960
:1086100090FFFF17000000000000000000000000B5
:10862000E13D8052C101A0721F00016B480300545C
:108630004700009005008052E7003691261F8152C6
:10864000C80080520400001425040011DF00056BEF
:108650002B020054C100050B217C410B217C01132E
:10866000247C289BE300048BE26864B863084079AB
:10867000427C08536300020B1F00036B68FEFF542B
:108680001F00026BC200005426040051DF00056B7E
:108690002AFEFF5400008012C0035FD6E0686438F1
:1086A000C0035FD6000000000000000000000000D2
:1086B000FD7BB9A9FD030091E03700F9400840F9BE
:1086C000F55B02A9F60302AAFB7305A95B0040F95A
:1086D000E00400B4230040F9F50301AA240C40B9DA
:1086E0001C0080D2F35301A9130080D2F76303A9C1
:1086F00017908052F96B04A9F903042AE00303AA36
:10870000330400B49A7C40937F021AEB2204005495
:10871000617E4093F40301AAE00303AAFA0301AACD
:10872000F903132AE1031CAAE2031AAA05B4FF976E
:108730009C03148BA30240F9730214CBC00A40F9C6
:1087400063001A8BA40E40B9A30200F9000014CBF9
:108750008400194BA40E00B9C00A00F9E0FCFFB573
:10876000F35341A9F76343A9F96B44A90000805270
:10877000FB7345A9DF0A00B9F55B42A9FD7BC7A8D9
:10878000C0035FD67C4F40A97B430091DBFFFF17FE
:10879000A622C079747E4093DF00176A40FCFF5424
:1087A000A42240B9A10E40F98404040B740001CB4B
:1087B000847C440B9A7E4093987C0113400700917F
:1087C0000000138B027F40935F0000EB8200005497
:1087D000840600119800130B027F409386035036E5
:1087E000E03740F9E10302AA9EAEFF97F90300AA21
:1087F000C00300B4A10E40F9E2031AAAD1B3FF9757
:10880000A0224079019080120000010A0000193274
:10881000A022007920031A8B0303144B747E40932B
:10882000A00200F9A30E00B9E10314AAB90E00F9E1
:10883000E30300AAB82200B9F903132A9F0213EB3D
:10884000A8F6FF54FA0314AAB7FFFF17E03740F960
:10885000A4E4FF97F90300AAE0FDFFB5A10E40F9DB
:10886000E03740F92BB5FF97E23740F9800180529D
:10887000A1224079F35341A921001A32F76343A999
:10888000F96B44A9400000B9A122007900008012D0
:10889000FB7345A9DF0A00B9DF0A00F9F55B42A9BD
:1088A000FD7BC7A8C0035FD60000000000000000E9
:1088B00000443BD50000669E01F874D304FC7FD3CE
:1088C00022040091841C001200CC40D35F247FF26C
:1088D000A001005405FC44D3030080D2A5BC409203
:1088E000028087522100020B000C44D3A3BC40B38A
:1088F0000000679E233850B3830041B36000AF9EF1
:10890000C0035FD6A10200B5200500B40210C0DA92
:108910005F3800712C07005441C40011E5018052FA
:10892000A500024B0524C59A0020C19AA5BC40921F
:1089300081818752030080D22100024B213800122E
:10894000A3BC40B30000679E233850B3830041B3FB
:108950006000AF9EC0035FD6C00300B401FC44D3E7
:10896000030080D2210051B2020C44D34000679E24
:1089700005FFFF9223BC40B3633850B2830041B37C
:108980006000AF9E1F0005EB68030054FD7BBEA98D
:1089900020008052FD030091E007803D110100940A
:1089A000E007C03DFD7BC2A8C0035FD6050080D2B2
:1089B000030080D2A3BC40B3010080520000679E38
:1089C000233850B3830041B36000AF9EC0035FD62D
:1089D000050080D2030080D2A3BC40B3E1FF8F52D8
:1089E0000000679E233850B3830041B36000AF9E00
:1089F000C0035FD6C0035FD6453C00510520C59A31
:108A0000000080D2CAFFFF17000000000000000035
:108A1000FD7BBEA90200669E0300AE9EFD03009191
:108A2000F30B00F904443BD5E00303AA61FC7FD3B8
:108A300063F870D3E50301AA00BC7DD367040091FD
:108A4000261C0012E80301AA00F442AA41F07DD3DB
:108A5000FF347FF220090054E77F87926300078B81
:108A60007FF81FF1ED02005484046AF2C00700543D
:108A70009F0050F1201500549F0060F1E0179F1AED
:108A8000DF00006A010700549F0050F1C015005438
:108A90009F0060F1E0179F1ADF00006A4106005452
:108AA0001302F0928002805273FE05AACD0000945A
:108AB0006002679EF30B40F9FD7BC2A8C0035FD63E
:108AC0007F0000F1AD0A0054FF1F02EB020080524C
:108AD000E7079F9AE1F041AA211000AA3F0000F1A8
:108AE000E0079F1A4000000A3F0840F2C0150054FA
:108AF00084046A929F0050F1400200549F0060F18C
:108B0000000D0054840C00B5220C40925F1000F15F
:108B1000A10A005421D843D363280012020080D256
:108B20006012003422CC40B30003805262284CB360
:108B3000C20041B3F30302AAAA000094DDFFFF17AD
:108B4000C50B00B521200091220049922009003573
:108B5000620B00B4620400917FF81FF161110054B0
:108B600044F9FFB5B30041D380028052732A4CB25E
:108B70009C000094CFFFFF17020001AA030200B57A
:108B8000B30041D362F9FFB484046A929F0050F1AC
:108B9000E00C00549F0060F1600B00549F0000F156
:108BA000A00080D201049F9A080080D221D843D32C
:108BB000082900120003805233000014220200B47E
:108BC000E2FF8FD201F0C19300FC72D37F0002EB71
:108BD00021FC43D30000005221004DB200009F1A37
:108BE000F3FF805233D013AA73FE05AA00F6FF35B7
:108BF0006002679EF30B40F9FD7BC2A8C0035FD6FD
:108C0000B30041D3732A4CB26002679EF30B40F964
:108C1000FD7BC2A8C0035FD67FD000B16BFBFF54C1
:108C2000A70780D2E80003CB00004DB21FFD00F182
:108C3000EC040054680C0011E700034B2200805242
:108C4000030080D22920C89A3F0100F1E9079F9ACA
:108C50002124C79A210009AA0020C89A010001AA6C
:108C60009FFFFF17211000912200499220F7FF3447
:108C7000420100B468040091010080D2082900126A
:108C80000003805228D008AA13FD05AA55000094BD
:108C900088FFFF1740010034E80303AAC4FFFF1751
:108CA00025F5FFB5C0000034E80303AAE30308AAD2
:108CB000E80303AABEFFFF1700FFFF3521D843D307
:108CC0006828001200028052EFFFFF17620C0111AA
:108CD0001F0101F147008012E300034B0220C29AFA
:108CE000220002AA4110819A0024C39A3F0000F199
:108CF00022008052E1079F9A030080D2210000AA3F
:108D000077FFFF17210080D225FDFFB4080080D235
:108D1000210180D2A6FFFF17650100B513FEEFD237
:108D2000800280522F00009462FFFF17210180D241
:108D3000E5F3FFB4030080D2210080D2E80303AA48
:108D40009BFFFF17BF0000F10002E09201FEEFD28F
:108D50000000679E2100679E80028052001C611EF9
:108D60001300669E1F00009452FFFF1722CC40B3F1
:108D70000002805262284CB3C20041B3F30302AA3E
:108D8000180000944BFFFF170302FC920002805270
:108D9000610C418A22D002AA53FC05AA110000945A
:108DA00044FFFF1721D843D373280012E000003599
:108DB000020080D222CC40B3622A4CB3C20041B33D
:108DC000F30302AA3BFFFF17802C0B5300701D53C7
:108DD00085FFFF17000000000000000000000000F9
:108DE000800000360104000F2018211E21443BD5CD
:108DF000A000083601102E1E0204000F2018221EAB
:108E000021443BD500011036C2B598520110B01272
:108E1000A293AE722100271E4200271E2028221E88
:108E200021443BD5800018360144040F2008211E40
:108E300021443BD5C00020360010B01202102E1E77
:108E40000100271E2038221E20443BD5C0035FD6D8
:108E50001000000000000000017A520004781E019A
:108E60001B0C1F001000000018000000D4C8FEFFFB
:108E70002C020000000000001000000000000000B4
:108E8000017A520004781E011B0C1F001000000024
:108E900018000000ECCAFEFF040100000000000002
:108EA0001000000000000000017A520004781E014A
:108EB0001B0C1F00100000001800000004CCFEFF77
:108EC0003001000000000000100000000000000061
:108ED000017A520004781E011B0C1F0010000000D4
:108EE000180000005C65FFFFDC00000000000000CF
:108EF0001000000000000000017A520004781E01FA
:108F00001B0C1F00100000001800000000000000F3
:108F1000CC00000000000000100000000000000075
:108F2000017A520004781E011B0C1F001000000083
:108F3000180000000C66FFFF340100000000000074
:108F40001000000000000000017A520004781E01A9
:108F50001B0C1F00100000001800000000000000A3
:108F60002C010000000000001000000000000000C4
:108F7000017A520004781E011B0C1F001000000033
:108F8000180000003CE6FFFFB401000000000000F4
:108F90001035000000000000FFFFFFFFFFFFFFFF94
:108FA00000000200000000000000000000000000BF
:108FB00000000000000000000000000000000000B1
:108FC000B08F021000000000B08F021000000000FF
:108FD000C08F021000000000C08F021000000000CF
:108FE000D08F021000000000D08F0210000000009F
:108FF000E08F021000000000E08F0210000000006F
:10900000F08F021000000000F08F0210000000003E
:10901000009002100000000000900210000000000C
:1090200010900210000000001090021000000000DC
:1090300020900210000000002090021000000000AC
:10904000309002100000000030900210000000007C
:10905000409002100000000040900210000000004C
:10906000509002100000000050900210000000001C
:1090700060900210000000006090021000000000EC
:1090800070900210000000007090021000000000BC
:10909000809002100000000080900210000000008C
:1090A000909002100000000090900210000000005C
:1090B000A090021000000000A0900210000000002C
:1090C000B090021000000000B090021000000000FC
:1090D000C090021000000000C090021000000000CC
:1090E000D090021000000000D0900210000000009C
:1090F000E090021000000000E0900210000000006C
:10910000F090021000000000F0900210000000003B
:109110000091021000000000009102100000000009
:1091200010910210000000001091021000000000D9
:1091300020910210000000002091021000000000A9
:109140003091021000000000309102100000000079
:109150004091021000000000409102100000000049
:109160005091021000000000509102100000000019
:1091700060910210000000006091021000000000E9
:1091800070910210000000007091021000000000B9
:109190008091021000000000809102100000000089
:1091A0009091021000000000909102100000000059
:1091B000A091021000000000A09102100000000029
:1091C000B091021000000000B091021000000000F9
:1091D000C091021000000000C091021000000000C9
:1091E000D091021000000000D09102100000000099
:1091F000E091021000000000E09102100000000069
:10920000F091021000000000F09102100000000038
:109210000092021000000000009202100000000006
:1092200010920210000000001092021000000000D6
:1092300020920210000000002092021000000000A6
:109240003092021000000000309202100000000076
:109250004092021000000000409202100000000046
:109260005092021000000000509202100000000016
:1092700060920210000000006092021000000000E6
:1092800070920210000000007092021000000000B6
:109290008092021000000000809202100000000086
:1092A0009092021000000000909202100000000056
:1092B000A092021000000000A09202100000000026
:1092C000B092021000000000B092021000000000F6
:1092D000C092021000000000C092021000000000C6
:1092E000D092021000000000D09202100000000096
:1092F000E092021000000000E09202100000000066
:10930000F092021000000000F09202100000000035
:109310000093021000000000009302100000000003
:1093200010930210000000001093021000000000D3
:1093300020930210000000002093021000000000A3
:109340003093021000000000309302100000000073
:109350004093021000000000409302100000000043
:109360005093021000000000509302100000000013
:1093700060930210000000006093021000000000E3
:1093800070930210000000007093021000000000B3
:109390008093021000000000809302100000000083
:1093A0009093021000000000909302100000000053
:1093B000A093021000000000A09302100000000023
:1093C000B093021000000000B093021000000000F3
:1093D000C093021000000000C093021000000000C3
:1093E000D093021000000000D09302100000000093
:1093F000E093021000000000E09302100000000063
:10940000F093021000000000F09302100000000032
:109410000094021000000000009402100000000000
:1094200010940210000000001094021000000000D0
:1094300020940210000000002094021000000000A0
:109440003094021000000000309402100000000070
:109450004094021000000000409402100000000040
:109460005094021000000000509402100000000010
:1094700060940210000000006094021000000000E0
:1094800070940210000000007094021000000000B0
:109490008094021000000000809402100000000080
:1094A0009094021000000000909402100000000050
:1094B000A094021000000000A09402100000000020
:1094C000B094021000000000B094021000000000F0
:1094D000C094021000000000C094021000000000C0
:1094E000D094021000000000D09402100000000090
:1094F000E094021000000000E09402100000000060
:10950000F094021000000000F0940210000000002F
:1095100000950210000000000095021000000000FD
:1095200010950210000000001095021000000000CD
:10953000209502100000000020950210000000009D
:10954000309502100000000030950210000000006D
:10955000409502100000000040950210000000003D
:10956000509502100000000050950210000000000D
:1095700060950210000000006095021000000000DD
:1095800070950210000000007095021000000000AD
:10959000809502100000000080950210000000007D
:1095A000909502100000000090950210000000004D
:1095B000A095021000000000A0950210000000001D
:1095C000B095021000000000B095021000000000ED
:1095D000C095021000000000C095021000000000BD
:1095E000D095021000000000D0950210000000008D
:1095F000E095021000000000E0950210000000005D
:10960000F095021000000000F0950210000000002C
:1096100000960210000000000096021000000000FA
:1096200010960210000000001096021000000000CA
:10963000209602100000000020960210000000009A
:10964000309602100000000030960210000000006A
:10965000409602100000000040960210000000003A
:10966000509602100000000050960210000000000A
:1096700060960210000000006096021000000000DA
:1096800070960210000000007096021000000000AA
:10969000809602100000000080960210000000007A
:1096A000909602100000000090960210000000004A
:1096B000A096021000000000A0960210000000001A
:1096C000B096021000000000B096021000000000EA
:1096D000C096021000000000C096021000000000BA
:1096E000D096021000000000D0960210000000008A
:1096F000E096021000000000E0960210000000005A
:10970000F096021000000000F09602100000000029
:1097100000970210000000000097021000000000F7
:1097200010970210000000001097021000000000C7
:109730002097021000000000209702100000000097
:109740003097021000000000309702100000000067
:109750004097021000000000409702100000000037
:109760005097021000000000509702100000000007
:1097700060970210000000006097021000000000D7
:1097800070970210000000007097021000000000A7
:109790008097021000000000809702100000000077
:1097A0009097021000000000909702100000000047
:1097B000A097021000000000A09702100000000017
:1097C0000000000000000000030000000000000096
:1097D000104E031000000000E0970210000000008F
:1097E0000000000000000000104E03100000000008
:1097F000C84E031000000000804F0310000000005E
:109800000000000000000000000000000000000058
:109810000000000000000000000000000000000048
:109820000000000000000000000000000000000038
:109830000000000000000000000000000000000028
:109840000000000000000000000000000000000018
:109850000000000000000000000000000000000008
:1098600000000000000000000000000000000000F8
:1098700000000000000000000000000000000000E8
:1098800000000000000000000000000000000000D8
:1098900000000000000000000000000000000000C8
:1098A00000000000000000000000000000000000B8
:1098B00001000000000000000E33CDAB34126DE655
:1098C000ECDE05000B0000000000000000000000BE
:1098D0000000000000000000000000000000000088
:1098E0000000000000000000000000000000000078
:1098F0000000000000000000000000000000000068
:109900000000000000000000000000000000000057
:109910000000000000000000000000000000000047
:109920000000000000000000000000000000000037
:109930000000000000000000000000000000000027
:1099400043000000000000000000000000000000D4
:109950000000000000000000000000000000000007
:1099600043000000000000000000000000000000B4
:1099700000000000000000000000000000000000E7
:109980004300000000000000000000000000000094
:1099900000000000000000000000000000000000C7
:1099A0004300000000000000000000000000000074
:1099B00000000000000000000000000000000000A7
:1099C0004300000000000000000000000000000054
:1099D0000000000000000000000000000000000087
:1099E0004300000000000000000000000000000034
:1099F0000000000000000000000000000000000067
:109A00004300000000000000000000000000000013
:109A10000000000000000000000000000000000046
:109A20007035021000000000600A02100000000003
:109A30000000000000000000A0D50210000000009F
:109A400010A4021000000000E8A1021000000000B5
:109A5000E8A1021000000000E8A1021000000000D0
:109A6000E8A1021000000000E8A1021000000000C0
:109A7000E8A1021000000000E8A1021000000000B0
:109A8000E8A1021000000000E8A1021000000000A0
:109A9000FFFFFFFFFFFFFFFFFFFFFFFFFFFF0000D4
:109AA000010041534349490000000000000000004C
:109AB00000000000000000000000000000000000A6
:109AC000000041534349490000000000000000002D
:109AD0000000000000000000000000000000000086
:109AE0000000000000000000342E312E3000000085
:109AF0000D0A2A2A2A2A2A2A2A2A2A2A2A2A2A2A03
:109B00002A2A2A2A2A2A2A2A2A2A2A2A2A2A2A2AB5
:109B10002A2A2A2A2A2A2A2A2A2A2A2A2A2A2A2AA5
:109B20002A2A2A2A2A2A2A2A2A2A2A2A2A2A2A2A95
:109B30002A2A2A2A2A2A2A2A2A2A2A2A2A2A2A2A85
:109B40002A2A0D0A2A20202052656E65736173202F
:109B5000465350204578616D706C652050726F6A75
:109B600065637420666F7220725F6D747533204D6B
:109B70006F64756C6520202020202020202020206C
:109B800020202020202020202020202020202020D5
:109B90002020202A0D0A2A2020204578616D706C33
:109BA000652050726F6A6563742056657273696FC1
:109BB0006E202573202020202020202020202020FF
:109BC0002020202020202020202020202020202095
:109BD0002020202020202020202020202020202085
:109BE00020202A0D0A2A202020466C657820536FF9
:109BF000667477617265205061636B20566572737D
:109C0000696F6E2025642E25642E25642020202077
:109C10002020202020202020202020202020202044
:109C20002020202020202020202020202020202034
:109C3000202020202020202A0D0A2A2A2A2A2A2A07
:109C40002A2A2A2A2A2A2A2A2A2A2A2A2A2A2A2A74
:109C50002A2A2A2A2A2A2A2A2A2A2A2A2A2A2A2A64
:109C60002A2A2A2A2A2A2A2A2A2A2A2A2A2A2A2A54
:109C70002A2A2A2A2A2A2A2A2A2A2A2A2A2A2A2A44
:109C80002A2A2A2A2A2A2A2A2A2A0D0A5265666597
:109C90007220746F20726561646D652E7478742013
:109CA00066696C6520666F72206D6F7265206465F1
:109CB0007461696C73206F6E204578616D706C659E
:109CC0002050726F6A65637420616E640D0A46539A
:109CD0005020557365722773204D616E75616C203D
:109CE000666F72206D6F726520696E666F726D614E
:109CF00074696F6E2061626F757420725F6D747528
:109D000033206472697665720D0A0000000000005D
:109D10000A54686973206578616D706C6520707293
:109D20006F6A6563742064656D6F6E7374726174BD
:109D300065732074686520757365206F662074688C
:109D400065204D756C74692D46756E6374696F6E10
:109D50002054696D65722050756C736520556E696D
:109D600074203320284D545533290D0A696E207014
:109D70006861736520636F756E74696E67206D6FBF
:109D80006465206F6E2074686520525A2F543248E3
:109D9000206D6963726F70726F636573736F722E7B
:109DA00020497420636F756E74732070756C7365D1
:109DB000732066726F6D0D0A612074776F2D706865
:109DC00061736520656E636F646572202841207041
:109DD000686173652C204220706861736529206179
:109DE0006E642070726F7669646573205465726169
:109DF000205465726D20636F6D6D616E64730D0A22
:109E0000746F206765742C207365742C20616E64F8
:109E10002072657365742074686520636F756E7455
:109E20002076616C75652E0D0A0D0A4F6E207573D4
:109E3000657220696E707574207669612054657250
:109E400061205465726D3A0D0A202020202267227D
:109E50003A2052657472696576657320746865206E
:109E600063757272656E7420636F756E74207661AF
:109E70006C75652066726F6D20746865204D545551
:109E80003320636F756E7465722E0D0A20202020BA
:109E90002273223A20416C6C6F77732074686520BE
:109EA0007573657220746F20736574206120737000
:109EB00065636966696320636F756E742076616C93
:109EC00075652E0D0A2020202020202020204166AC
:109ED00074657220656E746572696E6720732C20DC
:109EE000746865207573657220696E70757473206F
:109EF00074686520646573697265642076616C7549
:109F0000652E0D0A202020202272223A20526573ED
:109F100065747320746865204D54553320636F75E4
:109F20006E7465722076616C756520746F207A6539
:109F3000726F2E0D0A416E79204150492F6576656A
:109F40006E74206661696C757265206D65737361EE
:109F5000676520697320616C736F20646973706C2E
:109F6000617965642E0D0A0D0000000000000000FC
:109F70000D0A2A2A204D5455332064726976657281
:109F800020696E697469616C697A6174696F6E20A9
:109F90006661696C6564202A2A0D0A0000000000D1
:109FA0005B4552525D20496E2046756E6374696F41
:109FB0006E3A2025730000000D0A52657475726EAA
:109FC0006564204572726F7220436F64653A203079
:109FD00078257820200D0A000D0A2D2D2D2D2D2DF0
:109FE0002D2D2D2D2D2D2D2D2D2D2D2D2D2D2D2DA1
:109FF0002D2D2D2D2D2D2D2D2D2D2D2D2D2D2D2D91
:10A000002D2D2D2D2D2D2D2D2D2D2D2D2D2D2D2D80
:10A010002D2D2D2D2D2D2D2D2D2D2D2D2D2D2D2D70
:10A020002D2D2D2D2D2D2D2D2D20202020202020BB
:10A03000202020202020202020202020200D0A5B0E
:10A04000315D20436F756E74204765742020202891
:10A0500067292020202020202020202020202020B0
:10A060002020202020200D0A5B325D20436F756E7A
:10A07000742053657420202028732920202020205C
:10A080002020202020202020202020202020200DE3
:10A090000A5B335D20436F756E742052657365747F
:10A0A000202872292020202020202020202020204D
:10A0B00020202020202020200D0A2D2D2D2D2D2D7B
:10A0C0002D2D2D2D2D2D2D2D2D2D2D2D2D2D2D2DC0
:10A0D0002D2D2D2D2D2D2D2D2D2D2D2D2D2D2D2DB0
:10A0E0002D2D2D2D2D2D2D2D2D2D2D2D2D2D2D2DA0
:10A0F0002D2D2D2D2D2D2D2D2D2D2D2D2D2D2D2D90
:10A100002D2D2D2D2D2D2D2D2D0D000000000000AD
:10A110000D0A496E76616C696420696E70757420F1
:10A120006C656E6774682E20506C65617365206580
:10A130006E746572206F6E6C79206F6E6520636837
:10A14000617261637465722E0000000000000000FF
:10A150000D0A4765742867292065786563757465FD
:10A16000642E0D00000000000D0A2A2A20525F4DC7
:10A170005455335F5374617475734765742041504F
:10A1800049206661696C6564202A2A0D0A00000076
:10A1900025780D0A000000000D0A456E74657220D6
:10A1A0007468652056616C75653A0D00000000000A
:10A1B0000D0A536574287329206578656375746585
:10A1C000642E0D00000000000D0A2A2A20525F4D67
:10A1D0005455335F53746F70204150492066616954
:10A1E0006C6564202A2A0D0A0000000000000000AF
:10A1F0000D0A2A2A20525F4D5455335F436F756E06
:10A2000074657253657420415049206661696C65BC
:10A2100064202A2A0D0A00000D0A2A2A20525F4DC6
:10A220005455335F53746172742041504920666104
:10A23000696C6564202A2A0D0A00000000000000F5
:10A240000D0A2A2A20525F4D5455335F52657365BB
:10A250007420415049206661696C6564202A2A0D8A
:10A260000A000000000000000D0A526573657428A2
:10A2700072292065786563757465642E0D00000091
:10A280000D0A436F6D6D616E64204572726F7221AD
:10A290000D00000000000000525F4D5455335F4F29
:10A2A00070656E20415049206661696C65640D0AD5
:10A2B0000000000000000000525F4D5455335F5312
:10A2C0007461727420415049206661696C65640D47
:10A2D0000A000000000000000D0A5B4552525D209C
:10A2E000496E636F72726563742063686172616343
:10A2F000746572732061726520757365642E000049
:10A300002531303233730000636F6E64000000004B
:10A31000433A2F506572736F6E616C2F5461736B8B
:10A320002F455041502F746573745F3432302F7253
:10A33000656772657373696F6E5F546573742F73AD
:10A34000656C665F6372656174655F4C335F434142
:10A3500035352F6D7475335F70686173655F636F3A
:10A36000756E745F727A7432685F65766B5F636175
:10A3700035355F305F65702F727A2F6673702F737B
:10A3800072632F6273702F6D63752F616C6C2F6217
:10A3900073705F6D6F64756C655F73746F702E683A
:10A3A000000000000000000065256C640000000053
:10A3B000494E460000000000696E66000000000083
:10A3C0004E414E00000000006E616E000000000073
:10A3D000303132333435363738396162636465661B
:10A3E00000000000000000003031323334353637D1
:10A3F0003839414243444546000000000000000057
:10A40000286E756C6C290000300000000000000010
:10A410002E000000000000004C435F434F4C4C41B5
:10A4200054450000000000004C435F435459504520
:10A4300000000000000000004C435F4D4F4E4554AB
:10A4400041525900000000004C435F4E554D4552AB
:10A4500049430000000000004C435F54494D450053
:10A460004C435F4D455353414745530000000000A6
:10A47000496E66696E697479000000000000000092
:10A480004E614E000000000042616C6C6F632073EF
:10A49000756363656564656400000000000000008A
:10A4A0002F646174612F6A656E6B696E732F776FAD
:10A4B000726B73706163652F474E552D746F6F6CAF
:10A4C000636861696E2F61726D2D31332D322F7388
:10A4D00072632F6E65776C69622D63796777696E39
:10A4E0002F6E65776C69622F6C6962632F73746479
:10A4F0006C69622F64746F612E63000000000000BD
:10A500002F646174612F6A656E6B696E732F776F4C
:10A51000726B73706163652F474E552D746F6F6C4E
:10A52000636861696E2F61726D2D31332D322F7327
:10A5300072632F6E65776C69622D63796777696ED8
:10A540002F6E65776C69622F6C6962632F73746418
:10A550006C69622F6D707265632E630000000000ED
:10A560006E66000000000000696E697479000000EA
:10A57000616E0000000000004A4953000000000026
:10A58000534A4953000000004555434A500000001B
:10A590002F646174612F6A656E6B696E732F776FBC
:10A5A000726B73706163652F474E552D746F6F6CBE
:10A5B000636861696E2F61726D2D31332D322F7397
:10A5C00072632F6E65776C69622D63796777696E48
:10A5D0002F6E65776C69622F6C6962632F73746488
:10A5E0006C69622F6764746F612D67657468657844
:10A5F0002E6300000D0F0B090700EBEBEBEBEBEB11
:10A60000EBEBEBEBEBEBEBEBEBEBEBEBEBEBEBEB9A
:10A61000EBEBEBEB0D0F0B09070000000000000057
:10A62000000000000000000000000000000000002A
:10A63000000000000000000000000000000000001A
:10A64000000000000000000000000000000000000A
:10A650000000000000000000000E000000000000EC
:10A66000000000000000000000000000000E0000DC
:10A6700000000000000000000000000000000000DA
:10A68000000E0000000000000000000000000000BC
:10A6900000000000000E00000000000000000000AC
:10A6A0000000000000000100000000000080000029
:10A6B000010C00006A000000000000000000000023
:10A6C0000000000000000000D0A602100000000002
:10A6D0008013009000000000000000000000000057
:10A6E0000000010000000100000000000000000068
:10A6F000000000000000000000000000000000005A
:10A700000000000000000000000000000000000049
:10A710000000000000000000000000000000000039
:10A720000000000000000000000000000000000029
:10A730000000000000000000000000000300000016
:10A740000300000003000000FFFF0000DFFFFFFF29
:10A75000DFFFFFFFFFFF0000DFFFFFFFDFFFFFFF67
:10A7600000000000000000000100000000000000E8
:10A7700000000000FFFFFFFF0400000000000000D9
:10A780000000000000000000000000000D000000BC
:10A7900000000000000000000000000000000000B9
:10A7A0000100000000000000784D031000000000D0
:10A7B000C0A702100000000020C30210000000002B
:10A7C0000000000002000000000000000000000087
:10A7D000050000004F0200000500000050020000CC
:10A7E0000500000051020000050000004E020000BC
:10A7F0000000000000000000000000000000000059
:10A80000B00801100000000000000000000000007F
:10A8100018A8021000000000000000000100000065
:10A820000000000000000000908F021000000000F7
:10A830000F000000FFFF000000000000000000000B
:10A840000000000001010000005000800000000036
:10A8500000000000000000001500000000000000E3
:10A8600070A802100000000020A6021000000000E6
:10A8700068040000060000006804000007000000F3
:10A88000040000000706000018880000010800000E
:10A8900018400000020800001840000003080000F3
:10A8A000188800000408000004000000000B0000ED
:10A8B0000400010000120000040001000112000069
:10A8C000040001000716000004000100001700004A
:10A8D000040001000117000004000100051700003A
:10A8E00048890100041B000048890100051B000085
:10A8F0000400010002200000020001000323000008
:10A9000002000100042300000200010005230000F2
:10A91000020001000623000000000000000000000B
:10A920000000000000000000000000000000000027
:10A930000000000000000000000000000000000017
:10A940000000000000000000000000000000000007
:10A9500000000000000000000000000000000000F7
:10A9600000000000000000000000000000000000E7
:10A9700000000000000000000000000000000000D7
:10A9800000000000000000000000000000000000C7
:10A9900000000000000000000000000000000000B7
:10A9A00000000000000000000000000000000000A7
:10A9B0000000000000000000000000000000000097
:10A9C0000000000000000000000000000000000087
:10A9D0000000000000000000000000000000000077
:10A9E0000000000000000000000000000000000067
:10A9F0000000000000000000000000000000000057
:10AA00000000000000000000000000000000000046
:10AA10000000000000000000000000000000000036
:10AA20000000000000000000000000000000000026
:10AA30000000000000000000000000000000000016
:10AA40000000000000000000000000000000000006
:10AA500000000000000000000000000000000000F6
:10AA600000000000000000000000000000000000E6
:10AA700000000000000000000000000000000000D6
:10AA800000000000000000000000000000000000C6
:10AA900000000000000000000000000000000000B6
:10AAA00000000000000000000000000000000000A6
:10AAB0000000000000000000000000000000000096
:10AAC0000000000000000000000000000000000086
:10AAD0000000000000000000000000000000000076
:10AAE0000000000000000000000000000000000066
:10AAF0000000000000000000000000000000000056
:10AB00000000000000000000000000000000000045
:10AB10000000000000000000000000000000000035
:10AB20000000000000000000000000000000000025
:10AB30000000000000000000000000000000000015
:10AB40000000000000000000000000000000000005
:10AB500000000000000000000000000000000000F5
:10AB600000000000000000000000000000000000E5
:10AB700000000000000000000000000000000000D5
:10AB800000000000000000000000000000000000C5
:10AB900000000000000000000000000000000000B5
:10ABA00000000000000000000000000000000000A5
:10ABB0000000000000000000000000000000000095
:10ABC0000000000000000000000000000000000085
:10ABD0000000000000000000000000000000000075
:10ABE0000000000000000000000000000000000065
:10ABF0000000000000000000000000000000000055
:10AC00000000000000000000000000000000000044
:10AC10000000000000000000000000000000000034
:10AC20000000000000000000000000000000000024
:10AC30000000000000000000000000000000000014
:10AC40000000000000000000000000000000000004
:10AC500000000000000000000000000000000000F4
:10AC60000000000000000000103000100000000094
:10AC700000000000000000000000000000000000D4
:10AC800000000000000000000000000000000000C4
:10AC900000000000000000000000000000000000B4
:10ACA00000000000000000000000000000000000A4
:10ACB0000000000000000000000000000000000094
:10ACC0000000000000000000000000000000000084
:10ACD0000000000000000000000000000000000074
:10ACE0000000000000000000000000000000000064
:10ACF0000000000000000000000000000000000054
:10AD00000000000000000000000000000000000043
:10AD10000000000000000000000000000000000033
:10AD20000000000000000000000000000000000023
:10AD30000000000000000000000000000000000013
:10AD40000000000000000000000000000000000003
:10AD500000000000000000000000000000000000F3
:10AD600000000000000000000000000000000000E3
:10AD700000000000000000000000000000000000D3
:10AD800000000000000000000000000000000000C3
:10AD900000000000000000000000000000000000B3
:10ADA00000000000000000000000000000000000A3
:10ADB0000000000000000000000000000000000093
:10ADC0000000000000000000000000000000000083
:10ADD0000000000000000000000000000000000073
:10ADE0000000000000000000000000000000000063
:10ADF0000000000000000000000000000000000053
:10AE00000000000000000000000000000000000042
:10AE10000000000000000000000000000000000032
:10AE20000000000000000000000000000000000022
:10AE30000000000000000000000000000000000012
:10AE40000000000000000000000000000000000002
:10AE500000000000000000000000000000000000F2
:10AE600000000000000000000000000000000000E2
:10AE700000000000000000000000000000000000D2
:10AE800000000000000000000000000000000000C2
:10AE900000000000000000000000000000000000B2
:10AEA00000000000000000000000000000000000A2
:10AEB0000000000000000000000000000000000092
:10AEC0000000000000000000000000000000000082
:10AED0000000000000000000000000000000000072
:10AEE0000000000000000000000000000000000062
:10AEF0000000000000000000000000000000000052
:10AF00000000000000000000000000000000000041
:10AF10000000000000000000000000000000000031
:10AF20000000000000000000000000000000000021
:10AF30000000000000000000000000000000000011
:10AF40000000000000000000000000000000000001
:10AF500000000000000000000000000000000000F1
:10AF600000000000000000000000000000000000E1
:10AF700000000000000000000000000000000000D1
:10AF800000000000000000000000000000000000C1
:10AF900000000000000000000000000000000000B1
:10AFA00000000000000000000000000000000000A1
:10AFB0000000000000000000000000000000000091
:10AFC0000000000000000000000000000000000081
:10AFD0000000000000000000000000000000000071
:10AFE0000000000000000000000000000000000061
:10AFF0000000000000000000000000000000000051
:10B000000000000000000000000000000000000040
:10B010000000000000000000000000000000000030
:10B020000000000000000000000000000000000020
:10B030000000000000000000000000000000000010
:10B040000000000000000000000000000000000000
:10B0500000000000000000000000000000000000F0
:10B0600000000000000000000000000000000000E0
:10B0700000000000000000000000000000000000D0
:10B0800000000000000000000000000000000000C0
:10B0900000000000000000000000000000000000B0
:10B0A00000000000000000000000000000000000A0
:10B0B0000000000000000000000000000000000090
:10B0C0000000000000000000000000000000000080
:10B0D0000000000000000000000000000000000070
:10B0E0000000000000000000000000000000000060
:10B0F0000000000000000000000000000000000050
:10B10000000000000000000000000000000000003F
:10B11000000000000000000000000000000000002F
:10B12000000000000000000000000000000000001F
:10B13000000000000000000000000000000000000F
:10B1400000000000000000000000000000000000FF
:10B1500000000000000000000000000000000000EF
:10B1600000000000000000000000000000000000DF
:10B1700000000000000000000000000000000000CF
:10B1800000000000000000000000000000000000BF
:10B1900000000000000000000000000000000000AF
:10B1A000000000000000000000000000000000009F
:10B1B000000000000000000000000000000000008F
:10B1C000000000000000000000000000000000007F
:10B1D000000000000000000000000000000000006F
:10B1E000000000000000000000000000000000005F
:10B1F000000000000000000000000000000000004F
:10B20000000000000000000000000000000000003E
:10B21000000000000000000000000000000000002E
:10B22000000000000000000000000000000000001E
:10B23000000000000000000000000000000000000E
:10B2400000000000000000000000000000000000FE
:10B2500000000000000000000000000000000000EE
:10B2600000000000000000000000000000000000DE
:10B2700000000000000000000000000000000000CE
:10B2800000000000000000000000000000000000BE
:10B2900000000000000000000000000000000000AE
:10B2A000000000000000000000000000000000009E
:10B2B000000000000000000000000000000000008E
:10B2C000000000000000000000000000000000007E
:10B2D000000000000000000000000000000000006E
:10B2E000000000000000000000000000000000005E
:10B2F000000000000000000000000000000000004E
:10B30000000000000000000000000000000000003D
:10B31000000000000000000000000000000000002D
:10B32000000000000000000000000000000000001D
:10B33000000000000000000000000000000000000D
:10B3400000000000000000000000000000000000FD
:10B3500000000000000000000000000000000000ED
:10B3600000000000000000000000000000000000DD
:10B3700000000000000000000000000000000000CD
:10B3800000000000000000000000000000000000BD
:10B3900000000000000000000000000000000000AD
:10B3A000000000000000000000000000000000009D
:10B3B000000000000000000000000000000000008D
:10B3C000000000000000000000000000000000007D
:10B3D000000000000000000000000000000000006D
:10B3E000000000000000000000000000000000005D
:10B3F000000000000000000000000000000000004D
:10B40000000000000000000000000000000000003C
:10B41000000000000000000000000000000000002C
:10B42000000000000000000000000000000000001C
:10B43000000000000000000000000000000000000C
:10B4400000000000000000000000000000000000FC
:10B4500000000000000000000000000000000000EC
:10B4600000000000000000000000000000000000DC
:10B4700000000000000000000000000000000000CC
:10B4800000000000000000000000000000000000BC
:10B4900000000000000000000000000000000000AC
:10B4A000000000000000000000000000000000009C
:10B4B000000000000000000000000000000000008C
:10B4C000000000000000000000000000000000007C
:10B4D000000000000000000000000000000000006C
:10B4E000000000000000000000000000000000005C
:10B4F000000000000000000000000000000000004C
:10B50000000000000000000000000000000000003B
:10B51000000000000000000000000000000000002B
:10B52000000000000000000000000000000000001B
:10B53000000000000000000000000000000000000B
:10B5400000000000000000000000000000000000FB
:10B5500000000000000000000000000000000000EB
:10B5600000000000000000000000000000000000DB
:10B5700000000000000000000000000000000000CB
:10B5800000000000000000000000000000000000BB
:10B5900000000000000000000000000000000000AB
:10B5A000000000000000000000000000000000009B
:10B5B000000000000000000000000000000000008B
:10B5C000000000000000000000000000000000007B
:10B5D000000000000000000000000000000000006B
:10B5E000000000000000000000000000000000005B
:10B5F000000000000000000000000000000000004B
:10B60000000000000000000000000000000000003A
:10B61000000000000000000000000000000000002A
:10B62000000000000000000000000000000000001A
:10B63000000000000000000000000000000000000A
:10B6400000000000000000000000000000000000FA
:10B6500000000000000000000000000000000000EA
:10B6600000000000000000000000000000000000DA
:10B6700000000000000000000000000000000000CA
:10B6800000000000000000000000000000000000BA
:10B6900000000000000000000000000000000000AA
:10B6A000000000000000000000000000000000009A
:10B6B000000000000000000000000000000000008A
:10B6C000000000000000000000000000000000007A
:10B6D000000000000000000000000000000000006A
:10B6E000000000000000000000000000000000005A
:10B6F000000000000000000000000000000000004A
:10B700000000000000000000000000000000000039
:10B710000000000000000000000000000000000029
:10B720000000000000000000000000000000000019
:10B730000000000000000000000000000000000009
:10B7400000000000000000000000000000000000F9
:10B7500000000000000000000000000000000000E9
:10B7600000000000000000000000000000000000D9
:10B7700000000000000000000000000000000000C9
:10B7800000000000000000000000000000000000B9
:10B7900000000000000000000000000000000000A9
:10B7A0000000000000000000000000000000000099
:10B7B0000000000000000000000000000000000089
:10B7C0000000000000000000000000000000000079
:10B7D0000000000000000000000000000000000069
:10B7E0000000000000000000000000000000000059
:10B7F0000000000000000000000000000000000049
:10B800000000000000000000000000000000000038
:10B810000000000000000000000000000000000028
:10B820000000000000000000000000000000000018
:10B830000000000000000000000000000000000008
:10B8400000000000000000000000000000000000F8
:10B8500000000000000000000000000000000000E8
:10B8600000000000000000000000000000000000D8
:10B8700000000000000000000000000000000000C8
:10B8800000000000000000000000000000000000B8
:10B8900000000000000000000000000000000000A8
:10B8A0000000000000000000000000000000000098
:10B8B0000000000000000000000000000000000088
:10B8C0000000000000000000000000000000000078
:10B8D0000000000000000000000000000000000068
:10B8E0000000000000000000000000000000000058
:10B8F0000000000000000000000000000000000048
:10B900000000000000000000000000000000000037
:10B910000000000000000000000000000000000027
:10B920000000000000000000000000000000000017
:10B930000000000000000000000000000000000007
:10B9400000000000000000000000000000000000F7
:10B9500000000000000000000000000000000000E7
:10B9600000000000000000000000000000000000D7
:10B9700000000000000000000000000000000000C7
:10B9800000000000000000000000000000000000B7
:10B9900000000000000000000000000000000000A7
:10B9A0000000000000000000000000000000000097
:10B9B0000000000000000000000000000000000087
:10B9C0000000000000000000000000000000000077
:10B9D0000000000000000000000000000000000067
:10B9E0000000000000000000000000000000000057
:10B9F0000000000000000000000000000000000047
:10BA00000000000000000000000000000000000036
:10BA10000000000000000000000000000000000026
:10BA20000000000000000000000000000000000016
:10BA30000000000000000000000000000000000006
:10BA400000000000000000000000000000000000F6
:10BA500000000000000000000000000000000000E6
:10BA600000000000000000000000000000000000D6
:10BA700000000000000000000000000000000000C6
:10BA800000000000000000000000000000000000B6
:10BA900000000000000000000000000000000000A6
:10BAA0000000000000000000000000000000000096
:10BAB0000000000000000000000000000000000086
:10BAC0000000000000000000000000000000000076
:10BAD0000000000000000000000000000000000066
:10BAE0000000000000000000000000000000000056
:10BAF0000000000000000000000000000000000046
:10BB00000000000000000000000000000000000035
:10BB10000000000000000000000000000000000025
:10BB20000000000000000000000000000000000015
:10BB30000000000000000000000000000000000005
:10BB400000000000000000000000000000000000F5
:10BB500000000000000000000000000000000000E5
:10BB600000000000000000000000000000000000D5
:10BB700000000000000000000000000000000000C5
:10BB80000000000000000000302201100000000052
:10BB9000D0200110000000008020011000000000F3
:10BBA000C0210110000000000000000000000000A3
:10BBB0000000000000000000000000000000000085
:10BBC0000000000000000000000000000000000075
:10BBD0000000000000000000000000000000000065
:10BBE0000000000000000000000000000000000055
:10BBF0000000000000000000000000000000000045
:10BC00000000000000000000000000000000000034
:10BC10000000000000000000000000000000000024
:10BC20000000000000000000000000000000000014
:10BC30000000000000000000000000000000000004
:10BC400000000000000000000000000000000000F4
:10BC500000000000000000000000000000000000E4
:10BC600000000000000000000000000000000000D4
:10BC700000000000000000000000000000000000C4
:10BC800000000000000000000000000000000000B4
:10BC900000000000000000000000000000000000A4
:10BCA0000000000000000000000000000000000094
:10BCB0000000000000000000000000000000000084
:10BCC0000000000000000000000000000000000074
:10BCD0000000000000000000000000000000000064
:10BCE0000000000000000000000000000000000054
:10BCF0000000000000000000000000000000000044
:10BD00000000000000000000000000000000000033
:10BD10000000000000000000000000000000000023
:10BD20000000000000000000000000000000000013
:10BD30000000000000000000000000000000000003
:10BD400000000000000000000000000000000000F3
:10BD500000000000000000000000000000000000E3
:10BD600000000000000000000000000000000000D3
:10BD700000000000000000000000000000000000C3
:10BD800000000000000000000000000000000000B3
:10BD900000000000000000000000000000000000A3
:10BDA0000000000000000000000000000000000093
:10BDB0000000000000000000000000000000000083
:10BDC0000000000000000000000000000000000073
:10BDD0000000000000000000000000000000000063
:10BDE0000000000000000000000000000000000053
:10BDF0000000000000000000000000000000000043
:10BE00000000000000000000000000000000000032
:10BE10000000000000000000000000000000000022
:10BE20000000000000000000000000000000000012
:10BE30000000000000000000000000000000000002
:10BE400000000000000000000000000000000000F2
:10BE500000000000000000000000000000000000E2
:10BE600000000000000000000000000000000000D2
:10BE700000000000000000000000000000000000C2
:10BE800000000000000000000000000000000000B2
:10BE900000000000000000000000000000000000A2
:10BEA0000000000000000000000000000000000092
:10BEB0000000000000000000000000000000000082
:10BEC0000000000000000000000000000000000072
:10BED0000000000000000000000000000000000062
:10BEE0000000000000000000000000000000000052
:10BEF0000000000000000000000000000000000042
:10BF00000000000000000000000000000000000031
:10BF10000000000000000000000000000000000021
:10BF20000000000000000000000000000000000011
:10BF30000000000000000000000000000000000001
:10BF400000000000000000000000000000000000F1
:10BF500000000000000000000000000000000000E1
:10BF600000000000000000000000000000000000D1
:10BF700000000000000000000000000000000000C1
:10BF800000000000000000000000000000000000B1
:10BF900000000000000000000000000000000000A1
:10BFA0000000000000000000000000000000000091
:10BFB0000000000000000000000000000000000081
:10BFC0000000000000000000000000000000000071
:10BFD0000000000000000000000000000000000061
:10BFE0000000000000000000000000000000000051
:10BFF0000000000000000000000000000000000041
:10C000000000000000000000000000000000000030
:10C010000000000000000000000000000000000020
:10C020000000000000000000000000000000000010
:10C030000000000000000000000000000000000000
:10C0400000000000000000000000000000000000F0
:10C0500000000000000000000000000000000000E0
:10C0600000000000000000000000000000000000D0
:10C0700000000000000000000000000000000000C0
:10C0800000000000000000000000000000000000B0
:10C0900000000000000000000000000000000000A0
:10C0A0000000000000000000000000000000000090
:10C0B0000000000000000000000000000000000080
:10C0C0000000000000000000000000000000000070
:10C0D0000000000000000000000000000000000060
:10C0E0000000000000000000000000000000000050
:10C0F0000000000000000000000000000000000040
:10C10000000000000000000000000000000000002F
:10C11000000000000000000000000000000000001F
:10C12000000000000000000000000000000000000F
:10C1300000000000000000000000000000000000FF
:10C1400000000000000000000000000000000000EF
:10C1500000000000000000000000000000000000DF
:10C1600000000000000000000000000000000000CF
:10C1700000000000000000000000000000000000BF
:10C1800000000000000000000000000000000000AF
:10C19000000000000000000000000000000000009F
:10C1A000000000000000000000000000000000008F
:10C1B000000000000000000000000000000000007F
:10C1C000000000000000000000000000000000006F
:10C1D000000000000000000000000000000000005F
:10C1E000000000000000000000000000000000004F
:10C1F000000000000000000000000000000000003F
:10C20000000000000000000000000000000000002E
:10C21000000000000000000000000000000000001E
:10C22000000000000000000000000000000000000E
:10C2300000000000000000000000000000000000FE
:10C2400000000000000000000000000000000000EE
:10C2500000000000000000000000000000000000DE
:10C2600000000000000000000000000000000000CE
:10C2700000000000000000000000000000000000BE
:10C2800000000000000000000000000000000000AE
:10C29000000000000000000000000000000000009E
:10C2A000000000000000000000000000000000008E
:10C2B000000000000000000000000000000000007E
:10C2C000000000000000000000000000000000006E
:10C2D000000000000000000000000000000000005E
:10C2E000000000000000000000000000000000004E
:10C2F000000000000000000059514941393129690E
:10C3000021191061000000006273705F6173736532
:10C3100072745F6368616E6E656C000000000000FF
:10C32000A01701100000000000170110000000001D
:10C33000C0120110000000004010011000000000B9
:10C340007011011000000000D01101100000000069
:10C35000E00F0110000000001015011000000000A7
:10C360006012011000000000A00E0110000000008B
:10C3700000140110000000006273705F6173736548
:10C3800072745F6368616E6E656C0000000000008F
:10C39000010204408000408008000000000000000E
:10C3A000000000000000000000000000000000008D
:10C3B00040000000000000000000000040000000FD
:10C3C000000000000000000000000000000000006D
:10C3D0000C0000000A0000000A0000002401000018
:10C3E0002800000082000000240100002800000056
:10C3F0001400000000000000000000000000000029
:10C4000008000000080000000800000018010000FB
:10C410001C00000082000000180100001C00000049
:10C420000C00000000000000000000000000000000
:10C4300006000000060000000600000010010000D9
:10C440001200000080000000100100001200000037
:10C4500008000000000000000000000000000000D4
:10C460000000000005000000050000002C01000095
:10C470002D000000000000002C0100002D00000035
:10C4800000000000000000000000000000000000AC
:10C490000400000004000000040000000801000087
:10C4A00009000000B20000000801000009000000BF
:10C4B0000400000000000000000000000000000078
:10C4C000030000000200000002000000050100005F
:10C4D00007000000860000000501000007000000C2
:10C4E0000300000000000000000000000000000049
:10C4F0000200000002000000020000000401000031
:10C500000600000086000000040100000600000094
:10C510000200000000000000000000000000000019
:10C520000100000001000000010000000201000005
:10C5300003000000000000000201000003000000F2
:10C5400001000000000000000000000000000000EA
:10C5500028000000140000000C0000004C01000046
:10C560004D000000850000004C0100004D0000005F
:10C5700006000000000000000000000000000000B5
:10C5800000000000000000000000000000010000AA
:10C590000100000084000000000100000100000014
:10C5A000000000000000000000000000000000008B
:10C5B0000000000001000000020000000300000075
:10C5C0000400000005080000030800000408000043
:10C5D0000800000000000000000000000000000053
:10C5E00000080110021803002000280000000000CD
:10C5F00008011002180300060020000000000008D7
:10C6000001100218030020000700000000000801CC
:10C6100010021803000400050000000000080110CB
:10C6200002180300040005000000000008011002C9
:10C630000C03001000140000000000080110021894
:10C6400003000400050000000000080110021803A8
:10C65000000400050000000000080110021803009B
:10C6600004000500000000000000000000000000C1
:10C67000090000000A0000000D0000000B0000008F
:10C680000C0000000D0000000A0000000B0000007C
:10C690000C000000090000000A0000000D0000006E
:10C6A000090000000A0000000D0000000900000061
:10C6B0000A0000000B000000090000000A00000052
:10C6C0000D000000090000000A0000000D0000003D
:10C6D000090000000A0000000D000000000000003A
:10C6E000C040011000000000D04001100000000018
:10C6F000E040011000000000F040011000000000C8
:10C70000203D011000000000AAAAAAAA0000020011
:10C71000AAAAAAAAAAAAAAAAAAAAAAAAAAAAAAAA79
:10C72000AAAAAAAA00000000A8AAAAAAAAAAAAAA13
:10C73000AAAAAAAAAAAAAAAAAAAAAAAAAAAAAAAA59
:10C74000AAAAAAAAAAAAAAAAAAAAAAAAAAAAAAAA49
:10C75000AAAAAAAAAAAAAAAAAAAAAAAAAAAAAAAA39
:10C76000AAAAAAAAAAAAAAAAAAAAAAAAAAAA02007B
:10C770000000000000A0AAAA2AAAAAAAAAAAAAAAF5
:10C78000AAAAAA2A00000080AAAAAAAA0AA8AAAA53
:10C79000AA02AAAAAAAA80AAAAAA2A00000080AA73
:10C7A000AAA2828A82828282828282820200A0A0DF
:10C7B000820A2A08A0AAAAAAAAAAAAAAAAAAAA82F5
:10C7C0000A2A08000000000000000000000000002D
:10C7D0000000000000000000000000000000000059
:10C7E0000000AAAAAAAAAAAAAAAAAAAAAAAAAAAAFD
:10C7F000AAAAAAAAAAAAAAAAAAAAAAAAAAAAAAAA99
:10C80000AAAA2A00000000000000000000000000AA
:10C8100000000000000C000000000000000C000000
:10C8200000000000000C000000000000000C0000F0
:10C8300000000000000C000000000000000C0000E0
:10C8400000000000000C000000000000000C0000D0
:10C8500000000000000C000000000000000C0000C0
:10C8600000000000000C000000000000000C0000B0
:10C8700000000000000C000000000000000C0000A0
:10C8800000000000000C000000000000000C000090
:10C890000000000000000000000000000000000098
:10C8A0000000000000000000000000000000000088
:10C8B0000000000000000000000000000000000078
:10C8C0000000000000000000000000000000000068
:10C8D0000000000000000000000000000000000058
:10C8E0000000000000000000000000000000000048
:10C8F0000000000000000000000000000000000038
:10C900000000000000000000000000000000000027
:10C9100000000000000C000000000000000C0000FF
:10C9200000000000000C000000000000000C0000EF
:10C9300000000000000C000000000000000C0000DF
:10C9400000000000000C000000000000000C0000CF
:10C9500000000000000C000000000000000C0000BF
:10C9600000000000000C000000000000000C0000AF
:10C9700000000000000C000000000000000C00009F
:10C9800000000000000C000000000000000C00008F
:10C9900000000000000C000000000000000C00007F
:10C9A00000000000000C000000000000000C00006F
:10C9B00000000000000C000000000000000C00005F
:10C9C00000000000000C000000000000000C00004F
:10C9D00000000000000C000000000000000C00003F
:10C9E00000000000000C000000000000000C00002F
:10C9F00000000000000C000000000000000C00001F
:10CA000000000000000C000000000000000C00000E
:10CA100000000000000C000000000000000C0000FE
:10CA200000000000000C000000000000000C0000EE
:10CA300000000000000C000000000000000C0000DE
:10CA400000000000000C000000000000000C0000CE
:10CA500000000000000C000000000000000C0000BE
:10CA600000000000000C000000000000000C0000AE
:10CA700000000000000C000000000000000C00009E
:10CA800000000000000C000000000000000C00008E
:10CA900000000000000C000000000000000C00007E
:10CAA00000000000000C000000000000000C00006E
:10CAB00000000000000C000000000000000C00005E
:10CAC00000000000000C000000000000000C00004E
:10CAD00000000000000C000000000000000C00003E
:10CAE00000000000000C000000000000000C00002E
:10CAF00000000000000C000000000000000C00001E
:10CB000000000000000C000000000000000C00000D
:10CB100000000000000C000000000000000C0000FD
:10CB200000000000000C000000000000000C0000ED
:10CB300000000000000C000000000000000C0000DD
:10CB400000000000000C000000000000000C0000CD
:10CB500000000000000C000000000000000C0000BD
:10CB600000000000000C000000000000000C0000AD
:10CB700000000000000C000000000000000C00009D
:10CB800000000000000C000000000000000C00008D
:10CB900000000000000C000000000000000C00007D
:10CBA00000000000000C000000000000000C00006D
:10CBB00000000000000C000000000000000C00005D
:10CBC00000000000000C000000000000000C00004D
:10CBD00000000000000C000000000000000C00003D
:10CBE00000000000000C000000000000000C00002D
:10CBF00000000000000C000000000000000C00001D
:10CC000000000000000C000000000000000C00000C
:10CC100000000000000C000000000000000C0000FC
:10CC200000000000000C000000000000000C0000EC
:10CC300000000000000C000000000000000C0000DC
:10CC400000000000000C000000000000000C0000CC
:10CC500000000000000C000000000000000C0000BC
:10CC600000000000000C000000000000000C0000AC
:10CC700000000000000C000000000000000C00009C
:10CC800000000000000C000000000000000C00008C
:10CC900000000000000C000000000000000C00007C
:10CCA00000000000000C000000000000000C00006C
:10CCB00000000000000C000000000000000C00005C
:10CCC00000000000000C000000000000000C00004C
:10CCD00000000000000C000000000000000C00003C
:10CCE00000000000000C000000000000000C00002C
:10CCF00000000000000C000000000000000C00001C
:10CD000000000000000C000000000000000C00000B
:10CD100000000000000C000000000000000C0000FB
:10CD200000000000000C000000000000000C0000EB
:10CD300000000000000C000000000000000C0000DB
:10CD400000000000000C000000000000000C0000CB
:10CD500000000000000C000000000000000C0000BB
:10CD600000000000000C000000000000000C0000AB
:10CD700000000000000C000000000000000C00009B
:10CD800000000000000C000000000000000C00008B
:10CD900000000000000C000000000000000C00007B
:10CDA00000000000000C000000000000000C00006B
:10CDB00000000000000C000000000000000C00005B
:10CDC00000000000000C000000000000000C00004B
:10CDD00000000000000C000000000000000C00003B
:10CDE00000000000000C000000000000000C00002B
:10CDF00000000000000C000000000000000C00001B
:10CE000000000000000C000000000000000C00000A
:10CE10000000000000000000000000000000000012
:10CE20000000000000000000000000000000000002
:10CE300000000000000000000000000000000000F2
:10CE400000000000000000000000000000000000E2
:10CE500000000000000000000000000000000000D2
:10CE600000000000000000000000000000000000C2
:10CE700000000000000000000000000000000000B2
:10CE800000000000000000000000000000000000A2
:10CE90000000000000000000000000000000000092
:10CEA0000000000000000000000000000000000082
:10CEB0000000000000000000000000000000000072
:10CEC0000000000000000000000000000000000062
:10CED0000000000000000000000000000000000052
:10CEE0000000000000000000000000000000000042
:10CEF0000000000000000000000000000000000032
:10CF00000000000000000000000000000000000021
:10CF100000000000000C000000000000000C0000F9
:10CF200000000000000C000000000000000C0000E9
:10CF300000000000000C000000000000000C0000D9
:10CF400000000000000C000000000000000C0000C9
:10CF500000000000000C000000000000000C0000B9
:10CF600000000000000C000000000000000C0000A9
:10CF700000000000000C000000000000000C000099
:10CF800000000000000C000000000000000C000089
:10CF900000000000000C000000000000000C000079
:10CFA00000000000000C000000000000000C000069
:10CFB00000000000000C000000000000000C000059
:10CFC00000000000000C000000000000000C000049
:10CFD00000000000000C000000000000000C000039
:10CFE00000000000000C000000000000000C000029
:10CFF00000000000000C000000000000000C000019
:10D0000000000000000C000000000000000C000008
:10D0100009000000000000000900000000000000FE
:10D020006105F2FFF2FFF2FFF2FF2D05F2FFF2FFC2
:10D03000F2FFF2FFF2FFEF03EF03EF03EF03EF0363
:10D04000EF03EF03EF03EF03EF03F2FFF2FFF2FF53
:10D05000F2FFF2FFF2FFF2FFF903F2FF6C00220091
:10D06000F903F903F903F2FFF2FFF2FFF2FF0D05F6
:10D07000F2FFF2FFFE04F2FFF2FFF2FF7500F2FF93
:10D08000F2FFF2FFF2FFB004F2FFF2FF0605F2FF3B
:10D09000F2FFF2FFF2FFF2FFF903F2FF6D0023004F
:10D0A000F903F903F903130553051C00F2FF2405E6
:10D0B0001B0545055A053505F2FFF2FF76001C00F9
:10D0C0003E05F2FFF2FFB004F2FF1C004500B6FF80
:10D0D0004500B6FFB6FF8600010001000100010017
:10D0E00001000100010001000100B6FFB6FFB6FF1C
:10D0F000B6FFB6FFB6FFB6FF40000000000000001C
:10D1000048006300B6FFB6FF5700B6FFB6FFB6FF94
:10D11000B6FF7A00B6FF7800B6FFB6FFB6FF740020
:10D12000B6FFB6FFB6FF68003C00B6FFB6FFB6FF1D
:10D13000B6FFB6FFB6FFB6FF4000000000000000DB
:10D1400048006300B6FFB6FF5700B6FFB6FFB6FF54
:10D15000B6FF7A00B6FF7800B6FFB6FFB6FF7400E0
:10D16000B6FFB6FFB6FF68003C00000000000000FC
:10D170000A00010002000300040005000600070089
:10D18000080009000A000B000C000D000E000F0043
:10D190001000000023030000000020030000000036
:10D1A00000000B03000000000003FC020000E50289
:10D1B000E8020000A7035700570057005700570028
:10D1C0005700570057005700000000000000000003
:10D1D000000000000000330200009D028F033302B4
:10D1E0003302330200000000000000004F03000083
:10D1F00000002903000000000000B70200005203F5
:10D2000000000000290500000000000000000000F0
:10D21000000000000000330200009D02D004330231
:10D22000330233026603D004620100006103000090
:10D23000820343056E036B030000B70262012405FD
:10D24000000000003B05000062010000000000003B
:10D2500030303030303030303030303030303030CE
:10D2600020202020202020202020202020202020BE
:10D270007005F6FFF6FFF6FFF6FF2405F6FFF6FF52
:10D28000F6FFF6FFF6FFED03ED03ED03ED03ED030F
:10D29000ED03ED03ED03ED03ED03F6FFF6FFF6FFFF
:10D2A000F6FFF6FFF6FFF6FFF703F6FF68001E0035
:10D2B000F703F703F703F6FFF6FFF6FFF6FF160591
:10D2C000F6FFF6FF1C05F6FFF6FFF6FF7100F6FF0E
:10D2D000F6FFF6FFF6FFBF04F6FFF6FF2C05F6FF9C
:10D2E000F6FFF6FFF6FFF6FFF703F6FF69001F00F3
:10D2F000F703F703F703430569051800F6FF4B052D
:10D300000D05540562053A05F6FFF6FF7200180098
:10D310003305F6FFF6FFBF04F6FF18004600B5FF21
:10D320004600B5FFB5FF85000100010001000100C6
:10D3300001000100010001000100B5FFB5FFB5FFCC
:10D34000B5FFB5FFB5FFB5FF4100000000000000CC
:10D3500049006400B5FFB5FF5800B5FFB5FFB5FF44
:10D36000B5FF7B00B5FF7900B5FFB5FFB5FF7500D0
:10D37000B5FFB5FFB5FF69003D00B5FFB5FFB5FFCF
:10D38000B5FFB5FFB5FFB5FF41000000000000008C
:10D3900049006400B5FFB5FF5800B5FFB5FFB5FF04
:10D3A000B5FF7B00B5FF7900B5FFB5FFB5FF750090
:10D3B000B5FFB5FFB5FF69003D00000000000000AB
:10D3C0000A00010002000300040005000600070037
:10D3D000080009000A000B000C000D000E000F00F1
:10D3E000100000000000000061436F63A787D23F78
:10D3F000B3C8608B288AC63FFB799F501344D33F44
:10D400000100000002000000000000000100000018
:10D410009535A094FFFFDF3F35E5AF350000E03FD5
:10D420009535A094FFFFCF3F0500000019000000D4
:10D430007D0000000000000000000000000000006F
:10D440000080E03779C34143176E05B5B5B8934600
:10D45000F5F93FE9034F384D321D30F94877825ACC
:10D460003CBF737FDD4F1575000000000000000019
:10D47000000000000000F03F000000000000244019
:10D4800000000000000059400000000000408F40F4
:10D49000000000000088C34000000000006AF8405F
:10D4A0000000000080842E4100000000D012634183
:10D4B0000000000084D797410000000065CDCD41F9
:10D4C000000000205FA00242000000E876483742DA
:10D4D000000000A2941A6D42000040E59C30A24278
:10D4E0000000901EC4BCD64200003426F56B0C43ED
:10D4F0000080E03779C3414300A0D8855734764394
:10D5000000C84E676DC1AB43003D9160E458E143F4
:10D51000408CB5781DAF154450EFE2D6E41A4B4469
:10D5200092D54D06CFF08044F64AE1C7022DB544AE
:10D53000B49DD9794378EA4434000000CEFBFFFF64
:10D54000CB0300000100000000000000000000000C
:10D5500035000000CEFBFFFFCB0300000100000000
:10D5600000000000000000000000000000000000BB
:10D57000BC89D897B2D29C3C33A7A8D523F64939A9
:10D580003DA7F444FD0FA5329D978CCF08BA5B25CB
:10D59000436FAC6428066811000000000000000022
:10D5A0000020202020202020202028282828282073
:10D5B000202020202020202020202020202020206B
:10D5C00020881010101010101010101010101010D3
:10D5D00010040404040404040404041010101010C3
:10D5E000101041414141414101010101010101018D
:10D5F00001010101010101010101010110101010DF
:10D60000101042424242424202020202020202025E
:10D6100002020202020202020202020210101010B2
:10D6200020000000000000000000000000000000DA
:10D6300000000000000000000000000000000000EA
:10D6400000000000000000000000000000000000DA
:10D6500000000000000000000000000000000000CA
:10D6600000000000000000000000000000000000BA
:10D6700000000000000000000000000000000000AA
:10D68000000000000000000000000000000000009A
:10D69000000000000000000000000000000000008A
:10D6A000000000000000000000000000000000007A
:10D6B0000C5F104E154E2A4E314E364E3C4E3F4EAC
:10D6C000424E564E584E824E854E6B8C8A4E12827A
:10D6D0000D5F8E4E9E4E9F4EA04EA24EB04EB34E4C
:10D6E000B64ECE4ECD4EC44EC64EC24ED74EDE4E78
:10D6F000ED4EDF4EF74E094F5A4F304F5B4F5D4FA7
:10D70000574F474F764F884F8F4F984F7B4F694FFA
:10D71000704F914F6F4F864F964F1851D44FDF4F38
:10D72000CE4FD84FDB4FD14FDA4FD04FE44FE54FBC
:10D730001A50285014502A50255005501C4FF64FAF
:10D74000215029502C50FE4FEF4F1150065043509E
:10D75000475003675550505048505A5056506C50DF
:10D76000785080509A508550B450B250C950CA5029
:10D77000B350C250D650DE50E550ED50E350EE505D
:10D78000F950F550095101510251165115511451DA
:10D790001A5121513A5137513C513B513F5140515F
:10D7A00052514C5154516251F87A69516A516E513B
:10D7B00080518251D8568C5189518F51915193513A
:10D7C00095519651A451A651A251A951AA51AB51BC
:10D7D000B351B151B251B051B551BD51C551C951FB
:10D7E000DB51E0515586E951ED51F051F551FE51B3
:10D7F00004520B5214520E5227522A522E523352B6
:10D8000039524F5244524B524C525E5254526A5209
:10D810007452695273527F527D528D529452925279
:10D82000715288529152A88FA78FAC52AD52BC5200
:10D83000B552C152CD52D752DE52E352E652ED9864
:10D84000E052F352F552F852F95206530853387524
:10D850000D5310530F5315531A5323532F53315352
:10D8600033533853405346534553174E49534D5342
:10D87000D6515E5369536E5318597B537753825375
:10D880009653A053A653A553AE53B053B653C353A8
:10D89000127CD996DF53FC66EE71EE53E853ED53DC
:10D8A000FA5301543D5440542C542D543C542E549E
:10D8B000365429541D544E548F5475548E545F540D
:10D8C00071547754705492547B54805476548454D9
:10D8D00090548654C754A254B854A554AC54C4545C
:10D8E000C854A854AB54C254A454BE54BC54D854C5
:10D8F000E554E6540F551455FD54EE54ED54FA54C6
:10D90000E2543955405563554C552E555C55455597
:10D9100056555755385533555D5599558055AF5423
:10D920008A559F557B557E5598559E55AE557C55CD
:10D930008355A9558755A855DA55C555DF55C455A2
:10D94000DC55E455D4551456F7551656FE55FD557D
:10D950001B56F9554E565056DF71345636563256D0
:10D9600038566B5664562F566C566A5686568056F5
:10D970008A56A05694568F56A556AE56B656B456ED
:10D98000C256BC56C156C356C056C856CE56D156BE
:10D99000D356D756EE56F9560057FF560457095737
:10D9A00008570B570D57135718571657C7551C577D
:10D9B0002657375738574E573B5740574F57695799
:10D9C000C057885761577F5789579357A057B35708
:10D9D000A457AA57B057C357C657D457D257D3578F
:10D9E0000A58D657E3570B5819581D5872582158E2
:10D9F00062584B587058C06B52583D5879588558EA
:10DA0000B9589F58AB58BA58DE58BB58B858AE589A
:10DA1000C558D358D158D758D958D858E558DC5894
:10DA2000E458DF58EF58FA58F958FB58FC58FD589D
:10DA300002590A5910591B59A66825592C592D59B4
:10DA4000325938593E59D27A555950594E595A5926
:10DA500058596259605967596C59695978598159AF
:10DA60009D595E4FAB4FA359B259C659E859DC597D
:10DA70008D59D959DA59255A1F5A115A1C5A095A1F
:10DA80001A5A405A6C5A495A355A365A625A6A5A80
:10DA90009A5ABC5ABE5ACB5AC25ABD5AE35AD75A9E
:10DAA000E65AE95AD65AFA5AFB5A0C5B0B5B165BDC
:10DAB000325BD05A2A5B365B3E5B435B455B405B27
:10DAC000515B555B5A5B5B5B655B695B705B735B72
:10DAD000755B785B88657A5B805B835BA65BB85B14
:10DAE000C35BC75BC95BD45BD05BE45BE65BE25BBB
:10DAF000DE5BE55BEB5BF05BF65BF35B055C075CB9
:10DB0000085C0D5C135C205C225C285C385C395C32
:10DB1000415C465C4E5C535C505C4F5C715B6C5C82
:10DB20006E5C624E765C795C8C5C915C945C9B591B
:10DB3000AB5CBB5CB65CBC5CB75CC55CBE5CC75C2C
:10DB4000D95CE95CFD5CFA5CED5C8C5DEA5C0B5DCC
:10DB5000155D175D5C5D1F5D1B5D115D145D225DD4
:10DB60001A5D195D185D4C5D525D4E5D4B5D6C5DDF
:10DB7000735D765D875D845D825DA25D9D5DAC5D5C
:10DB8000AE5DBD5D905DB75DBC5DC95DCD5DD35DD6
:10DB9000D25DD65DDB5DEB5DF25DF55D0B5E1A5E21
:10DBA000195E115E1B5E365E375E445E435E405E0C
:10DBB0004E5E575E545E5F5E625E645E475E755E9B
:10DBC000765E7A5EBC9E7F5EA05EC15EC25EC85E0F
:10DBD000D05ECF5ED65EE35EDD5EDA5EDB5EE25E89
:10DBE000E15EE85EE95EEC5EF15EF35EF05EF45EDF
:10DBF000F85EFE5E035F095F5D5F5C5F0B5F115F58
:10DC0000165F295F2D5F385F415F485F4C5F4E5F55
:10DC10002F5F515F565F575F595F615F6D5F735F45
:10DC2000775F835F825F7F5F8A5F885F915F875FD7
:10DC30009E5F995F985FA05FA85FAD5FBC5FD65F96
:10DC4000FB5FE45FF85FF15FDD5FB360FF5F216062
:10DC500060601960106029600E6031601B601560A3
:10DC60002B6026600F603A605A6041606A6077609E
:10DC70005F604A6046604D6063604360646042601C
:10DC80006C606B60596081608D60E76083609A6052
:10DC900084609B60966097609260A7608B60E16093
:10DCA000B860E060D360B460F05FBD60C660B5602E
:10DCB000D8604D6115610661F660F7600061F4603F
:10DCC000FA6003612161FB60F1600D610E614761E3
:10DCD0003E61286127614A613F613C612C6134618A
:10DCE0003D614261446173617761586159615A6174
:10DCF0006B6174616F61656171615F615D615361E9
:10DD00007561996196618761AC6194619A618A617C
:10DD10009161AB61AE61CC61CA61C961F761C861F3
:10DD2000C361C661BA61CB61797FCD61E661E361B0
:10DD3000F661FA61F461FF61FD61FC61FE61006200
:10DD4000086209620D620C6214621B621E6221622B
:10DD50002A622E6230623262336241624E625E62D9
:10DD600063625B62606268627C62826289627E6218
:10DD7000926293629662D46283629462D762D16245
:10DD8000BB62CF62FF62C662D464C862DC62CC62EE
:10DD9000CA62C262C7629B62C9620C63EE62F162D0
:10DDA000276302630863EF62F56250633E634D636D
:10DDB0001C644F6396638E638063AB637663A36377
:10DDC0008F6389639F63B5636B636963BE63E96354
:10DDD000C063C663E363C963D263F663C463166456
:10DDE000346406641364266436641D65176428640D
:10DDF0000F6467646F6476644E642A659564936407
:10DE0000A564A9648864BC64DA64D264C564C76428
:10DE1000BB64D864C264F164E7640982E064E164CD
:10DE2000AC62E364EF642C65F664F464F264FA6453
:10DE30000065FD6418651C650565246523652B6513
:10DE4000346535653765366538654B7548655665A3
:10DE500055654D6558655E655D6572657865826579
:10DE600083658A8B9B659F65AB65B765C365C66532
:10DE7000C165C465CC65D265DB65D965E065E165E2
:10DE8000F16572670A660366FB6573673566366619
:10DE900034661C664F664466496641665E665D662A
:10DEA0006466676668665F666266706683668866D3
:10DEB0008E668966846698669D66C166B966C9661F
:10DEC000BE66BC66C466B866D666DA66E0663F665D
:10DED000E666E966F066F566F7660F6716671E6721
:10DEE0002667276738972E673F6736674167386729
:10DEF000376746675E676067596763676467896706
:10DF00007067A9677C676A678C678B67A667A1677C
:10DF10008567B767EF67B467EC67B367E967B867AA
:10DF2000E467DE67DD67E267EE67B967CE67C667FD
:10DF3000E7679C6A1E684668296840684D683268D1
:10DF40004E68B3682B685968636877687F689F6814
:10DF50008F68AD6894689D689B688368AE6AB9688D
:10DF60007468B568A068BA680F698D687E680169D1
:10DF7000CA680869D86822692669E1680C69CD68B1
:10DF8000D468E768D568366912690469D768E368B8
:10DF90002569F968E068EF6828692A691A692369C0
:10DFA0002169C668796977695C6978696B695469C0
:10DFB0007E696E69396974693D6959693069616959
:10DFC0005E695D6981696A69B269AE69D069BF6974
:10DFD000C169D369BE69CE69E85BCA69DD69BB699D
:10DFE000C369A7692E6A9169A0699C699569B4693A
:10DFF000DE69E869026A1B6AFF690A6BF969F269FE
:10E00000E769056AB1691E6AED69146AEB690A6A13
:10E01000126AC16A236A136A446A0C6A726A366AAF
:10E02000786A476A626A596A666A486A386A226A1E
:10E03000906A8D6AA06A846AA26AA36A976A178640
:10E04000BB6AC36AC26AB86AB36AAC6ADE6AD16A7A
:10E05000DF6AAA6ADA6AEA6AFB6A056B1686FA6AF6
:10E06000126B166B319B1F6B386B376BDC76396B21
:10E07000EE98476B436B496B506B596B546B5B6B02
:10E080005F6B616B786B796B7F6B806B846B836B81
:10E090008D6B986B956B9E6BA46BAA6BAB6BAF6B28
:10E0A000B26BB16BB36BB76BBC6BC66BCB6BD36B2B
:10E0B000DF6BEC6BEB6BF36BEF6BBE9E086C136C62
:10E0C000146C1B6C246C236C5E6C556C626C6A6CFB
:10E0D000826C8D6C9A6C816C9B6C7E6C686C736CC2
:10E0E000926C906CC46CF16CD36CBD6CD76CC56CCD
:10E0F000DD6CAE6CB16CBE6CBA6CDB6CEF6CD96C69
:10E10000EA6C1F6D4D88366D2B6D3D6D386D196D48
:10E11000356D336D126D0C6D636D936D646D5A6D5D
:10E12000796D596D8E6D956DE46F856DF96D156E18
:10E130000A6EB56DC76DE66DB86DC66DEC6DDE6DC2
:10E14000CC6DE86DD26DC56DFA6DD96DE46DD56D90
:10E15000EA6DEE6D2D6E6E6E2E6E196E726E5F6EC6
:10E160003E6E236E6B6E2B6E766E4D6E1F6E436E23
:10E170003A6E4E6E246EFF6E1D6E386E826EAA6E03
:10E18000986EC96EB76ED36EBD6EAF6EC46EB26E52
:10E19000D46ED56E8F6EA56EC26E9F6E416F116F7D
:10E1A0004C70EC6EF86EFE6E3F6FF26E316FEF6E7C
:10E1B000326FCC6E3E6F136FF76E866F7A6F786F2B
:10E1C000816F806F6F6F5B6FF36F6D6F826F7C6FAE
:10E1D000586F8E6F916FC26F666FB36FA36FA16F31
:10E1E000A46FB96FC66FAA6FDF6FD56FEC6FD46F76
:10E1F000D86FF16FEE6FDB6F09700B70FA6F1170F3
:10E2000001700F70FE6F1B701A70746F1D701870A4
:10E210001F7030703E7032705170637099709270E0
:10E22000AF70F170AC70B870B370AE70DF70CB705F
:10E23000DD70D9700971FD701C71197165715571AE
:10E240008871667162714C7156716C718F71FB715E
:10E2500084719571A871AC71D771B971BE71D271A9
:10E26000C971D471CE71E071EC71E771F571FC7117
:10E27000F971FF710D7210721B7228722D722C725F
:10E28000307232723B723C723F72407246724B7215
:10E29000587274727E7282728172877292729672F2
:10E2A000A272A772B972B272C372C672C472CE720F
:10E2B000D272E272E072E172F972F7720F50177364
:10E2C0000A731C7316731D7334732F7329732573AC
:10E2D0003E734E734F73D89E57736A73687370732F
:10E2E000787375737B737A73C873B373CE73BB73B0
:10E2F000C073E573EE73DE73A27405746F742574D6
:10E30000F87332743A7455743F745F74597441747D
:10E310005C746974707463746A7476747E748B74DC
:10E320009E74A774CA74CF74D474F173E074E374E8
:10E33000E774E974EE74F274F074F174F874F774BD
:10E340000475037505750C750E750D7515751375CA
:10E350001E7526752C753C7544754D754A75497545
:10E360005B7546755A756975647567756B756D75FE
:10E37000787576758675877574758A7589758275F1
:10E3800094759A759D75A575A375C275B375C3759A
:10E39000B575BD75B875BC75B175CD75CA75D275D5
:10E3A000D975E375DE75FE75FF75FC750176F07540
:10E3B000FA75F275F3750B760D7609761F7627766A
:10E3C0002076217622762476347630763B76477630
:10E3D000487646765C7658766176627668766976B7
:10E3E0006A7667766C7670767276767678767C76F4
:10E3F0008076837688768B768E7696769376997607
:10E400009A76B076B476B876B976BA76C276CD76A4
:10E41000D676D276DE76E176E576E776EA762F86F0
:10E42000FB76087707770477297724771E77257797
:10E4300026771B773777387747775A7768776B7700
:10E440005B7765777F777E7779778E778B77917734
:10E45000A0779E77B077B677B977BF77BC77BD776F
:10E46000BB77C777CD77D777DA77DC77E377EE7747
:10E47000FC770C781278267920782A7945788E787E
:10E48000747886787C789A788C78A378B578AA782E
:10E49000AF78D178C678CB78D478BE78BC78C57898
:10E4A000CA78EC78E778DA78FD78F4780779127929
:10E4B000117919792C792B794079607957795F79BD
:10E4C0005A79557953797A797F798A799D79A779BB
:10E4D0004B9FAA79AE79B379B979BA79C979D579E7
:10E4E000E779EC79E179E379087A0D7A187A197A83
:10E4F000207A1F7A8079317A3B7A3E7A377A437A6A
:10E50000577A497A617A627A697A9D9F707A797AC4
:10E510007D7A887A977A957A987A967AA97AC87A5B
:10E52000B07AB67AC57AC47ABF7A8390C77ACA7A43
:10E53000CD7ACF7AD57AD37AD97ADA7ADD7AE17A56
:10E54000E27AE67AED7AF07A027B0F7B0A7B067B31
:10E55000337B187B197B1E7B357B287B367B507B7E
:10E560007A7B047B4D7B0B7B4C7B457B757B657B92
:10E57000747B677B707B717B6C7B6E7B9D7B987BF8
:10E580009F7B8D7B9C7B9A7B8B7B927B8F7B5D7B48
:10E59000997BCB7BC17BCC7BCF7BB47BC67BDD7B8C
:10E5A000E97B117C147CE67BE57B607C007C077C4E
:10E5B000137CF37BF77B177C0D7CF67B237C277C1D
:10E5C0002A7C1F7C377C2B7C3D7C4C7C437C547CA0
:10E5D0004F7C407C507C587C5F7C647C567C657CA6
:10E5E0006C7C757C837C907CA47CAD7CA27CAB7CB9
:10E5F000A17CA87CB37CB27CB17CAE7CB97CBD7CB8
:10E60000C07CC57CC27CD87CD27CDC7CE27C3B9B21
:10E61000EF7CF27CF47CF67CFA7C067D027D1C7D2E
:10E62000157D0A7D457D4B7D2E7D327D3F7D357D7F
:10E63000467D737D567D4E7D727D687D6E7D4F7DFE
:10E64000637D937D897D5B7D8F7D7D7D9B7DBA7DA7
:10E65000AE7DA37DB57DC77DBD7DAB7D3D7EA27DBD
:10E66000AF7DDC7DB87D9F7DB07DD87DDD7DE47D97
:10E67000DE7DFB7DF27DE17D057E0A7E237E217EAF
:10E68000127E317E1F7E097E0B7E227E467E667E56
:10E690003B7E357E397E437E377E327E3A7E677E94
:10E6A0005D7E567E5E7E597E5A7E797E6A7E697E6A
:10E6B0007C7E7B7E837ED57D7D7EAE8F7F7E887ED9
:10E6C000897E8C7E927E907E937E947E967E8E7ED8
:10E6D0009B7E9C7E387F3A7F457F4C7F4D7F4E7F6F
:10E6E000507F517F557F547F587F5F7F607F687F69
:10E6F000697F677F787F827F867F837F887F877F40
:10E700008C7F947F9E7F9D7F9A7FA37FAF7FB27F18
:10E71000B97FAE7FB67FB87F718BC57FC67FCA7F5A
:10E72000D57FD47FE17FE67FE97FF37FF97FDC98B7
:10E73000068004800B801280188019801C80218044
:10E7400028803F803B804A804680528058805A8093
:10E750005F8062806880738072807080768079804C
:10E760007D807F808480868085809B8093809A8056
:10E77000AD809051AC80DB80E580D980DD80C480A5
:10E78000DA80D6800981EF80F1801B812981238185
:10E790002F814B818B9646813E8153815181FC8034
:10E7A00071816E81658166817481838188818A81AE
:10E7B00080818281A0819581A481A3815F819381E1
:10E7C000A981B081B581BE81B881BD81C081C2817E
:10E7D000BA81C981CD81D181D981D881C881DA81BD
:10E7E000DF81E081E781FA81FB81FE810182028283
:10E7F000058207820A820D821082168229822B826C
:10E80000388233824082598258825D825A825F8286
:10E810006482628268826A826B822E8271827782CF
:10E8200078827E828D829282AB829F82BB82AC8212
:10E83000E182E382DF82D282F482F382FA829383DE
:10E840000383FB82F982DE820683DC820983D9821C
:10E8500035833483168332833183408339835083F5
:10E8600045832F832B831783188385839A83AA83F9
:10E870009F83A283968323838E8387838A837C836B
:10E88000B58373837583A0838983A883F4831384FA
:10E89000EB83CE83FD830384D8830B84C183F7830A
:10E8A0000784E083F2830D8422842084BD8338842E
:10E8B0000685FB836D842A843C845A85848477840E
:10E8C0006B84AD846E848284698446842C846F84D6
:10E8D00079843584CA846284B984BF849F84D9844E
:10E8E000CD84BB84DA84D084C184C684D684A184D8
:10E8F0002185FF84F484178518852C851F8515854F
:10E900001485FC8440856385588548854185028649
:10E910004B8555858085A485888591858A85A885C0
:10E920006D8594859B85EA8587859C8577857E8521
:10E930009085C985BA85CF85B985D085D585DD8592
:10E94000E585DC85F9850A8613860B86FE85FA85C2
:10E95000068622861A8630863F864D86554E548618
:10E960005F86678671869386A386A986AA868B862C
:10E970008C86B686AF86C486C686B086C98623884E
:10E98000AB86D486DE86E986EC86DF86DB86EF867C
:10E9900012870687088700870387FB861187098708
:10E9A0000D87F9860A8734873F8737873B87258716
:10E9B00029871A8760875F8778874C874E87748797
:10E9C000578768876E875987538763876A87058863
:10E9D000A2879F878287AF87CB87BD87C087D08775
:10E9E000D696AB87C487B387C787C687BB87EF87B1
:10E9F000F287E0870F880D88FE87F687F7870E88F5
:10EA0000D28711881688158822882188318836880F
:10EA1000398827883B8844884288528859885E888C
:10EA200062886B8881887E889E8875887D88B58895
:10EA30007288828897889288AE889988A2888D8803
:10EA4000A488B088BF88B188C388C488D488D8888F
:10EA5000D988DD88F9880289FC88F488E888F288FA
:10EA600004890C890A89138943891E8925892A8981
:10EA70002B89418944893B89368938894C891D898C
:10EA800060895E89668964896D896A896F897489FC
:10EA900077897E89838988898A8993899889A189D8
:10EAA000A989A689AC89AF89B289BA89BD89BF898C
:10EAB000C089DA89DC89DD89E789F489F889038AE4
:10EAC000168A108A0C8A1B8A1D8A258A368A418AF0
:10EAD0005B8A528A468A488A7C8A6D8A6C8A628AF4
:10EAE000858A828A848AA88AA18A918AA58AA68A26
:10EAF0009A8AA38AC48ACD8AC28ADA8AEB8AF38A7E
:10EB0000E78AE48AF18A148BE08AE28AF78ADE8A4D
:10EB1000DB8A0C8B078B1A8BE18A168B108B178B79
:10EB2000208B338BAB97268B2B8B3E8B288B418B8B
:10EB30004C8B4F8B4E8B498B568B5B8B5A8B6B8BD5
:10EB40005F8B6C8B6F8B748B7D8B808B8C8B8E8BA8
:10EB5000928B938B968B998B9A8B3A8C418C3F8CB2
:10EB6000488C4C8C4E8C508C558C628C6C8C788C78
:10EB70007A8C828C898C858C8A8C8D8C8E8C948CF2
:10EB80007C8C988C1D62AD8CAA8CBD8CB28CB38CA5
:10EB9000AE8CB68CC88CC18CE48CE38CDA8CFD8C8A
:10EBA000FA8CFB8C048D058D0A8D078D0F8D0D8DD4
:10EBB000108D4E9F138DCD8C148D168D678D6D8DA0
:10EBC000718D738D818D998DC28DBE8DBA8DCF8DD6
:10EBD000DA8DD68DCC8DDB8DCB8DEA8DEB8DDF8DF7
:10EBE000E38DFC8D088E098EFF8D1D8E1E8E108E7E
:10EBF0001F8E428E358E308E348E4A8E478E498ED1
:10EC00004C8E508E488E598E648E608E2A8E638E06
:10EC1000558E768E728E7C8E818E878E858E848EBA
:10EC20008B8E8A8E938E918E948E998EAA8EA18EC3
:10EC3000AC8EB08EC68EB18EBE8EC58EC88ECB8E7B
:10EC4000DB8EE38EFC8EFB8EEB8EFE8E0A8F058FA5
:10EC5000158F128F198F138F1C8F1F8F1B8F0C8F87
:10EC6000268F338F3B8F398F458F428F3E8F4C8F4E
:10EC7000498F468F4E8F578F5C8F628F638F648F63
:10EC80009C8F9F8FA38FAD8FAF8FB78FDA8FE58F5C
:10EC9000E28FEA8FEF8F8790F48F0590F98FFA8FCC
:10ECA0001190159021900D901E9016900B9027902A
:10ECB000369035903990F88F4F90509051905290F7
:10ECC0000E9049903E90569058905E9068906F904C
:10ECD0007690A896729082907D90819080908A9094
:10ECE00089908F90A890AF90B190B590E290E49009
:10ECF0004862DB90029112911991329130914A91C0
:10ED000056915891639165916991739172918B912C
:10ED100089918291A291AB91AF91AA91B591B49151
:10ED2000BA91C091C191C991CB91D091D691DF9107
:10ED3000E191DB91FC91F591F6911E92FF91149275
:10ED40002C92159211925E9257924592499264923A
:10ED5000489295923F924B9250929C9296929392A7
:10ED60009B925A92CF92B992B792E9920F93FA92EC
:10ED700044932E93199322931A9323933A933593A2
:10ED80003B935C9360937C936E935693B093AC9358
:10ED9000AD939493B993D693D793E893E593D8938F
:10EDA000C393DD93D093C893E4931A94149413946B
:10EDB00003940794109436942B94359421943A94A8
:10EDC0004194529444945B94609462945E946A94E7
:10EDD00029927094759477947D945A947C947E943F
:10EDE00081947F94829587958A9594959695989528
:10EDF0009995A095A895A795AD95BC95BB95B99506
:10EE0000BE95CA95F66FC395CD95CC95D595D495FD
:10EE1000D695DC95E195E595E295219628962E9676
:10EE20002F9642964C964F964B9677965C965E96AA
:10EE30005D965F96669672966C968D969896959668
:10EE40009796AA96A796B196B296B096B496B696AD
:10EE5000B896B996CE96CB96C996CD964D89DC9646
:10EE60000D97D596F99604970697089713970E97DE
:10EE700011970F971697199724972A9730973997D4
:10EE80003D973E97449746974897429749975C9796
:10EE90006097649766976897D2526B977197799746
:10EEA00085977C9781977A9786978B978F9790977E
:10EEB0009C97A897A697A397B397B497C397C6971D
:10EEC000C897CB97DC97ED974F9FF297DF7AF6972D
:10EED000F5970F980C9838982498219837983D9872
:10EEE00046984F984B986B986F9870987198749853
:10EEF0007398AA98AF98B198B698C498C398C698D2
:10EF0000E998EB98039909991299149918992199FC
:10EF10001D991E99249920992C992E993D993E99D5
:10EF200042994999459950994B99519952994C99BF
:10EF3000559997999899A599AD99AE99BC99DF99EA
:10EF4000DB99DD99D899D199ED99EE99F199F299DA
:10EF5000FB99F899019A0F9A059AE299199A2B9AB6
:10EF6000379A459A429A409A439A3E9A559A4D9AB0
:10EF70005B9A579A5F9A629A659A649A699A6B9AB1
:10EF80006A9AAD9AB09ABC9AC09ACF9AD19AD39AFB
:10EF9000D49ADE9ADF9AE29AE39AE69AEF9AEB9A8B
:10EFA000EE9AF49AF19AF79AFB9A069B189B1A9B91
:10EFB0001F9B229B239B259B279B289B299B2A9B4E
:10EFC0002E9B2F9B329B449B439B4F9B4D9B4E9B69
:10EFD000519B589B749B939B839B919B969B979B68
:10EFE0009F9BA09BA89BB49BC09BCA9BB99BC69BA5
:10EFF000CF9BD19BD29BE39BE29BE49BD49BE19B69
:10F000003A9CF29BF19BF09B159C149C099C139CD1
:10F010000C9C069C089C129C0A9C049C2E9C1B9C8D
:10F02000259C249C219C309C479C329C469C3E9C69
:10F030005A9C609C679C769C789CE79CEC9CF09C1E
:10F04000099D089DEB9C039D069D2A9D269DAF9DD5
:10F05000239D1F9D449D159D129D419D3F9D3E9D5D
:10F06000469D489D5D9D5E9D649D519D509D599D11
:10F07000729D899D879DAB9D6F9D7A9D9A9DA49D54
:10F08000A99DB29DC49DC19DBB9DB89DBA9DC69DC5
:10F09000CF9DC29DD99DD39DF89DE69DED9DEF9D91
:10F0A000FD9D1A9E1B9E1E9E759E799E7D9E819E35
:10F0B000889E8B9E8C9E929E959E919E9D9EA59EC7
:10F0C000A99EB89EAA9EAD9E6197CC9ECE9ECF9ED5
:10F0D000D09ED49EDC9EDE9EDD9EE09EE59EE89E58
:10F0E000EF9EF49EF69EF79EF99EFB9EFC9EFD9E73
:10F0F000079F089FB776159F219F2C9F3E9F4A9F91
:10F10000529F549F639F5F9F609F619F669F679F11
:10F110006C9F6A9F779F729F769F959F9C9FA09FF1
:10F120002F58C76959906474DC5199710000000030
:10F130009C4E1655035A3F96C0541B612863F659DE
:10F14000229075841C83507AAA60E163256EED6578
:10F150006684A682F59B93682757A16571629B5BC5
:10F16000D0597B86F498627DBE7D8E9B16629F7C13
:10F17000B788895BB55E096397664868C7958D97C0
:10F180004F67E54E0A4F4D4F9D4F4950F256375944
:10F19000D459015A095CDF600F617061136605691B
:10F1A000BA704F757075FB79AD7DEF7DC3800E84AD
:10F1B0006388028B55907A903B53954EA54EDF574E
:10F1C000B280C190EF78004EF158A26E3890327A3A
:10F1D00028838B822F9C41517053BD54E154E056DB
:10F1E000FB59155FF298EB6DE4802D856296709661
:10F1F000A096FB970B54F353875BCF70BD7FC28FF4
:10F20000E8966F535C9DBA7A114E9378FC81266E16
:10F21000185604551D6B1A853B9CE559A953666D1C
:10F22000DC748F954256914E4B90F2964F830C9919
:10F23000E153B655305B715F2066F3660468386C45
:10F24000F36C296D5B74C8764E7A3498F1825B88D2
:10F25000608AED92B26DAB75CA76C599A660018BD6
:10F260008A8DB2958E69AD538651125730584459E4
:10F27000B45BF65E2860A963F463BF6C146F8E7094
:10F2800014715971D5713F73017E7682D182978551
:10F2900060905B921B9D6958BC655A6C2575F9514D
:10F2A0002E596559805FDC5FBC62FA652A6A276B5C
:10F2B000B46B8B73C17F56892C9D0E9DC49EA15C3F
:10F2C000966C7B8304514B5CB661C6817668617233
:10F2D000594EFA4F78536960296E4F7AF3970B4E67
:10F2E0001653EE4E554F3D4FA14F734FA052EF5363
:10F2F00009560F59C15AB65BE15BD17987669C67A5
:10F30000B6674C6BB36C6B70C2738D79BE793C7A07
:10F31000877BB182DB8204837783EF83D383668725
:10F32000B28A2956A88CE68F4E901E978A86C44FC3
:10F33000E85C116259723B75E581BD82FE86C08C26
:10F34000C5961399D599CB4E1A4FE389DE564A5884
:10F35000CA58FB5EEB5F2A6094606260D061126203
:10F36000D0623965419B6666B068776D70704C7588
:10F370008676757DA582F9878B958E969D8CF15149
:10F38000BE521659B354B35B165D68618269AF6DA6
:10F390008D78CB845788728AA793B89A6C6DA89998
:10F3A000D986A357FF67CE860E92835287560454A0
:10F3B000D35EE162B9643C683868BB6B7273BA783B
:10F3C0006B7A9A89D2896B8D038FED90A395949671
:10F3D0006997665BB35C7D694D984E989B63207B13
:10F3E0002B6A7F6AB6680D9C5F6F72529D55706084
:10F3F000EC623B6D076ED16E5B841089448F144EB6
:10F40000399CF6531B693A6A84972A685C51C37A1F
:10F41000B284DC918C935B56289D226805833184ED
:10F42000A57C0852C582E6747E4E834FA051D25B04
:10F430000A52D852E752FB5D9A552A58E6598C5B1E
:10F44000985BDB5B725E795EA3601F616361BE6186
:10F45000DB636265D1675368FA683E6B536B576C28
:10F46000226F976F456FB0741875E3760B77FF7A4C
:10F47000A17B217CE97D367FF07F9D8066829E8323
:10F48000B389CC8AAB8C8490519493959195A29535
:10F490006596D39728991882384E2B54B85CCC5D6A
:10F4A000A9734C763C77A95CEB7F0B8DC1961198C4
:10F4B00054985898014F0E4F71539C556856FA57FF
:10F4C0004759095BC45B905C0C5E7E5ECC5FEE636B
:10F4D0003A67D765E2651F67CB68C4685F6A305ECC
:10F4E000C56B176C7D6C7F754879635B007A007D16
:10F4F000BD5F8F89188AB48C778DCC8E1D8FE29872
:10F500000E9A3C9B804E7D50005193599C5B2F621C
:10F510008062EC643A6BA07291754779A97FFB8792
:10F52000BC8A708BAC63CA83A09709540354AB5553
:10F530005468586A708A27787567CD9E7453A25BA9
:10F540001A8150860690184E454EC74E114FCA5329
:10F550003854AE5B135F256051653D67426C726C39
:10F56000E36C78700374767AAE7A087B1A7DFE7C41
:10F57000667DE7655B72BB53455CE85DD262E06225
:10F580001963206E5A86318ADD8DF892016FA67953
:10F590005A9BA84EAB4EAC4E9B4FA04FD1504751FB
:10F5A000F67A7151F651545321537F53EB53AC55B6
:10F5B0008358E15C375F4A5F2F6050606D601F6366
:10F5C00059654B6AC16CC272ED72EF77F8800581A4
:10F5D00008824E85F790E193FF9757995A9AF04E1B
:10F5E000DD512D5C81666D69405CF26675698973D9
:10F5F0005068817CC550E4524757FE5D2693A46550
:10F60000236B3D6B34748179BD794B7BCA7DB982A4
:10F61000CC837F885F89398BD18FD1911F548092A1
:10F620005D4E3650E5533A53D7729673E977E682CA
:10F63000AF8EC699C899D29977511A615E86B05536
:10F640007A7A7650D35B47908596324EDB6AE791A3
:10F65000515C485C98639F7A936C7497618FAA7A27
:10F660008A718896827C1768707E51686C93F2521A
:10F670001B54AB85138AA47FCD8EE1906653888896
:10F680004179C24FBE501152445153552D57EA7320
:10F690008B575159625F845F756076616761A961BC
:10F6A000B2633A646C656F664268136E66753D7A44
:10F6B000FB7C4C7D997D4B7E6B7F0E834A83CD8690
:10F6C000088A638A668BFD8E1A988F9DB882CE8FCA
:10F6D000E89B87521F628364C06F9996416891507E
:10F6E000206B7A6C546F747A507D4088238A086747
:10F6F000F64E3950265065507C5138526352A7550A
:10F700000F570558CC5AFA5EB261F861F362726322
:10F710001C69296A7D72AC722E7314786F78797DBA
:10F720000C77A9808B89198BE28CD28E63907593AC
:10F730007A965598139A789E43519F53B3537B5EA4
:10F74000265F1B6E906E8473FE73437D3782008A42
:10F75000FA8A50964E4E0B50E4537C54FA56D159C7
:10F76000645BF15DAB5E275F38624565AF67566EDF
:10F77000D072CA7CB488A180E180F0834E86878AEB
:10F78000E88D3792C7966798139F944E924E0D4F0F
:10F79000485349543E542F5A8C5FA15F9F60A7681D
:10F7A0008E6A5A7481789E8AA48A778B90915E4E75
:10F7B000C99BA44E7C4FAF4F1950165049516C5104
:10F7C0009F52B952FE529A53E35311540E54895525
:10F7D0005157A2577D59545B5D5B8F5BE55DE75DDB
:10F7E000F75D785E835E9A5EB75E185F52604C612B
:10F7F0009762D862A7633B6502664366F4666D67ED
:10F8000021689768CB695F6C2A6D696D2F6E9D6E5C
:10F81000327587766C783F7AE07C057D187D5E7D59
:10F82000B17D15800380AF80B18054818F812A82A1
:10F8300052834C8861881B8BA28CFC8CCA9075917A
:10F8400071923F78FC92A4954D9605989999D89A13
:10F850003B9D5B52AB52F7530854D558F762E06FAB
:10F860006A8C5F8FB99E4B513B524A54FD56407A89
:10F870007791609DD29E4473096F70811175FD5F11
:10F88000DA60A89ADB72BC8F646B0398CA4EF0569C
:10F890006457BE585A5A6860C7610F660666396871
:10F8A000B168F76DD5753A7D6E82429B9B4E504F85
:10F8B000C95306556F5DE65DEE5DFB67996C737429
:10F8C0000278508A9693DF885057A75E2B63B55015
:10F8D000AC508D510067C9545E58BB59B05B695F2D
:10F8E0004D62A1633D68736B086E7D70C791807235
:10F8F000157826786D798E65307DDC83C188098F17
:10F900009B966452285750676A7FA18CB451425726
:10F910002A963A588A69B480B2540E5DFC5795789D
:10F92000FA9D5C4F4A528B543E6428661467F56713
:10F93000847A567B227D2F935C68AD9B397B19536B
:10F940008A513752DF5BF662AE64E6642D67BA6BAC
:10F95000A985D1969076D69B4C630693AB9BBF76D8
:10F960005266094E9850C253715CE86092646365B8
:10F970005F68E671CA732375977B827E9586838B59
:10F98000DB8C78911099AC65AB668B6BD54ED44E01
:10F990003A4F7F4F3A52F853F253E355DB56EB5848
:10F9A000CB59C959FF59505B4D5C025E2B5ED75F46
:10F9B0001D6007632F655C5BAF65BD65E8659D678E
:10F9C000626B7B6B0F6C45734979C179F87C197D4B
:10F9D0002B7DA2800281F38196895E8A698A668A7C
:10F9E0008C8AEE8AC78CDC8CCC96FC986F6B8B4E25
:10F9F0003C4F8D4F5051575BFA5B48610163426643
:10FA0000216BCB6EBB6C3E72BD74D475C1783A79F4
:10FA10000C803380EA8194849E8F506C7F9E0F5FB0
:10FA2000588B2B9DFA7AF88E8D5BEB96034EF15333
:10FA3000F7573159C95AA45B89607F6E066FBE754E
:10FA4000EA8C9F5B0085E07B7250F4679D82615C6D
:10FA50004A851E7E0E829951045C6863668D9C65A2
:10FA60006E713E79177D05801D8BCA8E6E90C7869C
:10FA7000AA901F50FA523A5C53677C7035724C91D1
:10FA8000C8912B93E582C25B315FF9603B4ED65340
:10FA9000885B4B6231678A6BE972E0732E7A6B8107
:10FAA000A38D529196991251D7536A54FF5B886384
:10FAB000396AAC7D0097DA56CE536854975B315C57
:10FAC000DE5DEE4F0161FE62326DC079CB79427D21
:10FAD0004D7ED27FED811F82908446887289908B03
:10FAE000748E2F8F31904B916C91C6969C91C04E25
:10FAF0004F4F45514153935F0E62D467416C0B6E7B
:10FB00006373267ECD918392D4531959BF5BD16D17
:10FB10005D792E7E9B7C7E589F71FA515388F08FC1
:10FB2000CA4FFB5C2566AC77E37A1C82FF99C6510D
:10FB3000AA5FEC656F69896BF36D966E646FFE76F4
:10FB4000147DE15D759087910698E6511D524062E3
:10FB50009166D9661A6EB65ED27D727FF866AF8501
:10FB6000F785F88AA952D95373598F5E905F556013
:10FB7000E4926496B7501F51DD5220534753EC5323
:10FB8000E8544655315517566859BE593C5AB55B2D
:10FB9000065C0F5C115C1A5C845E8A5EE05E705FDE
:10FBA0007F628462DB628C63776307660C662D6616
:10FBB00076667E67A2681F6A356ABC6C886D096EBE
:10FBC000586E3C7126716771C77501775D78017950
:10FBD0006579F079E07A117BA77C397D9680D683B0
:10FBE0008B8449855D88F3881F8A3C8A548A738A8E
:10FBF000618CDE8CA49166927E9318949C96989763
:10FC00000A4E084E1E4E574E97517052CE573458DA
:10FC1000CC58225B385EC560FE6461675667446DF0
:10FC2000B6727375637AB884728BB891209331562B
:10FC3000F457FE98ED620D69966BED71547E7780F6
:10FC40007282E689DF985587B18F3B5C384FE14F70
:10FC5000B54F0755205ADD5BE95BC35F4E612F63EB
:10FC6000B0654B66EE689B69786DF16D3375B9755B
:10FC70001F775E79E679337DE381AF82AA85AA8911
:10FC80003A8AAB8E9B8F3290DD910797BA4EC14E68
:10FC900003527558EC580B5C1A753D5C4E810A8A0C
:10FCA000C58F63966D97257BCF8A08986291F3562E
:10FCB000A853179039548257255EA863346C8A7014
:10FCC00061778B7CE07F70884290549110931893F9
:10FCD0008F965E74C49A075D695D7065A267A88D92
:10FCE000DB966E6349671969C5831798C096FE88CD
:10FCF000846F7A64F85B164E2C705D752F66C45164
:10FD00003652E252D359815F276010623F657465B5
:10FD10001F667466F2681668636B056E72721F75F3
:10FD2000DB76BE7C5680F058FD887F89A08A938A56
:10FD3000CB8A1D9092915297599789650E7A0681C8
:10FD4000BB962D5EDC601A62A56514669067F3773A
:10FD50004D7A4D7C3E7E0A81AC8C648DE18D5F8E48
:10FD6000A9780752D962A563426498622D8A837A82
:10FD7000C07BAC8AEA96767D0C824987D94E485181
:10FD800043536053A35B025C165CDD5D26624762F1
:10FD9000B06413683468C96C456D176DD3675C6FC8
:10FDA0004E717D71CB657F7AAD7BDA7D4A7EA87F0F
:10FDB0007A811B823982A6856E8ACE8CF58D7890E9
:10FDC0007790AD9291928395AE9B4D528455386F4A
:10FDD000367168518579557EB381CE7C4C56515829
:10FDE000A85CAA63FE66FD665A69D9728F758E7526
:10FDF0000E795679DF79977C207D447D0786348A99
:10FE00003B966190209FE7507552CC53E2530950C6
:10FE1000AA55EE584F593D728B5B645C1D53E360ED
:10FE2000F3605C6383633F63BB63CD64E965F9663C
:10FE3000E35DCD69FD69156FE571894EE975F87669
:10FE4000937ADF7CCF7D9C7D6180498358836C846D
:10FE5000BC84FB85C588708D01906D9097931C972D
:10FE6000129ACF5097588E61D3813585088D209096
:10FE7000C34F7450475273536F6049635F672C6E72
:10FE8000B38D1F90D74F5E5CCA8CCF659A7D52535D
:10FE900096887651C363585B6B5B0A5C0D6451674F
:10FEA0005C90D64E1A592A59706C518A3E55155895
:10FEB000A559F0605362C167358255694096C4996F
:10FEC000289A534F0658FE5B1080B15C2F5E855F09
:10FED00020604B613462FF66F06CDE6ECE807F8105
:10FEE000D4828B88B88C00902E908A96DB9EDB9B08
:10FEF000E34EF05327592C7B8D914C98F99DDD6E84
:10FF0000277053534455855B58629E62D362A26C3E
:10FF1000EF6F2274178A3894C16FFE8A3883E751D5
:10FF2000F886EA53E953464F5490B08F6A593181AD
:10FF3000FD5DEA7ABF8FDA68378CF872489C3D6ABB
:10FF4000B08A394E585306566657C562A263E665B5
:10FF50004E6BE16D5B6EAD70ED77EF7AAA7BBB7D8A
:10FF60003D80C680CB86958A5B93E356C7583E5F3B
:10FF7000AD659666806AB56B3775C78A2450E5779C
:10FF800030571B5F65607A66606CF4751A7A6E7F15
:10FF9000F48118874590B399C97B5C75F97A517BD8
:10FFA000C4841090E979927A3683E15A40772D4ED5
:10FFB000F24E995BE05FBD623C66F167E86C6B8670
:10FFC00077883B8A4E91F392D099176A26702A73EC
:10FFD000E7825784AF8C014E4651CB518B55F55B70
:10FFE000165E335E815E145F355F6B5FB45FF261F6
:10FFF0001163A2661D676E6F52723A753A7774800C
:020000041003E7
:10000000398178817687BF8ADC8A858DF38D9A92D3
:1000100077950298E59CC5525763F4761567886C0E
:10002000CD73C38CAE937396256D9C580E69CC69C5
:10003000FD8F9A93DB751A905A580268B463FB6976
:10004000434F2C6FD867BB8F2685B47D54933F698F
:10005000706F6A57F7582C5B2C7D2A720A54E39113
:10006000B49DAD4E4E4F5C50755043529E8C4854DB
:1000700024589A5B1D5E955EAD5EF75E1F5F8C60D7
:10008000B5623A63D063AF68406C87788E790B7A3B
:10009000E07D4782028AE68A448E1390B8902D91C3
:1000A000D8910E9FE56C5864E2647565F46E8476B1
:1000B0001B7B6990D193BA6EF254B95FA4644D8FE3
:1000C000ED8F449278516B582959555C975EFB6DC2
:1000D0008F7E1C75BC8CE28E5B98B9701D4FBF6B18
:1000E000B16F3075FB964E51105435585758AC5976
:1000F000605C925F97655C67216E7B76DF83ED8C39
:100100001490FD904D9325783A78AA52A65E1F5719
:100110007459126012505A51AC51CD5100521055C1
:10012000545858585759955BF65C8B5DBC60956286
:100130002D6471674368BC68DF68D776D86D6F6ED1
:100140009B6D6F70C871535FD8757779497B547B0D
:10015000527BD67C717D305263846985E4850E8A3A
:10016000048B468C0F8E03900F90199476962D98E1
:10017000309AD895CD50D5520C5402580E5CA761D8
:100180009E641E6DB377E57AF48004845390859263
:10019000E05C079D3F53975FB35F9C6D7972637717
:1001A000BF79E47BD26BEC72AD8A0368616AF85167
:1001B000817A34694A5CF69CEB82C55B49911E707A
:1001C00078566F5CC76066658C6C5A8C419013984A
:1001D0005154C7660D924859A39085514D4EEA512E
:1001E00099850E8B58707A634B936269B499047E3B
:1001F000777557536069DF8EE3965D6C8C4E3C5C7F
:10020000105FE98F0253D18C89807986FF5EE565A6
:10021000734E655182593F5CEE97FB4E8A59CD5F14
:100220008D8AE16FB0796279E75B71842B73B1716C
:10023000745EF55F7B639A64C371987C434EFC5E89
:100240004B4EDC57A256A960C36F0D7DFD803381F4
:10025000BF81B28F9789A486F45D8A62AD64878975
:100260007767E26C3E6D36743478465A757FAD829E
:10027000AC99F34FC35EDD62926357656F67C376D7
:100280004C72CC80BA80298F4D910D50F957925AFB
:10029000856873696471FD72B78CF258E08C6A9658
:1002A00019907F87E479E77729842F4F65525A5355
:1002B000CD62CF67CA6C7D76947B957C36828485CF
:1002C000EB8FDD66206F06721B7EAB83C199A69E05
:1002D000FD51B17B7278B87B8780487BE86A615EAC
:1002E0008C80517560756B5162928C6E7A769791A5
:1002F000EA9A104F707F9C624F7BA595E99C7A56D5
:100300005958E486BC96344F24524A53CD53DB539C
:10031000065E2C6491657F673E6C4E6C4872AF72CE
:10032000ED735475417E2C82E985A98CC47BC691FE
:1003300069711298EF983D6369666A75E476D078C2
:100340004385EE862A53515326548359875E7C5F3A
:10035000B26049627962AB629065D46BCC6CB27565
:10036000AE769178D879CB7D777FA580AB88B98A36
:10037000BB8C7F905E97DB980B6A387C99503E5C13
:10038000AE5F8767D86B357409778E7F3B9FCA67EE
:10039000177A39538B75ED9A665F9D81F18398804A
:1003A0003C5FC55F6275467B3C906768EB599B5A22
:1003B000107D7E762C8BF54F6A5F196A376C026F61
:1003C000E27468796888558A798CDF5ECF63C57579
:1003D000D279D7822893F2929C84ED862D9CC154C9
:1003E0006C5F8C655C6D1570A78CD38C3B984F65EA
:1003F000F6740D4ED84EE0572B59665ACC5BA85177
:10040000035E9C5E166076627765A7656E666E6DAC
:100410003672267B50819A8199825C8BA08CE68C07
:10042000748D1C964496AE4FAB64666B1E826184DD
:100430006A85E890015C5369A8987A8457850F4FC4
:100440006F52A95F455E0D678F797981078986892B
:10045000F56D175F5562B86CCF4E6972929B06526C
:100460003B547456B358A4616E621A716E59897CFC
:10047000DE7C1B7DF09687655E80194E754F755149
:100480004058635E735E0A5FC467264E3D8589955A
:100490005B96737C0198FB50C1585676A77825521D
:1004A000A5771185867B4F5009594772C77BE87D38
:1004B000BA8FD48F4D90BF4FC952295A015FAD9763
:1004C000DD4F1782EA9203575563696B2B75DC8801
:1004D000148F427ADF52935855610A62AE66CD6B33
:1004E0003F7CE9832350F84F05534654315849590E
:1004F0009D5BF05CEF5C295D965EB16267633E6573
:10050000B9650B67D56CE16CF97032782B7EDE80B3
:10051000B3820C84EC84028712892A8A4A8CA690C2
:10052000D292FD98F39C6C9D4F4EA14E8D50565229
:100530004A57A8593D5ED85FD95F3F62B4661B67D2
:10054000D067D2689251217DAA80A881008B8C8CC3
:10055000BF8C7E92329620542C981753D5505C5302
:10056000A858B264346767726677467AE691C352D8
:10057000A16C866B00584C5E54592C67FB7FE1518F
:10058000C6766964E878549BBB9ECB57B9592766F9
:100590009A67CE6BE954D969555E9C819567AA9B91
:1005A000FE67529C5D68A64EE34FC853B9622B6745
:1005B000AB6CC48FAD4F6D7EBF9E074E6261806E87
:1005C0002B6F138573542A67459BF35D957BAC5C59
:1005D000C65B1C874A6ED184147A088199598D7C38
:1005E000116C2077D952225921715F72DB772797DE
:1005F000619D0B697F5A185AA5510D547D540E66A2
:10060000DF76F78F9892F49CEA595D72C56E4D5172
:10061000C968BF7DEC7D6297BA9E7864216A0283C7
:1006200084595F5BDB6B1B73F276B27D1780998414
:1006300032512867D99EEE766267FF520599245C95
:100640003B627E7CB08C4F55B6600B7D809501532C
:100650005F4EB6511C593A723680CE91255FE277D3
:100660008453795F047DAC85338A8D8E5697F3670A
:10067000AE85539409610861B96C5276ED8A388F62
:100680002F55514F2A51C752CB53A55B7D5EA060B9
:100690008261D6630967DA67676E8C6D367337736C
:1006A00031755079D588988A4A909190F590C49682
:1006B0008D871559884E594F0E4E898A3F8F109855
:1006C000AD507C5E9659B95BB85EDA63FA63C1647B
:1006D000DC664A69D8690B6DB66E94712875AF7A7D
:1006E0008A7F00804984C9848189218B0A8E659024
:1006F0007D960A997E619162326B836C746DCC7FBA
:10070000FC7FC06D857FBA87F8886567B1833C98A8
:10071000F7961B6D617D3D846A91714E7553505DF6
:10072000046BEB6FCD852D86A78929520F54655C2C
:100730004E67A86806748374E275CF88E188CC910F
:10074000E29678968B5F8773CB7A4E84A06365754B
:100750008952416D9C6E097459756B78927C8696AE
:10076000DC7A8D9FB64F6E61C5655C86864EAE4E57
:10077000DA50214ECC51EE5B99658168BC6D1F73D8
:100780004276AD771C7AE77C6F82D28A7C90CF91DB
:10079000759618989B52D17D2B5098539767CB6DC7
:1007A000D0713374E8812A8FA396579C9F9E607402
:1007B0004158996D2F7D5E98E44E364F8B4FB7515F
:1007C000B152BA5D1C60B2733C79D3823492B79651
:1007D000F6960A97979E629FA666746B1752A3526D
:1007E000C870C288C95E4B609061236F49713E7CBE
:1007F000F47D6F80EE8423902C9342546F9BD36AD8
:100800008970C28CEF8D3297B452415ACA5E045F30
:1008100017677C6994696A6D0F6F6272FC72ED7B79
:1008200001807E804B87CE906D51939E84798B8022
:100830003293D68A2D508C54718A6A6BC48C07818E
:10084000D160A067F29D994E984E109C6B8AC1852D
:10085000688500697E6E9778558100000000000071
:10086000002502250C251025182514251C252C25CE
:10087000242534253C25012503250F2513251B257B
:100880001725232533252B253B254B2520252F25D3
:10089000282537253F251D253025252538254225A6
:1008A00010041104120413041404150401041604A2
:1008B0001704180419041A041B041C041D041E0444
:1008C0001F042004210422042304240425042604F4
:1008D0002704280429042A042B042C042D042E04A4
:1008E0002F040000000000000000000000000000D5
:1008F00000000000000000000000000000000000F8
:100900003004310432043304340435045104360411
:100910003704380439043A043B043C043D043E04E3
:100920003F04400441044204430444044504460493
:100930004704480449044A044B044C044D044E0443
:100940004F04000000000000000000000000000054
:1009500091039203930394039503960397039803DB
:1009600099039A039B039C039D039E039F03A0038B
:10097000A103A303A403A503A603A703A803A90334
:100980000000000000000000000000000000000067
:10099000B103B203B303B403B503B603B703B8039B
:1009A000B903BA03BB03BC03BD03BE03BF03C0034B
:1009B000C103C303C403C503C603C703C803C903F4
:1009C0000000000000000000000000000000000126
:1009D000010101010101010101000000000000000E
:1009E00001010101010101010101010101010101F7
:1009F00001010101010101010101000000000000ED
:100A000000010101010101010101010101010101D7
:100A100001010101010101010101010000000000CB
:100A2000C625A125A025B325B225BD25BC253B2083
:100A30001230922190219121932113300000000067
:100A400000000000000000000000000000000000A6
:100A5000000008220B2286228722822283222A2259
:100A6000292200000000000000000000000000003B
:100A7000000027222822AC00D221D4210022032208
:100A8000292200000000000000000000000000001B
:100A90000000000000002022A522122302220722CB
:100AA000612252226A226B221A223D221D22352205
:100AB0002B222C220000000000000000000000009B
:100AC00000002B2130206F266D266A262020212051
:100AD000B6002C22000000000000EF2500000000FE
:100AE0000030013002300CFF0EFFFB301AFF1BFFFD
:100AF0001FFF01FF9B309C30B40040FFA8003EFF69
:100B00003E203FFFFD30FE309D309E300330DD4EF5
:100B1000053006300730FC30142010200FFF3CFF5A
:100B20001C3016205CFF26202520182019201C20B0
:100B30001D2008FF09FF143015303BFF3DFF5BFF10
:100B40005DFF083009300A300B300C300D300E30AC
:100B50000F30103011300BFF1222B100D700F70018
:100B60001DFF60221CFF1EFF662267221E22342208
:100B700042264026B000322033200321A50004FF86
:100B8000A200A30005FF03FF06FF0AFF20FFA70046
:100B900006260526CB25CF25CE25C72582040000B5
:100BA00000007F040000000000006A040000000054
:100BB0005F0443040000B6034A04000047045600E3
:100BC0005600560056005600560056005600560075
:100BD00000000000000000000000000000007202A1
:100BE00000008003DE037202720272020000000045
:100BF00000000000060400000000F60300000000F2
:100C0000000054030000B903000000007905000053
:100C10000000000000000000000000000000720260
:100C200000008003E0047202720272023E04E004DB
:100C30007301000039040000200498050C04090425
:100C40000000540373018B050000000090050000B4
:100C50007301000000000000000000000000000020
:100C60003030303030303030303030303030303084
:100C70002020202020202020202020202020202074
:100C80000000000000000000000000000000000064
:100C90000000000000000000000000000000000054
:100CA0000000000000000000000000000000000044
:100CB0001011121314151617181900000000000067
:100CC000001A1B1C1D1E1F00000000000000000079
:100CD0000000000000000000000000000000000014
:100CE000001A1B1C1D1E1F00000000000000000059
:100CF00000000000000000000000000000000000F4
:100D000000000000000000000000000000000000E3
:100D100000000000000000000000000000000000D3
:100D200000000000000000000000000000000000C3
:100D300000000000000000000000000000000000B3
:100D400000000000000000000000000000000000A3
:100D50000000000000000000000000000000000093
:100D60000000000000000000000000000000000083
:100D70000000000000000000000000000000000073
:100D8000000000001F001C200000000014210000D3
:100D9000020016240000000014250000020015289F
:100DA00000000000112900000000142A00000000CB
:100DB000182B00000000142C00000000102D000073
:100DC0000000142E000001000C3000000900143A4D
:100DD00000000100183C00000200143F0000010068
:100DE000034100001900155B00000000145C0000C6
:100DF0000000115D00000000175E000000000F5FA2
:100E000000000000176000000000036100001900EE
:100E1000157B00000000187C00000000117D000020
:100E20000000187E00000000007F000020001CA0D1
:100E30000000000014A10000000016A20000030042
:100E400019A60000000014A70000000017A8000069
:100E5000000019A90000000006AA0000000013AB62
:100E60000000000018AC0000000001AD0000000010
:100E700019AE0000000017AF0000000019B000001C
:100E8000000018B1000000000EB20000010017B40D
:100E90000000000003B50000000014B600000100CF
:100EA00017B8000000000EB90000000006BA0000EC
:100EB000000012BB000000000EBC0000020014BFC6
:100EC0000000000003C00000160018D7000000005A
:100ED00003D80000060004DF0000000003E000006B
:100EE000160018F70000000003F800003F00043867
:100EF00001000000033901000F0004490100000057
:100F0000034A01004200048D01000000038E01002D
:100F10000C00049B01000000039C01000D0004AACA
:100F20000100010003AC01000D0004BA0100000043
:100F300006BB0100000003BC0100010004BE01006B
:100F4000000003BF0100000006C00100030003C44D
:100F50000100000007C50100000003C601000100F8
:100F600007C80100000003C90100010007CB010010
:100F7000000003CC0100230004F00100000003F195
:100F80000100000007F20100000003F301002D0042
:100F900004210200000003220200110004340200B8
:100FA0000500033A02001A0004550200000003562F
:100FB0000200010004580200000003590200000072
:100FC000045A02000000035B02000100045D0200FD
:100FD00002000360020001000462020000000363DB
:100FE000020000000464020000000365020001002A
:100FF000046702000000036802000400046D0200A0
:101000000100036F02000000047002000000037181
:1010100002000100047302000100037502000000D9
:10102000047602000600037D02000000047E020038
:10103000010003800200000004810200000003821E
:101040000200010004840200020003870200050080
:10105000048D0200040003920200000004930200C9
:101060000000069402000000049502000700039DA2
:1010700002000100049F0200100005B002001100F0
:1010800017C20200030005C602000B0017D20200BF
:101090000D0005E00200040017E50200060005EC63
:1010A0000200000017ED0200000005EE0200000043
:1010B00017EF020010000B0003006F000370030025
:1010C0000300057403000000177503000000037699
:1010D00003000100057A03000000037B0300020007
:1010E000147E03000000037F030000001784030048
:1010F000010003860300000014870300000003883A
:1011000003000200038C03000000038E03000100B3
:1011100004900300000003910300100003A30300E8
:101120000C0004B00300000003B10300200008D24B
:101130000300020003D50300200018F6030000009E
:1011400003F70300040004FC0300000003FD030098
:1011500084001982040000000B83040004000A8844
:1011600004000100038A0400A500033105002500E6
:10117000055905000000145A05000500046005002B
:1011800000000361050025000487050001001489A3
:1011900005000000108A05000000198D05000100FF
:1011A000168F050000000B9105002C0010BE0500F5
:1011B00000000BBF0500000014C0050000000BC1BB
:1011C0000500010014C3050000000BC40500010068
:1011D00014C6050000000BC70500000006D005007E
:1011E0001A0006EF0500030014F3050001000100DA
:1011F000060005001806060002001409060001009A
:10120000160B06000000140C06000100190E060063
:1012100001000B1006000A00141B06000000011C50
:1012200006000000141D06000200062006001F0034
:101230000540060000000641060009000B4B0600B1
:1012400014000C6006000900146A06000300066E14
:10125000060001000B700600000006710600620027
:1012600014D40600000006D5060000000BD60600C8
:10127000060001DD0600000019DE060000000BDF9D
:101280000600050005E5060001000BE70600010069
:1012900019E9060000000BEA0600030006EE06004E
:1012A00001000CF00600090006FA0600020019FD14
:1012B0000600010006FF06000000140007000D00F4
:1012C000010F070000000610070000000B110700C7
:1012D0000000061207001D000B3007001A00064D23
:1012E000070058000BA607000A0006B1070000001F
:1012F0000CC00700090006CA070020000BEB07001E
:10130000080005F40700010019F60700000014F7B3
:101310000700020005FA070000000BFD07000000AF
:1013200016FE070001000600080015000B16080055
:101330000300051A080000000B1B08000800052424
:10134000080000000B250800020005280800000026
:101350000B2908000400143008000E0006400800A5
:1013600018000B5908000200145E08000000066017
:1013700008000A000670080017001788080000001F
:101380000689080005000190080001000B9808007C
:10139000070006A00800280005C9080000000BCAC5
:1013A0000800170001E2080000000BE308001F001E
:1013B0000903090000000604090035000B3A090082
:1013C0000000093B090000000B3C09000000063D3D
:1013D00009000000093E090002000B410900070056
:1013E0000949090003000B4D09000000094E0900DE
:1013F00001000650090000000B51090006000658C4
:10140000090009000B6209000100146409000100D1
:101410000C6609000900147009000000057109003C
:101420000000067209000E000B810900000009820D
:1014300009000100068509000700068F0900010068
:1014400006930900150006AA0900060006B2090065
:10145000000006B6090003000BBC0900000006BD31
:101460000900000009BE090002000BC109000300C9
:1014700009C70900010009CB090001000BCD0900D3
:10148000000006CE0900000009D70900000006DCB4
:101490000900010006DF090002000BE2090001005B
:1014A0000CE60900090006F00900010016F2090027
:1014B00001000EF40900050019FA0900000016FBEE
:1014C0000900000006FC0900000014FD09000000EE
:1014D0000BFE090000000B010A00010009030A00CD
:1014E000000006050A000500060F0A0001000613A9
:1014F0000A001500062A0A00060006320A0001004A
:1015000006350A00010006380A0001000B3C0A00FB
:101510000000093E0A0002000B410A0001000B47CF
:101520000A0001000B4B0A0002000B510A000000E8
:1015300006590A000300065E0A0000000C660A0055
:1015400009000B700A00010006720A0002000B7508
:101550000A00000014760A0000000B810A00010056
:1015600009830A00000006850A000800068F0A00A9
:10157000020006930A00150006AA0A00060006B239
:101580000A00010006B50A0004000BBC0A000000B6
:1015900006BD0A00000009BE0A0002000BC10A00D5
:1015A00004000BC70A00010009C90A00000009CBAA
:1015B0000A0001000BCD0A00000006D00A0000005E
:1015C00006E00A0001000BE20A0001000CE60A0036
:1015D000090014F00A00000016F10A00000006F9E4
:1015E0000A0000000BFA0A0005000B010B000000C6
:1015F00009020B00010006050B000700060F0B0097
:10160000010006130B001500062A0B000600063227
:101610000B00010006350B0004000B3C0B00000022
:10162000063D0B000000093E0B0000000B3F0B00C5
:10163000000009400B0000000B410B0003000947AC
:101640000B000100094B0B0001000B4D0B000000CB
:101650000B550B00010009570B000000065C0B0046
:101660000100065F0B0002000B620B0001000C661C
:101670000B00090019700B00000006710B00000040
:101680000E720B0005000B820B00000006830B009E
:10169000000006850B000500068E0B000200069276
:1016A0000B00030006990B000100069C0B000000D4
:1016B000069E0B00010006A30B00010006A80B000C
:1016C000020006AE0B000B0009BE0B0001000BC0B0
:1016D0000B00000009C10B00010009C60B0002004D
:1016E00009CA0B0002000BCD0B00000006D00B0056
:1016F000000009D70B0000000CE60B0009000EF0FB
:101700000B00020019F30B00050016F90B00000096
:1017100019FA0B0000000B000C00000009010C007E
:1017200002000B040C00000006050C000700060E6A
:101730000C00020006120C001600062A0C000F0016
:101740000B3C0C000000063D0C0000000B3E0C00A2
:10175000020009410C0003000B460C0002000B4A7A
:101760000C0003000B550C00010006580C00020091
:10177000065D0C00000006600C0001000B620C000E
:1017800001000C660C00090014770C0000000E78B4
:101790000C000600197F0C00000006800C00000001
:1017A0000B810C00000009820C00010014840C0065
:1017B000000006850C000700068E0C000200069251
:1017C0000C00160006AA0C00090006B50C00040067
:1017D0000BBC0C00000006BD0C00000009BE0C0094
:1017E00000000BBF0C00000009C00C0004000BC679
:1017F0000C00000009C70C00010009CA0C00010020
:101800000BCC0C00010009D50C00010006DD0C001A
:10181000010006E00C0001000BE20C0001000CE6E8
:101820000C00090006F10C00010009F30C00000097
:101830000B000D00010009020D00010006040D005F
:101840000800060E0D00020006120D0028000B3BDA
:101850000D000100063D0D000000093E0D000200D4
:101860000B410D00030009460D000200094A0D005E
:1018700002000B4D0D000000064E0D000000194F38
:101880000D00000006540D00020009570D00000075
:101890000E580D000600065F0D0002000B620D00E1
:1018A00001000C660D0009000E700D00080019798A
:1018B0000D000000067A0D0005000B810D000000F0
:1018C00009820D00010006850D001100069A0D0029
:1018D000170006B30D00080006BD0D00000006C08D
:1018E0000D0006000BCA0D00000009CF0D0002001C
:1018F0000BD20D0002000BD60D00000009D80D0020
:1019000007000CE60D00090009F20D00010014F4B7
:101910000D00000006010E002F000B310E0000002C
:1019200006320E0001000B340E000600163F0E00BA
:10193000000006400E00050005460E0000000B47A3
:101940000E000700144F0E0000000C500E0009009E
:10195000145A0E00010006810E00010006840E00DC
:10196000000006860E000400068C0E00170006A577
:101970000E00000006A70E0009000BB10E000000CB
:1019800006B20E0001000BB40E00080006BD0E00EA
:10199000000006C00E00040005C60E0000000BC8C3
:1019A0000E0006000CD00E00090006DC0E0003003D
:1019B00006000F00000019010F00020014040F00C0
:1019C0000E0019130F00000014140F000000191569
:1019D0000F0002000B180F000100191A0F0005007C
:1019E0000C200F0009000E2A0F00090019340F0007
:1019F00000000B350F00000019360F0000000B37F8
:101A00000F00000019380F0000000B390F00000014
:101A1000153A0F000000113B0F000000153C0F00AD
:101A20000000113D0F000000093E0F0001000640BC
:101A30000F00070006490F0023000B710F000D0077
:101A4000097F0F0000000B800F00040014850F00B9
:101A500000000B860F00010006880F0004000B8DAC
:101A60000F000A000B990F00230019BE0F0007009A
:101A70000BC60F00000019C70F00050019CE0F009C
:101A8000010014D00F00040019D50F00030014D971
:101A90000F000100060010002A00092B10000100B1
:101AA0000B2D100003000931100000000B32100054
:101AB00005000938100000000B3910000100093B37
:101AC000100001000B3D10000100063F1000000057
:101AD0000C4010000900144A1000050006501000C8
:101AE00005000956100001000B5810000100065AAD
:101AF000100003000B5E10000200066110000000E1
:101B0000096210000200066510000100096710005C
:101B10000600066E100002000B711000030006752F
:101B200010000C000B82100000000983100001005F
:101B30000B85100001000987100005000B8D1000B7
:101B40000000068E10000000098F100000000C90AD
:101B500010000900099A100002000B9D10000000FF
:101B6000199E1000010003A01000250003C71000FB
:101B7000000003CD1000000003D010002A0014FB69
:101B80001000000005FC1000000003FD1000020022
:101B9000060011004801064A120003000650120018
:101BA0000600065812000000065A120003000660E4
:101BB00012002800068A120003000690120020007E
:101BC00006B21200030006B81200060006C012009A
:101BD000000006C21200030006C812000E0006D85C
:101BE000120038000612130003000618130042000A
:101BF0000B5D130002001460130008000E6913004F
:101C00001300068013000F0019901300090003A0B1
:101C10001300550003F81300050010001400000025
:101C2000060114006B02196D16000000146E1600F8
:101C30000000066F160010001C80160000000681D0
:101C400016001900159B16000000119C16000000DC
:101C500006A016004A0014EB160002000DEE160056
:101C6000020006F1160007000600170011000B1213
:101C700017000200091517000000061F17001200C8
:101C80000B3217000100093417000000143517004B
:101C900001000640170011000B52170001000660FA
:101CA00017000C00066E170002000B7217000100EF
:101CB0000680170033000BB41700010009B61700A7
:101CC00000000BB71700060009BE170007000BC67F
:101CD0001700000009C7170001000BC917000A0010
:101CE00014D41700020005D71700000014D81700FD
:101CF000020016DB1700000006DC170000000BDDF9
:101D0000170000000CE0170009000EF01700090092
:101D10001400180005001006180000001407180031
:101D200003000B0B18000200010E180000000B0F3F
:101D3000180000000C1018000900062018002200EE
:101D400005431800000006441800340006801800FF
:101D500004000B85180001000687180021000BA95C
:101D60001800000006AA1800000006B01800450080
:101D7000060019001E000B2019000200092319009B
:101D800003000B271900010009291900020009307E
:101D9000190001000B321900000009331900050079
:101DA0000B391900020019401900000014441900F1
:101DB00001000C4619000900065019001D000670AC
:101DC00019000400068019002B0006B01900190044
:101DD0000CD0190009000EDA1900000019DE1900F4
:101DE000210006001A0016000B171A00010009193D
:101DF0001A0001000B1B1A000000141E1A0001003B
:101E000006201A00340009551A0000000B561A006B
:101E1000000009571A0000000B581A0006000B605A
:101E20001A00000009611A0000000B621A0000008D
:101E300009631A0001000B651A000700096D1A00FA
:101E400005000B731A0009000B7F1A0000000C80BC
:101E50001A0009000C901A00090014A01A000600CC
:101E600005A71A00000014A81A0005000BB01A00FC
:101E70000D000ABE1A0000000BBF1A000F000B0075
:101E80001B00030009041B00000006051B002E00B8
:101E90000B341B00000009351B0000000B361B0033
:101EA0000400093B1B0000000B3C1B000000093D27
:101EB0001B0004000B421B00000009431B00010033
:101EC00006451B0007000C501B000900145A1B009C
:101ED000060019611B0009000B6B1B000800197438
:101EE0001B000800147D1B0001000B801B0001007B
:101EF00009821B00000006831B001D0009A11B00B6
:101F000000000BA21B00030009A61B0001000BA888
:101F10001B00010009AA1B0000000BAB1B00020004
:101F200006AE1B0001000CB01B00090006BA1B0026
:101F30002B000BE61B00000009E71B0000000BE86C
:101F40001B00010009EA1B0002000BED1B00000052
:101F500009EE1B0000000BEF1B00020009F21B0042
:101F6000010014FC1B00030006001C0023000924D0
:101F70001C0007000B2C1C00070009341C0001008A
:101F80000B361C000100143B1C0004000C401C001C
:101F90000900064D1C0002000C501C000900065AE6
:101FA0001C001D0005781C000500147E1C000100AB
:101FB00003801C00080003901C002A0003BD1C00C5
:101FC000020014C01C0007000BD01C00020014D338
:101FD0001C0000000BD41C000C0009E11C000000D8
:101FE0000BE21C00060006E91C0003000BED1C00C0
:101FF000000006EE1C0005000BF41C00000006F5B6
:102000001C00010009F71C0000000BF81C00010077
:1020100006FA1C00000004001D002B00052C1D000A
:102020003E00046B1D000C0005781D0000000379C4
:102030001D000000047A1D000200037D1D00000049
:10204000047E1D000F00038E1D000000048F1D0084
:102050000B00059B1D0024000BC01D003F0003006A
:102060001E00950004961E000400039B1E00000045
:10207000049C1E000100039E1E000000049F1E0021
:10208000000003A01E00750003181F0005000320B8
:102090001F00250003481F00050004501F0000001A
:1020A00003511F00000004521F00000003531F00D3
:1020B000000004541F00000003551F0000000456D8
:1020C0001F00000003571F00000003591F000000FD
:1020D000035B1F000000035D1F000000035F1F0083
:1020E0001E0003801F00070007881F0007000390E1
:1020F0001F00070007981F00070003A01F0007002C
:1021000007A81F00070003B01F00010004B21F0052
:10211000000003B31F00000004B41F00000004B659
:102120001F00010003B81F00030007BC1F000000D0
:1021300017BD1F00000003BE1F00000017BF1F00D7
:10214000020004C21F00000003C31F00000004C4FB
:102150001F00000004C61F00010003C81F00030089
:1021600007CC1F00000017CD1F00020003D01F0086
:10217000010004D21F00010004D61F00010003D893
:102180001F00030017DD1F00020003E01F00010015
:1021900004E21F00020003E51F00000004E61F0028
:1021A000010003E81F00040017ED1F00020004F205
:1021B0001F00000003F31F00000004F41F000000D4
:1021C00004F61F00010003F81F00030007FC1F00B6
:1021D000000017FD1F0001001C0020000A00010B79
:1021E000200004001010200005001416200001003B
:1021F000131820000000121920000000151A2000FA
:102200000000131B20000100121D20000000151EFD
:1022100020000000131F20000000142020000700F1
:102220001A28200000001B2920000000012A20009D
:1022300004001C2F20000000143020000800133977
:1022400020000000123A20000000143B2000030090
:102250000F3F20000100144120000200184420001C
:102260000000154520000000114620000000144722
:1022700020000A0018522000000014532000000023
:102280000F54200000001455200009001C5F20009E
:1022900000000160200004000166200009000E70AB
:1022A000200000000571200000000E7420000500D1
:1022B000187A20000200157D20000000117E200009
:1022C0000000057F200000000E8020000900188A11
:1022D00020000200158D20000000118E200000005B
:1022E000059020000C0016A0200020000BD020003C
:1022F0000C000ADD200003000BE1200000000AE2D0
:10230000200002000BE520000B0019002100010055
:102310000802210000001903210003000807210022
:102320000000190821000100040A21000000080B28
:1023300021000200040E210001000810210002000B
:1023400004132100000019142100000008152100C9
:1023500000001916210001001818210000000819BA
:1023600021000400191E210005000824210000009E
:102370001925210000000326210000001927210053
:102380000000082821000000192921000000032A6C
:1023900021000100082C21000100192E210000005D
:1023A000042F210000000830210001000332210029
:1023B000000008332100000004342100000006352D
:1023C00021000300043921000000193A2100010016
:1023D000043C21000100083E2100010018402100BA
:1023E0000400084521000000044621000300194AAA
:1023F00021000000184B21000000194C21000100B1
:10240000034E21000000194F210000000E50210052
:102410000F000D60210022000383210001000D85C3
:10242000210003000E8921000000198A210001000B
:10243000189021000400199521000400189A210029
:102440000100199C2100030018A02100000019A11F
:102450002100010018A32100000019A4210001009F
:1024600018A62100000019A72100060018AE2100BF
:10247000000019AF21001E0018CE2100010019D064
:102480002100010018D22100000019D32100000012
:1024900018D42100000019D521001E0018F42100D5
:1024A0000B01190023000700150823000000110983
:1024B00023000000150A23000000110B2300000078
:1024C000190C2300130018202300010019222300F7
:1024D0000600152923000000112A23000000192BF3
:1024E00023005000187C23000000197D23001D00EC
:1024F000189B2300180019B42300270018DC2300C0
:10250000050019E223004400194024000A000E606F
:1025100024003B00199C24004D000EEA2400150005
:1025200019002500B60018B72500000019B82500CD
:10253000080018C12500000019C22500350018F850
:1025400025000700190026006E00186F2600000005
:1025500019702600F7001568270000001169270090
:102560000000156A27000000116B27000000156CA1
:1025700027000000116D27000000156E27000000E5
:10258000116F27000000157027000000117127004F
:102590000000157227000000117327000000157459
:1025A000270000001175270000000E7627001D008F
:1025B000199427002B0018C02700040015C5270018
:1025C000000011C62700000018C727001E0015E6EE
:1025D0002700000011E72700000015E82700000091
:1025E00011E92700000015EA2700000011EB270081
:1025F000000015EC2700000011ED2700000015EE8B
:102600002700000011EF2700000018F027000F003E
:1026100019002800FF0018002900820015832900F6
:102620000000118429000000158529000000118692
:1026300029000000158729000000118829000000EA
:10264000158929000000118A29000000158B290036
:102650000000118C29000000158D29000000118E4A
:1026600029000000158F29000000119029000000AA
:1026700015912900000011922900000015932900EE
:102680000000119429000000159529000000119602
:10269000290000001597290000001198290000006A
:1026A000189929003E0015D82900000011D92900E9
:1026B000000015DA2900000011DB2900000018DCF9
:1026C00029001F0015FC2900000011FD2900000051
:1026D00018FE2900010119002B002F0018302B00D3
:1026E000140019452B00010018472B000500194D57
:1026F0002B00260019762B001F0019972B0068006D
:1027000003002C00700004712C00000003722C00E8
:10271000010004742C00000003752C0001000477F4
:102720002C000400057C2C000100037E2C006500B9
:1027300004E42C00000019E52C00050003EB2C003C
:1027400003000BEF2C00020003F22C00010014F92F
:102750002C0003000EFD2C00000014FE2C000100D4
:1027600003002D00250003272D000000032D2D0060
:10277000000006302D003700056F2D00000014709A
:102780002D0000000B7F2D00000006802D0016009C
:1027900006A02D00060006A82D00060006B02D009C
:1027A000060006B82D00060006C02D00060006C86B
:1027B0002D00060006D02D00060006D82D000600CC
:1027C0000BE02D001F0014002E00010013022E004C
:1027D000000012032E00000013042E00000012055A
:1027E0002E00000014062E00020013092E00000027
:1027F000120A2E000000140B2E000000130C2E00F5
:102800000000120D2E000000140E2E0008001017FC
:102810002E00000014182E000100101A2E000000D7
:10282000141B2E000000131C2E000000121D2E0091
:102830000000141E2E00010013202E0000001221A3
:102840002E00000015222E00000011232E00000093
:1028500015242E00000011252E00000015262E0044
:10286000000011272E00000015282E00000011295D
:102870002E000000142A2E000400052F2E00000058
:1028800014302E000900103A2E000100143C2E00D6
:10289000030010402E00000014412E0000001542DD
:1028A0002E00000014432E000C0019502E000100D1
:1028B00014522E00020015552E00000011562E0055
:1028C000000015572E00000011582E000000155969
:1028D0002E000000115A2E000000155B2E00000093
:1028E000115C2E000000105D2E00000019802E00EB
:1028F0001900199B2E00580019002F00D50019F05F
:102900002F000B001C0030000000140130000200FA
:1029100019043000000005053000000006063000F4
:1029200000000D07300000001508300000001109FC
:1029300030000000150A30000000110B30000000CC
:10294000150C30000000110D30000000150E300095
:102950000000110F300000001510300000001111B0
:102960003000000019123000010015143000000082
:10297000111530000000151630000000111730004E
:102980000000151830000000111930000000151A61
:1029900030000000111B30000000101C300000004F
:1029A000151D30000000111E3000010019203000FC
:1029B00000000D21300008000B2A30000300092E12
:1029C00030000100103030000000053130000400FC
:1029D0001936300001000D3830000200053B300090
:1029E0000000063C30000000143D30000000193E9D
:1029F000300001000641300055000B993000010005
:102A0000179B30000100059D30000100069F30003B
:102A1000000010A03000000006A13000590014FB97
:102A20003000000005FC3000020006FF300000000E
:102A3000060531002A00063131005D001990310091
:102A400001000E923100030019963100090006A022
:102A500031001F0019C03100230006F031000F00C3
:102A6000190032001E000E2032000900192A32001F
:102A70001D000E48320007001950320000000E51B0
:102A800032000E00196032001F000E803200090073
:102A9000198A320026000EB132000E0019C0320031
:102AA0003F0106003400BF1919C04D003F00060069
:102AB0004E0014520515A00000000616A000760472
:102AC0001990A400360006D0A400270005F8A40041
:102AD000050014FEA40001000600A5000B01050C72
:102AE000A6000000140DA60002000610A6000F00AC
:102AF0000C20A6000900062AA60001000340A6003B
:102B00002D00066EA60000000B6FA60000000A70E4
:102B1000A60002001473A60000000B74A6000900B2
:102B2000147EA6000000057FA60000000380A6001A
:102B30001B00059CA60001000B9EA600010006A03C
:102B4000A60045000DE6A60009000BF0A600010056
:102B500014F2A60005001700A70016000517A7002D
:102B600008001720A70001000322A7000D00043071
:102B7000A70001000332A7003D000570A700000078
:102B80000471A70007000379A7000E000588A700BD
:102B900000001789A7000100038BA7000200048E24
:102BA000A7000000068FA70000000390A700040004
:102BB0000495A70000000396A700180004AFA70023
:102BC000000003B0A7001A0003D0A700010004D33F
:102BD000A700000004D5A700000003D6A70003004B
:102BE00005F2A700020003F5A700010006F7A70001
:102BF000000005F8A700010004FAA700000006FB8A
:102C0000A70006000B02A80000000603A8000200AF
:102C10000B06A80000000607A80003000B0BA80085
:102C20000000060CA80016000923A80001000B25CF
:102C3000A80001000927A80000001928A800030027
:102C40000B2CA80000000E30A80005001936A800C3
:102C500001001638A80000001939A800000006403D
:102C6000A80033001474A80003000980A800010024
:102C70000682A800310009B4A8000F000BC4A80008
:102C8000010014CEA80001000CD0A80009000BE040
:102C9000A800110006F2A800050014F8A800020020
:102CA00006FBA800000014FCA800000006FDA80018
:102CB00001000BFFA80000000C00A9000900060A93
:102CC000A9001B000B26A9000700142EA900010073
:102CD0000630A90016000B47A9000A000952A900F6
:102CE0000100145FA90000000660A9001C000B8011
:102CF000A90002000983A90000000684A9002E0093
:102D00000BB3A900000009B4A90001000BB6A9008B
:102D1000030009BAA90001000BBCA900010009BE0B
:102D2000A900020014C1A9000C0005CFA9000000F1
:102D30000CD0A900090014DEA900010006E0A900DA
:102D400004000BE5A900000005E6A900000006E765
:102D5000A90008000CF0A900090006FAA900040067
:102D60000600AA0028000B29AA000500092FAA00C6
:102D700001000B31AA0001000933AA0001000B3544
:102D8000AA0001000640AA0002000B43AA000000AE
:102D90000644AA0007000B4CAA000000094DAA0037
:102DA00000000C50AA000900145CAA000300066091
:102DB000AA000F000570AA0000000671AA00050015
:102DC0001977AA000200067AAA000000097BAA006F
:102DD00000000B7CAA000000097DAA000000067E0E
:102DE000AA0031000BB0AA00000006B1AA00000042
:102DF0000BB2AA00020006B5AA0001000BB7AA0098
:102E0000010006B9AA0004000BBEAA00010006C01A
:102E1000AA0000000BC1AA00000006C2AA00000020
:102E200006DBAA00010005DDAA00000014DEAA00EE
:102E3000010006E0AA000A0009EBAA0000000BEC62
:102E4000AA00010009EEAA00010014F0AA00010086
:102E500006F2AA00000005F3AA00010009F5AA0085
:102E600000000BF6AA0000000601AB0005000609F1
:102E7000AB0005000611AB0005000620AB00060004
:102E80000628AB0006000430AB0022000353AB0061
:102E900000000454AB000600175BAB000000055CAB
:102EA000AB0003000460AB0008000569AB00000044
:102EB000176AAB0001000370AB004F0006C0AB0007
:102EC000220009E3AB0001000BE5AB00000009E6BE
:102ED000AB0001000BE8AB00000009E9AB0001000A
:102EE00014EBAB00000009ECAB0000000BEDAB00F5
:102EF00000000CF0AB0009000600AC00A32B06B0EC
:102F0000D700160006CBD70030000200D800FF071C
:102F10000600F9006D010670FA0069000400FB006C
:102F200006000413FB000400061DFB0000000B1E3E
:102F3000FB000000061FFB0009001829FB00000031
:102F4000062AFB000C000638FB000400063EFB00CE
:102F500000000640FB0001000643FB00010006469E
:102F6000FB006B0017B2FB00100006D3FB006A01E8
:102F7000113EFD000000153FFD0000001940FD005E
:102F80000F000650FD003F000692FD00350019CFEE
:102F9000FD00000006F0FD000B0016FCFD00000027
:102FA00019FDFD0002000B00FE000F001410FE00D2
:102FB00006001517FE0000001118FE00000014198D
:102FC000FE0000000B20FE000F001430FE00000089
:102FD0001031FE0001000F33FE0001001535FE0028
:102FE00000001136FE0000001537FE000000113809
:102FF000FE0000001539FE000000113AFE0000003E
:10300000153BFE000000113CFE000000153DFE00D7
:103010000000113EFE000000153FFE0000001140C0
:10302000FE0000001541FE0000001142FE000000FD
:103030001543FE0000001144FE0000001445FE0090
:1030400001001547FE0000001148FE000000144971
:10305000FE0003000F4DFE0002001450FE000200AF
:103060001454FE0003001058FE0000001559FE0025
:103070000000115AFE000000155BFE000000115C0C
:10308000FE000000155DFE000000115EFE00000065
:10309000145FFE0002001862FE0000001063FE00D4
:1030A00000001864FE0002001468FE0000001669AB
:1030B000FE000000146AFE0001000670FE0004001D
:1030C0000676FE00860001FFFE0000001401FF00EE
:1030D00002001604FF0000001405FF00020015089E
:1030E000FF0000001109FF000000140AFF000000AB
:1030F000180BFF000000140CFF000000100DFF0073
:103100000000140EFF0001000C10FF000900141A4B
:10311000FF000100181CFF000200141FFF00010047
:103120000321FF001900153BFF000000143CFF00C5
:103130000000113DFF000000173EFF0000000F3FA0
:10314000FF0000001740FF0000000341FF001900CE
:10315000155BFF000000185CFF000000115DFF0020
:103160000000185EFF000000155FFF000000116006
:10317000FF0000001461FF0000001562FF00000066
:103180001163FF0000001464FF0001000666FF00E9
:1031900009000570FF0000000671FF002C00059E6D
:1031A000FF00010006A0FF001E0006C2FF00050090
:1031B00006CAFF00050006D2FF00050006DAFF0080
:1031C000020016E0FF00010018E2FF00000017E314
:1031D000FF00000019E4FF00000016E5FF000100F9
:1031E00019E8FF00000018E9FF00030019EDFF00D7
:1031F000010001F9FF00020019FCFF0001000600B8
:1032000000010B00060D0001190006280001120044
:10321000063C00010100063F00010E0006500001BF
:103220000D00068000017A001400010102000E0763
:1032300001012C001937010108000D400101340083
:103240000E75010103001979010110000E8A0101B8
:103250000100198C01010200199001010C0019A054
:103260000101000019D001012C000BFD010100003B
:10327000068002011C0006A0020130000BE00201E2
:1032800000000EE102011A00060003011F000E20DB
:1032900003010300062D030113000D41030100008B
:1032A0000642030107000D4A030100000650030116
:1032B00025000B7603010400068003011D00149F06
:1032C0000301000006A00301230006C80301070054
:1032D00014D0030100000DD1030104000300040118
:1032E0004F00065004014D000CA00401090003B07A
:1032F0000401230003D80401230006000501270070
:10330000063005013300146F05010000037005014C
:103310000A00037C05010E00038C050106000394DE
:1033200005010100039705010A0003A305010E0032
:1033300003B30501060003BB0501010006000601F9
:1033400036010640070115000660070107000580E9
:103350000701050005870701290005B207010800DC
:10336000060008010500060808010000060A080119
:103370002B00063708010100063C08010000063F4B
:10338000080116001457080100000E580801070034
:103390000660080116001977080101000E7908017E
:1033A0000600068008011E000EA70801080006E0BE
:1033B0000801120006F4080101000EFB08010400D8
:1033C0000600090115000E1609010500141F090168
:1033D0000000062009011900143F090100000680C1
:1033E000090137000EBC0901010006BE09010100F8
:1033F0000EC009010F000ED209012D0006000A01BE
:1034000000000B010A0102000B050A0101000B0C70
:103410000A01030006100A01030006150A01020052
:1034200006190A011C000B380A0102000B3F0A01B1
:1034300000000E400A01080014500A01080006604E
:103440000A011C000E7D0A010100147F0A01000020
:1034500006800A011C000E9D0A01020006C00A0136
:10346000070019C80A01000006C90A011B000BE584
:103470000A0101000EEB0A01040014F00A01060023
:1034800006000B01350014390B01060006400B0144
:1034900015000E580B01070006600B0112000E7894
:1034A0000B01070006800B01110014990B010300AA
:1034B0000EA90B01060006000C01480003800C0158
:1034C000320003C00C0132000EFA0C0105000600A8
:1034D0000D0123000B240D0103000C300D01090028
:1034E0000E600E011E0006800E0129000BAB0E01BE
:1034F000010010AD0E01000006B00E0101000BFD31
:103500000E01020006000F011C000E1D0F01090034
:1035100006270F01000006300F0115000B460F01B2
:103520000A000E510F01030014550F01040006702C
:103530000F0111000B820F01030014860F0103001D
:1035400006B00F0114000EC50F01060006E00F01C2
:1035500016000900100100000B0110010000090213
:10356000100100000603100134000B3810010E009A
:103570001447100106000E52100113000C661001D2
:1035800009000B70100100000671100101000B739F
:10359000100101000675100100000B7F10010200F0
:1035A000098210010000068310012C0009B01001EF
:1035B00002000BB31001030009B7100101000BB9A1
:1035C0001001010014BB1001010001BD1001000039
:1035D00014BE100103000BC21001000001CD100148
:1035E000000006D0100118000CF0100109000B00BB
:1035F000110102000603110123000B271101040031
:10360000092C110100000B2D110107000C361101CE
:10361000090014401101030006441101000009458E
:10362000110101000647110100000650110122009E
:103630000B731101000014741101010006761101D1
:1036400000000B80110101000982110100000683B6
:1036500011012F0009B3110102000BB6110108007E
:1036600009BF1101010006C11101030014C51101B8
:1036700003000BC91101030014CD1101000009CE94
:10368000110100000BCF110100000CD01101090045
:1036900006DA1101000014DB1101000006DC110143
:1036A000000014DD110102000EE1110113000600FB
:1036B00012011100061312011800092C1201020058
:1036C0000B2F120102000932120101000B3412010A
:1036D00000000935120100000B36120101001438F8
:1036E000120105000B3E12010000063F120101000D
:1036F0000B4112010000068012010600068812012B
:103700000000068A12010300068F12010E00069FB8
:103710001201090014A91201000006B012012E00C6
:103720000BDF1201000009E0120102000BE312019D
:1037300007000CF0120109000B001301010009023F
:1037400013010100060513010700060F1301010014
:10375000061313011500062A130106000632130191
:1037600001000635130104000B3B13010100063D67
:1037700013010000093E130101000B40130100007A
:10378000094113010300094713010100094B13010B
:103790000200065013010000095713010000065DE6
:1037A000130104000962130101000B6613010600F6
:1037B0000B701301040006001401340009351401D4
:1037C00002000B38140107000940140101000B42EC
:1037D000140102000945140100000B461401000009
:1037E000064714010300144B140104000C5014018B
:1037F0000900145A14010100145D140100000B5E4D
:1038000014010000065F14010200068014012F005D
:1038100009B0140102000BB31401050009B9140129
:1038200000000BBA1401000009BB140103000BBF18
:103830001401010009C1140100000BC214010100B0
:1038400006C41401010014C61401000006C71401C7
:1038500000000CD014010900068015012E0009AFEC
:10386000150102000BB21501030009B81501030090
:103870000BBC1501010009BE150100000BBF1501AD
:10388000010014C11501160006D8150103000BDC58
:1038900015010100060016012F0009301601020073
:1038A0000B3316010700093B160101000B3D160101
:1038B0000000093E160100000B3F160101001441F3
:1038C000160102000644160100000C501601090002
:1038D000146016010C00068016012A000BAB1601BD
:1038E000000009AC160100000BAD1601000009AE86
:1038F000160101000BB01601050009B61601000003
:103900000BB71601000006B81601000014B9160125
:1039100000000CC016010900060017011A000B1D5B
:10392000170102000920170101000B2217010300F3
:103930000926170100000B27170104000C3017019E
:1039400009000E3A17010100143C17010200193F4B
:1039500017010000064017010600060018012B00A1
:10396000092C180102000B2F180108000938180152
:1039700000000B3918010100143B1801000003A0DE
:1039800018013F000CE0180109000EEA18010800B8
:1039900006FF18010700060919010000060C1901AD
:1039A0000700061519010100061819011700093052
:1039B000190105000937190101000B3B190101002C
:1039C000093D190100000B3E19010000063F1901D5
:1039D00000000940190100000641190100000942D8
:1039E000190100000B4319010000144419010200E1
:1039F0000C501901090006A01901070006AA1901B7
:103A0000260009D1190102000BD4190103000BDAB9
:103A10001901010009DC190103000BE01901000084
:103A200006E11901000014E21901000006E3190182
:103A3000000009E41901000006001A0100000B0152
:103A40001A010900060B1A0127000B331A010500A1
:103A500009391A010000063A1A0100000B3B1A014D
:103A60000300143F1A0107000B471A01000006501B
:103A70001A0100000B511A01050009571A01010033
:103A80000B591A010200065C1A012D000B8A1A015B
:103A90000C0009971A0100000B981A010100149AF2
:103AA0001A010200069D1A010000149E1A0104006A
:103AB00006B01A01480014001B01090006001C0191
:103AC0000800060A1C012400092F1C0100000B300D
:103AD0001C0106000B381C010500093E1C010000FA
:103AE0000B3F1C01000006401C01000014411C019A
:103AF00004000C501C0109000E5A1C011200147025
:103B00001C01010006721C011D000B921C01150016
:103B100009A91C0100000BAA1C01060009B11C0127
:103B200000000BB21C01010009B41C0100000BB520
:103B30001C01010006001D01060006081D01010010
:103B4000060B1D0125000B311D0105000B3A1D015F
:103B500000000B3C1D0101000B3F1D010600064645
:103B60001D0100000B471D0100000C501D01090044
:103B700006601D01050006671D010100066A1D01A2
:103B80001F00098A1D0104000B901D01010009930B
:103B90001D0101000B951D01000009961D0100008B
:103BA0000B971D01000006981D0100000CA01D01CF
:103BB000090006E01E0112000BF31E01010009F5C9
:103BC0001E01010014F71E0101000B001F0101007E
:103BD00006021F01000009031F01000006041F0167
:103BE0000C0006121F01210009341F0101000B36D1
:103BF0001F010400093E1F0101000B401F010000CE
:103C000009411F0100000B421F01000014431F0166
:103C10000C000C501F01090006B01F0100000EC06F
:103C20001F01140019D51F01070016DD1F01030035
:103C300019E11F01100014FF1F0100000600200100
:103C400099030D0024016E00147024010400068005
:103C50002401C30006902F01600014F12F01010020
:103C6000060030012F04013034010F000B403401F5
:103C700000000641340105000B4734010E00060028
:103C80004401460206006801380206406A011E002F
:103C90000C606A010900146E6A01010006706A0175
:103CA0004E000CC06A01090006D06A011D000BF02D
:103CB0006A01040014F56A01000006006B012F0080
:103CC0000B306B01060014376B010400193C6B01CB
:103CD000030005406B01030014446B01000019450B
:103CE0006B0100000C506B0109000E5B6B010600BC
:103CF00006636B011400067D6B01120003406E0128
:103D00003F000E806E01160014976E01030006003E
:103D10006F014A000B4F6F01000006506F01000059
:103D200009516F0136000B8F6F01030005936F017E
:103D30000C0005E06F01010014E26F01000005E3D3
:103D40006F0100000BE46F01000009F06F0101003A
:103D500006007001F71706008801D50406008D01E2
:103D6000080005F0AF01030005F5AF01060005FDF1
:103D7000AF0101000600B00122010632B1010000CE
:103D80000650B10102000655B10100000664B10100
:103D900003000670B1018B010600BC016A000670C9
:103DA000BC010C000680BC0108000690BC010900A3
:103DB000199CBC0100000B9DBC010100149FBC01BB
:103DC000000001A0BC0103000B00CF012D000B304F
:103DD000CF0116001950CF0173001900D001F50072
:103DE0001900D10126001929D1013B000965D10133
:103DF00001000B67D1010200196AD1010200096DAF
:103E0000D10105000173D10107000B7BD10107002F
:103E10001983D10101000B85D1010600198CD10154
:103E20001D000BAAD101030019AED1013C001900FD
:103E3000D20141000B42D20102001945D20100001B
:103E40000EC0D20113000EE0D20113001900D301FD
:103E500056000E60D30118000800D4011900041A9E
:103E6000D40119000834D4011900044ED40106000D
:103E70000456D40111000868D40119000482D40149
:103E80001900089CD4010000089ED401010008A27A
:103E9000D401000008A5D401010008A9D401030041
:103EA00008AED401070004B6D401030004BBD4015A
:103EB000000004BDD401060004C5D4010A0008D0E6
:103EC000D401190004EAD40119000804D501010045
:103ED0000807D5010300080DD50107000816D50114
:103EE0000600041ED50119000838D5010100083B61
:103EF000D50103000840D50104000846D5010000A3
:103F0000084AD50106000452D5011900086CD501F4
:103F100019000486D501190008A0D501190004BABA
:103F2000D501190008D4D501190004EED5011900F6
:103F30000808D60119000422D6011900083CD60150
:103F400019000456D60119000870D6011900048A18
:103F5000D6011B0008A8D601180018C1D601000020
:103F600004C2D601180018DBD601000004DCD6011B
:103F7000050008E2D601180018FBD601000004FC79
:103F8000D60118001815D70100000416D701050046
:103F9000081CD70118001835D70100000436D701D6
:103FA0001800184FD70100000450D701050008562B
:103FB000D7011800186FD70100000470D70118004E
:103FC0001889D7010000048AD70105000890D7019D
:103FD000180018A9D701000004AAD701180018C3B7
:103FE000D701000004C4D701050008CAD7010000AA
:103FF00004CBD70100000CCED70131001900D80145
:10400000FF010B00DA0136001937DA0103000B3B20
:10401000DA013100196DDA0107000B75DA010000D1
:104020001976DA010D000B84DA0100001985DA0136
:1040300001001487DA0104000B9BDA0104000BA1D4
:10404000DA010E000400DF010900060ADF010000AA
:10405000040BDF0113000425DF0105000B00E00164
:1040600006000B08E00110000B1BE00106000B230B
:10407000E00101000B26E00104000530E0013D00F5
:104080000B8FE00100000600E1012C000B30E10184
:1040900006000537E10106000C40E1010900064E6B
:1040A000E1010000194FE10100000690E2011D004E
:1040B0000BAEE201000006C0E2012B000BECE201B6
:1040C00003000CF0E201090016FFE201000006D037
:1040D000E4011A0005EBE40100000BECE40103002D
:1040E0000CF0E401090006E0E701060006E8E7013C
:1040F000030006EDE701010006F0E7010E000600EF
:10410000E801C4000EC7E80108000BD0E801060072
:104110000300E90143000B44E9010600054BE901F6
:1041200000000C50E9010900145EE90101000E7164
:10413000EC013A0019ACEC0100000EADEC010200FC
:1041400016B0EC0100000EB1EC0103000E01ED0110
:104150002C00192EED0100000E2FED010E000600BF
:10416000EE0103000605EE011A000621EE01010032
:104170000624EE0100000627EE0100000629EE01EC
:1041800009000634EE0103000639EE010000063B8B
:10419000EE0100000642EE0100000647EE010000BD
:1041A0000649EE010000064BEE010000064DEE014F
:1041B00002000651EE0101000654EE010000065710
:1041C000EE0100000659EE010000065BEE01000062
:1041D000065DEE010000065FEE0100000661EE01E3
:1041E00001000664EE0100000667EE010300066CA4
:1041F000EE0106000674EE0103000679EE010300ED
:10420000067EEE0100000680EE010900068BEE013D
:10421000100006A1EE01020006A5EE01040006ABA7
:10422000EE01100018F0EE0101001900F0012B0062
:104230001930F001630019A0F0010E0019B1F0016E
:104240000E0019C1F0010E0019D1F00124000E007A
:10425000F1010C00190DF101A00019E6F1011C009B
:104260001910F2012B001940F20108001950F20157
:1042700001001960F20105001900F301FA0017FBB3
:10428000F30104001900F401D70219DCF601100053
:1042900019F0F6010C001900F7017600197BF701FF
:1042A0005E0019E0F7010B0019F0F701000019009A
:1042B000F8010B001910F80137001950F801090036
:1042C0001960F80127001990F8011D0019B0F801D4
:1042D00001001900F90153011960FA010D0019706C
:1042E000FA010C001980FA0108001990FA012D005A
:1042F00019BFFA01060019CEFA010D0019E0FA0102
:10430000080019F0FA0108001900FB019200199445
:10431000FB0136000CF0FB01090006000002DFA6DD
:104320000600A70239100640B702DD000620B802D9
:10433000811606B0CE02301D0600F8021D020600EE
:1043400000034A13065013035F100101000E000022
:104350000120000E5F000B00010EEF0000000000C6
:104360004275696C74207769746820525A2F542002
:10437000466C657869626C6520536F66747761720C
:1043800065205061636B6167652076657273696F44
:104390006E20342E322E3000342E322E30000000AB
:0843A00000000204000000000F
:0400000510001000D7
:00000001FF
