:1000000018F09FE518F09FE518F09FE518F09FE5C0
:1000100018F09FE518F09FE518F09FE518F09FE5B0
:100020004000000095201000992010009D20100035
:10003000A1201000A52010003C211000A9201000D4
:10004000310F19EEFC1F01E3001040E3010000E056
:10005000031000E3101040E3010080E14FF07FF552
:10006000310F09EE6FF07FF5B03104E3103040E35B
:100070000300A0E10110A0E30010C0E5ED0704EAD1
:100100002DE9F041D0E902850446A8EB05074068D7
:1001100097422844154408D80E463A46A5EB0805F0
:1001200003F0B4FA2A466068F11903F0AFFABFF39E
:100130005F8FE560BDE8F0812DE9F8434FF00008DE
:10014000064689461746D0E902243369151B9C42AE
:1001500003F1FF3125BF03F1FF339B180B1B1B1B62
:10016000BD4228BF3D469D4228BF1D467068494696
:100170002A46204403F08AFAB2682C44A24208BFFF
:100180000024A844A9447F1BBFF35F8FF460002FB5
:10019000DBD14046BDE8F883F8B540F20004C1F277
:1001A0001804A8220021204603F068FA43F278726E
:1001B00040F2B80040F2A801002303254FF4806705
:1001C0001026C0F20002C1F21800C1F21801256128
:1001D0006561A261E0612762A3626362E3622266F5
:1001E0006166A6662367E3666367BFF35F8F074BAD
:1001F0009C46A3F11000ACEB030213F9011D8342EE
:10020000A154F8D1BFF35F8FF8BD00BF703D00006F
:1002100038B540F2000400EB4003C1F2180401308D
:1002200004EBC30300EB400004EBC000DC6A8C4627
:10023000012C154612D0022C0CD0FCB99A6A596ACE
:100240008A429CBF1B6AD218013A511A8D4218D9B2
:10025000204638BDBDE83840FFF76EBF9A6A5C6A39
:10026000A2429CBF1B6AD218013A141BAC4228BFA1
:100270002C462246FFF744FF204638BD0024204686
:1002800038BD2A466146FFF73BFF2C46E0E700BF3A
:1002900040F2000370B5C1F218031B780446532BDB
:1002A0000D46164601D0FFF777FF32462946204615
:1002B000BDE87040FFF7ACBFD0E9013210B504468D
:1002C000501C984207D8236899540246E168636835
:1002D0000131A060E1609A4200D010BD2168206920
:1002E000FFF7D6FFA368984215BF4FF0FF330023F6
:1002F000E360A36010BD00BF2DE9F84F9142DDE936
:100300000A940F46154683461E4669D30B464FF0A6
:100310000108B3FBF5F39D4208F10108F9D9B04596
:1003200038BFB04614F0010A02D1B9F1000F41D133
:10033000DBF80C30002B2EDB012401E005FB04F47C
:10034000012E06F1FF36F9D8B7FBF4F39D4205D82C
:1003500005FB04F4B7FBF4F39D42F9D943F6785654
:10036000C0F2000606E0AC42B4FBF5F30CD31C4629
:10037000B7FBF3F3F156584604FB1377FFF79CFFE6
:10038000DBF80C30002BEEDAB9F1000F0CBF0023C4
:100390000AF001034BB9BDE8F88F20215846FFF75A
:1003A0008BFFDBF80C30002BF5DBC14509F1FF3981
:1003B000F3D8F0E7B6FA86F35B0913EA540314BFE7
:1003C0003024202409E021465846FFF775FFDBF86A
:1003D0000C3009F1FF39002BDDDBC145F3D8A7E76D
:1003E0004FF001089BE700BFDFED8F0B00232DE9E5
:1003F000F04F9BB00DF1280905AC44F98F078046FA
:100400000D461746CDE90730CDF8109006E004A858
:10041000FFF752FF079B002BC0F2818015F9011BEB
:10042000002900F08E802529F1D100262B4613F9F2
:10043000011BA1F123020D2A08D8DFE802F05F07B3
:100440000707070707075B0763070757A1F1300294
:10045000D2B2092A4FF000040FD804EB840401EB58
:10046000440493F900101D46A1F13002D2B2092ACA
:10047000A4F1300403F10103EFD92E2953D04FF03A
:10048000000B95F90010584601E015F9011F21F005
:100490000403682BF9D0252938D05839CBB2202B4A
:1004A00037D8202935D8DFE811F071003400340046
:1004B000340034003400340034003400340034009C
:1004C000FD00C30034003400340034003400340034
:1004D00034003400340034003400AD003400340003
:1004E0008800340082003400340071001D4646F05C
:1004F00002069BE71D4646F0040697E71D4646F0B8
:10050000080693E71D4646F001068FE704A8FFF7AB
:10051000D3FE079B002B05F10105BFF67FAF184600
:100520001BB0BDE8F08F95F901102A2915D13B6861
:1005300002351A1D3A600120D3F800B095F9001079
:10054000A5E7079B002BEADD069C002C40F0B48059
:10055000234418461BB0BDE8F08FA1F13003DBB295
:10056000092B4FF0000B05F1010500F2E6800BEBC3
:100570008B0201EB420215F9011FA2F1300BA1F130
:100580003003DBB2092BF2D9012080E710225B4651
:10059000D7F800C00DEB0200DCF80010CDE90046F2
:1005A0000CF104043C60FFF7A7FE079BB2E75B4633
:1005B0000A22D7F800C004A8EEE743F28473396832
:1005C000C0F200030C1D3C600C680BF10102002C12
:1005D00004BF00201C4600F0010604EB020A0CE0F8
:1005E000544514BF002306F00103002B91D104A849
:1005F000FFF762FE079B002B8CDB14F9011B00291F
:10060000EED186E70823102200263C680DEB02009D
:10061000216804343C60CDE90036FFF76DFE079B8E
:1006200078E700BFAFF3008040000000000000004A
:100630003B681A6804333B6082EAE273A3EBE2731F
:10064000092B03927BDD4CF6CD404FF0010ACCF62E
:10065000CC401946A0FB03C363290AF1010A4FEA03
:10066000D303F6DCDA4538BFDA4674BB07990024B9
:100670000B460029FFF653AF039B002B4CDB73079F
:1006800056D406F00303022B08BFBBF1000F5FD066
:100690005B460A22CDE90046039904A8FFF72CFE29
:1006A000079B37E73B6804A81A1D93F900103A60CE
:1006B000FFF702FE079B2DE722464946404603937B
:1006C000FFF7E6FD039B234443E7039A06F002038A
:1006D000002A17DB720715D4002B33D0BBF1000FB3
:1006E0000DD0F00709D50AE0202104A8FFF7E4FDAA
:1006F000079B013C002BFFF612AFA245F4D30799EC
:100700000B46B6E7013C13B1BBF1000FF7D0F2077F
:10071000F5D4002CF1D1A9E75B422D2104A8039365
:10072000FFF7CAFD079900290B46FFF6F8AEA8E7C8
:100730002B2104A8FFF7C0FDF4E75846A7E64FF0C9
:10074000010A8FE7F107D8D5079B002BA0DAE6E670
:10075000002C9DD009E0302104A8FFF7ADFD0799DA
:10076000013C00290B46FFF6DAAEA245F3D30B1E7F
:10077000FFF6D5AE8CE700BF0EB400B582B003AB78
:1007800053F8041B01AA0193FFF72EFE02B05DF897
:1007900004EB03B0704700BF10B5002484B003A879
:1007A000039402F167FB43F28C7243F294719DF85B
:1007B0000D009DF80E30C0F20002CDE90030C0F20D
:1007C00000019DF80F302046FFF7D6FF43F6701169
:1007D0002046C0F20001FFF7CFFF00F059F804B047
:1007E00010BD00BF2DE9F0410D4645F2D87105F16D
:1007F0000F0382B023F0070302AFADEB030D05F149
:10080000080802AC06464246C0F20001204602F04B
:100810003DFFA5F10C0205A907A802F015FF45F25E
:10082000D07343F6B05101224FF480700025C0F21E
:1008300000031B88C0F20001B2405BBACDF816007D
:100840008DF81B20086842462146ADF814308DF81B
:100850001A5000F04BFB10B9BD46BDE8F08143F6DD
:100860001821044633460246CDF800802846C0F2DF
:100870000001FFF781FF43F6402122462846C0F2DF
:100880000001FFF779FF00BEBD46BDE8F08100BF63
:1008900043F660212DE9F04FC0F20001A1B0002025
:1008A000FFF76AFF43F664210020C0F20001FFF762
:1008B00063FF43F2D86743F6B0210020C0F2000185
:1008C000C0F20007FFF758FFB86840B343F6C025F1
:1008D0003C460026C0F20005C3B2617994F804904A
:1008E00094F8038094F802E094F801C00893C0F3F0
:1008F00007230793C0F307430693000E237832467D
:10090000CDE90410CDE9028929460020CDE900CEC9
:10091000FFF732FFA069013610340028DCD143F61E
:10092000B053C0F200035E681593736B1A7A012A04
:1009300000F0678245F2D47145F2D0701B69C0F2B5
:1009400000015B68C0F200001A69119113785288A7
:10095000012B10900B70026000F05C8243F6443172
:100960000020C0F20001FFF707FF159B31461B680E
:100970004FF0080818460B9300F0E8FE43F68C3160
:100980000246C0F200010020FFF7F6FE43F60072B7
:100990000023C0F20002146819A920461BAACDE961
:1009A0001A33CDE91E331D931C9319978DF86C8073
:1009B00001F00CFD9DF86C30BC4D68F3030320463C
:1009C0001BAA19A98DF86C30199501F0FFFC9DF850
:1009D0006C30204668F3030319A98DF86C301BAA0C
:1009E00005F11003199301F0F1FC07229DF8743012
:1009F000204643F00F038DF874309DF878301DA920
:100A000062F303038DF878309DF87C3045F68474EA
:100A100062F303038DF87C3001F086FD46F26373C8
:100A200043F21872414645F2D87A46F26279A5F14E
:100A30001000C0F20003C0F20002C0F20641C0F292
:100A400000040D90C0F2000A0F93C0F200090E924C
:100A500013910C9743F6D031DDF85480C0F20001B9
:100A600012910B9801F00EF8B36A002B00F0FD8094
:100A70000F9B1D7800270126DDF83CB006FA07F32E
:100A8000D8B22B4225EA000510D099F800308BF837
:100A9000005018401DBF43F6BC313A4600203A468C
:100AA0000CBF1299C0F20001FFF766FE0137032F59
:100AB00014D09BF80050E1E743F6A031834602468C
:100AC000C0F200010020FFF757FE43F640215A46CE
:100AD000C0F200010020FFF74FFE00BE45F6847B08
:100AE000C0F2000B59460B981DAA00F035FB0546D5
:100AF000002840F0A880119B1B78012B00F08C800F
:100B00002F462E460D9B21681A68914261D00E9B9C
:100B100022681B689A42E5D10E9BA2889B889A4264
:100B2000E0D1A389082B5BD0B3F5C16FDAD1A38ADA
:100B3000B3F5807FD6D10C9AD4F8263002EB071299
:100B4000906819BA88424FEA0715CBD1139891885B
:100B5000CAF8100056483A46818081824FF4C1603D
:100B60004FF4007743F62041C0F20010CAF80C00A1
:100B70005048AAF8147000684F4FCAF800000C984B
:100B8000CAF81C304059C0F200013860494FBD8896
:100B9000AAF80450464D2860386907F11005474F00
:100BA0003860A888B880E069CAF82600180E03905B
:100BB000C3F307400290C3F30720DBB20190009318
:100BC00000202A23FFF7D8FD2A213046FFF70AFE2E
:100BD00088E79B88A2889A4299D1A389082BA3D140
:100BE0000C9AD4F81E3002EB0712906819BA8842AA
:100BF0004FEA071C7FF476AFE07D01287FF472AFE7
:100C000094F8221008295DD043F688410020C0F2F4
:100C10000001FFF7B1FD65E7A389109A5BBA12885E
:100C20009BB293427FF46CAF1D9A2549E67B143A40
:100C3000A1F1080002F02AFD0C9B06F003063746DE
:100C400003EB06135FE740F6A573D8F8002098423F
:100C5000D8F804600B927FF404AF43F6E83100202B
:100C6000C0F20001FFF788FDF4E61E46012799F85F
:100C7000005089F800300B981BAAF1B200F0ECFC90
:100C800000287FF419AF9DF86C2007FA06F30136AF
:100C900022B199F80020134389F80030032EEAD1DD
:100CA00099F800305D400F9B1D70E3E6E8360000C8
:100CB000DE5700008A5F0000EE570000F857000082
:100CC000985F000092888AF817005648CAF81A30D0
:100CD0008280AAF80C100021534AAAF8121010685A
:100CE0009288CAF800000C98AAF8042050F80C006A
:100CF0004C4AB4F810C01060E2894C48AAF80E20A3
:100D0000A27DAAF810C08AF81620D4F81A20AAF8F2
:100D10001410AAF81810CAF81E2030F8022B52BA84
:100D200011FA82F1424A9042F7D10A0C12FA81F18B
:100D30009CFA9CFC17931FFA8CF36FEA010C4FF09E
:100D4000000EE28C3B49AAF82620228D9CFA9CFCDE
:100D50001692AAF828203848A3F11C021493AAF886
:100D600018C0AAF822E0AAF824E002F08FFC149838
:100D70002F49A0F11402012A179B17D9A0F1160CD4
:100D80004FEA5C0E0EF112000AEB400031F8022B24
:100D900052BA814215FA82F5F8D125480EF10101C7
:100DA000CEEBCE7E0CEB4E0200EB410112B10A7885
:100DB00005EB02251499169A0E311491290C11FA9B
:100DC00085F1CD4343F6504152BA180E92B20492C7
:100DD00003903A46C3F30740149F0290C3F30720E1
:100DE000DBB2019000936DBA3B46C0F200010020D7
:100DF000AAF82450FFF7C0FC39463046FFF7F2FC52
:100E000070E643F600310020C0F20001FFF7B4FCA9
:100E1000736B8FE543F618310020C0F20001FFF735
:100E2000ABFCA2E5DE5700008A5F0000E657000039
:100E3000FA570000AE5F00000258000008B5FFF747
:100E4000ABFC002008BD00BF10B578B171B184467D
:100E500044F64500DCF80040C4F25450844209D105
:100E60000020CCE90B32CCF8281010BD02F100F8BC
:100E7000012010BD01F1FCFF072010BD70B580B34B
:100E800044F645030268C4F254539A42044624D1FE
:100E90000D46416800F12403496B00F12002C96846
:100EA00051F82500816800688E6904F11801B04787
:100EB00038B9A269531E052B03D86368197819B194
:100EC00070BD40F6A17070BD5B6B2946BDE87040F7
:100ED0001B69D2B2186801F02FBA01F1C9FF0720CF
:100EE00070BD01F1C5FF012070BD00BF2DE9F047C5
:100EF000002866D044F6450304460068C4F2545303
:100F000098425AD18E46002968D060681546C36958
:100F10009A425AD8637F002B5BD02769D7F8C0303C
:100F20009B0741D4D0F83480E368D8F804C04FEA76
:100F3000031A0CEB0316D6F80C90B9F1000F2BDB5B
:100F400090F80190B9F1000F2BD1806950F823304F
:100F50004CF80A305CF80A0002F098FBE36860681D
:100F60004FF03042C5F30D0545F00045B560F26025
:100F7000027D0133934228BF0023E360D8F8043098
:100F800003EB0213BFF35F8F002407F58057204661
:100F9000C7F82031BDE8F08740F6A3742046BDE8CD
:100FA000F0874CF80A10DBE701F162FF40F6A2740B
:100FB00001F15EFF2046BDE8F08701F159FF0724EB
:100FC000F6E701F155FF0124F2E701F151FF032497
:100FD000EEE701F14DFF40F6A174E9E701F148FFAA
:100FE0000224E5E72DE9F041002862D044F64503EC
:100FF0000268C4F254539A42044655D14368B3F987
:101000002030002B46DB01215A09920003F01F0318
:1010100002F1144201FA03F3C2F88431BFF34F8F97
:10102000BFF36F8F43F6A80300206168C0F210037E
:10103000B1F92020203243F82200D1F8348027690A
:10104000D8F80C60351F0C3655F8043F1BB19A6870
:10105000186853689847B542F6D163681B782BB976
:10106000D8F810309A6818685368984700231846D3
:1010700007F58052C2F834313A6863F300023A60EF
:101080003A6863F341023A60C4E90033A382A38360
:10109000BDE8F08101220021203302FA03F3C9F2F6
:1010A0001141C1F88031B9E701F1E2FE0720BDE846
:1010B000F08101F1DDFE0120EAE700BF2DE9F041FA
:1010C00000283FD044F645030268C4F254539A42C4
:1010D00033D1437D002B39D00369D3F8C020920768
:1010E00025D4D0E90142616B94F815C00968160156
:1010F00001EB021EDEF80C50002D0FDB257DD4F82D
:101100001880AC18013262454FF0414728BF0022D9
:1011100058F824408C51CEF80C708260002001EB0E
:101120000C1103F58053C3F82811BDE8F08101F1DB
:101130009FFE40F6A270BDE8F08101F199FE072004
:10114000BDE8F08101F194FE0120EEE701F190FE8F
:1011500040F6A170E9E700BF2DE9F0410446002800
:1011600053D044F6450316460268C4F254539A42DB
:101170003ED10D4600294CD0002E4AD0437F002B93
:101180004BD00369D3F8C0309B072BD443685F6B07
:10119000A1683B6803EB0113DA68002A42DBD868D8
:1011A00000F0405CBCF1405F16D1D86810F480407C
:1011B00012D1DB686268C3F30E08137DB8F13B0FF0
:1011C0000B44916951F8231006D95378ABB12960CB
:1011D000C6F80080BDE8F0812046FFF76FFF0028C9
:1011E000D6D0F7E701F144FE40F6A270BDE8F081E9
:1011F00001F13EFE0720BDE8F0812846424602F09C
:1012000045FA2046FFF75AFFE2E701F131FE636835
:10121000FFDE01F12DFE0220DCE701F129FE40F6A0
:10122000A170D7E74FF47A60D4E700BF70B500280B
:1012300037D044F6450203460068C4F25452904247
:1012400027D191B35C686278012A26D1606B9A68D5
:1012500000684FEA021E00EB021CDCF80C50002D67
:10126000B8BF40F6A67013DB4FF041461D6940F849
:101270000E10CCF80C60617D01328A4228BF00223A
:1012800000EB0111002005F5805C9A60CCF8281174
:1012900070BD01F1EDFD072070BD01F1E9FD0520F4
:1012A00070BD01F1E5FD012070BD01F1E1FD0220FD
:1012B00070BD00BF10B550B344F645030268C4F2D8
:1012C00054539A421FD131B3036903F58053D3F8C5
:1012D0004431B3B14068426B52689B1A0F2B94BFE4
:1012E000037D1B09013B02EB0312D468002C08DBD1
:1012F000D268920005D58269002052F823300B6035
:1013000010BD222010BD01F1B3FD072010BD01F179
:10131000AFFD012010BD01F1ABFD022010BD00BFEB
:1013200044F6086243F6B04008B543F6A8434FF4CC
:101330000471C0F20003C0F20002C0F2000001F12B
:1013400095FD00BF2DE9F043C46A87B00646894683
:1013500090461F4601AD14B3A646AC46BEE80F004A
:10136000ACE80F00DEF80030CCF80030736820469F
:101370001B7884F804902360336BC4F80880C4E9B8
:101380000373B36A9847F46A34B1AC46BCE80F0003
:101390000FC4DCF80030236007B0BDE8F0832C46B2
:1013A000E4E700BF2DE9F84F0546036992461A6845
:1013B00022F001021A601A6822F002021A60D3F8C1
:1013C000002322F47F02C3F800238888D3F8002387
:1013D00060F30F02C3F800236F680A687E6BC3F8DE
:1013E00004237269DAB1D3F8081341F00041C3F85D
:1013F0000813D3F8081321F47F01C3F80813D3F8B6
:10140000081321F07C51C3F808139088D3F808130F
:1014100060F30F01C3F808131268C3F80C23B26914
:10142000DAB1D3F8101341F00041C3F81013D3F828
:10143000101321F47F01C3F81013D3F8101321F017
:101440007C51C3F810139088D3F8101360F30F0188
:10145000C3F810131268C3F814233A7D0021706892
:10146000120102F00BF97C7DB4B1336800214FF01A
:101470004146387DBA6903EB041402EB8002103355
:1014800052F8040BA34243F8100C43F80C1C43F829
:10149000081C43F8046CF2D1C0EF1000696805F134
:1014A00008042B694F6B44F98F074FF0010B4FF085
:1014B000020C4FF6FE7E9868CC7803F5805264F3F8
:1014C00000009860087DD7F80480441EC4F3090426
:1014D00008EB0010C2F82C41C2F81481C2F82001B8
:1014E000D2F804010F2540EA0B00C2F80401D3F83A
:1014F000000DC0F2010E40EA0C00C3F8000DD3F855
:10150000000D6FF070466CF38300C3F8000D487D4A
:101510003C68C969471E0EEA4101C7F3090704EB9D
:101520000010C2F83071C2F81C41C2F82801C2F89C
:101530000811D2F808114FF0000941EA0B01C2F876
:101540000811D3F8A010DA456CF30101C3F8A0101C
:10155000D3F8A41021F4E021C3F8A410D3F8A41008
:1015600041F48011C3F8A410D3F83C1D41F00801E8
:10157000C3F83C1DD3F83C1D6BF30201C3F83C1DBE
:10158000D3F8301D65F31851C3F8301DD3F8301D62
:1015900041F01001C3F8301DD3F8301D41F00801AF
:1015A000C3F8301DD3F8301D41F02001C3F8301DC1
:1015B000D3F8301C21F00701C3F8301CD3F8301CDD
:1015C00041F01001C3F8301C6FF0C021C3F8349C07
:1015D000C3F80C67C3F81067C3F800184FF0030195
:1015E000C3F8A418C3F8C4580BD04FF6C560D3F89D
:1015F000B41069F30411C3F8B410C2F83401BDE8A3
:10160000F88FD3F8B42042F01002C3F8B420BDE83C
:10161000F88F00BF10B5D8B144F645030268C4F294
:1016200054539A4204460FD1012243680277196944
:10163000FFF7B8FE032223690020C3F8C0201A6810
:1016400042F001021A6010BD01F112FC072010BD2A
:1016500001F10EFC012010BD10B580B344F6450326
:101660000468C4F254539C4221D162B3032922D8A6
:1016700043685B6BDB6803EB0113E3B144F61C6367
:10168000C0F200035B5C90F815C003EA0C0133EA7A
:101690000C031CBF0023137001D0002010BD437F3A
:1016A000002099430CBF022301231370F6E701F1D8
:1016B000DFFB072010BD01F1DBFB032010BD01F1B2
:1016C000D7FB012010BD01F1D3FB022010BD00BFEC
:1016D00038B543685B6B1C69254654B1D4E90113E6
:1016E00020681B689847054618B1A36820685B68A6
:1016F0009847284638BD00BF43682DE9F0415B6B31
:10170000DF68A7F1040846460C3756F8044F54B179
:10171000D4E9011320681B689847054648B9A368B7
:1017200020685B699847BE42EFD100252846BDE896
:10173000F08158F8043F1BB19A68186853689847BD
:10174000B845F6D12846BDE8F08100BF44F668638D
:10175000F0B505468BB0C0F2000303F10C0E03F1A7
:1017600018040E4693E8070001AF0DF1100C0AAB08
:1017700087E807009EE807008CE8070094E8070068
:1017800003E90700002D00F04081002E00F02681C3
:101790003369002B00F022813378022B00F239816B
:1017A000B6F92020002AC0F23881776B002F00F0B4
:1017B0001581B269002A00F011813868002800F014
:1017C0000D817A68002A00F0098144F645022968F3
:1017D000C4F25452914200F0248100240AAA02EB80
:1017E000830353F8243C6E602B61AC82AC83AC6005
:1017F000727D2146120101F041FF6B68EC601A7D99
:1018000021461201786801F039FF6B685A7D197D15
:10181000CA420DD09869DA69002150F8240001F01D
:101820002DFF6B6801341A7D597D0A44A242F1D81C
:101830000024B26A336B0120AA622B63EC6201F1CF
:10184000E1FB14EE167F04EE164F23463178C8F202
:101850002803D3F81023E1B1012001F10F04A040C7
:1018600022EA0002C3F810230129D3F8103308BF7D
:101870004FF0124305D0022940F001810023C9F244
:1018800001231A681A681A681A681A681A681B68A5
:101890000FE022F00102C3F810230022C8F2100268
:1018A000D3F8103313681368136813681368136848
:1018B000136804EE167F33780AAA02EB830353F809
:1018C000180C01F1F9FB33780AAA02EB830353F8F1
:1018D0000C0C01F1F1FB012001F11CFB3378002B12
:1018E00000F084802846FFF707FF41F288339842D2
:1018F000044600F0858000286DD12B6903F58053E4
:101900001A6842F001021A601A68D207FCD4032157
:101910005A6842F001025A605A6842F480525A6092
:101920005A6842F002025A605A6842F004025A6051
:101930005A6842F008025A605A6861F313425A60CA
:101940005A6861F31B62FF215A601A6822F4403220
:101950001A606A68B2F92030566A03F00302D200B6
:10196000D71C002B01FA02F26FEA020203F12000F9
:1019700006FA07F659DB012743F6A80C5909890036
:1019800001F1144103F01F0E07FA0EF7D1F884E0BD
:1019900023F003034EEA070EC1F884E003F1144379
:1019A000D3F820E4C0F2100C02EA0E02C3F820249F
:1019B000D3F820243243C3F820244CF82050C1F837
:1019C0008472D1F804313B43C1F8043144F6450335
:1019D000C4F254532B6020460BB0F0BD01F148FA1D
:1019E000022401F145FA20460BB0F0BD2846FFF76E
:1019F0006FFE044600283FF475AF20460BB0F0BDE3
:101A000040F6A57420460BB0F0BD01F131FA012477
:101A1000E7E701F12DFA0424E3E701F129FA0324B1
:101A2000DFE701F125FA0E24DBE70021012743F669
:101A3000A80CC9F21141D1F880E0874020F00303DF
:101A40004EEA070E03F11443C1F880E003F5881352
:101A5000D3F800E4C0F2100C02EA0E02C3F800242E
:101A6000D3F800243243C3F800244CF82050C1F8C6
:101A70008072D1F800313B43C1F80031A6E7FFF78F
:101A80004FFC00BF2DE9F0472DED028B82B00028FE
:101A900000F0358144F645030268C4F254539A427B
:101AA000044640F0A980037FD0F80490022B00F098
:101AB000AB8044F61C680025D9F8343094F81DA09A
:101AC000DE68C0F20008043E56F8043FC3B1636804
:101AD00018F805705B6B1A7A012A21D1217D637D8C
:101AE0000F4207EA030241D052BB3B4363752946CC
:101AF0002046FFF7C3F9637F60B323EA07036377E8
:101B00000135042DE0D1BAF1000F42D1637F002BE3
:101B100040F09880002002B0BDEC028BBDE8F08759
:101B2000DB6853F82530002B62D09A681868D369B7
:101B3000984741F2883398425AD0637D1F42D4D0EF
:101B4000637F1F42DCD129462046FFF797F9002822
:101B5000D6D1637F3B436377A36A002BD0D0024684
:101B60003B4601212046FFF7EDFBC9E7002AC7D01D
:101B7000FA4313406375637FD2B21A40A36A627757
:101B8000002BBDD03B46002202212046FFF7DAFBA6
:101B9000B6E7637D002BBDD1236903F580531A6836
:101BA00042F001021A601A68D207FCD403215A6875
:101BB00042F001025A605A6842F480525A605A68F0
:101BC00042F002025A605A6842F004025A605A68AF
:101BD00042F008025A605A6861F313425A605A6828
:101BE00061F31B625A601A6822F440321A6091E76E
:101BF000637D1F4284D0BBE701F13AF9072002B0B0
:101C0000BDEC028BBDE8F0870023856A037725B120
:101C10001A461946FFF796FBA56A04F12C062046E2
:101C200026F98F87677DFFF7DDF900286BD14946DC
:101C30002046FFF78BFD002865D16775A56206F980
:101C40008F8736E752462046D9F81010FFF7AAFBD7
:101C5000656823692A78002A5AD11A686AF3CF3254
:101C60001A601A6842F480421A601A6842F40052FC
:101C70001A602A79012A00F087800021D3F8302DDC
:101C800022F47032C3F8302DD3F8302D22F4706274
:101C9000C3F8302DD3F8302D22F08002C3F8302D58
:101CA0001A6F22F002021A67C3F890101A6842F401
:101CB00000121A601A6842F480121A601A6842F020
:101CC00002021A601A6842F001021A60227F012A99
:101CD0007FF420AF44F645032168C4F2545399427F
:101CE00040F09E8020462969FFF75CFB03222369B0
:101CF000C3F8C0201A6842F001021A600AE701F135
:101D0000B7F8012007E7019001F1B2F8019802E766
:101D1000A269013A052A00F28680DFE802F01C146D
:101D2000072D29031A6822F4004299E71A6842F441
:101D300000421A601A6842F480421A601A6822F45B
:101D400000521A6099E71A6842F400421A601A6851
:101D500022F4804288E71A6842F400421A601A6846
:101D600022F480421A601A6822F400521A6084E752
:101D70001A6822F40042DCE71A6842F400421A6052
:101D80001A6842F480426FE744F62067D4E90821DC
:101D9000960001F0030106F00C06C0F200070022D5
:101DA0000E4307F1010C02E0082A3FF47FAF17F859
:101DB00022101CF822003140814207EB820E02F112
:101DC0000102F1D19EF802009EF8036001281DD1A6
:101DD0000221D3F8302D61F39132C3F8302DD3F8BE
:101DE000302D60F30B22C3F8302DD3F8302D42F0A4
:101DF0008002C3F8302D1A6FCFF6FF721A671A6F80
:101E000061F306121A671A6F0A431A67012E7FF4EC
:101E10004DAFD3F8902042F00102C3F8902045E77F
:101E200001F126F876E61A6822F400421A601A6870
:101E300042F480421A601A6842F400521A601CE7A9
:101E4000C3680BB182681A75704700BF43F664011E
:101E500043F6680243F6A80370B5C0F21001097892
:101E6000C0F21002013932F91120C0F21003203201
:101E700053F8225082B02B6903F580539C68E00729
:101E80000FD4E10309D52B69D3F82C2DC3F82C2DE1
:101E9000D3F82C3D0093009B0093A20313D402B00F
:101EA00070BDD3F86021C3F86021D3F8603101938D
:101EB0000199AB6A0191002BE3D00023032128464E
:101EC000FFF740FADDE72C69D4F8B030DB06E6D541
:101ED000AB6AD4F8C0602BB10023324604212846F7
:101EE000FFF730FA06F02106012E15BF0223032367
:101EF0002B77C4F8C03002B070BD00BFF8B5002821
:101F000000F075810E46002900F069810B78002BE6
:101F100040F06981B1F90230002BC0F26C8144F6C7
:101F200054130268C5F257339A42054600F06781A0
:101F30000B691B79012B07D18B68002B00F04F81B7
:101F4000CB68002B00F04B8100244FF480622346C5
:101F5000C8F21102C8F21103C8F212040120C5E947
:101F600003326E60AC6001F14DF814EE161F0027CD
:101F700004EE167F3B46C8F22803D3F8102322F064
:101F80000202C3F81023D3F81033236823682368B0
:101F9000236823682368236804EE161F0220C0F21A
:101FA000040001F189F8012000F1B4FF42F2084178
:101FB0004FF4805340F60B02D4F81408C8F2120311
:101FC00061F30D00C4F81408D4F8140CC0F2001228
:101FD00061F30D00C4F8140C586961F30D005861E9
:101FE000D3F8140461F30D00C3F81404C4F80828EE
:101FF000C4F8082C9A60C3F80824A36843F470233B
:10200000A360A36843F00F03A360C4F80074D4F87E
:10201000003443F00803C4F80034D4F8003443F02B
:102020000403C4F80034D4F8003443F00203C4F8C5
:102030000034D4F8003443F00103C4F80034E368FA
:1020400043F00F03E360636943F00F036361A36927
:1020500043F00F03A361D4F8403243F00103C4F806
:102060004032D4F8443243F00103C4F84432D4F887
:10207000483243F00103C4F84832D4F84C3243F0FC
:102080000103C4F84C3233691A78012A5DD0D4F8C0
:10209000803467F30003C4F88034FF216A68B2F922
:1020A0000230107903F00302D200D71C002B01FA92
:1020B00002F26FEA020203F1200400FA07F064DB87
:1020C000012143F6A80C5F09BF0007F1144703F094
:1020D0001F0E01FA0EF1D7F884E023F003034EEA55
:1020E000010EC7F884E003F11443D3F820E4C0F2F2
:1020F000100C02EA0E02C3F82024D3F82024024375
:10210000C3F820244CF82450C7F88412D7F80431BF
:102110000B43C7F8043133691B79012B0ED100231F
:10212000C8F21203D3F8002642F4E062C3F8002696
:10213000D3F8002642F00102C3F8002644F65413F7
:10214000C5F2573300202B60F8BD5A88D4F880348C
:1021500062F31F43C4F88034D4F8803467F3451326
:10216000C4F88034D4F8803467F30413C4F880349E
:10217000D4F8803443F00203C4F88034D4F88034B7
:1021800043F00103C4F8803487E70021012743F6B8
:10219000A80CC9F21141D1F880E0A74024F0030354
:1021A0004EEA070E03F11443C1F880E003F58813EB
:1021B000D3F800E4C0F2100C02EA0E02C3F80024C7
:1021C000D3F800241043C3F800044CF82450C1F89D
:1021D0008072D1F800313B43C1F800319BE700F138
:1021E00047FE0220F8BD00F143FE0420F8BD00F1D7
:1021F0003FFE0120F8BD00F13BFE0320F8BD00F1D9
:1022000037FE0E20F8BD00BF10B5002800F090800A
:1022100044F654130168C5F257339942024640F020
:10222000838042F208409368D3F8004603F580515A
:1022300024F4E064C3F80046D3F8004624F0010417
:10224000C3F80046D3F8404224F00104C3F84042EA
:10225000D3F8444224F00104C3F84442D3F848427E
:1022600024F00104C3F84842D3F84C4224F001049E
:10227000C3F84C42D3F8144860F30D04C3F8144873
:10228000D3F8144C60F30D04C3F8144C4C6960F39C
:102290000D044C61D1F8144460F30D044FF4006058
:1022A000C1F814449C68C0F2001024F470249C60AF
:1022B0009C6824F00F049C605468B4F902C0C3F811
:1022C0000808BCF1000FC3F8080C8860C1F80804C6
:1022D0001FDB01214FEA5C139B000CF01F0C03F184
:1022E000144301FA0CF1C3F88411BFF34F8FBFF30D
:1022F0006F8F43F6A80100235068C0F21001B0F9B7
:1023000002C018460CF1200C41F82C30C2E9003311
:1023100010BD012300210CF1200C03FA0CF3C9F2CB
:102320001141C1F88031E0E700F1A2FD072010BDA6
:1023300000F19EFD012010BD10B5002840D044F6EC
:1023400054130468C5F257339C4232D10129836883
:1023500033D0022913D0032081B903F608010B689A
:10236000013A23F0007323F48163052A2CD8DFE8B7
:1023700002F0120E0A031C1800200B6010BD03F5BA
:1023800080510831EBE7002043F48063F5E700203B
:1023900043F00073F1E743F00073002043F48063DF
:1023A000EBE7002043F00803E7E7002043F48163F4
:1023B000E3E700F15DFD072010BD03F60841CEE71D
:1023C00000F156FD012010BD0320D6E7002330B5F3
:1023D00085B0CDE90233002800F09D8044F6541406
:1023E0000568C5F25734A54240F08B80002900F003
:1023F0008D800D68002D00F08980002A00F0868015
:10240000B1F804C0A9888468ADF80C102868039D51
:1024100011780290C4F80C04C4F81054D4F81404D1
:102420006CF31320C4F81404D4F80C0411F00F0C4E
:102430000190D4F8100401900198019008D1D4F8CB
:10244000083443F04053C4F80834002005B030BDD0
:10245000D4F8081441F08051C4F80814D4F80814D2
:102460000029BCBF4FF44A40C3F69A3002DB06E0B5
:10247000834254D0D4F8081401330029F8DB5368A0
:10248000D4F810249B0412F4803F4FEA4C51D4F846
:10249000102403F4E0131FD192B2C4F81024D4F82E
:1024A000102442F48032C4F81024D4F8102442F4EA
:1024B0000032C4F81024D4F810240A43C4F81024BD
:1024C000D4F810241343C4F81034D4F8083443F07B
:1024D0000073C4F80834B8E722F0F072C4F810248E
:1024E000D4F810240A43C4F81024D4F8102422F499
:1024F000E012C4F81024D4F810241343C4F81034A4
:10250000E3E700F1B5FC072005B030BD00F1B0FCF9
:10251000022005B030BD00F1ABFC012096E700F1D0
:10252000A7FC142092E700BF08B500B344F654128C
:1025300003460068C5F25732904214D1D9B19B6866
:1025400091F800C05A6900206CF303025A619A693D
:1025500091F804C06CF303029A61097ADA6861F3B6
:102560000302DA6008BD00F183FC072008BD00F11A
:102570007FFC012008BD00F17BFC022008BD00BFEC
:1025800043F6640143F6680243F6A8032DE9F04FD1
:10259000C0F210010978C0F21002013932F911209D
:1025A000C0F21003203253F822808FB0D8F80830E0
:1025B0000026D3F804B6C3F804B6D3F804261BF4F7
:1025C000E06F0592059A059206D0D8F804201169AB
:1025D0000979012900F091811BF0200F40F0E38080
:1025E0001BF0006F40F09280BBF1000FC0F2BF8083
:1025F0001BF0804F63D11BF0005F02D10FB0BDE82C
:10260000F08FD8F80850D5F8083513F4702FC5F8B6
:102610000835C3F30342F1D046F60C034CF6FF181D
:102620004FF0000B4FF44A4AC3F69A38C0F2000349
:1026300058460193CB46C3F69A3AC146B04600E0ED
:102640000130012383401A42FAD04FF4585CCCF297
:10265000654C674622EA030200F0030602920090EE
:10266000019B00211B680EE0D5F8C845C2F3801815
:10267000002CC2F3062BB8BF544402DB4C45C8BF44
:10268000E41901218BB9C5F8C465D5F8C425D00675
:10269000EAD4029A009819B1CDE90C4B8DF8288044
:1026A000002ACDD10FB0BDE8F08F1020CDE90C4B42
:1026B0009DF800108DF828800AAA9847D0E746F6C2
:1026C0001005D8F80830C0F2000503F54053D3F8E0
:1026D000C07E2A68C3F8C07E002A8CD0F90709D5CD
:1026E000D3F89C3E4FF48070C3F30B43ADF8283011
:1026F0000AA99047BF047FF57EAF002240F2011087
:102700002B680AA9ADF82820984774E746F6180305
:10271000C0F200031D68002D3FF466AF0020D8F81A
:10272000083003F5095304331A4652F8E81B03F145
:10273000B007C9B2A3F15C0C002940F0088153F83E
:102740005C1C03F58063C9B2002940F0F68039684B
:10275000C9B2002940F0F7801168CF0640F0E88048
:1027600001300328E0D1BBF1000FBFF641AFD8F82C
:10277000083003F54053D3F8842FC3F8842F46F66E
:102780001403C0F200031B68002B3FF431AFC2F307
:102790000B01C2F30342ADF828100020ADF82A2047
:1027A0000AA9984724E7D8F8083003F5405ADAF820
:1027B000103C002B3FF414AF44F65412002346F6AD
:1027C0001C07C5F25732CDE900B40296CDF80C9043
:1027D0001E46D1469346C0F20007D9F8105C00248B
:1027E0004FF0010AC9F8105C0EE0202B42D038D817
:1027F000012B54D0102B04D13B6813B100210420CD
:1028000098470134102C23D00AFA04F32B40F8D057
:10281000802B4BD0E9D9B3F5804F39D0B3F5004FB9
:102820002FD0B3F5807FECD1D8F800305B454ED186
:10283000D8F80830D3F8403C5B074CD43B6813B160
:102840000121002098470134102C4FF00006DBD105
:10285000D9F8103C002BC0D1DDE900B4DDE90269F4
:10286000BEE6402BCDD13B68002BCAD0002105200D
:102870009847C6E73B68002BC3D001210420984746
:10288000BFE73B68002BBCD0012108469847B8E75A
:102890003B68002BB5D0002101209847B1E73B6889
:1028A000002BAED0032106209847AAE7D8F80030C5
:1028B0005B4517D1D8F80830D3F840385A0715D4FB
:1028C0003B68002BBFD0002108469847BBE700F1CA
:1028D000CFFA002EB2D03B6813B1012102209847F5
:1028E00001268EE700F1C4FA002EE9D03B68002BE8
:1028F000F6D0002102209847F2E7117803F58055C1
:102900000691D3F84018D3F8400C2B6CC0F380002C
:1029100003F00403C1F3800143EA40030B4308932F
:10292000D2E902318DF81C60099106A8984753E658
:10293000032113681360A84756E6DCF80030012134
:10294000CCF80030F7E73B6802213B60F3E71A68F8
:1029500000211A60EFE700BF08B580B144F65302CA
:102960000168C4F254529142034602BF002210464D
:102970001A6000D108BD00F17BFA072008BD00F104
:1029800077FA012008BD00BF2DE9F041002800F0D2
:10299000D180002900F0CE8041600D780446032DDF
:1029A00000F2CD80CB78022B00F0848044F65303F4
:1029B0002268C4F254539A4200F0C58046F62003C0
:1029C0000026C0F200031F78C8F21106A660002F8F
:1029D00078D000230120A5274FF6FE764FF48072B1
:1029E000C8F211031F6018601E6018609868C8F272
:1029F000110220F007009860D3F8080302EB85026B
:102A000020F00700C3F80803D3F8040320F0070000
:102A1000C3F804031368887823F48F7323F0010349
:102A200000283BD1087944F65306012808BF43F437
:102A300080731360002391F801C001226FEA0C013A
:102A40001F46C8F211035869AA4000F0070001F0C0
:102A5000010120EA0200A940014338460CFA05FCB6
:102A60005D69C4F2545661F302055D615969C1F3B1
:102A7000021121EA02014CEA010C59696CF30611BA
:102A80005961D3F814110A43D3F8141162F3030106
:102A9000C3F814111F602660BDE8F08101283FD003
:102AA000032818BF1368BDD1C878002852D143F05D
:102AB0000803B7E78B78032B3FF478AF00F1D8F920
:102AC0000320E9E74FF00108404683F8008000F159
:102AD00099FA14EE161F04EE167F0023C8F228039D
:102AE000D3F8102322F00802C3F81023D3F81033D0
:102AF000336833683368336833683368336804EEA7
:102B0000161F0520C0F2040000F1D6FA0620C0F21C
:102B1000040000F1D1FA404600F1FCF9616858E781
:102B2000C878A0B143F005034879012808BF43F0F5
:102B3000100377E700F19CF90120BDE8F08100F176
:102B400097F90420A8E700F193F90E20A4E743F0D9
:102B50000403E9E701280CBF43F0090343F00A032B
:102B600060E700BF38B500284ED044F65303046830
:102B7000C4F254539C4243D14368022993F802C0E3
:102B80002AD0A5251C78836801201D604FF6FE75AC
:102B90008442186008BF03F582741D60186007D076
:102BA000032C08BF03F5867402D0E4B103F58474E6
:102BB000002918BFBCF1000F206820F4817020F0BC
:102BC000010013D1012A4FF0000208BF40F48070C9
:102BD000206010461A6038BDBCF1030FD1D000F15F
:102BE00047F9032038BD03F58074E1E7012908BFE8
:102BF00040F00100E6D0022908BF40F00200E1E702
:102C000000F136F9072038BD00F132F9012038BD56
:102C10000620704738B5E0B144F659030268C5F2A2
:102C200050239A42044610D1054655F8043F5B698B
:102C3000DB689A68186853689847C0EF1000002353
:102C400045F98F071846236038BD00F111F90720B8
:102C500038BD00F10DF9012038BD00BF10B50028C6
:102C600000F0B0801F290CD8B2F5803F09D244682B
:102C700063695B78042B30D8DFE803F00731510734
:102C8000070000F1F5F8032010BD637880685B054C
:102C900003F07873D0F8044243EA014392B243F45C
:102CA000806343F0050362F30F04C0F80442C0F8E8
:102CB0000032D0F80032D9070FD54FF44A42C3F69C
:102CC0009A32D0F80032013A03F0010383F0010395
:102CD00008BF43F00103002BF3D0002010BD637840
:102CE00080685B0103F478730B43C0F80437C0F8C5
:102CF0000827D0F80037DA07EFD54FF44A42C3F679
:102D00009A32D0F80037013A6FEA030303F0010367
:102D100008BF43F00103002BF3D00020DEE78068FA
:102D2000B0F810351B0444BF4FF44A43C3F69A333E
:102D300002D406E0013BD0D0B0F810C51CF4004F1F
:102D4000F8D190F8173543F0010380F8173590F863
:102D50001635DB0744BF4FF44A43C3F69A3302D417
:102D600006E0013BB9D090F816C51CF0010FF8D170
:102D700040F201236478C9B292B280F8124580F81B
:102D80001315A0F81425A0F81035B0F81035190463
:102D900044BF4FF44A43C3F69A3302D405E0013BE3
:102DA0009BD0B0F810251204F9D4B0F810355B04AC
:102DB00058BFB0F8103590F8173523F0010380F8AC
:102DC00017358AE700F154F8012010BD10B500282E
:102DD00000F0B180002A00F0B2801F2900F2A78025
:102DE000446863695B78042B04D8DFE803F0082AA1
:102DF0004B0808004FF6FF731360002010BD637886
:102E000080685B0503F0787343EA014343F4816310
:102E100043F00503C0F80032D0F80032DC0744BFAD
:102E20004FF44A43C3F69A3302D405E0013BE1D0A4
:102E3000D0F80012C907F9D4D0F804329BB213605D
:102E4000DBE7637880685B0103F478730B4343F43A
:102E50000043C0F80437D0F80017CC0744BF4FF444
:102E60004A43C3F69A3302D405E0013BC2D0D0F8FE
:102E70000017CC07F9D48B07BCD4D0F808379BB225
:102E80001360BAE78068B0F810351B0444BF4FF4F4
:102E90004A43C3F69A3302D406E0013BAAD0B0F805
:102EA00010C51CF4004FF8D190F8173543F001031A
:102EB00080F8173590F81635DB0744BF4FF44A43C6
:102EC000C3F69A3302D406E0013B93D090F816C5BE
:102ED0001CF0010FF8D140F201136478C9B280F8F8
:102EE000124580F81315A0F81035B0F810351C0401
:102EF00044BF4FF44A43C3F69A3303D406E0013B80
:102F00003FF478AFB0F810150904F8D4B0F81035D4
:102F10005B0458BFB0F81035B0F8141590F81735A9
:102F200089B223F00103116080F8173565E7FFF0DF
:102F30009FFF032010BDFFF09BFF012010BDFFF09D
:102F400097FF022010BD00BF10B582B018B344F641
:102F500059030268C5F250239A42044616D1012152
:102F600001AAFFF733FF012101AA2046FFF72EFF38
:102F70004FF6FF72019B41F2883099B2914203D023
:102F800013F0040F18BF002002B010BDFFF070FF57
:102F9000072002B010BDFFF06BFF0120F4E700BF77
:102FA00010B582B020B344F659030268C5F250232D
:102FB0009A42044617D143685B691B79012B0DD1F6
:102FC0004FF490520021FFF749FE042120460DEBFB
:102FD0000102FFF7FBFE002002B010BDFFF048FF2A
:102FE000052002B010BDFFF043FF072002B010BD66
:102FF000FFF03EFF0120EFE72DE9F04383B000280A
:1030000000F082800D46002900F082804F69002F79
:103010007ED044F659030268C5F250239A42044612
:1030200000F0F5800B78032B76D87B78042B0DD835
:10303000BA78042A0AD8FA78012A07D8013B032B68
:1030400000F27381DFE803F0585C0B54FFF010FFCF
:103050000326FFF00DFF304603B0BDE8F0834FF0CC
:1030600012430022D7F80C80C4E90153D8E90001CB
:10307000D8F808301B68E260984706460028EAD175
:10308000D8F80830D8F800009E68BB78042B9EBFA3
:1030900044F6AC62C0F20002D15CFA7888BFFF212E
:1030A00012B1012A18BFFF22B04706460028D2D12C
:1030B0003B78002B3BD061680B7B012B00F00B8130
:1030C00038794A69012893782AD0023BDBB2022B77
:1030D0000CD844F6A061D078C0F2000151F823204A
:1030E000002800F08880012800F083800326B2E7E2
:1030F0000023C9F20123B4E70023C8F21203B0E7AA
:103100000023C8F21303ACE7FFF0B2FE0126A0E7EC
:10311000FFF0AEFE02269CE7FFF0AAFE042698E729
:10312000042BE3D8DFE803F077A69F978E0046F6DE
:103130002401C0F200010B46D5F8148001F1080CFF
:10314000B8F8060033F8022B824200F09F806345F6
:10315000F8D12B7821F813000220FFF053FFB8F8C4
:103160000630B3F5506F4FEA132180F0D380002270
:1031700001209446C8F22C12551895F8005CDBB279
:10318000984045FA03F313F0010FC8F22B0C18BF57
:103190006246535C23EA000353540121D8F8080027
:1031A000FFF076FEB8F806300022B3F5506F4FEA14
:1031B0001321DBB280F0A58001209446C8F22C12C6
:1031C000551895F8005C984045FA03F313F0010F89
:1031D000C8F22B0C18BF6246535C0343DBB2535456
:1031E000D8F808000121FFF053FE0220FFF092FE04
:1031F00061E742F4807200212046FFF72FFD002393
:10320000E36044F65903C5F25023236023E7FFF03F
:103210002FFE0E261DE7D3780025012B40F2E11288
:1032200018BFA1224B7B2046012B08BF42F440620D
:10323000E2600421FFF712FD2A4609212046FFF72C
:103240000DFDDEE7D3780122934214BF4FF4807561
:103250004FF44075E6E7D3780025012B40F2811248
:1032600018BF8122DEE7D3780025012B14BF21226D
:103270006122D7E740F2E113D278012A15BF4FF45B
:1032800080754FF44075A1221A46CBE72B7821F8C0
:10329000130098F80430012B7FF40DAF4FF4004277
:1032A00000212046FFF7DAFC4FF000084FF6FF79C7
:1032B00001AA00212046FFF789FD019B9AB24A45E9
:1032C00002D01B047FF5F7AE6B68434508F1010897
:1032D000EED21426BFE600221D2120460192FFF700
:1032E000BDFC1E2101AA2046FFF770FD019A1E2198
:1032F00022F00102204642F00202FFF7AFFC6168B3
:10330000DEE60120C8F22C029840535C0343DBB296
:10331000535465E700220120DBB2C8F22C0298402A
:10332000535C23EA0003535437E70023C8F2100329
:1033300097E600BF2DE9F04F85B0002800F0A2808D
:1033400044F6590C1F460368C5F2502C63450446E9
:1033500040F087800D46002900F089801646002A3B
:1033600000F08580002F00F082804368D3F814902D
:1033700099F80480B8F1010F16D003AA0021FFF7D5
:1033800025FD039B5A0666D403F480729B0474D512
:10339000002A14BF04220322002318462A60336047
:1033A0003B6005B0BDE8F08F00236A464146CDE999
:1033B00001330393FFF70AFD6A4641462046FFF7B3
:1033C00005FDDDF800A01AF0040F78D01AF0200FE8
:1033D00000F09580D4F80CB001AA05212046FFF733
:1033E000F5FCCBF380235B001BF4006F18BF43F0A8
:1033F00001033360019BC3F3802252001E0548BFC6
:1034000042F0010298063A6004D51BF0200F1CBF61
:1034100001222A60590604D51BF0400F1CBF02226E
:103420002A601A0604D51BF0800F1CBF03222A60F5
:10343000DF0504D51BF4807F1CBF04232B601AF426
:10344000807F41D12B68013B042B56D8DFE803F085
:10345000291E33312D0013F4807F14BF062205226C
:103460009AE7FFF005FD072005B0BDE8F08FFFF0FB
:10347000FFFC022005B0BDE8F08F002A14BF022235
:10348000012289E7FFF0F4FC01208AE7002142468F
:10349000D9F80C309C681868A36805B0BDE8F04FF7
:1034A00018474FF000084146F1E74FF000080221AD
:1034B000EDE70121EBE701214FF00008E7E7FFF01E
:1034C000D7FC41F288306CE7092102AA2046FFF7B9
:1034D0007DFC0A21204603AAFFF778FC039B5E05CA
:1034E00004D5029AD40544BF05222A601805A9D53F
:1034F000029B9905A6D506232B600221C7E7FFF0A2
:10350000B7FC41F289304CE7704700BF53B94AB964
:10351000002908BF00281CBF4FF0FF314FF0FF30DB
:1035200000F090B8ADF1080C6DE904CE00F006F89B
:10353000DDF804E0DDE9022304B070472DE9F04333
:1035400090420D4675EB0301044638BF0020079FEB
:1035500038BF014664D3B3FA83F6002B69D0B5FABD
:1035600085F1002D61D0761AA6F1200CC6F1200E4F
:10357000B34002FA0CF102FA06F80B4322FA0EF2FB
:10358000444543EA020375EB03023CBF00200146B9
:103590000AD30120B4EB080465EB030500FA0CF133
:1035A00020FA0EF21143B040D6B34FEA5802B046AB
:1035B00042EAC3725B080AE0A41A65EB030524190A
:1035C0006D41013445F10005B8F1010808D094427D
:1035D00075EB0309F0D224196D41B8F10108F6D159
:1035E000001905FA0EFE24FA06F441EB050125FA4E
:1035F0000CFC44EA0E0444EA0C04F540A6F1200C4D
:10360000C6F1200305FA06F204FA0CFC24FA03F3CF
:1036100042EA0C021A4304FA06F3C01A61EB0201F3
:103620000FB1C7E90045BDE8F083B4FA84F1203159
:1036300099E7B2FA82F6B5FA85F12036002D92D1DB
:10364000F3E700BF704700BF10B5884201EB0204EA
:1036500002D92346844207D8431EA14208D011F85C
:10366000012B03F8012FF8E7024401468A4200D1FA
:1036700010BD13F8014D02F8014DF7E7024403466F
:10368000934200D1704703F8011BF9E70A44431E37
:10369000914200D1704710B511F8014B03F8014F6A
:1036A0009142F9D110BD00001000000000000000A0
:1036B000017A5200027C0E011B0C0D00100000006C
:1036C00018000000000000001000000000000000D2
:0836D0006CFEFF7F0100000009
:1036D8000011111111110000640AA8C000FFFFFFBA
:1036E80000222222222200006414A8C000FFFFFF4B
:1036F8000033333333330000641EA8C000FFFFFFDC
:1037080000000000000000000000000000000000B1
:10371800FFFFFFFFFFFF0000C05E1810C058181021
:10372800C0521810C04C1810C0461810C0401810CD
:10373800C03A1810C0341810C02E1810C02818101D
:10374800C0221810C01C1810C0161810C01018106D
:10375800C00A1810C0041810001122334455000084
:10376800103E0000603E0000B03E00000000000077
:103778005465726D696E616C00000000284E554CEE
:103788004C290000342E302E300000000D0A2A2A61
:103798002A2A2A2A2A2A2A2A2A2A2A2A2A2A2A2A81
:1037A8002A2A2A2A2A2A2A2A2A2A2A2A2A2A2A2A71
:1037B8002A2A2A2A2A2A2A2A2A2A2A2A2A2A2A2A61
:1037C8002A2A2A2A2A2A2A2A2A2A2A2A2A2A2A2A51
:1037D8000D0A2A20202052656E65736173204653B6
:1037E80050204578616D706C652050726F6A656312
:1037F8007420666F7220725F65746865726E657496
:10380800204D6F64756C652020202020202020200A
:103818002020202A0D0A2A2020204578616D706C0E
:10382800652050726F6A6563742056657273696F9C
:103838006E202573202020202020202020202020DA
:103848002020202020202020202020202020202070
:10385800202020202A0D0A2A202020466C65782066
:10386800536F667477617265205061636B2056658B
:103878007273696F6E2025642E25642E25642020BE
:103888002020202020202020202020202020202030
:1038980020202020202020202020202A0D0A2A2A2B
:1038A8002A2A2A2A2A2A2A2A2A2A2A2A2A2A2A2A70
:1038B8002A2A2A2A2A2A2A2A2A2A2A2A2A2A2A2A60
:1038C8002A2A2A2A2A2A2A2A2A2A2A2A2A2A2A2A50
:1038D8002A2A2A2A2A2A2A2A2A2A2A2A2A2A2A2A40
:1038E8000D0A526566657220746F20726561646D99
:1038F800652E7478742066696C6520666F72206D19
:103908006F72652064657461696C73206F6E204501
:1039180078616D706C652050726F6A6563742061A0
:103928006E640D0A46535020557365722773204DF7
:10393800616E75616C20666F72206D6F72652069AB
:103948006E666F726D6174696F6E2061626F7574F7
:1039580020725F65746865726E657420647269763A
:1039680065720D0A000000000A54686973207361CB
:103978006D706C6520736F66747761726520706511
:1039880072666F726D732045746865726E65742017
:10399800636F6D6D756E69636174696F6E207769A9
:1039A8007468203320706F727473200D0A45544870
:1039B800302C20455448312C20616E6420455448F1
:1039C8003220696E207468652064656661756C7460
:1039D8002073746174652E0D0A474D414330206988
:1039E8007320636F6E6E656374656420746F204521
:1039F8005448302C20455448312C20616E642045B1
:103A0800544832207669612045544853570D0A00BE
:103A1800525F474D41435F577269746528293D25B8
:103A28006420706F72743D25642074785F73697ABE
:103A3800653D25640A0000000D0A52657475726EB2
:103A48006564204572726F7220436F64653A203056
:103A580078257820200D0A000A000000537461724E
:103A6800742073616D706C652070726F6772616D20
:103A780020666F7220657468657220647269766565
:103A8800722C207472616E736D69742050696E6750
:103A9800207265706C617920666F7220726571752D
:103AA8006573742E0A0000004F776E2041646472BB
:103AB8006573733A200A00002020706F72743D25E8
:103AC80064206D61633D253032783A253032783A8A
:103AD800253032783A253032783A253032783A250E
:103AE8003032782069703D25642E25642E25642E99
:103AF8002564200A00000000474D41435F504859A3
:103B08004C494E4B5F454E41424C450A000000006F
:103B180045544853575F53504543494649435F54BA
:103B280041475F454E41424C453A20546167204920
:103B380044203D20253034780A000000506C65612F
:103B4800736520656E61626C65206D616E61676585
:103B58006D656E7420706F7274207370656369662A
:103B680069632074616720696E20725F6574687389
:103B78007720636F6E66696775726174696F6E200E
:103B880021200A00525F474D41435F4F70656E2800
:103B9800293D25640A000000525F474D41435F47B5
:103BA80065744C696E6B53746174757328293D256F
:103BB80064200A00506F7274202564206C696E6B53
:103BC8002069732075700A00506F72742025642074
:103BD8006C696E6B20697320646F776E0A00000051
:103BE800525F474D41435F526561642829202D206B
:103BF8004653505F4552525F45544845525F4552BF
:103C0800524F525F5048595F434F4D4D554E4943AF
:103C18004154494F4E0A00006172705F7265706CC2
:103C2800792020706F72743D25642074785F736901
:103C38007A653D25642049503D25643A25643A2536
:103C4800643A25640A00000070696E675F726570E7
:103C58006C7920706F72743D25642074785F736985
:103C68007A653D25642069703D25643A25643A25C6
:103C7800643A2564207365713D25640A00000000DC
:103C8800696E636F6D696E675F69636D703A205521
:103C98006E6B6E6F776E20747970650A0000000095
:103CA800636F6E6400000000433A2F506572736FB3
:103CB8006E616C2F5461736B2F455041502F7465A2
:103CC80073745F3431302F3431307263302F726542
:103CD800706F2F727A2D65702D61702D6465762F47
:103CE8006578616D706C655F70726F6A6563747317
:103CF8002F727A7432685F65766B2F6574686572A7
:103D08006E65742F65746865726E65745F727A7417
:103D180032685F65766B5F637235325F305F6570FE
:103D28002F653273747564696F2F727A2F6673709A
:103D38002F7372632F6273702F6D63752F616C6CB4
:103D48002F6273705F6D6F64756C655F73746F70ED
:103D58002E6800000000000000000000000054541D
:103D6800522052454747455300000000000000001C
:103D78003031323334353637383941424344454699
:103D8800000000000000000000000000000000002B
:103D9800000E00000000000E00000000000E0000F1
:103DA8000000000E0000000070670000BC3D00002D
:103DB800404E00000000000100000000000000006C
:103DC80000000000603700000808000020370000ED
:103DD80000060000800100000C0000000000000048
:103DE8000000000000000000F43D0000C06418104E
:103DF800406518100000000068370000003F000010
:103E08000000000000000000A46700001C3E000045
:103E1800B44E000000000000000002000000000096
:103E28000100000000000000343E00000000000116
:103E38000100000B983A0000483E00000000000016
:103E4800B4670000543E0000944E000000000001DA
:103E58000100000000000000C06700006C3E000088
:103E6800B44E000001010000000002000000000044
:103E78000100000000000000843E00000000000176
:103E88000100000B983A0000983E00000000000076
:103E9800D0670000A43E0000944E0000010000011D
:103EA8000100000000000000DC670000BC3E0000CC
:103EB800B44E0000020200000000020000000000F2
:103EC8000100000000000000D43E000000000101D5
:103ED8000100000B983A0000E83E000000000000D6
:103EE800EC670000F43E0000944E0000020003025C
:103EF8000100000000000000F86700000C3F00000F
:103F08008C4E0000000081010C000000411E0000E2
:103F180070670000203F0000010001E00000000081
:103F280042000000343F0000883D0000040000000B
:103F3800070600001888000001080000184000006B
:103F4800020800001840000003080000188800005C
:103F58000408000004000000000B00000400010039
:103F6800001200000400010001120000F88C01009A
:103F780000140000F884010001140000F884010016
:103F880002140000F884010003140000F884010002
:103F980004140000F884010005140000F800010072
:103FA80006140000F800010007140000F8000100E2
:103FB80000150000F800010001150000F8000100DC
:103FC80002150000F80401000315000008050100AF
:103FD80004150000080501000515000028840100EB
:103FE80007150000F884010001160000F800010020
:103FF80002160000F800010003160000F800010096
:104008000416000004000100071600000400010067
:10401800001700000400010001170000040001005F
:1040280005170000F88C010005180000F88401004D
:1040380006180000F884010007180000F884010041
:1040480000190000F884010001190000F88401003B
:1040580002190000F800010003190000F80001002F
:1040680004190000F800010005190000F80001001B
:1040780006190000F800010007190000F804010003
:10408800001A000028840100041A0000F8840100C6
:10409800061A0000F8000100071A0000F8000100E5
:1040A800001B0000F8000100011B0000F88C010053
:1040B800011D0000F88C0100021D0000F88C0100B1
:1040C800031D0000F88C0100041D0000F88C01009D
:1040D800051D0000F88C0100061D0000F800010015
:1040E800071D0000F8000100001E0000F800010094
:1040F800011E0000F8000100021E0000F800010087
:10410800031E0000F8000100041E000028840100BE
:10411800001F00000400010002200000020001004E
:104128000323000002000100042300000200010034
:104138000523000002000100062300000000000023
:104148000000000000000000000000000000000067
:104158000000000000000000000000000000000057
:104168000000000000000000000000000000000047
:104178000000000000000000000000000000000037
:104188000000000000000000000000000000000027
:104198000000000000000000000000000000000017
:1041A8000000000000000000000000000000000007
:1041B80000000000000000000000000000000000F7
:1041C80000000000000000000000000000000000E7
:1041D80000000000000000000000000000000000D7
:1041E80000000000000000000000000000000000C7
:1041F80000000000000000000000000000000000B7
:1042080000000000000000000000000000000000A6
:104218000000000000000000000000000000000096
:104228000000000000000000000000000000000086
:104238000000000000000000000000000000000076
:104248000000000000000000000000000000000066
:104258000000000000000000000000000000000056
:104268000000000000000000000000000000000046
:104278000000000000000000000000000000000036
:104288000000000000000000000000000000000026
:104298000000000000000000000000000000000016
:1042A8000000000000000000000000000000000006
:1042B80000000000000000000000000000000000F6
:1042C80000000000000000000000000000000000E6
:1042D80000000000000000000000000000000000D6
:1042E80000000000000000000000000000000000C6
:1042F80000000000000000000000000000000000B6
:1043080000000000000000000000000000000000A5
:104318000000000000000000000000000000000095
:104328000000000000000000000000000000000085
:104338000000000000000000000000000000000075
:104348000000000000000000000000000000000065
:104358000000000000000000000000000000000055
:104368000000000000000000000000000000000045
:104378000000000000000000000000000000000035
:104388000000000000000000000000000000000025
:104398000000000000000000000000000000000015
:1043A8000000000000000000000000000000000005
:1043B80000000000000000000000000000000000F5
:1043C80000000000000000000000000000000000E5
:1043D80000000000000000000000000000000000D5
:1043E80000000000000000000000000000000000C5
:1043F80000000000000000000000000000000000B5
:1044080000000000000000000000000000000000A4
:104418000000000000000000000000000000000094
:104428000000000000000000000000000000000084
:104438000000000000000000000000000000000074
:10444800F2012B0200000000000000000000000044
:104458000000000000000000000000000000000054
:104468000000000000000000000000000000000044
:104478000000000000000000000000000000000034
:104488000000000000000000000000000000000024
:104498000000000000000000000000000000000014
:1044A8000000000000000000000000000000000004
:1044B80000000000000000000000000000000000F4
:1044C80000000000000000000000000000000000E4
:1044D80000000000000000000000000000000000D4
:1044E80000000000000000000000000000000000C4
:1044F80000000000000000000000000000000000B4
:1045080000000000000000000000000000000000A3
:104518000000000000000000000000000000000093
:104528000000000000000000000000000000000083
:104538000000000000000000000000000000000073
:104548000000000000000000000000000000000063
:104558000000000000000000000000000000000053
:104568000000000000000000000000000000000043
:104578000000000000000000000000000000000033
:104588000000000000000000000000000000000023
:104598000000000000000000000000000000000013
:1045A8000000000000000000000000000000000003
:1045B80000000000000000000000000000000000F3
:1045C80000000000000000000000000000000000E3
:1045D80000000000000000000000000000000000D3
:1045E80000000000000000000000000000000000C3
:1045F80000000000000000000000000000000000B3
:1046080000000000000000000000000000000000A2
:104618000000000000000000000000000000000092
:104628000000000000000000000000000000000082
:104638000000000000000000000000000000000072
:104648000000000000000000000000000000000062
:104658000000000000000000000000000000000052
:104668000000000000000000000000000000000042
:104678000000000000000000000000000000000032
:104688000000000000000000000000000000000022
:104698000000000000000000000000000000000012
:1046A8000000000000000000000000000000000002
:1046B80000000000000000000000000000000000F2
:1046C80000000000000000000000000000000000E2
:1046D80000000000000000000000000000000000D2
:1046E80000000000000000000000000000000000C2
:1046F80000000000000000000000000000000000B2
:1047080000000000000000000000000000000000A1
:104718000000000000000000000000000000000091
:104728000000000000000000000000000000000081
:104738000000000000000000000000000000000071
:104748000000000000000000000000000000000061
:104758000000000000000000000000000000000051
:104768000000000000000000000000000000000041
:104778000000000000000000000000000000000031
:104788000000000000000000000000000000000021
:104798000000000000000000000000000000000011
:1047A8000000000000000000000000000000000001
:1047B80000000000000000000000000000000000F1
:1047C80000000000000000000000000000000000E1
:1047D80000000000000000000000000000000000D1
:1047E80000000000000000000000000000000000C1
:1047F80000000000000000000000000000000000B1
:1048080000000000000000000000000000000000A0
:104818000000000000000000000000000000000090
:104828000000000000000000000000000000000080
:104838000000000000000000000000000000000070
:104848000000000000000000000000000000000060
:104858000000000000000000000000000000000050
:104868000000000000000000000000000000000040
:104878000000000000000000000000000000000030
:104888000000000000000000000000000000000020
:104898000000000000000000000000000000000010
:1048A8000000000000000000000000000000000000
:1048B80000000000000000000000000000000000F0
:1048C80000000000000000000000000000000000E0
:1048D80000000000000000000000000000000000D0
:1048E80000000000000000000000000000000000C0
:1048F80000000000000000000000000000000000B0
:10490800000000000000000000000000000000009F
:10491800000000000000000000000000000000008F
:10492800000000000000000000000000000000007F
:10493800000000000000000000000000000000006F
:10494800000000000000000000000000000000005F
:10495800000000000000000000000000000000004F
:10496800000000000000000000000000000000003F
:10497800000000000000000000000000000000002F
:10498800000000000000000000000000000000001F
:10499800000000000000000000000000000000000F
:1049A80000000000000000000000000000000000FF
:1049B80000000000000000000000000000000000EF
:1049C80000000000000000000000000000000000DF
:1049D80000000000000000000000000000000000CF
:1049E80000000000000000000000000000000000BF
:1049F80000000000000000000000000000000000AF
:104A0800000000000000000000000000000000009E
:104A1800000000000000000000000000000000008E
:104A2800000000000000000000000000000000007E
:104A3800000000000000000000000000000000006E
:104A4800000000000000000000000000000000005E
:104A5800000000000000000000000000000000004E
:104A6800000000000000000000000000000000003E
:104A7800000000000000000000000000000000002E
:104A8800000000000000000000000000000000001E
:104A9800000000000000000000000000000000000E
:104AA80000000000000000000000000000000000FE
:104AB80000000000000000000000000000000000EE
:104AC80000000000000000000000000000000000DE
:104AD80000000000000000000000000000000000CE
:104AE80000000000000000000000000000000000BE
:104AF80000000000000000000000000000000000AE
:104B0800000000000000000000000000000000009D
:104B1800000000000000000000000000000000008D
:104B2800000000000000000000000000000000007D
:104B3800000000000000000000000000000000006D
:104B4800000000000000000000000000000000005D
:104B5800000000000000000000000000000000004D
:104B6800000000000000000000000000000000003D
:104B7800000000000000000000000000000000002D
:104B88004D1E00008125000000000000000000000C
:104B9800000000000000000000000000000000000D
:104BA80000000000000000000000000000000000FD
:104BB80000000000000000000000000000000000ED
:104BC80000000000000000000000000000000000DD
:104BD80000000000000000000000000000000000CD
:104BE80000000000000000000000000000000000BD
:104BF80000000000000000000000000000000000AD
:104C0800000000000000000000000000000000009C
:104C1800000000000000000000000000000000008C
:104C2800000000000000000000000000000000007C
:104C3800000000000000000000000000000000006C
:104C4800000000000000000000000000000000005C
:104C5800000000000000000000000000000000004C
:104C6800000000000000000000000000000000003C
:104C7800000000000000000000000000000000002C
:104C8800000000000000000000000000000000001C
:104C9800000000000000000000000000000000000C
:104CA80000000000000000000000000000000000FC
:104CB80000000000000000000000000000000000EC
:104CC80000000000000000000000000000000000DC
:104CD80000000000000000000000000000000000CC
:104CE80000000000000000000000000000000000BC
:104CF80000000000000000000000000000000000AC
:104D0800000000000000000000000000000000009B
:104D1800000000000000000000000000000000008B
:104D2800000000000000000000000000000000007B
:104D3800000000000000000000000000000000006B
:104D4800000000000000000000000000000000005B
:104D5800000000000000000000000000000000004B
:104D6800000000000000000000000000000000003B
:104D7800000000000000000000000000000000002B
:104D8800000000000000000000000000000000001B
:104D9800000000000000000000000000000000000B
:104DA80000000000000000000000000000000000FB
:104DB80000000000000000000000000000000000EB
:104DC80000000000000000000000000000000000DB
:104DD80000000000000000000000000000000000CB
:104DE80000000000000000000000000000000000BB
:104DF80000000000000000000000000000000000AB
:104E08006273705F6173736572745F6368616E6EFD
:104E1800656C0000010204080C0000000E0400008C
:104E28000F0600000F0701000E0800000A0A010122
:104E38000F0C00000F0D00014D170000E50F0000DA
:104E480059110000BD1000002D120000ED0E0000E9
:104E5800851A000015160000B5120000490E000062
:104E68000000108000000092000001920000040081
:104E780010000400120004000100040011000400E6
:104E880013000400FD1E000009220000892900000B
:104E980059290000652B00000000000000200000D8
:104EA800400000000102000102000000F92F00008C
:104EB800152C0000112C0000CD2D00005D2C0000E9
:104EC800A12F000035330000492F0000000000002A
:104ED800AAAAAAAAAAAAAAAAAAAAAAAAAAAAAAAA2A
:104EE800AAAAAAAA00000000A8AAAAAAAAAAAAAAC4
:104EF800AAAAAAAAAAAAAAAAAAAAAAAAAAAAAAAA0A
:104F0800AAAAAAAAAAAAAAAAAAAAAAAAAAAAAAAAF9
:104F1800AAAAAAAAAAAAAAAAAAAAAAAAAAAAAAAAE9
:104F2800AAAAAAAAAAAAAAAAAAAAAAAAAAAA02002B
:104F38000000000000A0AAAA2AAAAAAAAAAAAAAAA5
:104F4800AAAAAA2A00000080AAAAAAAA0AA8AAAA03
:104F5800AA02AAAAAAAA80AAAAAA2A00000080AA23
:104F6800AAA2828A82828282828282820200A0A08F
:104F7800820A2A08A0AAAAAAAAAAAAAAAAAAAA82A5
:104F88000A2A0800000000000000000000000000DD
:104F98000000000000000000000000000000000009
:104FA8000000AAAAAAAAAAAAAAAAAAAAAAAAAAAAAD
:104FB800AAAAAAAAAAAAAAAAAAAAAAAAAAAAAAAA49
:104FC800AAAA2A000000000000000000000C00004F
:104FD80000000000000C000000000000000C0000B1
:104FE80000000000000C000000000000000C0000A1
:104FF80000000000000C000000000000000C000091
:1050080000000000000C000000000000000C000080
:1050180000000000000C000000000000000C000070
:1050280000000000000C000000000000000C000060
:1050380000000000000C000000000000000C000050
:1050480000000000000C000000000000000000004C
:105058000000000000000000000000000000000048
:105068000000000000000000000000000000000038
:105078000000000000000000000000000000000028
:105088000000000000000000000000000000000018
:105098000000000000000000000000000000000008
:1050A80000000000000000000000000000000000F8
:1050B80000000000000000000000000000000000E8
:1050C800000000000000000000000000000C0000CC
:1050D80000000000000C000000000000000C0000B0
:1050E80000000000000C000000000000000C0000A0
:1050F80000000000000C000000000000000C000090
:1051080000000000000C000000000000000C00007F
:1051180000000000000C000000000000000C00006F
:1051280000000000000C000000000000000C00005F
:1051380000000000000C000000000000000C00004F
:1051480000000000000C000000000000000C00003F
:1051580000000000000C000000000000000C00002F
:1051680000000000000C000000000000000C00001F
:1051780000000000000C000000000000000C00000F
:1051880000000000000C000000000000000C0000FF
:1051980000000000000C000000000000000C0000EF
:1051A80000000000000C000000000000000C0000DF
:1051B80000000000000C000000000000000C0000CF
:1051C80000000000000C000000000000000C0000BF
:1051D80000000000000C000000000000000C0000AF
:1051E80000000000000C000000000000000C00009F
:1051F80000000000000C000000000000000C00008F
:1052080000000000000C000000000000000C00007E
:1052180000000000000C000000000000000C00006E
:1052280000000000000C000000000000000C00005E
:1052380000000000000C000000000000000C00004E
:1052480000000000000C000000000000000C00003E
:1052580000000000000C000000000000000C00002E
:1052680000000000000C000000000000000C00001E
:1052780000000000000C000000000000000C00000E
:1052880000000000000C000000000000000C0000FE
:1052980000000000000C000000000000000C0000EE
:1052A80000000000000C000000000000000C0000DE
:1052B80000000000000C000000000000000C0000CE
:1052C80000000000000C000000000000000C0000BE
:1052D80000000000000C000000000000000C0000AE
:1052E80000000000000C000000000000000C00009E
:1052F80000000000000C000000000000000C00008E
:1053080000000000000C000000000000000C00007D
:1053180000000000000C000000000000000C00006D
:1053280000000000000C000000000000000C00005D
:1053380000000000000C000000000000000C00004D
:1053480000000000000C000000000000000C00003D
:1053580000000000000C000000000000000C00002D
:1053680000000000000C000000000000000C00001D
:1053780000000000000C000000000000000C00000D
:1053880000000000000C000000000000000C0000FD
:1053980000000000000C000000000000000C0000ED
:1053A80000000000000C000000000000000C0000DD
:1053B80000000000000C000000000000000C0000CD
:1053C80000000000000C000000000000000C0000BD
:1053D80000000000000C000000000000000C0000AD
:1053E80000000000000C000000000000000C00009D
:1053F80000000000000C000000000000000C00008D
:1054080000000000000C000000000000000C00007C
:1054180000000000000C000000000000000C00006C
:1054280000000000000C000000000000000C00005C
:1054380000000000000C000000000000000C00004C
:1054480000000000000C000000000000000C00003C
:1054580000000000000C000000000000000C00002C
:1054680000000000000C000000000000000C00001C
:1054780000000000000C000000000000000C00000C
:1054880000000000000C000000000000000C0000FC
:1054980000000000000C000000000000000C0000EC
:1054A80000000000000C000000000000000C0000DC
:1054B80000000000000C000000000000000C0000CC
:1054C80000000000000C000000000000000C0000BC
:1054D80000000000000C000000000000000C0000AC
:1054E80000000000000C000000000000000C00009C
:1054F80000000000000C000000000000000C00008C
:1055080000000000000C000000000000000C00007B
:1055180000000000000C000000000000000C00006B
:1055280000000000000C000000000000000C00005B
:1055380000000000000C000000000000000C00004B
:1055480000000000000C000000000000000C00003B
:1055580000000000000C000000000000000C00002B
:1055680000000000000C000000000000000C00001B
:1055780000000000000C000000000000000C00000B
:1055880000000000000C000000000000000C0000FB
:1055980000000000000C000000000000000C0000EB
:1055A80000000000000C000000000000000C0000DB
:1055B80000000000000C000000000000000C0000CB
:1055C80000000000000C00000000000000000000C7
:1055D80000000000000000000000000000000000C3
:1055E80000000000000000000000000000000000B3
:1055F80000000000000000000000000000000000A3
:105608000000000000000000000000000000000092
:105618000000000000000000000000000000000082
:105628000000000000000000000000000000000072
:105638000000000000000000000000000000000062
:105648000000000000000000000000000000000052
:105658000000000000000000000000000000000042
:105668000000000000000000000000000000000032
:105678000000000000000000000000000000000022
:105688000000000000000000000000000000000012
:105698000000000000000000000000000000000002
:1056A80000000000000000000000000000000000F2
:1056B80000000000000000000000000000000000E2
:1056C800000000000000000000000000000C0000C6
:1056D80000000000000C000000000000000C0000AA
:1056E80000000000000C000000000000000C00009A
:1056F80000000000000C000000000000000C00008A
:1057080000000000000C000000000000000C000079
:1057180000000000000C000000000000000C000069
:1057280000000000000C000000000000000C000059
:1057380000000000000C000000000000000C000049
:1057480000000000000C000000000000000C000039
:1057580000000000000C000000000000000C000029
:1057680000000000000C000000000000000C000019
:1057780000000000000C000000000000000C000009
:1057880000000000000C000000000000000C0000F9
:1057980000000000000C000000000000000C0000E9
:1057A80000000000000C000000000000000C0000D9
:1057B80000000000000C000000000000000C0000C9
:0857C80000000000000C0000CD
:020000040010EA
:10200000553602E3103040E333FF2FE1B03104E3F3
:10201000103040E30300A0E10010A0E30010C0E591
:10202000803603E3103040E30300A0E10110A0E399
:102030000010C0E5FFFFFFEA83070BE3000040E369
:10204000300F81EE111F91EE021281E3111F81EE1C
:1020500034009FE5100F0CEE101F1FEE021081E3FD
:10206000011081E34FF07FF5101F0FEE6FF07FF549
:1020700000000FE11F00C0E3130080E300F36EE1F6
:1020800008109FE501F32EE16E0060E10000000002
:10209000AC201000704700BF704700BF704700BF02
:1020A000704700BF704700BF704700BFB83108E3FA
:1020B000B82107E3B8110AE3B80109E3B8C105E3A1
:1020C000B8E106E3103040E3102040E3101040E395
:1020D000100040E310C040E310E040E3110002F1C3
:1020E00003D0A0E1120002F102D0A0E1170002F13A
:1020F00001D0A0E11B0002F100D0A0E11F0002F11D
:102100000CD0A0E1130002F10ED0A0E1FFFFFFEA26
:1021100010402DE9250000FA2D0000FA0030A0E360
:10212000243148E3002093E5012C82E3002083E57D
:10213000F10300FA4F0500EA1080BDE804E04EE22A
:102140001F056DF91F0002F10F102DE9100AF1EEC5
:1021500001002DE904D04DE2200B2DED200B6DED9B
:102160001C0F1CEE04002DE50D10A0E1041001E28F
:1021700001D04DE002402DE92C109FE531FF2FE109
:102180000240BDE801D08DE004009DE43C0F0CEE60
:10219000200BFDEC200BBDEC04D08DE204009DE48F
:1021A000100AE1EE0F10BDE8000ABDF8A5281000E6
:1021B00011EE503F43F4700301EE503FBFF36F8FB9
:1021C000F8EE103A43F08043E8EE103ABFF36F8F19
:1021D000704700BF1BEE103FBFF34F8F43F0030368
:1021E0000BEE103FBFF36F8F704700BFF82304EE74
:1021F000163F01230CEEFC3F1CEE9C3F43F0010315
:102200000CEE9C3FBFF36F8F704700BF43F28065B9
:10221000C0F2100508B52B7844F2B01443BBC0F2ED
:102220001004002001F018FA237833B3012001F0E4
:1022300013FA00F011FA00F035FA237843B300F0F6
:1022400041FC00F061FB00F077FA022001F004FA93
:102250002378C3B1FFF7CAFF00F05AFE23787BB1A1
:10226000002001F751F900232B70FEF6E7FDFEE791
:102270000023C0F210042370D3E700F035FCD5E74B
:1022800000F02AFAECE700F00BF800F0CBF9E1E7F8
:1022900000F076FB2378002BD1D100F059FFCEE778
:1022A0002DE9F04F0320A9B000F0ACFE45F25063D9
:1022B000C0F200031F9345F2D023C0F200031E9327
:1022C00045F25023C0F200031A9345F2D013C0F236
:1022D00000031C9345F25013C0F20003209345F213
:1022E000D003C0F20003199345F25003C0F200037B
:1022F0001B9344F6D073C0F200031D934FF4A05318
:10230000C8F2291303934FF4A853C8F22913139367
:102310004FF4B053C8F2291314934FF4B853C8F2D2
:10232000291315934FF4C053C8F2291316934FF491
:10233000C8534FF4D85CC8F229131793634645F28B
:10234000D052C8F2291318934FF4E053C0F20002A0
:1023500045F2505145F2D04045F2504445F2D03557
:1023600045F2503727921A4645F2507A45F2D06925
:102370004FF4D05B04260023C0F20001C0F200003D
:10238000C0F20004C0F20005C0F20007C8F2291232
:1023900023912590C0F2000A269422952497C0F23A
:1023A0000009C8F2291B21925AF83310039A59F8F0
:1023B00006E042F833101F9A5AF8061052F83320FC
:1023C0004FF4E85C0492894A4FF4806752F8332056
:1023D0004FF4A0650592279A4FF4C06452F8332059
:1023E0004FF4E0600692824AC8F2291C52F833206A
:1023F000C8F229170792239AC8F2291552F83320F8
:10240000C8F2291408927B4AC8F2291052F83320E6
:1024100008360992259A842E52F833200A92764A79
:1024200052F833200B92269A52F833200C92734ABA
:1024300052F833200D92229A52F833200E924FF424
:102440000062C8F2291201924FF41062C8F22912F8
:1024500002926B4A52F833200F92039A02EBC308A0
:10246000C8F80410139A59F8331002EBC30842F865
:102470003310149A0499C8F804E042F8331002EBC0
:10248000C30E059A0699CEF80420159A42F8331027
:1024900002EBC30E079A0899CEF80420169A42F868
:1024A000331002EBC30E099A0A99CEF80420179A4A
:1024B00042F8331002EBC30E0B9ACEF804200C9AAC
:1024C0000BEBC30E4BF833200D9A0E99CEF8042077
:1024D000189A42F8331002EBC30E0F9ACEF804207C
:1024E000249A52F833201146219A42F83310454974
:1024F00002EBC30E51F8331004911E9951F83310BA
:102500000591414951F8331006911A9951F8331049
:1025100007913E4951F8331008911C9951F8331036
:1025200009913B4951F833100A91209951F8331021
:102530000B91384951F833100C91199951F8331017
:102540000D91354951F833100E911B9951F8331004
:102550000F91324951F8331010911D9951F83310F1
:1025600011912F4951F8331012910499CEF80410AB
:1025700005994CF8331006990CEBC30CCCF80410F9
:10258000079947F83310089907EBC3077960099951
:1025900045F833100A9905EBC30569600B9944F8B7
:1025A00033100C9904EBC30461600D99109A40F844
:1025B00033100E9900EBC30041600F99019840F869
:1025C000331000EBC3014A601199029A42F83310AC
:1025D000129902EBC302516003F101037FF4E4AEF0
:1025E000032029B0BDE8F04F00F094BC5456000021
:1025F000D455000054550000D45400005454000039
:10260000D453000054530000D45200005452000030
:10261000D451000054510000D45000005450000028
:10262000D44F00000023C8F620431A6812F00102BC
:102630000ED147F640001968C0F27D1021F001016B
:10264000196018629A60DA601A6842F001021A6032
:10265000704700BF704700BF704700BF84B0019152
:10266000019BDBB1019B9B081AD0002100EB830387
:102670000246043083421160FAD1019A02F003024B
:102680000392039A42B1039A32B100221046985441
:10269000039901329142FAD8BFF34F8F04B07047CB
:1026A0000346EAE744F2B01143F2E070C0F21001D1
:1026B000C0F21000091A08B5FFF7D0FFBDE80840C6
:1026C00046F6300145F2D070C0F20001C0F20000C1
:1026D000091AFFF7C3BF00BF012038B500F092FC14
:1026E00014EE161F002504EE165F2B462C46C8F28A
:1026F0002803D3F80823C9F2010422F02002C3F80A
:102700000823D3F80833237A237A237A237A237A87
:10271000237A237A04EE161F012000F0FBFB2379B5
:1027200065F300032371237965F30513237163793E
:1027300065F30413637138BD45F2D07370B545F28B
:10274000D075C0F20003C0F200055B1B002B07DD53
:1027500000249E1055F8043B01349847A642F9DC4A
:1027600045F2D07345F2D075C0F20003C0F2000507
:102770005B1B002B4FEAA30606DD002455F8043B43
:1027800001349847A642F9DC70BD00BFA0F10100FA
:102790000028FBD1704700BF2DE9F04300273C46DD
:1027A0003E4D3B4640F2FF3CAE1CC0F2FF37C8F244
:1027B0002A040CE041EA070203F58371013310B1EA
:1027C0004CEA00400240502B44F821200AD035F852
:1027D000232036F8230022F0FC21002AEAD16FF0F2
:1027E000FC22E9E700254FF0144029462C460268F8
:1027F000C9F2104142F00202294B02604D6104F21D
:10280000023253F8041F0134182C40F82210F6D17C
:1028100044F6D8654FF0020E4FF014471F4EC0F239
:1028200000050023B44618460AE055F82920CA409E
:1028300002F003029A400233202B40EA02000FD03C
:102840003CF8022B0EFA03F802F00F014FEA1219BE
:102850004900002AE9D10233202B40EA0800EFD1D9
:1028600004F202330134222C47F8230006F120063B
:10287000D7D100224FF0FF319300013203F114430E
:102880000D2AC3F88412C3F88413F5D162B661B679
:1028900064B6BFF36F8FBDE8F08300BF484400000B
:1028A000D44E000040F2FF33C0F3090C9C4528D001
:1028B00010B543F6640443F66801C0F210042378AF
:1028C000ACF1200212B2C0F2100121F81320013342
:1028D00080B22370BFF35F8F10F4787F15BF44F28E
:1028E000885343F2E073C0F20003C0F2100314BF38
:1028F00053F8223053F82C3098472378013B23704B
:1029000010BD00F0B5BA00BF08B511EE103FBFF31F
:102910004F8F23F4003301EE103FBFF36F8F4BF660
:10292000FF33C4F288430AEE123F4FF48063C0F6CF
:1029300008430AEE323FBFF36F8F43F284600023F7
:10294000C0F2100000F1040C50F833105CF8332092
:1029500006EE323FBFF34F8F06EE131F06EE332F06
:10296000BFF36F8F0133182BEED100F04DF800F05C
:102970003FF800F025F8BDE8084000F02DB800BF92
:1029800008B5032000F03EFB4FF480714FF48852ED
:102990004FF00073C8F22912C8F229110B6003200E
:1029A0004B608B60CB600B614B6113605360936035
:1029B000D360136153619361BDE8084000F0AABA87
:1029C00011EE103FBFF34F8F43F4805301EE103FE1
:1029D000BFF36F8F704700BF11EE103FBFF34F8FF3
:1029E00043F0040301EE103FBFF36F8F704700BF49
:1029F00011EE103FBFF34F8F43F0010301EE103F84
:102A0000BFF36F8F704700BF2DE9F043BFF34F8FC7
:102A10004FF0000C07EE15CFBFF35F8F30EE305F45
:102A200015F0E06FC5F3026605D1BDE8F0830CF147
:102A3000010C66453DD00CEB4C0325FA03F313F073
:102A4000060F4FEA4C0EF2D040EE10EFBFF34F8F5F
:102A500030EE104F04F00709C4F3C907B7FA87F046
:102A600009F10409C4F34E344FB307FA00F848EAF9
:102A70000E0804FA09F148EA010307EE563FA7B130
:102A80003B4641EA0E01013B03FA00F20A4307EE1E
:102A9000562F002BF7D1002CC9D0013C04FA09F1C4
:102AA00048EA010307EE563FEAE7002CBFD0013C9D
:102AB000DFE7BFF34F8FBFF36F8FBDE8F0831F20B9
:102AC000D3E700BF00214FF4CA4343F66002C8F2C7
:102AD00028114968C1F6CD5301F00301C0F210027C
:102AE0008B401360704700BF30B5012089B000F003
:102AF0005DFA4FF480424AF201504FF4C043C8F2ED
:102B00002902D2F80012C8F229130143C2F80012B8
:102B10001A6802431A60BFF35F8F002301241A462C
:102B20004FF47021C8F22403C3F89C41C8F2281264
:102B300053685160536853685368536853685368C7
:102B400053685368002340F20661C8F22803C0F2BC
:102B500002011960196819681968196819681968F3
:102B6000196819684FF6FF71C0F2100199609968F1
:102B700099689968996899689968996899686FF0EF
:102B80007E41D960D968D968D968D968D968D968C7
:102B9000D968DB684FF4CA4143F6600049F6404308
:102BA0005568C1F6CD5105F0030C01FA0CF1C0F2E5
:102BB00010000160146700BF013B9BB2002BFAD1EB
:102BC00000224FF400433F25012140F2FF3E0A243A
:102BD000C8F22813C8F22812C2F880504FF0A50C92
:102BE0001981FE20A3F80CE001940EE083F810C0D8
:102BF0001970187019701A78012A00D01A7D019A7C
:102C0000013A01921A7DD50707D5019A002AEDD124
:102C100009B0BDE8304000F02BB9012140F2FF358A
:102C20000A244FF4004219854FF0A50C9D85FE2023
:102C3000C8F22812029414E082F830C082F8201002
:102C400082F8200082F8201092F82030012B01D069
:102C500092F83430029B013B029392F83430DC0747
:102C600007D5029B002BE7D109B0BDE8304000F04A
:102C7000FFB8012140F2FF3C0A254FF40043A2F8BF
:102C80004810A524A2F84CC0FE20C8F228130395D2
:102C900014E083F8504083F8401083F8400083F834
:102CA000401093F84020012A01D093F85420039A51
:102CB000013A039293F85420D20707D5039A002AC9
:102CC000E7D109B0BDE8304000F0D2B8012140F2B0
:102CD000FF3C0A254FF40042A3F86810A524A3F88E
:102CE0006CC0FE20C8F22812049514E082F87040EF
:102CF00082F8601082F8600082F8601092F860300C
:102D0000012B01D092F87430049B013B049392F89C
:102D10007430DD0703D5049B002BE7D178E7012150
:102D200040F2FF3C0A254FF40043A2F88810A52486
:102D3000A2F88CC0FE20C8F22813059514E083F891
:102D4000904083F8801083F8800083F8801093F817
:102D50008020012A01D093F89420059A013A059227
:102D600093F89420D20703D5059A002AE7D14FE7BC
:102D7000012140F2FF3C0A254FF40042A3F8A810BD
:102D8000A524A3F8ACC0FE20C8F22812069514E0D2
:102D900082F8B04082F8A01082F8A00082F8A0105B
:102DA00092F8A030012B01D092F8B430069B013B81
:102DB000069392F8B430DD0703D5069B002BE7D1CC
:102DC00026E7012140F2FF340A204FF40043A2F825
:102DD000C8104FF0A50CA2F8CC40FE25C8F228136D
:102DE000079014E083F8D0C083F8C01083F8C05077
:102DF00083F8C01093F8C020012A01D093F8D420A2
:102E0000079A013A079293F8D420D20703D5079A7C
:102E1000002AE7D1FCE60023C8F22403D3F89C2162
:102E200022B900BFD3F89C21002AFAD04FF4804188
:102E300045F6FE204FF4C042C8F22901D1F8003215
:102E4000C8F22912034043F42543C1F80032136845
:102E5000034043F425431360BFF35F8F0023012237
:102E6000C8F22403C3F89C2109B030BDFEE700BFBF
:102E7000704700BF08B530B1002203461046C0F2CB
:102E800001421A6008BDFFF7F3FF012008BD00BF33
:102E900038B543F6600441F2597C4FF47A7E4FF422
:102EA0004A4200FB01F1C0F210042068CDF2B71CC9
:102EB000ACFB000CA1FB0E40C3F69A324FEA5C3C1F
:102EC000B2FBFCF270B949F28060C0F298000023B6
:102ED000A1FB000100F71AFB800880B1BDE8384073
:102EE000FFF754BC920042F21073B1FBF2F103FB06
:102EF00001F1A1FB0E131BB908460028EED138BD25
:102F00004FF0FF352846BDE83840FFF73FBC00BF13
:102F1000FFF742BC00B514EE161F002304EE163F67
:102F2000C8F22403D3F89C2122B900BFD3F89C2116
:102F3000002AFAD044F2A813C0F2100333F810208C
:102F400092B22AB133F81020013A92B223F810203D
:102F500033F810309BB2EBB943F244734FF4804E18
:102F6000C0F2100333F810304FF4C04CDB43C8F20A
:102F7000290EDEF800229BB242F425421A40C8F224
:102F8000291CCEF80022DCF8002042F42542134030
:102F9000CCF80030BFF35F8F00230122C8F2240376
:102FA000C3F89C2104EE161F5DF804FB4FF480412A
:102FB0004FF4C04C00B54FF0000E4FF0FF33C8F295
:102FC0002901C8F2291CC8F2240ED1F800220242BD
:102FD00008D1DCF80020024204D1DEF89C210AB1BD
:102FE0005DF804FB013BF0D10023C8F22403D3F8C1
:102FF0009C21002AF4D100BFD3F89C21002AFAD0EA
:103000005DF804FB70B5044614EE166F002304EE61
:10301000163F44F2A815C0F2100535F810309BB2E7
:10302000002B3FD00023C8F22403D3F89C2172B3B5
:1030300035F814309BB2CBB94FF4804043F244735F
:103040004FF4C041C8F22900C0F21003D0F80022AA
:1030500033F81430C8F229111A4342F42542C0F85B
:1030600000220A68134343F425430B6035F81430FB
:1030700001339BB225F81430BFF35F8F0023012288
:10308000C8F22403C3F89C2104EE166F70BD00BF84
:10309000D3F89C21002ACBD100BFD3F89C21002A71
:1030A000F5D0C5E743F24473C0F2100333F81000C3
:1030B000FFF77CFFBCE700BF01214FF4107C072322
:1030C00010B400F01F0483B0A140C0F3044200F428
:1030D0008000C8F2280C024301915CF82200019C98
:1030E0000CEB820120EA04004CF822000A68013B44
:1030F000FCD103B05DF8044B704700BF00220120F3
:103100001346C8F22402116A00FA03FCD940C90729
:1031100007D4116A4CEA01011162BFF35F8F42F8D4
:103120002300D2F8A01100FA03FCD940C9070BD440
:10313000D2F8A0114CEA0101C2F8A011BFF35F8FD1
:1031400003F1600142F821000133082BDBD1704705
:1031500000232DE9F04383B08DF807309DF8073048
:10316000082B34D843F24C704FF0100E4FF0080C7F
:10317000C0F210009DF807109DF8073000EB011415
:103180000EFB01C9627B94F80C8026796579A77BD8
:10319000090103F50123D20750F80940415803F50E
:1031A000807342EA88721B0345EA46053A439960F8
:1031B000DD60C3F81021C3F814419DF807300133D6
:1031C000DBB28DF807309DF80730082BD2D903B059
:1031D000BDE8F083537892F800C011F0FC0F2DE9A0
:1031E000F0434FEA93034FF0FF084FEA11245FFAD0
:1031F00081FE0CF008062BD100EBC405D5F8001AAF
:103200004FEACE0708FA07F803FA07F921EA08039C
:1032100043EA0903C5F8003A56B33F211288D5F8AE
:103220000036C2F30512B940BA4023EA0103134342
:10323000C5F80036204490F80034CCF3C00C0CFAEA
:103240000EFC43EA0C03DBB280F80034BDE8F083E7
:1032500000EBC407AEF10405D7F8041AED0008FA34
:1032600005F8AB4021EA08011943C7F8041A86BBE8
:10327000012707FA0EF2D2B2D143031993F8006482
:103280000CF006050E40022D83F80064C9B22ED062
:10329000CCF34105012DD9D9035D1CF0010F04BF0A
:1032A000194001554FF003011CBF1A43025500EBB2
:1032B0004400B0F800224FEA4E039D4092B201FA5A
:1032C00003F322EA03032B439BB2A0F80032BDE8CC
:1032D000F0833F211288D7F80436C2F30512A940C3
:1032E000AA4023EA01031343C7F80436A2E70322E6
:1032F00000EB4400B0F800320EFA07FE9BB202FA6F
:103300000EF207FA0EF723EA02033B439BB2A0F842
:103310000032BDE8F08300BF0A4601469078F0B560
:10332000C4074FEA11235FFA81FE54D50C2B3CD918
:103330001078547811F0FC0F4FEA940400F008055F
:103340005BD04FF0FF0CDE0006F10046AEF1040743
:1033500006F53016FF0004FA07F1D6F8044A0CFA15
:1033600007FC24EA0C0C4CEA0101C6F8041A002DF3
:1033700067D03F241188D6F80426C1F30511BC405C
:10338000B94022EA04020A43C6F8042603F10043C6
:1033900003F5301393F80024C0F3C00000FA0EF0D8
:1033A0000243D2B283F80024F0BD012003F10143AF
:1033B00003F5301393F800CC00FA0EF0BDE8F040AE
:1033C0004CEA000C00205FFA8CFC83F800CCC8F2B9
:1033D0002B00FFF7FFBE00204FF0010CC8F22C10AD
:1033E00003440CFA0EFE93F800CC2CEA0E0CBDE858
:1033F000F04083F800CCFFF7EDBEFF27DE0006F1BA
:10340000004606F53016D6F8001A4FEACE0C07FA39
:103410000CF704FA0CF421EA07012143C6F8001A5C
:103420007DB13F241188D6F80026C1F3051104FAB6
:103430000CF401FA0CF122EA04020A43C6F8002651
:10344000A4E74FF0010C00270CFA0EF2D2B2D143E0
:10345000C8F22C07FE1896F8005400F006040D4040
:10346000022C86F80054C9B224D0C0F34104012CC8
:103470009AD9C00757BFFA5CF95C1140F95448BFAC
:103480000A434FF0030148BFFA545B0003F10043C5
:1034900003F53013B3F800224FEA4E0E92B201FA50
:1034A0000EF104FA0EF422EA0102224392B2A3F8CA
:1034B0000022F0BD032003FA0CF303F1004303F5EF
:1034C0003013B3F800220EFA0CFE92B200FA0EF09E
:1034D0000CFA0EF122EA00020A4392B2A3F800228B
:1034E000F0BD00BF2DE9F041002800F0AB800E4692
:1034F000002900F0A7804A680346002A00F09E8059
:1035000045F254221968C5F24F02914200F09F80A3
:1035100002201A609E60FFF775FD35884DB1746812
:1035200004EBC505A08821460834FFF7F5FEAC4240
:10353000F8D10220FFF7EEFC0220B468FFF762FD2D
:1035400000208646A44621460546C8F22C0E0B8A6A
:103550000EEB000696F80C2E1F0A02F080020E2FCA
:10356000DBB208BF42F0080203D01E2F08BF42F0B2
:103570001002CF7B1343012F48D08A7C43EA4213C9
:10358000DBB286F80C3E8A7B0631012A04BF8240FA
:103590002A4300F1010008BFD5B20428D7D1002288
:1035A0001646114604F1010EC8F22C069CF80700DD
:1035B00014F81280B71840EA080087F8000E9CF84B
:1035C0000400012816D1904097F8023E0843C1B28A
:1035D0009CF8060003F0880343EA80039CF805008A
:1035E000DBB29CF80880034302F5607006EB8000B4
:1035F00080F804801EF812000CF1050C43EA001359
:10360000DBB287F8023E6AB90122CFE79EF8102E9E
:1036100087403A43CF7CD2B243EA47138EF8102E4C
:10362000DBB2AEE7890041EA0511C9B2022086F893
:10363000111EFFF76FFC0020BDE8F0810A88002A08
:103640003FF45EAFFFF714FC0120BDE8F081FFF707
:103650000FFC0E20F0E700BF022800D0704743F6B1
:103660002871C0F200018B68002BF7D046F264701D
:10367000C0F20000FFF736BF04F01FE50D22100076
:103680000100000012000000C7FF07001200100038
:10369000C7FF100002000010C3FF1710120018101F
:1036A000C7FF1F1012000021C9FF072112001021BF
:1036B000C9FF102112000040C7FFFF4F1200005049
:1036C000C7FFFF5F12000070C7FFFF731200007496
:1036D000C7FFFF7712000078C7FFFF7B1200007C56
:1036E000C7FFFF7F13000080CBFFFF81130000881E
:1036F000CBFFFF891300008CC9FFFF8C13000090E3
:10370000CBFF3F9013000092CBFFFF921300009479
:10371000C9FF1F94130000A0CBFFFFAF130000B040
:10372000CBFFFFBF020000C0C3FFFFDF020000E0CD
:10373000C7FFFFFF000000000000000000000000C5
:103740000000000001000200040008000300000067
:10375000000000000F000F00010103000100000045
:10376000000000000F000F00010101000300000035
:10377000000000000F000F00010103000100000025
:10378000000000000F000F00010101000100000017
:10379000000000000F000F00010101000F000000F9
:1037A000000000000F000F0001010F0001000000E9
:1037B000000000000F000F000101010003000000E5
:1037C000000000000F000F000101030003000000D3
:1037D000000000000F000F000101030000000000C6
:020000041018D2
:1000000000000000000000000000000000000000F0
:1000100000000000000000000000000000000000E0
:1000200000000000000000000000000000000000D0
:1000300000000000000000000000000000000000C0
:1000400000000000000000000000000000000000B0
:1000500000000000000000000000000000000000A0
:100060000000000000000000000000000000000090
:100070000000000000000000000000000000000080
:100080000000000000000000000000000000000070
:100090000000000000000000000000000000000060
:1000A0000000000000000000000000000000000050
:1000B0000000000000000000000000000000000040
:1000C0000000000000000000000000000000000030
:1000D0000000000000000000000000000000000020
:1000E0000000000000000000000000000000000010
:1000F0000000000000000000000000000000000000
:1001000000000000000000000000000000000000EF
:1001100000000000000000000000000000000000DF
:1001200000000000000000000000000000000000CF
:1001300000000000000000000000000000000000BF
:1001400000000000000000000000000000000000AF
:10015000000000000000000000000000000000009F
:10016000000000000000000000000000000000008F
:10017000000000000000000000000000000000007F
:10018000000000000000000000000000000000006F
:10019000000000000000000000000000000000005F
:1001A000000000000000000000000000000000004F
:1001B000000000000000000000000000000000003F
:1001C000000000000000000000000000000000002F
:1001D000000000000000000000000000000000001F
:1001E000000000000000000000000000000000000F
:1001F00000000000000000000000000000000000FF
:1002000000000000000000000000000000000000EE
:1002100000000000000000000000000000000000DE
:1002200000000000000000000000000000000000CE
:1002300000000000000000000000000000000000BE
:1002400000000000000000000000000000000000AE
:10025000000000000000000000000000000000009E
:10026000000000000000000000000000000000008E
:10027000000000000000000000000000000000007E
:10028000000000000000000000000000000000006E
:10029000000000000000000000000000000000005E
:1002A000000000000000000000000000000000004E
:1002B000000000000000000000000000000000003E
:1002C000000000000000000000000000000000002E
:1002D000000000000000000000000000000000001E
:1002E000000000000000000000000000000000000E
:1002F00000000000000000000000000000000000FE
:1003000000000000000000000000000000000000ED
:1003100000000000000000000000000000000000DD
:1003200000000000000000000000000000000000CD
:1003300000000000000000000000000000000000BD
:1003400000000000000000000000000000000000AD
:10035000000000000000000000000000000000009D
:10036000000000000000000000000000000000008D
:10037000000000000000000000000000000000007D
:10038000000000000000000000000000000000006D
:10039000000000000000000000000000000000005D
:1003A000000000000000000000000000000000004D
:1003B000000000000000000000000000000000003D
:1003C000000000000000000000000000000000002D
:1003D000000000000000000000000000000000001D
:1003E000000000000000000000000000000000000D
:1003F00000000000000000000000000000000000FD
:1004000000000000000000000000000000000000EC
:1004100000000000000000000000000000000000DC
:1004200000000000000000000000000000000000CC
:1004300000000000000000000000000000000000BC
:1004400000000000000000000000000000000000AC
:10045000000000000000000000000000000000009C
:10046000000000000000000000000000000000008C
:10047000000000000000000000000000000000007C
:10048000000000000000000000000000000000006C
:10049000000000000000000000000000000000005C
:1004A000000000000000000000000000000000004C
:1004B000000000000000000000000000000000003C
:1004C000000000000000000000000000000000002C
:1004D000000000000000000000000000000000001C
:1004E000000000000000000000000000000000000C
:1004F00000000000000000000000000000000000FC
:1005000000000000000000000000000000000000EB
:1005100000000000000000000000000000000000DB
:1005200000000000000000000000000000000000CB
:1005300000000000000000000000000000000000BB
:1005400000000000000000000000000000000000AB
:10055000000000000000000000000000000000009B
:10056000000000000000000000000000000000008B
:10057000000000000000000000000000000000007B
:10058000000000000000000000000000000000006B
:10059000000000000000000000000000000000005B
:1005A000000000000000000000000000000000004B
:1005B000000000000000000000000000000000003B
:1005C000000000000000000000000000000000002B
:1005D000000000000000000000000000000000001B
:1005E000000000000000000000000000000000000B
:1005F00000000000000000000000000000000000FB
:1006000000000000000000000000000000000000EA
:1006100000000000000000000000000000000000DA
:1006200000000000000000000000000000000000CA
:1006300000000000000000000000000000000000BA
:1006400000000000000000000000000000000000AA
:10065000000000000000000000000000000000009A
:10066000000000000000000000000000000000008A
:10067000000000000000000000000000000000007A
:10068000000000000000000000000000000000006A
:10069000000000000000000000000000000000005A
:1006A000000000000000000000000000000000004A
:1006B000000000000000000000000000000000003A
:1006C000000000000000000000000000000000002A
:1006D000000000000000000000000000000000001A
:1006E000000000000000000000000000000000000A
:1006F00000000000000000000000000000000000FA
:1007000000000000000000000000000000000000E9
:1007100000000000000000000000000000000000D9
:1007200000000000000000000000000000000000C9
:1007300000000000000000000000000000000000B9
:1007400000000000000000000000000000000000A9
:100750000000000000000000000000000000000099
:100760000000000000000000000000000000000089
:100770000000000000000000000000000000000079
:100780000000000000000000000000000000000069
:100790000000000000000000000000000000000059
:1007A0000000000000000000000000000000000049
:1007B0000000000000000000000000000000000039
:1007C0000000000000000000000000000000000029
:1007D0000000000000000000000000000000000019
:1007E0000000000000000000000000000000000009
:1007F00000000000000000000000000000000000F9
:1008000000000000000000000000000000000000E8
:1008100000000000000000000000000000000000D8
:1008200000000000000000000000000000000000C8
:1008300000000000000000000000000000000000B8
:1008400000000000000000000000000000000000A8
:100850000000000000000000000000000000000098
:100860000000000000000000000000000000000088
:100870000000000000000000000000000000000078
:100880000000000000000000000000000000000068
:100890000000000000000000000000000000000058
:1008A0000000000000000000000000000000000048
:1008B0000000000000000000000000000000000038
:1008C0000000000000000000000000000000000028
:1008D0000000000000000000000000000000000018
:1008E0000000000000000000000000000000000008
:1008F00000000000000000000000000000000000F8
:1009000000000000000000000000000000000000E7
:1009100000000000000000000000000000000000D7
:1009200000000000000000000000000000000000C7
:1009300000000000000000000000000000000000B7
:1009400000000000000000000000000000000000A7
:100950000000000000000000000000000000000097
:100960000000000000000000000000000000000087
:100970000000000000000000000000000000000077
:100980000000000000000000000000000000000067
:100990000000000000000000000000000000000057
:1009A0000000000000000000000000000000000047
:1009B0000000000000000000000000000000000037
:1009C0000000000000000000000000000000000027
:1009D0000000000000000000000000000000000017
:1009E0000000000000000000000000000000000007
:1009F00000000000000000000000000000000000F7
:100A000000000000000000000000000000000000E6
:100A100000000000000000000000000000000000D6
:100A200000000000000000000000000000000000C6
:100A300000000000000000000000000000000000B6
:100A400000000000000000000000000000000000A6
:100A50000000000000000000000000000000000096
:100A60000000000000000000000000000000000086
:100A70000000000000000000000000000000000076
:100A80000000000000000000000000000000000066
:100A90000000000000000000000000000000000056
:100AA0000000000000000000000000000000000046
:100AB0000000000000000000000000000000000036
:100AC0000000000000000000000000000000000026
:100AD0000000000000000000000000000000000016
:100AE0000000000000000000000000000000000006
:100AF00000000000000000000000000000000000F6
:100B000000000000000000000000000000000000E5
:100B100000000000000000000000000000000000D5
:100B200000000000000000000000000000000000C5
:100B300000000000000000000000000000000000B5
:100B400000000000000000000000000000000000A5
:100B50000000000000000000000000000000000095
:100B60000000000000000000000000000000000085
:100B70000000000000000000000000000000000075
:100B80000000000000000000000000000000000065
:100B90000000000000000000000000000000000055
:100BA0000000000000000000000000000000000045
:100BB0000000000000000000000000000000000035
:100BC0000000000000000000000000000000000025
:100BD0000000000000000000000000000000000015
:100BE0000000000000000000000000000000000005
:100BF00000000000000000000000000000000000F5
:100C000000000000000000000000000000000000E4
:100C100000000000000000000000000000000000D4
:100C200000000000000000000000000000000000C4
:100C300000000000000000000000000000000000B4
:100C400000000000000000000000000000000000A4
:100C50000000000000000000000000000000000094
:100C60000000000000000000000000000000000084
:100C70000000000000000000000000000000000074
:100C80000000000000000000000000000000000064
:100C90000000000000000000000000000000000054
:100CA0000000000000000000000000000000000044
:100CB0000000000000000000000000000000000034
:100CC0000000000000000000000000000000000024
:100CD0000000000000000000000000000000000014
:100CE0000000000000000000000000000000000004
:100CF00000000000000000000000000000000000F4
:100D000000000000000000000000000000000000E3
:100D100000000000000000000000000000000000D3
:100D200000000000000000000000000000000000C3
:100D300000000000000000000000000000000000B3
:100D400000000000000000000000000000000000A3
:100D50000000000000000000000000000000000093
:100D60000000000000000000000000000000000083
:100D70000000000000000000000000000000000073
:100D80000000000000000000000000000000000063
:100D90000000000000000000000000000000000053
:100DA0000000000000000000000000000000000043
:100DB0000000000000000000000000000000000033
:100DC0000000000000000000000000000000000023
:100DD0000000000000000000000000000000000013
:100DE0000000000000000000000000000000000003
:100DF00000000000000000000000000000000000F3
:100E000000000000000000000000000000000000E2
:100E100000000000000000000000000000000000D2
:100E200000000000000000000000000000000000C2
:100E300000000000000000000000000000000000B2
:100E400000000000000000000000000000000000A2
:100E50000000000000000000000000000000000092
:100E60000000000000000000000000000000000082
:100E70000000000000000000000000000000000072
:100E80000000000000000000000000000000000062
:100E90000000000000000000000000000000000052
:100EA0000000000000000000000000000000000042
:100EB0000000000000000000000000000000000032
:100EC0000000000000000000000000000000000022
:100ED0000000000000000000000000000000000012
:100EE0000000000000000000000000000000000002
:100EF00000000000000000000000000000000000F2
:100F000000000000000000000000000000000000E1
:100F100000000000000000000000000000000000D1
:100F200000000000000000000000000000000000C1
:100F300000000000000000000000000000000000B1
:100F400000000000000000000000000000000000A1
:100F50000000000000000000000000000000000091
:100F60000000000000000000000000000000000081
:100F70000000000000000000000000000000000071
:100F80000000000000000000000000000000000061
:100F90000000000000000000000000000000000051
:100FA0000000000000000000000000000000000041
:100FB0000000000000000000000000000000000031
:100FC0000000000000000000000000000000000021
:100FD0000000000000000000000000000000000011
:100FE0000000000000000000000000000000000001
:100FF00000000000000000000000000000000000F1
:1010000000000000000000000000000000000000E0
:1010100000000000000000000000000000000000D0
:1010200000000000000000000000000000000000C0
:1010300000000000000000000000000000000000B0
:1010400000000000000000000000000000000000A0
:101050000000000000000000000000000000000090
:101060000000000000000000000000000000000080
:101070000000000000000000000000000000000070
:101080000000000000000000000000000000000060
:101090000000000000000000000000000000000050
:1010A0000000000000000000000000000000000040
:1010B0000000000000000000000000000000000030
:1010C0000000000000000000000000000000000020
:1010D0000000000000000000000000000000000010
:1010E0000000000000000000000000000000000000
:1010F00000000000000000000000000000000000F0
:1011000000000000000000000000000000000000DF
:1011100000000000000000000000000000000000CF
:1011200000000000000000000000000000000000BF
:1011300000000000000000000000000000000000AF
:10114000000000000000000000000000000000009F
:10115000000000000000000000000000000000008F
:10116000000000000000000000000000000000007F
:10117000000000000000000000000000000000006F
:10118000000000000000000000000000000000005F
:10119000000000000000000000000000000000004F
:1011A000000000000000000000000000000000003F
:1011B000000000000000000000000000000000002F
:1011C000000000000000000000000000000000001F
:1011D000000000000000000000000000000000000F
:1011E00000000000000000000000000000000000FF
:1011F00000000000000000000000000000000000EF
:1012000000000000000000000000000000000000DE
:1012100000000000000000000000000000000000CE
:1012200000000000000000000000000000000000BE
:1012300000000000000000000000000000000000AE
:10124000000000000000000000000000000000009E
:10125000000000000000000000000000000000008E
:10126000000000000000000000000000000000007E
:10127000000000000000000000000000000000006E
:10128000000000000000000000000000000000005E
:10129000000000000000000000000000000000004E
:1012A000000000000000000000000000000000003E
:1012B000000000000000000000000000000000002E
:1012C000000000000000000000000000000000001E
:1012D000000000000000000000000000000000000E
:1012E00000000000000000000000000000000000FE
:1012F00000000000000000000000000000000000EE
:1013000000000000000000000000000000000000DD
:1013100000000000000000000000000000000000CD
:1013200000000000000000000000000000000000BD
:1013300000000000000000000000000000000000AD
:10134000000000000000000000000000000000009D
:10135000000000000000000000000000000000008D
:10136000000000000000000000000000000000007D
:10137000000000000000000000000000000000006D
:10138000000000000000000000000000000000005D
:10139000000000000000000000000000000000004D
:1013A000000000000000000000000000000000003D
:1013B000000000000000000000000000000000002D
:1013C000000000000000000000000000000000001D
:1013D000000000000000000000000000000000000D
:1013E00000000000000000000000000000000000FD
:1013F00000000000000000000000000000000000ED
:1014000000000000000000000000000000000000DC
:1014100000000000000000000000000000000000CC
:1014200000000000000000000000000000000000BC
:1014300000000000000000000000000000000000AC
:10144000000000000000000000000000000000009C
:10145000000000000000000000000000000000008C
:10146000000000000000000000000000000000007C
:10147000000000000000000000000000000000006C
:10148000000000000000000000000000000000005C
:10149000000000000000000000000000000000004C
:1014A000000000000000000000000000000000003C
:1014B000000000000000000000000000000000002C
:1014C000000000000000000000000000000000001C
:1014D000000000000000000000000000000000000C
:1014E00000000000000000000000000000000000FC
:1014F00000000000000000000000000000000000EC
:1015000000000000000000000000000000000000DB
:1015100000000000000000000000000000000000CB
:1015200000000000000000000000000000000000BB
:1015300000000000000000000000000000000000AB
:10154000000000000000000000000000000000009B
:10155000000000000000000000000000000000008B
:10156000000000000000000000000000000000007B
:10157000000000000000000000000000000000006B
:10158000000000000000000000000000000000005B
:10159000000000000000000000000000000000004B
:1015A000000000000000000000000000000000003B
:1015B000000000000000000000000000000000002B
:1015C000000000000000000000000000000000001B
:1015D000000000000000000000000000000000000B
:1015E00000000000000000000000000000000000FB
:1015F00000000000000000000000000000000000EB
:1016000000000000000000000000000000000000DA
:1016100000000000000000000000000000000000CA
:1016200000000000000000000000000000000000BA
:1016300000000000000000000000000000000000AA
:10164000000000000000000000000000000000009A
:10165000000000000000000000000000000000008A
:10166000000000000000000000000000000000007A
:10167000000000000000000000000000000000006A
:10168000000000000000000000000000000000005A
:10169000000000000000000000000000000000004A
:1016A000000000000000000000000000000000003A
:1016B000000000000000000000000000000000002A
:1016C000000000000000000000000000000000001A
:1016D000000000000000000000000000000000000A
:1016E00000000000000000000000000000000000FA
:1016F00000000000000000000000000000000000EA
:1017000000000000000000000000000000000000D9
:1017100000000000000000000000000000000000C9
:1017200000000000000000000000000000000000B9
:1017300000000000000000000000000000000000A9
:101740000000000000000000000000000000000099
:101750000000000000000000000000000000000089
:101760000000000000000000000000000000000079
:101770000000000000000000000000000000000069
:101780000000000000000000000000000000000059
:101790000000000000000000000000000000000049
:1017A0000000000000000000000000000000000039
:1017B0000000000000000000000000000000000029
:1017C0000000000000000000000000000000000019
:1017D0000000000000000000000000000000000009
:1017E00000000000000000000000000000000000F9
:1017F00000000000000000000000000000000000E9
:1018000000000000000000000000000000000000D8
:1018100000000000000000000000000000000000C8
:1018200000000000000000000000000000000000B8
:1018300000000000000000000000000000000000A8
:101840000000000000000000000000000000000098
:101850000000000000000000000000000000000088
:101860000000000000000000000000000000000078
:101870000000000000000000000000000000000068
:101880000000000000000000000000000000000058
:101890000000000000000000000000000000000048
:1018A0000000000000000000000000000000000038
:1018B0000000000000000000000000000000000028
:1018C0000000000000000000000000000000000018
:1018D0000000000000000000000000000000000008
:1018E00000000000000000000000000000000000F8
:1018F00000000000000000000000000000000000E8
:1019000000000000000000000000000000000000D7
:1019100000000000000000000000000000000000C7
:1019200000000000000000000000000000000000B7
:1019300000000000000000000000000000000000A7
:101940000000000000000000000000000000000097
:101950000000000000000000000000000000000087
:101960000000000000000000000000000000000077
:101970000000000000000000000000000000000067
:101980000000000000000000000000000000000057
:101990000000000000000000000000000000000047
:1019A0000000000000000000000000000000000037
:1019B0000000000000000000000000000000000027
:1019C0000000000000000000000000000000000017
:1019D0000000000000000000000000000000000007
:1019E00000000000000000000000000000000000F7
:1019F00000000000000000000000000000000000E7
:101A000000000000000000000000000000000000D6
:101A100000000000000000000000000000000000C6
:101A200000000000000000000000000000000000B6
:101A300000000000000000000000000000000000A6
:101A40000000000000000000000000000000000096
:101A50000000000000000000000000000000000086
:101A60000000000000000000000000000000000076
:101A70000000000000000000000000000000000066
:101A80000000000000000000000000000000000056
:101A90000000000000000000000000000000000046
:101AA0000000000000000000000000000000000036
:101AB0000000000000000000000000000000000026
:101AC0000000000000000000000000000000000016
:101AD0000000000000000000000000000000000006
:101AE00000000000000000000000000000000000F6
:101AF00000000000000000000000000000000000E6
:101B000000000000000000000000000000000000D5
:101B100000000000000000000000000000000000C5
:101B200000000000000000000000000000000000B5
:101B300000000000000000000000000000000000A5
:101B40000000000000000000000000000000000095
:101B50000000000000000000000000000000000085
:101B60000000000000000000000000000000000075
:101B70000000000000000000000000000000000065
:101B80000000000000000000000000000000000055
:101B90000000000000000000000000000000000045
:101BA0000000000000000000000000000000000035
:101BB0000000000000000000000000000000000025
:101BC0000000000000000000000000000000000015
:101BD0000000000000000000000000000000000005
:101BE00000000000000000000000000000000000F5
:101BF00000000000000000000000000000000000E5
:101C000000000000000000000000000000000000D4
:101C100000000000000000000000000000000000C4
:101C200000000000000000000000000000000000B4
:101C300000000000000000000000000000000000A4
:101C40000000000000000000000000000000000094
:101C50000000000000000000000000000000000084
:101C60000000000000000000000000000000000074
:101C70000000000000000000000000000000000064
:101C80000000000000000000000000000000000054
:101C90000000000000000000000000000000000044
:101CA0000000000000000000000000000000000034
:101CB0000000000000000000000000000000000024
:101CC0000000000000000000000000000000000014
:101CD0000000000000000000000000000000000004
:101CE00000000000000000000000000000000000F4
:101CF00000000000000000000000000000000000E4
:101D000000000000000000000000000000000000D3
:101D100000000000000000000000000000000000C3
:101D200000000000000000000000000000000000B3
:101D300000000000000000000000000000000000A3
:101D40000000000000000000000000000000000093
:101D50000000000000000000000000000000000083
:101D60000000000000000000000000000000000073
:101D70000000000000000000000000000000000063
:101D80000000000000000000000000000000000053
:101D90000000000000000000000000000000000043
:101DA0000000000000000000000000000000000033
:101DB0000000000000000000000000000000000023
:101DC0000000000000000000000000000000000013
:101DD0000000000000000000000000000000000003
:101DE00000000000000000000000000000000000F3
:101DF00000000000000000000000000000000000E3
:101E000000000000000000000000000000000000D2
:101E100000000000000000000000000000000000C2
:101E200000000000000000000000000000000000B2
:101E300000000000000000000000000000000000A2
:101E40000000000000000000000000000000000092
:101E50000000000000000000000000000000000082
:101E60000000000000000000000000000000000072
:101E70000000000000000000000000000000000062
:101E80000000000000000000000000000000000052
:101E90000000000000000000000000000000000042
:101EA0000000000000000000000000000000000032
:101EB0000000000000000000000000000000000022
:101EC0000000000000000000000000000000000012
:101ED0000000000000000000000000000000000002
:101EE00000000000000000000000000000000000F2
:101EF00000000000000000000000000000000000E2
:101F000000000000000000000000000000000000D1
:101F100000000000000000000000000000000000C1
:101F200000000000000000000000000000000000B1
:101F300000000000000000000000000000000000A1
:101F40000000000000000000000000000000000091
:101F50000000000000000000000000000000000081
:101F60000000000000000000000000000000000071
:101F70000000000000000000000000000000000061
:101F80000000000000000000000000000000000051
:101F90000000000000000000000000000000000041
:101FA0000000000000000000000000000000000031
:101FB0000000000000000000000000000000000021
:101FC0000000000000000000000000000000000011
:101FD0000000000000000000000000000000000001
:101FE00000000000000000000000000000000000F1
:101FF00000000000000000000000000000000000E1
:1020000000000000000000000000000000000000D0
:1020100000000000000000000000000000000000C0
:1020200000000000000000000000000000000000B0
:1020300000000000000000000000000000000000A0
:102040000000000000000000000000000000000090
:102050000000000000000000000000000000000080
:102060000000000000000000000000000000000070
:102070000000000000000000000000000000000060
:102080000000000000000000000000000000000050
:102090000000000000000000000000000000000040
:1020A0000000000000000000000000000000000030
:1020B0000000000000000000000000000000000020
:1020C0000000000000000000000000000000000010
:1020D0000000000000000000000000000000000000
:1020E00000000000000000000000000000000000F0
:1020F00000000000000000000000000000000000E0
:1021000000000000000000000000000000000000CF
:1021100000000000000000000000000000000000BF
:1021200000000000000000000000000000000000AF
:10213000000000000000000000000000000000009F
:10214000000000000000000000000000000000008F
:10215000000000000000000000000000000000007F
:10216000000000000000000000000000000000006F
:10217000000000000000000000000000000000005F
:10218000000000000000000000000000000000004F
:10219000000000000000000000000000000000003F
:1021A000000000000000000000000000000000002F
:1021B000000000000000000000000000000000001F
:1021C000000000000000000000000000000000000F
:1021D00000000000000000000000000000000000FF
:1021E00000000000000000000000000000000000EF
:1021F00000000000000000000000000000000000DF
:1022000000000000000000000000000000000000CE
:1022100000000000000000000000000000000000BE
:1022200000000000000000000000000000000000AE
:10223000000000000000000000000000000000009E
:10224000000000000000000000000000000000008E
:10225000000000000000000000000000000000007E
:10226000000000000000000000000000000000006E
:10227000000000000000000000000000000000005E
:10228000000000000000000000000000000000004E
:10229000000000000000000000000000000000003E
:1022A000000000000000000000000000000000002E
:1022B000000000000000000000000000000000001E
:1022C000000000000000000000000000000000000E
:1022D00000000000000000000000000000000000FE
:1022E00000000000000000000000000000000000EE
:1022F00000000000000000000000000000000000DE
:1023000000000000000000000000000000000000CD
:1023100000000000000000000000000000000000BD
:1023200000000000000000000000000000000000AD
:10233000000000000000000000000000000000009D
:10234000000000000000000000000000000000008D
:10235000000000000000000000000000000000007D
:10236000000000000000000000000000000000006D
:10237000000000000000000000000000000000005D
:10238000000000000000000000000000000000004D
:10239000000000000000000000000000000000003D
:1023A000000000000000000000000000000000002D
:1023B000000000000000000000000000000000001D
:1023C000000000000000000000000000000000000D
:1023D00000000000000000000000000000000000FD
:1023E00000000000000000000000000000000000ED
:1023F00000000000000000000000000000000000DD
:1024000000000000000000000000000000000000CC
:1024100000000000000000000000000000000000BC
:1024200000000000000000000000000000000000AC
:10243000000000000000000000000000000000009C
:10244000000000000000000000000000000000008C
:10245000000000000000000000000000000000007C
:10246000000000000000000000000000000000006C
:10247000000000000000000000000000000000005C
:10248000000000000000000000000000000000004C
:10249000000000000000000000000000000000003C
:1024A000000000000000000000000000000000002C
:1024B000000000000000000000000000000000001C
:1024C000000000000000000000000000000000000C
:1024D00000000000000000000000000000000000FC
:1024E00000000000000000000000000000000000EC
:1024F00000000000000000000000000000000000DC
:1025000000000000000000000000000000000000CB
:1025100000000000000000000000000000000000BB
:1025200000000000000000000000000000000000AB
:10253000000000000000000000000000000000009B
:10254000000000000000000000000000000000008B
:10255000000000000000000000000000000000007B
:10256000000000000000000000000000000000006B
:10257000000000000000000000000000000000005B
:10258000000000000000000000000000000000004B
:10259000000000000000000000000000000000003B
:1025A000000000000000000000000000000000002B
:1025B000000000000000000000000000000000001B
:1025C000000000000000000000000000000000000B
:1025D00000000000000000000000000000000000FB
:1025E00000000000000000000000000000000000EB
:1025F00000000000000000000000000000000000DB
:1026000000000000000000000000000000000000CA
:1026100000000000000000000000000000000000BA
:1026200000000000000000000000000000000000AA
:10263000000000000000000000000000000000009A
:10264000000000000000000000000000000000008A
:10265000000000000000000000000000000000007A
:10266000000000000000000000000000000000006A
:10267000000000000000000000000000000000005A
:10268000000000000000000000000000000000004A
:10269000000000000000000000000000000000003A
:1026A000000000000000000000000000000000002A
:1026B000000000000000000000000000000000001A
:1026C000000000000000000000000000000000000A
:1026D00000000000000000000000000000000000FA
:1026E00000000000000000000000000000000000EA
:1026F00000000000000000000000000000000000DA
:1027000000000000000000000000000000000000C9
:1027100000000000000000000000000000000000B9
:1027200000000000000000000000000000000000A9
:102730000000000000000000000000000000000099
:102740000000000000000000000000000000000089
:102750000000000000000000000000000000000079
:102760000000000000000000000000000000000069
:102770000000000000000000000000000000000059
:102780000000000000000000000000000000000049
:102790000000000000000000000000000000000039
:1027A0000000000000000000000000000000000029
:1027B0000000000000000000000000000000000019
:1027C0000000000000000000000000000000000009
:1027D00000000000000000000000000000000000F9
:1027E00000000000000000000000000000000000E9
:1027F00000000000000000000000000000000000D9
:1028000000000000000000000000000000000000C8
:1028100000000000000000000000000000000000B8
:1028200000000000000000000000000000000000A8
:102830000000000000000000000000000000000098
:102840000000000000000000000000000000000088
:102850000000000000000000000000000000000078
:102860000000000000000000000000000000000068
:102870000000000000000000000000000000000058
:102880000000000000000000000000000000000048
:102890000000000000000000000000000000000038
:1028A0000000000000000000000000000000000028
:1028B0000000000000000000000000000000000018
:1028C0000000000000000000000000000000000008
:1028D00000000000000000000000000000000000F8
:1028E00000000000000000000000000000000000E8
:1028F00000000000000000000000000000000000D8
:1029000000000000000000000000000000000000C7
:1029100000000000000000000000000000000000B7
:1029200000000000000000000000000000000000A7
:102930000000000000000000000000000000000097
:102940000000000000000000000000000000000087
:102950000000000000000000000000000000000077
:102960000000000000000000000000000000000067
:102970000000000000000000000000000000000057
:102980000000000000000000000000000000000047
:102990000000000000000000000000000000000037
:1029A0000000000000000000000000000000000027
:1029B0000000000000000000000000000000000017
:1029C0000000000000000000000000000000000007
:1029D00000000000000000000000000000000000F7
:1029E00000000000000000000000000000000000E7
:1029F00000000000000000000000000000000000D7
:102A000000000000000000000000000000000000C6
:102A100000000000000000000000000000000000B6
:102A200000000000000000000000000000000000A6
:102A30000000000000000000000000000000000096
:102A40000000000000000000000000000000000086
:102A50000000000000000000000000000000000076
:102A60000000000000000000000000000000000066
:102A70000000000000000000000000000000000056
:102A80000000000000000000000000000000000046
:102A90000000000000000000000000000000000036
:102AA0000000000000000000000000000000000026
:102AB0000000000000000000000000000000000016
:102AC0000000000000000000000000000000000006
:102AD00000000000000000000000000000000000F6
:102AE00000000000000000000000000000000000E6
:102AF00000000000000000000000000000000000D6
:102B000000000000000000000000000000000000C5
:102B100000000000000000000000000000000000B5
:102B200000000000000000000000000000000000A5
:102B30000000000000000000000000000000000095
:102B40000000000000000000000000000000000085
:102B50000000000000000000000000000000000075
:102B60000000000000000000000000000000000065
:102B70000000000000000000000000000000000055
:102B80000000000000000000000000000000000045
:102B90000000000000000000000000000000000035
:102BA0000000000000000000000000000000000025
:102BB0000000000000000000000000000000000015
:102BC0000000000000000000000000000000000005
:102BD00000000000000000000000000000000000F5
:102BE00000000000000000000000000000000000E5
:102BF00000000000000000000000000000000000D5
:102C000000000000000000000000000000000000C4
:102C100000000000000000000000000000000000B4
:102C200000000000000000000000000000000000A4
:102C30000000000000000000000000000000000094
:102C40000000000000000000000000000000000084
:102C50000000000000000000000000000000000074
:102C60000000000000000000000000000000000064
:102C70000000000000000000000000000000000054
:102C80000000000000000000000000000000000044
:102C90000000000000000000000000000000000034
:102CA0000000000000000000000000000000000024
:102CB0000000000000000000000000000000000014
:102CC0000000000000000000000000000000000004
:102CD00000000000000000000000000000000000F4
:102CE00000000000000000000000000000000000E4
:102CF00000000000000000000000000000000000D4
:102D000000000000000000000000000000000000C3
:102D100000000000000000000000000000000000B3
:102D200000000000000000000000000000000000A3
:102D30000000000000000000000000000000000093
:102D40000000000000000000000000000000000083
:102D50000000000000000000000000000000000073
:102D60000000000000000000000000000000000063
:102D70000000000000000000000000000000000053
:102D80000000000000000000000000000000000043
:102D90000000000000000000000000000000000033
:102DA0000000000000000000000000000000000023
:102DB0000000000000000000000000000000000013
:102DC0000000000000000000000000000000000003
:102DD00000000000000000000000000000000000F3
:102DE00000000000000000000000000000000000E3
:102DF00000000000000000000000000000000000D3
:102E000000000000000000000000000000000000C2
:102E100000000000000000000000000000000000B2
:102E200000000000000000000000000000000000A2
:102E30000000000000000000000000000000000092
:102E40000000000000000000000000000000000082
:102E50000000000000000000000000000000000072
:102E60000000000000000000000000000000000062
:102E70000000000000000000000000000000000052
:102E80000000000000000000000000000000000042
:102E90000000000000000000000000000000000032
:102EA0000000000000000000000000000000000022
:102EB0000000000000000000000000000000000012
:102EC0000000000000000000000000000000000002
:102ED00000000000000000000000000000000000F2
:102EE00000000000000000000000000000000000E2
:102EF00000000000000000000000000000000000D2
:102F000000000000000000000000000000000000C1
:102F100000000000000000000000000000000000B1
:102F200000000000000000000000000000000000A1
:102F30000000000000000000000000000000000091
:102F40000000000000000000000000000000000081
:102F50000000000000000000000000000000000071
:102F60000000000000000000000000000000000061
:102F70000000000000000000000000000000000051
:102F80000000000000000000000000000000000041
:102F90000000000000000000000000000000000031
:102FA0000000000000000000000000000000000021
:102FB0000000000000000000000000000000000011
:102FC0000000000000000000000000000000000001
:102FD00000000000000000000000000000000000F1
:102FE00000000000000000000000000000000000E1
:102FF00000000000000000000000000000000000D1
:1030000000000000000000000000000000000000C0
:1030100000000000000000000000000000000000B0
:1030200000000000000000000000000000000000A0
:103030000000000000000000000000000000000090
:103040000000000000000000000000000000000080
:103050000000000000000000000000000000000070
:103060000000000000000000000000000000000060
:103070000000000000000000000000000000000050
:103080000000000000000000000000000000000040
:103090000000000000000000000000000000000030
:1030A0000000000000000000000000000000000020
:1030B0000000000000000000000000000000000010
:1030C0000000000000000000000000000000000000
:1030D00000000000000000000000000000000000F0
:1030E00000000000000000000000000000000000E0
:1030F00000000000000000000000000000000000D0
:1031000000000000000000000000000000000000BF
:1031100000000000000000000000000000000000AF
:10312000000000000000000000000000000000009F
:10313000000000000000000000000000000000008F
:10314000000000000000000000000000000000007F
:10315000000000000000000000000000000000006F
:10316000000000000000000000000000000000005F
:10317000000000000000000000000000000000004F
:10318000000000000000000000000000000000003F
:10319000000000000000000000000000000000002F
:1031A000000000000000000000000000000000001F
:1031B000000000000000000000000000000000000F
:1031C00000000000000000000000000000000000FF
:1031D00000000000000000000000000000000000EF
:1031E00000000000000000000000000000000000DF
:1031F00000000000000000000000000000000000CF
:1032000000000000000000000000000000000000BE
:1032100000000000000000000000000000000000AE
:10322000000000000000000000000000000000009E
:10323000000000000000000000000000000000008E
:10324000000000000000000000000000000000007E
:10325000000000000000000000000000000000006E
:10326000000000000000000000000000000000005E
:10327000000000000000000000000000000000004E
:10328000000000000000000000000000000000003E
:10329000000000000000000000000000000000002E
:1032A000000000000000000000000000000000001E
:1032B000000000000000000000000000000000000E
:1032C00000000000000000000000000000000000FE
:1032D00000000000000000000000000000000000EE
:1032E00000000000000000000000000000000000DE
:1032F00000000000000000000000000000000000CE
:1033000000000000000000000000000000000000BD
:1033100000000000000000000000000000000000AD
:10332000000000000000000000000000000000009D
:10333000000000000000000000000000000000008D
:10334000000000000000000000000000000000007D
:10335000000000000000000000000000000000006D
:10336000000000000000000000000000000000005D
:10337000000000000000000000000000000000004D
:10338000000000000000000000000000000000003D
:10339000000000000000000000000000000000002D
:1033A000000000000000000000000000000000001D
:1033B000000000000000000000000000000000000D
:1033C00000000000000000000000000000000000FD
:1033D00000000000000000000000000000000000ED
:1033E00000000000000000000000000000000000DD
:1033F00000000000000000000000000000000000CD
:1034000000000000000000000000000000000000BC
:1034100000000000000000000000000000000000AC
:10342000000000000000000000000000000000009C
:10343000000000000000000000000000000000008C
:10344000000000000000000000000000000000007C
:10345000000000000000000000000000000000006C
:10346000000000000000000000000000000000005C
:10347000000000000000000000000000000000004C
:10348000000000000000000000000000000000003C
:10349000000000000000000000000000000000002C
:1034A000000000000000000000000000000000001C
:1034B000000000000000000000000000000000000C
:1034C00000000000000000000000000000000000FC
:1034D00000000000000000000000000000000000EC
:1034E00000000000000000000000000000000000DC
:1034F00000000000000000000000000000000000CC
:1035000000000000000000000000000000000000BB
:1035100000000000000000000000000000000000AB
:10352000000000000000000000000000000000009B
:10353000000000000000000000000000000000008B
:10354000000000000000000000000000000000007B
:10355000000000000000000000000000000000006B
:10356000000000000000000000000000000000005B
:10357000000000000000000000000000000000004B
:10358000000000000000000000000000000000003B
:10359000000000000000000000000000000000002B
:1035A000000000000000000000000000000000001B
:1035B000000000000000000000000000000000000B
:1035C00000000000000000000000000000000000FB
:1035D00000000000000000000000000000000000EB
:1035E00000000000000000000000000000000000DB
:1035F00000000000000000000000000000000000CB
:1036000000000000000000000000000000000000BA
:1036100000000000000000000000000000000000AA
:10362000000000000000000000000000000000009A
:10363000000000000000000000000000000000008A
:10364000000000000000000000000000000000007A
:10365000000000000000000000000000000000006A
:10366000000000000000000000000000000000005A
:10367000000000000000000000000000000000004A
:10368000000000000000000000000000000000003A
:10369000000000000000000000000000000000002A
:1036A000000000000000000000000000000000001A
:1036B000000000000000000000000000000000000A
:1036C00000000000000000000000000000000000FA
:1036D00000000000000000000000000000000000EA
:1036E00000000000000000000000000000000000DA
:1036F00000000000000000000000000000000000CA
:1037000000000000000000000000000000000000B9
:1037100000000000000000000000000000000000A9
:103720000000000000000000000000000000000099
:103730000000000000000000000000000000000089
:103740000000000000000000000000000000000079
:103750000000000000000000000000000000000069
:103760000000000000000000000000000000000059
:103770000000000000000000000000000000000049
:103780000000000000000000000000000000000039
:103790000000000000000000000000000000000029
:1037A0000000000000000000000000000000000019
:1037B0000000000000000000000000000000000009
:1037C00000000000000000000000000000000000F9
:1037D00000000000000000000000000000000000E9
:1037E00000000000000000000000000000000000D9
:1037F00000000000000000000000000000000000C9
:1038000000000000000000000000000000000000B8
:1038100000000000000000000000000000000000A8
:103820000000000000000000000000000000000098
:103830000000000000000000000000000000000088
:103840000000000000000000000000000000000078
:103850000000000000000000000000000000000068
:103860000000000000000000000000000000000058
:103870000000000000000000000000000000000048
:103880000000000000000000000000000000000038
:103890000000000000000000000000000000000028
:1038A0000000000000000000000000000000000018
:1038B0000000000000000000000000000000000008
:1038C00000000000000000000000000000000000F8
:1038D00000000000000000000000000000000000E8
:1038E00000000000000000000000000000000000D8
:1038F00000000000000000000000000000000000C8
:1039000000000000000000000000000000000000B7
:1039100000000000000000000000000000000000A7
:103920000000000000000000000000000000000097
:103930000000000000000000000000000000000087
:103940000000000000000000000000000000000077
:103950000000000000000000000000000000000067
:103960000000000000000000000000000000000057
:103970000000000000000000000000000000000047
:103980000000000000000000000000000000000037
:103990000000000000000000000000000000000027
:1039A0000000000000000000000000000000000017
:1039B0000000000000000000000000000000000007
:1039C00000000000000000000000000000000000F7
:1039D00000000000000000000000000000000000E7
:1039E00000000000000000000000000000000000D7
:1039F00000000000000000000000000000000000C7
:103A000000000000000000000000000000000000B6
:103A100000000000000000000000000000000000A6
:103A20000000000000000000000000000000000096
:103A30000000000000000000000000000000000086
:103A40000000000000000000000000000000000076
:103A50000000000000000000000000000000000066
:103A60000000000000000000000000000000000056
:103A70000000000000000000000000000000000046
:103A80000000000000000000000000000000000036
:103A90000000000000000000000000000000000026
:103AA0000000000000000000000000000000000016
:103AB0000000000000000000000000000000000006
:103AC00000000000000000000000000000000000F6
:103AD00000000000000000000000000000000000E6
:103AE00000000000000000000000000000000000D6
:103AF00000000000000000000000000000000000C6
:103B000000000000000000000000000000000000B5
:103B100000000000000000000000000000000000A5
:103B20000000000000000000000000000000000095
:103B30000000000000000000000000000000000085
:103B40000000000000000000000000000000000075
:103B50000000000000000000000000000000000065
:103B60000000000000000000000000000000000055
:103B70000000000000000000000000000000000045
:103B80000000000000000000000000000000000035
:103B90000000000000000000000000000000000025
:103BA0000000000000000000000000000000000015
:103BB0000000000000000000000000000000000005
:103BC00000000000000000000000000000000000F5
:103BD00000000000000000000000000000000000E5
:103BE00000000000000000000000000000000000D5
:103BF00000000000000000000000000000000000C5
:103C000000000000000000000000000000000000B4
:103C100000000000000000000000000000000000A4
:103C20000000000000000000000000000000000094
:103C30000000000000000000000000000000000084
:103C40000000000000000000000000000000000074
:103C50000000000000000000000000000000000064
:103C60000000000000000000000000000000000054
:103C70000000000000000000000000000000000044
:103C80000000000000000000000000000000000034
:103C90000000000000000000000000000000000024
:103CA0000000000000000000000000000000000014
:103CB0000000000000000000000000000000000004
:103CC00000000000000000000000000000000000F4
:103CD00000000000000000000000000000000000E4
:103CE00000000000000000000000000000000000D4
:103CF00000000000000000000000000000000000C4
:103D000000000000000000000000000000000000B3
:103D100000000000000000000000000000000000A3
:103D20000000000000000000000000000000000093
:103D30000000000000000000000000000000000083
:103D40000000000000000000000000000000000073
:103D50000000000000000000000000000000000063
:103D60000000000000000000000000000000000053
:103D70000000000000000000000000000000000043
:103D80000000000000000000000000000000000033
:103D90000000000000000000000000000000000023
:103DA0000000000000000000000000000000000013
:103DB0000000000000000000000000000000000003
:103DC00000000000000000000000000000000000F3
:103DD00000000000000000000000000000000000E3
:103DE00000000000000000000000000000000000D3
:103DF00000000000000000000000000000000000C3
:103E000000000000000000000000000000000000B2
:103E100000000000000000000000000000000000A2
:103E20000000000000000000000000000000000092
:103E30000000000000000000000000000000000082
:103E40000000000000000000000000000000000072
:103E50000000000000000000000000000000000062
:103E60000000000000000000000000000000000052
:103E70000000000000000000000000000000000042
:103E80000000000000000000000000000000000032
:103E90000000000000000000000000000000000022
:103EA0000000000000000000000000000000000012
:103EB0000000000000000000000000000000000002
:103EC00000000000000000000000000000000000F2
:103ED00000000000000000000000000000000000E2
:103EE00000000000000000000000000000000000D2
:103EF00000000000000000000000000000000000C2
:103F000000000000000000000000000000000000B1
:103F100000000000000000000000000000000000A1
:103F20000000000000000000000000000000000091
:103F30000000000000000000000000000000000081
:103F40000000000000000000000000000000000071
:103F50000000000000000000000000000000000061
:103F60000000000000000000000000000000000051
:103F70000000000000000000000000000000000041
:103F80000000000000000000000000000000000031
:103F90000000000000000000000000000000000021
:103FA0000000000000000000000000000000000011
:103FB0000000000000000000000000000000000001
:103FC00000000000000000000000000000000000F1
:103FD00000000000000000000000000000000000E1
:103FE00000000000000000000000000000000000D1
:103FF00000000000000000000000000000000000C1
:1040000000000000000000000000000000000000B0
:1040100000000000000000000000000000000000A0
:104020000000000000000000000000000000000090
:104030000000000000000000000000000000000080
:104040000000000000000000000000000000000070
:104050000000000000000000000000000000000060
:104060000000000000000000000000000000000050
:104070000000000000000000000000000000000040
:104080000000000000000000000000000000000030
:104090000000000000000000000000000000000020
:1040A0000000000000000000000000000000000010
:1040B0000000000000000000000000000000000000
:1040C00000000000000000000000000000000000F0
:1040D00000000000000000000000000000000000E0
:1040E00000000000000000000000000000000000D0
:1040F00000000000000000000000000000000000C0
:1041000000000000000000000000000000000000AF
:10411000000000000000000000000000000000009F
:10412000000000000000000000000000000000008F
:10413000000000000000000000000000000000007F
:10414000000000000000000000000000000000006F
:10415000000000000000000000000000000000005F
:10416000000000000000000000000000000000004F
:10417000000000000000000000000000000000003F
:10418000000000000000000000000000000000002F
:10419000000000000000000000000000000000001F
:1041A000000000000000000000000000000000000F
:1041B00000000000000000000000000000000000FF
:1041C00000000000000000000000000000000000EF
:1041D00000000000000000000000000000000000DF
:1041E00000000000000000000000000000000000CF
:1041F00000000000000000000000000000000000BF
:1042000000000000000000000000000000000000AE
:10421000000000000000000000000000000000009E
:10422000000000000000000000000000000000008E
:10423000000000000000000000000000000000007E
:10424000000000000000000000000000000000006E
:10425000000000000000000000000000000000005E
:10426000000000000000000000000000000000004E
:10427000000000000000000000000000000000003E
:10428000000000000000000000000000000000002E
:10429000000000000000000000000000000000001E
:1042A000000000000000000000000000000000000E
:1042B00000000000000000000000000000000000FE
:1042C00000000000000000000000000000000000EE
:1042D00000000000000000000000000000000000DE
:1042E00000000000000000000000000000000000CE
:1042F00000000000000000000000000000000000BE
:1043000000000000000000000000000000000000AD
:10431000000000000000000000000000000000009D
:10432000000000000000000000000000000000008D
:10433000000000000000000000000000000000007D
:10434000000000000000000000000000000000006D
:10435000000000000000000000000000000000005D
:10436000000000000000000000000000000000004D
:10437000000000000000000000000000000000003D
:10438000000000000000000000000000000000002D
:10439000000000000000000000000000000000001D
:1043A000000000000000000000000000000000000D
:1043B00000000000000000000000000000000000FD
:1043C00000000000000000000000000000000000ED
:1043D00000000000000000000000000000000000DD
:1043E00000000000000000000000000000000000CD
:1043F00000000000000000000000000000000000BD
:1044000000000000000000000000000000000000AC
:10441000000000000000000000000000000000009C
:10442000000000000000000000000000000000008C
:10443000000000000000000000000000000000007C
:10444000000000000000000000000000000000006C
:10445000000000000000000000000000000000005C
:10446000000000000000000000000000000000004C
:10447000000000000000000000000000000000003C
:10448000000000000000000000000000000000002C
:10449000000000000000000000000000000000001C
:1044A000000000000000000000000000000000000C
:1044B00000000000000000000000000000000000FC
:1044C00000000000000000000000000000000000EC
:1044D00000000000000000000000000000000000DC
:1044E00000000000000000000000000000000000CC
:1044F00000000000000000000000000000000000BC
:1045000000000000000000000000000000000000AB
:10451000000000000000000000000000000000009B
:10452000000000000000000000000000000000008B
:10453000000000000000000000000000000000007B
:10454000000000000000000000000000000000006B
:10455000000000000000000000000000000000005B
:10456000000000000000000000000000000000004B
:10457000000000000000000000000000000000003B
:10458000000000000000000000000000000000002B
:10459000000000000000000000000000000000001B
:1045A000000000000000000000000000000000000B
:1045B00000000000000000000000000000000000FB
:1045C00000000000000000000000000000000000EB
:1045D00000000000000000000000000000000000DB
:1045E00000000000000000000000000000000000CB
:1045F00000000000000000000000000000000000BB
:1046000000000000000000000000000000000000AA
:10461000000000000000000000000000000000009A
:10462000000000000000000000000000000000008A
:10463000000000000000000000000000000000007A
:10464000000000000000000000000000000000006A
:10465000000000000000000000000000000000005A
:10466000000000000000000000000000000000004A
:10467000000000000000000000000000000000003A
:10468000000000000000000000000000000000002A
:10469000000000000000000000000000000000001A
:1046A000000000000000000000000000000000000A
:1046B00000000000000000000000000000000000FA
:1046C00000000000000000000000000000000000EA
:1046D00000000000000000000000000000000000DA
:1046E00000000000000000000000000000000000CA
:1046F00000000000000000000000000000000000BA
:1047000000000000000000000000000000000000A9
:104710000000000000000000000000000000000099
:104720000000000000000000000000000000000089
:104730000000000000000000000000000000000079
:104740000000000000000000000000000000000069
:104750000000000000000000000000000000000059
:104760000000000000000000000000000000000049
:104770000000000000000000000000000000000039
:104780000000000000000000000000000000000029
:104790000000000000000000000000000000000019
:1047A0000000000000000000000000000000000009
:1047B00000000000000000000000000000000000F9
:1047C00000000000000000000000000000000000E9
:1047D00000000000000000000000000000000000D9
:1047E00000000000000000000000000000000000C9
:1047F00000000000000000000000000000000000B9
:1048000000000000000000000000000000000000A8
:104810000000000000000000000000000000000098
:104820000000000000000000000000000000000088
:104830000000000000000000000000000000000078
:104840000000000000000000000000000000000068
:104850000000000000000000000000000000000058
:104860000000000000000000000000000000000048
:104870000000000000000000000000000000000038
:104880000000000000000000000000000000000028
:104890000000000000000000000000000000000018
:1048A0000000000000000000000000000000000008
:1048B00000000000000000000000000000000000F8
:1048C00000000000000000000000000000000000E8
:1048D00000000000000000000000000000000000D8
:1048E00000000000000000000000000000000000C8
:1048F00000000000000000000000000000000000B8
:1049000000000000000000000000000000000000A7
:104910000000000000000000000000000000000097
:104920000000000000000000000000000000000087
:104930000000000000000000000000000000000077
:104940000000000000000000000000000000000067
:104950000000000000000000000000000000000057
:104960000000000000000000000000000000000047
:104970000000000000000000000000000000000037
:104980000000000000000000000000000000000027
:104990000000000000000000000000000000000017
:1049A0000000000000000000000000000000000007
:1049B00000000000000000000000000000000000F7
:1049C00000000000000000000000000000000000E7
:1049D00000000000000000000000000000000000D7
:1049E00000000000000000000000000000000000C7
:1049F00000000000000000000000000000000000B7
:104A000000000000000000000000000000000000A6
:104A10000000000000000000000000000000000096
:104A20000000000000000000000000000000000086
:104A30000000000000000000000000000000000076
:104A40000000000000000000000000000000000066
:104A50000000000000000000000000000000000056
:104A60000000000000000000000000000000000046
:104A70000000000000000000000000000000000036
:104A80000000000000000000000000000000000026
:104A90000000000000000000000000000000000016
:104AA0000000000000000000000000000000000006
:104AB00000000000000000000000000000000000F6
:104AC00000000000000000000000000000000000E6
:104AD00000000000000000000000000000000000D6
:104AE00000000000000000000000000000000000C6
:104AF00000000000000000000000000000000000B6
:104B000000000000000000000000000000000000A5
:104B10000000000000000000000000000000000095
:104B20000000000000000000000000000000000085
:104B30000000000000000000000000000000000075
:104B40000000000000000000000000000000000065
:104B50000000000000000000000000000000000055
:104B60000000000000000000000000000000000045
:104B70000000000000000000000000000000000035
:104B80000000000000000000000000000000000025
:104B90000000000000000000000000000000000015
:104BA0000000000000000000000000000000000005
:104BB00000000000000000000000000000000000F5
:104BC00000000000000000000000000000000000E5
:104BD00000000000000000000000000000000000D5
:104BE00000000000000000000000000000000000C5
:104BF00000000000000000000000000000000000B5
:104C000000000000000000000000000000000000A4
:104C10000000000000000000000000000000000094
:104C20000000000000000000000000000000000084
:104C30000000000000000000000000000000000074
:104C40000000000000000000000000000000000064
:104C50000000000000000000000000000000000054
:104C60000000000000000000000000000000000044
:104C70000000000000000000000000000000000034
:104C80000000000000000000000000000000000024
:104C90000000000000000000000000000000000014
:104CA0000000000000000000000000000000000004
:104CB00000000000000000000000000000000000F4
:104CC00000000000000000000000000000000000E4
:104CD00000000000000000000000000000000000D4
:104CE00000000000000000000000000000000000C4
:104CF00000000000000000000000000000000000B4
:104D000000000000000000000000000000000000A3
:104D10000000000000000000000000000000000093
:104D20000000000000000000000000000000000083
:104D30000000000000000000000000000000000073
:104D40000000000000000000000000000000000063
:104D50000000000000000000000000000000000053
:104D60000000000000000000000000000000000043
:104D70000000000000000000000000000000000033
:104D80000000000000000000000000000000000023
:104D90000000000000000000000000000000000013
:104DA0000000000000000000000000000000000003
:104DB00000000000000000000000000000000000F3
:104DC00000000000000000000000000000000000E3
:104DD00000000000000000000000000000000000D3
:104DE00000000000000000000000000000000000C3
:104DF00000000000000000000000000000000000B3
:104E000000000000000000000000000000000000A2
:104E10000000000000000000000000000000000092
:104E20000000000000000000000000000000000082
:104E30000000000000000000000000000000000072
:104E40000000000000000000000000000000000062
:104E50000000000000000000000000000000000052
:104E60000000000000000000000000000000000042
:104E70000000000000000000000000000000000032
:104E80000000000000000000000000000000000022
:104E90000000000000000000000000000000000012
:104EA0000000000000000000000000000000000002
:104EB00000000000000000000000000000000000F2
:104EC00000000000000000000000000000000000E2
:104ED00000000000000000000000000000000000D2
:104EE00000000000000000000000000000000000C2
:104EF00000000000000000000000000000000000B2
:104F000000000000000000000000000000000000A1
:104F10000000000000000000000000000000000091
:104F20000000000000000000000000000000000081
:104F30000000000000000000000000000000000071
:104F40000000000000000000000000000000000061
:104F50000000000000000000000000000000000051
:104F60000000000000000000000000000000000041
:104F70000000000000000000000000000000000031
:104F80000000000000000000000000000000000021
:104F90000000000000000000000000000000000011
:104FA0000000000000000000000000000000000001
:104FB00000000000000000000000000000000000F1
:104FC00000000000000000000000000000000000E1
:104FD00000000000000000000000000000000000D1
:104FE00000000000000000000000000000000000C1
:104FF00000000000000000000000000000000000B1
:1050000000000000000000000000000000000000A0
:105010000000000000000000000000000000000090
:105020000000000000000000000000000000000080
:105030000000000000000000000000000000000070
:105040000000000000000000000000000000000060
:105050000000000000000000000000000000000050
:105060000000000000000000000000000000000040
:105070000000000000000000000000000000000030
:105080000000000000000000000000000000000020
:105090000000000000000000000000000000000010
:1050A0000000000000000000000000000000000000
:1050B00000000000000000000000000000000000F0
:1050C00000000000000000000000000000000000E0
:1050D00000000000000000000000000000000000D0
:1050E00000000000000000000000000000000000C0
:1050F00000000000000000000000000000000000B0
:10510000000000000000000000000000000000009F
:10511000000000000000000000000000000000008F
:10512000000000000000000000000000000000007F
:10513000000000000000000000000000000000006F
:10514000000000000000000000000000000000005F
:10515000000000000000000000000000000000004F
:10516000000000000000000000000000000000003F
:10517000000000000000000000000000000000002F
:10518000000000000000000000000000000000001F
:10519000000000000000000000000000000000000F
:1051A00000000000000000000000000000000000FF
:1051B00000000000000000000000000000000000EF
:1051C00000000000000000000000000000000000DF
:1051D00000000000000000000000000000000000CF
:1051E00000000000000000000000000000000000BF
:1051F00000000000000000000000000000000000AF
:10520000000000000000000000000000000000009E
:10521000000000000000000000000000000000008E
:10522000000000000000000000000000000000007E
:10523000000000000000000000000000000000006E
:10524000000000000000000000000000000000005E
:10525000000000000000000000000000000000004E
:10526000000000000000000000000000000000003E
:10527000000000000000000000000000000000002E
:10528000000000000000000000000000000000001E
:10529000000000000000000000000000000000000E
:1052A00000000000000000000000000000000000FE
:1052B00000000000000000000000000000000000EE
:1052C00000000000000000000000000000000000DE
:1052D00000000000000000000000000000000000CE
:1052E00000000000000000000000000000000000BE
:1052F00000000000000000000000000000000000AE
:10530000000000000000000000000000000000009D
:10531000000000000000000000000000000000008D
:10532000000000000000000000000000000000007D
:10533000000000000000000000000000000000006D
:10534000000000000000000000000000000000005D
:10535000000000000000000000000000000000004D
:10536000000000000000000000000000000000003D
:10537000000000000000000000000000000000002D
:10538000000000000000000000000000000000001D
:10539000000000000000000000000000000000000D
:1053A00000000000000000000000000000000000FD
:1053B00000000000000000000000000000000000ED
:1053C00000000000000000000000000000000000DD
:1053D00000000000000000000000000000000000CD
:1053E00000000000000000000000000000000000BD
:1053F00000000000000000000000000000000000AD
:10540000000000000000000000000000000000009C
:10541000000000000000000000000000000000008C
:10542000000000000000000000000000000000007C
:10543000000000000000000000000000000000006C
:10544000000000000000000000000000000000005C
:10545000000000000000000000000000000000004C
:10546000000000000000000000000000000000003C
:10547000000000000000000000000000000000002C
:10548000000000000000000000000000000000001C
:10549000000000000000000000000000000000000C
:1054A00000000000000000000000000000000000FC
:1054B00000000000000000000000000000000000EC
:1054C00000000000000000000000000000000000DC
:1054D00000000000000000000000000000000000CC
:1054E00000000000000000000000000000000000BC
:1054F00000000000000000000000000000000000AC
:10550000000000000000000000000000000000009B
:10551000000000000000000000000000000000008B
:10552000000000000000000000000000000000007B
:10553000000000000000000000000000000000006B
:10554000000000000000000000000000000000005B
:10555000000000000000000000000000000000004B
:10556000000000000000000000000000000000003B
:10557000000000000000000000000000000000002B
:10558000000000000000000000000000000000001B
:10559000000000000000000000000000000000000B
:1055A00000000000000000000000000000000000FB
:1055B00000000000000000000000000000000000EB
:1055C00000000000000000000000000000000000DB
:1055D00000000000000000000000000000000000CB
:1055E00000000000000000000000000000000000BB
:1055F00000000000000000000000000000000000AB
:10560000000000000000000000000000000000009A
:10561000000000000000000000000000000000008A
:10562000000000000000000000000000000000007A
:10563000000000000000000000000000000000006A
:10564000000000000000000000000000000000005A
:10565000000000000000000000000000000000004A
:10566000000000000000000000000000000000003A
:10567000000000000000000000000000000000002A
:10568000000000000000000000000000000000001A
:10569000000000000000000000000000000000000A
:1056A00000000000000000000000000000000000FA
:1056B00000000000000000000000000000000000EA
:1056C00000000000000000000000000000000000DA
:1056D00000000000000000000000000000000000CA
:1056E00000000000000000000000000000000000BA
:1056F00000000000000000000000000000000000AA
:105700000000000000000000000000000000000099
:105710000000000000000000000000000000000089
:105720000000000000000000000000000000000079
:105730000000000000000000000000000000000069
:105740000000000000000000000000000000000059
:105750000000000000000000000000000000000049
:105760000000000000000000000000000000000039
:105770000000000000000000000000000000000029
:105780000000000000000000000000000000000019
:105790000000000000000000000000000000000009
:1057A00000000000000000000000000000000000F9
:1057B00000000000000000000000000000000000E9
:1057C00000000000000000000000000000000000D9
:1057D00000000000000000000000000000000000C9
:1057E00000000000000000000000000000000000B9
:1057F00000000000000000000000000000000000A9
:105800000000000000000000000000000000000098
:105810000000000000000000000000000000000088
:105820000000000000000000000000000000000078
:105830000000000000000000000000000000000068
:105840000000000000000000000000000000000058
:105850000000000000000000000000000000000048
:105860000000000000000000000000000000000038
:105870000000000000000000000000000000000028
:105880000000000000000000000000000000000018
:105890000000000000000000000000000000000008
:1058A00000000000000000000000000000000000F8
:1058B00000000000000000000000000000000000E8
:1058C00000000000000000000000000000000000D8
:1058D00000000000000000000000000000000000C8
:1058E00000000000000000000000000000000000B8
:1058F00000000000000000000000000000000000A8
:105900000000000000000000000000000000000097
:105910000000000000000000000000000000000087
:105920000000000000000000000000000000000077
:105930000000000000000000000000000000000067
:105940000000000000000000000000000000000057
:105950000000000000000000000000000000000047
:105960000000000000000000000000000000000037
:105970000000000000000000000000000000000027
:105980000000000000000000000000000000000017
:105990000000000000000000000000000000000007
:1059A00000000000000000000000000000000000F7
:1059B00000000000000000000000000000000000E7
:1059C00000000000000000000000000000000000D7
:1059D00000000000000000000000000000000000C7
:1059E00000000000000000000000000000000000B7
:1059F00000000000000000000000000000000000A7
:105A00000000000000000000000000000000000096
:105A10000000000000000000000000000000000086
:105A20000000000000000000000000000000000076
:105A30000000000000000000000000000000000066
:105A40000000000000000000000000000000000056
:105A50000000000000000000000000000000000046
:105A60000000000000000000000000000000000036
:105A70000000000000000000000000000000000026
:105A80000000000000000000000000000000000016
:105A90000000000000000000000000000000000006
:105AA00000000000000000000000000000000000F6
:105AB00000000000000000000000000000000000E6
:105AC00000000000000000000000000000000000D6
:105AD00000000000000000000000000000000000C6
:105AE00000000000000000000000000000000000B6
:105AF00000000000000000000000000000000000A6
:105B00000000000000000000000000000000000095
:105B10000000000000000000000000000000000085
:105B20000000000000000000000000000000000075
:105B30000000000000000000000000000000000065
:105B40000000000000000000000000000000000055
:105B50000000000000000000000000000000000045
:105B60000000000000000000000000000000000035
:105B70000000000000000000000000000000000025
:105B80000000000000000000000000000000000015
:105B90000000000000000000000000000000000005
:105BA00000000000000000000000000000000000F5
:105BB00000000000000000000000000000000000E5
:105BC00000000000000000000000000000000000D5
:105BD00000000000000000000000000000000000C5
:105BE00000000000000000000000000000000000B5
:105BF00000000000000000000000000000000000A5
:105C00000000000000000000000000000000000094
:105C10000000000000000000000000000000000084
:105C20000000000000000000000000000000000074
:105C30000000000000000000000000000000000064
:105C40000000000000000000000000000000000054
:105C50000000000000000000000000000000000044
:105C60000000000000000000000000000000000034
:105C70000000000000000000000000000000000024
:105C80000000000000000000000000000000000014
:105C90000000000000000000000000000000000004
:105CA00000000000000000000000000000000000F4
:105CB00000000000000000000000000000000000E4
:105CC00000000000000000000000000000000000D4
:105CD00000000000000000000000000000000000C4
:105CE00000000000000000000000000000000000B4
:105CF00000000000000000000000000000000000A4
:105D00000000000000000000000000000000000093
:105D10000000000000000000000000000000000083
:105D20000000000000000000000000000000000073
:105D30000000000000000000000000000000000063
:105D40000000000000000000000000000000000053
:105D50000000000000000000000000000000000043
:105D60000000000000000000000000000000000033
:105D70000000000000000000000000000000000023
:105D80000000000000000000000000000000000013
:105D90000000000000000000000000000000000003
:105DA00000000000000000000000000000000000F3
:105DB00000000000000000000000000000000000E3
:105DC00000000000000000000000000000000000D3
:105DD00000000000000000000000000000000000C3
:105DE00000000000000000000000000000000000B3
:105DF00000000000000000000000000000000000A3
:105E00000000000000000000000000000000000092
:105E10000000000000000000000000000000000082
:105E20000000000000000000000000000000000072
:105E30000000000000000000000000000000000062
:105E40000000000000000000000000000000000052
:105E50000000000000000000000000000000000042
:105E60000000000000000000000000000000000032
:105E70000000000000000000000000000000000022
:105E80000000000000000000000000000000000012
:105E90000000000000000000000000000000000002
:105EA00000000000000000000000000000000000F2
:105EB00000000000000000000000000000000000E2
:105EC00000000000000000000000000000000000D2
:105ED00000000000000000000000000000000000C2
:105EE00000000000000000000000000000000000B2
:105EF00000000000000000000000000000000000A2
:105F00000000000000000000000000000000000091
:105F10000000000000000000000000000000000081
:105F20000000000000000000000000000000000071
:105F30000000000000000000000000000000000061
:105F40000000000000000000000000000000000051
:105F50000000000000000000000000000000000041
:105F60000000000000000000000000000000000031
:105F70000000000000000000000000000000000021
:105F80000000000000000000000000000000000011
:105F90000000000000000000000000000000000001
:105FA00000000000000000000000000000000000F1
:105FB00000000000000000000000000000000000E1
:105FC00000000000000000000000000000000000D1
:105FD00000000000000000000000000000000000C1
:105FE00000000000000000000000000000000000B1
:105FF00000000000000000000000000000000000A1
:106000000000000000000000000000000000000090
:106010000000000000000000000000000000000080
:106020000000000000000000000000000000000070
:106030000000000000000000000000000000000060
:106040000000000000000000000000000000000050
:106050000000000000000000000000000000000040
:106060000000000000000000000000000000000030
:106070000000000000000000000000000000000020
:106080000000000000000000000000000000000010
:106090000000000000000000000000000000000000
:1060A00000000000000000000000000000000000F0
:1060B00000000000000000000000000000000000E0
:1060C00000000000000000000000000000000000D0
:1060D00000000000000000000000000000000000C0
:1060E00000000000000000000000000000000000B0
:1060F00000000000000000000000000000000000A0
:10610000000000000000000000000000000000008F
:10611000000000000000000000000000000000007F
:10612000000000000000000000000000000000006F
:10613000000000000000000000000000000000005F
:10614000000000000000000000000000000000004F
:10615000000000000000000000000000000000003F
:10616000000000000000000000000000000000002F
:10617000000000000000000000000000000000001F
:10618000000000000000000000000000000000000F
:1061900000000000000000000000000000000000FF
:1061A00000000000000000000000000000000000EF
:1061B00000000000000000000000000000000000DF
:1061C00000000000000000000000000000000000CF
:1061D00000000000000000000000000000000000BF
:1061E00000000000000000000000000000000000AF
:1061F000000000000000000000000000000000009F
:10620000000000000000000000000000000000008E
:10621000000000000000000000000000000000007E
:10622000000000000000000000000000000000006E
:10623000000000000000000000000000000000005E
:10624000000000000000000000000000000000004E
:10625000000000000000000000000000000000003E
:10626000000000000000000000000000000000002E
:10627000000000000000000000000000000000001E
:10628000000000000000000000000000000000000E
:1062900000000000000000000000000000000000FE
:1062A00000000000000000000000000000000000EE
:1062B00000000000000000000000000000000000DE
:1062C00000000000000000000000000000000000CE
:1062D00000000000000000000000000000000000BE
:1062E00000000000000000000000000000000000AE
:1062F000000000000000000000000000000000009E
:10630000000000000000000000000000000000008D
:10631000000000000000000000000000000000007D
:10632000000000000000000000000000000000006D
:10633000000000000000000000000000000000005D
:10634000000000000000000000000000000000004D
:10635000000000000000000000000000000000003D
:10636000000000000000000000000000000000002D
:10637000000000000000000000000000000000001D
:10638000000000000000000000000000000000000D
:1063900000000000000000000000000000000000FD
:1063A00000000000000000000000000000000000ED
:1063B00000000000000000000000000000000000DD
:1063C00000000000000000000000000000000000CD
:1063D00000000000000000000000000000000000BD
:1063E00000000000000000000000000000000000AD
:1063F000000000000000000000000000000000009D
:10640000000000000000000000000000000000008C
:10641000000000000000000000000000000000007C
:10642000000000000000000000000000000000006C
:10643000000000000000000000000000000000005C
:10644000000000000000000000000000000000004C
:10645000000000000000000000000000000000003C
:10646000000000000000000000000000000000002C
:10647000000000000000000000000000000000001C
:10648000000000000000000000000000000000000C
:1064900000000000000000000000000000000000FC
:1064A00000000000000000000000000000000000EC
:1064B00000000000000000000000000000000000DC
:1064C00000000000000000000000000000000000CC
:1064D00000000000000000000000000000000000BC
:1064E00000000000000000000000000000000000AC
:1064F000000000000000000000000000000000009C
:10650000000000000000000000000000000000008B
:10651000000000000000000000000000000000007B
:10652000000000000000000000000000000000006B
:10653000000000000000000000000000000000005B
:10654000000000000000000000000000000000004B
:10655000000000000000000000000000000000003B
:10656000000000000000000000000000000000002B
:10657000000000000000000000000000000000001B
:10658000000000000000000000000000000000000B
:1065900000000000000000000000000000000000FB
:1065A00000000000000000000000000000000000EB
:1065B00000000000000000000000000000000000DB
:0400000500102000C7
:00000001FF
