:1000000018F09FE518F09FE518F09FE518F09FE5C0
:1000100018F09FE518F09FE518F09FE518F09FE5B0
:100020004000000095201000992010009D20100035
:10003000A1201000A520100028211000A9201000E8
:10004000310F19EEFC1F01E3001040E3010000E056
:10005000031000E3101040E3010080E14FF07FF552
:10006000310F09EE6FF07FF5103903E3103040E3F4
:100070000300A0E10110A0E30010C0E5ED0704EAD1
:100100002DE9F041D0E902850446A8EB05074068D7
:1001100097422844154408D80E463A46A5EB0805F0
:1001200002F0B2F82A466068F11902F0ADF8BFF3A8
:100130005F8FE560BDE8F0812DE9F8434FF00008DE
:10014000064689461746D0E902243369151B9C42AE
:1001500003F1FF3125BF03F1FF339B180B1B1B1B62
:10016000BD4228BF3D469D4228BF1D467068494696
:100170002A46204402F088F8B2682C44A24208BF04
:100180000024A844A9447F1BBFF35F8FF460002FB5
:10019000DBD14046BDE8F883F8B540F20004C3F275
:1001A0001004A8220021204601F0EEFF46F6AC2202
:1001B00040F2B80040F2A801002303254FF4806705
:1001C0001026C0F20002C3F21000C3F21001256134
:1001D0006561A261E0612762A3626362E3622266F5
:1001E0006166A6662367E3666367BFF35F8F074BAD
:1001F0009C46A3F11000ACEB030213F9011D8342EE
:10020000A154F8D1BFF35F8FF8BD00BF8873000021
:100210002DE9F04F40F20007C3F210073B78054686
:10022000532B8846144683B001D0FFF7B5FF05EB8A
:10023000450307EBC303D3F86CB01E6F4FEA4509C3
:100240005E451FD8ABEB060B5C4528BF5C461CB96E
:10025000204603B0BDE8F08FA24609EB050307EB8B
:10026000C303596E40463144224602F00DF826443D
:10027000BAF1000F04D0A94407EBC909C9F87060AE
:100280005446E5E79A6E596EA2EB060AA24528BFCE
:10029000A246314440465246019301F0F5FF019BCE
:1002A00056449B6EA4EB0A04B34214BFABEB060B9F
:1002B00000265C4528BF5C46002CD9D0D044A2441F
:1002C000CBE700BFFFF7A4BF38B540F2000400EB56
:1002D0004003C3F21004013004EBC30300EB400001
:1002E00004EBC000DC6A8C46012C154612D0022CAF
:1002F0000CD0FCB99A6A596A8A429CBF1B6AD21810
:10030000013A511A8D4218D9204638BDBDE838400F
:10031000FFF712BF9A6A5C6AA2429CBF1B6AD2189E
:10032000013A141BAC4228BF2C462246FFF7E8FED8
:10033000204638BD0024204638BD2A466146FFF7D6
:10034000DFFE2C46E0E700BF40F2000370B5C3F2C9
:1003500010031B780446532B0D46164601D0FFF7B9
:100360001BFF324629462046BDE87040FFF7ACBF70
:1003700010B540F20004C3F210042378532B01D0CF
:10038000FFF70AFFE36E206FC01A18BF012010BDEF
:10039000D0E9013210B50446501C984207D82368B2
:1003A00099540246E16863680131A060E1609A42B5
:1003B00000D010BD21682069FFF7C6FFA3689842EE
:1003C00015BF4FF0FF330023E360A36010BD00BFF3
:1003D0002DE9F84F9142DDE90A940F461546834610
:1003E0001E4669D30B464FF00108B3FBF5F39D425F
:1003F00008F10108F9D9B04538BFB04614F0010A38
:1004000002D1B9F1000F41D1DBF80C30002B2EDB0B
:10041000012401E005FB04F4012E06F1FF36F9D8B2
:10042000B7FBF4F39D4205D805FB04F4B7FBF4F3E6
:100430009D42F9D947F29036C0F2000606E0AC4280
:10044000B4FBF5F30CD31C46B7FBF3F3F156584657
:1004500004FB1377FFF79CFFDBF80C30002BEEDA80
:10046000B9F1000F0CBF00230AF001034BB9BDE83E
:10047000F88F20215846FFF78BFFDBF80C30002B5C
:10048000F5DBC14509F1FF39F3D8F0E7B6FA86F399
:100490005B0913EA540314BF3024202409E02146E9
:1004A0005846FFF775FFDBF80C3009F1FF39002BD8
:1004B000DDDBC145F3D8A7E74FF001089BE700BF9C
:1004C000DFED8F0B00232DE9F04F9BB00DF12809D4
:1004D00005AC44F98F0780460D461746CDE9073035
:1004E000CDF8109006E004A8FFF752FF079B002B01
:1004F000C0F2818015F9011B002900F08E802529AA
:10050000F1D100262B4613F9011BA1F123020D2A7C
:1005100008D8DFE802F05F070707070707075B0750
:1005200063070757A1F13002D2B2092A4FF0000445
:100530000FD804EB840401EB440493F900101D462A
:10054000A1F13002D2B2092AA4F1300403F101036F
:10055000EFD92E2953D04FF0000B95F900105846D3
:1005600001E015F9011F21F00403682BF9D02529BA
:1005700038D05839CBB2202B37D8202935D8DFE8EE
:1005800011F07100340034003400340034003400C1
:100590003400340034003400FD00C3003400340063
:1005A00034003400340034003400340034003400AB
:1005B0003400AD0034003400880034008200340080
:1005C000340071001D4646F002069BE71D4646F0CA
:1005D000040697E71D4646F0080693E71D4646F0D9
:1005E00001068FE704A8FFF7D3FE079B002B05F158
:1005F0000105BFF67FAF18461BB0BDE8F08F95F937
:1006000001102A2915D13B6802351A1D3A600120D4
:10061000D3F800B095F90010A5E7079B002BEADDA1
:10062000069C002C40F0B480234418461BB0BDE863
:10063000F08FA1F13003DBB2092B4FF0000B05F175
:10064000010500F2E6800BEB8B0201EB420215F98B
:10065000011FA2F1300BA1F13003DBB2092BF2D95B
:10066000012080E710225B46D7F800C00DEB0200A6
:10067000DCF80010CDE900460CF104043C60FFF703
:10068000A7FE079BB2E75B460A22D7F800C004A882
:10069000EEE746F6B8233968C0F200030C1D3C6053
:1006A0000C680BF10102002C04BF00201C4600F076
:1006B000010604EB020A0CE0544514BF002306F0C7
:1006C0000103002B91D104A8FFF762FE079B002BCA
:1006D0008CDB14F9011B0029EED186E708231022D8
:1006E00000263C680DEB0200216804343C60CDE933
:1006F0000036FFF76DFE079B78E700BFAFF3008081
:1007000040000000000000003B681A6804333B60B2
:1007100082EAE273A3EBE273092B03927BDD4CF6D2
:10072000CD404FF0010ACCF6CC401946A0FB03C3E4
:1007300063290AF1010A4FEAD303F6DCDA4538BF30
:10074000DA4674BB079900240B460029FFF653AF25
:10075000039B002B4CDB730756D406F00303022BDC
:1007600008BFBBF1000F5FD05B460A22CDE900460F
:10077000039904A8FFF72CFE079B37E73B6804A802
:100780001A1D93F900103A60FFF702FE079B2DE750
:100790002246494640460393FFF7D6FD039B234478
:1007A00043E7039A06F00203002A17DB720715D409
:1007B000002B33D0BBF1000F0DD0F00709D50AE0B4
:1007C000202104A8FFF7E4FD079B013C002BFFF666
:1007D00012AFA245F4D307990B46B6E7013C13B11B
:1007E000BBF1000FF7D0F207F5D4002CF1D1A9E747
:1007F0005B422D2104A80393FFF7CAFD0799002946
:100800000B46FFF6F8AEA8E72B2104A8FFF7C0FDC2
:10081000F4E75846A7E64FF0010A8FE7F107D8D56D
:10082000079B002BA0DAE6E6002C9DD009E03021E2
:1008300004A8FFF7ADFD0799013C00290B46FFF620
:10084000DAAEA245F3D30B1EFFF6D5AE8CE700BFA0
:100850000EB400B582B003AB53F8041B01AA019398
:10086000FFF72EFE02B05DF804EB03B0704700BF47
:100870002DE9F04148F2EC0548F2E9030026C0F208
:1008800000052A78C0F200031E70002A3ED148F20B
:10089000FC0747F23841C0F200073846C0F20001B9
:1008A00002F0FF0800F0E0FC0446C0BB47F20C4138
:1008B0003846C0F2000100F057FB0446002850D132
:1008C000384600F04BFC0446D8BB7B68B3F90630D1
:1008D000002B58DB01215A09920003F01F0302F19B
:1008E000144201FA03F3C2F88431BFF34F8FBFF310
:1008F0006F8F46F644310020C0F20001FFF7A8FFD9
:10090000012300242B702046BDE8F08146F65C31BF
:100910003046C0F20001FFF79BFF0024F3E746F6E4
:10092000C02347F2D43246F6E0214046C0F200032D
:10093000C0F20002C0F20001FFF78AFF2046BDE8C6
:10094000F08146F6203347F2D43246F6E0213046B5
:10095000C0F20003C0F20002C0F20001FFF778FF0E
:10096000D1E746F6FC2347F2D43246F6E021404672
:10097000C0F20003C0F20002C0F20001FFF768FFFE
:100980002046BDE8F08101220021203302FA03F362
:10099000C9F21141C1F88031A7E700BF70B500244A
:1009A00084B00F226946204602940094CDF80B4093
:1009B0000194FFF787FC0546684601F017F81DB95A
:1009C0000025284604B070BD012839D002281AD16C
:1009D00047F23843C0F200039B782BB148F2EC0693
:1009E000C0F2000633788BBB46F6DC310020C0F243
:1009F0000001FFF72DFF46F648410020C0F200013C
:100A0000FFF726FFDCE746F690412046C0F20001E2
:100A1000FFF71EFF46F6A4412046C0F20001FFF793
:100A200017FF46F6C0412046C0F20001FFF710FF55
:100A300046F6F8412046C0F20001FFF709FFBFE784
:100A4000FFF716FF0546284604B070BD48F2FC00CB
:100A5000C0F2000000F058FD0546F8B946F6A43192
:100A6000C0F20001FFF7F4FE48F2FC00C0F2000003
:100A7000357000F09FFD05460028BCD046F6BC331B
:100A800047F2C43246F6E0212046C0F20003C0F22D
:100A90000002C0F20001FFF7DBFE92E746F680336A
:100AA00047F2C43246F6E0212046C0F20003C0F20D
:100AB0000002C0F20001FFF7CBFE82E72DE9F04112
:100AC00048F2EA0548F2FC00C0F2000503212A467C
:100AD00082B0C0F2000000F00FFA0446002871D185
:100AE0002B88DFED746A07EE903AF8EEE77A9FED17
:100AF000727A67EEA67A67EE877A48F2E003F7EE3D
:100B0000E70A46F6285248F2E400C0F20003C3EDBB
:100B1000007A4021CDED000BC0F20002C0F20000CF
:100B200001F0E8FA46F630512A88C0F2000120466A
:100B3000FFF78EFE47F2384648F2E40246F6585177
:100B40002046C0F20002C0F20001C0F20006FFF72A
:100B50007FFEB3783BB148F2E903C0F200031B7893
:100B6000002B00F0868048F2EC0348F2FC004FF0C6
:100B70000008C0F20003C0F2000083F8008000F01B
:100B8000C3FC074688BB48F2FC00C0F2000000F03E
:100B900011FD0746002849D148F2E903C0F20003DD
:100BA0001B78B2780BB1002A54D0022A69D046F6DD
:100BB000F0510020C0F20001FFF74AFE204602B0CB
:100BC000BDE8F08146F6085347F2B43246F6E0211C
:100BD000C0F20003C0F20002C0F200010020FFF7E3
:100BE00037FE204602B0BDE8F08146F6803347F27A
:100BF000B43246F6E021C0F200034046C0F20002E3
:100C0000C0F20001FFF724FE46F678513A4640460E
:100C1000C0F20001FFF71CFE00BE48F2FC00C0F26B
:100C2000000000F0C7FC07460028B5D046F6BC33EC
:100C300047F2B43246F6E0213C46C0F20003C0F26F
:100C40000002C0F200010020FFF702FE204602B0C1
:100C5000BDE8F0812B88B3F59B6F23D9B3F5426FC4
:100C6000A5D346F6C4510020C0F20001FFF7F0FD05
:100C70009DE744F240210120C0F20F0101F102FF83
:100C80009CE72B88B3F59B6F0CD9B3F5426FE8D284
:100C9000FFF7EEFD44F240210120C0F20F0101F107
:100CA000F1FE8BE746F698510020C0F20001FFF7F5
:100CB000CFFD7CE76666E63F0000803948F2FC0025
:100CC00010B5C0F2000000F075FC00B910BD46F68A
:100CD0003463BDE8104047F2A03246F6E021002020
:100CE000C0F20003C0F20002C0F20001FFF7B0BD85
:100CF00083780B2B00D0704743F23C1143F2401332
:100D000048F2E9000122C0F210010978C0F2100394
:100D1000013933F91130C0F20000002B02700DDBF5
:100D20005909890003F01F039A4001F11443C3F8E5
:100D30008421BFF34F8FBFF36F8F704700212033A3
:100D40009A40C9F21141C1F88021F2E770B5002440
:100D500084B003A8039401F187FE46F6586246F674
:100D600060619DF80D009DF80E30C0F20002CDE9E3
:100D70000030C0F200019DF80F302046FFF768FDFB
:100D800047F234012046C0F20001FFF761FD46F64C
:100D900090412046C0F20001FFF75AFD46F6A441FB
:100DA0002046C0F20001FFF753FD46F6C041204641
:100DB000C0F20001FFF74CFD46F6F84148F2EC05A1
:100DC00046F678562046C0F20001FFF741FDC0F21A
:100DD0000005C0F2000601E02B789BB9FFF7C8FAC6
:100DE0000028F9D0FFF7DAFD04460028F4D0FFF719
:100DF00065FF224631460020FFF72AFD00BE2B7812
:100E0000002BEBD0FFF75AFE04460028E6D0FFF790
:100E100055FF224631460020FFF71AFD00BEDDE7F0
:100E200008B5FFF793FF002008BD00BF4FF0FF0C8F
:100E300000F00303DB000CFA03FC002803F10303BA
:100E4000F0B501FA03F100F1200E6FEA0C032ADB82
:100E5000012443F280154FEA501C4FEA8C0C0CF130
:100E6000144C00F01F06B440DCF8846020F003004E
:100E70002643CCF8846000F11440D0F82064C0F21E
:100E800010053340C0F82034D0F820340B43C0F8AC
:100E9000203445F82E20CCF88442DCF8043123437A
:100EA000CCF80431F0BD0024012543F28016C9F2CC
:100EB0001144D4F8807005FA0EF52EF003002F438C
:100EC00000F11440C4F8807000F58810D0F8007468
:100ED000C0F210063B40C0F80034D0F8003419438B
:100EE000C0F8001446F82E20C4F88052D4F800311F
:100EF0002B43C4F80031F0BD10B540B33AB30346FC
:100F000044F243409C68C5F24120844223D1D86812
:100F1000A04224D188B21F280CD9323811F1040F15
:100F200018BF012813D81B68103133F81130002086
:100F3000138010BD586847F64444B0F800C0012043
:100F4000C0F2000454F82C4088402042EBD101F15B
:100F500089FD012010BD01F185FD072010BD01F1C3
:100F600081FD212010BD00BF2DE9F84F002848D099
:100F7000002946D044F2434203468068C5F241222C
:100F8000904243D147F644425D680C68B5F800C012
:100F9000C0F20002AF6952F82C0084B36FEA000877
:100FA00034EA00002BD1AD784A68012D33D032BB32
:100FB0008D6825BB3D78CE68002D00F0C68044EAE0
:100FC0000205B6F1000E26EA050518BF4FF0010E26
:100FD000002D18BF4FF0000EBEF1000F0FD091F89A
:100FE00016E0BEF1000F25D0BCF1000F05D1BEF117
:100FF000070F02D8CD7D032D1CD801F133FD01F17F
:1010000031FD01F12FFD0120BDE8F88F01F12AFD2E
:101010000720BDE8F88F002AF1D044EA0805154200
:10102000EDD1BE79002EC5D08E68002EE7D03542B6
:10103000C0D0E4E70D6975B3B5F808C0BCF1000F86
:1010400029D0D5E900A91CF4006F95F812B004D09E
:101050004AEA090919EA080FD1D11CF4007F0BD024
:101060004FF0010909FA0BF918EA090FC7D10CF47E
:101070002068B8F5206F6CD01CF4804F0BD0B5F809
:101080000A80B5F80CC0E045B9D8B5F80E80B5F8BF
:1010900010C0E045B3D8B1F808801FFA82FC1A6886
:1010A000B6B21FFA84F9A2F80490A2F814C0A2F80C
:1010B000D4801681CE7D46EA0E26A2F866602E46C2
:1010C0003DB32E8916F4006F11D0B5F80AC0A2F80E
:1010D0009060A2F89CC0B5F80CC0A2F89EC0B5F80C
:1010E00000C0A2F894C0B5F804C0A2F898C016F4E5
:1010F000007F0ED095F812C095F813E04CEA0E0C64
:1011000082F8A6C0B5F80EC02D8AA2F8A8C0A2F831
:10111000AA50898AA2F89060A2F88010F97861B18B
:10112000B4FA84F5118889B221F01F011F31491BDF
:1011300089B211809A8A1143998244F24342C5F2DE
:1011400041221C61DA60BDE8F88F002E3FF447AF02
:1011500055E71AEA090F8FD051E700BF08B578B3F9
:1011600044F243428168C5F24122914203461FD1B5
:10117000C2688A4220D148F201001A68B2F8801091
:1011800089B2814210D048F20300B2F8801089B2CF
:10119000814209D04CF20300B2F8801089B281423A
:1011A00002D0118809040FD49B8A0020138008BD47
:1011B00001F158FC072008BD01F154FC212008BDB5
:1011C00001F150FC012008BD01F14CFC082008BDD4
:1011D00043F23C1143F2401243F280132DE9F041F7
:1011E0000025C0F21001097890B08DF80200C0F21D
:1011F0001002013932F91120C0F21003203253F8E5
:1012000022406368226A1B88A769ADF808500192E2
:10121000ADF800301FB3D4F81C80B8F1000F21D016
:10122000C4464646BCE80F00EE4608AD0FC59CE834
:101230000F0085E80F00BEE80F000FC69EE80F0004
:101240008CE80F004046B847E36943B19C4608ACC0
:101250000FCCACE80F0094E80F008CE80F0010B042
:10126000BDE8F081E846EDE72DE9F04782B00028BF
:1012700000F0F3800C46002900F0E38003230A8885
:10128000D340DB0740F10C8100238E69C8F228139C
:1012900096F80080596805465B68B8F1000F07D0E2
:1012A000B8F1820F00F0CD80B8F1850F00F0C98051
:1012B000A1786379012900F0D980F078002840F006
:1012C000BD80003A18BF0122022B18BF0022002A5D
:1012D00040F0EB80E278002A40F0BD8044F24342C7
:1012E000A868C5F24122904200F0FA80226922B13A
:1012F000B4F906000028C0F2C0807069002800F030
:10130000AC800027AA6162696C60C5E90772286039
:10131000F2781F0247EA4137002A40F0A480002BF0
:1013200000F0B98047F48257BFB2AF8296F801A0AF
:10133000B6F80490237901204FEA4A1A4AEAC33AE0
:1013400099FA99F901F11CFC14EE160F002304EE32
:10135000163F0121B4F800C0C8F228030CF10602C0
:101360009140D3F8082322EA0102C3F80823D3F8F6
:1013700008334FF48043C9F20003BCF1000F07D0DB
:10138000BCF1010F40F0B0804FF4A043C8F2040359
:101390001A881A881A881A881A881A881B8804EEEC
:1013A000160F012001F1B0FB47F6FF531F402B68D9
:1013B0001FFA8AFA1F80A3F81090A3F80EA083F8F2
:1013C0000C80327A83F87D20B27922B1F27942F032
:1013D000C00283F8D920B4F90600002803DB2A46AE
:1013E000217BFFF723FDB4F90800002803DB2A4620
:1013F000617BFFF71BFDB4F90A00002803DB2A46D6
:10140000A17BFFF713FDB6F90A00002803DB2A468B
:10141000317BFFF70BFDB6F90E00002803DB2A46EF
:10142000317CFFF703FD002244F243431046C5F22E
:1014300041232A61AB6002B0BDE8F087022B3FF484
:1014400040AF01F10FFB0120019001F10BFB01986E
:1014500002B0BDE8F08701F105FB01F103FB0120BB
:1014600002B0BDE8F08747F496575DE7022BE8D15C
:10147000B07802283FF425AFE3E7B6F90A00002868
:10148000BFF63BAFB6F90E000028BFF636AF01F14C
:10149000E9FA0B20CFE747F4104747F0400743E74E
:1014A00001F1E0FA40F27A50CEE73279A2F1110070
:1014B0003F2A18BF0128C4D87279A2F111003F2A2F
:1014C00018BF0128BDD8B279002A3FF403AFF279E2
:1014D000A2F111003F2A18BF01287FF6FBAEB0E74A
:1014E00001F1C0FA0E20A6E747F26C1347F630422E
:1014F00047F274104FF40171C0F20003C0F2000211
:10150000C0F2000001F1ACFA10B5002831D044F26D
:1015100043438268C5F241239A4222D1C368934271
:1015200023D143685A7922B90023026818461380F0
:1015300010BD02689C69B2F8801021F00101A2F888
:1015400080109B78012B1CBF4FF47C53138214D066
:10155000138823F4805313800023026818461380F5
:10156000E6E701F17FFA072010BD01F17BFA2120A7
:1015700010BD01F177FA012010BD43F63F71A37948
:1015800011828BB192F8D93043F03F0382F8D93001
:1015900092F8D93023F0400382F8D93092F8D9304C
:1015A00023F0800382F8D930138823F0400313809E
:1015B000CEE700BF38B5002800F0028144F2434373
:1015C0008268C5F241239A42044640F0D980D0E9AE
:1015D0000032C0EF100000F10801906941F98F0757
:1015E000B3F8801021F00101A3F88010917801294F
:1015F0001CBF4FF47C51198200F0C680198821F479
:1016000080511980B2F90630002B80F29C80B2F92B
:101610000830002B7ADAB2F90A30002B5BDAB0F925
:101620000A30002B3CDAB0F90E30002B21DA00250D
:10163000236801201D80A3F8665001F1A1FA14EE81
:10164000161F04EE165F2A4601206368C8F22802BE
:101650001B88D2F80843063300FA03F32343C2F889
:101660000833D2F8083304EE161F01F14DFA28466C
:1016700038BD01215A0903F01F00920002F1144203
:101680008140C2F88411BFF34F8FBFF36F8F43F2D5
:10169000801200212033C0F2100242F82310C6E766
:1016A00001215A0903F01F05920002F11442A940DA
:1016B000C2F88411BFF34F8FBFF36F8F43F28012D4
:1016C00000212033C0F2100242F82310B0F90E308E
:1016D000002BACDBCDE701215A0903F01F05920076
:1016E00002F11442A940C2F88411BFF34F8FBFF337
:1016F0006F8F43F2801200212033C0F2100242F8B3
:101700002310B0F90A30002B8DDBC9E701215A09FB
:1017100003F01F05920002F11442A940C2F884119F
:10172000BFF34F8FBFF36F8F43F2801100256268C4
:101730002033C0F2100141F82350B2F90A30002BD7
:10174000FFF66DAFC7E701215A0903F01F059200AC
:1017500002F11442A940C2F88411BFF34F8FBFF3C6
:101760006F8F43F28011002562682033C0F21001B0
:1017700041F82350B2F90830002BFFF64CAFC5E713
:1017800001F170F9072038BD43F63F7581791D825C
:1017900089B193F8D91041F03F0183F8D91093F83B
:1017A000D91021F0400183F8D91093F8D91021F015
:1017B000800183F8D910198821F0400119801DE7B4
:1017C00001F150F9012038BD0020FFF701BD00BF35
:1017D00043F23C1143F240122DE9F04743F28013EB
:1017E00088B06D46C0F210010978C0F210020139CC
:1017F00032F91180C0F2100308F1200253F8226080
:101800002F46D6F80490F469D9F818A054B1A6462A
:10181000AC46BEE80F002746ACE80F009EE80F007C
:101820008CE80F00BAF90A10B9F800304145326867
:101830003B8020D00C23BB7092F8A63003F03F030E
:101840003B8192F8AC3023F0010382F8AC30336A6C
:101850007B60B36913B138469847F46944B1A44634
:101860002C460FCCACE80F0094E80F008CE80F007A
:1018700008B0BDE8F0870B23BB70B2F8A0309BB274
:1018800093FAA3F070B1B0FA80FC012160460CF02D
:101890000F0C01FA0CF1C94389B20B403881A2F850
:1018A000A030D4E74FF6FE712020F6E7704700BF66
:1018B00053B94AB9002908BF00281CBF4FF0FF31B7
:1018C0004FF0FF3000F090B8ADF1080C6DE904CE98
:1018D00000F006F8DDF804E0DDE9022304B070470B
:1018E0002DE9F04390420D4675EB0301044638BFE5
:1018F0000020079F38BF014664D3B3FA83F6002B5C
:1019000069D0B5FA85F1002D61D0761AA6F1200CC8
:10191000C6F1200EB34002FA0CF102FA06F80B43AE
:1019200022FA0EF2444543EA020375EB03023CBF80
:10193000002001460AD30120B4EB080465EB03053F
:1019400000FA0CF120FA0EF21143B040D6B34FEA80
:101950005802B04642EAC3725B080AE0A41A65EB7B
:10196000030524196D41013445F10005B8F1010862
:1019700008D0944275EB0309F0D224196D41B8F1F7
:101980000108F6D1001905FA0EFE24FA06F441EB1F
:10199000050125FA0CFC44EA0E0444EA0C04F54067
:1019A000A6F1200CC6F1200305FA06F204FA0CFC9D
:1019B00024FA03F342EA0C021A4304FA06F3C01AAB
:1019C00061EB02010FB1C7E90045BDE8F083B4FA4D
:1019D00084F1203199E7B2FA82F6B5FA85F1203622
:1019E000002D92D1F3E700BF704700BF0A2200210B
:1019F00000F05EBB2DE9F04F01F10B03074683B009
:101A0000162B26D8102900F2B98000F0B9FA10255B
:101A10001823022046F2F036C0F200063344A3F148
:101A200008025C68944200F09F8163683846D4E9FC
:101A3000021223F003032344CA6091605A680834F9
:101A400042F001025A6000F0A1FA204603B0BDE85E
:101A5000F08F23F00705A94294BF0021012151EA2C
:101A6000D37140F08B8000F08BFAB5F5FC7FC0F0AD
:101A7000D2816B0A00F08680042B00F29C81AB09B6
:101A800003F1390003F1380EC30046F2F036C0F21C
:101A900000063344A3F1080C5C68A44507D10DE0AF
:101AA000E168002A80F25A810C468C4506D06368B2
:101AB00023F003035A1B0F2AF2DD7046DFF8BC84C3
:101AC0003469444508BFD6F804E028D0636823F0A1
:101AD000030CACEB05030F2B00F3AD81002BC6E923
:101AE000048880F29C81D6F804E0BCF5007F80F089
:101AF00042814FEADC03012201334FEA5C1C02FA07
:101B00000CF256F833104EEA020E06EBC302A16047
:101B1000083AC6F804E0E26046F83340CC6083102F
:101B20004FF0010C0CFA03FCF44531D81CEA0E0FFF
:101B300007D120F003004FEA4C0C04301CEA0E0FD2
:101B4000F9D006EBC00A8146D646DEF80C300BE031
:101B50005A681C46DB6822F00302511B0F2900F370
:101B60003681002980F24A819E45F1D109F10109AF
:101B70000EF1080E19F0030FE7D180E10C233B6052
:101B8000002462E74FF4007340204FF03F0E7CE7E3
:101B9000B468636823F00309A945A9EB05032CBFCA
:101BA000002201220F2BD8BF42F00102002A00F0D0
:101BB000C48048F25013C0F2000308201B6803F1F0
:101BC000100804EB0903009300F050FB46F2E433E5
:101BD000C0F20003A844834601931A6801321EBF75
:101BE00008F1FF3842428044384618BF02EA08082C
:101BF000414600F01DFB019B8246B0F1FF3F00F023
:101C00008B80009A824262D9B44240F0858048F2CB
:101C10002012C0F200020BF1FF3C106800EB080E2E
:101C2000C2F800E0196801310FBFC3F800A0009BA3
:101C3000AAEB0303734418BF13601AF00703CDE93E
:101C4000003200F04081C3F1080338469A445B44F7
:101C5000D04408EA0C015B1A03EA0C0B594600F069
:101C6000E7FA421C019A00F06981A0EB0A0000EB40
:101C70000B08116848F00103C6F808A0B4425944A3
:101C8000CAF80430116037D0B9F10F0F9CBF01239F
:101C9000CAF8043040F209816068A9F10C0323F00E
:101CA00007034FF0050C00F001000F2B40EA030082
:101CB000606004EB0300C0E901CC1DD904F1080108
:101CC0003846009200F0E4FB009A116814E048F2F4
:101CD0002012C0F200020BF1FF3C11684144116078
:101CE0008E469FD1009810EA0C0F9BD1B26809EB89
:101CF000080343F00103536048F24C13C0F20003A1
:101D00001A688A4238BF196048F24813C0F20003CB
:101D10001A688A4238BF1960B468626822F0030208
:101D20009542A2EB050394BF002201220F2BD8BFDE
:101D300042F00102002A40F0B880621943F001032A
:101D4000384645F00105083444F8045CB26053603D
:101D500000F01CF9204603B0BDE8F08FA2682344D0
:101D60003846D1608A6069E6DC68A34208BF023069
:101D70003FF4A4AE59E64FEA5C22BCF5206F6CD369
:101D8000142A00F2B38002F15C035B32DB00F1182D
:101D9000F3580839994203D18BE09B68994204D0EB
:101DA0005A6822F003026245F7D8D968C4E90231C3
:101DB0008C60DC60B3E6142B56D9542B00F29F8064
:101DC0002B0B03F16F0003F16E0EC3005DE6D4F838
:101DD00008C03846671945F001056560CCF80C303D
:101DE000C3F808C041F00103C6E90477C7E90288D7
:101DF0007B60A150083400F0C9F826E6224438463A
:101E0000516841F00101516054F8082FD3609A6085
:101E100000F0BCF819E6E80805F10803FAE5A44467
:101E200038460834DCF8043043F00103CCF80430C1
:101E300000F0ACF809E6621943F00101384645F0BC
:101E400001056560C6E90422C2E90288516044F8D0
:101E50000C30083400F09AF8F7E54FEA9C1202F1D2
:101E600039033832DB0092E703F15C0003F15B0ECB
:101E7000C3000AE65AF80839013853457BD1810777
:101E8000F8D1736823EA0C0373604FEA4C0C0CF131
:101E9000FF329A4204D37BE64FEA4C0C09F1040965
:101EA0001CEA030FF8D048464BE6384600F06EF8BF
:101EB00066E692104FF0010C0CFA02F24EEA020EA6
:101EC000C6F804E072E70AEB0803384603EA0C039D
:101ED000ABEB030B0BEA0C0B594600F0A9F9019A86
:101EE000431C7FF4C2AEDDF800B0C2E6542A10D81D
:101EF0004FEA1C3202F16F036E32DB0047E7B3F5A5
:101F0000AA7F10D8EB0B03F1780003F1770EC30022
:101F1000BBE5B2F5AA7F19D84FEADC3202F17803AB
:101F20007732DB0033E740F2545293421DD8AB0CBA
:101F300003F17D0003F17C0EC300A6E5009B4FF08A
:101F4000000B083B9844A8EB0A0892E640F2545371
:101F50009A4295BF4FEA9C424FF47E7302F17D0393
:101F60007E229CBF7C32DB0011E74FF47E737F2022
:101F70004FF07E0E89E5736887E700BFF8630000C5
:101F800048F25410C0F2000000F06CB948F254104E
:101F9000C0F2000000F068B92DE9F04F1F46434B36
:101FA00083B0894693460D4601902A4615F8014BA9
:101FB0001E5D16F00806F8D12D2C67D02B2C6FF083
:101FC000004A04BF2C78951C37F010030ED1302C3A
:101FD00004D0002F67D10A27B84608E02A7802F01B
:101FE000DF02582A5AD0002F5DD10827B846414653
:101FF000504604F0CFF90022864610460EE0AEEBC4
:1020000000026145B2FA82F24FEA5212A8BF0022E2
:102010000ABB08FB00C0012215F8014BA4F1300CEB
:10202000BCF1090F0ED9A4F1410CBCF1190F98BFF6
:10203000A4F1370C06D9A4F1610CBCF1190F0DD82D
:10204000A4F1570C674509DD86452CBF0024012407
:1020500054EAD274D3D04FF0FF32DDE7531C0AD0DC
:1020600006B14042BBF1000F02D0AAB9CBF80090F4
:1020700003B0BDE8F08F019B222250461A60BBF1ED
:10208000000FF5D005F1FF395046EFE72C784FF0FF
:10209000004A951C012697E78246F3E710276C78E3
:1020A000B8460235A3E71027B846A0E7C17E000076
:1020B000A2F1010C10B5BCFA8CFC46F2F87EC0F21D
:1020C000000E4FEA5C1C1346242A88BF4CF0010C1A
:1020D000DEF80040BCF1000F06D10A46014620465A
:1020E000BDE81040FFF758BF00F0B6F816230360B4
:1020F000002010BD0CB446F2F873C0F2000310B516
:102100000029B8BF4FF0FF301C689CB0BCBF8B23C8
:1021100023601ADB4FF402724FF00003ADF8142075
:102120001B931FAB1E9A0290069013D14FF6FF70BF
:102130000491ADF816002046079102A9019300F022
:10214000ABFA431C01DA8B2323601CB0BDE81040BE
:1021500002B0704701394FF6FF700491ADF81600D8
:102160002046079102A9019300F096FA421C4FF015
:102170000002BCBF8B232360029B1A701CB0BDE819
:10218000104002B0704700BF30B583074BD0541EDB
:10219000002A43D0CAB2034601E0013C3ED303F813
:1021A000012B9D07F9D1032C31D9CDB24FF001326B
:1021B0000F2C02FB05F539D9A4F1100203F1100C24
:1021C00022F00F0EF4444FEA121E1A46C2E90055DF
:1021D000C2E9025510326245F8D10EF1010214F045
:1021E0000C0F04F00F0E03EB021318D01A4603EB8A
:1021F0000E0C42F8045BACEB0204032CF9D8AEF1F0
:1022000004020EF0030422F00302043213442CB142
:10221000C9B21C4403F8011BA342FBD130BD744674
:10222000002CF5D1FAE703461446BCE7A646DDE7E5
:1022300038B548F29024C0F2000405460846002252
:10224000226000F105FD431C00D038BD2368002B3F
:10225000FBD02B6038BD00BF46F2F873C0F200031C
:1022600018687047704700BF704700BF082802D148
:102270004FF48050704708B5FFF7EEFF0346162273
:102280004FF0FF301A6008BD844641EA000313F0A6
:10229000030349D1403A23D30B6803604B68436082
:1022A0008B688360CB68C3600B6903614B694361D2
:1022B0008B698361CB69C3610B6A03624B6A4362BA
:1022C0008B6A8362CB6AC3620B6B03634B6B4363A2
:1022D0008B6B8363CB6BC36340304031403ADBD2BE
:1022E00030320BD30B6803604B6843608B688360AC
:1022F000CB68C36010301031103AF3D20C3205D3E2
:1023000051F8043B40F8043B043AF9D2043208D0B7
:10231000D2071CBF11F8013B00F8013B01D30B8829
:1023200003806046704700BF082A13D38B07B1D0E3
:1023300010F00303AED0C3F10403D21ADB071CBFB5
:1023400011F8013B00F8013BA4D331F8023B20F81F
:10235000023B9FE7043AD9D3013A11F8013B00F858
:10236000013BF9D20B7803704B7843708B78837004
:102370006046704720F0030110F00300C0F1000038
:1023800051F8043B00F1040C4FEACC0C6FF0000252
:102390001CBF22FA0CF213434FF0010C4CEA0C2C38
:1023A0004CEA0C4CA3EB0C0222EA030212EACC1218
:1023B00004BF51F8043B0430F4D0C2F1000102EA3A
:1023C0000102B2FA82F2C2F11F0200EBD2007047A2
:1023D0002DE9F04146F2F038C0F200080646082028
:1023E0000D46FFF743FF04463046FFF7C9FDD8F816
:1023F000083021465F6827F00307A7F11100401B52
:10240000204403F099FE451E04FB05F5AC4208DCB0
:1024100000213046FFF70CFFD8F808303B449842C3
:1024200005D03046FFF7B2FD0020BDE8F0816942DB
:102430003046FFF7FDFE013012D0D8F8082048F2F0
:102440002013C0F200037F1B47F00107304657609E
:102450001A68521B1A60FFF799FD0120BDE8F08150
:1024600000213046FFF7E4FED8F80820831A0F2B2E
:10247000D7DD43F00103536046F2E433C0F20003BA
:1024800048F22011C0F200011B68C01A0860C8E7BA
:10249000002900F08380F8B50C460646FFF770FD72
:1024A000A4F1080554F8043C46F2F032C0F20002F0
:1024B00023F0010105EB010C9768DCF80400674587
:1024C00020F0030000F087800CEB000ECCF8040035
:1024D000DF0734D454F8084C02F10807DEF8043062
:1024E0002D1B214403F00103AC68BC4267D0D5F832
:1024F0000CE0C4F80CE0CEF80840002B00F08A8015
:1025000041F001036B60CCF80010B1F5007F23D2DD
:102510004809CB080121013381405068014352F83A
:102520003300516002EBC3010839C5E9020142F8EA
:102530003350C5603046BDE8F840FFF727BDDEF8F0
:102540000430DB072BD541F00103B1F5007F44F8DF
:10255000043CCCF80010DBD34B0AB1F5206F5BD202
:102560008B0903F1390003F13804C300D018D358A4
:102570000838984203D169E09B68984204D05A68B1
:1025800022F003028A42F7D8D868C5E90230856094
:102590003046DD60BDE8F840FFF7F8BC7047014405
:1025A00002F10807DCF80830BB4246D0DCF80C002A
:1025B000D860836041F001036B606950A5E7002B90
:1025C00064D1DCE902230844D3609A6040F001033F
:1025D0006B602850AEE70844DB0707D454F8083C8A
:1025E000ED1A1844D5E90213CB60996040F001035D
:1025F0006B6046F2E833C0F2000395601B688342CB
:1026000098D848F25013C0F2000330461968FFF71B
:10261000DFFE8FE70144C5E7142B08D9542B1CD8E3
:102620000B0B03F16F0003F16E04C3009EE703F18F
:102630005C0003F15B04C30098E7C2E9045541F074
:102640000103C5E902776B60695073E7A4100121AB
:10265000A14054682143516097E7B3F5AA7F06D89B
:10266000CB0B03F1780003F17704C3007EE740F25F
:102670005450834297BF8B0C4FF47E7303F17D005F
:1026800003F17C048CBF7E24C3006FE741F001039B
:102690006B60CCF800104DE72DE9F04F0C46154665
:1026A0002DED048BD3B0834622AF05910A9301F040
:1026B00011FE036812931846FFF75CFE0822119082
:1026C00000213846FFF760FDA3891A0603D5236968
:1026D000002B00F0BF87002346F6401AC0F2000A24
:1026E0009FED838BCDF834A00DF1A409AA469E4638
:1026F000CDE9273329ABCDF858E0269347F6C473CC
:10270000C0F20003CDF850E01393CDF860E0CDF8AF
:1027100054E0CDF85CE0CDF818E0CDF83CE00D9C3D
:102720005546D4F8E46001F0CDFD2A4603461EA9C3
:1027300058460097B047002800F036810346C0F2A3
:102740002B811E9A252A01D01D44EAE70446B5EBE9
:102750000A0640F02D8100238DF86F30194608934A
:102760006B7805F1010A4FF0FF32029104920AF1F1
:10277000010A1D46A5F120035A2B00F24781DFE82C
:1027800013F00D03450145010603450145014501CF
:102790006A0045014501C902DB024501D402E80295
:1027A0004501E1025B005B005B005B005B005B00DE
:1027B0005B005B005B0045014501450145014501AA
:1027C00045014501CA0145016E028800CA01CA01DE
:1027D000CA0145014501450145012A03450145015D
:1027E000BF00450145014501980245011803450117
:1027F00045012707450145014501450145014501C1
:1028000045014501CA0145016E028C00CA01CA0199
:10281000CA0165038C00810045015303450145034E
:10282000C30031038100450198027E004A0745013B
:1028300045014D0745017E000022A5F130031146F8
:102840000A221AF8015B02FB0131A5F13003092BC2
:10285000F7D908918EE7584601F03CFD436817937D
:102860001846FFF787FD04461590584601F032FDE3
:1028700083681893002C18BF002B40F09C869AF8B0
:10288000003074E7029B43F0200302939AF8003073
:102890006DE7029B43F010030293029B9E0640F1FA
:1028A000CE810A9B073323F007031A46596852F872
:1028B000083B0A920A460029C0F2A1850499002922
:1028C000C0F2B484029921F08001029114BF012169
:1028D000002153EA020018BF41F00101002940F035
:1028E000A58452AB04910B93079142E0AFF30080B3
:1028F0000000000000000000FFFFFFFFFFFFEF7F70
:10290000029B43F010030293029B13F0200200F09D
:1029100085810A9B073323F0070319465A6851F84B
:10292000083B0A910299002021F480660021049C52
:102930008DF86F10002CC0F2968343EA020C26F04B
:10294000800102916146002908BF002C14BF0121BB
:10295000002140F087830028C3D116F001030490C2
:10296000079317BF302352AB8DF847310DF2471351
:102970000B93079A002304989DF86F1082420993E5
:10298000B8BF0246109303920E930C9300294ED0C9
:10299000039B013303934AE0082200213846FFF7E6
:1029A000F3FB01231D44BCE60446B5EB0A0612D036
:1029B000279B289A0133C9E900A6072B3244D8BFC8
:1029C00009F108092793289216DC069B33440693E5
:1029D000002C7FF4C0AE289B002B41F0D081059BDA
:1029E0009B8903F04003002B41F02C83069853B0E1
:1029F000BDEC048BBDE8F08F059926AA584601F07E
:102A0000FBFB0028EBD10DF1A409DEE7002DE2D09D
:102A1000002101238DF8E4500393079339AB8DF81F
:102A20006F100991049110910E910C910B93029BE0
:102A3000029813F002031EBF039A02320392289AEF
:102A400010F0840805D10898039C041B002C00F3A7
:102A5000988089B10121C9F80410279901320DF13C
:102A60006F0028920131C9F8000007292791D8BFCB
:102A700009F1080900F3C48083B1279B1CA9023225
:102A8000C9F8001001330221072BC9F8041028925D
:102A9000D8BF09F10809279300F36C83B8F1800FC0
:102AA00000F04682049B07995C1A002C00F3928286
:102AB000029BD80500F1DC810B9BC9F80030079B15
:102AC000C9F804301A44279B289201332793072B17
:102AD00000F3458309F10809029B590705D5089BB6
:102AE00003995C1A002C00F35083069B0899039805
:102AF0008142ACBF5B181B180693002A40F0D582B8
:102B000000232793099B1BB109995846FFF7C0FC86
:102B10000DF1A40903E60A9B1FED897B073323F01F
:102B20000703B3EC028BB0EEC86B0A93B4EE476BAD
:102B3000F1EE10FA40F3A084B5EEC08BF1EE10FA7E
:102B400058BF9DF86F1002D52D218DF86F10029B94
:102B500047F21422C0F20002002023F08003029307
:102B600047F21023C0F20003032409900394472D79
:102B7000D8BF1A4607940B92049010900E900C90B8
:102B800004E747F6D476C0F200062799102C27DD1B
:102B9000CC461993A946059D02E0103C102C1CDD83
:102BA0000131102307291A44CCF80060CCF8043016
:102BB000D8BF0CF1080CCDE92712EEDD26AA294674
:102BC000584601F019FB0DF1A40C002840F0758265
:102BD000103CDDE92712102CE2DC199B4D46E14642
:102BE000013122440729C9F80060C9F80440CDE941
:102BF000271200F339869DF86F1009F1080928E7BC
:102C0000059926AA5846199301F0F6FA002840F0D3
:102C10005482289A0DF1A409199B2DE70A9902986C
:102C200051F8043B10F0100040F02384029A12F097
:102C3000400400F019849BB202460A9172E60A9A97
:102C4000029952F8043BCC0600F109840299480627
:102C500040F101841BB20A92DA1711462BE60A9B57
:102C6000432D03F1040403D0029BDB0640F1DC8416
:102C70000822002124A839AEFFF786FA0A9B3146C4
:102C800058461A6824AB02F0C3FE0346013307908E
:102C900001F0D381079B23EAE37303930021CDE97D
:102CA0000A468DF86F100991049110910E910C91C4
:102CB000BDE60A9E00238DF86F3056F8043B0B9357
:102CC000002B00F0D684532D00F04786029B13F0B2
:102CD00010030C9340F04186049B002BC1F25A80F4
:102CE000DDE90B011A4601F0F9FA0990002801F01C
:102CF0001C82099B0B9A9A1A0C9B7325079222EA55
:102D0000E2729DF86F100A960493039210930E934B
:102D100009933BE60A9B53F8042B0892002A80F2A1
:102D20009583089A0A9352420892029B43F0040347
:102D300002939AF800301AE52B238DF86F309AF839
:102D4000003014E5029B43F0800302939AF80030B0
:102D50000DE5524612F8015B2A2D01F02182A5F102
:102D60003003092B82BF0023924604933FF602AD45
:102D700000210A2012F8015B00FB0131A5F13003AC
:102D8000092BF7D941EAE17392460493F2E4029BDE
:102D900043F0010302939AF80030E8E49DF86F20B5
:102DA0009AF80030002A7FF4E2AC20228DF86F20E0
:102DB000DDE4029B43F0100616F0200200F00783CA
:102DC0000A9B0120073323F0070319465A6851F87C
:102DD000083B0A91AAE5029B43F0080302939AF884
:102DE0000030C4E40A9A0220029B782543F00206D0
:102DF00047F63003ADF8703047F22023C0F20003ED
:102E0000169352F8043B0A9200228FE5029B9C061F
:102E100040F1C0830A9B069A1B681A60D2175A6059
:102E20000A9B04330A937AE49AF800306C2B09BFAA
:102E3000029B029A43F02003029315BF42F0100256
:102E40009AF8013002920AF1010A90E49AF80030EF
:102E5000682B09BF029B029A43F40073029315BFCB
:102E600042F040029AF8013002920AF1010A7EE42F
:102E7000652D40F32F81B5EE408BF1EE10FA40F056
:102E8000E681279B01210132C9F80410013346F67F
:102E90005C61C0F20001072BC9F80010D8BF09F12E
:102EA00008092892279300F34B851D9B0F998B42AD
:102EB00080F2C782119B12991A44C9E90013279B1B
:102EC000289201332793072BD8BF09F1080900F393
:102ED000B5830F9B5C1E002C7FF7FEAD102C47F6D0
:102EE000C478C0F20008279BC2BF46461025DDF813
:102EF000148005DC00F05CBD103C102C40F35785BD
:102F000001331032072BC9E90065CDE92732D8BF5C
:102F100009F10809F0DD26AA4146584601F06CF98E
:102F2000002840F0CA80DDE927320DF1A409E3E76B
:102F3000089B03995C1A002C7FF7B4AD47F6C47860
:102F4000C0F20008279B102C26DD40464946A846C3
:102F5000DDF814901026054602E0103C102C17DD19
:102F600001331032072BC1E90056CDE92732D8BF13
:102F70000831F2DD26AA4946584601F03DF90028FD
:102F800040F09B80103C29A9DDE92732102CE7DCBA
:102F9000894629464546884601332244072BC9F80D
:102FA0000080C9F80440D8BF09F10809CDE92732EB
:102FB0007FF778AD059926AA584601F01DF900283B
:102FC0007BD1049B0DF1A4090799289A5C1A002C67
:102FD0007FF76EAD102C279BDCBF47F6C478C0F29C
:102FE000000827DD1398CC46A846102619468146CE
:102FF000054602E0103C102C18DD01311032072983
:10300000CCE90056CDE92712D8BF0CF1080CF1DD50
:10301000059926AA584601F0EFF80DF1A40C0028F6
:103020004BD1103CDDE92712102CE6DC45460B465F
:10303000C846E14601332244072BC9F80080C9F88D
:103040000440D8BF09F10809CDE927327FF730AD38
:10305000059926AA584601F0CFF870BB289A0DF1C1
:10306000A40925E5029E012800F0E180022800F075
:10307000C88052A8DC0803F0070144EA4273D20872
:103080003031044653EA020C00F8011DF2D1302918
:103090000CBF002306F001030B90002B40F044848A
:1030A00052AB02961B1A079363E4059926AA584669
:1030B00001F0A2F800283FF423AD099B002B3FF458
:1030C0008EAC09995846FFF7E3F9059B9B8903F0FD
:1030D000400388E4279B01320F9909F1080001336E
:1030E000012940F32E810B99072BC9F800104FF0EE
:1030F0000101CDE92732C9F8041000F38A81119942
:103100000133129C072B0A44C0E90041CDE9273264
:10311000D8BF083000F38981B5EE408B0F994D1E62
:10312000F1EE10FA00F029810B99013301310160B1
:10313000072B45602A44D8BF0830CDE9273200F379
:10314000108114990133072B41600A44D8BF00F164
:10315000080920A9CDE9273201607FF7BDAC0599A8
:1031600026AA584601F048F80028A6D1289A0DF161
:10317000A409B1E4059926AA584601F03DF80028B3
:103180009BD1289A0DF1A40988E4102C47F6D47637
:10319000C0F20006279BC4BF1025DDF8148003DCB5
:1031A0001CE0103C102C19DD01331032072BC9E94B
:1031B0000065CDE92732D8BF09F10809F1DD26AA5B
:1031C000414658460DF1A40901F016F800287FF495
:1031D00074AF103CDDE92732102CE5DC01332244CA
:1031E000072BC9E90064CDE927327FF77EAC05994A
:1031F00026AA584601F000F800287FF45EAF289A0E
:1032000073E4169C52A903F00F001B0943EA0273F2
:103210001209205C01F8010D53EA0200F3D152AB10
:103220000B915B1A02960793FFF7A3BB029E0A2B32
:1032300072F1000180F0C983303302968DF8473176
:10324000012307930DF247130B93FFF792BB1D99D0
:10325000002940F31A830C9D0F9B9D42A8BF1D4679
:10326000002D0DDD0B9B2A44C9E90035279B2892D0
:1032700001332793072BD8BF09F1080900F35D85B7
:103280000C9C002DA8BF641B002C00F30682DDE916
:103290000B130B449846029B5E0500F127821D9C90
:1032A0000F9B9C42C0F2AE82029BDD0700F1AA8216
:1032B0000F9B0B9D1C1B1D444346ED1AA542A8BF46
:1032C0002546002D0EDD279B2A44C9F800800133D6
:1032D000C9F80450072B2892D8BF09F10809279391
:1032E00000F33586002DA8BF641B002C7FF7F4ABDC
:1032F000102C47F6C478C0F20008279BC2BF464690
:103300001025DDF8148004DC52E3103C102C40F34F
:103310004E8301331032072BC9E90065CDE927320E
:10332000D8BF09F10809F0DD26AA4146584600F049
:1033300063FF00287FF4C1AEDDE927320DF1A40957
:10334000E3E70299CC073FF5CEAE0B99072BC9F8FE
:1033500000104FF00101CDE92732C9F804107FF7C2
:10336000F0AE059926AA584600F046FF00287FF4E3
:10337000A4AEDDE9273229A8E3E60F9901297FF7FA
:10338000E0AE112947F6C478C0F20008C2BF10248D
:103390004646DDF8148004DC9FE3103D102D40F319
:1033A0009B8301331032072BC0E90064CDE927323B
:1033B000D8BF0830F1DD26AA4146584600F01CFF70
:1033C00000287FF47AAEDDE9273229A8E5E70A99DB
:1033D00016F0100051F8043B0DD116F0400405D052
:1033E00002469BB201200A91FFF7A0BA16F40072C0
:1033F0001CBFDBB2224601200A91FFF797BA5B425D
:10340000029E4FF02D014FF0010062EB4202FFF7E8
:103410008EBA059926AA584600F0EEFE00287FF4E1
:103420004CAEDDE9273229A869E6059926AA584657
:1034300000F0E2FE00287FF440AEDDE9273229A843
:103440006AE6029BD9077FF547AB33E50A939AF802
:103450000030FFF78CB90299890500F181840A9246
:10346000DA171146FFF727BA029A12F4007240F0F9
:1034700081840A91FFF756BAB4EE488BF1EE10FA48
:1034800080F1F58525F02004412C40F02B83612D3F
:103490004FF030038DF8703014BF582378238DF827
:1034A0007130049B632B00F386840023099339ABAE
:1034B0000B9318EE903A002B80F25985B1EE480B31
:1034C0002D2319931DA800F057FFB4EE007B47F29F
:1034D0003420C0F2000020EE077B47F22022C0F229
:1034E0000002B3EE004BB5EE407BF1EE10FA04BFE4
:1034F00001231D93049B612D08BF10460B9A013BCD
:1035000006E0B5EE407BF1EE10FA00F001860B46C6
:1035100027EE047B1646591EFDEEC76B16EE904A49
:10352000B8EEE65B045D37EE457B02F8014B5C1CB0
:10353000E7D1B6EE005BB4EEC57BF1EE10FA40F3D6
:10354000128624961346C47B12F8011C8C4209D1C2
:10355000302603F8016C249B591E249113F8011C9A
:103560008C42F6D0392916BF0131817AC9B203F8ED
:10357000011C1346029A012142F0020202920B9AA8
:103580009B1A05F10F020F931D9BD2B20C93013BC6
:103590001D9306E3029BD80600F19882029B590610
:1035A00000F1D883029B9A0540F190820A9B069A0B
:1035B0001B681A7034E4189B1A789AF80030002AB5
:1035C0003FF4D5A8029A42F480620292FFF7CFB886
:1035D00047F23423C0F200031693029B13F020023B
:1035E00000F02C810A9B073323F0070319465A6821
:1035F00051F8083B0A9153EA0201029901F00101D6
:1036000008BF0021002940F085810299022021F4A1
:103610008066FFF78BB9029EFFF7CEBB47F22023EF
:10362000C0F200031693D8E70A9B39AE1B688DF8E9
:10363000E430012303930793FFF730BB059926AAD3
:10364000584600F0D9FD00287FF437AD289A0DF1D7
:10365000A4093EE440215846FEF7CCF9059B1860CA
:103660001861002800F0C485059A40235361FFF7D4
:1036700032B8049A19460A96062A049328BF0622ED
:1036800009930392079247F24822C0F20002109376
:103690000B920E930C93FFF779B9102C47F6C47870
:1036A000C0F20008279BC2BF46461025DDF81480F3
:1036B00004DCD5E2103C102C40F3D18201331032EF
:1036C000072BC9E90065CDE92732D8BF09F1080900
:1036D000F0DD26AA4146584600F08EFD00287FF412
:1036E000ECACDDE927320DF1A409E3E70E9B10985D
:1036F0000028D8BF002B40F377850B460F9947F67B
:10370000C476C0F200060B44CDF840A0494682467C
:10371000DDF8609007E080440E98BAF1000FD8BF42
:10372000002840F31385BAF1000F179CCFBF0AF1B0
:10373000FF3A09F1FF390E9800F1FF30D8BF0E9023
:103740001598C1E90040024427982892013027903B
:103750000728D8BF083100F3D08099F80000A3EB08
:10376000080504938542A8BF0546002D0CDD279867
:103770002A44C1E90085013028920728279000F3E8
:10378000968199F800000831002DACBF441B044617
:10379000002CC0DD102C2798DCBF47F6C47CC0F29B
:1037A000000C21DD102507960C9302E0103C102C34
:1037B00017DD013010320728C1E90065CDE9270285
:1037C000D8BF0831F2DD059926AA584600F014FD4D
:1037D00000287FF472AC103C29A9DDE92702102CE7
:1037E000E7DCDDF81CC00C9B013022440728C1F83F
:1037F00000C04C60CDE9270200F33B8399F800003C
:10380000083188E7119B12991A44C9E90013279BD4
:10381000289201332793072BD8BF09F108097FF7B6
:1038200047AD059926AA584600F0E6FC00287FF42B
:1038300044AC1D9C0DF1A409289A39E50A99029817
:1038400051F8043B10F010000CD1029A12F0400421
:1038500003D09BB202460A91CDE6029A12F400729E
:1038600040F084820A91C6E6059926AA5846199323
:1038700000F0C2FC00287FF420AC9DF86F100DF121
:10388000A409289A199BFFF7E4B8279B012001326D
:10389000C9F80400013346F65C60C0F20000072B53
:1038A000C9F80000D8BF09F108092892279300F34E
:1038B0002B820F9B0B4300F00B83119B12981A4431
:1038C000C9E90003279B289201332793072BD8BF10
:1038D00009F1080900F3DC820029C0F24E830B993C
:1038E0000133C9F80010072B0F99C9F804100A44D6
:1038F000CDE927327FF7EEA831E4059926AA58468C
:10390000049300F079FC00287FF4D7AB289A29A90A
:10391000049B22E702998DF8715041F00201029157
:1039200030218DF8701070E60B99A31E302202969C
:103930000B9301F8012C52AAD21A0792FFF719B87B
:10394000059926AA584600F057FC00287FF4B5AB2D
:10395000289A0DF1A409FFF7A8BA0DF190080B9B66
:103960000822002140461F93FEF70EFC049B002B0B
:10397000C0F291810024039609951E4625460DE06C
:1039800039A9584602F044F80434431C284400F096
:103990005E83B04207DC00F0B68305461F9A4346BB
:1039A0001259002AECD10795039E099D82E1B04689
:1039B00001332244C9F80080072BC9F80440CDE93F
:1039C00027327FF787A8FFF7CABB06F48060002480
:1039D0004CF6CD41CCF6CC419E46CDE90256CDF811
:1039E0001C900DF5A47CCDF830A0A146DDF860A0B8
:1039F0000E460346CDF824B007E0BEF10A0F72F17F
:103A000000023FD3AE462246C4461EEB02004FF0F2
:103A1000050B40F1000009F101090CF1FF38A6FB8C
:103A2000001424F0030101EB94014FF0CC34401A50
:103A3000BEEB000162F1000504FB01F406FB054446
:103A4000A1FB06510C4405F001016D0845EAC4755F
:103A50006408A1FB0B1B091830310CF8011C002B6A
:103A6000CBD09AF80010B1F1FF0018BF01204945F2
:103A700018BF00200028C0D0BEF10A0F72F100026A
:103A800080F01482039E424652AB029D9B1ACDF8F1
:103A900060A0CDF83C90DDF824B0DDF81C90DDF896
:103AA00030A0CDF82C8002960793FEF762BF0599EF
:103AB00026AA5846079300F09FFB00287FF4FDAA32
:103AC00099F8000029A9289A079B5DE60A9B069AA7
:103AD0001B681A60FFF7A4B9B0460133C0F8008034
:103AE000FFF726BB049B5E1C00F07181472C08BFCA
:103AF000002B08BF01230493029B43F4807618EE49
:103B0000903A002BC0F21D83B0EE489B002319931E
:103B1000652D00F0EF8100F39581452D00F0EA81DD
:103B2000462D40F09281DDF81080032124ABB0EEE9
:103B3000490B019342461FAB584600931DAB00F062
:103B4000F3FC462C00EB08010B9006D10B9B1B7875
:103B5000302B00F0D4811D9B1944B5EE409BF1EE53
:103B600010FA00F0F081249B8B4206D230205A1CC0
:103B700024921870249B9942F9D81D9A0C920B9AA2
:103B8000472CA3EB02030F9300F02A81462C1CBFA5
:103B90000C9B03F1FF3300F0BE81EAB200211D93BC
:103BA0000991002B8DF88020B4BF2D222B228DF897
:103BB0008120BCBF0C9BC3F10103092B40F315828C
:103BC0000DF1970C4CF6CD4ECCF6CC4E62460A2643
:103BD0001146AEFB03021C46632C4FEAD20206FBE1
:103BE0001230134600F1300201F8012C01F1FF32CE
:103BF000EEDC303302F8013C8B1E634580F0DC8242
:103C00000DF1810213F8010B02F8010F6345F9D1A0
:103C100052AB591AA1F1AD0314930F9B149A012BC7
:103C20001A44079240F31E82079B119A134407938C
:103C3000029B079A23F4806343F48073029322EA81
:103C4000E2720023039210930E930C93199B002BA6
:103C500040F0D0809DF86F100493FEF797BEB046F9
:103C600001332244072BC9F80080C9F80440D8BFAB
:103C700009F10809CDE927327FF709AB059926AA92
:103C8000584600F0B9FA00287FF417AA289A0DF1D7
:103C9000A409FFF7FCBA00231FAA19465846CDF81D
:103CA000008001F0D3FE03460133079000F0CF817E
:103CB0000B9B1F93079B002B33D0632B70DC0023DF
:103CC000099339AB0B93082200214046FEF75CFABA
:103CD000079C0B991FAA23465846CDF8008001F097
:103CE000B5FE844240F07A820B990023079A0A9627
:103CF00004938B5422EAE27210939DF86F100392A2
:103D00000E930C93FEF742BE059926AA584600F082
:103D100073FA00287FF4D1A91D990DF1A409289AFE
:103D2000C7E5079B9DF86F100A96CDE90333109302
:103D30000E930C930993FEF729BE059926AA5846BF
:103D400000F05AFA00287FF4B8A9289A0DF1A409C6
:103D5000FFF796BA0A9B069A1B681A80FFF760B8AD
:103D60005BB20A92DA171146FEF7A5BDDBB2224616
:103D70000A9140E4DBB222460A91FEF7D3BD059CCE
:103D800026AA5846214600F037FAA38903F04003DB
:103D9000FEF729BE0B98FEF7EDFA0246FEF7ACBF20
:103DA000591C5846FDF726FE0B90002800F00B82A8
:103DB0000B9B099387E7591C5846FDF71BFE0B9098
:103DC000002800F03A810B9B0993FFF772BB062392
:103DD000049391E6249B0B9A9B1A0F931D9B0C93C3
:103DE000049A0C9B13F1030FA8BF9A4209DA023D13
:103DF000013BD2E62D2100238DF86F100493FEF7CE
:103E0000C7BD0F9B0C9A934200F3DD80029B13F019
:103E1000010F0C9B08BF079302D0119A134407931C
:103E2000029B5D0503D50C9B002B00F33C81079B97
:103E3000672523EAE3730393002302960993109303
:103E40000E9303E7662D3FF46EAE24ABB0EE490B44
:103E5000019302211FAB049A009358461DAB00F05A
:103E600063FB029B0B90DB07B4D50B9B049A99185C
:103E700073E6059926AA5846079300F0BDF9002875
:103E80007FF41BA999F8000029A9289A079B42E40E
:103E9000059926AA584600F0AFF900287FF40DA92D
:103EA0001D990DF1A409DDE9273215E50B93159B4A
:103EB0001799A8EB03081A46404600F0C9F99AF88A
:103EC00001200B9B0AB10AF1010A4FF0000999E5A4
:103ED000029BDB077EF500AE119B12991A44C9E9DB
:103EE0000013279B289201332793072BD0DC09F17D
:103EF0000809F4E4049B022103F1010816E6B5EE7B
:103F0000409BF1EE10FA40F05A811D9B0C9319442E
:103F10000B9BCB1A0F93029B049A0C9903F001039D
:103F20001343002940F32C81002B40F0E6800C9BCA
:103F300066250793029B5B0500F1B680079B23EA89
:103F4000E373039378E71D9A0B460C9217E60599E5
:103F500026AA584600F050F900287FF4AEA81D9C10
:103F60000DF1A4090F9B289A1C1BFFF7BBB9002376
:103F7000B0EE480B1993FFF7A5BA4C4247F6C47848
:103F8000C0F200081031BCBF1025464603DB3CE000
:103F9000103C102C38DD01331032072BC9E90065C5
:103FA000CDE92732D8BF09F10809F1DD059926AA24
:103FB000584600F021F900287FF47FA8DDE9273278
:103FC0000DF1A409E4E70F9B119A9A180C9B079234
:103FD000002BC8BF6725ADDCC3F1010367251A4478
:103FE000079222EAE273039326E70DF1820221B9D8
:103FF00030228DF882200DF18302303302F8013B2C
:1040000020ABD31A149308E6B04601332244072BA1
:10401000C9F80080C9F80440CDE927327FF767AFBF
:10402000059926AA584600F0E7F800287FF445A82D
:10403000DDE927320DF1A40951E4059A938943F093
:10404000400393814FF0FF330693FEF7CFBC059BEF
:1040500000220992B3F90C3043F04003059A938192
:10406000FFF72BB8029BDE077FF5E2ADDCE518EE2B
:10407000903A0020032447F21C22C0F2000209906B
:104080000394002B029BBCBF2D218DF86F1023F0F1
:1040900080030293A8BF9DF86F1047F21823C0F267
:1040A0000003FEF764BD672518990B78FF2B00F01D
:1040B000918000240C9A204603E001300131FF2B4F
:1040C00008D0934206DAD21A4B78002BF5D10B7840
:1040D0000134F4E718910E9010940C920E9A109BF4
:1040E00015991344079A029601FB032300220793B4
:1040F000099223EAE3730393A8E5119B66251A440A
:104100005318079316E7049B039E099D0793D1E577
:10411000002BA2BF013330219B18FFF62AAA02F818
:10412000011B9342FBD1FFF725BA049B73259DF831
:104130006F100A9603930793049010900E90FEF769
:1041400025BC2D23B1EE489B1993E1E4049BDDF8D7
:1041500040A0CDF8609089469845414628BF194651
:104160008846FFF79CB8B4EE457BF1EE10FA7FF479
:1041700000AA16EE903AD9077FF5FBA9FFF7E1B93F
:1041800023B9012366250393079355E6119B5D1C14
:10419000049B2B446625079323EAE37303934BE6C2
:1041A0000A999AF80130924651F8042B0A9142EA92
:1041B000E2720492FEF7DBBA022314932DE5C8F1F4
:1041C00001031D93C8E4059B0990B3F90C3043F03B
:1041D000400343E7002310930E937FE7059BB3F959
:1041E0000C3043F0400339E70B9B0F990B44B3E7C6
:1041F0000C23CBF8003025E72DE9F84315469268EB
:104200002C68FAB180468946083401E00834CFB101
:104210006B681746591E002B696013DD54F8046C57
:10422000002EF3D0334654F8082C4946404601F09E
:1042300019FC431C07D0AA680834921BAA601746D1
:10424000002FE5D100200023C5E90133BDE8F88344
:1042500040EA0103032A10B598BF0024C3F3010309
:1042600088BF0124002B18BF00248446B4B901F193
:10427000FF3E07E01EF8011F541E03F8011B29B181
:104280009C4622466346002AF4D110BD9444002C7B
:10429000FBD003F8011B6345FBD110BD8E46DEF851
:1042A000004071460EF1040EA4F1013323EA040329
:1042B00013F0803FDBD1043A4CF8044B032AEED8CC
:1042C0007146D4E746F64013C0F2000393F8280184
:1042D000704700BF00487047306A00005FFA81FCF9
:1042E000810744D00346511E22B909E09A0709D03C
:1042F000013905D31846013302786245F6D170477B
:1043000000207047184603290CD80029F8D003462E
:10431000014401E08B42F3D0184613F8012B6245AB
:10432000F8D1704710B54FF00134024604FB0CF48D
:1043300002E00439032915D9104652F8043B6340C2
:10434000A3F1013E2EEA030313F0803FF1D00346B0
:10435000014401E08B4208D0184613F8012B624556
:10436000F8D110BD10460029F1D1002010BD114632
:10437000C9E700BF0000000030B44FF6FF7CC7F66D
:10438000EF7C82B0002101608DED000B019A22F0DC
:104390000043634521D8009C1C431ED00C46C7F641
:1043A000F074144054B99FED107B6FF0350120EE8E
:1043B000077B8DED007B019A22F000431B156FF304
:1043C0001E52DDE90045A3F2FE3342F07F550B4457
:1043D00045F400150360CDE900459DED000B02B0EA
:1043E00030BC7047AFF30080000000000000504375
:1043F00003692DE9F04F0D6985B0AB42B8BF0020CD
:10440000C0F28E80013D00F1140801F114048B46C6
:10441000AA00814658F825A008EB020354F825109D
:10442000A7185046CDE902230131019101F084FE25
:10443000019906468A453ED30021029AA246C64605
:104440000B460846AC46019202945AF8044BDEF83B
:1044500000505745A1B24FEA1444AAB206FB01012D
:104460004FEA114089B2A2EB01021A4406FB040094
:1044700083B24FEA1040C3EB224392B203EB1543E1
:1044800042EA03424FEA23434EF8042BDDD2DDE932
:104490000124654658F802306BB9039B043B9845EC
:1044A00003D306E0013D984503D253F80429002ABE
:1044B000F8D0C9F810505946484601F04FF9002885
:1044C0002DDB00224146944654F8040B0B68A742AA
:1044D0001FFA80FE4FEA10409AB2A2EB0E0262442D
:1044E000C0EB224092B200EB134042EA00424FEA96
:1044F000204C41F8042BE7D258F8252008EB85031F
:1045000062B9043B434503D806E0013D984503D218
:1045100053F80429002AF8D0C9F810500136304663
:1045200005B0BDE8F08F00BF2DE9F04F57EC106BE0
:1045300004462DED028B8FB00291816B1A9DCDE95F
:1045400004328DED000B41B1C26B01234A609340F0
:104550008B6000F097FE0023A363B7F10008B6BF9D
:104560000123002328F000482B604FF00003C7F61A
:10457000F073B8BFCDF8048033EA080300F0B680CA
:104580009DED008BB5EE408BF1EE10FA11D1049A3F
:10459000012313601B9B13B11B9AC74B136046F694
:1045A0005C69C0F2000948460FB0BDEC028BBDE863
:1045B000F08FB0EE480B0CAA0DA9204601F0BAF915
:1045C0005FEA1853054640F0AC80DDE90C23134444
:1045D00003F232412029C9BFC1F14001C1F12001DC
:1045E00008FA01F803F21241D8BF06FA01F103F10B
:1045F000FF33C4BF26FA01F148EA010107EE101AA1
:1046000001210A91B8EE477B17EE906A51EC170B27
:10461000A6F1F87141EC170BB7EE086B9FEDA04BBC
:1046200037EE466B9FEDA07B9FEDA15B06EE047B12
:1046300006EE903AB8EEE66B06EE057BB5EEC07B73
:10464000FDEEC76BF1EE10FA16EE90AA08D5B8EEA3
:10465000E66BB4EE476BF1EE10FA18BF0AF1FF3AC1
:10466000D31ABAF1160F03F1FF3900F28C8148F228
:104670001802C0F2000202EBCA0292ED007BB4EE17
:10468000C78BF1EE10FA67D50AF1FF3A00220992C2
:10469000B9F1000FB7BFC3F1010300234FF00009C8
:1046A0000693A8BF0693BAF1000F5BDA069BCDF81C
:1046B0001CA0A3EB0A030693CAF100030393029B19
:1046C0004FF0000A092B55D8052BD8BF012602DD73
:1046D0000026043B0293029B023B032B00F26685FB
:1046E000DFE813F01E031B030F03F202049AC8F362
:1046F000130842F20F7358EA0608136021D01B9B7F
:1047000047F2A429C0F20009002B3FF44CAF09F195
:1047100003031B9A484613600FB0BDEC028BBDE843
:10472000F08F18EE906A00210A9151EC180B0C9A48
:10473000A3F2FF33C6F3130646F07F5141F4401154
:1047400068E71B9B47F29829C0F20009002B3FF451
:104750002AAF09F10803DCE7002B40F3648400234F
:104760000993069300230393029BD144CDF81CA028
:10477000092BA9D94FF0FF3B00230126029308968D
:1047800005930021CDF82CB0E163204600F054FDE4
:104790008046002800F01285BBF10E0F8CBF00266A
:1047A00006F00106A063002E00F0CB8007990029D7
:1047B00040F3EC8001F00F0248F21803C0F200034E
:1047C000CE0503EBC20393ED006B4FEA211340F1DA
:1047D0005A8247F6F072C0F2000203F00F03032181
:1047E00092ED087B88EE075B6BB147F6F072C0F282
:1047F0000002D80704D592ED007B013126EE076B4D
:1048000008325B10F5D185EE067B099B3BB1B7EE14
:10481000006BB4EEC67BF1EE10FA00F10D8406EEEB
:10482000901AB8EEE65BB1EE0C6B05EE076B16EE78
:10483000901A53EC162BA1F15073BBF1000F6CD002
:10484000079E5946FDEEC76B43EC142B48F2180047
:10485000C0F20000089F00EBC10216EE903AB8EEDD
:10486000E65B12ED026B08F10102303337EE457B57
:10487000DBB288F80030002F00F05582B6EE003B26
:1048800083EE065B35EE445BB4EEC75BF1EE10FAE7
:1048900000F3E5820020B7EE002BB2EE044B25E0DA
:1048A00061436F63A787D23FB3C8608B288AC63F36
:1048B000FB799F501344D33F5D6E00000130884266
:1048C0003FDA27EE047B25EE045BFDEEC76BB8EE06
:1048D000E63B16EE903A37EE437B303302F8013B6D
:1048E000B4EEC57BF1EE10FA00F1B98232EE476BFF
:1048F000B4EEC56BF1EE10FAE0D511469FE206EE7C
:10490000901AB1EE0C5BB8EEE66B06EE075B15EEA7
:10491000901A53EC152BA1F15073B1EE046B43ECDC
:10492000152B37EE467BB4EEC57BF1EE10FA00F3A3
:10493000B183B1EE455BB4EEC57BF1EE10FA00F148
:1049400062810D9B079ADE430E2A4FEAD676C8BFD6
:104950000026002E40F03881089A002A41D0029AA1
:10496000012A40F38983039A0BF1FF339A42C0F284
:10497000CC82D61ABBF1000F80F2E783069BA3EB33
:104980000B030A93CAE20122099281E600F0B98280
:10499000079B48F21802C0F200025B4203F00F01CD
:1049A0001B1102EBC10292ED005B28EE055BB0EE3D
:1049B000457B00F0F88347F6F072C0F20002002059
:1049C0000221DF0705D592ED006B0131304627EE5D
:1049D000067B08325B10F4D1002808BFB0EE457B9F
:1049E00013E7039E0027069B08970A930A9A002A5A
:1049F000C8BFB9F1000F0ADD4A4513460699A8BFA2
:104A00004B46A9EB0309D21AC91A0A920691039BD5
:104A100053B1089B13B1002E40F097822946039AA8
:104A2000204600F0C7FD05460121204600F0D8FCD5
:104A30000390BAF1000F40F01081029B012B40F36C
:104A4000268101234B4413F01F0300F0BB80C3F108
:104A50002002042AC8BFC3F11C0340F3CF81069A89
:104A600099441A4406920A9A1A440A92069B002B09
:104A700005DD29461A46204600F0FAFD0546B9F143
:104A8000000F05DD03994A46204600F0F1FD039032
:104A9000029B022B099BD4BF00260126002B40F06D
:104AA000B680BBF1000FCCBF002606F001062EB386
:104AB000BBF1000F00F0A881059BC146DE430399BE
:104AC000204600F0DFFB1FB13946204600F0DAFB3C
:104AD0002946204600F0D6FB002388F80030013636
:104AE000049B1E601B9B002B3FF45DAD4846C3F842
:104AF00000800FB0BDEC028BBDE8F08F089B002B4F
:104B000000F0B0810A9B002B00F33582BAF1000F50
:104B100040F0DF82BA4608F1FF3346465B44069315
:104B2000009B03F00103CDE9083803992846FFF7FD
:104B30005FFC39468346284600F010FE0399814603
:104B4000524620460BF1300800F028FEC3680146AB
:104B5000002B40F017820590284600F0FFFD0599D4
:104B60000590204600F08EFB029B059A134340F00F
:104B70003D82089B002B00F0F282B9F1000FC0F2D9
:104B8000EA82B146069BB34209F8018B00F0CE825F
:104B9000294600230A22204600F07EFB39460546BE
:104BA00000230A222046574500F01A8200F074FBC9
:104BB0005146074600230A22204600F06DFB4E4670
:104BC0008246B2E71C234AE748F21803C0F200030A
:104BD00003EBC203059ABBF1000F93ED006BCCBF52
:104BE0000023012313EAD27300F0AB81BBF1000F65
:104BF00009D1B1EE047B26EE077BB4EEC78BF1EE54
:104C000010FA00F24782002303931F4654E70399EA
:104C1000284600F0A3FD0028BFF643AF079B2946B6
:104C20000A222046013B0793002300F035FB089B36
:104C30000546002B40F09D820B9B002BCCBF00262D
:104C400006F001069B46002E00F00C81DDF82CB02A
:104C5000BBF1000F7FF430AFD6E00146524620464C
:104C600000F0A8FC029B0390012B40F35D814FF004
:104C7000000A039A136902EB8303186900F060FBD2
:104C8000C0F12003DEE6B0EE485B0221ACE5009BFC
:104C9000002B7FF4D6AEDDE900010A46C1F3130311
:104CA000002B7FF4CEAE0023C7F6F07313402BB178
:104CB000069B09F10109013306930123BAF1000FA4
:104CC00040F041829A46BCE601230893059B079A6F
:104CD00013440B9303F1010B5F46012FB8BF01276B
:104CE000172FDCBF0021E1637FF74FAD01220423C2
:104CF0005B00114603F114000132B842F8D9E163B8
:104D000043E501230893059F002FC4BF0B97BB46C3
:104D1000E6DC012305939B4633E500230893D5E7A2
:104D200000230893EFE724EE063B012900F03382CD
:104D300041441746B2EE044B27EE047BFDEEC76BF1
:104D400016EE903AB8EEE65B303307F8013B37EEEB
:104D5000457BB942F0D1B6EE006B33EE065BB4EEA4
:104D6000C75BF1EE10FA6AD436EE436BB4EEC76B54
:104D7000F1EE10FA6EDC0D9B0799DB430E294FEA2A
:104D8000D373C8BF0023002B3FF42BAE079BC14653
:104D900000EBC30090ED006B88EE067BBBF1010FCA
:104DA000B2EE044BBDEEC77BB8EEC75B17EE103A10
:104DB00005EE468B03F1300388F800309046C2F1CF
:104DC000010212D19CE188EE067BBDEEC77B17EE97
:104DD000103AB8EEC75B303308F8013B05EE468B5E
:104DE00008EB02035B4500F08B8128EE048BB5EEE7
:104DF000408BF1EE10FAE6D1079E69E618BFC3F1C9
:104E00003C033FF433AE2AE603995B460522204675
:104E100000F042FA01460390284600F09FFC00286B
:104E2000C8BFC1467FF748AE079E312308F101088D
:104E300089F80030013642E6884500F047810A468D
:104E400011F8013D392BF7D00133DBB2C1460B70AD
:104E500090463DE60A4611F8013D302BFAD0C14696
:104E6000904635E6DDF80CA0C146012607E029464C
:104E700000230A22204600F00FFA0136054651466B
:104E80002846FFF7B5FA5E4500F1300309F8013B0B
:104E9000EDDBBBF1000F4FF00002CCBFD9464FF065
:104EA0000109C1440292294601222046009300F0E4
:104EB000DFFB0399054600F051FC002803DCF7E016
:104EC000C14500F0EC80CB4609F1FF391BF8013CED
:104ED000392BF5D0079E013389F80030039920461D
:104EE00000F0D0F9002F00F0E080029B002B18BFEB
:104EF000BB4203D00299204600F0C4F9C146D8460F
:104F0000E2E5B0EE487B02217FE4039AD9440393A3
:104F1000991A069B8A440A935B4406930121204612
:104F200000F05EFA074661E5009B002B7FF49FAE20
:104F3000DDE900010A46C1F31303002B3FF4B3AED1
:104F400095E608F10102C14626E739463246204679
:104F500000F030FB2A4601460746204600F070FA72
:104F600029460546204600F08DF9039B9B1B0393C1
:104F70003FF45AAD52E539461A46204600F078FB18
:104F80000746C3E52046CDF81480DDF8248000F004
:104F900079F9059BB9F1000F08DB009A029902F03C
:104FA000010241EA090952EA090231D129460122E6
:104FB0002046029300F05CFB0399054600F0CEFB0F
:104FC000029B002840F3E980392B00F0B5800BF1FB
:104FD0003103B3460297079E57460BF8013B7DE726
:104FE00000F05AF94E46074682469EE5B9F1000F99
:104FF000C0F2F180029B43EA0909089B53EA0909C0
:1050000000F0E980002A7FF7BCAD4346DDF824803C
:10501000392B00F09180B346013302975746079E23
:105020000BF8013B5AE7C3F101034FF00009069367
:10503000CDF82490FFF796BBBBF1000F3FF45FACB7
:105040000B9B002B7FF77DAC0131B2EE044B06EEDB
:10505000901A079A27EE047B1946B8EEE65BB1EE8C
:105060000C6B561E05EE076B16EE900A53EC162BD2
:10507000A0F15073FFF7E6BB0A9A03F2334312B96B
:105080000C9BC3F13603069A9944039ED3180A92E7
:10509000069343E70023C1461F460393C4E6079ED9
:1050A000312388F80030013618E7C146D8460FE5AD
:1050B00003D1009BDB073FF506AFCB4609F1FF3973
:1050C0001BF8013C302BF8D0079E07E7013631234F
:1050D000BCE67968204600F0AFF80646002800F0EC
:1050E00081803B6907F10C010C3002339A00FDF717
:1050F000CBF831460122204600F0BAFA82460AE592
:1051000038EE088BB4EEC68BF1EE10FA0ADCB4EE82
:10511000468BF1EE10FA7FF46FAE17EE103AD90716
:105120007FF56AAE4146079EC84688E64346029729
:10513000DDF824805746B6E6B14639230297574634
:1051400009F8013BBFE69A4693E5069BD9440A93CA
:105150005B440693E2E64346DDF8248039E74346A4
:10516000DDF82480392BE7D0B9F1000F3FF72FAFDE
:105170002FE7394600230A22204600F08DF80B9BCA
:105180000746002BCCBF002606F001069B46002EEA
:105190003FF4B8AC5AE51146DDE57FF41AAFDA0703
:1051A0007FF517AF10E70221FFF72FBB002620463F
:1051B0003146E66300F040F8804600BB47F2A82382
:1051C000C0F2000347F2BC20C0F20000002240F20F
:1051D000AF11FDF045FC4346002ADDF824803FF77F
:1051E000E5AEF6E647F2A823C0F2000347F2BC2082
:1051F000C0F20000324640F2EF21FDF031FC4FF0EA
:10520000FF3301229B460596A0630B930892FFF79C
:1052100098BB00BF82B051B1104632B14BB1137888
:105220000B601278101E18BF012002B0704701A950
:10523000F2E76FF00100F8E738B50546436C0C461D
:105240004BB153F8240080B1026843F824200023B6
:10525000C0E9033338BD2122042100F0DFFC0346FE
:1052600068640028EDD1002038BD0121284601FAEC
:1052700004F56A1D920000F0D1FC0028F3D0C0E9CB
:105280000145E4E731B1436C4A6853F822000860F5
:1052900043F82210704700BF2DE9F04107460D6921
:1052A0000E461C4601F1140E0020DEF800100130FD
:1052B00085428BB24FEA114102FB03434FEA134C84
:1052C0009BB202FB01CC03EB0C434FEA1C444EF8AB
:1052D000043BEADC3CB1B368AB4207DD06EB850377
:1052E00001355C6135613046BDE8F0817168384652
:1052F0000131FFF7A1FF8046A8B1326906F10C0128
:105300000C3002329200FCF7BFFF7B6C726853F8DE
:105310002210316043F82260464606EB85030135D2
:105320005C613561DFE747F2A823C0F2000347F272
:105330001830C0F200004246BA21FDF091FB00BFD8
:10534000B0F5803F034636BF030400201020B3F1C0
:10535000807F3CBF1B020830B3F1805F3CBF1B0164
:105360000430B3F1804F03D3002B07DB01307047CB
:105370009B0004D45B0058BF202002D47047023049
:1053800070470330704700BF0368014613F00702FF
:1053900009D0DA0720D4980747BF01205B089B0893
:1053A00002200B60704798B298B11046DAB20AB981
:1053B00008301B0A1A0704BF04301B099A0704BFF0
:1053C00002309B08DA0702D401305B0806D00B607C
:1053D00070471B0C1020E9E7002070472020704721
:1053E00038B50446436C0D464BB15868E0B10268CD
:1053F0005A60002201234561C0E9032338BD212200
:10540000042100F00BFC034660640028EDD147F254
:10541000A823C0F2000347F21830C0F200000022B7
:1054200040F24511FDF01CFB1C220121204600F03A
:10543000F5FB0028EBD001220223C0E90123D8E7C5
:105440002DE9F04F92460A690E465146DAF81030BF
:1054500085B09A42A9BFB2461D4698460E46ACBFDB
:1054600015469046DAE9011305EB0804A342B8BFDC
:105470000131FFF7E1FE8446002800F08D8000F145
:10548000140707EB840E77453CBF3B46002203D24E
:1054900043F8042B9E45FBD814360AF1140906EB99
:1054A000880809EB8505464567D2A5EB0A030AF192
:1054B000150A153BCDF808E023F00303AE4604338C
:1054C000039455452CBF9B464FF0040BE24604E085
:1054D000090C2BD10437B0454CD956F8041B8DB2BA
:1054E000002DF5D0CC463C46002301965CF8040B19
:1054F0002168E64586B24FEA10408AB24FEA114170
:1055000005FB062205FB00111A4401EB124192B281
:1055100042EA01424FEA114344F8042BE6D8019EC7
:1055200047F80B3056F8041C090CD3D03B68002216
:1055300048463D461C46944602889BB201FB02C287
:1055400002EB144243EA024345F8043B50F8043BA3
:105550002C6870454FEA134CA3B201FB0C3303EBEC
:1055600012434FEA134CE7D347F80B30B04507F12D
:105570000407B2D8DDE902E4D446002C02DC05E0E1
:10558000013C03D05EF8043D002BF9D06046CCF816
:10559000104005B0BDE8F08F47F2A823C0F2000329
:1055A00047F21830C0F2000062464FF4B171FDF0CE
:1055B00057FA00BF12F003032DE9F04114460746E5
:1055C00008BF0D462BD1A4101CD03E6C9EB34FF0EB
:1055D0000008E30706D4641014D03068A8B106466A
:1055E000E307F8D5324629463846FFF729FF35B19B
:1055F0007B6C696853F821202A6043F821500546E6
:105600006410EAD12846BDE8F0813246314638467A
:10561000FFF716FF30600646C0F80080E0E7013B68
:1056200047F6E472C0F2000252F823200023FFF78D
:1056300033FE0546C7E701213846FFF7FDFD064664
:1056400040B1012340F27122C0E9043200233864E2
:105650000360BCE747F2A823C0F2000347F218300A
:10566000C0F20000324640F24511FDF0F9F900BFEA
:105670002DE9F0470C464FEA6219496890462769C0
:105680000646A3684F447D1C9D4203DD5B0001314B
:105690009D42FBDC3046FFF7CFFD8446002850D00A
:1056A0001430B9F1000F0EDD09F10509034600229F
:1056B0004FEA89090CEB090143F8042B8B42FBD11B
:1056C000A9F114094844216904F1140318F01F08D2
:1056D00003EB81012DD0C8F1200986464FF0000A66
:1056E0001A6802FA08F242EA0A024EF8042B53F84A
:1056F000042B994222FA09FAF2D80B1B04F1150285
:10570000153B23F003030433914238BF042340F8D0
:1057100003A0BAF1000F00D13D46736C6046626889
:10572000CCF8105053F82210216043F82240BDE815
:10573000F087043853F8042B40F8042F9942F9D825
:10574000EAE747F2A823C0F2000347F21830C0F29C
:10575000000062464FF4EF71FDF082F90B69844658
:105760000069C01A18D19B000CF1140C14310CEB19
:10577000030210B40B4401E094450AD252F8044DE0
:1057800053F8041D8C42F7D038BF4FF0FF3000D3E0
:1057900001205DF8044B7047704700BF2DE9F04FC2
:1057A00014460A6983B088462369D21A002A40F059
:1057B0008E809B0001F1140604F114011944334456
:1057C00002E09E4280F0868053F8045D51F8042D7B
:1057D0009542F6D07CD3234600254446984661681E
:1057E000FFF72AFD8146002800F09780266904F122
:1057F000140BC56004F11002D8F8100008F1140E63
:1058000009F1140A0BEB8601574600230EEB8000CA
:105810009446CDF804B05EF8045B5CF8042F704544
:105820001FFA85FB94B2A4EB0B041C444FEA15430A
:10583000C3EB124303EB2443A4B244EA03444FEA0C
:10584000234347F8044BE6D8A0EB080208F11508FB
:10585000153A404534BF4FF000084FF00108920858
:10586000B8F1000F02F10100DDF804B025464FEA5F
:10587000800008BF04200BEB00075044B94284BFEE
:1058800084463C4633D954F8042BD518A1421FFA5C
:1058900082FE4FEA12427344ADB202EB234245EA64
:1058A00002454FEA22434CF8045BECD80139C91B8E
:1058B00021F00301084425B950F8043D013E002BB6
:1058C000FAD04846C9F8106003B0BDE8F08F82DA1C
:1058D000012584E70021FFF7AFFC814680B101225A
:1058E0000023C0E90423484603B0BDE8F08FB8F1B7
:1058F000000F4FEA820208BF00220AEB0200DAE73B
:1059000047F2A823C0F2000347F21830C0F20000AB
:105910004A4640F23721FDF0A3F847F2A823C0F22F
:10592000000347F21830C0F200004A4640F2452119
:10593000FDF096F82DE9F0430E46012183B059ECB5
:10594000108B1546FFF778FC0746002845D0C9F3B1
:105950001303C9F30A540CB143F480130193B8F153
:10596000000313D101A8FFF70FFD019B0122203096
:105970007B613A6114B3A4F233440444C0F13500AE
:1059800034602860384603B0BDE8F0836846009371
:10599000FFF7FAFC019B009A38B1C0F12002009990
:1059A00003FA02F20A43C3400193002B7A61BB6100
:1059B0000CBF012202223A61002CDCD107EB8203EA
:1059C000A0F2324030601869FFF7BAFCC0EB421019
:1059D0002860384603B0BDE8F08347F2A823C0F240
:1059E000000347F21830C0F200003A4640F20F318F
:1059F000FDF036F8034649B1FF2A93BF0A708A22A8
:105A00004FF0FF30012088BF1A607047084670478A
:105A100070B5054600F5827484B003B11C4646F6A5
:105A20004013C0F20003D3F8E060234649B1284692
:105A3000B047431C01BF00228A2322602B6004B0C0
:105A400070BD0A46284601A9B047F2E710B51C46CA
:105A500082B0049B01934FF0FF33009400F058FB99
:105A600002B010BD2DE9F0471D468F680B680C464B
:105A70001646AF4236D8B1F90CC01CF4906F0ED167
:105A80003D4618462A46314600F04CF8A268236885
:105A90000020D21BA2602B442360BDE8F0874A6936
:105AA0008046096902EB42025F1A6B1C02EBD2725C
:105AB0003B445210934292BF914699461A461CF4B9
:105AC000806F11D01146FBF795FF824600B3216924
:105AD0003A46FCF7D9FBA38923F4906343F0800393
:105AE000A38105E02F46CCE700F0D6F8824658B1F6
:105AF0000AEB0703C4F810A0A9EB0707C4F8149039
:105B0000A7602F462360BCE721694046FCF7C0FC34
:105B1000A3890C224FF0FF30C8F8002043F0400367
:105B2000A381BAE788420ED98B1883420BD900EBC8
:105B3000020C002A71D0624613F801CD02F801CDA3
:105B40009942F9D170470F2A0FD8034602F1FF3C62
:105B5000002A62D00CF1010C013B8C4411F8012B9E
:105B600003F8012F6145F9D1704740EA01039B0713
:105B70001CBF02F1FF3C0346ECD1A2F1100370B54B
:105B800001F1200C23F00F0601F1100400F11005C3
:105B9000B4444FEA131E54F8103C103445F8103C3E
:105BA000103554F81C3C45F81C3C54F8183C45F89A
:105BB000183C54F8143C644545F8143CEBD10EF104
:105BC000010302F00F0512F00C0F4FEA031308BF98
:105BD0002A461944034412D0043D1C1F25F0030E2D
:105BE0008C46AD089E445CF8046B44F8046F744521
:105BF000F9D16C1C02F00302A4002344214402F1F9
:105C0000FF3C013B0CF1010C8C442AB111F8012B33
:105C100003F8012F6145F9D170BD704738B5A1FB7C
:105C200002148CBBFBF7E6FE054688B350F8042C43
:105C300022F00302043A242A10D8132A98BF0246FD
:105C400006D91B2AC0E9004498BF00F108020AD80F
:105C50000023C2E900339360284638BD2146FCF793
:105C600093FA284638BD242A4FF0000314BF00F1F0
:105C7000100200F11802C0E9024408BFC0E9044460
:105C8000C2E900339360E7E7FCF7E6FA0C23036010
:105C90000025284638BD00BF2DE9F04F164683B0D9
:105CA000002900F0D48006F10B050C468046FCF775
:105CB00067F9162DA4F108098CBF25F007051022FD
:105CC00054F8040C95BF0023EB0F15462A4620F02C
:105CD0000307B54238BF43F00103002B40F0BD80FD
:105CE00097427FDA46F2F03AC0F2000A09EB070168
:105CF000DAF80830D1F804C08B4200F0B3802CF001
:105D000001030B445B68DB0700F196802CF0030C69
:105D100007EB0C03934260DAC30712D454F8083C33
:105D2000A9EB030BDBF8043023F0030084440CEBF5
:105D3000070A524540F3438107EB000A524540F3FE
:105D4000FE8031464046FBF755FE0646002800F02F
:105D5000558154F8043CA0F1080223F001034B44A0
:105D6000934200F0E6803A1F242A00F22481132A8D
:105D70009CBF034622461FD923681B2A036098BF95
:105D800004F108026368436098BF00F1080313D967
:105D9000A368242A836014BF04F1100204F11802DE
:105DA000E368C36011BF00F110032369036100F1D0
:105DB000180304BF61694161116819605168596035
:105DC00092689A6021464046FCF762FB4046FCF729
:105DD000DDF8304603B0BDE8F08F1F46D1E902235D
:105DE000D3609A60D9F80430781B09EB07020F28BA
:105DF00003F001030ED83B43C9F80430536843F065
:105E00000103536026464046FCF7C0F8304603B015
:105E1000BDE8F08F09EB05012B4340F00100C9F804
:105E20000430083141F8040C4046536843F0010344
:105E30005360FCF72DFBE5E7C30782D454F8083C18
:105E4000A9EB030BDBF8043023F0030074E71146E1
:105E500003B0BDE8F04FFBF7CDBD0C23C8F8003010
:105E60000026D3E72CF0030C05F110010CEB07031F
:105E70008B4280F2AF80C0073FF563AF54F8083C17
:105E8000A9EB030BDBF8043023F0030084440CEB94
:105E9000070399423FF750AF5E46DBF80C103A1FFC
:105EA000242A56F8080FC160886000F2AB80132ADC
:105EB00098BF324624D921681B2ACBF8081098BF16
:105EC0000BF11002616898BF0834CBF80C1017D999
:105ED000A168242ACBF8101018BF0BF11802E16852
:105EE00018BF1034CBF8141001BF22691834CBF856
:105EF00018200BF1200204BF54F8041CCBF81C102E
:105F00002168116061685160A16891600BEB050226
:105F10005B1BCAF8082043F0010340465360DBF8DE
:105F2000043003F001032B43CBF80430FCF72EF8C8
:105F30006CE750F8043C23F003031F4452E73A1F78
:105F40005E46DBF80C30242A56F8081FCB609960B7
:105F50003BD8132A98BF334623D923681B2ACBF892
:105F60000830636898BF0834CBF80C3098BF0BF149
:105F7000100316D9A368242ACBF81030E36818BFA1
:105F80001034CBF8143011BF0BF118032369183407
:105F9000CBF8183002BF0BF1200354F8042CCBF8D7
:105FA0001C2022681A6062685A60A2689A603446AF
:105FB0005746D94616E72146FFF7B4FD02E7D1E977
:105FC0000213CB603A1F9960BAE721463046FFF7CB
:105FD000A9FDECE709EB05025B1BCAF8082043F0BA
:105FE000010340462646536054F8043C03F0010385
:105FF0002B4344F8043CFBF7C9FF07E74046FBF797
:10600000C5FF2DE7214630460193FFF78BFD019B2D
:106010007CE700BF2DE9F04F86461E468BB0DDE9D8
:10602000157A002F5AD0156800295CD0149B002BDC
:1060300069D0741E4EB3043DDDF850B000260491C3
:10604000CDE9015E039105920BE0039B0BBB019B25
:106050001868002836D0DC4557D2013C6646631CE0
:1060600013D0019B07A90298DAF8E05053F8042FE7
:1060700001933B46D7E90098A847421C37D000EB74
:10608000060CDC45E1D9C7E9009830460BB0BDE805
:10609000F08F00280EDD049B07A9019D18445A1EAD
:1060A00000F1FF3E11F8013B02F8013F7245F9D1C2
:1060B00001950490059B1A6804321A60019B1868C8
:1060C0000028C8D10399059A01B110600CF1FF3680
:1060D000002230463A600BB0BDE8F08F156800F53D
:1060E00086770029A2D14FF0FF331493A1E7DDF8A2
:1060F00008E006468A2100223046CEF800103A60B9
:106100000BB0BDE8F08F149EBFE76646BDE700BF49
:1061100010B546F64014C0F2000484B00698009012
:106120000798019046F2F870C0F2000002940068EF
:10613000FFF770FF04B010BD4A1E08BF7047C0F0E3
:106140002481884240F21681114200F01781B0FA92
:1061500080F3B1FA81F2A2EB0303C3F11F0304A29F
:1061600002EB03134FF000029F4600BFAFF3008025
:10617000B0EBC17F00BF42EB020228BFA0EBC170B1
:10618000B0EB817F00BF42EB020228BFA0EB817021
:10619000B0EB417F00BF42EB020228BFA0EB417091
:1061A000B0EB017F00BF42EB020228BFA0EB017001
:1061B000B0EBC16F00BF42EB020228BFA0EBC16091
:1061C000B0EB816F00BF42EB020228BFA0EB816001
:1061D000B0EB416F00BF42EB020228BFA0EB416071
:1061E000B0EB016F00BF42EB020228BFA0EB0160E1
:1061F000B0EBC15F00BF42EB020228BFA0EBC15071
:10620000B0EB815F00BF42EB020228BFA0EB8150E0
:10621000B0EB415F00BF42EB020228BFA0EB415050
:10622000B0EB015F00BF42EB020228BFA0EB0150C0
:10623000B0EBC14F00BF42EB020228BFA0EBC14050
:10624000B0EB814F00BF42EB020228BFA0EB8140C0
:10625000B0EB414F00BF42EB020228BFA0EB414030
:10626000B0EB014F00BF42EB020228BFA0EB0140A0
:10627000B0EBC13F00BF42EB020228BFA0EBC13030
:10628000B0EB813F00BF42EB020228BFA0EB8130A0
:10629000B0EB413F00BF42EB020228BFA0EB413010
:1062A000B0EB013F00BF42EB020228BFA0EB013080
:1062B000B0EBC12F00BF42EB020228BFA0EBC12010
:1062C000B0EB812F00BF42EB020228BFA0EB812080
:1062D000B0EB412F00BF42EB020228BFA0EB4120F0
:1062E000B0EB012F00BF42EB020228BFA0EB012060
:1062F000B0EBC11F00BF42EB020228BFA0EBC110F0
:10630000B0EB811F00BF42EB020228BFA0EB81105F
:10631000B0EB411F00BF42EB020228BFA0EB4110CF
:10632000B0EB011F00BF42EB020228BFA0EB01103F
:10633000B0EBC10F00BF42EB020228BFA0EBC100CF
:10634000B0EB810F00BF42EB020228BFA0EB81003F
:10635000B0EB410F00BF42EB020228BFA0EB4100AF
:10636000B0EB010F00BF42EB020228BFA0EB01001F
:10637000104670470CBF012000207047B1FA81F22F
:10638000C2F11F0220FA02F0704708B14FF0FF304F
:10639000FBF72ABB0029F8D02DE90340FFF7CCFE1C
:1063A000BDE8064002FB00F3A1EB0301704700BF0C
:1063B0001000000000000000017A5200027C0E0173
:1063C0001B0C0D001400000018000000BCBEFFFFF5
:0C63D000EC00000000024D0A430B00002E
:0863DC0004B5FF7F0100000081
:1063E400FFFFFFFF000002000000000000000000AB
:1063F40000000000F0630000F0630000F863000098
:10640400F8630000006400000064000008640000F9
:1064140008640000106400001064000018640000A8
:106424001864000020640000206400002864000058
:106434002864000030640000306400003864000008
:1064440038640000406400004064000048640000B8
:106454004864000050640000506400005864000068
:106464005864000060640000606400006864000018
:1064740068640000706400007064000078640000C8
:106484007864000080640000806400008864000078
:106494008864000090640000906400009864000028
:1064A40098640000A0640000A0640000A8640000D8
:1064B400A8640000B0640000B0640000B864000088
:1064C400B8640000C0640000C0640000C864000038
:1064D400C8640000D0640000D0640000D8640000E8
:1064E400D8640000E0640000E0640000E864000098
:1064F400E8640000F0640000F0640000F864000048
:10650400F8640000006500000065000008650000F4
:1065140008650000106500001065000018650000A3
:106524001865000020650000206500002865000053
:106534002865000030650000306500003865000003
:1065440038650000406500004065000048650000B3
:106554004865000050650000506500005865000063
:106564005865000060650000606500006865000013
:1065740068650000706500007065000078650000C3
:106584007865000080650000806500008865000073
:106594008865000090650000906500009865000023
:1065A40098650000A0650000A0650000A8650000D3
:1065B400A8650000B0650000B0650000B865000083
:1065C400B8650000C0650000C0650000C865000033
:1065D400C8650000D0650000D0650000D8650000E3
:1065E400D8650000E0650000E0650000E865000093
:1065F400E8650000F0650000F0650000F865000043
:10660400F8650000006600000066000008660000EF
:10661400086600001066000010660000186600009E
:10662400186600002066000020660000286600004E
:1066340028660000306600003066000038660000FE
:1066440038660000406600004066000048660000AE
:10665400486600005066000050660000586600005E
:10666400586600006066000060660000686600000E
:1066740068660000706600007066000078660000BE
:10668400786600008066000080660000886600006E
:10669400886600009066000090660000986600001E
:1066A40098660000A0660000A0660000A8660000CE
:1066B400A8660000B0660000B0660000B86600007E
:1066C400B8660000C0660000C0660000C86600002E
:1066D400C8660000D0660000D0660000D8660000DE
:1066E400D8660000E0660000E0660000E86600008E
:1066F400E8660000F0660000F0660000F86600003E
:10670400F8660000006700000067000008670000EA
:106714000867000010670000106700001867000099
:106724001867000020670000206700002867000049
:1067340028670000306700003067000038670000F9
:1067440038670000406700004067000048670000A9
:106754004867000050670000506700005867000059
:106764005867000060670000606700006867000009
:1067740068670000706700007067000078670000B9
:106784007867000080670000806700008867000069
:106794008867000090670000906700009867000019
:1067A40098670000A0670000A0670000A8670000C9
:1067B400A8670000B0670000B0670000B867000079
:1067C400B8670000C0670000C0670000C867000029
:1067D400C8670000D0670000D0670000D8670000D9
:1067E400D8670000E0670000E0670000E867000089
:1067F400E8670000006800000000000000000000DE
:1068040058810000C08100002882000000000000C0
:106814000000000000000000000000000000000074
:106824000000000000000000000000000000000064
:106834000000000000000000000000000000000054
:106844000000000000000000000000000000000044
:106854000000000000000000000000000000000034
:106864000000000000000000000000000000000024
:106874000000000000000000000000000000000014
:106884000000000000000000000000000000000004
:106894000000000001000000000000000E33CDAB3A
:1068A40034126DE6ECDE05000B0000000000000071
:1068B40000000000000000000000000000000000D4
:1068C40000000000000000000000000000000000C4
:1068D40000000000000000000000000000000000B4
:1068E40000000000000000000000000000000000A4
:1068F4000000000000000000000000000000000094
:106904000000000000000000000000000000000083
:106914000000000000000000000000000000000073
:106924000000000000000000000000000000000063
:106934000000000000000000000000004300000010
:106944000000000000000000000000000000000043
:1069540000000000000000000000000043000000F0
:106964000000000000000000000000000000000023
:1069740000000000000000000000000043000000D0
:106984000000000000000000000000000000000003
:1069940000000000000000000000000043000000B0
:1069A40000000000000000000000000000000000E3
:1069B4000000000000000000000000004300000090
:1069C40000000000000000000000000000000000C3
:1069D4000000000000000000000000004300000070
:1069E40000000000000000000000000000000000A3
:1069F4000000000000000000000000004300000050
:106A04000000000000000000000000000000000082
:106A1400000000000000000000000000F559000024
:106A24001552000000000000C07E000050720000FB
:106A3400546E0000546E0000546E0000546E00004A
:106A4400546E0000546E0000546E0000546E00003A
:106A5400546E0000FFFFFFFFFFFFFFFFFFFFFFFF7C
:106A6400FFFF0000010041534349490000000000BA
:106A74000000000000000000000000000000000012
:106A84000000000000004153434949000000000099
:106A940000000000000000000000000000000000F2
:106AA40000000000000000005465726D696E616CA6
:106AB40000000000284E554C4C2900002A2A205280
:106AC4005F4144435F4F70656E20415049206661C9
:106AD400696C6564202A2A200D0A00005B45525225
:106AE4005D20496E2046756E6374696F6E3A202589
:106AF4007328292C202573002A2A20525F414443FD
:106B04005F5363616E436667204150492066616943
:106B14006C6564202A2A200D0A0000002A2A2052CB
:106B24005F4144435F5363616E53746172742041E7
:106B34005049206661696C6564202A2A200D0A0088
:106B44000D0A414443205374617274656420536395
:106B5400616E0D0A000000000D0A41444320536396
:106B6400616E20616C726561647920696E20707257
:106B74006F67726573730D0A000000002A2A2052A1
:106B84005F4144435F5363616E53746F702041509F
:106B940049206661696C6564202A2A200D0A000078
:106BA4000D0A414443205363616E2073746F707007
:106BB40065640D0A000000002A2A20525F41444304
:106BC4005F436C6F736520415049206661696C6551
:106BD40064202A2A200D0A000D0A53746F70206362
:106BE4006F6D6D616E64206973206E6F74207375B0
:106BF40070706F7274656420696E2053696E676C7F
:106C040065205363616E206D6F6465206F7220553B
:106C1400736572206E6F742070726573736564207F
:106C24005374617274205363616E20696E20436FE4
:106C34006E74696E756F7573206D6F6465200D0ACF
:106C4400000000000D0A507265737320616E792094
:106C54006F74686572206B65792028657863657048
:106C640074203120616E6420322920746F20676F94
:106C7400206261636B20746F20746865206D6169A4
:106C84006E206D656E750D0A000000000D0A4D45FD
:106C94004E5520746F2053656C6563740D0A0000B3
:106CA4005072657373203120746F20537461727451
:106CB40020414443205363616E0D0A005072657392
:106CC40073203220746F2053746F7020414443202A
:106CD4005363616E284F6E6C7920666F7220436F28
:106CE4006E74696E756F7573206D6F6465290D0A16
:106CF400000000005573657220496E707574203A67
:106D0400000000002A2A20525F4144435F5265611B
:106D14006420415049206661696C6564202A2A20F8
:106D24000D0A000025302E32660000000D0A54685A
:106D34006520566F6C746167652052656164696E85
:106D4400672066726F6D204144433A2025640D0A22
:106D5400000000000D0A5468652041444320696E18
:106D640070757420766F6C746167653A2025730DB5
:106D74000A0000000D0A52657475726E6564204540
:106D840072726F7220436F64653A203078257820E0
:106D9400200D0A000D0A41444320566F6C7461674C
:106DA400652069732062656C6F7720746865204C78
:106DB4006F776572204C696D69742E200D0A00008E
:106DC4000D0A41444320566F6C74616765206973F2
:106DD4002061626F766520746865205570706572F5
:106DE400204C696D69742E20200D0A000D0A507222
:106DF40065737320616E79206F74686572206B65AA
:106E04007928657863657074203120616E6420325E
:106E14002920746F20676F206261636B20746F2078
:106E2400746865206D61696E206D656E750D0A006C
:106E34002A2A20525F4144435F436C6F73652041AB
:106E44005049206661696C6564202A2A20200D0A55
:106E540000000000342E302E300000000D0A2A2AD3
:106E64002A2A2A2A2A2A2A2A2A2A2A2A2A2A2A2A7E
:106E74002A2A2A2A2A2A2A2A2A2A2A2A2A2A2A2A6E
:106E84002A2A2A2A2A2A2A2A2A2A2A2A2A2A2A2A5E
:106E94002A2A2A2A2A2A2A2A2A2A2A2A2A2A2A2A4E
:106EA4000D0A2A20202052656E65736173204653B3
:106EB40050204578616D706C652050726F6A65630F
:106EC4007420666F7220725F616463204D6F647515
:106ED4006C6520202020202020202020202020201D
:106EE4002020202A0D0A2A2020204578616D706C0C
:106EF400652050726F6A6563742056657273696F9A
:106F04006E202573202020202020202020202020D7
:106F1400202020202020202020202020202020206D
:106F2400202020202A0D0A2A202020466C65782063
:106F3400536F667477617265205061636B20566588
:106F44007273696F6E2025642E25642E25642020BB
:106F5400202020202020202020202020202020202D
:106F640020202020202020202020202A0D0A2A2A28
:106F74002A2A2A2A2A2A2A2A2A2A2A2A2A2A2A2A6D
:106F84002A2A2A2A2A2A2A2A2A2A2A2A2A2A2A2A5D
:106F94002A2A2A2A2A2A2A2A2A2A2A2A2A2A2A2A4D
:106FA4002A2A2A2A2A2A2A2A2A2A2A2A2A2A2A2A3D
:106FB4000D0A526566657220746F20726561646D96
:106FC400652E7478742066696C6520666F72206D16
:106FD4006F72652064657461696C73206F6E2045FF
:106FE40078616D706C652050726F6A65637420619E
:106FF4006E640D0A46535020557365722773204DF5
:10700400616E75616C20666F72206D6F72652069A8
:107014006E666F726D6174696F6E2061626F7574F4
:1070240020725F616463206472697665720D0A0080
:107034000D0A5468652070726F6A65637420696E06
:10704400697469616C697A65732074686520414468
:107054004320696E2073696E676C65207363616E8B
:10706400206F7220636F6E74696E756F7573207311
:1070740063616E206D6F64650D0A626173656420DF
:107084006F6E20757365722073656C656374696FC8
:107094006E20696E20525A20636F6E66696775723E
:1070A40061746F722E4F6E636520696E69746961D5
:1070B4006C697A65642C757365722063616E2073E4
:1070C400746172740D0A74686520414443207363CB
:1070D400616E20616E6420616C736F2073746F70D5
:1070E40020746865207363616E2028696E2074685B
:1070F400652063617365206F6620636F6E74696ECB
:10710400756F7573207363616E206D6F6465290DEF
:107114000A7573696E67204A4C696E6B52545456F3
:1071240069657765722062792073656E64696E673C
:1071340020636F6D6D616E64732E526573756C742C
:10714400732061726520646973706C617965642071
:107154006F6E204A4C696E6B52545456696577655C
:10716400722E0D0A00000000636F6E6400000000C0
:10717400433A2F576F726B73706163652F50726F50
:107184006A656374732F45505F41502F525A5F45AF
:107194005041502F6769746C61622F727A2D65704B
:1071A4002D61702D6465762F6578616D706C655FF7
:1071B40070726F6A656374732F727A6E326C5F7269
:1071C400736B2F6164632F6164635F727A6E326CD8
:1071D4005F72736B5F65702F653273747564696F6A
:1071E4002F727A2F6673702F7372632F6273702FEE
:1071F4006D63752F616C6C2F6273705F6D6F647556
:107204006C655F73746F702E68000000494E460011
:10721400696E66004E414E006E616E00303132334D
:1072240034353637383961626364656600000000BE
:1072340030313233343536373839414243444546A8
:1072440000000000286E756C6C2900002E00000000
:107254004C435F434F4C4C41544500004C435F4307
:1072640054595045000000004C435F4D4F4E455467
:10727400415259004C435F4E554D4552494300001D
:107284004C435F54494D45004C435F4D4553534176
:1072940047455300496E66696E69747900000000C1
:1072A4004E614E0042616C6C6F632073756363655D
:1072B40065646564000000002F646174612F6A6571
:1072C4006E6B696E732F776F726B73706163652F6A
:1072D400474E552D746F6F6C636861696E2F6172D0
:1072E4006D2D31332F7372632F6E65776C69622D48
:1072F40063796777696E2F6E65776C69622F6C6945
:1073040062632F7374646C69622F64746F612E639B
:10731400000000002F646174612F6A656E6B696EF2
:10732400732F776F726B73706163652F474E552DA2
:10733400746F6F6C636861696E2F61726D2D313388
:107344002F7372632F6E65776C69622D637967772B
:10735400696E2F6E65776C69622F6C6962632F7337
:1073640074646C69622F6D707265632E6300000033
:107374000000000000000000000054545220524558
:10738400474745530000000000000000303132330D
:107394003435363738394142434445466465696E6D
:1073A40069745F6164635F6D6F64756C6500000090
:1073B4006164635F726561645F64617461000000AD
:1073C4006164635F7363616E5F73746F7000000068
:1073D4006164635F7363616E5F73746172740000F0
:1073E4000000000000000000000000000000000099
:1073F4000010000000000010000000000010000059
:107404000000001000000000080000000000000060
:1074140000000000000000002474000000000018B8
:10742400080000000000000000C8D9041F0C000080
:10743400000000000100000000005E01DFFFDFFF2C
:1074440007FFFF00F10C000000000000547400006E
:10745400000102003F3F003F000061010700DFFF21
:10746400FF00000000500480170000007874000042
:10747400E473000008220000040200001800000069
:1074840005020000082200000602000008000000B7
:1074940007020000040000000003000004000000D4
:1074A40001040000040000000404000004000000C3
:1074B40000050000020000000405000004000000B4
:1074C400040D000002000000050D00000200000091
:1074D400060D000002000000070D0000020000007D
:1074E400000E000002000000031000000400000071
:1074F4000311000004000000021200000400000058
:107504000114000004000000021400000400000044
:107514000314000004000000041400000400000030
:107524000116000004000000031600000000000023
:107534000000000000000000000000000000000047
:107544000000000000000000000000000000000037
:107554000000000000000000000000000000000027
:107564000000000000000000000000000000000017
:107574000000000000000000000000000000000007
:1075840000000000000000000000000000000000F7
:1075940000000000000000000000000000000000E7
:1075A40000000000000000000000000000000000D7
:1075B40000000000000000000000000000000000C7
:1075C40000000000000000000000000000000000B7
:1075D40000000000000000000000000000000000A7
:1075E4000000000000000000000000000000000097
:1075F4000000000000000000000000000000000087
:107604000000000000000000000000000000000076
:107614000000000000000000000000000000000066
:107624000000000000000000000000000000000056
:107634000000000000000000000000000000000046
:107644000000000000000000000000000000000036
:107654000000000000000000000000000000000026
:107664000000000000000000000000000000000016
:107674000000000000000000000000000000000006
:1076840000000000000000000000000000000000F6
:1076940000000000000000000000000000000000E6
:1076A40000000000000000000000000000000000D6
:1076B40000000000000000000000000000000000C6
:1076C40000000000000000000000000000000000B6
:1076D40000000000000000000000000000000000A6
:1076E4000000000000000000000000000000000096
:1076F4000000000000000000000000000000000086
:107704000000000000000000000000000000000075
:107714000000000000000000000000000000000065
:107724000000000000000000000000000000000055
:107734000000000000000000000000000000000045
:107744000000000000000000000000000000000035
:107754000000000000000000000000000000000025
:107764000000000000000000000000000000000015
:107774000000000000000000000000000000000005
:1077840000000000000000000000000000000000F5
:1077940000000000000000000000000000000000E5
:1077A40000000000000000000000000000000000D5
:1077B40000000000000000000000000000000000C5
:1077C40000000000000000000000000000000000B5
:1077D40000000000000000000000000000000000A5
:1077E4000000000000000000000000000000000095
:1077F4000000000000000000000000000000000085
:107804000000000000000000000000000000000074
:107814000000000000000000000000000000000064
:107824000000000000000000000000000000000054
:107834000000000000000000000000000000000044
:107844000000000000000000000000000000000034
:107854000000000000000000000000000000000024
:107864000000000000000000000000000000000014
:107874000000000000000000000000000000000004
:1078840000000000000000000000000000000000F4
:1078940000000000000000000000000000000000E4
:1078A40000000000000000000000000000000000D4
:1078B40000000000000000000000000000000000C4
:1078C40000000000000000000000000000000000B4
:1078D40000000000000000000000000000000000A4
:1078E4000000000000000000000000000000000094
:1078F4000000000000000000000000000000000084
:107904000000000000000000000000000000000073
:107914000000000000000000000000000000000063
:107924000000000000000000000000000000000053
:107934000000000000000000000000000000000043
:107944000000000000000000000000000000000033
:107954000000000000000000000000000000000023
:107964000000000000000000000000000000000013
:107974000000000000000000000000000000000003
:1079840000000000000000000000000000000000F3
:1079940000000000000000000000000000000000E3
:1079A40000000000000000000000000000000000D3
:1079B40000000000000000000000000000000000C3
:1079C40000000000000000000000000000000000B3
:1079D40000000000000000000000000000000000A3
:1079E4000000000000000000000000000000000093
:1079F4000000000000000000000000000000000083
:107A04000000000000000000000000000000000072
:107A14000000000000000000000000000000000062
:107A24000000000000000000000000000000000052
:107A34000000000000000000000000000000000042
:107A44000000000000000000000000000000000032
:107A54000000000000000000000000000000000022
:107A64000000000000000000000000000000000012
:107A74000000000000000000000000000000000002
:107A840000000000000000000000000000000000F2
:107A940000000000000000000000000000000000E2
:107AA40000000000C91700000000000000000000F2
:107AB400D1170000000000000000000000000000DA
:107AC40000000000000000000000000000000000B2
:107AD40000000000000000000000000000000000A2
:107AE4000000000000000000000000000000000092
:107AF4000000000000000000000000000000000082
:107B04000000000000000000000000000000000071
:107B14000000000000000000000000000000000061
:107B24000000000000000000000000000000000051
:107B34000000000000000000000000000000000041
:107B44000000000000000000000000000000000031
:107B54000000000000000000000000000000000021
:107B64000000000000000000000000000000000011
:107B74000000000000000000000000000000000001
:107B840000000000000000000000000000000000F1
:107B940000000000000000000000000000000000E1
:107BA40000000000000000000000000000000000D1
:107BB40000000000000000000000000000000000C1
:107BC40000000000000000000000000000000000B1
:107BD40000000000000000000000000000000000A1
:107BE4000000000000000000000000000000000091
:107BF4000000000000000000000000000000000081
:107C04000000000000000000000000000000000070
:107C14000000000000000000000000000000000060
:107C24000000000000000000000000006273705FAC
:107C34006173736572745F6368616E6E656C000076
:107C44000F000000FF00000000000000AAAAAAAA7A
:107C5400AA0000000000000000A8AAAAAAAAAAAAD2
:107C6400AAAAAAAAAAAAAAAA00AAAAAAAAAAAAAA1A
:107C7400AAAAAAAAAAAAAAAAAAAAAAAAAAAAAAAA60
:107C8400AAAAAAAAAAAAAAAA0A000000000000A8EE
:107C9400AA2A2AA82828282828282800000A2AA846
:107CA4002080AAA002000000000000000A0AAAAA7C
:107CB400AAAAAAAAAAAAAA002A0A8A8200000000DA
:107CC40000000000000000000000000000000000B0
:107CD40000000000000000000000000000000000A0
:107CE4000000000000000000000000000000000090
:107CF4000000000000000000000000000000000080
:107D0400000000000000000000000000000000006F
:107D1400000000000000000000000000000000005F
:107D2400000000000000000000000000000000004F
:107D3400000000000000000000000000000000003F
:107D4400000C000000000000000C00000000000017
:107D5400000C000000000000000C00000000000007
:107D6400000C000000000000000C000000000000F7
:107D7400000C000000000000000C000000000000E7
:107D840000000000000000000000000000000000EF
:107D940000000000000000000000000000000000DF
:107DA40000000000000000000000000000000000CF
:107DB40000000000000000000000000000000000BF
:107DC40000000000000000000000000000000000AF
:107DD400000000000000000000000000000000009F
:107DE400000000000000000000000000000000008F
:107DF400000000000000000000000000000000007F
:107E0400000C000000000000000C00000000000056
:107E1400000C000000000000000C00000000000046
:107E2400000C000000000000000C00000000000036
:107E3400000C000000000000000C00000000000026
:107E4400000C000000000000000C00000000000016
:107E5400000C000000000000000C00000000000006
:107E6400000C000000000000000C000000000000F6
:107E7400000C000000000000000C000000000000E6
:107E8400000C000000000000000C000000000000D6
:107E9400000C000000000000000C000000000000C6
:107EA400000C000000000000000C000000000000B6
:107EB400000C000000000000000C00000020202046
:107EC4002020202020202828282828202020202086
:107ED4002020202020202020202020202088101056
:107EE40010101010101010101010101010040404B2
:107EF4000404040404040410101010101010414170
:107F0400414141410101010101010101010101015D
:107F14000101010101010101101010101010424271
:107F2400424242420202020202020202020202022D
:107F340002020202020202021010101020000000CD
:107F4400000000000000000000000000000000002D
:107F5400000000000000000000000000000000001D
:107F6400000000000000000000000000000000000D
:107F740000000000000000000000000000000000FD
:107F840000000000000000000000000000000000ED
:107F940000000000000000000000000000000000DD
:107FA40000000000000000000000000000000000CD
:107FB40000000000000000000000000000000000BD
:107FC40030303030303030303030303030303030AD
:107FD400202020202020202020202020202020209D
:107FE40005000000190000007D0000000080E0375B
:107FF40079C34143176E05B5B5B89346F5F93FE922
:10800400034F384D321D30F94877825A3CBF737F95
:10801400DD4F1575000000000000F03F0000000077
:10802400000024400000000000005940000000004F
:1080340000408F40000000000088C34000000000A2
:10804400006AF8400000000080842E410000000017
:10805400D01263410000000084D797410000000063
:1080640065CDCD41000000205FA00242000000E881
:1080740076483742000000A2941A6D42000040E5A1
:108084009C30A2420000901EC4BCD642000034269C
:10809400F56B0C430080E03779C3414300A0D885D9
:1080A4005734764300C84E676DC1AB43003D9160C1
:1080B400E458E143408CB5781DAF154450EFE2D647
:1080C400E41A4B4492D54D06CFF08044F64AE1C7FA
:0C80D400022DB544B49DD9794378EA44EC
:020000040010EA
:10200000713402E3103040E333FF2FE1103903E372
:10201000103040E30300A0E10010A0E30010C0E591
:10202000E83F02E3103040E30300A0E10110A0E329
:102030000010C0E5FFFFFFEA83070BE3000040E369
:10204000300F81EE111F91EE021281E3111F81EE1C
:1020500034009FE5100F0CEE101F1FEE021081E3FD
:10206000011081E34FF07FF5101F0FEE6FF07FF549
:1020700000000FE11F00C0E3130080E300F36EE1F6
:1020800008109FE501F32EE16E0060E10000000002
:10209000AC201000704700BF704700BF704700BF02
:1020A000704700BF704700BF704700BF183904E396
:1020B000182504E3181105E3180D04E318CD03E314
:1020C00018E104E3103040E3102040E3101040E337
:1020D000100040E310C040E310E040E3110002F1C3
:1020E00003D0A0E1120002F102D0A0E1170002F13A
:1020F00001D0A0E11B0002F100D0A0E11F0002F11D
:102100000CD0A0E1130002F10ED0A0E1FFFFFFEA26
:1021100010402DE9200000FA280000FADD0200FA44
:10212000AE0300EA1080BDE804E04EE21F056DF941
:102130001F0002F10F102DE9100AF1EE01002DE948
:1021400004D04DE2200B2DED200B6DED1C0F1CEE8D
:1021500004002DE50D10A0E1041001E201D04DE0D6
:1021600002402DE92C109FE531FF2FE10240BDE830
:1021700001D08DE004009DE43C0F0CEE200BFDEC43
:10218000200BBDEC04D08DE204009DE4100AE1EECA
:102190000F10BDE8000ABDF80126100011EE503FF7
:1021A00043F4700301EE503FBFF36F8FF8EE103A27
:1021B00043F08043E8EE103ABFF36F8F704700BFE3
:1021C0001BEE103FBFF34F8F43F003030BEE103FA6
:1021D000BFF36F8F704700BFF82304EE163F012353
:1021E0000CEEFC3F1CEE9C3F43F001030CEE9C3FC9
:1021F000BFF36F8F704700BF42F6E875C0F210055D
:1022000008B52B7843F6101433BBC0F2100400203D
:1022100000F0D6FE237823B3012000F0D1FE00F0B9
:1022200029F900F04DF900F0DBFA00F01BFA00F09C
:1022300087F9022000F0C4FE2378C3B1FFF7CCFF7A
:1022400000F060FC23787BB10020FFF62FFB002319
:102250002B70FEF6E5FDFEE70023C0F210042370AC
:10226000D5E700F0D7FAD7E700F044F9ECE700F043
:1022700003F800F0E5F8E1E72DE9F04F032097B00F
:1022800000F07EFC47F68063C0F20003129347F62D
:102290008053C0F200030D9347F64053C0F2000391
:1022A0000E9347F60053C0F200030F9347F6C04366
:1022B000C0F2000347F640604FF4A0584FF4E051DD
:1022C00010934FF48853C0F20000C8F22813C8F2EC
:1022D0002818C8F228114FF4905B4FF4985C4FF423
:1022E000A8564FF4E8524FF0000E13900193404669
:1022F0000B4647F6006547F6C057C8F2281BC8F2E0
:10230000281CC8F22816C8F228124FF4B854D84630
:102310003146E34611921E4672468446C0F20005DD
:10232000C0F2000714951597C8F228141298019D61
:1023300050F832003A4F130157F832705851139D3C
:10234000029755F83250374F039557F83270149D65
:10235000049755F83290159F334D344857F832E0C2
:1023600055F8325050F83200314F059557F8327019
:102370000D9D08900F98069750F8320055F832706E
:102380002C4D099055F832502B48079550F83200E3
:102390000E9D0A9055F83250109850F832000B906C
:1023A000264850F832000C90019800EB021A02986F
:1023B0000132CAF80400039803EB080A43F8080046
:1023C0000498082ACAF80400059843F80B9003EB18
:1023D0000B09C9F80400069843F80CE003EB0C0E57
:1023E000CEF8040007985F5003EB01077860089867
:1023F0001D5103EB0405686009980A9D985103EB91
:102400000600456011980B9D1D5003440C985860C0
:102410008CD1032017B0BDE8F04F00F075BB00BFB2
:10242000847E0000447E0000047E0000447D0000A5
:10243000C47D0000847D0000047D0000C47C000099
:102440000023CCF206031A6812F001020ED147F6FF
:1024500040001968C0F27D1021F001011960186276
:102460009A60DA601A6842F001021A60704700BF91
:10247000704700BF704700BF84B00191019BDBB182
:10248000019B9B081AD0002100EB83030246043015
:1024900083421160FAD1019A02F003020392039A77
:1024A00042B1039A32B10022104698540399013286
:1024B0009142FAD8BFF34F8F04B070470346EAE762
:1024C00043F6101143F2B800C0F21001C0F2100040
:1024D000091A08B5FFF7D0FFBDE8084048F2982177
:1024E00048F2E000C0F20001C0F20000091AFFF754
:1024F000C3BF00BF08B5012000F042FB14EE160F69
:10250000002304EE163F1A464FF44053C8F2280247
:10251000D2F80813C9F2000321F02001C2F8081311
:10252000D2F808231A7A1A7A1A7A1A7A1A7A1A7A3E
:102530001B7A04EE160F0120BDE8084000F0E4BA53
:1025400048F2E00370B548F2E005C0F20003C0F2C3
:1025500000055B1B002B07DD00249E1055F8043B93
:1025600001349847A642F9DC48F2E00348F2E0055E
:10257000C0F20003C0F200055B1B002B4FEAA3066C
:1025800006DD002455F8043B01349847A642F9DCE7
:1025900070BD00BFA0F101000028FBD1704700BF53
:1025A00010B400244FF0144C20462346DCF80010F1
:1025B000C9F2104041F00201104ACCF80010446109
:1025C00003F2023152F8040F01331C2B4CF82100A6
:1025D000F6D100224FF0FF319300013203F1144392
:1025E0000D2AC3F88412C3F88413F5D162B661B61C
:1025F00064B6BFF36F8F5DF8044B70474C7C0000EE
:1026000040F2FF33C0F3090C9C4528D010B543F2CB
:102610003C1443F24011C0F210042378ACF12002C4
:1026200012B2C0F2100121F81320013380B22370DE
:10263000BFF35F8F10F4787F15BF47F2305343F23A
:10264000B803C0F20003C0F2100314BF53F82230E5
:1026500053F82C3098472378013B237010BD00F0CD
:1026600001BA00BF08B511EE103FBFF34F8F23F43E
:10267000003301EE103FBFF36F8F4BF6FF33C4F210
:1026800088430AEE123F4FF48063C0F608430AEE17
:10269000323FBFF36F8F42F6EC700023C0F21000A0
:1026A00000F1040C50F833105CF8332006EE323F92
:1026B000BFF34F8F06EE131F06EE332FBFF36F8F5E
:1026C0000133182BEED100F02DF800F01FF800F0C8
:1026D00005F8BDE8084000F00DB800BF11EE103F4E
:1026E000BFF34F8F43F4805301EE103FBFF36F8F62
:1026F000704700BF11EE103FBFF34F8F43F004034C
:1027000001EE103FBFF36F8F704700BF11EE103F17
:10271000BFF34F8F43F0010301EE103FBFF36F8F04
:10272000704700BF2DE9F043BFF34F8F4FF0000C0F
:1027300007EE15CFBFF35F8F30EE305F15F0E06F1F
:10274000C5F3026605D1BDE8F0830CF1010C6645C6
:102750003DD00CEB4C0325FA03F313F0060F4FEAC0
:102760004C0EF2D040EE10EFBFF34F8F30EE104F13
:1027700004F00709C4F3C907B7FA87F009F104099F
:10278000C4F34E344FB307FA00F848EA0E0804FACF
:1027900009F148EA010307EE563FA7B13B4641EA7B
:1027A0000E01013B03FA00F20A4307EE562F002BFD
:1027B000F7D1002CC9D0013C04FA09F148EA010321
:1027C00007EE563FEAE7002CBFD0013CDFE7BFF33E
:1027D0004F8FBFF36F8FBDE8F0831F20D3E700BF9B
:1027E0000023C8F228135A685B68920655BF4FF45D
:1027F00042424DF28012C0F6EB32C0F6F00203F016
:10280000010302FA03F343F23812C0F2100213601C
:10281000704700BF30B5012085B000F003FA4FF4D7
:1028200080514AF2015C0A4600231024C8F22801B4
:10283000D1F8100AC8F2281240EA0C00C1F8100AB8
:10284000D2F8001AC8F2281341EA0C01C2F8001AA3
:10285000C0F200345A685A685C605A685A685A680C
:102860005A685A685A685A685A68002240F20661E3
:10287000C8F22802CFF63271116011681168116830
:102880001168116811681168126859685A688B06D6
:1028900054BF4FF442434DF2801343F238114FF0CE
:1028A000000054BFC0F6EB33C0F6F003012402F081
:1028B000010203FA02F249F64043C0F21001C8F2E5
:1028C00028100A60046700BF013B9BB2002BFAD1BD
:1028D00000224FF400630325012140F2FF3E0A2449
:1028E000C8F22813C8F22812C2F880504FF0A50C85
:1028F0001981FE20A3F80CE000940EE083F810C0CC
:102900001970187019701A78012A00D01A7D009A6F
:10291000013A00921A7DD50707D5009A002AEDD119
:1029200005B0BDE8304000F09DB8012140F2FF3510
:102930000A244FF4006219854FF0A50C9D85FE20F6
:10294000C8F22812019414E082F830C082F82010F6
:1029500082F8200082F8201092F82030012B01D05C
:1029600092F83430019B013B019392F83430DC073C
:1029700007D5019B002BE7D105B0BDE8304000F042
:1029800071B8012140F2FF3C0A254FF40063A2F820
:102990004810A524A2F84CC0FE20C8F228130295C6
:1029A00014E083F8504083F8401083F8400083F827
:1029B000401093F84020012A01D093F85420029A45
:1029C000013A029293F85420D20707D5029A002ABE
:1029D000E7D105B0BDE8304000F044B8012140F235
:1029E000FF3C0A254FF40062A3F86810A524A3F861
:1029F0006CC0FE20C8F22812039514E082F87040E3
:102A000082F8601082F8600082F8601092F86030FE
:102A1000012B01D092F87430039B013B039392F891
:102A20007430DB0703D5039B002BE7D178E74FF425
:102A3000805145F6FE200A46C8F22801D1F8103A26
:102A4000C8F22812034043F42543C1F8103AD2F8E3
:102A5000003A034043F42543C2F8003A05B030BDC4
:102A6000FEE700BF704700BF08B530B10022034643
:102A70001046C0F201421A6008BDFFF7F3FF0120C3
:102A800008BD00BF38B543F2381441F2597C4FF409
:102A90007A7E4FF44A4200FB01F1C0F21004206834
:102AA000CDF2B71CACFB000CA1FB0E40C3F69A3272
:102AB0004FEA5C3CB2FBFCF270B949F28060C0F2B4
:102AC00098000023A1FB0001FEF6F2FE800880B111
:102AD000BDE83840FFF75EBD920042F21073B1FBD3
:102AE000F2F103FB01F1A1FB0E131BB9084600280C
:102AF000EED138BD4FF0FF352846BDE83840FFF72E
:102B000049BD00BFFFF74CBD14EE161F002304EEB5
:102B1000163F43F60013C0F2100333F8102092B2B0
:102B20002AB133F81020013A92B223F8102033F87A
:102B300010309BB20BBB43F2AC0300B54FF4805E88
:102B4000C0F2100333F81030F446DB43C8F2280E0D
:102B5000DEF8102A9BB242F425421A40C8F2281C23
:102B6000CEF8102ADCF8002A42F425421340CCF8B3
:102B7000003A04EE161F5DF804FB04EE161F7047C2
:102B800030B514EE165F002304EE163F43F6001E28
:102B9000C0F2100E3EF810309BB23BB33EF810303E
:102BA0009BB2D3B94FF4805443F2AC032146C0F238
:102BB0001003C8F22804D4F8102A33F81030C8F2F1
:102BC00028111A4342F42542C4F8102AD1F8002AE9
:102BD000134343F42543C1F8003A3EF81030013363
:102BE0009BB22EF8103004EE165F30BD4FF4805CBF
:102BF00043F2AC026446C0F210024FF0FF3332F8E9
:102C00001010C8F2280CC8F2281401E0013BC5D00E
:102C1000DCF8102A1142F9D1D4F8002A1142F5D17A
:102C2000BCE700BF4FF480518C464FF0FF33C8F231
:102C30002801C8F2281C01E0013B07D0D1F8102A76
:102C40000242F9D1DCF8002A0242F5D1704700BFF8
:102C500043F60812C0F2100208B503461068A0B18E
:102C600040F29821033323F003030344C0F201012F
:102C70008B4298BF136000D808BDFFF6EDFA0C2216
:102C800003464FF0FF301A6008BD48F29821C0F2A9
:102C9000000108461160E3E7002110B401240B464F
:102CA000C8F224010A6A04FA03F0DA40D20706D413
:102CB0000A6A10430862BFF35F8F41F82340013373
:102CC000082BEFD15DF8044B704700BF537811F02B
:102CD000FC0FF0B55FFA81FC4FEA112E03F03F03C1
:102CE00061D1FF2400EBCE05D5F8001A4FEACC06DF
:102CF000B440B34021EA04010B43C5F8003A13780D
:102D00001A071BD50F2600EB8E05D5F800264FEAD3
:102D10008C071C09C3F3C00303FA0CF106FA07F38E
:102D200022EA0302BC4022437044C5F8002690F812
:102D300000340B43DBB280F80034F0BD012707FA02
:102D40000CF1C9B2CC4300EB0E0292F8006403F020
:102D500006052640022D82F80064E4B233D0C3F3A6
:102D60004102012AE9D913F0010F10F80E304FEAA1
:102D70004C0C1CBF194300F80E104FF0030104BFA8
:102D80001C4000F80E4000EB4E00B0F8003201FA93
:102D90000CF19BB202FA0CF223EA010313439BB23B
:102DA000A0F80032F0BDFF25ACF10401C90000EB32
:102DB000CE048B408D40D4F8041A21EA05010B4360
:102DC000C4F8043A9BE7032200EB4E00B0F800324F
:102DD0000CFA07FC9BB202FA0CF207FA0CF723EA92
:102DE00002033B439BB2A0F80032F0BD01230A4628
:102DF000497810B5C4B2A34049064FEA102CDBB2A3
:102E000011D54FF4406401460020C8F2031414F8B1
:102E10000CE0C8F20A004EEA030304F80C30BDE8E7
:102E20001040FFF753BF4FF4406E01460020C8F238
:102E3000031E1EF80C40C8F2031024EA03030EF828
:102E40000C30BDE81040FFF741BF00BF2DE9F04155
:102E5000002800F0AB800E46002900F0A7804A68E9
:102E60000346002A00F09E8045F254221968C5F2FC
:102E70004F02914200F09F8002201A609E60FFF78F
:102E80007FFE35884DB1746804EBC505A0882146E6
:102E90000834FFF7ABFFAC42F8D10220FFF734FE55
:102EA0000220B468FFF76CFE00208646A446214647
:102EB0000546C8F20A0E0B8A0EEB000696F80C2E99
:102EC0001F0A02F08002102FDBB208BF42F0080296
:102ED00003D0122F08BF42F01002CF7B1343012F03
:102EE00048D08A7C43EA4213DBB286F80C3E8A7BE8
:102EF0000631012A04BF82402A4300F1010008BFC5
:102F0000D5B20428D7D100221646114604F1010E8D
:102F1000C8F20A069CF8070014F81280B71840EAB5
:102F2000080087F8000E9CF80400012816D1904094
:102F300097F8023E0843C1B29CF8060003F08803EC
:102F400043EA80039CF80500DBB29CF80880034349
:102F500002F5607006EB800080F804801EF8120015
:102F60000CF1050C43EA0013DBB287F8023E6AB9A4
:102F70000122CFE79EF8102E87403A43CF7CD2B291
:102F800043EA47138EF8102EDBB2AEE7890041EA20
:102F90000511C9B2022086F8111EFFF7B5FD002009
:102FA000BDE8F0810A88002A3FF45EAFFFF75AFDC2
:102FB0000120BDE8F081FFF755FD0E20F0E700BFCE
:102FC000022800D0704747F26C41C0F200018B68C4
:102FD000002BF7D048F2F000C0F20000FFF736BF38
:082FE00004F01FE5F9211000C7
:102FE8000100000012000000C7FF010012001000DD
:102FF800C7FF110002000010C3FF171012000030B5
:10300800C7FF173012000040C7FFFF5F02000060D3
:10301800C3FFFF7F13000080CBFFFF8013000081F8
:10302800CBFFFF8113000090CBFF1F90130000948B
:10303800C9FF1F94130000C0C9FFFFC000000000B3
:103048000000000000000000000000000000000078
:103058000000000000000000000000000000000068
:103068000000000000000000000000000000000058
:103078000000000000000000000000000000000048
:103088000000000000000000000000000000000038
:103098000000000000000000000000000000000028
:1030A8000000000001000200040008000000000009
:0400000500102000C7
:00000001FF
