:02000004401F9B
:10FE00000000204000000000FFFFDFBFFFFFFFFFFA
:10FE10000000204000000000FFFFDFBFFFFFFFFFEA
:10FE2000C0130100000000003FECFEFFFFFFFFFFDA
:10FE300000000000000000000000000000000000C2
:10FE400000000000000000000000000000000000B2
:10FE500000000000000000000000000000000000A2
:10FE60000000000000000000000000000000000092
:10FE70000000000000000000000000000000000082
:10FE80000000000000000000000000000000000072
:10FE90000000000000000000000000000000000062
:10FEA0000000000000000000000000000000000052
:10FEB0000000000000000000000000000000000042
:10FEC0000000000000000000000000000000000032
:10FED0000000000000000000000000000000000022
:10FEE0000000000000000000000000000000000012
:10FEF0000000000000000000000000000000000002
:10FF000000000000000000000000000000000000F1
:10FF100000000000000000000000000000000000E1
:10FF200000000000000000000000000000000000D1
:10FF300000000000000000000000000000000000C1
:10FF400000000000000000000000000000000000B1
:10FF500000000000000000000000000000000000A1
:10FF60000000000000000000000000000000000091
:10FF70000000000000000000000000000000000081
:10FF80000000000000000000000000000000000071
:10FF90000000000000000000000000000000000061
:10FFA0000000000000000000000000000000000051
:10FFB0000000000000000000000000000000000041
:10FFC0000000000000000000000000000000000031
:10FFD0000000000000000000000000000000000021
:10FFE000525A20465350204170706C6963617469A5
:10FFF0006F6E000000000000000000000000000024
:0200000440209A
:04000000A006001442
:10100000000000141F2003D51F2003D51F2003D587
:101010001F2003D51F2003D51F2003D51F2003D574
:101020001F2003D51F2003D51F2003D51F2003D564
:101030001F2003D51F2003D51F2003D51F2003D554
:101040001F2003D51F2003D51F2003D51F2003D544
:101050001F2003D51F2003D51F2003D51F2003D534
:101060001F2003D51F2003D51F2003D51F2003D524
:101070001F2003D51F2003D51F2003D51F2003D514
:101080002A0200141F2003D51F2003D51F2003D5DB
:101090001F2003D51F2003D51F2003D51F2003D5F4
:1010A0001F2003D51F2003D51F2003D51F2003D5E4
:1010B0001F2003D51F2003D51F2003D51F2003D5D4
:1010C0001F2003D51F2003D51F2003D51F2003D5C4
:1010D0001F2003D51F2003D51F2003D51F2003D5B4
:1010E0001F2003D51F2003D51F2003D51F2003D5A4
:1010F0001F2003D51F2003D51F2003D51F2003D594
:10110000C00100141F2003D51F2003D51F2003D5C5
:101110001F2003D51F2003D51F2003D51F2003D573
:101120001F2003D51F2003D51F2003D51F2003D563
:101130001F2003D51F2003D51F2003D51F2003D553
:101140001F2003D51F2003D51F2003D51F2003D543
:101150001F2003D51F2003D51F2003D51F2003D533
:101160001F2003D51F2003D51F2003D51F2003D523
:101170001F2003D51F2003D51F2003D51F2003D513
:101180007F2003D5FFFFFF171F2003D51F2003D5A6
:101190001F2003D51F2003D51F2003D51F2003D5F3
:1011A0001F2003D51F2003D51F2003D51F2003D5E3
:1011B0001F2003D51F2003D51F2003D51F2003D5D3
:1011C0001F2003D51F2003D51F2003D51F2003D5C3
:1011D0001F2003D51F2003D51F2003D51F2003D5B3
:1011E0001F2003D51F2003D51F2003D51F2003D5A3
:1011F0001F2003D51F2003D51F2003D51F2003D593
:10120000000000141F2003D51F2003D51F2003D585
:101210001F2003D51F2003D51F2003D51F2003D572
:101220001F2003D51F2003D51F2003D51F2003D562
:101230001F2003D51F2003D51F2003D51F2003D552
:101240001F2003D51F2003D51F2003D51F2003D542
:101250001F2003D51F2003D51F2003D51F2003D532
:101260001F2003D51F2003D51F2003D51F2003D522
:101270001F2003D51F2003D51F2003D51F2003D512
:10128000AA0100141F2003D51F2003D51F2003D55A
:101290001F2003D51F2003D51F2003D51F2003D5F2
:1012A0001F2003D51F2003D51F2003D51F2003D5E2
:1012B0001F2003D51F2003D51F2003D51F2003D5D2
:1012C0001F2003D51F2003D51F2003D51F2003D5C2
:1012D0001F2003D51F2003D51F2003D51F2003D5B2
:1012E0001F2003D51F2003D51F2003D51F2003D5A2
:1012F0001F2003D51F2003D51F2003D51F2003D592
:10130000400100141F2003D51F2003D51F2003D543
:101310001F2003D51F2003D51F2003D51F2003D571
:101320001F2003D51F2003D51F2003D51F2003D561
:101330001F2003D51F2003D51F2003D51F2003D551
:101340001F2003D51F2003D51F2003D51F2003D541
:101350001F2003D51F2003D51F2003D51F2003D531
:101360001F2003D51F2003D51F2003D51F2003D521
:101370001F2003D51F2003D51F2003D51F2003D511
:101380007F2003D5FFFFFF171F2003D51F2003D5A4
:101390001F2003D51F2003D51F2003D51F2003D5F1
:1013A0001F2003D51F2003D51F2003D51F2003D5E1
:1013B0001F2003D51F2003D51F2003D51F2003D5D1
:1013C0001F2003D51F2003D51F2003D51F2003D5C1
:1013D0001F2003D51F2003D51F2003D51F2003D5B1
:1013E0001F2003D51F2003D51F2003D51F2003D5A1
:1013F0001F2003D51F2003D51F2003D51F2003D591
:101400007F2003D5FFFFFF171F2003D51F2003D523
:101410001F2003D51F2003D51F2003D51F2003D570
:101420001F2003D51F2003D51F2003D51F2003D560
:101430001F2003D51F2003D51F2003D51F2003D550
:101440001F2003D51F2003D51F2003D51F2003D540
:101450001F2003D51F2003D51F2003D51F2003D530
:101460001F2003D51F2003D51F2003D51F2003D520
:101470001F2003D51F2003D51F2003D51F2003D510
:101480007F2003D5FFFFFF171F2003D51F2003D5A3
:101490001F2003D51F2003D51F2003D51F2003D5F0
:1014A0001F2003D51F2003D51F2003D51F2003D5E0
:1014B0001F2003D51F2003D51F2003D51F2003D5D0
:1014C0001F2003D51F2003D51F2003D51F2003D5C0
:1014D0001F2003D51F2003D51F2003D51F2003D5B0
:1014E0001F2003D51F2003D51F2003D51F2003D5A0
:1014F0001F2003D51F2003D51F2003D51F2003D590
:101500007F2003D5FFFFFF171F2003D51F2003D522
:101510001F2003D51F2003D51F2003D51F2003D56F
:101520001F2003D51F2003D51F2003D51F2003D55F
:101530001F2003D51F2003D51F2003D51F2003D54F
:101540001F2003D51F2003D51F2003D51F2003D53F
:101550001F2003D51F2003D51F2003D51F2003D52F
:101560001F2003D51F2003D51F2003D51F2003D51F
:101570001F2003D51F2003D51F2003D51F2003D50F
:101580007F2003D5FFFFFF171F2003D51F2003D5A2
:101590001F2003D51F2003D51F2003D51F2003D5EF
:1015A0001F2003D51F2003D51F2003D51F2003D5DF
:1015B0001F2003D51F2003D51F2003D51F2003D5CF
:1015C0001F2003D51F2003D51F2003D51F2003D5BF
:1015D0001F2003D51F2003D51F2003D51F2003D5AF
:1015E0001F2003D51F2003D51F2003D51F2003D59F
:1015F0001F2003D51F2003D51F2003D51F2003D58F
:101600007F2003D5FFFFFF171F2003D51F2003D521
:101610001F2003D51F2003D51F2003D51F2003D56E
:101620001F2003D51F2003D51F2003D51F2003D55E
:101630001F2003D51F2003D51F2003D51F2003D54E
:101640001F2003D51F2003D51F2003D51F2003D53E
:101650001F2003D51F2003D51F2003D51F2003D52E
:101660001F2003D51F2003D51F2003D51F2003D51E
:101670001F2003D51F2003D51F2003D51F2003D50E
:101680007F2003D5FFFFFF171F2003D51F2003D5A1
:101690001F2003D51F2003D51F2003D51F2003D5EE
:1016A0001F2003D51F2003D51F2003D51F2003D5DE
:1016B0001F2003D51F2003D51F2003D51F2003D5CE
:1016C0001F2003D51F2003D51F2003D51F2003D5BE
:1016D0001F2003D51F2003D51F2003D51F2003D5AE
:1016E0001F2003D51F2003D51F2003D51F2003D59E
:1016F0001F2003D51F2003D51F2003D51F2003D58E
:101700007F2003D5FFFFFF171F2003D51F2003D520
:101710001F2003D51F2003D51F2003D51F2003D56D
:101720001F2003D51F2003D51F2003D51F2003D55D
:101730001F2003D51F2003D51F2003D51F2003D54D
:101740001F2003D51F2003D51F2003D51F2003D53D
:101750001F2003D51F2003D51F2003D51F2003D52D
:101760001F2003D51F2003D51F2003D51F2003D51D
:101770001F2003D51F2003D51F2003D51F2003D50D
:101780007F2003D5FFFFFF171F2003D51F2003D5A0
:101790001F2003D51F2003D51F2003D51F2003D5ED
:1017A0001F2003D51F2003D51F2003D51F2003D5DD
:1017B0001F2003D51F2003D51F2003D51F2003D5CD
:1017C0001F2003D51F2003D51F2003D51F2003D5BD
:1017D0001F2003D51F2003D51F2003D51F2003D5AD
:1017E0001F2003D51F2003D51F2003D51F2003D59D
:1017F0001F2003D51F2003D51F2003D51F2003D58D
:10180000BF4100D5FD7BBFA9F24FBFA9F047BFA9DB
:10181000EE3FBFA9EC37BFA9EA2FBFA9E827BFA9B0
:10182000E61FBFA9E417BFA9E20FBFA9E007BFA940
:1018300000443BD521443BD5E007BFA9FE7FBFADA7
:10184000FC77BFADFA6FBFADF867BFADF65FBFAD58
:10185000F457BFADF24FBFADF047BFADEE3FBFADE8
:10186000EC37BFADEA2FBFADE827BFADE61FBFAD78
:10187000E417BFADE20FBFADE007BFAD03403ED5FB
:1018800022403ED5E20FBFA96A000094DF4103D594
:101890009F3F03D5DF3F03D5E417C1A805401ED500
:1018A00024401ED59F3F03D5DF3F03D5E007C1ACE1
:1018B000E20FC1ACE417C1ACE61FC1ACE827C1AC74
:1018C000EA2FC1ACEC37C1ACEE3FC1ACF047C1ACC4
:1018D000F24FC1ACF457C1ACF65FC1ACF867C1AC14
:1018E000FA6FC1ACFC77C1ACFE7FC1ACE007C1A808
:1018F00000441BD521441BD5E007C1A8E20FC1A8B5
:10190000E417C1A8E61FC1A8E827C1A8EA2FC1A80B
:10191000EC37C1A8EE3FC1A8F047C1A8F24FC1A85B
:10192000FD7BC1A8E0039FD6BF4100D5E007BFA95A
:10193000E20FBFA9E417BFA9E61FBFA9E827BFA907
:10194000EA2FBFA9EC37BFA9EE3FBFA9F047BFA957
:10195000F24FBFA9FD7BBFA900443BD521443BD535
:10196000E007BFA9FE7FBFADFC77BFADFA6FBFAD8B
:10197000F867BFADF65FBFADF457BFADF24FBFAD77
:10198000F047BFADEE3FBFADEC37BFADEA2FBFAD07
:10199000E827BFADE61FBFADE417BFADE20FBFAD97
:1019A000E007BFAD27000094E007C1ACE20FC1AC77
:1019B000E417C1ACE61FC1ACE827C1ACEA2FC1AC4B
:1019C000EC37C1ACEE3FC1ACF047C1ACF24FC1AC9B
:1019D000F457C1ACF65FC1ACF867C1ACFA6FC1ACEB
:1019E000FC77C1ACFE7FC1ACE007C1A800441BD5A9
:1019F00021441BD5FD7BC1A8F24FC1A8F047C1A867
:101A0000EE3FC1A8EC37C1A8EA2FC1A8E827C1A8BA
:101A1000E61FC1A8E417C1A8E20FC1A8E007C1A84A
:101A2000E0039FD6000000000E0000141F2003D525
:101A3000100F20D01082089100021FD60000000075
:101A4000100F20D01042079100021FD600000000A6
:101A50000000000000000000000000000000000086
:101A8000C006005800C01ED500C01CD500C018D527
:101A9000000080D200101ED500101CD5001018D5F3
:101AA000010600583F000091000080D240111ED571
:101AB00040111CD51F111ED5DF3F03D501008052F8
:101AC000210015322100163221001D3221001E3264
:101AD00021001F3201111ED5DF3F03D50200B0D215
:101AE00002111CD5A00038D5A0001CD5000038D5A7
:101AF00000001CD51F211CD58003005800E01BD519
:101B00001F870ED51F7108D5780E0094200300584A
:101B1000410300583B0000941F7108D5390F009411
:101B2000000080D27301009400103ED5000040B246
:101B300000101ED5DF3F03D5400200586102005857
:101B4000300000941F7108D5060F0094AD03009477
:101B5000000000140000000000300200000000003F
:101B6000C03321400000000000366E01000000007C
:101B7000201E204000000000101E20400000000039
:101B8000901E204000000000501E20400000000079
:101B9000312E303000000000000000000000000086
:101BA0000000000000000000000000000000000035
:101BB0000000000000000000000000000000000025
:101BC0000000000000000000000000000000000015
:101BD0000000000000000000000000000000000005
:101BE00000000000000000000000000000000000F5
:101BF00000000000000000000000000000000000E5
:101C0000E417BFA9E61FBFA9E40300AAE18F1FF8EC
:101C10009F0000F1E1000054E48740F89F0000F1CC
:101C2000A1070054E417C1A8E61FC1A8C0035FD6EE
:101C3000808440F8818440F8220000CB818440F801
:101C40001F0000F1A0FEFF5443FC44D37F0000F1CD
:101C5000000200540B0000141F2003D51F2003D5E1
:101C60001F2003D51F2003D51F2003D51F2003D518
:101C70001F2003D51F2003D51F2003D51F2003D508
:101C80000518C1A8251881A8630400F1A1FFFF541D
:101C9000420C40F2E00300541A0000141F2003D548
:101CA0001F2003D51F2003D51F2003D51F2003D5D8
:101CB0001F2003D51F2003D51F2003D51F2003D5C8
:101CC0001F2003D51F2003D51F2003D51F2003D5B8
:101CD0001F2003D51F2003D51F2003D51F2003D5A8
:101CE0001F2003D51F2003D51F2003D51F2003D598
:101CF0001F2003D51F2003D51F2003D51F2003D588
:101D00000514403825140038420400F1A1FFFF54A7
:101D1000C8FFFF17818440F8828440F8420001CB5D
:101D20003F0000F140F8FF54000080D243FC44D350
:101D30007F0000F1C0020054050080D2060080D26E
:101D4000100000141F2003D51F2003D51F2003D52A
:101D50001F2003D51F2003D51F2003D51F2003D527
:101D60001F2003D51F2003D51F2003D51F2003D517
:101D70001F2003D51F2003D51F2003D51F2003D507
:101D8000251881A8630400F1C1FFFF54420C40F202
:101D9000E00300541B0000141F2003D51F2003D5AF
:101DA0001F2003D51F2003D51F2003D51F2003D5D7
:101DB0001F2003D51F2003D51F2003D51F2003D5C7
:101DC0001F2003D51F2003D51F2003D51F2003D5B7
:101DD0001F2003D51F2003D51F2003D51F2003D5A7
:101DE0001F2003D51F2003D51F2003D51F2003D597
:101DF0001F2003D51F2003D51F2003D51F2003D587
:101E000020140038420400F1C1FFFF54C2FFFF1745
:101E100000000000000000000000000000000000C2
:101E2000601A204000000000601A204000000000FE
:101E3000603A020000000000000000000000000006
:101E40000000000000000000000000000000000092
:101E5000C013214000000000C0132140000000001A
:101E6000C033214000000000984C214000000000D9
:101E7000A06C218000000000A06C21800000000008
:101E80000000000000000000000000000000000052
:101E90000010204000000000601A204000000000F8
:101EA0000030020000000000000000000000000000
:101EB0000000000000000000000000000000000022
:101EC000FD7BB9A9FD030091E0A30191F35301A9A2
:101ED000140000B0F55B02A9150000B0F76303A978
:101EE000F96B04A9FB7305A9FF7F0D29D90B009499
:101EF000010000B0000000B0E4A74139E3AB413974
:101F0000E2AF4139213C40F9004040F9FD10009416
:101F1000000000B0004440F9561100948D00009478
:101F200040080035AB000094F303002A2009003577
:101F3000080000B0070000B0060000B0050000B0C7
:101F4000040000B0030000B0020000B0010000B0C7
:101F5000000000B0135940F9F65C40F9D46040F934
:101F6000BB6440F9984C40F9775040F95A6840F901
:101F7000356C40F9197040F960024039E0FF0736CE
:101F8000E00316AA7F0200393A110094E2B30191EE
:101F9000E00314AA21208352B2080094FC03002A13
:101FA00020030035E26F40B9E00314AA21208352D8
:101FB00042000052E26F00B9BE080094FC03002A00
:101FC00000010035E16F40B9E00315AA3F0400713C
:101FD00040000054E00319AA26110094E7FFFF1700
:101FE000E1031AAAE00318AAC61000949500009411
:101FF000E1031C2AE00317AAC2100094000020D4B9
:10200000F1FFFF17E1031BAAE00318AABD1000941B
:102010008C000094E1031C2AE00317AAB910009475
:10202000000020D4E0FFFF1701000090F303002A16
:10203000A04E40F9214840F9B2100094805240F976
:10204000E103132AAF100094000020D4B6FFFF175D
:1020500001000090A04E40F9215440F9A9100094CD
:1020600078000094805240F9E103132AA5100094EF
:10207000000020D4AFFFFF1770E2204000000000F6
:1020800078E220400000000098E4204000000000BA
:1020900048E520400000000068E520400000000006
:1020A00080E5204000000000A0E520400000000086
:1020B000C033214000000000C0E5204000000000C7
:1020C0002039214000000000E0E520400000000031
:1020D00008E620400000000030E62040000000003C
:1020E00048E6204000000000000000000000000062
:1020F000200100341F08007140000054C0035FD667
:102100000100009000000090219C40F900A040F9DF
:10211000D00800140100009000000090219440F9C4
:10212000009840F9CB060014E8E9204000000000C8
:102130006839214000000000D0EA20400000000083
:1021400020392140000000000000000000000000D5
:10215000FD7BBEA90100009000000090FD030091EE
:1021600021D840F9F30B00F900DC40F9D5080094C0
:10217000F303002AA0000035E003132AF30B40F913
:10218000FD7BC2A8C0035FD6010000900000009054
:1021900021E040F900E440F95A100094E003132ACA
:1021A000F30B40F9FD7BC2A8C0035FD61F2003D507
:1021B000A0EA204000000000D039214000000000CB
:1021C00060E620400000000068E5204000000000BC
:1021D000FD7BBEA900000090FD030091001441F9B1
:1021E000F30B00F933090094F303002AA000003533
:1021F000E003132AF30B40F9FD7BC2A8C0035FD6AE
:102200000100009000000090211841F9001C41F9E4
:102210003C100094E003132AF30B40F9FD7BC2A8A5
:10222000C0035FD61F2003D5D03921400000000035
:1022300090E620400000000068E52040000000001B
:10224000FD7BBFA900000090FD030091003C41F917
:102250003409009460000035FD7BC1A8C0035FD63F
:10226000FD7BC1A80100009000000090214041F9D1
:10227000004441F923100014D0392140000000002F
:10228000C8E620400000000068E520400000000093
:10229000000840B91F0C007140000054C0035FD615
:1022A0000000009021008052005C41F901000039DB
:1022B000C0035FD61F2003D5C033214000000000BB
:1022C000FD7BBCA90000009001000090FD0300917F
:1022D000F35301A913C041F9F55B02A9F71B00F9FB
:1022E000600240B9000300340000009037C441F997
:1022F00016CC41F90000009000D041F9150840F9D2
:10230000140440A9A20240F9E00314AA40003FD6F9
:10231000A30640F9F303002AE10240B9E00314AA3E
:1023200002008052C142218B60003FD6F55B42A97A
:10233000E003132AF35341A9F71B40F9FD7BC4A81E
:10234000C0035FD6000000900300009037C441F93D
:10235000028080D200C841F90100805276CC41F958
:10236000FF0200B91F0000B9E00316AAB5110094DE
:1023700020008052600200B9DFFFFF171F2003D545
:10238000DC37214000000000D4372140000000006D
:10239000D037214000000000D03321400000000071
:1023A000F0E92040000000000000000000000000F4
:1023B000FD7BBEA902000090FD030091F35301A92B
:1023C000F40300AAF303012A403C42F9000040B99B
:1023D000C0040034F30400340200009001000090B7
:1023E0000000009027008052484042F9E30314AAFD
:1023F000224442F98542338B064842F9E700144BE8
:10240000010140B91F2003D5400040B91F00016BF6
:10241000C0FFFF54C4486138210400113F0010710F
:1024200064000039E000030B21309F1A630400911F
:102430009F280071A00000549F340071E0000054F8
:102440007F0005EB21FEFF54010100B9F35341A9C0
:10245000FD7BC2A8C0035FD6C44861389F280071C5
:1024600000FFFF54F9FFFF1796FFFF97DAFFFF17F2
:1024700000008052F6FFFF17DC372140000000000B
:10248000D037214000000000D43721400000000078
:10249000D0332140000000000000000000000000D8
:1024A000FD7BBEA902000090FD030091F35301A93A
:1024B000F30300AAF403012A408842F9000040B95E
:1024C000200200340000009003000090E10313AAF2
:1024D000E203142A009042F9738C42F9030840F990
:1024E000000040F97F0200B9630840F960003FD660
:1024F000610240B9E1FFFF34F35341A9FD7BC2A85B
:10250000C0035FD66FFFFF97EFFFFF171F2003D5B4
:10251000DC37214000000000D837214000000000D7
:10252000F0E9204000000000000000000000000072
:10253000FD7BBEA901000090FD030091F30B00F9A3
:10254000F30300AA20E442F9000040B9A0030034DC
:10255000330300B4600640B9A000083601000090C3
:102560002200805221E842F9220000B940021036D0
:102570000000009001000090640A40B900EC42F9AC
:1025800022F042F9030040B9010040B94448233821
:102590003FFC0F7188000054010040B92104001174
:1025A000010000B9010040B93FFC0F71490000541F
:1025B0001F0000B9F30B40F9FD7BC2A8C0035FD632
:1025C00040FFFF97E3FFFF17DC37214000000000CA
:1025D000D837214000000000D4372140000000001F
:1025E000D033214000000000000000000000000087
:1025F000FD7BBCA903000090FD030091635843F9E3
:10260000F35301A9F403002AF30302AA600040F97E
:10261000600000B4022440F9020300B49F4E007130
:102620006803005400000090947E7C93F51300F939
:10263000005C43F91500148B006874B81F04003166
:1026400040020054E00301AAE103132A59FFFF9757
:102650001F04003160020054A10E40B96002004B1B
:102660002100000BA10E00B9F51340F9F35341A965
:10267000FD7BC4A8C0035FD6E11F00F9CD10009414
:10268000E11F40F9E6FFFF17F51340F9110D009423
:1026900021018052010000B900008012F4FFFF17F1
:1026A000F51340F900008012F1FFFF171F2003D53A
:1026B0004802214000000000E037214000000000F7
:1026C000FD7BBDA903000090FD03009163C443F9A5
:1026D000F35301A9137C4093F51300F9F40301AA05
:1026E000F503022A600040F9600000B4012440F9BB
:1026F000A10300B47F4E0071C80300540000009095
:10270000617E7C9300C843F90200018B016861B8C7
:102710003F040031E0020054BF0A0071A8010054D8
:10272000BF060071000100541310138BE00314AABC
:10273000740E00B9F35341A9F51340F9FD7BC3A80A
:10274000C0035FD6410C80B9940201ABE5FEFF5493
:10275000E00C0094C1028052010000B90000809298
:10276000F5FFFF17931000947F4E007189FCFF5412
:10277000D80C009421018052010000B90000809221
:10278000EDFFFF171F2003D5480221400000000085
:10279000E0372140000000000000000000000000C1
:1027A000FD7BBCA903000090FD030091634444F944
:1027B000F35301A9F303002AF40302AA600040F9CD
:1027C000600000B4022440F9420300B47F4E00715F
:1027D000A804005400000090737E7C93F51300F968
:1027E000004844F91500138B006873B81F040031CA
:1027F00080030054E00301AAE103142A29FFFF9794
:10280000E103002AA003F837A20E40B98002004B72
:102810004200000BA20E00B99F02016B2001005480
:10282000F51340F9F35341A9FD7BC4A8C0035FD65B
:10283000E11F00F95F100094E11F40F9E4FFFF176A
:10284000A40C0094E10300AA000080523F0000B9EC
:10285000F35341A9F51340F9FD7BC4A8C0035FD62B
:10286000F51340F99B0C009421018052010000B93E
:1028700000008012ECFFFF17F51340F900008012F2
:10288000E9FFFF171F2003D5480221400000000088
:10289000E0372140000000000000000000000000C0
:1028A000FD7BBEA901000090FD030091F30B00F930
:1028B000F303002A209444F9000040F9600000B4BA
:1028C000012440F9E10100B47F4E00712802005458
:1028D00000000090737E7C93019844F9206873B8DF
:1028E0001F04003160010054020080120000805279
:1028F000226833B8F30B40F9FD7BC2A8C0035FD652
:102900002C1000947F4E007149FEFF541F2003D508
:10291000700C0094E10300AA220180520000801292
:10292000220000B9F4FFFF17480221400000000018
:10293000E03721400000000000000000000000001F
:102940000004004F03008452028080D200008052B5
:102950003F3000F9200000AD200002AD230400B993
:10296000200001AD222400F9C0035FD60000000062
:10297000FD7BBEA901000090FD030091F30B00F95F
:10298000F303002A20F844F9000040F9600000B485
:10299000012440F9C10100B47F4E0071E8010054E8
:1029A00001000090607E7C9321FC44F9206860B8AF
:1029B0001F040031200100547F060071E0879F1A38
:1029C000F30B40F9FD7BC2A8C0035FD6F90F00945A
:1029D0007F4E007169FEFF543E0C0094E10300AA93
:1029E0002201805200008052220000B9F5FFFF173B
:1029F0004802214000000000E037214000000000B4
:102A0000FD7BBFA9FD0300912EFDFF9700008052C2
:102A1000FD7BC1A8C0035FD60000000000000000DD
:102A20003F0000F1E40300AA041840FA200080529D
:102A300040010054860040B9A5CA88526568AA7250
:102A4000E0008052DF00056B8100005400008052DE
:102A5000810C04A9822800F9C0035FD600000000A1
:102A6000C0008052C0035FD60000000000000000DC
:102A700002504039C30980526500020A05500039EE
:102A8000E203052A230440390308003923004039B2
:102A900004004079631043D36404003304000079D8
:102AA00023004039630008362308C0390301F83792
:102AB0002100403923000012210842D3611C012A61
:102AC0002100022A01500039C0035FD6A5001C3244
:102AD0000550003942001B322308403903080039F1
:102AE0002100403923000012210842D3611C012A31
:102AF0002100022A01500039C0035FD60000000007
:102B0000FD7BBCA9FD030091F35301A9F30300AAC7
:102B1000002440F9E00200B4041440A9F4A3009199
:102B2000E49702A9030840F9830A00F9631640F903
:102B30006300403903080029010800B9612A40F9FF
:102B4000010800F9612240F920003FD6602640F9D3
:102B5000A00000B4E28F42A9020C00A9810A40F94A
:102B6000010800F9F35341A9FD7BC4A8C0035FD657
:102B7000F4A30091E00314AAEDFFFF17000000008A
:102B8000FD7BBEA9FD030091F30B00F9F30300AA3E
:102B9000001840F9011C40793F1040F260020054D7
:102BA0000210407901284039642240B9433C0012A8
:102BB000211C00120202183723041037440200358A
:102BC000820080521F2003D5632240F943FEFFB4E8
:102BD000E00313AACBFFFF97601A40F9011C40796C
:102BE0003F1040F2E1FDFF54F30B40F9FD7BC2A81A
:102BF000C0035FD60202805283FE17360203805262
:102C0000F2FFFF17600E40F901000039610E40F934
:102C1000602240B921040091610E00F900040051C6
:102C2000602200B9A0FDFF35602240F960FDFFB4CD
:102C30002200805201008052E6FFFF1702018052FD
:102C4000E2FFFF170000000000000000000000008D
:102C50001F0000F1241840FA60010054030040B93D
:102C6000A2CA88526268AA72E00080527F00026B9A
:102C7000810000540004002F00008052200000FD5D
:102C8000C0035FD620008052C0035FD60000000062
:102C9000E00500B4FD7BBDA9FD030091F35301A93C
:102CA000F30300AAF40301AAA1CA8852E0008052EB
:102CB000620240B96168AA725F00016B210400548E
:102CC000602240B9800200B97F2200B9601640F945
:102CD000001840F9000200B4010840F9000040F972
:102CE000211040F920003FD6C0020035601640F99F
:102CF000E1830091001840F9020840F9000040F912
:102D0000421C40F940003FD6C0010035E02F40B9D9
:102D1000800200B9611A40F92018407900001F3282
:102D200020180079611A40F920184079E0FF0F3629
:102D3000221840790000805242781E122218007931
:102D4000F35341A9FD7BC3A8C0035FD62000805286
:102D5000C0035FD60000000000000000000000007B
:102D6000000800B4FD7BBEA9FD030091F35301A947
:102D7000F30300AAF403012AA1CA8852E00080529A
:102D8000620240B96168AA725F00016B01060054DB
:102D900054060836621A40F961EF9F5200008052D3
:102DA000430840792100030A41080079611640F97F
:102DB000211C40F9A10000B4220840F9200040F98C
:102DC000411040F920003FD6621A40F97F1200B945
:102DD0004118407921001E3241180079611A40F9EA
:102DE00022184079E2FF17362218407942781D12E6
:102DF00022180079C0020035B4020036611640F98D
:102E00007F2200B900008052211840F9A10000B4CF
:102E1000220840F9200040F9411040F920003FD637
:102E2000621A40F94118407921001F324118007997
:102E3000621A40F91F2003D541184079E1FF0F368F
:102E40004118407921781E1241180079F35341A9A5
:102E5000FD7BC2A8C0035FD6C0008052E7FFFF170A
:102E600020008052C0035FD6000000000000000078
:102E70003F0000F1E30300AA4418407A041840FA26
:102E80002000805241000054C0035FD6650040B965
:102E9000A4CA88526468AA72E0008052BF00046B22
:102EA00041FFFF54601040B900020035651840F939
:102EB000A408407984781812A4080079651840F9AC
:102EC000A408407984781D12A4080079610400F9EF
:102ED000641840F9621000B9810840792100193264
:102EE00081080079C0035FD600018052C0035FD61D
:102EF000C00300B4E60300AAA2CA88526268AA729C
:102F0000E0008052C30040B97F00026BE100005432
:102F1000C31840F920008052620840794204001230
:102F20005F00006B49000054C0035FD6FD7BBFA962
:102F300062E19F52FD030091600840794400000A5D
:102F400064080079DF0400F987081C32C01840F9D2
:102F5000C8FEFF9700008052C11840F92708007989
:102F6000FD7BC1A8C0035FD620008052C0035FD69E
:102F7000FD7BBDA9FD030091F35301A9E00800B456
:102F8000F40300AAA0CA88526068AA72F3008052B3
:102F9000810240B93F00006BA0000054E003132AF7
:102FA000F35341A9FD7BC3A8C0035FD6F51300F915
:102FB0009F0200B9801A40F91F080079811640F974
:102FC000201440B9332840F9C2070094801640F914
:102FD000002C40B9BF070094600640B9BD070094BB
:102FE000801640F9001C40B9BA070094801640F9D9
:102FF000002440B9B70700944E080094F30300AAD8
:10300000000080D247080094811640F9E00313AA1B
:1030100033008052026C81D22220A2F2210040397A
:103020002100130B6122C11A213C1053213C0032B4
:10303000410800B9410840B93A0800943D0800949D
:10304000F50300AA000080D236080094801640F9EB
:103050002320A2D2010040396122C11A213C105321
:10306000618405B9801640F9000040396222C01A17
:10307000610447B93300026AC1FFFF54E00315AA97
:1030800028080094F51340F9E003132AF35341A9EB
:10309000FD7BC3A8C0035FD633008052E003132A30
:1030A000F35341A9FD7BC3A8C0035FD60000000015
:1030B000C0008052C0035FD6000000000000000086
:1030C0003F0000F1E30300AA4418407A041840FAD4
:1030D0002000805241000054C0035FD6650040B913
:1030E000A4CA88526468AA72E0008052BF00046BD0
:1030F00041FFFF54602040B980000035610C00F9A9
:10310000622000B9C0035FD600018052C0035FD6C1
:10311000FD7BBBA93F0000F1041840FAFD030091BC
:10312000F35301A934008052A02E0054F55B02A98C
:10313000F30301AA362840F9B62E00B4C11E40F9A7
:10314000612E00B4F50300AAC00A40F9002E00B4B5
:10315000A20240B9A0CA88526068AA725F00006BE0
:10316000202F005462024039E00380520024C21A2A
:1031700014000012202E0036601640B9402DF8379A
:10318000601E40B9002DF837602640B9C02CF837D2
:10319000602E40B9802CF837C00640B9402CF83773
:1031A000F76303A9F96B04A9B38602A9602240F969
:1031B000A02200F9602640F9BF8204A9742E40B90C
:1031C000792A40F9E003142A77A240394107009494
:1031D000987E4093CF070094E303002A615C4092FD
:1031E0000200B052637C78D3E003142A631C60921F
:1031F000210003AA4B070094E1121D53E003142A97
:103200003C07009401000090E003142A37F043F9D2
:10321000E17A78B853070094E003142A4100805201
:103220006407009421008052E003142A850700946B
:103230000000009014F443F9957A38F8781640B9F4
:103240007A424039E003182A22070094B10700941B
:10325000E303002A615C40920200B052637C78D3A1
:10326000E003182A631C6092210003AA2D07009432
:1032700041131D531A7F4093E003182A1D07009441
:10328000E003182AE17A7AB836070094E003182A96
:10329000410080524707009421008052E003182A21
:1032A00068070094957A3AF8380740B939034039ED
:1032B000E003182A0707009496070094E303002A06
:1032C000615C40920200B052637C78D3E003182A1C
:1032D000631C6092210003AA1207009421131D535E
:1032E000197F4093E003182A02070094E003182A8C
:1032F000E17A79B81B070094E003182A4100805254
:103300002C07009421008052E003182A4D070094F6
:10331000957A39F8781E40B979624039E003182A65
:10332000EC0600947B070094E303002A615C409262
:103330000200B052637C78D3E003182A631C6092C9
:10334000210003AAF706009421131D53197F40930F
:10335000E003182AE7060094E003182AE17A79B816
:1033600000070094E003182A4100805211070094DE
:1033700021008052E003182A32070094957A39F828
:10338000782640B979824039E003182AD1060094A2
:1033900060070094E303002A615C40920200B0528F
:1033A000637C78D3E003182A631C6092210003AA8F
:1033B000DC06009421131D53197F4093E003182A63
:1033C000CC060094E003182AE17A79B83720A2D21B
:1033D000E4060094E003182A41008052F5060094A8
:1033E000E003182A2100805216070094957A39F8D4
:1033F00050070094F40300AA000080D2490700940B
:1034000061024039220080524120C11A2140012A24
:10341000E18605B9600240394220C01A1F2003D559
:10342000E10647B93F00026AC0FFFF54E00314AA57
:103430003C070094340080523E070094F80300AA31
:10344000000080D23707009461024039006C81D2BD
:103450002020A2F22100140B8122C11A213C10531A
:10346000010800B9010840B9000840B9E00318AAF2
:103470002C0700942F070094F80300AA000080D2C4
:1034800028070094600240392220A2D28022C01A6C
:103490000040002AE08608B9600240398122C01A43
:1034A00054044AB99402016AC1FFFF54E00318AA08
:1034B0001C070094A01A40F91F080079A11A40F9CE
:1034C00020184079003C001200041F3220180079B7
:1034D000A01A40F9011040791F100079A01A40F994
:1034E000012440791F240079C00A40B90017003434
:1034F0001F040071370E8052410E805240008052EE
:10350000F702811A00149F1AA11A40F920080079C5
:10351000608640291F0C0071E0179F1A00641A533F
:10352000A10000343F0C007101001B3200041C326A
:103530000000811AA11A40F902001D32630E40B941
:103540007F0400714000801A003C001220000079C6
:10355000662A40F9C00840B9010800513F040071D3
:10356000E8120054A21A40F91F080071E0179F1AD0
:103570000100801240500039A01A40F901080039BA
:10358000A11A40F920184079003C001200041F32B3
:1035900000601512023C001222180079A11640F9B1
:1035A000222840F9411840B9231000517F3800719A
:1035B000A80F005403A08F526120010B213C001280
:1035C000A31A40F9421C40B9612C00794104001152
:1035D0005F1C0071A21A40F90120012A2030801AD4
:1035E00000741D12003C001240180079C00C40B954
:1035F000A11A40F9000D00342050403900001E325D
:1036000020500039A01640F961008052BF0600F931
:10361000BF1200B9BF0E00F9BF2200B9A172007934
:10362000131440B9E003132A7F7E00710C0B005481
:10363000A4060094E003132A1E060094A01640F985
:10364000132C40B9E003132A7F7E0071CC0900548B
:103650009C060094E003132A16060094D30640B992
:10366000E003132A7F7E0071AC0800549506009495
:10367000E003132A0F060094A01640F9131C40B96A
:10368000E003132A7F7E00716C0700548D060094BE
:10369000E003132A07060094A01640F9132440B94A
:1036A000E003132A7F7E00712C06005485060094E7
:1036B000E003132AFF050094A01A40F917080079C7
:1036C000C02640B9A11A40F94004003420184079BE
:1036D00000001D3220180079A11A40F9A0CA8852B2
:1036E000A27240796068AA7222200079A00200B913
:1036F000F55B42A9F76343A9F96B44A9E003142AD7
:10370000F35341A9FD7BC5A8C0035FD634008052A6
:10371000E003142AF35341A9F55B42A9FD7BC5A838
:10372000C0035FD6F55B42A9E003142AF35341A915
:10373000FD7BC5A8C0035FD6F55B42A954AF80529C
:10374000EFFFFF17F55B42A9D4018052ECFFFF1792
:10375000A072407900041A32A072007920184079D2
:1037600000781C1220180079DCFFFF17090600946E
:10377000D0FFFF1707060094C6FFFF170506009449
:10378000BCFFFF1703060094B3FFFF170106009468
:10379000A9FFFF172050403900781D122050003932
:1037A00099FFFF17230400517F080071680100543E
:1037B0000018012A0100805282FFFF17C10840F95A
:1037C000A01A40F9ABFCFF976EFFFF17170E80524F
:1037D000000080524DFFFF170100805279FFFF1754
:1037E00030F0204000000000003A214000000000BE
:1037F00001000090216C44F920D860F8021440F9CF
:10380000011040B9421C40F9020200B441000034EA
:10381000C0035FD6021840F941084079213C0012EC
:1038200021001E3221781812213C00124108007933
:103830001F0400F9012040F9C1FEFFB402108052BC
:1038400001008052AFFCFF17021840F961FEFF34FF
:10385000010440F92100403941180039020440F9BF
:10386000041840F942040091011040B9020400F923
:1038700021040051011000B9831C4079633048D302
:103880007F3C0071A90100540E0000144100403932
:1038900081180039020440F9011040B94204009136
:1038A000020400F921040051011000B9041840F984
:1038B0007F400071600000546304001181FEFF35F9
:1038C0008110407921781A1281100079011040B9D5
:1038D00001FAFF35D0FFFF17003A21400000000039
:1038E000FD7BBEA901000090FD030091219044F9E9
:1038F000F30B00F933D860F8E00313AAA1FCFF979B
:10390000611A40F9A2FF9F52201040790000020A7C
:1039100020100079F30B40F9FD7BC2A8C0035FD6ED
:10392000003A2140000000000000000000000000FC
:10393000FD7BBEA90200009021088012FD030091CA
:1039400042E444F9F35301A954D860F8801A40F9CD
:1039500013104079733E00126102010A01100079D0
:10396000F302003773023036821A40F98010801259
:10397000831240B9410840797F000071213C001258
:103980002000000A21781D122110801A41080079B8
:10399000802240F9E00000B4E00314AA4200805203
:1039A000F35341A901008052FD7BC2A855FCFF17CB
:1039B000F35341A9FD7BC2A8C0035FD6E00314AA5C
:1039C00070FCFF97E8FFFF17003A2140000000005D
:1039D00001000090210045F920D860F8011840F955
:1039E00022104079403C00125F0079F202781812F0
:1039F0000000821A20100079C0035FD61F2003D573
:103A0000003A21400000000000000000000000001B
:103A100001000090215045F920D860F8031840F9C2
:103A20006210407961244079443C0012213C00122C
:103A300082002037C1020036020480520D000014BB
:103A400084781B12843C0012210100376410007935
:103A500002088052031840F961240079012040F9DE
:103A6000410100B40100805226FCFF17020C805275
:103A70006410007921381F12031840F9612400797D
:103A8000012040F901FFFFB5C0035FD66410007943
:103A9000001840F901240079C0035FD61F2003D528
:103AA000003A21400000000000000000000000007B
:103AB000010600B4200040B91F0C0071A805005495
:103AC000440040F9230840F97F0004EB2805005426
:103AD000430840F91F040071000500541F080071DD
:103AE00040050054060082D2630440B2E503062A72
:103AF0008008C69A430800F90090069BA00300B511
:103B0000430840B96008C51A008C051B2003003526
:103B1000480C40B90709C51AE0A0051BA0020035F2
:103B200029A840A981000ACB2108C69A21707D935B
:103B30002100098B274C278B1F01056B8301005443
:103B4000440840F9E60301AAE303032A2120009177
:103B5000830003AAC30000F9430840B9A300030B84
:103B6000430800B93F0007EBC1FEFF54C0035FD616
:103B700060008052C0035FD60600A8D2630040B246
:103B8000E503062ADBFFFF170604A0D2630040B25C
:103B9000E503062AD7FFFF17000000000000000021
:103BA000E10400B4240040B9600080529F00006B23
:103BB000E8030054430040F9270840F9FF0003EBF5
:103BC000680300549F040071400300549F08007173
:103BD000050082D20004A0D20600851AA510809AA2
:103BE0006408C59A60008052848C059B040200B56D
:103BF000440C40B98208C61A4090061B00020035EA
:103C0000630007CB270440F96108C59A21707D93B2
:103C10002100078B224C228B9F00066B83000054EF
:103C20003F8400F83F0002EBC1FFFF54C0035FD6A2
:103C30000500A8D2E603052AEAFFFF1760008052BC
:103C4000C0035FD60000000000000000000000007C
:103C5000FD7BBAA901000090FD030091F55B02A96C
:103C600036F046F9F35301A9F30300AAC10200326A
:103C7000B70600940100009003000090020000903D
:103C8000000000902EF446F90100009072F846F909
:103C90004C0447F9C20540B2C20200F914FC46F9CF
:103CA000400640B2C00600F9350047F9800640B230
:103CB000820D40F9C00A00F9A10640B240008052CE
:103CC000C10E00F9E03300B9E07F40B2FF2300F9F4
:103CD0005F0000EB000700540B008052010080D20F
:103CE000ED7740B2EF7B40B2180000143F000FEBBD
:103CF000C90600540000A8123F0000EBC80600549B
:103D0000E10314AA0000B0D2E18303A9E35700B98C
:103D1000E22F00F9820300B5E2230191E1C3009193
:103D2000E00313AA9FFFFF9761050011E07F40B2F7
:103D3000EB0301AA227C7BD38201028B420C40F967
:103D40005F0000EB8003005421E87BD38301018BEB
:103D5000816961F8E12700F9600440F9E05300B996
:103D6000630840F93F000DEB28FCFF54E1030EAA65
:103D7000000080D2E18303A9E35700B9E22F00F9E4
:103D8000C2FCFFB4E2230191E1C30091E00313AA56
:103D900048FFFF9761050011E07F40B2EB0301AAE5
:103DA000227C7BD38201028B420C40F95F0000EB46
:103DB000C1FCFF54F35341A900008052F55B42A9B6
:103DC000FD7BC6A8C0035FD6E10312AA0000A8D2FB
:103DD000CEFFFF1700040091E10315AACBFFFF17E8
:103DE00000E001000000000000F001000000000001
:103DF00000000200000000000010020000000000AF
:103E00000020020000000000B0E820400000000098
:103E10000D3C48D3041C42D3A20900510A8583D229
:103E20006A20A2F200041D5342181F53281444D3E1
:103E3000451800514200040B8400050B63008052BA
:103E4000841C4092421C40926320C01A496110D1E8
:103E5000262C4AD30821C01A4B7964B8274852D37C
:103E6000250080524E6130D16B01230AA520C01A73
:103E700008010B2A487924B8C420C01AEF03252A68
:103E8000267962B8E720C01AEC03232AC500250A68
:103E9000E500052A257922B8C57962B8A300230A6E
:103EA0008300032AC37922B86D02003544D943B98F
:103EB000234C53D3225454D3215C56D3EF01040A2C
:103EC0006320C01A63000F2A43D903B94220C01AE5
:103ED00043D947B92120C01A8001030A4000002AB3
:103EE00040D907B940D94BB98C01000A21000C2AEE
:103EF00041D90BB9C0035FD60000000000000000EC
:103F0000FD7BBEA90F3C48D308041D532A008052F4
:103F1000FD030091121C42D3101C1E534221C01AF3
:103F200047060F0B69008052EC008052264080D279
:103F30004B1C0012F35301A9E71C4092254050D3BB
:103F4000242C4AD33E4451D32D1444D3334C53D361
:103F5000315454D32E5C56D3236858D32921C81A20
:103F60006620A2F24A21C81A8C21D01A7FFD037163
:103F700000010054CB486F38001C00126B1D00126A
:103F8000A520C01A6201220A4200052A451C00121F
:103F9000C5482F38060182D26620A2F2C2001091D5
:103FA0008420C81A214852D3CB7867B8D400309106
:103FB0006522C81AD36020916B01290AC023C81A50
:103FC00084000B2AC47827B82620C81AEB0D0051AC
:103FD000447867B8CE21C81A4B060B0BAD21C81A1E
:103FE00081002A0A6B1D40920000012A407827B800
:103FF0002422C81A5E003091807A67B8420440914A
:10400000110185D2EF030F2A0000290A7120A2F2C4
:10401000A801002A887A27B8928080D26320D01A1B
:10402000607A6BB87220A2F200002A0AC600002A49
:10403000667A2BB8C07B67B801002A0AA500012A5E
:10404000C57B27B8457867B8A500290A8400052AEA
:10405000447827B8207A67B80000290AC101002AED
:10406000217A27B8407A6FB800002C0A6000002A35
:10407000407A2FB8F35341A9FD7BC2A8C0035FD695
:10408000FD7BBCA90A3C48D308041D532300805281
:10409000FD030091051C42D3091C1F53620080528E
:1040A0006C20C01AA5040A0B8D1D0012F35301A940
:1040B0002B4050D3F55B02A9364080D2242C4AD342
:1040C000F76303A9354451D3341444D333384ED362
:1040D0003E4C53D3325454D3315C56D32F0C42D37D
:1040E0004920C91AA51C00120E1C0012303D0012F6
:1040F000061C0012210000124720C81A6320C81AAB
:104100007620A2F2BFFD0371E0000054C24A6A3873
:104110006B21C61A421C001242002C0A42000B2AD4
:104120004B1C0012E003052A050182D2CB4A2A3833
:104130006520A2F2A20010918420C81AAB7860B862
:10414000B6003091B7044091B522C81A6B01270A16
:10415000188185D284000B2AA47820B84522C81A79
:104160007820A2F2447860B89422C81A7322C81A40
:104170009200230ACB23C81AB502122A557820B818
:10418000420440912422C81AD27A60B8080185D22C
:104190006820A2F2511D7FD35202270A9402122AEC
:1041A000D47A20B8522080D2F4FF9F52157B60B899
:1041B0007220A2F2B502230A7302152A137B20B8DB
:1041C000F37A60B86302230A6301032AE37A20B812
:1041D000437860B86300270AA300032A437820B815
:1041E000027960B84200270A8300022A037920B8C6
:1041F0001F02146B00010054206A7278C2791F53A9
:10420000003C0012E221C21A0900290A2901022AEF
:104210002F3D0012220080D22F6A32786220A2F253
:10422000BFFD0371E000005443486A382020C61ADD
:10423000611C001221002C0A2000002A011C00121F
:1042400041482A38F35341A9F55B42A9F76343A9D2
:10425000FD7BC4A8C0035FD6000000000000000082
:10426000400200B4040040B9834A8A52E309AA72AA
:10427000E00080529F00036B61010054620100B4B2
:10428000247C0853230081D26320A2F200008052D4
:1042900063486438631C00126128C11A21000012AF
:1042A000410000B9C0035FD620008052C0035FD632
:1042B000600300B4040040B9834A8A52E309AA7239
:1042C000E00080529F00036B810200546000805226
:1042D0005F0400712802005420008052230080D225
:1042E0000020C11A051C0012243C48D36320A2F20E
:1042F000BFFC037180010054654864384220C11A34
:10430000A11C00122000200A0000022A001C00123A
:104310006048243800008052C0035FD620008052DD
:10432000C0035FD6401C0012FAFFFF170000000018
:10433000FD7BBDA9FD030091F35301A9F40300AA7D
:10434000F55B02A97B030094F30300AA000080D26E
:104350007403009400000090162442F9C00240B992
:10436000C0000035000086D2010880526020A2F211
:104370001F50003901500039C10240B9E00313AAAF
:1043800021040011C10200B9660300948002407943
:10439000C0020034130080D2F5FF9F5206000014C3
:1043A000D8FEFF9780024079730600911F20336B7F
:1043B000C9010054820640F961F27DD34000018BAF
:1043C000416861B8000440B91F00156B88030054B0
:1043D00081FE87372BFFFF9773060091800240799B
:1043E0001F20336B88FEFF5452030094F30300AA8E
:1043F000000080D24B030094C00240B9800000341A
:10440000C00240B900040051C00200B9C00240B966
:10441000C0000035000086D2E10F80126020A2F2B9
:104420001F50003901500039F55B42A9E00313AA7F
:10443000F35341A9FD7BC3A83A03001475FEFF970F
:10444000D9FFFF171F2003D5F039214000000000DD
:104450001F0000F1241840FAE0020054E20300AA11
:10446000200440F9000200B4440040B9834A8A5253
:10447000E309AA72C00180529F00036BA00100549F
:10448000FD7BBFA9E00301AAFD030091430000B931
:10449000410800F9A7FFFF9700008052FD7BC1A8EB
:1044A000C0035FD62300407920008052E3FDFF3433
:1044B000C0035FD620008052C0035FD6000000001A
:1044C000E00C00B4FD7BBCA9FD030091F35301A9EE
:1044D000F30300AA000040B900545251004409718E
:1044E000A00C0054010C00B4220840B9C000805256
:1044F0005F0C00716809005423004039E21F8052AC
:1045000040AF80524224C31A43000012A208003672
:10451000200440B9600600B9200C40F9600A00F997
:10452000201040F9600E00F9200040396022003967
:10453000220840B95F0C0071200800548207003542
:104540004221A2D200781F5365008052240080527D
:10455000461440B96320C01AA520C01AC000250A1D
:104560006300002A431400B9431040B96022403967
:10457000E33F00B98020C01AE33F40B9E003202A9E
:10458000401000B9401040B9E03F00B9E03F40B9E9
:10459000740640B9F403F837F51300F935044039CF
:1045A000DC020094E303002A0200B052615C4092F6
:1045B000E003142A637C78D3631C6092210003AA71
:1045C00058020094A1121D53E003142A49020094DA
:1045D000957E409301000090E003142A214C43F99A
:1045E000217875B85F020094E003142A41008052DC
:1045F00070020094E003142A21008052910200947A
:1046000000000090005043F9137835F8F51340F995
:10461000214A8A522109A07200008052610200B929
:10462000F35341A9FD7BC4A8C0035FD65F040071AA
:10463000A00200545F080071A00200544321A2D2DE
:1046400000781F5362008052641440B94020C01AA1
:104650008000200A601400B9CEFFFF1720008052AE
:10466000C0035FD6F35341A920008052FD7BC4A84C
:10467000C0035FD6F35341A9C0018052FD7BC4A89B
:10468000C0035FD643008052AEFFFF176300805225
:10469000ACFFFF171F2003D530F0204000000000C2
:1046A000003A21400000000000000000000000006F
:1046B000400300B4E10300AAE0008052220040B9A8
:1046C000425452514244097121020054FD7BBEA95B
:1046D00060018052FD030091F30B00F9330440B9EF
:1046E0001301F837E003132A7F7E00712D01005477
:1046F00028020094E003132AEE0100940000805287
:10470000F30B40F9FD7BC2A8C0035FD6C0035FD6A0
:104710006C020094F8FFFF1720008052C0035FD6A0
:10472000E00200B4FD7BBEA9FD030091F30B00F98C
:10473000F30300AAE0008052610240B921545251B3
:1047400021440971A1000054600640B9C000F83648
:10475000000080527F0200B9F30B40F9FD7BC2A834
:10476000C0035FD6DB01009400000090610680B9B1
:1047700000C443F91F7821F8F6FFFF17200080528C
:10478000C0035FD61F2003D5003A2140000000007F
:10479000FD7BBDA9030000904221A2D2FD03009140
:1047A000630C44F961008052451440B960D860F848
:1047B0000420403983781F532120C31A2100050AA1
:1047C0002124C31A61010034431040B921008052F2
:1047D000E31F00B92120C41AE103212AE31F40B9D5
:1047E000411000B9411040B9E11F00B9E11F40B9C3
:1047F000010840F9E10000B4020C40F9E21300F9AD
:1048000002204039E0830091E22B00B920003FD61E
:10481000FD7BC3A8C0035FD6003A21400000000022
:10482000FD7BBDA9FD030091F35301A91400805243
:104830003320A2D2F55B02A9360080523D020094DB
:10484000F50300AA000080D236020094C222D41AD6
:10485000403C1053603605B961B646B95F00016A45
:10486000C1FFFF54E00315AA940600112D02009425
:104870009F0E007141FEFF542E020094F40300AA23
:10488000000080D2270200942000A0523520A2D23E
:10489000603A05B91F2003D5A1BA46B9E1FF073731
:1048A000E00314AA1F0200943420A2D22102009433
:1048B000F30300AA000080D21A0200942000A05244
:1048C000A03E05B91F2003D581BE46B9E1FF0737D9
:1048D000E00313AA130200943320A2D2150200941D
:1048E000F50300AA000080D20E0200946000A052DE
:1048F000804A05B91F2003D561CA46B93F0440F27A
:10490000C1FFFF54E00315AA060200943420A2D28E
:1049100008020094F50300AA000080D2010200946E
:10492000E001A052605605B981D646B93F0C40F26D
:10493000C1FFFF54E00315AAFA0100943320A2D26C
:10494000FC010094F50300AA000080D2F501009458
:104950006000A052806E05B961EE46B93F0440F296
:10496000C1FFFF54E00315AAEE0100943420A2D247
:10497000F0010094F50300AA000080D2E901009440
:104980006000A052607205B981F246B93F0440F25E
:10499000C1FFFF54E00315AAE20100943320A2D224
:1049A000E4010094F50300AA000080D2DD01009428
:1049B000A000A052A2008052807A05B91F2003D522
:1049C00061FA46B93F00026AC1FFFF54E00315AA2D
:1049D000D40100943420A2D2D6010094F50300AA99
:1049E000000080D2CF0100940001A052607A05B986
:1049F00081FA46B9E1FF1F37E00315AAC901009407
:104A00003320A2D2CB010094F50300AA000080D28B
:104A1000C40100942000A052808205B91F2003D554
:104A2000610247B9E1FF0737E00315AABD01009411
:104A3000C0010094F50300AA000080D2B9010094DF
:104A40004000A0522220A2D2608205B91F2003D5C7
:104A5000410047B934001F12C1FF0F3736008052A2
:104A60003320A2D2E00315AAAE0100941F2003D583
:104A7000B0010094F50300AA000080D2A9010094BF
:104A8000C222D41A403C1053608605B91F2003D5BA
:104A9000610647B95F00016AC1FFFF54E00315AA30
:104AA000940600119F0100949F16007121FEFF548F
:104AB000A0010094F40300AA000080D299010094A0
:104AC0002000A0523520A2D2608A05B91F2003D54C
:104AD000A10A47B9E1FF0737E00314AA9101009446
:104AE0003420A2D293010094F30300AA000080D2E4
:104AF0008C0100944000A052A08A05B91F2003D564
:104B0000810A47B9E1FF0F37E00313AA850100943A
:104B10003320A2D287010094F50300AA000080D2BE
:104B2000800100942000A052808E05B91F2003D57B
:104B3000610E47B9E1FF0737E00315AA7901009438
:104B40003420A2D27B010094F50300AA000080D299
:104B5000740100942000A052609205B91F2003D573
:104B6000811247B9E1FF0737E00315AA6D010094F0
:104B70003320A2D26F010094F50300AA000080D276
:104B8000680100944000A052809205B91F2003D50F
:104B9000611247B9E1FF0F37E00315AA61010094E4
:104BA00064010094F40300AA000080D25D01009427
:104BB0002000A0522220A2D260AE05B91F2003D54A
:104BC000412C47B9E1FF0737F55B42A9E00314AA7E
:104BD000F35341A9FD7BC3A852010014000000005B
:104BE0000100009000000090210446F9000046F901
:104BF000210040B9010000B9C0035FD61F2003D5D2
:104C0000084A21400000000030F820400000000069
:104C1000010000900600009002000090000000904B
:104C2000254846F901000090C34C46FD060000905F
:104C3000004446F904BD93524030C33D0380905276
:104C40002228C33D42E78B52C15846FD01C086521F
:104C5000047FA072E3FAA2720282A072C12DA07238
:104C6000A00000BD0000803D041000B9031C00B985
:104C7000034002FC022C00B90240833C014004FCCA
:104C8000014C00B9C0035FD630F82040000000009E
:104C9000084A21400000000000C2EB0BA077E20FA1
:104CA00000B4C40400E1F50500E1F50500C2EB0B1A
:104CB00000E1F5050084D7171F2003D51F2003D579
:104CC00000CA9A3B80F0FA02E02E0000D03BF107C8
:104CD000FD7BBFA9FD030091CEFFFF97D1FEFF979B
:104CE0002120A2D21F2003D5208042B9E0FF073740
:104CF0002000A0522220A2D2200002B91F2003D5FA
:104D0000408042B9E0FF07372120A2D21F2003D5FF
:104D1000208042B9E0FFE737400080522220A2D233
:104D20002000A072201802B9408042B9E0FFE737A6
:104D30002120A2D21F2003D5208042B9E0FF2737CF
:104D40002000A0522220A2D2200402B91F2003D5A5
:104D5000408042B9E0FF27372120A2D21F2003D58F
:104D6000208042B9E0FF4F370002A0522220A2D299
:104D7000200802B91F2003D5408042B9E0FF4F3719
:104D80002220A2D21F2003D5408042B9E0FF47373E
:104D90002000A0522120A2D2400802B91F2003D532
:104DA000208042B9E0FF4737200C42B91F0800714C
:104DB000400100542120A2D2208042B9E0FF5F3799
:104DC000400080522220A2D22000A072200C02B902
:104DD000408042B9E0FF5F372020A2D2A100A0525C
:104DE000014001B91F2003D5015C41B9E1FFFF3546
:104DF00021248052014401B9C707A0520628A052BD
:104E0000024C41B92500A05204408152E383003294
:104E1000421400122420A07242000132024C01B957
:104E2000075001B92120A2D2064801B905E80BB903
:104E3000042004B9034001B9205C41B91F4400714A
:104E4000C1FFFF54FD7BC1A8C0035FD60000000076
:104E5000E10300AAA00000B42280A052000080520A
:104E6000220000B9C0035FD620008052C0035FD685
:104E7000000020D40000001400000000000000002A
:104E80000132A2D200080012220040B90000022A1A
:104E9000200000B9C0035FD6000000000000000041
:104EA0000132A2D200041C12200000B9C0035FD658
:104EB000037C0553022080D20232A2F221008052EC
:104EC0002020C01A407823B8C0035FD6000000003D
:104ED000037C0553023080D20232A2F221008052BC
:104EE0002020C01A407823B8C0035FD6000000001D
:104EF000047C0253038080D20332A2F200041D53CB
:104F0000E21F8052657864B84220C01A2120C01A7E
:104F1000A200220A2100022A617824B8C0035FD6C9
:104F20001F7C0071A90100542000679EE203022A41
:104F3000410001AA008000510104607F2000679EAB
:104F400000787DD30232A2D20000028B2004186EBA
:104F50000028A10E008030FDC0035FD600000000D5
:104F6000047C0453038081D20332A2F2000C1F534D
:104F7000620080D2657864B84220C09A2120C01AAD
:104F8000A200220A2100022A617824B8C0035FD659
:104F9000037C0553025080D20232A2F221008052DB
:104FA0002020C01A407823B8C0035FD6000000005C
:104FB00006100012041080D2007C05530432A2F2C5
:104FC00023000012220080D2870032914220C69A2C
:104FD000857860B86320C61A210441D3A500220A4F
:104FE0006300052A837820B82120C61AE37860B8C8
:104FF0006200220A2100022AE17820B8C0035FD6AD
:10500000810080D2040441930132A2F20300409354
:105010002504805222C447B8858CA072401000122B
:105020000000050B006C7ED3230000B92110009115
:10503000247C0CB93F0000EB81FFFF54C0035FD616
:105040001F7C0071090200540480005105019CD2AC
:10505000000C1F530532A2F2847C0453420080529C
:10506000630080D2210000124100014B6220C09AEF
:10507000A37864B82020C01A6100220A0000012A27
:10508000A07824B8C0035FD6000000000000000034
:10509000800480D2420080528032A2F2E10300AA52
:1050A000020000B900005FB800781E12200C1FB883
:1050B000200040B9E0FF1737C0035FD600000000B2
:1050C000025080D221008052A232A2F22120C01AC6
:1050D000410000B9C0035FD60000000000000000DE
:1050E000011080D202004093A132A2F20004419349
:1050F000220000B920800CB9C0035FD60000000078
:10510000010580D28132A2F2200000B9C0035FD62F
:10511000000180D28032A2F2000440B9C0035FD601
:10512000001C4092004618D5DF3F03D5C0035FD670
:10513000004638D5DF3F03D5001C4092C0035FD640
:10514000005C409220C818D5DF3F03D5C0035FD66E
:10515000005C409220CC18D5DF3F03D5C0035FD65A
:1051600000C838D5005C0012C0035FD60000000004
:1051700000CC38D5005C0012C0035FD600000000F0
:10518000FD7BBFA9FD03009154010094E1FFFF974F
:1051900001000090001F80D221E040F93F0000B9DB
:1051A000E0FFFF97E000805236FFFF97490100942F
:1051B000FD7BC1A820008052D2FFFF171F2003D51E
:1051C000F439214000000000000000000000000051
:1051D000FD7BBEA9FD030091F30B00F9E5FFFF97EE
:1051E000F303002A1FFC0771A8000054010000907F
:1051F000210841F9215873F820003FD6E003132A13
:10520000F30B40F9FD7BC2A8D2FFFF171F2003D587
:10521000C00321400000000000000000000000006A
:10522000FD7BBEA9FD030091F30B00F9CDFFFF97B5
:10523000F303002A00F00F511F0C007148020054C4
:10524000CCFFFF97F303002A00F00F511F0C0071F1
:10525000290300541D0100947FFE0771C80000540B
:1052600001000090E003132A216041F9215873F8EE
:1052700020003FD6E003132AF30B40F9FD7BC2A8C0
:10528000B4FFFF17110100947FFE0771C80000549E
:1052900001000090E003132A216041F9215873F8BE
:1052A00020003FD6E003132AF30B40F9FD7BC2A890
:1052B000A4FFFF17F30B40F9FD7BC2A8C0035FD624
:1052C000C0032140000000000000000000000000BA
:1052D00002000090E103002A42B041F9400040F989
:1052E000400100B403000090210C001121747E9253
:1052F00063B441F90100018B3F0003EBA8010054A6
:10530000410000F9C0035FD6000000900300009048
:10531000210C001100AC41F921747E9263B441F973
:105320000100018B400000F93F0003EBA9FEFF5490
:10533000FD7BBFA9FD030091E6010094E10300AAF3
:105340008201805200008092220000B9FD7BC1A83A
:10535000C0035FD61F2003D5A04C214000000000F1
:10536000004A214000000000A06C21400000000025
:1053700000103ED5000074B200101ED5DF3F03D5EB
:10538000C0035FD600103ED500007EB200101ED5CF
:10539000DF3F03D5C0035FD600103ED500F87392FF
:1053A00000101ED5DF3F03D5C0035FD600103ED5E9
:1053B00000F87D9200101ED5DF3F03D5C0035FD6F5
:1053C000BF3B03D5200039D503080812637C17536F
:1053D000030400340A0080522800805242054A0B20
:1053E0000124C21A210800123F0800718B020054E8
:1053F0000A001AD5DF3F03D5010039D52208001273
:1054000042100011243003538510C05A8920C51A58
:105410001021C51A276C0D53E720C21A1121C21A98
:105420004B01092A6B01072A4B7A08D5E700116B5B
:105430008AFFFF54290110EBEAFEFF544A090011CC
:105440007F000A6BCCFCFF549F3F03D5DF3F03D5A1
:10545000C0035FD6BF3B03D5200039D5030808122F
:10546000637C1753030400340A00805228008052E2
:1054700042054A0B0124C21A210800123F0800719C
:105480008B0200540A001AD5DF3F03D5010039D53D
:105490002208001242100011243003538510C05A14
:1054A0008920C51A1021C51A276C0D53E720C21A8E
:1054B0001121C21A4B01092A6B01072A4B7E08D51C
:1054C000E700116B8AFFFF54290110EBEAFEFF543D
:1054D0004A0900117F000A6BCCFCFF549F3F03D5A3
:1054E000DF3F03D5C0035FD6BF3B03D5200039D5CE
:1054F00003080812637C1753030400340A00805227
:105500002800805242054A0B0124C21A21080012C9
:105510003F0800718B0200540A001AD5DF3F03D503
:10552000010039D522080012421000112430035323
:105530008510C05A8920C51A1021C51A276C0D5331
:10554000E720C21A1121C21A4B01092A6B01072A4E
:105550004B7608D5E700116B8AFFFF54290110EB49
:10556000EAFEFF544A0900117F000A6BCCFCFF548D
:105570009F3F03D5DF3F03D5C0035FD62100008BDB
:1055800022003BD5444C50D3830080D26320C49A80
:10559000640400D10400248A247A0BD58400038B90
:1055A0009F0001EBABFFFF549F3B03D5420C4092A1
:1055B000830080D26320C29A640400D10400248A4C
:1055C00024750BD58400038B9F0001EBABFFFF54C8
:1055D0009F3B03D5DF3F03D5C0035FD62100008B7F
:1055E00022003BD5444C50D3830080D26320C49A20
:1055F000640400D10400248A247608D58400038B37
:105600009F0001EBABFFFF549F3B03D5420C409240
:10561000830080D26320C29A640400D10400248AEB
:1056200024750BD58400038B9F0001EBABFFFF5467
:105630009F3B03D5DF3F03D5C0035FD62100008B1E
:1056400022003BD5444C50D3830080D26320C49ABF
:10565000640400D10400248A247E0BD58400038BCB
:105660009F0001EBABFFFF549F3B03D5420C4092E0
:10567000830080D26320C29A640400D10400248A8B
:1056800024750BD58400038B9F0001EBABFFFF5407
:105690009F3B03D5DF3F03D5C0035FD6A1F338D5C9
:1056A0001F0000F160000054210C7CB202000014C5
:1056B00021EC7892A1F318D5DF3F03D5C0035FD664
:1056C000000020D4C0035FD6FF4103D5C0035FD6DE
:1056D000FF4F03D5C0035FD6FE8F1FF8000080D2B6
:1056E00000007DB200007EB200007FB2000040B238
:1056F000A0CC1ED5DF3F03D5000080D2000040B211
:10570000A0CC18D5600080D260C818D560CC18D560
:10571000000680D2E3FDFF975EFEFF9720008052D7
:1057200070FEFF97E01F80D2004618D520008052FF
:1057300034FEFF97600080D2E0CC1ED5FE8740F893
:10574000C0035FD600203ED5C0035FD601201ED522
:10575000C0035FD600000000000000000000000051
:10576000FD7BBDA900008052FD030091F35301A908
:1057700060F2FF9757FDFF97200080525DF2FF9780
:10578000000000900100009000F843F934FC43F958
:10579000000014CB00FC43931F0000716D01005406
:1057A000F51300F9F503002A130080D21F2003D55A
:1057B000807A73F87306009100003FD6BF02136B26
:1057C0008CFFFF54F51340F906FDFF97400080520F
:1057D00048F2FF976BFEFF97000080D20D00009407
:1057E000E4FEFF97F35341A9FD7BC3A8E6FEFF1734
:1057F000E0EE204000000000E0EE2040000000004D
:10580000C0035FD6000000000000000000000000A0
:10581000C0035FD600000000000000000000000090
:10582000FD7BBEA9637C4093FD030091F30B00F95F
:10583000F30301AA2124C0794E070094E000F8B7D1
:10584000614A40F92100008B614A00F9F30B40F9ED
:10585000FD7BC2A8C0035FD6612240792178131274
:1058600061220079F30B40F9FD7BC2A8C0035FD62B
:10587000FD7BBDA9FD0300912420C079F35301A94C
:10588000F30301AAF40300AAF55B02A9F50302AA37
:10589000F603032A840140376126C0798478131205
:1058A00064220079C37E4093E20315AAE00314AAA0
:1058B00070000094F35341A9F55B42A9FD7BC3A896
:1058C000C0035FD62124C07943008052020080D2F9
:1058D000100700946422C079F0FFFF170000000059
:1058E000FD7BBEA9FD030091F30B00F9F30301AAB0
:1058F0002124C079070700946122C0791F0400B1F8
:10590000E00000542100143261220079604A00F95D
:10591000F30B40F9FD7BC2A8C0035FD621781312B8
:1059200061220079F30B40F9FD7BC2A8C0035FD66A
:105930002124C079DB0200140000000000000000F8
:105940005F2403D5042C40929F803FF1C806005489
:10595000020C40A9E8C300B2440008CB45D800B20D
:10596000660008CB67D800B2840025EAC500278A04
:10597000A00840FA000100548430859A000180D2CA
:10598000840CC0DAE033809A8410C0DA000C448BB7
:10599000C0035FD6020C41A9440008CB45D800B231
:1059A000660008CB67D800B2840025EAC500278AC4
:1059B000A00840FA400100548430859A000380D248
:1059C000840CC0DA060280D28410C0DAC030809A1B
:1059D000000C448BC0035FD61F2003D501E87B92E7
:1059E0002108C1AD20AC226E00AC206E0098200EC4
:1059F0000300669E63FFFFB42098204E200000CB7A
:105A0000630000354098204E0040009100840C0F48
:105A10000300669E6300C0DA6210C0DA0008428BA1
:105A2000C0035FD601E87B92628081520206B872A1
:105A300021A0404C400C044E2198204E4298204E0C
:105A4000211C204E421C204E20BC224E00BC204E69
:105A50000300669E04F87FD36324C49A23FCFFB43A
:105A60006300C0DA6010C0DA00FC41D3C0035FD627
:105A7000FD7BBEA9FD030091F35301A9740000F062
:105A8000F30300AAE003012AE10302AA9F520AB924
:105A9000E20303AA43F3FF97017C40931F04003104
:105AA000A0000054F35341A9E00301AAFD7BC2A862
:105AB000C0035FD680524AB960FFFF34600200B96C
:105AC000E00301AAF35341A9FD7BC2A8C0035FD63E
:105AD000400000F0002441F9C0035FD60000000040
:105AE000FD7BBAA9FD030091F35301A9345C009139
:105AF000F55B02A9F50300AA9FBA00F1A80C0054B7
:105B00003F8000F1881900545E020094140480D292
:105B1000010A80D280008052560000D0D6422291E5
:105B2000C102018B00080011214000D1330C40F963
:105B30007F0201EBC11D0054D31240F9460000D092
:105B4000C68022917F0206EB600F0054610640F987
:105B500021F47E92220014CB5F7C00F1AC2700542C
:105B6000C61A02A98217F8B6C50640F93FFC07F12C
:105B7000C81E005422FC43D3230080D241040011EC
:105B8000427C021321781F536220C29AA50002AA08
:105B9000C1CE218B22045FF8C50600F9620601A977
:105BA000330800F9530C00F9017C0213240080D261
:105BB0008420C19A9F0005EBA80C00549F0005EAC1
:105BC000C100005400741E1284F87FD3001000112D
:105BD0009F0005EAA0FFFF54E9018092070400112D
:105BE000E803002AE7781F5327CD278BC702078BCE
:105BF000E50307AAA10C40F909000014220440F9AA
:105C0000F30301AA210C40F942F47E92430014CB25
:105C10007F7C00F12C1E0054E31FF8B6BF0001EB9F
:105C2000E1FEFF541FF900712D240054A54000919E
:105C3000080500111F0540F2E1FDFF5405000014A6
:105C4000E1045FF8000400513F0007EB0134005409
:105C50001F0440F261FFFF54C00640F90000248A8F
:105C6000C00600F984F87FD3810400D13F0000EB27
:105C7000830000543600001484F87FD3081100110B
:105C80009F0000EAA0FFFF54E003082AD4FFFF179B
:105C900094EE7C92E27B40B29F0202EB229054FA97
:105CA000A80C0054F70100949FDE07F1891C0054F2
:105CB00081FE49D3810C00B43F1000F1A8170054B5
:105CC00081FE46D320E4001125E0001104781F5323
:105CD000847C7D93560000D0D6422291C402048B6E
:105CE000844000D1930C40F99F0013EBE100005475
:105CF00092FFFF17630E40F9C211F8B6F30303AA2F
:105D00009F0003EBA0F1FF54610640F921F47E925D
:105D1000220014CB5F7C00F1EDFEFF54D31240F95A
:105D2000460000D0C6802291E003052A7F0206EBE0
:105D3000E1F0FF54C50640F9017C0213240080D233
:105D40008420C19A9F0005EBA9F3FF54D30A40F9C0
:105D5000F76303A9770640F9F7F67E92E00214CBC9
:105D60001F7C00F1E0C254FA420A0054610000F0C6
:105D7000FB7305A95C0000D0212445F9E30382D21E
:105D8000824344F98102018B3800038B218000910A
:105D90005F0400B118CF74921813819AE00315AA1A
:105DA000E10318AA7B02178BF96B04A9190600946A
:105DB000F90300AA1F0400B1A00600547F0300EB02
:105DC000280600547A0000F041134AB92100180B4C
:105DD00041130AB9E003012A811700547F2F40F2D2
:105DE00041170054C20A40F9E002188B000040B28B
:105DF000400400F91F2003D5600000F0217C40938F
:105E0000022045F93F0002EB49000054012005F94A
:105E1000600000F0D30A40F9021C45F93F0002EB94
:105E200049000054011C05F9600640F900F47E9217
:105E30001A00001480018052130080D2A00200B921
:105E40000C000014048080D200088052E5078052C4
:105E5000A1FFFF176102018BE00315AA73420091B5
:105E6000220440F9420040B2220400F98901009462
:105E7000F55B42A9E00313AAF35341A9FD7BC6A831
:105E8000C0035FD67F0216EB80110054D30A40F99D
:105E9000600640F900F47E929F0200EB000014CBF4
:105EA00004985FFAAD190054F96B44A9FB7345A936
:105EB0006202148B940240B2740600F9010040B2F1
:105EC000C20A00F9410400F9E00315AA73420091E7
:105ED00070010094F55B42A9E00313AAF35341A9B2
:105EE000F76343A9FD7BC6A8C0035FD6619240A9B2
:105EF000E00315AA630E40F921F47E926102018B42
:105F0000220440F9830C00F9420040B2640800F911
:105F1000220400F9734200915E010094F55B42A9EE
:105F2000E00313AAF35341A9FD7BC6A8C0035FD6C3
:105F3000640A40F96102018BE00315AA220440F9CA
:105F4000830C00F9F1FFFF1722FC49D33FFC27F136
:105F5000890900545F5000F1E814005444700111A5
:105F6000436C011184781F53847C7D93C402048B9D
:105F700082045FF89F0002EBA1000054850000142A
:105F8000420840F99F0002EBA0000054430440F98E
:105F900063F47E927F0001EB48FFFF54440C40F90C
:105FA000621201A9930800F9530C00F9FFFEFF17D4
:105FB0003F5000F1290700543F5001F1C81200542E
:105FC00081FE4CD320BC011125B8011104781F5368
:105FD000847C7D9340FFFF17640A40F9800240B241
:105FE000600600F97402148B650040B2E00315AA44
:105FF000810C00F9240800F9D45202A9859A00A95D
:10600000860E00F9636A22F8734200912101009420
:1060100098FFFF176202028BE00315AA640E41F895
:10602000430440F9630040B2430400F9810C00F9D5
:10603000240800F9170100948EFFFF1780FE43D358
:106040000104001121781F53217C7D93B3FEFF17BB
:106050006302148B940240B2740600F9440040B20B
:10606000C30E02A9E00315AA649800A9660C00F902
:10607000626A21F873420091060100947DFFFF17C8
:1060800022FC46D344E4001143E0001184781F53FE
:10609000847C7D93B6FFFF1720700111256C0111E0
:1060A00004781F53847C7D930BFFFF1708050011B4
:1060B000A5800091DFFEFF177A0000D040134AB997
:1060C0000000180B40130AB9814344F93F0400B1A2
:1060D000200B00543B031BCB00001B0B40130AB9E1
:1060E0003C0F40F22006005439031CCB1B0282D225
:1060F000394300917B031CCB3803188BE00315AAAE
:106100007B0318CB7B2F4092E1031BAA410500942F
:106110001F0400B1400B0054000019CBE2031B2AFE
:1061200018001B8B40134AB9180340B2D90A00F972
:106130004100000B41130AB9380700F97F0216EB42
:10614000C0E5FF54FF7E00F149040054620640F9A7
:1061500043000090E06200D160F0C23D00EC7C9210
:106160006302008B42004092420000AA620600F9DE
:106170006080803C1F7C00F109E4FF546142009183
:10618000E00315AA0704009441134AB91BFFFF1747
:10619000637C0213210080D22120C39AA50001AAAA
:1061A000C50600F97FFFFF173B03188BE00315AA14
:1061B000FB031BCB7B2F4092E1031BAA1505009428
:1061C000020080521F0400B181FAFF54D6FFFF176E
:1061D000200080D2200700F9E00315AA130080D226
:1061E000AC000094F76343A9F96B44A9FB7345A97C
:1061F00020FFFF175F5001F12802005422FC4CD30E
:1062000044BC011143B8011184781F53847C7D93F1
:1062100057FFFF173F5005F12802005481FE4FD36E
:1062200020E0011125DC011104781F53847C7D934B
:10623000A9FEFF17994304F9AAFFFF175F5005F164
:106240008802005422FC4FD344E0011143DC0111C9
:1062500084781F53847C7D9345FFFF173F5015F1D1
:106260008802005481FE52D320F4011125F001115F
:1062700004781F53847C7D9397FEFF179C4300D1C5
:106280000200805218031C8B180319CBA6FFFF17BE
:106290005F5015F16801005422FC52D344F40111FF
:1062A00043F0011184781F53847C7D9330FFFF17E6
:1062B00004FE80D2E00F8052C50F805286FEFF1789
:1062C00004FE80D2C30F805229FFFF17C00640F999
:1062D00065FEFF1700000000000000000000000045
:1062E000400000D000004839C0035FD60000000025
:1062F000400000D000800691C0035FD6000000007F
:10630000FD7BAFA9EB068012EA0F8012FD0300911E
:10631000EC430391E8430491490000D0E82303A92A
:10632000E80300AAEC2300F9EB2B0929202541F909
:10633000E017803DE0C341ADE11B803DE21F803DA1
:10634000E323803DE427803DE52B803DE62F803D23
:10635000E733803DE18B0DA9E20308AAE3930EA980
:10636000E3430091E59B0FA9E78700F9E0C300AD87
:10637000010840F917060094FD7BD1A8C0035FD641
:10638000FD7BBAA9FD030091F35301A9F40300AA10
:10639000F30301AAE00301AA6AFDFF97822640F9F0
:1063A00004040091E603019141000090230080D293
:1063B00021001B9145008052E61700F9E53300B932
:1063C000E4CF03A9E08704A9E32F00F9930A40F979
:1063D000820400B461B240B96022C0794100003744
:1063E00080034836C000683761B240B900001332FC
:1063F000602200792078121260B200B9E00314AA7A
:10640000E10313AAE2A300919604009461B240B99B
:106410001F0000715401805294029F5A610000379E
:1064200060224079A0004836E003142AF35341A9C2
:10643000FD7BC6A8C0035FD6605240F95D1300948F
:10644000E003142AF35341A9FD7BC6A8C0035FD61D
:10645000605240F9531300946022C079E2FFFF17A5
:10646000E00314AA53010094DBFFFF1700000000B3
:10647000420000D0E10300AA402441F9C1FFFF1708
:10648000600000D00020329146130014000000008C
:10649000600000D00020329146130014000000007C
:1064A000FD7BBEA9FD030091F35301A9740000D048
:1064B000F30300AA9F520AB9E003012AF9F0FF97FB
:1064C0001F04003180000054F35341A9FD7BC2A892
:1064D000C0035FD681524AB981FFFF34610200B91F
:1064E000F35341A9FD7BC2A8C0035FD600000000A2
:1064F000FD7BBDA9FD0300912220C079F35301A9C2
:10650000F30301AAF55B02A9F60300AAE207183714
:106510004000153220200079210840B93F00007169
:106520008D0B0054642640F9640600B4611A40F9EA
:10653000D40240B9DF0200B9620B6037020080D29A
:10654000E00316AA2300805280003FD6E20300AA8F
:106550001F0400B1E00B0054611A40F9642640F9B1
:106560006022C079E0001036602E40F9630A80B9DD
:10657000420003CB600000B4607280B9420000CBDF
:10658000E00316AA0300805280003FD61F0400B12A
:10659000E1080054C30240B96122C0797F740071E0
:1065A000A8060054220080D20208A4F24224C39A12
:1065B00022060036640E40F922781412640200F9B3
:1065C0007F0A00B96222007941006036E307003497
:1065D000612E40F9D40200B9E10000B460D201910B
:1065E0003F0000EB60000054E00316AAED020094A7
:1065F0007F2E00F900008052F35341A9F55B42A9B8
:10660000FD7BC3A8C0035FD6350C40F955FFFFB42E
:10661000210040F9750200F900008052210015CBDD
:10662000F403012A5F0440F241000054602240B9A3
:10663000600E00B93F000071AC000054EEFFFF1780
:10664000B5C2208B9F0200716DFDFF54611A40F9A5
:10665000E303142A642240F9E20315AAE00316AA10
:1066600080003FD69402004B1F000071ACFEFF5427
:106670006122C07921001A3261220079F35341A9C5
:1066800000008012F55B42A9FD7BC3A8C0035FD662
:10669000617240B93F0000716CF4FF5400008052F9
:1066A000D6FFFF17624A40F9AFFFFF176122C0799A
:1066B000630E40F922781412630200F97F0A00B9D0
:1066C0006222007961F86736604A00F9C1FFFF175E
:1066D000C00240B920F4FF341F7400710418567AC8
:1066E00081FCFF5400008052D40200B9C3FFFF17A1
:1066F000FD7BBDA9FD030091F35301A9F30301AA9A
:10670000F40300AAF51300F9600000B4012440F975
:10671000810400B46022C0791500805280010034E9
:1067200061B240B941000037C0014836E10313AA05
:10673000E00314AA6FFFFF97F503002A61B240B986
:106740006100003760224079E0014836F35341A9E7
:10675000E003152AF51340F9FD7BC3A8C0035FD6FB
:10676000605240F98F120094E10313AAE00314AAC7
:1067700060FFFF97F503002A61B240B981FE073739
:10678000F1FFFF17605240F98A120094F35341A9B8
:10679000E003152AF51340F9FD7BC3A8C0035FD6BB
:1067A00084000094DCFFFF170000000000000000E0
:1067B000420000D0210000B042A00E9121000791BC
:1067C000400000D000400991DA04001400000000ED
:1067D000FD7BBEA9620000D042602991FD030091BB
:1067E000010440F9F30B00F9F30300AA3F0002EBA8
:1067F0004000005473120094610A40F9600000D018
:1068000000402C913F0000EB60000054E00313AA0D
:106810006C120094610E40F9600000D000202F91AE
:106820003F0000EBA0000054E00313AAF30B40F973
:10683000FD7BC2A863120014F30B40F9FD7BC2A8D4
:10684000C0035FD600000000000000000000000050
:10685000FD7BBCA9600000D0620000D0FD03009168
:10686000F35301A913602991830080520100009025
:1068700021C01E91414006F9020180D201008052E0
:10688000F55B02A9F4FFFFF0F71B00F994C2249115
:106890001F2C05F9600000D000002C917F0600F944
:1068A000631200B9F6FFFFF07F0E00F9D6C2219106
:1068B0007F2200B9F5FFFFF07F2A00B9B58223914E
:1068C0007FB200B95F000094F7FFFFF0600000D0D6
:1068D000F782209100E02B91735E03A9765604A9FC
:1068E000742A00F92712009423018052020180D2F9
:1068F0002300A07201008052600000D000E02E91C1
:106900007F5E00F97F6200F963CA00B97F6A00F90F
:106910007FDA00B97FE200B97F6A01B949000094CB
:10692000610000D021402C91600000D000C02E9169
:1069300061DE0EA976D60FA9748600F911120094B3
:1069400043028052020180D24300A07201008052B3
:10695000600000D000C031917FBA00F97FBE00F91D
:10696000638201B97FC600F97F9201B97F9A01B9AC
:106970007F2202B933000094610000D021202F91C2
:10698000615E1AA9600000D000A0319176561BA963
:1069900074E200F9F35341A9F55B42A9F71B40F9F2
:1069A000FD7BC4A8F71100140000000000000000E7
:1069B000FD7BBEA9FD030091F35301A9F40300AAD6
:1069C000730000D073423291E00313AAF5110094D2
:1069D000802640F9E00000B5610000D00000009082
:1069E00000401F91802600F9204046F9A00000B425
:1069F000E00313AAF35341A9FD7BC2A8ED110014D3
:106A000094FFFF97E00313AAF35341A9FD7BC2A8AB
:106A1000E811001400000000000000000000000069
:106A2000600000D000403291DE1100140000000030
:106A3000600000D000403291DE1100140000000020
:106A40005F2403D5200C014E0400028B5F8001F10E
:106A5000880300545F4000F1E2010054013C084EFD
:106A600082001836010000F981801FF8C0035FD64C
:106A700082001036010000B981C01FB8C0035FD684
:106A8000820000B4010000394200083681E01F781E
:106A9000C0035FD60000803DC200303780009F3CBD
:106AA000620028360004803D80009E3CC0035FD613
:106AB0000004803D000001AD80003FADC0035FD603
:106AC000211C001203EC7C920000803D5F8002F1EB
:106AD0002028407A41020054E5003BD5A5104092A1
:106AE000BF1000F1C10100546004803D600001ADA1
:106AF00063E47A92820003CB420002D11F2003D5C7
:106B00006300019123740BD5420001F1A8FFFF54EB
:106B100080003EAD80003FADC0035FD6820003CB56
:106B2000634000D1424001D1600001AD600082AD00
:106B3000420001F1A8FFFF5480003EAD80003FAD50
:106B4000C0035FD60000000000000000000000004D
:106B5000FD7BBAA9FD030091F55B02A9F50302AA2A
:106B6000211000B4F35301A9F30301AAF60300AA0C
:106B7000F76303A9784200D1B45E0091F96B04A9D0
:106B800040FEFF97F90318AA000740F917F47E9218
:106B90009FBA00F108090054010080523F000071C3
:106BA000140480D2800255FA43090054FF0214EB0A
:106BB0004A0A0054410000B0FB7305A93C402291F1
:106BC0000203178B830B40F9410440F97F0002EB6D
:106BD000A00E005423F87F924300038B630440F916
:106BE000630B003721F47E92E302018B9F0203EBDB
:106BF0008D070054800100377B025FF81B031BCB1D
:106C0000600740F900F47E922100008B3A00178B58
:106C10009F021AEBED180054FA02008B9F021AEB48
:106C20006D140054E10315AAE00316AAADFBFF970B
:106C3000F50300AA201D00B4010740F9024000D16D
:106C400021F87F920103018B3F0002EB40110054B9
:106C5000E22200D15F2001F1681600545F9C00F130
:106C600048110054E10313AA220040F9020000F980
:106C7000220440F9020400F9210840F9010800F952
:106C8000E10313AAE00316AA46010094E00316AA42
:106C900000FEFF97F35341A9E00315AAF55B42A953
:106CA000F76343A9F96B44A9FB7345A9FD7BC6A80B
:106CB000C0035FD694EE7C92E17B40B29F0201EB71
:106CC000E1979F1A3F000071800255FA02F7FF54C6
:106CD00080018052150080D2C00200B91500001456
:106CE000410041A9F70303AAFB7345A9200C00F951
:106CF000010800F91F2003D5210740F9E00214CB59
:106D00002203178B210040921F7C00F1480300549E
:106D1000E10201AA210700F9400440F9000040B255
:106D2000400400F9F50313AAE00316AAD9FDFF9762
:106D3000F35341A9E00315AAF55B42A9F76343A900
:106D4000F96B44A9FD7BC6A8C0035FD6C0F6073720
:106D50007B025FF81B031BCB600740F900F47E92B7
:106D6000AEFFFF17F55B42A9E10302AAFD7BC6A8AF
:106D70005CFBFF172403148B810201AA210700F991
:106D8000030040B281400091E00316AA830400F999
:106D9000430440F9630040B2430400F90101009448
:106DA000E1FFFF1721F47E92838200912200178B6E
:106DB0005F0003EB4A0E005460F307377B025FF875
:106DC0001B031BCB600740F900F47E922100008B6F
:106DD0003A00178B7F001AEB0CF2FF54F5031BAA45
:106DE000E22200D1600F40F9A10E41F8200C00F919
:106DF000010800F95F2001F168110054E00315AAB1
:106E00005F9C00F129010054600240F9600B00F919
:106E1000600640F9600F00F95FDC00F1C810005413
:106E20007342009160830091610240F9010000F912
:106E3000610640F9010400F9610A40F9010800F90E
:106E40006203148B410314CB820B00F9210040B282
:106E5000E00316AA410400F9610740F921004092BD
:106E6000210014AA610700F98AFDFF97FB7345A969
:106E7000B0FFFF17200440F9FB7345A900F47E9290
:106E8000F702008B9DFFFF17600240F9A00200F996
:106E9000600640F9A00600F95FDC00F1E805005447
:106EA00061420091A042009170FFFF17F5031BAAF9
:106EB000E22200D1A10E41F8600F40F9200C00F948
:106EC000010800F95F2001F108040054E00315AA4D
:106ED0005F9C00F129010054600240F9600B00F949
:106EE000600640F9600F00F95FDC00F148060054CD
:106EF0007342009160830091610240F9010000F942
:106F0000610640F9010400F9610A40F9010800F93D
:106F1000F9031BAAF30315AAFB7345A9F7031AAAE1
:106F200076FFFF17E10313AAD611009455FFFF1750
:106F3000410041A9200C00F9F5031BAAE22200D16F
:106F4000010800F9DCFFFF17E10313AAE00315AA0B
:106F5000CC110094EFFFFF17600A40F9A00A00F976
:106F6000600E40F9A00E00F95F2001F1000400540A
:106F700061820091A08200913CFFFF170303148BF4
:106F8000410014CB830B00F9210040B2E00316AAA4
:106F9000F50313AA610400F9010740F921004092AA
:106FA000210014AA010700F93AFDFF97FB7345A9D8
:106FB00060FFFF17600A40F9601300F9600E40F9A6
:106FC000601700F95F2001F1000200547382009104
:106FD00060C30091C9FFFF17E00316AA150080D215
:106FE0002CFDFF97FB7345A952FFFF17601240F974
:106FF000A01200F961C20091A0C20091621640F98E
:10700000A21600F919FFFF17601240F9601B00F982
:1070100073C200916003019161825FF8611F00F902
:10702000B6FFFF17E10313AAE00315AA9511009418
:1070300084FFFF17600A40F9601300F9600E40F901
:10704000601700F95F2001F1800000547382009105
:1070500060C3009175FFFF17601240F9601B00F9D3
:1070600073C200916003019161825FF8611F00F9B2
:107070006EFFFF170000000000000000000000008D
:10708000FD7BBCA9FD030091F55B02A956000090B1
:10709000D6422291F50300AAF35301A9F71B00F988
:1070A000F70301AAF7FCFF97C00A40F9140440F95E
:1070B00094F67E92937E3F91730217CB73CE7492B7
:1070C000730640D17FFE3FF10D010054010080D2D4
:1070D000E00315AA4F010094C10A40F92100148B66
:1070E0001F0001EB20010054E00315AAE9FCFF9703
:1070F000F35341A900008052F55B42A9F71B40F908
:10710000FD7BC4A8C0035FD6E10313CBE00315AA3F
:10711000400100941F0400B120020054620000B03E
:10712000940213CBC30A40F9940240B241104AB909
:10713000E00315AA2100134B740400F941100AB9A9
:10714000D4FCFF97F35341A920008052F55B42A97C
:10715000F71B40F9FD7BC4A8C0035FD6010080D2B5
:10716000E00315AA2B010094C20A40F9010002CBEA
:107170003F7C00F1ADFBFF5444000090210040B281
:10718000410400F9630000B0814044F9000001CBE4
:1071900060100AB9D5FFFF170000000000000000D2
:1071A000210A00B4FD7BBEA9FD030091F35301A9A0
:1071B000F30301AAF40300AAB2FCFF9765825FF80B
:1071C000634200D14000009000402291A2F87F92DB
:1071D0006400028B060840F9810440F921F47E9294
:1071E000DF0004EB000C0054810400F98600018BE1
:1071F0004503003767025FF845000090C60440F978
:10720000630007CB4200078BA5802291C600409205
:10721000670840F9FF0005EB40090054680C40F98D
:10722000E80C00F9070900F9C60100B54200018B1E
:10723000810840F93F0005EBA00E0054850C40F991
:10724000250C00F9440040B2A10800F9640400F9DB
:10725000626822F806000014C50440F9A50600364D
:10726000410040B2610400F9820000F95FFC07F1BF
:10727000C903005441FC49D35FFC27F1C8090054FD
:1072800041FC46D324E4001125E0001184781F530B
:10729000847C7D930400048B81045FF89F0001EBE4
:1072A000A100005453000014210840F99F0001EB95
:1072B000A0000054200440F900F47E921F0002EB6D
:1072C00048FFFF54240C40F9611001A9E00314AAFF
:1072D000830800F9230C00F9F35341A9FD7BC2A8F0
:1072E0006CFCFF17C0035FD644FC43D3220080D25E
:1072F00081040011050440F921781F53847C021396
:1073000001CC218B4220C49A420005AA020400F954
:1073100020045FF8600401A9230800F9030C00F9B8
:10732000E00314AAF35341A9FD7BC2A859FCFF173F
:10733000450000904200018BA5802291BDFFFF1700
:10734000860900B5850041A92100028BA00C00F937
:10735000220040B2050800F9620400F9616821F8D2
:10736000F0FFFF174100018BE500003762025FF874
:10737000630002CB2100028B640841A9820C00F952
:10738000440800F942000090240040B2640400F96F
:10739000424444F9030800F95F0001EB28FCFF5464
:1073A000610000B0E00314AA212445F935FFFF97DE
:1073B000DCFFFF173F5000F1290100543F5001F15D
:1073C0002803005441FC4CD324BC011125B8011101
:1073D00084781F53847C7D93AFFFFF1724700111C5
:1073E000256C011184781F53847C7D93AAFFFF17BD
:1073F000060440F9A57C0213220080D24220C59ADF
:10740000420006AA020400F9B0FFFF17030C02A90C
:10741000410040B2619400A9650C00F9626822F84D
:10742000C0FFFF173F5005F1E800005441FC4FD367
:1074300024E0011125DC011184781F53847C7D93A5
:1074400095FFFF173F5015F1E800005441FC52D35F
:1074500024F4011125F0011184781F53847C7D935D
:107460008DFFFF1704FE80D2C50F80528AFFFF17E1
:10747000400040B2600400F9820000F9A9FFFF1744
:10748000230000AAE40300AA7F0840F2400847FA5C
:10749000090100541100001425144038460400D19D
:1074A00065140038C5000034E40303AAE20306AA09
:1074B000E30304AA22FFFFB5C0035FD68400028B5A
:1074C000C6FFFFB41F2003D57F1400387F0004EBF4
:1074D000C1FFFF54C0035FD6E6DB07B2E6DF9FF2D1
:1074E00006000014422000D1858400F8212000917C
:1074F0005F1C00F1E9FDFF54250040F9A300068B55
:107500006300258A7FC001F2E0FEFF54E9FFFF1708
:10751000FD7BBEA9FD030091F35301A9740000B0E7
:10752000F30300AA9F520AB9E003012AE10302AA69
:10753000E203032A63ECFF971F0400B180000054AC
:10754000F35341A9FD7BC2A8C0035FD681524AB95B
:1075500081FFFF34610200B9F35341A9FD7BC2A84A
:10756000C0035FD600000000000000000000000023
:10757000FD7BBEA9FD030091F35301A9740000B087
:10758000F30300AAE003012AE10302AA9F520AB909
:10759000E20303AA17ECFF97017C40931F0400311C
:1075A000A0000054F35341A9E00301AAFD7BC2A847
:1075B000C0035FD680524AB960FFFF34600200B951
:1075C000E00301AAF35341A9FD7BC2A8C0035FD623
:1075D000E30300AA410100B45FFC0371880000547A
:1075E0002000805222000039C0035FD64111805232
:1075F00000008012610000B9C0035FD60000805215
:10760000C0035FD600000000000000000000000082
:10761000FD7BBEA9FD030091F35301A9740000B0E6
:10762000F30300AA9F520AB9E00301AA29F7FF97C2
:107630001F0400B180000054F35341A9FD7BC2A890
:10764000C0035FD681524AB981FFFF34610200B99D
:10765000F35341A9FD7BC2A8C0035FD60000000020
:10766000FD7BBAA9FD030091F55B02A9F50300AA11
:10767000400840F9C00A00B42520C079F35301A99D
:10768000F30301AAFB7305A9FB0302AA850A1836B6
:10769000200C40F9400A00B4F76303A9740340F9D1
:1076A000E5030836611A40F9170080D2642240F9D8
:1076B000160080D2F85376B2DF0218EBE20317AA65
:1076C000C392989AE00315AA560200B480003FD6F0
:1076D0001F0000716D210054610B40F9007C409344
:1076E000F702008BD60200CB200000CB600B00F924
:1076F000C02000B4DF0218EBE20317AA611A40F9B8
:10770000C392989A642240F9E00315AA16FEFFB5C9
:10771000975A40A994420091E8FFFF17F96B04A91A
:10772000650A003618008052000080521A0080D28C
:10773000190080D21F2003D5F90700B46008003477
:10774000600240F9177F4093610E40F9FF0219EB88
:10775000760E40B9F792999A632240B91F0001EB67
:107760007600160BE482567AAC1900547F00176B32
:10777000EC170054611A40F9E2031AAA642240F996
:10778000E00315AA80003FD6F603002A1F0000710F
:10779000CD0300541803166B20008052E002005401
:1077A000610B40F9D67E40935A03168B390316CBF2
:1077B000210016CB610B00F901FCFFB5F35341A981
:1077C000F76343A9F96B44A9FB7345A900008052F4
:1077D000F55B42A9FD7BC6A8C0035FD6E10313AAEF
:1077E000E00315AAFF0E0094A00100356522C079C0
:1077F000F76303A9AAFFFF17E10313AAE00315AA81
:10780000BCFBFF97E0FCFF34F96B44A96022C07910
:10781000F76343A900001A3260220079F35341A9AB
:1078200000008012F55B42A9FB7345A9FD7BC6A849
:10783000C0035FD6990640F9E00314AA9442009170
:10784000B9FFFFB41A0040F9E20319AAE0031AAA2B
:1078500041018052AB0E0094180400911F0000F10A
:1078600018031ACB1817991AB6FFFF17640240F9CC
:107870001C0080D2610E40B91A0080D21F2003D5AF
:10788000E00304AAF803012AFA0300B425044836E9
:10789000377C4093FF021AEBC9080054417F4093A4
:1078A000F90301AAE00304AAF70301AAF8031A2ABC
:1078B000E1031CAAE20317AA720F0094640240F9C4
:1078C000610E40B98400178B640200F92100184B47
:1078D000610E00B9600B40F99C03198B5A0319CB58
:1078E000000019CB600B00F9A0F6FFB4640240F968
:1078F000610E40B96522C079E00304AAF803012AA9
:107900007AFCFFB59C6A40A994420091DDFFFF1705
:10791000600E40F91F0004EB43020054652240B999
:107920005FC325EBE3010054E07B40B25F0300EB53
:107930004393809AE2031CAA611A40F9E00315AA56
:10794000630CC51A642240F9637C051B80003FD696
:107950001F000071ADF5FF54197C4093DEFFFF1747
:10796000237C4093E00304AA7F001AEBE1031CAAE6
:1079700078909A9A197F4093E20319AA410F0094D4
:10798000640240F9610E40B98400198B640200F969
:107990002100184B610E00B9E1F9FF35E10313AA8C
:1079A000E00315AA53FBFF9760F9FF3497FFFF1719
:1079B000597F409301908052BF00016AA0F7FF54A5
:1079C000662240B9610E40F9C604060B990001CB4E
:1079D000C67C460B367F4093D77C0113C0060091CE
:1079E00000001A8BE27E40935F0000EB820000549F
:1079F00026070011D7001A0BE27E40938506503609
:107A0000E10302AAE00315AA36F8FF97F80300AADB
:107A1000400800B4610E40F9E20316AA190F009461
:107A200060224079019080120000010A00001932A2
:107A3000602200790003168BE402194B597F4093B2
:107A4000600200F9640E00B9E10319AA780E00F98A
:107A5000E40300AA772200B9F8031A2A3F031AEBBD
:107A600008F2FF54F70319AA92FFFF17FC7E409318
:107A7000E1031AAAE2031CAA020F0094600240F973
:107A8000F603172A610E40B900001C8B600200F952
:107A90002100174B610E00B93FFFFF17D77E4093BF
:107AA000E1031AAAE20317AAF60E0094620240F953
:107AB000E10313AAE00315AA4200178B620200F942
:107AC0000CFBFF9780E6FF3450FFFF17E00315AA79
:107AD00020FCFF97F80300AAE0FAFFB5610E40F919
:107AE000E00315AAAFFDFF976022C07981018052A3
:107AF000F96B44A900781812A10200B945FFFF17DD
:107B00006022C07943FFFF17F35341A9F76343A9EC
:107B1000FB7345A92EFFFF17F96B44A98101805221
:107B20006022C079A10200B93AFFFF1700000000EF
:107B3000FD7BBBA9FD030091F55B02A9F60302AA38
:107B400015008052F76303A9F70300AAF80301AAFE
:107B5000F35301A9F92300F9191780521F2003D507
:107B6000D40A40B9D30A40F99F0200710D020054B3
:107B7000944EB99B1F2003D5632240797F04007186
:107B8000090100546326C079E10313AAE00317AA90
:107B90007F0400316000005400033FD6B502002A84
:107BA00073E202917F0214EB81FEFF54D60240F98A
:107BB00096FDFFB5F35341A9E003152AF55B42A9F1
:107BC000F76343A9F92340F9FD7BC5A8C0035FD63D
:107BD000FF430AD1FD7B00A9FD030091F55B02A9DB
:107BE000F50301AA610040F9E13F00F9610440F9A1
:107BF000E15300F9610840F9E18700F9611840B9E3
:107C0000E19300B9611C40B9F35301A9F40303AA3D
:107C1000F30300AAF76303A9F70302AAE1F700B987
:107C2000B4F9FF97000040F9E05B00F945F7FF97D2
:107C3000E05700F9020180D2E0E305910100805293
:107C400080FBFF97730000B4602640F940CB00B47E
:107C5000A1B240B9A022C07941000037E0A2483665
:107C6000C0006837A1B240B900001332A0220079E9
:107C700021781212A1B200B9E0051836A10E40F920
:107C8000A10500B4410380520100010A3F280071A0
:107C900040060054F6430891E827066D08E4002FDB
:107CA000540000B0EA0317AA94820291FB7305A95D
:107CB000FC0316AA200000F000503391F96B04A9D0
:107CC000FF7700B9E04300F9FF9700B9FF7F0EA9E5
:107CD000FFF300B9FFFF0FA9F6CB00F9FF9B01B935
:107CE000FFD300F9F7030AAAF8030AAA1F2003D555
:107CF000997640F97BF9FF97E4E30591037C409383
:107D0000E20317AAE1B30591E00313AA20033FD6CB
:107D10001F000071800500348B040054E16F41B9ED
:107D20003F940071A0390054007C4093F702008B0F
:107D3000F0FFFF17E10315AAE00313AAA90D0094B1
:107D4000E04E0135A022C079410380520100010AB2
:107D50003F28007101FAFF54A126C079C1F9FF370D
:107D6000A1B240B941000037C0184936800640AD85
:107D7000E20317AAE10315AAE3C30491E00313AADF
:107D8000E08709AD4F0C0094E07700B9FD7B40A976
:107D9000F35341A9F55B42A9F76343A9E07740B9E2
:107DA000FF430A91C0035FD6E0E30591020180D250
:107DB0000100805223FBFF97200080D2F702008B46
:107DC000CCFFFF17FA03002AE00218CBEA0318AA37
:107DD000FB03002AA0E30034E2D340F9617F409323
:107DE000E09B41B94200018B8A0700A90004001101
:107DF000E09B01B99C430091E2D300F91F1C007184
:107E00002C450054E07740B900001B0BE07700B927
:107E1000DAE10034EA060091E806403907008012F2
:107E20000B00805209008052F8030B2AF703092A3D
:107E3000F903072AFA030AAAFF7F05395A070091B6
:107E4000008100511F680171C8000054E14340F9EE
:107E5000205860786100001020A8208B00001FD6F9
:107E6000E903172AEB03182AEA031AAAE8DE00340A
:107E70003A008052FBA30691F7031A2A01008052B0
:107E8000190080D20700805218008052FF8B00B981
:107E9000FF9B00B9FF7F0539E8A306391F2003D5F2
:107EA00032011F72420B0011E0D340F95A109A1AA6
:107EB0008E1080522E010E6A8100005464011A4B0C
:107EC0009F0000716C1A0054A1010034E19B41B97C
:107ED000E27F059100040091820300F92104001162
:107EE000220080D2820700F99C430091E19B01B9F6
:107EF000E0D300F93F1C00714C3E0054B201003445
:107F0000E19B41B9E283059100080091820300F9E9
:107F100021040011420080D2820700F99C430091A5
:107F2000E19B01B9E0D300F93F1C00710C730054D0
:107F3000DF010271E0290054E700174BFF000071D8
:107F40000C050054290E4037E19B41B9EC7E40936B
:107F500000000C8B9B3300A921040011E19B01B9A7
:107F6000E0D300F93F1C00714C2200549C43009167
:107F70008900103677011A4BFF0200710C73005410
:107F8000E17740B97F011A6B63A19A1A2100030BB4
:107F9000E17700B9002300B5FF9B01B9D90000B417
:107FA000E10319AAE00313AAEA4700F97DFCFF9751
:107FB000EA4740F9FC0316AA4BFFFF1700C1005126
:107FC00018008052481740380B0B180B18040B0B85
:107FD00000C100511F24007169FFFF5499FFFF1772
:107FE000240000F0E19B41B984403691FF400071CC
:107FF0008D050054E2031CAA0D0280D2FC030AAADC
:10800000E9BB00B9E8C300B9EBCB00B9F7D300B9BD
:10801000F703072AF8DB00B9F80304AA04000014E8
:10802000F7420051FF420071AD0200540040009140
:1080300021040011583400A942400091E19B01B98C
:10804000E0D300F93F1C0071CDFEFF54E2430691DE
:10805000E10315AAE00313AA0A0C0094A01D003541
:10806000F7420051E19B41B9E0D340F9E20316AA7F
:108070000D0280D2FF420071ACFDFF54E703172AC6
:10808000E40318AAE9BB40B9EA031CAAE8C340B953
:10809000FC0302AAEBCB40B9F7D340B9F8DB40B9F7
:1080A000E77C4093210400110000078B841F00A986
:1080B0009C430091E19B01B9E0D300F93F1C0071A2
:1080C0002DF4FF54E2430691E10315AAE00313AA3D
:1080D000E9BB00B9E8C300B9EBCB00B9EA6B00F922
:1080E000E80B009460190035E9BB40B9FC0316AAFF
:1080F000EA6B40F9E0D340F9E8C340B9EBCB40B9B3
:1081000049F247361F2003D51F9501712D250054D4
:108110000821601E01100054E19B41B90004009148
:10812000220000D0240080D242E01E9121040011E0
:10813000821300A99C430091E19B01B9E0D300F9AF
:108140003F1C00718CB00054E29740B9E16B41B91B
:108150003F00026BAA7B0054E28F4AA9830B00A95F
:10816000E19B41B99C43009121040011E19B01B9BD
:108170000000028BE0D300F93F1C0071EC88005432
:10818000E19740B937040051FF0200712DEFFF5411
:10819000240000D0E19B41B984403691FF42007138
:1081A0004DBC0054E2031CAAF80304AAFC030AAA6B
:1081B0001B0280D2E98B00B9EB9B00B904000014CC
:1081C000F7420051FF4200716DBA00540040009127
:1081D00021040011586C00A942400091E19B01B9B3
:1081E000E0D300F93F1C0071CDFEFF54E24306913D
:1081F000E10315AAE00313AAA20B0094A010003516
:10820000E0D340F9E20316AAE19B41B9EDFFFF1765
:108210002D0000D0E19B41B9AD8136919F400071A6
:108220004D060054E2031CAA0F0280D2FC030AAAE6
:10823000F2BB00B9EEC300B9E9CB00B9E8D300B98D
:10824000EBDB00B9E71301B9F71B01B9F703042A07
:10825000F82301B9F8030DAA04000014F7420051F5
:10826000FF420071AD020054004000912104001152
:10827000583C00A942400091E19B01B9E0D300F9CC
:108280003F1C0071CDFEFF54E2430691E10315AAA5
:10829000E00313AA7B0B0094C00B0035F74200519A
:1082A000E19B41B9E0D340F9E20316AA0F0280D264
:1082B000FF420071ACFDFF54E403172AED0318AA36
:1082C000F2BB40B9EA031CAAEEC340B9FC0302AA00
:1082D000E9CB40B9E8D340B9EBDB40B9E71341B98A
:1082E000F71B41B9F82341B9847C40932104001164
:1082F0000000048B8D1300A9E19B01B9E0D300F9C4
:108300003F1C0071AC920054E17F45399C430091C1
:10831000EEFEFF17E26B41B95F0000714C5E005446
:10832000E19B41B900040091240000D0270080D2D5
:1083300084E01E9121040011841F00A99C43009138
:10834000E19B01B9E0D300F93F1C0071CC07015457
:10835000E19740B92100022A61D70034E3934AA98A
:10836000840F00A9E19B41B98643009121040011CB
:10837000E19B01B96000008BE0D300F93F1C007164
:108380008CD70054421EF937E29780B921040011BE
:10839000DB0800A9DC4000914000008BE19B01B9A3
:1083A000E0D300F93F1C00714DDEFF541F2003D5C0
:1083B000E2430691E10315AAE00313AAE98B00B991
:1083C000EB9B00B9EA5F00F92E0B00942002003508
:1083D000EA5F40F9FC0316AAE0D340F9E98B40B903
:1083E000EB9B40B9E3FEFF1748034039F7021C320C
:1083F00093FEFF17E2430691E10315AAE00313AAD7
:10840000EA4700F91F0B0094EA4740F960DCFF34AB
:10841000E10319AA610000B4E00313AA61FBFF970E
:10842000A022C079A1B240B981170036F96B44A9E6
:10843000FB7345A9E827466DE0173137FD7B40A95E
:10844000F35341A9F55B42A9F76343A9E07740B92B
:10845000FF430A91C0035FD6FA03002AE00218CB5B
:10846000EA0318AAFB03002A60CDFF345BFEFF1766
:108470006D011A4BBF0100710DD6FF54240000D0CE
:10848000E19B41B984403691BF410071CD05005454
:10849000E2031CAA0E0280D2FC030AAAE9BB00B9BF
:1084A000E8C300B9EBCB00B9E7D300B9F7DB00B9FB
:1084B000F7030D2AF81301B9F80304AA0400001405
:1084C000F7420051FF420071AD020054004000919C
:1084D00021040011583800A942400091E19B01B9E4
:1084E000E0D300F93F1C0071CDFEFF54E24306913A
:1084F000E10315AAE00313AAE20A0094A0F8FF35ED
:10850000F7420051E19B41B9E0D340F9E20316AADA
:108510000E0280D2FF420071ACFDFF54ED03172A1A
:10852000E40318AAE9BB40B9EA031CAAE8C340B9AE
:10853000FC0302AAEBCB40B9E7D340B9F7DB40B963
:10854000F81341B9AD7D40932104001100000D8B5B
:10855000843700A99C430091E19B01B9E0D300F965
:108560003F1C0071ADCEFF54E2430691E10315AA12
:10857000E00313AAE9BB00B9E8C300B9EBCB00B92B
:10858000E7D300B9EA6F00F9BE0A009420F4FF3582
:10859000EA6F40F9FC0316AAE0D340F9E9BB40B901
:1085A000E8C340B9EBCB40B9E7D340B963FEFF174E
:1085B000E19B41B900040091E39740B982430091E7
:1085C000210400117F0400718D110054240080D219
:1085D0009B1300A9E19B01B9E0D300F93F1C007196
:1085E0008C520054E3934AA921040011440C00A9C1
:1085F00042400091E19B01B90000038BE0D300F9F8
:108600003F1C00714C5300540821601EE39740B991
:1086100077040051E0110054F77E409321040011CB
:108620000000178BE19B01B9E0D300F965070091C9
:10863000450000F9570400F93F1C00710C6100541B
:1086400042400091E4F380B921040011E5C3059193
:10865000451000A98000008BE19B01B95C400091AE
:10866000E0D300F93F1C00714DC8FF54E24306916E
:10867000E10315AAE00313AAE98B00B9EB9B00B94B
:10868000EA5F00F97F0A009440ECFF35EA5F40F9A9
:10869000FC0316AAE0D340F9E98B40B9EB9B40B943
:1086A00034FEFF17E2430691E10315AAE00313AA83
:1086B000740A009460EBFF35FC0316AAD2FDFF1785
:1086C000E2430691E10315AAE00313AAF2BB00B945
:1086D000EEC300B9E9CB00B9E8D300B9EBDB00B9D0
:1086E000E71301B9EA8F00F9660A009420E9FF3523
:1086F000EA8F40F9FC0316AAE0D340F9F2BB40B977
:10870000EEC340B9E9CB40B9E8D340B9EBDB40B99F
:10871000E71341B9FAFDFF17A0E84F37A05240F91F
:10872000A40A0094A022C07941FFFF17E0F740B9E6
:10873000E903172AEB03182AE703192AEA031AAAFE
:10874000894C183600D2F837E03F40F9003C0091E0
:1087500000EC7C9201400091E13F00F90000C03D37
:10876000E98B00B9E89B00B9EBBB00B9E7C300B9DE
:10877000EA6700F9AF150094EA6740F90840601E07
:10878000E98B40B9E89B40B9EBBB40B9E7C340B9BE
:1087900000C1601E0002F0920100679E0020611E71
:1087A0000D7100541821601E64CE0054E17F4539DC
:1087B000200000D0250000D01F1D017100801D91F8
:1087C000A5A01D91FF8B00B97A008052FF9B00B9D4
:1087D00029791812BBC0809AF7031A2A190080D28F
:1087E0000700805218008052C1B5FF341F2003D506
:1087F0005A070011ABFDFF17A9EE0737240080D2FE
:108800009B1300A9E19B01B9E0D300F93F1C007163
:10881000ADF1FF54E2430691E10315AAE00313AA68
:10882000E98B00B9EB9B00B9EA5F00F9150A0094E7
:1088300000DFFF35EA5F40F9E20316AAE0D340F912
:10884000E98B40B9EB9B40B9E19B41B97EFFFF1733
:10885000E39740B97F0400716DEFFF54240000D00E
:10886000844036917F4400718D4E0054FC030B2AE6
:10887000F80304AA1B0280D2E98B00B9EA4F00F981
:1088800004000014F7420051FF420071ED4C005407
:108890000040009121040011586C00A94240009151
:1088A000E19B01B9E0D300F93F1C0071CDFEFF54FC
:1088B000E2430691E10315AAE00313AAF10900942B
:1088C00080DAFF35E0D340F9E20316AAE19B41B913
:1088D000EDFFFF17E903172AEB03182AEA031AAA88
:1088E0001F0D0171E0540054C9542037E09340B982
:1088F000E0E1F837E03F40F9012C009121F07D9252
:10890000E13F00F9000040B93A008052F8A3069117
:10891000F7031A2AE0A30639FB0318AA01008052C4
:10892000190080D20700805218008052FF8B00B9D6
:10893000FF9B00B9FF7F05395AFDFF17E09340B94F
:10894000E903172AEB03182AE703192AEA031AAAEC
:108950006044F837E03F40F9013C009121F07D92FE
:10896000E13F00F91B0040F9FF7F05391B8400B48B
:108970001F4D0171C070005438011C1289702037DE
:1089800047B2F837E27C4093E0031BAA0100805213
:10899000E78B00B9E99B00B9EBBB00B9EA6300F9CA
:1089A000580A0094EA6340F9F90300AAE78B40B93A
:1089B000E99B40B9EBBB40B9401001B4E17F4539B8
:1089C00003001BCBFF8B00B97F000071FF9B00B938
:1089D000F703032A7AA09F1A07008052190080D259
:1089E000680E8052E1A5FF3482FFFF17F803184B91
:1089F000E03F00F948034039F7021E3210FDFF172F
:108A0000E1031AAA281440381FA90071C01C0154A0
:108A100000C10051FA0301AA0700805219008052D8
:108A20001F240071E8A0FF5428144038E708070B02
:108A30000704070B00C100511F24007169FFFF5498
:108A4000FF000071FA0301AAF9A09F5AFDFCFF176D
:108A50006005805248034039E07F0539F8FCFF1774
:108A6000E09340B9003DF837E03F40F9002C009119
:108A700000F07D92E13F40F9380040B998FBFF37A4
:108A800048034039E03F00F9EDFCFF17E00313AA6B
:108A900018F6FF97000440F9E07700F9A9F3FF9773
:108AA000E10300AAFB0301AAE00313AAE18300F992
:108AB00010F6FF97000840F9E07F00F97F0300F10E
:108AC000041840FA2034005401004039E002163204
:108AD000480340393F0000711710971AD8FCFF1760
:108AE00048034039F7020032D5FCFF17E07F4539D3
:108AF00048034039409AFF3500048052E07F053931
:108B0000CFFCFF17EB03182AE703192AEA031AAA76
:108B1000E9021C32E09340B9490028372933203656
:108B2000404FF837E03F40F9013C009121F07D9241
:108B3000E13F00F9000040F93A7915120100805236
:108B400002008052E27F0539270EF8371F0000F13E
:108B5000497B1812E008407A810D0054810C0035E1
:108B600057030012BA1B0036FB2F089100068052F3
:108B700007008052E02F0839E17F4539FF00176B6D
:108B8000FF8B00B9FAA0971AFF9B00B9190080D299
:108B9000180080526198FF3416FFFF1748034039D0
:108BA000F7021D32A6FCFF17EA031AAAEB03182AE4
:108BB000E703192AFA021C32E09340B95A00283719
:108BC0007A292036E048F837E03F40F9013C00912F
:108BD00021F07D92E13F00F9000040F92100805230
:108BE000D8FFFF17480340391FB1017120370054E7
:108BF000F7021C3292FCFF17480340391FA1017194
:108C000000370054F7021A328DFCFF174803403931
:108C1000F7021B328AFCFF17E09340B9E903172AD9
:108C2000EB03182AE703192AEA031AAA402CF8379B
:108C3000E03F40F9013C009121F07D92E13F00F9D5
:108C4000000040F902068F52230000D03A011F3283
:108C500063001E9141008052080F8052E37300F9B7
:108C6000E2C30279B7FFFF17E09340B9E903172A7F
:108C7000EA031AAAE9262836406DF837E03F40F9A2
:108C8000013C009121F07D92E13F00F9000040F9A4
:108C9000E17780B9010000F913FCFF17EB03182AF4
:108CA000E703192AEA031AAAE9021C32E09340B941
:108CB00049002837E9222036C043F837E03F40F921
:108CC000013C009121F07D92E13F00F9010040F963
:108CD000E00301AA0123F8B7E70EF8371F0000F1FF
:108CE00029791812E008407A610E0054FB3308918C
:108CF0000700805217008052A0FFFF174803403939
:108D0000F70219324EFCFF17FA03092A3F040071DB
:108D1000400D0054F7330891FB0317AA3F08007178
:108D200041010054E27340F9010C409200FC44D32D
:108D30004168613861FF1F3880FFFFB5F7021B4BA8
:108D4000E9031A2A8DFFFF1701080012E2031BAA8C
:108D500021C0001161FF1F3800FC43D360FFFFB545
:108D60003FC00071E0079F1A5F03006A80FEFF5456
:108D7000420800D100068052E9031A2AF702024B8A
:108D800060F31F38FB0302AA7CFFFF17E243069142
:108D9000E10315AAE00313AAEEBB00B9E9C300B9C9
:108DA000E8CB00B9EBD300B9E7DB00B9EA8B00F9F7
:108DB000B4080094E0B2FF35EA8B40F9FC0316AA30
:108DC000E0D340F9EEBB40B9E9C340B9E8CB40B9C4
:108DD000EBD340B9E7DB40B956FCFF172D0000D0BC
:108DE000E19B41B9AD813691FF420071ED03005422
:108DF000F8030DAA1B0280D2EB8B00B9EA4F00F9F1
:108E000004000014F7420051FF4200718D0200542B
:108E10000040009121040011986F00A99C4300912B
:108E2000E19B01B9E0D300F93F1C0071CDFEFF5476
:108E3000E2430691E10315AAE00313AA9108009406
:108E400080AEFF35F7420051E19B41B9E0D340F9D4
:108E5000FC0316AAFF420071CCFDFF54EA4F40F913
:108E6000ED0318AAEB8B40B9F77E40932104001163
:108E70000000178B8D5F00A9E19B01B9E0D300F9D9
:108E80003F1C0071ED87FF54E2430691E10315AAF0
:108E9000E00313AAEB8B00B9EA4F00F979080094BC
:108EA00080ABFF35EA4F40F9E0D340F9EB8B40B996
:108EB00034FCFF17FA03092A1F2400F1A8540054B8
:108EC00000C00011E9031A2AFB2F089137008052D5
:108ED000E02F083929FFFF17FB3308910700805264
:108EE00026FFFF17E19740B91F03016B17D3811AC3
:108EF0002C7C4093FF0200716D010054E19B41B94D
:108F0000E27E40930000028B9B0B00A9210400111C
:108F1000E19B01B99C430091E0D300F93F1C007133
:108F2000CCB30054FF020071E4A29F1A1703044B54
:108F3000FF0200714C59005468C3388B09955037B3
:108F4000E19740B9F76B41B9FF02016B6B26005402
:108F500049260037E19740B97B030C8B7B0308CB94
:108F60003700174BFF021B6BFBB29B1A7F0300718C
:108F70006D010054E19B41B9627F40930000028B78
:108F8000880B00A921040011E19B01B99C430091C9
:108F9000E0D300F93F1C0071ECB600547F03007170
:108FA0007BA39F1AF7021B4BFF0200712D7EFF541B
:108FB000240000D0E19B41B984403691FF4200710A
:108FC0004D4B0054E2031CAAF80304AAFC030AAAAE
:108FD0001B0280D2E98B00B9EB9B00B9040000149E
:108FE000F7420051FF4200716D490054004000916A
:108FF00021040011586C00A942400091E19B01B985
:10900000E0D300F93F1C0071CDFEFF54E24306910E
:10901000E10315AAE00313AA1A080094A09FFF35E4
:10902000E0D340F9E20316AAE19B41B9EDFFFF1737
:10903000E2430691E10315AAE00313AAE98B00B904
:10904000EB9B00B9EA5F00F90E080094209EFF3503
:10905000EA5F40F9E20316AAE0D340F9E98B40B990
:10906000EB9B40B9E19B41B95FFDFF17E2430691DD
:10907000E10315AAE00313AAE98B00B9EB9B00B941
:10908000EA5F00F9FF070094409CFF350821601E4D
:10909000E39740B9EA5F40F9E20316AAE0D340F94A
:1090A00077040051E98B40B9EB9B40B9E19B41B992
:1090B00000BDFF5459FDFF17A05240F93908009434
:1090C000A022C079E7FAFF174975073623FCFF177E
:1090D0000087F837E03F40F9013C0091080040FD6F
:1090E00021F07D92E13F00F9AAFDFF17FA4F3036DB
:1090F0002079F837E03F40F9012C009121F07D9272
:10910000E13F00F900004079210080528DFEFF17F9
:10911000095530366072F837E03F40F9012C009174
:1091200021F07D92E13F00F900008079E10300AA7F
:1091300041DDFFB6E00300CBFA03092AA205805205
:109140002100805280FEFF17480340393CFBFF1787
:1091500049D92737896B3037A9BB4836E0D6F8376D
:10916000E03F40F9013C009121F07D92E13F00F9A0
:10917000000040F9E1D3413901000039DAFAFF1764
:10918000694C3036C070F837E03F40F9012C00914F
:1091900021F07D9200004079E13F00F967FEFF1762
:1091A000E903172AEB03182AE703192AEA031AAA84
:1091B000BFFEFF17E09340B9012000113F0000718E
:1091C0002D9E0054E03F40F9E19300B9023C00912C
:1091D00041F07D92E13F00F99AFEFF17E09340B91C
:1091E000012000113F0000714D9C0054E03F40F908
:1091F000E19300B9023C009141F07D92E13F00F91A
:10920000D9FDFF17E09340B9012000113F00007124
:109210002D9A0054E03F40F9E19300B9002C0091F1
:1092200000F07D9214FEFF17EA4F40F9EB031C2A71
:10923000E98B40B9E40318AAF77E4093210400119A
:109240000000178BE19B01B9E0D300F9440000F95D
:10925000570400F93F1C00714D9FFF54E2430691F3
:10926000E10315AAE00313AAE98B00B9EB9B00B94F
:10927000EA5F00F983070094C08CFF35EA5F40F98C
:10928000E20316AAE0D340F9E98B40B9EB9B40B961
:10929000E19B41B9ECFCFF17E2430691E10315AAFB
:1092A000E00313AAE98B00B9EB9B00B9EA5F00F970
:1092B00074070094E08AFF35EA5F40F9FC0316AAC0
:1092C000E0D340F9E98B40B9EB9B40B9ADFBFF1708
:1092D00048074039F7021B325A070091D8FAFF17A6
:1092E00048074039F70217325A070091D4FAFF179E
:1092F000EA031AAAEB03182AE703192AFA03172A22
:109300002EFEFF17E903172AEB03182AE703192A91
:10931000EA031AAA200000B000601E91E07300F971
:10932000E09340B9090B2837E90A20374941303624
:109330006068F837E03F40F9012C009121F07D9200
:1093400000004079E13F00F955000014200000B012
:10935000E903172A00001E91EB03182AE703192AD4
:10936000EA031AAAE07300F9EEFFFF17E903172AD0
:10937000EB03182AE703192AEA031AAAE6FDFF17E6
:10938000E0230691020180D201008052E98B00B9EE
:10939000E89B00B9EBBB00B9EA6300F9A9F5FF97B8
:1093A000E09340B9EA6340F9E98B40B9E89B40B9E2
:1093B000EBBB40B9A03EF837E03F40F9012C0091EB
:1093C00021F07D92E13F00F9020040B9F8A3069137
:1093D000E3230691E10318AAE00313AAE98B00B97D
:1093E000E89B00B9EBBB00B9EA6300F941070094C0
:1093F000EA6340F9F703002AE98B40B91F04003102
:10940000E89B40B9EBBB40B9A0C900541F000071F4
:109410001AA09F1A41FDFF17E28F4AA9830B00A9EA
:10942000E19B41B99C43009121040011E19B01B9EA
:109430000000028BE0D300F93F1C0071CDD8FF542F
:10944000E2430691E10315AAE00313AAEC4700F9F1
:10945000E99B00B9EBBB00B9E82B0CA90907009404
:10946000807DFF35EC4740F9FC0316AAE82B4CA998
:10947000E0D340F9E99B40B9EBBB40B9F76B41B988
:10948000B5FEFF17A001F837E03F40F9013C00911D
:1094900021F07D92E13F00F9000040F91F0000F14A
:1094A000E1079F1A3F01016AC11400543A7915126D
:1094B00041008052A3FDFF17E09340B90120001145
:1094C0003F0000718D380054E03F40F9E19300B94E
:1094D000023C009141F07D92E13F00F9EFFFFF1760
:1094E000E09340B9012000113F000071AD320054FB
:1094F000E03F40F9E19300B9023C009141F07D92D8
:10950000E13F00F9B5FDFF17E09340B901200011DC
:109510003F0000710D330054E03F40F9E19300B982
:10952000023C009141F07D92E13F00F982FDFF177E
:10953000E09340B9012000113F0000718D2F0054CD
:10954000E03F40F9E19300B9023C009141F07D9287
:10955000E13F00F9DEFDFF17E2430691E10315AAA2
:10956000E00313AAF2BB00B9EEC300B9E9CB00B91E
:10957000E8D300B9EBDB00B9E71301B9EA8F00F9D2
:10958000C00600946074FF35EA8F40F9FC0316AA08
:10959000E0D340F9E17F4539F2BB40B9EEC340B9B1
:1095A000E9CB40B9E8D340B9EBDB40B9E71341B9A7
:1095B00046FAFF17E00313AAFEF4FF97A5F9FF1779
:1095C0000021681EE69C005417791A12FF060171EB
:1095D000C1300054010F80521F850171000B805271
:1095E0000010811A01068052E1830539E0870539B0
:1095F000FBA30691190080D2FF8C0171EC5400543A
:109600000001669E00FC60D32054F8360041611EC4
:10961000A0058052E0BB00B9E0A30591E98B00B939
:10962000E8AF1229EA6300F9E7F300B99510009456
:109630000110681EE98B40B9EA6340F90108611E18
:10964000E8AF5229E7F340B92820601E61000054BA
:1096500020008052E06B01B9E303072A1F850171E6
:1096600063040091200000B0220000B000001E91B1
:1096700042601E916303038B4210809A0210661EA3
:10968000E0031BAA030000142820601E2099005448
:109690002108621EEC0300AA2100781E2000621E31
:1096A00044C86138041400382138601E7F0000EB84
:1096B000C1FEFF5400106C1E3020601E8C00005450
:1096C0002020601EA102005481020036ECC700F980
:1096D000E10300AA443C403903F05F387F00046B8B
:1096E000210100540706805227F01F38E1C740F9D6
:1096F000230400D1E3C700F923F05F389F00036B18
:1097000040FFFF5464040011841C00127FE40071C8
:10971000804E005424F01F38F86B41B900001B4BF9
:10972000013D001129011F32211C0012220080522C
:10973000E09700B900070051E06B01B96701001420
:109740000106805229011F32E1830539E887053976
:1097500057FFFF17E2430691E10315AAE00313AA9E
:10976000E98B00B9EB9B00B9EA5F00F9450600946C
:109770000065FF35EA5F40F9FC0316AAE0D340F923
:10978000E98B40B9EB9B40B970FAFF17E0030691F3
:10979000020180D201008052E98B00B9E89B00B938
:1097A000EBBB00B9E7C300B9EA6700F9FBC700F9F2
:1097B000A4F4FF97E7C340B9EA6740F9E98B40B9E1
:1097C000E89B40B9EBBB40B9074BF837180080D293
:1097D00017008052FA03082AF903072AF54700F90F
:1097E000F503172AF70318AAF8030AAAE99B00B998
:1097F000EBBB00B90D000014E3030691E1A3069151
:10980000E00313AA3B0600941F0400312085005496
:10981000A002000B1F00196BEC000054F71200911E
:1098200020930054F503002AE0C740F9026877B896
:1098300042FEFF35F703152AE99B40B9F54740F989
:10984000E8031A2AEBBB40B9EA0318AAF76300340D
:10985000FF8E01716D770054E1060011E00313AA39
:10986000E98B00B9217C4093E89B00B9EBBB00B9C0
:10987000EA6300F99BF0FF97EA6340F9FB0300AA53
:10988000E98B40B9E89B40B9EBBB40B900B000B4EC
:10989000F90300AA020180D201008052E003069180
:1098A000E98B00B9E89B00B9EBBB00B9EA6300F9AA
:1098B00064F4FF97E07E4093E4030691F80300AA66
:1098C000E30300AAE2230691E1031BAAE00313AA23
:1098D000140B0094EA6340F91F0300EBE98B40B9D5
:1098E000E89B40B9EBBB40B981AC00547FCB373823
:1098F000FF020071FF8B00B9FAA29F1AE17F453980
:1099000007008052FF9B00B918008052A12CFF3441
:10991000B8FBFF17E98B40B9EA031CAAEB9B40B9DF
:10992000FC0302AAE40318AAF77E40932104001165
:109930000000178BE19B01B9E0D300F9845F00A917
:109940003F1C00716C53FF549C43009189F9FF1731
:10995000F733089143031612F8E702B2E20317AA9D
:10996000E40317AA05008052F70313AAB89999F2E5
:10997000F303032AE30315AAF57F40F90700001457
:10998000197CD89B39FF43D31F2400F149020054AE
:10999000E00319AAE2031BAA197CD89BA5040011B5
:1099A0005B0400D139FF43D3210B198B010401CB98
:1099B00021C0001141F01F3853FEFF34A10240398D
:1099C0003FFC03712010457AC1FDFF541F2400F1B4
:1099D00068620054F30317AAF70304AAE59700B9D5
:1099E000F57F00F9F50303AAD5FCFF17FF180071F6
:1099F000C3008052FA90831A250000B0F7031A2A98
:109A0000BBC01E91190080D2010080520700805215
:109A100018008052FF8B00B9FF9B00B921F9FF1796
:109A2000E09340B9012000113F0000712D24005443
:109A3000E03F40F9E19300B9023C009141F07D9292
:109A4000E13F00F992FCFF17E0D340F9E03000B5A8
:109A5000A022C079FF9B01B973FAFF17240000B060
:109A6000E19B41B984403691FF420071AD1B005427
:109A7000E2031CAA080280D2FC030AAAEC5F00F9E8
:109A8000E9C300B9EBCB00B9F8D300B9F80304AAD5
:109A900004000014F7420051FF4200714D190054B8
:109AA0000040009121040011582000A9424000917B
:109AB000E19B01B9E0D300F93F1C0071CDFEFF54DA
:109AC000E2430691E10315AAE00313AA6D05009491
:109AD000004AFF35E0D340F9E20316AAE19B41B901
:109AE000080280D2ECFFFF17FA2048364080F83792
:109AF000E03F40F9012C009121F07D92E13F00F917
:109B000000004039210080520EFCFF17C920483662
:109B1000807CF837E03F40F9012C009121F07D92E4
:109B200000004039E13F00F904FCFF17E25340F91F
:109B3000E09340B9E19300B940C0208B64FCFF176B
:109B4000E25340F9E09340B9E19300B940C0208B63
:109B500022FCFF17A91C4836E06EF837E03F40F9B9
:109B6000012C009121F07D9200004039E13F00F985
:109B70004BFEFF17E25340F9E09340B9E19300B97F
:109B800040C0208BECFBFF17E09340B9012000118F
:109B90003F000071AD1F0054E03F40F9E19300B970
:109BA000022C009141F07D92E13F00F907FEFF1782
:109BB000891C4836C07DF837E03F40F9012C009100
:109BC00021F07D92E13F00F900008039E10300AA15
:109BD00041FCFF17E25340F9E09340B9E19300B92B
:109BE00040C0208B2DFEFF17FF040031602700547A
:109BF000FF1E0171E008407AE7149F1A0001669E7B
:109C00003901183200FC60D3E079F8370941601E51
:109C1000FFBB00B9E9A312292041601EEBC300B9C4
:109C2000EA6700F9FF1A0171C1420054E203072AF2
:109C300061008052E5230691E4030691E3A30591B8
:109C4000E00313AAE78B00B9A60A0094E78B40B99A
:109C5000FB0300AA01004039EA6740F93FC00071E8
:109C6000E9A3522900C0278BEBC340B940520054EE
:109C7000E16B41B901C0218B2821601E604F005467
:109C8000E0C740F9030680523F0000EBE9000054B2
:109C900002040091E2C700F903000039E0C740F96F
:109CA0003F0000EB68FFFF54F86B41B900001BCB8D
:109CB000E09700B9FF1E0171002200540007005117
:109CC000FF1A017140500054011D00120200805221
:109CD000190080D2E06B01B9E1C3053961058052FA
:109CE0008000F836200080520000184BA1058052F9
:109CF000E1C705391F240071CD5B0054EC3F06918C
:109D0000AD999952E4030CAA8D99B972027CAD9B6E
:109D1000E30304AAE503002A840400D142FC63D3D0
:109D20004108020B0104014BE003022A21C000118B
:109D300061F01F38BF8C0171ACFEFF5440C00011B0
:109D400080F01F38600800D11F000CEB827E0054A9
:109D5000E1CB059102144038221400381F000CEBAF
:109D6000A1FFFF54E0430A91030003CB60F40351C9
:109D7000E0F300B9E09740B9E1F340B91700010BF7
:109D80001F0400716D5B0054E0AB40B9F702000B9B
:109D900029791512FF02007129011832FAA29F1ABF
:109DA00018008052FF8B00B9FF9B00B9E0BB40B99F
:109DB000001B0035E17F4539070080522107FF3441
:109DC0008CFAFF17EC5F40F9E40318AAE9C340B925
:109DD000EA031CAAEBCB40B9FC0302AAF8D340B9B2
:109DE000E77E4093210400110000078B841F00A927
:109DF0009C430091E19B01B9E0D300F93F1C007145
:109E0000CD89FF54E2430691E10315AAE00313AAAA
:109E1000EC5F00F9E9C300B9EBCB00B9EA6B00F9DC
:109E200098040094602FFF35EC5F40F9FC0316AAFC
:109E3000EA6B40F9E0D340F9E9C340B9EBCB40B954
:109E40003EFCFF1769090736E28F4AA9830B00A978
:109E5000E19B41B98643009121040011E19B01B9C6
:109E60004000008BE0D300F93F1C0071ED28FF5447
:109E7000E2430691E10315AAE00313AAE98B00B9B6
:109E8000EB9B00B9EA5F00F97E040094202CFF35BB
:109E9000EA5F40F9E60316AAE0D340F9E98B40B93E
:109EA000EB9B40B9E26B41B9E19B41B936F9FF1731
:109EB000E25340F9E09340B9E19300B940C0208BF0
:109EC00073FBFF17C062F837E03F40F9013C009197
:109ED00021F07D92E13F00F9000040F9E1EB40798B
:109EE0000100007980F7FF17E067F837E03F40F99D
:109EF000012C009121F07D92000040B9E13F00F972
:109F000067FDFF174050F837E03F40F9012C009102
:109F100021F07D92E13F00F9000040B9210080521C
:109F200008FBFF178063F837E03F40F9012C0091F0
:109F300021F07D92000040B9E13F00F9FFFAFF17E0
:109F4000605CF837E03F40F9012C009121F07D92F0
:109F5000E13F00F9000080B9E10300AA5EFBFF17B2
:109F6000E09340B9012000113F0000718D51005471
:109F7000E03F40F9E19300B9022C009141F07D925D
:109F8000E13F00F969FCFF17E25340F9E09340B963
:109F9000E19300B940C0208B0CFDFF17E09340B95E
:109FA000012000113F0000716D5D0054E03F40F959
:109FB000E19300B9022C009141F07D9200004079BC
:109FC000E13F00F9DDFAFF17E0031BAAE9BB00B986
:109FD000EBC300B9190080D2EA6700F959EEFF9788
:109FE000E17F45391F000071FF8B00B9F703002A9C
:109FF000FF9B00B91AA09F1AEA6740F90700805238
:10A00000E9BB40B9680E8052EBC340B9A1F4FE34FD
:10A01000F8F9FF17E09340B9012000113F000071EB
:10A02000CD4D0054E03F40F9E19300B9022C00917E
:10A0300041F07D92E13F00F933FCFF17E09340B916
:10A04000012000113F000071ED490054E03F40F94C
:10A05000E19300B9022C009141F07D92000040791B
:10A06000E13F00F90EFDFF17E00313AAE24306915A
:10A07000E10315AA03040094C0CEFF34E9F8FF17EA
:10A08000A05240F94B04009439F7FF170041601EBD
:10A09000FFBB00B961FDFF17E1040011E00313AA43
:10A0A000E78B00B9217C4093E9A31229EA5F00F90C
:10A0B000EBF300B98BEEFF97EA5F40F9FB0300AAD0
:10A0C000E78B40B9E9A35229EBF340B9806300B4B0
:10A0D000F90300AA4BFDFF17C7008052C8FEFF1707
:10A0E000442840398CFDFF17E0C740F9F86B41B9AF
:10A0F00000001BCBE09700B91F03076B01DB433A5D
:10A10000EA1700540809005100070051EFFEFF173D
:10A11000A00580525A070011A10580520700805205
:10A12000E07F05395FF7FF17E4030691E22306910C
:10A13000E00313AA030080D2010080D2E98B00B9AA
:10A14000E89B00B9EBBB00B9EA6300F9F50800949D
:10A15000EA6340F9F703002AE98B40B91F04003194
:10A16000E89B40B9EBBB40B920690054FBC700F93C
:10A17000B7FDFF17A0058052A1058052E07F053989
:10A180008CF9FF17E0F740B9014000113F00007162
:10A190006D380054E03F40F9E1F700B9003C009110
:10A1A00000EC7C9201400091E13F00F96CF9FF174F
:10A1B000E0F740B9014000113F000071ED34005458
:10A1C000E03F40F9E1F700B9023C0091080040FD92
:10A1D00041F07D92E13F00F96EF9FF17E18B40B944
:10A1E0003F000071E19B40B920D8407A0D660054D1
:10A1F0006D030C8BE2031CAA24000090FC03012ACF
:10A2000084403691F8030DAA170280D2F34F00F96B
:10A21000F95F00F9F90308AAEC6F00F9E91301B935
:10A22000FB8F00F9EB2301B9FA2701B9FBEB4FA92A
:10A23000EA9700F9280000149C070051E19B41B9FE
:10A2400000001A8BE37740F921040011436800A94C
:10A2500042400091E19B01B9E0D300F93F1C00713D
:10A260006C08005461034039050319CBE30318AAB5
:10A270003F00056B33B0851A7F0200718D010054D9
:10A28000E19B41B96A7E409300000A8B592800A9DE
:10A2900021040011E19B01B9E0D300F93F1C0071DA
:10A2A0004C09005461034039424000917F02007123
:10A2B00065A29F1A3300054B7F020071AC01005468
:10A2C000E58B40B93903218BBF00007180DB407AF8
:10A2D0008D4D00549F0300710CFBFF54E18B40B97E
:10A2E0007B0700D121040051E18B00B9D4FFFF1797
:10A2F0002A000090E19B41B94A4136917F420071AA
:10A30000ED040054E3130CA9F86B00F9F84F40F981
:10A3100004000014734200517F420071CD030054C9
:10A320000040009121040011445C00A942400091CA
:10A33000E19B01B9E0D300F93F1C0071CDFEFF5451
:10A34000E2430691E10315AAE00318AA4D03009425
:10A35000E0150035E0D340F923000090E19B41B9BE
:10A36000E20316AA64403691EBFFFF17E04F40F975
:10A37000E2430691E10315AA4203009420560035FA
:10A38000E0D340F921000090E20316AA2440369160
:10A39000B5FFFF17E32B4CA9F86B40F9657E40939E
:10A3A000210400110000058B4A1400A9E19B01B9AA
:10A3B000E0D300F93F1C00710C11005461034039D7
:10A3C00042400091BFFFFF17E04F40F9E243069182
:10A3D000E10315AAF86300F92A030094205300351D
:10A3E000E36340F924000090E0D340F9E20316AAA9
:10A3F0006103403984403691ADFFFF17E19740B9C2
:10A400001F03016BAB170054E0AB40B93F0140F2B2
:10A410000C03000B9711981A690050361F03007146
:10A420000C2F0054FF020071E80C8052FAA29F1A10
:10A43000E903192A190080D2FF8B00B9FF9B00B9EC
:10A440005BFEFF17E2430691E10315AAE00313AA9E
:10A45000E98B00B9EB9B00B9EA5F00F909030094AE
:10A4600080FDFE35EA5F40F9FC0316AAE0D340F90F
:10A47000E98B40B9EB9B40B9E26B41B9B5F7FF17E7
:10A48000FF16017141030054F8040011410080528D
:10A49000E203182AE5230691E4030691E3A305915C
:10A4A000E00313AAE78B00B98E080094FB0300AA0F
:10A4B000EA6740F901C0388BE78B40B9E9A352291C
:10A4C000EBC340B9EDFDFF17E17F45391A0080521B
:10A4D000FF8B00B907008052FF9B00B91800805223
:10A4E000190080D2E1CDFE34C2F8FF17E203072A3B
:10A4F000E5230691E4030691E3A30591E00313AA83
:10A5000041008052E78B00B976080094E9A35229F4
:10A51000FB0300AAEA6740F9E78B40B9EBC340B9F7
:10A5200049DE073661C3278BD4FDFF17E09340B99E
:10A53000012000113F0000710D1E0054E03F40F962
:10A54000E19300B9022C009141F07D92E13F00F9C6
:10A55000EDF8FF17E25340F9E09340B9E19300B9F9
:10A5600042C0208BE03F40F9E23F00F942F9FF177B
:10A57000E25340F9E09340B9E19300B940C0208B29
:10A58000F9F8FF17E25340F9E09340B9E19300B9BD
:10A5900040C0208BABF9FF17E2430691E10315AAF7
:10A5A000E00313AAEC5F00F9E9C300B9EBCB00B9F3
:10A5B000EA6B00F9B3020094C0F2FE35EC5F40F99B
:10A5C000FC0316AAEA6B40F9E0D340F9E9C340B9AD
:10A5D000EBCB40B954FAFF17E04F40F9E243069144
:10A5E000E10315AAE36300F9A6020094A042003536
:10A5F000E36340F924000090E0D340F9E20316AA97
:10A6000061034039844036912EFFFF17E15F40F926
:10A61000F30318AA21F0FEB582F7FF17E17740F99E
:10A62000E88B00B9E08340F9EB9F1229E3AB0BA95B
:10A630007B0300CBE20300AAE0031BAAE46700F956
:10A6400090F3FF97A006403905008052E3AB4BA979
:10A650001F000071E46740F9B506959AE88B40B990
:10A66000EB9F5229CBFCFF17F86B41B9E00301AA1D
:10A670008FFDFF17E2430691E10315AAE00313AA39
:10A68000E98B00B9EB9B00B9EA5F00F97D02009409
:10A6900000ECFE35E1AF5229FC0316AAF76B41B975
:10A6A000EA5F40F93700174BE0D340F9E98B40B936
:10A6B0003BFAFF172821601E41310054F86B41B965
:10A6C00000C0388B00001B4BE09700B9200100123E
:10A6D0000000072A1F030071AD33005480180035B5
:10A6E000F703182AC80C8052E9185037FF0200718E
:10A6F000FAA29F1A4FFFFF17E1AB40B9E80C805256
:10A700003700000B1F0300710CFFFF54EC02184BC5
:10A7100097050031FA529F1A46FFFF17A0B240B9C1
:10A72000A0000037A022407960004837A05240F9CD
:10A73000A002009400008012E07700B940F7FF17F4
:10A74000FBA30691190080D253FCFF172400009050
:10A75000F703024B844036915F400031EA04005415
:10A76000E20315AAFC03092AF503172A180280D26E
:10A77000F70302AAF94700F9F90304AAEB9B00B911
:10A78000EA5F00F904000014B5420051BF420071B5
:10A790004D0200540040009121040011D96000A92D
:10A7A000C6400091E19B01B9E0D300F93F1C007164
:10A7B000CDFEFF54E2430691E10317AAE00313AA7A
:10A7C0003002009460250035E0D340F9E60316AA74
:10A7D000E19B41B9EDFFFF17EA5F40F9E20317AAD9
:10A7E000E40319AAEB9B40B9F94740F9F703152A8E
:10A7F000E9031C2AF50302AAF77E40932104001105
:10A800000000178BC45C00A9C6400091E19B01B910
:10A81000E0D300F93F1C00718DDBFE54E24306914A
:10A82000E10315AAE00313AAE98B00B9EB9B00B979
:10A83000EA5F00F913020094C0DEFE35EA5F40F9DA
:10A84000E60316AAE0D340F9E98B40B9EB9B40B987
:10A85000E19B41B9CDF6FF17E28740F9E0F740B937
:10A86000E1F700B940C0208B080040FDC9F7FF1791
:10A87000E1CB059182000035E1CF059102068052BF
:10A88000E2CB053900C0001120140038E2C3059165
:10A890002000024BE0F300B937FDFF17E28740F9D3
:10A8A000E0F740B9E1F700B940C0208BACF7FF17E3
:10A8B000F54740F9010080D2A022C07900001A3289
:10A8C000A0220079A1DAFEB5D6F6FF17201AF837D4
:10A8D000E03F40F9013C009121F07D92E13F00F919
:10A8E000000040F9E17740B9010000B9FEF4FF171C
:10A8F00009A5073625FDFF17E25340F9E09340B95B
:10A90000E19300B940C0208BFFF7FF17E09340B9F7
:10A91000012000113F000071CD1E0054E03F40F9BE
:10A92000E19300B9022C009141F07D92E13F00F9E2
:10A930007AFDFF17E09340B9012000113F0000713C
:10A940002D1E0054E03F40F9E19300B9022C009124
:10A9500041F07D9200004039E13F00F9D0FAFF1745
:10A960000001669EE017F8B7E17F453920000090AE
:10A97000250000901F1D017100C01D91A5E01D91D3
:10A9800091F7FF17E25340F9E09340B9E19300B922
:10A9900040C0208B00004079C1FAFF17E25340F914
:10A9A000E09340B9E19300B940C0208BDFF9FF1775
:10A9B000E1001B0B030680522100004B2204001112
:10A9C00002C0228BA16AFF37031400385F0000EB3E
:10A9D000C1FFFF5451FBFF17E25340F9E09340B928
:10A9E000E19300B940C0208BC7F9FF17E0AB40B935
:10A9F000C80C8052EC00000B9701180B3BFFFF17AF
:10AA0000E80C8052E17F40F9200040391FFC0371BF
:10AA1000802400540300805202008052050000147C
:10AA200042040011210400911FFC03712001005415
:10AA30001F00186BEA0000541803004B2004403933
:10AA400000FFFF352000403963040011F7FFFF17B6
:10AA5000E28B00B9E39B00B9E17F00F9E18B40B9DB
:10AA6000E903192AE09B40B9190080D20000010BCC
:10AA7000E10341B9175C011BFF020071FAA29F1AA2
:10AA8000CBFCFF17F54740F9E8031A2AE99B40B9C8
:10AA9000EA0318AAEBBB40B9F703192A6CFBFF17AE
:10AAA000E09340B9012000113F0000716D16005481
:10AAB000E03F40F9E19300B9022C009141F07D9212
:10AAC00000004039E13F00F91CF8FF17E09340B95E
:10AAD000012000113F000071CD150054E03F40F906
:10AAE000E19300B9022C009141F07D92E13F00F921
:10AAF00019FDFF17E09340B9012000113F000071DC
:10AB00006D0E0054E03F40F9E19300B9022C009132
:10AB100041F07D92E13F00F9FAFBFF17E09340B965
:10AB2000012000113F000071AD150054E03F40F9D5
:10AB3000E19300B9023C009141F07D92E13F00F9C0
:10AB4000E6FCFF17A00580520941611EE0BB00B979
:10AB500031FCFF17E25340F9E09340B9E19300B9AB
:10AB600040C0208B00004079F4F7FF17E09340B914
:10AB7000012000113F0000710D0A0054E03F40F930
:10AB8000E19300B9022C009141F07D92E13F00F980
:10AB90000EFCFF17E09340B9012000113F00007147
:10ABA0008D120054E03F40F9E19300B9022C00916E
:10ABB00041F07D92000040B9E13F00F9DFF7FF1757
:10ABC000E17F4539FA03072AFF8B00B9F703072A0B
:10ABD000FF9B00B907008052680E80522196FE3418
:10ABE00004F7FF17E09340B9012000113F00007106
:10ABF000CD110054E03F40F9E19300B9022C0091DF
:10AC000041F07D92000040B9E13F00F924FAFF17BE
:10AC1000E09340B9012000113F0000716D0800541D
:10AC2000E03F40F9E19300B9023C009141F07D9290
:10AC3000E13F00F92BFFFF17E09340B9012000111D
:10AC40003F0000716D100054E03F40F9E19300B9FE
:10AC5000023C009141F07D92E13F00F945F9FF1778
:10AC6000A0058052A1058052E07F053940FFFF1703
:10AC7000E14740F9F50317AA01BDFEB5E9F5FF1755
:10AC8000F34F40F9E80319AAF95F40F9FB7F00F997
:10AC9000EC6F40F9FC0302AAFB8F40F9EA9740F9F8
:10ACA000E91341B9EB2341B9FA2741B91F0103EB7D
:10ACB0000891839AA3F8FF17E25340F9E09340B953
:10ACC000E19300B940C0208BC0FBFF17E25340F96D
:10ACD000E09340B9E19300B940C0208B89FBFF1796
:10ACE000210080522100074BE16B01B9E2FBFF1705
:10ACF000E25340F9E09340B9E19300B940C0208BA2
:10AD000086FCFF17E25340F9E09340B9E19300B9A4
:10AD100040C0208B00004039E1F9FF17400080520D
:10AD2000E0F300B914FCFF17E25340F9E09340B997
:10AD3000E19300B940C0208BEAFEFF17A022C07942
:10AD400000001A32A0220079B7F5FF17A0000035E5
:10AD50003A008052C80C8052F7031A2AB5FDFF173B
:10AD6000E0AB40B9C80C80520C0400119701072BCE
:10AD7000FA529F1AAFFDFF17E25340F9E09340B932
:10AD8000E19300B940C0208B000040396BF7FF17FA
:10AD9000E25340F9E09340B9E19300B940C0208B01
:10ADA0006DFCFF17E29340B90203F837E03F40F92A
:10ADB000002C009100F07D92E33F40F9E03F00F964
:10ADC00048074039FA0301AAE29300B9670040B985
:10ADD000FF000071F9A09F5A19F4FF17E25340F9E0
:10ADE000E09340B9E19300B940C0208B3BFCFF17D2
:10ADF000E25340F9E09340B9E19300B940C0208BA1
:10AE0000000040B94DF7FF17E09340B90220001150
:10AE1000E03F40F95F0000716D020054002C00918A
:10AE200000F07D92E5FFFF17E25340F9E09340B94F
:10AE3000E19300B940C0208B000040B998F9FF179A
:10AE4000E15F40F9F34F40F981AEFEB575F5FF17AC
:10AE5000E25340F9E09340B9E19300B940C0208B40
:10AE6000C4F8FF17E45340F9E39340B983C0238B40
:10AE7000E33F00F9D1FFFF17A022C079E10319AA2F
:10AE800000001A32A02200798FFEFF17A022C0799D
:10AE9000010080D200001A32A02200798AFEFF173A
:10AEA000FF8B00B9FF9B00B9EDFEFF1763030C8B0E
:10AEB0007FFFFF17000000000000000000000000FE
:10AEC000FF4314D1FD7B00A9FD030091F35301A9B9
:10AED000F30301AA21204079F40303AAE343049178
:10AEE000661A40F921781E12652240F9F55B02A925
:10AEF0006726407964B240B9F60302AA0280805204
:10AF0000F50300AAE0E30391E32F00F9E26700B93B
:10AF1000E1D30079E7D70079E33B00F9E27B00B9A0
:10AF2000FF8300B9E64700F9E54F00F9E40B01B9EA
:10AF300094000094800640ADE20316AAE3C300919A
:10AF4000E1630191E00315AAE08701AD21F3FF97CA
:10AF5000F403002AC000F837E1630191E00315AA69
:10AF6000E4EDFF971F00007194029F5AE0D34079EF
:10AF7000800030366022407900001A326022007969
:10AF8000E07F40F983000094FD7B40A9E003142A90
:10AF9000F35341A9F55B42A9FF431491C0035FD667
:10AFA000FD7BBBA9FD03009123B040B9F76303A962
:10AFB000F80302AA63056836F55B02A9F50300AA47
:10AFC000400840F9F35301A9F40301AAF96B04A95D
:10AFD0005A0040F9C00300B4566740A939FF42D374
:10AFE000F703192A3F030071AD020054130080D209
:10AFF00003000014FF02136B0D020054C17A73B8F2
:10B00000E20314AAE00315AA730600919D0A0094B6
:10B010001F04003101FFFF54F35341A9F55B42A91E
:10B02000F96B44A91F0B00B91F0B00F9F76343A983
:10B03000FD7BC5A8C0035FD6000B40F900C839CB23
:10B04000000B00F95A43009180FCFFB5F35341A96E
:10B0500000008052F55B42A9F96B44A9F2FFFF178B
:10B0600080F1FF971F0B00B91F0B00F9F76343A98D
:10B07000FD7BC5A8C0035FD60000000000000000F3
:10B08000440840F9440000B4C6FFFF170000805296
:10B090005F0800B9C0035FD6000000000000000098
:10B0A000FF4300D13F0000F1E03300910100819A9D
:10B0B000220100B4630100B440004039200000B90F
:10B0C000400040391F000071E0079F1AFF430091C4
:10B0D000C0035FD600008052FF430091C0035FD6DB
:10B0E00020008012FAFFFF1700000000000000009F
:10B0F000FD7BBDA904F00491FD030091F35301A968
:10B10000F30303AA7F0200F1230000B09300939A97
:10B11000F40300AA64C040F9E30313AA210100B4B8
:10B1200080003FD6E103002A207C40933F04003199
:10B1300060010054F35341A9FD7BC3A8C0035FD64F
:10B14000E18300910200805280003FD6E103002A93
:10B15000207C40933F040031E1FEFF547F0200B9A0
:10B1600041118052810200B900008092F35341A93D
:10B17000FD7BC3A8C0035FD60000000000000000F4
:10B18000C0035FD6000000000000000000000000C7
:10B19000C0035FD6000000000000000000000000B7
:10B1A000C0035FD6000000000000000000000000A7
:10B1B000C0035FD600000000000000000000000097
:10B1C000FD7BBDA9FD030091F51300F9610600B4F4
:10B1D000F35301A9F30301AAF40300AA600000B429
:10B1E000012440F9410600B460B240B96122C0793F
:10B1F0000005003701064836E10313AAE00314AA4C
:10B20000BCECFF97F503002A622A40F9C20000B4A3
:10B21000611A40F9E00314AA40003FD61F000071F4
:10B22000B5A29F5A6022407920063837612E40F936
:10B23000E10000B460D201913F0000EB60000054D7
:10B24000E00314AAD7EFFF977F2E00F9613E40F983
:10B25000810000B4E00314AAD2EFFF977F3E00F90B
:10B26000F0EDFF977F22007960B240B9A00300366D
:10B27000605240F9C7FFFF97EEEDFF97F35341A9E6
:10B28000E003152AF51340F9FD7BC3A8C0035FD680
:10B2900041FBFF35F35341A915008052E003152A05
:10B2A000F51340F9FD7BC3A8C0035FD6C1EDFF973E
:10B2B000CEFFFF17605240F9BAFFFF976022C079B6
:10B2C000C0F9FF3560B240B960FE0737605240F9FF
:10B2D00015008052B7FFFF97F35341A9F0FFFF1706
:10B2E000605240F9B3FFFF97E2FFFF17610E40F98C
:10B2F000E00314AAABEFFF97CDFFFF17000000009B
:10B300005F2403D5820600B4258080520502A8720E
:10B31000200C014E03E87B92A50C044E091040F26C
:10B320004A1040920002005461A0DF4C248100D1F9
:10B33000420004AB238C206E448C206E631C254E8F
:10B34000841C254E66BC244EC6BC264EC63C084E08
:10B3500024F97FD3C624C49AC620C49A2902005473
:10B36000C60200B561A0DF4C428000F1238C206E44
:10B37000448C206EA9000054661CA44EC6BCE64E48
:10B38000C63C084E06FFFFB4631C254E841C254EA8
:10B3900066BC244EC6BC264EC63C084EE200005495
:10B3A0004401098B84104092848000D1E40704CBCF
:10B3B000C620C49AC624C49AC600C0DA638000D1ED
:10B3C000DF0000F1C610C0DA6004468BE003809A0B
:10B3D000C0035FD6000080D2C0035FD6000000002B
:10B3E000FD7BBEA9220000B0FD030091F35301A92B
:10B3F000F40300AAF30301AA402441F9600000B459
:10B40000012440F9610700B46222C0796204183651
:10B41000610E40F9C10200B442010036602240B919
:10B420007F0E00B9E003004B602A00B90000805293
:10B43000410100B4F35341A9FD7BC2A8C0035FD60C
:10B440000000805242000837602240B9600E00B907
:10B450000000805201FFFFB5E2FE3F3642001A3283
:10B460000000801262220079F3FFFF170050805223
:10B470004000000A1F00087100FDFF54E10313AAF9
:10B48000E00314AA230000946222C079610E40F9FF
:10B4900082FD0736E2FFFF1702032036C200103795
:10B4A000610E40F942001D326222007961FBFFB556
:10B4B000EFFFFF17612E40F9010100B460D2019146
:10B4C0003F0000EB80000054E00314AA35EFFF9723
:10B4D0006222C0797F2E00F9610E40F9800480124B
:10B4E0004200000A610200F97F0A00B9EEFFFF176F
:10B4F00030EDFF97C5FFFF1720018052800200B991
:10B5000042001A320000801262220079CAFFFF173F
:10B51000FD7BB5A9FD0300912220C079F35301A959
:10B52000F30301AA2201083620DC01912100805298
:10B53000600200F9600E00F9612200B9F35341A9DD
:10B54000FD7BCBA8C0035FD62124C079F40300AAF9
:10B55000F55B02A9F71B00F98103F837E22301919B
:10B56000E80800940003F837E04F40B9168080D215
:10B5700015008152E10316AA000C14121F08407135
:10B58000E00314AAF7179F1A56E9FF97200300B5A6
:10B590006022C0796005483700741E1261DE019197
:10B5A000F55B42A900001F32F71B40F922008052D0
:10B5B000610200F960220079610E00F9622200B98F
:10B5C000DFFFFF176222C0795F0079F2000880D2A6
:10B5D000168080D2D602809AE10316AAE00314AA4C
:10B5E00017008052150080523EE9FF9720FDFFB4FE
:10B5F0006222C079600200F94200193262220079A9
:10B60000600E00F9762200B9170100354200152AB4
:10B6100062220079F35341A9F55B42A9F71B40F977
:10B62000FD7BCBA8C0035FD66126C079E00314AAD6
:10B63000C8080094C00000356222C079F4FFFF17EB
:10B64000F55B42A9F71B40F9BDFFFF176222407965
:10B6500042741E1242000032423C0013ECFFFF17FE
:10B6600000000000000000000000000000000000DA
:10B6700000000000000000000000000000000000CA
:10B680005F2403D52400028B0500028B5F0002F1CA
:10B69000880700545F8000F1C80300545F4000F148
:10B6A000C3000054261C40A98C347FA9061C00A9A5
:10B6B000AC343FA9C0035FD6C2001836260040F95B
:10B6C00087805FF8060000F9A7801FF8C0035FD6E7
:10B6D000C2001036260040B988C05FB8060000B925
:10B6E000A8C01FB8C0035FD6020100B44EFC41D30E
:10B6F000260040398AF05F3828686E380600003925
:10B7000008682E38AAF01F38C0035FD61F2003D563
:10B71000261C40A9282441A98A2C7EA98C347FA903
:10B720005F0001F1E8000054061C00A9082401A9EB
:10B73000AA2C3EA9AC343FA9C0035FD61F2003D575
:10B740002E3C42A9304443A95F8001F1A900005476
:10B75000820C7CA981107DA9A20C3CA9A1103DA955
:10B76000061C00A9082401A90E3C02A9104403A943
:10B77000AA2C3EA9AC343FA9C0035FD61F2003D535
:10B780000E0001CB2EFCFFB4DF0102EBA30400543A
:10B790002C3440A90E0C409203EC7C9221000ECB7D
:10B7A00042000E8B261C41A90C3400A9282442A972
:10B7B0002A2C43A92C34C4A9424002F16901005447
:10B7C000661C01A9261C41A9682402A9282442A9B3
:10B7D0006A2C03A92A2C43A96C3484A92C34C4A94B
:10B7E000420001F1E8FEFF548E3C7CA9661C01A9D1
:10B7F000861C7DA9682402A988247EA96A2C03A935
:10B800008A2C7FA96C3404A9AE3C3CA9A61C3DA996
:10B81000A8243EA9AA2C3FA9C0035FD61F2003D5A8
:10B820008C347FA9AE0C409284000ECB42000ECB2C
:10B83000861C7FA9AC343FA988247EA98A2C7DA9C7
:10B840008C34FCA9A5000ECB420002F16901005422
:10B85000A61C3FA9861C7FA9A8243EA988247EA9EE
:10B86000AA2C3DA98A2C7DA9AC34BCA98C34FCA996
:10B87000420001F1E8FEFF54220C43A9A61C3FA997
:10B88000261C42A9A8243EA9282441A9AA2C3DA9E6
:10B890002A2C40A9AC343CA9020C03A9061C02A91D
:10B8A000082401A90A2C00A9C0035FD600000000EB
:10B8B000FD7BBEA9FD030091023440F9F35301A9B9
:10B8C000F30300AAF403012A420100B4817E4093ED
:10B8D000407861F8E00100B4030040F9437821F8B2
:10B8E0001F0800F9F35341A9FD7BC2A8C0035FD62E
:10B8F000220880D2010180D2DA020094603600F979
:10B90000E20300AA40FEFFB5000080D2F6FFFF1759
:10B9100021008052E00313AA3320D41A210080D2E0
:10B92000627E4093421C009142F47ED3CD0200948B
:10B93000C0FEFFB4144C0129EAFFFF17000000000D
:10B94000C10000B4003440F9220880B9037862F8DD
:10B95000230000F9017822F8C0035FD60000000040
:10B96000FD7BBCA927600091050080D2FD030091FA
:10B97000F35301A9F303032A341440B9F55B02A978
:10B98000F50301AAF60300AAE47865B8833C001227
:10B99000847C1053634C021B663C0012637C105382
:10B9A000830C021BC440030BE47825B8A504009166
:10B9B000737C10539F02056B8CFEFF5413010034FF
:10B9C000A00E40B91F00146B4D010054A0CA348B67
:10B9D00094060011131800B9B41600B9F35341A925
:10B9E000E00315AAF55B42A9FD7BC4A8C0035FD69E
:10B9F000A10A40B9E00316AAF71B00F921040011BF
:10BA0000ACFFFF97F70300AA600200B4A21680B94A
:10BA1000A1420091004000914208009142F47ED37F
:10BA200018FFFF97C03640F9A10A80B9027861F883
:10BA3000A20200F9157821F8F50317AAA0CA348BE1
:10BA400094060011F71B40F9131800B9B41600B999
:10BA5000E3FFFF17030000F0000000F063001F91F8
:10BA600000601F91020080D24117805201E5FF97CC
:10BA7000E103002AE2FF9F52000080523F00026B68
:10BA800068000054213C10530002805202E0BF12B3
:10BA90003F00026B6800005400200011215C185325
:10BAA0000200BE123F00026B68000054001000113B
:10BAB000216C1C530200B8123F00026B8900005435
:10BAC000E103212A007C410BC0035FD622741E5380
:10BAD000C100E8375F0062F2000C001101048052DF
:10BAE0000010811AC0035FD600080011C0035FD6A2
:10BAF000E20300AA00008052410040B93F0840F232
:10BB0000E0000054A1000037A1030836217C015356
:10BB100020008052410000B9C0035FD63F3C007254
:10BB200061000054217C1053000280523F1C0072BF
:10BB30006100005400200011217C08533F0C40F2AA
:10BB40006100005400100011217C04533F0440F2B6
:10BB50006100005400080011217C0253810000376D
:10BB600000040011217C015361000034410000B940
:10BB7000C0035FD600048052C0035FD6217C02530D
:10BB800040008052410000B9C0035FD600000000B1
:10BB9000FD7BBEA9FD030091023440F9F35301A9D6
:10BBA000F30300AAF403012A820100B4400440F91F
:10BBB000E00200B4010040F9410400F9010000F086
:10BBC000141800B9F35341A9206047FD000800FD97
:10BBD000FD7BC2A8C0035FD6220880D2010180D2BB
:10BBE00020020094603600F9E20300AA00FEFFB5CF
:10BBF000030000F0000000F063001F9100601F913F
:10BC0000020080D2A12880529AE4FF97E00313AA91
:10BC1000820480D2210080D212020094A0FEFFB4E0
:10BC2000010000F0141800B9F35341A9205C47FD4E
:10BC3000010000F0000400FD206047FD000800FD49
:10BC4000FD7BC2A8C0035FD600000000000000001A
:10BC5000FD7BBCA9FD030091F55B02A9F50301AAD8
:10BC6000361440B9F71B00F9571440B9F35301A932
:10BC7000F40302AADF02176BEB000054E203172A59
:10BC8000E10314AAF703162AF40315AAF603022AFD
:10BC9000F50301AA810A4129F302160B5F00136B19
:10BCA00021A4811A03FFFF97800B00B40760009165
:10BCB000E8C8338BE30307AAFF0008EB82000054B7
:10BCC0007F4400B81F0103EBC8FFFF54A662009138
:10BCD0008B620091C9C8368B65C9378BDF0009EBD1
:10BCE00022080054AA0014CB946600914A6500D142
:10BCF000810080D24AF57E92BF0014EB4A01018B8D
:10BD00004A21819A07000014637C1053C303003555
:10BD1000C6100091E71000913F0106EB4906005460
:10BD2000C30040B96D3C007200FFFF54EC0307AA4A
:10BD3000E4030BAA0E008052814440B8830140B94D
:10BD4000223C00126F3C0012217C1053637C105384
:10BD5000423C0D1B210C0D1B42000E0B2140420BDF
:10BD6000223C1033824500B82E7C1053BF0004EBF8
:10BD700048FEFF54EE682AB8C30040B9637C1053F4
:10BD800083FCFF34E10040B9ED0307AAE4030BAAEA
:10BD90000E008052EC03012A820040794238031BD6
:10BDA00042404C0B413C1033A14500B8814440B89F
:10BDB000AC0140B9217C10538E3D00122138031B89
:10BDC0002140420B2E7C1053BF0004EB68FEFF5451
:10BDD000C6100091E1682AB8E71000913F0106EB18
:10BDE00008FAFF547F0200718C0000540500001413
:10BDF000730600716000005401CD5FB8A1FFFF34ED
:10BE0000F55B42A9F71B40F9131400B9F35341A99C
:10BE1000FD7BC4A8C0035FD6030000F0000000F063
:10BE200063001F9100601F91020080D2412C80525C
:10BE300010E4FF9700000000000000000000000078
:10BE4000FD7BBDA9FD030091F35301A9F303022A71
:10BE500042040072F55B02A9F60300AAF50301AAE9
:10BE6000C1040054737E0213F3020034D43240F94B
:10BE7000540500B4F3000037737E011353020034FD
:10BE8000800240F9A00200B4F40300AA73FF073651
:10BE9000E20314AAE10315AAE00316AA6DFFFF97B7
:10BEA000D50000B4C13640F9A20A80B9237862F8FF
:10BEB000A30200F9357822F8F50300AA737E011376
:10BEC00013FEFF35F35341A9E00315AAF55B42A920
:10BED000FD7BC3A8C0035FD6E20314AAE10314AA42
:10BEE000E00316AA5BFFFF97800200F9F40300AAA3
:10BEF0001F0000F9E6FFFF1742040051040000F0A4
:10BF000084C036910300805282D862B895FEFF97B4
:10BF1000F50300AAD4FFFF17E00316AA2100805200
:10BF200064FEFF97F40300AAE00000B4200080D272
:10BF3000204EC0F2804201F8D43200F99F0200F98D
:10BF4000CDFFFF17030000F0000000F063001F9119
:10BF500000601F91020080D2A1288052C5E3FF97A4
:10BF6000FD7BBCA9FD030091F76303A9587C051371
:10BF7000371440B9230C40B91703170BF35301A929
:10BF8000F40301AAF55B02A9F5060011210840B9E6
:10BF9000F303022AF60300AABF02036BAD000054AC
:10BFA00063781F5321040011BF02036BACFFFF54E1
:10BFB000E00316AA3FFEFF97A00700B405600091BA
:10BFC0001F0300712D010054041B0011E30305AA97
:10BFD00004C8248B1F2003D57F4400B87F0004EBE6
:10BFE000C1FFFF54A548388B861680B98362009143
:10BFF000671200726608068B8004005408048052A1
:10C00000E10305AA0801074B040080521F2003D555
:10C01000620040B94220C71A4200042A224400B8F4
:10C02000644440B88424C81ADF0003EB28FFFF549F
:10C03000C10014CB82660091216400D1DF0002EBC5
:10C0400021F47E92820080D22100028B2120829AEC
:10C05000A46821B844000035F503172AC13640F919
:10C06000820A80B9F76343A9237862F8151400B9EE
:10C07000F55B42A9830200F9347822F8F35341A911
:10C08000FD7BC4A8C0035FD6614440B8A14400B89A
:10C09000DF0003EB29FEFF54614440B8A14400B81F
:10C0A000DF0003EB28FFFF54ECFFFF17030000D075
:10C0B000000000D063001F9100601F91020080D239
:10C0C000C13B80526BE3FF970000000000000000BE
:10C0D000221440B9E50300AA001440B90000026B25
:10C0E000E1010054437C7E93A560009121600091A2
:10C0F000A200038B2100038B03000014BF0002EB9E
:10C10000E200005444CC5FB823CC5FB89F00036BBF
:10C1100060FFFF540000801200349F1AC0035FD6F6
:10C12000FD7BBDA9FD030091F35301A9F30301AA0F
:10C13000F40302AA211440B9421440B9F51300F9DE
:10C140002100026B41020035427C7E9361620091C6
:10C15000846200912300028B8400028B0300001490
:10C160003F0003EB620A005466CC5FB885CC5FB831
:10C17000DF00056B60FFFF54E10314AAF5279F1A47
:10C180009432939A7332819A05000014E10314AA41
:10C19000F5579F1A9442939A7342819A810A40B943
:10C1A000C4FDFF97000B00B4681680B98962009146
:10C1B000871640B9626200910B600091050380D23E
:10C1C0004808088B010080522AC9278B151000B936
:10C1D000866A65B8646A65B8C33C0012C67C1053B1
:10C1E0006320244BC440444B6300010B8440830B09
:10C1F000833C1033036825B8A5100091817C10138F
:10C200006402058B1F0104EB48FEFF54040113CBAD
:10C2100062660091846400D11F0102EBE6379F1A29
:10C22000880080D282FC42D3DF0000714504009177
:10C23000A5F47ED3A510889A2801058B6501058B8E
:10C240005F0108EB890400544A0500D1040080D244
:10C250004A0108CB49FD42D3027964B83F0104EB9F
:10C260004300010B2120220B427C10534140810BE3
:10C27000233C1033A37824B8217C1013840400914C
:10C28000C1FEFF544AF57E92A1000A8B830000355F
:10C2900022CC5FB8E7040051C2FFFF34071400B995
:10C2A000F35341A9F51340F9FD7BC3A8C0035FD642
:10C2B000010080527FFDFF97800100B4210080D2F1
:10C2C000014001F8F35341A9F51340F9FD7BC3A8E0
:10C2D000C0035FD642F47ED3DF00007142109F9A04
:10C2E0006101028BEAFFFF17030000D0000000D0BD
:10C2F00063001F9100601F91020080D2E1468052CE
:10C30000DCE2FF97030000D0000000D063001F9123
:10C3100000601F91020080D2A1488052D5E2FF97B1
:10C32000FD7BBCA9FD030091E81300FD0840601EE1
:10C33000F35301A9F40301AAF30302AA21008052D6
:10C340005CFDFF97E00700B40301669EE40300AACA
:10C3500065F874D360CC60D301000C32BF0000716B
:10C360002010801AE03F00B983020035E0F300910D
:10C37000E0FDFF97E13F40B923008052831400B9EC
:10C3800000800011811800B9A5030034A5CC10511C
:10C39000E81340FDA500000B850200B9A3068052FA
:10C3A0006300004B630200B9E00304AAF35341A900
:10C3B000FD7BC4A8C0035FD6E0E30091E83B00BD6D
:10C3C000CCFDFF97E13F40B980030034E33B40B927
:10C3D000E203004B2220C21A4200032A2124C01A81
:10C3E000E13F00B93F00007182040329E3079F1A6F
:10C3F00063040011831400B9A5FCFF35610080922D
:10C4000000C8105121C8238B800200B98000018B25
:10C4100063681B53001840B996FDFF97E81340FD71
:10C420006300004B630200B9F35341A9E00304AA7F
:10C43000FD7BC4A8C0035FD6E23B40B9EAFFFF170B
:10C44000030000D0000000D063001F9100601F9126
:10C45000020080D2E161805286E2FF970000000076
:10C46000FD7BBEA9237CC29B217C029BFD03009126
:10C47000F30B00F9630400B59AE5FF97F30300AAF4
:10C48000600400B402805FF842F47E92422000D142
:10C490005F2001F1C80100545F9C00F1C900005405
:10C4A0000004004F0040009100009F3C5FDC00F161
:10C4B000A80100541F7C00A91F0800F9E00313AA7B
:10C4C000F30B40F9FD7BC2A8C0035FD60100805288
:10C4D0005CE9FF97E00313AAF30B40F9FD7BC2A8C8
:10C4E000C0035FD66006803D608200915F2001F14D
:10C4F00021FEFF5460C20091600A803DEEFFFF17ED
:10C5000074E5FF9781018052010000B9130080D2C9
:10C51000E00313AAF30B40F9FD7BC2A8C0035FD66A
:10C52000E50304AAE40303AA030080923906001479
:10C53000FD7BBCA9FD030091F35301A9341440B95C
:10C54000F76303A9F80300AA001440B91F00146B95
:10C550008B0B0054940600513360009117630091D7
:10C56000F55B02A98A7E4093807E7E937602008BE3
:10C57000EB02008B627A6AB8E37A6AB8420400116F
:10C580007508C21A7F00026BC3040054E70313AAA4
:10C59000E60317AA09008052080080521F2003D525
:10C5A000E34440B8C40040B9653C0012637C1053BA
:10C5B000823C0012A524151BA97C10534220254B58
:10C5C0004200080B6324151B407C10130020234BF2
:10C5D000697C10530340440B623C1033C24400B8E2
:10C5E000687C1013DF0207EBC2FDFF54E07A6AB8E3
:10C5F00080010035601100D1FF0200EBA300005460
:10C600000700001494060051FF0200EB8200005462
:10C61000020040B9001000D162FFFF34141700B9C6
:10C62000E00318AAABFEFF970004F837E00317AA4F
:10C63000040080521F2003D5634640B8020040B971
:10C64000413C00122120234B2100040B247C1013B9
:10C650008340434B6240420B413C1033014400B8DD
:10C66000447C1013DF0213EB82FEFF54E1DA74B84E
:10C67000E0CA348B81010035001000D11F0017EB98
:10C68000A80000540700001494060051FF0200EBBC
:10C6900082000054010040B9001000D161FFFF3456
:10C6A000141700B9B5060011F35341A9E003152A88
:10C6B000F55B42A9F76343A9FD7BC4A8C0035FD61D
:10C6C000F35341A900008052F76343A9FD7BC4A83E
:10C6D000C0035FD600000000000000000000000062
:10C6E000FD7BB4A9FD030091062840F9F35301A98D
:10C6F000F30300AAF55B02A9F40304AAF76303A9F4
:10C70000F703012AF80305AAF96B04A9FA03022A20
:10C71000FB7305A91C00669EE34300F9E827066D3C
:10C720000840601E060100B4035840B92200805240
:10C73000E10306AA4220C31AC308012981FCFF971E
:10C740007F2A00F90001669E0941601E01008052A7
:10C7500000FC60D3F503002AA000F836157800121B
:10C7600021008052BC7E60B38903679EA22A0C120E
:10C77000810200B900FEAF525F00006B800E0054D2
:10C780002821601E61020054E14340F920008052DC
:10C79000200000B9980000B4000000D000E41E9111
:10C7A000000300F9170000D0F7E21E91F35341A9EE
:10C7B000E00317AAF55B42A9F76343A9F96B44A903
:10C7C000FB7345A9E827466DFD7BCCA8C0035FD667
:10C7D0002041601EE2E30291E1F30291E00313AA1B
:10C7E000D0FEFF97F40300AAA07E1453A00C0035DE
:10C7F000E30757290001669E6100010B22C8101152
:10C800005F800071AD2E005425481011040880523D
:10C810008200024B0024C51AB522C21AA002002AC7
:10C820000000631E2004005121008052E1A700B9DE
:10C8300004C2BF520200669E41FC60D32100040B7B
:10C84000227C60B34200679E01106F1E010000D081
:10C850000300621E4138611E246447FD010000D0C0
:10C86000206847FD010000D02000441F226C47FDD6
:10C870006000421F1820601E0500781E442A0054E4
:10C880006000004B06040051BF5800710828005496
:10C89000010000D021C0379120D865FC1020691E0E
:10C8A0002C2D0054FFA300B9070080521F00007117
:10C8B0008C00005427008052E700004B0600805295
:10C8C000C600050B1B008052E58B00B9FF260071E6
:10C8D00068070054FF1600716D280054F7120051CC
:10C8E00019008052FF0E0071605900542D2F005422
:10C8F000FF120071A12D005420008052E07B00B98E
:10C900005F0300716D530054F5031A2AE0031A2ADD
:10C91000FAAB00B9047C40931F7C0071CD05005434
:10C92000230080528200805242781F53E103032A81
:10C9300063040011407C4093007000911F0004EBE1
:10C9400049FFFF54615A00B926000014E14340F941
:10C95000E0E18452200000B92001669E1FCC40F225
:10C9600001020054170000D0186200B4000000D08B
:10C97000F7E2209100002191000300F98CFFFF17DE
:10C980002201669EE3BB40B900FC0F51FFA700B92E
:10C9900041CC60D321240C32227C60B3AAFFFF1764
:10C9A000170000D0F85F00B4000000D0F7222191FA
:10C9B000002C2191000300F97DFFFF173900805200
:10C9C00017008052150080121A008052F97B00B9BE
:10C9D000F5AB00B9010080527F5A00B91F2003D582
:10C9E000E00313AAE79B1129E59B00B9B1FBFF9770
:10C9F000E79B5129F60300AAE59B40B9C07200B439
:10CA0000BF3A0071762A00F9E0879F1AE303152ADE
:10CA10000400190A1F00196AE00A0054E08B40B9AB
:10CA20001F0000716D440054E403002A010000D08F
:10CA3000E00304AA21C03791020C4092807C0413C9
:10CA4000207862FCE10304AA014E4036010000D0C8
:10CA5000000C00126200805221F046FD2119611E77
:10CA600060010034010000D0210037911F2003D560
:10CA700080000036220040FD420400110008621EC2
:10CA8000007C01132120009140FFFF352118601E1A
:10CA9000E0A340B98000003400106E1E3020601EFC
:10CAA000C45400544200621E0090631E0298BF529C
:10CAB0004000411F0000669E01FC60D32100020B74
:10CAC000207C60B3153E0034FC8B40B9E403152A8A
:10CAD0002100781E0200679E82040051080000D0E9
:10CAE00008C13791C90600912000621E20C00011C4
:10CAF000E17B40B9001C001203D962FC2138601EA2
:10CB0000E148003400106C1EC00200390018631E9A
:10CB10000038621E1020611E4C68005422008052B2
:10CB2000E00309AA4200094B04106E1E0390641E24
:10CB30000A0000142108631E0008631E2100781EED
:10CB40002200621E21C00011011400382138621E2B
:10CB50003020601E245E00548238611E5020601E0A
:10CB6000C41700544100000B3F00046B4BFEFF5400
:10CB70003C01669EE0BF40B9E18B40B91F000071E7
:10CB800020A84E7A6D3D0054E17B40B9813C0034D1
:10CB9000FF0600716D4F0054A30600517F03036B25
:10CBA0000B520054E000154BE08F00B96303034BB8
:10CBB000755EF836E00313AA21008052E79300B9AE
:10CBC000E69B00B9E5A700B9E3AF00B9F1FBFF9719
:10CBD000E79340B9F90300AAE69B40B9E5A740B93D
:10CBE000E3AF40B9E18F40B93F000071C4C8407A5B
:10CBF000ED0000543F00066B20D0861AE700004B82
:10CC0000C600004B2100004BE18F00B9FB0100344E
:10CC1000E07B40B9E04C003483510035E10314AAB5
:10CC2000E2031B2AE00313AAE79300B9E69B00B9CD
:10CC3000E5A700B983FCFF97E79340B9F40300AA86
:10CC4000E69B40B9E5A740B9E00313AA2100805252
:10CC5000E79300B9E69B00B9E5A700B9CDFBFF97C4
:10CC6000E5A740B9FB0300AAE79340B9E69B40B9AA
:10CC700065380035FF0600718D1C0054200080527D
:10CC8000C000000B001000720031005401048052FB
:10CC90002100004B3F1000712D440054810380524D
:10CCA0002000004BE18F40B9E700000BC600000BED
:10CCB0002100000BE18F00B9FF0000714D0100540D
:10CCC000E10314AAE203072AE00313AAE69300B9DA
:10CCD000E59B00B9A3FCFF97E69340B9F40300AAD3
:10CCE000E59B40B9DF0000710D010054E1031BAA70
:10CCF000E203062AE00313AAE59300B999FCFF9723
:10CD0000FB0300AAE59340B9E0A340B9FF0A007114
:10CD1000E4D79F1AE0180035BF02007184D8407A2A
:10CD2000E00D00549527003503008052A200805288
:10CD3000E1031BAAE00313AA0AFBFF97FB0300AA67
:10CD4000E1031BAAE00314AAF70316AAE1FCFF976C
:10CD50001F0000710D260054E08B40B9D6060091EB
:10CD60001C04001120068052E0020039E1031BAAD6
:10CD7000E00313AAF3FAFF97590800B4E10319AAD4
:10CD8000E00313AAEFFAFF973E000014210080523F
:10CD9000E1A300B907008052E600F83725D9FF3635
:10CDA000E700054BFB03054BE58B00B905008052FE
:10CDB000C7FEFF172700805206008052E700004B95
:10CDC000F7FFFF17A100621E2020601EE1079F1AD7
:10CDD000A500014BABFEFF17E203024B0020C21A75
:10CDE00090FEFF1739008052FF0E00714031005451
:10CDF0000CD8FF54FF0A0071C05300547F5A00B989
:10CE0000E00313AA01008052E77B00B9E6971129DD
:10CE1000A8FAFF97E77B40B9F60300AAE6975129E5
:10CE2000A05100B4000080121A008052E303002ACF
:10CE3000F503002A762A00F9F97B00B9E0AB00B9C6
:10CE40004DFFFF17A5040051FFA300B9D2FFFF1744
:10CE50001F0016EBA0420054E20300AA01FC5F3859
:10CE60003FE4007160FFFF5421040011211C0012F7
:10CE7000F70316AAF60302AA010000391F2003D502
:10CE8000E10314AAE00313AAAEFAFF97DF02003908
:10CE9000E14340F980070011200000B998C8FFB4B1
:10CEA000160300F942FEFF1720008052B70080529F
:10CEB000E07B00B9E08B40B94003000BE0AB00B968
:10CEC00015040011BF020071A0C69F1A92FEFF1741
:10CED00057008052FF7B00B98AFEFF17E07B40B904
:10CEE000000E0034E28F40B95F000071ED00005485
:10CEF000E10319AAE00313AAE57B00B919FCFF9727
:10CF0000E57B40B9F90300AAF93F00F9453E003539
:10CF1000D5C2358B80030012F64B00F9E0A700B9AB
:10CF2000E1031BAAE00314AA82FDFF971AC00011B7
:10CF3000E10319AAE0A300B9E00314AA65FCFF9776
:10CF4000E23F40F9E1031BAAE08F00B9E00313AA16
:10CF500074FCFF97E10300AA001040B9801100356E
:10CF6000E00314AAE14F00F95AFCFF97E203002AFC
:10CF7000E14F40F9E00313AAE29B00B971FAFF9771
:10CF8000E29B40B9E002022AC0140035E0A740B994
:10CF9000E03F0034E08F40B96012F837E04B40F9D1
:10CFA0001A140038E04B00F9BF0200EB003D0054BA
:10CFB000E10314AA0300805242018052E00313AA45
:10CFC00068FAFF97F40300AAE03F40F9E10319AAC9
:10CFD00003008052420180523F0300EBE00313AA9A
:10CFE000E01000545FFAFF97F90300AAE13F40F90F
:10CFF000E00313AA030080524201805259FAFF97BE
:10D00000E03F00F9C7FFFF179FCF40F281E3FF54D5
:10D0100080FF60D31F286CF220E3FF54250080526C
:10D02000E7040011C6040011E003052A15FFFF17ED
:10D03000E1031BAAE00314AAE59300B9E49B00B93D
:10D0400024FCFF97E59340B9E49B40B960E6FF36C6
:10D05000E08B40B9E10314AA0300805242018052E0
:10D0600000040051E08B00B9E00313AAE59300B976
:10D07000E49B00B93BFAFF97F40300AAE07B40B9B8
:10D08000E59340B9E49B40B9E0390035E0AB40B9E5
:10D090001F000071F503002A84D8407A41E4FF5450
:10D0A000170080D207000014E10314AAE00313AABA
:10D0B00003008052420180522AFAFF97F40300AA2B
:10D0C000E1031BAAE00314AA1AFDFF971AC000117E
:10D0D000DA6A3738F7060091BF02176B6CFEFF540F
:10D0E000BF020071B5060051200080D215D4959A78
:10D0F000D502158B170080D222008052E10314AABA
:10D10000E00313AA97FBFF97E1031BAAF40300AA0D
:10D11000F0FBFF971F0000718C0000543D010014CC
:10D12000BF0216EB80280054E20315AAB50600D111
:10D1300040F05F381FE4007140FFFF54FC8B40B9A2
:10D1400000040011A0020039E1031BAAE00313AAA6
:10D15000E23F00F9FBF9FF97E23F40F9B91D00B447
:10D16000FF0200F1E41259FAC0000054E10317AACB
:10D17000E00313AAE23F00F9F2F9FF97E23F40F91A
:10D18000F70316AAF60302AAFDFEFF17E00313AA8F
:10D19000ECF9FF97E08F40B9C000F837E08F40B955
:10D1A0009C030012E002002A9C03002ABC04003504
:10D1B00022008052E10314AAE00313AA69FBFF973F
:10D1C000E1031BAAF40300AAC2FBFF971F00007132
:10D1D0008D3100545FE70071002C0054E0A340B98A
:10D1E0001AC40011E24B40F9F70319AAF93F40F9BC
:10D1F000FC8B40B95A140038D4FFFF17D9F9FF97B8
:10D20000F90300AAE03F00F946FFFF171B0080D298
:10D21000190080D2FC033A2AF70316AAD4FEFF179E
:10D22000E08F40B94030F837E1A740B9E002002A6A
:10D230002000002AC02F00345F0000710DEBFF5466
:10D240005FE70071A0280054E24B40F95A07001133
:10D25000F70319AAFC8B40B9F93F40F95A1400387A
:10D26000BAFFFF174200621E0090631E0298BF5271
:10D270004000411F0000669E01FC60D32100020BAC
:10D28000207C60B30290621E0000679E2138621EFF
:10D290003020601E6C0600540040611E3020601E6D
:10D2A00064FBFF5433FEFF17800380527EFEFF179E
:10D2B000E0130054E08B40B9010000B021C0379169
:10D2C000E003004B020C4092007C0413227862FCC5
:10D2D0002209621EC02900344140601E010000B0D6
:10D2E0002100379108008052420080521F2003D550
:10D2F000A0000036200040FD42040011E803042A8B
:10D300002108601E007C01132120009120FFFF35C1
:10D310001F010071211C621EDEFDFF17E3031B2AA3
:10D32000190080D2FF7B00B9E78F00B92EFEFF17EE
:10D33000000000B000C037915F030071A0BA407ACE
:10D3400001D861FCEC15005435F6FF350090621EE3
:10D350002108601E8003679E3020601E8AF5FF54FE
:10D36000F70316AA1B0080D2190080D27BFEFF179C
:10D370003A008052F5031A2A96FDFF17E10300AA2E
:10D38000E203052AE00313AAE79300B9E69B00B97C
:10D39000ACFAFF97E79340B9FB0300AAE69B40B9BC
:10D3A000FF0600710D02005405008052601740B95D
:10D3B000E79300B900040051E69B00B9E5A700B966
:10D3C00060CB208B001840B9AAF9FF970104805266
:10D3D000E79340B9E69B40B92000004BE5A740B970
:10D3E00028FEFF179FCF40F201FEFF5480FF60D35D
:10D3F0001F286CF2A0FDFF54E7040011C6040011C1
:10D4000025008052EAFFFF172141601E4200805232
:10D4100094FDFF17FF7B00B9A7FEFF17C00200397C
:10D420004208631EC042248BE20309AA0390641ED3
:10D430009F040071401C00542108631E2100781EC7
:10D440002000621E21C00011411400382138601EE6
:10D450001F0002EB21FFFF5400106C1E4328601ECA
:10D460007020611EA4CFFF540038621E1020611E80
:10D470008C040054E0BF40B93C01669E1F0000715F
:10D48000E08B40B900A84E7AACF4FF54E08B40B971
:10D49000F70316AAF60309AA01D960FC2019611E38
:10D4A00060040051C002008B0390641E0100781ECE
:10D4B0002000621E22C00011E202003900A4411FB8
:10D4C000BF06007141010054970000140218611E4C
:10D4D0004100781E2200621E22C00011C2160038D0
:10D4E0004080411F1F0016EB001200540008631E0D
:10D4F0000820601EC1FEFF54FC8B40B961FEFF177F
:10D50000E20300AA01FC5F383FC00071A0FFFF5496
:10D51000F70316AAF60302AA5AFEFF1781078052E4
:10D520002000004BA0BCFF54DFFDFF172141601E0F
:10D530004200805257FDFF1775E9FF34E4AB40B954
:10D540009F0000716DB1FF54420400110390641EEE
:10D550000090631EE08B40B94200621E2108631EEA
:10D560001C0400510898BF522000421F0000669E14
:10D5700001FC60D32100080B207C60B355FDFF1730
:10D58000E1A740B98109003400CC1011E3031B2A44
:10D59000C600000BE78F00B9E700000B86FDFF1700
:10D5A000F722219182FCFF17F7E2209180FCFF1700
:10D5B000E10314AAE2031B2AE00313AAE79300B9CC
:10D5C000E69B00B9E5A700B91EFAFF97E79340B9BB
:10D5D000F40300AAE69B40B9E5A740B99BFDFF17FD
:10D5E00060001B4BC600150BFB03032AA500000BB4
:10D5F00003008052E78F00B9A702070B6EFDFF17EB
:10D60000F70316AA8903679ED6060091A4FFFF17A9
:10D6100041000054BAD80737E20315AAB50600D175
:10D6200040F05F381FC0007180FFFF54FC8B40B991
:10D63000C6FEFF17E08B40B91C0400112006805283
:10D64000C0020039C1FEFF17E203032AE10319AA51
:10D65000E00313AAE39300B9E79B00B9E6A700B97A
:10D66000E5AF00B9F7F9FF97E20314AAF90300AA9E
:10D67000E10319AAE00313AA76F9FF97E10314AABC
:10D68000F40300AAE00313AAAEF8FF97E39340B9AE
:10D69000E79B40B9E6A740B97B03036BE5AF40B910
:10D6A00040ADFF545EFDFF179C070011210680521C
:10D6B000F0FDFF17E1BB40B9C0068052E3031B2A0F
:10D6C000E78F00B90000014BC600000BE700000B1C
:10D6D00039FDFF17210B40B9E00313AA75F8FF9736
:10D6E000FA0300AAA00A00B4221780B921430091CE
:10D6F000004000914208009142F47ED3E1F7FF9789
:10D70000E1031AAAE00313AA2200805215FAFF9738
:10D71000E03F00F9FFFDFF17F70316AAF60300AA82
:10D72000D8FDFF17E00316AA0028601E1020611E16
:10D730000C0200540020611E41000054A10100377A
:10D74000FC8B40B9F60300AACEFDFF17F70319AA18
:10D75000F93F40F969FEFF17F54B40F9F70319AAA5
:10D76000F93F40F920078052A01600386FFEFF17DE
:10D77000FC8B40B9F60317AAB8FDFF17C600150BBE
:10D78000E78F00B9A702070B0BFDFF175FE70071DA
:10D7900040FEFF54E24B40F9F70319AAFC07512958
:10D7A000E0A340B93F00007100C40011F93F40F907
:10D7B0001AC09A1A5A14003864FEFF17E00309AA27
:10D7C00026FFFF17E10319AAE00313AA0300805202
:10D7D00042018052E57B00B9E49300B961F8FF97FC
:10D7E000F5AB40B9F90300AAE49340B9BF02007158
:10D7F00084D8407A21010054E57B40B9BAFDFF1777
:10D8000021CFFF549ACE073777FEFF174140601EA5
:10D81000420080529FFCFF17F5AB40B942FDFF1755
:10D82000F70316AAF60309AA96FDFF175F00007119
:10D830000CCCFF546CFEFF17030000B0000000B0DA
:10D8400063001F9100402191020080D2E15D80526F
:10D8500088DDFF97030000B0000000B063001F9157
:10D8600000402191020080D2E135805281DDFF9796
:10D87000FF7B00B923FCFF17000000000000000040
:10D880000200669E1F0000B90402B01241F860D386
:10D8900043FC60D33F00046BE80200542200022ADC
:10D8A000A2020034040080527F286CF2210100544F
:10D8B000016AE8D22100679EA40680120008611E5A
:10D8C0000100669E21FC60D3E303012A2178001247
:10D8D0000200669E63500112217C141363200B32F8
:10D8E00021F80F512100040B010000B9627C60B3E4
:10D8F0004000679EC0035FD60000000000000000EB
:10D90000FD7BBEA9FD030091F35301A9340000F093
:10D91000F30300AA9F520AB9E003012AE10302AA15
:10D9200008D4FF971F04003180000054F35341A92D
:10D93000FD7BC2A8C0035FD681524AB981FFFF3484
:10D94000610200B9F35341A9FD7BC2A8C0035FD6B1
:10D95000FD7BBEA9FD030091F35301A9340000F043
:10D96000F30300AA9F520AB9E003012A01D4FF97EA
:10D970001F04003180000054F35341A9FD7BC2A86D
:10D98000C0035FD681524AB981FFFF34610200B9FA
:10D99000F35341A9FD7BC2A8C0035FD6000000007D
:10D9A000FD7BBCA9FD030091F35301A9F403012AF7
:10D9B000F30302AAF51300F9F50300AA49E2FF9761
:10D9C0001F04007181000054800600511FF803718C
:10D9D000A904005463A20291E203142AE1E3009136
:10D9E000E00315AAC3F5FF971F0400B1000400541B
:10D9F000C00100B4630E40B9E1E340396304005153
:10DA0000630E00B9A300F836642A40B97F00046BA6
:10DA100024A84A7A40010054630240F9640400914A
:10DA2000640200F961000039F51340F9E003142A9B
:10DA3000F35341A9FD7BC4A8C0035FD6E20313AA38
:10DA4000E00315AA370000941F040031E1FEFF54E3
:10DA500000008012F35341A9F51340F9FD7BC4A8DF
:10DA6000C0035FD6F4E30039E3FFFF17602240797B
:10DA700000001A326022007900008012F6FFFF17C2
:10DA8000FD7BBDA9FD030091F35301A9F40300AA96
:10DA900040B040B9F30302AA4220C07940000037E9
:10DAA00022034836C200683760B240B942001332E0
:10DAB000622200790000133260B200B9E00314AAB8
:10DAC000E20313AAB7FFFF97F403002A61B240B93B
:10DAD0006100003760224079A0004836E003142A34
:10DAE000F35341A9FD7BC3A8C0035FD6605240F940
:10DAF000B0F5FF97E003142AF35341A9FD7BC3A8B7
:10DB0000C0035FD6605240F9E12F00B9A5F5FF9739
:10DB10006222C079E12F40B9E3FFFF170000000047
:10DB2000FD7BBDA9FD030091F35301A9F403012A74
:10DB3000F30302AAF55B02A9F50300AA600000B492
:10DB4000012440F9610800B46022C079612A40B91B
:10DB5000610E00B9E0031836610E40F9A10300B46C
:10DB6000961E0012941E001260046836600240F98E
:10DB7000622240B9010001CB5F00016B0D0500542A
:10DB800021040011620E40B903040091630200F900
:10DB900042040051620E00B916000039602240B9FB
:10DBA0001F00016BA00400549F2A0071602240797D
:10DBB000E1179F1A3F00006A01040054F55B42A977
:10DBC000E003142AF35341A9FD7BC3A8C0035FD629
:10DBD000E10313AAE00315AA02F6FF9760030035DC
:10DBE0006022C079961E0012610E40F9941E001248
:10DBF000E0FB6F3762B240B9000013326022007957
:10DC00004078121260B200B9600240F9622240B955
:10DC1000010001CB5F00016B4CFBFF54E10313AA31
:10DC2000E00315AAB3E2FF9700010035600240F956
:10DC300021008052D4FFFF17E10313AAE00315AAC5
:10DC4000ACE2FF97C0FBFF3414008012DCFFFF172B
:10DC500058E3FF97BDFFFF17000000000000000021
:10DC6000FD7BB8A9BF0000F1FD030091F35301A9AA
:10DC7000F40300AA00100591F55B02A9F60302AABD
:10DC8000F50301AAF76303A9F70306AAF96B04A930
:10DC90001900859AFB7305A95C0040F9010900B4DD
:10DCA000F30304AA840A00B47A0400D1430A00B43E
:10DCB0001B0080D2F53700F90A000014F50300B507
:10DCC000804740B8400600349F0013EB820900549F
:10DCD0005A0700D1FB0304AA5F0700B1E00100541A
:10DCE000E47240F9E30319AA820340B9E1C3019148
:10DCF000380340F9E00314AA80003FD61F04003126
:10DD000020060054017C409324001B8B9F0013EBE2
:10DD100069FDFF54380300F9F35341A9E0031BAA3E
:10DD2000F55B42A9F76343A9F96B44A9FB7345A9C5
:10DD3000FD7BC8A8C0035FD61F000071ED01005431
:10DD4000E23740F9270080D2430400D11F2003D5D9
:10DD5000E2C301913F0007EB4200078B42F05F38BE
:10DD600062682738E704009141FFFF54E13740F92A
:10DD70002040208BE03700F9C00240F900100091EC
:10DD8000C00200F9804740B800FAFF35550000B4E2
:10DD9000DF0200F93F0300B99B0400D1F35341A90E
:10DDA000E0031BAAF55B42A9F76343A9F96B44A9F9
:10DDB000FB7345A9FD7BC8A8C0035FD61300809202
:10DDC000BAFFFF1740118052800200B93F0300B92B
:10DDD0001B008092F35341A9E0031BAAF55B42A903
:10DDE000F76343A9F96B44A9FB7345A9FD7BC8A858
:10DDF000C0035FD61B0080D2C8FFFF17FB0304AA35
:10DE0000C6FFFF1700000000000000000000000037
:10DE1000000000F0060000F0C6800291002441F9E5
:10DE200090FFFF170000000000000000000000004D
:10DE3000FD7BBEA90200669E0300AE9EFD0300911D
:10DE4000F30B00F904443BD5E00303AA61FC7FD344
:10DE500063F870D3E50301AA00BC7DD36704009189
:10DE6000261C0012E80301AA00F442AA41F07DD367
:10DE7000FF347FF220090054E77F87926300078B0D
:10DE80007FF81FF1ED02005484046AF2C0070054C9
:10DE90009F0050F1201500549F0060F1E0179F1A79
:10DEA000DF00006A010700549F0050F1C0150054C4
:10DEB0009F0060F1E0179F1ADF00006A41060054DE
:10DEC0001302F0928002805273FE05AACD000094E6
:10DED0006002679EF30B40F9FD7BC2A8C0035FD6CA
:10DEE0007F0000F1AD0A0054FF1F02EB02008052D8
:10DEF000E7079F9AE1F041AA211000AA3F0000F134
:10DF0000E0079F1A4000000A3F0840F2C015005485
:10DF100084046A929F0050F1400200549F0060F117
:10DF2000000D0054840C00B5220C40925F1000F1EB
:10DF3000A10A005421D843D363280012020080D2E2
:10DF40006012003422CC40B30003805262284CB3EC
:10DF5000C20041B3F30302AAAA000094DDFFFF1739
:10DF6000C50B00B5212000912200499220090035FF
:10DF7000620B00B4620400917FF81FF1611100543C
:10DF800044F9FFB5B30041D380028052732A4CB2EA
:10DF90009C000094CFFFFF17020001AA030200B506
:10DFA000B30041D362F9FFB484046A929F0050F138
:10DFB000E00C00549F0060F1600B00549F0000F1E2
:10DFC000A00080D201049F9A080080D221D843D3B8
:10DFD000082900120003805233000014220200B40A
:10DFE000E2FF8FD201F0C19300FC72D37F0002EBFD
:10DFF00021FC43D30000005221004DB200009F1AC3
:10E00000F3FF805233D013AA73FE05AA00F6FF3542
:10E010006002679EF30B40F9FD7BC2A8C0035FD688
:10E02000B30041D3732A4CB26002679EF30B40F9F0
:10E03000FD7BC2A8C0035FD67FD000B16BFBFF544D
:10E04000A70780D2E80003CB00004DB21FFD00F10E
:10E05000EC040054680C0011E700034B22008052CE
:10E06000030080D22920C89A3F0100F1E9079F9A56
:10E070002124C79A210009AA0020C89A010001AAF8
:10E080009FFFFF17211000912200499220F7FF34D3
:10E09000420100B468040091010080D208290012F6
:10E0A0000003805228D008AA13FD05AA5500009449
:10E0B00088FFFF1740010034E80303AAC4FFFF17DD
:10E0C00025F5FFB5C0000034E80303AAE30308AA5E
:10E0D000E80303AABEFFFF1700FFFF3521D843D393
:10E0E0006828001200028052EFFFFF17620C011136
:10E0F0001F0101F147008012E300034B0220C29A86
:10E10000220002AA4110819A0024C39A3F0000F124
:10E1100022008052E1079F9A030080D2210000AACA
:10E1200077FFFF17210080D225FDFFB4080080D2C1
:10E13000210180D2A6FFFF17650100B513FEEFD2C3
:10E14000800280522F00009462FFFF17210180D2CD
:10E15000E5F3FFB4030080D2210080D2E80303AAD4
:10E160009BFFFF17BF0000F10002E09201FEEFD21B
:10E170000000679E2100679E80028052001C611E85
:10E180001300669E1F00009452FFFF1722CC40B37D
:10E190000002805262284CB3C20041B3F30302AACA
:10E1A000180000944BFFFF170302FC9200028052FC
:10E1B000610C418A22D002AA53FC05AA11000094E6
:10E1C00044FFFF1721D843D373280012E000003525
:10E1D000020080D222CC40B3622A4CB3C20041B3C9
:10E1E000F30302AA3BFFFF17802C0B5300701D5353
:10E1F00085FFFF1700000000000000000000000085
:10E20000800000360104000F2018211E21443BD558
:10E21000A000083601102E1E0204000F2018221E36
:10E2200021443BD500011036C2B598520110B012FE
:10E23000A293AE722100271E4200271E2028221E14
:10E2400021443BD5800018360144040F2008211ECC
:10E2500021443BD5C00020360010B01202102E1E03
:10E260000100271E2038221E20443BD5C0035FD664
:10E27000342E302E300000000D0A2A2A2A2A2A2A9B
:10E280002A2A2A2A2A2A2A2A2A2A2A2A2A2A2A2AEE
:10E290002A2A2A2A2A2A2A2A2A2A2A2A2A2A2A2ADE
:10E2A0002A2A2A2A2A2A2A2A2A2A2A2A2A2A2A2ACE
:10E2B0002A2A2A2A2A2A2A2A2A2A2A2A2A2A2A2ABE
:10E2C0002A2A2A2A2A2A2A2A2A2A0D0A2A20202009
:10E2D00052656E6573617320465350204578616DB9
:10E2E000706C652050726F6A65637420666F72206F
:10E2F000725F696E74635F697271204D6F64756CD3
:10E3000065202020202020202020202020202020C8
:10E3100020202020202020202020202A0D0A2A2012
:10E3200020204578616D706C652050726F6A65635E
:10E33000742056657273696F6E202573202020202B
:10E3400020202020202020202020202020202020CD
:10E3500020202020202020202020202020202020BD
:10E36000202020202020202020202A0D0A2A2020C2
:10E3700020466C657820536F667477617265205013
:10E3800061636B2056657273696F6E2025642E255C
:10E39000642E2564202020202020202020202020E2
:10E3A000202020202020202020202020202020206D
:10E3B0002020202020202020202020202020202A53
:10E3C0000D0A2A2A2A2A2A2A2A2A2A2A2A2A2A2AEA
:10E3D0002A2A2A2A2A2A2A2A2A2A2A2A2A2A2A2A9D
:10E3E0002A2A2A2A2A2A2A2A2A2A2A2A2A2A2A2A8D
:10E3F0002A2A2A2A2A2A2A2A2A2A2A2A2A2A2A2A7D
:10E400002A2A2A2A2A2A2A2A2A2A2A2A2A2A2A2A6C
:10E410002A2A0D0A526566657220746F2072656142
:10E42000646D652E7478742066696C6520666F7201
:10E43000206D6F72652064657461696C73206F6E06
:10E44000204578616D706C652050726F6A656374E9
:10E4500020616E640D0A4653502055736572277310
:10E46000204D616E75616C20666F72206D6F7265F4
:10E4700020696E666F726D6174696F6E2061626F84
:10E48000757420725F696E74635F69727120647263
:10E49000697665720D0A00005468697320457861D9
:10E4A0006D706C652050726F6A6563742064656D71
:10E4B0006F6E73747261746573207468652066751D
:10E4C0006E6374696F6E616C697479206F66204940
:10E4D0004E54435F4952510D0A6472697665722E3B
:10E4E000204F6E207072657373696E672074686563
:10E4F0002075736572207075736820627574746F0F
:10E500006E2C20616E2065787465726E616C204996
:10E5100052512069730D0A74726967676572656488
:10E520002C20776869636820746F67676C65732057
:10E530004C4544206F6E2D626F6172642E0D0A0D82
:10E5400000000000000000002A2A20696E74635F4A
:10E550006972715F696E6974206661696C656420B7
:10E560002A2A0D0A000000005B4552525D20496EC8
:10E570002046756E6374696F6E3A20257300000043
:10E580000D0A52657475726E6564204572726F7201
:10E5900020436F64653A20307825780D0A0000002A
:10E5A0002A2A20696E74635F6972715F656E6162A9
:10E5B0006C65206661696C6564202A2A0D0A00007A
:10E5C000557365722050757368627574746F6E2030
:10E5D000507265737365640D000000000000000058
:10E5E0002A2A20525F494F504F52545F50696E5251
:10E5F00065616420415049206661696C6564202A28
:10E600002A0D0A00000000002A2A20525F494F50BC
:10E610004F52545F50696E5772697465204150497A
:10E62000206661696C6564202A2A0D0A00000000DA
:10E630004C45442053746174653A20486967687B8F
:10E640004F4E7D0D0A0D00004C45442053746174FB
:10E65000653A204C6F777B4F46467D0D0A0D0000D2
:10E660002A2A20525F494E54435F4952515F4578F0
:10E670007465726E616C4972714F70656E204150A5
:10E6800049206661696C6564202A2A0D0A0D0A001A
:10E690002A2A20525F494E54435F4952515F4578C0
:10E6A0007465726E616C497271456E61626C652051
:10E6B000415049206661696C6564202A2A0D0A0D63
:10E6C0000A000000000000002A2A20525F494E5430
:10E6D000435F4952515F45787465726E616C49724F
:10E6E00071436C6F736520415049206661696C65A8
:10E6F00064202A2A0D0A0D0A000000000000000014
:10E700002E000000000000004C435F434F4C4C4182
:10E7100054450000000000004C435F4354595045ED
:10E7200000000000000000004C435F4D4F4E455478
:10E7300041525900000000004C435F4E554D455278
:10E7400049430000000000004C435F54494D450020
:10E750004C435F4D45535341474553000000000073
:10E76000494E460000000000696E6600000000008F
:10E770004E414E00000000006E616E00000000007F
:10E780003031323334353637383961626364656627
:10E7900000000000000000003031323334353637DD
:10E7A0003839414243444546000000000000000063
:10E7B000286E756C6C29000030000000000000001D
:10E7C00042616C6C6F632073756363656564656437
:10E7D00000000000000000002F646174612F6A6572
:10E7E0006E6B696E732F776F726B73706163652FD9
:10E7F000474E552D746F6F6C636861696E2F61723F
:10E800006D2D31332F7372632F6E65776C69622DB6
:10E8100063796777696E2F6E65776C69622F6C69B3
:10E8200062632F7374646C69622F6D707265632EFE
:10E830006300000000000000496E66696E6974792B
:10E8400000000000000000004E614E0000000000CB
:10E850002F646174612F6A656E6B696E732F776FB9
:10E86000726B73706163652F474E552D746F6F6CBB
:10E87000636861696E2F61726D2D31332F7372631E
:10E880002F6E65776C69622D63796777696E2F6E7D
:10E8900065776C69622F6C6962632F7374646C694D
:10E8A000622F64746F612E6300000000000000009E
:10E8B0000000000000000000000000000000000058
:10E8C00000002000000000004007000000000000E1
:10E8D00000002000000000000000200000000000F8
:10E8E0000000E00F00000000000000000000000039
:10E8F00000000010000000000000001000000000F8
:10E9000000000010000000004407000000000000AC
:10E9100000000020000000000000002000000000B7
:10E920000000001000000000400700000000000090
:10E930000000003000000000000000200000000087
:10E940000000001000000000480700000000000068
:10E950000000004000000000000000400000000037
:10E960000000004000000000400700000000000020
:10E9700000000080000000000000004000000000D7
:10E9800000000040000000004807000000000000F8
:10E99000000000C000000000000000C000000000F7
:10E9A0000000004000000000000000000000000027
:10E9B000FFFFFFFF00000000FFFFFFFF000000005F
:10E9C000FFFFFFFF00000000FFFFFFFF000000004F
:10E9D0006039214000000000503921400000000053
:10E9E0003839214000000000000000000000000055
:10E9F000783921400000000008EA204000000000B3
:10EA000060EB204000000000000000000200000059
:10EA10000000000000000000180000009E0100003F
:10EA2000180000009F01000018000000A001000075
:10EA3000180000009C010000000000000000000021
:10EA40000000000000000000302520400000000011
:10EA5000000000000000000060EA2040000000000C
:10EA6000180000009D0100000000000000000000F0
:10EA700020F020400000000003000000060000001D
:10EA80000000000000000000000000000000000086
:10EA9000FFFF00000000000000B8041000000000AC
:10EAA0000318000024000000010000000000000026
:10EAB0000000000000000000902220400000000044
:10EAC0000000000000000000000000000000000046
:10EAD0000E00000000000000F0EA204000000000EE
:10EAE000D0E920400000000000000000000000000D
:10EAF000000C030100150000000C030101150000CB
:10EB00000C080200011900000004030003190000B2
:10EB100000040300000000000004030001000000E6
:10EB200000040300020000000808020003000000C7
:10EB300008080200040000000004030005000000B3
:10EB400000040300010100000004030002010000B2
:10EB50000004030003010000000404000002FFFFA2
:10EB60001031204000000000C030204000000000B4
:10EB7000702E204000000000F02E20400000000019
:10EB8000502C204000000000602D204000000000BC
:10EB9000202A204000000000702F204000000000CC
:10EBA000902C204000000000602A2040000000005F
:10EBB000B030204000000000000000000000000015
:10EBC0000900000000000000090000000000000033
:10EBD000002020202020202020202828282828202D
:10EBE0002020202020202020202020202020202025
:10EBF000208810101010101010101010101010108D
:10EC0000100404040404040404040410101010107C
:10EC10001010414141414141010101010101010146
:10EC20000101010101010101010101011010101098
:10EC30001010424242424242020202020202020218
:10EC4000020202020202020202020202101010106C
:10EC50002000000000000000000000000000000094
:10EC600000000000000000000000000000000000A4
:10EC70000000000000000000000000000000000094
:10EC80000000000000000000000000000000000084
:10EC90000000000000000000000000000000000074
:10ECA0000000000000000000000000000000000064
:10ECB0000000000000000000000000000000000054
:10ECC0000000000000000000000000000000000044
:10ECD00000000000230300000000200300000000EB
:10ECE00000000B03000000000003FC020000E5022E
:10ECF000E8020000A70357005700570057005700CD
:10ED000057005700570057000000000000000000A7
:10ED1000000000000000330200009D028F03330258
:10ED20003302330200000000000000004F03000027
:10ED300000002903000000000000B7020000520399
:10ED40000000000029050000000000000000000095
:10ED5000000000000000330200009D02D0043302D6
:10ED6000330233026603D004620100006103000035
:10ED7000820343056E036B030000B70262012405A2
:10ED8000000000003B0500006201000000000000E0
:10ED90003030303030303030303030303030303073
:10EDA0002020202020202020202020202020202063
:10EDB00005000000190000007D00000000000000B8
:10EDC0000080E03779C34143176E05B5B5B8934667
:10EDD000F5F93FE9034F384D321D30F94877825A33
:10EDE0003CBF737FDD4F1575000000000000000080
:10EDF000000000000000F03F000000000000244080
:10EE000000000000000059400000000000408F405A
:10EE1000000000000088C34000000000006AF840C5
:10EE20000000000080842E4100000000D0126341E9
:10EE30000000000084D797410000000065CDCD415F
:10EE4000000000205FA00242000000E87648374240
:10EE5000000000A2941A6D42000040E59C30A242DE
:10EE60000000901EC4BCD64200003426F56B0C4353
:10EE70000080E03779C3414300A0D88557347643FA
:10EE800000C84E676DC1AB43003D9160E458E1435B
:10EE9000408CB5781DAF154450EFE2D6E41A4B44D0
:10EEA00092D54D06CFF08044F64AE1C7022DB54415
:10EEB000B49DD9794378EA440100000002000000C3
:10EEC000000000000100000061436F63A787D23F8C
:10EED000B3C8608B288AC63FFB799F501344D33F49
:10EEE0001000000000000000017A520004781E01AA
:10EEF0001B0C1F001000000018000000446AFFFFF8
:10EF000030010000000000001000000000000000C0
:10EF1000017A520004781E011B0C1F001000000033
:10EF2000180000001C7BFFFF04010000000000002F
:10EF30001000000000000000017A520004781E0159
:10EF40001B0C1F0010000000180000000000000053
:10EF5000CC000000000000001000000000000000D5
:10EF6000017A520004781E011B0C1F0010000000E3
:10EF70001800000000000000340100000000000044
:10EF80001000000000000000017A520004781E0109
:10EF90001B0C1F0010000000180000000000000003
:10EFA0002C01000000000000100000000000000024
:10EFB000017A520004781E011B0C1F001000000093
:10EFC0001800000000000000B40100000000000074
:10EFD0001000000000000000017A520004781E01B9
:10EFE0001B0C1F00100000001800000014C3FFFFDE
:10EFF000DC00000000000000100000000000000025
:10F00000017A520004781E011B0C1F001000000042
:10F01000180000006CC6FFFF2C020000000000007A
:10F0200004350000000000000000000000000000A7
:10F0300000000000000000000000000000000000D0
:10F0400000000000000000000000000000000000C0
:10F0500000000000000000000000000000000000B0
:10F0600000000000000000000000000000000000A0
:10F070000000000000000000000000000000000090
:10F080000000000000000000000000000000000080
:10F090000000000000000000000000000000000070
:10F0A0000000000000000000000000000000000060
:10F0B0000000000000000000000000000000000050
:10F0C0000000000000000000000000000000000040
:10F0D0000000000000000000000000000000000030
:10F0E0000000000000000000000000000000000020
:10F0F0000000000000000000000000000000000010
:10F1000000000000000000000000000000000000FF
:10F1100000000000020000000000000000000000ED
:10F1200000000000000000000000000000000000DF
:10F1300000000000000000000200000002000000CB
:10F1400002000000020000000200000002000000B7
:10F1500000000000000000000000000000000000AF
:10F16000000000000000000002000000020000009B
:10F17000020000000000000000000000000000008D
:10F18000000000000000000000000000000000007F
:10F19000000000000000000000000000000000006F
:10F1A000000000000000000000000000000000005F
:10F1B000000000000000000000000000000000004F
:10F1C000000000000000000000000000000000003F
:10F1D000000000000000000000000000000000002F
:10F1E000000000000000000000000000000000001F
:10F1F000000000000000000000000000000000000F
:10F2000000000000000000000000000000000000FE
:10F2100000000000000000000000000000000000EE
:10F2200000000000000000000000000000000000DE
:10F2300000000000000000000000000000000000CE
:10F2400002000000000000000000000000000000BC
:10F2500000000000000000000000000000000000AE
:10F260000200000002000000020000000200000096
:10F270000200000002000000020000000200000086
:10F280000200000002000000020000000200000076
:10F290000200000002000000020000000200000066
:10F2A0000200000002000000020000000200000056
:10F2B0000200000002000000020000000200000046
:10F2C0000200000002000000020000000200000036
:10F2D0000200000002000000020000000200000026
:10F2E000020000000200000000000000000000001A
:10F2F000000000000000000000000000000000000E
:10F3000000000000000000000000000000000000FD
:10F3100000000000000000000000000000000000ED
:10F3200000000000000000000000000000000000DD
:10F3300000000000000000000000000000000000CD
:10F3400000000000000000000000000000000000BD
:10F3500000000000000000000200000002000000A9
:10F360000200000002000000020000000200000095
:10F370000200000002000000020000000200000085
:10F380000200000002000000020000000200000075
:10F390000200000002000000020000000200000065
:10F3A0000200000002000000020000000200000055
:10F3B0000200000002000000020000000200000045
:10F3C0000200000002000000020000000200000035
:10F3D0000200000002000000020000000200000025
:10F3E0000200000002000000020000000200000015
:10F3F0000200000002000000020000000200000005
:10F4000002000000020000000000000000000000F8
:10F4100000000000000000000000000000000000EC
:10F4200000000000000000000000000000000000DC
:10F4300000000000000000000000000000000000CC
:10F4400000000000000000000000000000000000BC
:10F4500000000000000000000000000000000000AC
:10F46000000000000000000000000000000000009C
:10F47000000000000000000000000000000000008C
:10F48000000000000000000000000000000000007C
:10F49000000000000000000000000000000000006C
:10F4A000000000000000000000000000000000005C
:10F4B000000000000000000000000000000000004C
:10F4C000000000000000000000000000000000003C
:10F4D000000000000000000000000000000000002C
:10F4E000000000000000000000000000000000001C
:10F4F000000000000000000000000000000000000C
:10F5000000000000000000000000000000000000FB
:10F5100000000000000000000000000000000000EB
:10F5200000000000000000000000000000000000DB
:10F5300000000000000000000000000000000000CB
:10F5400000000000000000000000000000000000BB
:10F5500000000000000000000000000000000000AB
:10F56000000000000000000000000000000000009B
:10F57000000000000000000000000000000000008B
:10F58000000000000000000000000000000000007B
:10F59000000000000000000000000000000000006B
:10F5A000000000000000000000000000000000005B
:10F5B000000000000000000000000000000000004B
:10F5C0000000000000000000000000000200000039
:10F5D0000200000000000000000000000000000029
:10F5E000000000000000000000000000000000001B
:10F5F000000000000000000000000000000000000B
:10F6000000000000000000000200000002000000F6
:10F6100000000000000000000000000000000000EA
:10F6200002000000020000000000000000000000D6
:10F6300000000000000000000000000000000000CA
:10F6400002000000020000000000000000000000B6
:10F6500000000000000000000000000000000000AA
:10F66000000000000000000000000000000000009A
:10F67000000000000000000000000000000000008A
:10F68000000000000000000000000000000000007A
:10F69000000000000000000000000000000000006A
:10F6A000000000000000000000000000000000005A
:10F6B000000000000000000000000000000000004A
:10F6C000000000000000000000000000000000003A
:10F6D000000000000000000000000000000000002A
:10F6E000000000000000000000000000000000001A
:10F6F000000000000000000000000000000000000A
:10F7000000000000000000000200000002000000F5
:10F7100000000000000000000200000002000000E5
:10F7200000000000000000000000000000000000D9
:10F7300000000000000000000000000000000000C9
:10F7400000000000000000000000000000000000B9
:10F7500000000000000000000000000000000000A9
:10F760000000000000000000020000000200000095
:10F770000200000002000000020000000200000081
:10F780000200000002000000020000000200000071
:10F790000000000000000000000000000000000069
:10F7A0000000000000000000000000000000000059
:10F7B0000000000000000000000000000000000049
:10F7C0000000000000000000000000000000000039
:10F7D0000000000000000000000000000000000029
:10F7E0000000000000000000000000000000000019
:10F7F0000000000000000000000000000000000009
:10F8000000000000000000000000000000000000F8
:10F8100000000000000000000000000000000000E8
:10F8200000000000000000000000000000000000D8
:10F8300000CA9A3B80F0FA02E02E0000D03BF107AC
:10F84000E89DF80300000000000000000084D717C6
:10F850000000000000C2EB0BA077E20F3A5F10043B
:10F860000000000000B4C40400E1F50500E1F50566
:10F8700000C2EB0B00E1F5050084D71700366E01DE
:10F88000FFFFFFFFFFFFFFFF00000200000000007E
:10F890000000000000000000000000000000000068
:10F8A00090F820400000000090F820400000000088
:10F8B000A0F8204000000000A0F820400000000058
:10F8C000B0F8204000000000B0F820400000000028
:10F8D000C0F8204000000000C0F8204000000000F8
:10F8E000D0F8204000000000D0F8204000000000C8
:10F8F000E0F8204000000000E0F820400000000098
:10F90000F0F8204000000000F0F820400000000067
:10F9100000F920400000000000F920400000000035
:10F9200010F920400000000010F920400000000005
:10F9300020F920400000000020F9204000000000D5
:10F9400030F920400000000030F9204000000000A5
:10F9500040F920400000000040F920400000000075
:10F9600050F920400000000050F920400000000045
:10F9700060F920400000000060F920400000000015
:10F9800070F920400000000070F9204000000000E5
:10F9900080F920400000000080F9204000000000B5
:10F9A00090F920400000000090F920400000000085
:10F9B000A0F9204000000000A0F920400000000055
:10F9C000B0F9204000000000B0F920400000000025
:10F9D000C0F9204000000000C0F9204000000000F5
:10F9E000D0F9204000000000D0F9204000000000C5
:10F9F000E0F9204000000000E0F920400000000095
:10FA0000F0F9204000000000F0F920400000000064
:10FA100000FA20400000000000FA20400000000032
:10FA200010FA20400000000010FA20400000000002
:10FA300020FA20400000000020FA204000000000D2
:10FA400030FA20400000000030FA204000000000A2
:10FA500040FA20400000000040FA20400000000072
:10FA600050FA20400000000050FA20400000000042
:10FA700060FA20400000000060FA20400000000012
:10FA800070FA20400000000070FA204000000000E2
:10FA900080FA20400000000080FA204000000000B2
:10FAA00090FA20400000000090FA20400000000082
:10FAB000A0FA204000000000A0FA20400000000052
:10FAC000B0FA204000000000B0FA20400000000022
:10FAD000C0FA204000000000C0FA204000000000F2
:10FAE000D0FA204000000000D0FA204000000000C2
:10FAF000E0FA204000000000E0FA20400000000092
:10FB0000F0FA204000000000F0FA20400000000061
:10FB100000FB20400000000000FB2040000000002F
:10FB200010FB20400000000010FB204000000000FF
:10FB300020FB20400000000020FB204000000000CF
:10FB400030FB20400000000030FB2040000000009F
:10FB500040FB20400000000040FB2040000000006F
:10FB600050FB20400000000050FB2040000000003F
:10FB700060FB20400000000060FB2040000000000F
:10FB800070FB20400000000070FB204000000000DF
:10FB900080FB20400000000080FB204000000000AF
:10FBA00090FB20400000000090FB2040000000007F
:10FBB000A0FB204000000000A0FB2040000000004F
:10FBC000B0FB204000000000B0FB2040000000001F
:10FBD000C0FB204000000000C0FB204000000000EF
:10FBE000D0FB204000000000D0FB204000000000BF
:10FBF000E0FB204000000000E0FB2040000000008F
:10FC0000F0FB204000000000F0FB2040000000005E
:10FC100000FC20400000000000FC2040000000002C
:10FC200010FC20400000000010FC204000000000FC
:10FC300020FC20400000000020FC204000000000CC
:10FC400030FC20400000000030FC2040000000009C
:10FC500040FC20400000000040FC2040000000006C
:10FC600050FC20400000000050FC2040000000003C
:10FC700060FC20400000000060FC2040000000000C
:10FC800070FC20400000000070FC204000000000DC
:10FC900080FC20400000000080FC204000000000AC
:10FCA00090FC20400000000090FC2040000000007C
:10FCB000A0FC204000000000A0FC2040000000004C
:10FCC000B0FC204000000000B0FC2040000000001C
:10FCD000C0FC204000000000C0FC204000000000EC
:10FCE000D0FC204000000000D0FC204000000000BC
:10FCF000E0FC204000000000E0FC2040000000008C
:10FD0000F0FC204000000000F0FC2040000000005B
:10FD100000FD20400000000000FD20400000000029
:10FD200010FD20400000000010FD204000000000F9
:10FD300020FD20400000000020FD204000000000C9
:10FD400030FD20400000000030FD20400000000099
:10FD500040FD20400000000040FD20400000000069
:10FD600050FD20400000000050FD20400000000039
:10FD700060FD20400000000060FD20400000000009
:10FD800070FD20400000000070FD204000000000D9
:10FD900080FD20400000000080FD204000000000A9
:10FDA00090FD20400000000090FD20400000000079
:10FDB000A0FD204000000000A0FD20400000000049
:10FDC000B0FD204000000000B0FD20400000000019
:10FDD000C0FD204000000000C0FD204000000000E9
:10FDE000D0FD204000000000D0FD204000000000B9
:10FDF000E0FD204000000000E0FD20400000000089
:10FE0000F0FD204000000000F0FD20400000000058
:10FE100000FE20400000000000FE20400000000026
:10FE200010FE20400000000010FE204000000000F6
:10FE300020FE20400000000020FE204000000000C6
:10FE400030FE20400000000030FE20400000000096
:10FE500040FE20400000000040FE20400000000066
:10FE600050FE20400000000050FE20400000000036
:10FE700060FE20400000000060FE20400000000006
:10FE800070FE20400000000070FE204000000000D6
:10FE900080FE20400000000080FE204000000000A6
:10FEA00090FE20400000000090FE20400000000076
:10FEB000A0FE204000000000A0FE20400000000046
:10FEC000B0FE204000000000B0FE20400000000016
:10FED000C0FE204000000000C0FE204000000000E6
:10FEE000D0FE204000000000D0FE204000000000B6
:10FEF000E0FE204000000000E0FE20400000000086
:10FF0000F0FE204000000000F0FE20400000000055
:10FF100000FF20400000000000FF20400000000023
:10FF200010FF20400000000010FF204000000000F3
:10FF300020FF20400000000020FF204000000000C3
:10FF400030FF20400000000030FF20400000000093
:10FF500040FF20400000000040FF20400000000063
:10FF600050FF20400000000050FF20400000000033
:10FF700060FF20400000000060FF20400000000003
:10FF800070FF20400000000070FF204000000000D3
:10FF900080FF20400000000080FF204000000000A3
:10FFA00090FF20400000000090FF20400000000073
:10FFB000A0FF204000000000A0FF20400000000043
:10FFC000B0FF204000000000B0FF20400000000013
:10FFD000C0FF204000000000C0FF204000000000E3
:10FFE000D0FF204000000000D0FF204000000000B3
:10FFF000E0FF204000000000E0FF20400000000083
:02000004402199
:10000000F0FF204000000000F0FF20400000000052
:10001000000021400000000000002140000000001E
:1000200010002140000000001000214000000000EE
:1000300020002140000000002000214000000000BE
:10004000300021400000000030002140000000008E
:10005000400021400000000040002140000000005E
:10006000500021400000000050002140000000002E
:1000700060002140000000006000214000000000FE
:1000800070002140000000007000214000000000CE
:10009000800021400000000080002140000000009E
:1000A000430000000000000000000000000000000D
:1000B0000000000000000000000000000000000040
:1000C00043000000000000000000000000000000ED
:1000D0000000000000000000000000000000000020
:1000E00043000000000000000000000000000000CD
:1000F0000000000000000000000000000000000000
:1001000043000000000000000000000000000000AC
:1001100000000000000000000000000000000000DF
:10012000430000000000000000000000000000008C
:1001300000000000000000000000000000000000BF
:10014000430000000000000000000000000000006C
:10015000000000000000000000000000000000009F
:10016000430000000000000000000000000000004C
:10017000000000000000000000000000000000007F
:10018000D075204000000000A0B02040000000001A
:100190000000000000000000D0EB20400000000044
:1001A00000E7204000000000F8E6204000000000CA
:1001B000F8E6204000000000F8E6204000000000C3
:1001C000F8E6204000000000F8E6204000000000B3
:1001D000F8E6204000000000F8E6204000000000A3
:1001E000F8E6204000000000F8E620400000000093
:1001F000FFFFFFFFFFFFFFFFFFFFFFFFFFFF00000D
:100200000100415343494900000000000000000084
:1002100000000000000000000000000000000000DE
:100220000000415343494900000000000000000065
:1002300000000000000000000000000000000000BE
:1002400000000000000000005002214000000000FB
:100250000000000000000000584A2140000000009B
:10026000104B214000000000C84B2140000000005E
:10027000000000000000000000000000000000007E
:10028000000000000000000000000000000000006E
:10029000000000000000000000000000000000005E
:1002A000000000000000000000000000000000004E
:1002B000000000000000000000000000000000003E
:1002C000000000000000000000000000000000002E
:1002D000000000000000000000000000000000001E
:1002E000000000000000000000000000000000000E
:1002F00000000000000000000000000000000000FE
:1003000000000000000000000000000000000000ED
:1003100000000000000000000000000000000000DD
:1003200001000000000000000E33CDAB34126DE67A
:10033000ECDE05000B0000000000000000000000E3
:1003400000000000000000000000000000000000AD
:10035000000000000000000000000000000000009D
:10036000000000000000000000000000000000008D
:10037000000000000000000000000000000000007D
:10038000000000000000000000000000000000006D
:10039000000000000000000000000000000000005D
:1003A000000000000000000000000000000000004D
:1003B0000300000000000000584A21400000000037
:1003C000C056204000000000C05620400000000041
:1003D000C056204000000000C05620400000000031
:1003E000C056204000000000C05620400000000021
:1003F000C056204000000000C05620400000000011
:10040000C056204000000000C05620400000000000
:10041000C056204000000000C056204000000000F0
:10042000C056204000000000C056204000000000E0
:10043000C056204000000000C056204000000000D0
:10044000C056204000000000C056204000000000C0
:10045000C056204000000000C056204000000000B0
:10046000C056204000000000C056204000000000A0
:10047000C056204000000000C05620400000000090
:10048000C056204000000000C05620400000000080
:10049000C056204000000000C05620400000000070
:1004A000C056204000000000C05620400000000060
:1004B000C056204000000000C05620400000000050
:1004C000C056204000000000C05620400000000040
:1004D000C056204000000000C05620400000000030
:1004E0009047204000000000C0562040000000005F
:1004F000C056204000000000C05620400000000010
:10050000C056204000000000C056204000000000FF
:10051000C056204000000000C056204000000000EF
:10052000C056204000000000C056204000000000DF
:10053000C056204000000000C056204000000000CF
:10054000C056204000000000C056204000000000BF
:10055000C056204000000000C056204000000000AF
:10056000C056204000000000C0562040000000009F
:10057000C056204000000000C0562040000000008F
:10058000C056204000000000C0562040000000007F
:10059000C056204000000000C0562040000000006F
:1005A000C056204000000000C0562040000000005F
:1005B000C056204000000000C0562040000000004F
:1005C000C056204000000000C0562040000000003F
:1005D000C056204000000000C0562040000000002F
:1005E000C056204000000000C0562040000000001F
:1005F000C056204000000000C0562040000000000F
:10060000C056204000000000C056204000000000FE
:10061000C056204000000000C056204000000000EE
:10062000C056204000000000C056204000000000DE
:10063000C056204000000000C056204000000000CE
:10064000C056204000000000C056204000000000BE
:10065000C056204000000000C056204000000000AE
:10066000C056204000000000C0562040000000009E
:10067000C056204000000000C0562040000000008E
:10068000C056204000000000C0562040000000007E
:10069000C056204000000000C0562040000000006E
:1006A000C056204000000000C0562040000000005E
:1006B000C056204000000000C0562040000000004E
:1006C000C056204000000000C0562040000000003E
:1006D000C056204000000000C0562040000000002E
:1006E000C056204000000000C0562040000000001E
:1006F000C056204000000000C0562040000000000E
:10070000C056204000000000C056204000000000FD
:10071000C056204000000000C056204000000000ED
:10072000C056204000000000C056204000000000DD
:10073000C056204000000000C056204000000000CD
:10074000C056204000000000C056204000000000BD
:10075000C056204000000000C056204000000000AD
:10076000C056204000000000C0562040000000009D
:10077000C056204000000000C0562040000000008D
:10078000C056204000000000C0562040000000007D
:10079000C056204000000000C0562040000000006D
:1007A000C056204000000000C0562040000000005D
:1007B000C056204000000000C0562040000000004D
:1007C000C056204000000000C0562040000000003D
:1007D000C056204000000000C0562040000000002D
:1007E000C056204000000000C0562040000000001D
:1007F000C056204000000000C0562040000000000D
:10080000C056204000000000C056204000000000FC
:10081000C056204000000000C056204000000000EC
:10082000C056204000000000C056204000000000DC
:10083000C056204000000000C056204000000000CC
:10084000C056204000000000C056204000000000BC
:10085000C056204000000000C056204000000000AC
:10086000C056204000000000C0562040000000009C
:10087000C056204000000000C0562040000000008C
:10088000C056204000000000C0562040000000007C
:10089000C056204000000000C0562040000000006C
:1008A000C056204000000000C0562040000000005C
:1008B000C056204000000000C0562040000000004C
:1008C000C056204000000000C0562040000000003C
:1008D000C056204000000000C0562040000000002C
:1008E000C056204000000000C0562040000000001C
:1008F000C056204000000000C0562040000000000C
:10090000C056204000000000C056204000000000FB
:10091000C056204000000000C056204000000000EB
:10092000C056204000000000C056204000000000DB
:10093000C056204000000000C056204000000000CB
:10094000C056204000000000C056204000000000BB
:10095000C056204000000000C056204000000000AB
:10096000C056204000000000C0562040000000009B
:10097000C056204000000000C0562040000000008B
:10098000C056204000000000C0562040000000007B
:10099000C056204000000000C0562040000000006B
:1009A000C056204000000000C0562040000000005B
:1009B000C056204000000000C0562040000000004B
:1009C000C056204000000000C0562040000000003B
:1009D000C056204000000000C0562040000000002B
:1009E000C056204000000000C0562040000000001B
:1009F000C056204000000000C0562040000000000B
:100A0000C056204000000000C056204000000000FA
:100A1000C056204000000000C056204000000000EA
:100A2000C056204000000000C056204000000000DA
:100A3000C056204000000000C056204000000000CA
:100A4000C056204000000000C056204000000000BA
:100A5000C056204000000000C056204000000000AA
:100A6000C056204000000000C0562040000000009A
:100A7000C056204000000000C0562040000000008A
:100A8000C056204000000000C0562040000000007A
:100A9000C056204000000000C0562040000000006A
:100AA000C056204000000000C0562040000000005A
:100AB000C056204000000000C0562040000000004A
:100AC000C056204000000000C0562040000000003A
:100AD000C056204000000000C0562040000000002A
:100AE000C056204000000000C0562040000000001A
:100AF000C056204000000000C0562040000000000A
:100B0000C056204000000000C056204000000000F9
:100B1000C056204000000000C056204000000000E9
:100B2000C056204000000000C056204000000000D9
:100B3000C056204000000000C056204000000000C9
:100B4000C056204000000000C056204000000000B9
:100B5000C056204000000000C056204000000000A9
:100B6000C056204000000000C05620400000000099
:100B7000C056204000000000C05620400000000089
:100B8000C056204000000000C05620400000000079
:100B9000C056204000000000C05620400000000069
:100BA000C056204000000000C05620400000000059
:100BB000C056204000000000C05620400000000049
:100BC000C056204000000000C05620400000000039
:100BD000C056204000000000C05620400000000029
:100BE000C056204000000000C05620400000000019
:100BF000C056204000000000C05620400000000009
:100C0000C056204000000000C056204000000000F8
:100C1000C056204000000000C056204000000000E8
:100C2000C056204000000000C056204000000000D8
:100C3000C056204000000000C056204000000000C8
:100C4000C056204000000000C056204000000000B8
:100C5000C056204000000000C056204000000000A8
:100C6000C056204000000000C05620400000000098
:100C7000C056204000000000C05620400000000088
:100C8000C056204000000000C05620400000000078
:100C9000C056204000000000C05620400000000068
:100CA000C056204000000000C05620400000000058
:100CB000C056204000000000C05620400000000048
:100CC000C056204000000000C05620400000000038
:100CD000C056204000000000C05620400000000028
:100CE000C056204000000000C05620400000000018
:100CF000C056204000000000C05620400000000008
:100D0000C056204000000000C056204000000000F7
:100D1000C056204000000000C056204000000000E7
:100D2000C056204000000000C056204000000000D7
:100D3000C056204000000000C056204000000000C7
:100D4000C056204000000000C056204000000000B7
:100D5000C056204000000000C056204000000000A7
:100D6000C056204000000000C05620400000000097
:100D7000C056204000000000C05620400000000087
:100D8000C056204000000000C05620400000000077
:100D9000C056204000000000C05620400000000067
:100DA000C056204000000000C05620400000000057
:100DB000C056204000000000C05620400000000047
:100DC000C056204000000000C05620400000000037
:100DD000C056204000000000C05620400000000027
:100DE000C056204000000000C05620400000000017
:100DF000C056204000000000C05620400000000007
:100E0000C056204000000000C056204000000000F6
:100E1000C056204000000000C056204000000000E6
:100E2000C056204000000000C056204000000000D6
:100E3000C056204000000000C056204000000000C6
:100E4000C056204000000000C056204000000000B6
:100E5000C056204000000000C056204000000000A6
:100E6000C056204000000000C05620400000000096
:100E7000C056204000000000C05620400000000086
:100E8000C056204000000000C05620400000000076
:100E9000C056204000000000C05620400000000066
:100EA000C056204000000000C05620400000000056
:100EB000C056204000000000C05620400000000046
:100EC000C056204000000000C05620400000000036
:100ED000C056204000000000C05620400000000026
:100EE000C056204000000000C05620400000000016
:100EF000C056204000000000C05620400000000006
:100F0000C056204000000000C056204000000000F5
:100F1000C056204000000000C056204000000000E5
:100F2000C056204000000000C056204000000000D5
:100F3000C056204000000000C056204000000000C5
:100F4000C056204000000000C056204000000000B5
:100F5000C056204000000000C056204000000000A5
:100F6000C056204000000000C05620400000000095
:100F7000C056204000000000C05620400000000085
:100F8000C056204000000000C05620400000000075
:100F9000C056204000000000C05620400000000065
:100FA000C056204000000000C05620400000000055
:100FB000C056204000000000C05620400000000045
:100FC000C056204000000000C05620400000000035
:100FD000C056204000000000C05620400000000025
:100FE000C056204000000000C05620400000000015
:100FF000C056204000000000C05620400000000005
:10100000C056204000000000C056204000000000F4
:10101000C056204000000000C056204000000000E4
:10102000C056204000000000C056204000000000D4
:10103000C056204000000000C056204000000000C4
:10104000C056204000000000C056204000000000B4
:10105000C056204000000000C056204000000000A4
:10106000C056204000000000C05620400000000094
:10107000C056204000000000C05620400000000084
:10108000C056204000000000C05620400000000074
:10109000C056204000000000C05620400000000064
:1010A000D039204000000000103A2040000000002D
:1010B000E038204000000000F03720400000000031
:1010C0003039204000000000C056204000000000E1
:1010D000C056204000000000C05620400000000024
:1010E000C056204000000000C05620400000000014
:1010F000C056204000000000C05620400000000004
:10110000C056204000000000C056204000000000F3
:10111000C056204000000000C056204000000000E3
:10112000C056204000000000C056204000000000D3
:10113000C056204000000000C056204000000000C3
:10114000C056204000000000C056204000000000B3
:10115000C056204000000000C056204000000000A3
:10116000C056204000000000C05620400000000093
:10117000C056204000000000C05620400000000083
:10118000C056204000000000C05620400000000073
:10119000C056204000000000C05620400000000063
:1011A000C056204000000000C05620400000000053
:1011B000C056204000000000C05620400000000043
:1011C000C056204000000000C05620400000000033
:1011D000C056204000000000C05620400000000023
:1011E000C056204000000000C05620400000000013
:1011F000C056204000000000C05620400000000003
:10120000C056204000000000C056204000000000F2
:10121000C056204000000000C056204000000000E2
:10122000C056204000000000C056204000000000D2
:10123000C056204000000000C056204000000000C2
:10124000C056204000000000C056204000000000B2
:10125000C056204000000000C056204000000000A2
:10126000C056204000000000C05620400000000092
:10127000C056204000000000C05620400000000082
:10128000C056204000000000C05620400000000072
:10129000C056204000000000C05620400000000062
:1012A000C056204000000000C05620400000000052
:1012B000C056204000000000C05620400000000042
:1012C000C056204000000000C05620400000000032
:1012D000C056204000000000C05620400000000022
:1012E000C056204000000000C05620400000000012
:1012F000C056204000000000C05620400000000002
:10130000C056204000000000C056204000000000F1
:10131000C056204000000000C056204000000000E1
:10132000C056204000000000C056204000000000D1
:10133000C056204000000000C056204000000000C1
:10134000C056204000000000C056204000000000B1
:10135000C056204000000000C056204000000000A1
:10136000C056204000000000C05620400000000091
:10137000C056204000000000C05620400000000081
:10138000C056204000000000C05620400000000071
:10139000C056204000000000C05620400000000061
:1013A000C056204000000000C05620400000000051
:1013B000C056204000000000C05620400000000041
:040000054020000097
:00000001FF
