:02000004401F9B
:10FE00000000204000000000FFFFDFBFFFFFFFFFFA
:10FE10000000204000000000FFFFDFBFFFFFFFFFEA
:10FE2000F08D0100000000000F72FEFFFFFFFFFFDA
:10FE300000000000000000000000000000000000C2
:10FE400000000000000000000000000000000000B2
:10FE500000000000000000000000000000000000A2
:10FE60000000000000000000000000000000000092
:10FE70000000000000000000000000000000000082
:10FE80000000000000000000000000000000000072
:10FE90000000000000000000000000000000000062
:10FEA0000000000000000000000000000000000052
:10FEB0000000000000000000000000000000000042
:10FEC0000000000000000000000000000000000032
:10FED0000000000000000000000000000000000022
:10FEE0000000000000000000000000000000000012
:10FEF0000000000000000000000000000000000002
:10FF000000000000000000000000000000000000F1
:10FF100000000000000000000000000000000000E1
:10FF200000000000000000000000000000000000D1
:10FF300000000000000000000000000000000000C1
:10FF400000000000000000000000000000000000B1
:10FF500000000000000000000000000000000000A1
:10FF60000000000000000000000000000000000091
:10FF70000000000000000000000000000000000081
:10FF80000000000000000000000000000000000071
:10FF90000000000000000000000000000000000061
:10FFA0000000000000000000000000000000000051
:10FFB0000000000000000000000000000000000041
:10FFC0000000000000000000000000000000000031
:10FFD0000000000000000000000000000000000021
:10FFE000525A20465350204170706C6963617469A5
:10FFF0006F6E000000000000000000000000000024
:0200000440209A
:04000000A00A00143E
:10100000000000141F2003D51F2003D51F2003D587
:101010001F2003D51F2003D51F2003D51F2003D574
:101020001F2003D51F2003D51F2003D51F2003D564
:101030001F2003D51F2003D51F2003D51F2003D554
:101040001F2003D51F2003D51F2003D51F2003D544
:101050001F2003D51F2003D51F2003D51F2003D534
:101060001F2003D51F2003D51F2003D51F2003D524
:101070001F2003D51F2003D51F2003D51F2003D514
:101080002A0600141F2003D51F2003D51F2003D5D7
:101090001F2003D51F2003D51F2003D51F2003D5F4
:1010A0001F2003D51F2003D51F2003D51F2003D5E4
:1010B0001F2003D51F2003D51F2003D51F2003D5D4
:1010C0001F2003D51F2003D51F2003D51F2003D5C4
:1010D0001F2003D51F2003D51F2003D51F2003D5B4
:1010E0001F2003D51F2003D51F2003D51F2003D5A4
:1010F0001F2003D51F2003D51F2003D51F2003D594
:10110000C00500141F2003D51F2003D51F2003D5C1
:101110001F2003D51F2003D51F2003D51F2003D573
:101120001F2003D51F2003D51F2003D51F2003D563
:101130001F2003D51F2003D51F2003D51F2003D553
:101140001F2003D51F2003D51F2003D51F2003D543
:101150001F2003D51F2003D51F2003D51F2003D533
:101160001F2003D51F2003D51F2003D51F2003D523
:101170001F2003D51F2003D51F2003D51F2003D513
:101180007F2003D5FFFFFF171F2003D51F2003D5A6
:101190001F2003D51F2003D51F2003D51F2003D5F3
:1011A0001F2003D51F2003D51F2003D51F2003D5E3
:1011B0001F2003D51F2003D51F2003D51F2003D5D3
:1011C0001F2003D51F2003D51F2003D51F2003D5C3
:1011D0001F2003D51F2003D51F2003D51F2003D5B3
:1011E0001F2003D51F2003D51F2003D51F2003D5A3
:1011F0001F2003D51F2003D51F2003D51F2003D593
:10120000000000141F2003D51F2003D51F2003D585
:101210001F2003D51F2003D51F2003D51F2003D572
:101220001F2003D51F2003D51F2003D51F2003D562
:101230001F2003D51F2003D51F2003D51F2003D552
:101240001F2003D51F2003D51F2003D51F2003D542
:101250001F2003D51F2003D51F2003D51F2003D532
:101260001F2003D51F2003D51F2003D51F2003D522
:101270001F2003D51F2003D51F2003D51F2003D512
:10128000AA0500141F2003D51F2003D51F2003D556
:101290001F2003D51F2003D51F2003D51F2003D5F2
:1012A0001F2003D51F2003D51F2003D51F2003D5E2
:1012B0001F2003D51F2003D51F2003D51F2003D5D2
:1012C0001F2003D51F2003D51F2003D51F2003D5C2
:1012D0001F2003D51F2003D51F2003D51F2003D5B2
:1012E0001F2003D51F2003D51F2003D51F2003D5A2
:1012F0001F2003D51F2003D51F2003D51F2003D592
:10130000400500141F2003D51F2003D51F2003D53F
:101310001F2003D51F2003D51F2003D51F2003D571
:101320001F2003D51F2003D51F2003D51F2003D561
:101330001F2003D51F2003D51F2003D51F2003D551
:101340001F2003D51F2003D51F2003D51F2003D541
:101350001F2003D51F2003D51F2003D51F2003D531
:101360001F2003D51F2003D51F2003D51F2003D521
:101370001F2003D51F2003D51F2003D51F2003D511
:101380007F2003D5FFFFFF171F2003D51F2003D5A4
:101390001F2003D51F2003D51F2003D51F2003D5F1
:1013A0001F2003D51F2003D51F2003D51F2003D5E1
:1013B0001F2003D51F2003D51F2003D51F2003D5D1
:1013C0001F2003D51F2003D51F2003D51F2003D5C1
:1013D0001F2003D51F2003D51F2003D51F2003D5B1
:1013E0001F2003D51F2003D51F2003D51F2003D5A1
:1013F0001F2003D51F2003D51F2003D51F2003D591
:101400007F2003D5FFFFFF171F2003D51F2003D523
:101410001F2003D51F2003D51F2003D51F2003D570
:101420001F2003D51F2003D51F2003D51F2003D560
:101430001F2003D51F2003D51F2003D51F2003D550
:101440001F2003D51F2003D51F2003D51F2003D540
:101450001F2003D51F2003D51F2003D51F2003D530
:101460001F2003D51F2003D51F2003D51F2003D520
:101470001F2003D51F2003D51F2003D51F2003D510
:101480007F2003D5FFFFFF171F2003D51F2003D5A3
:101490001F2003D51F2003D51F2003D51F2003D5F0
:1014A0001F2003D51F2003D51F2003D51F2003D5E0
:1014B0001F2003D51F2003D51F2003D51F2003D5D0
:1014C0001F2003D51F2003D51F2003D51F2003D5C0
:1014D0001F2003D51F2003D51F2003D51F2003D5B0
:1014E0001F2003D51F2003D51F2003D51F2003D5A0
:1014F0001F2003D51F2003D51F2003D51F2003D590
:101500007F2003D5FFFFFF171F2003D51F2003D522
:101510001F2003D51F2003D51F2003D51F2003D56F
:101520001F2003D51F2003D51F2003D51F2003D55F
:101530001F2003D51F2003D51F2003D51F2003D54F
:101540001F2003D51F2003D51F2003D51F2003D53F
:101550001F2003D51F2003D51F2003D51F2003D52F
:101560001F2003D51F2003D51F2003D51F2003D51F
:101570001F2003D51F2003D51F2003D51F2003D50F
:101580007F2003D5FFFFFF171F2003D51F2003D5A2
:101590001F2003D51F2003D51F2003D51F2003D5EF
:1015A0001F2003D51F2003D51F2003D51F2003D5DF
:1015B0001F2003D51F2003D51F2003D51F2003D5CF
:1015C0001F2003D51F2003D51F2003D51F2003D5BF
:1015D0001F2003D51F2003D51F2003D51F2003D5AF
:1015E0001F2003D51F2003D51F2003D51F2003D59F
:1015F0001F2003D51F2003D51F2003D51F2003D58F
:101600007F2003D5FFFFFF171F2003D51F2003D521
:101610001F2003D51F2003D51F2003D51F2003D56E
:101620001F2003D51F2003D51F2003D51F2003D55E
:101630001F2003D51F2003D51F2003D51F2003D54E
:101640001F2003D51F2003D51F2003D51F2003D53E
:101650001F2003D51F2003D51F2003D51F2003D52E
:101660001F2003D51F2003D51F2003D51F2003D51E
:101670001F2003D51F2003D51F2003D51F2003D50E
:101680007F2003D5FFFFFF171F2003D51F2003D5A1
:101690001F2003D51F2003D51F2003D51F2003D5EE
:1016A0001F2003D51F2003D51F2003D51F2003D5DE
:1016B0001F2003D51F2003D51F2003D51F2003D5CE
:1016C0001F2003D51F2003D51F2003D51F2003D5BE
:1016D0001F2003D51F2003D51F2003D51F2003D5AE
:1016E0001F2003D51F2003D51F2003D51F2003D59E
:1016F0001F2003D51F2003D51F2003D51F2003D58E
:101700007F2003D5FFFFFF171F2003D51F2003D520
:101710001F2003D51F2003D51F2003D51F2003D56D
:101720001F2003D51F2003D51F2003D51F2003D55D
:101730001F2003D51F2003D51F2003D51F2003D54D
:101740001F2003D51F2003D51F2003D51F2003D53D
:101750001F2003D51F2003D51F2003D51F2003D52D
:101760001F2003D51F2003D51F2003D51F2003D51D
:101770001F2003D51F2003D51F2003D51F2003D50D
:101780007F2003D5FFFFFF171F2003D51F2003D5A0
:101790001F2003D51F2003D51F2003D51F2003D5ED
:1017A0001F2003D51F2003D51F2003D51F2003D5DD
:1017B0001F2003D51F2003D51F2003D51F2003D5CD
:1017C0001F2003D51F2003D51F2003D51F2003D5BD
:1017D0001F2003D51F2003D51F2003D51F2003D5AD
:1017E0001F2003D51F2003D51F2003D51F2003D59D
:1017F0001F2003D51F2003D51F2003D51F2003D58D
:10180000000200141F2003D51F2003D51F2003D57D
:101810001F2003D51F2003D51F2003D51F2003D56C
:101820001F2003D51F2003D51F2003D51F2003D55C
:101830001F2003D51F2003D51F2003D51F2003D54C
:101840001F2003D51F2003D51F2003D51F2003D53C
:101850001F2003D51F2003D51F2003D51F2003D52C
:101860001F2003D51F2003D51F2003D51F2003D51C
:101870001F2003D51F2003D51F2003D51F2003D50C
:10188000A00200141F2003D51F2003D51F2003D55D
:101890001F2003D51F2003D51F2003D51F2003D5EC
:1018A0001F2003D51F2003D51F2003D51F2003D5DC
:1018B0001F2003D51F2003D51F2003D51F2003D5CC
:1018C0001F2003D51F2003D51F2003D51F2003D5BC
:1018D0001F2003D51F2003D51F2003D51F2003D5AC
:1018E0001F2003D51F2003D51F2003D51F2003D59C
:1018F0001F2003D51F2003D51F2003D51F2003D58C
:10190000800200141F2003D51F2003D51F2003D5FC
:101910001F2003D51F2003D51F2003D51F2003D56B
:101920001F2003D51F2003D51F2003D51F2003D55B
:101930001F2003D51F2003D51F2003D51F2003D54B
:101940001F2003D51F2003D51F2003D51F2003D53B
:101950001F2003D51F2003D51F2003D51F2003D52B
:101960001F2003D51F2003D51F2003D51F2003D51B
:101970001F2003D51F2003D51F2003D51F2003D50B
:101980007F2003D5FFFFFF171F2003D51F2003D59E
:101990001F2003D51F2003D51F2003D51F2003D5EB
:1019A0001F2003D51F2003D51F2003D51F2003D5DB
:1019B0001F2003D51F2003D51F2003D51F2003D5CB
:1019C0001F2003D51F2003D51F2003D51F2003D5BB
:1019D0001F2003D51F2003D51F2003D51F2003D5AB
:1019E0001F2003D51F2003D51F2003D51F2003D59B
:1019F0001F2003D51F2003D51F2003D51F2003D58B
:101A0000000000141F2003D51F2003D51F2003D57D
:101A10001F2003D51F2003D51F2003D51F2003D56A
:101A20001F2003D51F2003D51F2003D51F2003D55A
:101A30001F2003D51F2003D51F2003D51F2003D54A
:101A40001F2003D51F2003D51F2003D51F2003D53A
:101A50001F2003D51F2003D51F2003D51F2003D52A
:101A60001F2003D51F2003D51F2003D51F2003D51A
:101A70001F2003D51F2003D51F2003D51F2003D50A
:101A8000200200141F2003D51F2003D51F2003D5DB
:101A90001F2003D51F2003D51F2003D51F2003D5EA
:101AA0001F2003D51F2003D51F2003D51F2003D5DA
:101AB0001F2003D51F2003D51F2003D51F2003D5CA
:101AC0001F2003D51F2003D51F2003D51F2003D5BA
:101AD0001F2003D51F2003D51F2003D51F2003D5AA
:101AE0001F2003D51F2003D51F2003D51F2003D59A
:101AF0001F2003D51F2003D51F2003D51F2003D58A
:101B0000000200141F2003D51F2003D51F2003D57A
:101B10001F2003D51F2003D51F2003D51F2003D569
:101B20001F2003D51F2003D51F2003D51F2003D559
:101B30001F2003D51F2003D51F2003D51F2003D549
:101B40001F2003D51F2003D51F2003D51F2003D539
:101B50001F2003D51F2003D51F2003D51F2003D529
:101B60001F2003D51F2003D51F2003D51F2003D519
:101B70001F2003D51F2003D51F2003D51F2003D509
:101B80007F2003D5FFFFFF171F2003D51F2003D59C
:101B90001F2003D51F2003D51F2003D51F2003D5E9
:101BA0001F2003D51F2003D51F2003D51F2003D5D9
:101BB0001F2003D51F2003D51F2003D51F2003D5C9
:101BC0001F2003D51F2003D51F2003D51F2003D5B9
:101BD0001F2003D51F2003D51F2003D51F2003D5A9
:101BE0001F2003D51F2003D51F2003D51F2003D599
:101BF0001F2003D51F2003D51F2003D51F2003D589
:101C00007F2003D5FFFFFF171F2003D51F2003D51B
:101C10001F2003D51F2003D51F2003D51F2003D568
:101C20001F2003D51F2003D51F2003D51F2003D558
:101C30001F2003D51F2003D51F2003D51F2003D548
:101C40001F2003D51F2003D51F2003D51F2003D538
:101C50001F2003D51F2003D51F2003D51F2003D528
:101C60001F2003D51F2003D51F2003D51F2003D518
:101C70001F2003D51F2003D51F2003D51F2003D508
:101C80007F2003D5FFFFFF171F2003D51F2003D59B
:101C90001F2003D51F2003D51F2003D51F2003D5E8
:101CA0001F2003D51F2003D51F2003D51F2003D5D8
:101CB0001F2003D51F2003D51F2003D51F2003D5C8
:101CC0001F2003D51F2003D51F2003D51F2003D5B8
:101CD0001F2003D51F2003D51F2003D51F2003D5A8
:101CE0001F2003D51F2003D51F2003D51F2003D598
:101CF0001F2003D51F2003D51F2003D51F2003D588
:101D00007F2003D5FFFFFF171F2003D51F2003D51A
:101D10001F2003D51F2003D51F2003D51F2003D567
:101D20001F2003D51F2003D51F2003D51F2003D557
:101D30001F2003D51F2003D51F2003D51F2003D547
:101D40001F2003D51F2003D51F2003D51F2003D537
:101D50001F2003D51F2003D51F2003D51F2003D527
:101D60001F2003D51F2003D51F2003D51F2003D517
:101D70001F2003D51F2003D51F2003D51F2003D507
:101D80007F2003D5FFFFFF171F2003D51F2003D59A
:101D90001F2003D51F2003D51F2003D51F2003D5E7
:101DA0001F2003D51F2003D51F2003D51F2003D5D7
:101DB0001F2003D51F2003D51F2003D51F2003D5C7
:101DC0001F2003D51F2003D51F2003D51F2003D5B7
:101DD0001F2003D51F2003D51F2003D51F2003D5A7
:101DE0001F2003D51F2003D51F2003D51F2003D597
:101DF0001F2003D51F2003D51F2003D51F2003D587
:101E00007F2003D5FFFFFF171F2003D51F2003D519
:101E10001F2003D51F2003D51F2003D51F2003D566
:101E20001F2003D51F2003D51F2003D51F2003D556
:101E30001F2003D51F2003D51F2003D51F2003D546
:101E40001F2003D51F2003D51F2003D51F2003D536
:101E50001F2003D51F2003D51F2003D51F2003D526
:101E60001F2003D51F2003D51F2003D51F2003D516
:101E70001F2003D51F2003D51F2003D51F2003D506
:101E80007F2003D5FFFFFF171F2003D51F2003D599
:101E90001F2003D51F2003D51F2003D51F2003D5E6
:101EA0001F2003D51F2003D51F2003D51F2003D5D6
:101EB0001F2003D51F2003D51F2003D51F2003D5C6
:101EC0001F2003D51F2003D51F2003D51F2003D5B6
:101ED0001F2003D51F2003D51F2003D51F2003D5A6
:101EE0001F2003D51F2003D51F2003D51F2003D596
:101EF0001F2003D51F2003D51F2003D51F2003D586
:101F00007F2003D5FFFFFF171F2003D51F2003D518
:101F10001F2003D51F2003D51F2003D51F2003D565
:101F20001F2003D51F2003D51F2003D51F2003D555
:101F30001F2003D51F2003D51F2003D51F2003D545
:101F40001F2003D51F2003D51F2003D51F2003D535
:101F50001F2003D51F2003D51F2003D51F2003D525
:101F60001F2003D51F2003D51F2003D51F2003D515
:101F70001F2003D51F2003D51F2003D51F2003D505
:101F80007F2003D5FFFFFF171F2003D51F2003D598
:101F90001F2003D51F2003D51F2003D51F2003D5E5
:101FA0001F2003D51F2003D51F2003D51F2003D5D5
:101FB0001F2003D51F2003D51F2003D51F2003D5C5
:101FC0001F2003D51F2003D51F2003D51F2003D5B5
:101FD0001F2003D51F2003D51F2003D51F2003D5A5
:101FE0001F2003D51F2003D51F2003D51F2003D595
:101FF0001F2003D51F2003D51F2003D51F2003D585
:10200000BF4000D5E007BFA9E20FBFA9E417BFA9F1
:10201000E61FBFA9E827BFA9EA2FBFA9EC37BFA9D0
:10202000EE3FBFA9F047BFA9F24FBFA9F457BFA920
:10203000F65FBFA9F867BFA9FA6FBFA9FC77BFA970
:10204000FE7FBFA903403ED522403ED5E20FBFA987
:10205000C0350058030040F9C0350058020040F96F
:102060005F0000F120020054E007BFADE20FBFADFA
:10207000E417BFADE61FBFADE827BFADEA2FBFAD88
:10208000EC37BFADEE3FBFADF047BFADF24FBFADD8
:10209000F457BFADF65FBFADF867BFADFA6FBFAD28
:1020A000FC77BFADFE7FBFADE20FBFA9A0320058E5
:1020B000010040F9E0030091200000F9BF4100D584
:1020C00000523ED501FC5AD33F5C00F16107005439
:1020D0005C020094BF4000D540310058010040F937
:1020E000200040F91F000091E20FC1A8E030005825
:1020F000E11F80D27F0000F160000054E6300058FC
:10210000C10040F9014618D59F3F03D5DF3F03D5F5
:10211000030000F9E02F0058020000F95F0000F111
:1021200020020054FE7FC1ACFC77C1ACFA6FC1AC99
:10213000F867C1ACF65FC1ACF457C1ACF24FC1ACAB
:10214000F047C1ACEE3FC1ACEC37C1ACEA2FC1AC3B
:10215000E827C1ACE61FC1ACE417C1ACE20FC1ACCB
:10216000E007C1ACE20FC1A803401ED522401ED536
:10217000FE7FC1A8FC77C1A8FA6FC1A8F867C1A803
:10218000F65FC1A8F457C1A8F24FC1A8F047C1A893
:10219000EE3FC1A8EC37C1A8EA2FC1A8E827C1A823
:1021A000E61FC1A8E417C1A8E20FC1A8E007C1A8B3
:1021B000BF4100D5E0039FD6000000141F2003D5C7
:1021C0001F2003D51F2003D51F2003D51F2003D5B3
:1021D0001F2003D51F2003D51F2003D51F2003D5A3
:1021E0001F2003D51F2003D51F2003D51F2003D593
:1021F0001F2003D51F2003D51F2003D51F2003D583
:102200008129005801C01ED59F3F03D5DF3F03D56C
:10221000BF4000D560270058010040F9200040F978
:102220001F000091E20FC1A800270058E11F80D2D3
:102230007F0000F16000005406270058C10040F9FB
:10224000014618D59F3F03D5DF3F03D5030000F9B2
:1022500000260058020000F95F0000F1200200543F
:10226000FE7FC1ACFC77C1ACFA6FC1ACF867C1AC02
:10227000F65FC1ACF457C1ACF24FC1ACF047C1AC92
:10228000EE3FC1ACEC37C1ACEA2FC1ACE827C1AC22
:10229000E61FC1ACE417C1ACE20FC1ACE007C1ACB2
:1022A000E20FC1A803401ED522401ED5FE7FC1A863
:1022B000FC77C1A8FA6FC1A8F867C1A8F65FC1A8EA
:1022C000F457C1A8F24FC1A8F047C1A8EE3FC1A87A
:1022D000EC37C1A8EA2FC1A8E827C1A8E61FC1A80A
:1022E000E417C1A8E20FC1A8E007C1A8BF4100D50B
:1022F000E0039FD61F2003D51F2003D51F2003D541
:10230000E007BFA9E20FBFA9E417BFA9E61FBFA955
:10231000E827BFA9EA2FBFA9EC37BFA9EE3FBFA9A5
:10232000F047BFA9F24FBFA9FD7BBFA900443BD531
:1023300021443BD5E007BFA9FE7FBFADFC77BFAD11
:10234000FA6FBFADF867BFADF65FBFADF457BFAD75
:10235000F24FBFADF047BFADEE3FBFADEC37BFAD05
:10236000EA2FBFADE827BFADE61FBFADE417BFAD95
:10237000E20FBFADE007BFAD03403ED522403ED5E2
:10238000E20FBFA9E51C0058A10040F92604009106
:10239000A60000F9E117BFA9AE010094DF4103D503
:1023A0009F3F03D5DF3F03D5E117C1A8A10000F986
:1023B0003F0000F181120054801B0058010040F9D9
:1023C0003F0000F100120054020080D2020000F928
:1023D000E417C1A805401ED524401ED59F3F03D554
:1023E000DF3F03D5E007C1ACE20FC1ACE417C1ACDD
:1023F000E61FC1ACE827C1ACEA2FC1ACEC37C1ACD9
:10240000EE3FC1ACF047C1ACF24FC1ACF457C1AC28
:10241000F65FC1ACF867C1ACFA6FC1ACFC77C1AC78
:10242000FE7FC1ACE007C1A800441BD521441BD5E9
:10243000FD7BC1A8F24FC1A8F047C1A8EE3FC1A8DB
:10244000EC37C1A8EA2FC1A8E827C1A8E61FC1A898
:10245000E417C1A8E20FC1A8E007C1A8BF4000D59A
:10246000E007BFA9E20FBFA9E417BFA9E61FBFA9F4
:10247000E827BFA9EA2FBFA9EC37BFA9EE3FBFA944
:10248000F047BFA9F24FBFA9F457BFA9F65FBFA994
:10249000F867BFA9FA6FBFA9FC77BFA9FE7FBFA9E4
:1024A00003403ED522403ED5E20FBFA9E0120058BE
:1024B000030040F9E0120058020040F95F0000F10B
:1024C00020020054E007BFADE20FBFADE417BFAD7F
:1024D000E61FBFADE827BFADEA2FBFADEC37BFADFC
:1024E000EE3FBFADF047BFADF24FBFADF457BFAD4C
:1024F000F65FBFADF867BFADFA6FBFADFC77BFAD9C
:10250000FE7FBFADE20FBFA9C00F0058010040F928
:10251000E0030091200000F9BF4100D5490100947B
:10252000BF4000D5E00E0058010040F9200040F9FE
:102530001F000091E20FC1A8800E0058E11F80D259
:102540007F0000F160000054860E0058C10040F981
:10255000014618D59F3F03D5DF3F03D5030000F99F
:10256000800D0058020000F95F0000F120020054C5
:10257000FE7FC1ACFC77C1ACFA6FC1ACF867C1ACEF
:10258000F65FC1ACF457C1ACF24FC1ACF047C1AC7F
:10259000EE3FC1ACEC37C1ACEA2FC1ACE827C1AC0F
:1025A000E61FC1ACE417C1ACE20FC1ACE007C1AC9F
:1025B000E20FC1A803401ED522401ED5FE7FC1A850
:1025C000FC77C1A8FA6FC1A8F867C1A8F65FC1A8D7
:1025D000F457C1A8F24FC1A8F047C1A8EE3FC1A867
:1025E000EC37C1A8EA2FC1A8E827C1A8E61FC1A8F7
:1025F000E417C1A8E20FC1A8E007C1A8BF4100D5F8
:10260000E0039FD6E417C1A805401ED524401ED57F
:102610009F3F03D5DF3F03D5E007C1ACE20FC1AC5C
:10262000E417C1ACE61FC1ACE827C1ACEA2FC1ACCE
:10263000EC37C1ACEE3FC1ACF047C1ACF24FC1AC1E
:10264000F457C1ACF65FC1ACF867C1ACFA6FC1AC6E
:10265000FC77C1ACFE7FC1ACE007C1A800441BD52C
:1026600021441BD5FD7BC1A8F24FC1A8F047C1A8EA
:10267000EE3FC1A8EC37C1A8EA2FC1A8E827C1A83E
:10268000E61FC1A8E417C1A8E20FC1A8E007C1A8CE
:10269000E0039FD61F2003D51F2003D51F2003D59D
:1026A0001F2003D51F2003D51F2003D51F2003D5CE
:1026B0001F2003D51F2003D51F2003D51F2003D5BE
:1026C0001F2003D51F2003D51F2003D51F2003D5AE
:1026D0001F2003D51F2003D51F2003D51F2003D59E
:1026E0001F2003D51F2003D51F2003D51F2003D58E
:1026F0001F2003D51F2003D51F2003D51F2003D57E
:1027000010FC214000000000586A21400000000039
:1027100010E9214000000000B861214000000000E5
:1027200000E921400000000008E92140000000000D
:10273000003802000000000000000000000000005F
:102740000000000000000000000000000000000089
:102750000000000000000000000000000000000079
:102760000000000000000000000000000000000069
:102770000000000000000000000000000000000059
:102780000000000000000000000000000000000049
:102790000000000000000000000000000000000039
:1027A0000000000000000000000000000000000029
:1027B0000000000000000000000000000000000019
:1027C0000000000000000000000000000000000009
:1027D00000000000000000000000000000000000F9
:1027E00000000000000000000000000000000000E9
:1027F00000000000000000000000000000000000D9
:10280000BF4100D5FD7BBFA9F24FBFA9F047BFA9CB
:10281000EE3FBFA9EC37BFA9EA2FBFA9E827BFA9A0
:10282000E61FBFA9E417BFA9E20FBFA9E007BFA930
:1028300000443BD521443BD5E007BFA9FE7FBFAD97
:10284000FC77BFADFA6FBFADF867BFADF65FBFAD48
:10285000F457BFADF24FBFADF047BFADEE3FBFADD8
:10286000EC37BFADEA2FBFADE827BFADE61FBFAD68
:10287000E417BFADE20FBFADE007BFAD03403ED5EB
:1028800022403ED5E20FBFA972000094DF4103D57C
:102890009F3F03D5DF3F03D5E417C1A805401ED5F0
:1028A00024401ED59F3F03D5DF3F03D5E007C1ACD1
:1028B000E20FC1ACE417C1ACE61FC1ACE827C1AC64
:1028C000EA2FC1ACEC37C1ACEE3FC1ACF047C1ACB4
:1028D000F24FC1ACF457C1ACF65FC1ACF867C1AC04
:1028E000FA6FC1ACFC77C1ACFE7FC1ACE007C1A8F8
:1028F00000441BD521441BD5E007C1A8E20FC1A8A5
:10290000E417C1A8E61FC1A8E827C1A8EA2FC1A8FB
:10291000EC37C1A8EE3FC1A8F047C1A8F24FC1A84B
:10292000FD7BC1A8E0039FD6BF4100D5E007BFA94A
:10293000E20FBFA9E417BFA9E61FBFA9E827BFA9F7
:10294000EA2FBFA9EC37BFA9EE3FBFA9F047BFA947
:10295000F24FBFA9FD7BBFA900443BD521443BD525
:10296000E007BFA9FE7FBFADFC77BFADFA6FBFAD7B
:10297000F867BFADF65FBFADF457BFADF24FBFAD67
:10298000F047BFADEE3FBFADEC37BFADEA2FBFADF7
:10299000E827BFADE61FBFADE417BFADE20FBFAD87
:1029A000E007BFAD23000094E007C1ACE20FC1AC6B
:1029B000E417C1ACE61FC1ACE827C1ACEA2FC1AC3B
:1029C000EC37C1ACEE3FC1ACF047C1ACF24FC1AC8B
:1029D000F457C1ACF65FC1ACF867C1ACFA6FC1ACDB
:1029E000FC77C1ACFE7FC1ACE007C1A800441BD599
:1029F00021441BD5FD7BC1A8F24FC1A8F047C1A857
:102A0000EE3FC1A8EC37C1A8EA2FC1A8E827C1A8AA
:102A1000E61FC1A8E417C1A8E20FC1A8E007C1A83A
:102A2000E0039FD600000000140000141F2003D50F
:102A3000100F20F01042189100021FD60000000075
:102A4000300F20D010C22F9100021FD600000000CE
:102A5000100F20F01082199100021FD60000000014
:102A60000000000000000000000000000000000066
:082A700000000000000000005E
:102A8000C006005800C01ED500C01CD500C018D517
:102A9000000080D200101ED500101CD5001018D5E3
:102AA000010600583F000091000080D240111ED561
:102AB00040111CD51F111ED5DF3F03D501008052E8
:102AC000210015322100163221001D3221001E3254
:102AD00021001F3201111ED5DF3F03D50200B0D205
:102AE00002111CD5A00038D5A0001CD5000038D597
:102AF00000001CD51F211CD58003005800E01BD509
:102B00001F870ED51F7108D5881300942003005825
:102B1000410300585B0000941F7108D549140094CC
:102B2000000080D24301009400103ED5000040B266
:102B300000101ED5DF3F03D5400200586102005847
:102B4000500000941F7108D516140094D10500940C
:102B5000000000140000000000300200000000002F
:102B6000F0B521400000000000366E0100000000BA
:102B7000A02E204000000000902E20400000000009
:102B8000102F204000000000D02E20400000000048
:102B9000312E303000000000000000000000000076
:102BA0000000000000000000000000000000000025
:102BB0000000000000000000000000000000000015
:102BC0000000000000000000000000000000000005
:102BD00000000000000000000000000000000000F5
:102BE00000000000000000000000000000000000E5
:102BF00000000000000000000000000000000000D5
:102C00004275696C74207769746820525A2F41208C
:102C1000466C657869626C6520536F667477617283
:102C200065205061636B6167652076657273696FBB
:102C30006E20342E322E3000342E322E3000000022
:102C4000000002040000000000000000000000007E
:102C50000000000000000000000000000000000074
:102C60000000000000000000000000000000000064
:102C70000000000000000000000000000000000054
:102C8000E417BFA9E61FBFA9E40300AAE18F1FF85C
:102C90009F0000F1E1000054E48740F89F0000F13C
:102CA000A1070054E417C1A8E61FC1A8C0035FD65E
:102CB000808440F8818440F8220000CB818440F871
:102CC0001F0000F1A0FEFF5443FC44D37F0000F13D
:102CD000000200540B0000141F2003D51F2003D551
:102CE0001F2003D51F2003D51F2003D51F2003D588
:102CF0001F2003D51F2003D51F2003D51F2003D578
:102D00000518C1A8251881A8630400F1A1FFFF548C
:102D1000420C40F2E00300541A0000141F2003D5B7
:102D20001F2003D51F2003D51F2003D51F2003D547
:102D30001F2003D51F2003D51F2003D51F2003D537
:102D40001F2003D51F2003D51F2003D51F2003D527
:102D50001F2003D51F2003D51F2003D51F2003D517
:102D60001F2003D51F2003D51F2003D51F2003D507
:102D70001F2003D51F2003D51F2003D51F2003D5F7
:102D80000514403825140038420400F1A1FFFF5417
:102D9000C8FFFF17818440F8828440F8420001CBCD
:102DA0003F0000F140F8FF54000080D243FC44D3C0
:102DB0007F0000F1C0020054050080D2060080D2DE
:102DC000100000141F2003D51F2003D51F2003D59A
:102DD0001F2003D51F2003D51F2003D51F2003D597
:102DE0001F2003D51F2003D51F2003D51F2003D587
:102DF0001F2003D51F2003D51F2003D51F2003D577
:102E0000251881A8630400F1C1FFFF54420C40F271
:102E1000E00300541B0000141F2003D51F2003D51E
:102E20001F2003D51F2003D51F2003D51F2003D546
:102E30001F2003D51F2003D51F2003D51F2003D536
:102E40001F2003D51F2003D51F2003D51F2003D526
:102E50001F2003D51F2003D51F2003D51F2003D516
:102E60001F2003D51F2003D51F2003D51F2003D506
:102E70001F2003D51F2003D51F2003D51F2003D5F6
:102E800020140038420400F1C1FFFF54C2FFFF17B5
:102E90000000000000000000000000000000000032
:102EA000782A204000000000782A2040000000001E
:102EB000784A02000000000000000000000000004E
:102EC0000000000000000000000000000000000002
:102ED0000096214000000000009621400000000004
:102EE00000B6214000000000F00022400000000079
:102EF000F020228000000000F0202280000000006E
:102F000000000000000000000000000000000000C1
:102F10000010204000000000782A2040000000003F
:102F2000003002000000000000000000000000006F
:102F30000000000000000000000000000000000091
:102F4000FD7BBEA9FD030091F35301A9F40300AA80
:102F5000E40D009420030035E00314AA850D0094CD
:102F6000F303002A00010035000000B0001040F912
:102F70003C270094E003132AF35341A9FD7BC2A828
:102F8000C0035FD6E00314AABA0E0094A002003575
:102F9000000000B0140440F9010000B0E00314AADE
:102FA000210C40F947260094E003132AF35341A96A
:102FB000FD7BC2A8C0035FD6F303002A010000B066
:102FC000000000B0210040F9000440F93D260094C3
:102FD000E003132AF35341A9FD7BC2A8C0035FD6C7
:102FE000010000B0000000B0210840F9140440F9CD
:102FF000E00314AA33260094E8FFFF171F2003D52F
:1030000040482140000000006048214000000000CE
:10301000784821400000000098482140000000004E
:10302000B84821400000000000000000000000003F
:10303000200100341F08007140000054C0035FD617
:103040000100009000000090213C40F9004040F950
:103050002C0D00140100009000000090213440F974
:10306000003840F95B0B0014185F2140000000009D
:1030700030BD214000000000B06021400000000091
:10308000E8BC21400000000000000000000000003B
:10309000FD7BBCA9020000900100009000000090A0
:1030A000FD030091F35301A9537C40F9F51300F996
:1030B000148440F9FFC30039358040F9FF1F00F93F
:1030C000600240F9E1C3009102008092611800940F
:1030D0001F0400F161FFFF54E00315AAF9250094D5
:1030E000E21F40F9E00314AAE1C34039F52500943A
:1030F000F4FFFF171F2003D5E0BC214000000000B3
:10310000E04821400000000010492140000000007C
:10311000FD7BB8A9000080D2FD030091F35301A903
:10312000F55B02A9F76303A9F96B04A9FB7305A971
:10313000041F009400000090006441F9E125009410
:103140000100009000000090216841F9156C41F9E0
:10315000E00315AA7BFFFF97A00A00350A00009044
:103160000900009008000090070000900500009002
:103170000200009001000090000000900600009006
:103180000400009003000090547541F9337941F92F
:10319000167D41F9FB8041F9BA8841F9599041F90E
:1031A000389441F9179841F9C68441F9848C41F962
:1031B000E43F00F9637041F9E39B06A91F2003D5A2
:1031C00081024039E00313AA81010037A52600944B
:1031D000C00240F9813E80D2AA1800941F0400F179
:1031E00001FFFF54E0031BAA9E2600948102403990
:1031F000E00313AAC1FE0736E00315AAED0C009404
:10320000FC03002AC0010035E00319AA95260094AA
:10321000E00315AA170E0094FC03002A00030035F2
:10322000E00318AA8F260094E00317AA8D260094C5
:10323000000080D2C31E0094E2FFFF17E00315AA2E
:103240000C0E0094C0020035E13F40F9E0031AAAD9
:103250009C250094E03740F9E1031C2A992500944D
:10326000000020D4E00319AA7E260094E00315AAEA
:10327000000E0094FC03002A40FDFF34E13B40F9BE
:10328000E0031AAA8F250094E03740F9E1031C2AD5
:103290008C250094000020D4E2FFFF17E13B40F9A9
:1032A000E0031AAA87250094E8FFFF17E103002A2C
:1032B00000000090007041F982250094000020D4A5
:1032C000A7FFFF171F2003D5384921400000000049
:1032D000A05F214000000000B0BD214000000000C0
:1032E000704921400000000001B6214000000000AC
:1032F000904921400000000000BC21400000000077
:10330000D049214000000000084A21400000000090
:103310006048214000000000384A214000000000C1
:10332000684A214000000000904A2140000000004F
:10333000C04A214000000000000000000000000022
:10334000FD7BBDA900000090FD030091F30B00F987
:1033500013E441F9FF1700F9600240391F2800719A
:1033600001010054000000902100805200E841F962
:1033700001000039F30B40F9FD7BC3A8C0035FD601
:1033800000000090E1A3009100EC41F9000040F939
:1033900040170094E11740F9600240390004001121
:1033A0006002003981FEFFB400000090210080D24D
:1033B00000F041F9010000F9F30B40F9FD7BC3A8CF
:1033C000C0035FD61F2003D500B6214000000000D7
:1033D00001B621400000000000BC214000000000B8
:1033E00008E921400000000000000000000000008B
:1033F000FD7BB4A901000090820C8052FD03009176
:10340000214443F9E0830291F35301A9F55B02A93A
:10341000F76303A9F96B04A9FB7305A9FFA300B91E
:10342000E2C30239E15F00F99A0F009401000090B5
:1034300000000090E4874239214843F9E38B423988
:10344000E28F4239004C43F91E25009400000090A1
:10345000005043F903260094C61D0094E05700F97C
:1034600001000090395443F9200340F97D1B00947A
:103470001F08007168000054200340F9311E0094B9
:1034800000000090005843F90E25009401000090C0
:1034900000000090215C43F9186043F9E00318AA8A
:1034A000A8FEFF97E103002A400E00350E000090B1
:1034B0000D0000900C0000900B0000900A0000909E
:1034C00009000090030000900800009007000090A1
:1034D000060000900500009004000090020000909B
:1034E0000100009000000090D46943F9B36D43F9E6
:1034F000977143F9767543F9557943F93C7D43F962
:103500007A9043F9088143F9E78443F9C68843F97F
:10351000E81B09A9A56443F9E71708A9848C43F9B6
:10352000429443F9E40B06A9219843F9009C43F91E
:10353000E10307A91F2003D561024039800240F949
:1035400061020037E1C30291030080D2823E80D243
:10355000BC1500941F0400F101FFFF54E00317AAFB
:10356000D8240094E00316AABE250094813E80D2A0
:10357000E0A302910B1D0094E00315AAB925009465
:1035800061024039800240F9E1FD0736010080D236
:10359000B01400941F0400F101FDFF54E0031CAAC5
:1035A000B0250094E00318AA020C0094FB03002A43
:1035B00080020035E03340F9AA250094E00318AA00
:1035C0002C0D0094FB03002AC0030035400340F992
:1035D000DC1D0094E03740F9BA240094200340F940
:1035E0007C1B0094E03B40F99E250094E03F40F9AD
:1035F0009C250094000080D2D21D0094CFFFFF17BD
:10360000E00318AA1B0D0094C0020035E04340F906
:10361000E14F40F9AB240094E04740F9E1031B2A55
:10362000A8240094000020D4E03340F98D250094B4
:10363000E00318AA0F0D0094FB03002A80FCFF345E
:10364000E04340F9E14B40F99E240094E04740F903
:10365000E1031B2A9B240094000020D4DCFFFF1709
:10366000E04340F9E14B40F996240094E8FFFF174E
:1036700000000090006443F992240094000020D4DC
:103680008BFFFF171F2003D5104B214000000000C7
:10369000204B214000000000284B2140000000008A
:1036A000604D21400000000048C82140000000009B
:1036B000B84E214000000000605F21400000000083
:1036C00078BD21400000000070492140000000004A
:1036D000E0BC21400000000003B6214000000000D3
:1036E000F04E214000000000284F21400000000063
:1036F000584F214000000000804F21400000000092
:10370000A84F214000000000604821400000000058
:10371000D84F214000000000085021400000000068
:1037200040C821400000000030502140000000004F
:10373000605021400000000088502140000000003F
:10374000FD7BBDA900000090FD030091F30B00F983
:1037500013EC43F9FF1700F9600240391F2800718C
:1037600001010054000000902100805200F043F954
:1037700001000039F30B40F9FD7BC3A8C0035FD6FD
:103780000000009001000090E2A30091030080D2AD
:1037900000F843F921F443F9000040F9C9150094F9
:1037A0001F0400F181000054600240390004001140
:1037B00060020039E01740F9E0FDFFB4000000901E
:1037C000210080D200FC43F9010000F9F30B40F91D
:1037D000FD7BC3A8C0035FD602B6214000000000F5
:1037E00003B6214000000000406A214000000000B4
:1037F000E0BC21400000000008E92140000000007A
:10380000FD7BBCA900000090FD030091F35301A9CA
:10381000138044F9F55B02A9F71B00F9600240B977
:10382000200300340100009000000090378C44F920
:10383000169444F900000090009844F9150840F9E6
:10384000140440A9A20240F9E00314AA40003FD6A4
:10385000A30640F9F303002AE10240B9E00314AAE9
:1038600002008052C142218B60003FD6F55B42A925
:10387000E003132AF35341A9F71B40F9FD7BC4A8C9
:10388000C0035FD65F120094E40300AA0300009017
:1038900062008052010080D2200080D2638444F90B
:1038A000640000F97B14009401000090030080D2B2
:1038B000020080D2248844F9010080D2800000F9FF
:1038C000E0140094010000900000009003000090BC
:1038D000028080D2378C44F901008052009044F974
:1038E000769444F9FF0200B91F0000B9E00316AA5C
:1038F0005426009420008052600200B9CEFFFF17CA
:1039000028BA21400000000020BA21400000000039
:1039100018BA21400000000014BA21400000000045
:1039200010BA21400000000010B621400000000045
:10393000E05F2140000000000000000000000000E7
:10394000FD7BBCA902000090FD030091F76303A971
:10395000F80300AAF703012A402045F9000040B906
:10396000C006003400008052770500340200009049
:103970000100009000000090F35301A9542445F980
:10398000F55B02A915008052332845F9162C45F93C
:10399000620240B9800240B91F00026BE10000548E
:1039A000200080D24F1C0094620240B9830240B9CB
:1039B0007F00026B60FFFF54E40318AA4304001168
:1039C0007F001071C24A623863309F1A630200B9E7
:1039D00082140038B50600115F28007160010054A0
:1039E0005F340071A0000054FF02156BA001005469
:1039F000F80304AAE7FFFF17600240B9C06A603805
:103A00001F28007120FFFF54F35341A9E003152A3A
:103A1000F55B42A9F76343A9FD7BC4A8C0035FD649
:103A2000F35341A9E003172AF55B42A9F76343A9C1
:103A3000FD7BC4A8C0035FD672FFFF97CAFFFF17C4
:103A400028BA21400000000014BA21400000000004
:103A500010BA21400000000010B621400000000014
:103A6000FD7BBDA902000090FD030091F35301A965
:103A7000F30300AAF403012A408845F9F51300F97D
:103A8000000040B920040034000000900100809242
:103A9000158C45F9A00240F97A16009400000090B8
:103AA000E203142AE10313AA009045F9030840F940
:103AB000000040F9630840F960003FD6F303002A94
:103AC00001000090230080D204008092E20303AA48
:103AD000209445F9E10303AA000040F9D9110094AC
:103AE000A00240F9030080D2020080D2010080D2FF
:103AF00054140094F51340F9E003132AF35341A939
:103B0000FD7BC3A8C0035FD63EFFFF97DFFFFF1713
:103B100028BA21400000000018BA2140000000002F
:103B2000E05F21400000000020BA214000000000BA
:103B3000FD7BBDA901000090FD030091F30B00F98E
:103B4000F30300AA200446F9000040B92003003422
:103B5000B30200B4600640B90003083740021036D3
:103B60000000009001000090640A40B9001446F97A
:103B7000221846F9030040B9010040B944482338EF
:103B80003FFC0F7188000054010040B9210400116E
:103B9000010000B9010040B93FFC0F714900005419
:103BA0001F0000B9F30B40F9FD7BC3A8C0035FD62B
:103BB00014FFFF97E7FFFF1701000090000000903F
:103BC000E3A3009122008052210846F9FF1700F973
:103BD000000C46F9210040F96E200094E00000B48A
:103BE000E01740F9A00000B400000090210080D24E
:103BF000001046F9010000F9600640B940FD173693
:103C0000D8FFFF171F2003D528BA2140000000006D
:103C100020BA214000000000808520400000000004
:103C200008E921400000000014BA21400000000013
:103C300010B621400000000000000000000000005D
:103C4000FD7BBCA903000090FD030091638046F951
:103C5000F35301A9F403002AF30302AA600040F918
:103C6000600000B4022440F9020300B49F4E0071CA
:103C70006803005400000090947E7C93F51300F9D3
:103C8000008446F91500148B006874B81F040031D5
:103C900040020054E00301AAE103132A29FFFF9721
:103CA0001F04003160020054A10E40B96002004BB5
:103CB0002100000BA10E00B9F51340F9F35341A9FF
:103CC000FD7BC4A8C0035FD6E11F00F93525009431
:103CD000E11F40F9E6FFFF17F51340F9ED200094CE
:103CE00021018052010000B900008012F4FFFF178B
:103CF000F51340F900008012F1FFFF171F2003D5D4
:103D0000787C21400000000030BA21400000000013
:103D1000FD7BBDA903000090FD03009163EC46F913
:103D2000F35301A9137C4093F51300F9F40301AA9E
:103D3000F503022A600040F9600000B4012440F954
:103D4000A10300B47F4E0071C8030054000000902E
:103D5000617E7C9300F046F90200018B016861B836
:103D60003F040031E0020054BF0A0071A801005472
:103D7000BF060071000100541310138BE00314AA56
:103D8000740E00B9F35341A9F51340F9FD7BC3A8A4
:103D9000C0035FD6410C80B9940201ABE5FEFF542D
:103DA000BC200094C1028052010000B90000809242
:103DB000F5FFFF17FB2400947F4E007189FCFF5430
:103DC000B420009421018052010000B900008092CB
:103DD000EDFFFF171F2003D5787C21400000000075
:103DE00030BA214000000000000000000000000088
:103DF000FD7BBCA903000090FD030091636C47F9B3
:103E0000F35301A9F303002AF40302AA600040F966
:103E1000600000B4022440F9420300B47F4E0071F8
:103E2000A804005400000090737E7C93F51300F901
:103E3000007047F91500138B006873B81F04003138
:103E400080030054E00301AAE103142A05FFFF9751
:103E5000E103002AA003F837A20E40B98002004B0C
:103E60004200000BA20E00B99F02016B200100541A
:103E7000F51340F9F35341A9FD7BC4A8C0035FD6F5
:103E8000E11F00F9C7240094E11F40F9E4FFFF1788
:103E900080200094E10300AA000080523F0000B996
:103EA000F35341A9F51340F9FD7BC4A8C0035FD6C5
:103EB000F51340F97720009421018052010000B9E8
:103EC00000008012ECFFFF17F51340F9000080128C
:103ED000E9FFFF171F2003D5787C21400000000078
:103EE00030BA214000000000000000000000000087
:103EF000FD7BBEA901000090FD030091F30B00F9CA
:103F0000F303002A20BC47F9000040F9600000B428
:103F1000012440F9E10100B47F4E007128020054F1
:103F200000000090737E7C9301C047F9206873B84D
:103F30001F04003160010054020080120000805212
:103F4000226833B8F30B40F9FD7BC2A8C0035FD6EB
:103F5000942400947F4E007149FEFF541F2003D526
:103F60004C200094E10300AA22018052000080123C
:103F7000220000B9F4FFFF17787C21400000000008
:103F800030BA2140000000000000000000000000E6
:103F90000004004F03008452028080D2000080524F
:103FA0003F3000F9200000AD200002AD230400B92D
:103FB000200001AD222400F9C0035FD600000000FC
:103FC000FD7BBEA9010000B0FD030091F30B00F9D9
:103FD000F303002A202040F9000040F9600000B4FB
:103FE000012440F9C10100B47F4E0071E801005482
:103FF000010000B0607E7C93212440F9206860B805
:104000001F040031200100547F060071E0879F1AD1
:10401000F30B40F9FD7BC2A8C0035FD66124009476
:104020007F4E007169FEFF541A200094E10300AA3C
:104030002201805200008052220000B9F5FFFF17D4
:10404000787C21400000000030BA214000000000D0
:10405000FD7BBFA90000009002000090FD030091CD
:10406000036C40F904008052427040F9E10180D2B3
:10407000800080D24312009402000090427440F904
:10408000400000F9E00100B400000090020080D27E
:10409000010080D264008052037840F9200080D271
:1040A00038120094E10300AA02000090427C40F91B
:1040B000400000F9C00000B4FD7BC1A8C0035FD67A
:1040C000E10300AA37000094F0FFFF17FD7BC1A8B1
:1040D000340000141F2003D550BC21400000000014
:1040E00010BC214000000000E0BC214000000000A6
:1040F00070BB21400000000000BC21400000000017
:10410000FD7BBEA90200009001000090FD0300911C
:10411000F35301A90000009053BC40F921B440F9C9
:10412000620240F914B840F9E00314AA40003FD6F7
:1041300001000090E00314AA642E40F9030080D22D
:1041400021C040F9020080D280003FD6610640F9CC
:10415000E00314AAF35341A9F00301AAFD7BC2A80E
:1041600000021FD61F2003D5205F21400000000061
:1041700040BD214000000000186221400000000006
:104180002049204000000000000000000000000066
:10419000B0FFFF170000000000000000000000005A
:1041A000000020D4C0035FD6000000000000000023
:1041B000FD7BBEA90000009001008092FD030091EC
:1041C000F35301A9133841F9600240F9AD1400948A
:1041D0001F0400F180000054600240F9010080D209
:1041E000F0FFFF9700000090003C41F901004039CA
:1041F00081000036F35341A9FD7BC2A8C0035FD6FE
:104200002100805201000039E2FFFF97000000907A
:10421000144041F91F2003D5800240B90004005129
:10422000800200B980FEFF34600240F9030080D2B2
:10423000020080D2010080D2821200941F0400F19B
:10424000C0FEFF54600240F9010080D2D5FFFF9705
:10425000800240B900040051800200B960FEFF35C1
:10426000F35341A9FD7BC2A8C0035FD61F2003D52D
:1042700030C821400000000038C821400000000084
:104280003CC82140000000000000000000000000C9
:10429000FD7BBFA90200009001000090000000908B
:1042A000FD030091428441F9218841F9008C41F9D4
:1042B0005F0000B93F0000390A020094020000903C
:1042C000210080D2002080D2429041F91D1200943A
:1042D00002000090429441F9400000F9000100B44E
:1042E000A80000943F000094720000949918009474
:1042F00000008052FD7BC1A8C0035FD6E10300AA85
:10430000A8FFFF97F7FFFF173CC8214000000000FF
:1043100038C82140000000009060214000000000EB
:10432000A0C721400000000030C82140000000006C
:10433000050000900400009003108052A5AC41F9E4
:10434000050000F980B041F9200000F9430000B9F0
:10435000C0035FD61F2003D5F0C621400000000037
:10436000F0C221400000000000000000000000003A
:10437000050000900400009003108052A5CC41F984
:10438000050000F980D041F9200000F9430000B990
:10439000C0035FD61F2003D540C2214000000000AB
:1043A00040BE2140000000000000000000000000AE
:1043B000FD7BBEA9FD030091F30B00F9F30300AAF6
:1043C0007CFFFF97E00313AAF30B40F9FD7BC2A823
:1043D00030FBFF170000000000000000000000009C
:1043E000FD7BBEA90300009002000090FD03009138
:1043F000672C42F9F30B00F90100009000000090D7
:1044000005000090240080D2E60040B9433442F910
:10441000C6040011213842F902208052003C42F9C2
:10442000E60000B9B33042F9E50313AA551700942A
:104430001F0400F181000054F30B40F9FD7BC2A87A
:10444000C0035FD6600240F9010080D2F30B40F94F
:10445000FD7BC2A853FFFF173CC8214000000000AD
:1044600040C82140000000003861214000000000E9
:10447000C050214000000000B04320400000000078
:10448000FD7BBEA9FD030091F30B00F9F30300AA25
:1044900048FFFF97E00313AAF30B40F9FD7BC2A886
:1044A0001CFBFF17000000000000000000000000DF
:1044B000FD7BBEA90300009002000090FD03009167
:1044C000679442F9F30B00F901000090000000909E
:1044D00005000090240080D2E60040B9439C42F9D8
:1044E000C604001121A042F90210805200A442F932
:1044F000E60000B9B39842F9E50313AA2117009426
:104500001F0400F181000054F30B40F9FD7BC2A8A9
:10451000C0035FD6600240F9010080D2F30B40F97E
:10452000FD7BC2A81FFFFF173CC821400000000010
:1045300048C8214000000000406121400000000008
:10454000D0502140000000008044204000000000C6
:10455000FD7BBEA9FD030091F30B00F9F30300AA54
:1045600014FFFF97E00313AAF30B40F9FD7BC2A8E9
:10457000A0FBFF170000000000000000000000008A
:10458000FD7BBFA90000009002000090FD03009198
:1045900008FC42F905000090030000900100009023
:1045A00000000090240080D2070140B9460043F982
:1045B000E7040011A50443F902208052630843F97F
:1045C000070100B9210C43F9001043F9A916009422
:1045D00002000090421443F9400000F9600000B46A
:1045E000FD7BC1A8C0035FD6FD7BC1A8E10300AA83
:1045F000ECFEFF171F2003D53CC82140000000003F
:1046000058C8214000000000F08D2140000000004B
:104610004861214000000000E050214000000000FF
:10462000504520400000000050C82140000000001C
:10463000FD7BBEA9E30300AAC4C28252FD03009120
:10464000843C10332A238352F30B00F94A3D103384
:10465000202181526962825248428252A7A282522C
:1046600086828252E5E282522C24845264102E29E2
:10467000E4C705B26D2040D1003C1033293D103312
:10468000083D1033E73C1033C63C1033A53C1033D3
:104690008C3D1033ABA08052640016F8E4C303B223
:1046A0006A282D29EAC304B26B3D1033FEC306B25B
:1046B000EEC707B2EFC305B2F3CB00B2640015F842
:1046C000646484526C302B29ECE300B265142F290A
:1046D000A5A484526618302986848452671C312927
:1046E000E7E4845268203229C8C4845269243329FB
:1046F000292585526A303AA90A0585526F001BF8B0
:10470000A53C103360003729608004D16E4C3CA971
:10471000C63C1033E73C10337E001DF8083D1033D3
:104720006B2C3B29293D10334A3D1033843C103318
:10473000F0C300B2F1C700B2F2C307B2EFE303B2B5
:1047400072443EA98E0180D27F7C30A96A2822293A
:104750006924232968202429671C2529661826290D
:10476000651427296F0014F86410292962403FA9B5
:10477000A1793FF9AE7D3FF91F7C00A9F30B40F909
:10478000FD7BC2A8C0035FD600000000000000004F
:10479000FD7BBFA9FD030091404238D500041E12E5
:1047A0001F30007121010054DF4103D59F3F03D525
:1047B000DF3F03D553FEFF971C400094000080D2DA
:1047C000FD7BC1A8C0035FD60300009002000090EB
:1047D000000000902122805263F443F942F843F92B
:1047E00000FC43F9B30A0094F0502140000000009F
:1047F000A061214000000000105121400000000095
:10480000DF4103D59F3F03D5DF3F03D5004638D5B1
:104810001F2002F1A000005400118052004618D55C
:104820009F3F03D5DF3F03D5FF4103D59F3F03D50E
:10483000DF3F03D500000090004844F9010040F933
:1048400021040091010000F9000040F91F0400F16B
:1048500040000054C0035FD600000090004C44F9B3
:10486000000040F980FFFFB4FD7BBFA9030000906A
:104870000200009000000090FD030091635044F995
:1048800021288052425444F9005844F9890A00947E
:10489000586A21400000000000E9214000000000AB
:1048A00040512140000000008861214000000000CC
:1048B0001051214000000000000000000000000036
:1048C00000000090008844F9010040F9010200B4A2
:1048D000010040F9210400D1010000F9000040F975
:1048E000600100B5E01F80D2DF4103D59F3F03D5B3
:1048F000DF3F03D5004618D59F3F03D5DF3F03D5E3
:10490000FF4103D59F3F03D5DF3F03D5C0035FD6EB
:10491000586A214000000000000000000000000074
:10492000FD7BBFA9FD03009160CB38D51FC003F10B
:10493000E1040054DF4103D59F3F03D5DF3F03D59A
:1049400020423BD54003303600118052004618D536
:104950009F3F03D5DF3F03D5FF4103D59F3F03D5DD
:10496000DF3F03D593180094A00000B4000000902E
:10497000210080D2000845F9010000F9E01F80D233
:10498000DF4103D59F3F03D5DF3F03D5004618D550
:104990009F3F03D5DF3F03D5FF4103D59F3F03D59D
:1049A000DF3F03D5FD7BC1A8C0035FD603000090A5
:1049B0000200009000000090A12E8052630445F98F
:1049C00042FC44F9000045F93A0A009403000090C3
:1049D0000200009000000090212D805263F844F9FD
:1049E00042FC44F9000045F9320A00941F2003D527
:1049F0006051214000000000706121400000000073
:104A00001051214000000000A8512140000000008A
:104A100008E9214000000000000000000000000044
:104A2000600100B5E01F80D2DF4103D59F3F03D571
:104A3000DF3F03D5004618D59F3F03D5DF3F03D5A1
:104A4000FF4103D59F3F03D5DF3F03D5C0035FD6AA
:104A5000DF4103D59F3F03D5DF3F03D5014638D55E
:104A6000200080D23F2002F1C0000054001180528B
:104A7000004618D59F3F03D5DF3F03D5000080D205
:104A8000FF4103D59F3F03D5DF3F03D5C0035FD66A
:104A900060CB38D51F1C02F149000054C0035FD61B
:104AA000FD7BBFA903000090020000900000009071
:104AB000FD030091636445F9213C8052426845F949
:104AC000006C45F9FB090094C8512140000000002A
:104AD0005061214000000000105121400000000002
:104AE000C0035FD6000000000000000000000000CE
:104AF000FD7BBEA9FD030091F30B00F9134080D2AA
:104B00005320A2F2010C0094DE160094600A4BB907
:104B100000000032600A0BB99F3F03D57F2003D508
:104B2000DF3F03D5FB0B0094DF3F03D5F70B009469
:104B3000600A4BB900781F12600A0BB9F50B00949C
:104B4000F30B40F9FD7BC2A8D6160014000000004C
:104B50003F0000F1E40300AA041840FA200080524C
:104B600040010054860040B9A5CA88526568AA72FF
:104B7000E0008052DF00056B81000054000080528D
:104B8000810C04A9822800F9C0035FD60000000050
:104B9000C0008052C0035FD600000000000000008B
:104BA00002504039C30980526500020A055000399D
:104BB000E203052A23044039030800392300403961
:104BC00004004079631043D3640400330400007987
:104BD00023004039630008362308C0390301F83741
:104BE0002100403923000012210842D3611C012A10
:104BF0002100022A01500039C0035FD6A5001C32F3
:104C00000550003942001B3223084039030800399F
:104C10002100403923000012210842D3611C012ADF
:104C20002100022A01500039C0035FD600000000B5
:104C3000FD7BBCA9FD030091F35301A9F30300AA76
:104C4000002440F9E00200B4041440A9F4A3009148
:104C5000E49702A9030840F9830A00F9631640F9B2
:104C60006300403903080029010800B9612A40F9AE
:104C7000010800F9612240F920003FD6602640F982
:104C8000A00000B4E28F42A9020C00A9810A40F9F9
:104C9000010800F9F35341A9FD7BC4A8C0035FD606
:104CA000F4A30091E00314AAEDFFFF170000000039
:104CB000FD7BBEA9FD030091F30B00F9F30300AAED
:104CC000001840F9011C40793F1040F26002005486
:104CD0000210407901284039642240B9433C001257
:104CE000211C001202021837230410374402003539
:104CF000820080521F2003D5632240F943FEFFB497
:104D0000E00313AACBFFFF97601A40F9011C40791A
:104D10003F1040F2E1FDFF54F30B40F9FD7BC2A8C8
:104D2000C0035FD60202805283FE17360203805210
:104D3000F2FFFF17600E40F901000039610E40F9E3
:104D4000602240B921040091610E00F90004005175
:104D5000602200B9A0FDFF35602240F960FDFFB47C
:104D60002200805201008052E6FFFF1702018052AC
:104D7000E2FFFF170000000000000000000000003C
:104D80001F0000F1241840FA60010054030040B9EC
:104D9000A2CA88526268AA72E00080527F00026B49
:104DA000810000540004002F00008052200000FD0C
:104DB000C0035FD620008052C0035FD60000000011
:104DC000E00500B4FD7BBDA9FD030091F35301A9EB
:104DD000F30300AAF40301AAA1CA8852E00080529A
:104DE000620240B96168AA725F00016B210400543D
:104DF000602240B9800200B97F2200B9601640F9F4
:104E0000001840F9000200B4010840F9000040F920
:104E1000211040F920003FD6C0020035601640F94D
:104E2000E1830091001840F9020840F9000040F9C0
:104E3000421C40F940003FD6C0010035E02F40B988
:104E4000800200B9611A40F92018407900001F3231
:104E500020180079611A40F920184079E0FF0F36D8
:104E6000221840790000805242781E1222180079E0
:104E7000F35341A9FD7BC3A8C0035FD62000805235
:104E8000C0035FD60000000000000000000000002A
:104E9000000800B4FD7BBEA9FD030091F35301A9F6
:104EA000F30300AAF403012AA1CA8852E000805249
:104EB000620240B96168AA725F00016B010600548A
:104EC00054060836621A40F961EF9F520000805282
:104ED000430840792100030A41080079611640F92E
:104EE000211C40F9A10000B4220840F9200040F93B
:104EF000411040F920003FD6621A40F97F1200B9F4
:104F00004118407921001E3241180079611A40F998
:104F100022184079E2FF17362218407942781D1294
:104F200022180079C0020035B4020036611640F93B
:104F30007F2200B900008052211840F9A10000B47E
:104F4000220840F9200040F9411040F920003FD6E6
:104F5000621A40F94118407921001F324118007946
:104F6000621A40F91F2003D541184079E1FF0F363E
:104F70004118407921781E1241180079F35341A954
:104F8000FD7BC2A8C0035FD6C0008052E7FFFF17B9
:104F900020008052C0035FD6000000000000000027
:104FA0003F0000F1E30300AA4418407A041840FAD5
:104FB0002000805241000054C0035FD6650040B914
:104FC000A4CA88526468AA72E0008052BF00046BD1
:104FD00041FFFF54601040B900020035651840F9E8
:104FE000A408407984781812A4080079651840F95B
:104FF000A408407984781D12A4080079610400F99E
:10500000641840F9621000B9810840792100193212
:1050100081080079C0035FD600018052C0035FD6CB
:10502000C00300B4E60300AAA2CA88526268AA724A
:10503000E0008052C30040B97F00026BE1000054E1
:10504000C31840F9200080526208407942040012DF
:105050005F00006B49000054C0035FD6FD7BBFA911
:1050600062E19F52FD030091600840794400000A0C
:1050700064080079DF0400F987081C32C01840F981
:10508000C8FEFF9700008052C11840F92708007938
:10509000FD7BC1A8C0035FD620008052C0035FD64D
:1050A000FD7BBDA9FD030091F35301A9E00800B405
:1050B000F40300AAA0CA88526068AA72F300805262
:1050C000810240B93F00006BA0000054E003132AA6
:1050D000F35341A9FD7BC3A8C0035FD6F51300F9C4
:1050E0009F0200B9801A40F91F080079811640F923
:1050F000201440B9332840F986080094801640F9FE
:10510000002C40B983080094600640B981080094DF
:10511000801640F9001C40B97E080094801640F9C2
:10512000002440B97B08009412090094F30300AAFC
:10513000000080D20B090094811640F9E00313AA05
:1051400033008052026C81D22220A2F22100403929
:105150002100130B6122C11A213C1053213C003263
:10516000410800B9410840B9FE08009401090094C3
:10517000F50300AA000080D2FA080094801640F9D6
:105180002320A2D2010040396122C11A213C1053D0
:10519000618405B9801640F9000040396222C01AC6
:1051A000610447B93300026AC1FFFF54E00315AA46
:1051B000EC080094F51340F9E003132AF35341A9D6
:1051C000FD7BC3A8C0035FD633008052E003132ADF
:1051D000F35341A9FD7BC3A8C0035FD600000000C4
:1051E000C0008052C0035FD6000000000000000035
:1051F0003F0000F1E30300AA4418407A041840FA83
:105200002000805241000054C0035FD6650040B9C1
:10521000A4CA88526468AA72E0008052BF00046B7E
:1052200041FFFF54602040B980000035610C00F957
:10523000622000B9C0035FD600018052C0035FD670
:10524000FD7BBBA93F0000F1041840FAFD0300916B
:10525000F35301A934008052E0300054F55B02A9F9
:10526000F30301AA362840F9F63000B4C11E40F914
:10527000A13000B4F50300AAC00A40F9403000B4E0
:10528000A20240B9A0CA88526068AA725F00006B8F
:105290006031005462024039E00380520024C21A97
:1052A0001400001260300036601640B9802FF837C5
:1052B000601E40B9402FF837602640B9002FF837FC
:1052C000602E40B9C02EF837C00640B9802EF8379E
:1052D000F76303A9F96B04A9B38602A9602240F918
:1052E000A02200F9602640F9BF8204A9742E40B9BB
:1052F000792A40F9E003142A77A24039050800947E
:10530000987E409393080094E303002A615C4092E6
:105310000200B052637C78D3E003142A631C6092CD
:10532000210003AA0F080094E1121D53E003142A80
:105330000008009401000090E003142A37AC44F9FF
:10534000E17A78B817080094E003142A41008052EB
:105350002808009421008052E003142A4908009490
:105360000000009014B044F9957A38F8781640B9E6
:105370007A424039E003182AE60700947508009441
:10538000E303002A615C40920200B052637C78D350
:10539000E003182A631C6092210003AAF10700941D
:1053A00041131D531A7F4093E003182AE10700942C
:1053B000E003182AE17A7AB8FA070094E003182A81
:1053C000410080520B08009421008052E003182A0B
:1053D0002C080094957A3AF8380740B939034039D7
:1053E000E003182ACB0700945A080094E303002A2C
:1053F000615C40920200B052637C78D3E003182ACB
:10540000631C6092210003AAD607009421131D5348
:10541000197F4093E003182AC6070094E003182A76
:10542000E17A79B8DF070094E003182A410080523E
:10543000F007009421008052E003182A110800941C
:10544000957A39F8781E40B979624039E003182A14
:10545000B00700943F080094E303002A615C409287
:105460000200B052637C78D3E003182A631C609278
:10547000210003AABB07009421131D53197F4093F9
:10548000E003182AAB070094E003182AE17A79B800
:10549000C4070094E003182A41008052D507009405
:1054A00021008052E003182AF6070094957A39F813
:1054B000782640B979824039E003182A950700948C
:1054C00024080094E303002A615C40920200B05279
:1054D000637C78D3E003182A631C6092210003AA3E
:1054E000A007009421131D53197F4093E003182A4D
:1054F00090070094E003182AE17A79B83720A2D205
:10550000A8070094E003182A41008052B9070094CC
:10551000E003182A21008052DA070094957A39F8BE
:1055200014080094F40300AA000080D20D0800942F
:1055300061024039220080524120C11A2140012AD3
:10554000E18605B9600240394220C01A1F2003D508
:10555000E10647B93F00026AC0FFFF54E00314AA06
:10556000000800943400805202080094F80300AA56
:10557000000080D2FB07009461024039006C81D2A8
:105580002020A2F22100140B8122C11A213C1053C9
:10559000010800B9010840B9000840B9E00318AAA1
:1055A000F00700943820A2D2F2070094F90300AA71
:1055B000000080D2EB070094610240398122C11AB9
:1055C000213C1053E18608B9600240398222C01A9A
:1055D00001074AB93F00026AC0FFFF54E00319AA5D
:1055E000E0070094E3070094F70300AA000080D2CC
:1055F000DC07009460024039210080522220A2D2B0
:105600002020C01A0040002A008708B960024039F3
:105610002120C01A1F2003D554044AB99402016AFC
:10562000C1FFFF54E00317AACE070094A01A40F967
:105630001F080079A11A40F920184079003C001297
:1056400000041F3220180079A01A40F90110407997
:105650001F100079A01A40F9012440791F24007915
:10566000C00A40B9001700341F040071370E805281
:10567000410E805240008052F702811A00149F1A96
:10568000A11A40F920080079608640291F0C00719A
:10569000E0179F1A00641A53A10000343F0C0071F8
:1056A00001001B3200041C320000811AA11A40F9CB
:1056B00002001D32630E40B97F0400714000801A61
:1056C000003C001220000079662A40F9C00840B969
:1056D000010800513F040071E8120054A21A40F979
:1056E0001F080071E0179F1A010080124050003916
:1056F000A01A40F901080039A11A40F92018407990
:10570000003C001200041F3200601512023C00121F
:1057100022180079A11640F9222840F9411840B911
:10572000231000517F380071A80F005403A08F523E
:105730006120010B213C0012A31A40F9421C40B920
:10574000612C0079410400115F1C0071A21A40F91C
:105750000120012A2030801A00741D12003C001222
:1057600040180079C00C40B9A11A40F9000D00346E
:105770002050403900001E3220500039A01640F958
:1057800061008052BF0600F9BF1200B9BF0E00F9D8
:10579000BF2200B9A1720079131440B9E003132AA3
:1057A0007F7E00710C0B005456070094E003132A0F
:1057B000D0060094A01640F9132C40B9E003132A38
:1057C0007F7E0071CC0900544E070094E003132A39
:1057D000C8060094D30640B9E003132A7F7E007107
:1057E000AC08005447070094E003132AC106009454
:1057F000A01640F9131C40B9E003132A7F7E007104
:105800006C0700543F070094E003132AB906009484
:10581000A01640F9132440B9E003132A7F7E0071DB
:105820002C06005437070094E003132AB1060094B5
:10583000A01A40F917080079C02640B9A11A40F90A
:10584000400400342018407900001D3220180079EF
:10585000A11A40F9A0CA8852A27240796068AA725F
:1058600022200079A00200B9F55B42A9F76343A9A1
:10587000F96B44A9E003142AF35341A9FD7BC5A8A1
:10588000C0035FD634008052E003142AF35341A9C9
:10589000F55B42A9FD7BC5A8C0035FD6F55B42A9B5
:1058A000E003142AF35341A9FD7BC5A8C0035FD6CA
:1058B000F55B42A954AF8052EFFFFF17F55B42A999
:1058C000D4018052ECFFFF17A072407900041A3215
:1058D000A07200792018407900781C1220180079F5
:1058E000DCFFFF17BB060094D0FFFF17B90600943A
:1058F000C6FFFF17B7060094BCFFFF17B50600945C
:10590000B3FFFF17B3060094A9FFFF1720504039DB
:1059100000781D122050003999FFFF172304005111
:105920007F080071680100540018012A01008052AC
:1059300082FFFF17C10840F9A01A40F999FCFF97B0
:105940006EFFFF17170E8052000080524DFFFF17A9
:105950000100805279FFFF17606A214000000000BB
:1059600020E92140000000000000000000000000CD
:1059700001000090212C45F920D860F8021440F96C
:10598000011040B9421C40F9020200B44100003449
:10599000C0035FD6021840F941084079213C00124B
:1059A00021001E3221781812213C00124108007992
:1059B0001F0400F9012040F9C1FEFFB4021080521B
:1059C000010080529BFCFF17021840F961FEFF3472
:1059D000010440F92100403941180039020440F91E
:1059E000041840F942040091011040B9020400F982
:1059F00021040051011000B9831C4079633048D361
:105A00007F3C0071A90100540E0000144100403990
:105A100081180039020440F9011040B94204009194
:105A2000020400F921040051011000B9041840F9E2
:105A30007F400071600000546304001181FEFF3557
:105A40008110407921781A1281100079011040B933
:105A500001FAFF35D0FFFF1720E9214000000000C8
:105A6000FD7BBEA901000090FD030091215045F986
:105A7000F30B00F933D860F8E00313AA8DFCFF970D
:105A8000611A40F9A2FF9F52201040790000020ADB
:105A900020100079F30B40F9FD7BC2A8C0035FD64C
:105AA00020E921400000000000000000000000008C
:105AB000FD7BBEA90200009021088012FD03009129
:105AC00042A445F9F35301A954D860F8801A40F96B
:105AD00013104079733E00126102010A011000792F
:105AE000F302003773023036821A40F980108012B8
:105AF000831240B9410840797F000071213C0012B7
:105B00002000000A21781D122110801A4108007916
:105B1000802240F9E00000B4E00314AA4200805261
:105B2000F35341A901008052FD7BC2A841FCFF173D
:105B3000F35341A9FD7BC2A8C0035FD6E00314AABA
:105B40005CFCFF97E8FFFF1720E921400000000000
:105B50000100009021C045F920D860F8011840F9F3
:105B600022104079403C00125F0079F2027818124E
:105B70000000821A20100079C0035FD61F2003D5D1
:105B800020E92140000000000000000000000000AB
:105B900001000090211046F920D860F8031840F960
:105BA0006210407961244079443C0012213C00128B
:105BB00082002037C1020036020480520D0000141A
:105BC00084781B12843C0012210100376410007994
:105BD00002088052031840F961240079012040F93D
:105BE000410100B40100805212FCFF17020C8052E8
:105BF0006410007921381F12031840F961240079DC
:105C0000012040F901FFFFB5C0035FD664100079A1
:105C1000001840F901240079C0035FD61F2003D586
:105C200020E921400000000000000000000000000A
:105C3000010600B4200040B91F0C0071A8050054F3
:105C4000440040F9230840F97F0004EB2805005484
:105C5000430840F91F040071000500541F0800713B
:105C600040050054060082D2630440B2E503062AD0
:105C70008008C69A430800F90090069BA00300B56F
:105C8000430840B96008C51A008C051B2003003585
:105C9000480C40B90709C51AE0A0051BA002003551
:105CA00029A840A981000ACB2108C69A21707D93BA
:105CB0002100098B274C278B1F01056B83010054A2
:105CC000440840F9E60301AAE303032A21200091D6
:105CD000830003AAC30000F9430840B9A300030BE3
:105CE000430800B93F0007EBC1FEFF54C0035FD675
:105CF00060008052C0035FD60600A8D2630040B2A5
:105D0000E503062ADBFFFF170604A0D2630040B2BA
:105D1000E503062AD7FFFF1700000000000000007F
:105D2000E10400B4240040B9600080529F00006B81
:105D3000E8030054430040F9270840F9FF0003EB53
:105D4000680300549F040071400300549F080071D1
:105D5000050082D20004A0D20600851AA510809A00
:105D60006408C59A60008052848C059B040200B5CB
:105D7000440C40B98208C61A4090061B0002003548
:105D8000630007CB270440F96108C59A21707D9311
:105D90002100078B224C228B9F00066B830000544E
:105DA0003F8400F83F0002EBC1FFFF54C0035FD601
:105DB0000500A8D2E603052AEAFFFF17600080521B
:105DC000C0035FD6000000000000000000000000DB
:105DD000FD7BBAA901000090FD030091F55B02A9CB
:105DE00036B047F9F35301A9F30300AAC102003208
:105DF00069070094010000900300009002000090E9
:105E0000000000902EB447F90100009072B847F9E5
:105E10004CC447F9C20540B2C20200F914BC47F9AC
:105E2000400640B2C00600F935C047F9800640B2CE
:105E3000820D40F9C00A00F9A10640B2400080522C
:105E4000C10E00F9E03300B9E07F40B2FF2300F952
:105E50005F0000EB000700540B008052010080D26D
:105E6000ED7740B2EF7B40B2180000143F000FEB1B
:105E7000C90600540000A8123F0000EBC8060054F9
:105E8000E10314AA0000B0D2E18303A9E35700B9EB
:105E9000E22F00F9820300B5E2230191E1C30091F2
:105EA000E00313AA9FFFFF9761050011E07F40B256
:105EB000EB0301AA227C7BD38201028B420C40F9C6
:105EC0005F0000EB8003005421E87BD38301018B4A
:105ED000816961F8E12700F9600440F9E05300B9F5
:105EE000630840F93F000DEB28FCFF54E1030EAAC4
:105EF000000080D2E18303A9E35700B9E22F00F943
:105F0000C2FCFFB4E2230191E1C30091E00313AAB4
:105F100048FFFF9761050011E07F40B2EB0301AA43
:105F2000227C7BD38201028B420C40F95F0000EBA4
:105F3000C1FCFF54F35341A900008052F55B42A914
:105F4000FD7BC6A8C0035FD6E10312AA0000A8D259
:105F5000CEFFFF1700040091E10315AACBFFFF1746
:105F600000E001000000000000F00100000000005F
:105F7000000002000000000000100200000000000D
:105F80000020020000000000E05D21400000000051
:105F90000D3C48D3041C42D3A20900510A8583D288
:105FA0006A20A2F200041D5342181F53281444D340
:105FB000451800514200040B8400050B6300805219
:105FC000841C4092421C40926320C01A496110D147
:105FD000262C4AD30821C01A4B7964B8274852D3DB
:105FE000250080524E6130D16B01230AA520C01AD2
:105FF00008010B2A487924B8C420C01AEF03252AC7
:10600000267962B8E720C01AEC03232AC500250AC6
:10601000E500052A257922B8C57962B8A300230ACC
:106020008300032AC37922B86D02003544D943B9ED
:10603000234C53D3225454D3215C56D3EF01040A8A
:106040006320C01A63000F2A43D903B94220C01A43
:1060500043D947B92120C01A8001030A4000002A11
:1060600040D907B940D94BB98C01000A21000C2A4C
:1060700041D90BB9C0035FD600000000000000004A
:10608000FD7BBEA90F3C48D308041D532A00805253
:10609000FD030091121C42D3101C1E534221C01A52
:1060A00047060F0B69008052EC008052264080D2D8
:1060B0004B1C0012F35301A9E71C4092254050D31A
:1060C000242C4AD33E4451D32D1444D3334C53D3C0
:1060D000315454D32E5C56D3236858D32921C81A7F
:1060E0006620A2F24A21C81A8C21D01A7FFD0371C2
:1060F00000010054CB486F38001C00126B1D0012C9
:10610000A520C01A6201220A4200052A451C00127D
:10611000C5482F38060182D26620A2F2C200109133
:106120008420C81A214852D3CB7867B8D400309164
:106130006522C81AD36020916B01290AC023C81AAE
:1061400084000B2AC47827B82620C81AEB0D00510A
:10615000447867B8CE21C81A4B060B0BAD21C81A7C
:1061600081002A0A6B1D40920000012A407827B85E
:106170002422C81A5E003091807A67B842044091A8
:10618000110185D2EF030F2A0000290A7120A2F223
:10619000A801002A887A27B8928080D26320D01A7A
:1061A000607A6BB87220A2F200002A0AC600002AA8
:1061B000667A2BB8C07B67B801002A0AA500012ABD
:1061C000C57B27B8457867B8A500290A8400052A49
:1061D000447827B8207A67B80000290AC101002A4C
:1061E000217A27B8407A6FB800002C0A6000002A94
:1061F000407A2FB8F35341A9FD7BC2A8C0035FD6F4
:10620000FD7BBCA90A3C48D308041D5323008052DF
:10621000FD030091051C42D3091C1F5362008052EC
:106220006C20C01AA5040A0B8D1D0012F35301A99E
:106230002B4050D3F55B02A9364080D2242C4AD3A0
:10624000F76303A9354451D3341444D333384ED3C0
:106250003E4C53D3325454D3315C56D32F0C42D3DB
:106260004920C91AA51C00120E1C0012303D001254
:10627000061C0012210000124720C81A6320C81A09
:106280007620A2F2BFFD0371E0000054C24A6A38D2
:106290006B21C61A421C001242002C0A42000B2A33
:1062A0004B1C0012E003052A050182D2CB4A2A3892
:1062B0006520A2F2A20010918420C81AAB7860B8C1
:1062C000B6003091B7044091B522C81A6B01270A75
:1062D000188185D284000B2AA47820B84522C81AD8
:1062E0007820A2F2447860B89422C81A7322C81A9F
:1062F0009200230ACB23C81AB502122A557820B877
:10630000420440912422C81AD27A60B8080185D28A
:106310006820A2F2511D7FD35202270A9402122A4A
:10632000D47A20B8522080D2F4FF9F52157B60B8F7
:106330007220A2F2B502230A7302152A137B20B839
:10634000F37A60B86302230A6301032AE37A20B870
:10635000437860B86300270AA300032A437820B873
:10636000027960B84200270A8300022A037920B824
:106370001F02146B00010054206A7278C2791F5307
:10638000003C0012E221C21A0900290A2901022A4E
:106390002F3D0012220080D22F6A32786220A2F2B2
:1063A000BFFD0371E000005443486A382020C61A3C
:1063B000611C001221002C0A2000002A011C00127E
:1063C00041482A38F35341A9F55B42A9F76343A931
:1063D000FD7BC4A8C0035FD60000000000000000E1
:1063E000FD7BBDA9FD030091F35301A9F40300AAAD
:1063F000F55B02A95F040094F30300AA000080D2B9
:106400005804009400000090167C42F9C00240B984
:10641000C0000035000086D2010880526020A2F240
:106420001F50003901500039C10240B9E00313AADE
:1064300021040011C10200B94A040094800240798D
:10644000C0020034130080D2F5FF9F5206000014F2
:106450000CFFFF9780024079730600911F20336B79
:10646000C9010054820640F961F27DD34000018BDE
:10647000416861B8000440B91F00156B88030054DF
:1064800081FE87375FFFFF97730600918002407996
:106490001F20336B88FEFF5436040094F30300AAD8
:1064A000000080D22F040094C00240B98000003464
:1064B000C00240B900040051C00200B9C00240B996
:1064C000C0000035000086D2E10F80126020A2F2E9
:1064D0001F50003901500039F55B42A9E00313AAAF
:1064E000F35341A9FD7BC3A81E040014A9FEFF9726
:1064F000D9FFFF171F2003D518E921400000000035
:106500001F0000F1241840FAE0020054E20300AA40
:10651000200440F9000200B4440040B9834A8A5282
:10652000E309AA72C00180529F00036BA0010054CE
:10653000FD7BBFA9E00301AAFD030091430000B960
:10654000410800F9A7FFFF9700008052FD7BC1A81A
:10655000C0035FD62300407920008052E3FDFF3462
:10656000C0035FD620008052C0035FD60000000049
:10657000E10300AA600100B4220040B9E0008052AB
:1065800042D4515142341171A1000054210840F904
:10659000220080520000805222500039C0035FD692
:1065A00020008052C0035FD6000000000000000001
:1065B000E10300AA600100B4220040B9E00080526B
:1065C00042D4515142341171A1000054210840F9C4
:1065D000220080520000805222600039C0035FD642
:1065E00020008052C0035FD60000000000000000C1
:1065F000C0008052C0035FD6000000000000000011
:10660000C0008052C0035FD6000000000000000000
:106610003F0000F1E40300AA041840FA2000805271
:1066200020010054850040B9E0008052A5D45151AA
:10663000A53411718100005400008052810C02A920
:10664000821800F9C0035FD60000000000000000BF
:106650001F0000F1E20300AA241840FA2000805233
:10666000C0010054430040B9E000805263D451514E
:106670006334117121010054430840F90000805235
:106680006340403963000012230400B9420840F916
:10669000420440B9220000B9C0035FD600000000E8
:1066A0001F0000F1E20300AA2418407A2000805263
:1066B00060010054430040B9E000805263D451515E
:1066C00063341171C1000054430840F9411800B906
:1066D0000000805221040051610000B9C0035FD660
:1066E000FD7BBCA91F0000F1241840FAFD030091B6
:1066F000F35301A933008052400F0054F55B02A907
:10670000F50300AAF40301AA201440F9200F00B4F5
:10671000010440F9E10E00B4A00240B900D4515187
:1067200000341171E0140054800E40F9801300B45D
:10673000801640B9C014F837800640B93300805243
:1067400060130034F76303A9E000805282424039AD
:106750000024C21A20140036B48600A93620A2D222
:1067600084030094F70300AA000080D27D03009404
:10677000814240396122C11A2140012AC13605B93E
:10678000824240396222C21AC1B646B93F00026A4B
:10679000C0FFFF54E00317AA720300943300805235
:1067A00074030094F70300AA000080D26D030094E4
:1067B00081424039006C81D22020A2F221100011C8
:1067C0006122C11A213C1053011C00B9011C40B9BF
:1067D000001C40B9E00317AA620300943720A2D23C
:1067E00064030094F80300AA000080D25D030094C3
:1067F000814240396122C11A213C1053C13608B987
:10680000804240396222C01AE1B649B93F00026AAB
:10681000C0FFFF54E00318AA5203009455030094EC
:10682000F60300AA000080D24E0300948242403951
:10683000210080522320A2D22220C21A4240022AE2
:10684000E23608B9804240392120C01A1F2003D502
:1068500062B449B95300016AC1FFFF54E00316AAAC
:1068600040030094A00A40F92100805201600039E1
:10687000A10A40F9800640B9A01A00B91F000071B2
:106880000004005100109F5A200000B9801640F902
:10689000A10A40F9030840297F040071E0179F1AFC
:1068A0005F04007102001F324000801A001C0012B9
:1068B00020800039961640B99602F836800E40F9CD
:1068C000A01200F9A1898A52801240F9E108A07251
:1068D000A10200B9BF8202A9F55B42A9F76343A9EF
:1068E000E003132AF35341A9FD7BC4A8C0035FD67C
:1068F00033008052E003132AF35341A9F55B42A908
:10690000FD7BC4A8C0035FD69746403911030094AD
:10691000E303002A0200B052615C4092E003162AB1
:10692000637C78D3631C6092210003AA8D020094DB
:10693000E1121D53E003162A7E020094D77E409395
:1069400001000090E003162A21F444F9217877B879
:1069500094020094E003162A41008052A50200949C
:10696000E003162A21008052C60200940000009025
:1069700000F844F9157837F8E003162ADF7E007135
:10698000AD00005493020094E003162A59020094CB
:10699000CBFFFF17DB020094FCFFFF17800240B91A
:1069A0001F040071A1ECFF5462FFFF17F55B42A9C1
:1069B000E003132AF35341A9FD7BC4A8C0035FD6AB
:1069C000F55B42A9D3018052C6FFFF17F55B42A9D0
:1069D00073018052C3FFFF17F55B42A953AF80528A
:1069E000F76343A9BFFFFF17606A21400000000062
:1069F00020E921400000000000000000000000002D
:106A00001F0000F1241840FA00030054FD7BBEA9CA
:106A1000FD030091F35301A9F30300AAF40301AAB3
:106A2000E0008052610240B921D4515121341171EA
:106A300061010054611A40B9E0018052810A00B935
:106A40000C020094800600B900008052610A40F9EF
:106A500021804039210441D3810200B9F35341A977
:106A6000FD7BC2A8C0035FD620008052C0035FD662
:106A7000FD7BBDA9FD030091F35301A9600700B49C
:106A8000F40300AA000040B9F300805200D4515131
:106A900000341171E1050054F51300F92100805212
:106AA000800A40F901600039800640F9001440B9BD
:106AB0001F840031610500549F0200B9AD020094AB
:106AC000F30300AA000080D2A6020094810640F9D8
:106AD000E00313AA026C81D2330080522220A2F27A
:106AE00021404039211000116122C11A213C10536C
:106AF000213C0032411C00B9411C40B9990200946C
:106B00009C020094F50300AA000080D29502009434
:106B1000800640F92320A2D2014040396122C11AE7
:106B2000213C1053613405B9800640F900404039DA
:106B30006222C01A1F2003D561B446B93300026A2D
:106B4000C1FFFF54E00315AA86020094F51340F933
:106B5000E003132AF35341A9FD7BC3A8C0035FD60A
:106B6000EC010094D5FFFF1733008052E003132A95
:106B7000F35341A9FD7BC3A8C0035FD6000000000A
:106B8000C0008052C0035FD600000000000000007B
:106B9000C0008052C0035FD600000000000000006B
:106BA000C0008052C0035FD600000000000000005B
:106BB000FD7BBDA901000090FD030091211846F95D
:106BC000F30B00F933D860F8600640F9000040B9D3
:106BD0001F04007161000054610A40F9206000390F
:106BE000601240F9C00100B4601640F9E00100B441
:106BF000020C40A9E20F02A91F0800B9611A40F96E
:106C0000010000F9611240F920003FD6601640F9FA
:106C1000600000B4E20F42A9020C00A9F30B40F996
:106C2000FD7BC3A8C0035FD6E0830091F3FFFF178D
:106C300020E92140000000000000000000000000EA
:106C4000FD7BBDA9FD030091F35301A914008052FF
:106C50003320A2D2F55B02A936008052450200948F
:106C6000F50300AA000080D23E020094C222D41A8A
:106C7000403C1053603605B961B646B95F00016A01
:106C8000C1FFFF54E00315AA9406001135020094D9
:106C90009F0E007141FEFF5436020094F40300AAD7
:106CA000000080D22F0200942000A0523520A2D2F2
:106CB000603A05B91F2003D5A1BA46B9E1FF0737ED
:106CC000E00314AA270200943420A2D229020094DF
:106CD000F30300AA000080D2220200942000A052F8
:106CE000A03E05B91F2003D581BE46B9E1FF073795
:106CF000E00313AA1B0200943320A2D21D020094C9
:106D0000F50300AA000080D2160200946000A05291
:106D1000804A05B91F2003D561CA46B93F0440F235
:106D2000C1FFFF54E00315AA0E0200943420A2D242
:106D300010020094F50300AA000080D2090200941A
:106D4000E001A052605605B981D646B93F0C40F229
:106D5000C1FFFF54E00315AA020200943320A2D21F
:106D600004020094F50300AA000080D2FD01009403
:106D70006000A052806E05B961EE46B93F0440F252
:106D8000C1FFFF54E00315AAF60100943420A2D2FB
:106D9000F8010094F50300AA000080D2F1010094EC
:106DA0006000A052607205B981F246B93F0440F21A
:106DB000C1FFFF54E00315AAEA0100943320A2D2D8
:106DC000EC010094F50300AA000080D2E5010094D4
:106DD000A000A052A2008052807A05B91F2003D5DE
:106DE00061FA46B93F00026AC1FFFF54E00315AAE9
:106DF000DC0100943420A2D2DE010094F50300AA45
:106E0000000080D2D70100940001A052607A05B939
:106E100081FA46B9E1FF1F37E00315AAD1010094BA
:106E20003320A2D2D3010094F50300AA000080D23F
:106E3000CC0100942000A052808205B91F2003D508
:106E4000610247B9E1FF0737E00315AAC5010094C5
:106E5000C8010094F50300AA000080D2C10100948B
:106E60004000A0522220A2D2608205B91F2003D583
:106E7000410047B934001F12C1FF0F37360080525E
:106E80003320A2D2E00315AAB60100941F2003D537
:106E9000B8010094F50300AA000080D2B10100946B
:106EA000C222D41A403C1053608605B91F2003D576
:106EB000610647B95F00016AC1FFFF54E00315AAEC
:106EC00094060011A70100949F16007121FEFF5443
:106ED000A8010094F40300AA000080D2A10100944C
:106EE0002000A0523520A2D2608A05B91F2003D508
:106EF000A10A47B9E1FF0737E00314AA99010094FA
:106F00003420A2D29B010094F30300AA000080D297
:106F1000940100944000A052A08A05B91F2003D517
:106F2000810A47B9E1FF0F37E00313AA8D010094EE
:106F30003320A2D28F010094F50300AA000080D272
:106F4000880100942000A052808E05B91F2003D52F
:106F5000610E47B9E1FF0737E00315AA81010094EC
:106F60003420A2D283010094F50300AA000080D24D
:106F70007C0100942000A052609205B91F2003D527
:106F8000811247B9E1FF0737E00315AA75010094A4
:106F90003320A2D277010094F50300AA000080D22A
:106FA000700100944000A052809205B91F2003D5C3
:106FB000611247B9E1FF0F37E00315AA6901009498
:106FC0006C010094F40300AA000080D265010094D3
:106FD0002000A0522220A2D260AE05B91F2003D506
:106FE000412C47B9E1FF0737F55B42A9E00314AA3A
:106FF000F35341A9FD7BC3A85A010014000000000F
:107000000100009000000090211440F9001040F9A8
:10701000210040B9010000B9C0035FD61F2003D58D
:1070200028F92140000000006072214000000000AB
:107030000100009006000090020000900000009007
:10704000255840F901000090C35C40FD0600009007
:10705000005440F904BD93524038C03D0380905223
:107060002230C03D42E78B52C16840FD01C08652CC
:10707000047FA072E3FAA2720282A072C12DA072F4
:10708000A00000BD0000803D041000B9031C00B941
:10709000034002FC022C00B90240833C014004FC86
:1070A000014C00B9C0035FD66072214000000000AF
:1070B00028F921400000000000C2EB0BA077E20F8E
:1070C00000B4C40400E1F50500E1F50500C2EB0BD6
:1070D00000E1F5050084D7171F2003D51F2003D535
:1070E00000CA9A3B00C2EB0B0008AF2FD03BF10760
:1070F000FD7BBFA9FD030091CEFFFF97D1FEFF9757
:107100002120A2D21F2003D5208042B9E0FF0737FB
:107110002000A0522220A2D2200002B91F2003D5B5
:10712000408042B9E0FF07372120A2D21F2003D5BB
:10713000208042B9E0FFE737400080522220A2D2EF
:107140002000A072201802B9408042B9E0FFE73762
:107150002120A2D21F2003D5208042B9E0FF27378B
:107160002000A0522220A2D2200402B91F2003D561
:10717000408042B9E0FF27372120A2D21F2003D54B
:10718000208042B9E0FF4F370002A0522220A2D255
:10719000200802B91F2003D5408042B9E0FF4F37D5
:1071A0002220A2D21F2003D5408042B9E0FF4737FA
:1071B0002000A0522120A2D2400802B91F2003D5EE
:1071C000208042B9E0FF4737200C42B9600100340B
:1071D0002120A2D21F2003D5208042B9E0FF5F37D3
:1071E0002000A0522220A2D2200C02B91F2003D5D9
:1071F000408042B9E0FF5F372020A2D2A100A05218
:10720000014001B91F2003D5015C41B9E1FFFF3501
:1072100021248052014401B9C707A0520628A05278
:10722000024C41B92500A05204408152E383003250
:10723000421400122420A07242000132024C01B913
:10724000075001B92120A2D2064801B905E80BB9BF
:10725000042004B9034001B9205C41B91F44007106
:10726000C1FFFF54FD7BC1A8C0035FD60000000032
:1072700001000090214041F9205860B8C0035FD65A
:1072800060722140000000000000000000000000CB
:10729000E10300AAA00000B44280A0520000805286
:1072A000220000B9C0035FD620008052C0035FD621
:1072B000000020D4000000140000000000000000C6
:1072C0000132A2D200080012220040B90000022AB6
:1072D000200000B9C0035FD60000000000000000DD
:1072E0000132A2D200041C12200000B9C0035FD6F4
:1072F000037C0553022080D20232A2F22100805288
:107300002020C01A407823B8C0035FD600000000D8
:10731000037C0553023080D20232A2F22100805257
:107320002020C01A407823B8C0035FD600000000B8
:10733000047C0253038080D20332A2F200041D5366
:10734000E21F8052657864B84220C01A2120C01A1A
:10735000A200220A2100022A617824B8C0035FD665
:107360001F7C0071A90100542000679EE203022ADD
:10737000410001AA008000510104607F2000679E47
:1073800000787DD30232A2D20000028B2004186E56
:107390000028A10E008030FDC0035FD60000000071
:1073A000047C0453038081D20332A2F2000C1F53E9
:1073B000620080D2657864B84220C09A2120C01A49
:1073C000A200220A2100022A617824B8C0035FD6F5
:1073D000037C0553025080D20232A2F22100805277
:1073E0002020C01A407823B8C0035FD600000000F8
:1073F00006100012041080D2007C05530432A2F261
:1074000023000012220080D2870032914220C69AC7
:10741000857860B86320C61A210441D3A500220AEA
:107420006300052A837820B82120C61AE37860B863
:107430006200220A2100022AE17820B8C0035FD648
:10744000810080D2040441930132A2F203004093F0
:107450002504805222C447B8858CA07240100012C7
:107460000000050B006C7ED3230000B921100091B1
:10747000247C0CB93F0000EB81FFFF54C0035FD6B2
:107480001F7C0071090200540480005105019CD248
:10749000000C1F530532A2F2847C04534200805238
:1074A000630080D2210000124100014B6220C09A8B
:1074B000A37864B82020C01A6100220A0000012AC3
:1074C000A07824B8C0035FD60000000000000000D0
:1074D000800480D2420080528032A2F2E10300AAEE
:1074E000020000B900005FB800781E12200C1FB81F
:1074F000200040B9E0FF1737C0035FD6000000004E
:10750000025080D221008052A232A2F22120C01A61
:10751000410000B9C0035FD6000000000000000079
:10752000011080D202004093A132A2F200044193E4
:10753000220000B920800CB9C0035FD60000000013
:10754000010580D28132A2F2200000B9C0035FD6CB
:10755000000180D28032A2F2000440B9C0035FD69D
:10756000001C4092004618D5DF3F03D5C0035FD60C
:10757000004638D5DF3F03D5001C4092C0035FD6DC
:10758000005C409220C818D5DF3F03D5C0035FD60A
:10759000005C409220CC18D5DF3F03D5C0035FD6F6
:1075A00000C838D5005C0012C0035FD600000000A0
:1075B00000CC38D5005C0012C0035FD6000000008C
:1075C000FD7BBFA9FD03009156010094E1FFFF97E9
:1075D00001000090001F80D2210043F93F0000B954
:1075E000E0FFFF97E000805236FFFF974B010094C9
:1075F000FD7BC1A820008052D2FFFF171F2003D5BA
:107600001CE9214000000000000000000000000014
:10761000FD7BBEA9FD030091F30B00F9E5FFFF9789
:10762000F303002A1FFC0771A8000054010000901A
:10763000212843F9215873F820003FD6E003132A8C
:10764000F30B40F9FD7BC2A8D2FFFF171F2003D523
:10765000F07D21400000000000000000000000005C
:10766000FD7BBEA9FD030091F30B00F9CDFFFF9751
:10767000F303002A00F00F511F0C00714802005460
:10768000CCFFFF97F303002A00F00F511F0C00718D
:10769000290300541F0100947FFE0771C8000054A5
:1076A00001000090E003132A218043F9215873F868
:1076B00020003FD6E003132AF30B40F9FD7BC2A85C
:1076C000B4FFFF17130100947FFE0771C800005438
:1076D00001000090E003132A218043F9215873F838
:1076E00020003FD6E003132AF30B40F9FD7BC2A82C
:1076F000A4FFFF17F30B40F9FD7BC2A8C0035FD6C0
:10770000F07D2140000000000000000000000000AB
:1077100002000090E103002A42D043F9400040F902
:10772000400100B403000090210C001121747E92EE
:1077300063D443F90100018B3F0003EBA80100541F
:10774000410000F9C0035FD60000009003000090E4
:10775000210C001100CC43F921747E9263D443F9CB
:107760000100018B400000F93F0003EBA9FEFF542C
:10777000FD7BBFA9FD03009146120094E10300AA1E
:107780008201805200008092220000B9FD7BC1A8D6
:10779000C0035FD61F2003D5F00022400000000088
:1077A00020F9214000000000F020224000000000ED
:1077B00000103ED5000074B200101ED5DF3F03D587
:1077C000C0035FD600103ED500007EB200101ED56B
:1077D000DF3F03D5C0035FD600103ED500F873929B
:1077E00000101ED5DF3F03D5C0035FD600103ED585
:1077F00000F87D9200101ED5DF3F03D5C0035FD691
:10780000BF3B03D5200039D503080812637C17530A
:10781000030400340A0080522800805242054A0BBB
:107820000124C21A210800123F0800718B02005483
:107830000A001AD5DF3F03D5010039D5220800120E
:1078400042100011243003538510C05A8920C51AF4
:107850001021C51A276C0D53E720C21A1121C21A34
:107860004B01092A6B01072A4B7A08D5E700116BF7
:107870008AFFFF54290110EBEAFEFF544A09001168
:107880007F000A6BCCFCFF549F3F03D5DF3F03D53D
:10789000C0035FD6BF3B03D5200039D503080812CB
:1078A000637C1753030400340A008052280080527E
:1078B00042054A0B0124C21A210800123F08007138
:1078C0008B0200540A001AD5DF3F03D5010039D5D9
:1078D0002208001242100011243003538510C05AB0
:1078E0008920C51A1021C51A276C0D53E720C21A2A
:1078F0001121C21A4B01092A6B01072A4B7E08D5B8
:10790000E700116B8AFFFF54290110EBEAFEFF54D8
:107910004A0900117F000A6BCCFCFF549F3F03D53E
:10792000DF3F03D5C0035FD6BF3B03D5200039D569
:1079300003080812637C1753030400340A008052C2
:107940002800805242054A0B0124C21A2108001265
:107950003F0800718B0200540A001AD5DF3F03D59F
:10796000010039D5220800124210001124300353BF
:107970008510C05A8920C51A1021C51A276C0D53CD
:10798000E720C21A1121C21A4B01092A6B01072AEA
:107990004B7608D5E700116B8AFFFF54290110EBE5
:1079A000EAFEFF544A0900117F000A6BCCFCFF5429
:1079B0009F3F03D5DF3F03D5C0035FD62100008B77
:1079C00022003BD5444C50D3830080D26320C49A1C
:1079D000640400D10400248A247A0BD58400038B2C
:1079E0009F0001EBABFFFF549F3B03D5420C40923D
:1079F000830080D26320C29A640400D10400248AE8
:107A000024750BD58400038B9F0001EBABFFFF5463
:107A10009F3B03D5DF3F03D5C0035FD62100008B1A
:107A200022003BD5444C50D3830080D26320C49ABB
:107A3000640400D10400248A247608D58400038BD2
:107A40009F0001EBABFFFF549F3B03D5420C4092DC
:107A5000830080D26320C29A640400D10400248A87
:107A600024750BD58400038B9F0001EBABFFFF5403
:107A70009F3B03D5DF3F03D5C0035FD62100008BBA
:107A800022003BD5444C50D3830080D26320C49A5B
:107A9000640400D10400248A247E0BD58400038B67
:107AA0009F0001EBABFFFF549F3B03D5420C40927C
:107AB000830080D26320C29A640400D10400248A27
:107AC00024750BD58400038B9F0001EBABFFFF54A3
:107AD0009F3B03D5DF3F03D5C0035FD6A1F338D565
:107AE0001F0000F160000054210C7CB20200001461
:107AF00021EC7892A1F318D5DF3F03D5C0035FD600
:107B0000000020D4C0035FD6DF4103D5C0035FD699
:107B1000FF4103D5C0035FD6FF4F03D5C0035FD637
:107B2000FE8F1FF8000080D200007DB200007EB200
:107B300000007FB2000040B2A0CC1ED5DF3F03D5CD
:107B4000000080D2000040B2A0CC18D5600080D2E6
:107B500060C818D560CC18D5000680D2E1FDFF972B
:107B60005CFEFF97200080526EFEFF97E01F80D2E0
:107B7000004618D52000805232FEFF97600080D268
:107B8000E0CC1ED5FE8740F8C0035FD600203ED56E
:107B9000C0035FD601201ED5C0035FD600000000E1
:107BA000FD7BBDA900008052FD030091F35301A9A4
:107BB00020EDFF974FFDFF97200080521DEDFF97AE
:107BC0000000009001000090001846F9341C46F9AE
:107BD000000014CB00FC43931F0000716D010054A2
:107BE000F51300F9F503002A130080D21F2003D5F6
:107BF000807A73F87306009100003FD6BF02136BC2
:107C00008CFFFF54F51340F9FEFCFF9740008052B3
:107C100008EDFF976BFEFF97000080D20D000094E7
:107C2000E4FEFF97F35341A9FD7BC3A8E6FEFF17CF
:107C300000692140000000000069214000000000B0
:107C4000C0035FD60000000000000000000000003C
:107C5000C0035FD60000000000000000000000002C
:107C6000FD7BBEA9010400D1FD030091F35301A9DE
:107C70003F4800B1280B005413400091010C40F222
:107C8000610C00547F0A009400000090E30313AAE3
:107C900006B047F9C00040F9600D00B4D30AF8B748
:107CA0000000009007B847F9E50040F9BF0013EB6A
:107CB000230A0054000000900100009000AC47F936
:107CC00022A847F9E1FF83D2E30300AA4400018B15
:107CD000010040F93F0002EB222044FA2901005440
:107CE00084000014200040F9200100B41F0004EBC0
:107CF000E30301AA009042FAC30D0054E10300AA75
:107D0000200440F91F0013EBE3FEFF54C00040F9CC
:107D10001F0001EB00070054740040F994420091E9
:107D20009F0202EB822244FA48100054200040F9DE
:107D3000600000F9200440F91F0013EBA30E00546B
:107D4000020013CB5F8000F1490100542000138B27
:107D50001F0C40F2E10B0054020400F9330400F957
:107D6000620040F9226833F8600000F9200440F90D
:107D700002000090A50000CBE50000F942B447F9ED
:107D8000430040F9BF0003EB42000054450000F9F6
:107D900002000090000041B23F0000A942D447F920
:107DA000400040F900040091400000F93D0A0094B1
:107DB0009F0E40F240020054030000900200009029
:107DC00000000090E12A805263D847F942C047F989
:107DD00000C447F937FDFF972A0A0094130080D2A8
:107DE00000000090030080D206B047F9C00040F9BF
:107DF000A00200B4140080D22A0A0094E00314AA5E
:107E0000F35341A9FD7BC2A8C0035FD6224400D131
:107E10005F0013EB23FEFF5400800091130001CBA1
:107E2000180A009400000090E30313AA06B047F973
:107E3000C00040F9800000B4E3FDFFB733F3FFB5A5
:107E4000EDFFFF170000009000A847F91F0C40F25B
:107E5000A0020054013C009121EC7C92E20301AAB3
:107E600004000090070000900500009008FE83D2F7
:107E700084AC47F90000088B00EC7C92C00000F94C
:107E8000E7B447F9827C00A9010001CBA5B847F906
:107E90001F7C00A9400400A9A10000F9E10000F93D
:107EA000E6FFFF17E10300AAE20300AAEDFFFF17B8
:107EB000030000900200009000000090611F8052BB
:107EC00063BC47F942C047F900C447F9F9FCFF9782
:107ED000030000900200009000000090C122805238
:107EE00063D047F942C047F900C447F9F1FCFF9756
:107EF000030000900200009000000090A11E80523C
:107F000063BC47F942C047F900C447F9E9FCFF9751
:107F1000030000900200009000000090A121805218
:107F200063CC47F942C047F900C447F9E1FCFF9729
:107F3000030000900200009000000090A1208052F9
:107F400063C847F942C047F900C447F9D9FCFF9715
:107F500000C921400000000058F921400000000045
:107F600050F921400000000040F9214000000000CD
:107F700048F9214000000000F851214000000000B5
:107F8000B062214000000000685221400000000063
:107F9000A0522140000000001853214000000000C2
:107FA000505321400000000038F92140000000003B
:107FB0008853214000000000000000000000000085
:107FC000000900B4FD7BBDA9FD030091F35301A995
:107FD000F40300AA000000B0F55B02A9934200D1AF
:107FE00015D040F9E0FF83D27F0215EBB602008B7B
:107FF000622256FA080A005480825FF8C00BF8B675
:1080000081025FF8810A00B500F8409280821FF873
:108010009C090094020000900100009080825FF8AB
:1080200044E840F923CC40F9820040F9E10303AA77
:108030004200008B820000F9E20301AA210040F90E
:108040007F0201EBA8FFFF545F0003EB80000054A8
:108050005F0015EB422056FAE8050054430440F94E
:108060004400038B7F0204EB200200546302008B68
:108070003F0003EB8003005481021FF85F0013EB05
:1080800040000054530000F90000009001F840F94E
:10809000200040F900040091200000F9F35341A9A9
:1080A000F55B42A9FD7BC3A87E0900140000038B89
:1080B000400400F94300008B3F0003EB61FEFF54D6
:1080C00003000090F30302AA63F440F9630040F94F
:1080D0003F0003EB21010054410000F9EBFFFF17C3
:1080E000C0035FD60300009063F440F9630040F9D9
:1080F0003F0003EB20FCFF54210440F92000008BDB
:10810000600600F9400040F9000040F9600200F903
:10811000DBFFFF17030000900200009000000090BA
:10812000413F805263EC40F942F040F900DC40F9F5
:1081300060FCFF9703000090020000900000009098
:10814000412D805263D440F942D840F900DC40F917
:1081500058FCFF9703000090020000900000009080
:10816000812D805263E440F942D840F900DC40F9A7
:1081700050FCFF9703000090020000900000009068
:10818000612D805263E040F942D840F900DC40F9AB
:1081900048FCFF971F2003D558F92140000000003C
:1081A00000C9214000000000C85321400000000029
:1081B000A062214000000000685221400000000041
:1081C0003854214000000000B0542140000000005D
:1081D00048F9214000000000D85421400000000070
:1081E000806221400000000050F9214000000000A2
:1081F00030F92140000000000000000000000000F5
:10820000FD7BBEA9000780D2FD030091F30B00F9AE
:1082100094FEFF97F30300AA800000B41F8400F8C7
:10822000DC0000947FC20039E00313AAF30B40F98D
:10823000FD7BC2A8C0035FD6000000000000000064
:10824000FD7BBCA9FD030091F35301A9F55B02A9D5
:10825000F76303A9A00C00B4F30301AA3F1C68F262
:10826000410B0054210A00B4F50300AAF80302AA46
:10827000F70303AAF60304AA020D0094400300B515
:10828000560C00B5FF080094B40240F9B70100B5E0
:108290007F0214EAA0010054980100B49302338ACB
:1082A000B30200F9FF080094F55B42A9E00314AAA9
:1082B000F35341A9F76343A9FD7BC4A8C0035FD66C
:1082C0007F0234EAA0FEFF54F6080094F55B42A951
:1082D000E00314AAF35341A9F76343A9FD7BC4A8A3
:1082E000C0035FD6E7080094B40240F9970400B4D5
:1082F0007F0234EA20FDFF5496FEFFB41F0300F115
:10830000E1079F9A219C68D3210066B2E20316AA76
:10831000210013AAA02200911E0B0094E1080094F2
:10832000400000B5030000D4E60C0094F40300AA5A
:108330000001C836945E4092F55B42A9E00314AA9E
:10834000F35341A9F76343A9FD7BC4A8C0035FD6DB
:108350002CF1FF97B40240F9170200B57F0214EA2E
:1083600080000054780000B49302338AB30200F90D
:1083700054F1FF97945E4092F0FFFF177F0214EADA
:10838000C1F8FF5436FAFFB41F0300F1E1079F9ACA
:10839000219C68D3DEFFFF177F0234EA40FEFF54C2
:1083A00048F1FF97F4FFFF170300009002000090D0
:1083B0000000009021298052632442F9421842F9BA
:1083C000001C42F9BBFBFF970300009002000090E5
:1083D0000000009001298052632042F9421842F9BE
:1083E000001C42F9B3FBFF970300009002000090CD
:1083F00000000090E1288052631442F9421842F9CB
:10840000001C42F9ABFBFF970300009002000090B4
:108410000000009081298052632842F9421842F9F5
:10842000001C42F9A3FBFF97B85521400000000053
:10843000D862214000000000885521400000000063
:10844000C8552140000000000056214000000000F7
:10845000185621400000000000000000000000004D
:10846000FD7BBCA9FD030091F35301A9F55B02A9B3
:10847000F71B00F9400500B4F40301AA371C68F2A9
:10848000E1050054F60300AAF50300AA7D08009454
:10849000C08641F8B31240F9810200AAA10200F996
:1084A000DF0213EB6101005415000014E40000B476
:1084B000E20202AA7F0068F2210067B25710979A81
:1084C000A00B0094A10240F9DF0213EB60010054FD
:1084D000630240F9E00313AA730640F9625C40921C
:1084E0004400018A43FED7365F0004EB20FEFF54B0
:1084F000DF0213EBE1FEFF542100378AA10200F9ED
:1085000068080094A00240F9F35341A9F55B42A921
:10851000F71B40F9FD7BC4A8C0035FD603000090A1
:1085200002000090000000904146805263B042F982
:1085300042B442F900B842F95EFBFF970300009095
:1085400002000090000000906146805263BC42F936
:1085500042B442F900B842F956FBFF971F2003D5F9
:10856000B855214000000000C0622140000000001A
:108570008855214000000000705621400000000096
:10858000E103012AB7FFFF17000000000000000010
:1085900001400091020080921F0400A9020401A979
:1085A000011000F9C0035FD60000000000000000C9
:1085B0001F1000F9C0035FD600000000000000009B
:1085C000020440F9220400F9430840F9230800F9A5
:1085D000610400F9410800F9201000F9010040F998
:1085E00021040091010000F9C0035FD600000000E3
:1085F000250040F902400091BF0400B1E0010054A1
:10860000E40302AA420440F9430040F97F0005EB6D
:1086100089FFFF54220400F9410800F9240800F9F9
:10862000810400F9201000F9010040F921040091B3
:10863000010000F9C0035FD6041040F9820440F93C
:10864000F5FFFF1700000000000000000000000020
:10865000038840A9011040F9620800F9030440F9B9
:10866000430400F9220440F95F0000EBC00000540D
:108670001F1000F9200040F9000400D1200000F98B
:10868000C0035FD6020840F9220400F91F1000F968
:10869000200040F9000400D1200000F9C0035FD69B
:1086A000FD7BBDA9FD030091F35301A9F30300AACB
:1086B000F51300F9F50302AA143840F9024040F915
:1086C000420400B4550200B5000440F9940600913C
:1086D0009C100094608640A9624240F90000028B21
:1086E000600600F91F0001EB23030054600240F90B
:1086F000600600F9743A00F9000080D2F35341A9F2
:10870000F51340F9FD7BC3A8C0035FD6000C40F908
:108710008C100094600E40F9614240F9620240F909
:10872000000001CB600E00F9E10301CB1F0002EB5A
:1087300082000054600A40F90000018B600E00F9CD
:10874000BF0A00F10001005494060091743A00F948
:10875000000080D2F35341A9F51340F9FD7BC3A873
:10876000C0035FD69F0200F194169F9AF8FFFF178F
:10877000FD7BBDA9FD030091F35301A9F30300AAFA
:10878000F51300F91FF0FF9774264239941E001369
:108790009F0200712D020054752201910500001402
:1087A00080060051141C00131F1C0072600100544D
:1087B000612640F9E00315AA010100B4610A0094A2
:1087C00000FFFFB4A70B009480060051141C001397
:1087D0001F1C0072E1FEFF54000080126026023967
:1087E00038F0FF9707F0FF9774224239941E001368
:1087F0009F0200712D020054758200910500001443
:1088000080060051141C00131F1C007260010054EC
:10881000611240F9E00315AA010100B4490A00946D
:1088200000FFFFB48F0B009480060051141C00134E
:108830001F1C0072E1FEFF5400008012602202390A
:10884000F35341A9F51340F9FD7BC3A81DF0FF17B1
:10885000FD7BBEA9FD030091F35301A9C00600B43E
:10886000F30300AA003C40F9600500B4F40301AA38
:10887000614240F9007CC19BE00400B5E1EFFF9745
:108880007F3A00F9608E47A904008012620240F925
:108890006422023964260239010400D10008039BD6
:1088A000628200A92108039B610E00F9340200B521
:1088B000601240F9C00000B502F0FF97F35341A9E0
:1088C000200080D2FD7BC2A8C0035FD660820091E9
:1088D0001C0A009420FFFFB4030000D4F9EFFF97B7
:1088E000F35341A9200080D2FD7BC2A8C0035FD60C
:1088F0006082009127FFFF976022019125FFFF977B
:10890000F0EFFF97F35341A9200080D2FD7BC2A86E
:10891000C0035FD6030000900200009000000090AA
:10892000812D805263B844F942B044F900B444F94F
:1089300060FAFF9703000090020000900000009092
:10894000E126805263AC44F942B044F900B444F9E2
:1089500058FAFF971F2003D5D85621400000000089
:10896000E063214000000000B056214000000000FC
:10897000E056214000000000000000000000000060
:10898000FD7BBDA9FD030091F30B00F9A30400B426
:10899000800300B45F0000F1E40301AA201840FA4C
:1089A000000300545F0000F1240840FAA1020054C3
:1089B000011280D2E11700F9E11740F93F4002F1BE
:1089C00001040054F30303AA9F0000F14210939A9C
:1089D00023008052210080D2620200F9E21740F9A0
:1089E000609207A9E00313AA632A023999FFFF974F
:1089F000E00313AAF30B40F9FD7BC3A8C0035FD6C5
:108A000003000090020000900000009001368052A8
:108A1000634045F9423445F9003845F925FAFF9796
:108A2000030000900200009000000090813080520E
:108A3000633045F9423445F9003845F91DFAFF978E
:108A4000030000900200009000000090C1328052AC
:108A5000633C45F9423445F9003845F915FAFF976A
:108A60000857214000000000C063214000000000C2
:108A7000B0562140000000001857214000000000BF
:108A800038572140000000000000000000000000F6
:108A9000FD7BBDA9FD030091F35301A9F51300F976
:108AA000200300B4F40300AA007CC19BF50301AAD3
:108AB000A00200B5807E019B1F4402B14802005411
:108AC0000040029167FCFF97F30300AA200100B465
:108AD000BF0200F1014002912110809A010000F9CB
:108AE00014D407A9210080D21F28023959FFFF970B
:108AF000F51340F9E00313AAF35341A9FD7BC3A882
:108B0000C0035FD6030000900200009000000090B8
:108B100041458052639445F9429845F9009C45F9D6
:108B2000E4F9FF971F2003D53857214000000000CB
:108B3000A863214000000000B05621400000000062
:108B4000FD7BBDA91F0000F1001041FAFD0300915B
:108B5000F35301A9C3020054F30302AA820400B430
:108B6000F40301AA011280D2E11700F9E11740F9DC
:108B70003F4002F1C102005422008052622A0239B1
:108B8000E21740F9730200F960FE07A9210080D2C4
:108B9000E00313AA2FFFFF97743A00F9E00313AA2A
:108BA000F35341A9FD7BC3A8C0035FD60300009027
:108BB0000200009000000090016F8052631846F997
:108BC000421C46F9001046F9BAF9FF9703000090DD
:108BD0000200009000000090C1328052631446F9F8
:108BE000420C46F9001046F9B2F9FF9703000090D5
:108BF000020000900000009081308052630846F926
:108C0000420C46F9001046F9AAF9FF971F2003D538
:108C10000857214000000000C06321400000000010
:108C2000B05621400000000018572140000000000D
:108C300048572140000000008063214000000000F0
:108C4000FD7BBAA9FD030091F35301A9F55B02A9CD
:108C5000F76303A9E22700F9801000B4F30300AA28
:108C6000F60301AAF50303AA410C00B4BF0A00F100
:108C700081000054603E40F91F0400F1610E005471
:108C8000800A0094800900B4BF0A00F17782009145
:108C9000F4179F1A180080D2DAEEFF97613A40F974
:108CA0009F020071603E40F9200040FAC304005466
:108CB000E02740F9200B00B4980700B401EFFF97BC
:108CC00070060094CFEEFF9760224239001C00131B
:108CD0001F040031410000547F22023960264239CE
:108CE000001C00131F040031410000547F2602398C
:108CF000F4EEFF97E1230191E0430191110A009402
:108D0000A00900B5BFEEFF97613A40F9603E40F917
:108D10003F0000EB40030054EAEEFF97E00313AA84
:108D200094FEFF975F060094380080D2B5EEFF975F
:108D3000613A40F99F020071603E40F9200040FA1C
:108D400082FBFF54E10316AAE20315AAE00313AA6B
:108D500054FEFF97612640F9210400B5600400B578
:108D6000D8EEFF97F35341A9200080D2F55B42A9CA
:108D7000F76343A9FD7BC6A8C0035FD6D1EEFF977A
:108D8000E12740F9E00317AA62080094E00313AA60
:108D900078FEFF974306009480FCFFB5030000D4E3
:108DA000380080D2E2FFFF17E0430191D909009417
:108DB000C3FFFF17E02740F980F6FFB403000090DF
:108DC000020000900000009061778052635847F9DC
:108DD000424847F9004C47F936F9FF976022019164
:108DE000D8080094E0FBFFB4030000D4DDFFFF17B8
:108DF000004040F9C0F3FFB403000090020000906F
:108E000000000090E1768052635047F9424847F9EC
:108E1000004C47F927F9FF97AAEEFF97000080D290
:108E2000F35341A9F55B42A9F76343A9FD7BC6A8AB
:108E3000C0035FD6E00313AA4EFEFF971906009405
:108E4000000080D2F7FFFF1703000090020000909F
:108E50000000009001778052635447F9424847F977
:108E6000004C47F913F9FF970300009002000090AF
:108E700000000090C1768052634447F9424847F9A8
:108E8000004C47F90BF9FF97D8562140000000002D
:108E90006863214000000000B0562140000000003F
:108EA0005057214000000000A8572140000000005A
:108EB00018562140000000000000000000000000E3
:108EC000FD7BBCA9FD030091F35301A9F55B02A949
:108ED000F76303A9200900B4F30300AAF40301AA6D
:108EE000F80302AAF50303AA210600B4BF0A00F1A1
:108EF000E1030054603E40F91F0400F1E108005412
:108F0000E4EEFF97D3EEFF97F60300AA613A40F92B
:108F1000E10314AA77264239E20315AA603A40F920
:108F2000E00313AAF41E0013DEFDFF979F06003135
:108F3000A1000054602640F9E00400B5330080D25F
:108F400013000014130700941FC034EB89FFFF5473
:108F50009FFE017120070054F7060011F71E001351
:108F600077260239330080D209000014C9EEFF973A
:108F7000B8EEFF97F60300AA613A40F9603E40F967
:108F80003F0000EB63FCFF54130080D2E00316AAFD
:108F9000A4EEFF97F55B42A9E00313AAF35341A99E
:108FA000F76343A9FD7BC4A8C0035FD6004040F926
:108FB000E0F9FFB4030000B0020000B0000000B010
:108FC00021928052633840F9423040F9003440F930
:108FD000B8F8FF97602201915A0800941F0000F131
:108FE000041B40FAC0FAFF54200080D2330080D224
:108FF000000300F9E6FFFF17030000B0020000B015
:109000000000009001928052632C40F9423040F9F8
:10901000003440F9A7F8FF97030000900200009089
:109020000000009041928052633C40F9423040F988
:10903000003440F99FF8FF97030000900200009071
:1090400000000090C1A38052634040F9423040F9D3
:10905000003440F997F8FF97D856214000000000EF
:109060004863214000000000B0562140000000008D
:109070005057214000000000A85721400000000088
:10908000F857214000000000000000000000000030
:10909000FD7BBCA9FD030091F35301A9A00800B416
:1090A000F30300AA004040F9F55B02A9600900B58E
:1090B000600240F9F60301AA600400B475EEFF9760
:1090C00064EEFF97F40300AA623A40F9603E40F96B
:1090D0001F0002EBE9040054F71B00F94204009161
:1090E00075264239623A00F9B71E0013FF060031B7
:1090F00081010054602640F9C00400B5F71B40F917
:10910000E00314AA330080D246EEFF97F55B42A934
:10911000E00313AAF35341A9FD7BC4A8C0035FD6A3
:109120009C0600941FC037EBA9FEFF54FFFE01719F
:1091300060060054B5060011B51E001375260239ED
:10914000EFFFFF17600A40F9A0FBFFB40300009097
:10915000020000900000009021A98052632041F994
:10916000F71B00F9421441F9001841F951F8FF9733
:10917000E00314AA130080D22AEEFF97F55B42A900
:10918000E00313AAF35341A9FD7BC4A8C0035FD633
:1091900060220191EB070094DF0200F1041840FA0D
:1091A000E0FAFF54200080D2C00200F9D4FFFF177C
:1091B00003000090020000900000009001A880527F
:1091C000631041F9F55B02A9421441F9F71B00F95C
:1091D000001841F937F8FF97030000900200009053
:1091E0000000009081A88052631C41F9F71B00F930
:1091F000421441F9001841F92EF8FF97030000903E
:10920000020000900000009061B98052632441F98F
:10921000421441F9001841F926F8FF971F2003D5A1
:10922000D8562140000000003063214000000000BB
:10923000B0562140000000002058214000000000EE
:109240004058214000000000F85721400000000075
:10925000FD7BBBA9FD030091F35301A9F51300F9B0
:10926000E21F00F9800E00B4F30300AAF50301AA7F
:10927000810900B403090094C00700B461EDFF97B1
:10928000743A40F9340A00B5E01F40F9C00400B454
:10929000E00301919F0800948AEDFF97F904009480
:1092A00058EDFF9762224239421C00135F040031DF
:1092B000410000547F22023962264239421C0013C9
:1092C0005F040031410000547F2602397DEDFF9795
:1092D000E1E30091E00301919A080094000300B5D6
:1092E00048EDFF97603A40F9A00300B575EDFF9790
:1092F000E11F40F96022019106070094E00313AAE0
:109300001CFDFF97E7040094800400B41F2003D5E0
:109310003CEDFF97743A40F9940500B5E21F40F91F
:10932000C2FBFFB567EDFF97F35341A9000080D260
:10933000F51340F9FD7BC5A8C0035FD6E00313AA6F
:109340000CFDFF97D70400942EEDFF97603A40F98B
:10935000A0FEFFB45BEDFF97EEFFFF1759EDFF97FF
:10936000E00313AA03FDFF97CE040094E9FFFF1763
:10937000E01F40F940F8FFB40300009002000090A5
:109380000000009041BE8052633C42F9423042F9F5
:10939000003442F9C7F7FF97030000D4DDFFFF1741
:1093A000004040F980F6FFB40300009002000090F6
:1093B00000000090A1BD8052633842F9423042F96A
:1093C000003442F9BBF7FF97624240F9020100B452
:1093D000600641A92100028B610E00F93F0000EBFD
:1093E000A2010054E00315AA560D0094601240F942
:1093F000940600D1743A00F9400100B531EDFF97B1
:10940000F35341A9200080D2F51340F9FD7BC5A894
:10941000C0035FD6610240F9610E00F9F2FFFF1749
:109420006082009147070094A0FEFFB4030000D4BF
:10943000F3FFFF170300009002000090000000906F
:1094400021BD8052632C42F9423042F9003442F986
:1094500098F7FF971F2003D5A8582140000000006F
:109460002063214000000000B056214000000000B1
:10947000B8582140000000001856214000000000AC
:10948000FD7BBCA9FD030091F30B00F9E11700F986
:10949000600C00B4F30300AA004040F9000B00B5D3
:1094A00078080094800700B4D6ECFF97603A40F942
:1094B000A00800B5E01740F9A00400B4E0C3009193
:1094C00014080094FFECFF976E040094CDECFF9716
:1094D00060224239001C00131F0400314100005477
:1094E0007F22023960264239001C00131F0400311C
:1094F000410000547F260239F2ECFF97E1A300916E
:10950000E0C300910F080094C00200B5BDECFF97C6
:10951000603A40F9600300B5EAECFF97E11740F9C3
:10952000602201917B060094E00313AA91FCFF974F
:109530005C040094400400B4B2ECFF97603A40F938
:10954000200400B5E01740F9E0FBFFB5DDECFF9724
:10955000F30B40F9000080D2FD7BC4A8C0035FD6A6
:10956000E00313AA83FCFF974E040094A5ECFF9739
:10957000603A40F9C0FEFFB4D2ECFF97EFFFFF174F
:10958000D0ECFF97E00313AA7AFCFF974504009400
:10959000EAFFFF17E01740F980F8FFB403000090DE
:1095A000020000900000009061D18052633043F9C6
:1095B000422443F9002843F93EF7FF97030000D403
:1095C000DEFFFF17611240F9000400D1603A00F994
:1095D000C10000B5BBECFF97F30B40F9200080D22F
:1095E000FD7BC4A8C0035FD660820091D5060094BD
:1095F00020FFFFB4030000D4F7FFFF170300009023
:109600000200009000000090C1D08052632C43F90A
:10961000422443F9002843F926F7FF9703000090FE
:10962000020000900000009041D08052632043F976
:10963000422443F9002843F91EF7FF971F2003D562
:10964000A8582140000000000863214000000000ED
:10965000B0562140000000002058214000000000CA
:10966000185621400000000000000000000000002B
:10967000A00300B4010300B402000090050080D2F2
:10968000030080D2469443F9E20306AA05000014C1
:1096900063040091424000917F2800F18001005452
:1096A000440440F99F0000EB8001005425FFFFB502
:1096B000440040F9630400919F0000F1E513829A91
:1096C000424000917F2800F1C1FEFF54450000B4E4
:1096D000A10000A9C0035FD6C510038BA10000A99B
:1096E000C0035FD6FD7BBFA903000090020000907D
:1096F00000000090FD030091638843F921798152B5
:10970000428C43F9009043F9EAF6FF971F2003D5F6
:10971000A856214000000000F06221400000000037
:10972000B05621400000000070F921400000000008
:10973000FD7BBDA9FD030091F35301A9F30300AA2A
:10974000F40301AAF51300F9F50302AA2DECFF9723
:1097500060224239001C00131F04003141000054F4
:109760007F22023960264239001C00131F04003199
:10977000410000547F26023952ECFF97603A40F9CD
:10978000C00000B4F51340F9E00313AAF35341A954
:10979000FD7BC3A8F7FBFF17E20315AAE10314AA98
:1097A000602201913B060094F51340F9E00313AAEF
:1097B000F35341A9FD7BC3A8EEFBFF170000000097
:1097C000FD7BBCA9FD030091F35301A9F30300AA9B
:1097D000F55B02A90BECFF970100009000000090E0
:1097E00021D044F915D444F9200040F90004009137
:1097F000200000F9A00240F9200700B40100009009
:10980000602E40F936F844F9C10240F9810500B4F0
:109810000100009034D844F902000090010000904B
:1098200042FC44F9230045F9410040F9640040F945
:1098300021040091410000F99F0000EB4200005418
:10984000600000F90008008B61220091800E008BFF
:10985000020440F9620A00F9430840F9630E00F976
:10986000610400F9410800F9602E40F90008008BFE
:1098700000F07DD38102008B611600F9816A60F8E7
:1098800021040091816A20F80EECFF97C00240F994
:10989000E00000B4A10240F9602E40F9212C40F90B
:1098A0003F0000EB42000054030000D4F35341A9F1
:1098B000F55B42A9FD7BC4A8C0035FD6A10240F9B5
:1098C000212C40F93F0000EB0100009048000054BB
:1098D000B30200F934D844F9D0FFFF17B30200F9FE
:1098E000200040F91F0400F1E00000540200009045
:1098F00001000090602E40F954D844F936F844F93C
:10990000C6FFFF1700000090F71B00F914D844F9B8
:10991000F60314AA97220391E00316AAD6A2009197
:109920001CFBFF97FF0216EB81FFFF540000009025
:1099300017DC44F9E00317AA16FBFF97000000901C
:1099400016E044F9E00316AA12FBFF97000000900E
:1099500000E444F90FFBFF970000009000E844F991
:109960000CFBFF970000009000EC44F909FBFF9707
:1099700000000090020000900100009000F044F907
:1099800042F444F9170000F9602E40F9560000F93E
:1099900036F844F9F71B40F9A0FFFF171F2003D545
:1099A00060FA21400000000010FC2140000000008F
:1099B00048FB21400000000020FB21400000000087
:1099C000F8FA214000000000C0FA21400000000029
:1099D00098FA21400000000068FA214000000000D1
:1099E000F0FA214000000000E8FA214000000000E9
:1099F00048FA21400000000028FA21400000000041
:109A000050FA2140000000000000000000000000AB
:109A1000FD7BBCA9050000900400009003000090AD
:109A200002000090FD030091849C45F9F35301A9C5
:109A3000F40300AA63A045F9F55B02A9F50301AAA6
:109A400042A445F9F76303A9B3A845F9960040F984
:109A5000770040F9580040F9600240F90020009179
:109A6000FCFAFF97BF0200F1801A41BA21030054AB
:109A700000000090610240F900AC45F9630240F932
:109A8000020440F9220800F9610240F9440840F953
:109A900021200091640C00F9630240F9810400F96F
:109AA000650240F963200091010040F9430800F984
:109AB000A01400F921040091010000F9F35341A919
:109AC000F55B42A9F76343A9FD7BC4A8C0035FD639
:109AD000600240F9D60214AB610240F9160400F9A5
:109AE00003010054F35341A9E00318AAF55B42A90E
:109AF00021200091F76343A9FD7BC4A8BDFAFF179D
:109B0000E00317AA21200091BAFAFF970000009005
:109B100000B045F9010040F93F0016EB09FDFF5484
:109B2000160000F9F35341A9F55B42A9F76343A975
:109B3000FD7BC4A8C0035FD658FA21400000000096
:109B4000F0FA214000000000E8FA21400000000087
:109B500010FC21400000000068FA214000000000D5
:109B600020FA21400000000000000000000000007A
:109B7000FD7BBCA947040051FD030091F35301A9EB
:109B8000F30306AAF55B02A9F60300AAF50304AAEB
:109B9000F76303A9F70303AAF80305AAC23040F943
:109BA000470C078BF4EC7C92610100B4E60301AA38
:109BB00069A20191070080D2C868E7382869273870
:109BC00088000034E7040091FF4000F161FFFF547A
:109BD0007FDE0139BF1200F1E8020054752E00F952
:109BE0006022009173FAFF9760C2009171FAFF97AB
:109BF000A00080D2000015CB731200F9E20317AA6F
:109C0000601A00F9E10316AA732600F9E00314AA0A
:109C100088EAFF97600200F9580000B4130300F9C6
:109C2000F35341A9F55B42A9F76343A9FD7BC4A89F
:109C3000C0035FD603000090020000900000009077
:109C400081EC8052632C46F9423046F9003446F9E3
:109C500098F5FF971F2003D54859214000000000C8
:109C600068652140000000002059214000000000EC
:109C7000FD7BBDA900000090FD030091F35301A9F5
:109C800014A446F9800240F9400400B40100009099
:109C900000000090F55B02A936A846F915AC46F91C
:109CA000070000141F040071A00300541F08007176
:109CB000C1030054800240F9A00200B4D1EAFF972A
:109CC000C00E40F9130C40F96022009161FAFF9731
:109CD000A00240F9000400D1A00200F9800240F97E
:109CE000000400D1800200F9F6EAFF97609642393D
:109CF000A0FDFF35603240F9B2F8FF97E00313AAE8
:109D0000B0F8FF97800240F9A0FDFFB5F55B42A9CE
:109D1000F35341A9FD7BC3A8C0035FD6E00313AA98
:109D2000A8F8FF97E4FFFF170300009002000090DF
:109D300000000090C125835263B046F942B446F951
:109D400000B846F95BF5FF9790FA2140000000004B
:109D500098FA21400000000060FA21400000000055
:109D600060592140000000005865214000000000BB
:109D70002059214000000000000000000000000009
:109D8000FD7BBEA900000090FD030091F30B00F9DC
:109D900013DC46F91F2003D5B6FFFF97600240F998
:109DA0001F0400F149000054030000D451EBFF9759
:109DB000FAFFFF171F2003D548FB214000000000D9
:109DC000000000B0000840F9060040F9C604009108
:109DD000060000F9E60B00B4000000B00C2440F9C6
:109DE000000080D2810140F9DF0001EB030A00543A
:109DF000010000B0270C40F9E10040F9210040F9D2
:109E0000210900B40B0000B00A0000B0090000B046
:109E1000280080D2320000143F1400F9430040F9BA
:109E2000630400D1430000F9222840F9A20100B4E4
:109E30002D9443A9A50900F923C000912D1C40F9D8
:109E4000AD0400F9450440F9BF0003EBC00700541E
:109E50003F2800F9430040F9630400D1430000F9B2
:109E6000632940F9222C40F9650040F95F0005EBB9
:109E700049000054620000F9432D40F94208028B6A
:109E8000253140F9620C028BAD0040F9420440F9E3
:109E9000220800F9EE0040F9450840F9250C00F9C8
:109EA000A40400F9440800F9222C40F94208028B6E
:109EB000640C028B241400F9647862F88404009125
:109EC000647822F8C20140F9232C40F9A12D40F911
:109ED0007F0001EB0090889A620200B4E10040F933
:109EE000210C40F9210C40F9220440F9DF0002EB7B
:109EF000E3060054250C41A924200091221440F9C6
:109F0000A30800F9250840F9650400F9430440F965
:109F10007F0004EB21F8FF54230C40F9430400F9BF
:109F2000BEFFFF1701008092810100F9010000B01F
:109F3000213440F9210040F93F0000F100049F9ACC
:109F4000C0035FD6232040F9430400F9C1FFFF1787
:109F5000000000B0000C40F9010040F9210040F978
:109F6000410400B5010000B0020000B0030040F958
:109F7000211C40F9422040F9240040F9040000F976
:109F8000230000F9410040F921040091410000F94B
:109F9000010040F9210040F9C10000B5000000B007
:109FA000010080920C2440F9810100F98DFFFF1718
:109FB000010040F9000000B00C2440F9200C40F9E9
:109FC000000040F9800100F986FFFF17010000B092
:109FD000820100F9213440F9210040F93F0000F1ED
:109FE00000049F9AC0035FD6FD7BBFA9030000B0A9
:109FF000020000B0000000B0FD030091631040F9C2
:10A00000E14B8252421440F9001840F9A9F4FF973D
:10A0100058FA214000000000F0FA21400000000042
:10A020009859214000000000C86421400000000051
:10A030002059214000000000E8FA21400000000003
:10A0400030FA21400000000020FA2140000000000A
:10A0500050FA21400000000048FB214000000000B1
:10A0600010FC21400000000038FA214000000000F0
:10A07000FD7BBDA9FD030091F30B00F9FF1300F96F
:10A08000850300B4F30306AA460500B4E70305AA56
:10A09000051580D2E51700F9E51740F9BFA002F1D8
:10A0A000810300540004004F45008052DF5000F946
:10A0B000C5940239E51740F9C00003ADE58300916E
:10A0C000C73000F9C00000ADC00001ADC00002AD56
:10A0D000C00004ADA7FEFF97E00313AAB9FDFF97E8
:10A0E000F30B40F9E01340F9FD7BC3A8C0035FD632
:10A0F000030000900200009000000090219E80521A
:10A1000063A840F942AC40F900B040F969F4FF9708
:10A11000030000900200009000000090419F8052D8
:10A1200063B840F942AC40F900B040F961F4FF97E0
:10A13000030000900200009000000090419E8052B9
:10A1400063B440F942AC40F900B040F959F4FF97CC
:10A15000105A2140000000008065214000000000EE
:10A160002059214000000000305A2140000000002A
:10A17000505A2140000000000000000000000000D4
:10A18000FD7BBBA9FD030091F55B02A9F503022A43
:10A19000F60300AAA07E7DD3F76303A9F70301AA03
:10A1A000F80303AAF96B04A9F90304AAFA0305AAA0
:10A1B000ACF6FF97600400B4F35301A9F40300AABE
:10A1C000001580D2A7F6FF97F30300AA400300B45E
:10A1D0000004004FE5031AAAE40319AAE30318AA2E
:10A1E000E203152AE10317AAE60313AA7F5200F936
:10A1F000600203ADE00316AA743200F9600200ADFC
:10A20000600201AD600202AD600204AD59FEFF972D
:10A21000E00313AA6BFDFF97F35341A9200080D2FE
:10A22000F55B42A9F76343A9F96B44A9FD7BC5A877
:10A23000C0035FD6E00314AA62F7FF97F35341A966
:10A2400000008092F55B42A9F76343A9F96B44A92A
:10A25000FD7BC5A8C0035FD6000000000000000021
:10A26000FD7BBCA9FD030091F35301A9600700B475
:10A2700001000090F30300AA0000805221CC41F9B4
:10A28000210040F93F0013EB40040054F55B02A9A4
:10A29000F71B00F95BE9FF970100009000000090B8
:10A2A000741640F921D041F900D441F9370040F942
:10A2B000160040F9752A40F982E9FF9701000090E5
:10A2C0002000805221D841F9BF0201EBC0020054A6
:10A2D0009F0217EB40008052841256FA400200544D
:10A2E0000100009021DC41F99F0201EB8001005444
:10A2F000010000909F0200F1F55B42A980008052AE
:10A3000021E041F9F71B40F9841241FA00049F1A39
:10A31000F35341A9FD7BC4A8C0035FD6612A40F96D
:10A32000C10000B4F35341A9F55B42A9F71B40F902
:10A33000FD7BC4A8C0035FD660924239F55B42A999
:10A34000001C00121F040071E0079F1AF71B40F960
:10A3500000080011EFFFFF170300009002000090BB
:10A36000000000900138815263C041F9F55B02A9F9
:10A3700042C441F9F71B00F900C841F9CDF3FF973A
:10A38000905A214000000000286521400000000094
:10A39000205921400000000010FC21400000000076
:10A3A000F0FA214000000000E8FA2140000000001F
:10A3B000C0FA21400000000068FA214000000000BF
:10A3C00098FA21400000000000000000000000009A
:10A3D000FD7BBDA9FD030091F35301A9800800B4E2
:10A3E000F30300AA00000090149442F9800240F99F
:10A3F0001F0013EB4001005402E9FF97000000909A
:10A40000611640F9009842F93F0000EBE00000546B
:10A41000F35341A9FD7BC3A82AE9FF17F35341A9D0
:10A42000FD7BC3A8C0035FD601000090602A40F9FD
:10A43000219C42F91F0000F1040041FAA0FEFF54E4
:10A44000F51300F960924239001C00121F040071DC
:10A45000A004005475220091E00315AA7DF8FF972F
:10A4600001000090602E40F921A042F9220040F93D
:10A470001F0002EB49000054200000F90100009089
:10A480000008008B830240F921A442F9200C008BC4
:10A49000000440F9600A00F9020840F9620E00F970
:10A4A000550400F9150800F9602E40F90008008BEA
:10A4B00000F07DD30200018B621600F9226860F87B
:10A4C00042040091226820F8612C40F9602E40F986
:10A4D0003F0000EB82000054030000D4F51340F964
:10A4E000CCFFFF17F51340F9CAFFFF1703000090D8
:10A4F000020000900000009001A48152638842F99C
:10A50000F51300F9428C42F9009042F969F3FF9784
:10A51000985A21400000000008652140000000001A
:10A52000205921400000000010FC214000000000E4
:10A5300068FA214000000000C0FA2140000000003D
:10A5400050FA21400000000048FB214000000000BC
:10A55000FD7BBCA92389885283A9A872FD030091C1
:10A56000E2730091E1A30091E0830091FF7F02A9D3
:10A57000E33300B9FFD300396EE7FF97E61742A92E
:10A5800000000090E21F40B9E1C30091001843F9B8
:10A59000040080D2030080D2B6FEFF970100009035
:10A5A000211C43F9200000F9C00000B50000009014
:10A5B000003843F9000040F9FD7BC4A8C0035FD612
:10A5C000C00500941F0400F1600100541F0400B195
:10A5D000E1FEFF5403000090020000900000009094
:10A5E00021D58152632C43F9423043F9003443F9B9
:10A5F00030F3FF97DF4103D59F3F03D5DF3F03D5FE
:10A60000030000900200009001000090040080927E
:10A61000632043F9422443F9212843F9640000F9F7
:10A62000400000F93F0000F95AE8FF97E0FFFF17EC
:10A63000809D20400000000018FA2140000000002A
:10A6400020FA21400000000048FA214000000000EC
:10A6500058FA214000000000A85A214000000000E4
:10A66000F06421400000000020592140000000005B
:10A67000986521400000000000000000000000007C
:10A6800000000090014C43F9200040F900040091C3
:10A69000200000F9C0035FD610FA2140000000003E
:10A6A000FD7BBCA9FD030091F35301A955E8FF9779
:10A6B00000000090139844F9600240F9601200B461
:10A6C000600240F9000400D1600200F9600240F924
:10A6D000000A00B50000009000A844F9000040F90D
:10A6E000800900B400000090F55B02A905AC44F9B4
:10A6F000A00040F9401000B4030000900200009058
:10A70000010000900000009067B044F9290080D259
:10A7100042B444F928B844F914BC44F92E0000149A
:10A720001F2800F9230040F9630400D1230000F939
:10A73000061041A903200091011440F9C40800F952
:10A74000060840F9860400F9240440F99F0003EB51
:10A75000C00600541F1400F9E60040F9240040F937
:10A76000840400D1240000F9012C40F93F0006EBDD
:10A7700049000054E10000F92108018B060140F96D
:10A78000410C018B210440F9010800F9240840F92B
:10A79000040C00F9830400F9230800F9012C40F9A6
:10A7A0002108018B430C018B031400F9437861F8F5
:10A7B00063040091437821F8012C40F9C02C40F942
:10A7C0003F0000EB49000054890200F9A00040F965
:10A7D000200300B4A00C40F9000C40F904C0009123
:10A7E000068C43A9012840F9C30800F9061C40F96A
:10A7F000660400F9230440F97F0004EB21F9FF54BB
:10A80000032040F9230400F9C6FFFF17F55B42A9B6
:10A810002CE8FF97130080D2E00313AAF35341A959
:10A82000FD7BC4A8C0035FD6040C40F9240400F9E2
:10A83000C9FFFF170000009000C044F9010040F973
:10A84000210040F9210500B4010040F9000000900A
:10A8500000C444F9210C40F9210040F9010000F93D
:10A860000000009016C844F9D50240F9550200B422
:10A87000F71B00F9370080D20600001451FDFF9746
:10A88000400000B4970200F9B50600F10001005441
:10A89000600240F940FFFFB4C00240F9B50600F184
:10A8A00000040091C00200F941FFFF54DF0200F9EB
:10A8B000F71B40F9800240F9A0FAFFB400000090B5
:10A8C00000B844F9000040F9030000D4F55B42A948
:10A8D000330080D2FBE7FF97E00313AAF35341A9AB
:10A8E000FD7BC4A8C0035FD60000009001008092E9
:10A8F00000C444F9010000F9DAFFFF1700000090DE
:10A9000014BC44F9D7FFFF17030000900200009029
:10A910000000009061F18152639C44F9F55B02A94B
:10A9200042A044F9F71B00F900A444F961F2FF9733
:10A9300010FA214000000000C05A21400000000031
:10A94000E064214000000000205921400000000088
:10A9500060FA214000000000C0FA21400000000021
:10A9600050FA21400000000048FB21400000000098
:10A9700010FC21400000000038FA214000000000D7
:10A98000F0FA21400000000020FA21400000000001
:10A9900040FA21400000000000000000000000001C
:10A9A000FD7BBEA9FD030091F30B00F9E00600B4A6
:10A9B000C10500B402000090426445F9430040F92B
:10A9C00063040091430000F903000090636845F9B7
:10A9D000630040F9420040F95F0400F16103005454
:10A9E000020040F9410001ABE4379F9A5F0003EB9E
:10A9F000080200549F0000F1600041FA0202005476
:10AA0000010000F9330080D2200003CB010080D286
:10AA100000FCFF9723FFFF97400000B5030000D420
:10AA2000E00313AAF30B40F9FD7BC2A8C0035FD675
:10AA3000640000B47F0001EB43FEFF54130080D29A
:10AA4000010000F9F4FFFF170300009002000090DE
:10AA50000000009001278152636C45F9425845F986
:10AA6000005C45F913F2FF9703000090020000908C
:10AA70000000009001268152636045F9425845F973
:10AA8000005C45F90BF2FF97030000900200009074
:10AA900000000090E1258152635445F9425845F980
:10AAA000005C45F903F2FF97E05A214000000000E6
:10AAB00048652140000000002059214000000000AE
:10AAC000F85A21400000000010FA21400000000068
:10AAD00058FA214000000000105B214000000000F7
:10AAE000600000B5030000D4C0035FD6FD7BBFA9A2
:10AAF00001000090FD03009121A845F9220040F9D2
:10AB000042040091220000F9210040F93F0400F1C5
:10AB100001010054010080D2BEFBFF97E1FEFF97C8
:10AB2000400000B5030000D4FD7BC1A8C0035FD680
:10AB3000030000900200009000000090C13181529B
:10AB400063AC45F942B045F900B445F9D9F1FF9736
:10AB500010FA214000000000105B214000000000BE
:10AB6000386521400000000020592140000000000D
:10AB70000000009000C045F9000040F9C0035FD616
:10AB800058FA214000000000000000000000000012
:10AB90000000009000D045F9000040F9C0035FD6E6
:10ABA00060FA2140000000000000000000000000EA
:10ABB0000000009000F045F9000040F9400000B5A9
:10ABC00080FCFF1701000090000080D222F445F9BC
:10ABD000410040F921040091410000F9C0035FD613
:10ABE00010FA21400000000040FA2140000000005F
:10ABF00000000090008046F9000040F9C00000B459
:10AC000000000090210080D2008446F9010000F984
:10AC1000C0035FD601000090020000900000009089
:10AC2000218446F9458846F93F0000F9038C46F92E
:10AC3000A00040F902F47ED34400008B84F07DD361
:10AC40006100048B646864F8240100B51F2003D5FB
:10AC5000200400B422805DF8000400D1620000B539
:10AC600021A000D1FBFFFF1702F47ED34200008B2E
:10AC700042F07DD36400028B424000916300028B5E
:10AC8000810440F9210440F9810400F93F0003EBFD
:10AC90000001005403000090220C40F9619C46F929
:10ACA000220000F9A00000F9200040F9C0035FD69F
:10ACB000810C40F903000090810400F9220C40F956
:10ACC000619C46F9220000F9A00000F9200040F93B
:10ACD000C0035FD6FD7BBFA9030000900200009077
:10ACE00000000090FD030091639046F9417F82527D
:10ACF000429446F9009846F96EF1FF971F2003D55C
:10AD000010FA21400000000038FA21400000000045
:10AD100050FA21400000000048FB214000000000E4
:10AD2000305B214000000000B064214000000000C2
:10AD3000205921400000000010FC214000000000CC
:10AD4000FD7BBCA9FD030091F35301A9F30300AA05
:10AD5000F51300F9ABE6FF9700000090155C47F98A
:10AD6000F30600B474220091E00314AA39F6FF97A9
:10AD7000602A40F9600000B460C2009135F6FF9788
:10AD800000000090E10314AA006047F9E01F00F9F9
:10AD90000CF6FF9760924239001C00121F040071EC
:10ADA000410000547F920239C6E6FF9700000090F0
:10ADB000146447F9800240F9000100B5A00240F98F
:10ADC0001F0013EB60020054F35341A9F51340F93F
:10ADD000FD7BC4A8C0035FD68AE6FF970000009001
:10ADE000006847F9010040F9210040F9C10200B5AF
:10ADF0000000009001008092006C47F9010000F90A
:10AE0000B0E6FF97A00240F91F0013EBE1FDFF54ED
:10AE1000800240F9800200B400000090007047F901
:10AE2000000040F9A00300B5030000D4F35341A98A
:10AE3000F51340F9FD7BC4A8C0035FD6B30240F907
:10AE4000C9FFFF17010040F900000090006C47F9AE
:10AE5000210C40F9210040F9010000F999E6FF9723
:10AE6000E9FFFF1701000090E01F40F9218047F93A
:10AE7000000040F9210040F93F0000EB6100005460
:10AE8000BF0200F9D1FFFF17F35341A9F51340F9B1
:10AE9000FD7BC4A857FFFF1703000090020000903D
:10AEA0000000009001958152637447F9427847F998
:10AEB000007C47F9FFF0FF9710FC214000000000E4
:10AEC00068FA21400000000048FA2140000000001C
:10AED000F0FA21400000000020FA214000000000AC
:10AEE00010FA214000000000705A214000000000CC
:10AEF000186521400000000020592140000000009A
:10AF000060FA214000000000000000000000000086
:10AF1000FD7BBEA9FD030091F30B00F9800100B495
:10AF2000F30301AA0100009021C447F9210040F970
:10AF300021C00091AFF5FF97E00313AA210080D252
:10AF4000F30B40F9FD7BC2A8B2FAFF170300009093
:10AF500002000090000000900190825263B847F90F
:10AF600042BC47F900C047F9D2F0FF971F2003D534
:10AF7000405B214000000000986421400000000078
:10AF8000205921400000000010FC2140000000007A
:10AF9000FD7BBFA9E30300AAFD030091E00300B419
:10AFA000E00302AA020000B0423840F9420040F932
:10AFB000420400B4020000B0240061B2210080D23B
:10AFC000424040F9450040F9460040F9A41800F914
:10AFD000450040F9640440F9C41C00F9460040F9FA
:10AFE000870840F9A72000F9450040F9C6C0009144
:10AFF000480040F9E60400F9A2C00091820800F977
:10B00000032900F9620040F94200018B620000F957
:10B01000FD7BC1A87FFAFF1703000090020000909B
:10B0200000000090C1938252632C40F9423040F9F5
:10B03000003440F99FF0FF97030000900200009059
:10B040000000009041948252633C40F9423040F944
:10B05000003440F997F0FF97405B2140000000006A
:10B0600078642140000000002059214000000000C9
:10B0700010FA214000000000505B21400000000059
:10B0800010FC214000000000000000000000000053
:10B09000E30300AA200300B404000090E00301AA27
:10B0A0005F0000F1E10302AA849C40F900009FDAEE
:10B0B000620440F9860040F9850040F9C21C00F99D
:10B0C000860040F9470840F9A72000F9850040F9BB
:10B0D000C6C00091880040F9E60400F9A4C00091C0
:10B0E000440800F9032900F9620040F94204009184
:10B0F000620000F947FAFF17FD7BBFA9030000902B
:10B100000200009000000090FD030091639040F960
:10B11000C1978252429440F9009840F965F0FF9738
:10B12000405B214000000000586421400000000006
:10B13000205921400000000010FC214000000000C8
:10B14000000C40F9010C40F9010C00B4248843A91B
:10B1500023C00091202840F9820800F9241C40F9FE
:10B16000440400F9020440F95F0003EB200A005494
:10B17000020000903F2800F9448441F9020040F9A0
:10B18000840040F9420400D1020000F9040600B531
:10B19000240841A923200091201440F9820800F9D5
:10B1A000240840F9440400F9020440F95F0003EB6D
:10B1B000600800543F1400F904000090020040F9B8
:10B1C000848841F9420400D1020000F9820040F96C
:10B1D000202C40F91F0002EB49000054800000F9C8
:10B1E000020000900008008B428C41F9400C008B5B
:10B1F000000440F9200800F9040840F9240C00F983
:10B20000830400F9030800F9202C40F90008008BA2
:10B2100000F07DD30300028B231400F9436860F82B
:10B2200063040091436820F803000090000080D27E
:10B23000222C40F9619441F9210040F9212C40F978
:10B240005F0001EBA8020054C0035FD6000000902D
:10B25000009041F9040840A9221C00F9450840F972
:10B26000252000F984040091040000F9A30400F9EA
:10B27000430800F903000090202800F9000080D264
:10B28000222C40F9619441F9210040F9212C40F928
:10B290005F0001EBA9FDFF5402000090210080D265
:10B2A000E00301AA429841F9410000F9C0035FD6CA
:10B2B000222040F9020400F9AEFFFF17220C40F9EA
:10B2C000020400F9BCFFFF17FD7BBFA9030000903B
:10B2D0000200009000000090FD030091637841F9A6
:10B2E000A19E8252427C41F9008041F9F1EFFF9723
:10B2F000805B214000000000386421400000000015
:10B30000205921400000000010FA214000000000F8
:10B3100050FA21400000000048FB214000000000DE
:10B32000C0FA21400000000010FC21400000000095
:10B3300038FA21400000000000000000000000007A
:10B34000FD7BBFA902000090FD030091426042F91D
:10B35000420040F9420A00B4020C40F9210061B2F7
:10B36000010000F9C20800B4048C40A9011040F9A2
:10B37000830800F9040440F9640400F9230440F947
:10B380007F0000EB600700541F1000F9432000917C
:10B39000200040F9000400D1200000F9440441A934
:10B3A000401440F9810800F9440840F9240400F9E8
:10B3B000010440F93F0003EB600500545F1400F9FD
:10B3C00004000090010040F9847442F9210400D186
:10B3D000010000F9810040F9402C40F91F0001EB09
:10B3E00049000054800000F9010000900008008B23
:10B3F00004000090217842F9847C42F9200C008BF3
:10B40000850040F9000440F9400800F9040840F9BB
:10B41000440C00F9830400F9030800F9402C40F9BA
:10B420000008008B00F07DD30300018B431400F96A
:10B43000236860F863040091236820F8412C40F9E8
:10B44000A02C40F93F0000EBA90000540000009040
:10B45000210080D2008042F9010000F9FD7BC1A8E3
:10B46000C0035FD6410C40F9010400F9D4FFFF1777
:10B47000030840F9230400F9C4FFFF1703000090FC
:10B480000200009000000090C1A98252637042F94E
:10B49000426842F9006C42F986EFFF970300009082
:10B4A000020000900000009061A88252636442F99B
:10B4B000426842F9006C42F97EEFFF971F2003D5E6
:10B4C00010FA214000000000505B21400000000005
:10B4D00010642140000000002059214000000000BD
:10B4E000805B21400000000050FA21400000000075
:10B4F00048FB21400000000010FC2140000000003B
:10B5000038FA2140000000000000000000000000A8
:10B510000200009001000090429842F9219C42F9FB
:10B52000420040F9210040F9020400A9C0035FD69F
:10B5300030FA21400000000058FA214000000000CD
:10B54000FD7BBEA9FD030091F35301A9000600B4E1
:10B55000F40301AAC10400B4F30300AAA9E4FF970D
:10B5600001000090800240F9222843F9410040F98F
:10B570001F0400B12002005403000090642C43F922
:10B58000660E40A9850040F9DF0005EB621041FA24
:10B5900009020054250003CB1F0005EBA90100544C
:10B5A000000001CB840040F90000038B410040F90A
:10B5B000800200F9640600A9C2E4FF97130080D25C
:10B5C000E00313AAF35341A9FD7BC2A8C0035FD6D1
:10B5D0009F0200F9330080D2BAE4FF97E00313AA78
:10B5E000F35341A9FD7BC2A8C0035FD603000090BE
:10B5F0000200009000000090C1B48252632443F91D
:10B60000421C43F9002043F92AEFFF970300009002
:10B610000200009000000090A1B48252631843F928
:10B62000421C43F9002043F922EFFF971F2003D566
:10B63000905B214000000000F86321400000000002
:10B640002059214000000000A05B214000000000C4
:10B6500058FA21400000000030FA214000000000AC
:10B6600000000090210080D2003C43F9010000F965
:10B67000C0035FD61F2003D538FA21400000000028
:10B6800001000090200080D2215843F9210040F9A8
:10B69000E10000B400000090005C43F9000040F9B4
:10B6A0001F0000F1E0179F9A00F87FD3C0035FD618
:10B6B00048FA21400000000010FA2140000000007C
:10B6C00000000090A10080D2007843F9040040F906
:10B6D000030040F9020040F9632C40F9801840F95A
:10B6E000210003CB411800F9C0035FD61F2003D50A
:10B6F00010FC2140000000000000000000000000DD
:10B70000FD7BBDA9FD030091F35301A93DE4FF9723
:10B710000000009013D843F9600240F9800000B4A3
:10B72000F35341A9FD7BC3A866E4FF170000009016
:10B73000F51300F915DC43F9E00315AA95F3FF971B
:10B740000000009014E043F9E00314AA91F3FF977E
:10B7500003000090010000900000009002000090A3
:10B7600066E443F90400805225E843F9010480D2DD
:10B7700003EC43F9400180D242F043F9B40000F9F0
:10B78000D50000F97FF4FF97600200F9C00000B413
:10B790000100009021F443F9B6F7FF97F51340F943
:10B7A000E0FFFF17F51340F9DEFFFF171F2003D559
:10B7B00000FE21400000000040FE2140000000008B
:10B7C00018FE21400000000010FE21400000000093
:10B7D00008FE21400000000020FC21400000000085
:10B7E000B0FC214000000000B05B214000000000E0
:10B7F000FD7BBCA902000090FD030091F76303A943
:10B80000578044F9F35301A9F40300AAF55B02A998
:10B81000F60301AAE00240F9000C40F9130C40F9CC
:10B8200078220091E00318AA8AF3FF976022413939
:10B830000002103700781F1260220139612240F99E
:10B84000E00313AAF35341A9F00301AAF55B42A94F
:10B85000F76343A9FD7BC4A800021FD65F0003EB7A
:10B8600068030054612240F9F40315AA20003FD672
:10B87000621A40F9731200F9E00313AAC30214CB51
:10B88000950202AB750600F9E1379F9ADF0215EBCE
:10B8900062FEFF543F0000F1C20254FA43FEFF541F
:10B8A000E00240F9E10318AA52F3FF97F55B42A9C1
:10B8B000E00313AAF76343A9612240F9F35341A9B6
:10B8C000F00301AAFD7BC4A800021FD6000000906F
:10B8D000E10318AA008444F9000040F945F3FF97FA
:10B8E000F55B42A9E00313AAF76343A9612240F97B
:10B8F000F35341A9F00301AAFD7BC4A800021FD69F
:10B9000010FE21400000000008FE21400000000061
:10B91000FD7BB9A90200009001000090000000909A
:10B92000FD030091F35301A9144C46F9F55B02A9FC
:10B93000554046F9F76303A917000090364446F9CD
:10B94000F92300F91F2003D5A00240F9180040F99F
:10B95000B80E00B4000C40F9180040F949FBFF97FD
:10B9600084FCFF97F30300AAC10240F91F0001EB1A
:10B9700083080054C00200F9020080D21F0300EBCC
:10B98000A80E005447FBFF97E10313AAE00318AA8F
:10B9900098FFFF97FF7F05A9FF7F06A91F2003D50A
:10B9A000E1430191800240F9020080D229F6FF971D
:10B9B000C0FCFFB4E12B40F9E03340F9810AF8B74D
:10B9C000F33340F9601640F9800000B46022009122
:10B9D00020F3FF971F2003D566FCFF97F80300AA0A
:10B9E000C10240F91F0001EB83060054E02B40F92F
:10B9F000D80200F91F1400F160070054AC0B00548A
:10BA00001F0C00F1E00D00541F1000F1C00B00549A
:10BA1000000400D11F0400F148FCFF54611A40F9F2
:10BA2000731200F9E02F40F962224139030001ABA3
:10BA3000630600F94400003264220139E4379F9A1A
:10BA40007F0018EB680C0054000300CB3F0000EBB4
:10BA500048050054620C103742781F1262220139E7
:10BA6000612240F9E00313AA20003FD6CDFFFF1763
:10BA7000200C40F901008092000040F95DFFFF9723
:10BA8000A10240F9200040F940FFFFB5E04A46F925
:10BA9000D30200F9020040F9A20200F9010000F906
:10BAA00000FBFF97BCFFFF17200C40F901008092BC
:10BAB000000040F94FFFFF97A10240F9200040F934
:10BAC00040FFFFB5E04A46F9D80200F9020040F90C
:10BAD000010000F9E02B40F9A20200F91F1400F167
:10BAE000E1F8FF5460224139C00A083600781F127D
:10BAF00060220139ABFFFF17E04A46F9612200914D
:10BB0000000040F9BBF2FF97A6FFFF17E22F40F9B4
:10BB1000E16B40B940003FD6E02B40F920F4FFB77D
:10BB2000A8FFFF17D7FAFF9712FCFF97F30300AAAD
:10BB3000C10240F91F0001EB43FAFF54E04A46F905
:10BB4000D30200F9000040F9000040F91F0000F1A5
:10BB5000E2179F9A800240F9010313CBF5F6FF9795
:10BB6000D0FAFF9780F1FFB5030000D48AFFFF17DA
:10BB70001F2000F1600200542DF5FF541F2400F136
:10BB800001F1FF54E02F40F9601A00F961224139B8
:10BB90002100003261220139400600B40000188BF8
:10BBA000600600F9731200F91F0018EB69FAFF54E0
:10BBB000A00240F9612200918EF2FF9779FFFF17F2
:10BBC0006022413900781F126022013975FFFF178A
:10BBD0009F0000F1000058FAC9FEFF54E2F3173647
:10BBE000E02F40F92000008B09000014000300CB77
:10BBF0001F0001EBC3020054612240F9E00313AAC5
:10BC000020003FD6611A40F9E00319AA190001ABE0
:10BC1000790600F9731200F9E2379F9A1F0319EBB6
:10BC200062FEFF545F0000F1020340FA63FEFF541E
:10BC3000A00240F9612200916EF2FF9789FFFF1781
:10BC4000E00313AADFF0FF9756FFFF17E04A46F91B
:10BC500061220091000040F966F2FF9781FFFF1713
:10BC600003000090020000900000009001828052CA
:10BC7000635046F9425446F9005846F98DEDFF9756
:10BC800010FE214000000000F0FD214000000000F7
:10BC900008FE21400000000000FE214000000000DE
:10BCA000005C214000000000A06521400000000071
:10BCB000D85B2140000000000000000000000000F0
:10BCC000FD7BBDA9FD0300918EFEFF970000009053
:10BCD00000A846F9000040F9C00200B4E2730091E8
:10BCE000E1A30091E0830091FF7F02A9A1E1FF970A
:10BCF000E61742A90100009000000090E21F40B941
:10BD000021AC46F9640080D200B046F9030080D22D
:10BD1000D8F8FF970100009021B446F9200000F9FF
:10BD2000800000B4200080D2FD7BC3A8C0035FD692
:10BD3000030000900200009000000090C128805293
:10BD400063B846F942BC46F900C046F959EDFF9781
:10BD500000FE214000000000285C2140000000009F
:10BD600010B9204000000000F8FD21400000000054
:10BD7000305C214000000000C06521400000000050
:10BD8000D85B21400000000000000000000000001F
:10BD9000FD7BBDA904000090E60300AAFD0300910D
:10BDA00080EC46F9E50301AAE403022A2700809209
:10BDB000E20303AAE1430091000040F9030080D2AE
:10BDC000E71B01A9E51300F9E42B00B93DF4FF9747
:10BDD000FD7BC3A8C0035FD600FE21400000000029
:10BDE000FD7BBEA9637C4093FD030091F30B00F93A
:10BDF000F30301AA2124C079DE070094E000F8B71C
:10BE0000614A40F92100008B614A00F9F30B40F9C7
:10BE1000FD7BC2A8C0035FD661224079217813124E
:10BE200061220079F30B40F9FD7BC2A8C0035FD605
:10BE3000FD7BBDA9FD0300912420C079F35301A926
:10BE4000F30301AAF40300AAF55B02A9F50302AA11
:10BE5000F603032A840140376126C07984781312DF
:10BE600064220079C37E4093E20315AAE00314AA7A
:10BE700070000094F35341A9F55B42A9FD7BC3A870
:10BE8000C0035FD62124C07943008052020080D2D3
:10BE9000A00700946422C079F0FFFF1700000000A3
:10BEA000FD7BBEA9FD030091F30B00F9F30301AA8A
:10BEB0002124C079970700946122C0791F0400B142
:10BEC000E00000542100143261220079604A00F938
:10BED000F30B40F9FD7BC2A8C0035FD62178131293
:10BEE00061220079F30B40F9FD7BC2A8C0035FD645
:10BEF0002124C07967030014000000000000000046
:10BF00005F2403D5042C40929F803FF1C806005463
:10BF1000020C40A9E8C300B2440008CB45D800B2E7
:10BF2000660008CB67D800B2840025EAC500278ADE
:10BF3000A00840FA000100548430859A000180D2A4
:10BF4000840CC0DAE033809A8410C0DA000C448B91
:10BF5000C0035FD6020C41A9440008CB45D800B20B
:10BF6000660008CB67D800B2840025EAC500278A9E
:10BF7000A00840FA400100548430859A000380D222
:10BF8000840CC0DA060280D28410C0DAC030809AF5
:10BF9000000C448BC0035FD61F2003D501E87B92C1
:10BFA0002108C1AD20AC226E00AC206E0098200E9E
:10BFB0000300669E63FFFFB42098204E200000CB54
:10BFC000630000354098204E0040009100840C0F23
:10BFD0000300669E6300C0DA6210C0DA0008428B7C
:10BFE000C0035FD601E87B92628081520206B8727C
:10BFF00021A0404C400C044E2198204E4298204EE7
:10C00000211C204E421C204E20BC224E00BC204E43
:10C010000300669E04F87FD36324C49A23FCFFB414
:10C020006300C0DA6010C0DA00FC41D3C0035FD601
:10C03000FD7BBEA9FD030091F35301A9940000F01C
:10C04000F30300AAE003012AE10302AA9FAA0EB9A2
:10C05000E20303AA67DFFF97017C40931F040031CE
:10C06000A0000054F35341A9E00301AAFD7BC2A83C
:10C07000C0035FD680AA4EB960FFFF34600200B9EA
:10C08000E00301AAF35341A9FD7BC2A8C0035FD618
:10C09000400000F0003C46F9C0035FD600000000FD
:10C0A000FD7BBAA9FD030091F35301A9345C009113
:10C0B000F55B02A9F50300AA9FBA00F1A80C005491
:10C0C0003F8000F188190054EA020094140480D2E1
:10C0D000010A80D280008052560000F0D6020B91F7
:10C0E000C102018B00080011214000D1330C40F93E
:10C0F0007F0201EBC11D0054D31240F9460000F04D
:10C10000C6400B917F0206EB600F0054610640F9B8
:10C1100021F47E92220014CB5F7C00F1AC27005406
:10C12000C61A02A98217F8B6C50640F93FFC07F106
:10C13000C81E005422FC43D3230080D241040011C6
:10C14000427C021321781F536220C29AA50002AAE2
:10C15000C1CE218B22045FF8C50600F9620601A951
:10C16000330800F9530C00F9017C0213240080D23B
:10C170008420C19A9F0005EBA80C00549F0005EA9B
:10C18000C100005400741E1284F87FD30010001107
:10C190009F0005EAA0FFFF54E90180920704001107
:10C1A000E803002AE7781F5327CD278BC702078BA8
:10C1B000E50307AAA10C40F909000014220440F984
:10C1C000F30301AA210C40F942F47E92430014CB00
:10C1D0007F7C00F12C1E0054E31FF8B6BF0001EB7A
:10C1E000E1FEFF541FF900712D240054A540009179
:10C1F000080500111F0540F2E1FDFF540500001481
:10C20000E1045FF8000400513F0007EB01340054E3
:10C210001F0440F261FFFF54C00640F90000248A69
:10C22000C00600F984F87FD3810400D13F0000EB01
:10C23000830000543600001484F87FD308110011E5
:10C240009F0000EAA0FFFF54E003082AD4FFFF1775
:10C2500094EE7C92E27B40B29F0202EB229054FA71
:10C26000A80C0054830200949FDE07F1891C00543F
:10C2700081FE49D3810C00B43F1000F1A81700548F
:10C2800081FE46D320E4001125E0001104781F53FD
:10C29000847C7D93560000F0D6020B91C402048B7F
:10C2A000844000D1930C40F99F0013EBE10000544F
:10C2B00092FFFF17630E40F9C211F8B6F30303AA09
:10C2C0009F0003EBA0F1FF54610640F921F47E9238
:10C2D000220014CB5F7C00F1EDFEFF54D31240F935
:10C2E000460000F0C6400B91E003052A7F0206EBF2
:10C2F000E1F0FF54C50640F9017C0213240080D20E
:10C300008420C19A9F0005EBA9F3FF54D30A40F99A
:10C31000F76303A9770640F9F7F67E92E00214CBA3
:10C320001F7C00F1E0C254FA420A0054810000F080
:10C33000FB7305A95C0000F0215047F9E30382D2AA
:10C34000825B41F98102018B3800038B21800091CF
:10C350005F0400B118CF74921813819AE00315AAF4
:10C36000E10318AA7B02178BF96B04A9A9060094B4
:10C37000F90300AA1F0400B1A00600547F0300EBDC
:10C38000280600549A0000F0416B4EB92100180BAA
:10C39000416B0EB9E003012A811700547F2F40F250
:10C3A00041170054C20A40F9E002188B000040B265
:10C3B000400400F91F2003D5800000F0217C409349
:10C3C000024C47F93F0002EB49000054014C07F9C9
:10C3D000800000F0D30A40F9024847F93F0002EB21
:10C3E00049000054014807F9600640F900F47E92C4
:10C3F0001A00001480018052130080D2A00200B9FC
:10C400000C000014048080D200088052E50780529E
:10C41000A1FFFF176102018BE00315AA734200918F
:10C42000220440F9420040B2220400F915020094AF
:10C43000F55B42A9E00313AAF35341A9FD7BC6A80B
:10C44000C0035FD67F0216EB80110054D30A40F977
:10C45000600640F900F47E929F0200EB000014CBCE
:10C4600004985FFAAD190054F96B44A9FB7345A910
:10C470006202148B940240B2740600F9010040B2CB
:10C48000C20A00F9410400F9E00315AA73420091C1
:10C49000FC010094F55B42A9E00313AAF35341A900
:10C4A000F76343A9FD7BC6A8C0035FD6619240A98C
:10C4B000E00315AA630E40F921F47E926102018B1C
:10C4C000220440F9830C00F9420040B2640800F9EC
:10C4D000220400F973420091EA010094F55B42A93D
:10C4E000E00313AAF35341A9FD7BC6A8C0035FD69E
:10C4F000640A40F96102018BE00315AA220440F9A5
:10C50000830C00F9F1FFFF1722FC49D33FFC27F110
:10C51000890900545F5000F1E8140054447001117F
:10C52000436C011184781F53847C7D93C402048B77
:10C5300082045FF89F0002EBA10000548500001404
:10C54000420840F99F0002EBA0000054430440F968
:10C5500063F47E927F0001EB48FFFF54440C40F9E6
:10C56000621201A9930800F9530C00F9FFFEFF17AE
:10C570003F5000F1290700543F5001F1C812005408
:10C5800081FE4CD320BC011125B8011104781F5342
:10C59000847C7D9340FFFF17640A40F9800240B21B
:10C5A000600600F97402148B650040B2E00315AA1E
:10C5B000810C00F9240800F9D45202A9859A00A937
:10C5C000860E00F9636A22F873420091AD0100946F
:10C5D00098FFFF176202028BE00315AA640E41F870
:10C5E000430440F9630040B2430400F9810C00F9B0
:10C5F000240800F9A30100948EFFFF1780FE43D3A7
:10C600000104001121781F53217C7D93B3FEFF1795
:10C610006302148B940240B2740600F9440040B2E5
:10C62000C30E02A9E00315AA649800A9660C00F9DC
:10C63000626A21F873420091920100947DFFFF1716
:10C6400022FC46D344E4001143E0001184781F53D8
:10C65000847C7D93B6FFFF1720700111256C0111BA
:10C6600004781F53847C7D930BFFFF17080500118E
:10C67000A5800091DFFEFF179A0000F0406B4EB9D5
:10C680000000180B406B0EB9815B41F93F0400B10B
:10C69000200B00543B031BCB00001B0B406B0EB95F
:10C6A0003C0F40F22006005439031CCB1B0282D2FF
:10C6B000394300917B031CCB3803188BE00315AA88
:10C6C0007B0318CB7B2F4092E1031BAAD10500947A
:10C6D0001F0400B1400B0054000019CBE2031B2AD9
:10C6E00018001B8B406B4EB9180340B2D90A00F9F1
:10C6F0004100000B416B0EB9380700F97F0216EBC1
:10C70000C0E5FF54FF7E00F149040054620640F981
:10C71000430000D0E06200D16078C13D00EC7C9223
:10C720006302008B42004092420000AA620600F9B8
:10C730006080803C1F7C00F109E4FF54614200915D
:10C74000E00315AA97040094416B4EB91BFFFF1735
:10C75000637C0213210080D22120C39AA50001AA84
:10C76000C50600F97FFFFF173B03188BE00315AAEE
:10C77000FB031BCB7B2F4092E1031BAAA505009472
:10C78000020080521F0400B181FAFF54D6FFFF1748
:10C79000200080D2200700F9E00315AA130080D200
:10C7A00038010094F76343A9F96B44A9FB7345A9C9
:10C7B00020FFFF175F5001F12802005422FC4CD3E8
:10C7C00044BC011143B8011184781F53847C7D93CC
:10C7D00057FFFF173F5005F12802005481FE4FD349
:10C7E00020E0011125DC011104781F53847C7D9326
:10C7F000A9FEFF17995B01F9AAFFFF175F5005F12A
:10C800008802005422FC4FD344E0011143DC0111A3
:10C8100084781F53847C7D9345FFFF173F5015F1AB
:10C820008802005481FE52D320F4011125F0011139
:10C8300004781F53847C7D9397FEFF179C4300D19F
:10C840000200805218031C8B180319CBA6FFFF1798
:10C850005F5015F16801005422FC52D344F40111D9
:10C8600043F0011184781F53847C7D9330FFFF17C0
:10C8700004FE80D2E00F8052C50F805286FEFF1763
:10C8800004FE80D2C30F805229FFFF17C00640F973
:10C8900065FEFF170000000000000000000000001F
:10C8A000400000F000C07039C0035FD600000000F7
:10C8B000400000F000402F91C0035FD60000000050
:10C8C000FD7BAFA9EB068012EA0F8012FD030091F9
:10C8D000EC430391E8430491490000F0E82303A9E5
:10C8E000E80300AAEC2300F9EB2B0929203D46F9C7
:10C8F000E017803DE0C341ADE11B803DE21F803D7C
:10C90000E323803DE427803DE52B803DE62F803DFD
:10C91000E733803DE18B0DA9E20308AAE3930EA95A
:10C92000E3430091E59B0FA9E78700F9E0C300AD61
:10C93000010840F9A7060094FD7BD1A8C0035FD68B
:10C940005F2403D52400028B0500028B5F0002F1F7
:10C95000880700545F8000F1C80300545F4000F175
:10C96000C3000054261C40A98C347FA9061C00A9D2
:10C97000AC343FA9C0035FD6C2001836260040F988
:10C9800087805FF8060000F9A7801FF8C0035FD614
:10C99000C2001036260040B988C05FB8060000B952
:10C9A000A8C01FB8C0035FD6020100B44EFC41D33B
:10C9B000260040398AF05F3828686E380600003952
:10C9C00008682E38AAF01F38C0035FD61F2003D591
:10C9D000261C40A9282441A98A2C7EA98C347FA931
:10C9E0005F0001F1E8000054061C00A9082401A919
:10C9F000AA2C3EA9AC343FA9C0035FD61F2003D5A3
:10CA00002E3C42A9304443A95F8001F1A9000054A3
:10CA1000820C7CA981107DA9A20C3CA9A1103DA982
:10CA2000061C00A9082401A90E3C02A9104403A970
:10CA3000AA2C3EA9AC343FA9C0035FD61F2003D562
:10CA40000E0001CB2EFCFFB4DF0102EBA304005467
:10CA50002C3440A90E0C409203EC7C9221000ECBAA
:10CA600042000E8B261C41A90C3400A9282442A99F
:10CA70002A2C43A92C34C4A9424002F16901005474
:10CA8000661C01A9261C41A9682402A9282442A9E0
:10CA90006A2C03A92A2C43A96C3484A92C34C4A978
:10CAA000420001F1E8FEFF548E3C7CA9661C01A9FE
:10CAB000861C7DA9682402A988247EA96A2C03A962
:10CAC0008A2C7FA96C3404A9AE3C3CA9A61C3DA9C4
:10CAD000A8243EA9AA2C3FA9C0035FD61F2003D5D6
:10CAE0008C347FA9AE0C409284000ECB42000ECB5A
:10CAF000861C7FA9AC343FA988247EA98A2C7DA9F5
:10CB00008C34FCA9A5000ECB420002F1690100544F
:10CB1000A61C3FA9861C7FA9A8243EA988247EA91B
:10CB2000AA2C3DA98A2C7DA9AC34BCA98C34FCA9C3
:10CB3000420001F1E8FEFF54220C43A9A61C3FA9C4
:10CB4000261C42A9A8243EA9282441A9AA2C3DA913
:10CB50002A2C40A9AC343CA9020C03A9061C02A94A
:10CB6000082401A90A2C00A9C0035FD60000000018
:10CB7000FD7BBAA9FD030091F35301A9F40300AAB8
:10CB8000F30301AAE00301AADEFCFF97822640F925
:10CB900004040091E603019141000090230080D23B
:10CBA0002160219145008052E61700F9E53300B974
:10CBB000E4CF03A9E08704A9E32F00F9930A40F921
:10CBC000820400B461B240B96022C07941000037EC
:10CBD00080034836C000683761B240B900001332A4
:10CBE000602200792078121260B200B9E00314AA22
:10CBF000E10313AAE2A300919A04009461B240B940
:10CC00001F0000715401805294029F5A6100003746
:10CC100060224079A0004836E003142AF35341A96A
:10CC2000FD7BC6A8C0035FD6605240F96113009433
:10CC3000E003142AF35341A9FD7BC6A8C0035FD6C5
:10CC4000605240F9571300946022C079E2FFFF1749
:10CC5000E00314AA53010094DBFFFF17000000005B
:10CC6000420000F0E10300AA403C46F9C1FFFF1773
:10CC7000A0000090008003914A13001400000000FF
:10CC8000A0000090008003914A13001400000000EF
:10CC9000FD7BBEA9FD030091F35301A9940000F0B0
:10CCA000F30300AA9FAA0EB9E003012A91DCFF97C3
:10CCB0001F04003180000054F35341A9FD7BC2A83A
:10CCC000C0035FD681AA4EB981FFFF34610200B96B
:10CCD000F35341A9FD7BC2A8C0035FD6000000004A
:10CCE000FD7BBDA9FD0300912220C079F35301A96A
:10CCF000F30301AAF55B02A9F60300AAE2071837BD
:10CD00004000153220200079210840B93F00007111
:10CD10008D0B0054642640F9640600B4611A40F992
:10CD2000D40240B9DF0200B9620B6037020080D242
:10CD3000E00316AA2300805280003FD6E20300AA37
:10CD40001F0400B1E00B0054611A40F9642640F959
:10CD50006022C079E0001036602E40F9630A80B985
:10CD6000420003CB600000B4607280B9420000CB87
:10CD7000E00316AA0300805280003FD61F0400B1D2
:10CD8000E1080054C30240B96122C0797F74007188
:10CD9000A8060054220080D20208A4F24224C39ABA
:10CDA00022060036640E40F922781412640200F95B
:10CDB0007F0A00B96222007941006036E30700343F
:10CDC000612E40F9D40200B9E10000B460D20191B3
:10CDD0003F0000EB60000054E00316AAF10200944B
:10CDE0007F2E00F900008052F35341A9F55B42A960
:10CDF000FD7BC3A8C0035FD6350C40F955FFFFB4D7
:10CE0000210040F9750200F900008052210015CB85
:10CE1000F403012A5F0440F241000054602240B94B
:10CE2000600E00B93F000071AC000054EEFFFF1728
:10CE3000B5C2208B9F0200716DFDFF54611A40F94D
:10CE4000E303142A642240F9E20315AAE00316AAB8
:10CE500080003FD69402004B1F000071ACFEFF54CF
:10CE60006122C07921001A3261220079F35341A96D
:10CE700000008012F55B42A9FD7BC3A8C0035FD60A
:10CE8000617240B93F0000716CF4FF5400008052A1
:10CE9000D6FFFF17624A40F9AFFFFF176122C07942
:10CEA000630E40F922781412630200F97F0A00B978
:10CEB0006222007961F86736604A00F9C1FFFF1706
:10CEC000C00240B920F4FF341F7400710418567A70
:10CED00081FCFF5400008052D40200B9C3FFFF1749
:10CEE000FD7BBDA9FD030091F35301A9F30301AA42
:10CEF000F40300AAF51300F9600000B4012440F91E
:10CF0000810400B46022C079150080528001003491
:10CF100061B240B941000037C0014836E10313AAAD
:10CF2000E00314AA6FFFFF97F503002A61B240B92E
:10CF30006100003760224079E0014836F35341A98F
:10CF4000E003152AF51340F9FD7BC3A8C0035FD6A3
:10CF5000605240F993120094E10313AAE00314AA6B
:10CF600060FFFF97F503002A61B240B981FE0737E1
:10CF7000F1FFFF17605240F98E120094F35341A95C
:10CF8000E003152AF51340F9FD7BC3A8C0035FD663
:10CF900084000094DCFFFF17000000000000000088
:10CFA000420000F0210000B042603791210027913B
:10CFB000400000F000003291DE0400140000000088
:10CFC000FD7BBEA9820000F042C03A91FD030091B2
:10CFD000010440F9F30B00F9F30300AA3F0002EB50
:10CFE0004000005477120094610A40F9800000F07C
:10CFF00000A03D913F0000EB60000054E00313AA45
:10D0000070120094610E40F9800000F000800091E1
:10D010003F0000EBA0000054E00313AAF30B40F91B
:10D02000FD7BC2A867120014F30B40F9FD7BC2A878
:10D03000C0035FD6000000000000000000000000F8
:10D04000FD7BBCA9800000D0820000F0FD030091B0
:10D05000F35301A913C03A9183008052E1FFFFF01E
:10D0600021803E91416C00F9020180D20100805282
:10D07000F55B02A9F4FFFFD0F71B00F994C23B91C6
:10D080001F5807F9800000D000603D917F0600F92D
:10D09000631200B9F6FFFFD07F0E00F9D6C23891B7
:10D0A0007F2200B9F5FFFFD07F2A00B9B5823A91FF
:10D0B0007FB200B963000094F7FFFFD0800000D07A
:10D0C000F782379100403D91735E03A9765604A91B
:10D0D000742A00F92B12009423018052020180D29D
:10D0E0002300A07201008052800000F000400091F7
:10D0F0007F5E00F97F6200F963CA00B97F6A00F9B8
:10D100007FDA00B97FE200B97F6A01B94D0000946F
:10D11000810000D021A03D91800000F0002000910E
:10D1200061DE0EA976D60FA9748600F91512009457
:10D1300043028052020180D24300A072010080525B
:10D14000800000F0002003917FBA00F97FBE00F953
:10D15000638201B97FC600F97F9201B97F9A01B954
:10D160007F2202B937000094810000F021800091F5
:10D17000615E1AA9800000F00000039176561BA999
:10D1800074E200F9F35341A9F55B42A9F71B40F99A
:10D19000FD7BC4A8FB11001400000000000000008B
:10D1A000FD7BBEA9FD030091F35301A9F40300AA7E
:10D1B000930000F073A20391E00313AAF911009405
:10D1C000802640F9E00000B5810000F0E0FFFFF0AC
:10D1D00000003F91802600F9206C40F9A00000B4C7
:10D1E000E00313AAF35341A9FD7BC2A8F111001477
:10D1F00094FFFF97E00313AAF35341A9FD7BC2A854
:10D20000EC1100140000000000000000000000000D
:10D21000800000F000A00391E21100140000000063
:10D22000800000F000A00391E21100140000000053
:10D2300000000000000000000000000000000000EE
:10D240005F2403D5200C014E0400028B5F8001F1A6
:10D25000880300545F4000F1E2010054013C084E95
:10D2600082001836010000F981801FF8C0035FD6E4
:10D2700082001036010000B981C01FB8C0035FD61C
:10D28000820000B4010000394200083681E01F78B6
:10D29000C0035FD60000803DC200303780009F3C55
:10D2A000620028360004803D80009E3CC0035FD6AB
:10D2B0000004803D000001AD80003FADC0035FD69B
:10D2C000211C001203EC7C920000803D5F8002F183
:10D2D0002028407A41020054E5003BD5A510409239
:10D2E000BF1000F1C10100546004803D600001AD39
:10D2F00063E47A92820003CB420002D11F2003D55F
:10D300006300019123740BD5420001F1A8FFFF5483
:10D3100080003EAD80003FADC0035FD6820003CBEE
:10D32000634000D1424001D1600001AD600082AD98
:10D33000420001F1A8FFFF5480003EAD80003FADE8
:10D34000C0035FD6000000000000000000000000E5
:10D35000FD7BBAA9FD030091F55B02A9F50302AAC2
:10D36000211000B4F35301A9F30301AAF60300AAA4
:10D37000F76303A9784200D1B45E0091F96B04A968
:10D380003CFEFF97F90318AA000740F917F47E92B4
:10D390009FBA00F108090054010080523F0000715B
:10D3A000140480D2800255FA43090054FF0214EBA2
:10D3B0004A0A0054410000D0FB7305A93C000B91C0
:10D3C0000203178B830B40F9410440F97F0002EB05
:10D3D000A00E005423F87F924300038B630440F9AE
:10D3E000630B003721F47E92E302018B9F0203EB73
:10D3F0008D070054800100377B025FF81B031BCBB5
:10D40000600740F900F47E922100008B3A00178BF0
:10D410009F021AEBED180054FA02008B9F021AEBE0
:10D420006D140054E10315AAE00316AA1DFBFF9733
:10D43000F50300AA201D00B4010740F9024000D105
:10D4400021F87F920103018B3F0002EB4011005451
:10D45000E22200D15F2001F1681600545F9C00F1C8
:10D4600048110054E10313AA220040F9020000F918
:10D47000220440F9020400F9210840F9010800F9EA
:10D48000E10313AAE00316AA46010094E00316AADA
:10D49000FCFDFF97F35341A9E00315AAF55B42A9F0
:10D4A000F76343A9F96B44A9FB7345A9FD7BC6A8A3
:10D4B000C0035FD694EE7C92E17B40B29F0201EB09
:10D4C000E1979F1A3F000071800255FA02F7FF545E
:10D4D00080018052150080D2C00200B915000014EE
:10D4E000410041A9F70303AAFB7345A9200C00F9E9
:10D4F000010800F91F2003D5210740F9E00214CBF1
:10D500002203178B210040921F7C00F14803005436
:10D51000E10201AA210700F9400440F9000040B2ED
:10D52000400400F9F50313AAE00316AAD5FDFF97FE
:10D53000F35341A9E00315AAF55B42A9F76343A998
:10D54000F96B44A9FD7BC6A8C0035FD6C0F60737B8
:10D550007B025FF81B031BCB600740F900F47E924F
:10D56000AEFFFF17F55B42A9E10302AAFD7BC6A847
:10D57000CCFAFF172403148B810201AA210700F9BA
:10D58000030040B281400091E00316AA830400F931
:10D59000430440F9630040B2430400F901010094E0
:10D5A000E1FFFF1721F47E92838200912200178B06
:10D5B0005F0003EB4A0E005460F307377B025FF80D
:10D5C0001B031BCB600740F900F47E922100008B07
:10D5D0003A00178B7F001AEB0CF2FF54F5031BAADD
:10D5E000E22200D1600F40F9A10E41F8200C00F9B1
:10D5F000010800F95F2001F168110054E00315AA49
:10D600005F9C00F129010054600240F9600B00F9B1
:10D61000600640F9600F00F95FDC00F1C8100054AB
:10D620007342009160830091610240F9010000F9AA
:10D63000610640F9010400F9610A40F9010800F9A6
:10D640006203148B410314CB820B00F9210040B21A
:10D65000E00316AA410400F9610740F92100409255
:10D66000210014AA610700F986FDFF97FB7345A905
:10D67000B0FFFF17200440F9FB7345A900F47E9228
:10D68000F702008B9DFFFF17600240F9A00200F92E
:10D69000600640F9A00600F95FDC00F1E8050054DF
:10D6A00061420091A042009170FFFF17F5031BAA91
:10D6B000E22200D1A10E41F8600F40F9200C00F9E0
:10D6C000010800F95F2001F108040054E00315AAE5
:10D6D0005F9C00F129010054600240F9600B00F9E1
:10D6E000600640F9600F00F95FDC00F14806005465
:10D6F0007342009160830091610240F9010000F9DA
:10D70000610640F9010400F9610A40F9010800F9D5
:10D71000F9031BAAF30315AAFB7345A9F7031AAA79
:10D7200076FFFF17E10313AA86FCFF9755FFFF174B
:10D73000410041A9200C00F9F5031BAAE22200D107
:10D74000010800F9DCFFFF17E10313AAE00315AAA3
:10D750007CFCFF97EFFFFF17600A40F9A00A00F971
:10D76000600E40F9A00E00F95F2001F100040054A2
:10D7700061820091A08200913CFFFF170303148B8C
:10D78000410014CB830B00F9210040B2E00316AA3C
:10D79000F50313AA610400F9010740F92100409242
:10D7A000210014AA010700F936FDFF97FB7345A974
:10D7B00060FFFF17600A40F9601300F9600E40F93E
:10D7C000601700F95F2001F100020054738200919C
:10D7D00060C30091C9FFFF17E00316AA150080D2AD
:10D7E00028FDFF97FB7345A952FFFF17601240F910
:10D7F000A01200F961C20091A0C20091621640F926
:10D80000A21600F919FFFF17601240F9601B00F91A
:10D8100073C200916003019161825FF8611F00F99A
:10D82000B6FFFF17E10313AAE00315AA45FCFF9713
:10D8300084FFFF17600A40F9601300F9600E40F999
:10D84000601700F95F2001F180000054738200919D
:10D8500060C3009175FFFF17601240F9601B00F96B
:10D8600073C200916003019161825FF8611F00F94A
:10D870006EFFFF1700000000000000000000000025
:10D88000FD7BBCA9FD030091F55B02A9560000D009
:10D89000D6020B91F50300AAF35301A9F71B00F977
:10D8A000F70301AAF3FCFF97C00A40F9140440F9FA
:10D8B00094F67E92937E3F91730217CB73CE74924F
:10D8C000730640D17FFE3FF10D010054010080D26C
:10D8D000E00315AA4F010094C10A40F92100148BFE
:10D8E0001F0001EB20010054E00315AAE5FCFF979F
:10D8F000F35341A900008052F55B42A9F71B40F9A0
:10D90000FD7BC4A8C0035FD6E10313CBE00315AAD7
:10D91000400100941F0400B120020054820000D096
:10D92000940213CBC30A40F9940240B241684EB945
:10D93000E00315AA2100134B740400F941680EB9E5
:10D94000D0FCFF97F35341A920008052F55B42A918
:10D95000F71B40F9FD7BC4A8C0035FD6010080D24D
:10D96000E00315AA2B010094C20A40F9010002CB82
:10D970003F7C00F1ADFBFF54440000D0210040B2D9
:10D98000410400F9830000D0815841F9000001CB27
:10D9900060680EB9D5FFFF1700000000000000000E
:10D9A000210A00B4FD7BBEA9FD030091F35301A938
:10D9B000F30301AAF40300AAAEFCFF9765825FF8A7
:10D9C000634200D1400000D000000B91A2F87F928A
:10D9D0006400028B060840F9810440F921F47E922C
:10D9E000DF0004EB000C0054810400F98600018B79
:10D9F0004503003767025FF8450000D0C60440F9D0
:10DA0000630007CB4200078BA5400B91C6004092F4
:10DA1000670840F9FF0005EB40090054680C40F925
:10DA2000E80C00F9070900F9C60100B54200018BB6
:10DA3000810840F93F0005EBA00E0054850C40F929
:10DA4000250C00F9440040B2A10800F9640400F973
:10DA5000626822F806000014C50440F9A5060036E5
:10DA6000410040B2610400F9820000F95FFC07F157
:10DA7000C903005441FC49D35FFC27F1C809005495
:10DA800041FC46D324E4001125E0001184781F53A3
:10DA9000847C7D930400048B81045FF89F0001EB7C
:10DAA000A100005453000014210840F99F0001EB2D
:10DAB000A0000054200440F900F47E921F0002EB05
:10DAC00048FFFF54240C40F9611001A9E00314AA97
:10DAD000830800F9230C00F9F35341A9FD7BC2A888
:10DAE00068FCFF17C0035FD644FC43D3220080D2FA
:10DAF00081040011050440F921781F53847C02132E
:10DB000001CC218B4220C49A420005AA020400F9EC
:10DB100020045FF8600401A9230800F9030C00F950
:10DB2000E00314AAF35341A9FD7BC2A855FCFF17DB
:10DB3000450000D04200018BA5400B91BDFFFF17AF
:10DB4000860900B5850041A92100028BA00C00F9CF
:10DB5000220040B2050800F9620400F9616821F86A
:10DB6000F0FFFF174100018BE500003762025FF80C
:10DB7000630002CB2100028B640841A9820C00F9EA
:10DB8000440800F9420000D0240040B2640400F9C7
:10DB9000425C41F9030800F95F0001EB28FCFF54E7
:10DBA000810000D0E00314AA215047F935FFFF9708
:10DBB000DCFFFF173F5000F1290100543F5001F1F5
:10DBC0002803005441FC4CD324BC011125B8011199
:10DBD00084781F53847C7D93AFFFFF17247001115D
:10DBE000256C011184781F53847C7D93AAFFFF1755
:10DBF000060440F9A57C0213220080D24220C59A77
:10DC0000420006AA020400F9B0FFFF17030C02A9A4
:10DC1000410040B2619400A9650C00F9626822F8E5
:10DC2000C0FFFF173F5005F1E800005441FC4FD3FF
:10DC300024E0011125DC011184781F53847C7D933D
:10DC400095FFFF173F5015F1E800005441FC52D3F7
:10DC500024F4011125F0011184781F53847C7D93F5
:10DC60008DFFFF1704FE80D2C50F80528AFFFF1779
:10DC7000400040B2600400F9820000F9A9FFFF17DC
:10DC8000230000AAE40300AA7F0840F2400847FAF4
:10DC9000090100541100001425144038460400D135
:10DCA00065140038C5000034E40303AAE20306AAA1
:10DCB000E30304AA22FFFFB5C0035FD68400028BF2
:10DCC000C6FFFFB41F2003D57F1400387F0004EB8C
:10DCD000C1FFFF54C0035FD6E6DB07B2E6DF9FF269
:10DCE00006000014422000D1858400F82120009114
:10DCF0005F1C00F1E9FDFF54250040F9A300068BED
:10DD00006300258A7FC001F2E0FEFF54E9FFFF17A0
:10DD1000FD7BBEA9FD030091F35301A9940000D03F
:10DD2000F30300AA9FAA0EB9E003012AE10302AAA5
:10DD3000E203032AF7D7FF971F0400B180000054C5
:10DD4000F35341A9FD7BC2A8C0035FD681AA4EB997
:10DD500081FFFF34610200B9F35341A9FD7BC2A8E2
:10DD6000C0035FD6000000000000000000000000BB
:10DD7000FD7BBEA9FD030091F35301A9940000D0DF
:10DD8000F30300AAE003012AE10302AA9FAA0EB945
:10DD9000E20303AAABD7FF97017C40931F04003135
:10DDA000A0000054F35341A9E00301AAFD7BC2A8DF
:10DDB000C0035FD680AA4EB960FFFF34600200B98D
:10DDC000E00301AAF35341A9FD7BC2A8C0035FD6BB
:10DDD000E30300AA410100B45FFC03718800005412
:10DDE0002000805222000039C0035FD641118052CA
:10DDF00000008012610000B9C0035FD600008052AD
:10DE0000C0035FD60000000000000000000000001A
:10DE1000FD7BBEA9FD030091F35301A9940000D03E
:10DE2000F30300AA9FAA0EB9E00301AA39E6FF97FF
:10DE30001F0400B180000054F35341A9FD7BC2A828
:10DE4000C0035FD681AA4EB981FFFF34610200B9D9
:10DE5000F35341A9FD7BC2A8C0035FD600000000B8
:10DE6000FD7BBAA9FD030091F55B02A9F50300AAA9
:10DE7000400840F9C00A00B42520C079F35301A935
:10DE8000F30301AAFB7305A9FB0302AA850A18364E
:10DE9000200C40F9400A00B4F76303A9740340F969
:10DEA000E5030836611A40F9170080D2642240F970
:10DEB000160080D2F85376B2DF0218EBE20317AAFD
:10DEC000C392989AE00315AA560200B480003FD688
:10DED0001F0000716D210054610B40F9007C4093DC
:10DEE000F702008BD60200CB200000CB600B00F9BC
:10DEF000C02000B4DF0218EBE20317AA611A40F950
:10DF0000C392989A642240F9E00315AA16FEFFB561
:10DF1000975A40A994420091E8FFFF17F96B04A9B2
:10DF2000650A003618008052000080521A0080D224
:10DF3000190080D21F2003D5F90700B4600800340F
:10DF4000600240F9177F4093610E40F9FF0219EB20
:10DF5000760E40B9F792999A632240B91F0001EBFF
:10DF60007600160BE482567AAC1900547F00176BCA
:10DF7000EC170054611A40F9E2031AAA642240F92E
:10DF8000E00315AA80003FD6F603002A1F000071A7
:10DF9000CD0300541803166B20008052E002005499
:10DFA000610B40F9D67E40935A03168B390316CB8A
:10DFB000210016CB610B00F901FCFFB5F35341A919
:10DFC000F76343A9F96B44A9FB7345A9000080528C
:10DFD000F55B42A9FD7BC6A8C0035FD6E10313AA87
:10DFE000E00315AAFF0E0094A00100356522C07958
:10DFF000F76303A9AAFFFF17E10313AAE00315AA19
:10E00000B8FBFF97E0FCFF34F96B44A96022C079AC
:10E01000F76343A900001A3260220079F35341A943
:10E0200000008012F55B42A9FB7345A9FD7BC6A8E1
:10E03000C0035FD6990640F9E00314AA9442009108
:10E04000B9FFFFB41A0040F9E20319AAE0031AAAC3
:10E0500041018052AB0E0094180400911F0000F1A2
:10E0600018031ACB1817991AB6FFFF17640240F964
:10E070001C0080D2610E40B91A0080D21F2003D547
:10E08000E00304AAF803012AFA0300B42504483681
:10E09000377C4093FF021AEBC9080054417F40933C
:10E0A000F90301AAE00304AAF70301AAF8031A2A54
:10E0B000E1031CAAE20317AA22FAFF97640240F9BF
:10E0C000610E40B98400178B640200F92100184BDF
:10E0D000610E00B9600B40F99C03198B5A0319CBF0
:10E0E000000019CB600B00F9A0F6FFB4640240F900
:10E0F000610E40B96522C079E00304AAF803012A41
:10E100007AFCFFB59C6A40A994420091DDFFFF179D
:10E11000600E40F91F0004EB43020054652240B931
:10E120005FC325EBE3010054E07B40B25F0300EBEB
:10E130004393809AE2031CAA611A40F9E00315AAEE
:10E14000630CC51A642240F9637C051B80003FD62E
:10E150001F000071ADF5FF54197C4093DEFFFF17DF
:10E16000237C4093E00304AA7F001AEBE1031CAA7E
:10E1700078909A9A197F4093E20319AAF1F9FF97D0
:10E18000640240F9610E40B98400198B640200F901
:10E190002100184B610E00B9E1F9FF35E10313AA24
:10E1A000E00315AA4FFBFF9760F9FF3497FFFF17B5
:10E1B000597F409301908052BF00016AA0F7FF543D
:10E1C000662240B9610E40F9C604060B990001CBE6
:10E1D000C67C460B367F4093D77C0113C006009166
:10E1E00000001A8BE27E40935F0000EB8200005437
:10E1F00026070011D7001A0BE27E409385065036A1
:10E20000E10302AAE00315AAA6F7FF97F80300AA04
:10E21000400800B4610E40F9E20316AAC9F9FF975D
:10E2200060224079019080120000010A000019323A
:10E23000602200790003168BE402194B597F40934A
:10E24000600200F9640E00B9E10319AA780E00F922
:10E25000E40300AA772200B9F8031A2A3F031AEB55
:10E2600008F2FF54F70319AA92FFFF17FC7E4093B0
:10E27000E1031AAAE2031CAAB2F9FF97600240F96F
:10E28000F603172A610E40B900001C8B600200F9EA
:10E290002100174B610E00B93FFFFF17D77E409357
:10E2A000E1031AAAE20317AAA6F9FF97620240F94E
:10E2B000E10313AAE00315AA4200178B620200F9DA
:10E2C00008FBFF9780E6FF3450FFFF17E00315AA15
:10E2D00020FCFF97F80300AAE0FAFFB5610E40F9B1
:10E2E000E00315AAAFFDFF976022C079810180523B
:10E2F000F96B44A900781812A10200B945FFFF1775
:10E300006022C07943FFFF17F35341A9F76343A984
:10E31000FB7345A92EFFFF17F96B44A981018052B9
:10E320006022C079A10200B93AFFFF170000000087
:10E33000FD7BBBA9FD030091F55B02A9F60302AAD0
:10E3400015008052F76303A9F70300AAF80301AA96
:10E35000F35301A9F92300F9191780521F2003D59F
:10E36000D40A40B9D30A40F99F0200710D0200544B
:10E37000944EB99B1F2003D5632240797F0400711E
:10E38000090100546326C079E10313AAE00317AA28
:10E390007F0400316000005400033FD6B502002A1C
:10E3A00073E202917F0214EB81FEFF54D60240F922
:10E3B00096FDFFB5F35341A9E003152AF55B42A989
:10E3C000F76343A9F92340F9FD7BC5A8C0035FD6D5
:10E3D000FF430AD1FD7B00A9FD030091F55B02A973
:10E3E000F50301AA610040F9E13F00F9610440F939
:10E3F000E15300F9610840F9E18700F9611840B97B
:10E40000E19300B9611C40B9F35301A9F40303AAD5
:10E41000F30300AAF76303A9F70302AAE1F700B91F
:10E4200024F9FF97000040F9E05B00F9B5F6FF978B
:10E43000E05700F9020180D2E0E30591010080522B
:10E4400080FBFF97730000B4602640F940CB00B416
:10E45000A1B240B9A022C07941000037E0A24836FD
:10E46000C0006837A1B240B900001332A022007981
:10E4700021781212A1B200B9E0051836A10E40F9B8
:10E48000A10500B4410380520100010A3F28007138
:10E4900040060054F6430891E827066D08E4002F73
:10E4A000540000B0EA0317AA94422B91FB7305A90C
:10E4B000FC0316AA4000009000D01B91F96B04A940
:10E4C000FF7700B9E04300F9FF9700B9FF7F0EA97D
:10E4D000FFF300B9FFFF0FA9F6CB00F9FF9B01B9CD
:10E4E000FFD300F9F7030AAAF8030AAA1F2003D5ED
:10E4F000997640F9EBF8FF97E4E30591037C4093AC
:10E50000E20317AAE1B30591E00313AA20033FD663
:10E510001F000071800500348B040054E16F41B985
:10E520003F940071A0390054007C4093F702008BA7
:10E53000F0FFFF17E10315AAE00313AAA90D009449
:10E54000E04E0135A022C079410380520100010A4A
:10E550003F28007101FAFF54A126C079C1F9FF37A5
:10E56000A1B240B941000037C0184936800640AD1D
:10E57000E20317AAE10315AAE3C30491E00313AA77
:10E58000E08709AD4F0C0094E07700B9FD7B40A90E
:10E59000F35341A9F55B42A9F76343A9E07740B97A
:10E5A000FF430A91C0035FD6E0E30591020180D2E8
:10E5B0000100805223FBFF97200080D2F702008BDE
:10E5C000CCFFFF17FA03002AE00218CBEA0318AACF
:10E5D000FB03002AA0E30034E2D340F9617F4093BB
:10E5E000E09B41B94200018B8A0700A90004001199
:10E5F000E09B01B99C430091E2D300F91F1C00711C
:10E600002C450054E07740B900001B0BE07700B9BF
:10E61000DAE10034EA060091E8064039070080128A
:10E620000B00805209008052F8030B2AF703092AD5
:10E63000F903072AFA030AAAFF7F05395A0700914E
:10E64000008100511F680171C8000054E14340F986
:10E65000205860786100001020A8208B00001FD691
:10E66000E903172AEB03182AEA031AAAE8DE0034A2
:10E670003A008052FBA30691F7031A2A0100805248
:10E68000190080D20700805218008052FF8B00B919
:10E69000FF9B00B9FF7F0539E8A306391F2003D58A
:10E6A00032011F72420B0011E0D340F95A109A1A3E
:10E6B0008E1080522E010E6A8100005464011A4BA4
:10E6C0009F0000716C1A0054A1010034E19B41B914
:10E6D000E27F059100040091820300F921040011FA
:10E6E000220080D2820700F99C430091E19B01B98E
:10E6F000E0D300F93F1C00714C3E0054B2010034DD
:10E70000E19B41B9E283059100080091820300F981
:10E7100021040011420080D2820700F99C4300913D
:10E72000E19B01B9E0D300F93F1C00710C73005468
:10E73000DF010271E0290054E700174BFF00007170
:10E740000C050054290E4037E19B41B9EC7E409303
:10E7500000000C8B9B3300A921040011E19B01B93F
:10E76000E0D300F93F1C00714C2200549C430091FF
:10E770008900103677011A4BFF0200710C730054A8
:10E78000E17740B97F011A6B63A19A1A2100030B4C
:10E79000E17700B9002300B5FF9B01B9D90000B4AF
:10E7A000E10319AAE00313AAEA4700F97DFCFF97E9
:10E7B000EA4740F9FC0316AA4BFFFF1700C10051BE
:10E7C00018008052481740380B0B180B18040B0B1D
:10E7D00000C100511F24007169FFFF5499FFFF170A
:10E7E00044000090E19B41B984C01E91FF4000713C
:10E7F0008D050054E2031CAA0D0280D2FC030AAA74
:10E80000E9BB00B9E8C300B9EBCB00B9F7D300B955
:10E81000F703072AF8DB00B9F80304AA0400001480
:10E82000F7420051FF420071AD02005400400091D8
:10E8300021040011583400A942400091E19B01B924
:10E84000E0D300F93F1C0071CDFEFF54E243069176
:10E85000E10315AAE00313AA0A0C0094A01D0035D9
:10E86000F7420051E19B41B9E0D340F9E20316AA17
:10E870000D0280D2FF420071ACFDFF54E703172A5E
:10E88000E40318AAE9BB40B9EA031CAAE8C340B9EB
:10E89000FC0302AAEBCB40B9F7D340B9F8DB40B98F
:10E8A000E77C4093210400110000078B841F00A91E
:10E8B0009C430091E19B01B9E0D300F93F1C00713A
:10E8C0002DF4FF54E2430691E10315AAE00313AAD5
:10E8D000E9BB00B9E8C300B9EBCB00B9EA6B00F9BA
:10E8E000E80B009460190035E9BB40B9FC0316AA97
:10E8F000EA6B40F9E0D340F9E8C340B9EBCB40B94B
:10E9000049F247361F2003D51F9501712D2500546C
:10E910000821601E01100054E19B41B900040091E0
:10E92000220000F0240080D242202A91210400110C
:10E93000821300A99C430091E19B01B9E0D300F947
:10E940003F1C00718CB00054E29740B9E16B41B9B3
:10E950003F00026BAA7B0054E28F4AA9830B00A9F7
:10E96000E19B41B99C43009121040011E19B01B955
:10E970000000028BE0D300F93F1C0071EC880054CA
:10E98000E19740B937040051FF0200712DEFFF54A9
:10E9900044000090E19B41B984C01E91FF42007188
:10E9A0004DBC0054E2031CAAF80304AAFC030AAA03
:10E9B0001B0280D2E98B00B9EB9B00B90400001464
:10E9C000F7420051FF4200716DBA005400400091BF
:10E9D00021040011586C00A942400091E19B01B94B
:10E9E000E0D300F93F1C0071CDFEFF54E2430691D5
:10E9F000E10315AAE00313AAA20B0094A0100035AE
:10EA0000E0D340F9E20316AAE19B41B9EDFFFF17FD
:10EA10004D000090E19B41B9AD011F919F400071F5
:10EA20004D060054E2031CAA0F0280D2FC030AAA7E
:10EA3000F2BB00B9EEC300B9E9CB00B9E8D300B925
:10EA4000EBDB00B9E71301B9F71B01B9F703042A9F
:10EA5000F82301B9F8030DAA04000014F74200518D
:10EA6000FF420071AD0200540040009121040011EA
:10EA7000583C00A942400091E19B01B9E0D300F964
:10EA80003F1C0071CDFEFF54E2430691E10315AA3D
:10EA9000E00313AA7B0B0094C00B0035F742005132
:10EAA000E19B41B9E0D340F9E20316AA0F0280D2FC
:10EAB000FF420071ACFDFF54E403172AED0318AACE
:10EAC000F2BB40B9EA031CAAEEC340B9FC0302AA98
:10EAD000E9CB40B9E8D340B9EBDB40B9E71341B922
:10EAE000F71B41B9F82341B9847C409321040011FC
:10EAF0000000048B8D1300A9E19B01B9E0D300F95C
:10EB00003F1C0071AC920054E17F45399C43009159
:10EB1000EEFEFF17E26B41B95F0000714C5E0054DE
:10EB2000E19B41B900040091240000F0270080D24D
:10EB300084202A9121040011841F00A99C43009184
:10EB4000E19B01B9E0D300F93F1C0071CC070154EF
:10EB5000E19740B92100022A61D70034E3934AA922
:10EB6000840F00A9E19B41B9864300912104001163
:10EB7000E19B01B96000008BE0D300F93F1C0071FC
:10EB80008CD70054421EF937E29780B92104001156
:10EB9000DB0800A9DC4000914000008BE19B01B93B
:10EBA000E0D300F93F1C00714DDEFF541F2003D558
:10EBB000E2430691E10315AAE00313AAE98B00B929
:10EBC000EB9B00B9EA5F00F92E0B009420020035A0
:10EBD000EA5F40F9FC0316AAE0D340F9E98B40B99B
:10EBE000EB9B40B9E3FEFF1748034039F7021C32A4
:10EBF00093FEFF17E2430691E10315AAE00313AA6F
:10EC0000EA4700F91F0B0094EA4740F960DCFF3443
:10EC1000E10319AA610000B4E00313AA61FBFF97A6
:10EC2000A022C079A1B240B981170036F96B44A97E
:10EC3000FB7345A9E827466DE0173137FD7B40A9F6
:10EC4000F35341A9F55B42A9F76343A9E07740B9C3
:10EC5000FF430A91C0035FD6FA03002AE00218CBF3
:10EC6000EA0318AAFB03002A60CDFF345BFEFF17FE
:10EC70006D011A4BBF0100710DD6FF544400009086
:10EC8000E19B41B984C01E91BF410071CD05005484
:10EC9000E2031CAA0E0280D2FC030AAAE9BB00B957
:10ECA000E8C300B9EBCB00B9E7D300B9F7DB00B993
:10ECB000F7030D2AF81301B9F80304AA040000149D
:10ECC000F7420051FF420071AD0200540040009134
:10ECD00021040011583800A942400091E19B01B97C
:10ECE000E0D300F93F1C0071CDFEFF54E2430691D2
:10ECF000E10315AAE00313AAE20A0094A0F8FF3585
:10ED0000F7420051E19B41B9E0D340F9E20316AA72
:10ED10000E0280D2FF420071ACFDFF54ED03172AB2
:10ED2000E40318AAE9BB40B9EA031CAAE8C340B946
:10ED3000FC0302AAEBCB40B9E7D340B9F7DB40B9FB
:10ED4000F81341B9AD7D40932104001100000D8BF3
:10ED5000843700A99C430091E19B01B9E0D300F9FD
:10ED60003F1C0071ADCEFF54E2430691E10315AAAA
:10ED7000E00313AAE9BB00B9E8C300B9EBCB00B9C3
:10ED8000E7D300B9EA6F00F9BE0A009420F4FF351A
:10ED9000EA6F40F9FC0316AAE0D340F9E9BB40B999
:10EDA000E8C340B9EBCB40B9E7D340B963FEFF17E6
:10EDB000E19B41B900040091E39740B9824300917F
:10EDC000210400117F0400718D110054240080D2B1
:10EDD0009B1300A9E19B01B9E0D300F93F1C00712E
:10EDE0008C520054E3934AA921040011440C00A959
:10EDF00042400091E19B01B90000038BE0D300F990
:10EE00003F1C00714C5300540821601EE39740B929
:10EE100077040051E0110054F77E40932104001163
:10EE20000000178BE19B01B9E0D300F96507009161
:10EE3000450000F9570400F93F1C00710C610054B3
:10EE400042400091E4F380B921040011E5C305912B
:10EE5000451000A98000008BE19B01B95C40009146
:10EE6000E0D300F93F1C00714DC8FF54E243069106
:10EE7000E10315AAE00313AAE98B00B9EB9B00B9E3
:10EE8000EA5F00F97F0A009440ECFF35EA5F40F941
:10EE9000FC0316AAE0D340F9E98B40B9EB9B40B9DB
:10EEA00034FEFF17E2430691E10315AAE00313AA1B
:10EEB000740A009460EBFF35FC0316AAD2FDFF171D
:10EEC000E2430691E10315AAE00313AAF2BB00B9DD
:10EED000EEC300B9E9CB00B9E8D300B9EBDB00B968
:10EEE000E71301B9EA8F00F9660A009420E9FF35BB
:10EEF000EA8F40F9FC0316AAE0D340F9F2BB40B90F
:10EF0000EEC340B9E9CB40B9E8D340B9EBDB40B937
:10EF1000E71341B9FAFDFF17A0E84F37A05240F9B7
:10EF2000A40A0094A022C07941FFFF17E0F740B97E
:10EF3000E903172AEB03182AE703192AEA031AAA96
:10EF4000894C183600D2F837E03F40F9003C009178
:10EF500000EC7C9201400091E13F00F90000C03DCF
:10EF6000E98B00B9E89B00B9EBBB00B9E7C300B976
:10EF7000EA6700F91B150094EA6740F90840601E33
:10EF8000E98B40B9E89B40B9EBBB40B9E7C340B956
:10EF900000C1601E0002F0920100679E0020611E09
:10EFA0000D7100541821601E64CE0054E17F453974
:10EFB000200000F0250000F01F1D0171006032915B
:10EFC000A5803291FF8B00B97A008052FF9B00B977
:10EFD00029791812BBC0809AF7031A2A190080D227
:10EFE0000700805218008052C1B5FF341F2003D59E
:10EFF0005A070011ABFDFF17A9EE0737240080D296
:10F000009B1300A9E19B01B9E0D300F93F1C0071FB
:10F01000ADF1FF54E2430691E10315AAE00313AA00
:10F02000E98B00B9EB9B00B9EA5F00F9150A00947F
:10F0300000DFFF35EA5F40F9E20316AAE0D340F9AA
:10F04000E98B40B9EB9B40B9E19B41B97EFFFF17CB
:10F05000E39740B97F0400716DEFFF54240000F086
:10F0600084C01E917F4400718D4E0054FC030B2A16
:10F07000F80304AA1B0280D2E98B00B9EA4F00F919
:10F0800004000014F7420051FF420071ED4C00549F
:10F090000040009121040011586C00A942400091E9
:10F0A000E19B01B9E0D300F93F1C0071CDFEFF5494
:10F0B000E2430691E10315AAE00313AAF1090094C3
:10F0C00080DAFF35E0D340F9E20316AAE19B41B9AB
:10F0D000EDFFFF17E903172AEB03182AEA031AAA20
:10F0E0001F0D0171E0540054C9542037E09340B91A
:10F0F000E0E1F837E03F40F9012C009121F07D92EA
:10F10000E13F00F9000040B93A008052F8A30691AF
:10F11000F7031A2AE0A30639FB0318AA010080525C
:10F12000190080D20700805218008052FF8B00B96E
:10F13000FF9B00B9FF7F05395AFDFF17E09340B9E7
:10F14000E903172AEB03182AE703192AEA031AAA84
:10F150006044F837E03F40F9013C009121F07D9296
:10F16000E13F00F91B0040F9FF7F05391B8400B423
:10F170001F4D0171C070005438011C128970203776
:10F1800047B2F837E27C4093E0031BAA01008052AB
:10F19000E78B00B9E99B00B9EBBB00B9EA6300F962
:10F1A000580A0094EA6340F9F90300AAE78B40B9D2
:10F1B000E99B40B9EBBB40B9401001B4E17F453950
:10F1C00003001BCBFF8B00B97F000071FF9B00B9D0
:10F1D000F703032A7AA09F1A07008052190080D2F1
:10F1E000680E8052E1A5FF3482FFFF17F803184B29
:10F1F000E03F00F948034039F7021E3210FDFF17C7
:10F20000E1031AAA281440381FA90071C01C015438
:10F2100000C10051FA0301AA070080521900805270
:10F220001F240071E8A0FF5428144038E708070B9A
:10F230000704070B00C100511F24007169FFFF5430
:10F24000FF000071FA0301AAF9A09F5AFDFCFF1705
:10F250006005805248034039E07F0539F8FCFF170C
:10F26000E09340B9003DF837E03F40F9002C0091B1
:10F2700000F07D92E13F40F9380040B998FBFF373C
:10F2800048034039E03F00F9EDFCFF17E00313AA03
:10F2900088F5FF97000440F9E07700F919F3FF972C
:10F2A000E10300AAFB0301AAE00313AAE18300F92A
:10F2B00080F5FF97000840F9E07F00F97F0300F137
:10F2C000041840FA2034005401004039E00216329C
:10F2D000480340393F0000711710971AD8FCFF17F8
:10F2E00048034039F7020032D5FCFF17E07F45396B
:10F2F00048034039409AFF3500048052E07F0539C9
:10F30000CFFCFF17EB03182AE703192AEA031AAA0E
:10F31000E9021C32E09340B94900283729332036EE
:10F32000404FF837E03F40F9013C009121F07D92D9
:10F33000E13F00F9000040F93A79151201008052CE
:10F3400002008052E27F0539270EF8371F0000F1D6
:10F35000497B1812E008407A810D0054810C003579
:10F3600057030012BA1B0036FB2F0891000680528B
:10F3700007008052E02F0839E17F4539FF00176B05
:10F38000FF8B00B9FAA0971AFF9B00B9190080D231
:10F39000180080526198FF3416FFFF174803403968
:10F3A000F7021D32A6FCFF17EA031AAAEB03182A7C
:10F3B000E703192AFA021C32E09340B95A002837B1
:10F3C0007A292036E048F837E03F40F9013C0091C7
:10F3D00021F07D92E13F00F9000040F921008052C8
:10F3E000D8FFFF17480340391FB10171203700547F
:10F3F000F7021C3292FCFF17480340391FA101712C
:10F4000000370054F7021A328DFCFF1748034039C9
:10F41000F7021B328AFCFF17E09340B9E903172A71
:10F42000EB03182AE703192AEA031AAA402CF83733
:10F43000E03F40F9013C009121F07D92E13F00F96D
:10F44000000040F902068F52230000D03A011F321B
:10F4500063E0329141008052080F8052E37300F95B
:10F46000E2C30279B7FFFF17E09340B9E903172A17
:10F47000EA031AAAE9262836406DF837E03F40F93A
:10F48000013C009121F07D92E13F00F9000040F93C
:10F49000E17780B9010000F913FCFF17EB03182A8C
:10F4A000E703192AEA031AAAE9021C32E09340B9D9
:10F4B00049002837E9222036C043F837E03F40F9B9
:10F4C000013C009121F07D92E13F00F9010040F9FB
:10F4D000E00301AA0123F8B7E70EF8371F0000F197
:10F4E00029791812E008407A610E0054FB33089124
:10F4F0000700805217008052A0FFFF1748034039D1
:10F50000F70219324EFCFF17FA03092A3F04007173
:10F51000400D0054F7330891FB0317AA3F08007110
:10F5200041010054E27340F9010C409200FC44D3C5
:10F530004168613861FF1F3880FFFFB5F7021B4B40
:10F54000E9031A2A8DFFFF1701080012E2031BAA24
:10F5500021C0001161FF1F3800FC43D360FFFFB5DD
:10F560003FC00071E0079F1A5F03006A80FEFF54EE
:10F57000420800D100068052E9031A2AF702024B22
:10F5800060F31F38FB0302AA7CFFFF17E2430691DA
:10F59000E10315AAE00313AAEEBB00B9E9C300B961
:10F5A000E8CB00B9EBD300B9E7DB00B9EA8B00F98F
:10F5B000B4080094E0B2FF35EA8B40F9FC0316AAC8
:10F5C000E0D340F9EEBB40B9E9C340B9E8CB40B95C
:10F5D000EBD340B9E7DB40B956FCFF172D0000F034
:10F5E000E19B41B9AD011F91FF420071ED03005451
:10F5F000F8030DAA1B0280D2EB8B00B9EA4F00F989
:10F6000004000014F7420051FF4200718D020054C3
:10F610000040009121040011986F00A99C430091C3
:10F62000E19B01B9E0D300F93F1C0071CDFEFF540E
:10F63000E2430691E10315AAE00313AA910800949E
:10F6400080AEFF35F7420051E19B41B9E0D340F96C
:10F65000FC0316AAFF420071CCFDFF54EA4F40F9AB
:10F66000ED0318AAEB8B40B9F77E409321040011FB
:10F670000000178B8D5F00A9E19B01B9E0D300F971
:10F680003F1C0071ED87FF54E2430691E10315AA88
:10F69000E00313AAEB8B00B9EA4F00F97908009454
:10F6A00080ABFF35EA4F40F9E0D340F9EB8B40B92E
:10F6B00034FCFF17FA03092A1F2400F1A854005450
:10F6C00000C00011E9031A2AFB2F0891370080526D
:10F6D000E02F083929FFFF17FB33089107008052FC
:10F6E00026FFFF17E19740B91F03016B17D3811A5B
:10F6F0002C7C4093FF0200716D010054E19B41B9E5
:10F70000E27E40930000028B9B0B00A921040011B4
:10F71000E19B01B99C430091E0D300F93F1C0071CB
:10F72000CCB30054FF020071E4A29F1A1703044BEC
:10F73000FF0200714C59005468C3388B099550374B
:10F74000E19740B9F76B41B9FF02016B6B2600549A
:10F7500049260037E19740B97B030C8B7B0308CB2C
:10F760003700174BFF021B6BFBB29B1A7F03007124
:10F770006D010054E19B41B9627F40930000028B10
:10F78000880B00A921040011E19B01B99C43009161
:10F79000E0D300F93F1C0071ECB600547F03007108
:10F7A0007BA39F1AF7021B4BFF0200712D7EFF54B3
:10F7B000240000F0E19B41B984C01E91FF4200711A
:10F7C0004D4B0054E2031CAAF80304AAFC030AAA46
:10F7D0001B0280D2E98B00B9EB9B00B90400001436
:10F7E000F7420051FF4200716D4900540040009102
:10F7F00021040011586C00A942400091E19B01B91D
:10F80000E0D300F93F1C0071CDFEFF54E2430691A6
:10F81000E10315AAE00313AA1A080094A09FFF357C
:10F82000E0D340F9E20316AAE19B41B9EDFFFF17CF
:10F83000E2430691E10315AAE00313AAE98B00B99C
:10F84000EB9B00B9EA5F00F90E080094209EFF359B
:10F85000EA5F40F9E20316AAE0D340F9E98B40B928
:10F86000EB9B40B9E19B41B95FFDFF17E243069175
:10F87000E10315AAE00313AAE98B00B9EB9B00B9D9
:10F88000EA5F00F9FF070094409CFF350821601EE5
:10F89000E39740B9EA5F40F9E20316AAE0D340F9E2
:10F8A00077040051E98B40B9EB9B40B9E19B41B92A
:10F8B00000BDFF5459FDFF17A05240F939080094CC
:10F8C000A022C079E7FAFF174975073623FCFF1716
:10F8D0000087F837E03F40F9013C0091080040FD07
:10F8E00021F07D92E13F00F9AAFDFF17FA4F303673
:10F8F0002079F837E03F40F9012C009121F07D920A
:10F90000E13F00F900004079210080528DFEFF1791
:10F91000095530366072F837E03F40F9012C00910C
:10F9200021F07D92E13F00F900008079E10300AA17
:10F9300041DDFFB6E00300CBFA03092AA20580529D
:10F940002100805280FEFF17480340393CFBFF171F
:10F9500049D92737896B3037A9BB4836E0D6F83705
:10F96000E03F40F9013C009121F07D92E13F00F938
:10F97000000040F9E1D3413901000039DAFAFF17FC
:10F98000694C3036C070F837E03F40F9012C0091E7
:10F9900021F07D9200004079E13F00F967FEFF17FA
:10F9A000E903172AEB03182AE703192AEA031AAA1C
:10F9B000BFFEFF17E09340B9012000113F00007126
:10F9C0002D9E0054E03F40F9E19300B9023C0091C4
:10F9D00041F07D92E13F00F99AFEFF17E09340B9B4
:10F9E000012000113F0000714D9C0054E03F40F9A0
:10F9F000E19300B9023C009141F07D92E13F00F9B2
:10FA0000D9FDFF17E09340B9012000113F000071BC
:10FA10002D9A0054E03F40F9E19300B9002C009189
:10FA200000F07D9214FEFF17EA4F40F9EB031C2A09
:10FA3000E98B40B9E40318AAF77E40932104001132
:10FA40000000178BE19B01B9E0D300F9440000F9F5
:10FA5000570400F93F1C00714D9FFF54E24306918B
:10FA6000E10315AAE00313AAE98B00B9EB9B00B9E7
:10FA7000EA5F00F983070094C08CFF35EA5F40F924
:10FA8000E20316AAE0D340F9E98B40B9EB9B40B9F9
:10FA9000E19B41B9ECFCFF17E2430691E10315AA93
:10FAA000E00313AAE98B00B9EB9B00B9EA5F00F908
:10FAB00074070094E08AFF35EA5F40F9FC0316AA58
:10FAC000E0D340F9E98B40B9EB9B40B9ADFBFF17A0
:10FAD00048074039F7021B325A070091D8FAFF173E
:10FAE00048074039F70217325A070091D4FAFF1736
:10FAF000EA031AAAEB03182AE703192AFA03172ABA
:10FB00002EFEFF17E903172AEB03182AE703192A29
:10FB1000EA031AAA200000D000403391E07300F9F4
:10FB2000E09340B9090B2837E90A203749413036BC
:10FB30006068F837E03F40F9012C009121F07D9298
:10FB400000004079E13F00F955000014200000D08A
:10FB5000E903172A00E03291EB03182AE703192A78
:10FB6000EA031AAAE07300F9EEFFFF17E903172A68
:10FB7000EB03182AE703192AEA031AAAE6FDFF177E
:10FB8000E0230691020180D201008052E98B00B986
:10FB9000E89B00B9EBBB00B9EA6300F9A9F5FF9750
:10FBA000E09340B9EA6340F9E98B40B9E89B40B97A
:10FBB000EBBB40B9A03EF837E03F40F9012C009183
:10FBC00021F07D92E13F00F9020040B9F8A30691CF
:10FBD000E3230691E10318AAE00313AAE98B00B915
:10FBE000E89B00B9EBBB00B9EA6300F94107009458
:10FBF000EA6340F9F703002AE98B40B91F0400319A
:10FC0000E89B40B9EBBB40B9A0C900541F0000718C
:10FC10001AA09F1A41FDFF17E28F4AA9830B00A982
:10FC2000E19B41B99C43009121040011E19B01B982
:10FC30000000028BE0D300F93F1C0071CDD8FF54C7
:10FC4000E2430691E10315AAE00313AAEC4700F989
:10FC5000E99B00B9EBBB00B9E82B0CA9090700949C
:10FC6000807DFF35EC4740F9FC0316AAE82B4CA930
:10FC7000E0D340F9E99B40B9EBBB40B9F76B41B920
:10FC8000B5FEFF17A001F837E03F40F9013C0091B5
:10FC900021F07D92E13F00F9000040F91F0000F1E2
:10FCA000E1079F1A3F01016AC11400543A79151205
:10FCB00041008052A3FDFF17E09340B901200011DD
:10FCC0003F0000718D380054E03F40F9E19300B9E6
:10FCD000023C009141F07D92E13F00F9EFFFFF17F8
:10FCE000E09340B9012000113F000071AD32005493
:10FCF000E03F40F9E19300B9023C009141F07D9270
:10FD0000E13F00F9B5FDFF17E09340B90120001174
:10FD10003F0000710D330054E03F40F9E19300B91A
:10FD2000023C009141F07D92E13F00F982FDFF1716
:10FD3000E09340B9012000113F0000718D2F005465
:10FD4000E03F40F9E19300B9023C009141F07D921F
:10FD5000E13F00F9DEFDFF17E2430691E10315AA3A
:10FD6000E00313AAF2BB00B9EEC300B9E9CB00B9B6
:10FD7000E8D300B9EBDB00B9E71301B9EA8F00F96A
:10FD8000C00600946074FF35EA8F40F9FC0316AAA0
:10FD9000E0D340F9E17F4539F2BB40B9EEC340B949
:10FDA000E9CB40B9E8D340B9EBDB40B9E71341B93F
:10FDB00046FAFF17E00313AAFAF4FF97A5F9FF1715
:10FDC0000021681EE69C005417791A12FF06017183
:10FDD000C1300054010F80521F850171000B805209
:10FDE0000010811A01068052E1830539E087053948
:10FDF000FBA30691190080D2FF8C0171EC540054D2
:10FE00000001669E00FC60D32054F8360041611E5C
:10FE1000A0058052E0BB00B9E0A30591E98B00B9D1
:10FE2000E8AF1229EA6300F9E7F300B90110009482
:10FE30000110681EE98B40B9EA6340F90108611EB0
:10FE4000E8AF5229E7F340B92820601E6100005452
:10FE500020008052E06B01B9E303072A1F8501717E
:10FE600063040091200000D0220000D000E0329115
:10FE7000424033916303038B4210809A0210661E46
:10FE8000E0031BAA030000142820601E20990054E0
:10FE90002108621EEC0300AA2100781E2000621EC9
:10FEA00044C86138041400382138601E7F0000EB1C
:10FEB000C1FEFF5400106C1E3020601E8C000054E8
:10FEC0002020601EA102005481020036ECC700F918
:10FED000E10300AA443C403903F05F387F00046B23
:10FEE000210100540706805227F01F38E1C740F96E
:10FEF000230400D1E3C700F923F05F389F00036BB0
:10FF000040FFFF5464040011841C00127FE4007160
:10FF1000804E005424F01F38F86B41B900001B4B91
:10FF2000013D001129011F32211C001222008052C4
:10FF3000E09700B900070051E06B01B967010014B8
:10FF40000106805229011F32E1830539E88705390E
:10FF500057FFFF17E2430691E10315AAE00313AA36
:10FF6000E98B00B9EB9B00B9EA5F00F94506009404
:10FF70000065FF35EA5F40F9FC0316AAE0D340F9BB
:10FF8000E98B40B9EB9B40B970FAFF17E00306918B
:10FF9000020180D201008052E98B00B9E89B00B9D0
:10FFA000EBBB00B9E7C300B9EA6700F9FBC700F98A
:10FFB000A4F4FF97E7C340B9EA6740F9E98B40B979
:10FFC000E89B40B9EBBB40B9074BF837180080D22B
:10FFD00017008052FA03082AF903072AF54700F9A7
:10FFE000F503172AF70318AAF8030AAAE99B00B930
:10FFF000EBBB00B90D000014E3030691E1A30691E9
:02000004402199
:10000000E00313AA3B0600941F040031208500542E
:10001000A002000B1F00196BEC000054F7120091B6
:1000200020930054F503002AE0C740F9026877B82E
:1000300042FEFF35F703152AE99B40B9F54740F921
:10004000E8031A2AEBBB40B9EA0318AAF7630034A5
:10005000FF8E01716D770054E1060011E00313AAD1
:10006000E98B00B9217C4093E89B00B9EBBB00B958
:10007000EA6300F90BF0FF97EA6340F9FB0300AA7B
:10008000E98B40B9E89B40B9EBBB40B900B000B484
:10009000F90300AA020180D201008052E003069118
:1000A000E98B00B9E89B00B9EBBB00B9EA6300F942
:1000B00064F4FF97E07E4093E4030691F80300AAFE
:1000C000E30300AAE2230691E1031BAAE00313AABB
:1000D000800A0094EA6340F91F0300EBE98B40B902
:1000E000E89B40B9EBBB40B981AC00547FCB3738BB
:1000F000FF020071FF8B00B9FAA29F1AE17F453918
:1001000007008052FF9B00B918008052A12CFF34D9
:10011000B8FBFF17E98B40B9EA031CAAEB9B40B977
:10012000FC0302AAE40318AAF77E409321040011FD
:100130000000178BE19B01B9E0D300F9845F00A9AF
:100140003F1C00716C53FF549C43009189F9FF17C9
:10015000F733089143031612F8E702B2E20317AA35
:10016000E40317AA05008052F70313AAB89999F27D
:10017000F303032AE30315AAF57F40F907000014EF
:10018000197CD89B39FF43D31F2400F14902005446
:10019000E00319AAE2031BAA197CD89BA50400114D
:1001A0005B0400D139FF43D3210B198B010401CB30
:1001B00021C0001141F01F3853FEFF34A102403925
:1001C0003FFC03712010457AC1FDFF541F2400F14C
:1001D00068620054F30317AAF70304AAE59700B96D
:1001E000F57F00F9F50303AAD5FCFF17FF1800718E
:1001F000C3008052FA90831A250000B0F7031A2A30
:10020000BBA03391190080D20100805207008052B8
:1002100018008052FF8B00B9FF9B00B921F9FF172E
:10022000E09340B9012000113F0000712D240054DB
:10023000E03F40F9E19300B9023C009141F07D922A
:10024000E13F00F992FCFF17E0D340F9E03000B540
:10025000A022C079FF9B01B973FAFF17240000D0D8
:10026000E19B41B984C01E91FF420071AD1B005457
:10027000E2031CAA080280D2FC030AAAEC5F00F980
:10028000E9C300B9EBCB00B9F8D300B9F80304AA6D
:1002900004000014F7420051FF4200714D19005450
:1002A0000040009121040011582000A94240009113
:1002B000E19B01B9E0D300F93F1C0071CDFEFF5472
:1002C000E2430691E10315AAE00313AA6D05009429
:1002D000004AFF35E0D340F9E20316AAE19B41B999
:1002E000080280D2ECFFFF17FA2048364080F8372A
:1002F000E03F40F9012C009121F07D92E13F00F9AF
:1003000000004039210080520EFCFF17C9204836FA
:10031000807CF837E03F40F9012C009121F07D927C
:1003200000004039E13F00F904FCFF17E25340F9B7
:10033000E09340B9E19300B940C0208B64FCFF1703
:10034000E25340F9E09340B9E19300B940C0208BFB
:1003500022FCFF17A91C4836E06EF837E03F40F951
:10036000012C009121F07D9200004039E13F00F91D
:100370004BFEFF17E25340F9E09340B9E19300B917
:1003800040C0208BECFBFF17E09340B90120001127
:100390003F000071AD1F0054E03F40F9E19300B908
:1003A000022C009141F07D92E13F00F907FEFF171A
:1003B000891C4836C07DF837E03F40F9012C009198
:1003C00021F07D92E13F00F900008039E10300AAAD
:1003D00041FCFF17E25340F9E09340B9E19300B9C3
:1003E00040C0208B2DFEFF17FF0400316027005412
:1003F000FF1E0171E008407AE7149F1A0001669E13
:100400003901183200FC60D3E079F8370941601EE9
:10041000FFBB00B9E9A312292041601EEBC300B95C
:10042000EA6700F9FF1A0171C1420054E203072A8A
:1004300061008052E5230691E4030691E3A3059150
:10044000E00313AAE78B00B9120A0094E78B40B9C6
:10045000FB0300AA01004039EA6740F93FC0007180
:10046000E9A3522900C0278BEBC340B94052005486
:10047000E16B41B901C0218B2821601E604F0054FF
:10048000E0C740F9030680523F0000EBE90000544A
:1004900002040091E2C700F903000039E0C740F907
:1004A0003F0000EB68FFFF54F86B41B900001BCB25
:1004B000E09700B9FF1E01710022005400070051AF
:1004C000FF1A017140500054011D001202008052B9
:1004D000190080D2E06B01B9E1C305396105805292
:1004E0008000F836200080520000184BA105805291
:1004F000E1C705391F240071CD5B0054EC3F069124
:10050000AD999952E4030CAA8D99B972027CAD9B06
:10051000E30304AAE503002A840400D142FC63D368
:100520004108020B0104014BE003022A21C0001123
:1005300061F01F38BF8C0171ACFEFF5440C0001148
:1005400080F01F38600800D11F000CEB827E005441
:10055000E1CB059102144038221400381F000CEB47
:10056000A1FFFF54E0430A91030003CB60F4035161
:10057000E0F300B9E09740B9E1F340B91700010B8F
:100580001F0400716D5B0054E0AB40B9F702000B33
:1005900029791512FF02007129011832FAA29F1A57
:1005A00018008052FF8B00B9FF9B00B9E0BB40B937
:1005B000001B0035E17F4539070080522107FF34D9
:1005C0008CFAFF17EC5F40F9E40318AAE9C340B9BD
:1005D000EA031CAAEBCB40B9FC0302AAF8D340B94A
:1005E000E77E4093210400110000078B841F00A9BF
:1005F0009C430091E19B01B9E0D300F93F1C0071DD
:10060000CD89FF54E2430691E10315AAE00313AA42
:10061000EC5F00F9E9C300B9EBCB00B9EA6B00F974
:1006200098040094602FFF35EC5F40F9FC0316AA94
:10063000EA6B40F9E0D340F9E9C340B9EBCB40B9EC
:100640003EFCFF1769090736E28F4AA9830B00A910
:10065000E19B41B98643009121040011E19B01B95E
:100660004000008BE0D300F93F1C0071ED28FF54DF
:10067000E2430691E10315AAE00313AAE98B00B94E
:10068000EB9B00B9EA5F00F97E040094202CFF3553
:10069000EA5F40F9E60316AAE0D340F9E98B40B9D6
:1006A000EB9B40B9E26B41B9E19B41B936F9FF17C9
:1006B000E25340F9E09340B9E19300B940C0208B88
:1006C00073FBFF17C062F837E03F40F9013C00912F
:1006D00021F07D92E13F00F9000040F9E1EB407923
:1006E0000100007980F7FF17E067F837E03F40F935
:1006F000012C009121F07D92000040B9E13F00F90A
:1007000067FDFF174050F837E03F40F9012C00919A
:1007100021F07D92E13F00F9000040B921008052B4
:1007200008FBFF178063F837E03F40F9012C009188
:1007300021F07D92000040B9E13F00F9FFFAFF1778
:10074000605CF837E03F40F9012C009121F07D9288
:10075000E13F00F9000080B9E10300AA5EFBFF174A
:10076000E09340B9012000113F0000718D51005409
:10077000E03F40F9E19300B9022C009141F07D92F5
:10078000E13F00F969FCFF17E25340F9E09340B9FB
:10079000E19300B940C0208B0CFDFF17E09340B9F6
:1007A000012000113F0000716D5D0054E03F40F9F1
:1007B000E19300B9022C009141F07D920000407954
:1007C000E13F00F9DDFAFF17E0031BAAE9BB00B91E
:1007D000EBC300B9190080D2EA6700F9C9EDFF97B1
:1007E000E17F45391F000071FF8B00B9F703002A34
:1007F000FF9B00B91AA09F1AEA6740F907008052D0
:10080000E9BB40B9680E8052EBC340B9A1F4FE3495
:10081000F8F9FF17E09340B9012000113F00007183
:10082000CD4D0054E03F40F9E19300B9022C009116
:1008300041F07D92E13F00F933FCFF17E09340B9AE
:10084000012000113F000071ED490054E03F40F9E4
:10085000E19300B9022C009141F07D9200004079B3
:10086000E13F00F90EFDFF17E00313AAE2430691F2
:10087000E10315AA03040094C0CEFF34E9F8FF1782
:10088000A05240F94B04009439F7FF170041601E55
:10089000FFBB00B961FDFF17E1040011E00313AADB
:1008A000E78B00B9217C4093E9A31229EA5F00F9A4
:1008B000EBF300B9FBEDFF97EA5F40F9FB0300AAF9
:1008C000E78B40B9E9A35229EBF340B9806300B448
:1008D000F90300AA4BFDFF17C7008052C8FEFF179F
:1008E000442840398CFDFF17E0C740F9F86B41B947
:1008F00000001BCBE09700B91F03076B01DB433AF5
:10090000EA1700540809005100070051EFFEFF17D5
:10091000A00580525A070011A1058052070080529D
:10092000E07F05395FF7FF17E4030691E2230691A4
:10093000E00313AA030080D2010080D2E98B00B942
:10094000E89B00B9EBBB00B9EA6300F961080094C9
:10095000EA6340F9F703002AE98B40B91F0400312C
:10096000E89B40B9EBBB40B920690054FBC700F9D4
:10097000B7FDFF17A0058052A1058052E07F053921
:100980008CF9FF17E0F740B9014000113F000071FA
:100990006D380054E03F40F9E1F700B9003C0091A8
:1009A00000EC7C9201400091E13F00F96CF9FF17E7
:1009B000E0F740B9014000113F000071ED340054F0
:1009C000E03F40F9E1F700B9023C0091080040FD2A
:1009D00041F07D92E13F00F96EF9FF17E18B40B9DC
:1009E0003F000071E19B40B920D8407A0D66005469
:1009F0006D030C8BE2031CAA240000D0FC03012A27
:100A000084C01E91F8030DAA170280D2F34F00F99B
:100A1000F95F00F9F90308AAEC6F00F9E91301B9CD
:100A2000FB8F00F9EB2301B9FA2701B9FBEB4FA9C2
:100A3000EA9700F9280000149C070051E19B41B996
:100A400000001A8BE37740F921040011436800A9E4
:100A500042400091E19B01B9E0D300F93F1C0071D5
:100A60006C08005461034039050319CBE30318AA4D
:100A70003F00056B33B0851A7F0200718D01005471
:100A8000E19B41B96A7E409300000A8B592800A976
:100A900021040011E19B01B9E0D300F93F1C007172
:100AA0004C09005461034039424000917F020071BB
:100AB00065A29F1A3300054B7F020071AC01005400
:100AC000E58B40B93903218BBF00007180DB407A90
:100AD0008D4D00549F0300710CFBFF54E18B40B916
:100AE0007B0700D121040051E18B00B9D4FFFF172F
:100AF0002A0000D0E19B41B94AC11E917F4200719A
:100B0000ED040054E3130CA9F86B00F9F84F40F919
:100B100004000014734200517F420071CD03005461
:100B20000040009121040011445C00A94240009162
:100B3000E19B01B9E0D300F93F1C0071CDFEFF54E9
:100B4000E2430691E10315AAE00318AA4D030094BD
:100B5000E0150035E0D340F9230000D0E19B41B916
:100B6000E20316AA64C01E91EBFFFF17E04F40F9A5
:100B7000E2430691E10315AA420300942056003592
:100B8000E0D340F9210000D0E20316AA24C01E9150
:100B9000B5FFFF17E32B4CA9F86B40F9657E409336
:100BA000210400110000058B4A1400A9E19B01B942
:100BB000E0D300F93F1C00710C110054610340396F
:100BC00042400091BFFFFF17E04F40F9E24306911A
:100BD000E10315AAF86300F92A03009420530035B5
:100BE000E36340F9240000D0E0D340F9E20316AA01
:100BF0006103403984C01E91ADFFFF17E19740B9F2
:100C00001F03016BAB170054E0AB40B93F0140F24A
:100C10000C03000B9711981A690050361F030071DE
:100C20000C2F0054FF020071E80C8052FAA29F1AA8
:100C3000E903192A190080D2FF8B00B9FF9B00B984
:100C40005BFEFF17E2430691E10315AAE00313AA36
:100C5000E98B00B9EB9B00B9EA5F00F90903009446
:100C600080FDFE35EA5F40F9FC0316AAE0D340F9A7
:100C7000E98B40B9EB9B40B9E26B41B9B5F7FF177F
:100C8000FF16017141030054F80400114100805225
:100C9000E203182AE5230691E4030691E3A30591F4
:100CA000E00313AAE78B00B9FA070094FB0300AA3C
:100CB000EA6740F901C0388BE78B40B9E9A35229B4
:100CC000EBC340B9EDFDFF17E17F45391A008052B3
:100CD000FF8B00B907008052FF9B00B918008052BB
:100CE000190080D2E1CDFE34C2F8FF17E203072AD3
:100CF000E5230691E4030691E3A30591E00313AA1B
:100D000041008052E78B00B9E2070094E9A3522921
:100D1000FB0300AAEA6740F9E78B40B9EBC340B98F
:100D200049DE073661C3278BD4FDFF17E09340B936
:100D3000012000113F0000710D1E0054E03F40F9FA
:100D4000E19300B9022C009141F07D92E13F00F95E
:100D5000EDF8FF17E25340F9E09340B9E19300B991
:100D600042C0208BE03F40F9E23F00F942F9FF1713
:100D7000E25340F9E09340B9E19300B940C0208BC1
:100D8000F9F8FF17E25340F9E09340B9E19300B955
:100D900040C0208BABF9FF17E2430691E10315AA8F
:100DA000E00313AAEC5F00F9E9C300B9EBCB00B98B
:100DB000EA6B00F9B3020094C0F2FE35EC5F40F933
:100DC000FC0316AAEA6B40F9E0D340F9E9C340B945
:100DD000EBCB40B954FAFF17E04F40F9E2430691DC
:100DE000E10315AAE36300F9A6020094A0420035CE
:100DF000E36340F9240000D0E0D340F9E20316AAEF
:100E00006103403984C01E912EFFFF17E15F40F956
:100E1000F30318AA21F0FEB582F7FF17E17740F936
:100E2000E88B00B9E08340F9EB9F1229E3AB0BA9F3
:100E30007B0300CBE20300AAE0031BAAE46700F9EE
:100E400090F3FF97A006403905008052E3AB4BA911
:100E50001F000071E46740F9B506959AE88B40B928
:100E6000EB9F5229CBFCFF17F86B41B9E00301AAB5
:100E70008FFDFF17E2430691E10315AAE00313AAD1
:100E8000E98B00B9EB9B00B9EA5F00F97D020094A1
:100E900000ECFE35E1AF5229FC0316AAF76B41B90D
:100EA000EA5F40F93700174BE0D340F9E98B40B9CE
:100EB0003BFAFF172821601E41310054F86B41B9FD
:100EC00000C0388B00001B4BE09700B920010012D6
:100ED0000000072A1F030071AD330054801800354D
:100EE000F703182AC80C8052E9185037FF02007126
:100EF000FAA29F1A4FFFFF17E1AB40B9E80C8052EE
:100F00003700000B1F0300710CFFFF54EC02184B5D
:100F100097050031FA529F1A46FFFF17A0B240B959
:100F2000A0000037A022407960004837A05240F965
:100F3000A002009400008012E07700B940F7FF178C
:100F4000FBA30691190080D253FCFF17240000D0A8
:100F5000F703024B84C01E915F400031EA04005445
:100F6000E20315AAFC03092AF503172A180280D206
:100F7000F70302AAF94700F9F90304AAEB9B00B9A9
:100F8000EA5F00F904000014B5420051BF4200714D
:100F90004D0200540040009121040011D96000A9C5
:100FA000C6400091E19B01B9E0D300F93F1C0071FC
:100FB000CDFEFF54E2430691E10317AAE00313AA12
:100FC0003002009460250035E0D340F9E60316AA0C
:100FD000E19B41B9EDFFFF17EA5F40F9E20317AA71
:100FE000E40319AAEB9B40B9F94740F9F703152A26
:100FF000E9031C2AF50302AAF77E4093210400119D
:101000000000178BC45C00A9C6400091E19B01B9A8
:10101000E0D300F93F1C00718DDBFE54E2430691E2
:10102000E10315AAE00313AAE98B00B9EB9B00B911
:10103000EA5F00F913020094C0DEFE35EA5F40F972
:10104000E60316AAE0D340F9E98B40B9EB9B40B91F
:10105000E19B41B9CDF6FF17E28740F9E0F740B9CF
:10106000E1F700B940C0208B080040FDC9F7FF1729
:10107000E1CB059182000035E1CF05910206805257
:10108000E2CB053900C0001120140038E2C30591FD
:101090002000024BE0F300B937FDFF17E28740F96B
:1010A000E0F740B9E1F700B940C0208BACF7FF177B
:1010B000F54740F9010080D2A022C07900001A3221
:1010C000A0220079A1DAFEB5D6F6FF17201AF8376C
:1010D000E03F40F9013C009121F07D92E13F00F9B1
:1010E000000040F9E17740B9010000B9FEF4FF17B4
:1010F00009A5073625FDFF17E25340F9E09340B9F3
:10110000E19300B940C0208BFFF7FF17E09340B98F
:10111000012000113F000071CD1E0054E03F40F956
:10112000E19300B9022C009141F07D92E13F00F97A
:101130007AFDFF17E09340B9012000113F000071D4
:101140002D1E0054E03F40F9E19300B9022C0091BC
:1011500041F07D9200004039E13F00F9D0FAFF17DD
:101160000001669EE017F8B7E17F45392000009046
:10117000250000901F1D017100A03291A5C0329181
:1011800091F7FF17E25340F9E09340B9E19300B9BA
:1011900040C0208B00004079C1FAFF17E25340F9AC
:1011A000E09340B9E19300B940C0208BDFF9FF170D
:1011B000E1001B0B030680522100004B22040011AA
:1011C00002C0228BA16AFF37031400385F0000EBD6
:1011D000C1FFFF5451FBFF17E25340F9E09340B9C0
:1011E000E19300B940C0208BC7F9FF17E0AB40B9CD
:1011F000C80C8052EC00000B9701180B3BFFFF1747
:10120000E80C8052E17F40F9200040391FFC037157
:101210008024005403008052020080520500001414
:1012200042040011210400911FFC037120010054AD
:101230001F00186BEA0000541803004B20044039CB
:1012400000FFFF352000403963040011F7FFFF174E
:10125000E28B00B9E39B00B9E17F00F9E18B40B973
:10126000E903192AE09B40B9190080D20000010B64
:10127000E10341B9175C011BFF020071FAA29F1A3A
:10128000CBFCFF17F54740F9E8031A2AE99B40B960
:10129000EA0318AAEBBB40B9F703192A6CFBFF1746
:1012A000E09340B9012000113F0000716D16005419
:1012B000E03F40F9E19300B9022C009141F07D92AA
:1012C00000004039E13F00F91CF8FF17E09340B9F6
:1012D000012000113F000071CD150054E03F40F99E
:1012E000E19300B9022C009141F07D92E13F00F9B9
:1012F00019FDFF17E09340B9012000113F00007174
:101300006D0E0054E03F40F9E19300B9022C0091CA
:1013100041F07D92E13F00F9FAFBFF17E09340B9FD
:10132000012000113F000071AD150054E03F40F96D
:10133000E19300B9023C009141F07D92E13F00F958
:10134000E6FCFF17A00580520941611EE0BB00B911
:1013500031FCFF17E25340F9E09340B9E19300B943
:1013600040C0208B00004079F4F7FF17E09340B9AC
:10137000012000113F0000710D0A0054E03F40F9C8
:10138000E19300B9022C009141F07D92E13F00F918
:101390000EFCFF17E09340B9012000113F000071DF
:1013A0008D120054E03F40F9E19300B9022C009106
:1013B00041F07D92000040B9E13F00F9DFF7FF17EF
:1013C000E17F4539FA03072AFF8B00B9F703072AA3
:1013D000FF9B00B907008052680E80522196FE34B0
:1013E00004F7FF17E09340B9012000113F0000719E
:1013F000CD110054E03F40F9E19300B9022C009177
:1014000041F07D92000040B9E13F00F924FAFF1756
:10141000E09340B9012000113F0000716D080054B5
:10142000E03F40F9E19300B9023C009141F07D9228
:10143000E13F00F92BFFFF17E09340B901200011B5
:101440003F0000716D100054E03F40F9E19300B996
:10145000023C009141F07D92E13F00F945F9FF1710
:10146000A0058052A1058052E07F053940FFFF179B
:10147000E14740F9F50317AA01BDFEB5E9F5FF17ED
:10148000F34F40F9E80319AAF95F40F9FB7F00F92F
:10149000EC6F40F9FC0302AAFB8F40F9EA9740F990
:1014A000E91341B9EB2341B9FA2741B91F0103EB15
:1014B0000891839AA3F8FF17E25340F9E09340B9EB
:1014C000E19300B940C0208BC0FBFF17E25340F905
:1014D000E09340B9E19300B940C0208B89FBFF172E
:1014E000210080522100074BE16B01B9E2FBFF179D
:1014F000E25340F9E09340B9E19300B940C0208B3A
:1015000086FCFF17E25340F9E09340B9E19300B93C
:1015100040C0208B00004039E1F9FF1740008052A5
:10152000E0F300B914FCFF17E25340F9E09340B92F
:10153000E19300B940C0208BEAFEFF17A022C079DA
:1015400000001A32A0220079B7F5FF17A00000357D
:101550003A008052C80C8052F7031A2AB5FDFF17D3
:10156000E0AB40B9C80C80520C0400119701072B66
:10157000FA529F1AAFFDFF17E25340F9E09340B9CA
:10158000E19300B940C0208B000040396BF7FF1792
:10159000E25340F9E09340B9E19300B940C0208B99
:1015A0006DFCFF17E29340B90203F837E03F40F9C2
:1015B000002C009100F07D92E33F40F9E03F00F9FC
:1015C00048074039FA0301AAE29300B9670040B91D
:1015D000FF000071F9A09F5A19F4FF17E25340F978
:1015E000E09340B9E19300B940C0208B3BFCFF176A
:1015F000E25340F9E09340B9E19300B940C0208B39
:10160000000040B94DF7FF17E09340B902200011E8
:10161000E03F40F95F0000716D020054002C009122
:1016200000F07D92E5FFFF17E25340F9E09340B9E7
:10163000E19300B940C0208B000040B998F9FF1732
:10164000E15F40F9F34F40F981AEFEB575F5FF1744
:10165000E25340F9E09340B9E19300B940C0208BD8
:10166000C4F8FF17E45340F9E39340B983C0238BD8
:10167000E33F00F9D1FFFF17A022C079E10319AAC7
:1016800000001A32A02200798FFEFF17A022C07935
:10169000010080D200001A32A02200798AFEFF17D2
:1016A000FF8B00B9FF9B00B9EDFEFF1763030C8BA6
:1016B0007FFFFF1700000000000000000000000096
:1016C000FF4314D1FD7B00A9FD030091F35301A951
:1016D000F30301AA21204079F40303AAE343049110
:1016E000661A40F921781E12652240F9F55B02A9BD
:1016F0006726407964B240B9F60302AA028080529C
:10170000F50300AAE0E30391E32F00F9E26700B9D3
:10171000E1D30079E7D70079E33B00F9E27B00B938
:10172000FF8300B9E64700F9E54F00F9E40B01B982
:1017300094000094800640ADE20316AAE3C3009132
:10174000E1630191E00315AAE08701AD21F3FF9762
:10175000F403002AC000F837E1630191E00315AA01
:10176000E0EDFF971F00007194029F5AE0D340798B
:10177000800030366022407900001A326022007901
:10178000E07F40F983000094FD7B40A9E003142A28
:10179000F35341A9F55B42A9FF431491C0035FD6FF
:1017A000FD7BBBA9FD03009123B040B9F76303A9FA
:1017B000F80302AA63056836F55B02A9F50300AADF
:1017C000400840F9F35301A9F40301AAF96B04A9F5
:1017D0005A0040F9C00300B4566740A939FF42D30C
:1017E000F703192A3F030071AD020054130080D2A1
:1017F00003000014FF02136B0D020054C17A73B88A
:10180000E20314AAE00315AA73060091090A0094E2
:101810001F04003101FFFF54F35341A9F55B42A9B6
:10182000F96B44A91F0B00B91F0B00F9F76343A91B
:10183000FD7BC5A8C0035FD6000B40F900C839CBBB
:10184000000B00F95A43009180FCFFB5F35341A906
:1018500000008052F55B42A9F96B44A9F2FFFF1723
:1018600080F1FF971F0B00B91F0B00F9F76343A925
:10187000FD7BC5A8C0035FD600000000000000008B
:10188000440840F9440000B4C6FFFF17000080522E
:101890005F0800B9C0035FD6000000000000000030
:1018A000FF4300D13F0000F1E03300910100819A35
:1018B000220100B4630100B440004039200000B9A7
:1018C000400040391F000071E0079F1AFF4300915C
:1018D000C0035FD600008052FF430091C0035FD673
:1018E00020008012FAFFFF17000000000000000037
:1018F000FD7BBDA904F00491FD030091F35301A900
:10190000F30303AA7F0200F1230000D09300939A0F
:10191000F40300AA64D845F9E30313AA210100B433
:1019200080003FD6E103002A207C40933F04003131
:1019300060010054F35341A9FD7BC3A8C0035FD6E7
:10194000E18300910200805280003FD6E103002A2B
:10195000207C40933F040031E1FEFF547F0200B938
:1019600041118052810200B900008092F35341A9D5
:10197000FD7BC3A8C0035FD600000000000000008C
:10198000C0035FD60000000000000000000000005F
:10199000C0035FD60000000000000000000000004F
:1019A000C0035FD60000000000000000000000003F
:1019B000C0035FD60000000000000000000000002F
:1019C000FD7BBDA9FD030091F51300F9610600B48C
:1019D000F35301A9F30301AAF40300AA600000B4C1
:1019E000012440F9410600B460B240B96122C079D7
:1019F0000005003701064836E10313AAE00314AAE4
:101A0000B8ECFF97F503002A622A40F9C20000B43F
:101A1000611A40F9E00314AA40003FD61F0000718C
:101A2000B5A29F5A6022407920063837612E40F9CE
:101A3000E10000B460D201913F0000EB600000546F
:101A4000E00314AAD7EFFF977F2E00F9613E40F91B
:101A5000810000B4E00314AAD2EFFF977F3E00F9A3
:101A6000ECEDFF977F22007960B240B9A003003609
:101A7000605240F9C7FFFF97EAEDFF97F35341A982
:101A8000E003152AF51340F9FD7BC3A8C0035FD618
:101A900041FBFF35F35341A915008052E003152A9D
:101AA000F51340F9FD7BC3A8C0035FD6BDEDFF97DA
:101AB000CEFFFF17605240F9BAFFFF976022C0794E
:101AC000C0F9FF3560B240B960FE0737605240F997
:101AD00015008052B7FFFF97F35341A9F0FFFF179E
:101AE000605240F9B3FFFF97E2FFFF17610E40F924
:101AF000E00314AAABEFFF97CDFFFF170000000033
:101B00005F2403D5820600B4258080520502A872A6
:101B1000200C014E03E87B92A50C044E091040F204
:101B20004A1040920002005461A0DF4C248100D191
:101B3000420004AB238C206E448C206E631C254E27
:101B4000841C254E66BC244EC6BC264EC63C084EA0
:101B500024F97FD3C624C49AC620C49A290200540B
:101B6000C60200B561A0DF4C428000F1238C206EDC
:101B7000448C206EA9000054661CA44EC6BCE64EE0
:101B8000C63C084E06FFFFB4631C254E841C254E40
:101B900066BC244EC6BC264EC63C084EE20000542D
:101BA0004401098B84104092848000D1E40704CB67
:101BB000C620C49AC624C49AC600C0DA638000D185
:101BC000DF0000F1C610C0DA6004468BE003809AA3
:101BD000C0035FD6000080D2C0035FD600000000C3
:101BE000FD7BBEA9220000D0FD030091F35301A9A3
:101BF000F40300AAF30301AA403C46F9600000B4D4
:101C0000012440F9610700B46222C07962041836E9
:101C1000610E40F9C10200B442010036602240B9B1
:101C20007F0E00B9E003004B602A00B9000080522B
:101C3000410100B4F35341A9FD7BC2A8C0035FD6A4
:101C40000000805242000837602240B9600E00B99F
:101C50000000805201FFFFB5E2FE3F3642001A321B
:101C60000000801262220079F3FFFF1700508052BB
:101C70004000000A1F00087100FDFF54E10313AA91
:101C8000E00314AA230000946222C079610E40F997
:101C900082FD0736E2FFFF1702032036C20010372D
:101CA000610E40F942001D326222007961FBFFB5EE
:101CB000EFFFFF17612E40F9010100B460D20191DE
:101CC0003F0000EB80000054E00314AA35EFFF97BB
:101CD0006222C0797F2E00F9610E40F980048012E3
:101CE0004200000A610200F97F0A00B9EEFFFF1707
:101CF0002CEDFF97C5FFFF1720018052800200B92D
:101D000042001A320000801262220079CAFFFF17D7
:101D1000FD7BB5A9FD0300912220C079F35301A9F1
:101D2000F30301AA2201083620DC01912100805230
:101D3000600200F9600E00F9612200B9F35341A975
:101D4000FD7BCBA8C0035FD62124C079F40300AA91
:101D5000F55B02A9F71B00F98103F837E223019133
:101D6000540800940003F837E04F40B9168080D241
:101D700015008152E10316AA000C14121F084071CD
:101D8000E00314AAF7179F1AC6E8FF97200300B5CF
:101D90006022C0796005483700741E1261DE01912F
:101DA000F55B42A900001F32F71B40F92200805268
:101DB000610200F960220079610E00F9622200B927
:101DC000DFFFFF176222C0795F0079F2000880D23E
:101DD000168080D2D602809AE10316AAE00314AAE4
:101DE0001700805215008052AEE8FF9720FDFFB427
:101DF0006222C079600200F9420019326222007941
:101E0000600E00F9762200B9170100354200152A4C
:101E100062220079F35341A9F55B42A9F71B40F90F
:101E2000FD7BCBA8C0035FD66126C079E00314AA6E
:101E300034080094C00000356222C079F4FFFF1717
:101E4000F55B42A9F71B40F9BDFFFF1762224079FD
:101E500042741E1242000032423C0013ECFFFF1796
:101E6000FD7BBEA9FD030091023440F9F35301A9A3
:101E7000F30300AAF403012A420100B4817E4093D7
:101E8000407861F8E00100B4030040F9437821F89C
:101E90001F0800F9F35341A9FD7BC2A8C0035FD618
:101EA000220880D2010180D2DA020094603600F963
:101EB000E20300AA40FEFFB5000080D2F6FFFF1744
:101EC00021008052E00313AA3320D41A210080D2CB
:101ED000627E4093421C009142F47ED3CD02009476
:101EE000C0FEFFB4144C0129EAFFFF1700000000F8
:101EF000C10000B4003440F9220880B9037862F8C8
:101F0000230000F9017822F8C0035FD6000000002A
:101F1000FD7BBCA927600091050080D2FD030091E4
:101F2000F35301A9F303032A341440B9F55B02A962
:101F3000F50301AAF60300AAE47865B8833C001211
:101F4000847C1053634C021B663C0012637C10536C
:101F5000830C021BC440030BE47825B8A504009150
:101F6000737C10539F02056B8CFEFF5413010034E9
:101F7000A00E40B91F00146B4D010054A0CA348B51
:101F800094060011131800B9B41600B9F35341A90F
:101F9000E00315AAF55B42A9FD7BC4A8C0035FD688
:101FA000A10A40B9E00316AAF71B00F921040011A9
:101FB000ACFFFF97F70300AA600200B4A21680B935
:101FC000A1420091004000914208009142F47ED36A
:101FD0005CEAFF97C03640F9A10A80B9027861F83F
:101FE000A20200F9157821F8F50317AAA0CA348BCC
:101FF00094060011F71B40F9131800B9B41600B984
:10200000E3FFFF17030000F0000000F063C033910E
:1020100000203491020080D241178052A5D4FF974E
:10202000E103002AE2FF9F52000080523F00026B52
:1020300068000054213C10530002805202E0BF129D
:102040003F00026B6800005400200011215C18530F
:102050000200BE123F00026B680000540010001125
:10206000216C1C530200B8123F00026B890000541F
:10207000E103212A007C410BC0035FD622741E536A
:10208000C100E8375F0062F2000C001101048052C9
:102090000010811AC0035FD600080011C0035FD68C
:1020A000E20300AA00008052410040B93F0840F21C
:1020B000E0000054A1000037A1030836217C015341
:1020C00020008052410000B9C0035FD63F3C00723F
:1020D00061000054217C1053000280523F1C0072AA
:1020E0006100005400200011217C08533F0C40F295
:1020F0006100005400100011217C04533F0440F2A1
:102100006100005400080011217C02538100003757
:1021100000040011217C015361000034410000B92A
:10212000C0035FD600048052C0035FD6217C0253F7
:1021300040008052410000B9C0035FD6000000009B
:10214000FD7BBEA9FD030091023440F9F35301A9C0
:10215000F30300AAF403012A820100B4400440F909
:10216000E00200B4010040F9410400F921000090B0
:10217000141800B9F35341A9207044FD000800FD74
:10218000FD7BC2A8C0035FD6220880D2010180D2A5
:1021900020020094603600F9E20300AA00FEFFB5B9
:1021A000030000F0000000F063C033910020349180
:1021B000020080D2A12880523ED4FF97E00313AAE8
:1021C000820480D2210080D212020094A0FEFFB4CB
:1021D00021000090141800B9F35341A9206C44FD6C
:1021E00021000090000400FD207044FD000800FD67
:1021F000FD7BC2A8C0035FD6000000000000000005
:10220000FD7BBCA9FD030091F55B02A9F50301AAC2
:10221000361440B9F71B00F9571440B9F35301A91C
:10222000F40302AADF02176BEB000054E203172A43
:10223000E10314AAF703162AF40315AAF603022AE7
:10224000F50301AA810A4129F302160B5F00136B03
:1022500021A4811A03FFFF97800B00B4076000914F
:10226000E8C8338BE30307AAFF0008EB82000054A1
:102270007F4400B81F0103EBC8FFFF54A662009122
:102280008B620091C9C8368B65C9378BDF0009EBBB
:1022900022080054AA0014CB946600914A6500D12C
:1022A000810080D24AF57E92BF0014EB4A01018B77
:1022B0004A21819A07000014637C1053C303003540
:1022C000C6100091E71000913F0106EB490600544B
:1022D000C30040B96D3C007200FFFF54EC0307AA35
:1022E000E4030BAA0E008052814440B8830140B938
:1022F000223C00126F3C0012217C1053637C10536F
:10230000423C0D1B210C0D1B42000E0B2140420BC9
:10231000223C1033824500B82E7C1053BF0004EBE2
:1023200048FEFF54EE682AB8C30040B9637C1053DE
:1023300083FCFF34E10040B9ED0307AAE4030BAAD4
:102340000E008052EC03012A820040794238031BC0
:1023500042404C0B413C1033A14500B8814440B889
:10236000AC0140B9217C10538E3D00122138031B73
:102370002140420B2E7C1053BF0004EB68FEFF543B
:10238000C6100091E1682AB8E71000913F0106EB02
:1023900008FAFF547F0200718C00005405000014FD
:1023A000730600716000005401CD5FB8A1FFFF34D7
:1023B000F55B42A9F71B40F9131400B9F35341A987
:1023C000FD7BC4A8C0035FD6030000F0000000F04E
:1023D00063C0339100203491020080D2412C80529E
:1023E000B4D3FF97000000000000000000000000D0
:1023F000FD7BBDA9FD030091F35301A9F303022A5C
:1024000042040072F55B02A9F60300AAF50301AAD3
:10241000C1040054737E0213F3020034D43240F935
:10242000540500B4F3000037737E011353020034E7
:10243000800240F9A00200B4F40300AA73FF07363B
:10244000E20314AAE10315AAE00316AA6DFFFF97A1
:10245000D50000B4C13640F9A20A80B9237862F8E9
:10246000A30200F9357822F8F50300AA737E011360
:1024700013FEFF35F35341A9E00315AAF55B42A90A
:10248000FD7BC3A8C0035FD6E20314AAE10314AA2C
:10249000E00316AA5BFFFF97800200F9F40300AA8D
:1024A0001F0000F9E6FFFF174204005124000090CE
:1024B00084401F910300805282D862B895FEFF9736
:1024C000F50300AAD4FFFF17E00316AA21008052EB
:1024D00064FEFF97F40300AAE00000B4200080D25D
:1024E000204EC0F2804201F8D43200F99F0200F978
:1024F000CDFFFF17030000F0000000F063C0339130
:1025000000203491020080D2A128805269D3FF9725
:10251000FD7BBCA9FD030091F76303A9587C05135B
:10252000371440B9230C40B91703170BF35301A913
:10253000F40301AAF55B02A9F5060011210840B9D0
:10254000F303022AF60300AABF02036BAD00005496
:1025500063781F5321040011BF02036BACFFFF54CB
:10256000E00316AA3FFEFF97A00700B405600091A4
:102570001F0300712D010054041B0011E30305AA81
:1025800004C8248B1F2003D57F4400B87F0004EBD0
:10259000C1FFFF54A548388B861680B9836200912D
:1025A000671200726608068B80040054080480528B
:1025B000E10305AA0801074B040080521F2003D540
:1025C000620040B94220C71A4200042A224400B8DF
:1025D000644440B88424C81ADF0003EB28FFFF548A
:1025E000C10014CB82660091216400D1DF0002EBB0
:1025F00021F47E92820080D22100028B2120829AD7
:10260000A46821B844000035F503172AC13640F903
:10261000820A80B9F76343A9237862F8151400B9D8
:10262000F55B42A9830200F9347822F8F35341A9FB
:10263000FD7BC4A8C0035FD6614440B8A14400B884
:10264000DF0003EB29FEFF54614440B8A14400B809
:10265000DF0003EB28FFFF54ECFFFF17030000F03F
:10266000000000F063C0339100203491020080D25A
:10267000C13B80520FD3FF97000000000000000014
:10268000221440B9E50300AA001440B90000026B0F
:10269000E1010054437C7E93A5600091216000918C
:1026A000A200038B2100038B03000014BF0002EB88
:1026B000E200005444CC5FB823CC5FB89F00036BAA
:1026C00060FFFF540000801200349F1AC0035FD6E1
:1026D000FD7BBDA9FD030091F35301A9F30301AAFA
:1026E000F40302AA211440B9421440B9F51300F9C9
:1026F0002100026B41020035427C7E9361620091B1
:10270000846200912300028B8400028B030000147A
:102710003F0003EB620A005466CC5FB885CC5FB81B
:10272000DF00056B60FFFF54E10314AAF5279F1A31
:102730009432939A7332819A05000014E10314AA2B
:10274000F5579F1A9442939A7342819A810A40B92D
:10275000C4FDFF97000B00B4681680B98962009130
:10276000871640B9626200910B600091050380D228
:102770004808088B010080522AC9278B151000B920
:10278000866A65B8646A65B8C33C0012C67C10539B
:102790006320244BC440444B6300010B8440830BF3
:1027A000833C1033036825B8A5100091817C101379
:1027B0006402058B1F0104EB48FEFF54040113CB98
:1027C00062660091846400D11F0102EBE6379F1A14
:1027D000880080D282FC42D3DF0000714504009162
:1027E000A5F47ED3A510889A2801058B6501058B79
:1027F0005F0108EB890400544A0500D1040080D22F
:102800004A0108CB49FD42D3027964B83F0104EB89
:102810004300010B2120220B427C10534140810BCD
:10282000233C1033A37824B8217C10138404009136
:10283000C1FEFF544AF57E92A1000A8B8300003549
:1028400022CC5FB8E7040051C2FFFF34071400B97F
:10285000F35341A9F51340F9FD7BC3A8C0035FD62C
:10286000010080527FFDFF97800100B4210080D2DB
:10287000014001F8F35341A9F51340F9FD7BC3A8CA
:10288000C0035FD642F47ED3DF00007142109F9AEE
:102890006101028BEAFFFF17030000F0000000F067
:1028A00063C0339100203491020080D2E14680520F
:1028B00080D2FF97030000F0000000F063C0339166
:1028C00000203491020080D2A148805279D2FF9733
:1028D000FD7BBCA9FD030091E81300FD0840601ECC
:1028E000F35301A9F40301AAF30302AA21008052C1
:1028F0005CFDFF97E00700B40301669EE40300AAB5
:1029000065F874D360CC60D301000C32BF00007155
:102910002010801AE03F00B983020035E0F30091F7
:10292000E0FDFF97E13F40B923008052831400B9D6
:1029300000800011811800B9A5030034A5CC105106
:10294000E81340FDA500000B850200B9A3068052E4
:102950006300004B630200B9E00304AAF35341A9EA
:10296000FD7BC4A8C0035FD6E0E30091E83B00BD57
:10297000CCFDFF97E13F40B980030034E33B40B911
:10298000E203004B2220C21A4200032A2124C01A6B
:10299000E13F00B93F00007182040329E3079F1A59
:1029A00063040011831400B9A5FCFF356100809217
:1029B00000C8105121C8238B800200B98000018B10
:1029C00063681B53001840B996FDFF97E81340FD5C
:1029D0006300004B630200B9F35341A9E00304AA6A
:1029E000FD7BC4A8C0035FD6E23B40B9EAFFFF17F6
:1029F000030000F0000000F063C033910020349128
:102A0000020080D2E16180522AD2FF9700000000CC
:102A1000FD7BBEA9237CC29B217C029BFD03009110
:102A2000F30B00F9630400B59EE5FF97F30300AADA
:102A3000600400B402805FF842F47E92422000D12C
:102A40005F2001F1C80100545F9C00F1C9000054EF
:102A50000004004F0040009100009F3C5FDC00F14B
:102A6000A80100541F7C00A91F0800F9E00313AA65
:102A7000F30B40F9FD7BC2A8C0035FD60100805272
:102A8000F0E9FF97E00313AAF30B40F9FD7BC2A81E
:102A9000C0035FD66006803D608200915F2001F137
:102AA00021FEFF5460C20091600A803DEEFFFF17D7
:102AB00078E5FF9781018052010000B9130080D2B0
:102AC000E00313AAF30B40F9FD7BC2A8C0035FD655
:102AD000E50304AAE40303AA030080923906001464
:102AE000FD7BBCA9FD030091F35301A9341440B947
:102AF000F76303A9F80300AA001440B91F00146B80
:102B00008B0B0054940600513360009117630091C1
:102B1000F55B02A98A7E4093807E7E937602008BCD
:102B2000EB02008B627A6AB8E37A6AB84204001159
:102B30007508C21A7F00026BC3040054E70313AA8E
:102B4000E60317AA09008052080080521F2003D50F
:102B5000E34440B8C40040B9653C0012637C1053A4
:102B6000823C0012A524151BA97C10534220254B42
:102B70004200080B6324151B407C10130020234BDC
:102B8000697C10530340440B623C1033C24400B8CC
:102B9000687C1013DF0207EBC2FDFF54E07A6AB8CD
:102BA00080010035601100D1FF0200EBA30000544A
:102BB0000700001494060051FF0200EB820000544D
:102BC000020040B9001000D162FFFF34141700B9B1
:102BD000E00318AAABFEFF970004F837E00317AA3A
:102BE000040080521F2003D5634640B8020040B95C
:102BF000413C00122120234B2100040B247C1013A4
:102C00008340434B6240420B413C1033014400B8C7
:102C1000447C1013DF0213EB82FEFF54E1DA74B838
:102C2000E0CA348B81010035001000D11F0017EB82
:102C3000A80000540700001494060051FF0200EBA6
:102C400082000054010040B9001000D161FFFF3440
:102C5000141700B9B5060011F35341A9E003152A72
:102C6000F55B42A9F76343A9FD7BC4A8C0035FD607
:102C7000F35341A900008052F76343A9FD7BC4A828
:102C8000C0035FD60000000000000000000000004C
:102C9000FD7BB4A9FD030091062840F9F35301A977
:102CA000F30300AAF55B02A9F40304AAF76303A9DE
:102CB000F703012AF80305AAF96B04A9FA03022A0B
:102CC000FB7305A91C00669EE34300F9E827066D27
:102CD0000840601E060100B4035840B9220080522B
:102CE000E10306AA4220C31AC308012981FCFF9709
:102CF0007F2A00F90001669E0941601E0100805292
:102D000000FC60D3F503002AA000F8361578001205
:102D100021008052BC7E60B38903679EA22A0C12F8
:102D2000810200B900FEAF525F00006B800E0054BC
:102D30002821601E61020054E14340F920008052C6
:102D4000200000B9980000B4000000F000242A918F
:102D5000000300F9170000F0F7222A91F35341A96C
:102D6000E00317AAF55B42A9F76343A9F96B44A9ED
:102D7000FB7345A9E827466DFD7BCCA8C0035FD651
:102D80002041601EE2E30291E1F30291E00313AA05
:102D9000D0FEFF97F40300AAA07E1453A00C0035C8
:102DA000E30757290001669E6100010B22C810113C
:102DB0005F800071AD2E0054254810110408805228
:102DC0008200024B0024C51AB522C21AA002002AB2
:102DD0000000631E2004005121008052E1A700B9C9
:102DE00004C2BF520200669E41FC60D32100040B66
:102DF000227C60B34200679E01106F1E210000908C
:102E00000300621E4138611E247444FD21000090BD
:102E1000207844FD210000902000441F227C44FDC6
:102E20006000421F1820601E0500781E442A0054CE
:102E30006000004B06040051BF5800710828005480
:102E4000210000902140209120D865FC1020691EAF
:102E50002C2D0054FFA300B9070080521F00007101
:102E60008C00005427008052E700004B060080527F
:102E7000C600050B1B008052E58B00B9FF260071D0
:102E800068070054FF1600716D280054F7120051B6
:102E900019008052FF0E0071605900542D2F00540C
:102EA000FF120071A12D005420008052E07B00B978
:102EB0005F0300716D530054F5031A2AE0031A2AC8
:102EC000FAAB00B9047C40931F7C0071CD0500541F
:102ED000230080528200805242781F53E103032A6C
:102EE00063040011407C4093007000911F0004EBCC
:102EF00049FFFF54615A00B926000014E14340F92C
:102F0000E0E18452200000B92001669E1FCC40F20F
:102F100001020054170000F0186200B4000000F035
:102F2000F7A2359100C03591000300F98CFFFF171F
:102F30002201669EE3BB40B900FC0F51FFA700B918
:102F400041CC60D321240C32227C60B3AAFFFF174E
:102F5000170000F0F85F00B4000000F0F7E23591D0
:102F600000EC3591000300F97DFFFF173900805216
:102F700017008052150080121A008052F97B00B9A8
:102F8000F5AB00B9010080527F5A00B91F2003D56C
:102F9000E00313AAE79B1129E59B00B9B1FBFF975A
:102FA000E79B5129F60300AAE59B40B9C07200B423
:102FB000BF3A0071762A00F9E0879F1AE303152AC9
:102FC0000400190A1F00196AE00A0054E08B40B996
:102FD0001F0000716D440054E403002A210000909A
:102FE000E00304AA21402091020C4092807C04134B
:102FF000207862FCE10304AA014E403621000090D3
:10300000000C001262008052210044FD2119611E53
:1030100060010034010000F021801F911F2003D5C2
:1030200080000036220040FD420400110008621EAC
:10303000007C01132120009140FFFF352118601E04
:10304000E0A340B98000003400106E1E3020601EE6
:10305000C45400544200621E0090631E0298BF5286
:103060004000411F0000669E01FC60D32100020B5E
:10307000207C60B3153E0034FC8B40B9E403152A74
:103080002100781E0200679E82040051080000F0B3
:1030900008412091C90600912000621E20C0001145
:1030A000E17B40B9001C001203D962FC2138601E8C
:1030B000E148003400106C1EC00200390018631E85
:1030C0000038621E1020611E4C680054220080529D
:1030D000E00309AA4200094B04106E1E0390641E0F
:1030E0000A0000142108631E0008631E2100781ED8
:1030F0002200621E21C00011011400382138621E16
:103100003020601E245E00548238611E5020601EF4
:10311000C41700544100000B3F00046B4BFEFF54EA
:103120003C01669EE0BF40B9E18B40B91F000071D1
:1031300020A84E7A6D3D0054E17B40B9813C0034BB
:10314000FF0600716D4F0054A30600517F03036B0F
:103150000B520054E000154BE08F00B96303034BA2
:10316000755EF836E00313AA21008052E79300B998
:10317000E69B00B9E5A700B9E3AF00B9F1FBFF9703
:10318000E79340B9F90300AAE69B40B9E5A740B927
:10319000E3AF40B9E18F40B93F000071C4C8407A45
:1031A000ED0000543F00066B20D0861AE700004B6C
:1031B000C600004B2100004BE18F00B9FB01003439
:1031C000E07B40B9E04C003483510035E10314AAA0
:1031D000E2031B2AE00313AAE79300B9E69B00B9B8
:1031E000E5A700B983FCFF97E79340B9F40300AA71
:1031F000E69B40B9E5A740B9E00313AA210080523D
:10320000E79300B9E69B00B9E5A700B9CDFBFF97AE
:10321000E5A740B9FB0300AAE79340B9E69B40B994
:1032200065380035FF0600718D1C00542000805267
:10323000C000000B001000720031005401048052E5
:103240002100004B3F1000712D4400548103805237
:103250002000004BE18F40B9E700000BC600000BD7
:103260002100000BE18F00B9FF0000714D010054F7
:10327000E10314AAE203072AE00313AAE69300B9C4
:10328000E59B00B9A3FCFF97E69340B9F40300AABD
:10329000E59B40B9DF0000710D010054E1031BAA5A
:1032A000E203062AE00313AAE59300B999FCFF970D
:1032B000FB0300AAE59340B9E0A340B9FF0A0071FF
:1032C000E4D79F1AE0180035BF02007184D8407A15
:1032D000E00D00549527003503008052A200805273
:1032E000E1031BAAE00313AA0AFBFF97FB0300AA52
:1032F000E1031BAAE00314AAF70316AAE1FCFF9757
:103300001F0000710D260054E08B40B9D6060091D5
:103310001C04001120068052E0020039E1031BAAC0
:10332000E00313AAF3FAFF97590800B4E10319AABE
:10333000E00313AAEFFAFF973E0000142100805229
:10334000E1A300B907008052E600F83725D9FF361F
:10335000E700054BFB03054BE58B00B905008052E8
:10336000C7FEFF172700805206008052E700004B7F
:10337000F7FFFF17A100621E2020601EE1079F1AC1
:10338000A500014BABFEFF17E203024B0020C21A5F
:1033900090FEFF1739008052FF0E0071403100543B
:1033A0000CD8FF54FF0A0071C05300547F5A00B973
:1033B000E00313AA01008052E77B00B9E6971129C8
:1033C000A8FAFF97E77B40B9F60300AAE6975129D0
:1033D000A05100B4000080121A008052E303002ABA
:1033E000F503002A762A00F9F97B00B9E0AB00B9B1
:1033F0004DFFFF17A5040051FFA300B9D2FFFF172F
:103400001F0016EBA0420054E20300AA01FC5F3843
:103410003FE4007160FFFF5421040011211C0012E1
:10342000F70316AAF60302AA010000391F2003D5EC
:10343000E10314AAE00313AAAEFAFF97DF020039F2
:10344000E14340F980070011200000B998C8FFB49B
:10345000160300F942FEFF1720008052B700805289
:10346000E07B00B9E08B40B94003000BE0AB00B952
:1034700015040011BF020071A0C69F1A92FEFF172B
:1034800057008052FF7B00B98AFEFF17E07B40B9EE
:10349000000E0034E28F40B95F000071ED0000546F
:1034A000E10319AAE00313AAE57B00B919FCFF9711
:1034B000E57B40B9F90300AAF93F00F9453E003524
:1034C000D5C2358B80030012F64B00F9E0A700B996
:1034D000E1031BAAE00314AA82FDFF971AC00011A2
:1034E000E10319AAE0A300B9E00314AA65FCFF9761
:1034F000E23F40F9E1031BAAE08F00B9E00313AA01
:1035000074FCFF97E10300AA001040B98011003558
:10351000E00314AAE14F00F95AFCFF97E203002AE6
:10352000E14F40F9E00313AAE29B00B971FAFF975B
:10353000E29B40B9E002022AC0140035E0A740B97E
:10354000E03F0034E08F40B96012F837E04B40F9BB
:103550001A140038E04B00F9BF0200EB003D0054A4
:10356000E10314AA0300805242018052E00313AA2F
:1035700068FAFF97F40300AAE03F40F9E10319AAB3
:1035800003008052420180523F0300EBE00313AA84
:10359000E01000545FFAFF97F90300AAE13F40F9F9
:1035A000E00313AA030080524201805259FAFF97A8
:1035B000E03F00F9C7FFFF179FCF40F281E3FF54C0
:1035C00080FF60D31F286CF220E3FF542500805257
:1035D000E7040011C6040011E003052A15FFFF17D8
:1035E000E1031BAAE00314AAE59300B9E49B00B928
:1035F00024FCFF97E59340B9E49B40B960E6FF36B1
:10360000E08B40B9E10314AA0300805242018052CA
:1036100000040051E08B00B9E00313AAE59300B960
:10362000E49B00B93BFAFF97F40300AAE07B40B9A2
:10363000E59340B9E49B40B9E0390035E0AB40B9CF
:103640001F000071F503002A84D8407A41E4FF543A
:10365000170080D207000014E10314AAE00313AAA4
:1036600003008052420180522AFAFF97F40300AA15
:10367000E1031BAAE00314AA1AFDFF971AC0001168
:10368000DA6A3738F7060091BF02176B6CFEFF54F9
:10369000BF020071B5060051200080D215D4959A62
:1036A000D502158B170080D222008052E10314AAA4
:1036B000E00313AA97FBFF97E1031BAAF40300AAF8
:1036C000F0FBFF971F0000718C0000543D010014B7
:1036D000BF0216EB80280054E20315AAB50600D1FC
:1036E00040F05F381FE4007140FFFF54FC8B40B98D
:1036F00000040011A0020039E1031BAAE00313AA91
:10370000E23F00F9FBF9FF97E23F40F9B91D00B431
:10371000FF0200F1E41259FAC0000054E10317AAB5
:10372000E00313AAE23F00F9F2F9FF97E23F40F904
:10373000F70316AAF60302AAFDFEFF17E00313AA79
:10374000ECF9FF97E08F40B9C000F837E08F40B93F
:103750009C030012E002002A9C03002ABC040035EE
:1037600022008052E10314AAE00313AA69FBFF9729
:10377000E1031BAAF40300AAC2FBFF971F0000711C
:103780008D3100545FE70071002C0054E0A340B974
:103790001AC40011E24B40F9F70319AAF93F40F9A6
:1037A000FC8B40B95A140038D4FFFF17D9F9FF97A2
:1037B000F90300AAE03F00F946FFFF171B0080D283
:1037C000190080D2FC033A2AF70316AAD4FEFF1789
:1037D000E08F40B94030F837E1A740B9E002002A55
:1037E0002000002AC02F00345F0000710DEBFF5451
:1037F0005FE70071A0280054E24B40F95A0700111E
:10380000F70319AAFC8B40B9F93F40F95A14003864
:10381000BAFFFF174200621E0090631E0298BF525B
:103820004000411F0000669E01FC60D32100020B96
:10383000207C60B30290621E0000679E2138621EE9
:103840003020601E6C0600540040611E3020601E57
:1038500064FBFF5433FEFF17800380527EFEFF1788
:10386000E0130054E08B40B9010000F021402091AA
:10387000E003004B020C4092007C0413227862FCAF
:103880002209621EC02900344140601E010000F080
:1038900021801F9108008052420080521F2003D5D2
:1038A000A0000036200040FD42040011E803042A75
:1038B0002108601E007C01132120009120FFFF35AC
:1038C0001F010071211C621EDEFDFF17E3031B2A8E
:1038D000190080D2FF7B00B9E78F00B92EFEFF17D9
:1038E000000000F0004020915F030071A0BA407A10
:1038F00001D861FCEC15005435F6FF350090621ECE
:103900002108601E8003679E3020601E8AF5FF54E8
:10391000F70316AA1B0080D2190080D27BFEFF1786
:103920003A008052F5031A2A96FDFF17E10300AA18
:10393000E203052AE00313AAE79300B9E69B00B966
:10394000ACFAFF97E79340B9FB0300AAE69B40B9A6
:10395000FF0600710D02005405008052601740B947
:10396000E79300B900040051E69B00B9E5A700B950
:1039700060CB208B001840B9AAF9FF970104805250
:10398000E79340B9E69B40B92000004BE5A740B95A
:1039900028FEFF179FCF40F201FEFF5480FF60D347
:1039A0001F286CF2A0FDFF54E7040011C6040011AB
:1039B00025008052EAFFFF172141601E420080521D
:1039C00094FDFF17FF7B00B9A7FEFF17C002003967
:1039D0004208631EC042248BE20309AA0390641EBE
:1039E0009F040071401C00542108631E2100781EB2
:1039F0002000621E21C00011411400382138601ED1
:103A00001F0002EB21FFFF5400106C1E4328601EB4
:103A10007020611EA4CFFF540038621E1020611E6A
:103A20008C040054E0BF40B93C01669E1F00007149
:103A3000E08B40B900A84E7AACF4FF54E08B40B95B
:103A4000F70316AAF60309AA01D960FC2019611E22
:103A500060040051C002008B0390641E0100781EB8
:103A60002000621E22C00011E202003900A4411FA2
:103A7000BF06007141010054970000140218611E36
:103A80004100781E2200621E22C00011C2160038BA
:103A90004080411F1F0016EB001200540008631EF7
:103AA0000820601EC1FEFF54FC8B40B961FEFF1769
:103AB000E20300AA01FC5F383FC00071A0FFFF5481
:103AC000F70316AAF60302AA5AFEFF1781078052CF
:103AD0002000004BA0BCFF54DFFDFF172141601EFA
:103AE0004200805257FDFF1775E9FF34E4AB40B93F
:103AF0009F0000716DB1FF54420400110390641ED9
:103B00000090631EE08B40B94200621E2108631ED4
:103B10001C0400510898BF522000421F0000669EFE
:103B200001FC60D32100080B207C60B355FDFF171A
:103B3000E1A740B98109003400CC1011E3031B2A2E
:103B4000C600000BE78F00B9E700000B86FDFF17EA
:103B5000F7E2359182FCFF17F7A2359180FCFF1741
:103B6000E10314AAE2031B2AE00313AAE79300B9B6
:103B7000E69B00B9E5A700B91EFAFF97E79340B9A5
:103B8000F40300AAE69B40B9E5A740B99BFDFF17E7
:103B900060001B4BC600150BFB03032AA500000B9E
:103BA00003008052E78F00B9A702070B6EFDFF17D5
:103BB000F70316AA8903679ED6060091A4FFFF1794
:103BC00041000054BAD80737E20315AAB50600D160
:103BD00040F05F381FC0007180FFFF54FC8B40B97C
:103BE000C6FEFF17E08B40B91C040011200680526E
:103BF000C0020039C1FEFF17E203032AE10319AA3C
:103C0000E00313AAE39300B9E79B00B9E6A700B964
:103C1000E5AF00B9F7F9FF97E20314AAF90300AA88
:103C2000E10319AAE00313AA76F9FF97E10314AAA6
:103C3000F40300AAE00313AAAEF8FF97E39340B998
:103C4000E79B40B9E6A740B97B03036BE5AF40B9FA
:103C500040ADFF545EFDFF179C0700112106805206
:103C6000F0FDFF17E1BB40B9C0068052E3031B2AF9
:103C7000E78F00B90000014BC600000BE700000B06
:103C800039FDFF17210B40B9E00313AA75F8FF9720
:103C9000FA0300AAA00A00B4221780B921430091B8
:103CA000004000914208009142F47ED325E3FF9743
:103CB000E1031AAAE00313AA2200805215FAFF9723
:103CC000E03F00F9FFFDFF17F70316AAF60300AA6D
:103CD000D8FDFF17E00316AA0028601E1020611E01
:103CE0000C0200540020611E41000054A101003765
:103CF000FC8B40B9F60300AACEFDFF17F70319AA03
:103D0000F93F40F969FEFF17F54B40F9F70319AA8F
:103D1000F93F40F920078052A01600386FFEFF17C8
:103D2000FC8B40B9F60317AAB8FDFF17C600150BA8
:103D3000E78F00B9A702070B0BFDFF175FE70071C4
:103D400040FEFF54E24B40F9F70319AAFC07512942
:103D5000E0A340B93F00007100C40011F93F40F9F1
:103D60001AC09A1A5A14003864FEFF17E00309AA11
:103D700026FFFF17E10319AAE00313AA03008052EC
:103D800042018052E57B00B9E49300B961F8FF97E6
:103D9000F5AB40B9F90300AAE49340B9BF02007142
:103DA00084D8407A21010054E57B40B9BAFDFF1761
:103DB00021CFFF549ACE073777FEFF174140601E90
:103DC000420080529FFCFF17F5AB40B942FDFF1740
:103DD000F70316AAF60309AA96FDFF175F00007104
:103DE0000CCCFF546CFEFF17030000D0000000D085
:103DF00063C0339100003691020080D2E15D8052B1
:103E00002CCDFF97030000D0000000D063C0339199
:103E100000003691020080D2E135805225CDFF9717
:103E2000FF7B00B923FCFF1700000000000000002A
:103E30000200669E1F0000B90402B01241F860D370
:103E400043FC60D33F00046BE80200542200022AC6
:103E5000A2020034040080527F286CF22101005439
:103E6000016AE8D22100679EA40680120008611E44
:103E70000100669E21FC60D3E303012A2178001231
:103E80000200669E63500112217C141363200B32E2
:103E900021F80F512100040B010000B9627C60B3CE
:103EA0004000679EC0035FD60000000000000000D5
:103EB000FD7BBEA9FD030091F35301A9740000909E
:103EC000F30300AA9FAA0EB9E003012AE10302AAA4
:103ED00030C0FF971F04003180000054F35341A904
:103EE000FD7BC2A8C0035FD681AA4EB981FFFF3413
:103EF000610200B9F35341A9FD7BC2A8C0035FD69C
:103F0000FD7BBEA9FD030091F35301A9740000904D
:103F1000F30300AA9FAA0EB9E003012A29C0FF9764
:103F20001F04003180000054F35341A9FD7BC2A857
:103F3000C0035FD681AA4EB981FFFF34610200B988
:103F4000F35341A9FD7BC2A8C0035FD60000000067
:103F5000FD7BBCA9FD030091F35301A9F403012AE1
:103F6000F30302AAF51300F9F50300AA4DE2FF9747
:103F70001F04007181000054800600511FF8037176
:103F8000A904005463A20291E203142AE1E3009120
:103F9000E00315AA57F6FF971F0400B10004005470
:103FA000C00100B4630E40B9E1E34039630400513D
:103FB000630E00B9A300F836642A40B97F00046B91
:103FC00024A84A7A40010054630240F96404009135
:103FD000640200F961000039F51340F9E003142A86
:103FE000F35341A9FD7BC4A8C0035FD6E20313AA23
:103FF000E00315AA370000941F040031E1FEFF54CE
:1040000000008012F35341A9F51340F9FD7BC4A8C9
:10401000C0035FD6F4E30039E3FFFF176022407965
:1040200000001A326022007900008012F6FFFF17AC
:10403000FD7BBDA9FD030091F35301A9F40300AA80
:1040400040B040B9F30302AA4220C07940000037D3
:1040500022034836C200683760B240B942001332CA
:10406000622200790000133260B200B9E00314AAA2
:10407000E20313AAB7FFFF97F403002A61B240B925
:104080006100003760224079A0004836E003142A1E
:10409000F35341A9FD7BC3A8C0035FD6605240F92A
:1040A00044F6FF97E003142AF35341A9FD7BC3A80C
:1040B000C0035FD6605240F9E12F00B939F6FF978F
:1040C0006222C079E12F40B9E3FFFF170000000032
:1040D000FD7BBDA9FD030091F35301A9F403012A5F
:1040E000F30302AAF55B02A9F50300AA600000B47D
:1040F000012440F9610800B46022C079612A40B906
:10410000610E00B9E0031836610E40F9A10300B456
:10411000961E0012941E001260046836600240F978
:10412000622240B9010001CB5F00016B0D05005414
:1041300021040011620E40B903040091630200F9EA
:1041400042040051620E00B916000039602240B9E5
:104150001F00016BA00400549F2A00716022407967
:10416000E1179F1A3F00006A01040054F55B42A961
:10417000E003142AF35341A9FD7BC3A8C0035FD613
:10418000E10313AAE00315AA96F6FF976003003532
:104190006022C079961E0012610E40F9941E001232
:1041A000E0FB6F3762B240B9000013326022007941
:1041B0004078121260B200B9600240F9622240B940
:1041C000010001CB5F00016B4CFBFF54E10313AA1C
:1041D000E00315AA43E3FF9700010035600240F9B0
:1041E00021008052D4FFFF17E10313AAE00315AAB0
:1041F0003CE3FF97C0FBFF3414008012DCFFFF1785
:10420000E8E3FF97BDFFFF1700000000000000007B
:10421000FD7BB8A9BF0000F1FD030091F35301A994
:10422000F40300AA00100591F55B02A9F60302AAA7
:10423000F50301AAF76303A9F70306AAF96B04A91A
:104240001900859AFB7305A95C0040F9010900B4C7
:10425000F30304AA840A00B47A0400D1430A00B428
:104260001B0080D2F53700F90A000014F50300B5F1
:10427000804740B8400600349F0013EB8209005489
:104280005A0700D1FB0304AA5F0700B1E001005404
:10429000E47240F9E30319AA820340B9E1C3019132
:1042A000380340F9E00314AA80003FD61F04003110
:1042B00020060054017C409324001B8B9F0013EBCD
:1042C00069FDFF54380300F9F35341A9E0031BAA29
:1042D000F55B42A9F76343A9F96B44A9FB7345A9B0
:1042E000FD7BC8A8C0035FD61F000071ED0100541C
:1042F000E23740F9270080D2430400D11F2003D5C4
:10430000E2C301913F0007EB4200078B42F05F38A8
:1043100062682738E704009141FFFF54E13740F914
:104320002040208BE03700F9C00240F900100091D6
:10433000C00200F9804740B800FAFF35550000B4CC
:10434000DF0200F93F0300B99B0400D1F35341A9F8
:10435000E0031BAAF55B42A9F76343A9F96B44A9E3
:10436000FB7345A9FD7BC8A8C0035FD613008092EC
:10437000BAFFFF1740118052800200B93F0300B915
:104380001B008092F35341A9E0031BAAF55B42A9ED
:10439000F76343A9F96B44A9FB7345A9FD7BC8A842
:1043A000C0035FD61B0080D2C8FFFF17FB0304AA1F
:1043B000C6FFFF1700000000000000000000000022
:1043C000000000F0060000F0C6402B91003C46F9CA
:1043D00090FFFF1700000000000000000000000038
:1043E000FD7BBEA90200669E0300AE9EFD03009108
:1043F000F30B00F904443BD5E00303AA61FC7FD32F
:1044000063F870D3E50301AA00BC7DD36704009173
:10441000261C0012E80301AA00F442AA41F07DD351
:10442000FF347FF220090054E77F87926300078BF7
:104430007FF81FF1ED02005484046AF2C0070054B3
:104440009F0050F1201500549F0060F1E0179F1A63
:10445000DF00006A010700549F0050F1C0150054AE
:104460009F0060F1E0179F1ADF00006A41060054C8
:104470001302F0928002805273FE05AACD000094D0
:104480006002679EF30B40F9FD7BC2A8C0035FD6B4
:104490007F0000F1AD0A0054FF1F02EB02008052C2
:1044A000E7079F9AE1F041AA211000AA3F0000F11E
:1044B000E0079F1A4000000A3F0840F2C015005470
:1044C00084046A929F0050F1400200549F0060F102
:1044D000000D0054840C00B5220C40925F1000F1D6
:1044E000A10A005421D843D363280012020080D2CD
:1044F0006012003422CC40B30003805262284CB3D7
:10450000C20041B3F30302AAAA000094DDFFFF1723
:10451000C50B00B5212000912200499220090035E9
:10452000620B00B4620400917FF81FF16111005426
:1045300044F9FFB5B30041D380028052732A4CB2D4
:104540009C000094CFFFFF17020001AA030200B5F0
:10455000B30041D362F9FFB484046A929F0050F122
:10456000E00C00549F0060F1600B00549F0000F1CC
:10457000A00080D201049F9A080080D221D843D3A2
:10458000082900120003805233000014220200B4F4
:10459000E2FF8FD201F0C19300FC72D37F0002EBE7
:1045A00021FC43D30000005221004DB200009F1AAD
:1045B000F3FF805233D013AA73FE05AA00F6FF352D
:1045C0006002679EF30B40F9FD7BC2A8C0035FD673
:1045D000B30041D3732A4CB26002679EF30B40F9DB
:1045E000FD7BC2A8C0035FD67FD000B16BFBFF5438
:1045F000A70780D2E80003CB00004DB21FFD00F1F9
:10460000EC040054680C0011E700034B22008052B8
:10461000030080D22920C89A3F0100F1E9079F9A40
:104620002124C79A210009AA0020C89A010001AAE2
:104630009FFFFF17211000912200499220F7FF34BD
:10464000420100B468040091010080D208290012E0
:104650000003805228D008AA13FD05AA5500009433
:1046600088FFFF1740010034E80303AAC4FFFF17C7
:1046700025F5FFB5C0000034E80303AAE30308AA48
:10468000E80303AABEFFFF1700FFFF3521D843D37D
:104690006828001200028052EFFFFF17620C011120
:1046A0001F0101F147008012E300034B0220C29A70
:1046B000220002AA4110819A0024C39A3F0000F10F
:1046C00022008052E1079F9A030080D2210000AAB5
:1046D00077FFFF17210080D225FDFFB4080080D2AC
:1046E000210180D2A6FFFF17650100B513FEEFD2AE
:1046F000800280522F00009462FFFF17210180D2B8
:10470000E5F3FFB4030080D2210080D2E80303AABE
:104710009BFFFF17BF0000F10002E09201FEEFD205
:104720000000679E2100679E80028052001C611E6F
:104730001300669E1F00009452FFFF1722CC40B367
:104740000002805262284CB3C20041B3F30302AAB4
:10475000180000944BFFFF170302FC9200028052E6
:10476000610C418A22D002AA53FC05AA11000094D0
:1047700044FFFF1721D843D373280012E00000350F
:10478000020080D222CC40B3622A4CB3C20041B3B3
:10479000F30302AA3BFFFF17802C0B5300701D533D
:1047A00085FFFF170000000000000000000000006F
:1047B000800000360104000F2018211E21443BD543
:1047C000A000083601102E1E0204000F2018221E21
:1047D00021443BD500011036C2B598520110B012E9
:1047E000A293AE722100271E4200271E2028221EFF
:1047F00021443BD5800018360144040F2008211EB7
:1048000021443BD5C00020360010B01202102E1EED
:104810000100271E2038221E20443BD5C0035FD64E
:10482000080000141F2003D590F0DF9010020891BB
:1048300000021FD600000000000000000000000081
:104840000D0A525F47544D5F4F70656E20415049CD
:10485000206661696C65640D0A00000000000000BC
:104860005B4552525D20496E2046756E6374696FD8
:104870006E3A2025730000000D0A525F47544D5FC9
:10488000436C6F736520415049206661696C6564B3
:104890000D0A0000000000000D0A525F47544D5FF2
:1048A000537461727420415049206661696C65647B
:1048B0000D0A0000000000000D0A47544D20546905
:1048C0006D657220537461727465642073756363DF
:1048D00065737366756C6C790D0000000000000054
:1048E0000A0D5265636569766572205461736B20A9
:1048F0003A204D65737361676520726563656976FB
:104900006564205375636365737366756C6C7900B9
:104910000A0D20202020446174612020203A2025A7
:104920006420200D0A2020202053656E64657220CB
:104930003A2025730D0A00000D0A2053656D617041
:10494000686F7265205461736B203A2053746172F2
:1049500074696E6720675F706572696F6469635F11
:1049600074696D65725F73656D2074696D65720041
:104970000D0A52657475726E6564204572726F72AD
:1049800020436F64653A20307825780D0A000000D6
:104990000D0A2053656D6170686F726520546173F4
:1049A0006B203A2057616974696E6720666F7220C8
:1049B00047544D2049535220746F2072656C6561D5
:1049C00073652073656D6170686F72650D0000001E
:1049D0000D0A2053656D6170686F726520546173B4
:1049E0006B203A2041637175697265642073656D4F
:1049F0006170686F72652073756363657373667544
:104A00006C6C790D000000000D0A53656D617068D3
:104A10006F7265205461736B203A2047544D2054C7
:104A2000696D657220436C6F736520415049206643
:104A300061696C65640D0A000D0A53656D617068EB
:104A40006F7265205461736B203A2047544D205497
:104A5000696D65722073746F7020415049206661E2
:104A6000696C65640D0A00000D0A53656D6170681C
:104A70006F7265205461736B203A2047544D207447
:104A8000696D65722073746F707065640D0000004D
:104A90000D0A53656D6170686F7265205461736BA8
:104AA000203A2053757370656E64696E6720536594
:104AB0006D6170686F7265205461736B0D0000004A
:104AC0000D0A53656D6170686F7265205461736B78
:104AD000203A204170706C69636174696F6E206563
:104AE0006E647320686572652E20526573746172FE
:104AF0007420746F2072756E207468652061707008
:104B00006C69636174696F6E20616761696E0D0025
:104B100053656E6465725F5461736B000000000042
:104B2000342E302E300000000D0A2A2A2A2A2A2A82
:104B30002A2A2A2A2A2A2A2A2A2A2A2A2A2A2A2AD5
:104B40002A2A2A2A2A2A2A2A2A2A2A2A2A2A2A2AC5
:104B50002A2A2A2A2A2A2A2A2A2A2A2A2A2A2A2AB5
:104B60002A2A2A2A2A2A2A2A2A2A2A2A2A2A2A2AA5
:104B70002A2A2A2A2A2A2A2A2A2A0D0A2A202020F0
:104B800052656E6573617320465350204578616DA0
:104B9000706C652050726F6A65637420666F722056
:104BA0004672656552544F53204D65737361676556
:104BB00020517565756520262053656D6170686F9D
:104BC0007265204D6F64756C6520202A0D0A2A20BD
:104BD00020204578616D706C652050726F6A656346
:104BE000742056657273696F6E2025732020202013
:104BF00020202020202020202020202020202020B5
:104C000020202020202020202020202020202020A4
:104C1000202020202020202020202A0D0A2A2020A9
:104C200020466C657820536F6674776172652050FA
:104C300061636B2056657273696F6E2025642E2543
:104C4000642E2564202020202020202020202020C9
:104C50002020202020202020202020202020202054
:104C60002020202020202020202020202020202A3A
:104C70000D0A2A2A2A2A2A2A2A2A2A2A2A2A2A2AD1
:104C80002A2A2A2A2A2A2A2A2A2A2A2A2A2A2A2A84
:104C90002A2A2A2A2A2A2A2A2A2A2A2A2A2A2A2A74
:104CA0002A2A2A2A2A2A2A2A2A2A2A2A2A2A2A2A64
:104CB0002A2A2A2A2A2A2A2A2A2A2A2A2A2A2A2A54
:104CC0002A2A0D0A526566657220746F207265612A
:104CD000646D652E7478742066696C6520666F72E9
:104CE000206D6F72652064657461696C73206F6EEE
:104CF000204578616D706C652050726F6A656374D1
:104D000020616E640D0A46535020557365722773F7
:104D1000204D616E75616C20666F72206D6F7265DB
:104D200020696E666F726D6174696F6E2061626F6B
:104D30007574204672656552544F53204D657373E8
:104D400061676520517565756520262053656D6125
:104D500070686F7265206472697665720D0A000072
:104D60000D0A4D6573736167657320617265207309
:104D70006861726564206265747765656E2053654D
:104D80006E6465725F5461736B2C204953522061CD
:104D90006E642052656365697665725F5461736BFA
:104DA00020666F722074686520666972737420666D
:104DB0006577207365636F6E64732E0D0A4C6174A2
:104DC00065722C2053656E64657220616E6420529A
:104DD00065636569766572205461736B73207769CA
:104DE0006C6C2062652073757370656E64656420F9
:104DF00074696D65722077696C6C206265207374CC
:104E00006F707065642E2053656D6170686F726598
:104E10002069732061637175697265640D0A616E42
:104E2000642072656C656173656420626574776582
:104E3000656E2053656D6170686F72652054617393
:104E40006B20616E642049535220666F7220746833
:104E500065206E65787420666577207365636F6E74
:104E6000647320616E642053656D6170686F726554
:104E7000205461736B2069732073757370656E6461
:104E800065642E0D0A546F2072657374617274200C
:104E9000746865206170706C69636174696F6E2CF1
:104EA00020706F776572206379636C652074686524
:104EB00020626F6172642E000D0A2053656E646576
:104EC000725F5461736B203A205374617274696E1F
:104ED0006720675F706572696F6469635F74696D8D
:104EE00065725F6D7367712074696D657200000093
:104EF0000A0D2053656E6465725F5461736B203ACE
:104F0000204D65737361676520706F7374656420ED
:104F10006F6E205175657565207375636365737376
:104F200066756C6C790000000A0D2053656E64652F
:104F3000725F5461736B203A20476F696E67206F10
:104F40006E2064656C617920666F72203530306D3B
:104F500073000000000000000A0D2053656E6465B8
:104F6000725F5461736B203A2041667465722064ED
:104F7000656C6179206F66203530306D730D0000EF
:104F80000D0A53656E6465725F5461736B203A203D
:104F90004D65737361676520517565756520726530
:104FA0007365740D000000000D0A53656E64657230
:104FB0005F5461736B203A2047544D2054696D65EE
:104FC0007220436C6F736520415049206661696CA3
:104FD00065640D0A000000000D0A53656E64657279
:104FE0005F5461736B203A2047544D2054696D65BE
:104FF000722073746F7020415049206661696C653E
:10500000640D0A00000000000D0A53656E646572AD
:105010005F5461736B203A2047544D2074696D656D
:10502000722073746F707065640D000000000000E2
:105030000A0D53656E6465725F5461736B203A208C
:105040005265636569766572205461736B20537590
:105050007370656E6465640A0D0000000000000056
:105060000A0D53656E6465725F5461736B203A205C
:1050700053656D6170686F7265205461736B205267
:105080006573756D65640D000A0D53656E64657218
:105090005F5461736B203A2053757370656E646959
:1050A0006E672053656E646572205461736B0D00EA
:1050B00047544D2043616C6C6261636B00000000DB
:1050C0005265636569766572205461736B000000F8
:1050D00053656D6170686F7265205461736B000079
:1050E00053656E646572205461736B0000000000AC
:1050F000756C41505352203D3D2028285374616304
:105100006B547970655F7429203078306329000012
:105110002E2E2F727A2F6673702F7372632F726D1B
:105120005F6672656572746F735F706F72742F6300
:105130006135352F706F72742E630000000000001F
:10514000756C6C506F7274496E74657272757074A0
:105150004E657374696E67203D3D2030000000008D
:10516000756C6C52756E6E696E67496E746572729D
:105170007570745072696F72697479203D3D202892
:105180002828282875696E7433325F7429202833E3
:10519000322929202D2031554C29202D2031554CE4
:1051A00029203C3C2033290028756C4D61736B42EB
:1051B0006974732026202830783430292920213D35
:1051C0002030000000000000756C6C52756E6E6936
:1051D0006E67496E746572727570745072696F7221
:1051E000697479203E3D2028282831372929203C20
:1051F0003C203329000000002820282075696E74A7
:10520000385F74202A20292028207078426C6F6330
:105210006B2029203E3D202628207563486561705B
:105220005B2030205D2029202920262620282028C8
:105230002075696E74385F74202A20292028207018
:1052400078426C6F636B2029203C3D202628207516
:1052500063486561705B20283831393229202D2060
:1052600031205D20292029002E2E2F727A2F617780
:10527000732F4672656552544F532D4B65726E65A0
:105280006C2F706F727461626C652F4D656D4D612E
:105290006E672F686561705F342E63000000000048
:1052A0002820282075696E74385F74202A202920F0
:1052B0002820707652657475726E2029203E3D203C
:1052C0002628207563486561705B2030205D2029A9
:1052D0002029202626202820282075696E74385F12
:1052E00074202A2029202820707652657475726EE9
:1052F0002029203C3D202628207563486561705B8D
:1053000020283831393229202D2031205D202920D4
:105310002900000000000000282028207078426C3E
:105320006F636B2D3E78426C6F636B53697A6520B7
:1053300029203C2028207857616E74656453697A6F
:105340006520292029203D3D20300000000000007C
:1053500028202820282073697A655F74202920700E
:10536000784E6577426C6F636B4C696E6B202920B9
:105370002620282030783030306620292029203D12
:105380003D203000000000002820282028207369DC
:105390007A655F74202920707652657475726E206C
:1053A00029202620282073697A655F742029202807
:1053B0002030783030306620292029203D3D2030B3
:1053C00000000000000000002820282075696E748D
:1053D000385F74202A202920282070784C696E6B51
:1053E0002029203E3D202628207563486561705B9A
:1053F0002030205D20292029202626202820282032
:1054000075696E74385F74202A20292028207078EE
:105410004C696E6B2029203C3D202628207563486E
:105420006561705B20283831393229202D203120E8
:105430005D202920290000002820282028207078BD
:105440004C696E6B2D3E78426C6F636B53697A6565
:10545000202920262028202820282073697A655FAB
:1054600074202920312029203C3C2028202820732A
:10547000697A656F66282073697A655F74202920D0
:105480002A202820282073697A655F742029203813
:1054900020292029202D20312029202920292021C0
:1054A0003D2030202920213D203000000000000058
:1054B00070784C696E6B2D3E70784E6578744672CC
:1054C0006565426C6F636B203D3D202828766F69CF
:1054D00064202A29302900002820282075696E744C
:1054E000385F74202A20292028207078497465723A
:1054F00061746F722029203E3D2026282075634864
:105500006561705B2030205D20292029202626201F
:105510002820282075696E74385F74202A2029207D
:10552000282070784974657261746F722029203C5C
:105530003D202628207563486561705B202838313E
:10554000393229202D2031205D202920290000001A
:105550002820757842697473546F436C65617220BA
:1055600026202820282075696E7433325F74202924
:105570002030786666303030303030552029202990
:10558000203D3D20300000002E2E2F727A2F6177B3
:10559000732F4672656552544F532D4B65726E657D
:1055A0006C2F6576656E745F67726F7570732E63AE
:1055B0000000000000000000784576656E744772B8
:1055C0006F757000000000002820757842697473C0
:1055D000546F57616974466F722026202820282056
:1055E00075696E7433325F742029203078666630B6
:1055F00030303030305520292029203D3D203000EA
:10560000757842697473546F57616974466F72207C
:10561000213D2030000000002128202820785461FE
:10562000736B4765745363686564756C6572537416
:105630006174652829203D3D20282028204261737F
:1056400065547970655F7420292030202920292035
:105650002626202820785469636B73546F5761693C
:105660007420213D20302029202900000000000066
:105670002820757842697473546F5365742026200E
:105680002820282075696E7433325F7420292030F9
:105690007866663030303030305520292029203D62
:1056A0003D203000000000007851756575650000F0
:1056B0002E2E2F727A2F6177732F467265655254A2
:1056C0004F532D4B65726E656C2F71756575652E28
:1056D000630000000000000070785175657565007A
:1056E0007852657475726E20213D2028202820286C
:1056F0002042617365547970655F742029203020E1
:1057000029202900000000007078537461746963D7
:1057100051756575650000007853697A65203D3DD7
:105720002073697A656F66282051756575655F74A9
:10573000202900000000000070784E6577517565E3
:1057400075650000000000007848616E646C6500BB
:10575000212820282070764974656D546F51756535
:105760007565203D3D202828766F6964202A293000
:1057700029202920262620282070785175657565F6
:105780002D3E75784974656D53697A6520213D20F9
:1057900028205542617365547970655F7420292013
:1057A0003055202920290000212820282078436F07
:1057B0007079506F736974696F6E203D3D202820A9
:1057C000282042617365547970655F742029203206
:1057D00020292029202626202820707851756575DB
:1057E000652D3E75784C656E67746820213D2031CB
:1057F000202920290000000028206354784C6F6382
:105800006B202920213D2028202820696E74385FD4
:1058100074202920313237202900000000000000C8
:10582000707851756575652D3E75784974656D5351
:10583000697A65203D3D2030000000000000000036
:105840002128202820707851756575652D3E70637C
:1058500048656164203D3D202828766F6964202AD0
:105860002930292029202626202820707851756586
:1058700075652D3E752E7853656D6170686F726524
:105880002E784D75746578486F6C64657220213D83
:10589000202828766F6964202A2930292029202988
:1058A0000000000000000000282070785175657528
:1058B00065202900000000002128202820282070D1
:1058C000764275666665722029203D3D202828763F
:1058D0006F6964202A2930292029202626202820A3
:1058E00028207078517565756520292D3E75784999
:1058F00074656D53697A6520213D202820554261E9
:105900007365547970655F742029203055202920F3
:105910002900000000000000785461736B00000053
:105920002E2E2F727A2F6177732F4672656552542F
:105930004F532D4B65726E656C2F7461736B732EB4
:10594000630000000000000075785072696F726992
:105950007479203C20283529000000000000000058
:1059600070785443422D3E7563537461746963616A
:105970006C6C79416C6C6F6361746564203D3D2093
:105980002820282075696E74385F74202920322001
:1059900029000000000000002820282028202820BE
:1059A000707844656C617965645461736B4C69739C
:1059B0007420292D3E75784E756D6265724F66496B
:1059C00074656D73203D3D202820554261736554F8
:1059D0007970655F74202920302029203F202820FD
:1059E000282042617365547970655F7420292031E5
:1059F0002029203A2028202820426173655479709C
:105A0000655F7420292030202920292029000000EA
:105A1000707578537461636B427566666572202198
:105A20003D202828766F6964202A2930290000004B
:105A300070785461736B42756666657220213D20F3
:105A40002828766F6964202A293029000000000088
:105A50007853697A65203D3D2073697A656F6628C1
:105A6000205443425F742029000000000000000021
:105A700075785363686564756C657253757370658A
:105A80006E646564203D3D20300000000000000091
:105A90007078544342000000785461736B546F5225
:105AA0006573756D650000007852657475726E20BF
:105AB000213D2028202D3120290000000000000079
:105AC00075785363686564756C657253757370653A
:105AD0006E64656420213D20305500000000000008
:105AE000707850726576696F757357616B6554692C
:105AF0006D6500000000000028207854696D65493C
:105B00006E6372656D656E74203E203055202900ED
:105B100075785363686564756C65725375737065E9
:105B20006E646564203D3D2031550000000000009A
:105B30007578546F705072696F72697479000000E3
:105B400070784576656E744C6973740000000000CF
:105B500075785363686564756C65725375737065A9
:105B60006E64656420213D20282055426173655490
:105B70007970655F74202920305500000000000016
:105B80007078556E626C6F636B65645443420000BD
:105B9000707854696D654F75740000000000000056
:105BA00070785469636B73546F57616974000000B7
:105BB000546D72510000000028207854696D6572A0
:105BC000506572696F64496E5469636B73203E203F
:105BD00030202900000000002E2E2F727A2F6177CE
:105BE000732F4672656552544F532D4B65726E6527
:105BF0006C2F74696D6572732E63000000000000E5
:105C00002820707854696D65722D3E7854696D65F1
:105C100072506572696F64496E5469636B73203E9C
:105C20002030202900000000546D7220537663005C
:105C30007852657475726E002E000000000000003E
:105C40004C435F434F4C4C41544500000000000062
:105C50004C435F43545950450000000000000000D1
:105C60004C435F4D4F4E45544152590000000000D7
:105C70004C435F4E554D4552494300000000000023
:105C80004C435F54494D45004C435F4D4553534190
:105C90004745530000000000494E46000000000048
:105CA000696E6600000000004E414E0000000000DA
:105CB0006E616E000000000030313233343536370B
:105CC000383961626364656600000000000000000E
:105CD0003031323334353637383941424344454622
:105CE0000000000000000000286E756C6C290000A8
:105CF00042616C6C6F632073756363656564656492
:105D000000000000000000002F646174612F6A65CC
:105D10006E6B696E732F776F726B73706163652F33
:105D2000474E552D746F6F6C636861696E2F617299
:105D30006D2D31332F7372632F6E65776C69622D11
:105D400063796777696E2F6E65776C69622F6C690E
:105D500062632F7374646C69622F6D707265632E59
:105D60006300000000000000496E66696E69747986
:105D700000000000000000004E614E000000000026
:105D80002F646174612F6A656E6B696E732F776F14
:105D9000726B73706163652F474E552D746F6F6C16
:105DA000636861696E2F61726D2D31332F73726379
:105DB0002F6E65776C69622D63796777696E2F6ED8
:105DC00065776C69622F6C6962632F7374646C69A8
:105DD000622F64746F612E630000000000000000F9
:105DE00000000000000000000000000000000000B3
:105DF000000020000000000040070000000000003C
:105E00000000200000000000000020000000000052
:105E10000000E00F00000000000000000000000093
:105E20000000001000000000000000100000000052
:105E30000000001000000000440700000000000007
:105E40000000002000000000000000200000000012
:105E500000000010000000004007000000000000EB
:105E600000000030000000000000002000000000E2
:105E700000000010000000004807000000000000C3
:105E80000000004000000000000000400000000092
:105E9000000000400000000040070000000000007B
:105EA0000000008000000000000000400000000032
:105EB0000000004000000000480700000000000053
:105EC000000000C000000000000000C00000000052
:105ED0000000004000000000000000000000000082
:105EE000FFFFFFFF00000000FFFFFFFF00000000BA
:105EF000FFFFFFFF00000000FFFFFFFF00000000AA
:105F000028BD21400000000018BD21400000000015
:105F100000BD214000000000000000000000000063
:105F2000000000009F86010000000000000000004B
:105F3000001E00004E0000000000000000000000F5
:105F40000000000000000000505F21400000000041
:105F5000000000000000000000108012000000009F
:105F600000000000FFE0F505000000000000000058
:105F7000011200004F0000004037204000000000E8
:105F80000000000000000000905F214000000000C1
:105F9000000000000000000000148012000000005B
:105FA00000000000FFE0F505000000000000000018
:105FB000011200004F0000004033204000000000AC
:105FC0000000000000000000D05F21400000000041
:105FD000000000000000000000148012000000001B
:105FE000E8BD214000000000F85F214000000000F3
:105FF000C06121400000000000000000020000001D
:106000000000000000000000180000009E010000D9
:10601000180000009F01000018000000A00100000F
:10602000180000009C0100000000000000000000BB
:106030000000000000000000303B20400000000095
:10604000000000000000000050602140000000003F
:10605000180000009D01000000000000000000008A
:10606000506A21400000000003000000060000000C
:106070000000000000000000000000000000000020
:10608000FFFF00000000000000B804100000000046
:1060900000C92140000000000020000000000000B6
:1060A00000000000000000000000000000000000F0
:1060B0000D00000000000000D06021400000000042
:1060C000005F214000000000000000000000000010
:1060D000000C030100150000000C03010115000075
:1060E000080802000119000000040300000000007D
:1060F000000403000100000000040300020000008F
:106100000808020003000000080802000400000064
:10611000000403000500000000040300010100006A
:10612000000403000201000000040300030100005A
:10613000000404000002FFFF000000000000000057
:10614000000000000000000000000000000000004F
:1061500076506F727456616C6964617465496E74CF
:106160006572727570745072696F7269747900002B
:106170004672656552544F535F5469636B5F486163
:106180006E646C657200000076506F7274456E74B8
:106190006572437269746963616C000000000000FD
:1061A00078506F7274537461727453636865647568
:1061B0006C65720000000000880000000000000014
:1061C0004052204000000000F0512040000000003C
:1061D000A04F2040000000002050204000000000A0
:1061E000804D204000000000904E20400000000044
:1061F000504B204000000000A05020400000000054
:10620000C04D204000000000904B204000000000E6
:10621000E051204000000000E06620400000000047
:106220007065204000000000B065204000000000C4
:10623000F065204000000000906B2040000000004E
:10624000A06B204000000000A0662040000000007D
:106250000066204000000000806B2040000000002D
:10626000006A20400000000050662040000000004E
:106270001066204000000000706A2040000000000E
:10628000707276496E73657274426C6F636B496E9F
:10629000746F467265654C697374000000000000FD
:1062A00076506F7274467265650000000000000051
:1062B0007076506F72744D616C6C6F6300000000FB
:1062C000784576656E7447726F7570536574426970
:1062D0007473000000000000784576656E744772A4
:1062E0006F75705761697442697473000000000033
:1062F000765175657565416464546F52656769735D
:1063000074727900000000007851756575655365F9
:106310006D6170686F726554616B6500000000000C
:10632000785175657565526563656976650000002D
:106330007851756575654769766546726F6D495325
:1063400052000000000000007851756575654765D2
:106350006E6572696353656E6446726F6D49535220
:106360000000000000000000785175657565476504
:106370006E6572696353656E640000000000000082
:10638000785175657565437265617465436F756EA7
:1063900074696E6753656D6170686F72655374617F
:1063A0007469630000000000785175657565476584
:1063B0006E65726963437265617465000000000078
:1063C00078517565756547656E6572696343726579
:1063D000617465537461746963000000000000001B
:1063E00078517565756547656E6572696352657349
:1063F0006574000000000000785461736B436865A9
:10640000636B466F7254696D654F757400000000D0
:10641000765461736B52656D6F766546726F6D551C
:106420006E6F7264657265644576656E744C6973EF
:106430007400000000000000785461736B52656DB9
:106440006F766546726F6D4576656E744C697374D0
:106450000000000000000000765461736B506C6116
:1064600063654F6E4576656E744C697374526573DF
:106470007472696374656400765461736B506C6107
:1064800063654F6E556E6F726465726564457665BF
:106490006E744C6973740000765461736B506C6158
:1064A00063654F6E4576656E744C697374000000C9
:1064B000765461736B537769746368436F6E746568
:1064C0007874000000000000785461736B496E63BB
:1064D00072656D656E745469636B000000000000A6
:1064E000785461736B526573756D65416C6C000017
:1064F000765461736B537461727453636865647529
:106500006C65720000000000765461736B52657315
:10651000756D650000000000765461736B537573F0
:1065200070656E6400000000655461736B476574AC
:106530005374617465000000765461736B44656C3C
:106540006179000000000000785461736B44656C51
:106550006179556E74696C0070727644656C65740F
:106560006554434200000000707276496E69746998
:10657000616C6973654E65775461736B0000000050
:1065800070727643726561746553746174696354A3
:1065900061736B00000000000400000000000000B8
:1065A00070727650726F6365737352656365697656
:1065B0006564436F6D6D616E6473000000000000E0
:1065C0007854696D657243726561746554696D656F
:1065D000725461736B0000000000000000000000B6
:1065E0000900000000000000090000000000000099
:1065F0000020202020202020202028282828282093
:10660000202020202020202020202020202020208A
:1066100020881010101010101010101010101010F2
:1066200010040404040404040404041010101010E2
:1066300010104141414141410101010101010101AC
:1066400001010101010101010101010110101010FE
:10665000101042424242424202020202020202027E
:1066600002020202020202020202020210101010D2
:1066700020000000000000000000000000000000FA
:10668000000000000000000000000000000000000A
:1066900000000000000000000000000000000000FA
:1066A00000000000000000000000000000000000EA
:1066B00000000000000000000000000000000000DA
:1066C00000000000000000000000000000000000CA
:1066D00000000000000000000000000000000000BA
:1066E00000000000000000000000000000000000AA
:1066F0000000000023030000000020030000000051
:1067000000000B03000000000003FC020000E50293
:10671000E8020000A7035700570057005700570032
:10672000570057005700570000000000000000000D
:10673000000000000000330200009D028F033302BE
:106740003302330200000000000000004F0300008D
:1067500000002903000000000000B70200005203FF
:1067600000000000290500000000000000000000FB
:10677000000000000000330200009D02D00433023C
:10678000330233026603D00462010000610300009B
:10679000820343056E036B030000B7026201240508
:1067A000000000003B050000620100000000000046
:1067B00030303030303030303030303030303030D9
:1067C00020202020202020202020202020202020C9
:1067D00005000000190000007D000000000000001E
:1067E0000080E03779C34143176E05B5B5B89346CD
:1067F000F5F93FE9034F384D321D30F94877825A99
:106800003CBF737FDD4F15750000000000000000E5
:10681000000000000000F03F0000000000002440E5
:1068200000000000000059400000000000408F40C0
:10683000000000000088C34000000000006AF8402B
:106840000000000080842E4100000000D01263414F
:106850000000000084D797410000000065CDCD41C5
:10686000000000205FA00242000000E876483742A6
:10687000000000A2941A6D42000040E59C30A24244
:106880000000901EC4BCD64200003426F56B0C43B9
:106890000080E03779C3414300A0D8855734764360
:1068A00000C84E676DC1AB43003D9160E458E143C1
:1068B000408CB5781DAF154450EFE2D6E41A4B4436
:1068C00092D54D06CFF08044F64AE1C7022DB5447B
:1068D000B49DD9794378EA44010000000200000029
:1068E000000000000100000061436F63A787D23FF2
:1068F000B3C8608B288AC63FFB799F501344D33FAF
:106900001000000000000000017A520004781E010F
:106910001B0C1F001000000018000000E455FFFFD2
:106920003001000000000000100000000000000026
:10693000017A520004781E011B0C1F001000000099
:1069400018000000FC5FFFFF2C02000000000000A8
:106950001000000000000000017A520004781E01BF
:106960001B0C1F001000000018000000D468FFFF7F
:106970000401000000000000100000000000000002
:10698000017A520004781E011B0C1F001000000049
:106990001800000000000000CC0000000000000013
:1069A0001000000000000000017A520004781E016F
:1069B0001B0C1F0010000000180000000000000069
:1069C0003401000000000000100000000000000082
:1069D000017A520004781E011B0C1F0010000000F9
:1069E00018000000000000002C0100000000000062
:1069F0001000000000000000017A520004781E011F
:106A00001B0C1F0010000000180000000000000018
:106A1000B4010000000000001000000000000000B1
:106A2000017A520004781E011B0C1F0010000000A8
:106A300018000000CCB0FFFFDC00000000000000E8
:106A4000C800000000000000B0502140000000001D
:106A500004350000000000000F27000000000000C7
:106A60000000000000000000000000000000000026
:106A70000000000000000000000000000000000016
:106A80000000000000000000000000000000000006
:106A900000000000000000000000000000000000F6
:106AA00000000000000000000000000000000000E6
:106AB00000000000000000000000000000000000D6
:106AC00000000000000000000000000000000000C6
:106AD00000000000000000000000000000000000B6
:106AE00000000000000000000000000000000000A6
:106AF0000000000000000000000000000000000096
:106B00000000000000000000000000000000000085
:106B10000000000000000000000000000000000075
:106B20000000000000000000000000000000000065
:106B30000000000000000000000000000000000055
:106B40000000000002000000000000000000000043
:106B50000000000000000000000000000000000035
:106B60000000000000000000020000000200000021
:106B7000020000000200000002000000020000000D
:106B80000000000000000000000000000000000005
:106B900000000000000000000200000002000000F1
:106BA00002000000000000000000000000000000E3
:106BB00000000000000000000000000000000000D5
:106BC00000000000000000000000000000000000C5
:106BD00000000000000000000000000000000000B5
:106BE00000000000000000000000000000000000A5
:106BF0000000000000000000000000000000000095
:106C00000000000000000000000000000000000084
:106C10000000000000000000000000000000000074
:106C20000000000000000000000000000000000064
:106C30000000000000000000000000000000000054
:106C40000000000000000000000000000000000044
:106C50000000000000000000000000000000000034
:106C60000000000000000000000000000000000024
:106C70000200000000000000000000000000000012
:106C80000000000000000000000000000000000004
:106C900002000000020000000200000002000000EC
:106CA00002000000020000000200000002000000DC
:106CB00002000000020000000200000002000000CC
:106CC00002000000020000000200000002000000BC
:106CD00002000000020000000200000002000000AC
:106CE000020000000200000002000000020000009C
:106CF000020000000200000002000000020000008C
:106D0000020000000200000002000000020000007B
:106D1000020000000200000000000000000000006F
:106D20000000000000000000000000000000000063
:106D30000000000000000000000000000000000053
:106D40000000000000000000000000000000000043
:106D50000000000000000000000000000000000033
:106D60000000000000000000000000000000000023
:106D70000000000000000000000000000000000013
:106D800000000000000000000200000002000000FF
:106D900002000000020000000200000002000000EB
:106DA00002000000020000000200000002000000DB
:106DB00002000000020000000200000002000000CB
:106DC00002000000020000000200000002000000BB
:106DD00002000000020000000200000002000000AB
:106DE000020000000200000002000000020000009B
:106DF000020000000200000002000000020000008B
:106E0000020000000200000002000000020000007A
:106E1000020000000200000002000000020000006A
:106E2000020000000200000002000000020000005A
:106E3000020000000200000000000000000000004E
:106E40000000000000000000000000000000000042
:106E50000000000000000000000000000000000032
:106E60000000000000000000000000000000000022
:106E70000000000000000000000000000000000012
:106E80000000000000000000000000000000000002
:106E900000000000000000000000000000000000F2
:106EA00000000000000000000000000000000000E2
:106EB00000000000000000000000000000000000D2
:106EC00000000000000000000000000000000000C2
:106ED00000000000000000000000000000000000B2
:106EE00000000000000000000000000000000000A2
:106EF0000000000000000000000000000000000092
:106F00000000000000000000000000000000000081
:106F10000000000000000000000000000000000071
:106F20000000000000000000000000000000000061
:106F30000000000000000000000000000000000051
:106F40000000000000000000000000000000000041
:106F50000000000000000000000000000000000031
:106F60000000000000000000000000000000000021
:106F70000000000000000000000000000000000011
:106F80000000000000000000000000000000000001
:106F900000000000000000000000000000000000F1
:106FA00000000000000000000000000000000000E1
:106FB00000000000000000000000000000000000D1
:106FC00000000000000000000000000000000000C1
:106FD00000000000000000000000000000000000B1
:106FE00000000000000000000000000000000000A1
:106FF000000000000000000000000000020000008F
:10700000020000000000000000000000000000007E
:107010000000000000000000000000000000000070
:107020000000000000000000000000000000000060
:10703000000000000000000002000000020000004C
:107040000000000000000000000000000000000040
:10705000020000000200000000000000000000002C
:107060000000000000000000000000000000000020
:10707000020000000200000000000000000000000C
:107080000000000000000000000000000000000000
:1070900000000000000000000000000000000000F0
:1070A00000000000000000000000000000000000E0
:1070B00000000000000000000000000000000000D0
:1070C00000000000000000000000000000000000C0
:1070D00000000000000000000000000000000000B0
:1070E00000000000000000000000000000000000A0
:1070F0000000000000000000000000000000000090
:10710000000000000000000000000000000000007F
:10711000000000000000000000000000000000006F
:10712000000000000000000000000000000000005F
:10713000000000000000000002000000020000004B
:10714000000000000000000002000000020000003B
:10715000000000000000000000000000000000002F
:10716000000000000000000000000000000000001F
:10717000000000000000000000000000000000000F
:1071800000000000000000000000000000000000FF
:1071900000000000000000000200000002000000EB
:1071A00002000000020000000200000002000000D7
:1071B00002000000020000000200000002000000C7
:1071C00000000000000000000000000000000000BF
:1071D00000000000000000000000000000000000AF
:1071E000000000000000000000000000000000009F
:1071F000000000000000000000000000000000008F
:10720000000000000000000000000000000000007E
:10721000000000000000000000000000000000006E
:10722000000000000000000000000000000000005E
:10723000000000000000000000000000000000004E
:10724000000000000000000000000000000000003E
:10725000000000000000000000000000000000002E
:1072600000CA9A3B00C2EB0B0008AF2FD03BF107DE
:10727000E89DF80300000000000000000084D7171C
:107280000000000000C2EB0BA077E20F3A5F100491
:107290000000000000B4C40400E1F50500E1F505BC
:1072A00000C2EB0B00E1F5050084D71700366E0134
:1072B000FFFFFFFFFFFFFFFF0000020000000000D4
:1072C00000000000000000000000000000000000BE
:1072D000C072214000000000C07221400000000088
:1072E000D072214000000000D07221400000000058
:1072F000E072214000000000E07221400000000028
:10730000F072214000000000F072214000000000F7
:1073100000732140000000000073214000000000C5
:107320001073214000000000107321400000000095
:107330002073214000000000207321400000000065
:107340003073214000000000307321400000000035
:107350004073214000000000407321400000000005
:1073600050732140000000005073214000000000D5
:1073700060732140000000006073214000000000A5
:107380007073214000000000707321400000000075
:107390008073214000000000807321400000000045
:1073A0009073214000000000907321400000000015
:1073B000A073214000000000A073214000000000E5
:1073C000B073214000000000B073214000000000B5
:1073D000C073214000000000C07321400000000085
:1073E000D073214000000000D07321400000000055
:1073F000E073214000000000E07321400000000025
:10740000F073214000000000F073214000000000F4
:1074100000742140000000000074214000000000C2
:107420001074214000000000107421400000000092
:107430002074214000000000207421400000000062
:107440003074214000000000307421400000000032
:107450004074214000000000407421400000000002
:1074600050742140000000005074214000000000D2
:1074700060742140000000006074214000000000A2
:107480007074214000000000707421400000000072
:107490008074214000000000807421400000000042
:1074A0009074214000000000907421400000000012
:1074B000A074214000000000A074214000000000E2
:1074C000B074214000000000B074214000000000B2
:1074D000C074214000000000C07421400000000082
:1074E000D074214000000000D07421400000000052
:1074F000E074214000000000E07421400000000022
:10750000F074214000000000F074214000000000F1
:1075100000752140000000000075214000000000BF
:10752000107521400000000010752140000000008F
:10753000207521400000000020752140000000005F
:10754000307521400000000030752140000000002F
:1075500040752140000000004075214000000000FF
:1075600050752140000000005075214000000000CF
:10757000607521400000000060752140000000009F
:10758000707521400000000070752140000000006F
:10759000807521400000000080752140000000003F
:1075A000907521400000000090752140000000000F
:1075B000A075214000000000A075214000000000DF
:1075C000B075214000000000B075214000000000AF
:1075D000C075214000000000C0752140000000007F
:1075E000D075214000000000D0752140000000004F
:1075F000E075214000000000E0752140000000001F
:10760000F075214000000000F075214000000000EE
:1076100000762140000000000076214000000000BC
:10762000107621400000000010762140000000008C
:10763000207621400000000020762140000000005C
:10764000307621400000000030762140000000002C
:1076500040762140000000004076214000000000FC
:1076600050762140000000005076214000000000CC
:10767000607621400000000060762140000000009C
:10768000707621400000000070762140000000006C
:10769000807621400000000080762140000000003C
:1076A000907621400000000090762140000000000C
:1076B000A076214000000000A076214000000000DC
:1076C000B076214000000000B076214000000000AC
:1076D000C076214000000000C0762140000000007C
:1076E000D076214000000000D0762140000000004C
:1076F000E076214000000000E0762140000000001C
:10770000F076214000000000F076214000000000EB
:1077100000772140000000000077214000000000B9
:107720001077214000000000107721400000000089
:107730002077214000000000207721400000000059
:107740003077214000000000307721400000000029
:1077500040772140000000004077214000000000F9
:1077600050772140000000005077214000000000C9
:107770006077214000000000607721400000000099
:107780007077214000000000707721400000000069
:107790008077214000000000807721400000000039
:1077A0009077214000000000907721400000000009
:1077B000A077214000000000A077214000000000D9
:1077C000B077214000000000B077214000000000A9
:1077D000C077214000000000C07721400000000079
:1077E000D077214000000000D07721400000000049
:1077F000E077214000000000E07721400000000019
:10780000F077214000000000F077214000000000E8
:1078100000782140000000000078214000000000B6
:107820001078214000000000107821400000000086
:107830002078214000000000207821400000000056
:107840003078214000000000307821400000000026
:1078500040782140000000004078214000000000F6
:1078600050782140000000005078214000000000C6
:107870006078214000000000607821400000000096
:107880007078214000000000707821400000000066
:107890008078214000000000807821400000000036
:1078A0009078214000000000907821400000000006
:1078B000A078214000000000A078214000000000D6
:1078C000B078214000000000B078214000000000A6
:1078D000C078214000000000C07821400000000076
:1078E000D078214000000000D07821400000000046
:1078F000E078214000000000E07821400000000016
:10790000F078214000000000F078214000000000E5
:1079100000792140000000000079214000000000B3
:107920001079214000000000107921400000000083
:107930002079214000000000207921400000000053
:107940003079214000000000307921400000000023
:1079500040792140000000004079214000000000F3
:1079600050792140000000005079214000000000C3
:107970006079214000000000607921400000000093
:107980007079214000000000707921400000000063
:107990008079214000000000807921400000000033
:1079A0009079214000000000907921400000000003
:1079B000A079214000000000A079214000000000D3
:1079C000B079214000000000B079214000000000A3
:1079D000C079214000000000C07921400000000073
:1079E000D079214000000000D07921400000000043
:1079F000E079214000000000E07921400000000013
:107A0000F079214000000000F079214000000000E2
:107A1000007A214000000000007A214000000000B0
:107A2000107A214000000000107A21400000000080
:107A3000207A214000000000207A21400000000050
:107A4000307A214000000000307A21400000000020
:107A5000407A214000000000407A214000000000F0
:107A6000507A214000000000507A214000000000C0
:107A7000607A214000000000607A21400000000090
:107A8000707A214000000000707A21400000000060
:107A9000807A214000000000807A21400000000030
:107AA000907A214000000000907A21400000000000
:107AB000A07A214000000000A07A214000000000D0
:107AC000B07A214000000000B07A214000000000A0
:107AD0004300000000000000000000000000000063
:107AE0000000000000000000000000000000000096
:107AF0004300000000000000000000000000000043
:107B00000000000000000000000000000000000075
:107B10004300000000000000000000000000000022
:107B20000000000000000000000000000000000055
:107B30004300000000000000000000000000000002
:107B40000000000000000000000000000000000035
:107B500043000000000000000000000000000000E2
:107B60000000000000000000000000000000000015
:107B700043000000000000000000000000000000C2
:107B800000000000000000000000000000000000F5
:107B900043000000000000000000000000000000A2
:107BA00000000000000000000000000000000000D5
:107BB000D0DD204000000000A0182140000000009F
:107BC0000000000000000000F065214000000000FF
:107BD000385C214000000000A05821400000000057
:107BE000A058214000000000A058214000000000E3
:107BF000A058214000000000A058214000000000D3
:107C0000A058214000000000A058214000000000C2
:107C1000A058214000000000A058214000000000B2
:107C2000FFFFFFFFFFFFFFFFFFFFFFFFFFFF000062
:107C300001004153434949000000000000000000DA
:107C40000000000000000000000000000000000034
:107C500000004153434949000000000000000000BB
:107C60000000000000000000000000000000000014
:107C70000000000000000000807C214000000000A7
:107C80000000000000000000B0FE214000000000E5
:107C900068FF21400000000020002240000000009A
:107CA00000000000000000000000000000000000D4
:107CB00000000000000000000000000000000000C4
:107CC00000000000000000000000000000000000B4
:107CD00000000000000000000000000000000000A4
:107CE0000000000000000000000000000000000094
:107CF0000000000000000000000000000000000084
:107D00000000000000000000000000000000000073
:107D10000000000000000000000000000000000063
:107D20000000000000000000000000000000000053
:107D30000000000000000000000000000000000043
:107D40000000000000000000000000000000000033
:107D500001000000000000000E33CDAB34126DE6D0
:107D6000ECDE05000B000000000000000000000039
:107D70000000000000000000000000000000000003
:107D800000000000000000000000000000000000F3
:107D900000000000000000000000000000000000E3
:107DA00000000000000000000000000000000000D3
:107DB00000000000000000000000000000000000C3
:107DC00000000000000000000000000000000000B3
:107DD00000000000000000000000000000000000A3
:107DE0000300000000000000B0FE21400000000081
:107DF000007B204000000000007B204000000000CD
:107E0000007B204000000000007B204000000000BC
:107E1000007B204000000000007B204000000000AC
:107E2000007B204000000000007B2040000000009C
:107E3000007B204000000000007B2040000000008C
:107E4000007B204000000000007B2040000000007C
:107E5000007B204000000000007B2040000000006C
:107E6000007B204000000000007B2040000000005C
:107E7000007B204000000000007B2040000000004C
:107E8000007B204000000000007B2040000000003C
:107E9000007B204000000000007B2040000000002C
:107EA000007B204000000000007B2040000000001C
:107EB000007B204000000000007B2040000000000C
:107EC000007B204000000000007B204000000000FC
:107ED000007B204000000000007B204000000000EC
:107EE000007B204000000000007B204000000000DC
:107EF000007B204000000000007B204000000000CC
:107F0000007B204000000000007B204000000000BB
:107F1000007B204000000000007B204000000000AB
:107F2000007B204000000000007B2040000000009B
:107F3000007B204000000000007B2040000000008B
:107F4000007B204000000000007B2040000000007B
:107F5000007B204000000000007B2040000000006B
:107F6000007B204000000000007B2040000000005B
:107F7000007B204000000000007B2040000000004B
:107F8000007B204000000000007B2040000000003B
:107F9000007B204000000000007B2040000000002B
:107FA000007B204000000000007B2040000000001B
:107FB000007B204000000000007B2040000000000B
:107FC000007B204000000000007B204000000000FB
:107FD000007B204000000000007B204000000000EB
:107FE000007B204000000000007B204000000000DB
:107FF000007B204000000000007B204000000000CB
:10800000007B204000000000007B204000000000BA
:10801000007B204000000000007B204000000000AA
:10802000007B204000000000007B2040000000009A
:10803000007B204000000000007B2040000000008A
:10804000007B204000000000007B2040000000007A
:10805000007B204000000000007B2040000000006A
:10806000B06B204000000000B06B2040000000001A
:10807000007B204000000000007B2040000000004A
:10808000007B204000000000007B2040000000003A
:10809000007B204000000000007B2040000000002A
:1080A000007B204000000000007B2040000000001A
:1080B000007B204000000000007B2040000000000A
:1080C000007B204000000000007B204000000000FA
:1080D000007B204000000000007B204000000000EA
:1080E000007B204000000000007B204000000000DA
:1080F000007B204000000000007B204000000000CA
:10810000007B204000000000007B204000000000B9
:10811000007B204000000000007B204000000000A9
:10812000007B204000000000007B20400000000099
:10813000007B204000000000007B20400000000089
:10814000007B204000000000007B20400000000079
:10815000007B204000000000007B20400000000069
:10816000007B204000000000007B20400000000059
:10817000007B204000000000007B20400000000049
:10818000007B204000000000007B20400000000039
:10819000007B204000000000007B20400000000029
:1081A000007B204000000000007B20400000000019
:1081B000007B204000000000007B20400000000009
:1081C000007B204000000000007B204000000000F9
:1081D000007B204000000000007B204000000000E9
:1081E000007B204000000000007B204000000000D9
:1081F000007B204000000000007B204000000000C9
:10820000007B204000000000007B204000000000B8
:10821000007B204000000000007B204000000000A8
:10822000007B204000000000007B20400000000098
:10823000007B204000000000007B20400000000088
:10824000007B204000000000007B20400000000078
:10825000007B204000000000007B20400000000068
:10826000007B204000000000007B20400000000058
:10827000007B204000000000007B20400000000048
:10828000007B204000000000007B20400000000038
:10829000007B204000000000007B20400000000028
:1082A000007B204000000000007B20400000000018
:1082B000007B204000000000007B20400000000008
:1082C000007B204000000000007B204000000000F8
:1082D000007B204000000000007B204000000000E8
:1082E000007B204000000000007B204000000000D8
:1082F000007B204000000000007B204000000000C8
:10830000007B204000000000007B204000000000B7
:10831000007B204000000000007B204000000000A7
:10832000007B204000000000007B20400000000097
:10833000007B204000000000007B20400000000087
:10834000007B204000000000007B20400000000077
:10835000007B204000000000007B20400000000067
:10836000007B204000000000007B20400000000057
:10837000007B204000000000007B20400000000047
:10838000007B204000000000007B20400000000037
:10839000007B204000000000007B20400000000027
:1083A000007B204000000000007B20400000000017
:1083B000007B204000000000007B20400000000007
:1083C000007B204000000000007B204000000000F7
:1083D000007B204000000000007B204000000000E7
:1083E000007B204000000000007B204000000000D7
:1083F000007B204000000000007B204000000000C7
:10840000007B204000000000007B204000000000B6
:10841000007B204000000000007B204000000000A6
:10842000007B204000000000007B20400000000096
:10843000007B204000000000007B20400000000086
:10844000007B204000000000007B20400000000076
:10845000007B204000000000007B20400000000066
:10846000007B204000000000007B20400000000056
:10847000007B204000000000007B20400000000046
:10848000007B204000000000007B20400000000036
:10849000007B204000000000007B20400000000026
:1084A000007B204000000000007B20400000000016
:1084B000007B204000000000007B20400000000006
:1084C000007B204000000000007B204000000000F6
:1084D000007B204000000000007B204000000000E6
:1084E000007B204000000000007B204000000000D6
:1084F000007B204000000000007B204000000000C6
:10850000007B204000000000007B204000000000B5
:10851000007B204000000000007B204000000000A5
:10852000007B204000000000007B20400000000095
:10853000007B204000000000007B20400000000085
:10854000007B204000000000007B20400000000075
:10855000007B204000000000007B20400000000065
:10856000007B204000000000007B20400000000055
:10857000007B204000000000007B20400000000045
:10858000007B204000000000007B20400000000035
:10859000007B204000000000007B20400000000025
:1085A000007B204000000000007B20400000000015
:1085B000007B204000000000007B20400000000005
:1085C000007B204000000000007B204000000000F5
:1085D000007B204000000000007B204000000000E5
:1085E000007B204000000000007B204000000000D5
:1085F000007B204000000000007B204000000000C5
:10860000007B204000000000007B204000000000B4
:10861000007B204000000000007B204000000000A4
:10862000007B204000000000007B20400000000094
:10863000007B204000000000007B20400000000084
:10864000007B204000000000007B20400000000074
:10865000007B204000000000007B20400000000064
:10866000007B204000000000007B20400000000054
:10867000007B204000000000007B20400000000044
:10868000007B204000000000007B20400000000034
:10869000007B204000000000007B20400000000024
:1086A000007B204000000000007B20400000000014
:1086B000007B204000000000007B20400000000004
:1086C000007B204000000000007B204000000000F4
:1086D000007B204000000000007B204000000000E4
:1086E000007B204000000000007B204000000000D4
:1086F000007B204000000000007B204000000000C4
:10870000007B204000000000007B204000000000B3
:10871000007B204000000000007B204000000000A3
:10872000007B204000000000007B20400000000093
:10873000007B204000000000007B20400000000083
:10874000007B204000000000007B20400000000073
:10875000007B204000000000007B20400000000063
:10876000007B204000000000007B20400000000053
:10877000007B204000000000007B20400000000043
:10878000007B204000000000007B20400000000033
:10879000007B204000000000007B20400000000023
:1087A000007B204000000000007B20400000000013
:1087B000007B204000000000007B20400000000003
:1087C000007B204000000000007B204000000000F3
:1087D000007B204000000000007B204000000000E3
:1087E000007B204000000000007B204000000000D3
:1087F000007B204000000000007B204000000000C3
:10880000007B204000000000007B204000000000B2
:10881000007B204000000000007B204000000000A2
:10882000007B204000000000007B20400000000092
:10883000007B204000000000007B20400000000082
:10884000007B204000000000007B20400000000072
:10885000007B204000000000007B20400000000062
:10886000007B204000000000007B20400000000052
:10887000007B204000000000007B20400000000042
:10888000007B204000000000007B20400000000032
:10889000007B204000000000007B20400000000022
:1088A000007B204000000000007B20400000000012
:1088B000007B204000000000007B20400000000002
:1088C000007B204000000000007B204000000000F2
:1088D000007B204000000000007B204000000000E2
:1088E000007B204000000000007B204000000000D2
:1088F000007B204000000000007B204000000000C2
:10890000007B204000000000007B204000000000B1
:10891000007B204000000000007B204000000000A1
:10892000007B204000000000007B20400000000091
:10893000007B204000000000007B20400000000081
:10894000007B204000000000007B20400000000071
:10895000007B204000000000007B20400000000061
:10896000007B204000000000007B20400000000051
:10897000007B204000000000007B20400000000041
:10898000007B204000000000007B20400000000031
:10899000007B204000000000007B20400000000021
:1089A000007B204000000000007B20400000000011
:1089B000007B204000000000007B20400000000001
:1089C000007B204000000000007B204000000000F1
:1089D000007B204000000000007B204000000000E1
:1089E000007B204000000000007B204000000000D1
:1089F000007B204000000000007B204000000000C1
:108A0000007B204000000000007B204000000000B0
:108A1000007B204000000000007B204000000000A0
:108A2000007B204000000000007B20400000000090
:108A3000007B204000000000007B20400000000080
:108A4000007B204000000000007B20400000000070
:108A5000007B204000000000007B20400000000060
:108A6000007B204000000000007B20400000000050
:108A7000007B204000000000007B20400000000040
:108A8000007B204000000000007B20400000000030
:108A9000007B204000000000007B20400000000020
:108AA000007B204000000000007B20400000000010
:108AB000007B204000000000007B20400000000000
:108AC000007B204000000000007B204000000000F0
:108AD000505B204000000000905B20400000000040
:108AE000605A204000000000705920400000000043
:108AF000B05A204000000000007B20400000000031
:108B0000007B204000000000007B204000000000AF
:108B1000007B204000000000007B2040000000009F
:108B2000007B204000000000007B2040000000008F
:108B3000007B204000000000007B2040000000007F
:108B4000007B204000000000007B2040000000006F
:108B5000007B204000000000007B2040000000005F
:108B6000007B204000000000007B2040000000004F
:108B7000007B204000000000007B2040000000003F
:108B8000007B204000000000007B2040000000002F
:108B9000007B204000000000007B2040000000001F
:108BA000007B204000000000007B2040000000000F
:108BB000007B204000000000007B204000000000FF
:108BC000007B204000000000007B204000000000EF
:108BD000007B204000000000007B204000000000DF
:108BE000007B204000000000007B204000000000CF
:108BF000007B204000000000007B204000000000BF
:108C0000007B204000000000007B204000000000AE
:108C1000007B204000000000007B2040000000009E
:108C2000007B204000000000007B2040000000008E
:108C3000007B204000000000007B2040000000007E
:108C4000007B204000000000007B2040000000006E
:108C5000007B204000000000007B2040000000005E
:108C6000007B204000000000007B2040000000004E
:108C7000007B204000000000007B2040000000003E
:108C8000007B204000000000007B2040000000002E
:108C9000007B204000000000007B2040000000001E
:108CA000007B204000000000007B2040000000000E
:108CB000007B204000000000007B204000000000FE
:108CC000007B204000000000007B204000000000EE
:108CD000007B204000000000007B204000000000DE
:108CE000007B204000000000007B204000000000CE
:108CF000007B204000000000007B204000000000BE
:108D0000007B204000000000007B204000000000AD
:108D1000007B204000000000007B2040000000009D
:108D2000007B204000000000007B2040000000008D
:108D3000007B204000000000007B2040000000007D
:108D4000007B204000000000007B2040000000006D
:108D5000007B204000000000007B2040000000005D
:108D6000007B204000000000007B2040000000004D
:108D7000007B204000000000007B2040000000003D
:108D8000007B204000000000007B2040000000002D
:108D9000007B204000000000007B2040000000001D
:108DA000007B204000000000007B2040000000000D
:108DB000007B204000000000007B204000000000FD
:108DC000007B204000000000007B204000000000ED
:108DD000007B204000000000007B204000000000DD
:108DE000007B204000000000007B204000000000CD
:108DF0000000000000000000000000000000000073
:108E00000000000000000000000000000000000062
:108E10000000000000000000000000000000000052
:108E20000000000000000000000000000000000042
:108E30000000000000000000000000000000000032
:108E40000000000000000000000000000000000022
:108E50000000000000000000000000000000000012
:108E60000000000000000000000000000000000002
:108E700000000000000000000000000000000000F2
:108E800000000000000000000000000000000000E2
:108E900000000000000000000000000000000000D2
:108EA00000000000000000000000000000000000C2
:108EB00000000000000000000000000000000000B2
:108EC00000000000000000000000000000000000A2
:108ED0000000000000000000000000000000000092
:108EE0000000000000000000000000000000000082
:108EF0000000000000000000000000000000000072
:108F00000000000000000000000000000000000061
:108F10000000000000000000000000000000000051
:108F20000000000000000000000000000000000041
:108F30000000000000000000000000000000000031
:108F40000000000000000000000000000000000021
:108F50000000000000000000000000000000000011
:108F60000000000000000000000000000000000001
:108F700000000000000000000000000000000000F1
:108F800000000000000000000000000000000000E1
:108F900000000000000000000000000000000000D1
:108FA00000000000000000000000000000000000C1
:108FB00000000000000000000000000000000000B1
:108FC00000000000000000000000000000000000A1
:108FD0000000000000000000000000000000000091
:108FE0000000000000000000000000000000000081
:108FF0000000000000000000000000000000000071
:109000000000000000000000000000000000000060
:109010000000000000000000000000000000000050
:109020000000000000000000000000000000000040
:109030000000000000000000000000000000000030
:109040000000000000000000000000000000000020
:109050000000000000000000000000000000000010
:109060000000000000000000000000000000000000
:1090700000000000000000000000000000000000F0
:1090800000000000000000000000000000000000E0
:1090900000000000000000000000000000000000D0
:1090A00000000000000000000000000000000000C0
:1090B00000000000000000000000000000000000B0
:1090C00000000000000000000000000000000000A0
:1090D0000000000000000000000000000000000090
:1090E0000000000000000000000000000000000080
:1090F0000000000000000000000000000000000070
:10910000000000000000000000000000000000005F
:10911000000000000000000000000000000000004F
:10912000000000000000000000000000000000003F
:10913000000000000000000000000000000000002F
:10914000000000000000000000000000000000001F
:10915000000000000000000000000000000000000F
:1091600000000000000000000000000000000000FF
:1091700000000000000000000000000000000000EF
:1091800000000000000000000000000000000000DF
:1091900000000000000000000000000000000000CF
:1091A00000000000000000000000000000000000BF
:1091B00000000000000000000000000000000000AF
:1091C000000000000000000000000000000000009F
:1091D000000000000000000000000000000000008F
:1091E000000000000000000000000000000000007F
:1091F000000000000000000000000000000000006F
:10920000000000000000000000000000000000005E
:10921000000000000000000000000000000000004E
:10922000000000000000000000000000000000003E
:10923000000000000000000000000000000000002E
:10924000000000000000000000000000000000001E
:10925000000000000000000000000000000000000E
:1092600000000000000000000000000000000000FE
:1092700000000000000000000000000000000000EE
:1092800000000000000000000000000000000000DE
:1092900000000000000000000000000000000000CE
:1092A00000000000000000000000000000000000BE
:1092B00000000000000000000000000000000000AE
:1092C000000000000000000000000000000000009E
:1092D000000000000000000000000000000000008E
:1092E000000000000000000000000000000000007E
:1092F000000000000000000000000000000000006E
:10930000000000000000000000000000000000005D
:10931000000000000000000000000000000000004D
:10932000000000000000000000000000000000003D
:10933000000000000000000000000000000000002D
:10934000000000000000000000000000000000001D
:10935000000000000000000000000000000000000D
:1093600000000000000000000000000000000000FD
:1093700000000000000000000000000000000000ED
:1093800000000000000000000000000000000000DD
:1093900000000000000000000000000000000000CD
:1093A00000000000000000000000000000000000BD
:1093B00000000000000000000000000000000000AD
:1093C000000000000000000000000000000000009D
:1093D000000000000000000000000000000000008D
:1093E000000000000000000000000000000000007D
:1093F000000000000000000000000000000000006D
:10940000000000000000000000000000000000005C
:10941000000000000000000000000000000000004C
:10942000000000000000000000000000000000003C
:10943000000000000000000000000000000000002C
:10944000000000000000000000000000000000001C
:10945000000000000000000000000000000000000C
:1094600000000000000000000000000000000000FC
:1094700000000000000000000000000000000000EC
:1094800000000000000000000000000000000000DC
:1094900000000000000000000000000000000000CC
:1094A00000000000000000000000000000000000BC
:1094B00000000000000000000000000000000000AC
:1094C000000000000000000000000000000000009C
:1094D000000000000000000000000000000000008C
:1094E000000000000000000000000000000000007C
:1094F000000000000000000000000000000000006C
:10950000000000000000000000000000000000005B
:10951000000000000000000000000000000000004B
:10952000000000000000000000000000000000003B
:10953000000000000000000000000000000000002B
:10954000000000000000000000000000000000001B
:10955000000000000000000000000000000000000B
:1095600000000000000000000000000000000000FB
:1095700000000000000000000000000000000000EB
:1095800000000000000000000000000000000000DB
:1095900000000000000000000000000000000000CB
:1095A00000000000000000000000000000000000BB
:1095B00000000000000000000000000000000000AB
:1095C000000000000000000000000000000000009B
:1095D000000000000000000000000000000000008B
:1095E000000000000000000000000000000000007B
:040000054020000097
:00000001FF
